Sample,Read ID,Core Length,Total CAG,CAG In-Frame,CAG Out-Frame,% In-Frame,% Out-Frame,Events,Frameshift Events,Final Frame,Downstream In-Frame,Downstream Offset
H1,m84137_260214_004236_s1/162267981/ccs,134,37,8,29,21.62162162162162,78.37837837837837,3,3,2,False,2
H1,m84137_260214_004236_s1/95225004/ccs,132,35,22,13,62.857142857142854,37.142857142857146,2,2,0,True,0
H1,m84137_260214_004236_s1/69670462/ccs,134,41,5,36,12.195121951219512,87.8048780487805,3,3,2,False,2
H1,m84137_260214_004236_s1/93131077/ccs,514,118,24,94,20.33898305084746,79.66101694915254,24,22,1,False,1
H1,m84137_260214_004236_s1/83038465/ccs,141,38,21,17,55.26315789473685,44.73684210526316,5,4,0,True,0
H1,m84137_260214_004236_s1/38208760/ccs,126,33,8,25,24.242424242424242,75.75757575757575,3,3,0,True,0
H1,m84137_260214_004236_s1/86840975/ccs,134,25,19,6,76.0,24.0,2,2,0,True,0
H1,m84137_260214_004236_s1/18155229/ccs,114,30,9,21,30.0,70.0,0,0,0,True,0
H1,m84137_260214_004236_s1/103746222/ccs,135,37,31,6,83.78378378378379,16.216216216216218,6,4,0,True,0
H1,m84137_260214_004236_s1/234357145/ccs,117,27,19,8,70.37037037037037,29.629629629629626,1,1,0,True,0
H1,m84137_260214_004236_s1/247600646/ccs,127,32,10,22,31.25,68.75,5,5,1,False,1
H1,m84137_260214_004236_s1/198447940/ccs,131,43,34,9,79.06976744186046,20.930232558139537,1,1,2,False,2
H1,m84137_260214_004236_s1/28576275/ccs,150,50,50,0,100.0,0.0,0,0,0,True,0
H1,m84137_260214_004236_s1/256117830/ccs,138,31,22,9,70.96774193548387,29.03225806451613,4,4,0,True,0
H1,m84137_260214_004236_s1/109905298/ccs,138,30,13,17,43.333333333333336,56.666666666666664,3,3,0,True,0
H1,m84137_260214_004236_s1/227807918/ccs,134,31,4,27,12.903225806451612,87.09677419354838,7,5,2,False,2
H1,m84137_260214_004236_s1/105582282/ccs,226,45,5,40,11.11111111111111,88.88888888888889,9,7,1,False,1
H1,m84137_260214_004236_s1/259458396/ccs,220,43,17,26,39.53488372093023,60.46511627906976,11,9,1,False,1
H1,m84137_260214_004236_s1/107286205/ccs,145,37,29,8,78.37837837837837,21.62162162162162,3,2,1,False,1
H1,m84137_260214_004236_s1/111348476/ccs,134,35,16,19,45.714285714285715,54.285714285714285,1,1,2,False,2
H1,m84137_260214_004236_s1/124257026/ccs,135,45,45,0,100.0,0.0,0,0,0,True,0
H1,m84137_260214_004236_s1/182256607/ccs,121,40,11,29,27.500000000000004,72.5,1,1,1,False,1
H1,m84137_260214_004236_s1/191627508/ccs,127,41,3,38,7.317073170731707,92.6829268292683,1,1,1,False,1
H1,m84137_260214_004236_s1/96207896/ccs,126,42,42,0,100.0,0.0,0,0,0,True,0
H1,m84137_260214_004236_s1/31655549/ccs,135,45,45,0,100.0,0.0,0,0,0,True,0
H1,m84137_260214_004236_s1/166921949/ccs,135,45,45,0,100.0,0.0,0,0,0,True,0
H1,m84137_260214_004236_s1/123537945/ccs,136,45,24,21,53.333333333333336,46.666666666666664,1,1,1,False,1
H1,m84137_260214_004236_s1/64624544/ccs,165,55,55,0,100.0,0.0,0,0,0,True,0
H1,m84137_260214_004236_s1/236978756/ccs,143,39,5,34,12.82051282051282,87.17948717948718,11,11,2,False,2
H1,m84137_260214_004236_s1/85071146/ccs,128,32,12,20,37.5,62.5,5,5,2,False,2
H1,m84137_260214_004236_s1/166596147/ccs,137,38,13,25,34.21052631578947,65.78947368421053,5,5,2,False,2
H1,m84137_260214_004236_s1/118293766/ccs,121,31,5,26,16.129032258064516,83.87096774193549,4,3,1,False,1
H1,m84137_260214_004236_s1/40567950/ccs,222,33,23,10,69.6969696969697,30.303030303030305,5,2,0,True,0
H1,m84137_260214_004236_s1/28250082/ccs,129,43,43,0,100.0,0.0,0,0,0,True,0
H1,m84137_260214_004236_s1/177476285/ccs,129,43,43,0,100.0,0.0,0,0,0,True,0
H1,m84137_260214_004236_s1/59183988/ccs,135,45,45,0,100.0,0.0,0,0,0,True,0
H1,m84137_260214_004236_s1/263591227/ccs,138,39,35,4,89.74358974358975,10.256410256410255,1,1,0,True,0
H1,m84137_260214_004236_s1/165613471/ccs,145,45,10,35,22.22222222222222,77.77777777777779,0,0,1,False,1
H1,m84137_260214_004236_s1/18547753/ccs,141,30,17,13,56.666666666666664,43.333333333333336,8,7,0,True,0
H1,m84137_260214_004236_s1/128320429/ccs,133,30,23,7,76.66666666666667,23.333333333333332,4,3,1,False,1
H1,m84137_260214_004236_s1/66585042/ccs,140,31,18,13,58.06451612903226,41.935483870967744,5,4,0,True,0
H1,m84137_260214_004236_s1/51119989/ccs,139,33,3,30,9.090909090909092,90.9090909090909,5,5,1,False,1
H1,m84137_260214_004236_s1/45875392/ccs,136,31,18,13,58.06451612903226,41.935483870967744,4,4,2,False,2
H1,m84137_260214_004236_s1/228988176/ccs,133,21,12,9,57.14285714285714,42.857142857142854,4,4,1,False,1
H1,m84137_260214_004236_s1/26940418/ccs,128,27,8,19,29.629629629629626,70.37037037037037,3,2,2,False,2
H1,m84137_260214_004236_s1/163188232/ccs,150,28,17,11,60.71428571428571,39.285714285714285,3,3,0,True,0
H1,m84137_260214_004236_s1/174266215/ccs,138,27,12,15,44.44444444444444,55.55555555555556,1,1,0,True,0
H1,m84137_260214_004236_s1/10358159/ccs,130,31,19,12,61.29032258064516,38.70967741935484,4,4,1,False,1
H1,m84137_260214_004236_s1/30543021/ccs,136,40,26,14,65.0,35.0,3,3,1,False,1
H1,m84137_260214_004236_s1/220793943/ccs,131,11,4,7,36.36363636363637,63.63636363636363,1,1,2,False,2
H1,m84137_260214_004236_s1/209785784/ccs,199,42,10,32,23.809523809523807,76.19047619047619,8,6,1,False,1
H1,m84137_260214_004236_s1/47912489/ccs,157,45,21,24,46.666666666666664,53.333333333333336,4,4,1,False,1
H1,m84137_260214_004236_s1/62850644/ccs,121,36,12,24,33.33333333333333,66.66666666666666,2,2,1,False,1
H1,m84137_260214_004236_s1/186454614/ccs,111,37,37,0,100.0,0.0,0,0,0,True,0
H1,m84137_260214_004236_s1/137693253/ccs,111,37,37,0,100.0,0.0,0,0,0,True,0
H1,m84137_260214_004236_s1/52104799/ccs,120,40,40,0,100.0,0.0,0,0,0,True,0
H1,m84137_260214_004236_s1/175965561/ccs,119,39,13,26,33.33333333333333,66.66666666666666,1,1,2,False,2
H1,m84137_260214_004236_s1/146014906/ccs,132,44,44,0,100.0,0.0,0,0,0,True,0
H1,m84137_260214_004236_s1/155977499/ccs,120,40,40,0,100.0,0.0,0,0,0,True,0
H1,m84137_260214_004236_s1/184288848/ccs,122,38,21,17,55.26315789473685,44.73684210526316,0,0,2,False,2
H1,m84137_260214_004236_s1/136643493/ccs,123,41,41,0,100.0,0.0,0,0,0,True,0
H1,m84137_260214_004236_s1/263918396/ccs,122,37,5,32,13.513513513513514,86.48648648648648,1,1,2,False,2
H1,m84137_260214_004236_s1/175309057/ccs,123,41,41,0,100.0,0.0,0,0,0,True,0
H1,m84137_260214_004236_s1/182718345/ccs,125,33,5,28,15.151515151515152,84.84848484848484,1,1,2,False,2
H1,m84137_260214_004236_s1/91557831/ccs,125,39,27,12,69.23076923076923,30.76923076923077,0,0,2,False,2
H1,m84137_260214_004236_s1/180553028/ccs,126,42,42,0,100.0,0.0,0,0,0,True,0
H1,m84137_260214_004236_s1/254348396/ccs,126,42,42,0,100.0,0.0,0,0,0,True,0
H1,m84137_260214_004236_s1/112593208/ccs,126,42,42,0,100.0,0.0,0,0,0,True,0
H1,m84137_260214_004236_s1/197984369/ccs,126,42,42,0,100.0,0.0,0,0,0,True,0
H1,m84137_260214_004236_s1/251532441/ccs,126,42,42,0,100.0,0.0,0,0,0,True,0
H1,m84137_260214_004236_s1/30474472/ccs,126,42,42,0,100.0,0.0,0,0,0,True,0
H1,m84137_260214_004236_s1/36768335/ccs,126,42,42,0,100.0,0.0,0,0,0,True,0
H1,m84137_260214_004236_s1/253035345/ccs,126,42,42,0,100.0,0.0,0,0,0,True,0
H1,m84137_260214_004236_s1/254411387/ccs,126,42,42,0,100.0,0.0,0,0,0,True,0
H1,m84137_260214_004236_s1/128324941/ccs,126,42,42,0,100.0,0.0,0,0,0,True,0
H1,m84137_260214_004236_s1/82971476/ccs,126,42,42,0,100.0,0.0,0,0,0,True,0
H1,m84137_260214_004236_s1/200740447/ccs,126,42,42,0,100.0,0.0,0,0,0,True,0
H1,m84137_260214_004236_s1/69731813/ccs,126,42,42,0,100.0,0.0,0,0,0,True,0
H1,m84137_260214_004236_s1/250350614/ccs,123,41,41,0,100.0,0.0,0,0,0,True,0
H1,m84137_260214_004236_s1/117704475/ccs,128,39,27,12,69.23076923076923,30.76923076923077,3,3,2,False,2
H1,m84137_260214_004236_s1/24515463/ccs,123,41,41,0,100.0,0.0,0,0,0,True,0
H1,m84137_260214_004236_s1/35457686/ccs,129,43,43,0,100.0,0.0,0,0,0,True,0
H1,m84137_260214_004236_s1/163254329/ccs,129,43,43,0,100.0,0.0,0,0,0,True,0
H1,m84137_260214_004236_s1/98309898/ccs,129,43,43,0,100.0,0.0,0,0,0,True,0
H1,m84137_260214_004236_s1/32835890/ccs,129,43,43,0,100.0,0.0,0,0,0,True,0
H1,m84137_260214_004236_s1/78973501/ccs,129,43,43,0,100.0,0.0,0,0,0,True,0
H1,m84137_260214_004236_s1/63636349/ccs,129,43,43,0,100.0,0.0,0,0,0,True,0
H1,m84137_260214_004236_s1/48302450/ccs,129,43,43,0,100.0,0.0,0,0,0,True,0
H1,m84137_260214_004236_s1/189729667/ccs,129,43,43,0,100.0,0.0,0,0,0,True,0
H1,m84137_260214_004236_s1/105188080/ccs,129,43,43,0,100.0,0.0,0,0,0,True,0
H1,m84137_260214_004236_s1/154665122/ccs,129,43,43,0,100.0,0.0,0,0,0,True,0
H1,m84137_260214_004236_s1/225510124/ccs,129,43,43,0,100.0,0.0,0,0,0,True,0
H1,m84137_260214_004236_s1/80680288/ccs,129,43,43,0,100.0,0.0,0,0,0,True,0
H1,m84137_260214_004236_s1/163123464/ccs,129,43,43,0,100.0,0.0,0,0,0,True,0
H1,m84137_260214_004236_s1/216599389/ccs,129,43,43,0,100.0,0.0,0,0,0,True,0
H1,m84137_260214_004236_s1/224923129/ccs,129,43,43,0,100.0,0.0,0,0,0,True,0
H1,m84137_260214_004236_s1/205853150/ccs,129,43,43,0,100.0,0.0,0,0,0,True,0
H1,m84137_260214_004236_s1/252251904/ccs,129,43,43,0,100.0,0.0,0,0,0,True,0
H1,m84137_260214_004236_s1/234229998/ccs,129,43,43,0,100.0,0.0,0,0,0,True,0
H1,m84137_260214_004236_s1/232783975/ccs,129,43,43,0,100.0,0.0,0,0,0,True,0
H1,m84137_260214_004236_s1/147003199/ccs,129,43,43,0,100.0,0.0,0,0,0,True,0
H1,m84137_260214_004236_s1/262736952/ccs,129,43,43,0,100.0,0.0,0,0,0,True,0
H1,m84137_260214_004236_s1/9702322/ccs,129,43,43,0,100.0,0.0,0,0,0,True,0
H1,m84137_260214_004236_s1/169739002/ccs,129,43,43,0,100.0,0.0,0,0,0,True,0
H1,m84137_260214_004236_s1/59507579/ccs,129,43,43,0,100.0,0.0,0,0,0,True,0
H1,m84137_260214_004236_s1/154801305/ccs,129,43,43,0,100.0,0.0,0,0,0,True,0
H1,m84137_260214_004236_s1/144182633/ccs,129,43,43,0,100.0,0.0,0,0,0,True,0
H1,m84137_260214_004236_s1/186256886/ccs,129,43,43,0,100.0,0.0,0,0,0,True,0
H1,m84137_260214_004236_s1/87165700/ccs,129,43,43,0,100.0,0.0,0,0,0,True,0
H1,m84137_260214_004236_s1/88869636/ccs,137,37,20,17,54.054054054054056,45.94594594594595,0,0,2,False,2
H1,m84137_260214_004236_s1/248189588/ccs,129,43,43,0,100.0,0.0,0,0,0,True,0
H1,m84137_260214_004236_s1/190710677/ccs,129,43,43,0,100.0,0.0,0,0,0,True,0
H1,m84137_260214_004236_s1/230951802/ccs,129,43,43,0,100.0,0.0,0,0,0,True,0
H1,m84137_260214_004236_s1/156243753/ccs,129,43,43,0,100.0,0.0,0,0,0,True,0
H1,m84137_260214_004236_s1/93914567/ccs,129,43,43,0,100.0,0.0,0,0,0,True,0
H1,m84137_260214_004236_s1/207946704/ccs,129,43,43,0,100.0,0.0,0,0,0,True,0
H1,m84137_260214_004236_s1/95292667/ccs,129,43,43,0,100.0,0.0,0,0,0,True,0
H1,m84137_260214_004236_s1/31197751/ccs,129,43,43,0,100.0,0.0,0,0,0,True,0
H1,m84137_260214_004236_s1/158402119/ccs,129,43,43,0,100.0,0.0,0,0,0,True,0
H1,m84137_260214_004236_s1/171968358/ccs,129,43,43,0,100.0,0.0,0,0,0,True,0
H1,m84137_260214_004236_s1/232786481/ccs,129,43,43,0,100.0,0.0,0,0,0,True,0
H1,m84137_260214_004236_s1/108728536/ccs,129,43,43,0,100.0,0.0,0,0,0,True,0
H1,m84137_260214_004236_s1/133895988/ccs,129,43,43,0,100.0,0.0,0,0,0,True,0
H1,m84137_260214_004236_s1/160633913/ccs,129,43,43,0,100.0,0.0,0,0,0,True,0
H1,m84137_260214_004236_s1/125703149/ccs,129,43,43,0,100.0,0.0,0,0,0,True,0
H1,m84137_260214_004236_s1/83564162/ccs,129,43,43,0,100.0,0.0,0,0,0,True,0
H1,m84137_260214_004236_s1/109903953/ccs,129,43,43,0,100.0,0.0,0,0,0,True,0
H1,m84137_260214_004236_s1/131400173/ccs,129,43,43,0,100.0,0.0,0,0,0,True,0
H1,m84137_260214_004236_s1/114492855/ccs,129,43,43,0,100.0,0.0,0,0,0,True,0
H1,m84137_260214_004236_s1/9112820/ccs,129,43,43,0,100.0,0.0,0,0,0,True,0
H1,m84137_260214_004236_s1/155193049/ccs,129,43,43,0,100.0,0.0,0,0,0,True,0
H1,m84137_260214_004236_s1/224663430/ccs,129,43,43,0,100.0,0.0,0,0,0,True,0
H1,m84137_260214_004236_s1/80153931/ccs,130,43,31,12,72.09302325581395,27.906976744186046,1,1,1,False,1
H1,m84137_260214_004236_s1/160303238/ccs,131,43,41,2,95.34883720930233,4.651162790697675,1,1,2,False,2
H1,m84137_260214_004236_s1/132252623/ccs,131,37,9,28,24.324324324324326,75.67567567567568,2,2,0,True,0
H1,m84137_260214_004236_s1/176032352/ccs,131,43,9,34,20.930232558139537,79.06976744186046,1,1,2,False,2
H1,m84137_260214_004236_s1/114102493/ccs,131,41,21,20,51.21951219512195,48.78048780487805,0,0,2,False,2
H1,m84137_260214_004236_s1/239666375/ccs,131,41,25,16,60.97560975609756,39.02439024390244,0,0,2,False,2
H1,m84137_260214_004236_s1/174197092/ccs,132,44,44,0,100.0,0.0,0,0,0,True,0
H1,m84137_260214_004236_s1/203359391/ccs,132,44,44,0,100.0,0.0,0,0,0,True,0
H1,m84137_260214_004236_s1/184419220/ccs,132,44,44,0,100.0,0.0,0,0,0,True,0
H1,m84137_260214_004236_s1/161547740/ccs,132,43,14,29,32.55813953488372,67.44186046511628,2,2,0,True,0
H1,m84137_260214_004236_s1/130483882/ccs,139,41,29,12,70.73170731707317,29.268292682926827,1,0,1,False,1
H1,m84137_260214_004236_s1/7342248/ccs,132,44,44,0,100.0,0.0,0,0,0,True,0
H1,m84137_260214_004236_s1/18285339/ccs,132,44,44,0,100.0,0.0,0,0,0,True,0
H1,m84137_260214_004236_s1/4522630/ccs,132,44,44,0,100.0,0.0,0,0,0,True,0
H1,m84137_260214_004236_s1/31064881/ccs,132,44,44,0,100.0,0.0,0,0,0,True,0
H1,m84137_260214_004236_s1/15008411/ccs,132,44,44,0,100.0,0.0,0,0,0,True,0
H1,m84137_260214_004236_s1/52168401/ccs,132,44,44,0,100.0,0.0,0,0,0,True,0
H1,m84137_260214_004236_s1/217186472/ccs,132,44,44,0,100.0,0.0,0,0,0,True,0
H1,m84137_260214_004236_s1/256247212/ccs,132,44,44,0,100.0,0.0,0,0,0,True,0
H1,m84137_260214_004236_s1/7475840/ccs,132,44,44,0,100.0,0.0,0,0,0,True,0
H1,m84137_260214_004236_s1/25694180/ccs,132,44,44,0,100.0,0.0,0,0,0,True,0
H1,m84137_260214_004236_s1/130815131/ccs,132,44,44,0,100.0,0.0,0,0,0,True,0
H1,m84137_260214_004236_s1/172036631/ccs,132,38,31,7,81.57894736842105,18.421052631578945,0,0,0,True,0
H1,m84137_260214_004236_s1/11010869/ccs,132,44,44,0,100.0,0.0,0,0,0,True,0
H1,m84137_260214_004236_s1/106365791/ccs,132,44,44,0,100.0,0.0,0,0,0,True,0
H1,m84137_260214_004236_s1/9310615/ccs,135,45,45,0,100.0,0.0,0,0,0,True,0
H1,m84137_260214_004236_s1/79497926/ccs,132,44,44,0,100.0,0.0,0,0,0,True,0
H1,m84137_260214_004236_s1/123275745/ccs,132,44,44,0,100.0,0.0,0,0,0,True,0
H1,m84137_260214_004236_s1/108790730/ccs,132,44,44,0,100.0,0.0,0,0,0,True,0
H1,m84137_260214_004236_s1/121045357/ccs,132,44,44,0,100.0,0.0,0,0,0,True,0
H1,m84137_260214_004236_s1/60163935/ccs,132,44,44,0,100.0,0.0,0,0,0,True,0
H1,m84137_260214_004236_s1/46729114/ccs,132,44,44,0,100.0,0.0,0,0,0,True,0
H1,m84137_260214_004236_s1/38274924/ccs,132,44,44,0,100.0,0.0,0,0,0,True,0
H1,m84137_260214_004236_s1/64947794/ccs,132,44,44,0,100.0,0.0,0,0,0,True,0
H1,m84137_260214_004236_s1/164432081/ccs,132,44,44,0,100.0,0.0,0,0,0,True,0
H1,m84137_260214_004236_s1/148439768/ccs,132,44,44,0,100.0,0.0,0,0,0,True,0
H1,m84137_260214_004236_s1/186910657/ccs,132,44,44,0,100.0,0.0,0,0,0,True,0
H1,m84137_260214_004236_s1/189989302/ccs,132,44,44,0,100.0,0.0,0,0,0,True,0
H1,m84137_260214_004236_s1/172755422/ccs,132,44,44,0,100.0,0.0,0,0,0,True,0
H1,m84137_260214_004236_s1/172818548/ccs,132,44,44,0,100.0,0.0,0,0,0,True,0
H1,m84137_260214_004236_s1/152962428/ccs,132,44,44,0,100.0,0.0,0,0,0,True,0
H1,m84137_260214_004236_s1/115607861/ccs,132,44,44,0,100.0,0.0,0,0,0,True,0
H1,m84137_260214_004236_s1/158075193/ccs,132,44,44,0,100.0,0.0,0,0,0,True,0
H1,m84137_260214_004236_s1/51909219/ccs,132,44,44,0,100.0,0.0,0,0,0,True,0
H1,m84137_260214_004236_s1/13112080/ccs,132,44,44,0,100.0,0.0,0,0,0,True,0
H1,m84137_260214_004236_s1/39851510/ccs,132,44,44,0,100.0,0.0,0,0,0,True,0
H1,m84137_260214_004236_s1/14422579/ccs,132,44,44,0,100.0,0.0,0,0,0,True,0
H1,m84137_260214_004236_s1/46141221/ccs,132,44,44,0,100.0,0.0,0,0,0,True,0
H1,m84137_260214_004236_s1/66653640/ccs,132,44,44,0,100.0,0.0,0,0,0,True,0
H1,m84137_260214_004236_s1/194184660/ccs,132,44,44,0,100.0,0.0,0,0,0,True,0
H1,m84137_260214_004236_s1/219742852/ccs,132,44,44,0,100.0,0.0,0,0,0,True,0
H1,m84137_260214_004236_s1/208013495/ccs,132,44,44,0,100.0,0.0,0,0,0,True,0
H1,m84137_260214_004236_s1/224199709/ccs,132,44,44,0,100.0,0.0,0,0,0,True,0
H1,m84137_260214_004236_s1/222300391/ccs,132,44,44,0,100.0,0.0,0,0,0,True,0
H1,m84137_260214_004236_s1/184353213/ccs,132,44,44,0,100.0,0.0,0,0,0,True,0
H1,m84137_260214_004236_s1/118363276/ccs,132,44,44,0,100.0,0.0,0,0,0,True,0
H1,m84137_260214_004236_s1/100471374/ccs,132,44,44,0,100.0,0.0,0,0,0,True,0
H1,m84137_260214_004236_s1/81072207/ccs,132,44,44,0,100.0,0.0,0,0,0,True,0
H1,m84137_260214_004236_s1/108269654/ccs,132,44,44,0,100.0,0.0,0,0,0,True,0
H1,m84137_260214_004236_s1/151850272/ccs,132,44,44,0,100.0,0.0,0,0,0,True,0
H1,m84137_260214_004236_s1/142940077/ccs,132,44,44,0,100.0,0.0,0,0,0,True,0
H1,m84137_260214_004236_s1/166269950/ccs,132,44,44,0,100.0,0.0,0,0,0,True,0
H1,m84137_260214_004236_s1/188027035/ccs,132,44,44,0,100.0,0.0,0,0,0,True,0
H1,m84137_260214_004236_s1/84808456/ccs,138,46,46,0,100.0,0.0,0,0,0,True,0
H1,m84137_260214_004236_s1/107483187/ccs,132,41,22,19,53.65853658536586,46.34146341463415,1,1,0,True,0
H1,m84137_260214_004236_s1/193204969/ccs,132,44,44,0,100.0,0.0,0,0,0,True,0
H1,m84137_260214_004236_s1/172496381/ccs,132,44,44,0,100.0,0.0,0,0,0,True,0
H1,m84137_260214_004236_s1/113705472/ccs,132,44,44,0,100.0,0.0,0,0,0,True,0
H1,m84137_260214_004236_s1/193923899/ccs,132,44,44,0,100.0,0.0,0,0,0,True,0
H1,m84137_260214_004236_s1/234553620/ccs,132,44,44,0,100.0,0.0,0,0,0,True,0
H1,m84137_260214_004236_s1/258408654/ccs,132,44,44,0,100.0,0.0,0,0,0,True,0
H1,m84137_260214_004236_s1/212538218/ccs,132,44,44,0,100.0,0.0,0,0,0,True,0
H1,m84137_260214_004236_s1/215029581/ccs,132,44,44,0,100.0,0.0,0,0,0,True,0
H1,m84137_260214_004236_s1/215682376/ccs,132,44,44,0,100.0,0.0,0,0,0,True,0
H1,m84137_260214_004236_s1/37160389/ccs,132,44,44,0,100.0,0.0,0,0,0,True,0
H1,m84137_260214_004236_s1/140186191/ccs,132,44,44,0,100.0,0.0,0,0,0,True,0
H1,m84137_260214_004236_s1/38798205/ccs,132,44,44,0,100.0,0.0,0,0,0,True,0
H1,m84137_260214_004236_s1/213582072/ccs,132,44,44,0,100.0,0.0,0,0,0,True,0
H1,m84137_260214_004236_s1/231343865/ccs,132,44,44,0,100.0,0.0,0,0,0,True,0
H1,m84137_260214_004236_s1/240584796/ccs,132,44,44,0,100.0,0.0,0,0,0,True,0
H1,m84137_260214_004236_s1/257754166/ccs,132,44,44,0,100.0,0.0,0,0,0,True,0
H1,m84137_260214_004236_s1/236455814/ccs,132,44,44,0,100.0,0.0,0,0,0,True,0
H1,m84137_260214_004236_s1/258411430/ccs,132,44,44,0,100.0,0.0,0,0,0,True,0
H1,m84137_260214_004236_s1/130944174/ccs,132,44,44,0,100.0,0.0,0,0,0,True,0
H1,m84137_260214_004236_s1/12256451/ccs,132,44,44,0,100.0,0.0,0,0,0,True,0
H1,m84137_260214_004236_s1/15207405/ccs,132,44,44,0,100.0,0.0,0,0,0,True,0
H1,m84137_260214_004236_s1/159450999/ccs,132,44,44,0,100.0,0.0,0,0,0,True,0
H1,m84137_260214_004236_s1/146081838/ccs,132,44,44,0,100.0,0.0,0,0,0,True,0
H1,m84137_260214_004236_s1/164431493/ccs,132,44,44,0,100.0,0.0,0,0,0,True,0
H1,m84137_260214_004236_s1/161023320/ccs,132,44,44,0,100.0,0.0,0,0,0,True,0
H1,m84137_260214_004236_s1/148570395/ccs,132,44,44,0,100.0,0.0,0,0,0,True,0
H1,m84137_260214_004236_s1/150276490/ccs,132,44,44,0,100.0,0.0,0,0,0,True,0
H1,m84137_260214_004236_s1/192351228/ccs,132,44,44,0,100.0,0.0,0,0,0,True,0
H1,m84137_260214_004236_s1/57279995/ccs,132,44,44,0,100.0,0.0,0,0,0,True,0
H1,m84137_260214_004236_s1/39913671/ccs,132,44,44,0,100.0,0.0,0,0,0,True,0
H1,m84137_260214_004236_s1/37224535/ccs,132,44,44,0,100.0,0.0,0,0,0,True,0
H1,m84137_260214_004236_s1/53543548/ccs,132,44,44,0,100.0,0.0,0,0,0,True,0
H1,m84137_260214_004236_s1/64686239/ccs,132,44,44,0,100.0,0.0,0,0,0,True,0
H1,m84137_260214_004236_s1/65668822/ccs,132,44,44,0,100.0,0.0,0,0,0,True,0
H1,m84137_260214_004236_s1/108725314/ccs,132,44,44,0,100.0,0.0,0,0,0,True,0
H1,m84137_260214_004236_s1/121897199/ccs,132,44,44,0,100.0,0.0,0,0,0,True,0
H1,m84137_260214_004236_s1/157156628/ccs,132,44,44,0,100.0,0.0,0,0,0,True,0
H1,m84137_260214_004236_s1/137366045/ccs,132,44,44,0,100.0,0.0,0,0,0,True,0
H1,m84137_260214_004236_s1/137560590/ccs,132,44,44,0,100.0,0.0,0,0,0,True,0
H1,m84137_260214_004236_s1/42012193/ccs,132,44,44,0,100.0,0.0,0,0,0,True,0
H1,m84137_260214_004236_s1/59379440/ccs,132,44,44,0,100.0,0.0,0,0,0,True,0
H1,m84137_260214_004236_s1/44963252/ccs,132,44,44,0,100.0,0.0,0,0,0,True,0
H1,m84137_260214_004236_s1/45552009/ccs,135,45,45,0,100.0,0.0,0,0,0,True,0
H1,m84137_260214_004236_s1/71963575/ccs,132,44,44,0,100.0,0.0,0,0,0,True,0
H1,m84137_260214_004236_s1/87233487/ccs,132,44,44,0,100.0,0.0,0,0,0,True,0
H1,m84137_260214_004236_s1/100732930/ccs,132,44,44,0,100.0,0.0,0,0,0,True,0
H1,m84137_260214_004236_s1/91820406/ccs,132,44,44,0,100.0,0.0,0,0,0,True,0
H1,m84137_260214_004236_s1/92608343/ccs,132,44,44,0,100.0,0.0,0,0,0,True,0
H1,m84137_260214_004236_s1/101977613/ccs,132,44,44,0,100.0,0.0,0,0,0,True,0
H1,m84137_260214_004236_s1/77730077/ccs,132,44,44,0,100.0,0.0,0,0,0,True,0
H1,m84137_260214_004236_s1/98244117/ccs,132,44,44,0,100.0,0.0,0,0,0,True,0
H1,m84137_260214_004236_s1/94441199/ccs,132,44,44,0,100.0,0.0,0,0,0,True,0
H1,m84137_260214_004236_s1/108795828/ccs,132,44,44,0,100.0,0.0,0,0,0,True,0
H1,m84137_260214_004236_s1/138480752/ccs,132,44,44,0,100.0,0.0,0,0,0,True,0
H1,m84137_260214_004236_s1/213715410/ccs,132,44,44,0,100.0,0.0,0,0,0,True,0
H1,m84137_260214_004236_s1/235669334/ccs,132,44,44,0,100.0,0.0,0,0,0,True,0
H1,m84137_260214_004236_s1/215680791/ccs,129,43,43,0,100.0,0.0,0,0,0,True,0
H1,m84137_260214_004236_s1/217580832/ccs,132,44,44,0,100.0,0.0,0,0,0,True,0
H1,m84137_260214_004236_s1/243599124/ccs,132,44,44,0,100.0,0.0,0,0,0,True,0
H1,m84137_260214_004236_s1/146017508/ccs,132,44,44,0,100.0,0.0,0,0,0,True,0
H1,m84137_260214_004236_s1/165680841/ccs,132,44,44,0,100.0,0.0,0,0,0,True,0
H1,m84137_260214_004236_s1/173151046/ccs,132,44,44,0,100.0,0.0,0,0,0,True,0
H1,m84137_260214_004236_s1/173151728/ccs,132,44,44,0,100.0,0.0,0,0,0,True,0
H1,m84137_260214_004236_s1/225054528/ccs,132,44,44,0,100.0,0.0,0,0,0,True,0
H1,m84137_260214_004236_s1/182128136/ccs,132,44,44,0,100.0,0.0,0,0,0,True,0
H1,m84137_260214_004236_s1/75759698/ccs,132,44,44,0,100.0,0.0,0,0,0,True,0
H1,m84137_260214_004236_s1/86574605/ccs,132,44,44,0,100.0,0.0,0,0,0,True,0
H1,m84137_260214_004236_s1/255334046/ccs,132,44,44,0,100.0,0.0,0,0,0,True,0
H1,m84137_260214_004236_s1/263001831/ccs,132,44,44,0,100.0,0.0,0,0,0,True,0
H1,m84137_260214_004236_s1/265360071/ccs,132,44,44,0,100.0,0.0,0,0,0,True,0
H1,m84137_260214_004236_s1/246617139/ccs,132,44,44,0,100.0,0.0,0,0,0,True,0
H1,m84137_260214_004236_s1/247468797/ccs,132,44,44,0,100.0,0.0,0,0,0,True,0
H1,m84137_260214_004236_s1/21694424/ccs,132,44,44,0,100.0,0.0,0,0,0,True,0
H1,m84137_260214_004236_s1/47055020/ccs,132,44,44,0,100.0,0.0,0,0,0,True,0
H1,m84137_260214_004236_s1/63900478/ccs,132,44,44,0,100.0,0.0,0,0,0,True,0
H1,m84137_260214_004236_s1/108265975/ccs,132,44,44,0,100.0,0.0,0,0,0,True,0
H1,m84137_260214_004236_s1/126814013/ccs,132,44,44,0,100.0,0.0,0,0,0,True,0
H1,m84137_260214_004236_s1/132450483/ccs,132,44,44,0,100.0,0.0,0,0,0,True,0
H1,m84137_260214_004236_s1/34411565/ccs,132,44,44,0,100.0,0.0,0,0,0,True,0
H1,m84137_260214_004236_s1/51384138/ccs,132,44,44,0,100.0,0.0,0,0,0,True,0
H1,m84137_260214_004236_s1/190055726/ccs,132,44,44,0,100.0,0.0,0,0,0,True,0
H1,m84137_260214_004236_s1/180683579/ccs,132,44,44,0,100.0,0.0,0,0,0,True,0
H1,m84137_260214_004236_s1/219152701/ccs,132,44,44,0,100.0,0.0,0,0,0,True,0
H1,m84137_260214_004236_s1/219547121/ccs,132,44,44,0,100.0,0.0,0,0,0,True,0
H1,m84137_260214_004236_s1/201917336/ccs,132,44,44,0,100.0,0.0,0,0,0,True,0
H1,m84137_260214_004236_s1/181865169/ccs,132,44,44,0,100.0,0.0,0,0,0,True,0
H1,m84137_260214_004236_s1/207751231/ccs,132,44,44,0,100.0,0.0,0,0,0,True,0
H1,m84137_260214_004236_s1/183568912/ccs,132,44,44,0,100.0,0.0,0,0,0,True,0
H1,m84137_260214_004236_s1/212664856/ccs,132,44,44,0,100.0,0.0,0,0,0,True,0
H1,m84137_260214_004236_s1/106496612/ccs,132,44,44,0,100.0,0.0,0,0,0,True,0
H1,m84137_260214_004236_s1/165282664/ccs,132,44,44,0,100.0,0.0,0,0,0,True,0
H1,m84137_260214_004236_s1/246153845/ccs,132,44,44,0,100.0,0.0,0,0,0,True,0
H1,m84137_260214_004236_s1/204805247/ccs,132,44,44,0,100.0,0.0,0,0,0,True,0
H1,m84137_260214_004236_s1/266276938/ccs,132,44,44,0,100.0,0.0,0,0,0,True,0
H1,m84137_260214_004236_s1/28115265/ccs,132,44,44,0,100.0,0.0,0,0,0,True,0
H1,m84137_260214_004236_s1/76158593/ccs,132,44,44,0,100.0,0.0,0,0,0,True,0
H1,m84137_260214_004236_s1/228922804/ccs,132,44,44,0,100.0,0.0,0,0,0,True,0
H1,m84137_260214_004236_s1/234359949/ccs,132,44,44,0,100.0,0.0,0,0,0,True,0
H1,m84137_260214_004236_s1/234229541/ccs,132,38,38,0,100.0,0.0,1,1,1,False,1
H1,m84137_260214_004236_s1/263393481/ccs,132,44,44,0,100.0,0.0,0,0,0,True,0
H1,m84137_260214_004236_s1/250282710/ccs,132,44,44,0,100.0,0.0,0,0,0,True,0
H1,m84137_260214_004236_s1/39063203/ccs,132,44,44,0,100.0,0.0,0,0,0,True,0
H1,m84137_260214_004236_s1/115283479/ccs,132,44,44,0,100.0,0.0,0,0,0,True,0
H1,m84137_260214_004236_s1/16777541/ccs,132,44,44,0,100.0,0.0,0,0,0,True,0
H1,m84137_260214_004236_s1/17042398/ccs,132,44,44,0,100.0,0.0,0,0,0,True,0
H1,m84137_260214_004236_s1/18548809/ccs,132,44,44,0,100.0,0.0,0,0,0,True,0
H1,m84137_260214_004236_s1/19663737/ccs,132,44,44,0,100.0,0.0,0,0,0,True,0
H1,m84137_260214_004236_s1/189990577/ccs,132,44,44,0,100.0,0.0,0,0,0,True,0
H1,m84137_260214_004236_s1/30868993/ccs,132,44,44,0,100.0,0.0,0,0,0,True,0
H1,m84137_260214_004236_s1/39913039/ccs,132,44,44,0,100.0,0.0,0,0,0,True,0
H1,m84137_260214_004236_s1/58002332/ccs,132,44,44,0,100.0,0.0,0,0,0,True,0
H1,m84137_260214_004236_s1/38603766/ccs,132,44,44,0,100.0,0.0,0,0,0,True,0
H1,m84137_260214_004236_s1/115541243/ccs,132,44,44,0,100.0,0.0,0,0,0,True,0
H1,m84137_260214_004236_s1/133499509/ccs,132,44,44,0,100.0,0.0,0,0,0,True,0
H1,m84137_260214_004236_s1/163447260/ccs,132,44,44,0,100.0,0.0,0,0,0,True,0
H1,m84137_260214_004236_s1/168232779/ccs,132,44,44,0,100.0,0.0,0,0,0,True,0
H1,m84137_260214_004236_s1/144377599/ccs,132,44,44,0,100.0,0.0,0,0,0,True,0
H1,m84137_260214_004236_s1/148572726/ccs,132,44,44,0,100.0,0.0,0,0,0,True,0
H1,m84137_260214_004236_s1/233706722/ccs,132,44,44,0,100.0,0.0,0,0,0,True,0
H1,m84137_260214_004236_s1/24840167/ccs,132,44,44,0,100.0,0.0,0,0,0,True,0
H1,m84137_260214_004236_s1/60162843/ccs,132,44,44,0,100.0,0.0,0,0,0,True,0
H1,m84137_260214_004236_s1/150143865/ccs,132,44,44,0,100.0,0.0,0,0,0,True,0
H1,m84137_260214_004236_s1/179831896/ccs,132,44,44,0,100.0,0.0,0,0,0,True,0
H1,m84137_260214_004236_s1/198312008/ccs,132,44,44,0,100.0,0.0,0,0,0,True,0
H1,m84137_260214_004236_s1/201656223/ccs,132,44,44,0,100.0,0.0,0,0,0,True,0
H1,m84137_260214_004236_s1/199885099/ccs,132,44,44,0,100.0,0.0,0,0,0,True,0
H1,m84137_260214_004236_s1/207555519/ccs,132,44,44,0,100.0,0.0,0,0,0,True,0
H1,m84137_260214_004236_s1/222233526/ccs,132,44,44,0,100.0,0.0,0,0,0,True,0
H1,m84137_260214_004236_s1/183699274/ccs,132,44,44,0,100.0,0.0,0,0,0,True,0
H1,m84137_260214_004236_s1/205457509/ccs,132,44,44,0,100.0,0.0,0,0,0,True,0
H1,m84137_260214_004236_s1/206505306/ccs,132,44,44,0,100.0,0.0,0,0,0,True,0
H1,m84137_260214_004236_s1/252970335/ccs,132,44,44,0,100.0,0.0,0,0,0,True,0
H1,m84137_260214_004236_s1/129111574/ccs,132,44,44,0,100.0,0.0,0,0,0,True,0
H1,m84137_260214_004236_s1/129307018/ccs,132,44,44,0,100.0,0.0,0,0,0,True,0
H1,m84137_260214_004236_s1/140186346/ccs,132,44,44,0,100.0,0.0,0,0,0,True,0
H1,m84137_260214_004236_s1/157421121/ccs,132,44,44,0,100.0,0.0,0,0,0,True,0
H1,m84137_260214_004236_s1/43716880/ccs,132,44,44,0,100.0,0.0,0,0,0,True,0
H1,m84137_260214_004236_s1/71831591/ccs,132,44,44,0,100.0,0.0,0,0,0,True,0
H1,m84137_260214_004236_s1/66784623/ccs,132,44,44,0,100.0,0.0,0,0,0,True,0
H1,m84137_260214_004236_s1/96473404/ccs,132,44,44,0,100.0,0.0,0,0,0,True,0
H1,m84137_260214_004236_s1/78779175/ccs,132,44,44,0,100.0,0.0,0,0,0,True,0
H1,m84137_260214_004236_s1/98963723/ccs,132,44,44,0,100.0,0.0,0,0,0,True,0
H1,m84137_260214_004236_s1/227282126/ccs,132,44,44,0,100.0,0.0,0,0,0,True,0
H1,m84137_260214_004236_s1/184488650/ccs,132,44,44,0,100.0,0.0,0,0,0,True,0
H1,m84137_260214_004236_s1/48694340/ccs,132,44,44,0,100.0,0.0,0,0,0,True,0
H1,m84137_260214_004236_s1/49086687/ccs,132,44,44,0,100.0,0.0,0,0,0,True,0
H1,m84137_260214_004236_s1/69140892/ccs,132,44,44,0,100.0,0.0,0,0,0,True,0
H1,m84137_260214_004236_s1/70452662/ccs,132,44,44,0,100.0,0.0,0,0,0,True,0
H1,m84137_260214_004236_s1/78774375/ccs,132,44,44,0,100.0,0.0,0,0,0,True,0
H1,m84137_260214_004236_s1/86115932/ccs,132,44,44,0,100.0,0.0,0,0,0,True,0
H1,m84137_260214_004236_s1/96865146/ccs,132,44,44,0,100.0,0.0,0,0,0,True,0
H1,m84137_260214_004236_s1/72551260/ccs,132,44,44,0,100.0,0.0,0,0,0,True,0
H1,m84137_260214_004236_s1/88213764/ccs,132,44,44,0,100.0,0.0,0,0,0,True,0
H1,m84137_260214_004236_s1/101254390/ccs,132,44,44,0,100.0,0.0,0,0,0,True,0
H1,m84137_260214_004236_s1/216663140/ccs,132,44,44,0,100.0,0.0,0,0,0,True,0
H1,m84137_260214_004236_s1/260113642/ccs,132,44,44,0,100.0,0.0,0,0,0,True,0
H1,m84137_260214_004236_s1/246481457/ccs,132,44,44,0,100.0,0.0,0,0,0,True,0
H1,m84137_260214_004236_s1/260900573/ccs,132,44,44,0,100.0,0.0,0,0,0,True,0
H1,m84137_260214_004236_s1/264634820/ccs,132,44,44,0,100.0,0.0,0,0,0,True,0
H1,m84137_260214_004236_s1/18746653/ccs,132,44,44,0,100.0,0.0,0,0,0,True,0
H1,m84137_260214_004236_s1/23792678/ccs,132,44,44,0,100.0,0.0,0,0,0,True,0
H1,m84137_260214_004236_s1/27922790/ccs,132,44,44,0,100.0,0.0,0,0,0,True,0
H1,m84137_260214_004236_s1/38736097/ccs,132,44,44,0,100.0,0.0,0,0,0,True,0
H1,m84137_260214_004236_s1/42275935/ccs,132,44,44,0,100.0,0.0,0,0,0,True,0
H1,m84137_260214_004236_s1/99878842/ccs,132,44,44,0,100.0,0.0,0,0,0,True,0
H1,m84137_260214_004236_s1/103484250/ccs,138,45,45,0,100.0,0.0,1,0,0,True,0
H1,m84137_260214_004236_s1/113050344/ccs,132,44,44,0,100.0,0.0,0,0,0,True,0
H1,m84137_260214_004236_s1/121700931/ccs,132,44,44,0,100.0,0.0,0,0,0,True,0
H1,m84137_260214_004236_s1/110166443/ccs,132,44,44,0,100.0,0.0,0,0,0,True,0
H1,m84137_260214_004236_s1/122487975/ccs,132,44,44,0,100.0,0.0,0,0,0,True,0
H1,m84137_260214_004236_s1/126878702/ccs,132,44,44,0,100.0,0.0,0,0,0,True,0
H1,m84137_260214_004236_s1/151062361/ccs,132,44,44,0,100.0,0.0,0,0,0,True,0
H1,m84137_260214_004236_s1/131729793/ccs,132,44,44,0,100.0,0.0,0,0,0,True,0
H1,m84137_260214_004236_s1/135790773/ccs,132,44,44,0,100.0,0.0,0,0,0,True,0
H1,m84137_260214_004236_s1/192287125/ccs,132,44,44,0,100.0,0.0,0,0,0,True,0
H1,m84137_260214_004236_s1/178720973/ccs,132,44,44,0,100.0,0.0,0,0,0,True,0
H1,m84137_260214_004236_s1/222237834/ccs,132,44,44,0,100.0,0.0,0,0,0,True,0
H1,m84137_260214_004236_s1/225383519/ccs,132,44,44,0,100.0,0.0,0,0,0,True,0
H1,m84137_260214_004236_s1/182259996/ccs,129,43,43,0,100.0,0.0,0,0,0,True,0
H1,m84137_260214_004236_s1/253367178/ccs,132,44,44,0,100.0,0.0,0,0,0,True,0
H1,m84137_260214_004236_s1/240457491/ccs,132,44,44,0,100.0,0.0,0,0,0,True,0
H1,m84137_260214_004236_s1/18353430/ccs,132,44,44,0,100.0,0.0,0,0,0,True,0
H1,m84137_260214_004236_s1/248580755/ccs,132,44,44,0,100.0,0.0,0,0,0,True,0
H1,m84137_260214_004236_s1/3084364/ccs,132,44,44,0,100.0,0.0,0,0,0,True,0
H1,m84137_260214_004236_s1/267453780/ccs,132,44,44,0,100.0,0.0,0,0,0,True,0
H1,m84137_260214_004236_s1/9507799/ccs,132,44,44,0,100.0,0.0,0,0,0,True,0
H1,m84137_260214_004236_s1/39259150/ccs,132,44,44,0,100.0,0.0,0,0,0,True,0
H1,m84137_260214_004236_s1/100860539/ccs,132,44,44,0,100.0,0.0,0,0,0,True,0
H1,m84137_260214_004236_s1/2296100/ccs,132,44,44,0,100.0,0.0,0,0,0,True,0
H1,m84137_260214_004236_s1/202376432/ccs,131,41,40,1,97.5609756097561,2.4390243902439024,0,0,2,False,2
H1,m84137_260214_004236_s1/80023722/ccs,133,41,11,30,26.82926829268293,73.17073170731707,1,1,1,False,1
H1,m84137_260214_004236_s1/115411417/ccs,132,44,44,0,100.0,0.0,0,0,0,True,0
H1,m84137_260214_004236_s1/142152429/ccs,133,44,33,11,75.0,25.0,1,1,1,False,1
H1,m84137_260214_004236_s1/212336748/ccs,132,44,44,0,100.0,0.0,0,0,0,True,0
H1,m84137_260214_004236_s1/217126320/ccs,132,44,44,0,100.0,0.0,0,0,0,True,0
H1,m84137_260214_004236_s1/232589002/ccs,132,44,44,0,100.0,0.0,0,0,0,True,0
H1,m84137_260214_004236_s1/249629939/ccs,133,41,18,23,43.90243902439025,56.09756097560976,0,0,1,False,1
H1,m84137_260214_004236_s1/70651301/ccs,138,46,46,0,100.0,0.0,0,0,0,True,0
H1,m84137_260214_004236_s1/4525167/ccs,133,44,4,40,9.090909090909092,90.9090909090909,1,1,1,False,1
H1,m84137_260214_004236_s1/192086480/ccs,132,44,44,0,100.0,0.0,0,0,0,True,0
H1,m84137_260214_004236_s1/198379457/ccs,134,42,39,3,92.85714285714286,7.142857142857142,0,0,2,False,2
H1,m84137_260214_004236_s1/32508929/ccs,134,42,26,16,61.904761904761905,38.095238095238095,0,0,2,False,2
H1,m84137_260214_004236_s1/259983398/ccs,135,45,45,0,100.0,0.0,0,0,0,True,0
H1,m84137_260214_004236_s1/241567400/ccs,135,45,45,0,100.0,0.0,0,0,0,True,0
H1,m84137_260214_004236_s1/230493487/ccs,135,45,45,0,100.0,0.0,0,0,0,True,0
H1,m84137_260214_004236_s1/19925720/ccs,135,45,45,0,100.0,0.0,0,0,0,True,0
H1,m84137_260214_004236_s1/34014159/ccs,135,45,45,0,100.0,0.0,0,0,0,True,0
H1,m84137_260214_004236_s1/51512193/ccs,135,45,45,0,100.0,0.0,0,0,0,True,0
H1,m84137_260214_004236_s1/259392520/ccs,135,45,45,0,100.0,0.0,0,0,0,True,0
H1,m84137_260214_004236_s1/266405471/ccs,135,45,45,0,100.0,0.0,0,0,0,True,0
H1,m84137_260214_004236_s1/266601473/ccs,135,45,45,0,100.0,0.0,0,0,0,True,0
H1,m84137_260214_004236_s1/66522272/ccs,135,45,45,0,100.0,0.0,0,0,0,True,0
H1,m84137_260214_004236_s1/99485528/ccs,135,45,45,0,100.0,0.0,0,0,0,True,0
H1,m84137_260214_004236_s1/108792770/ccs,135,45,45,0,100.0,0.0,0,0,0,True,0
H1,m84137_260214_004236_s1/52560796/ccs,135,45,45,0,100.0,0.0,0,0,0,True,0
H1,m84137_260214_004236_s1/36899037/ccs,135,45,45,0,100.0,0.0,0,0,0,True,0
H1,m84137_260214_004236_s1/59573249/ccs,135,45,45,0,100.0,0.0,0,0,0,True,0
H1,m84137_260214_004236_s1/60556462/ccs,135,45,45,0,100.0,0.0,0,0,0,True,0
H1,m84137_260214_004236_s1/85787792/ccs,135,45,45,0,100.0,0.0,0,0,0,True,0
H1,m84137_260214_004236_s1/188155880/ccs,135,45,45,0,100.0,0.0,0,0,0,True,0
H1,m84137_260214_004236_s1/175638049/ccs,135,45,45,0,100.0,0.0,0,0,0,True,0
H1,m84137_260214_004236_s1/175835425/ccs,135,45,45,0,100.0,0.0,0,0,0,True,0
H1,m84137_260214_004236_s1/189204166/ccs,135,45,45,0,100.0,0.0,0,0,0,True,0
H1,m84137_260214_004236_s1/189923876/ccs,135,45,45,0,100.0,0.0,0,0,0,True,0
H1,m84137_260214_004236_s1/218499131/ccs,135,45,45,0,100.0,0.0,0,0,0,True,0
H1,m84137_260214_004236_s1/109970180/ccs,135,45,45,0,100.0,0.0,0,0,0,True,0
H1,m84137_260214_004236_s1/127469145/ccs,135,45,45,0,100.0,0.0,0,0,0,True,0
H1,m84137_260214_004236_s1/164169114/ccs,135,45,45,0,100.0,0.0,0,0,0,True,0
H1,m84137_260214_004236_s1/68031103/ccs,135,45,45,0,100.0,0.0,0,0,0,True,0
H1,m84137_260214_004236_s1/71109966/ccs,135,45,45,0,100.0,0.0,0,0,0,True,0
H1,m84137_260214_004236_s1/172950952/ccs,135,45,45,0,100.0,0.0,0,0,0,True,0
H1,m84137_260214_004236_s1/208864857/ccs,135,45,45,0,100.0,0.0,0,0,0,True,0
H1,m84137_260214_004236_s1/209257148/ccs,135,45,45,0,100.0,0.0,0,0,0,True,0
H1,m84137_260214_004236_s1/222628608/ccs,135,45,45,0,100.0,0.0,0,0,0,True,0
H1,m84137_260214_004236_s1/48631855/ccs,135,45,45,0,100.0,0.0,0,0,0,True,0
H1,m84137_260214_004236_s1/92215070/ccs,135,45,45,0,100.0,0.0,0,0,0,True,0
H1,m84137_260214_004236_s1/97259308/ccs,135,45,45,0,100.0,0.0,0,0,0,True,0
H1,m84137_260214_004236_s1/76682693/ccs,135,45,45,0,100.0,0.0,0,0,0,True,0
H1,m84137_260214_004236_s1/99422763/ccs,135,45,45,0,100.0,0.0,0,0,0,True,0
H1,m84137_260214_004236_s1/122950082/ccs,135,45,45,0,100.0,0.0,0,0,0,True,0
H1,m84137_260214_004236_s1/82840988/ccs,135,45,45,0,100.0,0.0,0,0,0,True,0
H1,m84137_260214_004236_s1/152702064/ccs,135,45,45,0,100.0,0.0,0,0,0,True,0
H1,m84137_260214_004236_s1/190713578/ccs,135,45,45,0,100.0,0.0,0,0,0,True,0
H1,m84137_260214_004236_s1/147198879/ccs,135,45,45,0,100.0,0.0,0,0,0,True,0
H1,m84137_260214_004236_s1/218107296/ccs,135,45,45,0,100.0,0.0,0,0,0,True,0
H1,m84137_260214_004236_s1/219289299/ccs,135,45,45,0,100.0,0.0,0,0,0,True,0
H1,m84137_260214_004236_s1/217518111/ccs,135,45,45,0,100.0,0.0,0,0,0,True,0
H1,m84137_260214_004236_s1/70975567/ccs,132,44,44,0,100.0,0.0,0,0,0,True,0
H1,m84137_260214_004236_s1/146019725/ccs,135,45,45,0,100.0,0.0,0,0,0,True,0
H1,m84137_260214_004236_s1/176951751/ccs,135,45,45,0,100.0,0.0,0,0,0,True,0
H1,m84137_260214_004236_s1/86050297/ccs,135,45,45,0,100.0,0.0,0,0,0,True,0
H1,m84137_260214_004236_s1/259658142/ccs,135,45,45,0,100.0,0.0,0,0,0,True,0
H1,m84137_260214_004236_s1/205915285/ccs,135,45,45,0,100.0,0.0,0,0,0,True,0
H1,m84137_260214_004236_s1/212272157/ccs,135,45,45,0,100.0,0.0,0,0,0,True,0
H1,m84137_260214_004236_s1/254937259/ccs,135,45,45,0,100.0,0.0,0,0,0,True,0
H1,m84137_260214_004236_s1/18615963/ccs,135,45,45,0,100.0,0.0,0,0,0,True,0
H1,m84137_260214_004236_s1/66916842/ccs,135,45,45,0,100.0,0.0,0,0,0,True,0
H1,m84137_260214_004236_s1/7801535/ccs,135,45,45,0,100.0,0.0,0,0,0,True,0
H1,m84137_260214_004236_s1/34146957/ccs,135,45,45,0,100.0,0.0,0,0,0,True,0
H1,m84137_260214_004236_s1/147065328/ccs,135,45,45,0,100.0,0.0,0,0,0,True,0
H1,m84137_260214_004236_s1/185272956/ccs,135,45,45,0,100.0,0.0,0,0,0,True,0
H1,m84137_260214_004236_s1/45746039/ccs,135,45,45,0,100.0,0.0,0,0,0,True,0
H1,m84137_260214_004236_s1/53085256/ccs,135,45,45,0,100.0,0.0,0,0,0,True,0
H1,m84137_260214_004236_s1/53086004/ccs,135,45,45,0,100.0,0.0,0,0,0,True,0
H1,m84137_260214_004236_s1/53413135/ccs,135,45,45,0,100.0,0.0,0,0,0,True,0
H1,m84137_260214_004236_s1/55641277/ccs,135,45,45,0,100.0,0.0,0,0,0,True,0
H1,m84137_260214_004236_s1/124323669/ccs,132,44,44,0,100.0,0.0,0,0,0,True,0
H1,m84137_260214_004236_s1/107940213/ccs,135,45,45,0,100.0,0.0,0,0,0,True,0
H1,m84137_260214_004236_s1/127208005/ccs,135,45,45,0,100.0,0.0,0,0,0,True,0
H1,m84137_260214_004236_s1/38672108/ccs,135,45,45,0,100.0,0.0,0,0,0,True,0
H1,m84137_260214_004236_s1/68621603/ccs,135,45,45,0,100.0,0.0,0,0,0,True,0
H1,m84137_260214_004236_s1/44831124/ccs,135,45,45,0,100.0,0.0,0,0,0,True,0
H1,m84137_260214_004236_s1/87756980/ccs,135,45,45,0,100.0,0.0,0,0,0,True,0
H1,m84137_260214_004236_s1/75632994/ccs,135,45,45,0,100.0,0.0,0,0,0,True,0
H1,m84137_260214_004236_s1/77665144/ccs,135,45,45,0,100.0,0.0,0,0,0,True,0
H1,m84137_260214_004236_s1/119803786/ccs,135,45,45,0,100.0,0.0,0,0,0,True,0
H1,m84137_260214_004236_s1/122950902/ccs,135,45,45,0,100.0,0.0,0,0,0,True,0
H1,m84137_260214_004236_s1/115807529/ccs,135,45,45,0,100.0,0.0,0,0,0,True,0
H1,m84137_260214_004236_s1/184817087/ccs,135,45,45,0,100.0,0.0,0,0,0,True,0
H1,m84137_260214_004236_s1/116594367/ccs,135,45,45,0,100.0,0.0,0,0,0,True,0
H1,m84137_260214_004236_s1/211551287/ccs,135,45,45,0,100.0,0.0,0,0,0,True,0
H1,m84137_260214_004236_s1/212009435/ccs,135,45,45,0,100.0,0.0,0,0,0,True,0
H1,m84137_260214_004236_s1/242747272/ccs,135,45,45,0,100.0,0.0,0,0,0,True,0
H1,m84137_260214_004236_s1/239012154/ccs,135,45,45,0,100.0,0.0,0,0,0,True,0
H1,m84137_260214_004236_s1/260376265/ccs,135,45,45,0,100.0,0.0,0,0,0,True,0
H1,m84137_260214_004236_s1/161420349/ccs,135,45,45,0,100.0,0.0,0,0,0,True,0
H1,m84137_260214_004236_s1/164432985/ccs,135,45,45,0,100.0,0.0,0,0,0,True,0
H1,m84137_260214_004236_s1/165025074/ccs,135,45,45,0,100.0,0.0,0,0,0,True,0
H1,m84137_260214_004236_s1/146082978/ccs,135,45,45,0,100.0,0.0,0,0,0,True,0
H1,m84137_260214_004236_s1/186783533/ccs,135,45,45,0,100.0,0.0,0,0,0,True,0
H1,m84137_260214_004236_s1/177869395/ccs,135,45,45,0,100.0,0.0,0,0,0,True,0
H1,m84137_260214_004236_s1/197201429/ccs,135,45,45,0,100.0,0.0,0,0,0,True,0
H1,m84137_260214_004236_s1/197856831/ccs,135,45,45,0,100.0,0.0,0,0,0,True,0
H1,m84137_260214_004236_s1/123340723/ccs,135,45,45,0,100.0,0.0,0,0,0,True,0
H1,m84137_260214_004236_s1/78186641/ccs,135,45,45,0,100.0,0.0,0,0,0,True,0
H1,m84137_260214_004236_s1/124127564/ccs,135,45,45,0,100.0,0.0,0,0,0,True,0
H1,m84137_260214_004236_s1/245829630/ccs,135,45,45,0,100.0,0.0,0,0,0,True,0
H1,m84137_260214_004236_s1/247730601/ccs,135,45,45,0,100.0,0.0,0,0,0,True,0
H1,m84137_260214_004236_s1/247860881/ccs,135,45,45,0,100.0,0.0,0,0,0,True,0
H1,m84137_260214_004236_s1/51904977/ccs,135,45,45,0,100.0,0.0,0,0,0,True,0
H1,m84137_260214_004236_s1/123535729/ccs,135,45,45,0,100.0,0.0,0,0,0,True,0
H1,m84137_260214_004236_s1/133628448/ccs,135,45,45,0,100.0,0.0,0,0,0,True,0
H1,m84137_260214_004236_s1/166791229/ccs,135,45,45,0,100.0,0.0,0,0,0,True,0
H1,m84137_260214_004236_s1/197788827/ccs,135,45,45,0,100.0,0.0,0,0,0,True,0
H1,m84137_260214_004236_s1/219283717/ccs,135,45,45,0,100.0,0.0,0,0,0,True,0
H1,m84137_260214_004236_s1/199690560/ccs,135,45,45,0,100.0,0.0,0,0,0,True,0
H1,m84137_260214_004236_s1/183962030/ccs,135,45,45,0,100.0,0.0,0,0,0,True,0
H1,m84137_260214_004236_s1/123667517/ccs,135,45,45,0,100.0,0.0,0,0,0,True,0
H1,m84137_260214_004236_s1/125703973/ccs,135,45,45,0,100.0,0.0,0,0,0,True,0
H1,m84137_260214_004236_s1/116264773/ccs,135,45,45,0,100.0,0.0,0,0,0,True,0
H1,m84137_260214_004236_s1/228792025/ccs,135,45,45,0,100.0,0.0,0,0,0,True,0
H1,m84137_260214_004236_s1/194644611/ccs,135,45,45,0,100.0,0.0,0,0,0,True,0
H1,m84137_260214_004236_s1/11995168/ccs,135,45,45,0,100.0,0.0,0,0,0,True,0
H1,m84137_260214_004236_s1/24511154/ccs,135,45,45,0,100.0,0.0,0,0,0,True,0
H1,m84137_260214_004236_s1/24709622/ccs,135,45,45,0,100.0,0.0,0,0,0,True,0
H1,m84137_260214_004236_s1/33625095/ccs,135,45,45,0,100.0,0.0,0,0,0,True,0
H1,m84137_260214_004236_s1/123341454/ccs,135,45,45,0,100.0,0.0,0,0,0,True,0
H1,m84137_260214_004236_s1/178980673/ccs,135,45,45,0,100.0,0.0,0,0,0,True,0
H1,m84137_260214_004236_s1/20777852/ccs,135,45,45,0,100.0,0.0,0,0,0,True,0
H1,m84137_260214_004236_s1/21234484/ccs,135,45,45,0,100.0,0.0,0,0,0,True,0
H1,m84137_260214_004236_s1/16647679/ccs,135,45,45,0,100.0,0.0,0,0,0,True,0
H1,m84137_260214_004236_s1/40043050/ccs,135,45,45,0,100.0,0.0,0,0,0,True,0
H1,m84137_260214_004236_s1/133496927/ccs,135,45,45,0,100.0,0.0,0,0,0,True,0
H1,m84137_260214_004236_s1/139528234/ccs,135,45,45,0,100.0,0.0,0,0,0,True,0
H1,m84137_260214_004236_s1/164167715/ccs,135,45,45,0,100.0,0.0,0,0,0,True,0
H1,m84137_260214_004236_s1/160761616/ccs,135,45,45,0,100.0,0.0,0,0,0,True,0
H1,m84137_260214_004236_s1/146868989/ccs,135,45,45,0,100.0,0.0,0,0,0,True,0
H1,m84137_260214_004236_s1/147785492/ccs,135,45,45,0,100.0,0.0,0,0,0,True,0
H1,m84137_260214_004236_s1/186319009/ccs,135,45,45,0,100.0,0.0,0,0,0,True,0
H1,m84137_260214_004236_s1/255660769/ccs,135,45,45,0,100.0,0.0,0,0,0,True,0
H1,m84137_260214_004236_s1/259593823/ccs,135,45,45,0,100.0,0.0,0,0,0,True,0
H1,m84137_260214_004236_s1/245503346/ccs,135,45,45,0,100.0,0.0,0,0,0,True,0
H1,m84137_260214_004236_s1/246944682/ccs,135,45,45,0,100.0,0.0,0,0,0,True,0
H1,m84137_260214_004236_s1/247141973/ccs,135,45,45,0,100.0,0.0,0,0,0,True,0
H1,m84137_260214_004236_s1/249631805/ccs,135,45,45,0,100.0,0.0,0,0,0,True,0
H1,m84137_260214_004236_s1/26346655/ccs,135,45,45,0,100.0,0.0,0,0,0,True,0
H1,m84137_260214_004236_s1/156369642/ccs,135,45,45,0,100.0,0.0,0,0,0,True,0
H1,m84137_260214_004236_s1/226690316/ccs,135,45,45,0,100.0,0.0,0,0,0,True,0
H1,m84137_260214_004236_s1/170264839/ccs,135,45,45,0,100.0,0.0,0,0,0,True,0
H1,m84137_260214_004236_s1/149946612/ccs,135,45,45,0,100.0,0.0,0,0,0,True,0
H1,m84137_260214_004236_s1/176686266/ccs,135,45,45,0,100.0,0.0,0,0,0,True,0
H1,m84137_260214_004236_s1/218432603/ccs,135,45,45,0,100.0,0.0,0,0,0,True,0
H1,m84137_260214_004236_s1/199819370/ccs,135,45,45,0,100.0,0.0,0,0,0,True,0
H1,m84137_260214_004236_s1/221512531/ccs,135,45,45,0,100.0,0.0,0,0,0,True,0
H1,m84137_260214_004236_s1/222889414/ccs,135,45,45,0,100.0,0.0,0,0,0,True,0
H1,m84137_260214_004236_s1/253692781/ccs,135,45,45,0,100.0,0.0,0,0,0,True,0
H1,m84137_260214_004236_s1/254806103/ccs,135,45,45,0,100.0,0.0,0,0,0,True,0
H1,m84137_260214_004236_s1/237045377/ccs,135,45,45,0,100.0,0.0,0,0,0,True,0
H1,m84137_260214_004236_s1/234488546/ccs,135,45,45,0,100.0,0.0,0,0,0,True,0
H1,m84137_260214_004236_s1/134483988/ccs,135,45,45,0,100.0,0.0,0,0,0,True,0
H1,m84137_260214_004236_s1/82579190/ccs,135,45,45,0,100.0,0.0,0,0,0,True,0
H1,m84137_260214_004236_s1/112136322/ccs,135,45,45,0,100.0,0.0,0,0,0,True,0
H1,m84137_260214_004236_s1/112922920/ccs,135,45,45,0,100.0,0.0,0,0,0,True,0
H1,m84137_260214_004236_s1/133764071/ccs,135,45,45,0,100.0,0.0,0,0,0,True,0
H1,m84137_260214_004236_s1/162926095/ccs,135,45,45,0,100.0,0.0,0,0,0,True,0
H1,m84137_260214_004236_s1/186127320/ccs,135,45,45,0,100.0,0.0,0,0,0,True,0
H1,m84137_260214_004236_s1/43849452/ccs,135,45,45,0,100.0,0.0,0,0,0,True,0
H1,m84137_260214_004236_s1/60691123/ccs,135,45,45,0,100.0,0.0,0,0,0,True,0
H1,m84137_260214_004236_s1/89790244/ccs,135,45,45,0,100.0,0.0,0,0,0,True,0
H1,m84137_260214_004236_s1/75567519/ccs,135,45,45,0,100.0,0.0,0,0,0,True,0
H1,m84137_260214_004236_s1/101715856/ccs,135,45,45,0,100.0,0.0,0,0,0,True,0
H1,m84137_260214_004236_s1/78843993/ccs,135,45,45,0,100.0,0.0,0,0,0,True,0
H1,m84137_260214_004236_s1/98834193/ccs,135,45,45,0,100.0,0.0,0,0,0,True,0
H1,m84137_260214_004236_s1/106829647/ccs,135,45,45,0,100.0,0.0,0,0,0,True,0
H1,m84137_260214_004236_s1/74252469/ccs,135,45,45,0,100.0,0.0,0,0,0,True,0
H1,m84137_260214_004236_s1/71830263/ccs,135,45,45,0,100.0,0.0,0,0,0,True,0
H1,m84137_260214_004236_s1/67374852/ccs,135,45,45,0,100.0,0.0,0,0,0,True,0
H1,m84137_260214_004236_s1/42930539/ccs,135,45,45,0,100.0,0.0,0,0,0,True,0
H1,m84137_260214_004236_s1/118555579/ccs,135,45,45,0,100.0,0.0,0,0,0,True,0
H1,m84137_260214_004236_s1/126421382/ccs,135,45,45,0,100.0,0.0,0,0,0,True,0
H1,m84137_260214_004236_s1/122292219/ccs,135,45,45,0,100.0,0.0,0,0,0,True,0
H1,m84137_260214_004236_s1/153159804/ccs,135,45,45,0,100.0,0.0,0,0,0,True,0
H1,m84137_260214_004236_s1/177082298/ccs,135,45,45,0,100.0,0.0,0,0,0,True,0
H1,m84137_260214_004236_s1/221582023/ccs,135,45,45,0,100.0,0.0,0,0,0,True,0
H1,m84137_260214_004236_s1/252383231/ccs,135,45,45,0,100.0,0.0,0,0,0,True,0
H1,m84137_260214_004236_s1/183179041/ccs,135,45,45,0,100.0,0.0,0,0,0,True,0
H1,m84137_260214_004236_s1/247138207/ccs,135,45,45,0,100.0,0.0,0,0,0,True,0
H1,m84137_260214_004236_s1/2561451/ccs,135,45,45,0,100.0,0.0,0,0,0,True,0
H1,m84137_260214_004236_s1/5247955/ccs,135,45,45,0,100.0,0.0,0,0,0,True,0
H1,m84137_260214_004236_s1/27726076/ccs,135,45,45,0,100.0,0.0,0,0,0,True,0
H1,m84137_260214_004236_s1/196284785/ccs,135,45,45,0,100.0,0.0,0,0,0,True,0
H1,m84137_260214_004236_s1/92736609/ccs,135,45,45,0,100.0,0.0,0,0,0,True,0
H1,m84137_260214_004236_s1/141627208/ccs,135,45,45,0,100.0,0.0,0,0,0,True,0
H1,m84137_260214_004236_s1/213322757/ccs,136,42,22,20,52.38095238095239,47.61904761904761,0,0,1,False,1
H1,m84137_260214_004236_s1/203951261/ccs,136,45,2,43,4.444444444444445,95.55555555555556,1,1,1,False,1
H1,m84137_260214_004236_s1/175835292/ccs,135,45,45,0,100.0,0.0,0,0,0,True,0
H1,m84137_260214_004236_s1/134414511/ccs,136,42,14,28,33.33333333333333,66.66666666666666,0,0,1,False,1
H1,m84137_260214_004236_s1/197724236/ccs,136,45,38,7,84.44444444444444,15.555555555555555,1,1,1,False,1
H1,m84137_260214_004236_s1/188748173/ccs,135,45,45,0,100.0,0.0,0,0,0,True,0
H1,m84137_260214_004236_s1/35458849/ccs,136,42,6,36,14.285714285714285,85.71428571428571,0,0,1,False,1
H1,m84137_260214_004236_s1/212011154/ccs,136,45,28,17,62.22222222222222,37.77777777777778,1,1,1,False,1
H1,m84137_260214_004236_s1/114889712/ccs,136,42,11,31,26.190476190476193,73.80952380952381,0,0,1,False,1
H1,m84137_260214_004236_s1/233181095/ccs,136,42,11,31,26.190476190476193,73.80952380952381,0,0,1,False,1
H1,m84137_260214_004236_s1/232263470/ccs,136,42,7,35,16.666666666666664,83.33333333333334,0,0,1,False,1
H1,m84137_260214_004236_s1/35586570/ccs,135,45,45,0,100.0,0.0,0,0,0,True,0
H1,m84137_260214_004236_s1/92999905/ccs,126,42,42,0,100.0,0.0,0,0,0,True,0
H1,m84137_260214_004236_s1/127534761/ccs,137,45,35,10,77.77777777777779,22.22222222222222,1,1,2,False,2
H1,m84137_260214_004236_s1/129504884/ccs,137,43,28,15,65.11627906976744,34.883720930232556,0,0,2,False,2
H1,m84137_260214_004236_s1/56756248/ccs,137,45,24,21,53.333333333333336,46.666666666666664,1,1,2,False,2
H1,m84137_260214_004236_s1/143065962/ccs,137,45,29,16,64.44444444444444,35.55555555555556,1,1,2,False,2
H1,m84137_260214_004236_s1/183697456/ccs,138,46,46,0,100.0,0.0,0,0,0,True,0
H1,m84137_260214_004236_s1/200410448/ccs,138,46,46,0,100.0,0.0,0,0,0,True,0
H1,m84137_260214_004236_s1/1901874/ccs,138,46,46,0,100.0,0.0,0,0,0,True,0
H1,m84137_260214_004236_s1/29753793/ccs,138,46,46,0,100.0,0.0,0,0,0,True,0
H1,m84137_260214_004236_s1/5113477/ccs,135,45,45,0,100.0,0.0,0,0,0,True,0
H1,m84137_260214_004236_s1/27658474/ccs,138,46,46,0,100.0,0.0,0,0,0,True,0
H1,m84137_260214_004236_s1/31982189/ccs,138,46,46,0,100.0,0.0,0,0,0,True,0
H1,m84137_260214_004236_s1/27924264/ccs,138,46,46,0,100.0,0.0,0,0,0,True,0
H1,m84137_260214_004236_s1/27004305/ccs,138,46,46,0,100.0,0.0,0,0,0,True,0
H1,m84137_260214_004236_s1/71369790/ccs,138,46,46,0,100.0,0.0,0,0,0,True,0
H1,m84137_260214_004236_s1/92800906/ccs,138,46,46,0,100.0,0.0,0,0,0,True,0
H1,m84137_260214_004236_s1/77333527/ccs,138,46,46,0,100.0,0.0,0,0,0,True,0
H1,m84137_260214_004236_s1/102105575/ccs,138,46,46,0,100.0,0.0,0,0,0,True,0
H1,m84137_260214_004236_s1/100337084/ccs,138,46,46,0,100.0,0.0,0,0,0,True,0
H1,m84137_260214_004236_s1/103548130/ccs,138,46,46,0,100.0,0.0,0,0,0,True,0
H1,m84137_260214_004236_s1/61409055/ccs,138,46,46,0,100.0,0.0,0,0,0,True,0
H1,m84137_260214_004236_s1/69535672/ccs,138,46,46,0,100.0,0.0,0,0,0,True,0
H1,m84137_260214_004236_s1/70256013/ccs,138,46,46,0,100.0,0.0,0,0,0,True,0
H1,m84137_260214_004236_s1/161219867/ccs,138,46,46,0,100.0,0.0,0,0,0,True,0
H1,m84137_260214_004236_s1/128188633/ccs,138,46,46,0,100.0,0.0,0,0,0,True,0
H1,m84137_260214_004236_s1/132253372/ccs,138,46,46,0,100.0,0.0,0,0,0,True,0
H1,m84137_260214_004236_s1/52171083/ccs,138,46,46,0,100.0,0.0,0,0,0,True,0
H1,m84137_260214_004236_s1/32052716/ccs,138,46,46,0,100.0,0.0,0,0,0,True,0
H1,m84137_260214_004236_s1/55449488/ccs,138,46,46,0,100.0,0.0,0,0,0,True,0
H1,m84137_260214_004236_s1/55840542/ccs,138,46,46,0,100.0,0.0,0,0,0,True,0
H1,m84137_260214_004236_s1/69604600/ccs,138,46,46,0,100.0,0.0,0,0,0,True,0
H1,m84137_260214_004236_s1/194249365/ccs,138,45,45,0,100.0,0.0,1,0,0,True,0
H1,m84137_260214_004236_s1/194579272/ccs,138,46,46,0,100.0,0.0,0,0,0,True,0
H1,m84137_260214_004236_s1/208078366/ccs,138,46,46,0,100.0,0.0,0,0,0,True,0
H1,m84137_260214_004236_s1/93525321/ccs,138,46,46,0,100.0,0.0,0,0,0,True,0
H1,m84137_260214_004236_s1/151000178/ccs,138,46,46,0,100.0,0.0,0,0,0,True,0
H1,m84137_260214_004236_s1/113514120/ccs,138,46,46,0,100.0,0.0,0,0,0,True,0
H1,m84137_260214_004236_s1/163122710/ccs,138,46,46,0,100.0,0.0,0,0,0,True,0
H1,m84137_260214_004236_s1/183635492/ccs,138,46,46,0,100.0,0.0,0,0,0,True,0
H1,m84137_260214_004236_s1/191958062/ccs,138,46,46,0,100.0,0.0,0,0,0,True,0
H1,m84137_260214_004236_s1/197071678/ccs,138,46,46,0,100.0,0.0,0,0,0,True,0
H1,m84137_260214_004236_s1/180163499/ccs,138,46,46,0,100.0,0.0,0,0,0,True,0
H1,m84137_260214_004236_s1/90508976/ccs,138,46,46,0,100.0,0.0,0,0,0,True,0
H1,m84137_260214_004236_s1/99882127/ccs,138,46,46,0,100.0,0.0,0,0,0,True,0
H1,m84137_260214_004236_s1/49348972/ccs,138,46,46,0,100.0,0.0,0,0,0,True,0
H1,m84137_260214_004236_s1/132254879/ccs,138,46,46,0,100.0,0.0,0,0,0,True,0
H1,m84137_260214_004236_s1/178395000/ccs,138,46,46,0,100.0,0.0,0,0,0,True,0
H1,m84137_260214_004236_s1/34867567/ccs,138,46,46,0,100.0,0.0,0,0,0,True,0
H1,m84137_260214_004236_s1/36241879/ccs,138,46,46,0,100.0,0.0,0,0,0,True,0
H1,m84137_260214_004236_s1/80612624/ccs,138,46,46,0,100.0,0.0,0,0,0,True,0
H1,m84137_260214_004236_s1/253428357/ccs,138,46,46,0,100.0,0.0,0,0,0,True,0
H1,m84137_260214_004236_s1/28049861/ccs,138,46,46,0,100.0,0.0,0,0,0,True,0
H1,m84137_260214_004236_s1/29884922/ccs,138,46,46,0,100.0,0.0,0,0,0,True,0
H1,m84137_260214_004236_s1/13305063/ccs,138,46,46,0,100.0,0.0,0,0,0,True,0
H1,m84137_260214_004236_s1/142279265/ccs,138,46,46,0,100.0,0.0,0,0,0,True,0
H1,m84137_260214_004236_s1/173409315/ccs,138,46,46,0,100.0,0.0,0,0,0,True,0
H1,m84137_260214_004236_s1/190383791/ccs,138,46,46,0,100.0,0.0,0,0,0,True,0
H1,m84137_260214_004236_s1/149226537/ccs,138,46,46,0,100.0,0.0,0,0,0,True,0
H1,m84137_260214_004236_s1/41419683/ccs,138,46,46,0,100.0,0.0,0,0,0,True,0
H1,m84137_260214_004236_s1/59705012/ccs,138,46,46,0,100.0,0.0,0,0,0,True,0
H1,m84137_260214_004236_s1/63505565/ccs,138,46,46,0,100.0,0.0,0,0,0,True,0
H1,m84137_260214_004236_s1/38996441/ccs,138,46,46,0,100.0,0.0,0,0,0,True,0
H1,m84137_260214_004236_s1/73926359/ccs,138,46,46,0,100.0,0.0,0,0,0,True,0
H1,m84137_260214_004236_s1/119343131/ccs,138,46,46,0,100.0,0.0,0,0,0,True,0
H1,m84137_260214_004236_s1/103941217/ccs,138,46,46,0,100.0,0.0,0,0,0,True,0
H1,m84137_260214_004236_s1/133434315/ccs,138,46,46,0,100.0,0.0,0,0,0,True,0
H1,m84137_260214_004236_s1/62592104/ccs,138,46,46,0,100.0,0.0,0,0,0,True,0
H1,m84137_260214_004236_s1/85267709/ccs,138,46,46,0,100.0,0.0,0,0,0,True,0
H1,m84137_260214_004236_s1/48042809/ccs,138,46,46,0,100.0,0.0,0,0,0,True,0
H1,m84137_260214_004236_s1/137303726/ccs,138,46,46,0,100.0,0.0,0,0,0,True,0
H1,m84137_260214_004236_s1/139791782/ccs,138,46,46,0,100.0,0.0,0,0,0,True,0
H1,m84137_260214_004236_s1/160568041/ccs,138,46,46,0,100.0,0.0,0,0,0,True,0
H1,m84137_260214_004236_s1/167776519/ccs,138,46,46,0,100.0,0.0,0,0,0,True,0
H1,m84137_260214_004236_s1/144641838/ccs,138,46,46,0,100.0,0.0,0,0,0,True,0
H1,m84137_260214_004236_s1/255984261/ccs,138,46,46,0,100.0,0.0,0,0,0,True,0
H1,m84137_260214_004236_s1/259784826/ccs,138,46,46,0,100.0,0.0,0,0,0,True,0
H1,m84137_260214_004236_s1/173414180/ccs,138,46,46,0,100.0,0.0,0,0,0,True,0
H1,m84137_260214_004236_s1/170659429/ccs,138,46,46,0,100.0,0.0,0,0,0,True,0
H1,m84137_260214_004236_s1/179637538/ccs,138,46,46,0,100.0,0.0,0,0,0,True,0
H1,m84137_260214_004236_s1/199365468/ccs,138,46,46,0,100.0,0.0,0,0,0,True,0
H1,m84137_260214_004236_s1/250091373/ccs,138,46,46,0,100.0,0.0,0,0,0,True,0
H1,m84137_260214_004236_s1/42796318/ccs,138,46,46,0,100.0,0.0,0,0,0,True,0
H1,m84137_260214_004236_s1/61408130/ccs,138,46,46,0,100.0,0.0,0,0,0,True,0
H1,m84137_260214_004236_s1/71633669/ccs,138,46,46,0,100.0,0.0,0,0,0,True,0
H1,m84137_260214_004236_s1/77463741/ccs,138,46,46,0,100.0,0.0,0,0,0,True,0
H1,m84137_260214_004236_s1/130352286/ccs,138,46,46,0,100.0,0.0,0,0,0,True,0
H1,m84137_260214_004236_s1/202180114/ccs,138,46,46,0,100.0,0.0,0,0,0,True,0
H1,m84137_260214_004236_s1/24383783/ccs,138,46,46,0,100.0,0.0,0,0,0,True,0
H1,m84137_260214_004236_s1/26088516/ccs,138,46,46,0,100.0,0.0,0,0,0,True,0
H1,m84137_260214_004236_s1/190120536/ccs,138,46,46,0,100.0,0.0,0,0,0,True,0
H1,m84137_260214_004236_s1/182258448/ccs,138,46,46,0,100.0,0.0,0,0,0,True,0
H1,m84137_260214_004236_s1/204669361/ccs,138,46,46,0,100.0,0.0,0,0,0,True,0
H1,m84137_260214_004236_s1/214631362/ccs,138,46,46,0,100.0,0.0,0,0,0,True,0
H1,m84137_260214_004236_s1/244384603/ccs,138,46,46,0,100.0,0.0,0,0,0,True,0
H1,m84137_260214_004236_s1/180753871/ccs,138,46,46,0,100.0,0.0,0,0,0,True,0
H1,m84137_260214_004236_s1/62983556/ccs,135,45,45,0,100.0,0.0,0,0,0,True,0
H1,m84137_260214_004236_s1/231542975/ccs,138,46,46,0,100.0,0.0,0,0,0,True,0
H1,m84137_260214_004236_s1/124387441/ccs,138,43,33,10,76.74418604651163,23.25581395348837,1,1,0,True,0
H1,m84137_260214_004236_s1/265224885/ccs,138,46,46,0,100.0,0.0,0,0,0,True,0
H1,m84137_260214_004236_s1/202901800/ccs,138,46,46,0,100.0,0.0,0,0,0,True,0
H1,m84137_260214_004236_s1/231997726/ccs,138,46,46,0,100.0,0.0,0,0,0,True,0
H1,m84137_260214_004236_s1/9180477/ccs,138,46,46,0,100.0,0.0,0,0,0,True,0
H1,m84137_260214_004236_s1/101648252/ccs,138,46,46,0,100.0,0.0,0,0,0,True,0
H1,m84137_260214_004236_s1/25954235/ccs,138,46,46,0,100.0,0.0,0,0,0,True,0
H1,m84137_260214_004236_s1/45220517/ccs,138,46,46,0,100.0,0.0,0,0,0,True,0
H1,m84137_260214_004236_s1/138412618/ccs,138,46,46,0,100.0,0.0,0,0,0,True,0
H1,m84137_260214_004236_s1/258609796/ccs,138,46,46,0,100.0,0.0,0,0,0,True,0
H1,m84137_260214_004236_s1/73990835/ccs,138,46,46,0,100.0,0.0,0,0,0,True,0
H1,m84137_260214_004236_s1/188614447/ccs,138,46,46,0,100.0,0.0,0,0,0,True,0
H1,m84137_260214_004236_s1/225577169/ccs,138,46,46,0,100.0,0.0,0,0,0,True,0
H1,m84137_260214_004236_s1/223021452/ccs,138,46,46,0,100.0,0.0,0,0,0,True,0
H1,m84137_260214_004236_s1/226232053/ccs,138,46,46,0,100.0,0.0,0,0,0,True,0
H1,m84137_260214_004236_s1/232194439/ccs,138,46,46,0,100.0,0.0,0,0,0,True,0
H1,m84137_260214_004236_s1/253887305/ccs,138,46,46,0,100.0,0.0,0,0,0,True,0
H1,m84137_260214_004236_s1/241566747/ccs,138,46,46,0,100.0,0.0,0,0,0,True,0
H1,m84137_260214_004236_s1/105975909/ccs,138,46,46,0,100.0,0.0,0,0,0,True,0
H1,m84137_260214_004236_s1/135139632/ccs,138,46,46,0,100.0,0.0,0,0,0,True,0
H1,m84137_260214_004236_s1/152178217/ccs,138,46,46,0,100.0,0.0,0,0,0,True,0
H1,m84137_260214_004236_s1/142085547/ccs,138,46,46,0,100.0,0.0,0,0,0,True,0
H1,m84137_260214_004236_s1/16651053/ccs,138,46,46,0,100.0,0.0,0,0,0,True,0
H1,m84137_260214_004236_s1/65409873/ccs,138,46,46,0,100.0,0.0,0,0,0,True,0
H1,m84137_260214_004236_s1/78778472/ccs,138,46,46,0,100.0,0.0,0,0,0,True,0
H1,m84137_260214_004236_s1/51253480/ccs,138,46,46,0,100.0,0.0,0,0,0,True,0
H1,m84137_260214_004236_s1/76092805/ccs,138,46,46,0,100.0,0.0,0,0,0,True,0
H1,m84137_260214_004236_s1/254939619/ccs,138,46,46,0,100.0,0.0,0,0,0,True,0
H1,m84137_260214_004236_s1/39062625/ccs,138,46,46,0,100.0,0.0,0,0,0,True,0
H1,m84137_260214_004236_s1/39061797/ccs,138,46,46,0,100.0,0.0,0,0,0,True,0
H1,m84137_260214_004236_s1/66258659/ccs,138,46,46,0,100.0,0.0,0,0,0,True,0
H1,m84137_260214_004236_s1/85524586/ccs,138,46,46,0,100.0,0.0,0,0,0,True,0
H1,m84137_260214_004236_s1/86966340/ccs,138,46,46,0,100.0,0.0,0,0,0,True,0
H1,m84137_260214_004236_s1/87884865/ccs,138,46,46,0,100.0,0.0,0,0,0,True,0
H1,m84137_260214_004236_s1/20778813/ccs,138,46,46,0,100.0,0.0,0,0,0,True,0
H1,m84137_260214_004236_s1/127338556/ccs,138,46,46,0,100.0,0.0,0,0,0,True,0
H1,m84137_260214_004236_s1/132317851/ccs,138,46,46,0,100.0,0.0,0,0,0,True,0
H1,m84137_260214_004236_s1/165287164/ccs,138,46,46,0,100.0,0.0,0,0,0,True,0
H1,m84137_260214_004236_s1/167647069/ccs,138,46,46,0,100.0,0.0,0,0,0,True,0
H1,m84137_260214_004236_s1/149231129/ccs,135,45,45,0,100.0,0.0,0,0,0,True,0
H1,m84137_260214_004236_s1/179638131/ccs,138,46,46,0,100.0,0.0,0,0,0,True,0
H1,m84137_260214_004236_s1/180424668/ccs,138,46,46,0,100.0,0.0,0,0,0,True,0
H1,m84137_260214_004236_s1/225185361/ccs,138,46,46,0,100.0,0.0,0,0,0,True,0
H1,m84137_260214_004236_s1/184489540/ccs,138,46,46,0,100.0,0.0,0,0,0,True,0
H1,m84137_260214_004236_s1/266536699/ccs,138,46,46,0,100.0,0.0,0,0,0,True,0
H1,m84137_260214_004236_s1/7673338/ccs,138,46,46,0,100.0,0.0,0,0,0,True,0
H1,m84137_260214_004236_s1/30019347/ccs,138,46,46,0,100.0,0.0,0,0,0,True,0
H1,m84137_260214_004236_s1/135988489/ccs,138,46,46,0,100.0,0.0,0,0,0,True,0
H1,m84137_260214_004236_s1/69010308/ccs,138,46,46,0,100.0,0.0,0,0,0,True,0
H1,m84137_260214_004236_s1/255591533/ccs,141,47,47,0,100.0,0.0,0,0,0,True,0
H1,m84137_260214_004236_s1/82445391/ccs,139,46,34,12,73.91304347826086,26.08695652173913,1,1,1,False,1
H1,m84137_260214_004236_s1/95159073/ccs,138,46,46,0,100.0,0.0,0,0,0,True,0
H1,m84137_260214_004236_s1/27267594/ccs,139,45,39,6,86.66666666666667,13.333333333333334,1,1,1,False,1
H1,m84137_260214_004236_s1/115736643/ccs,140,46,8,38,17.391304347826086,82.6086956521739,1,1,2,False,2
H1,m84137_260214_004236_s1/220141216/ccs,140,44,6,38,13.636363636363635,86.36363636363636,0,0,2,False,2
H1,m84137_260214_004236_s1/31588605/ccs,140,34,29,5,85.29411764705883,14.705882352941178,0,0,2,False,2
H1,m84137_260214_004236_s1/145099371/ccs,140,43,26,17,60.46511627906976,39.53488372093023,1,1,2,False,2
H1,m84137_260214_004236_s1/18418609/ccs,141,47,47,0,100.0,0.0,0,0,0,True,0
H1,m84137_260214_004236_s1/229771135/ccs,138,42,8,34,19.047619047619047,80.95238095238095,2,2,0,True,0
H1,m84137_260214_004236_s1/95420685/ccs,141,47,47,0,100.0,0.0,0,0,0,True,0
H1,m84137_260214_004236_s1/125763633/ccs,141,47,47,0,100.0,0.0,0,0,0,True,0
H1,m84137_260214_004236_s1/46531824/ccs,141,47,47,0,100.0,0.0,0,0,0,True,0
H1,m84137_260214_004236_s1/43256449/ccs,141,47,47,0,100.0,0.0,0,0,0,True,0
H1,m84137_260214_004236_s1/192546363/ccs,141,47,47,0,100.0,0.0,0,0,0,True,0
H1,m84137_260214_004236_s1/176882077/ccs,141,47,47,0,100.0,0.0,0,0,0,True,0
H1,m84137_260214_004236_s1/114491665/ccs,141,47,47,0,100.0,0.0,0,0,0,True,0
H1,m84137_260214_004236_s1/37623475/ccs,141,47,47,0,100.0,0.0,0,0,0,True,0
H1,m84137_260214_004236_s1/225512388/ccs,141,47,47,0,100.0,0.0,0,0,0,True,0
H1,m84137_260214_004236_s1/126029477/ccs,141,47,47,0,100.0,0.0,0,0,0,True,0
H1,m84137_260214_004236_s1/146018784/ccs,140,46,15,31,32.608695652173914,67.3913043478261,1,1,2,False,2
H1,m84137_260214_004236_s1/218959428/ccs,141,47,47,0,100.0,0.0,0,0,0,True,0
H1,m84137_260214_004236_s1/189009832/ccs,141,47,47,0,100.0,0.0,0,0,0,True,0
H1,m84137_260214_004236_s1/206507424/ccs,141,47,47,0,100.0,0.0,0,0,0,True,0
H1,m84137_260214_004236_s1/248776177/ccs,138,46,46,0,100.0,0.0,0,0,0,True,0
H1,m84137_260214_004236_s1/258543060/ccs,141,47,47,0,100.0,0.0,0,0,0,True,0
H1,m84137_260214_004236_s1/14551545/ccs,141,47,47,0,100.0,0.0,0,0,0,True,0
H1,m84137_260214_004236_s1/139984935/ccs,141,47,47,0,100.0,0.0,0,0,0,True,0
H1,m84137_260214_004236_s1/205262444/ccs,141,47,47,0,100.0,0.0,0,0,0,True,0
H1,m84137_260214_004236_s1/210698528/ccs,141,47,47,0,100.0,0.0,0,0,0,True,0
H1,m84137_260214_004236_s1/212142436/ccs,141,47,47,0,100.0,0.0,0,0,0,True,0
H1,m84137_260214_004236_s1/28443823/ccs,141,47,47,0,100.0,0.0,0,0,0,True,0
H1,m84137_260214_004236_s1/11274218/ccs,141,47,47,0,100.0,0.0,0,0,0,True,0
H1,m84137_260214_004236_s1/6424062/ccs,141,47,47,0,100.0,0.0,0,0,0,True,0
H1,m84137_260214_004236_s1/3278597/ccs,141,47,47,0,100.0,0.0,0,0,0,True,0
H1,m84137_260214_004236_s1/29557764/ccs,141,47,47,0,100.0,0.0,0,0,0,True,0
H1,m84137_260214_004236_s1/55968319/ccs,141,47,47,0,100.0,0.0,0,0,0,True,0
H1,m84137_260214_004236_s1/34734297/ccs,141,47,47,0,100.0,0.0,0,0,0,True,0
H1,m84137_260214_004236_s1/34735283/ccs,141,47,47,0,100.0,0.0,0,0,0,True,0
H1,m84137_260214_004236_s1/162529321/ccs,141,47,47,0,100.0,0.0,0,0,0,True,0
H1,m84137_260214_004236_s1/159253770/ccs,141,47,47,0,100.0,0.0,0,0,0,True,0
H1,m84137_260214_004236_s1/147391598/ccs,141,47,47,0,100.0,0.0,0,0,0,True,0
H1,m84137_260214_004236_s1/174457877/ccs,141,47,47,0,100.0,0.0,0,0,0,True,0
H1,m84137_260214_004236_s1/112656901/ccs,141,47,47,0,100.0,0.0,0,0,0,True,0
H1,m84137_260214_004236_s1/122817241/ccs,141,47,47,0,100.0,0.0,0,0,0,True,0
H1,m84137_260214_004236_s1/152109343/ccs,141,47,47,0,100.0,0.0,0,0,0,True,0
H1,m84137_260214_004236_s1/115214234/ccs,141,47,47,0,100.0,0.0,0,0,0,True,0
H1,m84137_260214_004236_s1/72224267/ccs,141,47,47,0,100.0,0.0,0,0,0,True,0
H1,m84137_260214_004236_s1/124849622/ccs,141,47,47,0,100.0,0.0,0,0,0,True,0
H1,m84137_260214_004236_s1/113578564/ccs,141,47,47,0,100.0,0.0,0,0,0,True,0
H1,m84137_260214_004236_s1/154932700/ccs,141,47,47,0,100.0,0.0,0,0,0,True,0
H1,m84137_260214_004236_s1/163843886/ccs,141,47,47,0,100.0,0.0,0,0,0,True,0
H1,m84137_260214_004236_s1/235997582/ccs,141,47,47,0,100.0,0.0,0,0,0,True,0
H1,m84137_260214_004236_s1/150736036/ccs,141,47,47,0,100.0,0.0,0,0,0,True,0
H1,m84137_260214_004236_s1/207097128/ccs,141,47,47,0,100.0,0.0,0,0,0,True,0
H1,m84137_260214_004236_s1/199364055/ccs,141,47,47,0,100.0,0.0,0,0,0,True,0
H1,m84137_260214_004236_s1/182390466/ccs,141,47,47,0,100.0,0.0,0,0,0,True,0
H1,m84137_260214_004236_s1/226367007/ccs,141,47,47,0,100.0,0.0,0,0,0,True,0
H1,m84137_260214_004236_s1/92275690/ccs,141,47,47,0,100.0,0.0,0,0,0,True,0
H1,m84137_260214_004236_s1/89457200/ccs,141,47,47,0,100.0,0.0,0,0,0,True,0
H1,m84137_260214_004236_s1/259396447/ccs,141,47,47,0,100.0,0.0,0,0,0,True,0
H1,m84137_260214_004236_s1/239078683/ccs,141,47,47,0,100.0,0.0,0,0,0,True,0
H1,m84137_260214_004236_s1/266603523/ccs,141,47,47,0,100.0,0.0,0,0,0,True,0
H1,m84137_260214_004236_s1/225380074/ccs,141,47,47,0,100.0,0.0,0,0,0,True,0
H1,m84137_260214_004236_s1/184420070/ccs,141,47,47,0,100.0,0.0,0,0,0,True,0
H1,m84137_260214_004236_s1/65540549/ccs,141,47,47,0,100.0,0.0,0,0,0,True,0
H1,m84137_260214_004236_s1/74715065/ccs,141,47,47,0,100.0,0.0,0,0,0,True,0
H1,m84137_260214_004236_s1/111939829/ccs,141,47,47,0,100.0,0.0,0,0,0,True,0
H1,m84137_260214_004236_s1/133042652/ccs,141,47,47,0,100.0,0.0,0,0,0,True,0
H1,m84137_260214_004236_s1/156112648/ccs,141,47,47,0,100.0,0.0,0,0,0,True,0
H1,m84137_260214_004236_s1/139199888/ccs,141,47,47,0,100.0,0.0,0,0,0,True,0
H1,m84137_260214_004236_s1/247270138/ccs,141,47,47,0,100.0,0.0,0,0,0,True,0
H1,m84137_260214_004236_s1/34341773/ccs,141,47,47,0,100.0,0.0,0,0,0,True,0
H1,m84137_260214_004236_s1/34933115/ccs,141,47,47,0,100.0,0.0,0,0,0,True,0
H1,m84137_260214_004236_s1/15402681/ccs,141,47,47,0,100.0,0.0,0,0,0,True,0
H1,m84137_260214_004236_s1/35128254/ccs,141,47,47,0,100.0,0.0,0,0,0,True,0
H1,m84137_260214_004236_s1/59310395/ccs,141,47,47,0,100.0,0.0,0,0,0,True,0
H1,m84137_260214_004236_s1/41877627/ccs,138,46,46,0,100.0,0.0,0,0,0,True,0
H1,m84137_260214_004236_s1/64095270/ccs,138,46,46,0,100.0,0.0,0,0,0,True,0
H1,m84137_260214_004236_s1/132907429/ccs,141,47,47,0,100.0,0.0,0,0,0,True,0
H1,m84137_260214_004236_s1/162662742/ccs,141,47,47,0,100.0,0.0,0,0,0,True,0
H1,m84137_260214_004236_s1/143917292/ccs,141,47,47,0,100.0,0.0,0,0,0,True,0
H1,m84137_260214_004236_s1/232983647/ccs,141,47,47,0,100.0,0.0,0,0,0,True,0
H1,m84137_260214_004236_s1/237967123/ccs,141,47,47,0,100.0,0.0,0,0,0,True,0
H1,m84137_260214_004236_s1/181668390/ccs,141,47,47,0,100.0,0.0,0,0,0,True,0
H1,m84137_260214_004236_s1/186450370/ccs,141,47,47,0,100.0,0.0,0,0,0,True,0
H1,m84137_260214_004236_s1/149358576/ccs,141,47,47,0,100.0,0.0,0,0,0,True,0
H1,m84137_260214_004236_s1/149489930/ccs,141,47,47,0,100.0,0.0,0,0,0,True,0
H1,m84137_260214_004236_s1/150667750/ccs,141,47,47,0,100.0,0.0,0,0,0,True,0
H1,m84137_260214_004236_s1/151983777/ccs,141,47,47,0,100.0,0.0,0,0,0,True,0
H1,m84137_260214_004236_s1/59773776/ccs,141,47,47,0,100.0,0.0,0,0,0,True,0
H1,m84137_260214_004236_s1/70653543/ccs,141,47,47,0,100.0,0.0,0,0,0,True,0
H1,m84137_260214_004236_s1/96931581/ccs,141,47,47,0,100.0,0.0,0,0,0,True,0
H1,m84137_260214_004236_s1/80089308/ccs,141,47,47,0,100.0,0.0,0,0,0,True,0
H1,m84137_260214_004236_s1/267584470/ccs,141,47,47,0,100.0,0.0,0,0,0,True,0
H1,m84137_260214_004236_s1/175900655/ccs,141,47,47,0,100.0,0.0,0,0,0,True,0
H1,m84137_260214_004236_s1/50267049/ccs,141,47,47,0,100.0,0.0,0,0,0,True,0
H1,m84137_260214_004236_s1/96994509/ccs,141,47,47,0,100.0,0.0,0,0,0,True,0
H1,m84137_260214_004236_s1/237175966/ccs,141,47,47,0,100.0,0.0,0,0,0,True,0
H1,m84137_260214_004236_s1/264505082/ccs,141,47,47,0,100.0,0.0,0,0,0,True,0
H1,m84137_260214_004236_s1/24710840/ccs,141,47,47,0,100.0,0.0,0,0,0,True,0
H1,m84137_260214_004236_s1/136645230/ccs,141,47,47,0,100.0,0.0,0,0,0,True,0
H1,m84137_260214_004236_s1/147068641/ccs,141,47,47,0,100.0,0.0,0,0,0,True,0
H1,m84137_260214_004236_s1/207163793/ccs,141,47,47,0,100.0,0.0,0,0,0,True,0
H1,m84137_260214_004236_s1/11671227/ccs,141,47,47,0,100.0,0.0,0,0,0,True,0
H1,m84137_260214_004236_s1/56170373/ccs,141,47,47,0,100.0,0.0,0,0,0,True,0
H1,m84137_260214_004236_s1/231543989/ccs,141,47,47,0,100.0,0.0,0,0,0,True,0
H1,m84137_260214_004236_s1/181602433/ccs,141,47,47,0,100.0,0.0,0,0,0,True,0
H1,m84137_260214_004236_s1/60102338/ccs,141,47,47,0,100.0,0.0,0,0,0,True,0
H1,m84137_260214_004236_s1/192153773/ccs,142,47,39,8,82.97872340425532,17.02127659574468,1,1,1,False,1
H1,m84137_260214_004236_s1/97517751/ccs,139,43,25,18,58.139534883720934,41.86046511627907,0,0,1,False,1
H1,m84137_260214_004236_s1/197657054/ccs,142,47,25,22,53.191489361702125,46.808510638297875,1,1,1,False,1
H1,m84137_260214_004236_s1/236656562/ccs,142,44,30,14,68.18181818181817,31.818181818181817,0,0,1,False,1
H1,m84137_260214_004236_s1/55773683/ccs,142,47,4,43,8.51063829787234,91.48936170212765,1,1,1,False,1
H1,m84137_260214_004236_s1/255787545/ccs,144,48,48,0,100.0,0.0,0,0,0,True,0
H1,m84137_260214_004236_s1/237568582/ccs,144,48,48,0,100.0,0.0,0,0,0,True,0
H1,m84137_260214_004236_s1/239143531/ccs,144,48,48,0,100.0,0.0,0,0,0,True,0
H1,m84137_260214_004236_s1/249168733/ccs,144,48,48,0,100.0,0.0,0,0,0,True,0
H1,m84137_260214_004236_s1/79562720/ccs,144,48,48,0,100.0,0.0,0,0,0,True,0
H1,m84137_260214_004236_s1/188155693/ccs,144,48,48,0,100.0,0.0,0,0,0,True,0
H1,m84137_260214_004236_s1/162597198/ccs,144,48,48,0,100.0,0.0,0,0,0,True,0
H1,m84137_260214_004236_s1/163250272/ccs,144,48,48,0,100.0,0.0,0,0,0,True,0
H1,m84137_260214_004236_s1/180684952/ccs,144,48,48,0,100.0,0.0,0,0,0,True,0
H1,m84137_260214_004236_s1/75895523/ccs,144,48,48,0,100.0,0.0,0,0,0,True,0
H1,m84137_260214_004236_s1/129830964/ccs,144,48,48,0,100.0,0.0,0,0,0,True,0
H1,m84137_260214_004236_s1/241110072/ccs,144,48,48,0,100.0,0.0,0,0,0,True,0
H1,m84137_260214_004236_s1/135727482/ccs,144,48,48,0,100.0,0.0,0,0,0,True,0
H1,m84137_260214_004236_s1/259135289/ccs,144,48,48,0,100.0,0.0,0,0,0,True,0
H1,m84137_260214_004236_s1/235013196/ccs,144,48,48,0,100.0,0.0,0,0,0,True,0
H1,m84137_260214_004236_s1/204407265/ccs,144,48,48,0,100.0,0.0,0,0,0,True,0
H1,m84137_260214_004236_s1/5898744/ccs,144,48,48,0,100.0,0.0,0,0,0,True,0
H1,m84137_260214_004236_s1/38667776/ccs,144,48,48,0,100.0,0.0,0,0,0,True,0
H1,m84137_260214_004236_s1/151848780/ccs,144,48,48,0,100.0,0.0,0,0,0,True,0
H1,m84137_260214_004236_s1/75435087/ccs,144,48,48,0,100.0,0.0,0,0,0,True,0
H1,m84137_260214_004236_s1/159978415/ccs,144,48,48,0,100.0,0.0,0,0,0,True,0
H1,m84137_260214_004236_s1/228657724/ccs,144,48,48,0,100.0,0.0,0,0,0,True,0
H1,m84137_260214_004236_s1/194189138/ccs,144,48,48,0,100.0,0.0,0,0,0,True,0
H1,m84137_260214_004236_s1/205919183/ccs,144,48,48,0,100.0,0.0,0,0,0,True,0
H1,m84137_260214_004236_s1/28445762/ccs,144,48,48,0,100.0,0.0,0,0,0,True,0
H1,m84137_260214_004236_s1/221906781/ccs,144,48,48,0,100.0,0.0,0,0,0,True,0
H1,m84137_260214_004236_s1/74779696/ccs,144,48,48,0,100.0,0.0,0,0,0,True,0
H1,m84137_260214_004236_s1/13112426/ccs,144,48,48,0,100.0,0.0,0,0,0,True,0
H1,m84137_260214_004236_s1/97982240/ccs,144,48,48,0,100.0,0.0,0,0,0,True,0
H1,m84137_260214_004236_s1/19006249/ccs,144,48,48,0,100.0,0.0,0,0,0,True,0
H1,m84137_260214_004236_s1/4587663/ccs,144,48,48,0,100.0,0.0,0,0,0,True,0
H1,m84137_260214_004236_s1/108137071/ccs,144,48,48,0,100.0,0.0,0,0,0,True,0
H1,m84137_260214_004236_s1/13764158/ccs,144,48,48,0,100.0,0.0,0,0,0,True,0
H1,m84137_260214_004236_s1/20513553/ccs,144,48,48,0,100.0,0.0,0,0,0,True,0
H1,m84137_260214_004236_s1/9898965/ccs,144,48,48,0,100.0,0.0,0,0,0,True,0
H1,m84137_260214_004236_s1/45613367/ccs,144,48,48,0,100.0,0.0,0,0,0,True,0
H1,m84137_260214_004236_s1/191825574/ccs,144,48,48,0,100.0,0.0,0,0,0,True,0
H1,m84137_260214_004236_s1/264243362/ccs,144,48,48,0,100.0,0.0,0,0,0,True,0
H1,m84137_260214_004236_s1/189794754/ccs,144,48,48,0,100.0,0.0,0,0,0,True,0
H1,m84137_260214_004236_s1/128849304/ccs,144,48,48,0,100.0,0.0,0,0,0,True,0
H1,m84137_260214_004236_s1/250020694/ccs,144,48,48,0,100.0,0.0,0,0,0,True,0
H1,m84137_260214_004236_s1/67962097/ccs,144,48,48,0,100.0,0.0,0,0,0,True,0
H1,m84137_260214_004236_s1/73531984/ccs,144,48,48,0,100.0,0.0,0,0,0,True,0
H1,m84137_260214_004236_s1/95554286/ccs,144,48,48,0,100.0,0.0,0,0,0,True,0
H1,m84137_260214_004236_s1/247924297/ccs,144,48,48,0,100.0,0.0,0,0,0,True,0
H1,m84137_260214_004236_s1/245891756/ccs,144,48,48,0,100.0,0.0,0,0,0,True,0
H1,m84137_260214_004236_s1/32706623/ccs,144,48,48,0,100.0,0.0,0,0,0,True,0
H1,m84137_260214_004236_s1/106498684/ccs,144,48,48,0,100.0,0.0,0,0,0,True,0
H1,m84137_260214_004236_s1/103549766/ccs,144,48,48,0,100.0,0.0,0,0,0,True,0
H1,m84137_260214_004236_s1/111283050/ccs,144,48,48,0,100.0,0.0,0,0,0,True,0
H1,m84137_260214_004236_s1/111545299/ccs,144,48,48,0,100.0,0.0,0,0,0,True,0
H1,m84137_260214_004236_s1/191499713/ccs,144,48,48,0,100.0,0.0,0,0,0,True,0
H1,m84137_260214_004236_s1/189207506/ccs,144,48,48,0,100.0,0.0,0,0,0,True,0
H1,m84137_260214_004236_s1/20779624/ccs,144,48,48,0,100.0,0.0,0,0,0,True,0
H1,m84137_260214_004236_s1/214631406/ccs,144,48,48,0,100.0,0.0,0,0,0,True,0
H1,m84137_260214_004236_s1/182061009/ccs,145,48,39,9,81.25,18.75,1,1,1,False,1
H1,m84137_260214_004236_s1/238027499/ccs,146,48,21,27,43.75,56.25,1,1,2,False,2
H1,m84137_260214_004236_s1/234881600/ccs,142,47,41,6,87.2340425531915,12.76595744680851,1,1,1,False,1
H1,m84137_260214_004236_s1/4985741/ccs,141,47,47,0,100.0,0.0,0,0,0,True,0
H1,m84137_260214_004236_s1/217448607/ccs,147,49,49,0,100.0,0.0,0,0,0,True,0
H1,m84137_260214_004236_s1/237700405/ccs,147,49,49,0,100.0,0.0,0,0,0,True,0
H1,m84137_260214_004236_s1/244189391/ccs,147,49,49,0,100.0,0.0,0,0,0,True,0
H1,m84137_260214_004236_s1/261358310/ccs,147,49,49,0,100.0,0.0,0,0,0,True,0
H1,m84137_260214_004236_s1/163579829/ccs,147,49,49,0,100.0,0.0,0,0,0,True,0
H1,m84137_260214_004236_s1/35458412/ccs,147,49,49,0,100.0,0.0,0,0,0,True,0
H1,m84137_260214_004236_s1/76811705/ccs,147,49,49,0,100.0,0.0,0,0,0,True,0
H1,m84137_260214_004236_s1/131469412/ccs,147,49,49,0,100.0,0.0,0,0,0,True,0
H1,m84137_260214_004236_s1/157226466/ccs,147,49,49,0,100.0,0.0,0,0,0,True,0
H1,m84137_260214_004236_s1/209850769/ccs,147,49,49,0,100.0,0.0,0,0,0,True,0
H1,m84137_260214_004236_s1/239865344/ccs,153,51,51,0,100.0,0.0,0,0,0,True,0
H1,m84137_260214_004236_s1/213517304/ccs,147,49,49,0,100.0,0.0,0,0,0,True,0
H1,m84137_260214_004236_s1/15008098/ccs,147,49,49,0,100.0,0.0,0,0,0,True,0
H1,m84137_260214_004236_s1/16386035/ccs,147,49,49,0,100.0,0.0,0,0,0,True,0
H1,m84137_260214_004236_s1/155190184/ccs,147,49,49,0,100.0,0.0,0,0,0,True,0
H1,m84137_260214_004236_s1/147260281/ccs,147,49,49,0,100.0,0.0,0,0,0,True,0
H1,m84137_260214_004236_s1/58526341/ccs,147,49,49,0,100.0,0.0,0,0,0,True,0
H1,m84137_260214_004236_s1/104270571/ccs,144,48,48,0,100.0,0.0,0,0,0,True,0
H1,m84137_260214_004236_s1/103355889/ccs,147,49,49,0,100.0,0.0,0,0,0,True,0
H1,m84137_260214_004236_s1/210306724/ccs,147,49,49,0,100.0,0.0,0,0,0,True,0
H1,m84137_260214_004236_s1/117901732/ccs,147,49,49,0,100.0,0.0,0,0,0,True,0
H1,m84137_260214_004236_s1/72615394/ccs,147,49,49,0,100.0,0.0,0,0,0,True,0
H1,m84137_260214_004236_s1/148111401/ccs,144,42,18,24,42.857142857142854,57.14285714285714,0,0,0,True,0
H1,m84137_260214_004236_s1/205128380/ccs,147,49,49,0,100.0,0.0,0,0,0,True,0
H1,m84137_260214_004236_s1/169742388/ccs,147,49,49,0,100.0,0.0,0,0,0,True,0
H1,m84137_260214_004236_s1/19990367/ccs,147,49,49,0,100.0,0.0,0,0,0,True,0
H1,m84137_260214_004236_s1/30540174/ccs,147,49,49,0,100.0,0.0,0,0,0,True,0
H1,m84137_260214_004236_s1/51645014/ccs,147,49,49,0,100.0,0.0,0,0,0,True,0
H1,m84137_260214_004236_s1/163645725/ccs,147,49,49,0,100.0,0.0,0,0,0,True,0
H1,m84137_260214_004236_s1/166725714/ccs,147,49,49,0,100.0,0.0,0,0,0,True,0
H1,m84137_260214_004236_s1/191037773/ccs,147,49,49,0,100.0,0.0,0,0,0,True,0
H1,m84137_260214_004236_s1/253037187/ccs,147,49,49,0,100.0,0.0,0,0,0,True,0
H1,m84137_260214_004236_s1/235734115/ccs,147,49,49,0,100.0,0.0,0,0,0,True,0
H1,m84137_260214_004236_s1/137171973/ccs,147,49,49,0,100.0,0.0,0,0,0,True,0
H1,m84137_260214_004236_s1/95882850/ccs,147,49,49,0,100.0,0.0,0,0,0,True,0
H1,m84137_260214_004236_s1/172822366/ccs,147,49,49,0,100.0,0.0,0,0,0,True,0
H1,m84137_260214_004236_s1/254283631/ccs,147,49,49,0,100.0,0.0,0,0,0,True,0
H1,m84137_260214_004236_s1/102301922/ccs,147,49,49,0,100.0,0.0,0,0,0,True,0
H1,m84137_260214_004236_s1/261030667/ccs,147,49,49,0,100.0,0.0,0,0,0,True,0
H1,m84137_260214_004236_s1/127076380/ccs,147,49,49,0,100.0,0.0,0,0,0,True,0
H1,m84137_260214_004236_s1/224726198/ccs,147,49,49,0,100.0,0.0,0,0,0,True,0
H1,m84137_260214_004236_s1/210046931/ccs,147,49,49,0,100.0,0.0,0,0,0,True,0
H1,m84137_260214_004236_s1/211750067/ccs,147,49,49,0,100.0,0.0,0,0,0,True,0
H1,m84137_260214_004236_s1/266929637/ccs,147,49,49,0,100.0,0.0,0,0,0,True,0
H1,m84137_260214_004236_s1/9310186/ccs,147,49,49,0,100.0,0.0,0,0,0,True,0
H1,m84137_260214_004236_s1/123473865/ccs,147,49,49,0,100.0,0.0,0,0,0,True,0
H1,m84137_260214_004236_s1/207423415/ccs,148,49,46,3,93.87755102040816,6.122448979591836,1,1,1,False,1
H1,m84137_260214_004236_s1/224855079/ccs,149,47,36,11,76.59574468085107,23.404255319148938,0,0,2,False,2
H1,m84137_260214_004236_s1/4982489/ccs,150,50,50,0,100.0,0.0,0,0,0,True,0
H1,m84137_260214_004236_s1/156829517/ccs,150,50,50,0,100.0,0.0,0,0,0,True,0
H1,m84137_260214_004236_s1/158926969/ccs,150,50,50,0,100.0,0.0,0,0,0,True,0
H1,m84137_260214_004236_s1/61937241/ccs,150,50,50,0,100.0,0.0,0,0,0,True,0
H1,m84137_260214_004236_s1/110171377/ccs,150,50,50,0,100.0,0.0,0,0,0,True,0
H1,m84137_260214_004236_s1/210767423/ccs,150,50,50,0,100.0,0.0,0,0,0,True,0
H1,m84137_260214_004236_s1/131269015/ccs,150,50,50,0,100.0,0.0,0,0,0,True,0
H1,m84137_260214_004236_s1/144379663/ccs,150,50,50,0,100.0,0.0,0,0,0,True,0
H1,m84137_260214_004236_s1/210829693/ccs,150,50,50,0,100.0,0.0,0,0,0,True,0
H1,m84137_260214_004236_s1/166597609/ccs,150,50,50,0,100.0,0.0,0,0,0,True,0
H1,m84137_260214_004236_s1/99550031/ccs,150,50,50,0,100.0,0.0,0,0,0,True,0
H1,m84137_260214_004236_s1/245632758/ccs,150,50,50,0,100.0,0.0,0,0,0,True,0
H1,m84137_260214_004236_s1/198574195/ccs,150,50,50,0,100.0,0.0,0,0,0,True,0
H1,m84137_260214_004236_s1/184025856/ccs,156,52,52,0,100.0,0.0,0,0,0,True,0
H1,m84137_260214_004236_s1/201789951/ccs,150,50,50,0,100.0,0.0,0,0,0,True,0
H1,m84137_260214_004236_s1/214111466/ccs,150,50,50,0,100.0,0.0,0,0,0,True,0
H1,m84137_260214_004236_s1/171706802/ccs,150,50,50,0,100.0,0.0,0,0,0,True,0
H1,m84137_260214_004236_s1/210504691/ccs,150,50,50,0,100.0,0.0,0,0,0,True,0
H1,m84137_260214_004236_s1/212797107/ccs,150,50,50,0,100.0,0.0,0,0,0,True,0
H1,m84137_260214_004236_s1/229050764/ccs,150,50,50,0,100.0,0.0,0,0,0,True,0
H1,m84137_260214_004236_s1/90639563/ccs,150,50,50,0,100.0,0.0,0,0,0,True,0
H1,m84137_260214_004236_s1/95424756/ccs,150,50,50,0,100.0,0.0,0,0,0,True,0
H1,m84137_260214_004236_s1/76549576/ccs,150,50,50,0,100.0,0.0,0,0,0,True,0
H1,m84137_260214_004236_s1/120130535/ccs,150,50,50,0,100.0,0.0,0,0,0,True,0
H1,m84137_260214_004236_s1/72679784/ccs,151,50,41,9,82.0,18.0,1,1,1,False,1
H1,m84137_260214_004236_s1/96273784/ccs,152,40,7,33,17.5,82.5,1,1,2,False,2
H1,m84137_260214_004236_s1/123931052/ccs,152,50,36,14,72.0,28.000000000000004,1,1,2,False,2
H1,m84137_260214_004236_s1/94180800/ccs,153,51,51,0,100.0,0.0,0,0,0,True,0
H1,m84137_260214_004236_s1/58655608/ccs,150,50,50,0,100.0,0.0,0,0,0,True,0
H1,m84137_260214_004236_s1/240916127/ccs,153,51,51,0,100.0,0.0,0,0,0,True,0
H1,m84137_260214_004236_s1/54595351/ccs,153,51,51,0,100.0,0.0,0,0,0,True,0
H1,m84137_260214_004236_s1/235539299/ccs,153,51,51,0,100.0,0.0,0,0,0,True,0
H1,m84137_260214_004236_s1/226099303/ccs,153,51,51,0,100.0,0.0,0,0,0,True,0
H1,m84137_260214_004236_s1/13239724/ccs,153,51,51,0,100.0,0.0,0,0,0,True,0
H1,m84137_260214_004236_s1/138217597/ccs,153,51,51,0,100.0,0.0,0,0,0,True,0
H1,m84137_260214_004236_s1/99160043/ccs,153,51,51,0,100.0,0.0,0,0,0,True,0
H1,m84137_260214_004236_s1/86640789/ccs,153,51,51,0,100.0,0.0,0,0,0,True,0
H1,m84137_260214_004236_s1/264374194/ccs,153,51,51,0,100.0,0.0,0,0,0,True,0
H1,m84137_260214_004236_s1/37884285/ccs,153,51,51,0,100.0,0.0,0,0,0,True,0
H1,m84137_260214_004236_s1/239602079/ccs,154,50,31,19,62.0,38.0,1,1,1,False,1
H1,m84137_260214_004236_s1/43912421/ccs,156,52,52,0,100.0,0.0,0,0,0,True,0
H1,m84137_260214_004236_s1/142610643/ccs,156,52,52,0,100.0,0.0,0,0,0,True,0
H1,m84137_260214_004236_s1/199824611/ccs,156,52,52,0,100.0,0.0,0,0,0,True,0
H1,m84137_260214_004236_s1/265557155/ccs,156,52,52,0,100.0,0.0,0,0,0,True,0
H1,m84137_260214_004236_s1/176886649/ccs,156,52,52,0,100.0,0.0,0,0,0,True,0
H1,m84137_260214_004236_s1/171247610/ccs,156,52,52,0,100.0,0.0,0,0,0,True,0
H1,m84137_260214_004236_s1/172163802/ccs,156,52,52,0,100.0,0.0,0,0,0,True,0
H1,m84137_260214_004236_s1/22085776/ccs,156,52,52,0,100.0,0.0,0,0,0,True,0
H1,m84137_260214_004236_s1/15927958/ccs,156,52,52,0,100.0,0.0,0,0,0,True,0
H1,m84137_260214_004236_s1/241109075/ccs,156,52,52,0,100.0,0.0,0,0,0,True,0
H1,m84137_260214_004236_s1/72025769/ccs,156,52,52,0,100.0,0.0,0,0,0,True,0
H1,m84137_260214_004236_s1/14817036/ccs,156,52,52,0,100.0,0.0,0,0,0,True,0
H1,m84137_260214_004236_s1/29824513/ccs,159,53,53,0,100.0,0.0,0,0,0,True,0
H1,m84137_260214_004236_s1/61539542/ccs,159,53,53,0,100.0,0.0,0,0,0,True,0
H1,m84137_260214_004236_s1/25428765/ccs,159,53,53,0,100.0,0.0,0,0,0,True,0
H1,m84137_260214_004236_s1/163317875/ccs,159,53,53,0,100.0,0.0,0,0,0,True,0
H1,m84137_260214_004236_s1/53609406/ccs,159,53,53,0,100.0,0.0,0,0,0,True,0
H1,m84137_260214_004236_s1/145560408/ccs,159,53,53,0,100.0,0.0,0,0,0,True,0
H1,m84137_260214_004236_s1/78974894/ccs,156,52,52,0,100.0,0.0,0,0,0,True,0
H1,m84137_260214_004236_s1/81003231/ccs,159,53,53,0,100.0,0.0,0,0,0,True,0
H1,m84137_260214_004236_s1/126552328/ccs,157,43,27,16,62.7906976744186,37.2093023255814,0,0,1,False,1
H1,m84137_260214_004236_s1/58199146/ccs,159,53,53,0,100.0,0.0,0,0,0,True,0
H1,m84137_260214_004236_s1/190580559/ccs,162,54,54,0,100.0,0.0,0,0,0,True,0
H1,m84137_260214_004236_s1/227411215/ccs,162,54,54,0,100.0,0.0,0,0,0,True,0
H1,m84137_260214_004236_s1/160044805/ccs,162,54,54,0,100.0,0.0,0,0,0,True,0
H1,m84137_260214_004236_s1/93195118/ccs,162,54,54,0,100.0,0.0,0,0,0,True,0
H1,m84137_260214_004236_s1/203756170/ccs,162,54,54,0,100.0,0.0,0,0,0,True,0
H1,m84137_260214_004236_s1/35656043/ccs,162,54,54,0,100.0,0.0,0,0,0,True,0
H1,m84137_260214_004236_s1/44238429/ccs,165,55,55,0,100.0,0.0,0,0,0,True,0
H1,m84137_260214_004236_s1/118165713/ccs,165,55,55,0,100.0,0.0,0,0,0,True,0
H1,m84137_260214_004236_s1/198118315/ccs,165,55,55,0,100.0,0.0,0,0,0,True,0
H1,m84137_260214_004236_s1/255394037/ccs,165,55,55,0,100.0,0.0,0,0,0,True,0
H1,m84137_260214_004236_s1/103157687/ccs,165,55,55,0,100.0,0.0,0,0,0,True,0
H1,m84137_260214_004236_s1/232588853/ccs,166,55,15,40,27.27272727272727,72.72727272727273,1,1,1,False,1
H1,m84137_260214_004236_s1/112463268/ccs,168,56,56,0,100.0,0.0,0,0,0,True,0
H1,m84137_260214_004236_s1/168362965/ccs,171,57,57,0,100.0,0.0,0,0,0,True,0
H1,m84137_260214_004236_s1/128648160/ccs,171,57,57,0,100.0,0.0,0,0,0,True,0
H1,m84137_260214_004236_s1/118887540/ccs,171,57,57,0,100.0,0.0,0,0,0,True,0
H1,m84137_260214_004236_s1/174262461/ccs,174,58,58,0,100.0,0.0,0,0,0,True,0
H1,m84137_260214_004236_s1/40175216/ccs,174,58,58,0,100.0,0.0,0,0,0,True,0
H1,m84137_260214_004236_s1/81528138/ccs,174,58,58,0,100.0,0.0,0,0,0,True,0
H1,m84137_260214_004236_s1/34149804/ccs,179,57,50,7,87.71929824561403,12.280701754385964,0,0,2,False,2
H1,m84137_260214_004236_s1/139793119/ccs,186,62,62,0,100.0,0.0,0,0,0,True,0
H1,m84137_260214_004236_s1/184026940/ccs,186,62,62,0,100.0,0.0,0,0,0,True,0
H1,m84137_260214_004236_s1/72221613/ccs,189,63,63,0,100.0,0.0,0,0,0,True,0
H1,m84137_260214_004236_s1/111216390/ccs,189,63,63,0,100.0,0.0,0,0,0,True,0
H1,m84137_260214_004236_s1/148051734/ccs,192,64,64,0,100.0,0.0,0,0,0,True,0
H1,m84137_260214_004236_s1/246090609/ccs,201,67,67,0,100.0,0.0,0,0,0,True,0
H1,m84137_260214_004236_s1/101455502/ccs,195,65,65,0,100.0,0.0,0,0,0,True,0
H1,m84137_260214_004236_s1/171508354/ccs,195,65,65,0,100.0,0.0,0,0,0,True,0
H1,m84137_260214_004236_s1/180095781/ccs,195,65,65,0,100.0,0.0,0,0,0,True,0
H1,m84137_260214_004236_s1/186255284/ccs,195,65,65,0,100.0,0.0,0,0,0,True,0
H1,m84137_260214_004236_s1/18285712/ccs,198,66,66,0,100.0,0.0,0,0,0,True,0
H1,m84137_260214_004236_s1/98042151/ccs,198,66,66,0,100.0,0.0,0,0,0,True,0
H1,m84137_260214_004236_s1/97976905/ccs,198,66,66,0,100.0,0.0,0,0,0,True,0
H1,m84137_260214_004236_s1/22744906/ccs,201,67,67,0,100.0,0.0,0,0,0,True,0
H1,m84137_260214_004236_s1/55378685/ccs,202,62,29,33,46.774193548387096,53.2258064516129,0,0,1,False,1
H1,m84137_260214_004236_s1/79170850/ccs,204,68,68,0,100.0,0.0,0,0,0,True,0
H1,m84137_260214_004236_s1/257038192/ccs,205,68,22,46,32.35294117647059,67.64705882352942,1,1,1,False,1
H1,m84137_260214_004236_s1/169148885/ccs,207,69,69,0,100.0,0.0,0,0,0,True,0
H1,m84137_260214_004236_s1/61216631/ccs,213,71,71,0,100.0,0.0,0,0,0,True,0
H1,m84137_260214_004236_s1/49155605/ccs,207,69,69,0,100.0,0.0,0,0,0,True,0
H1,m84137_260214_004236_s1/202378601/ccs,209,67,53,14,79.1044776119403,20.8955223880597,0,0,2,False,2
H1,m84137_260214_004236_s1/138739807/ccs,210,70,70,0,100.0,0.0,0,0,0,True,0
H1,m84137_260214_004236_s1/145883270/ccs,216,72,72,0,100.0,0.0,0,0,0,True,0
H1,m84137_260214_004236_s1/124715337/ccs,216,72,72,0,100.0,0.0,0,0,0,True,0
H1,m84137_260214_004236_s1/171115530/ccs,222,74,74,0,100.0,0.0,0,0,0,True,0
H1,m84137_260214_004236_s1/170787022/ccs,224,72,57,15,79.16666666666666,20.833333333333336,0,0,2,False,2
H1,m84137_260214_004236_s1/237572297/ccs,241,77,62,15,80.51948051948052,19.480519480519483,0,0,1,False,1
H1,m84137_260214_004236_s1/149557566/ccs,240,80,80,0,100.0,0.0,0,0,0,True,0
H1,m84137_260214_004236_s1/52235762/ccs,240,80,80,0,100.0,0.0,0,0,0,True,0
H1,m84137_260214_004236_s1/143852257/ccs,243,81,81,0,100.0,0.0,0,0,0,True,0
H1,m84137_260214_004236_s1/21565468/ccs,243,81,81,0,100.0,0.0,0,0,0,True,0
H1,m84137_260214_004236_s1/32442017/ccs,267,89,89,0,100.0,0.0,0,0,0,True,0
H1,m84137_260214_004236_s1/189466735/ccs,285,95,95,0,100.0,0.0,0,0,0,True,0
H1,m84137_260214_004236_s1/84415457/ccs,285,95,95,0,100.0,0.0,0,0,0,True,0
H1,m84137_260214_004236_s1/90637324/ccs,297,99,99,0,100.0,0.0,0,0,0,True,0
H1,m84137_260214_004236_s1/65077752/ccs,294,98,98,0,100.0,0.0,0,0,0,True,0
H1,m84137_260214_004236_s1/135272232/ccs,306,102,102,0,100.0,0.0,0,0,0,True,0
H1,m84137_260214_004236_s1/58261655/ccs,333,111,111,0,100.0,0.0,0,0,0,True,0
H1,m84137_260214_004236_s1/101454288/ccs,405,134,134,0,100.0,0.0,1,0,0,True,0
H1,m84137_260214_004236_s1/194384599/ccs,438,146,146,0,100.0,0.0,0,0,0,True,0
H1,m84137_260214_004236_s1/124651419/ccs,435,145,145,0,100.0,0.0,0,0,0,True,0
H1,m84137_260214_004236_s1/33427283/ccs,471,157,157,0,100.0,0.0,0,0,0,True,0
H1,m84137_260214_004236_s1/35262710/ccs,483,161,161,0,100.0,0.0,0,0,0,True,0
H1,m84137_260214_004236_s1/129632088/ccs,504,168,168,0,100.0,0.0,0,0,0,True,0
H1,m84137_260214_004236_s1/165548065/ccs,537,179,179,0,100.0,0.0,0,0,0,True,0
H1,m84137_260214_004236_s1/171575776/ccs,549,183,183,0,100.0,0.0,0,0,0,True,0
H1,m84137_260214_004236_s1/166464690/ccs,624,202,101,101,50.0,50.0,1,1,0,True,0
H1,m84137_260214_004236_s1/207750403/ccs,708,236,236,0,100.0,0.0,0,0,0,True,0
H1,m84137_260214_004236_s1/109253695/ccs,711,236,236,0,100.0,0.0,1,0,0,True,0
H1,m84137_260214_004236_s1/254807744/ccs,807,269,269,0,100.0,0.0,0,0,0,True,0
H1,m84137_260214_004236_s1/250480546/ccs,837,238,164,74,68.90756302521008,31.092436974789916,4,3,0,True,0
H1,m84137_260214_004236_s1/188743725/ccs,870,287,155,132,54.00696864111498,45.99303135888502,1,1,0,True,0
H1,m84137_260214_004236_s1/142083520/ccs,987,305,68,237,22.295081967213115,77.70491803278688,3,3,0,True,0
H1,m84137_260214_004236_s1/26479609/ccs,1008,336,336,0,100.0,0.0,0,0,0,True,0
H1,m84137_260214_004236_s1/29885912/ccs,1179,393,393,0,100.0,0.0,0,0,0,True,0
H1,m84137_260214_004236_s1/246026174/ccs,1846,612,553,59,90.359477124183,9.640522875816995,0,0,1,False,1
H1,m84137_260214_004236_s1/124125631/ccs,3008,1000,948,52,94.8,5.2,0,0,2,False,2
H1,m84137_260214_004236_s1/222167530/ccs,4180,1388,562,826,40.48991354466859,59.51008645533141,0,0,1,False,1
H1,m84137_260214_004236_s1/14815194/ccs,196,52,19,33,36.53846153846153,63.46153846153846,10,10,1,False,1
H1,m84137_260214_004236_s1/55115834/ccs,131,31,5,26,16.129032258064516,83.87096774193549,7,6,2,False,2
H1,m84137_260214_004236_s1/76615118/ccs,136,30,11,19,36.666666666666664,63.33333333333333,6,5,1,False,1
H1,m84137_260214_004236_s1/26677939/ccs,127,31,8,23,25.806451612903224,74.19354838709677,3,3,1,False,1
H1,m84137_260214_004236_s1/217191038/ccs,129,19,8,11,42.10526315789473,57.89473684210527,5,4,0,True,0
H1,m84137_260214_004236_s1/135991485/ccs,118,22,7,15,31.818181818181817,68.18181818181817,4,4,2,False,2
H1,m84137_260214_004236_s1/34018995/ccs,133,40,7,33,17.5,82.5,5,5,1,False,1
H1,m84137_260214_004236_s1/80612642/ccs,123,41,41,0,100.0,0.0,0,0,0,True,0
H1,m84137_260214_004236_s1/114888134/ccs,123,41,41,0,100.0,0.0,0,0,0,True,0
H1,m84137_260214_004236_s1/138084631/ccs,123,41,41,0,100.0,0.0,0,0,0,True,0
H1,m84137_260214_004236_s1/27199347/ccs,126,42,42,0,100.0,0.0,0,0,0,True,0
H1,m84137_260214_004236_s1/199493021/ccs,126,42,42,0,100.0,0.0,0,0,0,True,0
H1,m84137_260214_004236_s1/71307148/ccs,126,42,42,0,100.0,0.0,0,0,0,True,0
H1,m84137_260214_004236_s1/185078584/ccs,126,42,42,0,100.0,0.0,0,0,0,True,0
H1,m84137_260214_004236_s1/82316317/ccs,126,42,42,0,100.0,0.0,0,0,0,True,0
H1,m84137_260214_004236_s1/70128889/ccs,126,42,42,0,100.0,0.0,0,0,0,True,0
H1,m84137_260214_004236_s1/166201623/ccs,126,42,42,0,100.0,0.0,0,0,0,True,0
H1,m84137_260214_004236_s1/189268028/ccs,126,42,42,0,100.0,0.0,0,0,0,True,0
H1,m84137_260214_004236_s1/41031017/ccs,126,42,42,0,100.0,0.0,0,0,0,True,0
H1,m84137_260214_004236_s1/80088059/ccs,126,42,42,0,100.0,0.0,0,0,0,True,0
H1,m84137_260214_004236_s1/168826227/ccs,126,38,34,4,89.47368421052632,10.526315789473683,2,2,0,True,0
H1,m84137_260214_004236_s1/40043989/ccs,129,37,27,10,72.97297297297297,27.027027027027028,0,0,0,True,0
H1,m84137_260214_004236_s1/55577609/ccs,129,43,43,0,100.0,0.0,0,0,0,True,0
H1,m84137_260214_004236_s1/175965990/ccs,129,43,43,0,100.0,0.0,0,0,0,True,0
H1,m84137_260214_004236_s1/17105220/ccs,129,43,43,0,100.0,0.0,0,0,0,True,0
H1,m84137_260214_004236_s1/6687640/ccs,129,43,43,0,100.0,0.0,0,0,0,True,0
H1,m84137_260214_004236_s1/55445247/ccs,129,43,43,0,100.0,0.0,0,0,0,True,0
H1,m84137_260214_004236_s1/88017102/ccs,129,43,43,0,100.0,0.0,0,0,0,True,0
H1,m84137_260214_004236_s1/206831994/ccs,129,43,43,0,100.0,0.0,0,0,0,True,0
H1,m84137_260214_004236_s1/174002728/ccs,129,43,43,0,100.0,0.0,0,0,0,True,0
H1,m84137_260214_004236_s1/205000706/ccs,129,43,43,0,100.0,0.0,0,0,0,True,0
H1,m84137_260214_004236_s1/80481785/ccs,129,43,43,0,100.0,0.0,0,0,0,True,0
H1,m84137_260214_004236_s1/168887915/ccs,129,43,43,0,100.0,0.0,0,0,0,True,0
H1,m84137_260214_004236_s1/138482656/ccs,129,43,43,0,100.0,0.0,0,0,0,True,0
H1,m84137_260214_004236_s1/173477186/ccs,129,43,43,0,100.0,0.0,0,0,0,True,0
H1,m84137_260214_004236_s1/26477619/ccs,129,43,43,0,100.0,0.0,0,0,0,True,0
H1,m84137_260214_004236_s1/101975608/ccs,129,43,43,0,100.0,0.0,0,0,0,True,0
H1,m84137_260214_004236_s1/164694708/ccs,129,43,43,0,100.0,0.0,0,0,0,True,0
H1,m84137_260214_004236_s1/192153308/ccs,129,43,43,0,100.0,0.0,0,0,0,True,0
H1,m84137_260214_004236_s1/221380722/ccs,129,43,43,0,100.0,0.0,0,0,0,True,0
H1,m84137_260214_004236_s1/256835933/ccs,129,43,43,0,100.0,0.0,0,0,0,True,0
H1,m84137_260214_004236_s1/243599088/ccs,135,45,45,0,100.0,0.0,0,0,0,True,0
H1,m84137_260214_004236_s1/245826613/ccs,129,43,43,0,100.0,0.0,0,0,0,True,0
H1,m84137_260214_004236_s1/23269266/ccs,129,43,43,0,100.0,0.0,0,0,0,True,0
H1,m84137_260214_004236_s1/100798642/ccs,129,43,43,0,100.0,0.0,0,0,0,True,0
H1,m84137_260214_004236_s1/246747110/ccs,129,43,43,0,100.0,0.0,0,0,0,True,0
H1,m84137_260214_004236_s1/229575430/ccs,129,43,43,0,100.0,0.0,0,0,0,True,0
H1,m84137_260214_004236_s1/6096321/ccs,129,43,43,0,100.0,0.0,0,0,0,True,0
H1,m84137_260214_004236_s1/30933600/ccs,129,43,43,0,100.0,0.0,0,0,0,True,0
H1,m84137_260214_004236_s1/32311900/ccs,129,43,43,0,100.0,0.0,0,0,0,True,0
H1,m84137_260214_004236_s1/16646617/ccs,129,43,43,0,100.0,0.0,0,0,0,True,0
H1,m84137_260214_004236_s1/98371020/ccs,129,43,43,0,100.0,0.0,0,0,0,True,0
H1,m84137_260214_004236_s1/122294332/ccs,129,43,43,0,100.0,0.0,0,0,0,True,0
H1,m84137_260214_004236_s1/96470075/ccs,129,43,43,0,100.0,0.0,0,0,0,True,0
H1,m84137_260214_004236_s1/213257961/ccs,135,45,45,0,100.0,0.0,0,0,0,True,0
H1,m84137_260214_004236_s1/116594182/ccs,129,43,43,0,100.0,0.0,0,0,0,True,0
H1,m84137_260214_004236_s1/168824151/ccs,129,43,43,0,100.0,0.0,0,0,0,True,0
H1,m84137_260214_004236_s1/44765640/ccs,129,43,43,0,100.0,0.0,0,0,0,True,0
H1,m84137_260214_004236_s1/220073212/ccs,129,43,43,0,100.0,0.0,0,0,0,True,0
H1,m84137_260214_004236_s1/151456185/ccs,129,43,43,0,100.0,0.0,0,0,0,True,0
H1,m84137_260214_004236_s1/26743897/ccs,129,43,43,0,100.0,0.0,0,0,0,True,0
H1,m84137_260214_004236_s1/59249210/ccs,129,43,43,0,100.0,0.0,0,0,0,True,0
H1,m84137_260214_004236_s1/16389280/ccs,129,43,43,0,100.0,0.0,0,0,0,True,0
H1,m84137_260214_004236_s1/204801270/ccs,129,43,43,0,100.0,0.0,0,0,0,True,0
H1,m84137_260214_004236_s1/169215906/ccs,129,43,43,0,100.0,0.0,0,0,0,True,0
H1,m84137_260214_004236_s1/259851344/ccs,129,43,43,0,100.0,0.0,0,0,0,True,0
H1,m84137_260214_004236_s1/243141568/ccs,129,43,43,0,100.0,0.0,0,0,0,True,0
H1,m84137_260214_004236_s1/248056695/ccs,129,43,43,0,100.0,0.0,0,0,0,True,0
H1,m84137_260214_004236_s1/37293541/ccs,129,43,43,0,100.0,0.0,0,0,0,True,0
H1,m84137_260214_004236_s1/202835413/ccs,129,43,43,0,100.0,0.0,0,0,0,True,0
H1,m84137_260214_004236_s1/115736821/ccs,129,43,43,0,100.0,0.0,0,0,0,True,0
H1,m84137_260214_004236_s1/103878621/ccs,130,38,20,18,52.63157894736842,47.368421052631575,0,0,1,False,1
H1,m84137_260214_004236_s1/6883629/ccs,130,43,7,36,16.27906976744186,83.72093023255815,1,1,1,False,1
H1,m84137_260214_004236_s1/71765527/ccs,132,44,44,0,100.0,0.0,0,0,0,True,0
H1,m84137_260214_004236_s1/161022792/ccs,132,44,44,0,100.0,0.0,0,0,0,True,0
H1,m84137_260214_004236_s1/16847697/ccs,132,44,44,0,100.0,0.0,0,0,0,True,0
H1,m84137_260214_004236_s1/47846329/ccs,132,44,44,0,100.0,0.0,0,0,0,True,0
H1,m84137_260214_004236_s1/167054464/ccs,132,44,44,0,100.0,0.0,0,0,0,True,0
H1,m84137_260214_004236_s1/196482578/ccs,132,44,44,0,100.0,0.0,0,0,0,True,0
H1,m84137_260214_004236_s1/100601335/ccs,132,44,44,0,100.0,0.0,0,0,0,True,0
H1,m84137_260214_004236_s1/146478953/ccs,132,44,44,0,100.0,0.0,0,0,0,True,0
H1,m84137_260214_004236_s1/202509383/ccs,132,44,44,0,100.0,0.0,0,0,0,True,0
H1,m84137_260214_004236_s1/226886398/ccs,132,44,44,0,100.0,0.0,0,0,0,True,0
H1,m84137_260214_004236_s1/142284490/ccs,132,44,44,0,100.0,0.0,0,0,0,True,0
H1,m84137_260214_004236_s1/112002225/ccs,132,44,44,0,100.0,0.0,0,0,0,True,0
H1,m84137_260214_004236_s1/243272495/ccs,132,44,44,0,100.0,0.0,0,0,0,True,0
H1,m84137_260214_004236_s1/220072613/ccs,132,44,44,0,100.0,0.0,0,0,0,True,0
H1,m84137_260214_004236_s1/121374686/ccs,132,44,44,0,100.0,0.0,0,0,0,True,0
H1,m84137_260214_004236_s1/59837241/ccs,132,44,44,0,100.0,0.0,0,0,0,True,0
H1,m84137_260214_004236_s1/114166323/ccs,132,44,44,0,100.0,0.0,0,0,0,True,0
H1,m84137_260214_004236_s1/231145600/ccs,132,44,44,0,100.0,0.0,0,0,0,True,0
H1,m84137_260214_004236_s1/258212457/ccs,132,44,44,0,100.0,0.0,0,0,0,True,0
H1,m84137_260214_004236_s1/67177663/ccs,132,44,44,0,100.0,0.0,0,0,0,True,0
H1,m84137_260214_004236_s1/70652331/ccs,132,44,44,0,100.0,0.0,0,0,0,True,0
H1,m84137_260214_004236_s1/135926056/ccs,132,44,44,0,100.0,0.0,0,0,0,True,0
H1,m84137_260214_004236_s1/148507654/ccs,132,44,44,0,100.0,0.0,0,0,0,True,0
H1,m84137_260214_004236_s1/11666638/ccs,132,44,44,0,100.0,0.0,0,0,0,True,0
H1,m84137_260214_004236_s1/18678954/ccs,132,44,44,0,100.0,0.0,0,0,0,True,0
H1,m84137_260214_004236_s1/55904843/ccs,132,44,44,0,100.0,0.0,0,0,0,True,0
H1,m84137_260214_004236_s1/36309388/ccs,132,44,44,0,100.0,0.0,0,0,0,True,0
H1,m84137_260214_004236_s1/58328634/ccs,132,44,44,0,100.0,0.0,0,0,0,True,0
H1,m84137_260214_004236_s1/60556127/ccs,132,44,44,0,100.0,0.0,0,0,0,True,0
H1,m84137_260214_004236_s1/55380398/ccs,132,44,44,0,100.0,0.0,0,0,0,True,0
H1,m84137_260214_004236_s1/68289351/ccs,132,44,44,0,100.0,0.0,0,0,0,True,0
H1,m84137_260214_004236_s1/49612635/ccs,132,44,44,0,100.0,0.0,0,0,0,True,0
H1,m84137_260214_004236_s1/87622735/ccs,132,44,44,0,100.0,0.0,0,0,0,True,0
H1,m84137_260214_004236_s1/94635608/ccs,132,44,44,0,100.0,0.0,0,0,0,True,0
H1,m84137_260214_004236_s1/77728732/ccs,132,44,44,0,100.0,0.0,0,0,0,True,0
H1,m84137_260214_004236_s1/123602688/ccs,132,44,44,0,100.0,0.0,0,0,0,True,0
H1,m84137_260214_004236_s1/107743801/ccs,132,44,44,0,100.0,0.0,0,0,0,True,0
H1,m84137_260214_004236_s1/111871952/ccs,132,44,44,0,100.0,0.0,0,0,0,True,0
H1,m84137_260214_004236_s1/103415923/ccs,132,44,44,0,100.0,0.0,0,0,0,True,0
H1,m84137_260214_004236_s1/105645019/ccs,132,44,44,0,100.0,0.0,0,0,0,True,0
H1,m84137_260214_004236_s1/152372560/ccs,132,44,44,0,100.0,0.0,0,0,0,True,0
H1,m84137_260214_004236_s1/142674856/ccs,132,44,44,0,100.0,0.0,0,0,0,True,0
H1,m84137_260214_004236_s1/139593683/ccs,132,44,44,0,100.0,0.0,0,0,0,True,0
H1,m84137_260214_004236_s1/161350538/ccs,132,44,44,0,100.0,0.0,0,0,0,True,0
H1,m84137_260214_004236_s1/147652902/ccs,132,44,44,0,100.0,0.0,0,0,0,True,0
H1,m84137_260214_004236_s1/196019675/ccs,132,44,44,0,100.0,0.0,0,0,0,True,0
H1,m84137_260214_004236_s1/150798503/ccs,132,44,44,0,100.0,0.0,0,0,0,True,0
H1,m84137_260214_004236_s1/193135964/ccs,132,44,44,0,100.0,0.0,0,0,0,True,0
H1,m84137_260214_004236_s1/200280745/ccs,132,44,44,0,100.0,0.0,0,0,0,True,0
H1,m84137_260214_004236_s1/221053389/ccs,132,44,44,0,100.0,0.0,0,0,0,True,0
H1,m84137_260214_004236_s1/221774785/ccs,132,44,44,0,100.0,0.0,0,0,0,True,0
H1,m84137_260214_004236_s1/209519927/ccs,132,44,44,0,100.0,0.0,0,0,0,True,0
H1,m84137_260214_004236_s1/251660171/ccs,132,44,44,0,100.0,0.0,0,0,0,True,0
H1,m84137_260214_004236_s1/227737833/ccs,132,44,44,0,100.0,0.0,0,0,0,True,0
H1,m84137_260214_004236_s1/234947671/ccs,132,44,44,0,100.0,0.0,0,0,0,True,0
H1,m84137_260214_004236_s1/238814719/ccs,132,44,44,0,100.0,0.0,0,0,0,True,0
H1,m84137_260214_004236_s1/264438385/ccs,132,44,44,0,100.0,0.0,0,0,0,True,0
H1,m84137_260214_004236_s1/18028111/ccs,132,44,44,0,100.0,0.0,0,0,0,True,0
H1,m84137_260214_004236_s1/249169494/ccs,132,44,44,0,100.0,0.0,0,0,0,True,0
H1,m84137_260214_004236_s1/3935559/ccs,132,44,44,0,100.0,0.0,0,0,0,True,0
H1,m84137_260214_004236_s1/28447296/ccs,132,44,44,0,100.0,0.0,0,0,0,True,0
H1,m84137_260214_004236_s1/28511381/ccs,132,44,44,0,100.0,0.0,0,0,0,True,0
H1,m84137_260214_004236_s1/39130424/ccs,132,44,44,0,100.0,0.0,0,0,0,True,0
H1,m84137_260214_004236_s1/41031198/ccs,132,44,44,0,100.0,0.0,0,0,0,True,0
H1,m84137_260214_004236_s1/44175699/ccs,132,44,44,0,100.0,0.0,0,0,0,True,0
H1,m84137_260214_004236_s1/45749933/ccs,132,44,44,0,100.0,0.0,0,0,0,True,0
H1,m84137_260214_004236_s1/72815072/ccs,132,44,44,0,100.0,0.0,0,0,0,True,0
H1,m84137_260214_004236_s1/61411153/ccs,132,44,44,0,100.0,0.0,0,0,0,True,0
H1,m84137_260214_004236_s1/70978933/ccs,132,44,44,0,100.0,0.0,0,0,0,True,0
H1,m84137_260214_004236_s1/89461445/ccs,132,44,44,0,100.0,0.0,0,0,0,True,0
H1,m84137_260214_004236_s1/92344549/ccs,132,44,44,0,100.0,0.0,0,0,0,True,0
H1,m84137_260214_004236_s1/76944233/ccs,132,44,44,0,100.0,0.0,0,0,0,True,0
H1,m84137_260214_004236_s1/118888097/ccs,132,44,44,0,100.0,0.0,0,0,0,True,0
H1,m84137_260214_004236_s1/78451723/ccs,132,44,44,0,100.0,0.0,0,0,0,True,0
H1,m84137_260214_004236_s1/81203010/ccs,132,44,44,0,100.0,0.0,0,0,0,True,0
H1,m84137_260214_004236_s1/129177404/ccs,132,44,44,0,100.0,0.0,0,0,0,True,0
H1,m84137_260214_004236_s1/109711284/ccs,132,44,44,0,100.0,0.0,0,0,0,True,0
H1,m84137_260214_004236_s1/130878787/ccs,132,44,44,0,100.0,0.0,0,0,0,True,0
H1,m84137_260214_004236_s1/136646144/ccs,132,44,44,0,100.0,0.0,0,0,0,True,0
H1,m84137_260214_004236_s1/142218169/ccs,132,44,44,0,100.0,0.0,0,0,0,True,0
H1,m84137_260214_004236_s1/159387871/ccs,132,44,44,0,100.0,0.0,0,0,0,True,0
H1,m84137_260214_004236_s1/185797657/ccs,135,45,45,0,100.0,0.0,0,0,0,True,0
H1,m84137_260214_004236_s1/147918626/ccs,132,44,44,0,100.0,0.0,0,0,0,True,0
H1,m84137_260214_004236_s1/198315185/ccs,132,44,44,0,100.0,0.0,0,0,0,True,0
H1,m84137_260214_004236_s1/203951116/ccs,132,44,44,0,100.0,0.0,0,0,0,True,0
H1,m84137_260214_004236_s1/184028970/ccs,132,44,44,0,100.0,0.0,0,0,0,True,0
H1,m84137_260214_004236_s1/216535333/ccs,132,44,44,0,100.0,0.0,0,0,0,True,0
H1,m84137_260214_004236_s1/265949195/ccs,132,44,44,0,100.0,0.0,0,0,0,True,0
H1,m84137_260214_004236_s1/72420348/ccs,132,44,44,0,100.0,0.0,0,0,0,True,0
H1,m84137_260214_004236_s1/100993297/ccs,132,44,44,0,100.0,0.0,0,0,0,True,0
H1,m84137_260214_004236_s1/25497665/ccs,132,44,44,0,100.0,0.0,0,0,0,True,0
H1,m84137_260214_004236_s1/2949741/ccs,132,44,44,0,100.0,0.0,0,0,0,True,0
H1,m84137_260214_004236_s1/191629008/ccs,132,44,44,0,100.0,0.0,0,0,0,True,0
H1,m84137_260214_004236_s1/150471507/ccs,132,44,44,0,100.0,0.0,0,0,0,True,0
H1,m84137_260214_004236_s1/182060921/ccs,132,44,44,0,100.0,0.0,0,0,0,True,0
H1,m84137_260214_004236_s1/208143394/ccs,132,44,44,0,100.0,0.0,0,0,0,True,0
H1,m84137_260214_004236_s1/206506769/ccs,132,44,44,0,100.0,0.0,0,0,0,True,0
H1,m84137_260214_004236_s1/233242918/ccs,132,44,44,0,100.0,0.0,0,0,0,True,0
H1,m84137_260214_004236_s1/257362862/ccs,132,44,44,0,100.0,0.0,0,0,0,True,0
H1,m84137_260214_004236_s1/254938031/ccs,132,44,44,0,100.0,0.0,0,0,0,True,0
H1,m84137_260214_004236_s1/256510242/ccs,132,44,44,0,100.0,0.0,0,0,0,True,0
H1,m84137_260214_004236_s1/264505186/ccs,132,44,44,0,100.0,0.0,0,0,0,True,0
H1,m84137_260214_004236_s1/245827621/ccs,132,44,44,0,100.0,0.0,0,0,0,True,0
H1,m84137_260214_004236_s1/19403256/ccs,132,44,44,0,100.0,0.0,0,0,0,True,0
H1,m84137_260214_004236_s1/6033774/ccs,132,44,44,0,100.0,0.0,0,0,0,True,0
H1,m84137_260214_004236_s1/28969988/ccs,132,44,44,0,100.0,0.0,0,0,0,True,0
H1,m84137_260214_004236_s1/29496548/ccs,132,44,44,0,100.0,0.0,0,0,0,True,0
H1,m84137_260214_004236_s1/29888647/ccs,132,44,44,0,100.0,0.0,0,0,0,True,0
H1,m84137_260214_004236_s1/31003949/ccs,132,44,44,0,100.0,0.0,0,0,0,True,0
H1,m84137_260214_004236_s1/31198603/ccs,132,44,44,0,100.0,0.0,0,0,0,True,0
H1,m84137_260214_004236_s1/13637029/ccs,132,44,44,0,100.0,0.0,0,0,0,True,0
H1,m84137_260214_004236_s1/14028723/ccs,132,44,44,0,100.0,0.0,0,0,0,True,0
H1,m84137_260214_004236_s1/14487669/ccs,132,44,44,0,100.0,0.0,0,0,0,True,0
H1,m84137_260214_004236_s1/15668585/ccs,132,44,44,0,100.0,0.0,0,0,0,True,0
H1,m84137_260214_004236_s1/64032564/ccs,132,44,44,0,100.0,0.0,0,0,0,True,0
H1,m84137_260214_004236_s1/72814228/ccs,132,44,44,0,100.0,0.0,0,0,0,True,0
H1,m84137_260214_004236_s1/91098421/ccs,132,44,44,0,100.0,0.0,0,0,0,True,0
H1,m84137_260214_004236_s1/47649012/ccs,132,44,44,0,100.0,0.0,0,0,0,True,0
H1,m84137_260214_004236_s1/101322726/ccs,132,44,44,0,100.0,0.0,0,0,0,True,0
H1,m84137_260214_004236_s1/101715675/ccs,132,44,44,0,100.0,0.0,0,0,0,True,0
H1,m84137_260214_004236_s1/97588595/ccs,132,44,44,0,100.0,0.0,0,0,0,True,0
H1,m84137_260214_004236_s1/118362062/ccs,132,44,44,0,100.0,0.0,0,0,0,True,0
H1,m84137_260214_004236_s1/98505310/ccs,132,44,44,0,100.0,0.0,0,0,0,True,0
H1,m84137_260214_004236_s1/103550851/ccs,132,44,44,0,100.0,0.0,0,0,0,True,0
H1,m84137_260214_004236_s1/121179583/ccs,132,44,44,0,100.0,0.0,0,0,0,True,0
H1,m84137_260214_004236_s1/128127057/ccs,132,44,44,0,100.0,0.0,0,0,0,True,0
H1,m84137_260214_004236_s1/157683119/ccs,132,44,44,0,100.0,0.0,0,0,0,True,0
H1,m84137_260214_004236_s1/158208830/ccs,132,44,44,0,100.0,0.0,0,0,0,True,0
H1,m84137_260214_004236_s1/189336744/ccs,132,44,44,0,100.0,0.0,0,0,0,True,0
H1,m84137_260214_004236_s1/189272378/ccs,132,44,44,0,100.0,0.0,0,0,0,True,0
H1,m84137_260214_004236_s1/148770456/ccs,132,44,44,0,100.0,0.0,0,0,0,True,0
H1,m84137_260214_004236_s1/180492102/ccs,132,44,44,0,100.0,0.0,0,0,0,True,0
H1,m84137_260214_004236_s1/211817010/ccs,132,44,44,0,100.0,0.0,0,0,0,True,0
H1,m84137_260214_004236_s1/253365959/ccs,132,44,44,0,100.0,0.0,0,0,0,True,0
H1,m84137_260214_004236_s1/184356266/ccs,132,44,44,0,100.0,0.0,0,0,0,True,0
H1,m84137_260214_004236_s1/239211810/ccs,132,44,44,0,100.0,0.0,0,0,0,True,0
H1,m84137_260214_004236_s1/241369742/ccs,132,44,44,0,100.0,0.0,0,0,0,True,0
H1,m84137_260214_004236_s1/72947411/ccs,132,44,44,0,100.0,0.0,0,0,0,True,0
H1,m84137_260214_004236_s1/96867809/ccs,132,44,44,0,100.0,0.0,0,0,0,True,0
H1,m84137_260214_004236_s1/223220850/ccs,132,44,44,0,100.0,0.0,0,0,0,True,0
H1,m84137_260214_004236_s1/106365933/ccs,132,41,22,19,53.65853658536586,46.34146341463415,1,1,0,True,0
H1,m84137_260214_004236_s1/155584497/ccs,132,44,44,0,100.0,0.0,0,0,0,True,0
H1,m84137_260214_004236_s1/89787962/ccs,132,44,44,0,100.0,0.0,0,0,0,True,0
H1,m84137_260214_004236_s1/147198470/ccs,132,44,44,0,100.0,0.0,0,0,0,True,0
H1,m84137_260214_004236_s1/78714627/ccs,132,44,44,0,100.0,0.0,0,0,0,True,0
H1,m84137_260214_004236_s1/255133139/ccs,132,44,44,0,100.0,0.0,0,0,0,True,0
H1,m84137_260214_004236_s1/42341611/ccs,132,44,44,0,100.0,0.0,0,0,0,True,0
H1,m84137_260214_004236_s1/99358149/ccs,132,44,44,0,100.0,0.0,0,0,0,True,0
H1,m84137_260214_004236_s1/107155470/ccs,132,44,44,0,100.0,0.0,0,0,0,True,0
H1,m84137_260214_004236_s1/145299137/ccs,132,44,44,0,100.0,0.0,0,0,0,True,0
H1,m84137_260214_004236_s1/170135564/ccs,132,44,44,0,100.0,0.0,0,0,0,True,0
H1,m84137_260214_004236_s1/33555561/ccs,132,44,44,0,100.0,0.0,0,0,0,True,0
H1,m84137_260214_004236_s1/9831239/ccs,132,44,44,0,100.0,0.0,0,0,0,True,0
H1,m84137_260214_004236_s1/34144540/ccs,132,44,44,0,100.0,0.0,0,0,0,True,0
H1,m84137_260214_004236_s1/10879518/ccs,132,44,44,0,100.0,0.0,0,0,0,True,0
H1,m84137_260214_004236_s1/53807786/ccs,132,44,44,0,100.0,0.0,0,0,0,True,0
H1,m84137_260214_004236_s1/48300900/ccs,132,44,44,0,100.0,0.0,0,0,0,True,0
H1,m84137_260214_004236_s1/89655347/ccs,132,44,44,0,100.0,0.0,0,0,0,True,0
H1,m84137_260214_004236_s1/90505553/ccs,132,44,44,0,100.0,0.0,0,0,0,True,0
H1,m84137_260214_004236_s1/69141000/ccs,132,44,44,0,100.0,0.0,0,0,0,True,0
H1,m84137_260214_004236_s1/78514787/ccs,132,44,44,0,100.0,0.0,0,0,0,True,0
H1,m84137_260214_004236_s1/95224625/ccs,132,44,44,0,100.0,0.0,0,0,0,True,0
H1,m84137_260214_004236_s1/92932659/ccs,132,44,44,0,100.0,0.0,0,0,0,True,0
H1,m84137_260214_004236_s1/72155969/ccs,132,44,44,0,100.0,0.0,0,0,0,True,0
H1,m84137_260214_004236_s1/123012294/ccs,132,44,44,0,100.0,0.0,0,0,0,True,0
H1,m84137_260214_004236_s1/78121460/ccs,132,44,44,0,100.0,0.0,0,0,0,True,0
H1,m84137_260214_004236_s1/126812420/ccs,132,44,44,0,100.0,0.0,0,0,0,True,0
H1,m84137_260214_004236_s1/126681972/ccs,132,44,44,0,100.0,0.0,0,0,0,True,0
H1,m84137_260214_004236_s1/132320241/ccs,132,44,44,0,100.0,0.0,0,0,0,True,0
H1,m84137_260214_004236_s1/159451869/ccs,132,44,44,0,100.0,0.0,0,0,0,True,0
H1,m84137_260214_004236_s1/160499775/ccs,132,44,44,0,100.0,0.0,0,0,0,True,0
H1,m84137_260214_004236_s1/164823394/ccs,132,44,44,0,100.0,0.0,0,0,0,True,0
H1,m84137_260214_004236_s1/168560245/ccs,132,44,44,0,100.0,0.0,0,0,0,True,0
H1,m84137_260214_004236_s1/168821649/ccs,132,44,44,0,100.0,0.0,0,0,0,True,0
H1,m84137_260214_004236_s1/190122655/ccs,132,44,44,0,100.0,0.0,0,0,0,True,0
H1,m84137_260214_004236_s1/186321705/ccs,132,44,44,0,100.0,0.0,0,0,0,True,0
H1,m84137_260214_004236_s1/227934480/ccs,132,44,44,0,100.0,0.0,0,0,0,True,0
H1,m84137_260214_004236_s1/259326945/ccs,132,44,44,0,100.0,0.0,0,0,0,True,0
H1,m84137_260214_004236_s1/20316747/ccs,132,44,44,0,100.0,0.0,0,0,0,True,0
H1,m84137_260214_004236_s1/90507948/ccs,132,44,44,0,100.0,0.0,0,0,0,True,0
H1,m84137_260214_004236_s1/159515083/ccs,132,44,44,0,100.0,0.0,0,0,0,True,0
H1,m84137_260214_004236_s1/146014812/ccs,132,44,44,0,100.0,0.0,0,0,0,True,0
H1,m84137_260214_004236_s1/229575472/ccs,132,44,44,0,100.0,0.0,0,0,0,True,0
H1,m84137_260214_004236_s1/19859578/ccs,132,44,44,0,100.0,0.0,0,0,0,True,0
H1,m84137_260214_004236_s1/9962824/ccs,132,44,44,0,100.0,0.0,0,0,0,True,0
H1,m84137_260214_004236_s1/35522136/ccs,132,44,44,0,100.0,0.0,0,0,0,True,0
H1,m84137_260214_004236_s1/45680068/ccs,132,44,44,0,100.0,0.0,0,0,0,True,0
H1,m84137_260214_004236_s1/41419160/ccs,132,44,44,0,100.0,0.0,0,0,0,True,0
H1,m84137_260214_004236_s1/53479737/ccs,132,44,44,0,100.0,0.0,0,0,0,True,0
H1,m84137_260214_004236_s1/43780852/ccs,132,44,44,0,100.0,0.0,0,0,0,True,0
H1,m84137_260214_004236_s1/48170866/ccs,132,44,44,0,100.0,0.0,0,0,0,True,0
H1,m84137_260214_004236_s1/90047402/ccs,132,44,44,0,100.0,0.0,0,0,0,True,0
H1,m84137_260214_004236_s1/101451633/ccs,132,44,44,0,100.0,0.0,0,0,0,True,0
H1,m84137_260214_004236_s1/101580918/ccs,132,44,44,0,100.0,0.0,0,0,0,True,0
H1,m84137_260214_004236_s1/120980774/ccs,132,44,44,0,100.0,0.0,0,0,0,True,0
H1,m84137_260214_004236_s1/129566943/ccs,132,44,44,0,100.0,0.0,0,0,0,True,0
H1,m84137_260214_004236_s1/121242579/ccs,132,44,44,0,100.0,0.0,0,0,0,True,0
H1,m84137_260214_004236_s1/113115365/ccs,132,44,44,0,100.0,0.0,0,0,0,True,0
H1,m84137_260214_004236_s1/122619271/ccs,132,44,44,0,100.0,0.0,0,0,0,True,0
H1,m84137_260214_004236_s1/78188126/ccs,132,44,44,0,100.0,0.0,0,0,0,True,0
H1,m84137_260214_004236_s1/79563955/ccs,132,44,44,0,100.0,0.0,0,0,0,True,0
H1,m84137_260214_004236_s1/123081831/ccs,132,44,44,0,100.0,0.0,0,0,0,True,0
H1,m84137_260214_004236_s1/152572149/ccs,132,44,44,0,100.0,0.0,0,0,0,True,0
H1,m84137_260214_004236_s1/85786771/ccs,132,44,44,0,100.0,0.0,0,0,0,True,0
H1,m84137_260214_004236_s1/79300067/ccs,132,44,44,0,100.0,0.0,0,0,0,True,0
H1,m84137_260214_004236_s1/95881625/ccs,132,44,44,0,100.0,0.0,0,0,0,True,0
H1,m84137_260214_004236_s1/93388900/ccs,132,44,44,0,100.0,0.0,0,0,0,True,0
H1,m84137_260214_004236_s1/76482069/ccs,132,44,44,0,100.0,0.0,0,0,0,True,0
H1,m84137_260214_004236_s1/97584905/ccs,132,44,44,0,100.0,0.0,0,0,0,True,0
H1,m84137_260214_004236_s1/81003270/ccs,132,44,44,0,100.0,0.0,0,0,0,True,0
H1,m84137_260214_004236_s1/81135830/ccs,132,44,44,0,100.0,0.0,0,0,0,True,0
H1,m84137_260214_004236_s1/97979338/ccs,132,44,44,0,100.0,0.0,0,0,0,True,0
H1,m84137_260214_004236_s1/179573678/ccs,132,44,44,0,100.0,0.0,0,0,0,True,0
H1,m84137_260214_004236_s1/203361999/ccs,132,44,44,0,100.0,0.0,0,0,0,True,0
H1,m84137_260214_004236_s1/209589343/ccs,132,44,44,0,100.0,0.0,0,0,0,True,0
H1,m84137_260214_004236_s1/210703449/ccs,132,44,44,0,100.0,0.0,0,0,0,True,0
H1,m84137_260214_004236_s1/212340217/ccs,132,44,44,0,100.0,0.0,0,0,0,True,0
H1,m84137_260214_004236_s1/212734872/ccs,132,44,44,0,100.0,0.0,0,0,0,True,0
H1,m84137_260214_004236_s1/232199922/ccs,132,44,44,0,100.0,0.0,0,0,0,True,0
H1,m84137_260214_004236_s1/239343387/ccs,132,44,44,0,100.0,0.0,0,0,0,True,0
H1,m84137_260214_004236_s1/215944816/ccs,132,44,44,0,100.0,0.0,0,0,0,True,0
H1,m84137_260214_004236_s1/245436724/ccs,132,44,44,0,100.0,0.0,0,0,0,True,0
H1,m84137_260214_004236_s1/163451729/ccs,132,44,44,0,100.0,0.0,0,0,0,True,0
H1,m84137_260214_004236_s1/2360453/ccs,132,44,44,0,100.0,0.0,0,0,0,True,0
H1,m84137_260214_004236_s1/25167272/ccs,132,44,44,0,100.0,0.0,0,0,0,True,0
H1,m84137_260214_004236_s1/8454489/ccs,132,44,44,0,100.0,0.0,0,0,0,True,0
H1,m84137_260214_004236_s1/32244637/ccs,132,44,44,0,100.0,0.0,0,0,0,True,0
H1,m84137_260214_004236_s1/65470754/ccs,132,44,44,0,100.0,0.0,0,0,0,True,0
H1,m84137_260214_004236_s1/93586267/ccs,132,44,44,0,100.0,0.0,0,0,0,True,0
H1,m84137_260214_004236_s1/82183116/ccs,132,44,44,0,100.0,0.0,0,0,0,True,0
H1,m84137_260214_004236_s1/204736830/ccs,132,44,44,0,100.0,0.0,0,0,0,True,0
H1,m84137_260214_004236_s1/154212171/ccs,132,44,44,0,100.0,0.0,0,0,0,True,0
H1,m84137_260214_004236_s1/142480569/ccs,132,44,44,0,100.0,0.0,0,0,0,True,0
H1,m84137_260214_004236_s1/159780433/ccs,132,44,44,0,100.0,0.0,0,0,0,True,0
H1,m84137_260214_004236_s1/259129687/ccs,132,44,44,0,100.0,0.0,0,0,0,True,0
H1,m84137_260214_004236_s1/238946520/ccs,132,44,44,0,100.0,0.0,0,0,0,True,0
H1,m84137_260214_004236_s1/36049362/ccs,132,44,44,0,100.0,0.0,0,0,0,True,0
H1,m84137_260214_004236_s1/146937602/ccs,132,44,44,0,100.0,0.0,0,0,0,True,0
H1,m84137_260214_004236_s1/175641608/ccs,132,44,44,0,100.0,0.0,0,0,0,True,0
H1,m84137_260214_004236_s1/192417951/ccs,132,44,44,0,100.0,0.0,0,0,0,True,0
H1,m84137_260214_004236_s1/224857715/ccs,132,44,44,0,100.0,0.0,0,0,0,True,0
H1,m84137_260214_004236_s1/215158316/ccs,132,44,44,0,100.0,0.0,0,0,0,True,0
H1,m84137_260214_004236_s1/22806944/ccs,132,44,44,0,100.0,0.0,0,0,0,True,0
H1,m84137_260214_004236_s1/66652050/ccs,132,44,44,0,100.0,0.0,0,0,0,True,0
H1,m84137_260214_004236_s1/21696791/ccs,132,44,44,0,100.0,0.0,0,0,0,True,0
H1,m84137_260214_004236_s1/34543467/ccs,132,44,44,0,100.0,0.0,0,0,0,True,0
H1,m84137_260214_004236_s1/81989699/ccs,132,44,44,0,100.0,0.0,0,0,0,True,0
H1,m84137_260214_004236_s1/247730216/ccs,132,44,44,0,100.0,0.0,0,0,0,True,0
H1,m84137_260214_004236_s1/249042413/ccs,132,44,44,0,100.0,0.0,0,0,0,True,0
H1,m84137_260214_004236_s1/6755692/ccs,132,44,44,0,100.0,0.0,0,0,0,True,0
H1,m84137_260214_004236_s1/89330752/ccs,132,44,44,0,100.0,0.0,0,0,0,True,0
H1,m84137_260214_004236_s1/80351405/ccs,132,44,44,0,100.0,0.0,0,0,0,True,0
H1,m84137_260214_004236_s1/52497400/ccs,132,44,44,0,100.0,0.0,0,0,0,True,0
H1,m84137_260214_004236_s1/68621248/ccs,132,44,44,0,100.0,0.0,0,0,0,True,0
H1,m84137_260214_004236_s1/65278665/ccs,132,44,44,0,100.0,0.0,0,0,0,True,0
H1,m84137_260214_004236_s1/66063395/ccs,132,44,44,0,100.0,0.0,0,0,0,True,0
H1,m84137_260214_004236_s1/71505163/ccs,132,44,44,0,100.0,0.0,0,0,0,True,0
H1,m84137_260214_004236_s1/66718771/ccs,132,44,44,0,100.0,0.0,0,0,0,True,0
H1,m84137_260214_004236_s1/66850184/ccs,132,44,44,0,100.0,0.0,0,0,0,True,0
H1,m84137_260214_004236_s1/95620986/ccs,132,44,44,0,100.0,0.0,0,0,0,True,0
H1,m84137_260214_004236_s1/93066022/ccs,132,44,44,0,100.0,0.0,0,0,0,True,0
H1,m84137_260214_004236_s1/82184649/ccs,132,44,44,0,100.0,0.0,0,0,0,True,0
H1,m84137_260214_004236_s1/243210008/ccs,132,44,44,0,100.0,0.0,0,0,0,True,0
H1,m84137_260214_004236_s1/203621869/ccs,132,44,44,0,100.0,0.0,0,0,0,True,0
H1,m84137_260214_004236_s1/209191557/ccs,132,44,44,0,100.0,0.0,0,0,0,True,0
H1,m84137_260214_004236_s1/226887989/ccs,132,44,44,0,100.0,0.0,0,0,0,True,0
H1,m84137_260214_004236_s1/205588239/ccs,132,44,44,0,100.0,0.0,0,0,0,True,0
H1,m84137_260214_004236_s1/231276705/ccs,132,44,44,0,100.0,0.0,0,0,0,True,0
H1,m84137_260214_004236_s1/253560975/ccs,132,44,44,0,100.0,0.0,0,0,0,True,0
H1,m84137_260214_004236_s1/165216933/ccs,132,44,44,0,100.0,0.0,0,0,0,True,0
H1,m84137_260214_004236_s1/186057951/ccs,132,44,44,0,100.0,0.0,0,0,0,True,0
H1,m84137_260214_004236_s1/149815501/ccs,132,44,44,0,100.0,0.0,0,0,0,True,0
H1,m84137_260214_004236_s1/191300544/ccs,132,44,44,0,100.0,0.0,0,0,0,True,0
H1,m84137_260214_004236_s1/191563194/ccs,132,44,44,0,100.0,0.0,0,0,0,True,0
H1,m84137_260214_004236_s1/240845580/ccs,132,44,44,0,100.0,0.0,0,0,0,True,0
H1,m84137_260214_004236_s1/215615651/ccs,132,44,44,0,100.0,0.0,0,0,0,True,0
H1,m84137_260214_004236_s1/237241753/ccs,132,44,44,0,100.0,0.0,0,0,0,True,0
H1,m84137_260214_004236_s1/256115158/ccs,132,44,44,0,100.0,0.0,0,0,0,True,0
H1,m84137_260214_004236_s1/238879214/ccs,132,44,44,0,100.0,0.0,0,0,0,True,0
H1,m84137_260214_004236_s1/247662410/ccs,132,44,44,0,100.0,0.0,0,0,0,True,0
H1,m84137_260214_004236_s1/5706902/ccs,132,44,44,0,100.0,0.0,0,0,0,True,0
H1,m84137_260214_004236_s1/28577830/ccs,132,44,44,0,100.0,0.0,0,0,0,True,0
H1,m84137_260214_004236_s1/28577903/ccs,132,44,44,0,100.0,0.0,0,0,0,True,0
H1,m84137_260214_004236_s1/29102820/ccs,132,44,44,0,100.0,0.0,0,0,0,True,0
H1,m84137_260214_004236_s1/54924681/ccs,132,44,44,0,100.0,0.0,0,0,0,True,0
H1,m84137_260214_004236_s1/58068195/ccs,132,44,44,0,100.0,0.0,0,0,0,True,0
H1,m84137_260214_004236_s1/189990926/ccs,132,44,44,0,100.0,0.0,0,0,0,True,0
H1,m84137_260214_004236_s1/178455350/ccs,132,44,44,0,100.0,0.0,0,0,0,True,0
H1,m84137_260214_004236_s1/180946537/ccs,132,44,44,0,100.0,0.0,0,0,0,True,0
H1,m84137_260214_004236_s1/220267340/ccs,132,44,44,0,100.0,0.0,0,0,0,True,0
H1,m84137_260214_004236_s1/200082839/ccs,132,44,44,0,100.0,0.0,0,0,0,True,0
H1,m84137_260214_004236_s1/131532928/ccs,132,44,44,0,100.0,0.0,0,0,0,True,0
H1,m84137_260214_004236_s1/135531459/ccs,132,44,44,0,100.0,0.0,0,0,0,True,0
H1,m84137_260214_004236_s1/152371559/ccs,132,44,44,0,100.0,0.0,0,0,0,True,0
H1,m84137_260214_004236_s1/115409418/ccs,132,44,44,0,100.0,0.0,0,0,0,True,0
H1,m84137_260214_004236_s1/136840761/ccs,132,44,44,0,100.0,0.0,0,0,0,True,0
H1,m84137_260214_004236_s1/117114021/ccs,132,44,44,0,100.0,0.0,0,0,0,True,0
H1,m84137_260214_004236_s1/137889796/ccs,132,44,44,0,100.0,0.0,0,0,0,True,0
H1,m84137_260214_004236_s1/159319163/ccs,132,44,44,0,100.0,0.0,0,0,0,True,0
H1,m84137_260214_004236_s1/159582129/ccs,132,44,44,0,100.0,0.0,0,0,0,True,0
H1,m84137_260214_004236_s1/163971140/ccs,132,44,44,0,100.0,0.0,0,0,0,True,0
H1,m84137_260214_004236_s1/139854393/ccs,132,44,44,0,100.0,0.0,0,0,0,True,0
H1,m84137_260214_004236_s1/117378108/ccs,132,44,44,0,100.0,0.0,0,0,0,True,0
H1,m84137_260214_004236_s1/127863529/ccs,132,44,44,0,100.0,0.0,0,0,0,True,0
H1,m84137_260214_004236_s1/138152893/ccs,133,41,11,30,26.82926829268293,73.17073170731707,0,0,1,False,1
H1,m84137_260214_004236_s1/79039453/ccs,132,44,44,0,100.0,0.0,0,0,0,True,0
H1,m84137_260214_004236_s1/7081195/ccs,133,44,16,28,36.36363636363637,63.63636363636363,1,1,1,False,1
H1,m84137_260214_004236_s1/140905229/ccs,134,38,17,21,44.73684210526316,55.26315789473685,1,1,2,False,2
H1,m84137_260214_004236_s1/111678615/ccs,134,42,8,34,19.047619047619047,80.95238095238095,0,0,2,False,2
H1,m84137_260214_004236_s1/146739008/ccs,134,42,14,28,33.33333333333333,66.66666666666666,0,0,2,False,2
H1,m84137_260214_004236_s1/124849190/ccs,134,42,12,30,28.57142857142857,71.42857142857143,0,0,2,False,2
H1,m84137_260214_004236_s1/242356119/ccs,135,45,45,0,100.0,0.0,0,0,0,True,0
H1,m84137_260214_004236_s1/228264682/ccs,136,34,16,18,47.05882352941176,52.94117647058824,2,0,1,False,1
H1,m84137_260214_004236_s1/46334390/ccs,135,45,45,0,100.0,0.0,0,0,0,True,0
H1,m84137_260214_004236_s1/225316789/ccs,135,45,45,0,100.0,0.0,0,0,0,True,0
H1,m84137_260214_004236_s1/28378487/ccs,135,45,45,0,100.0,0.0,0,0,0,True,0
H1,m84137_260214_004236_s1/21760072/ccs,135,45,45,0,100.0,0.0,0,0,0,True,0
H1,m84137_260214_004236_s1/143198674/ccs,135,45,45,0,100.0,0.0,0,0,0,True,0
H1,m84137_260214_004236_s1/101324484/ccs,135,45,45,0,100.0,0.0,0,0,0,True,0
H1,m84137_260214_004236_s1/105058135/ccs,135,45,45,0,100.0,0.0,0,0,0,True,0
H1,m84137_260214_004236_s1/130290099/ccs,135,45,45,0,100.0,0.0,0,0,0,True,0
H1,m84137_260214_004236_s1/188223344/ccs,135,45,45,0,100.0,0.0,0,0,0,True,0
H1,m84137_260214_004236_s1/189861584/ccs,135,45,45,0,100.0,0.0,0,0,0,True,0
H1,m84137_260214_004236_s1/218828978/ccs,135,45,45,0,100.0,0.0,0,0,0,True,0
H1,m84137_260214_004236_s1/204543353/ccs,135,45,45,0,100.0,0.0,0,0,0,True,0
H1,m84137_260214_004236_s1/216665402/ccs,135,45,45,0,100.0,0.0,0,0,0,True,0
H1,m84137_260214_004236_s1/263393854/ccs,135,45,45,0,100.0,0.0,0,0,0,True,0
H1,m84137_260214_004236_s1/250745729/ccs,135,45,45,0,100.0,0.0,0,0,0,True,0
H1,m84137_260214_004236_s1/54920672/ccs,135,45,45,0,100.0,0.0,0,0,0,True,0
H1,m84137_260214_004236_s1/184943046/ccs,135,45,45,0,100.0,0.0,0,0,0,True,0
H1,m84137_260214_004236_s1/223020128/ccs,135,45,45,0,100.0,0.0,0,0,0,True,0
H1,m84137_260214_004236_s1/210829914/ccs,135,45,45,0,100.0,0.0,0,0,0,True,0
H1,m84137_260214_004236_s1/68883982/ccs,135,45,45,0,100.0,0.0,0,0,0,True,0
H1,m84137_260214_004236_s1/65145994/ccs,135,45,45,0,100.0,0.0,0,0,0,True,0
H1,m84137_260214_004236_s1/134086906/ccs,135,45,45,0,100.0,0.0,0,0,0,True,0
H1,m84137_260214_004236_s1/260639466/ccs,135,45,45,0,100.0,0.0,0,0,0,True,0
H1,m84137_260214_004236_s1/4131979/ccs,135,45,45,0,100.0,0.0,0,0,0,True,0
H1,m84137_260214_004236_s1/16651781/ccs,135,45,45,0,100.0,0.0,0,0,0,True,0
H1,m84137_260214_004236_s1/5964828/ccs,135,45,45,0,100.0,0.0,0,0,0,True,0
H1,m84137_260214_004236_s1/29950487/ccs,135,45,45,0,100.0,0.0,0,0,0,True,0
H1,m84137_260214_004236_s1/39518592/ccs,135,45,45,0,100.0,0.0,0,0,0,True,0
H1,m84137_260214_004236_s1/51577806/ccs,135,45,45,0,100.0,0.0,0,0,0,True,0
H1,m84137_260214_004236_s1/44106538/ccs,135,45,45,0,100.0,0.0,0,0,0,True,0
H1,m84137_260214_004236_s1/90440105/ccs,135,45,45,0,100.0,0.0,0,0,0,True,0
H1,m84137_260214_004236_s1/91555837/ccs,135,45,45,0,100.0,0.0,0,0,0,True,0
H1,m84137_260214_004236_s1/70452051/ccs,135,45,45,0,100.0,0.0,0,0,0,True,0
H1,m84137_260214_004236_s1/71631558/ccs,135,45,45,0,100.0,0.0,0,0,0,True,0
H1,m84137_260214_004236_s1/88408175/ccs,135,45,45,0,100.0,0.0,0,0,0,True,0
H1,m84137_260214_004236_s1/88540323/ccs,135,45,45,0,100.0,0.0,0,0,0,True,0
H1,m84137_260214_004236_s1/106826407/ccs,135,45,45,0,100.0,0.0,0,0,0,True,0
H1,m84137_260214_004236_s1/83495569/ccs,135,45,45,0,100.0,0.0,0,0,0,True,0
H1,m84137_260214_004236_s1/108135540/ccs,135,45,45,0,100.0,0.0,0,0,0,True,0
H1,m84137_260214_004236_s1/129303577/ccs,135,45,45,0,100.0,0.0,0,0,0,True,0
H1,m84137_260214_004236_s1/121636669/ccs,135,45,45,0,100.0,0.0,0,0,0,True,0
H1,m84137_260214_004236_s1/154535699/ccs,135,45,45,0,100.0,0.0,0,0,0,True,0
H1,m84137_260214_004236_s1/166005364/ccs,135,45,45,0,100.0,0.0,0,0,0,True,0
H1,m84137_260214_004236_s1/149228499/ccs,135,45,45,0,100.0,0.0,0,0,0,True,0
H1,m84137_260214_004236_s1/188089030/ccs,135,45,45,0,100.0,0.0,0,0,0,True,0
H1,m84137_260214_004236_s1/200084387/ccs,135,45,45,0,100.0,0.0,0,0,0,True,0
H1,m84137_260214_004236_s1/206045301/ccs,135,45,45,0,100.0,0.0,0,0,0,True,0
H1,m84137_260214_004236_s1/231934561/ccs,135,45,45,0,100.0,0.0,0,0,0,True,0
H1,m84137_260214_004236_s1/31919239/ccs,135,45,45,0,100.0,0.0,0,0,0,True,0
H1,m84137_260214_004236_s1/15405454/ccs,135,45,45,0,100.0,0.0,0,0,0,True,0
H1,m84137_260214_004236_s1/59248884/ccs,135,45,45,0,100.0,0.0,0,0,0,True,0
H1,m84137_260214_004236_s1/60231607/ccs,135,45,45,0,100.0,0.0,0,0,0,True,0
H1,m84137_260214_004236_s1/85201085/ccs,135,45,45,0,100.0,0.0,0,0,0,True,0
H1,m84137_260214_004236_s1/91032971/ccs,135,45,45,0,100.0,0.0,0,0,0,True,0
H1,m84137_260214_004236_s1/9832435/ccs,135,45,45,0,100.0,0.0,0,0,0,True,0
H1,m84137_260214_004236_s1/85918560/ccs,135,45,45,0,100.0,0.0,0,0,0,True,0
H1,m84137_260214_004236_s1/210306481/ccs,138,46,46,0,100.0,0.0,0,0,0,True,0
H1,m84137_260214_004236_s1/46010283/ccs,135,45,45,0,100.0,0.0,0,0,0,True,0
H1,m84137_260214_004236_s1/169546006/ccs,135,45,45,0,100.0,0.0,0,0,0,True,0
H1,m84137_260214_004236_s1/11604099/ccs,135,45,45,0,100.0,0.0,0,0,0,True,0
H1,m84137_260214_004236_s1/5834903/ccs,135,45,45,0,100.0,0.0,0,0,0,True,0
H1,m84137_260214_004236_s1/11600155/ccs,135,45,45,0,100.0,0.0,0,0,0,True,0
H1,m84137_260214_004236_s1/23069417/ccs,135,45,45,0,100.0,0.0,0,0,0,True,0
H1,m84137_260214_004236_s1/29229940/ccs,135,45,45,0,100.0,0.0,0,0,0,True,0
H1,m84137_260214_004236_s1/18941322/ccs,135,45,45,0,100.0,0.0,0,0,0,True,0
H1,m84137_260214_004236_s1/34146022/ccs,135,45,45,0,100.0,0.0,0,0,0,True,0
H1,m84137_260214_004236_s1/52626052/ccs,135,45,45,0,100.0,0.0,0,0,0,True,0
H1,m84137_260214_004236_s1/42795192/ccs,135,45,45,0,100.0,0.0,0,0,0,True,0
H1,m84137_260214_004236_s1/54265600/ccs,135,45,45,0,100.0,0.0,0,0,0,True,0
H1,m84137_260214_004236_s1/60885409/ccs,135,45,45,0,100.0,0.0,0,0,0,True,0
H1,m84137_260214_004236_s1/69274278/ccs,135,45,45,0,100.0,0.0,0,0,0,True,0
H1,m84137_260214_004236_s1/70322715/ccs,135,45,45,0,100.0,0.0,0,0,0,True,0
H1,m84137_260214_004236_s1/71829997/ccs,135,45,45,0,100.0,0.0,0,0,0,True,0
H1,m84137_260214_004236_s1/97059291/ccs,135,45,45,0,100.0,0.0,0,0,0,True,0
H1,m84137_260214_004236_s1/123406523/ccs,135,45,45,0,100.0,0.0,0,0,0,True,0
H1,m84137_260214_004236_s1/102501108/ccs,135,45,45,0,100.0,0.0,0,0,0,True,0
H1,m84137_260214_004236_s1/107088808/ccs,135,45,45,0,100.0,0.0,0,0,0,True,0
H1,m84137_260214_004236_s1/129304702/ccs,135,45,45,0,100.0,0.0,0,0,0,True,0
H1,m84137_260214_004236_s1/112723384/ccs,135,45,45,0,100.0,0.0,0,0,0,True,0
H1,m84137_260214_004236_s1/126093246/ccs,135,45,45,0,100.0,0.0,0,0,0,True,0
H1,m84137_260214_004236_s1/115671264/ccs,135,45,45,0,100.0,0.0,0,0,0,True,0
H1,m84137_260214_004236_s1/137298515/ccs,135,45,45,0,100.0,0.0,0,0,0,True,0
H1,m84137_260214_004236_s1/145883901/ccs,135,45,45,0,100.0,0.0,0,0,0,True,0
H1,m84137_260214_004236_s1/147915935/ccs,135,45,45,0,100.0,0.0,0,0,0,True,0
H1,m84137_260214_004236_s1/188418020/ccs,135,45,45,0,100.0,0.0,0,0,0,True,0
H1,m84137_260214_004236_s1/197396932/ccs,135,45,45,0,100.0,0.0,0,0,0,True,0
H1,m84137_260214_004236_s1/194906994/ccs,132,44,44,0,100.0,0.0,0,0,0,True,0
H1,m84137_260214_004236_s1/207882627/ccs,135,45,45,0,100.0,0.0,0,0,0,True,0
H1,m84137_260214_004236_s1/252379187/ccs,135,45,45,0,100.0,0.0,0,0,0,True,0
H1,m84137_260214_004236_s1/238092486/ccs,135,45,45,0,100.0,0.0,0,0,0,True,0
H1,m84137_260214_004236_s1/242745837/ccs,135,45,45,0,100.0,0.0,0,0,0,True,0
H1,m84137_260214_004236_s1/172364837/ccs,135,45,45,0,100.0,0.0,0,0,0,True,0
H1,m84137_260214_004236_s1/239077166/ccs,135,45,45,0,100.0,0.0,0,0,0,True,0
H1,m84137_260214_004236_s1/248449299/ccs,135,45,45,0,100.0,0.0,0,0,0,True,0
H1,m84137_260214_004236_s1/21696531/ccs,135,45,45,0,100.0,0.0,0,0,0,True,0
H1,m84137_260214_004236_s1/8195096/ccs,135,45,45,0,100.0,0.0,0,0,0,True,0
H1,m84137_260214_004236_s1/11472963/ccs,135,45,45,0,100.0,0.0,0,0,0,True,0
H1,m84137_260214_004236_s1/36638300/ccs,135,45,45,0,100.0,0.0,0,0,0,True,0
H1,m84137_260214_004236_s1/40244571/ccs,135,45,45,0,100.0,0.0,0,0,0,True,0
H1,m84137_260214_004236_s1/68491102/ccs,135,45,45,0,100.0,0.0,0,0,0,True,0
H1,m84137_260214_004236_s1/43192874/ccs,135,45,45,0,100.0,0.0,0,0,0,True,0
H1,m84137_260214_004236_s1/95751302/ccs,135,45,45,0,100.0,0.0,0,0,0,True,0
H1,m84137_260214_004236_s1/75698705/ccs,135,45,45,0,100.0,0.0,0,0,0,True,0
H1,m84137_260214_004236_s1/130552407/ccs,135,45,45,0,100.0,0.0,0,0,0,True,0
H1,m84137_260214_004236_s1/110761297/ccs,135,45,45,0,100.0,0.0,0,0,0,True,0
H1,m84137_260214_004236_s1/130946807/ccs,135,45,45,0,100.0,0.0,0,0,0,True,0
H1,m84137_260214_004236_s1/83694990/ccs,135,45,45,0,100.0,0.0,0,0,0,True,0
H1,m84137_260214_004236_s1/137891886/ccs,135,45,45,0,100.0,0.0,0,0,0,True,0
H1,m84137_260214_004236_s1/147656827/ccs,135,45,45,0,100.0,0.0,0,0,0,True,0
H1,m84137_260214_004236_s1/197989748/ccs,135,45,45,0,100.0,0.0,0,0,0,True,0
H1,m84137_260214_004236_s1/209391260/ccs,135,45,45,0,100.0,0.0,0,0,0,True,0
H1,m84137_260214_004236_s1/228463285/ccs,135,45,45,0,100.0,0.0,0,0,0,True,0
H1,m84137_260214_004236_s1/239210335/ccs,135,45,45,0,100.0,0.0,0,0,0,True,0
H1,m84137_260214_004236_s1/249369255/ccs,135,45,45,0,100.0,0.0,0,0,0,True,0
H1,m84137_260214_004236_s1/19006702/ccs,135,45,45,0,100.0,0.0,0,0,0,True,0
H1,m84137_260214_004236_s1/236847854/ccs,135,45,45,0,100.0,0.0,0,0,0,True,0
H1,m84137_260214_004236_s1/136320028/ccs,135,45,45,0,100.0,0.0,0,0,0,True,0
H1,m84137_260214_004236_s1/147456514/ccs,135,45,45,0,100.0,0.0,0,0,0,True,0
H1,m84137_260214_004236_s1/19005998/ccs,135,45,45,0,100.0,0.0,0,0,0,True,0
H1,m84137_260214_004236_s1/7995493/ccs,135,45,45,0,100.0,0.0,0,0,0,True,0
H1,m84137_260214_004236_s1/9112415/ccs,135,45,45,0,100.0,0.0,0,0,0,True,0
H1,m84137_260214_004236_s1/20842527/ccs,135,45,45,0,100.0,0.0,0,0,0,True,0
H1,m84137_260214_004236_s1/31458220/ccs,135,45,45,0,100.0,0.0,0,0,0,True,0
H1,m84137_260214_004236_s1/10094401/ccs,135,45,45,0,100.0,0.0,0,0,0,True,0
H1,m84137_260214_004236_s1/34276680/ccs,135,45,45,0,100.0,0.0,0,0,0,True,0
H1,m84137_260214_004236_s1/27918912/ccs,135,45,45,0,100.0,0.0,0,0,0,True,0
H1,m84137_260214_004236_s1/39911995/ccs,135,45,45,0,100.0,0.0,0,0,0,True,0
H1,m84137_260214_004236_s1/47972569/ccs,135,45,45,0,100.0,0.0,0,0,0,True,0
H1,m84137_260214_004236_s1/64292810/ccs,135,45,45,0,100.0,0.0,0,0,0,True,0
H1,m84137_260214_004236_s1/123339954/ccs,135,45,45,0,100.0,0.0,0,0,0,True,0
H1,m84137_260214_004236_s1/77859050/ccs,135,45,45,0,100.0,0.0,0,0,0,True,0
H1,m84137_260214_004236_s1/78119791/ccs,135,45,45,0,100.0,0.0,0,0,0,True,0
H1,m84137_260214_004236_s1/99681889/ccs,135,45,45,0,100.0,0.0,0,0,0,True,0
H1,m84137_260214_004236_s1/83167754/ccs,135,45,45,0,100.0,0.0,0,0,0,True,0
H1,m84137_260214_004236_s1/103025065/ccs,135,45,45,0,100.0,0.0,0,0,0,True,0
H1,m84137_260214_004236_s1/108528587/ccs,135,45,45,0,100.0,0.0,0,0,0,True,0
H1,m84137_260214_004236_s1/120392541/ccs,135,45,45,0,100.0,0.0,0,0,0,True,0
H1,m84137_260214_004236_s1/113116702/ccs,135,45,45,0,100.0,0.0,0,0,0,True,0
H1,m84137_260214_004236_s1/130547787/ccs,135,45,45,0,100.0,0.0,0,0,0,True,0
H1,m84137_260214_004236_s1/97914902/ccs,135,45,45,0,100.0,0.0,0,0,0,True,0
H1,m84137_260214_004236_s1/106762894/ccs,135,45,45,0,100.0,0.0,0,0,0,True,0
H1,m84137_260214_004236_s1/125244170/ccs,135,45,45,0,100.0,0.0,0,0,0,True,0
H1,m84137_260214_004236_s1/82775993/ccs,135,45,45,0,100.0,0.0,0,0,0,True,0
H1,m84137_260214_004236_s1/131207073/ccs,135,45,45,0,100.0,0.0,0,0,0,True,0
H1,m84137_260214_004236_s1/92209344/ccs,135,45,45,0,100.0,0.0,0,0,0,True,0
H1,m84137_260214_004236_s1/79036740/ccs,135,45,45,0,100.0,0.0,0,0,0,True,0
H1,m84137_260214_004236_s1/80020809/ccs,135,45,45,0,100.0,0.0,0,0,0,True,0
H1,m84137_260214_004236_s1/76480572/ccs,135,45,45,0,100.0,0.0,0,0,0,True,0
H1,m84137_260214_004236_s1/80676543/ccs,135,45,45,0,100.0,0.0,0,0,0,True,0
H1,m84137_260214_004236_s1/148966493/ccs,135,45,45,0,100.0,0.0,0,0,0,True,0
H1,m84137_260214_004236_s1/201593557/ccs,135,45,45,0,100.0,0.0,0,0,0,True,0
H1,m84137_260214_004236_s1/219811123/ccs,135,45,45,0,100.0,0.0,0,0,0,True,0
H1,m84137_260214_004236_s1/198578377/ccs,135,45,45,0,100.0,0.0,0,0,0,True,0
H1,m84137_260214_004236_s1/203428756/ccs,135,45,45,0,100.0,0.0,0,0,0,True,0
H1,m84137_260214_004236_s1/205657296/ccs,135,45,45,0,100.0,0.0,0,0,0,True,0
H1,m84137_260214_004236_s1/229250608/ccs,135,45,45,0,100.0,0.0,0,0,0,True,0
H1,m84137_260214_004236_s1/252908090/ccs,135,45,45,0,100.0,0.0,0,0,0,True,0
H1,m84137_260214_004236_s1/242684535/ccs,135,45,45,0,100.0,0.0,0,0,0,True,0
H1,m84137_260214_004236_s1/214962803/ccs,135,45,45,0,100.0,0.0,0,0,0,True,0
H1,m84137_260214_004236_s1/238883373/ccs,135,45,45,0,100.0,0.0,0,0,0,True,0
H1,m84137_260214_004236_s1/216994932/ccs,135,45,45,0,100.0,0.0,0,0,0,True,0
H1,m84137_260214_004236_s1/230822130/ccs,135,45,45,0,100.0,0.0,0,0,0,True,0
H1,m84137_260214_004236_s1/87360950/ccs,135,45,45,0,100.0,0.0,0,0,0,True,0
H1,m84137_260214_004236_s1/97650579/ccs,135,45,45,0,100.0,0.0,0,0,0,True,0
H1,m84137_260214_004236_s1/130221003/ccs,135,45,45,0,100.0,0.0,0,0,0,True,0
H1,m84137_260214_004236_s1/152765018/ccs,135,45,45,0,100.0,0.0,0,0,0,True,0
H1,m84137_260214_004236_s1/207749434/ccs,135,45,45,0,100.0,0.0,0,0,0,True,0
H1,m84137_260214_004236_s1/133043452/ccs,135,45,45,0,100.0,0.0,0,0,0,True,0
H1,m84137_260214_004236_s1/137498065/ccs,135,45,45,0,100.0,0.0,0,0,0,True,0
H1,m84137_260214_004236_s1/158535615/ccs,135,45,45,0,100.0,0.0,0,0,0,True,0
H1,m84137_260214_004236_s1/138024433/ccs,135,45,45,0,100.0,0.0,0,0,0,True,0
H1,m84137_260214_004236_s1/174788491/ccs,135,45,45,0,100.0,0.0,0,0,0,True,0
H1,m84137_260214_004236_s1/175050431/ccs,135,45,45,0,100.0,0.0,0,0,0,True,0
H1,m84137_260214_004236_s1/147656995/ccs,135,45,45,0,100.0,0.0,0,0,0,True,0
H1,m84137_260214_004236_s1/231475137/ccs,135,45,45,0,100.0,0.0,0,0,0,True,0
H1,m84137_260214_004236_s1/22811029/ccs,135,45,45,0,100.0,0.0,0,0,0,True,0
H1,m84137_260214_004236_s1/65736443/ccs,135,45,45,0,100.0,0.0,0,0,0,True,0
H1,m84137_260214_004236_s1/120657835/ccs,135,45,45,0,100.0,0.0,0,0,0,True,0
H1,m84137_260214_004236_s1/176488791/ccs,135,45,45,0,100.0,0.0,0,0,0,True,0
H1,m84137_260214_004236_s1/14091820/ccs,135,45,45,0,100.0,0.0,0,0,0,True,0
H1,m84137_260214_004236_s1/43780371/ccs,135,45,45,0,100.0,0.0,0,0,0,True,0
H1,m84137_260214_004236_s1/246027453/ccs,135,45,45,0,100.0,0.0,0,0,0,True,0
H1,m84137_260214_004236_s1/249238595/ccs,135,45,45,0,100.0,0.0,0,0,0,True,0
H1,m84137_260214_004236_s1/54265776/ccs,135,45,45,0,100.0,0.0,0,0,0,True,0
H1,m84137_260214_004236_s1/160303623/ccs,135,45,45,0,100.0,0.0,0,0,0,True,0
H1,m84137_260214_004236_s1/82842207/ccs,135,45,45,0,100.0,0.0,0,0,0,True,0
H1,m84137_260214_004236_s1/227606686/ccs,135,45,45,0,100.0,0.0,0,0,0,True,0
H1,m84137_260214_004236_s1/202834373/ccs,135,45,45,0,100.0,0.0,0,0,0,True,0
H1,m84137_260214_004236_s1/104137620/ccs,135,45,45,0,100.0,0.0,0,0,0,True,0
H1,m84137_260214_004236_s1/169673539/ccs,135,45,45,0,100.0,0.0,0,0,0,True,0
H1,m84137_260214_004236_s1/194773494/ccs,135,45,45,0,100.0,0.0,0,0,0,True,0
H1,m84137_260214_004236_s1/257625250/ccs,135,45,45,0,100.0,0.0,0,0,0,True,0
H1,m84137_260214_004236_s1/63968440/ccs,135,45,45,0,100.0,0.0,0,0,0,True,0
H1,m84137_260214_004236_s1/60691920/ccs,135,45,45,0,100.0,0.0,0,0,0,True,0
H1,m84137_260214_004236_s1/71110872/ccs,135,45,45,0,100.0,0.0,0,0,0,True,0
H1,m84137_260214_004236_s1/90705653/ccs,135,45,45,0,100.0,0.0,0,0,0,True,0
H1,m84137_260214_004236_s1/231343255/ccs,135,45,45,0,100.0,0.0,0,0,0,True,0
H1,m84137_260214_004236_s1/144376546/ccs,135,45,45,0,100.0,0.0,0,0,0,True,0
H1,m84137_260214_004236_s1/253822071/ccs,135,45,45,0,100.0,0.0,0,0,0,True,0
H1,m84137_260214_004236_s1/143262117/ccs,135,45,45,0,100.0,0.0,0,0,0,True,0
H1,m84137_260214_004236_s1/161546383/ccs,135,45,45,0,100.0,0.0,0,0,0,True,0
H1,m84137_260214_004236_s1/191432878/ccs,135,45,45,0,100.0,0.0,0,0,0,True,0
H1,m84137_260214_004236_s1/175506081/ccs,135,45,45,0,100.0,0.0,0,0,0,True,0
H1,m84137_260214_004236_s1/240978190/ccs,135,45,45,0,100.0,0.0,0,0,0,True,0
H1,m84137_260214_004236_s1/238552975/ccs,135,45,45,0,100.0,0.0,0,0,0,True,0
H1,m84137_260214_004236_s1/259852661/ccs,135,45,45,0,100.0,0.0,0,0,0,True,0
H1,m84137_260214_004236_s1/11998446/ccs,135,45,45,0,100.0,0.0,0,0,0,True,0
H1,m84137_260214_004236_s1/33231375/ccs,135,45,45,0,100.0,0.0,0,0,0,True,0
H1,m84137_260214_004236_s1/14356673/ccs,135,45,45,0,100.0,0.0,0,0,0,True,0
H1,m84137_260214_004236_s1/198773162/ccs,135,45,45,0,100.0,0.0,0,0,0,True,0
H1,m84137_260214_004236_s1/136512419/ccs,135,45,45,0,100.0,0.0,0,0,0,True,0
H1,m84137_260214_004236_s1/154142121/ccs,135,45,45,0,100.0,0.0,0,0,0,True,0
H1,m84137_260214_004236_s1/146146586/ccs,135,45,45,0,100.0,0.0,0,0,0,True,0
H1,m84137_260214_004236_s1/19335775/ccs,135,45,45,0,100.0,0.0,0,0,0,True,0
H1,m84137_260214_004236_s1/18481593/ccs,135,45,45,0,100.0,0.0,0,0,0,True,0
H1,m84137_260214_004236_s1/114429841/ccs,135,45,45,0,100.0,0.0,0,0,0,True,0
H1,m84137_260214_004236_s1/100731305/ccs,136,42,29,13,69.04761904761905,30.952380952380953,0,0,1,False,1
H1,m84137_260214_004236_s1/10688263/ccs,136,42,15,27,35.714285714285715,64.28571428571429,0,0,1,False,1
H1,m84137_260214_004236_s1/19529960/ccs,128,42,12,30,28.57142857142857,71.42857142857143,1,1,2,False,2
H1,m84137_260214_004236_s1/150278678/ccs,135,45,45,0,100.0,0.0,0,0,0,True,0
H1,m84137_260214_004236_s1/29562334/ccs,136,45,11,34,24.444444444444443,75.55555555555556,1,1,1,False,1
H1,m84137_260214_004236_s1/213718607/ccs,135,45,45,0,100.0,0.0,0,0,0,True,0
H1,m84137_260214_004236_s1/170983547/ccs,136,42,33,9,78.57142857142857,21.428571428571427,0,0,1,False,1
H1,m84137_260214_004236_s1/184550078/ccs,136,42,7,35,16.666666666666664,83.33333333333334,0,0,1,False,1
H1,m84137_260214_004236_s1/111018508/ccs,137,43,26,17,60.46511627906976,39.53488372093023,0,0,2,False,2
H1,m84137_260214_004236_s1/238944689/ccs,137,41,14,27,34.146341463414636,65.85365853658537,1,1,2,False,2
H1,m84137_260214_004236_s1/159713175/ccs,137,43,27,16,62.7906976744186,37.2093023255814,0,0,2,False,2
H1,m84137_260214_004236_s1/97846105/ccs,138,46,46,0,100.0,0.0,0,0,0,True,0
H1,m84137_260214_004236_s1/115802615/ccs,138,46,46,0,100.0,0.0,0,0,0,True,0
H1,m84137_260214_004236_s1/29754839/ccs,134,41,10,31,24.390243902439025,75.60975609756098,1,1,2,False,2
H1,m84137_260214_004236_s1/77136270/ccs,138,46,46,0,100.0,0.0,0,0,0,True,0
H1,m84137_260214_004236_s1/148247064/ccs,132,44,44,0,100.0,0.0,0,0,0,True,0
H1,m84137_260214_004236_s1/26149168/ccs,137,42,17,25,40.476190476190474,59.523809523809526,1,1,2,False,2
H1,m84137_260214_004236_s1/85528373/ccs,133,44,7,37,15.909090909090908,84.0909090909091,1,1,1,False,1
H1,m84137_260214_004236_s1/204345494/ccs,138,46,46,0,100.0,0.0,0,0,0,True,0
H1,m84137_260214_004236_s1/186385495/ccs,138,46,46,0,100.0,0.0,0,0,0,True,0
H1,m84137_260214_004236_s1/54528878/ccs,138,46,46,0,100.0,0.0,0,0,0,True,0
H1,m84137_260214_004236_s1/93195090/ccs,138,46,46,0,100.0,0.0,0,0,0,True,0
H1,m84137_260214_004236_s1/82575911/ccs,138,46,46,0,100.0,0.0,0,0,0,True,0
H1,m84137_260214_004236_s1/100599573/ccs,138,46,46,0,100.0,0.0,0,0,0,True,0
H1,m84137_260214_004236_s1/130679017/ccs,138,46,46,0,100.0,0.0,0,0,0,True,0
H1,m84137_260214_004236_s1/127929239/ccs,138,46,46,0,100.0,0.0,0,0,0,True,0
H1,m84137_260214_004236_s1/132385236/ccs,138,46,46,0,100.0,0.0,0,0,0,True,0
H1,m84137_260214_004236_s1/143132507/ccs,138,46,46,0,100.0,0.0,0,0,0,True,0
H1,m84137_260214_004236_s1/166396259/ccs,138,46,46,0,100.0,0.0,0,0,0,True,0
H1,m84137_260214_004236_s1/204080175/ccs,138,46,46,0,100.0,0.0,0,0,0,True,0
H1,m84137_260214_004236_s1/183765807/ccs,138,46,46,0,100.0,0.0,0,0,0,True,0
H1,m84137_260214_004236_s1/238421814/ccs,138,46,46,0,100.0,0.0,0,0,0,True,0
H1,m84137_260214_004236_s1/259916628/ccs,138,46,46,0,100.0,0.0,0,0,0,True,0
H1,m84137_260214_004236_s1/238880322/ccs,138,46,46,0,100.0,0.0,0,0,0,True,0
H1,m84137_260214_004236_s1/250085660/ccs,138,46,46,0,100.0,0.0,0,0,0,True,0
H1,m84137_260214_004236_s1/34147588/ccs,138,46,46,0,100.0,0.0,0,0,0,True,0
H1,m84137_260214_004236_s1/81793027/ccs,138,46,46,0,100.0,0.0,0,0,0,True,0
H1,m84137_260214_004236_s1/160962288/ccs,138,46,46,0,100.0,0.0,0,0,0,True,0
H1,m84137_260214_004236_s1/202184555/ccs,138,46,46,0,100.0,0.0,0,0,0,True,0
H1,m84137_260214_004236_s1/231017517/ccs,138,46,46,0,100.0,0.0,0,0,0,True,0
H1,m84137_260214_004236_s1/82184075/ccs,138,46,46,0,100.0,0.0,0,0,0,True,0
H1,m84137_260214_004236_s1/118818998/ccs,138,46,46,0,100.0,0.0,0,0,0,True,0
H1,m84137_260214_004236_s1/133039698/ccs,138,46,46,0,100.0,0.0,0,0,0,True,0
H1,m84137_260214_004236_s1/161218998/ccs,138,46,46,0,100.0,0.0,0,0,0,True,0
H1,m84137_260214_004236_s1/217254442/ccs,138,46,46,0,100.0,0.0,0,0,0,True,0
H1,m84137_260214_004236_s1/119935574/ccs,138,46,46,0,100.0,0.0,0,0,0,True,0
H1,m84137_260214_004236_s1/31394914/ccs,138,46,46,0,100.0,0.0,0,0,0,True,0
H1,m84137_260214_004236_s1/147394774/ccs,138,46,46,0,100.0,0.0,0,0,0,True,0
H1,m84137_260214_004236_s1/247992158/ccs,138,46,46,0,100.0,0.0,0,0,0,True,0
H1,m84137_260214_004236_s1/20449725/ccs,138,46,46,0,100.0,0.0,0,0,0,True,0
H1,m84137_260214_004236_s1/33360630/ccs,138,46,46,0,100.0,0.0,0,0,0,True,0
H1,m84137_260214_004236_s1/59639042/ccs,138,46,46,0,100.0,0.0,0,0,0,True,0
H1,m84137_260214_004236_s1/60686746/ccs,138,46,46,0,100.0,0.0,0,0,0,True,0
H1,m84137_260214_004236_s1/73860566/ccs,138,46,46,0,100.0,0.0,0,0,0,True,0
H1,m84137_260214_004236_s1/84935614/ccs,138,46,46,0,100.0,0.0,0,0,0,True,0
H1,m84137_260214_004236_s1/95421772/ccs,138,46,46,0,100.0,0.0,0,0,0,True,0
H1,m84137_260214_004236_s1/211554275/ccs,138,46,46,0,100.0,0.0,0,0,0,True,0
H1,m84137_260214_004236_s1/23598590/ccs,138,46,46,0,100.0,0.0,0,0,0,True,0
H1,m84137_260214_004236_s1/149555625/ccs,138,46,46,0,100.0,0.0,0,0,0,True,0
H1,m84137_260214_004236_s1/220792155/ccs,138,46,46,0,100.0,0.0,0,0,0,True,0
H1,m84137_260214_004236_s1/191825981/ccs,138,46,46,0,100.0,0.0,0,0,0,True,0
H1,m84137_260214_004236_s1/184686469/ccs,138,46,46,0,100.0,0.0,0,0,0,True,0
H1,m84137_260214_004236_s1/28705704/ccs,138,46,46,0,100.0,0.0,0,0,0,True,0
H1,m84137_260214_004236_s1/32901731/ccs,138,46,46,0,100.0,0.0,0,0,0,True,0
H1,m84137_260214_004236_s1/59574288/ccs,138,46,46,0,100.0,0.0,0,0,0,True,0
H1,m84137_260214_004236_s1/72943667/ccs,138,46,46,0,100.0,0.0,0,0,0,True,0
H1,m84137_260214_004236_s1/89260803/ccs,138,46,46,0,100.0,0.0,0,0,0,True,0
H1,m84137_260214_004236_s1/117637884/ccs,138,46,46,0,100.0,0.0,0,0,0,True,0
H1,m84137_260214_004236_s1/106956160/ccs,138,46,46,0,100.0,0.0,0,0,0,True,0
H1,m84137_260214_004236_s1/112395322/ccs,138,46,46,0,100.0,0.0,0,0,0,True,0
H1,m84137_260214_004236_s1/93460079/ccs,138,46,46,0,100.0,0.0,0,0,0,True,0
H1,m84137_260214_004236_s1/104731879/ccs,138,46,46,0,100.0,0.0,0,0,0,True,0
H1,m84137_260214_004236_s1/66586931/ccs,138,46,46,0,100.0,0.0,0,0,0,True,0
H1,m84137_260214_004236_s1/70713422/ccs,138,46,46,0,100.0,0.0,0,0,0,True,0
H1,m84137_260214_004236_s1/95882013/ccs,138,46,46,0,100.0,0.0,0,0,0,True,0
H1,m84137_260214_004236_s1/93127230/ccs,138,46,46,0,100.0,0.0,0,0,0,True,0
H1,m84137_260214_004236_s1/96011826/ccs,138,46,46,0,100.0,0.0,0,0,0,True,0
H1,m84137_260214_004236_s1/176427840/ccs,138,46,46,0,100.0,0.0,0,0,0,True,0
H1,m84137_260214_004236_s1/222563683/ccs,138,46,46,0,100.0,0.0,0,0,0,True,0
H1,m84137_260214_004236_s1/205591276/ccs,138,46,46,0,100.0,0.0,0,0,0,True,0
H1,m84137_260214_004236_s1/258739724/ccs,138,46,46,0,100.0,0.0,0,0,0,True,0
H1,m84137_260214_004236_s1/243667092/ccs,138,46,46,0,100.0,0.0,0,0,0,True,0
H1,m84137_260214_004236_s1/214962994/ccs,138,46,46,0,100.0,0.0,0,0,0,True,0
H1,m84137_260214_004236_s1/216141460/ccs,138,46,46,0,100.0,0.0,0,0,0,True,0
H1,m84137_260214_004236_s1/107544824/ccs,138,46,46,0,100.0,0.0,0,0,0,True,0
H1,m84137_260214_004236_s1/157417860/ccs,138,46,46,0,100.0,0.0,0,0,0,True,0
H1,m84137_260214_004236_s1/211421615/ccs,138,46,46,0,100.0,0.0,0,0,0,True,0
H1,m84137_260214_004236_s1/141039437/ccs,138,46,46,0,100.0,0.0,0,0,0,True,0
H1,m84137_260214_004236_s1/114955850/ccs,138,46,46,0,100.0,0.0,0,0,0,True,0
H1,m84137_260214_004236_s1/116264240/ccs,138,46,46,0,100.0,0.0,0,0,0,True,0
H1,m84137_260214_004236_s1/173741805/ccs,138,46,46,0,100.0,0.0,0,0,0,True,0
H1,m84137_260214_004236_s1/104926420/ccs,138,46,46,0,100.0,0.0,0,0,0,True,0
H1,m84137_260214_004236_s1/114494813/ccs,138,46,46,0,100.0,0.0,0,0,0,True,0
H1,m84137_260214_004236_s1/148443411/ccs,138,46,46,0,100.0,0.0,0,0,0,True,0
H1,m84137_260214_004236_s1/258606365/ccs,138,46,46,0,100.0,0.0,0,0,0,True,0
H1,m84137_260214_004236_s1/16779268/ccs,138,46,46,0,100.0,0.0,0,0,0,True,0
H1,m84137_260214_004236_s1/217585463/ccs,138,46,46,0,100.0,0.0,0,0,0,True,0
H1,m84137_260214_004236_s1/21563299/ccs,138,46,46,0,100.0,0.0,0,0,0,True,0
H1,m84137_260214_004236_s1/27396471/ccs,138,46,46,0,100.0,0.0,0,0,0,True,0
H1,m84137_260214_004236_s1/134810252/ccs,138,46,46,0,100.0,0.0,0,0,0,True,0
H1,m84137_260214_004236_s1/114886369/ccs,138,46,46,0,100.0,0.0,0,0,0,True,0
H1,m84137_260214_004236_s1/220858414/ccs,138,46,46,0,100.0,0.0,0,0,0,True,0
H1,m84137_260214_004236_s1/203818871/ccs,138,46,46,0,100.0,0.0,0,0,0,True,0
H1,m84137_260214_004236_s1/228852795/ccs,138,46,46,0,100.0,0.0,0,0,0,True,0
H1,m84137_260214_004236_s1/236784353/ccs,138,46,46,0,100.0,0.0,0,0,0,True,0
H1,m84137_260214_004236_s1/2624773/ccs,138,46,46,0,100.0,0.0,0,0,0,True,0
H1,m84137_260214_004236_s1/26350357/ccs,138,46,46,0,100.0,0.0,0,0,0,True,0
H1,m84137_260214_004236_s1/26744241/ccs,138,46,46,0,100.0,0.0,0,0,0,True,0
H1,m84137_260214_004236_s1/15799828/ccs,138,46,46,0,100.0,0.0,0,0,0,True,0
H1,m84137_260214_004236_s1/69276197/ccs,138,46,46,0,100.0,0.0,0,0,0,True,0
H1,m84137_260214_004236_s1/47189874/ccs,138,46,46,0,100.0,0.0,0,0,0,True,0
H1,m84137_260214_004236_s1/100732863/ccs,138,46,46,0,100.0,0.0,0,0,0,True,0
H1,m84137_260214_004236_s1/101454881/ccs,138,46,46,0,100.0,0.0,0,0,0,True,0
H1,m84137_260214_004236_s1/99552800/ccs,138,46,46,0,100.0,0.0,0,0,0,True,0
H1,m84137_260214_004236_s1/129242202/ccs,138,46,46,0,100.0,0.0,0,0,0,True,0
H1,m84137_260214_004236_s1/164302520/ccs,138,46,46,0,100.0,0.0,0,0,0,True,0
H1,m84137_260214_004236_s1/145690083/ccs,138,46,46,0,100.0,0.0,0,0,0,True,0
H1,m84137_260214_004236_s1/174593956/ccs,138,46,46,0,100.0,0.0,0,0,0,True,0
H1,m84137_260214_004236_s1/198381320/ccs,138,46,46,0,100.0,0.0,0,0,0,True,0
H1,m84137_260214_004236_s1/224203942/ccs,138,46,46,0,100.0,0.0,0,0,0,True,0
H1,m84137_260214_004236_s1/206704592/ccs,138,46,46,0,100.0,0.0,0,0,0,True,0
H1,m84137_260214_004236_s1/241178206/ccs,138,46,46,0,100.0,0.0,0,0,0,True,0
H1,m84137_260214_004236_s1/261362032/ccs,138,46,46,0,100.0,0.0,0,0,0,True,0
H1,m84137_260214_004236_s1/36898622/ccs,138,46,46,0,100.0,0.0,0,0,0,True,0
H1,m84137_260214_004236_s1/88020262/ccs,138,46,46,0,100.0,0.0,0,0,0,True,0
H1,m84137_260214_004236_s1/90770440/ccs,138,46,46,0,100.0,0.0,0,0,0,True,0
H1,m84137_260214_004236_s1/91098970/ccs,138,46,46,0,100.0,0.0,0,0,0,True,0
H1,m84137_260214_004236_s1/148374792/ccs,138,46,46,0,100.0,0.0,0,0,0,True,0
H1,m84137_260214_004236_s1/213453852/ccs,138,46,46,0,100.0,0.0,0,0,0,True,0
H1,m84137_260214_004236_s1/49681745/ccs,138,46,46,0,100.0,0.0,0,0,0,True,0
H1,m84137_260214_004236_s1/165610171/ccs,138,46,46,0,100.0,0.0,0,0,0,True,0
H1,m84137_260214_004236_s1/218696622/ccs,138,46,46,0,100.0,0.0,0,0,0,True,0
H1,m84137_260214_004236_s1/46993790/ccs,138,46,46,0,100.0,0.0,0,0,0,True,0
H1,m84137_260214_004236_s1/142872344/ccs,138,46,46,0,100.0,0.0,0,0,0,True,0
H1,m84137_260214_004236_s1/145558948/ccs,138,46,46,0,100.0,0.0,0,0,0,True,0
H1,m84137_260214_004236_s1/169414771/ccs,138,46,46,0,100.0,0.0,0,0,0,True,0
H1,m84137_260214_004236_s1/18154050/ccs,138,46,46,0,100.0,0.0,0,0,0,True,0
H1,m84137_260214_004236_s1/5571523/ccs,138,46,46,0,100.0,0.0,0,0,0,True,0
H1,m84137_260214_004236_s1/50727800/ccs,138,46,46,0,100.0,0.0,0,0,0,True,0
H1,m84137_260214_004236_s1/59902857/ccs,138,46,46,0,100.0,0.0,0,0,0,True,0
H1,m84137_260214_004236_s1/93847606/ccs,138,46,46,0,100.0,0.0,0,0,0,True,0
H1,m84137_260214_004236_s1/124322352/ccs,138,46,46,0,100.0,0.0,0,0,0,True,0
H1,m84137_260214_004236_s1/124586428/ccs,138,46,46,0,100.0,0.0,0,0,0,True,0
H1,m84137_260214_004236_s1/124650207/ccs,138,46,46,0,100.0,0.0,0,0,0,True,0
H1,m84137_260214_004236_s1/104728460/ccs,138,46,46,0,100.0,0.0,0,0,0,True,0
H1,m84137_260214_004236_s1/126551224/ccs,138,46,46,0,100.0,0.0,0,0,0,True,0
H1,m84137_260214_004236_s1/151325300/ccs,138,46,46,0,100.0,0.0,0,0,0,True,0
H1,m84137_260214_004236_s1/163055820/ccs,138,46,46,0,100.0,0.0,0,0,0,True,0
H1,m84137_260214_004236_s1/190840932/ccs,138,46,46,0,100.0,0.0,0,0,0,True,0
H1,m84137_260214_004236_s1/194970872/ccs,138,46,46,0,100.0,0.0,0,0,0,True,0
H1,m84137_260214_004236_s1/209781724/ccs,138,46,46,0,100.0,0.0,0,0,0,True,0
H1,m84137_260214_004236_s1/213583800/ccs,137,42,9,33,21.428571428571427,78.57142857142857,1,1,2,False,2
H1,m84137_260214_004236_s1/213713100/ccs,138,46,46,0,100.0,0.0,0,0,0,True,0
H1,m84137_260214_004236_s1/233047933/ccs,138,46,46,0,100.0,0.0,0,0,0,True,0
H1,m84137_260214_004236_s1/160563932/ccs,138,46,46,0,100.0,0.0,0,0,0,True,0
H1,m84137_260214_004236_s1/185599384/ccs,138,46,46,0,100.0,0.0,0,0,0,True,0
H1,m84137_260214_004236_s1/170263576/ccs,138,46,46,0,100.0,0.0,0,0,0,True,0
H1,m84137_260214_004236_s1/188943160/ccs,138,46,46,0,100.0,0.0,0,0,0,True,0
H1,m84137_260214_004236_s1/215484037/ccs,138,46,46,0,100.0,0.0,0,0,0,True,0
H1,m84137_260214_004236_s1/242158166/ccs,138,46,46,0,100.0,0.0,0,0,0,True,0
H1,m84137_260214_004236_s1/217646101/ccs,138,46,46,0,100.0,0.0,0,0,0,True,0
H1,m84137_260214_004236_s1/265291667/ccs,138,46,46,0,100.0,0.0,0,0,0,True,0
H1,m84137_260214_004236_s1/9375423/ccs,138,46,46,0,100.0,0.0,0,0,0,True,0
H1,m84137_260214_004236_s1/221514308/ccs,138,46,46,0,100.0,0.0,0,0,0,True,0
H1,m84137_260214_004236_s1/137298868/ccs,138,46,46,0,100.0,0.0,0,0,0,True,0
H1,m84137_260214_004236_s1/159517434/ccs,138,46,46,0,100.0,0.0,0,0,0,True,0
H1,m84137_260214_004236_s1/219419956/ccs,138,46,46,0,100.0,0.0,0,0,0,True,0
H1,m84137_260214_004236_s1/87887721/ccs,138,46,46,0,100.0,0.0,0,0,0,True,0
H1,m84137_260214_004236_s1/165283876/ccs,139,43,36,7,83.72093023255815,16.27906976744186,0,0,1,False,1
H1,m84137_260214_004236_s1/12845417/ccs,135,45,45,0,100.0,0.0,0,0,0,True,0
H1,m84137_260214_004236_s1/103418312/ccs,139,46,31,15,67.3913043478261,32.608695652173914,1,1,1,False,1
H1,m84137_260214_004236_s1/250550042/ccs,141,47,47,0,100.0,0.0,0,0,0,True,0
H1,m84137_260214_004236_s1/14225739/ccs,139,43,42,1,97.67441860465115,2.3255813953488373,0,0,1,False,1
H1,m84137_260214_004236_s1/80872229/ccs,140,44,41,3,93.18181818181817,6.8181818181818175,0,0,2,False,2
H1,m84137_260214_004236_s1/244385214/ccs,140,44,31,13,70.45454545454545,29.545454545454547,0,0,2,False,2
H1,m84137_260214_004236_s1/225510444/ccs,141,47,47,0,100.0,0.0,0,0,0,True,0
H1,m84137_260214_004236_s1/191694447/ccs,141,47,47,0,100.0,0.0,0,0,0,True,0
H1,m84137_260214_004236_s1/70978212/ccs,141,47,47,0,100.0,0.0,0,0,0,True,0
H1,m84137_260214_004236_s1/3016697/ccs,141,47,47,0,100.0,0.0,0,0,0,True,0
H1,m84137_260214_004236_s1/27398405/ccs,143,46,14,32,30.434782608695656,69.56521739130434,2,2,2,False,2
H1,m84137_260214_004236_s1/177997498/ccs,141,47,47,0,100.0,0.0,0,0,0,True,0
H1,m84137_260214_004236_s1/13369415/ccs,141,47,47,0,100.0,0.0,0,0,0,True,0
H1,m84137_260214_004236_s1/53086332/ccs,141,47,47,0,100.0,0.0,0,0,0,True,0
H1,m84137_260214_004236_s1/75434301/ccs,141,47,47,0,100.0,0.0,0,0,0,True,0
H1,m84137_260214_004236_s1/100729519/ccs,141,47,47,0,100.0,0.0,0,0,0,True,0
H1,m84137_260214_004236_s1/122486880/ccs,141,47,47,0,100.0,0.0,0,0,0,True,0
H1,m84137_260214_004236_s1/146934610/ccs,141,47,47,0,100.0,0.0,0,0,0,True,0
H1,m84137_260214_004236_s1/164432760/ccs,141,47,47,0,100.0,0.0,0,0,0,True,0
H1,m84137_260214_004236_s1/203817941/ccs,141,47,47,0,100.0,0.0,0,0,0,True,0
H1,m84137_260214_004236_s1/235341033/ccs,141,47,47,0,100.0,0.0,0,0,0,True,0
H1,m84137_260214_004236_s1/239142996/ccs,141,47,47,0,100.0,0.0,0,0,0,True,0
H1,m84137_260214_004236_s1/34739112/ccs,138,46,46,0,100.0,0.0,0,0,0,True,0
H1,m84137_260214_004236_s1/58593374/ccs,141,47,47,0,100.0,0.0,0,0,0,True,0
H1,m84137_260214_004236_s1/117772419/ccs,141,47,47,0,100.0,0.0,0,0,0,True,0
H1,m84137_260214_004236_s1/208540238/ccs,141,47,47,0,100.0,0.0,0,0,0,True,0
H1,m84137_260214_004236_s1/204806012/ccs,141,47,47,0,100.0,0.0,0,0,0,True,0
H1,m84137_260214_004236_s1/206115486/ccs,141,47,47,0,100.0,0.0,0,0,0,True,0
H1,m84137_260214_004236_s1/183569978/ccs,141,47,47,0,100.0,0.0,0,0,0,True,0
H1,m84137_260214_004236_s1/238228047/ccs,141,47,47,0,100.0,0.0,0,0,0,True,0
H1,m84137_260214_004236_s1/245371419/ccs,141,47,47,0,100.0,0.0,0,0,0,True,0
H1,m84137_260214_004236_s1/226955678/ccs,141,47,47,0,100.0,0.0,0,0,0,True,0
H1,m84137_260214_004236_s1/103946073/ccs,141,47,47,0,100.0,0.0,0,0,0,True,0
H1,m84137_260214_004236_s1/158140653/ccs,141,47,47,0,100.0,0.0,0,0,0,True,0
H1,m84137_260214_004236_s1/245634505/ccs,141,47,47,0,100.0,0.0,0,0,0,True,0
H1,m84137_260214_004236_s1/56036325/ccs,141,47,47,0,100.0,0.0,0,0,0,True,0
H1,m84137_260214_004236_s1/33426129/ccs,141,47,47,0,100.0,0.0,0,0,0,True,0
H1,m84137_260214_004236_s1/153619070/ccs,141,47,47,0,100.0,0.0,0,0,0,True,0
H1,m84137_260214_004236_s1/64489370/ccs,141,47,47,0,100.0,0.0,0,0,0,True,0
H1,m84137_260214_004236_s1/94306882/ccs,141,47,47,0,100.0,0.0,0,0,0,True,0
H1,m84137_260214_004236_s1/23134529/ccs,141,47,47,0,100.0,0.0,0,0,0,True,0
H1,m84137_260214_004236_s1/2623112/ccs,141,47,47,0,100.0,0.0,0,0,0,True,0
H1,m84137_260214_004236_s1/37487796/ccs,141,47,47,0,100.0,0.0,0,0,0,True,0
H1,m84137_260214_004236_s1/42009268/ccs,141,47,47,0,100.0,0.0,0,0,0,True,0
H1,m84137_260214_004236_s1/95553077/ccs,141,47,47,0,100.0,0.0,0,0,0,True,0
H1,m84137_260214_004236_s1/95749562/ccs,141,47,47,0,100.0,0.0,0,0,0,True,0
H1,m84137_260214_004236_s1/129632287/ccs,141,47,47,0,100.0,0.0,0,0,0,True,0
H1,m84137_260214_004236_s1/146800992/ccs,141,47,47,0,100.0,0.0,0,0,0,True,0
H1,m84137_260214_004236_s1/147327994/ccs,141,47,47,0,100.0,0.0,0,0,0,True,0
H1,m84137_260214_004236_s1/184944595/ccs,141,47,47,0,100.0,0.0,0,0,0,True,0
H1,m84137_260214_004236_s1/168887993/ccs,141,47,47,0,100.0,0.0,0,0,0,True,0
H1,m84137_260214_004236_s1/185600210/ccs,141,47,47,0,100.0,0.0,0,0,0,True,0
H1,m84137_260214_004236_s1/193594530/ccs,141,47,47,0,100.0,0.0,0,0,0,True,0
H1,m84137_260214_004236_s1/221775681/ccs,141,47,47,0,100.0,0.0,0,0,0,True,0
H1,m84137_260214_004236_s1/215875711/ccs,141,47,47,0,100.0,0.0,0,0,0,True,0
H1,m84137_260214_004236_s1/216205162/ccs,141,47,47,0,100.0,0.0,0,0,0,True,0
H1,m84137_260214_004236_s1/217777147/ccs,141,47,47,0,100.0,0.0,0,0,0,True,0
H1,m84137_260214_004236_s1/18289121/ccs,141,47,47,0,100.0,0.0,0,0,0,True,0
H1,m84137_260214_004236_s1/11736694/ccs,141,47,47,0,100.0,0.0,0,0,0,True,0
H1,m84137_260214_004236_s1/39261265/ccs,141,47,47,0,100.0,0.0,0,0,0,True,0
H1,m84137_260214_004236_s1/38735497/ccs,141,47,47,0,100.0,0.0,0,0,0,True,0
H1,m84137_260214_004236_s1/93917539/ccs,141,47,47,0,100.0,0.0,0,0,0,True,0
H1,m84137_260214_004236_s1/99750727/ccs,141,47,47,0,100.0,0.0,0,0,0,True,0
H1,m84137_260214_004236_s1/124325547/ccs,141,47,47,0,100.0,0.0,0,0,0,True,0
H1,m84137_260214_004236_s1/189010669/ccs,141,47,47,0,100.0,0.0,0,0,0,True,0
H1,m84137_260214_004236_s1/172758357/ccs,141,47,47,0,100.0,0.0,0,0,0,True,0
H1,m84137_260214_004236_s1/219614966/ccs,141,47,47,0,100.0,0.0,0,0,0,True,0
H1,m84137_260214_004236_s1/7014947/ccs,141,47,47,0,100.0,0.0,0,0,0,True,0
H1,m84137_260214_004236_s1/15599225/ccs,141,47,47,0,100.0,0.0,0,0,0,True,0
H1,m84137_260214_004236_s1/32705486/ccs,141,47,47,0,100.0,0.0,0,0,0,True,0
H1,m84137_260214_004236_s1/53085900/ccs,141,47,47,0,100.0,0.0,0,0,0,True,0
H1,m84137_260214_004236_s1/43123029/ccs,141,47,47,0,100.0,0.0,0,0,0,True,0
H1,m84137_260214_004236_s1/43977328/ccs,141,47,47,0,100.0,0.0,0,0,0,True,0
H1,m84137_260214_004236_s1/64948183/ccs,141,47,47,0,100.0,0.0,0,0,0,True,0
H1,m84137_260214_004236_s1/68092328/ccs,141,47,47,0,100.0,0.0,0,0,0,True,0
H1,m84137_260214_004236_s1/102171783/ccs,141,47,47,0,100.0,0.0,0,0,0,True,0
H1,m84137_260214_004236_s1/98897437/ccs,141,47,47,0,100.0,0.0,0,0,0,True,0
H1,m84137_260214_004236_s1/120066811/ccs,141,47,47,0,100.0,0.0,0,0,0,True,0
H1,m84137_260214_004236_s1/84478402/ccs,141,47,47,0,100.0,0.0,0,0,0,True,0
H1,m84137_260214_004236_s1/194514421/ccs,141,47,47,0,100.0,0.0,0,0,0,True,0
H1,m84137_260214_004236_s1/211030703/ccs,141,47,47,0,100.0,0.0,0,0,0,True,0
H1,m84137_260214_004236_s1/183176780/ccs,138,46,46,0,100.0,0.0,0,0,0,True,0
H1,m84137_260214_004236_s1/253235517/ccs,141,47,47,0,100.0,0.0,0,0,0,True,0
H1,m84137_260214_004236_s1/261100798/ccs,141,47,47,0,100.0,0.0,0,0,0,True,0
H1,m84137_260214_004236_s1/74581365/ccs,141,47,47,0,100.0,0.0,0,0,0,True,0
H1,m84137_260214_004236_s1/219089911/ccs,141,47,47,0,100.0,0.0,0,0,0,True,0
H1,m84137_260214_004236_s1/153751481/ccs,141,47,47,0,100.0,0.0,0,0,0,True,0
H1,m84137_260214_004236_s1/157814182/ccs,141,47,47,0,100.0,0.0,0,0,0,True,0
H1,m84137_260214_004236_s1/161353218/ccs,141,47,47,0,100.0,0.0,0,0,0,True,0
H1,m84137_260214_004236_s1/191305048/ccs,141,47,47,0,100.0,0.0,0,0,0,True,0
H1,m84137_260214_004236_s1/256510021/ccs,141,47,47,0,100.0,0.0,0,0,0,True,0
H1,m84137_260214_004236_s1/238488467/ccs,141,47,47,0,100.0,0.0,0,0,0,True,0
H1,m84137_260214_004236_s1/102371326/ccs,141,47,47,0,100.0,0.0,0,0,0,True,0
H1,m84137_260214_004236_s1/107023974/ccs,141,47,47,0,100.0,0.0,0,0,0,True,0
H1,m84137_260214_004236_s1/200545765/ccs,141,47,47,0,100.0,0.0,0,0,0,True,0
H1,m84137_260214_004236_s1/233639198/ccs,141,47,47,0,100.0,0.0,0,0,0,True,0
H1,m84137_260214_004236_s1/150210552/ccs,141,47,47,0,100.0,0.0,0,0,0,True,0
H1,m84137_260214_004236_s1/240059396/ccs,141,47,47,0,100.0,0.0,0,0,0,True,0
H1,m84137_260214_004236_s1/42209843/ccs,141,47,47,0,100.0,0.0,0,0,0,True,0
H1,m84137_260214_004236_s1/89985393/ccs,141,47,47,0,100.0,0.0,0,0,0,True,0
H1,m84137_260214_004236_s1/49484528/ccs,141,47,47,0,100.0,0.0,0,0,0,True,0
H1,m84137_260214_004236_s1/179113152/ccs,141,47,47,0,100.0,0.0,0,0,0,True,0
H1,m84137_260214_004236_s1/217779313/ccs,141,47,47,0,100.0,0.0,0,0,0,True,0
H1,m84137_260214_004236_s1/247860991/ccs,141,47,47,0,100.0,0.0,0,0,0,True,0
H1,m84137_260214_004236_s1/265552786/ccs,141,47,47,0,100.0,0.0,0,0,0,True,0
H1,m84137_260214_004236_s1/29361070/ccs,137,39,13,26,33.33333333333333,66.66666666666666,0,0,2,False,2
H1,m84137_260214_004236_s1/252512990/ccs,141,47,47,0,100.0,0.0,0,0,0,True,0
H1,m84137_260214_004236_s1/166855901/ccs,141,47,47,0,100.0,0.0,0,0,0,True,0
H1,m84137_260214_004236_s1/174195278/ccs,141,47,47,0,100.0,0.0,0,0,0,True,0
H1,m84137_260214_004236_s1/189401818/ccs,141,47,47,0,100.0,0.0,0,0,0,True,0
H1,m84137_260214_004236_s1/246285285/ccs,141,47,47,0,100.0,0.0,0,0,0,True,0
H1,m84137_260214_004236_s1/16979077/ccs,141,47,47,0,100.0,0.0,0,0,0,True,0
H1,m84137_260214_004236_s1/38999405/ccs,141,47,47,0,100.0,0.0,0,0,0,True,0
H1,m84137_260214_004236_s1/193921484/ccs,141,47,47,0,100.0,0.0,0,0,0,True,0
H1,m84137_260214_004236_s1/194054140/ccs,141,47,47,0,100.0,0.0,0,0,0,True,0
H1,m84137_260214_004236_s1/177866934/ccs,141,47,47,0,100.0,0.0,0,0,0,True,0
H1,m84137_260214_004236_s1/218955948/ccs,141,47,47,0,100.0,0.0,0,0,0,True,0
H1,m84137_260214_004236_s1/224069560/ccs,141,47,47,0,100.0,0.0,0,0,0,True,0
H1,m84137_260214_004236_s1/131663848/ccs,141,47,47,0,100.0,0.0,0,0,0,True,0
H1,m84137_260214_004236_s1/115279183/ccs,141,47,47,0,100.0,0.0,0,0,0,True,0
H1,m84137_260214_004236_s1/158532745/ccs,141,47,47,0,100.0,0.0,0,0,0,True,0
H1,m84137_260214_004236_s1/154272435/ccs,141,47,47,0,100.0,0.0,0,0,0,True,0
H1,m84137_260214_004236_s1/159517547/ccs,141,47,47,0,100.0,0.0,0,0,0,True,0
H1,m84137_260214_004236_s1/260571518/ccs,141,47,47,0,100.0,0.0,0,0,0,True,0
H1,m84137_260214_004236_s1/58001187/ccs,142,44,17,27,38.63636363636363,61.36363636363637,0,0,1,False,1
H1,m84137_260214_004236_s1/210502992/ccs,142,47,37,10,78.72340425531915,21.27659574468085,1,1,1,False,1
H1,m84137_260214_004236_s1/187961858/ccs,141,47,47,0,100.0,0.0,0,0,0,True,0
H1,m84137_260214_004236_s1/246549615/ccs,142,47,8,39,17.02127659574468,82.97872340425532,1,1,1,False,1
H1,m84137_260214_004236_s1/51188803/ccs,140,43,13,30,30.23255813953488,69.76744186046511,1,1,2,False,2
H1,m84137_260214_004236_s1/248055668/ccs,142,38,18,20,47.368421052631575,52.63157894736842,0,0,1,False,1
H1,m84137_260214_004236_s1/215092105/ccs,143,45,15,30,33.33333333333333,66.66666666666666,0,0,2,False,2
H1,m84137_260214_004236_s1/127796077/ccs,142,44,19,25,43.18181818181818,56.81818181818182,0,0,1,False,1
H1,m84137_260214_004236_s1/144179296/ccs,143,47,34,13,72.3404255319149,27.659574468085108,2,2,2,False,2
H1,m84137_260214_004236_s1/259916217/ccs,143,44,4,40,9.090909090909092,90.9090909090909,1,1,2,False,2
H1,m84137_260214_004236_s1/58917024/ccs,144,48,48,0,100.0,0.0,0,0,0,True,0
H1,m84137_260214_004236_s1/95815360/ccs,144,48,48,0,100.0,0.0,0,0,0,True,0
H1,m84137_260214_004236_s1/97714672/ccs,144,48,48,0,100.0,0.0,0,0,0,True,0
H1,m84137_260214_004236_s1/118163686/ccs,144,48,48,0,100.0,0.0,0,0,0,True,0
H1,m84137_260214_004236_s1/122486855/ccs,144,48,48,0,100.0,0.0,0,0,0,True,0
H1,m84137_260214_004236_s1/132907321/ccs,144,48,48,0,100.0,0.0,0,0,0,True,0
H1,m84137_260214_004236_s1/159975764/ccs,144,48,48,0,100.0,0.0,0,0,0,True,0
H1,m84137_260214_004236_s1/168691807/ccs,144,48,48,0,100.0,0.0,0,0,0,True,0
H1,m84137_260214_004236_s1/258869427/ccs,144,48,48,0,100.0,0.0,0,0,0,True,0
H1,m84137_260214_004236_s1/73469604/ccs,144,48,48,0,100.0,0.0,0,0,0,True,0
H1,m84137_260214_004236_s1/89001080/ccs,144,48,48,0,100.0,0.0,0,0,0,True,0
H1,m84137_260214_004236_s1/49812889/ccs,144,48,48,0,100.0,0.0,0,0,0,True,0
H1,m84137_260214_004236_s1/141170582/ccs,144,48,48,0,100.0,0.0,0,0,0,True,0
H1,m84137_260214_004236_s1/222630022/ccs,144,48,48,0,100.0,0.0,0,0,0,True,0
H1,m84137_260214_004236_s1/253760568/ccs,144,48,48,0,100.0,0.0,0,0,0,True,0
H1,m84137_260214_004236_s1/241700300/ccs,144,48,48,0,100.0,0.0,0,0,0,True,0
H1,m84137_260214_004236_s1/243142702/ccs,144,48,48,0,100.0,0.0,0,0,0,True,0
H1,m84137_260214_004236_s1/159909028/ccs,144,48,48,0,100.0,0.0,0,0,0,True,0
H1,m84137_260214_004236_s1/207360519/ccs,144,48,48,0,100.0,0.0,0,0,0,True,0
H1,m84137_260214_004236_s1/27726106/ccs,144,48,48,0,100.0,0.0,0,0,0,True,0
H1,m84137_260214_004236_s1/147002651/ccs,144,48,48,0,100.0,0.0,0,0,0,True,0
H1,m84137_260214_004236_s1/138807717/ccs,144,48,48,0,100.0,0.0,0,0,0,True,0
H1,m84137_260214_004236_s1/19727929/ccs,144,48,48,0,100.0,0.0,0,0,0,True,0
H1,m84137_260214_004236_s1/25106175/ccs,144,48,48,0,100.0,0.0,0,0,0,True,0
H1,m84137_260214_004236_s1/42600230/ccs,144,48,48,0,100.0,0.0,0,0,0,True,0
H1,m84137_260214_004236_s1/96273464/ccs,144,48,48,0,100.0,0.0,0,0,0,True,0
H1,m84137_260214_004236_s1/97717215/ccs,144,48,48,0,100.0,0.0,0,0,0,True,0
H1,m84137_260214_004236_s1/199819333/ccs,144,48,48,0,100.0,0.0,0,0,0,True,0
H1,m84137_260214_004236_s1/238291751/ccs,144,48,48,0,100.0,0.0,0,0,0,True,0
H1,m84137_260214_004236_s1/246743758/ccs,144,48,48,0,100.0,0.0,0,0,0,True,0
H1,m84137_260214_004236_s1/5575726/ccs,144,48,48,0,100.0,0.0,0,0,0,True,0
H1,m84137_260214_004236_s1/67243197/ccs,144,48,48,0,100.0,0.0,0,0,0,True,0
H1,m84137_260214_004236_s1/63442676/ccs,144,48,48,0,100.0,0.0,0,0,0,True,0
H1,m84137_260214_004236_s1/73338926/ccs,144,48,48,0,100.0,0.0,0,0,0,True,0
H1,m84137_260214_004236_s1/109120661/ccs,144,48,48,0,100.0,0.0,0,0,0,True,0
H1,m84137_260214_004236_s1/82120348/ccs,144,48,48,0,100.0,0.0,0,0,0,True,0
H1,m84137_260214_004236_s1/174331597/ccs,144,48,48,0,100.0,0.0,0,0,0,True,0
H1,m84137_260214_004236_s1/187501775/ccs,144,48,48,0,100.0,0.0,0,0,0,True,0
H1,m84137_260214_004236_s1/170331709/ccs,144,48,48,0,100.0,0.0,0,0,0,True,0
H1,m84137_260214_004236_s1/71895353/ccs,144,48,48,0,100.0,0.0,0,0,0,True,0
H1,m84137_260214_004236_s1/187829571/ccs,144,48,48,0,100.0,0.0,0,0,0,True,0
H1,m84137_260214_004236_s1/13109242/ccs,144,48,48,0,100.0,0.0,0,0,0,True,0
H1,m84137_260214_004236_s1/67174545/ccs,144,48,48,0,100.0,0.0,0,0,0,True,0
H1,m84137_260214_004236_s1/118686922/ccs,144,48,48,0,100.0,0.0,0,0,0,True,0
H1,m84137_260214_004236_s1/77401543/ccs,144,48,48,0,100.0,0.0,0,0,0,True,0
H1,m84137_260214_004236_s1/99751037/ccs,144,48,48,0,100.0,0.0,0,0,0,True,0
H1,m84137_260214_004236_s1/110432872/ccs,144,48,48,0,100.0,0.0,0,0,0,True,0
H1,m84137_260214_004236_s1/130944532/ccs,144,48,48,0,100.0,0.0,0,0,0,True,0
H1,m84137_260214_004236_s1/85526963/ccs,144,48,48,0,100.0,0.0,0,0,0,True,0
H1,m84137_260214_004236_s1/95618647/ccs,144,48,48,0,100.0,0.0,0,0,0,True,0
H1,m84137_260214_004236_s1/208736082/ccs,144,48,48,0,100.0,0.0,0,0,0,True,0
H1,m84137_260214_004236_s1/223416916/ccs,144,48,48,0,100.0,0.0,0,0,0,True,0
H1,m84137_260214_004236_s1/140972715/ccs,144,48,48,0,100.0,0.0,0,0,0,True,0
H1,m84137_260214_004236_s1/159978422/ccs,144,48,48,0,100.0,0.0,0,0,0,True,0
H1,m84137_260214_004236_s1/241961016/ccs,144,48,48,0,100.0,0.0,0,0,0,True,0
H1,m84137_260214_004236_s1/13112935/ccs,144,48,48,0,100.0,0.0,0,0,0,True,0
H1,m84137_260214_004236_s1/67375679/ccs,144,48,48,0,100.0,0.0,0,0,0,True,0
H1,m84137_260214_004236_s1/49092123/ccs,144,48,48,0,100.0,0.0,0,0,0,True,0
H1,m84137_260214_004236_s1/202837950/ccs,144,48,48,0,100.0,0.0,0,0,0,True,0
H1,m84137_260214_004236_s1/16843679/ccs,144,48,48,0,100.0,0.0,0,0,0,True,0
H1,m84137_260214_004236_s1/217781456/ccs,144,48,48,0,100.0,0.0,0,0,0,True,0
H1,m84137_260214_004236_s1/250940119/ccs,144,48,48,0,100.0,0.0,0,0,0,True,0
H1,m84137_260214_004236_s1/231867876/ccs,144,48,48,0,100.0,0.0,0,0,0,True,0
H1,m84137_260214_004236_s1/215679499/ccs,144,48,48,0,100.0,0.0,0,0,0,True,0
H1,m84137_260214_004236_s1/32443860/ccs,144,48,48,0,100.0,0.0,0,0,0,True,0
H1,m84137_260214_004236_s1/37424967/ccs,144,48,48,0,100.0,0.0,0,0,0,True,0
H1,m84137_260214_004236_s1/151585521/ccs,144,48,48,0,100.0,0.0,0,0,0,True,0
H1,m84137_260214_004236_s1/132514541/ccs,144,48,48,0,100.0,0.0,0,0,0,True,0
H1,m84137_260214_004236_s1/159648017/ccs,144,48,48,0,100.0,0.0,0,0,0,True,0
H1,m84137_260214_004236_s1/159844377/ccs,144,48,48,0,100.0,0.0,0,0,0,True,0
H1,m84137_260214_004236_s1/48107367/ccs,148,46,2,44,4.3478260869565215,95.65217391304348,1,1,1,False,1
H1,m84137_260214_004236_s1/122228535/ccs,145,45,25,20,55.55555555555556,44.44444444444444,0,0,1,False,1
H1,m84137_260214_004236_s1/85396443/ccs,145,45,18,27,40.0,60.0,0,0,1,False,1
H1,m84137_260214_004236_s1/222823179/ccs,146,46,33,13,71.73913043478261,28.26086956521739,0,0,2,False,2
H1,m84137_260214_004236_s1/170133944/ccs,147,49,49,0,100.0,0.0,0,0,0,True,0
H1,m84137_260214_004236_s1/192807715/ccs,147,49,49,0,100.0,0.0,0,0,0,True,0
H1,m84137_260214_004236_s1/219809893/ccs,147,49,49,0,100.0,0.0,0,0,0,True,0
H1,m84137_260214_004236_s1/183765826/ccs,147,49,49,0,100.0,0.0,0,0,0,True,0
H1,m84137_260214_004236_s1/226495165/ccs,147,49,49,0,100.0,0.0,0,0,0,True,0
H1,m84137_260214_004236_s1/244057703/ccs,147,49,49,0,100.0,0.0,0,0,0,True,0
H1,m84137_260214_004236_s1/245892249/ccs,147,49,49,0,100.0,0.0,0,0,0,True,0
H1,m84137_260214_004236_s1/105912217/ccs,147,49,49,0,100.0,0.0,0,0,0,True,0
H1,m84137_260214_004236_s1/114037989/ccs,147,49,49,0,100.0,0.0,0,0,0,True,0
H1,m84137_260214_004236_s1/181866109/ccs,147,49,49,0,100.0,0.0,0,0,0,True,0
H1,m84137_260214_004236_s1/7276842/ccs,147,49,49,0,100.0,0.0,0,0,0,True,0
H1,m84137_260214_004236_s1/124847032/ccs,147,49,49,0,100.0,0.0,0,0,0,True,0
H1,m84137_260214_004236_s1/110037479/ccs,147,49,49,0,100.0,0.0,0,0,0,True,0
H1,m84137_260214_004236_s1/106037406/ccs,147,49,49,0,100.0,0.0,0,0,0,True,0
H1,m84137_260214_004236_s1/169019635/ccs,147,49,49,0,100.0,0.0,0,0,0,True,0
H1,m84137_260214_004236_s1/86574085/ccs,147,49,49,0,100.0,0.0,0,0,0,True,0
H1,m84137_260214_004236_s1/124848876/ccs,147,49,49,0,100.0,0.0,0,0,0,True,0
H1,m84137_260214_004236_s1/208144364/ccs,147,49,49,0,100.0,0.0,0,0,0,True,0
H1,m84137_260214_004236_s1/216727690/ccs,147,49,49,0,100.0,0.0,0,0,0,True,0
H1,m84137_260214_004236_s1/17960680/ccs,147,49,49,0,100.0,0.0,0,0,0,True,0
H1,m84137_260214_004236_s1/155651201/ccs,147,49,49,0,100.0,0.0,0,0,0,True,0
H1,m84137_260214_004236_s1/164302323/ccs,147,49,49,0,100.0,0.0,0,0,0,True,0
H1,m84137_260214_004236_s1/201398114/ccs,147,49,49,0,100.0,0.0,0,0,0,True,0
H1,m84137_260214_004236_s1/15406400/ccs,147,49,49,0,100.0,0.0,0,0,0,True,0
H1,m84137_260214_004236_s1/164957721/ccs,147,49,49,0,100.0,0.0,0,0,0,True,0
H1,m84137_260214_004236_s1/196875800/ccs,147,49,49,0,100.0,0.0,0,0,0,True,0
H1,m84137_260214_004236_s1/262933585/ccs,147,49,49,0,100.0,0.0,0,0,0,True,0
H1,m84137_260214_004236_s1/153620385/ccs,147,49,49,0,100.0,0.0,0,0,0,True,0
H1,m84137_260214_004236_s1/247728292/ccs,147,49,49,0,100.0,0.0,0,0,0,True,0
H1,m84137_260214_004236_s1/20776537/ccs,147,49,49,0,100.0,0.0,0,0,0,True,0
H1,m84137_260214_004236_s1/183305166/ccs,147,49,49,0,100.0,0.0,0,0,0,True,0
H1,m84137_260214_004236_s1/246352330/ccs,147,49,49,0,100.0,0.0,0,0,0,True,0
H1,m84137_260214_004236_s1/89592364/ccs,147,49,49,0,100.0,0.0,0,0,0,True,0
H1,m84137_260214_004236_s1/101192349/ccs,147,49,49,0,100.0,0.0,0,0,0,True,0
H1,m84137_260214_004236_s1/211222682/ccs,147,49,49,0,100.0,0.0,0,0,0,True,0
H1,m84137_260214_004236_s1/232916713/ccs,147,49,49,0,100.0,0.0,0,0,0,True,0
H1,m84137_260214_004236_s1/262932707/ccs,147,49,49,0,100.0,0.0,0,0,0,True,0
H1,m84137_260214_004236_s1/24448376/ccs,147,49,49,0,100.0,0.0,0,0,0,True,0
H1,m84137_260214_004236_s1/35328195/ccs,147,49,49,0,100.0,0.0,0,0,0,True,0
H1,m84137_260214_004236_s1/132645965/ccs,146,46,23,23,50.0,50.0,0,0,2,False,2
H1,m84137_260214_004236_s1/190517085/ccs,147,49,49,0,100.0,0.0,0,0,0,True,0
H1,m84137_260214_004236_s1/79301494/ccs,147,49,49,0,100.0,0.0,0,0,0,True,0
H1,m84137_260214_004236_s1/170919416/ccs,148,49,17,32,34.69387755102041,65.3061224489796,1,1,1,False,1
H1,m84137_260214_004236_s1/179896535/ccs,147,49,49,0,100.0,0.0,0,0,0,True,0
H1,m84137_260214_004236_s1/114032910/ccs,147,49,49,0,100.0,0.0,0,0,0,True,0
H1,m84137_260214_004236_s1/114888128/ccs,149,47,45,2,95.74468085106383,4.25531914893617,0,0,2,False,2
H1,m84137_260214_004236_s1/239277779/ccs,149,47,19,28,40.42553191489361,59.57446808510638,0,0,2,False,2
H1,m84137_260214_004236_s1/149163875/ccs,150,50,50,0,100.0,0.0,0,0,0,True,0
H1,m84137_260214_004236_s1/218044106/ccs,150,50,50,0,100.0,0.0,0,0,0,True,0
H1,m84137_260214_004236_s1/209061709/ccs,150,50,50,0,100.0,0.0,0,0,0,True,0
H1,m84137_260214_004236_s1/22679633/ccs,150,50,50,0,100.0,0.0,0,0,0,True,0
H1,m84137_260214_004236_s1/68747694/ccs,150,50,50,0,100.0,0.0,0,0,0,True,0
H1,m84137_260214_004236_s1/168562762/ccs,150,50,50,0,100.0,0.0,0,0,0,True,0
H1,m84137_260214_004236_s1/190714527/ccs,150,50,50,0,100.0,0.0,0,0,0,True,0
H1,m84137_260214_004236_s1/154801993/ccs,150,50,50,0,100.0,0.0,0,0,0,True,0
H1,m84137_260214_004236_s1/196742301/ccs,150,50,50,0,100.0,0.0,0,0,0,True,0
H1,m84137_260214_004236_s1/105515865/ccs,150,50,50,0,100.0,0.0,0,0,0,True,0
H1,m84137_260214_004236_s1/22217113/ccs,150,50,50,0,100.0,0.0,0,0,0,True,0
H1,m84137_260214_004236_s1/59442083/ccs,150,50,50,0,100.0,0.0,0,0,0,True,0
H1,m84137_260214_004236_s1/157354219/ccs,150,50,50,0,100.0,0.0,0,0,0,True,0
H1,m84137_260214_004236_s1/179896798/ccs,150,50,50,0,100.0,0.0,0,0,0,True,0
H1,m84137_260214_004236_s1/242423585/ccs,150,50,50,0,100.0,0.0,0,0,0,True,0
H1,m84137_260214_004236_s1/29233346/ccs,150,50,50,0,100.0,0.0,0,0,0,True,0
H1,m84137_260214_004236_s1/217055297/ccs,150,50,50,0,100.0,0.0,0,0,0,True,0
H1,m84137_260214_004236_s1/243272618/ccs,150,50,50,0,100.0,0.0,0,0,0,True,0
H1,m84137_260214_004236_s1/189729527/ccs,150,50,50,0,100.0,0.0,0,0,0,True,0
H1,m84137_260214_004236_s1/190056661/ccs,150,50,50,0,100.0,0.0,0,0,0,True,0
H1,m84137_260214_004236_s1/134087511/ccs,150,50,50,0,100.0,0.0,0,0,0,True,0
H1,m84137_260214_004236_s1/155454121/ccs,150,50,50,0,100.0,0.0,0,0,0,True,0
H1,m84137_260214_004236_s1/54658940/ccs,155,51,49,2,96.07843137254902,3.9215686274509802,1,1,2,False,2
H1,m84137_260214_004236_s1/101123072/ccs,153,51,51,0,100.0,0.0,0,0,0,True,0
H1,m84137_260214_004236_s1/133956790/ccs,153,51,51,0,100.0,0.0,0,0,0,True,0
H1,m84137_260214_004236_s1/206570842/ccs,153,51,51,0,100.0,0.0,0,0,0,True,0
H1,m84137_260214_004236_s1/91621886/ccs,153,51,51,0,100.0,0.0,0,0,0,True,0
H1,m84137_260214_004236_s1/14353829/ccs,153,51,51,0,100.0,0.0,0,0,0,True,0
H1,m84137_260214_004236_s1/185602569/ccs,153,51,51,0,100.0,0.0,0,0,0,True,0
H1,m84137_260214_004236_s1/205262422/ccs,153,51,51,0,100.0,0.0,0,0,0,True,0
H1,m84137_260214_004236_s1/211816571/ccs,153,51,51,0,100.0,0.0,0,0,0,True,0
H1,m84137_260214_004236_s1/39191433/ccs,153,51,51,0,100.0,0.0,0,0,0,True,0
H1,m84137_260214_004236_s1/32506978/ccs,153,51,51,0,100.0,0.0,0,0,0,True,0
H1,m84137_260214_004236_s1/102106136/ccs,153,51,51,0,100.0,0.0,0,0,0,True,0
H1,m84137_260214_004236_s1/176559753/ccs,153,51,51,0,100.0,0.0,0,0,0,True,0
H1,m84137_260214_004236_s1/181278591/ccs,153,51,51,0,100.0,0.0,0,0,0,True,0
H1,m84137_260214_004236_s1/165217508/ccs,153,51,51,0,100.0,0.0,0,0,0,True,0
H1,m84137_260214_004236_s1/8393918/ccs,153,51,51,0,100.0,0.0,0,0,0,True,0
H1,m84137_260214_004236_s1/159778438/ccs,153,51,51,0,100.0,0.0,0,0,0,True,0
H1,m84137_260214_004236_s1/257556669/ccs,156,52,52,0,100.0,0.0,0,0,0,True,0
H1,m84137_260214_004236_s1/96671436/ccs,156,52,52,0,100.0,0.0,0,0,0,True,0
H1,m84137_260214_004236_s1/3671121/ccs,156,52,52,0,100.0,0.0,0,0,0,True,0
H1,m84137_260214_004236_s1/65471590/ccs,156,52,52,0,100.0,0.0,0,0,0,True,0
H1,m84137_260214_004236_s1/170198496/ccs,156,52,52,0,100.0,0.0,0,0,0,True,0
H1,m84137_260214_004236_s1/208213157/ccs,156,52,52,0,100.0,0.0,0,0,0,True,0
H1,m84137_260214_004236_s1/225444517/ccs,159,53,53,0,100.0,0.0,0,0,0,True,0
H1,m84137_260214_004236_s1/83757873/ccs,156,52,52,0,100.0,0.0,0,0,0,True,0
H1,m84137_260214_004236_s1/261559210/ccs,156,52,52,0,100.0,0.0,0,0,0,True,0
H1,m84137_260214_004236_s1/221776574/ccs,156,41,33,8,80.48780487804879,19.51219512195122,1,1,0,True,0
H1,m84137_260214_004236_s1/46338104/ccs,159,53,53,0,100.0,0.0,0,0,0,True,0
H1,m84137_260214_004236_s1/259916488/ccs,159,53,53,0,100.0,0.0,0,0,0,True,0
H1,m84137_260214_004236_s1/62657461/ccs,159,53,53,0,100.0,0.0,0,0,0,True,0
H1,m84137_260214_004236_s1/174654623/ccs,159,53,53,0,100.0,0.0,0,0,0,True,0
H1,m84137_260214_004236_s1/255265395/ccs,159,53,53,0,100.0,0.0,0,0,0,True,0
H1,m84137_260214_004236_s1/237962102/ccs,159,53,53,0,100.0,0.0,0,0,0,True,0
H1,m84137_260214_004236_s1/6424872/ccs,159,53,53,0,100.0,0.0,0,0,0,True,0
H1,m84137_260214_004236_s1/212402453/ccs,159,53,53,0,100.0,0.0,0,0,0,True,0
H1,m84137_260214_004236_s1/240912638/ccs,159,53,53,0,100.0,0.0,0,0,0,True,0
H1,m84137_260214_004236_s1/173475439/ccs,165,55,55,0,100.0,0.0,0,0,0,True,0
H1,m84137_260214_004236_s1/176751271/ccs,162,54,54,0,100.0,0.0,0,0,0,True,0
H1,m84137_260214_004236_s1/41423883/ccs,162,54,54,0,100.0,0.0,0,0,0,True,0
H1,m84137_260214_004236_s1/92013145/ccs,162,54,54,0,100.0,0.0,0,0,0,True,0
H1,m84137_260214_004236_s1/28050490/ccs,162,54,54,0,100.0,0.0,0,0,0,True,0
H1,m84137_260214_004236_s1/97455138/ccs,163,54,39,15,72.22222222222221,27.77777777777778,1,1,1,False,1
H1,m84137_260214_004236_s1/88083311/ccs,165,55,55,0,100.0,0.0,0,0,0,True,0
H1,m84137_260214_004236_s1/22153139/ccs,165,55,55,0,100.0,0.0,0,0,0,True,0
H1,m84137_260214_004236_s1/177475171/ccs,165,55,55,0,100.0,0.0,0,0,0,True,0
H1,m84137_260214_004236_s1/24641605/ccs,165,55,55,0,100.0,0.0,0,0,0,True,0
H1,m84137_260214_004236_s1/63902426/ccs,165,55,55,0,100.0,0.0,0,0,0,True,0
H1,m84137_260214_004236_s1/202441886/ccs,165,55,55,0,100.0,0.0,0,0,0,True,0
H1,m84137_260214_004236_s1/175440691/ccs,165,55,55,0,100.0,0.0,0,0,0,True,0
H1,m84137_260214_004236_s1/37884391/ccs,165,55,55,0,100.0,0.0,0,0,0,True,0
H1,m84137_260214_004236_s1/214963691/ccs,168,56,56,0,100.0,0.0,0,0,0,True,0
H1,m84137_260214_004236_s1/113577497/ccs,168,56,56,0,100.0,0.0,0,0,0,True,0
H1,m84137_260214_004236_s1/236586249/ccs,168,56,56,0,100.0,0.0,0,0,0,True,0
H1,m84137_260214_004236_s1/224592426/ccs,168,56,56,0,100.0,0.0,0,0,0,True,0
H1,m84137_260214_004236_s1/80414486/ccs,171,57,57,0,100.0,0.0,0,0,0,True,0
H1,m84137_260214_004236_s1/157615597/ccs,171,57,57,0,100.0,0.0,0,0,0,True,0
H1,m84137_260214_004236_s1/249628542/ccs,174,58,58,0,100.0,0.0,0,0,0,True,0
H1,m84137_260214_004236_s1/82575632/ccs,174,58,58,0,100.0,0.0,0,0,0,True,0
H1,m84137_260214_004236_s1/83561904/ccs,174,58,58,0,100.0,0.0,0,0,0,True,0
H1,m84137_260214_004236_s1/168886499/ccs,174,58,58,0,100.0,0.0,0,0,0,True,0
H1,m84137_260214_004236_s1/54529664/ccs,177,59,59,0,100.0,0.0,0,0,0,True,0
H1,m84137_260214_004236_s1/67046103/ccs,180,60,60,0,100.0,0.0,0,0,0,True,0
H1,m84137_260214_004236_s1/176818591/ccs,183,61,61,0,100.0,0.0,0,0,0,True,0
H1,m84137_260214_004236_s1/47519525/ccs,183,61,61,0,100.0,0.0,0,0,0,True,0
H1,m84137_260214_004236_s1/78906890/ccs,183,61,61,0,100.0,0.0,0,0,0,True,0
H1,m84137_260214_004236_s1/172297771/ccs,189,63,63,0,100.0,0.0,0,0,0,True,0
H1,m84137_260214_004236_s1/10228671/ccs,189,63,63,0,100.0,0.0,0,0,0,True,0
H1,m84137_260214_004236_s1/8000119/ccs,194,64,12,52,18.75,81.25,1,1,2,False,2
H1,m84137_260214_004236_s1/113314807/ccs,195,65,65,0,100.0,0.0,0,0,0,True,0
H1,m84137_260214_004236_s1/251923651/ccs,195,65,65,0,100.0,0.0,0,0,0,True,0
H1,m84137_260214_004236_s1/176101061/ccs,198,66,66,0,100.0,0.0,0,0,0,True,0
H1,m84137_260214_004236_s1/208078379/ccs,201,67,67,0,100.0,0.0,0,0,0,True,0
H1,m84137_260214_004236_s1/160891309/ccs,210,70,70,0,100.0,0.0,0,0,0,True,0
H1,m84137_260214_004236_s1/6162102/ccs,207,69,69,0,100.0,0.0,0,0,0,True,0
H1,m84137_260214_004236_s1/57610105/ccs,209,67,54,13,80.59701492537313,19.402985074626866,0,0,2,False,2
H1,m84137_260214_004236_s1/85524946/ccs,210,70,70,0,100.0,0.0,0,0,0,True,0
H1,m84137_260214_004236_s1/153884483/ccs,210,70,70,0,100.0,0.0,0,0,0,True,0
H1,m84137_260214_004236_s1/158666114/ccs,213,71,71,0,100.0,0.0,0,0,0,True,0
H1,m84137_260214_004236_s1/108659750/ccs,216,72,72,0,100.0,0.0,0,0,0,True,0
H1,m84137_260214_004236_s1/84020030/ccs,219,73,73,0,100.0,0.0,0,0,0,True,0
H1,m84137_260214_004236_s1/124388431/ccs,219,73,73,0,100.0,0.0,0,0,0,True,0
H1,m84137_260214_004236_s1/178918639/ccs,219,73,73,0,100.0,0.0,0,0,0,True,0
H1,m84137_260214_004236_s1/96472366/ccs,222,74,74,0,100.0,0.0,0,0,0,True,0
H1,m84137_260214_004236_s1/195954729/ccs,234,78,78,0,100.0,0.0,0,0,0,True,0
H1,m84137_260214_004236_s1/79432687/ccs,237,79,79,0,100.0,0.0,0,0,0,True,0
H1,m84137_260214_004236_s1/257294861/ccs,249,83,83,0,100.0,0.0,0,0,0,True,0
H1,m84137_260214_004236_s1/78709776/ccs,254,84,14,70,16.666666666666664,83.33333333333334,2,2,2,False,2
H1,m84137_260214_004236_s1/27657538/ccs,258,86,86,0,100.0,0.0,0,0,0,True,0
H1,m84137_260214_004236_s1/131337929/ccs,303,101,101,0,100.0,0.0,0,0,0,True,0
H1,m84137_260214_004236_s1/256642587/ccs,309,103,103,0,100.0,0.0,0,0,0,True,0
H1,m84137_260214_004236_s1/139198596/ccs,309,103,103,0,100.0,0.0,0,0,0,True,0
H1,m84137_260214_004236_s1/183830876/ccs,321,107,107,0,100.0,0.0,0,0,0,True,0
H1,m84137_260214_004236_s1/144575666/ccs,318,106,106,0,100.0,0.0,0,0,0,True,0
H1,m84137_260214_004236_s1/57413295/ccs,327,109,109,0,100.0,0.0,0,0,0,True,0
H1,m84137_260214_004236_s1/88670823/ccs,403,134,83,51,61.940298507462686,38.059701492537314,1,1,1,False,1
H1,m84137_260214_004236_s1/3801430/ccs,403,105,31,74,29.523809523809526,70.47619047619048,0,0,1,False,1
H1,m84137_260214_004236_s1/84022521/ccs,450,150,150,0,100.0,0.0,0,0,0,True,0
H1,m84137_260214_004236_s1/241959986/ccs,462,154,154,0,100.0,0.0,0,0,0,True,0
H1,m84137_260214_004236_s1/142213184/ccs,513,171,171,0,100.0,0.0,0,0,0,True,0
H1,m84137_260214_004236_s1/179175680/ccs,522,174,174,0,100.0,0.0,0,0,0,True,0
H1,m84137_260214_004236_s1/32508660/ccs,546,182,182,0,100.0,0.0,0,0,0,True,0
H1,m84137_260214_004236_s1/144051991/ccs,543,181,181,0,100.0,0.0,0,0,0,True,0
H1,m84137_260214_004236_s1/199759472/ccs,561,186,186,0,100.0,0.0,1,0,0,True,0
H1,m84137_260214_004236_s1/32115799/ccs,598,196,44,152,22.448979591836736,77.55102040816327,0,0,1,False,1
H1,m84137_260214_004236_s1/158142075/ccs,726,242,242,0,100.0,0.0,0,0,0,True,0
H1,m84137_260214_004236_s1/18746332/ccs,756,252,252,0,100.0,0.0,0,0,0,True,0
H1,m84137_260214_004236_s1/206772061/ccs,831,277,277,0,100.0,0.0,0,0,0,True,0
H1,m84137_260214_004236_s1/244846053/ccs,146,29,5,24,17.24137931034483,82.75862068965517,6,5,2,False,2
H1,m84137_260214_004236_s1/24707220/ccs,137,22,15,7,68.18181818181817,31.818181818181817,2,2,2,False,2
H1,m84137_260214_004236_s1/24973954/ccs,126,25,17,8,68.0,32.0,4,3,0,True,0
H1,m84137_260214_004236_s1/66456893/ccs,149,17,1,16,5.88235294117647,94.11764705882352,3,3,0,True,0
H1,m84137_260214_004236_s1/28448361/ccs,128,36,8,28,22.22222222222222,77.77777777777779,4,3,2,False,2
H1,m84137_260214_004236_s1/210373844/ccs,134,28,19,9,67.85714285714286,32.142857142857146,2,2,2,False,2
H1,m84137_260214_004236_s1/62455949/ccs,138,23,9,14,39.130434782608695,60.86956521739131,5,5,0,True,0
H1,m84137_260214_004236_s1/211618343/ccs,141,35,21,14,60.0,40.0,3,2,0,True,0
H1,m84137_260214_004236_s1/130089564/ccs,127,39,13,26,33.33333333333333,66.66666666666666,0,0,1,False,1
H1,m84137_260214_004236_s1/250678192/ccs,129,43,43,0,100.0,0.0,0,0,0,True,0
H1,m84137_260214_004236_s1/98305599/ccs,132,44,44,0,100.0,0.0,0,0,0,True,0
H1,m84137_260214_004236_s1/241304137/ccs,132,44,44,0,100.0,0.0,0,0,0,True,0
H1,m84137_260214_004236_s1/49022945/ccs,134,44,33,11,75.0,25.0,1,1,2,False,2
H1,m84137_260214_004236_s1/257426610/ccs,138,46,46,0,100.0,0.0,0,0,0,True,0
H1,m84137_260214_004236_s1/236258827/ccs,141,47,47,0,100.0,0.0,0,0,0,True,0
H1,m84137_260214_004236_s1/238027421/ccs,134,28,9,19,32.142857142857146,67.85714285714286,6,6,2,False,2
H1,m84137_260214_004236_s1/220924998/ccs,132,10,5,5,50.0,50.0,5,5,1,False,1
H1,m84137_260214_004236_s1/133629481/ccs,138,42,31,11,73.80952380952381,26.190476190476193,5,4,0,True,0
H1,m84137_260214_004236_s1/81726905/ccs,136,39,18,21,46.15384615384615,53.84615384615385,7,6,1,False,1
H1,m84137_260214_004236_s1/176691003/ccs,133,35,6,29,17.142857142857142,82.85714285714286,5,5,1,False,1
H1,m84137_260214_004236_s1/189076938/ccs,139,38,6,32,15.789473684210526,84.21052631578947,3,3,2,False,2
H1,m84137_260214_004236_s1/140054346/ccs,128,36,8,28,22.22222222222222,77.77777777777779,3,3,2,False,2
H1,m84137_260214_004236_s1/103743936/ccs,136,45,11,34,24.444444444444443,75.55555555555556,1,1,1,False,1
H1,m84137_260214_004236_s1/210111181/ccs,141,47,47,0,100.0,0.0,0,0,0,True,0
H1,m84137_260214_004236_s1/191824292/ccs,141,47,47,0,100.0,0.0,0,0,0,True,0
H1,m84137_260214_004236_s1/52168236/ccs,143,41,12,29,29.268292682926827,70.73170731707317,0,0,2,False,2
H1,m84137_260214_004236_s1/67572995/ccs,144,48,48,0,100.0,0.0,0,0,0,True,0
H1,m84137_260214_004236_s1/25956351/ccs,147,49,49,0,100.0,0.0,0,0,0,True,0
H1,m84137_260214_004236_s1/214046295/ccs,129,36,20,16,55.55555555555556,44.44444444444444,4,1,0,True,0
H1,m84137_260214_004236_s1/21235525/ccs,137,39,1,38,2.564102564102564,97.43589743589743,0,0,2,False,2
H1,m84137_260214_004236_s1/118948087/ccs,135,35,15,20,42.857142857142854,57.14285714285714,6,6,0,True,0
H1,m84137_260214_004236_s1/67047853/ccs,129,38,22,16,57.89473684210527,42.10526315789473,4,4,0,True,0
H1,m84137_260214_004236_s1/251663037/ccs,133,42,15,27,35.714285714285715,64.28571428571429,1,1,1,False,1
H1,m84137_260214_004236_s1/192484013/ccs,184,56,18,38,32.142857142857146,67.85714285714286,5,5,1,False,1
H1,m84137_260214_004236_s1/143983967/ccs,151,33,20,13,60.60606060606061,39.39393939393939,4,2,1,False,1
H1,m84137_260214_004236_s1/88347683/ccs,167,37,15,22,40.54054054054054,59.45945945945946,5,5,2,False,2
H1,m84137_260214_004236_s1/23461955/ccs,139,29,4,25,13.793103448275861,86.20689655172413,2,2,1,False,1
H1,m84137_260214_004236_s1/232657864/ccs,135,33,10,23,30.303030303030305,69.6969696969697,6,6,0,True,0
H1,m84137_260214_004236_s1/51642455/ccs,138,39,14,25,35.8974358974359,64.1025641025641,5,5,0,True,0
H1,m84137_260214_004236_s1/8065739/ccs,132,35,16,19,45.714285714285715,54.285714285714285,4,4,0,True,0
H1,m84137_260214_004236_s1/168761067/ccs,131,42,31,11,73.80952380952381,26.190476190476193,3,3,2,False,2
H1,m84137_260214_004236_s1/12977343/ccs,163,39,28,11,71.7948717948718,28.205128205128204,2,2,1,False,1
H1,m84137_260214_004236_s1/33165736/ccs,138,19,8,11,42.10526315789473,57.89473684210527,6,6,1,False,1
H1,m84137_260214_004236_s1/197858916/ccs,156,37,22,15,59.45945945945946,40.54054054054054,1,1,0,True,0
H3,m84137_260214_004236_s1/73401810/ccs,166,14,6,8,42.857142857142854,57.14285714285714,5,4,1,False,1
H3,m84137_260214_004236_s1/23791630/ccs,176,48,22,26,45.83333333333333,54.166666666666664,4,4,2,False,2
H3,m84137_260214_004236_s1/146281875/ccs,169,34,18,16,52.94117647058824,47.05882352941176,5,5,2,False,2
H3,m84137_260214_004236_s1/218040069/ccs,169,41,2,39,4.878048780487805,95.1219512195122,4,4,1,False,1
H3,m84137_260214_004236_s1/191040490/ccs,157,35,3,32,8.571428571428571,91.42857142857143,5,5,2,False,2
H3,m84137_260214_004236_s1/48890556/ccs,160,30,16,14,53.333333333333336,46.666666666666664,8,6,2,False,2
H3,m84137_260214_004236_s1/99095255/ccs,184,41,25,16,60.97560975609756,39.02439024390244,11,9,1,False,1
H3,m84137_260214_004236_s1/2097690/ccs,2958,565,179,386,31.68141592920354,68.31858407079646,73,66,0,True,0
H3,m84137_260214_004236_s1/22481974/ccs,181,35,16,19,45.714285714285715,54.285714285714285,8,7,1,False,1
H3,m84137_260214_004236_s1/169809764/ccs,172,43,22,21,51.162790697674424,48.837209302325576,8,7,1,False,1
H3,m84137_260214_004236_s1/82051943/ccs,171,44,22,22,50.0,50.0,4,3,0,True,0
H3,m84137_260214_004236_s1/150342062/ccs,231,70,37,33,52.85714285714286,47.14285714285714,7,5,0,True,0
H3,m84137_260214_004236_s1/121768635/ccs,171,53,42,11,79.24528301886792,20.754716981132077,2,1,0,True,0
H3,m84137_260214_004236_s1/206443279/ccs,183,61,61,0,100.0,0.0,0,0,0,True,0
H3,m84137_260214_004236_s1/237175291/ccs,159,44,25,19,56.81818181818182,43.18181818181818,5,4,0,True,0
H3,m84137_260214_004236_s1/256443416/ccs,159,32,25,7,78.125,21.875,6,6,0,True,0
H3,m84137_260214_004236_s1/90835560/ccs,188,44,9,35,20.454545454545457,79.54545454545455,7,7,2,False,2
H3,m84137_260214_004236_s1/6491893/ccs,185,46,21,25,45.65217391304348,54.347826086956516,7,6,0,True,0
H3,m84137_260214_004236_s1/3015164/ccs,173,46,8,38,17.391304347826086,82.6086956521739,6,4,2,False,2
H3,m84137_260214_004236_s1/133431570/ccs,168,30,15,15,50.0,50.0,5,5,1,False,1
H3,m84137_260214_004236_s1/31721716/ccs,170,43,23,20,53.48837209302325,46.51162790697674,5,5,2,False,2
H3,m84137_260214_004236_s1/195825563/ccs,185,43,9,34,20.930232558139537,79.06976744186046,4,2,2,False,2
H3,m84137_260214_004236_s1/5636598/ccs,171,48,33,15,68.75,31.25,3,3,0,True,0
H3,m84137_260214_004236_s1/23397850/ccs,158,28,8,20,28.57142857142857,71.42857142857143,3,2,0,True,0
H3,m84137_260214_004236_s1/92604325/ccs,153,51,51,0,100.0,0.0,0,0,0,True,0
H3,m84137_260214_004236_s1/105713116/ccs,253,84,65,19,77.38095238095238,22.61904761904762,1,1,1,False,1
H3,m84137_260214_004236_s1/67307854/ccs,169,25,4,21,16.0,84.0,10,9,1,False,1
H3,m84137_260214_004236_s1/93783117/ccs,174,35,8,27,22.857142857142858,77.14285714285715,5,5,0,True,0
H3,m84137_260214_004236_s1/45353303/ccs,170,47,28,19,59.57446808510638,40.42553191489361,8,7,2,False,2
H3,m84137_260214_004236_s1/134611907/ccs,155,45,10,35,22.22222222222222,77.77777777777779,7,7,2,False,2
H3,m84137_260214_004236_s1/111151212/ccs,166,34,11,23,32.35294117647059,67.64705882352942,6,6,1,False,1
H3,m84137_260214_004236_s1/193528650/ccs,160,31,17,14,54.83870967741935,45.16129032258064,4,4,2,False,2
H3,m84137_260214_004236_s1/55250196/ccs,159,45,24,21,53.333333333333336,46.666666666666664,4,4,0,True,0
H3,m84137_260214_004236_s1/29754227/ccs,159,53,53,0,100.0,0.0,0,0,0,True,0
H3,m84137_260214_004236_s1/82576222/ccs,162,54,54,0,100.0,0.0,0,0,0,True,0
H3,m84137_260214_004236_s1/124060981/ccs,189,63,63,0,100.0,0.0,0,0,0,True,0
H3,m84137_260214_004236_s1/44239220/ccs,166,28,4,24,14.285714285714285,85.71428571428571,6,5,1,False,1
H3,m84137_260214_004236_s1/71243245/ccs,160,30,18,12,60.0,40.0,4,4,1,False,1
H3,m84137_260214_004236_s1/225772416/ccs,163,36,20,16,55.55555555555556,44.44444444444444,2,2,1,False,1
H3,m84137_260214_004236_s1/75433019/ccs,168,34,19,15,55.88235294117647,44.11764705882353,5,5,0,True,0
H3,m84137_260214_004236_s1/44634773/ccs,177,43,15,28,34.883720930232556,65.11627906976744,3,3,0,True,0
H3,m84137_260214_004236_s1/217254596/ccs,138,46,46,0,100.0,0.0,0,0,0,True,0
H3,m84137_260214_004236_s1/51773497/ccs,141,47,47,0,100.0,0.0,0,0,0,True,0
H3,m84137_260214_004236_s1/261095949/ccs,138,46,46,0,100.0,0.0,0,0,0,True,0
H3,m84137_260214_004236_s1/24184301/ccs,141,47,47,0,100.0,0.0,0,0,0,True,0
H3,m84137_260214_004236_s1/68029288/ccs,144,48,48,0,100.0,0.0,0,0,0,True,0
H3,m84137_260214_004236_s1/195821875/ccs,148,46,41,5,89.13043478260869,10.869565217391305,0,0,1,False,1
H3,m84137_260214_004236_s1/247727227/ccs,150,43,43,0,100.0,0.0,1,1,1,False,1
H3,m84137_260214_004236_s1/30082508/ccs,150,50,50,0,100.0,0.0,0,0,0,True,0
H3,m84137_260214_004236_s1/224265639/ccs,153,51,51,0,100.0,0.0,0,0,0,True,0
H3,m84137_260214_004236_s1/185599331/ccs,153,51,51,0,100.0,0.0,0,0,0,True,0
H3,m84137_260214_004236_s1/45613289/ccs,156,52,52,0,100.0,0.0,0,0,0,True,0
H3,m84137_260214_004236_s1/266798767/ccs,156,52,52,0,100.0,0.0,0,0,0,True,0
H3,m84137_260214_004236_s1/6687077/ccs,156,52,52,0,100.0,0.0,0,0,0,True,0
H3,m84137_260214_004236_s1/114361072/ccs,156,52,52,0,100.0,0.0,0,0,0,True,0
H3,m84137_260214_004236_s1/238751456/ccs,156,52,52,0,100.0,0.0,0,0,0,True,0
H3,m84137_260214_004236_s1/232133251/ccs,159,53,53,0,100.0,0.0,0,0,0,True,0
H3,m84137_260214_004236_s1/187237133/ccs,159,53,53,0,100.0,0.0,0,0,0,True,0
H3,m84137_260214_004236_s1/11732585/ccs,159,53,53,0,100.0,0.0,0,0,0,True,0
H3,m84137_260214_004236_s1/165086798/ccs,159,53,53,0,100.0,0.0,0,0,0,True,0
H3,m84137_260214_004236_s1/89523600/ccs,159,53,53,0,100.0,0.0,0,0,0,True,0
H3,m84137_260214_004236_s1/210769771/ccs,159,53,53,0,100.0,0.0,0,0,0,True,0
H3,m84137_260214_004236_s1/206180510/ccs,159,53,53,0,100.0,0.0,0,0,0,True,0
H3,m84137_260214_004236_s1/205195298/ccs,159,53,53,0,100.0,0.0,0,0,0,True,0
H3,m84137_260214_004236_s1/215287799/ccs,159,53,53,0,100.0,0.0,0,0,0,True,0
H3,m84137_260214_004236_s1/92341325/ccs,159,53,53,0,100.0,0.0,0,0,0,True,0
H3,m84137_260214_004236_s1/73930144/ccs,159,53,53,0,100.0,0.0,0,0,0,True,0
H3,m84137_260214_004236_s1/245172464/ccs,159,53,53,0,100.0,0.0,0,0,0,True,0
H3,m84137_260214_004236_s1/87822514/ccs,159,53,53,0,100.0,0.0,0,0,0,True,0
H3,m84137_260214_004236_s1/85333922/ccs,161,53,26,27,49.056603773584904,50.943396226415096,2,2,2,False,2
H3,m84137_260214_004236_s1/27852949/ccs,163,50,22,28,44.0,56.00000000000001,0,0,1,False,1
H3,m84137_260214_004236_s1/141431157/ccs,162,54,54,0,100.0,0.0,0,0,0,True,0
H3,m84137_260214_004236_s1/39457451/ccs,162,54,54,0,100.0,0.0,0,0,0,True,0
H3,m84137_260214_004236_s1/64885333/ccs,162,54,54,0,100.0,0.0,0,0,0,True,0
H3,m84137_260214_004236_s1/60363441/ccs,162,54,54,0,100.0,0.0,0,0,0,True,0
H3,m84137_260214_004236_s1/89986797/ccs,162,54,54,0,100.0,0.0,0,0,0,True,0
H3,m84137_260214_004236_s1/89329791/ccs,162,54,54,0,100.0,0.0,0,0,0,True,0
H3,m84137_260214_004236_s1/97718585/ccs,162,54,54,0,100.0,0.0,0,0,0,True,0
H3,m84137_260214_004236_s1/92669949/ccs,162,54,54,0,100.0,0.0,0,0,0,True,0
H3,m84137_260214_004236_s1/105255509/ccs,162,54,54,0,100.0,0.0,0,0,0,True,0
H3,m84137_260214_004236_s1/156440202/ccs,162,54,54,0,100.0,0.0,0,0,0,True,0
H3,m84137_260214_004236_s1/240783293/ccs,162,54,54,0,100.0,0.0,0,0,0,True,0
H3,m84137_260214_004236_s1/235147206/ccs,162,54,54,0,100.0,0.0,0,0,0,True,0
H3,m84137_260214_004236_s1/264506498/ccs,162,54,54,0,100.0,0.0,0,0,0,True,0
H3,m84137_260214_004236_s1/262344064/ccs,162,54,54,0,100.0,0.0,0,0,0,True,0
H3,m84137_260214_004236_s1/247336852/ccs,162,54,54,0,100.0,0.0,0,0,0,True,0
H3,m84137_260214_004236_s1/247992649/ccs,162,54,54,0,100.0,0.0,0,0,0,True,0
H3,m84137_260214_004236_s1/225249982/ccs,162,54,54,0,100.0,0.0,0,0,0,True,0
H3,m84137_260214_004236_s1/184420848/ccs,162,54,54,0,100.0,0.0,0,0,0,True,0
H3,m84137_260214_004236_s1/252249744/ccs,162,54,54,0,100.0,0.0,0,0,0,True,0
H3,m84137_260214_004236_s1/237242579/ccs,162,54,54,0,100.0,0.0,0,0,0,True,0
H3,m84137_260214_004236_s1/238420347/ccs,162,54,54,0,100.0,0.0,0,0,0,True,0
H3,m84137_260214_004236_s1/238685130/ccs,162,54,54,0,100.0,0.0,0,0,0,True,0
H3,m84137_260214_004236_s1/198378060/ccs,159,53,53,0,100.0,0.0,0,0,0,True,0
H3,m84137_260214_004236_s1/199491970/ccs,162,54,54,0,100.0,0.0,0,0,0,True,0
H3,m84137_260214_004236_s1/203489901/ccs,162,54,54,0,100.0,0.0,0,0,0,True,0
H3,m84137_260214_004236_s1/266404490/ccs,162,54,54,0,100.0,0.0,0,0,0,True,0
H3,m84137_260214_004236_s1/4200183/ccs,162,54,54,0,100.0,0.0,0,0,0,True,0
H3,m84137_260214_004236_s1/11866030/ccs,162,54,54,0,100.0,0.0,0,0,0,True,0
H3,m84137_260214_004236_s1/35917382/ccs,162,54,54,0,100.0,0.0,0,0,0,True,0
H3,m84137_260214_004236_s1/36441208/ccs,162,54,54,0,100.0,0.0,0,0,0,True,0
H3,m84137_260214_004236_s1/17500894/ccs,162,54,54,0,100.0,0.0,0,0,0,True,0
H3,m84137_260214_004236_s1/25363739/ccs,162,54,54,0,100.0,0.0,0,0,0,True,0
H3,m84137_260214_004236_s1/32311896/ccs,162,54,54,0,100.0,0.0,0,0,0,True,0
H3,m84137_260214_004236_s1/139855028/ccs,162,54,54,0,100.0,0.0,0,0,0,True,0
H3,m84137_260214_004236_s1/249696837/ccs,162,54,54,0,100.0,0.0,0,0,0,True,0
H3,m84137_260214_004236_s1/54201934/ccs,162,54,54,0,100.0,0.0,0,0,0,True,0
H3,m84137_260214_004236_s1/46859059/ccs,159,53,53,0,100.0,0.0,0,0,0,True,0
H3,m84137_260214_004236_s1/17826975/ccs,162,54,54,0,100.0,0.0,0,0,0,True,0
H3,m84137_260214_004236_s1/112662292/ccs,162,54,54,0,100.0,0.0,0,0,0,True,0
H3,m84137_260214_004236_s1/24971444/ccs,162,54,54,0,100.0,0.0,0,0,0,True,0
H3,m84137_260214_004236_s1/143983218/ccs,162,54,54,0,100.0,0.0,0,0,0,True,0
H3,m84137_260214_004236_s1/20055636/ccs,162,54,54,0,100.0,0.0,0,0,0,True,0
H3,m84137_260214_004236_s1/14352597/ccs,162,54,54,0,100.0,0.0,0,0,0,True,0
H3,m84137_260214_004236_s1/34670597/ccs,162,54,54,0,100.0,0.0,0,0,0,True,0
H3,m84137_260214_004236_s1/32115190/ccs,162,54,54,0,100.0,0.0,0,0,0,True,0
H3,m84137_260214_004236_s1/61671239/ccs,162,54,54,0,100.0,0.0,0,0,0,True,0
H3,m84137_260214_004236_s1/60687520/ccs,162,54,54,0,100.0,0.0,0,0,0,True,0
H3,m84137_260214_004236_s1/47057563/ccs,162,54,54,0,100.0,0.0,0,0,0,True,0
H3,m84137_260214_004236_s1/249304111/ccs,162,54,54,0,100.0,0.0,0,0,0,True,0
H3,m84137_260214_004236_s1/151782396/ccs,162,54,54,0,100.0,0.0,0,0,0,True,0
H3,m84137_260214_004236_s1/224398555/ccs,162,54,54,0,100.0,0.0,0,0,0,True,0
H3,m84137_260214_004236_s1/208672517/ccs,162,54,54,0,100.0,0.0,0,0,0,True,0
H3,m84137_260214_004236_s1/254874761/ccs,162,49,30,19,61.224489795918366,38.775510204081634,4,4,0,True,0
H3,m84137_260214_004236_s1/225773075/ccs,165,49,25,24,51.02040816326531,48.97959183673469,0,0,0,True,0
H3,m84137_260214_004236_s1/228066312/ccs,162,54,54,0,100.0,0.0,0,0,0,True,0
H3,m84137_260214_004236_s1/145035739/ccs,162,54,54,0,100.0,0.0,0,0,0,True,0
H3,m84137_260214_004236_s1/170987746/ccs,162,54,54,0,100.0,0.0,0,0,0,True,0
H3,m84137_260214_004236_s1/32248104/ccs,162,54,54,0,100.0,0.0,0,0,0,True,0
H3,m84137_260214_004236_s1/69080195/ccs,162,54,54,0,100.0,0.0,0,0,0,True,0
H3,m84137_260214_004236_s1/93722451/ccs,162,54,54,0,100.0,0.0,0,0,0,True,0
H3,m84137_260214_004236_s1/121639132/ccs,162,54,54,0,100.0,0.0,0,0,0,True,0
H3,m84137_260214_004236_s1/246089701/ccs,162,54,54,0,100.0,0.0,0,0,0,True,0
H3,m84137_260214_004236_s1/264178143/ccs,162,54,54,0,100.0,0.0,0,0,0,True,0
H3,m84137_260214_004236_s1/28906067/ccs,162,54,54,0,100.0,0.0,0,0,0,True,0
H3,m84137_260214_004236_s1/183895240/ccs,163,54,50,4,92.5925925925926,7.4074074074074066,1,1,1,False,1
H3,m84137_260214_004236_s1/99549643/ccs,163,54,52,2,96.29629629629629,3.7037037037037033,1,1,1,False,1
H3,m84137_260214_004236_s1/245699750/ccs,163,51,12,39,23.52941176470588,76.47058823529412,0,0,1,False,1
H3,m84137_260214_004236_s1/250154048/ccs,164,54,26,28,48.148148148148145,51.85185185185185,2,2,2,False,2
H3,m84137_260214_004236_s1/45220451/ccs,165,51,45,6,88.23529411764706,11.76470588235294,1,1,0,True,0
H3,m84137_260214_004236_s1/253756039/ccs,161,53,37,16,69.81132075471697,30.18867924528302,1,1,2,False,2
H3,m84137_260214_004236_s1/28903921/ccs,165,55,55,0,100.0,0.0,0,0,0,True,0
H3,m84137_260214_004236_s1/112918972/ccs,165,55,55,0,100.0,0.0,0,0,0,True,0
H3,m84137_260214_004236_s1/56885300/ccs,165,55,55,0,100.0,0.0,0,0,0,True,0
H3,m84137_260214_004236_s1/51774200/ccs,165,55,55,0,100.0,0.0,0,0,0,True,0
H3,m84137_260214_004236_s1/47319316/ccs,165,55,55,0,100.0,0.0,0,0,0,True,0
H3,m84137_260214_004236_s1/43385542/ccs,165,55,55,0,100.0,0.0,0,0,0,True,0
H3,m84137_260214_004236_s1/74122983/ccs,165,55,55,0,100.0,0.0,0,0,0,True,0
H3,m84137_260214_004236_s1/85393666/ccs,165,55,55,0,100.0,0.0,0,0,0,True,0
H3,m84137_260214_004236_s1/121378444/ccs,165,55,55,0,100.0,0.0,0,0,0,True,0
H3,m84137_260214_004236_s1/140512981/ccs,165,55,55,0,100.0,0.0,0,0,0,True,0
H3,m84137_260214_004236_s1/163908853/ccs,165,55,55,0,100.0,0.0,0,0,0,True,0
H3,m84137_260214_004236_s1/54464598/ccs,165,55,55,0,100.0,0.0,0,0,0,True,0
H3,m84137_260214_004236_s1/75238954/ccs,165,55,55,0,100.0,0.0,0,0,0,True,0
H3,m84137_260214_004236_s1/47977374/ccs,165,55,55,0,100.0,0.0,0,0,0,True,0
H3,m84137_260214_004236_s1/91886058/ccs,165,55,55,0,100.0,0.0,0,0,0,True,0
H3,m84137_260214_004236_s1/48566841/ccs,165,55,55,0,100.0,0.0,0,0,0,True,0
H3,m84137_260214_004236_s1/49156763/ccs,165,55,55,0,100.0,0.0,0,0,0,True,0
H3,m84137_260214_004236_s1/57544573/ccs,165,55,55,0,100.0,0.0,0,0,0,True,0
H3,m84137_260214_004236_s1/216402020/ccs,165,55,55,0,100.0,0.0,0,0,0,True,0
H3,m84137_260214_004236_s1/237568453/ccs,165,55,55,0,100.0,0.0,0,0,0,True,0
H3,m84137_260214_004236_s1/184751519/ccs,165,55,55,0,100.0,0.0,0,0,0,True,0
H3,m84137_260214_004236_s1/191696344/ccs,165,55,55,0,100.0,0.0,0,0,0,True,0
H3,m84137_260214_004236_s1/228265797/ccs,165,55,55,0,100.0,0.0,0,0,0,True,0
H3,m84137_260214_004236_s1/218042680/ccs,165,55,55,0,100.0,0.0,0,0,0,True,0
H3,m84137_260214_004236_s1/248843948/ccs,165,55,55,0,100.0,0.0,0,0,0,True,0
H3,m84137_260214_004236_s1/229771163/ccs,165,55,55,0,100.0,0.0,0,0,0,True,0
H3,m84137_260214_004236_s1/226100492/ccs,165,55,55,0,100.0,0.0,0,0,0,True,0
H3,m84137_260214_004236_s1/237307627/ccs,165,55,55,0,100.0,0.0,0,0,0,True,0
H3,m84137_260214_004236_s1/81333178/ccs,165,55,55,0,100.0,0.0,0,0,0,True,0
H3,m84137_260214_004236_s1/120127603/ccs,165,55,55,0,100.0,0.0,0,0,0,True,0
H3,m84137_260214_004236_s1/121310103/ccs,165,55,55,0,100.0,0.0,0,0,0,True,0
H3,m84137_260214_004236_s1/126682364/ccs,165,55,55,0,100.0,0.0,0,0,0,True,0
H3,m84137_260214_004236_s1/173936551/ccs,165,55,55,0,100.0,0.0,0,0,0,True,0
H3,m84137_260214_004236_s1/203100135/ccs,165,55,55,0,100.0,0.0,0,0,0,True,0
H3,m84137_260214_004236_s1/180622897/ccs,165,55,55,0,100.0,0.0,0,0,0,True,0
H3,m84137_260214_004236_s1/204149597/ccs,165,55,55,0,100.0,0.0,0,0,0,True,0
H3,m84137_260214_004236_s1/210111602/ccs,165,55,55,0,100.0,0.0,0,0,0,True,0
H3,m84137_260214_004236_s1/182194812/ccs,165,55,55,0,100.0,0.0,0,0,0,True,0
H3,m84137_260214_004236_s1/170330030/ccs,165,55,55,0,100.0,0.0,0,0,0,True,0
H3,m84137_260214_004236_s1/189728938/ccs,165,55,55,0,100.0,0.0,0,0,0,True,0
H3,m84137_260214_004236_s1/221317738/ccs,165,55,55,0,100.0,0.0,0,0,0,True,0
H3,m84137_260214_004236_s1/183437325/ccs,165,55,55,0,100.0,0.0,0,0,0,True,0
H3,m84137_260214_004236_s1/239011175/ccs,165,55,55,0,100.0,0.0,0,0,0,True,0
H3,m84137_260214_004236_s1/8394011/ccs,165,55,55,0,100.0,0.0,0,0,0,True,0
H3,m84137_260214_004236_s1/31199121/ccs,165,55,55,0,100.0,0.0,0,0,0,True,0
H3,m84137_260214_004236_s1/5638423/ccs,165,55,55,0,100.0,0.0,0,0,0,True,0
H3,m84137_260214_004236_s1/2425216/ccs,165,55,55,0,100.0,0.0,0,0,0,True,0
H3,m84137_260214_004236_s1/50464547/ccs,165,55,55,0,100.0,0.0,0,0,0,True,0
H3,m84137_260214_004236_s1/159449172/ccs,165,55,55,0,100.0,0.0,0,0,0,True,0
H3,m84137_260214_004236_s1/163644139/ccs,165,55,55,0,100.0,0.0,0,0,0,True,0
H3,m84137_260214_004236_s1/143720984/ccs,165,55,55,0,100.0,0.0,0,0,0,True,0
H3,m84137_260214_004236_s1/223480655/ccs,165,55,55,0,100.0,0.0,0,0,0,True,0
H3,m84137_260214_004236_s1/191567744/ccs,165,55,55,0,100.0,0.0,0,0,0,True,0
H3,m84137_260214_004236_s1/243077047/ccs,165,55,55,0,100.0,0.0,0,0,0,True,0
H3,m84137_260214_004236_s1/217584914/ccs,165,55,55,0,100.0,0.0,0,0,0,True,0
H3,m84137_260214_004236_s1/135660978/ccs,165,55,55,0,100.0,0.0,0,0,0,True,0
H3,m84137_260214_004236_s1/155780317/ccs,165,55,55,0,100.0,0.0,0,0,0,True,0
H3,m84137_260214_004236_s1/19862810/ccs,153,51,51,0,100.0,0.0,0,0,0,True,0
H3,m84137_260214_004236_s1/230557570/ccs,165,55,55,0,100.0,0.0,0,0,0,True,0
H3,m84137_260214_004236_s1/77992416/ccs,165,55,55,0,100.0,0.0,0,0,0,True,0
H3,m84137_260214_004236_s1/112725401/ccs,165,55,55,0,100.0,0.0,0,0,0,True,0
H3,m84137_260214_004236_s1/115675037/ccs,165,55,55,0,100.0,0.0,0,0,0,True,0
H3,m84137_260214_004236_s1/143593688/ccs,165,55,55,0,100.0,0.0,0,0,0,True,0
H3,m84137_260214_004236_s1/226628968/ccs,165,55,55,0,100.0,0.0,0,0,0,True,0
H3,m84137_260214_004236_s1/127731897/ccs,165,55,55,0,100.0,0.0,0,0,0,True,0
H3,m84137_260214_004236_s1/25690201/ccs,165,55,55,0,100.0,0.0,0,0,0,True,0
H3,m84137_260214_004236_s1/51446058/ccs,165,55,55,0,100.0,0.0,0,0,0,True,0
H3,m84137_260214_004236_s1/46008797/ccs,165,55,55,0,100.0,0.0,0,0,0,True,0
H3,m84137_260214_004236_s1/60229245/ccs,165,55,55,0,100.0,0.0,0,0,0,True,0
H3,m84137_260214_004236_s1/223872119/ccs,165,55,55,0,100.0,0.0,0,0,0,True,0
H3,m84137_260214_004236_s1/11342462/ccs,165,55,55,0,100.0,0.0,0,0,0,True,0
H3,m84137_260214_004236_s1/158799648/ccs,165,55,55,0,100.0,0.0,0,0,0,True,0
H3,m84137_260214_004236_s1/176165649/ccs,165,55,55,0,100.0,0.0,0,0,0,True,0
H3,m84137_260214_004236_s1/90245014/ccs,165,55,55,0,100.0,0.0,0,0,0,True,0
H3,m84137_260214_004236_s1/78318474/ccs,165,55,55,0,100.0,0.0,0,0,0,True,0
H3,m84137_260214_004236_s1/264245635/ccs,165,55,55,0,100.0,0.0,0,0,0,True,0
H3,m84137_260214_004236_s1/48759372/ccs,165,55,55,0,100.0,0.0,0,0,0,True,0
H3,m84137_260214_004236_s1/121048046/ccs,165,55,55,0,100.0,0.0,0,0,0,True,0
H3,m84137_260214_004236_s1/142345959/ccs,165,55,55,0,100.0,0.0,0,0,0,True,0
H3,m84137_260214_004236_s1/173410822/ccs,165,55,55,0,100.0,0.0,0,0,0,True,0
H3,m84137_260214_004236_s1/225187467/ccs,165,55,55,0,100.0,0.0,0,0,0,True,0
H3,m84137_260214_004236_s1/180751472/ccs,165,55,55,0,100.0,0.0,0,0,0,True,0
H3,m84137_260214_004236_s1/235018013/ccs,165,55,55,0,100.0,0.0,0,0,0,True,0
H3,m84137_260214_004236_s1/209126632/ccs,165,55,55,0,100.0,0.0,0,0,0,True,0
H3,m84137_260214_004236_s1/204210778/ccs,165,55,55,0,100.0,0.0,0,0,0,True,0
H3,m84137_260214_004236_s1/252708142/ccs,165,55,55,0,100.0,0.0,0,0,0,True,0
H3,m84137_260214_004236_s1/235735598/ccs,165,55,55,0,100.0,0.0,0,0,0,True,0
H3,m84137_260214_004236_s1/217057578/ccs,165,55,55,0,100.0,0.0,0,0,0,True,0
H3,m84137_260214_004236_s1/68747864/ccs,165,55,55,0,100.0,0.0,0,0,0,True,0
H3,m84137_260214_004236_s1/93324906/ccs,165,55,55,0,100.0,0.0,0,0,0,True,0
H3,m84137_260214_004236_s1/89261503/ccs,165,55,55,0,100.0,0.0,0,0,0,True,0
H3,m84137_260214_004236_s1/89129808/ccs,165,55,55,0,100.0,0.0,0,0,0,True,0
H3,m84137_260214_004236_s1/102566758/ccs,165,55,55,0,100.0,0.0,0,0,0,True,0
H3,m84137_260214_004236_s1/149687737/ccs,165,55,55,0,100.0,0.0,0,0,0,True,0
H3,m84137_260214_004236_s1/169019368/ccs,165,55,55,0,100.0,0.0,0,0,0,True,0
H3,m84137_260214_004236_s1/171378773/ccs,165,55,55,0,100.0,0.0,0,0,0,True,0
H3,m84137_260214_004236_s1/175901639/ccs,165,55,55,0,100.0,0.0,0,0,0,True,0
H3,m84137_260214_004236_s1/179569167/ccs,165,55,55,0,100.0,0.0,0,0,0,True,0
H3,m84137_260214_004236_s1/193987699/ccs,165,55,55,0,100.0,0.0,0,0,0,True,0
H3,m84137_260214_004236_s1/53285839/ccs,165,55,55,0,100.0,0.0,0,0,0,True,0
H3,m84137_260214_004236_s1/15013544/ccs,165,55,55,0,100.0,0.0,0,0,0,True,0
H3,m84137_260214_004236_s1/60036661/ccs,165,55,55,0,100.0,0.0,0,0,0,True,0
H3,m84137_260214_004236_s1/45092350/ccs,165,55,55,0,100.0,0.0,0,0,0,True,0
H3,m84137_260214_004236_s1/46402564/ccs,165,55,55,0,100.0,0.0,0,0,0,True,0
H3,m84137_260214_004236_s1/90051989/ccs,165,55,55,0,100.0,0.0,0,0,0,True,0
H3,m84137_260214_004236_s1/128717403/ccs,165,55,55,0,100.0,0.0,0,0,0,True,0
H3,m84137_260214_004236_s1/246153983/ccs,165,55,55,0,100.0,0.0,0,0,0,True,0
H3,m84137_260214_004236_s1/21042168/ccs,165,55,55,0,100.0,0.0,0,0,0,True,0
H3,m84137_260214_004236_s1/208470355/ccs,165,55,55,0,100.0,0.0,0,0,0,True,0
H3,m84137_260214_004236_s1/227543207/ccs,165,55,55,0,100.0,0.0,0,0,0,True,0
H3,m84137_260214_004236_s1/176098164/ccs,165,55,55,0,100.0,0.0,0,0,0,True,0
H3,m84137_260214_004236_s1/25103157/ccs,166,52,34,18,65.38461538461539,34.61538461538461,0,0,1,False,1
H3,m84137_260214_004236_s1/184156653/ccs,166,52,19,33,36.53846153846153,63.46153846153846,0,0,1,False,1
H3,m84137_260214_004236_s1/113642496/ccs,166,52,18,34,34.61538461538461,65.38461538461539,0,0,1,False,1
H3,m84137_260214_004236_s1/262016849/ccs,167,53,33,20,62.264150943396224,37.735849056603776,0,0,2,False,2
H3,m84137_260214_004236_s1/79432680/ccs,167,55,11,44,20.0,80.0,2,2,2,False,2
H3,m84137_260214_004236_s1/54332150/ccs,167,55,5,50,9.090909090909092,90.9090909090909,1,1,2,False,2
H3,m84137_260214_004236_s1/35455540/ccs,168,56,56,0,100.0,0.0,0,0,0,True,0
H3,m84137_260214_004236_s1/97980808/ccs,168,56,56,0,100.0,0.0,0,0,0,True,0
H3,m84137_260214_004236_s1/107679918/ccs,168,56,56,0,100.0,0.0,0,0,0,True,0
H3,m84137_260214_004236_s1/108925348/ccs,168,56,56,0,100.0,0.0,0,0,0,True,0
H3,m84137_260214_004236_s1/135991679/ccs,168,56,56,0,100.0,0.0,0,0,0,True,0
H3,m84137_260214_004236_s1/52695139/ccs,168,56,56,0,100.0,0.0,0,0,0,True,0
H3,m84137_260214_004236_s1/69998201/ccs,168,56,56,0,100.0,0.0,0,0,0,True,0
H3,m84137_260214_004236_s1/65803955/ccs,168,56,56,0,100.0,0.0,0,0,0,True,0
H3,m84137_260214_004236_s1/100929839/ccs,168,56,56,0,100.0,0.0,0,0,0,True,0
H3,m84137_260214_004236_s1/252056632/ccs,168,56,56,0,100.0,0.0,0,0,0,True,0
H3,m84137_260214_004236_s1/240520555/ccs,168,56,56,0,100.0,0.0,0,0,0,True,0
H3,m84137_260214_004236_s1/183963572/ccs,168,56,56,0,100.0,0.0,0,0,0,True,0
H3,m84137_260214_004236_s1/230625115/ccs,168,56,56,0,100.0,0.0,0,0,0,True,0
H3,m84137_260214_004236_s1/239867431/ccs,168,56,56,0,100.0,0.0,0,0,0,True,0
H3,m84137_260214_004236_s1/231933860/ccs,168,56,56,0,100.0,0.0,0,0,0,True,0
H3,m84137_260214_004236_s1/240715012/ccs,168,56,56,0,100.0,0.0,0,0,0,True,0
H3,m84137_260214_004236_s1/259459094/ccs,168,56,56,0,100.0,0.0,0,0,0,True,0
H3,m84137_260214_004236_s1/92932871/ccs,168,56,56,0,100.0,0.0,0,0,0,True,0
H3,m84137_260214_004236_s1/93325621/ccs,168,56,56,0,100.0,0.0,0,0,0,True,0
H3,m84137_260214_004236_s1/99221964/ccs,168,56,56,0,100.0,0.0,0,0,0,True,0
H3,m84137_260214_004236_s1/102237854/ccs,168,56,56,0,100.0,0.0,0,0,0,True,0
H3,m84137_260214_004236_s1/185931036/ccs,168,56,56,0,100.0,0.0,0,0,0,True,0
H3,m84137_260214_004236_s1/199103220/ccs,168,56,56,0,100.0,0.0,0,0,0,True,0
H3,m84137_260214_004236_s1/209259818/ccs,168,56,56,0,100.0,0.0,0,0,0,True,0
H3,m84137_260214_004236_s1/188810166/ccs,168,56,56,0,100.0,0.0,0,0,0,True,0
H3,m84137_260214_004236_s1/197723083/ccs,168,56,56,0,100.0,0.0,0,0,0,True,0
H3,m84137_260214_004236_s1/246612289/ccs,168,56,56,0,100.0,0.0,0,0,0,True,0
H3,m84137_260214_004236_s1/250020046/ccs,168,56,56,0,100.0,0.0,0,0,0,True,0
H3,m84137_260214_004236_s1/251528512/ccs,168,56,56,0,100.0,0.0,0,0,0,True,0
H3,m84137_260214_004236_s1/27858272/ccs,168,56,56,0,100.0,0.0,0,0,0,True,0
H3,m84137_260214_004236_s1/52433770/ccs,168,56,56,0,100.0,0.0,0,0,0,True,0
H3,m84137_260214_004236_s1/5702060/ccs,168,56,56,0,100.0,0.0,0,0,0,True,0
H3,m84137_260214_004236_s1/20186068/ccs,168,56,56,0,100.0,0.0,0,0,0,True,0
H3,m84137_260214_004236_s1/30475322/ccs,168,56,56,0,100.0,0.0,0,0,0,True,0
H3,m84137_260214_004236_s1/56756206/ccs,168,56,56,0,100.0,0.0,0,0,0,True,0
H3,m84137_260214_004236_s1/190843697/ccs,168,56,56,0,100.0,0.0,0,0,0,True,0
H3,m84137_260214_004236_s1/187041453/ccs,168,56,56,0,100.0,0.0,0,0,0,True,0
H3,m84137_260214_004236_s1/23265843/ccs,168,56,56,0,100.0,0.0,0,0,0,True,0
H3,m84137_260214_004236_s1/94307844/ccs,168,56,56,0,100.0,0.0,0,0,0,True,0
H3,m84137_260214_004236_s1/264834270/ccs,168,56,56,0,100.0,0.0,0,0,0,True,0
H3,m84137_260214_004236_s1/253039935/ccs,168,56,56,0,100.0,0.0,0,0,0,True,0
H3,m84137_260214_004236_s1/171708565/ccs,168,56,56,0,100.0,0.0,0,0,0,True,0
H3,m84137_260214_004236_s1/102370132/ccs,168,56,56,0,100.0,0.0,0,0,0,True,0
H3,m84137_260214_004236_s1/134088261/ccs,168,56,56,0,100.0,0.0,0,0,0,True,0
H3,m84137_260214_004236_s1/5703351/ccs,168,56,56,0,100.0,0.0,0,0,0,True,0
H3,m84137_260214_004236_s1/11273563/ccs,168,56,56,0,100.0,0.0,0,0,0,True,0
H3,m84137_260214_004236_s1/12519626/ccs,168,56,56,0,100.0,0.0,0,0,0,True,0
H3,m84137_260214_004236_s1/141888136/ccs,168,56,56,0,100.0,0.0,0,0,0,True,0
H3,m84137_260214_004236_s1/217646338/ccs,168,56,56,0,100.0,0.0,0,0,0,True,0
H3,m84137_260214_004236_s1/74779775/ccs,168,56,56,0,100.0,0.0,0,0,0,True,0
H3,m84137_260214_004236_s1/50272033/ccs,168,56,56,0,100.0,0.0,0,0,0,True,0
H3,m84137_260214_004236_s1/171445877/ccs,168,56,56,0,100.0,0.0,0,0,0,True,0
H3,m84137_260214_004236_s1/261297224/ccs,168,56,56,0,100.0,0.0,0,0,0,True,0
H3,m84137_260214_004236_s1/129892889/ccs,168,56,56,0,100.0,0.0,0,0,0,True,0
H3,m84137_260214_004236_s1/127010702/ccs,168,56,56,0,100.0,0.0,0,0,0,True,0
H3,m84137_260214_004236_s1/111280290/ccs,168,56,56,0,100.0,0.0,0,0,0,True,0
H3,m84137_260214_004236_s1/160040455/ccs,168,56,56,0,100.0,0.0,0,0,0,True,0
H3,m84137_260214_004236_s1/160629072/ccs,168,56,56,0,100.0,0.0,0,0,0,True,0
H3,m84137_260214_004236_s1/156565699/ccs,168,56,56,0,100.0,0.0,0,0,0,True,0
H3,m84137_260214_004236_s1/147917212/ccs,168,56,56,0,100.0,0.0,0,0,0,True,0
H3,m84137_260214_004236_s1/8323455/ccs,168,56,56,0,100.0,0.0,0,0,0,True,0
H3,m84137_260214_004236_s1/5310439/ccs,168,56,56,0,100.0,0.0,0,0,0,True,0
H3,m84137_260214_004236_s1/56231339/ccs,168,56,56,0,100.0,0.0,0,0,0,True,0
H3,m84137_260214_004236_s1/51119468/ccs,168,56,56,0,100.0,0.0,0,0,0,True,0
H3,m84137_260214_004236_s1/58854107/ccs,168,56,56,0,100.0,0.0,0,0,0,True,0
H3,m84137_260214_004236_s1/4590775/ccs,168,56,56,0,100.0,0.0,0,0,0,True,0
H3,m84137_260214_004236_s1/8915910/ccs,168,56,56,0,100.0,0.0,0,0,0,True,0
H3,m84137_260214_004236_s1/43124703/ccs,168,56,56,0,100.0,0.0,0,0,0,True,0
H3,m84137_260214_004236_s1/216338099/ccs,168,56,56,0,100.0,0.0,0,0,0,True,0
H3,m84137_260214_004236_s1/217190457/ccs,168,56,56,0,100.0,0.0,0,0,0,True,0
H3,m84137_260214_004236_s1/51381547/ccs,168,56,56,0,100.0,0.0,0,0,0,True,0
H3,m84137_260214_004236_s1/95751111/ccs,168,56,56,0,100.0,0.0,0,0,0,True,0
H3,m84137_260214_004236_s1/183833413/ccs,168,56,56,0,100.0,0.0,0,0,0,True,0
H3,m84137_260214_004236_s1/182716100/ccs,168,56,56,0,100.0,0.0,0,0,0,True,0
H3,m84137_260214_004236_s1/237111114/ccs,168,56,56,0,100.0,0.0,0,0,0,True,0
H3,m84137_260214_004236_s1/70451486/ccs,168,56,56,0,100.0,0.0,0,0,0,True,0
H3,m84137_260214_004236_s1/92668080/ccs,168,56,56,0,100.0,0.0,0,0,0,True,0
H3,m84137_260214_004236_s1/80807825/ccs,168,56,56,0,100.0,0.0,0,0,0,True,0
H3,m84137_260214_004236_s1/98435941/ccs,168,56,56,0,100.0,0.0,0,0,0,True,0
H3,m84137_260214_004236_s1/106890637/ccs,168,56,56,0,100.0,0.0,0,0,0,True,0
H3,m84137_260214_004236_s1/122359796/ccs,168,56,56,0,100.0,0.0,0,0,0,True,0
H3,m84137_260214_004236_s1/153686014/ccs,168,56,56,0,100.0,0.0,0,0,0,True,0
H3,m84137_260214_004236_s1/114625792/ccs,168,56,56,0,100.0,0.0,0,0,0,True,0
H3,m84137_260214_004236_s1/163647881/ccs,168,56,56,0,100.0,0.0,0,0,0,True,0
H3,m84137_260214_004236_s1/170135352/ccs,168,56,56,0,100.0,0.0,0,0,0,True,0
H3,m84137_260214_004236_s1/190317709/ccs,168,56,56,0,100.0,0.0,0,0,0,True,0
H3,m84137_260214_004236_s1/170461269/ccs,168,56,56,0,100.0,0.0,0,0,0,True,0
H3,m84137_260214_004236_s1/150471391/ccs,165,55,55,0,100.0,0.0,0,0,0,True,0
H3,m84137_260214_004236_s1/52958925/ccs,168,56,56,0,100.0,0.0,0,0,0,True,0
H3,m84137_260214_004236_s1/14553918/ccs,168,56,56,0,100.0,0.0,0,0,0,True,0
H3,m84137_260214_004236_s1/15210274/ccs,168,56,56,0,100.0,0.0,0,0,0,True,0
H3,m84137_260214_004236_s1/69537529/ccs,168,56,56,0,100.0,0.0,0,0,0,True,0
H3,m84137_260214_004236_s1/60953100/ccs,168,56,56,0,100.0,0.0,0,0,0,True,0
H3,m84137_260214_004236_s1/46533878/ccs,168,56,56,0,100.0,0.0,0,0,0,True,0
H3,m84137_260214_004236_s1/71374634/ccs,168,56,56,0,100.0,0.0,0,0,0,True,0
H3,m84137_260214_004236_s1/97980373/ccs,168,56,56,0,100.0,0.0,0,0,0,True,0
H3,m84137_260214_004236_s1/104272635/ccs,168,56,56,0,100.0,0.0,0,0,0,True,0
H3,m84137_260214_004236_s1/245629383/ccs,168,56,56,0,100.0,0.0,0,0,0,True,0
H3,m84137_260214_004236_s1/24515372/ccs,168,56,56,0,100.0,0.0,0,0,0,True,0
H3,m84137_260214_004236_s1/21827201/ccs,168,56,56,0,100.0,0.0,0,0,0,True,0
H3,m84137_260214_004236_s1/173477782/ccs,168,56,56,0,100.0,0.0,0,0,0,True,0
H3,m84137_260214_004236_s1/55576535/ccs,165,55,55,0,100.0,0.0,0,0,0,True,0
H3,m84137_260214_004236_s1/99813753/ccs,168,56,56,0,100.0,0.0,0,0,0,True,0
H3,m84137_260214_004236_s1/202572532/ccs,168,56,56,0,100.0,0.0,0,0,0,True,0
H3,m84137_260214_004236_s1/5832890/ccs,168,50,34,16,68.0,32.0,0,0,0,True,0
H3,m84137_260214_004236_s1/37554346/ccs,169,53,26,27,49.056603773584904,50.943396226415096,0,0,1,False,1
H3,m84137_260214_004236_s1/237503577/ccs,169,55,21,34,38.18181818181819,61.81818181818181,1,1,1,False,1
H3,m84137_260214_004236_s1/229377706/ccs,169,56,36,20,64.28571428571429,35.714285714285715,1,1,1,False,1
H3,m84137_260214_004236_s1/20715056/ccs,169,56,11,45,19.642857142857142,80.35714285714286,1,1,1,False,1
H3,m84137_260214_004236_s1/17696659/ccs,169,53,42,11,79.24528301886792,20.754716981132077,0,0,1,False,1
H3,m84137_260214_004236_s1/163121397/ccs,168,56,56,0,100.0,0.0,0,0,0,True,0
H3,m84137_260214_004236_s1/34996878/ccs,170,56,52,4,92.85714285714286,7.142857142857142,1,1,2,False,2
H3,m84137_260214_004236_s1/122094743/ccs,171,57,57,0,100.0,0.0,0,0,0,True,0
H3,m84137_260214_004236_s1/60424584/ccs,171,57,57,0,100.0,0.0,0,0,0,True,0
H3,m84137_260214_004236_s1/90048535/ccs,171,57,57,0,100.0,0.0,0,0,0,True,0
H3,m84137_260214_004236_s1/73861587/ccs,171,57,57,0,100.0,0.0,0,0,0,True,0
H3,m84137_260214_004236_s1/118755722/ccs,171,57,57,0,100.0,0.0,0,0,0,True,0
H3,m84137_260214_004236_s1/124719123/ccs,171,57,57,0,100.0,0.0,0,0,0,True,0
H3,m84137_260214_004236_s1/82318718/ccs,171,57,57,0,100.0,0.0,0,0,0,True,0
H3,m84137_260214_004236_s1/83759607/ccs,171,57,57,0,100.0,0.0,0,0,0,True,0
H3,m84137_260214_004236_s1/37754058/ccs,171,57,57,0,100.0,0.0,0,0,0,True,0
H3,m84137_260214_004236_s1/31199734/ccs,171,57,57,0,100.0,0.0,0,0,0,True,0
H3,m84137_260214_004236_s1/259591484/ccs,171,57,57,0,100.0,0.0,0,0,0,True,0
H3,m84137_260214_004236_s1/210044016/ccs,171,57,57,0,100.0,0.0,0,0,0,True,0
H3,m84137_260214_004236_s1/259195100/ccs,171,57,57,0,100.0,0.0,0,0,0,True,0
H3,m84137_260214_004236_s1/120588859/ccs,171,57,57,0,100.0,0.0,0,0,0,True,0
H3,m84137_260214_004236_s1/191498600/ccs,171,57,57,0,100.0,0.0,0,0,0,True,0
H3,m84137_260214_004236_s1/198182047/ccs,171,57,57,0,100.0,0.0,0,0,0,True,0
H3,m84137_260214_004236_s1/201524674/ccs,171,57,57,0,100.0,0.0,0,0,0,True,0
H3,m84137_260214_004236_s1/219875076/ccs,171,57,57,0,100.0,0.0,0,0,0,True,0
H3,m84137_260214_004236_s1/195298156/ccs,171,57,57,0,100.0,0.0,0,0,0,True,0
H3,m84137_260214_004236_s1/203293282/ccs,171,57,57,0,100.0,0.0,0,0,0,True,0
H3,m84137_260214_004236_s1/18093556/ccs,171,57,57,0,100.0,0.0,0,0,0,True,0
H3,m84137_260214_004236_s1/5637327/ccs,171,57,57,0,100.0,0.0,0,0,0,True,0
H3,m84137_260214_004236_s1/18678618/ccs,171,57,57,0,100.0,0.0,0,0,0,True,0
H3,m84137_260214_004236_s1/29886819/ccs,171,57,57,0,100.0,0.0,0,0,0,True,0
H3,m84137_260214_004236_s1/141558878/ccs,171,57,57,0,100.0,0.0,0,0,0,True,0
H3,m84137_260214_004236_s1/143656738/ccs,171,57,57,0,100.0,0.0,0,0,0,True,0
H3,m84137_260214_004236_s1/141427762/ccs,171,57,57,0,100.0,0.0,0,0,0,True,0
H3,m84137_260214_004236_s1/158335973/ccs,171,57,57,0,100.0,0.0,0,0,0,True,0
H3,m84137_260214_004236_s1/230233120/ccs,171,57,57,0,100.0,0.0,0,0,0,True,0
H3,m84137_260214_004236_s1/117378279/ccs,171,57,57,0,100.0,0.0,0,0,0,True,0
H3,m84137_260214_004236_s1/27921114/ccs,171,57,57,0,100.0,0.0,0,0,0,True,0
H3,m84137_260214_004236_s1/240784957/ccs,171,57,57,0,100.0,0.0,0,0,0,True,0
H3,m84137_260214_004236_s1/217584199/ccs,171,57,57,0,100.0,0.0,0,0,0,True,0
H3,m84137_260214_004236_s1/119080409/ccs,171,57,57,0,100.0,0.0,0,0,0,True,0
H3,m84137_260214_004236_s1/108331114/ccs,171,57,57,0,100.0,0.0,0,0,0,True,0
H3,m84137_260214_004236_s1/119996748/ccs,171,57,57,0,100.0,0.0,0,0,0,True,0
H3,m84137_260214_004236_s1/109250873/ccs,171,57,57,0,100.0,0.0,0,0,0,True,0
H3,m84137_260214_004236_s1/110824328/ccs,171,57,57,0,100.0,0.0,0,0,0,True,0
H3,m84137_260214_004236_s1/134679365/ccs,171,57,57,0,100.0,0.0,0,0,0,True,0
H3,m84137_260214_004236_s1/158533973/ccs,171,57,57,0,100.0,0.0,0,0,0,True,0
H3,m84137_260214_004236_s1/57870011/ccs,171,57,57,0,100.0,0.0,0,0,0,True,0
H3,m84137_260214_004236_s1/52627230/ccs,171,57,57,0,100.0,0.0,0,0,0,True,0
H3,m84137_260214_004236_s1/231408954/ccs,171,57,57,0,100.0,0.0,0,0,0,True,0
H3,m84137_260214_004236_s1/241044274/ccs,171,57,57,0,100.0,0.0,0,0,0,True,0
H3,m84137_260214_004236_s1/204017279/ccs,168,56,56,0,100.0,0.0,0,0,0,True,0
H3,m84137_260214_004236_s1/260837077/ccs,171,57,57,0,100.0,0.0,0,0,0,True,0
H3,m84137_260214_004236_s1/216470060/ccs,171,57,57,0,100.0,0.0,0,0,0,True,0
H3,m84137_260214_004236_s1/217321567/ccs,171,57,57,0,100.0,0.0,0,0,0,True,0
H3,m84137_260214_004236_s1/250613810/ccs,171,57,57,0,100.0,0.0,0,0,0,True,0
H3,m84137_260214_004236_s1/221384621/ccs,171,57,57,0,100.0,0.0,0,0,0,True,0
H3,m84137_260214_004236_s1/221320462/ccs,171,57,57,0,100.0,0.0,0,0,0,True,0
H3,m84137_260214_004236_s1/201068774/ccs,171,57,57,0,100.0,0.0,0,0,0,True,0
H3,m84137_260214_004236_s1/253432797/ccs,171,57,57,0,100.0,0.0,0,0,0,True,0
H3,m84137_260214_004236_s1/221381869/ccs,171,57,57,0,100.0,0.0,0,0,0,True,0
H3,m84137_260214_004236_s1/182911339/ccs,171,57,57,0,100.0,0.0,0,0,0,True,0
H3,m84137_260214_004236_s1/224921447/ccs,171,57,57,0,100.0,0.0,0,0,0,True,0
H3,m84137_260214_004236_s1/225314206/ccs,171,57,57,0,100.0,0.0,0,0,0,True,0
H3,m84137_260214_004236_s1/230032333/ccs,171,57,57,0,100.0,0.0,0,0,0,True,0
H3,m84137_260214_004236_s1/211878398/ccs,171,57,57,0,100.0,0.0,0,0,0,True,0
H3,m84137_260214_004236_s1/214695978/ccs,171,57,57,0,100.0,0.0,0,0,0,True,0
H3,m84137_260214_004236_s1/235145714/ccs,171,57,57,0,100.0,0.0,0,0,0,True,0
H3,m84137_260214_004236_s1/48497324/ccs,171,57,57,0,100.0,0.0,0,0,0,True,0
H3,m84137_260214_004236_s1/73466687/ccs,171,57,57,0,100.0,0.0,0,0,0,True,0
H3,m84137_260214_004236_s1/66062883/ccs,171,57,57,0,100.0,0.0,0,0,0,True,0
H3,m84137_260214_004236_s1/91293275/ccs,171,57,57,0,100.0,0.0,0,0,0,True,0
H3,m84137_260214_004236_s1/97192316/ccs,171,57,57,0,100.0,0.0,0,0,0,True,0
H3,m84137_260214_004236_s1/118161460/ccs,171,57,57,0,100.0,0.0,0,0,0,True,0
H3,m84137_260214_004236_s1/185274008/ccs,171,57,57,0,100.0,0.0,0,0,0,True,0
H3,m84137_260214_004236_s1/169609050/ccs,171,57,57,0,100.0,0.0,0,0,0,True,0
H3,m84137_260214_004236_s1/197722807/ccs,171,57,57,0,100.0,0.0,0,0,0,True,0
H3,m84137_260214_004236_s1/193660339/ccs,171,57,57,0,100.0,0.0,0,0,0,True,0
H3,m84137_260214_004236_s1/202310264/ccs,171,57,57,0,100.0,0.0,0,0,0,True,0
H3,m84137_260214_004236_s1/202572925/ccs,171,57,57,0,100.0,0.0,0,0,0,True,0
H3,m84137_260214_004236_s1/57807484/ccs,171,57,57,0,100.0,0.0,0,0,0,True,0
H3,m84137_260214_004236_s1/15732836/ccs,171,57,57,0,100.0,0.0,0,0,0,True,0
H3,m84137_260214_004236_s1/72881996/ccs,171,57,57,0,100.0,0.0,0,0,0,True,0
H3,m84137_260214_004236_s1/96670811/ccs,171,57,57,0,100.0,0.0,0,0,0,True,0
H3,m84137_260214_004236_s1/18355475/ccs,171,57,57,0,100.0,0.0,0,0,0,True,0
H3,m84137_260214_004236_s1/265814309/ccs,171,57,57,0,100.0,0.0,0,0,0,True,0
H3,m84137_260214_004236_s1/39389482/ccs,171,57,57,0,100.0,0.0,0,0,0,True,0
H3,m84137_260214_004236_s1/264307431/ccs,172,57,27,30,47.368421052631575,52.63157894736842,1,1,1,False,1
H3,m84137_260214_004236_s1/39650847/ccs,174,58,58,0,100.0,0.0,0,0,0,True,0
H3,m84137_260214_004236_s1/39654076/ccs,178,57,23,34,40.35087719298245,59.64912280701754,5,4,1,False,1
H3,m84137_260214_004236_s1/150930623/ccs,172,57,21,36,36.84210526315789,63.1578947368421,1,1,1,False,1
H3,m84137_260214_004236_s1/250282363/ccs,171,57,57,0,100.0,0.0,0,0,0,True,0
H3,m84137_260214_004236_s1/263260574/ccs,173,55,51,4,92.72727272727272,7.2727272727272725,0,0,2,False,2
H3,m84137_260214_004236_s1/60033788/ccs,174,58,58,0,100.0,0.0,0,0,0,True,0
H3,m84137_260214_004236_s1/64028982/ccs,174,58,58,0,100.0,0.0,0,0,0,True,0
H3,m84137_260214_004236_s1/65144054/ccs,174,58,58,0,100.0,0.0,0,0,0,True,0
H3,m84137_260214_004236_s1/70124182/ccs,174,58,58,0,100.0,0.0,0,0,0,True,0
H3,m84137_260214_004236_s1/120787480/ccs,174,58,58,0,100.0,0.0,0,0,0,True,0
H3,m84137_260214_004236_s1/42864202/ccs,174,58,58,0,100.0,0.0,0,0,0,True,0
H3,m84137_260214_004236_s1/206508202/ccs,174,58,58,0,100.0,0.0,0,0,0,True,0
H3,m84137_260214_004236_s1/212667567/ccs,174,58,58,0,100.0,0.0,0,0,0,True,0
H3,m84137_260214_004236_s1/232789747/ccs,174,58,58,0,100.0,0.0,0,0,0,True,0
H3,m84137_260214_004236_s1/222495458/ccs,174,58,58,0,100.0,0.0,0,0,0,True,0
H3,m84137_260214_004236_s1/212533415/ccs,174,58,58,0,100.0,0.0,0,0,0,True,0
H3,m84137_260214_004236_s1/236784078/ccs,174,58,58,0,100.0,0.0,0,0,0,True,0
H3,m84137_260214_004236_s1/71435561/ccs,174,58,58,0,100.0,0.0,0,0,0,True,0
H3,m84137_260214_004236_s1/106955038/ccs,174,58,58,0,100.0,0.0,0,0,0,True,0
H3,m84137_260214_004236_s1/144970601/ccs,174,58,58,0,100.0,0.0,0,0,0,True,0
H3,m84137_260214_004236_s1/225056489/ccs,174,58,58,0,100.0,0.0,0,0,0,True,0
H3,m84137_260214_004236_s1/191301872/ccs,174,58,58,0,100.0,0.0,0,0,0,True,0
H3,m84137_260214_004236_s1/175114686/ccs,174,58,58,0,100.0,0.0,0,0,0,True,0
H3,m84137_260214_004236_s1/196675084/ccs,174,58,58,0,100.0,0.0,0,0,0,True,0
H3,m84137_260214_004236_s1/178847856/ccs,174,58,58,0,100.0,0.0,0,0,0,True,0
H3,m84137_260214_004236_s1/208012393/ccs,174,58,58,0,100.0,0.0,0,0,0,True,0
H3,m84137_260214_004236_s1/266142156/ccs,174,58,58,0,100.0,0.0,0,0,0,True,0
H3,m84137_260214_004236_s1/12259361/ccs,174,58,58,0,100.0,0.0,0,0,0,True,0
H3,m84137_260214_004236_s1/251073007/ccs,174,58,58,0,100.0,0.0,0,0,0,True,0
H3,m84137_260214_004236_s1/23266782/ccs,174,58,58,0,100.0,0.0,0,0,0,True,0
H3,m84137_260214_004236_s1/136775189/ccs,174,58,58,0,100.0,0.0,0,0,0,True,0
H3,m84137_260214_004236_s1/155713618/ccs,174,58,58,0,100.0,0.0,0,0,0,True,0
H3,m84137_260214_004236_s1/146868373/ccs,174,58,58,0,100.0,0.0,0,0,0,True,0
H3,m84137_260214_004236_s1/158205084/ccs,174,58,58,0,100.0,0.0,0,0,0,True,0
H3,m84137_260214_004236_s1/232855293/ccs,174,58,58,0,100.0,0.0,0,0,0,True,0
H3,m84137_260214_004236_s1/8588260/ccs,174,58,58,0,100.0,0.0,0,0,0,True,0
H3,m84137_260214_004236_s1/127206611/ccs,174,58,58,0,100.0,0.0,0,0,0,True,0
H3,m84137_260214_004236_s1/188809452/ccs,174,58,58,0,100.0,0.0,0,0,0,True,0
H3,m84137_260214_004236_s1/35328235/ccs,174,58,58,0,100.0,0.0,0,0,0,True,0
H3,m84137_260214_004236_s1/49747841/ccs,174,58,58,0,100.0,0.0,0,0,0,True,0
H3,m84137_260214_004236_s1/108265989/ccs,174,58,58,0,100.0,0.0,0,0,0,True,0
H3,m84137_260214_004236_s1/137626695/ccs,174,58,58,0,100.0,0.0,0,0,0,True,0
H3,m84137_260214_004236_s1/167905531/ccs,174,58,58,0,100.0,0.0,0,0,0,True,0
H3,m84137_260214_004236_s1/161875234/ccs,174,58,58,0,100.0,0.0,0,0,0,True,0
H3,m84137_260214_004236_s1/21367287/ccs,174,58,58,0,100.0,0.0,0,0,0,True,0
H3,m84137_260214_004236_s1/54788277/ccs,174,58,58,0,100.0,0.0,0,0,0,True,0
H3,m84137_260214_004236_s1/68359143/ccs,174,58,58,0,100.0,0.0,0,0,0,True,0
H3,m84137_260214_004236_s1/18088468/ccs,174,58,58,0,100.0,0.0,0,0,0,True,0
H3,m84137_260214_004236_s1/29559076/ccs,174,58,58,0,100.0,0.0,0,0,0,True,0
H3,m84137_260214_004236_s1/100075025/ccs,174,58,58,0,100.0,0.0,0,0,0,True,0
H3,m84137_260214_004236_s1/16648644/ccs,174,58,58,0,100.0,0.0,0,0,0,True,0
H3,m84137_260214_004236_s1/84741104/ccs,174,58,58,0,100.0,0.0,0,0,0,True,0
H3,m84137_260214_004236_s1/219611974/ccs,171,57,57,0,100.0,0.0,0,0,0,True,0
H3,m84137_260214_004236_s1/213320448/ccs,174,58,58,0,100.0,0.0,0,0,0,True,0
H3,m84137_260214_004236_s1/76285350/ccs,174,58,58,0,100.0,0.0,0,0,0,True,0
H3,m84137_260214_004236_s1/82184204/ccs,174,58,58,0,100.0,0.0,0,0,0,True,0
H3,m84137_260214_004236_s1/115018753/ccs,174,58,58,0,100.0,0.0,0,0,0,True,0
H3,m84137_260214_004236_s1/116397770/ccs,174,58,58,0,100.0,0.0,0,0,0,True,0
H3,m84137_260214_004236_s1/185144373/ccs,174,58,58,0,100.0,0.0,0,0,0,True,0
H3,m84137_260214_004236_s1/161746201/ccs,174,58,58,0,100.0,0.0,0,0,0,True,0
H3,m84137_260214_004236_s1/165613348/ccs,174,58,58,0,100.0,0.0,0,0,0,True,0
H3,m84137_260214_004236_s1/149815814/ccs,174,58,58,0,100.0,0.0,0,0,0,True,0
H3,m84137_260214_004236_s1/243204472/ccs,174,58,58,0,100.0,0.0,0,0,0,True,0
H3,m84137_260214_004236_s1/33756858/ccs,174,58,58,0,100.0,0.0,0,0,0,True,0
H3,m84137_260214_004236_s1/25890193/ccs,174,58,58,0,100.0,0.0,0,0,0,True,0
H3,m84137_260214_004236_s1/31134866/ccs,174,58,58,0,100.0,0.0,0,0,0,True,0
H3,m84137_260214_004236_s1/126621267/ccs,174,58,58,0,100.0,0.0,0,0,0,True,0
H3,m84137_260214_004236_s1/102695411/ccs,174,58,58,0,100.0,0.0,0,0,0,True,0
H3,m84137_260214_004236_s1/218562922/ccs,170,53,17,36,32.075471698113205,67.9245283018868,1,1,2,False,2
H3,m84137_260214_004236_s1/210637471/ccs,175,57,19,38,33.33333333333333,66.66666666666666,2,2,1,False,1
H3,m84137_260214_004236_s1/13763422/ccs,171,57,57,0,100.0,0.0,0,0,0,True,0
H3,m84137_260214_004236_s1/150013122/ccs,171,57,57,0,100.0,0.0,0,0,0,True,0
H3,m84137_260214_004236_s1/235999814/ccs,175,58,24,34,41.37931034482759,58.620689655172406,1,1,1,False,1
H3,m84137_260214_004236_s1/148834804/ccs,175,55,39,16,70.9090909090909,29.09090909090909,0,0,1,False,1
H3,m84137_260214_004236_s1/124718254/ccs,172,57,47,10,82.45614035087719,17.543859649122805,1,1,1,False,1
H3,m84137_260214_004236_s1/122684957/ccs,176,58,49,9,84.48275862068965,15.517241379310345,1,1,2,False,2
H3,m84137_260214_004236_s1/166201476/ccs,176,52,11,41,21.153846153846153,78.84615384615384,0,0,2,False,2
H3,m84137_260214_004236_s1/96209443/ccs,176,56,30,26,53.57142857142857,46.42857142857143,0,0,2,False,2
H3,m84137_260214_004236_s1/54198538/ccs,177,59,59,0,100.0,0.0,0,0,0,True,0
H3,m84137_260214_004236_s1/61277888/ccs,177,59,59,0,100.0,0.0,0,0,0,True,0
H3,m84137_260214_004236_s1/50071590/ccs,177,59,59,0,100.0,0.0,0,0,0,True,0
H3,m84137_260214_004236_s1/78123581/ccs,177,59,59,0,100.0,0.0,0,0,0,True,0
H3,m84137_260214_004236_s1/89593210/ccs,177,59,59,0,100.0,0.0,0,0,0,True,0
H3,m84137_260214_004236_s1/234948245/ccs,177,59,59,0,100.0,0.0,0,0,0,True,0
H3,m84137_260214_004236_s1/121835408/ccs,177,59,59,0,100.0,0.0,0,0,0,True,0
H3,m84137_260214_004236_s1/212472349/ccs,177,59,59,0,100.0,0.0,0,0,0,True,0
H3,m84137_260214_004236_s1/242881768/ccs,177,59,59,0,100.0,0.0,0,0,0,True,0
H3,m84137_260214_004236_s1/248843878/ccs,177,59,59,0,100.0,0.0,0,0,0,True,0
H3,m84137_260214_004236_s1/79300620/ccs,177,59,59,0,100.0,0.0,0,0,0,True,0
H3,m84137_260214_004236_s1/86770354/ccs,177,59,59,0,100.0,0.0,0,0,0,True,0
H3,m84137_260214_004236_s1/100796709/ccs,177,59,59,0,100.0,0.0,0,0,0,True,0
H3,m84137_260214_004236_s1/168562679/ccs,177,59,59,0,100.0,0.0,0,0,0,True,0
H3,m84137_260214_004236_s1/189666020/ccs,177,59,59,0,100.0,0.0,0,0,0,True,0
H3,m84137_260214_004236_s1/172560742/ccs,177,59,59,0,100.0,0.0,0,0,0,True,0
H3,m84137_260214_004236_s1/199624674/ccs,177,59,59,0,100.0,0.0,0,0,0,True,0
H3,m84137_260214_004236_s1/11212208/ccs,177,59,59,0,100.0,0.0,0,0,0,True,0
H3,m84137_260214_004236_s1/35197443/ccs,177,59,59,0,100.0,0.0,0,0,0,True,0
H3,m84137_260214_004236_s1/25036313/ccs,177,59,59,0,100.0,0.0,0,0,0,True,0
H3,m84137_260214_004236_s1/137692739/ccs,177,59,59,0,100.0,0.0,0,0,0,True,0
H3,m84137_260214_004236_s1/80805934/ccs,177,59,59,0,100.0,0.0,0,0,0,True,0
H3,m84137_260214_004236_s1/201785927/ccs,177,59,59,0,100.0,0.0,0,0,0,True,0
H3,m84137_260214_004236_s1/60689476/ccs,177,59,59,0,100.0,0.0,0,0,0,True,0
H3,m84137_260214_004236_s1/24052364/ccs,177,59,59,0,100.0,0.0,0,0,0,True,0
H3,m84137_260214_004236_s1/166069676/ccs,177,59,59,0,100.0,0.0,0,0,0,True,0
H3,m84137_260214_004236_s1/172950616/ccs,177,59,59,0,100.0,0.0,0,0,0,True,0
H3,m84137_260214_004236_s1/133631005/ccs,177,59,59,0,100.0,0.0,0,0,0,True,0
H3,m84137_260214_004236_s1/125239780/ccs,177,59,59,0,100.0,0.0,0,0,0,True,0
H3,m84137_260214_004236_s1/115671585/ccs,177,59,59,0,100.0,0.0,0,0,0,True,0
H3,m84137_260214_004236_s1/62325471/ccs,177,59,59,0,100.0,0.0,0,0,0,True,0
H3,m84137_260214_004236_s1/48038836/ccs,177,59,59,0,100.0,0.0,0,0,0,True,0
H3,m84137_260214_004236_s1/46272493/ccs,177,59,59,0,100.0,0.0,0,0,0,True,0
H3,m84137_260214_004236_s1/41356252/ccs,177,59,59,0,100.0,0.0,0,0,0,True,0
H3,m84137_260214_004236_s1/223352242/ccs,177,59,59,0,100.0,0.0,0,0,0,True,0
H3,m84137_260214_004236_s1/183437644/ccs,177,59,59,0,100.0,0.0,0,0,0,True,0
H3,m84137_260214_004236_s1/80478684/ccs,177,59,59,0,100.0,0.0,0,0,0,True,0
H3,m84137_260214_004236_s1/246744346/ccs,177,59,59,0,100.0,0.0,0,0,0,True,0
H3,m84137_260214_004236_s1/224003995/ccs,178,56,15,41,26.785714285714285,73.21428571428571,0,0,1,False,1
H3,m84137_260214_004236_s1/29557749/ccs,179,59,21,38,35.59322033898305,64.40677966101694,1,1,2,False,2
H3,m84137_260214_004236_s1/183699241/ccs,179,53,25,28,47.16981132075472,52.83018867924528,0,0,2,False,2
H3,m84137_260214_004236_s1/170135144/ccs,179,51,5,46,9.803921568627452,90.19607843137256,2,2,2,False,2
H3,m84137_260214_004236_s1/92735229/ccs,180,60,60,0,100.0,0.0,0,0,0,True,0
H3,m84137_260214_004236_s1/43192506/ccs,180,60,60,0,100.0,0.0,0,0,0,True,0
H3,m84137_260214_004236_s1/45553026/ccs,177,59,59,0,100.0,0.0,0,0,0,True,0
H3,m84137_260214_004236_s1/248780223/ccs,180,60,60,0,100.0,0.0,0,0,0,True,0
H3,m84137_260214_004236_s1/188223104/ccs,180,60,60,0,100.0,0.0,0,0,0,True,0
H3,m84137_260214_004236_s1/207815787/ccs,180,60,60,0,100.0,0.0,0,0,0,True,0
H3,m84137_260214_004236_s1/247401231/ccs,180,60,60,0,100.0,0.0,0,0,0,True,0
H3,m84137_260214_004236_s1/245173170/ccs,177,59,59,0,100.0,0.0,0,0,0,True,0
H3,m84137_260214_004236_s1/133958366/ccs,180,60,60,0,100.0,0.0,0,0,0,True,0
H3,m84137_260214_004236_s1/169937083/ccs,180,60,60,0,100.0,0.0,0,0,0,True,0
H3,m84137_260214_004236_s1/116065214/ccs,180,60,60,0,100.0,0.0,0,0,0,True,0
H3,m84137_260214_004236_s1/117184014/ccs,180,60,60,0,100.0,0.0,0,0,0,True,0
H3,m84137_260214_004236_s1/27984070/ccs,180,60,60,0,100.0,0.0,0,0,0,True,0
H3,m84137_260214_004236_s1/18024962/ccs,180,60,60,0,100.0,0.0,0,0,0,True,0
H3,m84137_260214_004236_s1/215616524/ccs,180,60,60,0,100.0,0.0,0,0,0,True,0
H3,m84137_260214_004236_s1/21104029/ccs,180,60,60,0,100.0,0.0,0,0,0,True,0
H3,m84137_260214_004236_s1/98567638/ccs,180,60,60,0,100.0,0.0,0,0,0,True,0
H3,m84137_260214_004236_s1/265688341/ccs,180,60,60,0,100.0,0.0,0,0,0,True,0
H3,m84137_260214_004236_s1/200802407/ccs,180,60,60,0,100.0,0.0,0,0,0,True,0
H3,m84137_260214_004236_s1/223347070/ccs,180,60,60,0,100.0,0.0,0,0,0,True,0
H3,m84137_260214_004236_s1/140646145/ccs,180,60,60,0,100.0,0.0,0,0,0,True,0
H3,m84137_260214_004236_s1/197526803/ccs,180,60,60,0,100.0,0.0,0,0,0,True,0
H3,m84137_260214_004236_s1/207880309/ccs,180,60,60,0,100.0,0.0,0,0,0,True,0
H3,m84137_260214_004236_s1/41880590/ccs,180,60,60,0,100.0,0.0,0,0,0,True,0
H3,m84137_260214_004236_s1/12653279/ccs,180,60,60,0,100.0,0.0,0,0,0,True,0
H3,m84137_260214_004236_s1/135730152/ccs,180,60,60,0,100.0,0.0,0,0,0,True,0
H3,m84137_260214_004236_s1/177734066/ccs,181,59,39,20,66.10169491525424,33.89830508474576,1,1,1,False,1
H3,m84137_260214_004236_s1/120916783/ccs,177,59,59,0,100.0,0.0,0,0,0,True,0
H3,m84137_260214_004236_s1/41948010/ccs,182,54,6,48,11.11111111111111,88.88888888888889,0,0,2,False,2
H3,m84137_260214_004236_s1/40045955/ccs,189,63,63,0,100.0,0.0,0,0,0,True,0
H3,m84137_260214_004236_s1/89593020/ccs,183,61,61,0,100.0,0.0,0,0,0,True,0
H3,m84137_260214_004236_s1/262148911/ccs,183,61,61,0,100.0,0.0,0,0,0,True,0
H3,m84137_260214_004236_s1/103416184/ccs,183,61,61,0,100.0,0.0,0,0,0,True,0
H3,m84137_260214_004236_s1/134613680/ccs,183,61,61,0,100.0,0.0,0,0,0,True,0
H3,m84137_260214_004236_s1/221839900/ccs,183,61,61,0,100.0,0.0,0,0,0,True,0
H3,m84137_260214_004236_s1/26806695/ccs,183,61,61,0,100.0,0.0,0,0,0,True,0
H3,m84137_260214_004236_s1/113052018/ccs,183,61,61,0,100.0,0.0,0,0,0,True,0
H3,m84137_260214_004236_s1/207424070/ccs,183,61,61,0,100.0,0.0,0,0,0,True,0
H3,m84137_260214_004236_s1/46208187/ccs,183,61,61,0,100.0,0.0,0,0,0,True,0
H3,m84137_260214_004236_s1/190382432/ccs,183,61,61,0,100.0,0.0,0,0,0,True,0
H3,m84137_260214_004236_s1/183632186/ccs,183,61,61,0,100.0,0.0,0,0,0,True,0
H3,m84137_260214_004236_s1/79303064/ccs,183,61,61,0,100.0,0.0,0,0,0,True,0
H3,m84137_260214_004236_s1/50270666/ccs,183,61,61,0,100.0,0.0,0,0,0,True,0
H3,m84137_260214_004236_s1/57148721/ccs,186,62,62,0,100.0,0.0,0,0,0,True,0
H3,m84137_260214_004236_s1/38405478/ccs,186,62,62,0,100.0,0.0,0,0,0,True,0
H3,m84137_260214_004236_s1/138352462/ccs,186,62,62,0,100.0,0.0,0,0,0,True,0
H3,m84137_260214_004236_s1/255071961/ccs,186,62,62,0,100.0,0.0,0,0,0,True,0
H3,m84137_260214_004236_s1/109906901/ccs,186,62,62,0,100.0,0.0,0,0,0,True,0
H3,m84137_260214_004236_s1/132581747/ccs,186,62,62,0,100.0,0.0,0,0,0,True,0
H3,m84137_260214_004236_s1/132253918/ccs,186,62,62,0,100.0,0.0,0,0,0,True,0
H3,m84137_260214_004236_s1/177997942/ccs,186,62,62,0,100.0,0.0,0,0,0,True,0
H3,m84137_260214_004236_s1/64685173/ccs,186,62,62,0,100.0,0.0,0,0,0,True,0
H3,m84137_260214_004236_s1/77728220/ccs,186,62,62,0,100.0,0.0,0,0,0,True,0
H3,m84137_260214_004236_s1/196411719/ccs,186,62,62,0,100.0,0.0,0,0,0,True,0
H3,m84137_260214_004236_s1/19861923/ccs,186,62,62,0,100.0,0.0,0,0,0,True,0
H3,m84137_260214_004236_s1/128388647/ccs,188,60,59,1,98.33333333333333,1.6666666666666667,0,0,2,False,2
H3,m84137_260214_004236_s1/48498471/ccs,189,63,63,0,100.0,0.0,0,0,0,True,0
H3,m84137_260214_004236_s1/100339008/ccs,189,63,63,0,100.0,0.0,0,0,0,True,0
H3,m84137_260214_004236_s1/262538269/ccs,189,63,63,0,100.0,0.0,0,0,0,True,0
H3,m84137_260214_004236_s1/98567840/ccs,189,63,63,0,100.0,0.0,0,0,0,True,0
H3,m84137_260214_004236_s1/29753750/ccs,189,63,63,0,100.0,0.0,0,0,0,True,0
H3,m84137_260214_004236_s1/216142826/ccs,189,63,63,0,100.0,0.0,0,0,0,True,0
H3,m84137_260214_004236_s1/138807831/ccs,189,63,63,0,100.0,0.0,0,0,0,True,0
H3,m84137_260214_004236_s1/204279003/ccs,189,63,63,0,100.0,0.0,0,0,0,True,0
H3,m84137_260214_004236_s1/228396329/ccs,189,63,63,0,100.0,0.0,0,0,0,True,0
H3,m84137_260214_004236_s1/218955966/ccs,189,63,63,0,100.0,0.0,0,0,0,True,0
H3,m84137_260214_004236_s1/51252705/ccs,189,63,63,0,100.0,0.0,0,0,0,True,0
H3,m84137_260214_004236_s1/204669053/ccs,191,61,40,21,65.57377049180327,34.42622950819672,0,0,2,False,2
H3,m84137_260214_004236_s1/135006993/ccs,192,64,64,0,100.0,0.0,0,0,0,True,0
H3,m84137_260214_004236_s1/160501347/ccs,192,64,64,0,100.0,0.0,0,0,0,True,0
H3,m84137_260214_004236_s1/148379041/ccs,192,64,64,0,100.0,0.0,0,0,0,True,0
H3,m84137_260214_004236_s1/134551144/ccs,195,65,65,0,100.0,0.0,0,0,0,True,0
H3,m84137_260214_004236_s1/156304268/ccs,195,65,65,0,100.0,0.0,0,0,0,True,0
H3,m84137_260214_004236_s1/97783617/ccs,195,65,65,0,100.0,0.0,0,0,0,True,0
H3,m84137_260214_004236_s1/126225772/ccs,195,65,65,0,100.0,0.0,0,0,0,True,0
H3,m84137_260214_004236_s1/75434731/ccs,198,63,37,26,58.730158730158735,41.269841269841265,1,1,0,True,0
H3,m84137_260214_004236_s1/107677684/ccs,198,66,66,0,100.0,0.0,0,0,0,True,0
H3,m84137_260214_004236_s1/45811393/ccs,198,66,66,0,100.0,0.0,0,0,0,True,0
H3,m84137_260214_004236_s1/212534559/ccs,198,66,66,0,100.0,0.0,0,0,0,True,0
H3,m84137_260214_004236_s1/167578569/ccs,198,66,66,0,100.0,0.0,0,0,0,True,0
H3,m84137_260214_004236_s1/189335868/ccs,201,67,67,0,100.0,0.0,0,0,0,True,0
H3,m84137_260214_004236_s1/127599668/ccs,201,67,67,0,100.0,0.0,0,0,0,True,0
H3,m84137_260214_004236_s1/24515774/ccs,201,67,67,0,100.0,0.0,0,0,0,True,0
H3,m84137_260214_004236_s1/113183505/ccs,201,67,67,0,100.0,0.0,0,0,0,True,0
H3,m84137_260214_004236_s1/18354966/ccs,206,66,60,6,90.9090909090909,9.090909090909092,0,0,2,False,2
H3,m84137_260214_004236_s1/212861367/ccs,204,68,68,0,100.0,0.0,0,0,0,True,0
H3,m84137_260214_004236_s1/3413356/ccs,207,69,69,0,100.0,0.0,0,0,0,True,0
H3,m84137_260214_004236_s1/97583242/ccs,208,69,67,2,97.10144927536231,2.898550724637681,1,1,1,False,1
H3,m84137_260214_004236_s1/140116111/ccs,209,41,14,27,34.146341463414636,65.85365853658537,2,2,2,False,2
H3,m84137_260214_004236_s1/156762182/ccs,210,70,70,0,100.0,0.0,0,0,0,True,0
H3,m84137_260214_004236_s1/163777077/ccs,210,70,70,0,100.0,0.0,0,0,0,True,0
H3,m84137_260214_004236_s1/59643371/ccs,210,70,70,0,100.0,0.0,0,0,0,True,0
H3,m84137_260214_004236_s1/221386164/ccs,210,70,70,0,100.0,0.0,0,0,0,True,0
H3,m84137_260214_004236_s1/58525692/ccs,213,71,71,0,100.0,0.0,0,0,0,True,0
H3,m84137_260214_004236_s1/106631347/ccs,213,71,71,0,100.0,0.0,0,0,0,True,0
H3,m84137_260214_004236_s1/6296187/ccs,213,71,71,0,100.0,0.0,0,0,0,True,0
H3,m84137_260214_004236_s1/229904154/ccs,213,71,71,0,100.0,0.0,0,0,0,True,0
H3,m84137_260214_004236_s1/240588043/ccs,219,73,73,0,100.0,0.0,0,0,0,True,0
H3,m84137_260214_004236_s1/179177189/ccs,213,71,71,0,100.0,0.0,0,0,0,True,0
H3,m84137_260214_004236_s1/20384177/ccs,219,73,73,0,100.0,0.0,0,0,0,True,0
H3,m84137_260214_004236_s1/116197537/ccs,219,73,73,0,100.0,0.0,0,0,0,True,0
H3,m84137_260214_004236_s1/234557284/ccs,219,73,73,0,100.0,0.0,0,0,0,True,0
H3,m84137_260214_004236_s1/117970048/ccs,219,73,73,0,100.0,0.0,0,0,0,True,0
H3,m84137_260214_004236_s1/251073170/ccs,221,71,42,29,59.154929577464785,40.845070422535215,0,0,2,False,2
H3,m84137_260214_004236_s1/74452739/ccs,222,74,74,0,100.0,0.0,0,0,0,True,0
H3,m84137_260214_004236_s1/133631169/ccs,225,75,75,0,100.0,0.0,0,0,0,True,0
H3,m84137_260214_004236_s1/192677533/ccs,225,75,75,0,100.0,0.0,0,0,0,True,0
H3,m84137_260214_004236_s1/185797610/ccs,225,75,75,0,100.0,0.0,0,0,0,True,0
H3,m84137_260214_004236_s1/105452458/ccs,231,77,77,0,100.0,0.0,0,0,0,True,0
H3,m84137_260214_004236_s1/127599881/ccs,231,77,77,0,100.0,0.0,0,0,0,True,0
H3,m84137_260214_004236_s1/264243223/ccs,234,78,78,0,100.0,0.0,0,0,0,True,0
H3,m84137_260214_004236_s1/6100355/ccs,231,77,77,0,100.0,0.0,0,0,0,True,0
H3,m84137_260214_004236_s1/199823393/ccs,231,77,77,0,100.0,0.0,0,0,0,True,0
H3,m84137_260214_004236_s1/152245665/ccs,231,77,77,0,100.0,0.0,0,0,0,True,0
H3,m84137_260214_004236_s1/37686539/ccs,231,77,77,0,100.0,0.0,0,0,0,True,0
H3,m84137_260214_004236_s1/148964628/ccs,234,78,78,0,100.0,0.0,0,0,0,True,0
H3,m84137_260214_004236_s1/46929418/ccs,234,78,78,0,100.0,0.0,0,0,0,True,0
H3,m84137_260214_004236_s1/54268987/ccs,235,75,51,24,68.0,32.0,0,0,1,False,1
H3,m84137_260214_004236_s1/142019108/ccs,240,80,80,0,100.0,0.0,0,0,0,True,0
H3,m84137_260214_004236_s1/9242481/ccs,240,80,80,0,100.0,0.0,0,0,0,True,0
H3,m84137_260214_004236_s1/188481767/ccs,240,80,80,0,100.0,0.0,0,0,0,True,0
H3,m84137_260214_004236_s1/116261403/ccs,249,83,83,0,100.0,0.0,0,0,0,True,0
H3,m84137_260214_004236_s1/215157149/ccs,249,83,83,0,100.0,0.0,0,0,0,True,0
H3,m84137_260214_004236_s1/201069480/ccs,252,84,84,0,100.0,0.0,0,0,0,True,0
H3,m84137_260214_004236_s1/52301647/ccs,261,87,87,0,100.0,0.0,0,0,0,True,0
H3,m84137_260214_004236_s1/227934557/ccs,273,91,91,0,100.0,0.0,0,0,0,True,0
H3,m84137_260214_004236_s1/189009428/ccs,276,92,92,0,100.0,0.0,0,0,0,True,0
H3,m84137_260214_004236_s1/110560463/ccs,288,96,96,0,100.0,0.0,0,0,0,True,0
H3,m84137_260214_004236_s1/87819391/ccs,300,100,100,0,100.0,0.0,0,0,0,True,0
H3,m84137_260214_004236_s1/65213815/ccs,339,113,113,0,100.0,0.0,0,0,0,True,0
H3,m84137_260214_004236_s1/151062356/ccs,348,116,116,0,100.0,0.0,0,0,0,True,0
H3,m84137_260214_004236_s1/196608667/ccs,378,126,126,0,100.0,0.0,0,0,0,True,0
H3,m84137_260214_004236_s1/256970128/ccs,387,129,129,0,100.0,0.0,0,0,0,True,0
H3,m84137_260214_004236_s1/254804426/ccs,396,132,132,0,100.0,0.0,0,0,0,True,0
H3,m84137_260214_004236_s1/241634792/ccs,456,152,152,0,100.0,0.0,0,0,0,True,0
H3,m84137_260214_004236_s1/192089354/ccs,528,176,176,0,100.0,0.0,0,0,0,True,0
H3,m84137_260214_004236_s1/40372646/ccs,722,226,71,155,31.41592920353982,68.58407079646017,1,1,2,False,2
H3,m84137_260214_004236_s1/83953386/ccs,1029,343,343,0,100.0,0.0,0,0,0,True,0
H3,m84137_260214_004236_s1/65142949/ccs,1688,560,284,276,50.71428571428571,49.28571428571429,0,0,2,False,2
H3,m84137_260214_004236_s1/114360859/ccs,3235,1065,314,751,29.483568075117372,70.51643192488262,0,0,1,False,1
H3,m84137_260214_004236_s1/153878978/ccs,154,40,3,37,7.5,92.5,5,5,1,False,1
H3,m84137_260214_004236_s1/20579296/ccs,171,39,18,21,46.15384615384615,53.84615384615385,6,6,1,False,1
H3,m84137_260214_004236_s1/17175118/ccs,176,48,19,29,39.58333333333333,60.416666666666664,5,5,2,False,2
H3,m84137_260214_004236_s1/104403178/ccs,144,48,48,0,100.0,0.0,0,0,0,True,0
H3,m84137_260214_004236_s1/40963177/ccs,147,49,49,0,100.0,0.0,0,0,0,True,0
H3,m84137_260214_004236_s1/92868675/ccs,147,49,49,0,100.0,0.0,0,0,0,True,0
H3,m84137_260214_004236_s1/239081164/ccs,147,49,49,0,100.0,0.0,0,0,0,True,0
H3,m84137_260214_004236_s1/51448297/ccs,149,49,28,21,57.14285714285714,42.857142857142854,1,1,2,False,2
H3,m84137_260214_004236_s1/29819964/ccs,150,50,50,0,100.0,0.0,0,0,0,True,0
H3,m84137_260214_004236_s1/85721411/ccs,153,51,51,0,100.0,0.0,0,0,0,True,0
H3,m84137_260214_004236_s1/120194744/ccs,156,52,52,0,100.0,0.0,0,0,0,True,0
H3,m84137_260214_004236_s1/250549630/ccs,156,52,52,0,100.0,0.0,0,0,0,True,0
H3,m84137_260214_004236_s1/29362581/ccs,156,52,52,0,100.0,0.0,0,0,0,True,0
H3,m84137_260214_004236_s1/137104882/ccs,156,52,52,0,100.0,0.0,0,0,0,True,0
H3,m84137_260214_004236_s1/96540593/ccs,163,51,34,17,66.66666666666666,33.33333333333333,2,2,1,False,1
H3,m84137_260214_004236_s1/198247231/ccs,159,53,53,0,100.0,0.0,0,0,0,True,0
H3,m84137_260214_004236_s1/119149569/ccs,159,53,53,0,100.0,0.0,0,0,0,True,0
H3,m84137_260214_004236_s1/133370706/ccs,159,53,53,0,100.0,0.0,0,0,0,True,0
H3,m84137_260214_004236_s1/173740034/ccs,159,53,53,0,100.0,0.0,0,0,0,True,0
H3,m84137_260214_004236_s1/246681936/ccs,159,53,53,0,100.0,0.0,0,0,0,True,0
H3,m84137_260214_004236_s1/261161625/ccs,159,53,53,0,100.0,0.0,0,0,0,True,0
H3,m84137_260214_004236_s1/245498727/ccs,159,53,53,0,100.0,0.0,0,0,0,True,0
H3,m84137_260214_004236_s1/168367505/ccs,159,53,53,0,100.0,0.0,0,0,0,True,0
H3,m84137_260214_004236_s1/53872846/ccs,159,53,53,0,100.0,0.0,0,0,0,True,0
H3,m84137_260214_004236_s1/208864378/ccs,159,53,53,0,100.0,0.0,0,0,0,True,0
H3,m84137_260214_004236_s1/104991813/ccs,159,53,53,0,100.0,0.0,0,0,0,True,0
H3,m84137_260214_004236_s1/239666621/ccs,159,53,53,0,100.0,0.0,0,0,0,True,0
H3,m84137_260214_004236_s1/159584607/ccs,160,53,19,34,35.84905660377358,64.15094339622641,1,1,1,False,1
H3,m84137_260214_004236_s1/55248880/ccs,161,52,23,29,44.230769230769226,55.769230769230774,1,1,2,False,2
H3,m84137_260214_004236_s1/208340909/ccs,162,54,54,0,100.0,0.0,0,0,0,True,0
H3,m84137_260214_004236_s1/76742916/ccs,162,54,54,0,100.0,0.0,0,0,0,True,0
H3,m84137_260214_004236_s1/238489142/ccs,162,54,54,0,100.0,0.0,0,0,0,True,0
H3,m84137_260214_004236_s1/11995052/ccs,162,54,54,0,100.0,0.0,0,0,0,True,0
H3,m84137_260214_004236_s1/8063210/ccs,162,54,54,0,100.0,0.0,0,0,0,True,0
H3,m84137_260214_004236_s1/8719306/ccs,162,54,54,0,100.0,0.0,0,0,0,True,0
H3,m84137_260214_004236_s1/50464937/ccs,162,54,54,0,100.0,0.0,0,0,0,True,0
H3,m84137_260214_004236_s1/62324842/ccs,162,54,54,0,100.0,0.0,0,0,0,True,0
H3,m84137_260214_004236_s1/41223703/ccs,162,54,54,0,100.0,0.0,0,0,0,True,0
H3,m84137_260214_004236_s1/59967306/ccs,162,54,54,0,100.0,0.0,0,0,0,True,0
H3,m84137_260214_004236_s1/42795053/ccs,162,54,54,0,100.0,0.0,0,0,0,True,0
H3,m84137_260214_004236_s1/66192284/ccs,162,54,54,0,100.0,0.0,0,0,0,True,0
H3,m84137_260214_004236_s1/66388946/ccs,162,54,54,0,100.0,0.0,0,0,0,True,0
H3,m84137_260214_004236_s1/91949946/ccs,162,54,54,0,100.0,0.0,0,0,0,True,0
H3,m84137_260214_004236_s1/74711094/ccs,162,54,54,0,100.0,0.0,0,0,0,True,0
H3,m84137_260214_004236_s1/123210096/ccs,162,54,54,0,100.0,0.0,0,0,0,True,0
H3,m84137_260214_004236_s1/117770975/ccs,162,54,54,0,100.0,0.0,0,0,0,True,0
H3,m84137_260214_004236_s1/130353464/ccs,162,54,54,0,100.0,0.0,0,0,0,True,0
H3,m84137_260214_004236_s1/105579414/ccs,162,54,54,0,100.0,0.0,0,0,0,True,0
H3,m84137_260214_004236_s1/122553781/ccs,162,54,54,0,100.0,0.0,0,0,0,True,0
H3,m84137_260214_004236_s1/137167264/ccs,162,54,54,0,100.0,0.0,0,0,0,True,0
H3,m84137_260214_004236_s1/163056592/ccs,162,54,54,0,100.0,0.0,0,0,0,True,0
H3,m84137_260214_004236_s1/154863668/ccs,162,54,54,0,100.0,0.0,0,0,0,True,0
H3,m84137_260214_004236_s1/185993209/ccs,162,54,54,0,100.0,0.0,0,0,0,True,0
H3,m84137_260214_004236_s1/176095961/ccs,162,54,54,0,100.0,0.0,0,0,0,True,0
H3,m84137_260214_004236_s1/178717714/ccs,162,54,54,0,100.0,0.0,0,0,0,True,0
H3,m84137_260214_004236_s1/225771740/ccs,162,54,54,0,100.0,0.0,0,0,0,True,0
H3,m84137_260214_004236_s1/205786021/ccs,162,54,54,0,100.0,0.0,0,0,0,True,0
H3,m84137_260214_004236_s1/11015950/ccs,162,54,54,0,100.0,0.0,0,0,0,True,0
H3,m84137_260214_004236_s1/59118415/ccs,162,54,54,0,100.0,0.0,0,0,0,True,0
H3,m84137_260214_004236_s1/110235444/ccs,162,54,54,0,100.0,0.0,0,0,0,True,0
H3,m84137_260214_004236_s1/111415959/ccs,162,54,54,0,100.0,0.0,0,0,0,True,0
H3,m84137_260214_004236_s1/234755659/ccs,162,54,54,0,100.0,0.0,0,0,0,True,0
H3,m84137_260214_004236_s1/216732954/ccs,162,54,54,0,100.0,0.0,0,0,0,True,0
H3,m84137_260214_004236_s1/217911782/ccs,162,54,54,0,100.0,0.0,0,0,0,True,0
H3,m84137_260214_004236_s1/1966770/ccs,162,54,54,0,100.0,0.0,0,0,0,True,0
H3,m84137_260214_004236_s1/131991022/ccs,162,54,54,0,100.0,0.0,0,0,0,True,0
H3,m84137_260214_004236_s1/190058049/ccs,162,54,54,0,100.0,0.0,0,0,0,True,0
H3,m84137_260214_004236_s1/256641536/ccs,162,54,54,0,100.0,0.0,0,0,0,True,0
H3,m84137_260214_004236_s1/209519009/ccs,162,54,54,0,100.0,0.0,0,0,0,True,0
H3,m84137_260214_004236_s1/28706544/ccs,162,54,54,0,100.0,0.0,0,0,0,True,0
H3,m84137_260214_004236_s1/143987338/ccs,162,54,54,0,100.0,0.0,0,0,0,True,0
H3,m84137_260214_004236_s1/6553743/ccs,162,54,54,0,100.0,0.0,0,0,0,True,0
H3,m84137_260214_004236_s1/12323039/ccs,162,54,54,0,100.0,0.0,0,0,0,True,0
H3,m84137_260214_004236_s1/30212574/ccs,162,54,54,0,100.0,0.0,0,0,0,True,0
H3,m84137_260214_004236_s1/33819570/ccs,162,54,54,0,100.0,0.0,0,0,0,True,0
H3,m84137_260214_004236_s1/42731563/ccs,159,53,53,0,100.0,0.0,0,0,0,True,0
H3,m84137_260214_004236_s1/94896979/ccs,162,54,54,0,100.0,0.0,0,0,0,True,0
H3,m84137_260214_004236_s1/125962956/ccs,162,54,54,0,100.0,0.0,0,0,0,True,0
H3,m84137_260214_004236_s1/121439755/ccs,162,54,54,0,100.0,0.0,0,0,0,True,0
H3,m84137_260214_004236_s1/111282642/ccs,162,54,54,0,100.0,0.0,0,0,0,True,0
H3,m84137_260214_004236_s1/190449001/ccs,162,54,54,0,100.0,0.0,0,0,0,True,0
H3,m84137_260214_004236_s1/173673140/ccs,162,54,54,0,100.0,0.0,0,0,0,True,0
H3,m84137_260214_004236_s1/176357485/ccs,162,54,54,0,100.0,0.0,0,0,0,True,0
H3,m84137_260214_004236_s1/184289946/ccs,162,54,54,0,100.0,0.0,0,0,0,True,0
H3,m84137_260214_004236_s1/234357774/ccs,162,54,54,0,100.0,0.0,0,0,0,True,0
H3,m84137_260214_004236_s1/266208409/ccs,162,54,54,0,100.0,0.0,0,0,0,True,0
H3,m84137_260214_004236_s1/4133159/ccs,162,54,54,0,100.0,0.0,0,0,0,True,0
H3,m84137_260214_004236_s1/6098763/ccs,162,54,54,0,100.0,0.0,0,0,0,True,0
H3,m84137_260214_004236_s1/7148043/ccs,162,54,54,0,100.0,0.0,0,0,0,True,0
H3,m84137_260214_004236_s1/35065025/ccs,162,54,54,0,100.0,0.0,0,0,0,True,0
H3,m84137_260214_004236_s1/31199707/ccs,162,54,54,0,100.0,0.0,0,0,0,True,0
H3,m84137_260214_004236_s1/62394459/ccs,162,54,54,0,100.0,0.0,0,0,0,True,0
H3,m84137_260214_004236_s1/46599939/ccs,162,54,54,0,100.0,0.0,0,0,0,True,0
H3,m84137_260214_004236_s1/92409685/ccs,162,54,54,0,100.0,0.0,0,0,0,True,0
H3,m84137_260214_004236_s1/93916423/ccs,162,54,54,0,100.0,0.0,0,0,0,True,0
H3,m84137_260214_004236_s1/118952465/ccs,162,54,54,0,100.0,0.0,0,0,0,True,0
H3,m84137_260214_004236_s1/177147700/ccs,162,54,54,0,100.0,0.0,0,0,0,True,0
H3,m84137_260214_004236_s1/177934104/ccs,162,54,54,0,100.0,0.0,0,0,0,True,0
H3,m84137_260214_004236_s1/203493907/ccs,162,54,54,0,100.0,0.0,0,0,0,True,0
H3,m84137_260214_004236_s1/181737392/ccs,162,54,54,0,100.0,0.0,0,0,0,True,0
H3,m84137_260214_004236_s1/237769739/ccs,162,54,54,0,100.0,0.0,0,0,0,True,0
H3,m84137_260214_004236_s1/243470522/ccs,162,54,54,0,100.0,0.0,0,0,0,True,0
H3,m84137_260214_004236_s1/147719005/ccs,162,54,54,0,100.0,0.0,0,0,0,True,0
H3,m84137_260214_004236_s1/19404247/ccs,162,54,54,0,100.0,0.0,0,0,0,True,0
H3,m84137_260214_004236_s1/266929061/ccs,162,54,54,0,100.0,0.0,0,0,0,True,0
H3,m84137_260214_004236_s1/221189122/ccs,162,54,54,0,100.0,0.0,0,0,0,True,0
H3,m84137_260214_004236_s1/105776674/ccs,162,54,54,0,100.0,0.0,0,0,0,True,0
H3,m84137_260214_004236_s1/135662008/ccs,162,54,54,0,100.0,0.0,0,0,0,True,0
H3,m84137_260214_004236_s1/108598240/ccs,162,54,54,0,100.0,0.0,0,0,0,True,0
H3,m84137_260214_004236_s1/174654245/ccs,162,54,54,0,100.0,0.0,0,0,0,True,0
H3,m84137_260214_004236_s1/35719052/ccs,162,54,54,0,100.0,0.0,0,0,0,True,0
H3,m84137_260214_004236_s1/124721028/ccs,162,54,54,0,100.0,0.0,0,0,0,True,0
H3,m84137_260214_004236_s1/35590920/ccs,162,54,54,0,100.0,0.0,0,0,0,True,0
H3,m84137_260214_004236_s1/137038643/ccs,162,54,54,0,100.0,0.0,0,0,0,True,0
H3,m84137_260214_004236_s1/245303393/ccs,162,54,54,0,100.0,0.0,0,0,0,True,0
H3,m84137_260214_004236_s1/206571163/ccs,163,51,13,38,25.49019607843137,74.50980392156863,0,0,1,False,1
H3,m84137_260214_004236_s1/9241287/ccs,168,54,12,42,22.22222222222222,77.77777777777779,2,2,0,True,0
H3,m84137_260214_004236_s1/39063667/ccs,159,53,53,0,100.0,0.0,0,0,0,True,0
H3,m84137_260214_004236_s1/11605208/ccs,164,54,3,51,5.555555555555555,94.44444444444444,1,1,2,False,2
H3,m84137_260214_004236_s1/101387795/ccs,165,55,55,0,100.0,0.0,0,0,0,True,0
H3,m84137_260214_004236_s1/61014672/ccs,165,55,55,0,100.0,0.0,0,0,0,True,0
H3,m84137_260214_004236_s1/49218146/ccs,165,55,55,0,100.0,0.0,0,0,0,True,0
H3,m84137_260214_004236_s1/182060327/ccs,165,55,55,0,100.0,0.0,0,0,0,True,0
H3,m84137_260214_004236_s1/258739134/ccs,165,55,55,0,100.0,0.0,0,0,0,True,0
H3,m84137_260214_004236_s1/204805146/ccs,165,55,55,0,100.0,0.0,0,0,0,True,0
H3,m84137_260214_004236_s1/34866722/ccs,165,55,55,0,100.0,0.0,0,0,0,True,0
H3,m84137_260214_004236_s1/58525630/ccs,165,55,55,0,100.0,0.0,0,0,0,True,0
H3,m84137_260214_004236_s1/46467991/ccs,165,55,55,0,100.0,0.0,0,0,0,True,0
H3,m84137_260214_004236_s1/46795274/ccs,165,55,55,0,100.0,0.0,0,0,0,True,0
H3,m84137_260214_004236_s1/91621794/ccs,165,55,55,0,100.0,0.0,0,0,0,True,0
H3,m84137_260214_004236_s1/99748696/ccs,165,55,55,0,100.0,0.0,0,0,0,True,0
H3,m84137_260214_004236_s1/240194285/ccs,165,55,55,0,100.0,0.0,0,0,0,True,0
H3,m84137_260214_004236_s1/128974986/ccs,165,55,55,0,100.0,0.0,0,0,0,True,0
H3,m84137_260214_004236_s1/141165303/ccs,165,55,55,0,100.0,0.0,0,0,0,True,0
H3,m84137_260214_004236_s1/161942256/ccs,165,55,55,0,100.0,0.0,0,0,0,True,0
H3,m84137_260214_004236_s1/188219443/ccs,165,55,55,0,100.0,0.0,0,0,0,True,0
H3,m84137_260214_004236_s1/191955118/ccs,165,55,55,0,100.0,0.0,0,0,0,True,0
H3,m84137_260214_004236_s1/197918876/ccs,165,55,55,0,100.0,0.0,0,0,0,True,0
H3,m84137_260214_004236_s1/177408124/ccs,165,55,55,0,100.0,0.0,0,0,0,True,0
H3,m84137_260214_004236_s1/198313326/ccs,165,55,55,0,100.0,0.0,0,0,0,True,0
H3,m84137_260214_004236_s1/207555176/ccs,165,55,55,0,100.0,0.0,0,0,0,True,0
H3,m84137_260214_004236_s1/208669587/ccs,165,55,55,0,100.0,0.0,0,0,0,True,0
H3,m84137_260214_004236_s1/209126825/ccs,165,55,55,0,100.0,0.0,0,0,0,True,0
H3,m84137_260214_004236_s1/230820423/ccs,165,55,55,0,100.0,0.0,0,0,0,True,0
H3,m84137_260214_004236_s1/252577592/ccs,165,55,55,0,100.0,0.0,0,0,0,True,0
H3,m84137_260214_004236_s1/236980126/ccs,165,55,55,0,100.0,0.0,0,0,0,True,0
H3,m84137_260214_004236_s1/239076144/ccs,165,55,55,0,100.0,0.0,0,0,0,True,0
H3,m84137_260214_004236_s1/246220495/ccs,165,55,55,0,100.0,0.0,0,0,0,True,0
H3,m84137_260214_004236_s1/12063961/ccs,165,55,55,0,100.0,0.0,0,0,0,True,0
H3,m84137_260214_004236_s1/53613755/ccs,165,55,55,0,100.0,0.0,0,0,0,True,0
H3,m84137_260214_004236_s1/45946094/ccs,165,55,55,0,100.0,0.0,0,0,0,True,0
H3,m84137_260214_004236_s1/96996872/ccs,165,55,55,0,100.0,0.0,0,0,0,True,0
H3,m84137_260214_004236_s1/111874529/ccs,165,55,55,0,100.0,0.0,0,0,0,True,0
H3,m84137_260214_004236_s1/113383297/ccs,165,55,55,0,100.0,0.0,0,0,0,True,0
H3,m84137_260214_004236_s1/137434470/ccs,165,55,55,0,100.0,0.0,0,0,0,True,0
H3,m84137_260214_004236_s1/226430040/ccs,165,55,55,0,100.0,0.0,0,0,0,True,0
H3,m84137_260214_004236_s1/183112346/ccs,165,55,55,0,100.0,0.0,0,0,0,True,0
H3,m84137_260214_004236_s1/183243612/ccs,165,55,55,0,100.0,0.0,0,0,0,True,0
H3,m84137_260214_004236_s1/228396738/ccs,165,55,55,0,100.0,0.0,0,0,0,True,0
H3,m84137_260214_004236_s1/230887872/ccs,165,55,55,0,100.0,0.0,0,0,0,True,0
H3,m84137_260214_004236_s1/231478789/ccs,165,55,55,0,100.0,0.0,0,0,0,True,0
H3,m84137_260214_004236_s1/244845892/ccs,165,55,55,0,100.0,0.0,0,0,0,True,0
H3,m84137_260214_004236_s1/248190641/ccs,165,55,55,0,100.0,0.0,0,0,0,True,0
H3,m84137_260214_004236_s1/249893694/ccs,165,55,55,0,100.0,0.0,0,0,0,True,0
H3,m84137_260214_004236_s1/74516161/ccs,165,55,55,0,100.0,0.0,0,0,0,True,0
H3,m84137_260214_004236_s1/85395624/ccs,165,55,55,0,100.0,0.0,0,0,0,True,0
H3,m84137_260214_004236_s1/75696202/ccs,165,55,55,0,100.0,0.0,0,0,0,True,0
H3,m84137_260214_004236_s1/179438909/ccs,165,55,55,0,100.0,0.0,0,0,0,True,0
H3,m84137_260214_004236_s1/72748226/ccs,165,55,55,0,100.0,0.0,0,0,0,True,0
H3,m84137_260214_004236_s1/168301844/ccs,165,55,55,0,100.0,0.0,0,0,0,True,0
H3,m84137_260214_004236_s1/207230057/ccs,165,55,55,0,100.0,0.0,0,0,0,True,0
H3,m84137_260214_004236_s1/214110615/ccs,165,55,55,0,100.0,0.0,0,0,0,True,0
H3,m84137_260214_004236_s1/88346624/ccs,165,55,55,0,100.0,0.0,0,0,0,True,0
H3,m84137_260214_004236_s1/137561439/ccs,165,55,55,0,100.0,0.0,0,0,0,True,0
H3,m84137_260214_004236_s1/144774814/ccs,165,55,55,0,100.0,0.0,0,0,0,True,0
H3,m84137_260214_004236_s1/92344121/ccs,165,55,55,0,100.0,0.0,0,0,0,True,0
H3,m84137_260214_004236_s1/134746391/ccs,165,55,55,0,100.0,0.0,0,0,0,True,0
H3,m84137_260214_004236_s1/238229184/ccs,165,55,55,0,100.0,0.0,0,0,0,True,0
H3,m84137_260214_004236_s1/142279923/ccs,164,52,9,43,17.307692307692307,82.6923076923077,0,0,2,False,2
H3,m84137_260214_004236_s1/196806554/ccs,165,55,55,0,100.0,0.0,0,0,0,True,0
H3,m84137_260214_004236_s1/195429818/ccs,165,55,55,0,100.0,0.0,0,0,0,True,0
H3,m84137_260214_004236_s1/21173168/ccs,165,55,55,0,100.0,0.0,0,0,0,True,0
H3,m84137_260214_004236_s1/14816379/ccs,165,55,55,0,100.0,0.0,0,0,0,True,0
H3,m84137_260214_004236_s1/78122151/ccs,165,55,55,0,100.0,0.0,0,0,0,True,0
H3,m84137_260214_004236_s1/18220557/ccs,165,55,55,0,100.0,0.0,0,0,0,True,0
H3,m84137_260214_004236_s1/29230213/ccs,165,55,55,0,100.0,0.0,0,0,0,True,0
H3,m84137_260214_004236_s1/13697340/ccs,165,55,55,0,100.0,0.0,0,0,0,True,0
H3,m84137_260214_004236_s1/8981106/ccs,165,55,55,0,100.0,0.0,0,0,0,True,0
H3,m84137_260214_004236_s1/66718450/ccs,165,55,55,0,100.0,0.0,0,0,0,True,0
H3,m84137_260214_004236_s1/85918283/ccs,165,55,55,0,100.0,0.0,0,0,0,True,0
H3,m84137_260214_004236_s1/78643515/ccs,165,55,55,0,100.0,0.0,0,0,0,True,0
H3,m84137_260214_004236_s1/93652830/ccs,165,55,55,0,100.0,0.0,0,0,0,True,0
H3,m84137_260214_004236_s1/108857600/ccs,165,55,55,0,100.0,0.0,0,0,0,True,0
H3,m84137_260214_004236_s1/115081421/ccs,165,55,55,0,100.0,0.0,0,0,0,True,0
H3,m84137_260214_004236_s1/115869254/ccs,165,55,55,0,100.0,0.0,0,0,0,True,0
H3,m84137_260214_004236_s1/168167950/ccs,165,55,55,0,100.0,0.0,0,0,0,True,0
H3,m84137_260214_004236_s1/218302460/ccs,165,55,55,0,100.0,0.0,0,0,0,True,0
H3,m84137_260214_004236_s1/220398392/ccs,165,55,55,0,100.0,0.0,0,0,0,True,0
H3,m84137_260214_004236_s1/221447608/ccs,165,55,55,0,100.0,0.0,0,0,0,True,0
H3,m84137_260214_004236_s1/264111250/ccs,165,55,55,0,100.0,0.0,0,0,0,True,0
H3,m84137_260214_004236_s1/246285223/ccs,165,55,55,0,100.0,0.0,0,0,0,True,0
H3,m84137_260214_004236_s1/264963614/ccs,165,55,55,0,100.0,0.0,0,0,0,True,0
H3,m84137_260214_004236_s1/24975125/ccs,165,55,55,0,100.0,0.0,0,0,0,True,0
H3,m84137_260214_004236_s1/9245169/ccs,165,55,55,0,100.0,0.0,0,0,0,True,0
H3,m84137_260214_004236_s1/72882047/ccs,165,55,55,0,100.0,0.0,0,0,0,True,0
H3,m84137_260214_004236_s1/76223213/ccs,165,55,55,0,100.0,0.0,0,0,0,True,0
H3,m84137_260214_004236_s1/96604863/ccs,165,55,55,0,100.0,0.0,0,0,0,True,0
H3,m84137_260214_004236_s1/125702498/ccs,165,55,55,0,100.0,0.0,0,0,0,True,0
H3,m84137_260214_004236_s1/126029736/ccs,165,55,55,0,100.0,0.0,0,0,0,True,0
H3,m84137_260214_004236_s1/141955557/ccs,165,55,55,0,100.0,0.0,0,0,0,True,0
H3,m84137_260214_004236_s1/143397354/ccs,165,55,55,0,100.0,0.0,0,0,0,True,0
H3,m84137_260214_004236_s1/143199557/ccs,165,55,55,0,100.0,0.0,0,0,0,True,0
H3,m84137_260214_004236_s1/220665136/ccs,165,55,55,0,100.0,0.0,0,0,0,True,0
H3,m84137_260214_004236_s1/224072303/ccs,165,55,55,0,100.0,0.0,0,0,0,True,0
H3,m84137_260214_004236_s1/224727302/ccs,165,55,55,0,100.0,0.0,0,0,0,True,0
H3,m84137_260214_004236_s1/181932328/ccs,165,55,55,0,100.0,0.0,0,0,0,True,0
H3,m84137_260214_004236_s1/243077455/ccs,165,55,55,0,100.0,0.0,0,0,0,True,0
H3,m84137_260214_004236_s1/99224524/ccs,165,55,55,0,100.0,0.0,0,0,0,True,0
H3,m84137_260214_004236_s1/169739575/ccs,165,55,55,0,100.0,0.0,0,0,0,True,0
H3,m84137_260214_004236_s1/129504081/ccs,165,55,55,0,100.0,0.0,0,0,0,True,0
H3,m84137_260214_004236_s1/201330678/ccs,165,55,55,0,100.0,0.0,0,0,0,True,0
H3,m84137_260214_004236_s1/211422977/ccs,165,55,55,0,100.0,0.0,0,0,0,True,0
H3,m84137_260214_004236_s1/209652480/ccs,165,55,55,0,100.0,0.0,0,0,0,True,0
H3,m84137_260214_004236_s1/253428658/ccs,160,50,6,44,12.0,88.0,1,1,1,False,1
H3,m84137_260214_004236_s1/170919652/ccs,165,55,55,0,100.0,0.0,0,0,0,True,0
H3,m84137_260214_004236_s1/133104628/ccs,165,55,55,0,100.0,0.0,0,0,0,True,0
H3,m84137_260214_004236_s1/66849233/ccs,165,55,55,0,100.0,0.0,0,0,0,True,0
H3,m84137_260214_004236_s1/77793647/ccs,165,55,55,0,100.0,0.0,0,0,0,True,0
H3,m84137_260214_004236_s1/253952346/ccs,165,55,55,0,100.0,0.0,0,0,0,True,0
H3,m84137_260214_004236_s1/178128936/ccs,165,55,55,0,100.0,0.0,0,0,0,True,0
H3,m84137_260214_004236_s1/228331482/ccs,165,55,55,0,100.0,0.0,0,0,0,True,0
H3,m84137_260214_004236_s1/73139697/ccs,166,55,13,42,23.636363636363637,76.36363636363637,1,1,1,False,1
H3,m84137_260214_004236_s1/66127677/ccs,166,52,37,15,71.15384615384616,28.846153846153843,0,0,1,False,1
H3,m84137_260214_004236_s1/33361263/ccs,166,52,44,8,84.61538461538461,15.384615384615385,0,0,1,False,1
H3,m84137_260214_004236_s1/52102251/ccs,166,54,29,25,53.70370370370371,46.2962962962963,1,1,1,False,1
H3,m84137_260214_004236_s1/155520328/ccs,166,55,6,49,10.909090909090908,89.0909090909091,1,1,1,False,1
H3,m84137_260214_004236_s1/267256524/ccs,167,55,17,38,30.909090909090907,69.0909090909091,1,1,2,False,2
H3,m84137_260214_004236_s1/120853670/ccs,167,53,15,38,28.30188679245283,71.69811320754717,0,0,2,False,2
H3,m84137_260214_004236_s1/131928063/ccs,168,56,56,0,100.0,0.0,0,0,0,True,0
H3,m84137_260214_004236_s1/83629820/ccs,168,56,56,0,100.0,0.0,0,0,0,True,0
H3,m84137_260214_004236_s1/70714020/ccs,168,56,56,0,100.0,0.0,0,0,0,True,0
H3,m84137_260214_004236_s1/89129790/ccs,168,56,56,0,100.0,0.0,0,0,0,True,0
H3,m84137_260214_004236_s1/102433371/ccs,168,56,56,0,100.0,0.0,0,0,0,True,0
H3,m84137_260214_004236_s1/109250625/ccs,168,56,56,0,100.0,0.0,0,0,0,True,0
H3,m84137_260214_004236_s1/105579940/ccs,168,56,56,0,100.0,0.0,0,0,0,True,0
H3,m84137_260214_004236_s1/113444533/ccs,168,56,56,0,100.0,0.0,0,0,0,True,0
H3,m84137_260214_004236_s1/151849857/ccs,168,56,56,0,100.0,0.0,0,0,0,True,0
H3,m84137_260214_004236_s1/140575530/ccs,168,56,56,0,100.0,0.0,0,0,0,True,0
H3,m84137_260214_004236_s1/162595348/ccs,168,56,56,0,100.0,0.0,0,0,0,True,0
H3,m84137_260214_004236_s1/222625999/ccs,168,56,56,0,100.0,0.0,0,0,0,True,0
H3,m84137_260214_004236_s1/213778685/ccs,168,56,56,0,100.0,0.0,0,0,0,True,0
H3,m84137_260214_004236_s1/244713401/ccs,168,56,56,0,100.0,0.0,0,0,0,True,0
H3,m84137_260214_004236_s1/3477617/ccs,168,56,56,0,100.0,0.0,0,0,0,True,0
H3,m84137_260214_004236_s1/249365034/ccs,168,56,56,0,100.0,0.0,0,0,0,True,0
H3,m84137_260214_004236_s1/250743647/ccs,168,56,56,0,100.0,0.0,0,0,0,True,0
H3,m84137_260214_004236_s1/11408685/ccs,168,56,56,0,100.0,0.0,0,0,0,True,0
H3,m84137_260214_004236_s1/68294507/ccs,168,56,56,0,100.0,0.0,0,0,0,True,0
H3,m84137_260214_004236_s1/73470875/ccs,168,56,56,0,100.0,0.0,0,0,0,True,0
H3,m84137_260214_004236_s1/125703539/ccs,168,56,56,0,100.0,0.0,0,0,0,True,0
H3,m84137_260214_004236_s1/110236700/ccs,168,56,56,0,100.0,0.0,0,0,0,True,0
H3,m84137_260214_004236_s1/137169964/ccs,168,56,56,0,100.0,0.0,0,0,0,True,0
H3,m84137_260214_004236_s1/144643218/ccs,168,56,56,0,100.0,0.0,0,0,0,True,0
H3,m84137_260214_004236_s1/174789944/ccs,168,56,56,0,100.0,0.0,0,0,0,True,0
H3,m84137_260214_004236_s1/178523241/ccs,168,56,56,0,100.0,0.0,0,0,0,True,0
H3,m84137_260214_004236_s1/220859829/ccs,168,56,56,0,100.0,0.0,0,0,0,True,0
H3,m84137_260214_004236_s1/206114347/ccs,168,56,56,0,100.0,0.0,0,0,0,True,0
H3,m84137_260214_004236_s1/253891911/ccs,168,56,56,0,100.0,0.0,0,0,0,True,0
H3,m84137_260214_004236_s1/215487321/ccs,168,56,56,0,100.0,0.0,0,0,0,True,0
H3,m84137_260214_004236_s1/210763869/ccs,168,56,56,0,100.0,0.0,0,0,0,True,0
H3,m84137_260214_004236_s1/246418003/ccs,168,56,56,0,100.0,0.0,0,0,0,True,0
H3,m84137_260214_004236_s1/152768599/ccs,168,56,56,0,100.0,0.0,0,0,0,True,0
H3,m84137_260214_004236_s1/47321151/ccs,168,56,56,0,100.0,0.0,0,0,0,True,0
H3,m84137_260214_004236_s1/77533705/ccs,168,56,56,0,100.0,0.0,0,0,0,True,0
H3,m84137_260214_004236_s1/265815010/ccs,171,57,57,0,100.0,0.0,0,0,0,True,0
H3,m84137_260214_004236_s1/63444072/ccs,168,56,56,0,100.0,0.0,0,0,0,True,0
H3,m84137_260214_004236_s1/25690722/ccs,168,56,56,0,100.0,0.0,0,0,0,True,0
H3,m84137_260214_004236_s1/57082055/ccs,168,56,56,0,100.0,0.0,0,0,0,True,0
H3,m84137_260214_004236_s1/44173289/ccs,168,56,56,0,100.0,0.0,0,0,0,True,0
H3,m84137_260214_004236_s1/75432748/ccs,168,56,56,0,100.0,0.0,0,0,0,True,0
H3,m84137_260214_004236_s1/197395930/ccs,168,56,56,0,100.0,0.0,0,0,0,True,0
H3,m84137_260214_004236_s1/162928083/ccs,168,56,56,0,100.0,0.0,0,0,0,True,0
H3,m84137_260214_004236_s1/23790099/ccs,168,56,56,0,100.0,0.0,0,0,0,True,0
H3,m84137_260214_004236_s1/24053802/ccs,168,56,56,0,100.0,0.0,0,0,0,True,0
H3,m84137_260214_004236_s1/50397737/ccs,165,55,55,0,100.0,0.0,0,0,0,True,0
H3,m84137_260214_004236_s1/59769514/ccs,168,56,56,0,100.0,0.0,0,0,0,True,0
H3,m84137_260214_004236_s1/44368322/ccs,168,56,56,0,100.0,0.0,0,0,0,True,0
H3,m84137_260214_004236_s1/73662647/ccs,168,56,56,0,100.0,0.0,0,0,0,True,0
H3,m84137_260214_004236_s1/83165595/ccs,168,56,56,0,100.0,0.0,0,0,0,True,0
H3,m84137_260214_004236_s1/202115982/ccs,168,56,56,0,100.0,0.0,0,0,0,True,0
H3,m84137_260214_004236_s1/12521611/ccs,168,39,39,0,100.0,0.0,1,1,1,False,1
H3,m84137_260214_004236_s1/235280173/ccs,168,56,56,0,100.0,0.0,0,0,0,True,0
H3,m84137_260214_004236_s1/151851683/ccs,168,56,56,0,100.0,0.0,0,0,0,True,0
H3,m84137_260214_004236_s1/115150992/ccs,168,56,56,0,100.0,0.0,0,0,0,True,0
H3,m84137_260214_004236_s1/166203175/ccs,168,56,56,0,100.0,0.0,0,0,0,True,0
H3,m84137_260214_004236_s1/237572508/ccs,168,56,56,0,100.0,0.0,0,0,0,True,0
H3,m84137_260214_004236_s1/237769504/ccs,168,56,56,0,100.0,0.0,0,0,0,True,0
H3,m84137_260214_004236_s1/233116119/ccs,168,56,56,0,100.0,0.0,0,0,0,True,0
H3,m84137_260214_004236_s1/234163790/ccs,168,56,56,0,100.0,0.0,0,0,0,True,0
H3,m84137_260214_004236_s1/217519902/ccs,168,56,56,0,100.0,0.0,0,0,0,True,0
H3,m84137_260214_004236_s1/159321981/ccs,168,56,56,0,100.0,0.0,0,0,0,True,0
H3,m84137_260214_004236_s1/166924015/ccs,168,56,56,0,100.0,0.0,0,0,0,True,0
H3,m84137_260214_004236_s1/148900728/ccs,168,56,56,0,100.0,0.0,0,0,0,True,0
H3,m84137_260214_004236_s1/249038310/ccs,168,56,56,0,100.0,0.0,0,0,0,True,0
H3,m84137_260214_004236_s1/253627492/ccs,168,56,56,0,100.0,0.0,0,0,0,True,0
H3,m84137_260214_004236_s1/224002635/ccs,168,56,56,0,100.0,0.0,0,0,0,True,0
H3,m84137_260214_004236_s1/246879617/ccs,168,56,56,0,100.0,0.0,0,0,0,True,0
H3,m84137_260214_004236_s1/14615532/ccs,168,56,56,0,100.0,0.0,0,0,0,True,0
H3,m84137_260214_004236_s1/68616481/ccs,168,56,56,0,100.0,0.0,0,0,0,True,0
H3,m84137_260214_004236_s1/97651186/ccs,168,56,56,0,100.0,0.0,0,0,0,True,0
H3,m84137_260214_004236_s1/190449792/ccs,168,56,56,0,100.0,0.0,0,0,0,True,0
H3,m84137_260214_004236_s1/207095814/ccs,168,56,56,0,100.0,0.0,0,0,0,True,0
H3,m84137_260214_004236_s1/237964250/ccs,168,56,56,0,100.0,0.0,0,0,0,True,0
H3,m84137_260214_004236_s1/105647659/ccs,168,56,56,0,100.0,0.0,0,0,0,True,0
H3,m84137_260214_004236_s1/225121335/ccs,168,56,56,0,100.0,0.0,0,0,0,True,0
H3,m84137_260214_004236_s1/266145484/ccs,168,56,56,0,100.0,0.0,0,0,0,True,0
H3,m84137_260214_004236_s1/22940192/ccs,168,56,56,0,100.0,0.0,0,0,0,True,0
H3,m84137_260214_004236_s1/26871481/ccs,168,56,56,0,100.0,0.0,0,0,0,True,0
H3,m84137_260214_004236_s1/34997219/ccs,168,56,56,0,100.0,0.0,0,0,0,True,0
H3,m84137_260214_004236_s1/33161889/ccs,168,56,56,0,100.0,0.0,0,0,0,True,0
H3,m84137_260214_004236_s1/57805427/ccs,168,56,56,0,100.0,0.0,0,0,0,True,0
H3,m84137_260214_004236_s1/85789095/ccs,168,56,56,0,100.0,0.0,0,0,0,True,0
H3,m84137_260214_004236_s1/109054587/ccs,168,56,56,0,100.0,0.0,0,0,0,True,0
H3,m84137_260214_004236_s1/110364148/ccs,168,56,56,0,100.0,0.0,0,0,0,True,0
H3,m84137_260214_004236_s1/158598698/ccs,168,56,56,0,100.0,0.0,0,0,0,True,0
H3,m84137_260214_004236_s1/154600198/ccs,168,56,56,0,100.0,0.0,0,0,0,True,0
H3,m84137_260214_004236_s1/190186193/ccs,168,56,56,0,100.0,0.0,0,0,0,True,0
H3,m84137_260214_004236_s1/150143533/ccs,168,56,56,0,100.0,0.0,0,0,0,True,0
H3,m84137_260214_004236_s1/209519873/ccs,168,56,56,0,100.0,0.0,0,0,0,True,0
H3,m84137_260214_004236_s1/227476204/ccs,168,56,56,0,100.0,0.0,0,0,0,True,0
H3,m84137_260214_004236_s1/243532218/ccs,168,56,56,0,100.0,0.0,0,0,0,True,0
H3,m84137_260214_004236_s1/5640660/ccs,168,56,56,0,100.0,0.0,0,0,0,True,0
H3,m84137_260214_004236_s1/20255036/ccs,168,56,56,0,100.0,0.0,0,0,0,True,0
H3,m84137_260214_004236_s1/250282078/ccs,168,56,56,0,100.0,0.0,0,0,0,True,0
H3,m84137_260214_004236_s1/21958407/ccs,168,56,56,0,100.0,0.0,0,0,0,True,0
H3,m84137_260214_004236_s1/11078980/ccs,168,56,56,0,100.0,0.0,0,0,0,True,0
H3,m84137_260214_004236_s1/55448456/ccs,168,56,56,0,100.0,0.0,0,0,0,True,0
H3,m84137_260214_004236_s1/90180677/ccs,168,56,56,0,100.0,0.0,0,0,0,True,0
H3,m84137_260214_004236_s1/78777898/ccs,168,56,56,0,100.0,0.0,0,0,0,True,0
H3,m84137_260214_004236_s1/121639165/ccs,168,56,56,0,100.0,0.0,0,0,0,True,0
H3,m84137_260214_004236_s1/159057336/ccs,168,54,54,0,100.0,0.0,1,0,0,True,0
H3,m84137_260214_004236_s1/136319382/ccs,169,56,27,29,48.214285714285715,51.78571428571429,1,1,1,False,1
H3,m84137_260214_004236_s1/65601626/ccs,168,56,56,0,100.0,0.0,0,0,0,True,0
H3,m84137_260214_004236_s1/106890583/ccs,171,57,57,0,100.0,0.0,0,0,0,True,0
H3,m84137_260214_004236_s1/94177653/ccs,169,53,47,6,88.67924528301887,11.320754716981133,0,0,1,False,1
H3,m84137_260214_004236_s1/220201284/ccs,169,56,23,33,41.07142857142857,58.92857142857143,1,1,1,False,1
H3,m84137_260214_004236_s1/72419124/ccs,168,56,56,0,100.0,0.0,0,0,0,True,0
H3,m84137_260214_004236_s1/68751211/ccs,170,56,38,18,67.85714285714286,32.142857142857146,1,1,2,False,2
H3,m84137_260214_004236_s1/218172527/ccs,170,56,37,19,66.07142857142857,33.92857142857143,1,1,2,False,2
H3,m84137_260214_004236_s1/147195519/ccs,171,57,57,0,100.0,0.0,0,0,0,True,0
H3,m84137_260214_004236_s1/217189933/ccs,174,58,58,0,100.0,0.0,0,0,0,True,0
H3,m84137_260214_004236_s1/42468910/ccs,171,57,57,0,100.0,0.0,0,0,0,True,0
H3,m84137_260214_004236_s1/258084312/ccs,171,57,57,0,100.0,0.0,0,0,0,True,0
H3,m84137_260214_004236_s1/202704595/ccs,171,57,57,0,100.0,0.0,0,0,0,True,0
H3,m84137_260214_004236_s1/229771790/ccs,171,57,57,0,100.0,0.0,0,0,0,True,0
H3,m84137_260214_004236_s1/231211394/ccs,171,57,57,0,100.0,0.0,0,0,0,True,0
H3,m84137_260214_004236_s1/216468442/ccs,171,57,57,0,100.0,0.0,0,0,0,True,0
H3,m84137_260214_004236_s1/265226476/ccs,171,57,57,0,100.0,0.0,0,0,0,True,0
H3,m84137_260214_004236_s1/18945360/ccs,171,57,57,0,100.0,0.0,0,0,0,True,0
H3,m84137_260214_004236_s1/5640016/ccs,171,57,57,0,100.0,0.0,0,0,0,True,0
H3,m84137_260214_004236_s1/8394369/ccs,171,57,57,0,100.0,0.0,0,0,0,True,0
H3,m84137_260214_004236_s1/26415487/ccs,171,57,57,0,100.0,0.0,0,0,0,True,0
H3,m84137_260214_004236_s1/27137011/ccs,171,57,57,0,100.0,0.0,0,0,0,True,0
H3,m84137_260214_004236_s1/52761593/ccs,171,57,57,0,100.0,0.0,0,0,0,True,0
H3,m84137_260214_004236_s1/38210713/ccs,171,57,57,0,100.0,0.0,0,0,0,True,0
H3,m84137_260214_004236_s1/109974937/ccs,171,57,57,0,100.0,0.0,0,0,0,True,0
H3,m84137_260214_004236_s1/134876971/ccs,171,57,57,0,100.0,0.0,0,0,0,True,0
H3,m84137_260214_004236_s1/136908233/ccs,171,57,57,0,100.0,0.0,0,0,0,True,0
H3,m84137_260214_004236_s1/173807386/ccs,171,57,57,0,100.0,0.0,0,0,0,True,0
H3,m84137_260214_004236_s1/189862247/ccs,171,57,57,0,100.0,0.0,0,0,0,True,0
H3,m84137_260214_004236_s1/172953526/ccs,171,57,57,0,100.0,0.0,0,0,0,True,0
H3,m84137_260214_004236_s1/203361898/ccs,171,57,57,0,100.0,0.0,0,0,0,True,0
H3,m84137_260214_004236_s1/201134123/ccs,171,57,57,0,100.0,0.0,0,0,0,True,0
H3,m84137_260214_004236_s1/182521595/ccs,171,57,57,0,100.0,0.0,0,0,0,True,0
H3,m84137_260214_004236_s1/254021213/ccs,171,57,57,0,100.0,0.0,0,0,0,True,0
H3,m84137_260214_004236_s1/262017007/ccs,171,57,57,0,100.0,0.0,0,0,0,True,0
H3,m84137_260214_004236_s1/264965451/ccs,171,57,57,0,100.0,0.0,0,0,0,True,0
H3,m84137_260214_004236_s1/111477960/ccs,171,57,57,0,100.0,0.0,0,0,0,True,0
H3,m84137_260214_004236_s1/133169740/ccs,171,57,57,0,100.0,0.0,0,0,0,True,0
H3,m84137_260214_004236_s1/233114266/ccs,171,57,57,0,100.0,0.0,0,0,0,True,0
H3,m84137_260214_004236_s1/252841093/ccs,171,57,57,0,100.0,0.0,0,0,0,True,0
H3,m84137_260214_004236_s1/136251559/ccs,171,57,57,0,100.0,0.0,0,0,0,True,0
H3,m84137_260214_004236_s1/180683035/ccs,171,57,57,0,100.0,0.0,0,0,0,True,0
H3,m84137_260214_004236_s1/116130984/ccs,171,57,57,0,100.0,0.0,0,0,0,True,0
H3,m84137_260214_004236_s1/212469820/ccs,171,57,57,0,100.0,0.0,0,0,0,True,0
H3,m84137_260214_004236_s1/266012388/ccs,171,57,57,0,100.0,0.0,0,0,0,True,0
H3,m84137_260214_004236_s1/51187189/ccs,171,57,57,0,100.0,0.0,0,0,0,True,0
H3,m84137_260214_004236_s1/69799830/ccs,171,57,57,0,100.0,0.0,0,0,0,True,0
H3,m84137_260214_004236_s1/61150492/ccs,171,57,57,0,100.0,0.0,0,0,0,True,0
H3,m84137_260214_004236_s1/11207414/ccs,171,57,57,0,100.0,0.0,0,0,0,True,0
H3,m84137_260214_004236_s1/12255356/ccs,171,57,57,0,100.0,0.0,0,0,0,True,0
H3,m84137_260214_004236_s1/29492721/ccs,171,57,57,0,100.0,0.0,0,0,0,True,0
H3,m84137_260214_004236_s1/21038837/ccs,171,57,57,0,100.0,0.0,0,0,0,True,0
H3,m84137_260214_004236_s1/10946814/ccs,171,57,57,0,100.0,0.0,0,0,0,True,0
H3,m84137_260214_004236_s1/15663643/ccs,171,57,57,0,100.0,0.0,0,0,0,True,0
H3,m84137_260214_004236_s1/16580804/ccs,168,56,56,0,100.0,0.0,0,0,0,True,0
H3,m84137_260214_004236_s1/57999647/ccs,171,57,57,0,100.0,0.0,0,0,0,True,0
H3,m84137_260214_004236_s1/63112922/ccs,171,57,57,0,100.0,0.0,0,0,0,True,0
H3,m84137_260214_004236_s1/84806407/ccs,171,57,57,0,100.0,0.0,0,0,0,True,0
H3,m84137_260214_004236_s1/92800931/ccs,171,57,57,0,100.0,0.0,0,0,0,True,0
H3,m84137_260214_004236_s1/101058713/ccs,171,57,57,0,100.0,0.0,0,0,0,True,0
H3,m84137_260214_004236_s1/88801417/ccs,171,57,57,0,100.0,0.0,0,0,0,True,0
H3,m84137_260214_004236_s1/117834430/ccs,171,57,57,0,100.0,0.0,0,0,0,True,0
H3,m84137_260214_004236_s1/83297377/ccs,171,57,57,0,100.0,0.0,0,0,0,True,0
H3,m84137_260214_004236_s1/107282631/ccs,171,57,57,0,100.0,0.0,0,0,0,True,0
H3,m84137_260214_004236_s1/113771717/ccs,171,57,57,0,100.0,0.0,0,0,0,True,0
H3,m84137_260214_004236_s1/132055458/ccs,171,57,57,0,100.0,0.0,0,0,0,True,0
H3,m84137_260214_004236_s1/167773301/ccs,171,57,57,0,100.0,0.0,0,0,0,True,0
H3,m84137_260214_004236_s1/165349883/ccs,171,57,57,0,100.0,0.0,0,0,0,True,0
H3,m84137_260214_004236_s1/190121133/ccs,171,57,57,0,100.0,0.0,0,0,0,True,0
H3,m84137_260214_004236_s1/169148804/ccs,171,57,57,0,100.0,0.0,0,0,0,True,0
H3,m84137_260214_004236_s1/188744229/ccs,171,57,57,0,100.0,0.0,0,0,0,True,0
H3,m84137_260214_004236_s1/18153680/ccs,171,57,57,0,100.0,0.0,0,0,0,True,0
H3,m84137_260214_004236_s1/48891676/ccs,171,57,57,0,100.0,0.0,0,0,0,True,0
H3,m84137_260214_004236_s1/98765689/ccs,171,57,57,0,100.0,0.0,0,0,0,True,0
H3,m84137_260214_004236_s1/167576450/ccs,171,57,57,0,100.0,0.0,0,0,0,True,0
H3,m84137_260214_004236_s1/208013983/ccs,171,57,57,0,100.0,0.0,0,0,0,True,0
H3,m84137_260214_004236_s1/52826035/ccs,171,57,57,0,100.0,0.0,0,0,0,True,0
H3,m84137_260214_004236_s1/156241188/ccs,171,57,57,0,100.0,0.0,0,0,0,True,0
H3,m84137_260214_004236_s1/194581134/ccs,171,57,57,0,100.0,0.0,0,0,0,True,0
H3,m84137_260214_004236_s1/266275999/ccs,171,57,57,0,100.0,0.0,0,0,0,True,0
H3,m84137_260214_004236_s1/17369550/ccs,171,57,57,0,100.0,0.0,0,0,0,True,0
H3,m84137_260214_004236_s1/36046756/ccs,171,57,57,0,100.0,0.0,0,0,0,True,0
H3,m84137_260214_004236_s1/61407744/ccs,171,57,57,0,100.0,0.0,0,0,0,True,0
H3,m84137_260214_004236_s1/76547133/ccs,171,57,57,0,100.0,0.0,0,0,0,True,0
H3,m84137_260214_004236_s1/102501046/ccs,171,57,57,0,100.0,0.0,0,0,0,True,0
H3,m84137_260214_004236_s1/105121051/ccs,171,57,57,0,100.0,0.0,0,0,0,True,0
H3,m84137_260214_004236_s1/156633846/ccs,171,57,57,0,100.0,0.0,0,0,0,True,0
H3,m84137_260214_004236_s1/117050119/ccs,171,57,57,0,100.0,0.0,0,0,0,True,0
H3,m84137_260214_004236_s1/143526568/ccs,171,57,57,0,100.0,0.0,0,0,0,True,0
H3,m84137_260214_004236_s1/192086737/ccs,171,57,57,0,100.0,0.0,0,0,0,True,0
H3,m84137_260214_004236_s1/193463868/ccs,171,57,57,0,100.0,0.0,0,0,0,True,0
H3,m84137_260214_004236_s1/197853414/ccs,171,57,57,0,100.0,0.0,0,0,0,True,0
H3,m84137_260214_004236_s1/182845793/ccs,171,57,57,0,100.0,0.0,0,0,0,True,0
H3,m84137_260214_004236_s1/226822933/ccs,171,57,57,0,100.0,0.0,0,0,0,True,0
H3,m84137_260214_004236_s1/211289962/ccs,171,57,57,0,100.0,0.0,0,0,0,True,0
H3,m84137_260214_004236_s1/257558759/ccs,171,57,57,0,100.0,0.0,0,0,0,True,0
H3,m84137_260214_004236_s1/248054921/ccs,171,57,57,0,100.0,0.0,0,0,0,True,0
H3,m84137_260214_004236_s1/9440969/ccs,167,53,28,25,52.83018867924528,47.16981132075472,0,0,2,False,2
H3,m84137_260214_004236_s1/212080047/ccs,171,57,57,0,100.0,0.0,0,0,0,True,0
H3,m84137_260214_004236_s1/248186735/ccs,171,57,57,0,100.0,0.0,0,0,0,True,0
H3,m84137_260214_004236_s1/201720604/ccs,171,57,57,0,100.0,0.0,0,0,0,True,0
H3,m84137_260214_004236_s1/92015823/ccs,171,57,57,0,100.0,0.0,0,0,0,True,0
H3,m84137_260214_004236_s1/79564869/ccs,171,57,57,0,100.0,0.0,0,0,0,True,0
H3,m84137_260214_004236_s1/127012267/ccs,171,57,57,0,100.0,0.0,0,0,0,True,0
H3,m84137_260214_004236_s1/154538284/ccs,171,57,57,0,100.0,0.0,0,0,0,True,0
H3,m84137_260214_004236_s1/160044701/ccs,171,57,57,0,100.0,0.0,0,0,0,True,0
H3,m84137_260214_004236_s1/146280939/ccs,171,57,57,0,100.0,0.0,0,0,0,True,0
H3,m84137_260214_004236_s1/177344114/ccs,171,57,57,0,100.0,0.0,0,0,0,True,0
H3,m84137_260214_004236_s1/255792082/ccs,171,57,57,0,100.0,0.0,0,0,0,True,0
H3,m84137_260214_004236_s1/259987287/ccs,171,57,57,0,100.0,0.0,0,0,0,True,0
H3,m84137_260214_004236_s1/242946763/ccs,168,56,56,0,100.0,0.0,0,0,0,True,0
H3,m84137_260214_004236_s1/30475403/ccs,171,57,57,0,100.0,0.0,0,0,0,True,0
H3,m84137_260214_004236_s1/254546574/ccs,171,57,57,0,100.0,0.0,0,0,0,True,0
H3,m84137_260214_004236_s1/114361671/ccs,171,57,57,0,100.0,0.0,0,0,0,True,0
H3,m84137_260214_004236_s1/60428197/ccs,171,57,57,0,100.0,0.0,0,0,0,True,0
H3,m84137_260214_004236_s1/234230203/ccs,172,54,14,40,25.925925925925924,74.07407407407408,0,0,1,False,1
H3,m84137_260214_004236_s1/266145193/ccs,172,54,40,14,74.07407407407408,25.925925925925924,0,0,1,False,1
H3,m84137_260214_004236_s1/103946042/ccs,172,57,25,32,43.859649122807014,56.14035087719298,1,1,1,False,1
H3,m84137_260214_004236_s1/61079987/ccs,174,58,58,0,100.0,0.0,0,0,0,True,0
H3,m84137_260214_004236_s1/239472432/ccs,175,58,55,3,94.82758620689656,5.172413793103448,1,1,1,False,1
H3,m84137_260214_004236_s1/241566692/ccs,173,55,6,49,10.909090909090908,89.0909090909091,0,0,2,False,2
H3,m84137_260214_004236_s1/126421802/ccs,173,51,20,31,39.21568627450981,60.78431372549019,0,0,2,False,2
H3,m84137_260214_004236_s1/5244971/ccs,174,58,58,0,100.0,0.0,0,0,0,True,0
H3,m84137_260214_004236_s1/217909657/ccs,174,58,58,0,100.0,0.0,0,0,0,True,0
H3,m84137_260214_004236_s1/148112388/ccs,174,58,58,0,100.0,0.0,0,0,0,True,0
H3,m84137_260214_004236_s1/262805243/ccs,174,52,37,15,71.15384615384616,28.846153846153843,0,0,0,True,0
H3,m84137_260214_004236_s1/265356549/ccs,174,58,58,0,100.0,0.0,0,0,0,True,0
H3,m84137_260214_004236_s1/27333164/ccs,174,58,58,0,100.0,0.0,0,0,0,True,0
H3,m84137_260214_004236_s1/153161290/ccs,174,58,58,0,100.0,0.0,0,0,0,True,0
H3,m84137_260214_004236_s1/191370619/ccs,174,58,58,0,100.0,0.0,0,0,0,True,0
H3,m84137_260214_004236_s1/23003217/ccs,174,58,58,0,100.0,0.0,0,0,0,True,0
H3,m84137_260214_004236_s1/56754633/ccs,174,58,58,0,100.0,0.0,0,0,0,True,0
H3,m84137_260214_004236_s1/51119737/ccs,174,58,58,0,100.0,0.0,0,0,0,True,0
H3,m84137_260214_004236_s1/35914803/ccs,174,58,58,0,100.0,0.0,0,0,0,True,0
H3,m84137_260214_004236_s1/43516991/ccs,174,58,58,0,100.0,0.0,0,0,0,True,0
H3,m84137_260214_004236_s1/93586587/ccs,174,58,58,0,100.0,0.0,0,0,0,True,0
H3,m84137_260214_004236_s1/82708444/ccs,174,58,58,0,100.0,0.0,0,0,0,True,0
H3,m84137_260214_004236_s1/136119960/ccs,174,58,58,0,100.0,0.0,0,0,0,True,0
H3,m84137_260214_004236_s1/136841824/ccs,174,58,58,0,100.0,0.0,0,0,0,True,0
H3,m84137_260214_004236_s1/141494721/ccs,171,57,57,0,100.0,0.0,0,0,0,True,0
H3,m84137_260214_004236_s1/150339922/ccs,174,58,58,0,100.0,0.0,0,0,0,True,0
H3,m84137_260214_004236_s1/179505506/ccs,174,58,58,0,100.0,0.0,0,0,0,True,0
H3,m84137_260214_004236_s1/207291044/ccs,174,58,58,0,100.0,0.0,0,0,0,True,0
H3,m84137_260214_004236_s1/221447583/ccs,174,58,58,0,100.0,0.0,0,0,0,True,0
H3,m84137_260214_004236_s1/183961510/ccs,174,58,58,0,100.0,0.0,0,0,0,True,0
H3,m84137_260214_004236_s1/226559511/ccs,174,58,58,0,100.0,0.0,0,0,0,True,0
H3,m84137_260214_004236_s1/211879388/ccs,174,58,58,0,100.0,0.0,0,0,0,True,0
H3,m84137_260214_004236_s1/244843036/ccs,174,58,58,0,100.0,0.0,0,0,0,True,0
H3,m84137_260214_004236_s1/23203838/ccs,174,58,58,0,100.0,0.0,0,0,0,True,0
H3,m84137_260214_004236_s1/11408841/ccs,174,58,58,0,100.0,0.0,0,0,0,True,0
H3,m84137_260214_004236_s1/68162403/ccs,174,58,58,0,100.0,0.0,0,0,0,True,0
H3,m84137_260214_004236_s1/191760254/ccs,174,58,58,0,100.0,0.0,0,0,0,True,0
H3,m84137_260214_004236_s1/62263779/ccs,174,58,58,0,100.0,0.0,0,0,0,True,0
H3,m84137_260214_004236_s1/245170319/ccs,173,55,37,18,67.27272727272727,32.72727272727273,0,0,2,False,2
H3,m84137_260214_004236_s1/223545251/ccs,174,58,58,0,100.0,0.0,0,0,0,True,0
H3,m84137_260214_004236_s1/224526641/ccs,174,58,58,0,100.0,0.0,0,0,0,True,0
H3,m84137_260214_004236_s1/43715746/ccs,174,58,58,0,100.0,0.0,0,0,0,True,0
H3,m84137_260214_004236_s1/127013402/ccs,174,58,58,0,100.0,0.0,0,0,0,True,0
H3,m84137_260214_004236_s1/135597423/ccs,174,58,58,0,100.0,0.0,0,0,0,True,0
H3,m84137_260214_004236_s1/187569014/ccs,174,58,58,0,100.0,0.0,0,0,0,True,0
H3,m84137_260214_004236_s1/149164876/ccs,174,58,58,0,100.0,0.0,0,0,0,True,0
H3,m84137_260214_004236_s1/220007594/ccs,174,58,58,0,100.0,0.0,0,0,0,True,0
H3,m84137_260214_004236_s1/235017925/ccs,174,58,58,0,100.0,0.0,0,0,0,True,0
H3,m84137_260214_004236_s1/213586409/ccs,174,58,58,0,100.0,0.0,0,0,0,True,0
H3,m84137_260214_004236_s1/248778855/ccs,174,58,58,0,100.0,0.0,0,0,0,True,0
H3,m84137_260214_004236_s1/34669779/ccs,174,58,58,0,100.0,0.0,0,0,0,True,0
H3,m84137_260214_004236_s1/161810441/ccs,174,58,58,0,100.0,0.0,0,0,0,True,0
H3,m84137_260214_004236_s1/18420049/ccs,174,58,58,0,100.0,0.0,0,0,0,True,0
H3,m84137_260214_004236_s1/21039579/ccs,174,58,58,0,100.0,0.0,0,0,0,True,0
H3,m84137_260214_004236_s1/23332266/ccs,174,58,58,0,100.0,0.0,0,0,0,True,0
H3,m84137_260214_004236_s1/15532833/ccs,174,58,58,0,100.0,0.0,0,0,0,True,0
H3,m84137_260214_004236_s1/126422099/ccs,174,58,58,0,100.0,0.0,0,0,0,True,0
H3,m84137_260214_004236_s1/16714278/ccs,174,58,58,0,100.0,0.0,0,0,0,True,0
H3,m84137_260214_004236_s1/18284717/ccs,174,58,58,0,100.0,0.0,0,0,0,True,0
H3,m84137_260214_004236_s1/19401281/ccs,174,58,58,0,100.0,0.0,0,0,0,True,0
H3,m84137_260214_004236_s1/27002620/ccs,174,58,58,0,100.0,0.0,0,0,0,True,0
H3,m84137_260214_004236_s1/120653770/ccs,174,58,58,0,100.0,0.0,0,0,0,True,0
H3,m84137_260214_004236_s1/131794520/ccs,174,58,58,0,100.0,0.0,0,0,0,True,0
H3,m84137_260214_004236_s1/155059399/ccs,174,58,58,0,100.0,0.0,0,0,0,True,0
H3,m84137_260214_004236_s1/143460761/ccs,174,58,58,0,100.0,0.0,0,0,0,True,0
H3,m84137_260214_004236_s1/173867794/ccs,174,58,58,0,100.0,0.0,0,0,0,True,0
H3,m84137_260214_004236_s1/191104917/ccs,174,58,58,0,100.0,0.0,0,0,0,True,0
H3,m84137_260214_004236_s1/180815569/ccs,174,58,58,0,100.0,0.0,0,0,0,True,0
H3,m84137_260214_004236_s1/234031421/ccs,174,58,58,0,100.0,0.0,0,0,0,True,0
H3,m84137_260214_004236_s1/22156239/ccs,174,58,58,0,100.0,0.0,0,0,0,True,0
H3,m84137_260214_004236_s1/32641855/ccs,174,58,58,0,100.0,0.0,0,0,0,True,0
H3,m84137_260214_004236_s1/40572110/ccs,174,58,58,0,100.0,0.0,0,0,0,True,0
H3,m84137_260214_004236_s1/68685388/ccs,174,58,58,0,100.0,0.0,0,0,0,True,0
H3,m84137_260214_004236_s1/65080804/ccs,174,58,58,0,100.0,0.0,0,0,0,True,0
H3,m84137_260214_004236_s1/96604004/ccs,174,58,58,0,100.0,0.0,0,0,0,True,0
H3,m84137_260214_004236_s1/102108762/ccs,174,58,58,0,100.0,0.0,0,0,0,True,0
H3,m84137_260214_004236_s1/108926550/ccs,174,58,58,0,100.0,0.0,0,0,0,True,0
H3,m84137_260214_004236_s1/159651749/ccs,174,58,58,0,100.0,0.0,0,0,0,True,0
H3,m84137_260214_004236_s1/55968683/ccs,174,58,58,0,100.0,0.0,0,0,0,True,0
H3,m84137_260214_004236_s1/22480023/ccs,174,58,58,0,100.0,0.0,0,0,0,True,0
H3,m84137_260214_004236_s1/117376175/ccs,174,58,58,0,100.0,0.0,0,0,0,True,0
H3,m84137_260214_004236_s1/249105181/ccs,174,58,58,0,100.0,0.0,0,0,0,True,0
H3,m84137_260214_004236_s1/11472381/ccs,174,58,58,0,100.0,0.0,0,0,0,True,0
H3,m84137_260214_004236_s1/12522489/ccs,174,58,58,0,100.0,0.0,0,0,0,True,0
H3,m84137_260214_004236_s1/134222316/ccs,174,58,58,0,100.0,0.0,0,0,0,True,0
H3,m84137_260214_004236_s1/154998618/ccs,174,58,58,0,100.0,0.0,0,0,0,True,0
H3,m84137_260214_004236_s1/44501009/ccs,174,58,58,0,100.0,0.0,0,0,0,True,0
H3,m84137_260214_004236_s1/62591823/ccs,174,58,58,0,100.0,0.0,0,0,0,True,0
H3,m84137_260214_004236_s1/14815624/ccs,174,58,58,0,100.0,0.0,0,0,0,True,0
H3,m84137_260214_004236_s1/51249233/ccs,174,58,58,0,100.0,0.0,0,0,0,True,0
H3,m84137_260214_004236_s1/14812041/ccs,175,55,50,5,90.9090909090909,9.090909090909092,0,0,1,False,1
H3,m84137_260214_004236_s1/72878342/ccs,175,55,23,32,41.81818181818181,58.18181818181818,0,0,1,False,1
H3,m84137_260214_004236_s1/38274281/ccs,174,58,58,0,100.0,0.0,0,0,0,True,0
H3,m84137_260214_004236_s1/21433032/ccs,176,58,27,31,46.55172413793103,53.44827586206896,1,1,2,False,2
H3,m84137_260214_004236_s1/251071208/ccs,176,55,31,24,56.36363636363636,43.63636363636363,0,0,2,False,2
H3,m84137_260214_004236_s1/188025622/ccs,177,59,59,0,100.0,0.0,0,0,0,True,0
H3,m84137_260214_004236_s1/224726416/ccs,176,56,21,35,37.5,62.5,0,0,2,False,2
H3,m84137_260214_004236_s1/146148112/ccs,175,54,5,49,9.25925925925926,90.74074074074075,2,2,1,False,1
H3,m84137_260214_004236_s1/23333273/ccs,177,59,59,0,100.0,0.0,0,0,0,True,0
H3,m84137_260214_004236_s1/162662894/ccs,177,59,59,0,100.0,0.0,0,0,0,True,0
H3,m84137_260214_004236_s1/143330363/ccs,177,59,59,0,100.0,0.0,0,0,0,True,0
H3,m84137_260214_004236_s1/217058809/ccs,177,59,59,0,100.0,0.0,0,0,0,True,0
H3,m84137_260214_004236_s1/19267672/ccs,177,59,59,0,100.0,0.0,0,0,0,True,0
H3,m84137_260214_004236_s1/38082304/ccs,177,59,59,0,100.0,0.0,0,0,0,True,0
H3,m84137_260214_004236_s1/26084431/ccs,177,59,59,0,100.0,0.0,0,0,0,True,0
H3,m84137_260214_004236_s1/5310681/ccs,177,59,59,0,100.0,0.0,0,0,0,True,0
H3,m84137_260214_004236_s1/36113131/ccs,177,59,59,0,100.0,0.0,0,0,0,True,0
H3,m84137_260214_004236_s1/96733747/ccs,177,59,59,0,100.0,0.0,0,0,0,True,0
H3,m84137_260214_004236_s1/135858962/ccs,177,59,59,0,100.0,0.0,0,0,0,True,0
H3,m84137_260214_004236_s1/159449331/ccs,177,59,59,0,100.0,0.0,0,0,0,True,0
H3,m84137_260214_004236_s1/144771502/ccs,177,59,59,0,100.0,0.0,0,0,0,True,0
H3,m84137_260214_004236_s1/148964733/ccs,177,59,59,0,100.0,0.0,0,0,0,True,0
H3,m84137_260214_004236_s1/193200245/ccs,177,59,59,0,100.0,0.0,0,0,0,True,0
H3,m84137_260214_004236_s1/242876585/ccs,177,59,59,0,100.0,0.0,0,0,0,True,0
H3,m84137_260214_004236_s1/75829409/ccs,177,59,59,0,100.0,0.0,0,0,0,True,0
H3,m84137_260214_004236_s1/154998178/ccs,177,59,59,0,100.0,0.0,0,0,0,True,0
H3,m84137_260214_004236_s1/216798585/ccs,177,59,59,0,100.0,0.0,0,0,0,True,0
H3,m84137_260214_004236_s1/14484610/ccs,177,59,59,0,100.0,0.0,0,0,0,True,0
H3,m84137_260214_004236_s1/63178883/ccs,177,59,59,0,100.0,0.0,0,0,0,True,0
H3,m84137_260214_004236_s1/37098965/ccs,177,59,59,0,100.0,0.0,0,0,0,True,0
H3,m84137_260214_004236_s1/180555793/ccs,177,59,59,0,100.0,0.0,0,0,0,True,0
H3,m84137_260214_004236_s1/227673029/ccs,177,59,59,0,100.0,0.0,0,0,0,True,0
H3,m84137_260214_004236_s1/8849429/ccs,177,59,59,0,100.0,0.0,0,0,0,True,0
H3,m84137_260214_004236_s1/63635995/ccs,177,59,59,0,100.0,0.0,0,0,0,True,0
H3,m84137_260214_004236_s1/165611382/ccs,177,59,59,0,100.0,0.0,0,0,0,True,0
H3,m84137_260214_004236_s1/219222855/ccs,177,59,59,0,100.0,0.0,0,0,0,True,0
H3,m84137_260214_004236_s1/265622255/ccs,177,59,59,0,100.0,0.0,0,0,0,True,0
H3,m84137_260214_004236_s1/61473830/ccs,177,59,59,0,100.0,0.0,0,0,0,True,0
H3,m84137_260214_004236_s1/84675419/ccs,177,59,59,0,100.0,0.0,0,0,0,True,0
H3,m84137_260214_004236_s1/119931687/ccs,177,59,59,0,100.0,0.0,0,0,0,True,0
H3,m84137_260214_004236_s1/162663312/ccs,177,59,59,0,100.0,0.0,0,0,0,True,0
H3,m84137_260214_004236_s1/163774657/ccs,177,59,59,0,100.0,0.0,0,0,0,True,0
H3,m84137_260214_004236_s1/147325189/ccs,177,59,59,0,100.0,0.0,0,0,0,True,0
H3,m84137_260214_004236_s1/182125434/ccs,177,59,59,0,100.0,0.0,0,0,0,True,0
H3,m84137_260214_004236_s1/225576074/ccs,177,59,59,0,100.0,0.0,0,0,0,True,0
H3,m84137_260214_004236_s1/229900829/ccs,177,59,59,0,100.0,0.0,0,0,0,True,0
H3,m84137_260214_004236_s1/258408881/ccs,177,59,59,0,100.0,0.0,0,0,0,True,0
H3,m84137_260214_004236_s1/262932357/ccs,177,59,59,0,100.0,0.0,0,0,0,True,0
H3,m84137_260214_004236_s1/127538234/ccs,177,59,59,0,100.0,0.0,0,0,0,True,0
H3,m84137_260214_004236_s1/186322344/ccs,177,59,59,0,100.0,0.0,0,0,0,True,0
H3,m84137_260214_004236_s1/226104804/ccs,177,59,59,0,100.0,0.0,0,0,0,True,0
H3,m84137_260214_004236_s1/246615175/ccs,177,59,59,0,100.0,0.0,0,0,0,True,0
H3,m84137_260214_004236_s1/17569222/ccs,177,59,59,0,100.0,0.0,0,0,0,True,0
H3,m84137_260214_004236_s1/15142507/ccs,177,59,59,0,100.0,0.0,0,0,0,True,0
H3,m84137_260214_004236_s1/98441074/ccs,177,59,59,0,100.0,0.0,0,0,0,True,0
H3,m84137_260214_004236_s1/228395109/ccs,177,59,59,0,100.0,0.0,0,0,0,True,0
H3,m84137_260214_004236_s1/216732432/ccs,174,58,58,0,100.0,0.0,0,0,0,True,0
H3,m84137_260214_004236_s1/35525426/ccs,177,59,59,0,100.0,0.0,0,0,0,True,0
H3,m84137_260214_004236_s1/94636808/ccs,179,59,57,2,96.61016949152543,3.389830508474576,1,1,2,False,2
H3,m84137_260214_004236_s1/75435054/ccs,178,56,45,11,80.35714285714286,19.642857142857142,0,0,1,False,1
H3,m84137_260214_004236_s1/199431951/ccs,180,60,60,0,100.0,0.0,0,0,0,True,0
H3,m84137_260214_004236_s1/190910477/ccs,180,60,60,0,100.0,0.0,0,0,0,True,0
H3,m84137_260214_004236_s1/222757056/ccs,180,60,60,0,100.0,0.0,0,0,0,True,0
H3,m84137_260214_004236_s1/27198040/ccs,180,60,60,0,100.0,0.0,0,0,0,True,0
H3,m84137_260214_004236_s1/56164717/ccs,180,60,60,0,100.0,0.0,0,0,0,True,0
H3,m84137_260214_004236_s1/56033736/ccs,180,60,60,0,100.0,0.0,0,0,0,True,0
H3,m84137_260214_004236_s1/77465094/ccs,180,60,60,0,100.0,0.0,0,0,0,True,0
H3,m84137_260214_004236_s1/168363375/ccs,180,60,60,0,100.0,0.0,0,0,0,True,0
H3,m84137_260214_004236_s1/216533655/ccs,180,60,60,0,100.0,0.0,0,0,0,True,0
H3,m84137_260214_004236_s1/246416036/ccs,180,60,60,0,100.0,0.0,0,0,0,True,0
H3,m84137_260214_004236_s1/4067169/ccs,180,60,60,0,100.0,0.0,0,0,0,True,0
H3,m84137_260214_004236_s1/4853442/ccs,180,60,60,0,100.0,0.0,0,0,0,True,0
H3,m84137_260214_004236_s1/35655286/ccs,180,60,60,0,100.0,0.0,0,0,0,True,0
H3,m84137_260214_004236_s1/56234377/ccs,180,60,60,0,100.0,0.0,0,0,0,True,0
H3,m84137_260214_004236_s1/198251173/ccs,180,60,60,0,100.0,0.0,0,0,0,True,0
H3,m84137_260214_004236_s1/243340342/ccs,180,60,60,0,100.0,0.0,0,0,0,True,0
H3,m84137_260214_004236_s1/231342264/ccs,180,60,60,0,100.0,0.0,0,0,0,True,0
H3,m84137_260214_004236_s1/17371646/ccs,180,60,60,0,100.0,0.0,0,0,0,True,0
H3,m84137_260214_004236_s1/40637391/ccs,180,60,60,0,100.0,0.0,0,0,0,True,0
H3,m84137_260214_004236_s1/139464282/ccs,180,60,60,0,100.0,0.0,0,0,0,True,0
H3,m84137_260214_004236_s1/149164497/ccs,180,60,60,0,100.0,0.0,0,0,0,True,0
H3,m84137_260214_004236_s1/178458052/ccs,180,60,60,0,100.0,0.0,0,0,0,True,0
H3,m84137_260214_004236_s1/208344686/ccs,180,60,60,0,100.0,0.0,0,0,0,True,0
H3,m84137_260214_004236_s1/260445404/ccs,180,60,60,0,100.0,0.0,0,0,0,True,0
H3,m84137_260214_004236_s1/249041579/ccs,180,60,60,0,100.0,0.0,0,0,0,True,0
H3,m84137_260214_004236_s1/215942388/ccs,180,60,60,0,100.0,0.0,0,0,0,True,0
H3,m84137_260214_004236_s1/7410649/ccs,180,60,60,0,100.0,0.0,0,0,0,True,0
H3,m84137_260214_004236_s1/24446870/ccs,180,60,60,0,100.0,0.0,0,0,0,True,0
H3,m84137_260214_004236_s1/205390081/ccs,180,60,60,0,100.0,0.0,0,0,0,True,0
H3,m84137_260214_004236_s1/29166205/ccs,180,60,60,0,100.0,0.0,0,0,0,True,0
H3,m84137_260214_004236_s1/25692468/ccs,180,60,60,0,100.0,0.0,0,0,0,True,0
H3,m84137_260214_004236_s1/56033958/ccs,180,60,60,0,100.0,0.0,0,0,0,True,0
H3,m84137_260214_004236_s1/151127178/ccs,180,60,60,0,100.0,0.0,0,0,0,True,0
H3,m84137_260214_004236_s1/138216948/ccs,180,59,21,38,35.59322033898305,64.40677966101694,2,2,0,True,0
H3,m84137_260214_004236_s1/219415971/ccs,180,60,60,0,100.0,0.0,0,0,0,True,0
H3,m84137_260214_004236_s1/198968169/ccs,180,60,60,0,100.0,0.0,0,0,0,True,0
H3,m84137_260214_004236_s1/78252938/ccs,181,57,21,36,36.84210526315789,63.1578947368421,0,0,1,False,1
H3,m84137_260214_004236_s1/231016930/ccs,181,60,39,21,65.0,35.0,1,1,1,False,1
H3,m84137_260214_004236_s1/57215776/ccs,182,60,39,21,65.0,35.0,1,1,2,False,2
H3,m84137_260214_004236_s1/243532547/ccs,182,60,22,38,36.666666666666664,63.33333333333333,2,2,2,False,2
H3,m84137_260214_004236_s1/102957688/ccs,183,61,61,0,100.0,0.0,0,0,0,True,0
H3,m84137_260214_004236_s1/95491734/ccs,183,61,61,0,100.0,0.0,0,0,0,True,0
H3,m84137_260214_004236_s1/27265232/ccs,183,61,61,0,100.0,0.0,0,0,0,True,0
H3,m84137_260214_004236_s1/85789388/ccs,183,61,61,0,100.0,0.0,0,0,0,True,0
H3,m84137_260214_004236_s1/116458633/ccs,183,61,61,0,100.0,0.0,0,0,0,True,0
H3,m84137_260214_004236_s1/255396252/ccs,183,61,61,0,100.0,0.0,0,0,0,True,0
H3,m84137_260214_004236_s1/4591426/ccs,183,61,61,0,100.0,0.0,0,0,0,True,0
H3,m84137_260214_004236_s1/87626359/ccs,183,61,61,0,100.0,0.0,0,0,0,True,0
H3,m84137_260214_004236_s1/7343619/ccs,183,61,61,0,100.0,0.0,0,0,0,True,0
H3,m84137_260214_004236_s1/259329274/ccs,183,61,61,0,100.0,0.0,0,0,0,True,0
H3,m84137_260214_004236_s1/121049240/ccs,183,61,61,0,100.0,0.0,0,0,0,True,0
H3,m84137_260214_004236_s1/19204086/ccs,183,61,61,0,100.0,0.0,0,0,0,True,0
H3,m84137_260214_004236_s1/15925676/ccs,183,61,61,0,100.0,0.0,0,0,0,True,0
H3,m84137_260214_004236_s1/64226028/ccs,183,61,61,0,100.0,0.0,0,0,0,True,0
H3,m84137_260214_004236_s1/75040885/ccs,183,61,61,0,100.0,0.0,0,0,0,True,0
H3,m84137_260214_004236_s1/77267283/ccs,183,61,61,0,100.0,0.0,0,0,0,True,0
H3,m84137_260214_004236_s1/140378669/ccs,183,61,61,0,100.0,0.0,0,0,0,True,0
H3,m84137_260214_004236_s1/137691290/ccs,183,61,61,0,100.0,0.0,0,0,0,True,0
H3,m84137_260214_004236_s1/26744344/ccs,183,61,61,0,100.0,0.0,0,0,0,True,0
H3,m84137_260214_004236_s1/130814429/ccs,183,61,61,0,100.0,0.0,0,0,0,True,0
H3,m84137_260214_004236_s1/220141349/ccs,183,61,61,0,100.0,0.0,0,0,0,True,0
H3,m84137_260214_004236_s1/248711085/ccs,183,61,61,0,100.0,0.0,0,0,0,True,0
H3,m84137_260214_004236_s1/231216011/ccs,183,61,61,0,100.0,0.0,0,0,0,True,0
H3,m84137_260214_004236_s1/104858596/ccs,183,61,61,0,100.0,0.0,0,0,0,True,0
H3,m84137_260214_004236_s1/241830857/ccs,183,61,61,0,100.0,0.0,0,0,0,True,0
H3,m84137_260214_004236_s1/245238028/ccs,183,61,61,0,100.0,0.0,0,0,0,True,0
H3,m84137_260214_004236_s1/31920446/ccs,186,62,62,0,100.0,0.0,0,0,0,True,0
H3,m84137_260214_004236_s1/100734285/ccs,186,62,62,0,100.0,0.0,0,0,0,True,0
H3,m84137_260214_004236_s1/74976021/ccs,186,62,62,0,100.0,0.0,0,0,0,True,0
H3,m84137_260214_004236_s1/176357418/ccs,186,62,62,0,100.0,0.0,0,0,0,True,0
H3,m84137_260214_004236_s1/19270902/ccs,186,62,62,0,100.0,0.0,0,0,0,True,0
H3,m84137_260214_004236_s1/49549153/ccs,186,62,62,0,100.0,0.0,0,0,0,True,0
H3,m84137_260214_004236_s1/184357911/ccs,186,62,62,0,100.0,0.0,0,0,0,True,0
H3,m84137_260214_004236_s1/159320747/ccs,186,62,62,0,100.0,0.0,0,0,0,True,0
H3,m84137_260214_004236_s1/196347666/ccs,186,62,62,0,100.0,0.0,0,0,0,True,0
H3,m84137_260214_004236_s1/205261181/ccs,183,61,61,0,100.0,0.0,0,0,0,True,0
H3,m84137_260214_004236_s1/162862705/ccs,186,62,62,0,100.0,0.0,0,0,0,True,0
H3,m84137_260214_004236_s1/109052071/ccs,186,62,62,0,100.0,0.0,0,0,0,True,0
H3,m84137_260214_004236_s1/254804342/ccs,188,60,6,54,10.0,90.0,0,0,2,False,2
H3,m84137_260214_004236_s1/39327259/ccs,189,63,63,0,100.0,0.0,0,0,0,True,0
H3,m84137_260214_004236_s1/50664076/ccs,189,63,63,0,100.0,0.0,0,0,0,True,0
H3,m84137_260214_004236_s1/113444613/ccs,189,63,63,0,100.0,0.0,0,0,0,True,0
H3,m84137_260214_004236_s1/163842574/ccs,189,63,63,0,100.0,0.0,0,0,0,True,0
H3,m84137_260214_004236_s1/194055625/ccs,189,63,63,0,100.0,0.0,0,0,0,True,0
H3,m84137_260214_004236_s1/182255827/ccs,189,63,63,0,100.0,0.0,0,0,0,True,0
H3,m84137_260214_004236_s1/17895588/ccs,189,63,63,0,100.0,0.0,0,0,0,True,0
H3,m84137_260214_004236_s1/244978811/ccs,189,63,63,0,100.0,0.0,0,0,0,True,0
H3,m84137_260214_004236_s1/133894264/ccs,192,64,64,0,100.0,0.0,0,0,0,True,0
H3,m84137_260214_004236_s1/187764094/ccs,192,64,64,0,100.0,0.0,0,0,0,True,0
H3,m84137_260214_004236_s1/211157874/ccs,192,64,64,0,100.0,0.0,0,0,0,True,0
H3,m84137_260214_004236_s1/17499563/ccs,192,64,64,0,100.0,0.0,0,0,0,True,0
H3,m84137_260214_004236_s1/227935609/ccs,192,64,64,0,100.0,0.0,0,0,0,True,0
H3,m84137_260214_004236_s1/206113943/ccs,192,64,64,0,100.0,0.0,0,0,0,True,0
H3,m84137_260214_004236_s1/40307265/ccs,192,64,64,0,100.0,0.0,0,0,0,True,0
H3,m84137_260214_004236_s1/62068222/ccs,192,64,64,0,100.0,0.0,0,0,0,True,0
H3,m84137_260214_004236_s1/138283156/ccs,193,64,5,59,7.8125,92.1875,1,1,1,False,1
H3,m84137_260214_004236_s1/208864850/ccs,195,65,65,0,100.0,0.0,0,0,0,True,0
H3,m84137_260214_004236_s1/138875953/ccs,195,65,65,0,100.0,0.0,0,0,0,True,0
H3,m84137_260214_004236_s1/247401642/ccs,195,65,65,0,100.0,0.0,0,0,0,True,0
H3,m84137_260214_004236_s1/200867925/ccs,195,65,65,0,100.0,0.0,0,0,0,True,0
H3,m84137_260214_004236_s1/192417475/ccs,195,65,65,0,100.0,0.0,0,0,0,True,0
H3,m84137_260214_004236_s1/221055859/ccs,196,10,10,0,100.0,0.0,1,1,2,False,2
H3,m84137_260214_004236_s1/140247326/ccs,198,66,66,0,100.0,0.0,0,0,0,True,0
H3,m84137_260214_004236_s1/154796731/ccs,198,66,66,0,100.0,0.0,0,0,0,True,0
H3,m84137_260214_004236_s1/139532194/ccs,199,63,62,1,98.4126984126984,1.5873015873015872,0,0,1,False,1
H3,m84137_260214_004236_s1/265947573/ccs,210,70,70,0,100.0,0.0,0,0,0,True,0
H3,m84137_260214_004236_s1/188154622/ccs,201,67,67,0,100.0,0.0,0,0,0,True,0
H3,m84137_260214_004236_s1/49615639/ccs,201,67,67,0,100.0,0.0,0,0,0,True,0
H3,m84137_260214_004236_s1/162598205/ccs,201,67,67,0,100.0,0.0,0,0,0,True,0
H3,m84137_260214_004236_s1/249631417/ccs,200,66,21,45,31.818181818181817,68.18181818181817,1,1,2,False,2
H3,m84137_260214_004236_s1/85328247/ccs,202,64,41,23,64.0625,35.9375,0,0,1,False,1
H3,m84137_260214_004236_s1/93717506/ccs,204,68,68,0,100.0,0.0,0,0,0,True,0
H3,m84137_260214_004236_s1/181669799/ccs,204,68,68,0,100.0,0.0,0,0,0,True,0
H3,m84137_260214_004236_s1/125176432/ccs,204,68,68,0,100.0,0.0,0,0,0,True,0
H3,m84137_260214_004236_s1/239010234/ccs,204,68,68,0,100.0,0.0,0,0,0,True,0
H3,m84137_260214_004236_s1/145690109/ccs,205,55,17,38,30.909090909090907,69.0909090909091,0,0,1,False,1
H3,m84137_260214_004236_s1/241635108/ccs,207,69,69,0,100.0,0.0,0,0,0,True,0
H3,m84137_260214_004236_s1/223872103/ccs,210,70,70,0,100.0,0.0,0,0,0,True,0
H3,m84137_260214_004236_s1/172758307/ccs,213,71,71,0,100.0,0.0,0,0,0,True,0
H3,m84137_260214_004236_s1/56493843/ccs,213,71,71,0,100.0,0.0,0,0,0,True,0
H3,m84137_260214_004236_s1/237897542/ccs,213,71,71,0,100.0,0.0,0,0,0,True,0
H3,m84137_260214_004236_s1/230427364/ccs,213,71,71,0,100.0,0.0,0,0,0,True,0
H3,m84137_260214_004236_s1/72617644/ccs,214,71,57,14,80.28169014084507,19.718309859154928,1,1,1,False,1
H3,m84137_260214_004236_s1/137299290/ccs,216,72,72,0,100.0,0.0,0,0,0,True,0
H3,m84137_260214_004236_s1/183568928/ccs,218,70,34,36,48.57142857142857,51.42857142857142,0,0,2,False,2
H3,m84137_260214_004236_s1/121507921/ccs,219,73,73,0,100.0,0.0,0,0,0,True,0
H3,m84137_260214_004236_s1/79758998/ccs,228,76,76,0,100.0,0.0,0,0,0,True,0
H3,m84137_260214_004236_s1/144246212/ccs,222,74,74,0,100.0,0.0,0,0,0,True,0
H3,m84137_260214_004236_s1/2167627/ccs,222,74,74,0,100.0,0.0,0,0,0,True,0
H3,m84137_260214_004236_s1/244844443/ccs,228,76,76,0,100.0,0.0,0,0,0,True,0
H3,m84137_260214_004236_s1/21956594/ccs,231,77,77,0,100.0,0.0,0,0,0,True,0
H3,m84137_260214_004236_s1/266143159/ccs,231,71,69,2,97.1830985915493,2.8169014084507045,0,0,0,True,0
H3,m84137_260214_004236_s1/93257919/ccs,234,78,78,0,100.0,0.0,0,0,0,True,0
H3,m84137_260214_004236_s1/255263426/ccs,234,78,78,0,100.0,0.0,0,0,0,True,0
H3,m84137_260214_004236_s1/78840334/ccs,237,79,79,0,100.0,0.0,0,0,0,True,0
H3,m84137_260214_004236_s1/171381322/ccs,243,81,81,0,100.0,0.0,0,0,0,True,0
H3,m84137_260214_004236_s1/42667354/ccs,248,76,13,63,17.105263157894736,82.89473684210526,0,0,2,False,2
H3,m84137_260214_004236_s1/206048291/ccs,249,83,83,0,100.0,0.0,0,0,0,True,0
H3,m84137_260214_004236_s1/166003128/ccs,255,85,85,0,100.0,0.0,0,0,0,True,0
H3,m84137_260214_004236_s1/122423258/ccs,252,84,84,0,100.0,0.0,0,0,0,True,0
H3,m84137_260214_004236_s1/125372765/ccs,255,85,85,0,100.0,0.0,0,0,0,True,0
H3,m84137_260214_004236_s1/161153616/ccs,255,85,85,0,100.0,0.0,0,0,0,True,0
H3,m84137_260214_004236_s1/171508622/ccs,262,87,50,37,57.47126436781609,42.5287356321839,1,1,1,False,1
H3,m84137_260214_004236_s1/83891473/ccs,269,89,10,79,11.235955056179774,88.76404494382022,1,1,2,False,2
H3,m84137_260214_004236_s1/235340827/ccs,277,92,36,56,39.130434782608695,60.86956521739131,1,1,1,False,1
H3,m84137_260214_004236_s1/219351965/ccs,282,94,94,0,100.0,0.0,0,0,0,True,0
H3,m84137_260214_004236_s1/38536812/ccs,327,109,109,0,100.0,0.0,0,0,0,True,0
H3,m84137_260214_004236_s1/183178679/ccs,333,111,111,0,100.0,0.0,0,0,0,True,0
H3,m84137_260214_004236_s1/81199936/ccs,339,113,113,0,100.0,0.0,0,0,0,True,0
H3,m84137_260214_004236_s1/9962720/ccs,399,133,133,0,100.0,0.0,0,0,0,True,0
H3,m84137_260214_004236_s1/17828471/ccs,682,226,29,197,12.831858407079647,87.16814159292035,2,2,1,False,1
H3,m84137_260214_004236_s1/247596557/ccs,166,37,7,30,18.91891891891892,81.08108108108108,5,3,1,False,1
H3,m84137_260214_004236_s1/221054463/ccs,174,38,29,9,76.31578947368422,23.684210526315788,3,3,0,True,0
H3,m84137_260214_004236_s1/227150282/ccs,189,35,14,21,40.0,60.0,4,4,1,False,1
H3,m84137_260214_004236_s1/248254640/ccs,170,36,27,9,75.0,25.0,4,3,2,False,2
H3,m84137_260214_004236_s1/133171230/ccs,157,52,22,30,42.30769230769231,57.692307692307686,1,1,1,False,1
H3,m84137_260214_004236_s1/240718566/ccs,171,57,57,0,100.0,0.0,0,0,0,True,0
H3,m84137_260214_004236_s1/239142069/ccs,171,57,57,0,100.0,0.0,0,0,0,True,0
H3,m84137_260214_004236_s1/126161763/ccs,178,59,37,22,62.71186440677966,37.28813559322034,1,1,1,False,1
H3,m84137_260214_004236_s1/108793603/ccs,237,79,79,0,100.0,0.0,0,0,0,True,0
H3,m84137_260214_004236_s1/237900931/ccs,195,54,31,23,57.407407407407405,42.592592592592595,5,5,0,True,0
H3,m84137_260214_004236_s1/83366220/ccs,156,47,18,29,38.297872340425535,61.702127659574465,2,2,0,True,0
H3,m84137_260214_004236_s1/175377855/ccs,162,54,54,0,100.0,0.0,0,0,0,True,0
H3,m84137_260214_004236_s1/179308480/ccs,165,55,55,0,100.0,0.0,0,0,0,True,0
H3,m84137_260214_004236_s1/106236253/ccs,171,47,13,34,27.659574468085108,72.3404255319149,2,2,0,True,0
H3,m84137_260214_004236_s1/131007270/ccs,177,52,36,16,69.23076923076923,30.76923076923077,1,1,0,True,0
H3,m84137_260214_004236_s1/229511567/ccs,179,53,14,39,26.41509433962264,73.58490566037736,0,0,2,False,2
H3,m84137_260214_004236_s1/37164372/ccs,200,40,5,35,12.5,87.5,6,5,0,True,0
H3,m84137_260214_004236_s1/39063316/ccs,165,39,25,14,64.1025641025641,35.8974358974359,8,7,0,True,0
H3,m84137_260214_004236_s1/197526954/ccs,177,40,13,27,32.5,67.5,6,5,0,True,0
H3,m84137_260214_004236_s1/236191908/ccs,164,37,13,24,35.13513513513514,64.86486486486487,3,3,2,False,2
H3,m84137_260214_004236_s1/256775240/ccs,185,56,5,51,8.928571428571429,91.07142857142857,3,3,2,False,2
H3,m84137_260214_004236_s1/94897451/ccs,162,27,12,15,44.44444444444444,55.55555555555556,6,4,0,True,0
H3,m84137_260214_004236_s1/185272993/ccs,175,48,5,43,10.416666666666668,89.58333333333334,5,5,1,False,1
H3,m84137_260214_004236_s1/198509662/ccs,198,51,19,32,37.254901960784316,62.745098039215684,4,3,0,True,0
H3,m84137_260214_004236_s1/61871305/ccs,182,51,36,15,70.58823529411765,29.411764705882355,1,1,2,False,2
H3,m84137_260214_004236_s1/202310876/ccs,153,40,15,25,37.5,62.5,5,5,0,True,0
H3,m84137_260214_004236_s1/59966251/ccs,168,45,29,16,64.44444444444444,35.55555555555556,6,5,0,True,0
H3,m84137_260214_004236_s1/81137636/ccs,170,50,14,36,28.000000000000004,72.0,0,0,2,False,2
H3,m84137_260214_004236_s1/156833228/ccs,249,69,42,27,60.86956521739131,39.130434782608695,5,5,0,True,0
