sample,read_id,upstream_flank_len,core_repeat_len,downstream_flank_len,total_length,cag_units,caa_units,cga_units,event_count,total_event_bp,frameshift_events,in_frame_events,avg_event_length,oof_patterns
H1,m84137_260214_004236_s1/162267981/ccs,65,134,86,285,9,0,0,5,11,5,0,2.2,2
H1,m84137_260214_004236_s1/95225004/ccs,53,132,86,271,23,1,0,5,21,3,2,4.2,1
H1,m84137_260214_004236_s1/69670462/ccs,50,134,88,272,6,0,0,4,5,4,0,1.25,1
H1,m84137_260214_004236_s1/93131077/ccs,49,514,81,644,27,4,0,31,112,22,9,3.6129032258064515,7
H1,m84137_260214_004236_s1/83038465/ccs,50,141,86,277,22,1,0,6,21,5,1,3.5,1
H1,m84137_260214_004236_s1/38208760/ccs,50,126,87,263,9,0,1,4,18,3,1,4.5,1
H1,m84137_260214_004236_s1/86840975/ccs,52,134,86,272,21,1,0,4,11,3,1,2.75,2
H1,m84137_260214_004236_s1/18155229/ccs,57,114,106,277,11,0,0,3,6,3,0,2.0,3
H1,m84137_260214_004236_s1/103746222/ccs,50,135,87,272,32,0,0,7,18,5,2,2.5714285714285716,1
H1,m84137_260214_004236_s1/234357145/ccs,56,117,88,261,22,0,0,5,12,5,0,2.4,4
H1,m84137_260214_004236_s1/247600646/ccs,55,127,87,269,11,0,0,9,19,7,2,2.111111111111111,2
H1,m84137_260214_004236_s1/198447940/ccs,50,131,86,267,34,0,0,1,2,1,0,2.0,0
H1,m84137_260214_004236_s1/28576275/ccs,50,150,86,286,50,0,0,0,0,0,0,0.0,0
H1,m84137_260214_004236_s1/256117830/ccs,50,138,90,278,26,2,0,7,21,7,0,3.0,4
H1,m84137_260214_004236_s1/109905298/ccs,50,138,90,278,17,0,0,8,18,8,0,2.25,5
H1,m84137_260214_004236_s1/227807918/ccs,50,134,86,270,10,0,0,8,20,5,3,2.5,2
H1,m84137_260214_004236_s1/105582282/ccs,53,226,23,302,7,1,0,9,85,7,2,9.444444444444445,3
H1,m84137_260214_004236_s1/259458396/ccs,50,220,16,286,18,0,0,7,85,5,2,12.142857142857142,2
H1,m84137_260214_004236_s1/107286205/ccs,55,145,89,289,31,1,0,6,16,5,1,2.6666666666666665,3
H1,m84137_260214_004236_s1/111348476/ccs,50,134,87,271,17,1,0,4,11,4,0,2.75,3
H1,m84137_260214_004236_s1/124257026/ccs,50,135,50,235,45,0,0,0,0,0,0,0.0,0
H1,m84137_260214_004236_s1/182256607/ccs,50,121,85,256,11,0,0,1,1,1,0,1.0,0
H1,m84137_260214_004236_s1/191627508/ccs,50,127,82,259,3,0,0,1,4,1,0,4.0,0
H1,m84137_260214_004236_s1/96207896/ccs,50,126,86,262,42,0,0,0,0,0,0,0.0,0
H1,m84137_260214_004236_s1/31655549/ccs,50,135,86,271,45,0,0,0,0,0,0,0.0,0
H1,m84137_260214_004236_s1/166921949/ccs,50,135,86,271,45,0,0,0,0,0,0,0.0,0
H1,m84137_260214_004236_s1/123537945/ccs,50,136,87,273,24,0,0,1,1,1,0,1.0,0
H1,m84137_260214_004236_s1/64624544/ccs,50,165,86,301,55,0,0,0,0,0,0,0.0,0
H1,m84137_260214_004236_s1/236978756/ccs,56,143,86,285,5,1,0,9,26,9,0,2.888888888888889,0
H1,m84137_260214_004236_s1/85071146/ccs,49,128,94,271,13,1,0,8,20,7,1,2.5,2
H1,m84137_260214_004236_s1/166596147/ccs,50,137,83,270,14,0,0,6,17,6,0,2.8333333333333335,1
H1,m84137_260214_004236_s1/118293766/ccs,56,121,86,263,5,0,0,6,16,5,1,2.6666666666666665,2
H1,m84137_260214_004236_s1/40567950/ccs,50,222,84,356,54,3,0,8,24,6,2,3.0,3
H1,m84137_260214_004236_s1/28250082/ccs,50,129,86,265,43,0,0,0,0,0,0,0.0,0
H1,m84137_260214_004236_s1/177476285/ccs,50,129,86,265,43,0,0,0,0,0,0,0.0,0
H1,m84137_260214_004236_s1/59183988/ccs,50,135,86,271,45,0,0,0,0,0,0,0.0,0
H1,m84137_260214_004236_s1/263591227/ccs,50,138,86,274,37,1,0,3,9,3,0,3.0,2
H1,m84137_260214_004236_s1/165613471/ccs,50,145,86,281,11,1,0,1,4,1,0,4.0,1
H1,m84137_260214_004236_s1/18547753/ccs,50,141,87,278,17,1,0,10,33,8,2,3.3,2
H1,m84137_260214_004236_s1/128320429/ccs,52,133,89,274,25,2,0,7,19,6,1,2.7142857142857144,2
H1,m84137_260214_004236_s1/66585042/ccs,50,140,85,275,22,0,0,7,23,4,3,3.2857142857142856,1
H1,m84137_260214_004236_s1/51119989/ccs,50,139,89,278,6,1,0,9,22,8,1,2.4444444444444446,3
H1,m84137_260214_004236_s1/45875392/ccs,50,136,93,279,19,0,0,7,16,6,1,2.2857142857142856,2
H1,m84137_260214_004236_s1/228988176/ccs,50,133,86,269,23,3,0,8,31,6,2,3.875,3
H1,m84137_260214_004236_s1/26940418/ccs,50,128,88,266,15,0,0,5,14,3,2,2.8,3
H1,m84137_260214_004236_s1/163188232/ccs,57,150,77,284,19,0,0,7,15,6,1,2.142857142857143,5
H1,m84137_260214_004236_s1/174266215/ccs,50,138,90,278,15,1,0,7,18,7,0,2.5714285714285716,5
H1,m84137_260214_004236_s1/10358159/ccs,50,130,85,265,23,1,0,7,16,6,1,2.2857142857142856,4
H1,m84137_260214_004236_s1/30543021/ccs,50,136,89,275,26,0,0,2,16,2,0,8.0,0
H1,m84137_260214_004236_s1/220793943/ccs,57,131,85,273,31,1,0,4,14,3,1,3.5,2
H1,m84137_260214_004236_s1/209785784/ccs,50,199,24,273,12,0,0,7,67,6,1,9.571428571428571,3
H1,m84137_260214_004236_s1/47912489/ccs,50,157,85,292,22,1,0,5,16,3,2,3.2,1
H1,m84137_260214_004236_s1/62850644/ccs,50,121,90,261,13,1,0,3,7,3,0,2.3333333333333335,1
H1,m84137_260214_004236_s1/186454614/ccs,50,111,86,247,37,0,0,0,0,0,0,0.0,0
H1,m84137_260214_004236_s1/137693253/ccs,50,111,86,247,37,0,0,0,0,0,0,0.0,0
H1,m84137_260214_004236_s1/52104799/ccs,50,120,83,253,40,0,0,0,0,0,0,0.0,0
H1,m84137_260214_004236_s1/175965561/ccs,50,119,86,255,13,0,0,1,2,1,0,2.0,0
H1,m84137_260214_004236_s1/146014906/ccs,50,132,74,256,44,0,0,0,0,0,0,0.0,0
H1,m84137_260214_004236_s1/155977499/ccs,50,120,86,256,40,0,0,0,0,0,0,0.0,0
H1,m84137_260214_004236_s1/184288848/ccs,50,122,86,258,22,0,0,1,2,1,0,2.0,1
H1,m84137_260214_004236_s1/136643493/ccs,50,123,85,258,41,0,0,0,0,0,0,0.0,0
H1,m84137_260214_004236_s1/263918396/ccs,50,122,86,258,5,0,0,2,5,2,0,2.5,1
H1,m84137_260214_004236_s1/175309057/ccs,50,123,86,259,41,0,0,0,0,0,0,0.0,0
H1,m84137_260214_004236_s1/182718345/ccs,50,125,85,260,5,0,1,2,8,2,0,4.0,1
H1,m84137_260214_004236_s1/91557831/ccs,50,125,86,261,28,0,0,1,2,1,0,2.0,1
H1,m84137_260214_004236_s1/180553028/ccs,50,126,85,261,42,0,0,0,0,0,0,0.0,0
H1,m84137_260214_004236_s1/254348396/ccs,50,126,86,262,42,0,0,0,0,0,0,0.0,0
H1,m84137_260214_004236_s1/112593208/ccs,50,126,86,262,42,0,0,0,0,0,0,0.0,0
H1,m84137_260214_004236_s1/197984369/ccs,50,126,86,262,42,0,0,0,0,0,0,0.0,0
H1,m84137_260214_004236_s1/251532441/ccs,50,126,86,262,42,0,0,0,0,0,0,0.0,0
H1,m84137_260214_004236_s1/30474472/ccs,50,126,86,262,42,0,0,0,0,0,0,0.0,0
H1,m84137_260214_004236_s1/36768335/ccs,50,126,86,262,42,0,0,0,0,0,0,0.0,0
H1,m84137_260214_004236_s1/253035345/ccs,50,126,86,262,42,0,0,0,0,0,0,0.0,0
H1,m84137_260214_004236_s1/254411387/ccs,50,126,86,262,42,0,0,0,0,0,0,0.0,0
H1,m84137_260214_004236_s1/128324941/ccs,50,126,86,262,42,0,0,0,0,0,0,0.0,0
H1,m84137_260214_004236_s1/82971476/ccs,50,126,86,262,42,0,0,0,0,0,0,0.0,0
H1,m84137_260214_004236_s1/200740447/ccs,50,126,86,262,42,0,0,0,0,0,0,0.0,0
H1,m84137_260214_004236_s1/69731813/ccs,50,126,86,262,42,0,0,0,0,0,0,0.0,0
H1,m84137_260214_004236_s1/250350614/ccs,54,123,86,263,41,0,0,0,0,0,0,0.0,0
H1,m84137_260214_004236_s1/117704475/ccs,50,128,86,264,28,0,0,4,5,4,0,1.25,1
H1,m84137_260214_004236_s1/24515463/ccs,50,123,91,264,41,0,0,0,0,0,0,0.0,0
H1,m84137_260214_004236_s1/35457686/ccs,50,129,86,265,43,0,0,0,0,0,0,0.0,0
H1,m84137_260214_004236_s1/163254329/ccs,50,129,86,265,43,0,0,0,0,0,0,0.0,0
H1,m84137_260214_004236_s1/98309898/ccs,50,129,86,265,43,0,0,0,0,0,0,0.0,0
H1,m84137_260214_004236_s1/32835890/ccs,50,129,86,265,43,0,0,0,0,0,0,0.0,0
H1,m84137_260214_004236_s1/78973501/ccs,50,129,86,265,43,0,0,0,0,0,0,0.0,0
H1,m84137_260214_004236_s1/63636349/ccs,50,129,86,265,43,0,0,0,0,0,0,0.0,0
H1,m84137_260214_004236_s1/48302450/ccs,50,129,86,265,43,0,0,0,0,0,0,0.0,0
H1,m84137_260214_004236_s1/189729667/ccs,50,129,86,265,43,0,0,0,0,0,0,0.0,0
H1,m84137_260214_004236_s1/105188080/ccs,50,129,86,265,43,0,0,0,0,0,0,0.0,0
H1,m84137_260214_004236_s1/154665122/ccs,50,129,86,265,43,0,0,0,0,0,0,0.0,0
H1,m84137_260214_004236_s1/225510124/ccs,50,129,86,265,43,0,0,0,0,0,0,0.0,0
H1,m84137_260214_004236_s1/80680288/ccs,50,129,86,265,43,0,0,0,0,0,0,0.0,0
H1,m84137_260214_004236_s1/163123464/ccs,50,129,86,265,43,0,0,0,0,0,0,0.0,0
H1,m84137_260214_004236_s1/216599389/ccs,50,129,86,265,43,0,0,0,0,0,0,0.0,0
H1,m84137_260214_004236_s1/224923129/ccs,50,129,86,265,43,0,0,0,0,0,0,0.0,0
H1,m84137_260214_004236_s1/205853150/ccs,50,129,86,265,43,0,0,0,0,0,0,0.0,0
H1,m84137_260214_004236_s1/252251904/ccs,50,129,86,265,43,0,0,0,0,0,0,0.0,0
H1,m84137_260214_004236_s1/234229998/ccs,50,129,86,265,43,0,0,0,0,0,0,0.0,0
H1,m84137_260214_004236_s1/232783975/ccs,50,129,86,265,43,0,0,0,0,0,0,0.0,0
H1,m84137_260214_004236_s1/147003199/ccs,50,129,86,265,43,0,0,0,0,0,0,0.0,0
H1,m84137_260214_004236_s1/262736952/ccs,50,129,86,265,43,0,0,0,0,0,0,0.0,0
H1,m84137_260214_004236_s1/9702322/ccs,50,129,86,265,43,0,0,0,0,0,0,0.0,0
H1,m84137_260214_004236_s1/169739002/ccs,50,129,86,265,43,0,0,0,0,0,0,0.0,0
H1,m84137_260214_004236_s1/59507579/ccs,50,129,86,265,43,0,0,0,0,0,0,0.0,0
H1,m84137_260214_004236_s1/154801305/ccs,50,129,86,265,43,0,0,0,0,0,0,0.0,0
H1,m84137_260214_004236_s1/144182633/ccs,50,129,86,265,43,0,0,0,0,0,0,0.0,0
H1,m84137_260214_004236_s1/186256886/ccs,50,129,86,265,43,0,0,0,0,0,0,0.0,0
H1,m84137_260214_004236_s1/87165700/ccs,50,129,86,265,43,0,0,0,0,0,0,0.0,0
H1,m84137_260214_004236_s1/88869636/ccs,50,137,78,265,23,1,0,3,8,3,0,2.6666666666666665,3
H1,m84137_260214_004236_s1/248189588/ccs,50,129,86,265,43,0,0,0,0,0,0,0.0,0
H1,m84137_260214_004236_s1/190710677/ccs,50,129,86,265,43,0,0,0,0,0,0,0.0,0
H1,m84137_260214_004236_s1/230951802/ccs,50,129,86,265,43,0,0,0,0,0,0,0.0,0
H1,m84137_260214_004236_s1/156243753/ccs,50,129,86,265,43,0,0,0,0,0,0,0.0,0
H1,m84137_260214_004236_s1/93914567/ccs,50,129,86,265,43,0,0,0,0,0,0,0.0,0
H1,m84137_260214_004236_s1/207946704/ccs,50,129,86,265,43,0,0,0,0,0,0,0.0,0
H1,m84137_260214_004236_s1/95292667/ccs,50,129,86,265,43,0,0,0,0,0,0,0.0,0
H1,m84137_260214_004236_s1/31197751/ccs,50,129,86,265,43,0,0,0,0,0,0,0.0,0
H1,m84137_260214_004236_s1/158402119/ccs,50,129,86,265,43,0,0,0,0,0,0,0.0,0
H1,m84137_260214_004236_s1/171968358/ccs,50,129,86,265,43,0,0,0,0,0,0,0.0,0
H1,m84137_260214_004236_s1/232786481/ccs,50,129,86,265,43,0,0,0,0,0,0,0.0,0
H1,m84137_260214_004236_s1/108728536/ccs,50,129,86,265,43,0,0,0,0,0,0,0.0,0
H1,m84137_260214_004236_s1/133895988/ccs,50,129,86,265,43,0,0,0,0,0,0,0.0,0
H1,m84137_260214_004236_s1/160633913/ccs,50,129,86,265,43,0,0,0,0,0,0,0.0,0
H1,m84137_260214_004236_s1/125703149/ccs,50,129,86,265,43,0,0,0,0,0,0,0.0,0
H1,m84137_260214_004236_s1/83564162/ccs,50,129,86,265,43,0,0,0,0,0,0,0.0,0
H1,m84137_260214_004236_s1/109903953/ccs,50,129,86,265,43,0,0,0,0,0,0,0.0,0
H1,m84137_260214_004236_s1/131400173/ccs,50,129,86,265,43,0,0,0,0,0,0,0.0,0
H1,m84137_260214_004236_s1/114492855/ccs,50,129,86,265,43,0,0,0,0,0,0,0.0,0
H1,m84137_260214_004236_s1/9112820/ccs,50,129,86,265,43,0,0,0,0,0,0,0.0,0
H1,m84137_260214_004236_s1/155193049/ccs,50,129,86,265,43,0,0,0,0,0,0,0.0,0
H1,m84137_260214_004236_s1/224663430/ccs,50,129,87,266,43,0,0,0,0,0,0,0.0,0
H1,m84137_260214_004236_s1/80153931/ccs,50,130,86,266,31,0,0,1,1,1,0,1.0,0
H1,m84137_260214_004236_s1/160303238/ccs,50,131,86,267,41,0,0,1,2,1,0,2.0,0
H1,m84137_260214_004236_s1/132252623/ccs,50,131,86,267,9,0,0,2,5,2,0,2.5,0
H1,m84137_260214_004236_s1/176032352/ccs,50,131,86,267,9,0,0,1,2,1,0,2.0,0
H1,m84137_260214_004236_s1/114102493/ccs,50,131,86,267,22,0,0,1,2,1,0,2.0,1
H1,m84137_260214_004236_s1/239666375/ccs,50,131,86,267,26,0,0,1,2,1,0,2.0,1
H1,m84137_260214_004236_s1/174197092/ccs,50,132,86,268,44,0,0,0,0,0,0,0.0,0
H1,m84137_260214_004236_s1/203359391/ccs,50,132,86,268,44,0,0,0,0,0,0,0.0,0
H1,m84137_260214_004236_s1/184419220/ccs,50,132,86,268,44,0,0,0,0,0,0,0.0,0
H1,m84137_260214_004236_s1/161547740/ccs,50,132,86,268,14,0,0,2,3,2,0,1.5,0
H1,m84137_260214_004236_s1/130483882/ccs,50,139,79,268,30,1,0,3,10,1,2,3.3333333333333335,1
H1,m84137_260214_004236_s1/7342248/ccs,50,132,86,268,44,0,0,0,0,0,0,0.0,0
H1,m84137_260214_004236_s1/18285339/ccs,50,132,86,268,44,0,0,0,0,0,0,0.0,0
H1,m84137_260214_004236_s1/4522630/ccs,50,132,86,268,44,0,0,0,0,0,0,0.0,0
H1,m84137_260214_004236_s1/31064881/ccs,50,132,86,268,44,0,0,0,0,0,0,0.0,0
H1,m84137_260214_004236_s1/15008411/ccs,50,132,86,268,44,0,0,0,0,0,0,0.0,0
H1,m84137_260214_004236_s1/52168401/ccs,50,132,86,268,44,0,0,0,0,0,0,0.0,0
H1,m84137_260214_004236_s1/217186472/ccs,50,132,86,268,44,0,0,0,0,0,0,0.0,0
H1,m84137_260214_004236_s1/256247212/ccs,50,132,86,268,44,0,0,0,0,0,0,0.0,0
H1,m84137_260214_004236_s1/7475840/ccs,50,132,86,268,44,0,0,0,0,0,0,0.0,0
H1,m84137_260214_004236_s1/25694180/ccs,50,132,86,268,44,0,0,0,0,0,0,0.0,0
H1,m84137_260214_004236_s1/130815131/ccs,50,132,86,268,44,0,0,0,0,0,0,0.0,0
H1,m84137_260214_004236_s1/172036631/ccs,50,132,86,268,33,1,0,2,6,2,0,3.0,2
H1,m84137_260214_004236_s1/11010869/ccs,50,132,86,268,44,0,0,0,0,0,0,0.0,0
H1,m84137_260214_004236_s1/106365791/ccs,50,132,86,268,44,0,0,0,0,0,0,0.0,0
H1,m84137_260214_004236_s1/9310615/ccs,50,135,83,268,45,0,0,0,0,0,0,0.0,0
H1,m84137_260214_004236_s1/79497926/ccs,50,132,86,268,44,0,0,0,0,0,0,0.0,0
H1,m84137_260214_004236_s1/123275745/ccs,50,132,86,268,44,0,0,0,0,0,0,0.0,0
H1,m84137_260214_004236_s1/108790730/ccs,50,132,86,268,44,0,0,0,0,0,0,0.0,0
H1,m84137_260214_004236_s1/121045357/ccs,50,132,86,268,44,0,0,0,0,0,0,0.0,0
H1,m84137_260214_004236_s1/60163935/ccs,50,132,86,268,44,0,0,0,0,0,0,0.0,0
H1,m84137_260214_004236_s1/46729114/ccs,50,132,86,268,44,0,0,0,0,0,0,0.0,0
H1,m84137_260214_004236_s1/38274924/ccs,50,132,86,268,44,0,0,0,0,0,0,0.0,0
H1,m84137_260214_004236_s1/64947794/ccs,50,132,86,268,44,0,0,0,0,0,0,0.0,0
H1,m84137_260214_004236_s1/164432081/ccs,50,132,86,268,44,0,0,0,0,0,0,0.0,0
H1,m84137_260214_004236_s1/148439768/ccs,50,132,86,268,44,0,0,0,0,0,0,0.0,0
H1,m84137_260214_004236_s1/186910657/ccs,50,132,86,268,44,0,0,0,0,0,0,0.0,0
H1,m84137_260214_004236_s1/189989302/ccs,50,132,86,268,44,0,0,0,0,0,0,0.0,0
H1,m84137_260214_004236_s1/172755422/ccs,50,132,86,268,44,0,0,0,0,0,0,0.0,0
H1,m84137_260214_004236_s1/172818548/ccs,50,132,86,268,44,0,0,0,0,0,0,0.0,0
H1,m84137_260214_004236_s1/152962428/ccs,50,132,86,268,44,0,0,0,0,0,0,0.0,0
H1,m84137_260214_004236_s1/115607861/ccs,50,132,86,268,44,0,0,0,0,0,0,0.0,0
H1,m84137_260214_004236_s1/158075193/ccs,50,132,86,268,44,0,0,0,0,0,0,0.0,0
H1,m84137_260214_004236_s1/51909219/ccs,50,132,86,268,44,0,0,0,0,0,0,0.0,0
H1,m84137_260214_004236_s1/13112080/ccs,50,132,86,268,44,0,0,0,0,0,0,0.0,0
H1,m84137_260214_004236_s1/39851510/ccs,50,132,86,268,44,0,0,0,0,0,0,0.0,0
H1,m84137_260214_004236_s1/14422579/ccs,50,132,86,268,44,0,0,0,0,0,0,0.0,0
H1,m84137_260214_004236_s1/46141221/ccs,50,132,86,268,44,0,0,0,0,0,0,0.0,0
H1,m84137_260214_004236_s1/66653640/ccs,50,132,86,268,44,0,0,0,0,0,0,0.0,0
H1,m84137_260214_004236_s1/194184660/ccs,50,132,86,268,44,0,0,0,0,0,0,0.0,0
H1,m84137_260214_004236_s1/219742852/ccs,50,132,86,268,44,0,0,0,0,0,0,0.0,0
H1,m84137_260214_004236_s1/208013495/ccs,50,132,86,268,44,0,0,0,0,0,0,0.0,0
H1,m84137_260214_004236_s1/224199709/ccs,50,132,86,268,44,0,0,0,0,0,0,0.0,0
H1,m84137_260214_004236_s1/222300391/ccs,50,132,86,268,44,0,0,0,0,0,0,0.0,0
H1,m84137_260214_004236_s1/184353213/ccs,50,132,86,268,44,0,0,0,0,0,0,0.0,0
H1,m84137_260214_004236_s1/118363276/ccs,50,132,86,268,44,0,0,0,0,0,0,0.0,0
H1,m84137_260214_004236_s1/100471374/ccs,50,132,86,268,44,0,0,0,0,0,0,0.0,0
H1,m84137_260214_004236_s1/81072207/ccs,50,132,86,268,44,0,0,0,0,0,0,0.0,0
H1,m84137_260214_004236_s1/108269654/ccs,50,132,86,268,44,0,0,0,0,0,0,0.0,0
H1,m84137_260214_004236_s1/151850272/ccs,50,132,86,268,44,0,0,0,0,0,0,0.0,0
H1,m84137_260214_004236_s1/142940077/ccs,50,132,86,268,44,0,0,0,0,0,0,0.0,0
H1,m84137_260214_004236_s1/166269950/ccs,50,132,86,268,44,0,0,0,0,0,0,0.0,0
H1,m84137_260214_004236_s1/188027035/ccs,50,132,86,268,44,0,0,0,0,0,0,0.0,0
H1,m84137_260214_004236_s1/84808456/ccs,50,138,80,268,46,0,0,0,0,0,0,0.0,0
H1,m84137_260214_004236_s1/107483187/ccs,50,132,86,268,23,0,0,2,3,2,0,1.5,1
H1,m84137_260214_004236_s1/193204969/ccs,50,132,86,268,44,0,0,0,0,0,0,0.0,0
H1,m84137_260214_004236_s1/172496381/ccs,50,132,86,268,44,0,0,0,0,0,0,0.0,0
H1,m84137_260214_004236_s1/113705472/ccs,50,132,86,268,44,0,0,0,0,0,0,0.0,0
H1,m84137_260214_004236_s1/193923899/ccs,50,132,86,268,44,0,0,0,0,0,0,0.0,0
H1,m84137_260214_004236_s1/234553620/ccs,50,132,86,268,44,0,0,0,0,0,0,0.0,0
H1,m84137_260214_004236_s1/258408654/ccs,50,132,86,268,44,0,0,0,0,0,0,0.0,0
H1,m84137_260214_004236_s1/212538218/ccs,50,132,86,268,44,0,0,0,0,0,0,0.0,0
H1,m84137_260214_004236_s1/215029581/ccs,50,132,86,268,44,0,0,0,0,0,0,0.0,0
H1,m84137_260214_004236_s1/215682376/ccs,50,132,86,268,44,0,0,0,0,0,0,0.0,0
H1,m84137_260214_004236_s1/37160389/ccs,50,132,86,268,44,0,0,0,0,0,0,0.0,0
H1,m84137_260214_004236_s1/140186191/ccs,50,132,86,268,44,0,0,0,0,0,0,0.0,0
H1,m84137_260214_004236_s1/38798205/ccs,50,132,86,268,44,0,0,0,0,0,0,0.0,0
H1,m84137_260214_004236_s1/213582072/ccs,50,132,86,268,44,0,0,0,0,0,0,0.0,0
H1,m84137_260214_004236_s1/231343865/ccs,50,132,86,268,44,0,0,0,0,0,0,0.0,0
H1,m84137_260214_004236_s1/240584796/ccs,50,132,86,268,44,0,0,0,0,0,0,0.0,0
H1,m84137_260214_004236_s1/257754166/ccs,50,132,86,268,44,0,0,0,0,0,0,0.0,0
H1,m84137_260214_004236_s1/236455814/ccs,50,132,86,268,44,0,0,0,0,0,0,0.0,0
H1,m84137_260214_004236_s1/258411430/ccs,50,132,86,268,44,0,0,0,0,0,0,0.0,0
H1,m84137_260214_004236_s1/130944174/ccs,50,132,86,268,44,0,0,0,0,0,0,0.0,0
H1,m84137_260214_004236_s1/12256451/ccs,50,132,86,268,44,0,0,0,0,0,0,0.0,0
H1,m84137_260214_004236_s1/15207405/ccs,50,132,86,268,44,0,0,0,0,0,0,0.0,0
H1,m84137_260214_004236_s1/159450999/ccs,50,132,86,268,44,0,0,0,0,0,0,0.0,0
H1,m84137_260214_004236_s1/146081838/ccs,50,132,86,268,44,0,0,0,0,0,0,0.0,0
H1,m84137_260214_004236_s1/164431493/ccs,50,132,86,268,44,0,0,0,0,0,0,0.0,0
H1,m84137_260214_004236_s1/161023320/ccs,50,132,86,268,44,0,0,0,0,0,0,0.0,0
H1,m84137_260214_004236_s1/148570395/ccs,50,132,86,268,44,0,0,0,0,0,0,0.0,0
H1,m84137_260214_004236_s1/150276490/ccs,50,132,86,268,44,0,0,0,0,0,0,0.0,0
H1,m84137_260214_004236_s1/192351228/ccs,50,132,86,268,44,0,0,0,0,0,0,0.0,0
H1,m84137_260214_004236_s1/57279995/ccs,50,132,86,268,44,0,0,0,0,0,0,0.0,0
H1,m84137_260214_004236_s1/39913671/ccs,50,132,86,268,44,0,0,0,0,0,0,0.0,0
H1,m84137_260214_004236_s1/37224535/ccs,50,132,86,268,44,0,0,0,0,0,0,0.0,0
H1,m84137_260214_004236_s1/53543548/ccs,50,132,86,268,44,0,0,0,0,0,0,0.0,0
H1,m84137_260214_004236_s1/64686239/ccs,50,132,86,268,44,0,0,0,0,0,0,0.0,0
H1,m84137_260214_004236_s1/65668822/ccs,50,132,86,268,44,0,0,0,0,0,0,0.0,0
H1,m84137_260214_004236_s1/108725314/ccs,50,132,86,268,44,0,0,0,0,0,0,0.0,0
H1,m84137_260214_004236_s1/121897199/ccs,50,132,86,268,44,0,0,0,0,0,0,0.0,0
H1,m84137_260214_004236_s1/157156628/ccs,50,132,86,268,44,0,0,0,0,0,0,0.0,0
H1,m84137_260214_004236_s1/137366045/ccs,50,132,86,268,44,0,0,0,0,0,0,0.0,0
H1,m84137_260214_004236_s1/137560590/ccs,50,132,86,268,44,0,0,0,0,0,0,0.0,0
H1,m84137_260214_004236_s1/42012193/ccs,50,132,86,268,44,0,0,0,0,0,0,0.0,0
H1,m84137_260214_004236_s1/59379440/ccs,50,132,86,268,44,0,0,0,0,0,0,0.0,0
H1,m84137_260214_004236_s1/44963252/ccs,50,132,86,268,44,0,0,0,0,0,0,0.0,0
H1,m84137_260214_004236_s1/45552009/ccs,50,135,83,268,45,0,0,0,0,0,0,0.0,0
H1,m84137_260214_004236_s1/71963575/ccs,50,132,86,268,44,0,0,0,0,0,0,0.0,0
H1,m84137_260214_004236_s1/87233487/ccs,50,132,86,268,44,0,0,0,0,0,0,0.0,0
H1,m84137_260214_004236_s1/100732930/ccs,50,132,86,268,44,0,0,0,0,0,0,0.0,0
H1,m84137_260214_004236_s1/91820406/ccs,50,132,86,268,44,0,0,0,0,0,0,0.0,0
H1,m84137_260214_004236_s1/92608343/ccs,50,132,86,268,44,0,0,0,0,0,0,0.0,0
H1,m84137_260214_004236_s1/101977613/ccs,50,132,86,268,44,0,0,0,0,0,0,0.0,0
H1,m84137_260214_004236_s1/77730077/ccs,50,132,86,268,44,0,0,0,0,0,0,0.0,0
H1,m84137_260214_004236_s1/98244117/ccs,50,132,86,268,44,0,0,0,0,0,0,0.0,0
H1,m84137_260214_004236_s1/94441199/ccs,50,132,86,268,44,0,0,0,0,0,0,0.0,0
H1,m84137_260214_004236_s1/108795828/ccs,50,132,86,268,44,0,0,0,0,0,0,0.0,0
H1,m84137_260214_004236_s1/138480752/ccs,50,132,86,268,44,0,0,0,0,0,0,0.0,0
H1,m84137_260214_004236_s1/213715410/ccs,50,132,86,268,44,0,0,0,0,0,0,0.0,0
H1,m84137_260214_004236_s1/235669334/ccs,50,132,86,268,44,0,0,0,0,0,0,0.0,0
H1,m84137_260214_004236_s1/215680791/ccs,50,129,89,268,43,0,0,0,0,0,0,0.0,0
H1,m84137_260214_004236_s1/217580832/ccs,50,132,86,268,44,0,0,0,0,0,0,0.0,0
H1,m84137_260214_004236_s1/243599124/ccs,50,132,86,268,44,0,0,0,0,0,0,0.0,0
H1,m84137_260214_004236_s1/146017508/ccs,50,132,86,268,44,0,0,0,0,0,0,0.0,0
H1,m84137_260214_004236_s1/165680841/ccs,50,132,86,268,44,0,0,0,0,0,0,0.0,0
H1,m84137_260214_004236_s1/173151046/ccs,50,132,86,268,44,0,0,0,0,0,0,0.0,0
H1,m84137_260214_004236_s1/173151728/ccs,50,132,86,268,44,0,0,0,0,0,0,0.0,0
H1,m84137_260214_004236_s1/225054528/ccs,50,132,86,268,44,0,0,0,0,0,0,0.0,0
H1,m84137_260214_004236_s1/182128136/ccs,50,132,86,268,44,0,0,0,0,0,0,0.0,0
H1,m84137_260214_004236_s1/75759698/ccs,50,132,86,268,44,0,0,0,0,0,0,0.0,0
H1,m84137_260214_004236_s1/86574605/ccs,50,132,86,268,44,0,0,0,0,0,0,0.0,0
H1,m84137_260214_004236_s1/255334046/ccs,50,132,86,268,44,0,0,0,0,0,0,0.0,0
H1,m84137_260214_004236_s1/263001831/ccs,50,132,86,268,44,0,0,0,0,0,0,0.0,0
H1,m84137_260214_004236_s1/265360071/ccs,50,132,86,268,44,0,0,0,0,0,0,0.0,0
H1,m84137_260214_004236_s1/246617139/ccs,50,132,86,268,44,0,0,0,0,0,0,0.0,0
H1,m84137_260214_004236_s1/247468797/ccs,50,132,86,268,44,0,0,0,0,0,0,0.0,0
H1,m84137_260214_004236_s1/21694424/ccs,50,132,86,268,44,0,0,0,0,0,0,0.0,0
H1,m84137_260214_004236_s1/47055020/ccs,50,132,86,268,44,0,0,0,0,0,0,0.0,0
H1,m84137_260214_004236_s1/63900478/ccs,50,132,86,268,44,0,0,0,0,0,0,0.0,0
H1,m84137_260214_004236_s1/108265975/ccs,50,132,86,268,44,0,0,0,0,0,0,0.0,0
H1,m84137_260214_004236_s1/126814013/ccs,50,132,86,268,44,0,0,0,0,0,0,0.0,0
H1,m84137_260214_004236_s1/132450483/ccs,50,132,86,268,44,0,0,0,0,0,0,0.0,0
H1,m84137_260214_004236_s1/34411565/ccs,50,132,86,268,44,0,0,0,0,0,0,0.0,0
H1,m84137_260214_004236_s1/51384138/ccs,50,132,86,268,44,0,0,0,0,0,0,0.0,0
H1,m84137_260214_004236_s1/190055726/ccs,50,132,86,268,44,0,0,0,0,0,0,0.0,0
H1,m84137_260214_004236_s1/180683579/ccs,50,132,86,268,44,0,0,0,0,0,0,0.0,0
H1,m84137_260214_004236_s1/219152701/ccs,50,132,86,268,44,0,0,0,0,0,0,0.0,0
H1,m84137_260214_004236_s1/219547121/ccs,50,132,86,268,44,0,0,0,0,0,0,0.0,0
H1,m84137_260214_004236_s1/201917336/ccs,50,132,86,268,44,0,0,0,0,0,0,0.0,0
H1,m84137_260214_004236_s1/181865169/ccs,50,132,86,268,44,0,0,0,0,0,0,0.0,0
H1,m84137_260214_004236_s1/207751231/ccs,50,132,86,268,44,0,0,0,0,0,0,0.0,0
H1,m84137_260214_004236_s1/183568912/ccs,50,132,86,268,44,0,0,0,0,0,0,0.0,0
H1,m84137_260214_004236_s1/212664856/ccs,50,132,86,268,44,0,0,0,0,0,0,0.0,0
H1,m84137_260214_004236_s1/106496612/ccs,50,132,86,268,44,0,0,0,0,0,0,0.0,0
H1,m84137_260214_004236_s1/165282664/ccs,50,132,86,268,44,0,0,0,0,0,0,0.0,0
H1,m84137_260214_004236_s1/246153845/ccs,50,132,86,268,44,0,0,0,0,0,0,0.0,0
H1,m84137_260214_004236_s1/204805247/ccs,50,132,86,268,44,0,0,0,0,0,0,0.0,0
H1,m84137_260214_004236_s1/266276938/ccs,50,132,86,268,44,0,0,0,0,0,0,0.0,0
H1,m84137_260214_004236_s1/28115265/ccs,50,132,86,268,44,0,0,0,0,0,0,0.0,0
H1,m84137_260214_004236_s1/76158593/ccs,50,132,86,268,44,0,0,0,0,0,0,0.0,0
H1,m84137_260214_004236_s1/228922804/ccs,50,132,86,268,44,0,0,0,0,0,0,0.0,0
H1,m84137_260214_004236_s1/234359949/ccs,50,132,86,268,44,0,0,0,0,0,0,0.0,0
H1,m84137_260214_004236_s1/234229541/ccs,50,132,86,268,43,0,0,1,3,0,1,3.0,0
H1,m84137_260214_004236_s1/263393481/ccs,50,132,86,268,44,0,0,0,0,0,0,0.0,0
H1,m84137_260214_004236_s1/250282710/ccs,50,132,86,268,44,0,0,0,0,0,0,0.0,0
H1,m84137_260214_004236_s1/39063203/ccs,50,132,86,268,44,0,0,0,0,0,0,0.0,0
H1,m84137_260214_004236_s1/115283479/ccs,50,132,86,268,44,0,0,0,0,0,0,0.0,0
H1,m84137_260214_004236_s1/16777541/ccs,50,132,86,268,44,0,0,0,0,0,0,0.0,0
H1,m84137_260214_004236_s1/17042398/ccs,50,132,86,268,44,0,0,0,0,0,0,0.0,0
H1,m84137_260214_004236_s1/18548809/ccs,50,132,86,268,44,0,0,0,0,0,0,0.0,0
H1,m84137_260214_004236_s1/19663737/ccs,50,132,86,268,44,0,0,0,0,0,0,0.0,0
H1,m84137_260214_004236_s1/189990577/ccs,50,132,86,268,44,0,0,0,0,0,0,0.0,0
H1,m84137_260214_004236_s1/30868993/ccs,50,132,86,268,44,0,0,0,0,0,0,0.0,0
H1,m84137_260214_004236_s1/39913039/ccs,50,132,86,268,44,0,0,0,0,0,0,0.0,0
H1,m84137_260214_004236_s1/58002332/ccs,50,132,86,268,44,0,0,0,0,0,0,0.0,0
H1,m84137_260214_004236_s1/38603766/ccs,50,132,86,268,44,0,0,0,0,0,0,0.0,0
H1,m84137_260214_004236_s1/115541243/ccs,50,132,86,268,44,0,0,0,0,0,0,0.0,0
H1,m84137_260214_004236_s1/133499509/ccs,50,132,86,268,44,0,0,0,0,0,0,0.0,0
H1,m84137_260214_004236_s1/163447260/ccs,50,132,86,268,44,0,0,0,0,0,0,0.0,0
H1,m84137_260214_004236_s1/168232779/ccs,50,132,86,268,44,0,0,0,0,0,0,0.0,0
H1,m84137_260214_004236_s1/144377599/ccs,50,132,86,268,44,0,0,0,0,0,0,0.0,0
H1,m84137_260214_004236_s1/148572726/ccs,50,132,86,268,44,0,0,0,0,0,0,0.0,0
H1,m84137_260214_004236_s1/233706722/ccs,50,132,86,268,44,0,0,0,0,0,0,0.0,0
H1,m84137_260214_004236_s1/24840167/ccs,50,132,86,268,44,0,0,0,0,0,0,0.0,0
H1,m84137_260214_004236_s1/60162843/ccs,50,132,86,268,44,0,0,0,0,0,0,0.0,0
H1,m84137_260214_004236_s1/150143865/ccs,50,132,86,268,44,0,0,0,0,0,0,0.0,0
H1,m84137_260214_004236_s1/179831896/ccs,50,132,86,268,44,0,0,0,0,0,0,0.0,0
H1,m84137_260214_004236_s1/198312008/ccs,50,132,86,268,44,0,0,0,0,0,0,0.0,0
H1,m84137_260214_004236_s1/201656223/ccs,50,132,86,268,44,0,0,0,0,0,0,0.0,0
H1,m84137_260214_004236_s1/199885099/ccs,50,132,86,268,44,0,0,0,0,0,0,0.0,0
H1,m84137_260214_004236_s1/207555519/ccs,50,132,86,268,44,0,0,0,0,0,0,0.0,0
H1,m84137_260214_004236_s1/222233526/ccs,50,132,86,268,44,0,0,0,0,0,0,0.0,0
H1,m84137_260214_004236_s1/183699274/ccs,50,132,86,268,44,0,0,0,0,0,0,0.0,0
H1,m84137_260214_004236_s1/205457509/ccs,50,132,86,268,44,0,0,0,0,0,0,0.0,0
H1,m84137_260214_004236_s1/206505306/ccs,50,132,86,268,44,0,0,0,0,0,0,0.0,0
H1,m84137_260214_004236_s1/252970335/ccs,50,132,86,268,44,0,0,0,0,0,0,0.0,0
H1,m84137_260214_004236_s1/129111574/ccs,50,132,86,268,44,0,0,0,0,0,0,0.0,0
H1,m84137_260214_004236_s1/129307018/ccs,50,132,86,268,44,0,0,0,0,0,0,0.0,0
H1,m84137_260214_004236_s1/140186346/ccs,50,132,86,268,44,0,0,0,0,0,0,0.0,0
H1,m84137_260214_004236_s1/157421121/ccs,50,132,86,268,44,0,0,0,0,0,0,0.0,0
H1,m84137_260214_004236_s1/43716880/ccs,50,132,86,268,44,0,0,0,0,0,0,0.0,0
H1,m84137_260214_004236_s1/71831591/ccs,50,132,86,268,44,0,0,0,0,0,0,0.0,0
H1,m84137_260214_004236_s1/66784623/ccs,50,132,86,268,44,0,0,0,0,0,0,0.0,0
H1,m84137_260214_004236_s1/96473404/ccs,50,132,86,268,44,0,0,0,0,0,0,0.0,0
H1,m84137_260214_004236_s1/78779175/ccs,50,132,86,268,44,0,0,0,0,0,0,0.0,0
H1,m84137_260214_004236_s1/98963723/ccs,50,132,86,268,44,0,0,0,0,0,0,0.0,0
H1,m84137_260214_004236_s1/227282126/ccs,50,132,86,268,44,0,0,0,0,0,0,0.0,0
H1,m84137_260214_004236_s1/184488650/ccs,50,132,86,268,44,0,0,0,0,0,0,0.0,0
H1,m84137_260214_004236_s1/48694340/ccs,50,132,86,268,44,0,0,0,0,0,0,0.0,0
H1,m84137_260214_004236_s1/49086687/ccs,50,132,86,268,44,0,0,0,0,0,0,0.0,0
H1,m84137_260214_004236_s1/69140892/ccs,50,132,86,268,44,0,0,0,0,0,0,0.0,0
H1,m84137_260214_004236_s1/70452662/ccs,50,132,86,268,44,0,0,0,0,0,0,0.0,0
H1,m84137_260214_004236_s1/78774375/ccs,50,132,86,268,44,0,0,0,0,0,0,0.0,0
H1,m84137_260214_004236_s1/86115932/ccs,50,132,86,268,44,0,0,0,0,0,0,0.0,0
H1,m84137_260214_004236_s1/96865146/ccs,50,132,86,268,44,0,0,0,0,0,0,0.0,0
H1,m84137_260214_004236_s1/72551260/ccs,50,132,86,268,44,0,0,0,0,0,0,0.0,0
H1,m84137_260214_004236_s1/88213764/ccs,50,132,86,268,44,0,0,0,0,0,0,0.0,0
H1,m84137_260214_004236_s1/101254390/ccs,50,132,86,268,44,0,0,0,0,0,0,0.0,0
H1,m84137_260214_004236_s1/216663140/ccs,50,132,86,268,44,0,0,0,0,0,0,0.0,0
H1,m84137_260214_004236_s1/260113642/ccs,50,132,86,268,44,0,0,0,0,0,0,0.0,0
H1,m84137_260214_004236_s1/246481457/ccs,50,132,86,268,44,0,0,0,0,0,0,0.0,0
H1,m84137_260214_004236_s1/260900573/ccs,50,132,86,268,44,0,0,0,0,0,0,0.0,0
H1,m84137_260214_004236_s1/264634820/ccs,50,132,86,268,44,0,0,0,0,0,0,0.0,0
H1,m84137_260214_004236_s1/18746653/ccs,50,132,86,268,44,0,0,0,0,0,0,0.0,0
H1,m84137_260214_004236_s1/23792678/ccs,50,132,86,268,44,0,0,0,0,0,0,0.0,0
H1,m84137_260214_004236_s1/27922790/ccs,50,132,86,268,44,0,0,0,0,0,0,0.0,0
H1,m84137_260214_004236_s1/38736097/ccs,50,132,86,268,44,0,0,0,0,0,0,0.0,0
H1,m84137_260214_004236_s1/42275935/ccs,50,132,86,268,44,0,0,0,0,0,0,0.0,0
H1,m84137_260214_004236_s1/99878842/ccs,50,132,86,268,44,0,0,0,0,0,0,0.0,0
H1,m84137_260214_004236_s1/103484250/ccs,50,138,80,268,45,1,0,1,3,0,1,3.0,0
H1,m84137_260214_004236_s1/113050344/ccs,50,132,86,268,44,0,0,0,0,0,0,0.0,0
H1,m84137_260214_004236_s1/121700931/ccs,50,132,86,268,44,0,0,0,0,0,0,0.0,0
H1,m84137_260214_004236_s1/110166443/ccs,50,132,86,268,44,0,0,0,0,0,0,0.0,0
H1,m84137_260214_004236_s1/122487975/ccs,50,132,86,268,44,0,0,0,0,0,0,0.0,0
H1,m84137_260214_004236_s1/126878702/ccs,50,132,86,268,44,0,0,0,0,0,0,0.0,0
H1,m84137_260214_004236_s1/151062361/ccs,50,132,86,268,44,0,0,0,0,0,0,0.0,0
H1,m84137_260214_004236_s1/131729793/ccs,50,132,86,268,44,0,0,0,0,0,0,0.0,0
H1,m84137_260214_004236_s1/135790773/ccs,50,132,86,268,44,0,0,0,0,0,0,0.0,0
H1,m84137_260214_004236_s1/192287125/ccs,50,132,86,268,44,0,0,0,0,0,0,0.0,0
H1,m84137_260214_004236_s1/178720973/ccs,50,132,86,268,44,0,0,0,0,0,0,0.0,0
H1,m84137_260214_004236_s1/222237834/ccs,50,132,86,268,44,0,0,0,0,0,0,0.0,0
H1,m84137_260214_004236_s1/225383519/ccs,50,132,86,268,44,0,0,0,0,0,0,0.0,0
H1,m84137_260214_004236_s1/182259996/ccs,50,129,89,268,43,0,0,0,0,0,0,0.0,0
H1,m84137_260214_004236_s1/253367178/ccs,50,132,86,268,44,0,0,0,0,0,0,0.0,0
H1,m84137_260214_004236_s1/240457491/ccs,50,132,86,268,44,0,0,0,0,0,0,0.0,0
H1,m84137_260214_004236_s1/18353430/ccs,50,132,86,268,44,0,0,0,0,0,0,0.0,0
H1,m84137_260214_004236_s1/248580755/ccs,50,132,86,268,44,0,0,0,0,0,0,0.0,0
H1,m84137_260214_004236_s1/3084364/ccs,50,132,86,268,44,0,0,0,0,0,0,0.0,0
H1,m84137_260214_004236_s1/267453780/ccs,50,132,86,268,44,0,0,0,0,0,0,0.0,0
H1,m84137_260214_004236_s1/9507799/ccs,50,132,86,268,44,0,0,0,0,0,0,0.0,0
H1,m84137_260214_004236_s1/39259150/ccs,50,132,86,268,44,0,0,0,0,0,0,0.0,0
H1,m84137_260214_004236_s1/100860539/ccs,50,132,86,268,44,0,0,0,0,0,0,0.0,0
H1,m84137_260214_004236_s1/2296100/ccs,50,132,86,268,44,0,0,0,0,0,0,0.0,0
H1,m84137_260214_004236_s1/202376432/ccs,50,131,87,268,41,0,0,1,2,1,0,2.0,1
H1,m84137_260214_004236_s1/80023722/ccs,50,133,86,269,12,0,0,2,4,2,0,2.0,1
H1,m84137_260214_004236_s1/115411417/ccs,50,132,87,269,44,0,0,0,0,0,0,0.0,0
H1,m84137_260214_004236_s1/142152429/ccs,50,133,86,269,33,0,0,1,1,1,0,1.0,0
H1,m84137_260214_004236_s1/212336748/ccs,50,132,87,269,44,0,0,0,0,0,0,0.0,0
H1,m84137_260214_004236_s1/217126320/ccs,50,132,87,269,44,0,0,0,0,0,0,0.0,0
H1,m84137_260214_004236_s1/232589002/ccs,50,132,87,269,44,0,0,0,0,0,0,0.0,0
H1,m84137_260214_004236_s1/249629939/ccs,50,133,86,269,19,1,0,1,4,1,0,4.0,1
H1,m84137_260214_004236_s1/70651301/ccs,50,138,81,269,46,0,0,0,0,0,0,0.0,0
H1,m84137_260214_004236_s1/4525167/ccs,50,133,86,269,4,0,0,1,1,1,0,1.0,0
H1,m84137_260214_004236_s1/192086480/ccs,50,132,88,270,44,0,0,0,0,0,0,0.0,0
H1,m84137_260214_004236_s1/198379457/ccs,50,134,86,270,40,0,0,1,2,1,0,2.0,1
H1,m84137_260214_004236_s1/32508929/ccs,50,134,86,270,27,0,0,1,2,1,0,2.0,1
H1,m84137_260214_004236_s1/259983398/ccs,50,135,85,270,45,0,0,0,0,0,0,0.0,0
H1,m84137_260214_004236_s1/241567400/ccs,50,135,86,271,45,0,0,0,0,0,0,0.0,0
H1,m84137_260214_004236_s1/230493487/ccs,50,135,86,271,45,0,0,0,0,0,0,0.0,0
H1,m84137_260214_004236_s1/19925720/ccs,50,135,86,271,45,0,0,0,0,0,0,0.0,0
H1,m84137_260214_004236_s1/34014159/ccs,50,135,86,271,45,0,0,0,0,0,0,0.0,0
H1,m84137_260214_004236_s1/51512193/ccs,50,135,86,271,45,0,0,0,0,0,0,0.0,0
H1,m84137_260214_004236_s1/259392520/ccs,50,135,86,271,45,0,0,0,0,0,0,0.0,0
H1,m84137_260214_004236_s1/266405471/ccs,50,135,86,271,45,0,0,0,0,0,0,0.0,0
H1,m84137_260214_004236_s1/266601473/ccs,50,135,86,271,45,0,0,0,0,0,0,0.0,0
H1,m84137_260214_004236_s1/66522272/ccs,50,135,86,271,45,0,0,0,0,0,0,0.0,0
H1,m84137_260214_004236_s1/99485528/ccs,50,135,86,271,45,0,0,0,0,0,0,0.0,0
H1,m84137_260214_004236_s1/108792770/ccs,50,135,86,271,45,0,0,0,0,0,0,0.0,0
H1,m84137_260214_004236_s1/52560796/ccs,50,135,86,271,45,0,0,0,0,0,0,0.0,0
H1,m84137_260214_004236_s1/36899037/ccs,50,135,86,271,45,0,0,0,0,0,0,0.0,0
H1,m84137_260214_004236_s1/59573249/ccs,50,135,86,271,45,0,0,0,0,0,0,0.0,0
H1,m84137_260214_004236_s1/60556462/ccs,50,135,86,271,45,0,0,0,0,0,0,0.0,0
H1,m84137_260214_004236_s1/85787792/ccs,50,135,86,271,45,0,0,0,0,0,0,0.0,0
H1,m84137_260214_004236_s1/188155880/ccs,50,135,86,271,45,0,0,0,0,0,0,0.0,0
H1,m84137_260214_004236_s1/175638049/ccs,50,135,86,271,45,0,0,0,0,0,0,0.0,0
H1,m84137_260214_004236_s1/175835425/ccs,50,135,86,271,45,0,0,0,0,0,0,0.0,0
H1,m84137_260214_004236_s1/189204166/ccs,50,135,86,271,45,0,0,0,0,0,0,0.0,0
H1,m84137_260214_004236_s1/189923876/ccs,50,135,86,271,45,0,0,0,0,0,0,0.0,0
H1,m84137_260214_004236_s1/218499131/ccs,50,135,86,271,45,0,0,0,0,0,0,0.0,0
H1,m84137_260214_004236_s1/109970180/ccs,50,135,86,271,45,0,0,0,0,0,0,0.0,0
H1,m84137_260214_004236_s1/127469145/ccs,50,135,86,271,45,0,0,0,0,0,0,0.0,0
H1,m84137_260214_004236_s1/164169114/ccs,50,135,86,271,45,0,0,0,0,0,0,0.0,0
H1,m84137_260214_004236_s1/68031103/ccs,50,135,86,271,45,0,0,0,0,0,0,0.0,0
H1,m84137_260214_004236_s1/71109966/ccs,50,135,86,271,45,0,0,0,0,0,0,0.0,0
H1,m84137_260214_004236_s1/172950952/ccs,50,135,86,271,45,0,0,0,0,0,0,0.0,0
H1,m84137_260214_004236_s1/208864857/ccs,50,135,86,271,45,0,0,0,0,0,0,0.0,0
H1,m84137_260214_004236_s1/209257148/ccs,50,135,86,271,45,0,0,0,0,0,0,0.0,0
H1,m84137_260214_004236_s1/222628608/ccs,50,135,86,271,45,0,0,0,0,0,0,0.0,0
H1,m84137_260214_004236_s1/48631855/ccs,50,135,86,271,45,0,0,0,0,0,0,0.0,0
H1,m84137_260214_004236_s1/92215070/ccs,50,135,86,271,45,0,0,0,0,0,0,0.0,0
H1,m84137_260214_004236_s1/97259308/ccs,50,135,86,271,45,0,0,0,0,0,0,0.0,0
H1,m84137_260214_004236_s1/76682693/ccs,50,135,86,271,45,0,0,0,0,0,0,0.0,0
H1,m84137_260214_004236_s1/99422763/ccs,50,135,86,271,45,0,0,0,0,0,0,0.0,0
H1,m84137_260214_004236_s1/122950082/ccs,50,135,86,271,45,0,0,0,0,0,0,0.0,0
H1,m84137_260214_004236_s1/82840988/ccs,50,135,86,271,45,0,0,0,0,0,0,0.0,0
H1,m84137_260214_004236_s1/152702064/ccs,50,135,86,271,45,0,0,0,0,0,0,0.0,0
H1,m84137_260214_004236_s1/190713578/ccs,50,135,86,271,45,0,0,0,0,0,0,0.0,0
H1,m84137_260214_004236_s1/147198879/ccs,50,135,86,271,45,0,0,0,0,0,0,0.0,0
H1,m84137_260214_004236_s1/218107296/ccs,50,135,86,271,45,0,0,0,0,0,0,0.0,0
H1,m84137_260214_004236_s1/219289299/ccs,50,135,86,271,45,0,0,0,0,0,0,0.0,0
H1,m84137_260214_004236_s1/217518111/ccs,50,135,86,271,45,0,0,0,0,0,0,0.0,0
H1,m84137_260214_004236_s1/70975567/ccs,50,132,89,271,44,0,0,0,0,0,0,0.0,0
H1,m84137_260214_004236_s1/146019725/ccs,50,135,86,271,45,0,0,0,0,0,0,0.0,0
H1,m84137_260214_004236_s1/176951751/ccs,50,135,86,271,45,0,0,0,0,0,0,0.0,0
H1,m84137_260214_004236_s1/86050297/ccs,50,135,86,271,45,0,0,0,0,0,0,0.0,0
H1,m84137_260214_004236_s1/259658142/ccs,50,135,86,271,45,0,0,0,0,0,0,0.0,0
H1,m84137_260214_004236_s1/205915285/ccs,50,135,86,271,45,0,0,0,0,0,0,0.0,0
H1,m84137_260214_004236_s1/212272157/ccs,50,135,86,271,45,0,0,0,0,0,0,0.0,0
H1,m84137_260214_004236_s1/254937259/ccs,50,135,86,271,45,0,0,0,0,0,0,0.0,0
H1,m84137_260214_004236_s1/18615963/ccs,50,135,86,271,45,0,0,0,0,0,0,0.0,0
H1,m84137_260214_004236_s1/66916842/ccs,50,135,86,271,45,0,0,0,0,0,0,0.0,0
H1,m84137_260214_004236_s1/7801535/ccs,50,135,86,271,45,0,0,0,0,0,0,0.0,0
H1,m84137_260214_004236_s1/34146957/ccs,50,135,86,271,45,0,0,0,0,0,0,0.0,0
H1,m84137_260214_004236_s1/147065328/ccs,50,135,86,271,45,0,0,0,0,0,0,0.0,0
H1,m84137_260214_004236_s1/185272956/ccs,50,135,86,271,45,0,0,0,0,0,0,0.0,0
H1,m84137_260214_004236_s1/45746039/ccs,50,135,86,271,45,0,0,0,0,0,0,0.0,0
H1,m84137_260214_004236_s1/53085256/ccs,50,135,86,271,45,0,0,0,0,0,0,0.0,0
H1,m84137_260214_004236_s1/53086004/ccs,50,135,86,271,45,0,0,0,0,0,0,0.0,0
H1,m84137_260214_004236_s1/53413135/ccs,50,135,86,271,45,0,0,0,0,0,0,0.0,0
H1,m84137_260214_004236_s1/55641277/ccs,50,135,86,271,45,0,0,0,0,0,0,0.0,0
H1,m84137_260214_004236_s1/124323669/ccs,50,132,89,271,44,0,0,0,0,0,0,0.0,0
H1,m84137_260214_004236_s1/107940213/ccs,50,135,86,271,45,0,0,0,0,0,0,0.0,0
H1,m84137_260214_004236_s1/127208005/ccs,50,135,86,271,45,0,0,0,0,0,0,0.0,0
H1,m84137_260214_004236_s1/38672108/ccs,50,135,86,271,45,0,0,0,0,0,0,0.0,0
H1,m84137_260214_004236_s1/68621603/ccs,50,135,86,271,45,0,0,0,0,0,0,0.0,0
H1,m84137_260214_004236_s1/44831124/ccs,50,135,86,271,45,0,0,0,0,0,0,0.0,0
H1,m84137_260214_004236_s1/87756980/ccs,50,135,86,271,45,0,0,0,0,0,0,0.0,0
H1,m84137_260214_004236_s1/75632994/ccs,50,135,86,271,45,0,0,0,0,0,0,0.0,0
H1,m84137_260214_004236_s1/77665144/ccs,50,135,86,271,45,0,0,0,0,0,0,0.0,0
H1,m84137_260214_004236_s1/119803786/ccs,50,135,86,271,45,0,0,0,0,0,0,0.0,0
H1,m84137_260214_004236_s1/122950902/ccs,50,135,86,271,45,0,0,0,0,0,0,0.0,0
H1,m84137_260214_004236_s1/115807529/ccs,50,135,86,271,45,0,0,0,0,0,0,0.0,0
H1,m84137_260214_004236_s1/184817087/ccs,50,135,86,271,45,0,0,0,0,0,0,0.0,0
H1,m84137_260214_004236_s1/116594367/ccs,50,135,86,271,45,0,0,0,0,0,0,0.0,0
H1,m84137_260214_004236_s1/211551287/ccs,50,135,86,271,45,0,0,0,0,0,0,0.0,0
H1,m84137_260214_004236_s1/212009435/ccs,50,135,86,271,45,0,0,0,0,0,0,0.0,0
H1,m84137_260214_004236_s1/242747272/ccs,50,135,86,271,45,0,0,0,0,0,0,0.0,0
H1,m84137_260214_004236_s1/239012154/ccs,50,135,86,271,45,0,0,0,0,0,0,0.0,0
H1,m84137_260214_004236_s1/260376265/ccs,50,135,86,271,45,0,0,0,0,0,0,0.0,0
H1,m84137_260214_004236_s1/161420349/ccs,50,135,86,271,45,0,0,0,0,0,0,0.0,0
H1,m84137_260214_004236_s1/164432985/ccs,50,135,86,271,45,0,0,0,0,0,0,0.0,0
H1,m84137_260214_004236_s1/165025074/ccs,50,135,86,271,45,0,0,0,0,0,0,0.0,0
H1,m84137_260214_004236_s1/146082978/ccs,50,135,86,271,45,0,0,0,0,0,0,0.0,0
H1,m84137_260214_004236_s1/186783533/ccs,50,135,86,271,45,0,0,0,0,0,0,0.0,0
H1,m84137_260214_004236_s1/177869395/ccs,50,135,86,271,45,0,0,0,0,0,0,0.0,0
H1,m84137_260214_004236_s1/197201429/ccs,50,135,86,271,45,0,0,0,0,0,0,0.0,0
H1,m84137_260214_004236_s1/197856831/ccs,50,135,86,271,45,0,0,0,0,0,0,0.0,0
H1,m84137_260214_004236_s1/123340723/ccs,50,135,86,271,45,0,0,0,0,0,0,0.0,0
H1,m84137_260214_004236_s1/78186641/ccs,50,135,86,271,45,0,0,0,0,0,0,0.0,0
H1,m84137_260214_004236_s1/124127564/ccs,50,135,86,271,45,0,0,0,0,0,0,0.0,0
H1,m84137_260214_004236_s1/245829630/ccs,50,135,86,271,45,0,0,0,0,0,0,0.0,0
H1,m84137_260214_004236_s1/247730601/ccs,50,135,86,271,45,0,0,0,0,0,0,0.0,0
H1,m84137_260214_004236_s1/247860881/ccs,50,135,86,271,45,0,0,0,0,0,0,0.0,0
H1,m84137_260214_004236_s1/51904977/ccs,50,135,86,271,45,0,0,0,0,0,0,0.0,0
H1,m84137_260214_004236_s1/123535729/ccs,50,135,86,271,45,0,0,0,0,0,0,0.0,0
H1,m84137_260214_004236_s1/133628448/ccs,50,135,86,271,45,0,0,0,0,0,0,0.0,0
H1,m84137_260214_004236_s1/166791229/ccs,50,135,86,271,45,0,0,0,0,0,0,0.0,0
H1,m84137_260214_004236_s1/197788827/ccs,50,135,86,271,45,0,0,0,0,0,0,0.0,0
H1,m84137_260214_004236_s1/219283717/ccs,50,135,86,271,45,0,0,0,0,0,0,0.0,0
H1,m84137_260214_004236_s1/199690560/ccs,50,135,86,271,45,0,0,0,0,0,0,0.0,0
H1,m84137_260214_004236_s1/183962030/ccs,50,135,86,271,45,0,0,0,0,0,0,0.0,0
H1,m84137_260214_004236_s1/123667517/ccs,50,135,86,271,45,0,0,0,0,0,0,0.0,0
H1,m84137_260214_004236_s1/125703973/ccs,50,135,86,271,45,0,0,0,0,0,0,0.0,0
H1,m84137_260214_004236_s1/116264773/ccs,50,135,86,271,45,0,0,0,0,0,0,0.0,0
H1,m84137_260214_004236_s1/228792025/ccs,50,135,86,271,45,0,0,0,0,0,0,0.0,0
H1,m84137_260214_004236_s1/194644611/ccs,50,135,86,271,45,0,0,0,0,0,0,0.0,0
H1,m84137_260214_004236_s1/11995168/ccs,50,135,86,271,45,0,0,0,0,0,0,0.0,0
H1,m84137_260214_004236_s1/24511154/ccs,50,135,86,271,45,0,0,0,0,0,0,0.0,0
H1,m84137_260214_004236_s1/24709622/ccs,50,135,86,271,45,0,0,0,0,0,0,0.0,0
H1,m84137_260214_004236_s1/33625095/ccs,50,135,86,271,45,0,0,0,0,0,0,0.0,0
H1,m84137_260214_004236_s1/123341454/ccs,50,135,86,271,45,0,0,0,0,0,0,0.0,0
H1,m84137_260214_004236_s1/178980673/ccs,50,135,86,271,45,0,0,0,0,0,0,0.0,0
H1,m84137_260214_004236_s1/20777852/ccs,50,135,86,271,45,0,0,0,0,0,0,0.0,0
H1,m84137_260214_004236_s1/21234484/ccs,50,135,86,271,45,0,0,0,0,0,0,0.0,0
H1,m84137_260214_004236_s1/16647679/ccs,50,135,86,271,45,0,0,0,0,0,0,0.0,0
H1,m84137_260214_004236_s1/40043050/ccs,50,135,86,271,45,0,0,0,0,0,0,0.0,0
H1,m84137_260214_004236_s1/133496927/ccs,50,135,86,271,45,0,0,0,0,0,0,0.0,0
H1,m84137_260214_004236_s1/139528234/ccs,50,135,86,271,45,0,0,0,0,0,0,0.0,0
H1,m84137_260214_004236_s1/164167715/ccs,50,135,86,271,45,0,0,0,0,0,0,0.0,0
H1,m84137_260214_004236_s1/160761616/ccs,50,135,86,271,45,0,0,0,0,0,0,0.0,0
H1,m84137_260214_004236_s1/146868989/ccs,50,135,86,271,45,0,0,0,0,0,0,0.0,0
H1,m84137_260214_004236_s1/147785492/ccs,50,135,86,271,45,0,0,0,0,0,0,0.0,0
H1,m84137_260214_004236_s1/186319009/ccs,50,135,86,271,45,0,0,0,0,0,0,0.0,0
H1,m84137_260214_004236_s1/255660769/ccs,50,135,86,271,45,0,0,0,0,0,0,0.0,0
H1,m84137_260214_004236_s1/259593823/ccs,50,135,86,271,45,0,0,0,0,0,0,0.0,0
H1,m84137_260214_004236_s1/245503346/ccs,50,135,86,271,45,0,0,0,0,0,0,0.0,0
H1,m84137_260214_004236_s1/246944682/ccs,50,135,86,271,45,0,0,0,0,0,0,0.0,0
H1,m84137_260214_004236_s1/247141973/ccs,50,135,86,271,45,0,0,0,0,0,0,0.0,0
H1,m84137_260214_004236_s1/249631805/ccs,50,135,86,271,45,0,0,0,0,0,0,0.0,0
H1,m84137_260214_004236_s1/26346655/ccs,50,135,86,271,45,0,0,0,0,0,0,0.0,0
H1,m84137_260214_004236_s1/156369642/ccs,50,135,86,271,45,0,0,0,0,0,0,0.0,0
H1,m84137_260214_004236_s1/226690316/ccs,50,135,86,271,45,0,0,0,0,0,0,0.0,0
H1,m84137_260214_004236_s1/170264839/ccs,50,135,86,271,45,0,0,0,0,0,0,0.0,0
H1,m84137_260214_004236_s1/149946612/ccs,50,135,86,271,45,0,0,0,0,0,0,0.0,0
H1,m84137_260214_004236_s1/176686266/ccs,50,135,86,271,45,0,0,0,0,0,0,0.0,0
H1,m84137_260214_004236_s1/218432603/ccs,50,135,86,271,45,0,0,0,0,0,0,0.0,0
H1,m84137_260214_004236_s1/199819370/ccs,50,135,86,271,45,0,0,0,0,0,0,0.0,0
H1,m84137_260214_004236_s1/221512531/ccs,50,135,86,271,45,0,0,0,0,0,0,0.0,0
H1,m84137_260214_004236_s1/222889414/ccs,50,135,86,271,45,0,0,0,0,0,0,0.0,0
H1,m84137_260214_004236_s1/253692781/ccs,50,135,86,271,45,0,0,0,0,0,0,0.0,0
H1,m84137_260214_004236_s1/254806103/ccs,50,135,86,271,45,0,0,0,0,0,0,0.0,0
H1,m84137_260214_004236_s1/237045377/ccs,50,135,86,271,45,0,0,0,0,0,0,0.0,0
H1,m84137_260214_004236_s1/234488546/ccs,50,135,86,271,45,0,0,0,0,0,0,0.0,0
H1,m84137_260214_004236_s1/134483988/ccs,50,135,86,271,45,0,0,0,0,0,0,0.0,0
H1,m84137_260214_004236_s1/82579190/ccs,50,135,86,271,45,0,0,0,0,0,0,0.0,0
H1,m84137_260214_004236_s1/112136322/ccs,50,135,86,271,45,0,0,0,0,0,0,0.0,0
H1,m84137_260214_004236_s1/112922920/ccs,50,135,86,271,45,0,0,0,0,0,0,0.0,0
H1,m84137_260214_004236_s1/133764071/ccs,50,135,86,271,45,0,0,0,0,0,0,0.0,0
H1,m84137_260214_004236_s1/162926095/ccs,50,135,86,271,45,0,0,0,0,0,0,0.0,0
H1,m84137_260214_004236_s1/186127320/ccs,50,135,86,271,45,0,0,0,0,0,0,0.0,0
H1,m84137_260214_004236_s1/43849452/ccs,50,135,86,271,45,0,0,0,0,0,0,0.0,0
H1,m84137_260214_004236_s1/60691123/ccs,50,135,86,271,45,0,0,0,0,0,0,0.0,0
H1,m84137_260214_004236_s1/89790244/ccs,50,135,86,271,45,0,0,0,0,0,0,0.0,0
H1,m84137_260214_004236_s1/75567519/ccs,50,135,86,271,45,0,0,0,0,0,0,0.0,0
H1,m84137_260214_004236_s1/101715856/ccs,50,135,86,271,45,0,0,0,0,0,0,0.0,0
H1,m84137_260214_004236_s1/78843993/ccs,50,135,86,271,45,0,0,0,0,0,0,0.0,0
H1,m84137_260214_004236_s1/98834193/ccs,50,135,86,271,45,0,0,0,0,0,0,0.0,0
H1,m84137_260214_004236_s1/106829647/ccs,50,135,86,271,45,0,0,0,0,0,0,0.0,0
H1,m84137_260214_004236_s1/74252469/ccs,50,135,86,271,45,0,0,0,0,0,0,0.0,0
H1,m84137_260214_004236_s1/71830263/ccs,50,135,86,271,45,0,0,0,0,0,0,0.0,0
H1,m84137_260214_004236_s1/67374852/ccs,50,135,86,271,45,0,0,0,0,0,0,0.0,0
H1,m84137_260214_004236_s1/42930539/ccs,50,135,86,271,45,0,0,0,0,0,0,0.0,0
H1,m84137_260214_004236_s1/118555579/ccs,50,135,86,271,45,0,0,0,0,0,0,0.0,0
H1,m84137_260214_004236_s1/126421382/ccs,50,135,86,271,45,0,0,0,0,0,0,0.0,0
H1,m84137_260214_004236_s1/122292219/ccs,50,135,86,271,45,0,0,0,0,0,0,0.0,0
H1,m84137_260214_004236_s1/153159804/ccs,50,135,86,271,45,0,0,0,0,0,0,0.0,0
H1,m84137_260214_004236_s1/177082298/ccs,50,135,86,271,45,0,0,0,0,0,0,0.0,0
H1,m84137_260214_004236_s1/221582023/ccs,50,135,86,271,45,0,0,0,0,0,0,0.0,0
H1,m84137_260214_004236_s1/252383231/ccs,50,135,86,271,45,0,0,0,0,0,0,0.0,0
H1,m84137_260214_004236_s1/183179041/ccs,50,135,86,271,45,0,0,0,0,0,0,0.0,0
H1,m84137_260214_004236_s1/247138207/ccs,50,135,86,271,45,0,0,0,0,0,0,0.0,0
H1,m84137_260214_004236_s1/2561451/ccs,50,135,86,271,45,0,0,0,0,0,0,0.0,0
H1,m84137_260214_004236_s1/5247955/ccs,50,135,86,271,45,0,0,0,0,0,0,0.0,0
H1,m84137_260214_004236_s1/27726076/ccs,50,135,86,271,45,0,0,0,0,0,0,0.0,0
H1,m84137_260214_004236_s1/196284785/ccs,50,135,86,271,45,0,0,0,0,0,0,0.0,0
H1,m84137_260214_004236_s1/92736609/ccs,50,135,86,271,45,0,0,0,0,0,0,0.0,0
H1,m84137_260214_004236_s1/141627208/ccs,50,135,86,271,45,0,0,0,0,0,0,0.0,0
H1,m84137_260214_004236_s1/213322757/ccs,50,136,86,272,23,1,0,1,4,1,0,4.0,1
H1,m84137_260214_004236_s1/203951261/ccs,50,136,86,272,2,0,0,1,1,1,0,1.0,0
H1,m84137_260214_004236_s1/175835292/ccs,50,135,87,272,45,0,0,0,0,0,0,0.0,0
H1,m84137_260214_004236_s1/134414511/ccs,50,136,86,272,15,1,0,1,4,1,0,4.0,1
H1,m84137_260214_004236_s1/197724236/ccs,50,136,86,272,38,0,0,1,1,1,0,1.0,0
H1,m84137_260214_004236_s1/188748173/ccs,50,135,87,272,45,0,0,0,0,0,0,0.0,0
H1,m84137_260214_004236_s1/35458849/ccs,50,136,86,272,7,1,0,1,4,1,0,4.0,1
H1,m84137_260214_004236_s1/212011154/ccs,50,136,86,272,28,0,0,1,1,1,0,1.0,0
H1,m84137_260214_004236_s1/114889712/ccs,50,136,86,272,12,1,0,1,4,1,0,4.0,1
H1,m84137_260214_004236_s1/233181095/ccs,50,136,86,272,12,1,0,1,4,1,0,4.0,1
H1,m84137_260214_004236_s1/232263470/ccs,50,136,86,272,8,1,0,1,4,1,0,4.0,1
H1,m84137_260214_004236_s1/35586570/ccs,50,135,88,273,45,0,0,0,0,0,0,0.0,0
H1,m84137_260214_004236_s1/92999905/ccs,50,126,97,273,42,0,0,0,0,0,0,0.0,0
H1,m84137_260214_004236_s1/127534761/ccs,50,137,86,273,35,0,0,1,2,1,0,2.0,0
H1,m84137_260214_004236_s1/129504884/ccs,50,137,86,273,29,0,0,1,2,1,0,2.0,1
H1,m84137_260214_004236_s1/56756248/ccs,50,137,86,273,24,0,0,1,2,1,0,2.0,0
H1,m84137_260214_004236_s1/143065962/ccs,50,137,86,273,29,0,0,1,2,1,0,2.0,0
H1,m84137_260214_004236_s1/183697456/ccs,50,138,85,273,46,0,0,0,0,0,0,0.0,0
H1,m84137_260214_004236_s1/200410448/ccs,50,138,86,274,46,0,0,0,0,0,0,0.0,0
H1,m84137_260214_004236_s1/1901874/ccs,50,138,86,274,46,0,0,0,0,0,0,0.0,0
H1,m84137_260214_004236_s1/29753793/ccs,50,138,86,274,46,0,0,0,0,0,0,0.0,0
H1,m84137_260214_004236_s1/5113477/ccs,50,135,89,274,45,0,0,0,0,0,0,0.0,0
H1,m84137_260214_004236_s1/27658474/ccs,50,138,86,274,46,0,0,0,0,0,0,0.0,0
H1,m84137_260214_004236_s1/31982189/ccs,50,138,86,274,46,0,0,0,0,0,0,0.0,0
H1,m84137_260214_004236_s1/27924264/ccs,50,138,86,274,46,0,0,0,0,0,0,0.0,0
H1,m84137_260214_004236_s1/27004305/ccs,50,138,86,274,46,0,0,0,0,0,0,0.0,0
H1,m84137_260214_004236_s1/71369790/ccs,50,138,86,274,46,0,0,0,0,0,0,0.0,0
H1,m84137_260214_004236_s1/92800906/ccs,50,138,86,274,46,0,0,0,0,0,0,0.0,0
H1,m84137_260214_004236_s1/77333527/ccs,50,138,86,274,46,0,0,0,0,0,0,0.0,0
H1,m84137_260214_004236_s1/102105575/ccs,50,138,86,274,46,0,0,0,0,0,0,0.0,0
H1,m84137_260214_004236_s1/100337084/ccs,50,138,86,274,46,0,0,0,0,0,0,0.0,0
H1,m84137_260214_004236_s1/103548130/ccs,50,138,86,274,46,0,0,0,0,0,0,0.0,0
H1,m84137_260214_004236_s1/61409055/ccs,50,138,86,274,46,0,0,0,0,0,0,0.0,0
H1,m84137_260214_004236_s1/69535672/ccs,50,138,86,274,46,0,0,0,0,0,0,0.0,0
H1,m84137_260214_004236_s1/70256013/ccs,50,138,86,274,46,0,0,0,0,0,0,0.0,0
H1,m84137_260214_004236_s1/161219867/ccs,50,138,86,274,46,0,0,0,0,0,0,0.0,0
H1,m84137_260214_004236_s1/128188633/ccs,50,138,86,274,46,0,0,0,0,0,0,0.0,0
H1,m84137_260214_004236_s1/132253372/ccs,50,138,86,274,46,0,0,0,0,0,0,0.0,0
H1,m84137_260214_004236_s1/52171083/ccs,50,138,86,274,46,0,0,0,0,0,0,0.0,0
H1,m84137_260214_004236_s1/32052716/ccs,50,138,86,274,46,0,0,0,0,0,0,0.0,0
H1,m84137_260214_004236_s1/55449488/ccs,50,138,86,274,46,0,0,0,0,0,0,0.0,0
H1,m84137_260214_004236_s1/55840542/ccs,50,138,86,274,46,0,0,0,0,0,0,0.0,0
H1,m84137_260214_004236_s1/69604600/ccs,50,138,86,274,46,0,0,0,0,0,0,0.0,0
H1,m84137_260214_004236_s1/194249365/ccs,50,138,86,274,45,1,0,1,3,0,1,3.0,0
H1,m84137_260214_004236_s1/194579272/ccs,50,138,86,274,46,0,0,0,0,0,0,0.0,0
H1,m84137_260214_004236_s1/208078366/ccs,50,138,86,274,46,0,0,0,0,0,0,0.0,0
H1,m84137_260214_004236_s1/93525321/ccs,50,138,86,274,46,0,0,0,0,0,0,0.0,0
H1,m84137_260214_004236_s1/151000178/ccs,50,138,86,274,46,0,0,0,0,0,0,0.0,0
H1,m84137_260214_004236_s1/113514120/ccs,50,138,86,274,46,0,0,0,0,0,0,0.0,0
H1,m84137_260214_004236_s1/163122710/ccs,50,138,86,274,46,0,0,0,0,0,0,0.0,0
H1,m84137_260214_004236_s1/183635492/ccs,50,138,86,274,46,0,0,0,0,0,0,0.0,0
H1,m84137_260214_004236_s1/191958062/ccs,50,138,86,274,46,0,0,0,0,0,0,0.0,0
H1,m84137_260214_004236_s1/197071678/ccs,50,138,86,274,46,0,0,0,0,0,0,0.0,0
H1,m84137_260214_004236_s1/180163499/ccs,50,138,86,274,46,0,0,0,0,0,0,0.0,0
H1,m84137_260214_004236_s1/90508976/ccs,50,138,86,274,46,0,0,0,0,0,0,0.0,0
H1,m84137_260214_004236_s1/99882127/ccs,50,138,86,274,46,0,0,0,0,0,0,0.0,0
H1,m84137_260214_004236_s1/49348972/ccs,50,138,86,274,46,0,0,0,0,0,0,0.0,0
H1,m84137_260214_004236_s1/132254879/ccs,50,138,86,274,46,0,0,0,0,0,0,0.0,0
H1,m84137_260214_004236_s1/178395000/ccs,50,138,86,274,46,0,0,0,0,0,0,0.0,0
H1,m84137_260214_004236_s1/34867567/ccs,50,138,86,274,46,0,0,0,0,0,0,0.0,0
H1,m84137_260214_004236_s1/36241879/ccs,50,138,86,274,46,0,0,0,0,0,0,0.0,0
H1,m84137_260214_004236_s1/80612624/ccs,50,138,86,274,46,0,0,0,0,0,0,0.0,0
H1,m84137_260214_004236_s1/253428357/ccs,50,138,86,274,46,0,0,0,0,0,0,0.0,0
H1,m84137_260214_004236_s1/28049861/ccs,50,138,86,274,46,0,0,0,0,0,0,0.0,0
H1,m84137_260214_004236_s1/29884922/ccs,50,138,86,274,46,0,0,0,0,0,0,0.0,0
H1,m84137_260214_004236_s1/13305063/ccs,50,138,86,274,46,0,0,0,0,0,0,0.0,0
H1,m84137_260214_004236_s1/142279265/ccs,50,138,86,274,46,0,0,0,0,0,0,0.0,0
H1,m84137_260214_004236_s1/173409315/ccs,50,138,86,274,46,0,0,0,0,0,0,0.0,0
H1,m84137_260214_004236_s1/190383791/ccs,50,138,86,274,46,0,0,0,0,0,0,0.0,0
H1,m84137_260214_004236_s1/149226537/ccs,50,138,86,274,46,0,0,0,0,0,0,0.0,0
H1,m84137_260214_004236_s1/41419683/ccs,50,138,86,274,46,0,0,0,0,0,0,0.0,0
H1,m84137_260214_004236_s1/59705012/ccs,50,138,86,274,46,0,0,0,0,0,0,0.0,0
H1,m84137_260214_004236_s1/63505565/ccs,50,138,86,274,46,0,0,0,0,0,0,0.0,0
H1,m84137_260214_004236_s1/38996441/ccs,50,138,86,274,46,0,0,0,0,0,0,0.0,0
H1,m84137_260214_004236_s1/73926359/ccs,50,138,86,274,46,0,0,0,0,0,0,0.0,0
H1,m84137_260214_004236_s1/119343131/ccs,50,138,86,274,46,0,0,0,0,0,0,0.0,0
H1,m84137_260214_004236_s1/103941217/ccs,50,138,86,274,46,0,0,0,0,0,0,0.0,0
H1,m84137_260214_004236_s1/133434315/ccs,50,138,86,274,46,0,0,0,0,0,0,0.0,0
H1,m84137_260214_004236_s1/62592104/ccs,50,138,86,274,46,0,0,0,0,0,0,0.0,0
H1,m84137_260214_004236_s1/85267709/ccs,50,138,86,274,46,0,0,0,0,0,0,0.0,0
H1,m84137_260214_004236_s1/48042809/ccs,50,138,86,274,46,0,0,0,0,0,0,0.0,0
H1,m84137_260214_004236_s1/137303726/ccs,50,138,86,274,46,0,0,0,0,0,0,0.0,0
H1,m84137_260214_004236_s1/139791782/ccs,50,138,86,274,46,0,0,0,0,0,0,0.0,0
H1,m84137_260214_004236_s1/160568041/ccs,50,138,86,274,46,0,0,0,0,0,0,0.0,0
H1,m84137_260214_004236_s1/167776519/ccs,50,138,86,274,46,0,0,0,0,0,0,0.0,0
H1,m84137_260214_004236_s1/144641838/ccs,50,138,86,274,46,0,0,0,0,0,0,0.0,0
H1,m84137_260214_004236_s1/255984261/ccs,50,138,86,274,46,0,0,0,0,0,0,0.0,0
H1,m84137_260214_004236_s1/259784826/ccs,50,138,86,274,46,0,0,0,0,0,0,0.0,0
H1,m84137_260214_004236_s1/173414180/ccs,50,138,86,274,46,0,0,0,0,0,0,0.0,0
H1,m84137_260214_004236_s1/170659429/ccs,50,138,86,274,46,0,0,0,0,0,0,0.0,0
H1,m84137_260214_004236_s1/179637538/ccs,50,138,86,274,46,0,0,0,0,0,0,0.0,0
H1,m84137_260214_004236_s1/199365468/ccs,50,138,86,274,46,0,0,0,0,0,0,0.0,0
H1,m84137_260214_004236_s1/250091373/ccs,50,138,86,274,46,0,0,0,0,0,0,0.0,0
H1,m84137_260214_004236_s1/42796318/ccs,50,138,86,274,46,0,0,0,0,0,0,0.0,0
H1,m84137_260214_004236_s1/61408130/ccs,50,138,86,274,46,0,0,0,0,0,0,0.0,0
H1,m84137_260214_004236_s1/71633669/ccs,50,138,86,274,46,0,0,0,0,0,0,0.0,0
H1,m84137_260214_004236_s1/77463741/ccs,50,138,86,274,46,0,0,0,0,0,0,0.0,0
H1,m84137_260214_004236_s1/130352286/ccs,50,138,86,274,46,0,0,0,0,0,0,0.0,0
H1,m84137_260214_004236_s1/202180114/ccs,50,138,86,274,46,0,0,0,0,0,0,0.0,0
H1,m84137_260214_004236_s1/24383783/ccs,50,138,86,274,46,0,0,0,0,0,0,0.0,0
H1,m84137_260214_004236_s1/26088516/ccs,50,138,86,274,46,0,0,0,0,0,0,0.0,0
H1,m84137_260214_004236_s1/190120536/ccs,50,138,86,274,46,0,0,0,0,0,0,0.0,0
H1,m84137_260214_004236_s1/182258448/ccs,50,138,86,274,46,0,0,0,0,0,0,0.0,0
H1,m84137_260214_004236_s1/204669361/ccs,50,138,86,274,46,0,0,0,0,0,0,0.0,0
H1,m84137_260214_004236_s1/214631362/ccs,50,138,86,274,46,0,0,0,0,0,0,0.0,0
H1,m84137_260214_004236_s1/244384603/ccs,50,138,86,274,46,0,0,0,0,0,0,0.0,0
H1,m84137_260214_004236_s1/180753871/ccs,50,138,86,274,46,0,0,0,0,0,0,0.0,0
H1,m84137_260214_004236_s1/62983556/ccs,50,135,89,274,45,0,0,0,0,0,0,0.0,0
H1,m84137_260214_004236_s1/231542975/ccs,50,138,86,274,46,0,0,0,0,0,0,0.0,0
H1,m84137_260214_004236_s1/124387441/ccs,50,138,86,274,34,0,0,2,3,2,0,1.5,1
H1,m84137_260214_004236_s1/265224885/ccs,50,138,86,274,46,0,0,0,0,0,0,0.0,0
H1,m84137_260214_004236_s1/202901800/ccs,50,138,86,274,46,0,0,0,0,0,0,0.0,0
H1,m84137_260214_004236_s1/231997726/ccs,50,138,86,274,46,0,0,0,0,0,0,0.0,0
H1,m84137_260214_004236_s1/9180477/ccs,50,138,86,274,46,0,0,0,0,0,0,0.0,0
H1,m84137_260214_004236_s1/101648252/ccs,50,138,86,274,46,0,0,0,0,0,0,0.0,0
H1,m84137_260214_004236_s1/25954235/ccs,50,138,86,274,46,0,0,0,0,0,0,0.0,0
H1,m84137_260214_004236_s1/45220517/ccs,50,138,86,274,46,0,0,0,0,0,0,0.0,0
H1,m84137_260214_004236_s1/138412618/ccs,50,138,86,274,46,0,0,0,0,0,0,0.0,0
H1,m84137_260214_004236_s1/258609796/ccs,50,138,86,274,46,0,0,0,0,0,0,0.0,0
H1,m84137_260214_004236_s1/73990835/ccs,50,138,86,274,46,0,0,0,0,0,0,0.0,0
H1,m84137_260214_004236_s1/188614447/ccs,50,138,86,274,46,0,0,0,0,0,0,0.0,0
H1,m84137_260214_004236_s1/225577169/ccs,50,138,86,274,46,0,0,0,0,0,0,0.0,0
H1,m84137_260214_004236_s1/223021452/ccs,50,138,86,274,46,0,0,0,0,0,0,0.0,0
H1,m84137_260214_004236_s1/226232053/ccs,50,138,86,274,46,0,0,0,0,0,0,0.0,0
H1,m84137_260214_004236_s1/232194439/ccs,50,138,86,274,46,0,0,0,0,0,0,0.0,0
H1,m84137_260214_004236_s1/253887305/ccs,50,138,86,274,46,0,0,0,0,0,0,0.0,0
H1,m84137_260214_004236_s1/241566747/ccs,50,138,86,274,46,0,0,0,0,0,0,0.0,0
H1,m84137_260214_004236_s1/105975909/ccs,50,138,86,274,46,0,0,0,0,0,0,0.0,0
H1,m84137_260214_004236_s1/135139632/ccs,50,138,86,274,46,0,0,0,0,0,0,0.0,0
H1,m84137_260214_004236_s1/152178217/ccs,50,138,86,274,46,0,0,0,0,0,0,0.0,0
H1,m84137_260214_004236_s1/142085547/ccs,50,138,86,274,46,0,0,0,0,0,0,0.0,0
H1,m84137_260214_004236_s1/16651053/ccs,50,138,86,274,46,0,0,0,0,0,0,0.0,0
H1,m84137_260214_004236_s1/65409873/ccs,50,138,86,274,46,0,0,0,0,0,0,0.0,0
H1,m84137_260214_004236_s1/78778472/ccs,50,138,86,274,46,0,0,0,0,0,0,0.0,0
H1,m84137_260214_004236_s1/51253480/ccs,50,138,86,274,46,0,0,0,0,0,0,0.0,0
H1,m84137_260214_004236_s1/76092805/ccs,50,138,86,274,46,0,0,0,0,0,0,0.0,0
H1,m84137_260214_004236_s1/254939619/ccs,50,138,86,274,46,0,0,0,0,0,0,0.0,0
H1,m84137_260214_004236_s1/39062625/ccs,50,138,86,274,46,0,0,0,0,0,0,0.0,0
H1,m84137_260214_004236_s1/39061797/ccs,50,138,86,274,46,0,0,0,0,0,0,0.0,0
H1,m84137_260214_004236_s1/66258659/ccs,50,138,86,274,46,0,0,0,0,0,0,0.0,0
H1,m84137_260214_004236_s1/85524586/ccs,50,138,86,274,46,0,0,0,0,0,0,0.0,0
H1,m84137_260214_004236_s1/86966340/ccs,50,138,86,274,46,0,0,0,0,0,0,0.0,0
H1,m84137_260214_004236_s1/87884865/ccs,50,138,86,274,46,0,0,0,0,0,0,0.0,0
H1,m84137_260214_004236_s1/20778813/ccs,50,138,86,274,46,0,0,0,0,0,0,0.0,0
H1,m84137_260214_004236_s1/127338556/ccs,50,138,86,274,46,0,0,0,0,0,0,0.0,0
H1,m84137_260214_004236_s1/132317851/ccs,50,138,86,274,46,0,0,0,0,0,0,0.0,0
H1,m84137_260214_004236_s1/165287164/ccs,50,138,86,274,46,0,0,0,0,0,0,0.0,0
H1,m84137_260214_004236_s1/167647069/ccs,50,138,86,274,46,0,0,0,0,0,0,0.0,0
H1,m84137_260214_004236_s1/149231129/ccs,50,135,89,274,45,0,0,0,0,0,0,0.0,0
H1,m84137_260214_004236_s1/179638131/ccs,50,138,86,274,46,0,0,0,0,0,0,0.0,0
H1,m84137_260214_004236_s1/180424668/ccs,50,138,86,274,46,0,0,0,0,0,0,0.0,0
H1,m84137_260214_004236_s1/225185361/ccs,50,138,86,274,46,0,0,0,0,0,0,0.0,0
H1,m84137_260214_004236_s1/184489540/ccs,50,138,86,274,46,0,0,0,0,0,0,0.0,0
H1,m84137_260214_004236_s1/266536699/ccs,50,138,86,274,46,0,0,0,0,0,0,0.0,0
H1,m84137_260214_004236_s1/7673338/ccs,50,138,86,274,46,0,0,0,0,0,0,0.0,0
H1,m84137_260214_004236_s1/30019347/ccs,50,138,86,274,46,0,0,0,0,0,0,0.0,0
H1,m84137_260214_004236_s1/135988489/ccs,50,138,86,274,46,0,0,0,0,0,0,0.0,0
H1,m84137_260214_004236_s1/69010308/ccs,50,138,86,274,46,0,0,0,0,0,0,0.0,0
H1,m84137_260214_004236_s1/255591533/ccs,50,141,84,275,47,0,0,0,0,0,0,0.0,0
H1,m84137_260214_004236_s1/82445391/ccs,50,139,86,275,34,0,0,1,1,1,0,1.0,0
H1,m84137_260214_004236_s1/95159073/ccs,50,138,87,275,46,0,0,0,0,0,0,0.0,0
H1,m84137_260214_004236_s1/27267594/ccs,50,139,86,275,39,0,0,1,4,1,0,4.0,0
H1,m84137_260214_004236_s1/115736643/ccs,50,140,86,276,8,0,0,1,2,1,0,2.0,0
H1,m84137_260214_004236_s1/220141216/ccs,50,140,86,276,7,0,0,1,2,1,0,2.0,1
H1,m84137_260214_004236_s1/31588605/ccs,50,140,86,276,30,0,0,3,8,3,0,2.6666666666666665,2
H1,m84137_260214_004236_s1/145099371/ccs,50,140,86,276,27,1,0,2,5,2,0,2.5,1
H1,m84137_260214_004236_s1/18418609/ccs,50,141,86,277,47,0,0,0,0,0,0,0.0,0
H1,m84137_260214_004236_s1/229771135/ccs,50,138,89,277,9,1,0,3,6,3,0,2.0,1
H1,m84137_260214_004236_s1/95420685/ccs,50,141,86,277,47,0,0,0,0,0,0,0.0,0
H1,m84137_260214_004236_s1/125763633/ccs,50,141,86,277,47,0,0,0,0,0,0,0.0,0
H1,m84137_260214_004236_s1/46531824/ccs,50,141,86,277,47,0,0,0,0,0,0,0.0,0
H1,m84137_260214_004236_s1/43256449/ccs,50,141,86,277,47,0,0,0,0,0,0,0.0,0
H1,m84137_260214_004236_s1/192546363/ccs,50,141,86,277,47,0,0,0,0,0,0,0.0,0
H1,m84137_260214_004236_s1/176882077/ccs,50,141,86,277,47,0,0,0,0,0,0,0.0,0
H1,m84137_260214_004236_s1/114491665/ccs,50,141,86,277,47,0,0,0,0,0,0,0.0,0
H1,m84137_260214_004236_s1/37623475/ccs,50,141,86,277,47,0,0,0,0,0,0,0.0,0
H1,m84137_260214_004236_s1/225512388/ccs,50,141,86,277,47,0,0,0,0,0,0,0.0,0
H1,m84137_260214_004236_s1/126029477/ccs,50,141,86,277,47,0,0,0,0,0,0,0.0,0
H1,m84137_260214_004236_s1/146018784/ccs,50,140,87,277,15,0,0,1,2,1,0,2.0,0
H1,m84137_260214_004236_s1/218959428/ccs,50,141,86,277,47,0,0,0,0,0,0,0.0,0
H1,m84137_260214_004236_s1/189009832/ccs,50,141,86,277,47,0,0,0,0,0,0,0.0,0
H1,m84137_260214_004236_s1/206507424/ccs,50,141,86,277,47,0,0,0,0,0,0,0.0,0
H1,m84137_260214_004236_s1/248776177/ccs,53,138,86,277,46,0,0,0,0,0,0,0.0,0
H1,m84137_260214_004236_s1/258543060/ccs,50,141,86,277,47,0,0,0,0,0,0,0.0,0
H1,m84137_260214_004236_s1/14551545/ccs,50,141,86,277,47,0,0,0,0,0,0,0.0,0
H1,m84137_260214_004236_s1/139984935/ccs,50,141,86,277,47,0,0,0,0,0,0,0.0,0
H1,m84137_260214_004236_s1/205262444/ccs,50,141,86,277,47,0,0,0,0,0,0,0.0,0
H1,m84137_260214_004236_s1/210698528/ccs,50,141,86,277,47,0,0,0,0,0,0,0.0,0
H1,m84137_260214_004236_s1/212142436/ccs,50,141,86,277,47,0,0,0,0,0,0,0.0,0
H1,m84137_260214_004236_s1/28443823/ccs,50,141,86,277,47,0,0,0,0,0,0,0.0,0
H1,m84137_260214_004236_s1/11274218/ccs,50,141,86,277,47,0,0,0,0,0,0,0.0,0
H1,m84137_260214_004236_s1/6424062/ccs,50,141,86,277,47,0,0,0,0,0,0,0.0,0
H1,m84137_260214_004236_s1/3278597/ccs,50,141,86,277,47,0,0,0,0,0,0,0.0,0
H1,m84137_260214_004236_s1/29557764/ccs,50,141,86,277,47,0,0,0,0,0,0,0.0,0
H1,m84137_260214_004236_s1/55968319/ccs,50,141,86,277,47,0,0,0,0,0,0,0.0,0
H1,m84137_260214_004236_s1/34734297/ccs,50,141,86,277,47,0,0,0,0,0,0,0.0,0
H1,m84137_260214_004236_s1/34735283/ccs,50,141,86,277,47,0,0,0,0,0,0,0.0,0
H1,m84137_260214_004236_s1/162529321/ccs,50,141,86,277,47,0,0,0,0,0,0,0.0,0
H1,m84137_260214_004236_s1/159253770/ccs,50,141,86,277,47,0,0,0,0,0,0,0.0,0
H1,m84137_260214_004236_s1/147391598/ccs,50,141,86,277,47,0,0,0,0,0,0,0.0,0
H1,m84137_260214_004236_s1/174457877/ccs,50,141,86,277,47,0,0,0,0,0,0,0.0,0
H1,m84137_260214_004236_s1/112656901/ccs,50,141,86,277,47,0,0,0,0,0,0,0.0,0
H1,m84137_260214_004236_s1/122817241/ccs,50,141,86,277,47,0,0,0,0,0,0,0.0,0
H1,m84137_260214_004236_s1/152109343/ccs,50,141,86,277,47,0,0,0,0,0,0,0.0,0
H1,m84137_260214_004236_s1/115214234/ccs,50,141,86,277,47,0,0,0,0,0,0,0.0,0
H1,m84137_260214_004236_s1/72224267/ccs,50,141,86,277,47,0,0,0,0,0,0,0.0,0
H1,m84137_260214_004236_s1/124849622/ccs,50,141,86,277,47,0,0,0,0,0,0,0.0,0
H1,m84137_260214_004236_s1/113578564/ccs,50,141,86,277,47,0,0,0,0,0,0,0.0,0
H1,m84137_260214_004236_s1/154932700/ccs,50,141,86,277,47,0,0,0,0,0,0,0.0,0
H1,m84137_260214_004236_s1/163843886/ccs,50,141,86,277,47,0,0,0,0,0,0,0.0,0
H1,m84137_260214_004236_s1/235997582/ccs,50,141,86,277,47,0,0,0,0,0,0,0.0,0
H1,m84137_260214_004236_s1/150736036/ccs,50,141,86,277,47,0,0,0,0,0,0,0.0,0
H1,m84137_260214_004236_s1/207097128/ccs,50,141,86,277,47,0,0,0,0,0,0,0.0,0
H1,m84137_260214_004236_s1/199364055/ccs,50,141,86,277,47,0,0,0,0,0,0,0.0,0
H1,m84137_260214_004236_s1/182390466/ccs,50,141,86,277,47,0,0,0,0,0,0,0.0,0
H1,m84137_260214_004236_s1/226367007/ccs,50,141,86,277,47,0,0,0,0,0,0,0.0,0
H1,m84137_260214_004236_s1/92275690/ccs,50,141,86,277,47,0,0,0,0,0,0,0.0,0
H1,m84137_260214_004236_s1/89457200/ccs,50,141,86,277,47,0,0,0,0,0,0,0.0,0
H1,m84137_260214_004236_s1/259396447/ccs,50,141,86,277,47,0,0,0,0,0,0,0.0,0
H1,m84137_260214_004236_s1/239078683/ccs,50,141,86,277,47,0,0,0,0,0,0,0.0,0
H1,m84137_260214_004236_s1/266603523/ccs,50,141,86,277,47,0,0,0,0,0,0,0.0,0
H1,m84137_260214_004236_s1/225380074/ccs,50,141,86,277,47,0,0,0,0,0,0,0.0,0
H1,m84137_260214_004236_s1/184420070/ccs,50,141,86,277,47,0,0,0,0,0,0,0.0,0
H1,m84137_260214_004236_s1/65540549/ccs,50,141,86,277,47,0,0,0,0,0,0,0.0,0
H1,m84137_260214_004236_s1/74715065/ccs,50,141,86,277,47,0,0,0,0,0,0,0.0,0
H1,m84137_260214_004236_s1/111939829/ccs,50,141,86,277,47,0,0,0,0,0,0,0.0,0
H1,m84137_260214_004236_s1/133042652/ccs,50,141,86,277,47,0,0,0,0,0,0,0.0,0
H1,m84137_260214_004236_s1/156112648/ccs,50,141,86,277,47,0,0,0,0,0,0,0.0,0
H1,m84137_260214_004236_s1/139199888/ccs,50,141,86,277,47,0,0,0,0,0,0,0.0,0
H1,m84137_260214_004236_s1/247270138/ccs,50,141,86,277,47,0,0,0,0,0,0,0.0,0
H1,m84137_260214_004236_s1/34341773/ccs,50,141,86,277,47,0,0,0,0,0,0,0.0,0
H1,m84137_260214_004236_s1/34933115/ccs,50,141,86,277,47,0,0,0,0,0,0,0.0,0
H1,m84137_260214_004236_s1/15402681/ccs,50,141,86,277,47,0,0,0,0,0,0,0.0,0
H1,m84137_260214_004236_s1/35128254/ccs,50,141,86,277,47,0,0,0,0,0,0,0.0,0
H1,m84137_260214_004236_s1/59310395/ccs,50,141,86,277,47,0,0,0,0,0,0,0.0,0
H1,m84137_260214_004236_s1/41877627/ccs,50,138,89,277,46,0,0,0,0,0,0,0.0,0
H1,m84137_260214_004236_s1/64095270/ccs,50,138,89,277,46,0,0,0,0,0,0,0.0,0
H1,m84137_260214_004236_s1/132907429/ccs,50,141,86,277,47,0,0,0,0,0,0,0.0,0
H1,m84137_260214_004236_s1/162662742/ccs,50,141,86,277,47,0,0,0,0,0,0,0.0,0
H1,m84137_260214_004236_s1/143917292/ccs,50,141,86,277,47,0,0,0,0,0,0,0.0,0
H1,m84137_260214_004236_s1/232983647/ccs,50,141,86,277,47,0,0,0,0,0,0,0.0,0
H1,m84137_260214_004236_s1/237967123/ccs,50,141,86,277,47,0,0,0,0,0,0,0.0,0
H1,m84137_260214_004236_s1/181668390/ccs,50,141,86,277,47,0,0,0,0,0,0,0.0,0
H1,m84137_260214_004236_s1/186450370/ccs,50,141,86,277,47,0,0,0,0,0,0,0.0,0
H1,m84137_260214_004236_s1/149358576/ccs,50,141,86,277,47,0,0,0,0,0,0,0.0,0
H1,m84137_260214_004236_s1/149489930/ccs,50,141,86,277,47,0,0,0,0,0,0,0.0,0
H1,m84137_260214_004236_s1/150667750/ccs,50,141,86,277,47,0,0,0,0,0,0,0.0,0
H1,m84137_260214_004236_s1/151983777/ccs,50,141,86,277,47,0,0,0,0,0,0,0.0,0
H1,m84137_260214_004236_s1/59773776/ccs,50,141,86,277,47,0,0,0,0,0,0,0.0,0
H1,m84137_260214_004236_s1/70653543/ccs,50,141,86,277,47,0,0,0,0,0,0,0.0,0
H1,m84137_260214_004236_s1/96931581/ccs,50,141,86,277,47,0,0,0,0,0,0,0.0,0
H1,m84137_260214_004236_s1/80089308/ccs,50,141,86,277,47,0,0,0,0,0,0,0.0,0
H1,m84137_260214_004236_s1/267584470/ccs,50,141,86,277,47,0,0,0,0,0,0,0.0,0
H1,m84137_260214_004236_s1/175900655/ccs,50,141,86,277,47,0,0,0,0,0,0,0.0,0
H1,m84137_260214_004236_s1/50267049/ccs,50,141,86,277,47,0,0,0,0,0,0,0.0,0
H1,m84137_260214_004236_s1/96994509/ccs,50,141,86,277,47,0,0,0,0,0,0,0.0,0
H1,m84137_260214_004236_s1/237175966/ccs,50,141,86,277,47,0,0,0,0,0,0,0.0,0
H1,m84137_260214_004236_s1/264505082/ccs,50,141,86,277,47,0,0,0,0,0,0,0.0,0
H1,m84137_260214_004236_s1/24710840/ccs,50,141,86,277,47,0,0,0,0,0,0,0.0,0
H1,m84137_260214_004236_s1/136645230/ccs,50,141,86,277,47,0,0,0,0,0,0,0.0,0
H1,m84137_260214_004236_s1/147068641/ccs,50,141,86,277,47,0,0,0,0,0,0,0.0,0
H1,m84137_260214_004236_s1/207163793/ccs,50,141,86,277,47,0,0,0,0,0,0,0.0,0
H1,m84137_260214_004236_s1/11671227/ccs,50,141,86,277,47,0,0,0,0,0,0,0.0,0
H1,m84137_260214_004236_s1/56170373/ccs,50,141,86,277,47,0,0,0,0,0,0,0.0,0
H1,m84137_260214_004236_s1/231543989/ccs,50,141,86,277,47,0,0,0,0,0,0,0.0,0
H1,m84137_260214_004236_s1/181602433/ccs,50,141,86,277,47,0,0,0,0,0,0,0.0,0
H1,m84137_260214_004236_s1/60102338/ccs,50,141,86,277,47,0,0,0,0,0,0,0.0,0
H1,m84137_260214_004236_s1/192153773/ccs,50,142,86,278,39,0,0,1,1,1,0,1.0,0
H1,m84137_260214_004236_s1/97517751/ccs,50,139,89,278,26,1,0,1,4,1,0,4.0,1
H1,m84137_260214_004236_s1/197657054/ccs,50,142,86,278,25,0,0,1,1,1,0,1.0,0
H1,m84137_260214_004236_s1/236656562/ccs,50,142,86,278,31,1,0,1,4,1,0,4.0,1
H1,m84137_260214_004236_s1/55773683/ccs,51,142,86,279,4,0,0,1,1,1,0,1.0,0
H1,m84137_260214_004236_s1/255787545/ccs,50,144,86,280,48,0,0,0,0,0,0,0.0,0
H1,m84137_260214_004236_s1/237568582/ccs,50,144,86,280,48,0,0,0,0,0,0,0.0,0
H1,m84137_260214_004236_s1/239143531/ccs,50,144,86,280,48,0,0,0,0,0,0,0.0,0
H1,m84137_260214_004236_s1/249168733/ccs,50,144,86,280,48,0,0,0,0,0,0,0.0,0
H1,m84137_260214_004236_s1/79562720/ccs,50,144,86,280,48,0,0,0,0,0,0,0.0,0
H1,m84137_260214_004236_s1/188155693/ccs,50,144,86,280,48,0,0,0,0,0,0,0.0,0
H1,m84137_260214_004236_s1/162597198/ccs,50,144,86,280,48,0,0,0,0,0,0,0.0,0
H1,m84137_260214_004236_s1/163250272/ccs,50,144,86,280,48,0,0,0,0,0,0,0.0,0
H1,m84137_260214_004236_s1/180684952/ccs,50,144,86,280,48,0,0,0,0,0,0,0.0,0
H1,m84137_260214_004236_s1/75895523/ccs,50,144,86,280,48,0,0,0,0,0,0,0.0,0
H1,m84137_260214_004236_s1/129830964/ccs,50,144,86,280,48,0,0,0,0,0,0,0.0,0
H1,m84137_260214_004236_s1/241110072/ccs,50,144,86,280,48,0,0,0,0,0,0,0.0,0
H1,m84137_260214_004236_s1/135727482/ccs,50,144,86,280,48,0,0,0,0,0,0,0.0,0
H1,m84137_260214_004236_s1/259135289/ccs,50,144,86,280,48,0,0,0,0,0,0,0.0,0
H1,m84137_260214_004236_s1/235013196/ccs,50,144,86,280,48,0,0,0,0,0,0,0.0,0
H1,m84137_260214_004236_s1/204407265/ccs,50,144,86,280,48,0,0,0,0,0,0,0.0,0
H1,m84137_260214_004236_s1/5898744/ccs,50,144,86,280,48,0,0,0,0,0,0,0.0,0
H1,m84137_260214_004236_s1/38667776/ccs,50,144,86,280,48,0,0,0,0,0,0,0.0,0
H1,m84137_260214_004236_s1/151848780/ccs,50,144,86,280,48,0,0,0,0,0,0,0.0,0
H1,m84137_260214_004236_s1/75435087/ccs,50,144,86,280,48,0,0,0,0,0,0,0.0,0
H1,m84137_260214_004236_s1/159978415/ccs,50,144,86,280,48,0,0,0,0,0,0,0.0,0
H1,m84137_260214_004236_s1/228657724/ccs,50,144,86,280,48,0,0,0,0,0,0,0.0,0
H1,m84137_260214_004236_s1/194189138/ccs,50,144,86,280,48,0,0,0,0,0,0,0.0,0
H1,m84137_260214_004236_s1/205919183/ccs,50,144,86,280,48,0,0,0,0,0,0,0.0,0
H1,m84137_260214_004236_s1/28445762/ccs,50,144,86,280,48,0,0,0,0,0,0,0.0,0
H1,m84137_260214_004236_s1/221906781/ccs,50,144,86,280,48,0,0,0,0,0,0,0.0,0
H1,m84137_260214_004236_s1/74779696/ccs,50,144,86,280,48,0,0,0,0,0,0,0.0,0
H1,m84137_260214_004236_s1/13112426/ccs,50,144,86,280,48,0,0,0,0,0,0,0.0,0
H1,m84137_260214_004236_s1/97982240/ccs,50,144,86,280,48,0,0,0,0,0,0,0.0,0
H1,m84137_260214_004236_s1/19006249/ccs,50,144,86,280,48,0,0,0,0,0,0,0.0,0
H1,m84137_260214_004236_s1/4587663/ccs,50,144,86,280,48,0,0,0,0,0,0,0.0,0
H1,m84137_260214_004236_s1/108137071/ccs,50,144,86,280,48,0,0,0,0,0,0,0.0,0
H1,m84137_260214_004236_s1/13764158/ccs,50,144,86,280,48,0,0,0,0,0,0,0.0,0
H1,m84137_260214_004236_s1/20513553/ccs,50,144,86,280,48,0,0,0,0,0,0,0.0,0
H1,m84137_260214_004236_s1/9898965/ccs,50,144,86,280,48,0,0,0,0,0,0,0.0,0
H1,m84137_260214_004236_s1/45613367/ccs,50,144,86,280,48,0,0,0,0,0,0,0.0,0
H1,m84137_260214_004236_s1/191825574/ccs,50,144,86,280,48,0,0,0,0,0,0,0.0,0
H1,m84137_260214_004236_s1/264243362/ccs,50,144,86,280,48,0,0,0,0,0,0,0.0,0
H1,m84137_260214_004236_s1/189794754/ccs,50,144,86,280,48,0,0,0,0,0,0,0.0,0
H1,m84137_260214_004236_s1/128849304/ccs,50,144,86,280,48,0,0,0,0,0,0,0.0,0
H1,m84137_260214_004236_s1/250020694/ccs,50,144,86,280,48,0,0,0,0,0,0,0.0,0
H1,m84137_260214_004236_s1/67962097/ccs,50,144,86,280,48,0,0,0,0,0,0,0.0,0
H1,m84137_260214_004236_s1/73531984/ccs,50,144,86,280,48,0,0,0,0,0,0,0.0,0
H1,m84137_260214_004236_s1/95554286/ccs,50,144,86,280,48,0,0,0,0,0,0,0.0,0
H1,m84137_260214_004236_s1/247924297/ccs,50,144,86,280,48,0,0,0,0,0,0,0.0,0
H1,m84137_260214_004236_s1/245891756/ccs,50,144,86,280,48,0,0,0,0,0,0,0.0,0
H1,m84137_260214_004236_s1/32706623/ccs,50,144,86,280,48,0,0,0,0,0,0,0.0,0
H1,m84137_260214_004236_s1/106498684/ccs,50,144,86,280,48,0,0,0,0,0,0,0.0,0
H1,m84137_260214_004236_s1/103549766/ccs,50,144,86,280,48,0,0,0,0,0,0,0.0,0
H1,m84137_260214_004236_s1/111283050/ccs,50,144,86,280,48,0,0,0,0,0,0,0.0,0
H1,m84137_260214_004236_s1/111545299/ccs,50,144,86,280,48,0,0,0,0,0,0,0.0,0
H1,m84137_260214_004236_s1/191499713/ccs,50,144,86,280,48,0,0,0,0,0,0,0.0,0
H1,m84137_260214_004236_s1/189207506/ccs,50,144,86,280,48,0,0,0,0,0,0,0.0,0
H1,m84137_260214_004236_s1/20779624/ccs,50,144,86,280,48,0,0,0,0,0,0,0.0,0
H1,m84137_260214_004236_s1/214631406/ccs,50,144,86,280,48,0,0,0,0,0,0,0.0,0
H1,m84137_260214_004236_s1/182061009/ccs,50,145,86,281,39,0,0,1,1,1,0,1.0,0
H1,m84137_260214_004236_s1/238027499/ccs,50,146,86,282,21,0,0,1,2,1,0,2.0,0
H1,m84137_260214_004236_s1/234881600/ccs,50,142,90,282,41,0,0,1,1,1,0,1.0,0
H1,m84137_260214_004236_s1/4985741/ccs,50,141,91,282,47,0,0,0,0,0,0,0.0,0
H1,m84137_260214_004236_s1/217448607/ccs,50,147,86,283,49,0,0,0,0,0,0,0.0,0
H1,m84137_260214_004236_s1/237700405/ccs,50,147,86,283,49,0,0,0,0,0,0,0.0,0
H1,m84137_260214_004236_s1/244189391/ccs,50,147,86,283,49,0,0,0,0,0,0,0.0,0
H1,m84137_260214_004236_s1/261358310/ccs,50,147,86,283,49,0,0,0,0,0,0,0.0,0
H1,m84137_260214_004236_s1/163579829/ccs,50,147,86,283,49,0,0,0,0,0,0,0.0,0
H1,m84137_260214_004236_s1/35458412/ccs,50,147,86,283,49,0,0,0,0,0,0,0.0,0
H1,m84137_260214_004236_s1/76811705/ccs,50,147,86,283,49,0,0,0,0,0,0,0.0,0
H1,m84137_260214_004236_s1/131469412/ccs,50,147,86,283,49,0,0,0,0,0,0,0.0,0
H1,m84137_260214_004236_s1/157226466/ccs,50,147,86,283,49,0,0,0,0,0,0,0.0,0
H1,m84137_260214_004236_s1/209850769/ccs,50,147,86,283,49,0,0,0,0,0,0,0.0,0
H1,m84137_260214_004236_s1/239865344/ccs,50,153,80,283,51,0,0,0,0,0,0,0.0,0
H1,m84137_260214_004236_s1/213517304/ccs,50,147,86,283,49,0,0,0,0,0,0,0.0,0
H1,m84137_260214_004236_s1/15008098/ccs,50,147,86,283,49,0,0,0,0,0,0,0.0,0
H1,m84137_260214_004236_s1/16386035/ccs,50,147,86,283,49,0,0,0,0,0,0,0.0,0
H1,m84137_260214_004236_s1/155190184/ccs,50,147,86,283,49,0,0,0,0,0,0,0.0,0
H1,m84137_260214_004236_s1/147260281/ccs,50,147,86,283,49,0,0,0,0,0,0,0.0,0
H1,m84137_260214_004236_s1/58526341/ccs,50,147,86,283,49,0,0,0,0,0,0,0.0,0
H1,m84137_260214_004236_s1/104270571/ccs,50,144,89,283,48,0,0,0,0,0,0,0.0,0
H1,m84137_260214_004236_s1/103355889/ccs,50,147,86,283,49,0,0,0,0,0,0,0.0,0
H1,m84137_260214_004236_s1/210306724/ccs,50,147,86,283,49,0,0,0,0,0,0,0.0,0
H1,m84137_260214_004236_s1/117901732/ccs,50,147,86,283,49,0,0,0,0,0,0,0.0,0
H1,m84137_260214_004236_s1/72615394/ccs,50,147,86,283,49,0,0,0,0,0,0,0.0,0
H1,m84137_260214_004236_s1/148111401/ccs,50,144,89,283,20,0,0,2,6,2,0,3.0,2
H1,m84137_260214_004236_s1/205128380/ccs,50,147,86,283,49,0,0,0,0,0,0,0.0,0
H1,m84137_260214_004236_s1/169742388/ccs,50,147,86,283,49,0,0,0,0,0,0,0.0,0
H1,m84137_260214_004236_s1/19990367/ccs,50,147,86,283,49,0,0,0,0,0,0,0.0,0
H1,m84137_260214_004236_s1/30540174/ccs,50,147,86,283,49,0,0,0,0,0,0,0.0,0
H1,m84137_260214_004236_s1/51645014/ccs,50,147,86,283,49,0,0,0,0,0,0,0.0,0
H1,m84137_260214_004236_s1/163645725/ccs,50,147,86,283,49,0,0,0,0,0,0,0.0,0
H1,m84137_260214_004236_s1/166725714/ccs,50,147,86,283,49,0,0,0,0,0,0,0.0,0
H1,m84137_260214_004236_s1/191037773/ccs,50,147,86,283,49,0,0,0,0,0,0,0.0,0
H1,m84137_260214_004236_s1/253037187/ccs,50,147,86,283,49,0,0,0,0,0,0,0.0,0
H1,m84137_260214_004236_s1/235734115/ccs,50,147,86,283,49,0,0,0,0,0,0,0.0,0
H1,m84137_260214_004236_s1/137171973/ccs,50,147,86,283,49,0,0,0,0,0,0,0.0,0
H1,m84137_260214_004236_s1/95882850/ccs,50,147,86,283,49,0,0,0,0,0,0,0.0,0
H1,m84137_260214_004236_s1/172822366/ccs,50,147,86,283,49,0,0,0,0,0,0,0.0,0
H1,m84137_260214_004236_s1/254283631/ccs,50,147,86,283,49,0,0,0,0,0,0,0.0,0
H1,m84137_260214_004236_s1/102301922/ccs,50,147,86,283,49,0,0,0,0,0,0,0.0,0
H1,m84137_260214_004236_s1/261030667/ccs,50,147,86,283,49,0,0,0,0,0,0,0.0,0
H1,m84137_260214_004236_s1/127076380/ccs,50,147,86,283,49,0,0,0,0,0,0,0.0,0
H1,m84137_260214_004236_s1/224726198/ccs,50,147,86,283,49,0,0,0,0,0,0,0.0,0
H1,m84137_260214_004236_s1/210046931/ccs,50,147,86,283,49,0,0,0,0,0,0,0.0,0
H1,m84137_260214_004236_s1/211750067/ccs,50,147,86,283,49,0,0,0,0,0,0,0.0,0
H1,m84137_260214_004236_s1/266929637/ccs,50,147,86,283,49,0,0,0,0,0,0,0.0,0
H1,m84137_260214_004236_s1/9310186/ccs,50,147,86,283,49,0,0,0,0,0,0,0.0,0
H1,m84137_260214_004236_s1/123473865/ccs,50,147,86,283,49,0,0,0,0,0,0,0.0,0
H1,m84137_260214_004236_s1/207423415/ccs,50,148,86,284,46,0,0,1,1,1,0,1.0,0
H1,m84137_260214_004236_s1/224855079/ccs,50,149,86,285,37,0,0,1,2,1,0,2.0,1
H1,m84137_260214_004236_s1/4982489/ccs,50,150,86,286,50,0,0,0,0,0,0,0.0,0
H1,m84137_260214_004236_s1/156829517/ccs,50,150,86,286,50,0,0,0,0,0,0,0.0,0
H1,m84137_260214_004236_s1/158926969/ccs,50,150,86,286,50,0,0,0,0,0,0,0.0,0
H1,m84137_260214_004236_s1/61937241/ccs,50,150,86,286,50,0,0,0,0,0,0,0.0,0
H1,m84137_260214_004236_s1/110171377/ccs,50,150,86,286,50,0,0,0,0,0,0,0.0,0
H1,m84137_260214_004236_s1/210767423/ccs,50,150,86,286,50,0,0,0,0,0,0,0.0,0
H1,m84137_260214_004236_s1/131269015/ccs,50,150,86,286,50,0,0,0,0,0,0,0.0,0
H1,m84137_260214_004236_s1/144379663/ccs,50,150,86,286,50,0,0,0,0,0,0,0.0,0
H1,m84137_260214_004236_s1/210829693/ccs,50,150,86,286,50,0,0,0,0,0,0,0.0,0
H1,m84137_260214_004236_s1/166597609/ccs,50,150,86,286,50,0,0,0,0,0,0,0.0,0
H1,m84137_260214_004236_s1/99550031/ccs,50,150,86,286,50,0,0,0,0,0,0,0.0,0
H1,m84137_260214_004236_s1/245632758/ccs,50,150,86,286,50,0,0,0,0,0,0,0.0,0
H1,m84137_260214_004236_s1/198574195/ccs,50,150,86,286,50,0,0,0,0,0,0,0.0,0
H1,m84137_260214_004236_s1/184025856/ccs,50,156,80,286,52,0,0,0,0,0,0,0.0,0
H1,m84137_260214_004236_s1/201789951/ccs,50,150,86,286,50,0,0,0,0,0,0,0.0,0
H1,m84137_260214_004236_s1/214111466/ccs,50,150,86,286,50,0,0,0,0,0,0,0.0,0
H1,m84137_260214_004236_s1/171706802/ccs,50,150,86,286,50,0,0,0,0,0,0,0.0,0
H1,m84137_260214_004236_s1/210504691/ccs,50,150,86,286,50,0,0,0,0,0,0,0.0,0
H1,m84137_260214_004236_s1/212797107/ccs,50,150,86,286,50,0,0,0,0,0,0,0.0,0
H1,m84137_260214_004236_s1/229050764/ccs,50,150,86,286,50,0,0,0,0,0,0,0.0,0
H1,m84137_260214_004236_s1/90639563/ccs,50,150,86,286,50,0,0,0,0,0,0,0.0,0
H1,m84137_260214_004236_s1/95424756/ccs,50,150,86,286,50,0,0,0,0,0,0,0.0,0
H1,m84137_260214_004236_s1/76549576/ccs,50,150,86,286,50,0,0,0,0,0,0,0.0,0
H1,m84137_260214_004236_s1/120130535/ccs,50,150,86,286,50,0,0,0,0,0,0,0.0,0
H1,m84137_260214_004236_s1/72679784/ccs,50,151,86,287,41,0,0,1,1,1,0,1.0,0
H1,m84137_260214_004236_s1/96273784/ccs,50,152,86,288,10,2,0,4,14,4,0,3.5,3
H1,m84137_260214_004236_s1/123931052/ccs,50,152,86,288,36,0,0,1,2,1,0,2.0,0
H1,m84137_260214_004236_s1/94180800/ccs,50,153,86,289,51,0,0,0,0,0,0,0.0,0
H1,m84137_260214_004236_s1/58655608/ccs,50,150,89,289,50,0,0,0,0,0,0,0.0,0
H1,m84137_260214_004236_s1/240916127/ccs,50,153,86,289,51,0,0,0,0,0,0,0.0,0
H1,m84137_260214_004236_s1/54595351/ccs,50,153,86,289,51,0,0,0,0,0,0,0.0,0
H1,m84137_260214_004236_s1/235539299/ccs,50,153,86,289,51,0,0,0,0,0,0,0.0,0
H1,m84137_260214_004236_s1/226099303/ccs,50,153,86,289,51,0,0,0,0,0,0,0.0,0
H1,m84137_260214_004236_s1/13239724/ccs,50,153,86,289,51,0,0,0,0,0,0,0.0,0
H1,m84137_260214_004236_s1/138217597/ccs,50,153,86,289,51,0,0,0,0,0,0,0.0,0
H1,m84137_260214_004236_s1/99160043/ccs,50,153,86,289,51,0,0,0,0,0,0,0.0,0
H1,m84137_260214_004236_s1/86640789/ccs,50,153,86,289,51,0,0,0,0,0,0,0.0,0
H1,m84137_260214_004236_s1/264374194/ccs,50,153,86,289,51,0,0,0,0,0,0,0.0,0
H1,m84137_260214_004236_s1/37884285/ccs,50,153,86,289,51,0,0,0,0,0,0,0.0,0
H1,m84137_260214_004236_s1/239602079/ccs,50,154,86,290,31,0,0,1,4,1,0,4.0,0
H1,m84137_260214_004236_s1/43912421/ccs,50,156,86,292,52,0,0,0,0,0,0,0.0,0
H1,m84137_260214_004236_s1/142610643/ccs,50,156,86,292,52,0,0,0,0,0,0,0.0,0
H1,m84137_260214_004236_s1/199824611/ccs,50,156,86,292,52,0,0,0,0,0,0,0.0,0
H1,m84137_260214_004236_s1/265557155/ccs,50,156,86,292,52,0,0,0,0,0,0,0.0,0
H1,m84137_260214_004236_s1/176886649/ccs,50,156,86,292,52,0,0,0,0,0,0,0.0,0
H1,m84137_260214_004236_s1/171247610/ccs,50,156,86,292,52,0,0,0,0,0,0,0.0,0
H1,m84137_260214_004236_s1/172163802/ccs,50,156,86,292,52,0,0,0,0,0,0,0.0,0
H1,m84137_260214_004236_s1/22085776/ccs,50,156,86,292,52,0,0,0,0,0,0,0.0,0
H1,m84137_260214_004236_s1/15927958/ccs,50,156,86,292,52,0,0,0,0,0,0,0.0,0
H1,m84137_260214_004236_s1/241109075/ccs,50,156,86,292,52,0,0,0,0,0,0,0.0,0
H1,m84137_260214_004236_s1/72025769/ccs,50,156,86,292,52,0,0,0,0,0,0,0.0,0
H1,m84137_260214_004236_s1/14817036/ccs,50,156,86,292,52,0,0,0,0,0,0,0.0,0
H1,m84137_260214_004236_s1/29824513/ccs,50,159,86,295,53,0,0,0,0,0,0,0.0,0
H1,m84137_260214_004236_s1/61539542/ccs,50,159,86,295,53,0,0,0,0,0,0,0.0,0
H1,m84137_260214_004236_s1/25428765/ccs,50,159,86,295,53,0,0,0,0,0,0,0.0,0
H1,m84137_260214_004236_s1/163317875/ccs,50,159,86,295,53,0,0,0,0,0,0,0.0,0
H1,m84137_260214_004236_s1/53609406/ccs,50,159,86,295,53,0,0,0,0,0,0,0.0,0
H1,m84137_260214_004236_s1/145560408/ccs,50,159,86,295,53,0,0,0,0,0,0,0.0,0
H1,m84137_260214_004236_s1/78974894/ccs,50,156,89,295,52,0,0,0,0,0,0,0.0,0
H1,m84137_260214_004236_s1/81003231/ccs,50,159,86,295,53,0,0,0,0,0,0,0.0,0
H1,m84137_260214_004236_s1/126552328/ccs,50,157,89,296,30,2,0,3,10,3,0,3.3333333333333335,3
H1,m84137_260214_004236_s1/58199146/ccs,50,159,89,298,53,0,0,0,0,0,0,0.0,0
H1,m84137_260214_004236_s1/190580559/ccs,50,162,86,298,54,0,0,0,0,0,0,0.0,0
H1,m84137_260214_004236_s1/227411215/ccs,50,162,86,298,54,0,0,0,0,0,0,0.0,0
H1,m84137_260214_004236_s1/160044805/ccs,50,162,86,298,54,0,0,0,0,0,0,0.0,0
H1,m84137_260214_004236_s1/93195118/ccs,50,162,86,298,54,0,0,0,0,0,0,0.0,0
H1,m84137_260214_004236_s1/203756170/ccs,50,162,86,298,54,0,0,0,0,0,0,0.0,0
H1,m84137_260214_004236_s1/35656043/ccs,50,162,86,298,54,0,0,0,0,0,0,0.0,0
H1,m84137_260214_004236_s1/44238429/ccs,50,165,86,301,55,0,0,0,0,0,0,0.0,0
H1,m84137_260214_004236_s1/118165713/ccs,50,165,86,301,55,0,0,0,0,0,0,0.0,0
H1,m84137_260214_004236_s1/198118315/ccs,50,165,86,301,55,0,0,0,0,0,0,0.0,0
H1,m84137_260214_004236_s1/255394037/ccs,50,165,86,301,55,0,0,0,0,0,0,0.0,0
H1,m84137_260214_004236_s1/103157687/ccs,50,165,86,301,55,0,0,0,0,0,0,0.0,0
H1,m84137_260214_004236_s1/232588853/ccs,50,166,86,302,15,0,0,1,1,1,0,1.0,0
H1,m84137_260214_004236_s1/112463268/ccs,50,168,87,305,56,0,0,0,0,0,0,0.0,0
H1,m84137_260214_004236_s1/168362965/ccs,50,171,86,307,57,0,0,0,0,0,0,0.0,0
H1,m84137_260214_004236_s1/128648160/ccs,50,171,86,307,57,0,0,0,0,0,0,0.0,0
H1,m84137_260214_004236_s1/118887540/ccs,50,171,86,307,57,0,0,0,0,0,0,0.0,0
H1,m84137_260214_004236_s1/174262461/ccs,50,174,86,310,58,0,0,0,0,0,0,0.0,0
H1,m84137_260214_004236_s1/40175216/ccs,50,174,86,310,58,0,0,0,0,0,0,0.0,0
H1,m84137_260214_004236_s1/81528138/ccs,50,174,86,310,58,0,0,0,0,0,0,0.0,0
H1,m84137_260214_004236_s1/34149804/ccs,50,179,86,315,51,0,0,1,2,1,0,2.0,1
H1,m84137_260214_004236_s1/139793119/ccs,50,186,86,322,62,0,0,0,0,0,0,0.0,0
H1,m84137_260214_004236_s1/184026940/ccs,50,186,86,322,62,0,0,0,0,0,0,0.0,0
H1,m84137_260214_004236_s1/72221613/ccs,50,189,86,325,63,0,0,0,0,0,0,0.0,0
H1,m84137_260214_004236_s1/111216390/ccs,50,189,86,325,63,0,0,0,0,0,0,0.0,0
H1,m84137_260214_004236_s1/148051734/ccs,50,192,86,328,64,0,0,0,0,0,0,0.0,0
H1,m84137_260214_004236_s1/246090609/ccs,50,201,80,331,67,0,0,0,0,0,0,0.0,0
H1,m84137_260214_004236_s1/101455502/ccs,50,195,86,331,65,0,0,0,0,0,0,0.0,0
H1,m84137_260214_004236_s1/171508354/ccs,50,195,86,331,65,0,0,0,0,0,0,0.0,0
H1,m84137_260214_004236_s1/180095781/ccs,50,195,86,331,65,0,0,0,0,0,0,0.0,0
H1,m84137_260214_004236_s1/186255284/ccs,50,195,89,334,65,0,0,0,0,0,0,0.0,0
H1,m84137_260214_004236_s1/18285712/ccs,50,198,86,334,66,0,0,0,0,0,0,0.0,0
H1,m84137_260214_004236_s1/98042151/ccs,50,198,86,334,66,0,0,0,0,0,0,0.0,0
H1,m84137_260214_004236_s1/97976905/ccs,50,198,86,334,66,0,0,0,0,0,0,0.0,0
H1,m84137_260214_004236_s1/22744906/ccs,50,201,86,337,67,0,0,0,0,0,0,0.0,0
H1,m84137_260214_004236_s1/55378685/ccs,50,202,87,339,30,0,0,2,4,2,0,2.0,2
H1,m84137_260214_004236_s1/79170850/ccs,50,204,86,340,68,0,0,0,0,0,0,0.0,0
H1,m84137_260214_004236_s1/257038192/ccs,50,205,86,341,22,0,0,1,1,1,0,1.0,0
H1,m84137_260214_004236_s1/169148885/ccs,50,207,86,343,69,0,0,0,0,0,0,0.0,0
H1,m84137_260214_004236_s1/61216631/ccs,50,213,80,343,71,0,0,0,0,0,0,0.0,0
H1,m84137_260214_004236_s1/49155605/ccs,50,207,86,343,69,0,0,0,0,0,0,0.0,0
H1,m84137_260214_004236_s1/202378601/ccs,50,209,86,345,54,0,0,1,2,1,0,2.0,1
H1,m84137_260214_004236_s1/138739807/ccs,50,210,86,346,70,0,0,0,0,0,0,0.0,0
H1,m84137_260214_004236_s1/145883270/ccs,50,216,86,352,72,0,0,0,0,0,0,0.0,0
H1,m84137_260214_004236_s1/124715337/ccs,50,216,86,352,72,0,0,0,0,0,0,0.0,0
H1,m84137_260214_004236_s1/171115530/ccs,50,222,86,358,74,0,0,0,0,0,0,0.0,0
H1,m84137_260214_004236_s1/170787022/ccs,50,224,86,360,58,0,0,1,2,1,0,2.0,1
H1,m84137_260214_004236_s1/237572297/ccs,50,241,80,371,63,1,0,1,4,1,0,4.0,1
H1,m84137_260214_004236_s1/149557566/ccs,50,240,86,376,80,0,0,0,0,0,0,0.0,0
H1,m84137_260214_004236_s1/52235762/ccs,50,240,86,376,80,0,0,0,0,0,0,0.0,0
H1,m84137_260214_004236_s1/143852257/ccs,50,243,86,379,81,0,0,0,0,0,0,0.0,0
H1,m84137_260214_004236_s1/21565468/ccs,50,243,92,385,81,0,0,0,0,0,0,0.0,0
H1,m84137_260214_004236_s1/32442017/ccs,50,267,86,403,89,0,0,0,0,0,0,0.0,0
H1,m84137_260214_004236_s1/189466735/ccs,50,285,86,421,95,0,0,0,0,0,0,0.0,0
H1,m84137_260214_004236_s1/84415457/ccs,50,285,86,421,95,0,0,0,0,0,0,0.0,0
H1,m84137_260214_004236_s1/90637324/ccs,50,297,80,427,99,0,0,0,0,0,0,0.0,0
H1,m84137_260214_004236_s1/65077752/ccs,50,294,86,430,98,0,0,0,0,0,0,0.0,0
H1,m84137_260214_004236_s1/135272232/ccs,50,306,86,442,102,0,0,0,0,0,0,0.0,0
H1,m84137_260214_004236_s1/58261655/ccs,50,333,86,469,111,0,0,0,0,0,0,0.0,0
H1,m84137_260214_004236_s1/101454288/ccs,50,405,86,541,134,1,0,1,3,0,1,3.0,0
H1,m84137_260214_004236_s1/194384599/ccs,50,438,80,568,146,0,0,0,0,0,0,0.0,0
H1,m84137_260214_004236_s1/124651419/ccs,50,435,86,571,145,0,0,0,0,0,0,0.0,0
H1,m84137_260214_004236_s1/33427283/ccs,50,471,86,607,157,0,0,0,0,0,0,0.0,0
H1,m84137_260214_004236_s1/35262710/ccs,50,483,80,613,161,0,0,0,0,0,0,0.0,0
H1,m84137_260214_004236_s1/129632088/ccs,50,504,86,640,168,0,0,0,0,0,0,0.0,0
H1,m84137_260214_004236_s1/165548065/ccs,50,537,86,673,179,0,0,0,0,0,0,0.0,0
H1,m84137_260214_004236_s1/171575776/ccs,50,549,86,685,183,0,0,0,0,0,0,0.0,0
H1,m84137_260214_004236_s1/166464690/ccs,50,624,86,760,102,0,0,3,6,3,0,2.0,2
H1,m84137_260214_004236_s1/207750403/ccs,50,708,86,844,236,0,0,0,0,0,0,0.0,0
H1,m84137_260214_004236_s1/109253695/ccs,50,711,86,847,236,1,0,1,3,0,1,3.0,0
H1,m84137_260214_004236_s1/254807744/ccs,50,807,52,909,269,0,0,0,0,0,0,0.0,0
H1,m84137_260214_004236_s1/250480546/ccs,50,837,52,939,201,0,0,4,12,2,2,3.0,0
H1,m84137_260214_004236_s1/188743725/ccs,50,870,46,966,156,0,0,2,3,2,0,1.5,1
H1,m84137_260214_004236_s1/142083520/ccs,50,987,43,1080,73,0,0,11,24,11,0,2.1818181818181817,8
H1,m84137_260214_004236_s1/26479609/ccs,50,1008,40,1098,336,0,0,0,0,0,0,0.0,0
H1,m84137_260214_004236_s1/29885912/ccs,50,1179,52,1281,393,0,0,0,0,0,0,0.0,0
H1,m84137_260214_004236_s1/246026174/ccs,50,1846,43,1939,554,1,0,1,4,1,0,4.0,1
H1,m84137_260214_004236_s1/124125631/ccs,50,3008,52,3110,949,0,0,1,2,1,0,2.0,1
H1,m84137_260214_004236_s1/222167530/ccs,50,4180,40,4270,563,0,0,2,4,2,0,2.0,2
H1,m84137_260214_004236_s1/14815194/ccs,50,196,84,330,20,1,0,10,34,10,0,3.4,1
H1,m84137_260214_004236_s1/55115834/ccs,55,131,87,273,5,1,0,9,32,7,2,3.5555555555555554,1
H1,m84137_260214_004236_s1/76615118/ccs,55,136,86,277,11,0,0,7,28,6,1,4.0,0
H1,m84137_260214_004236_s1/26677939/ccs,50,127,92,269,8,0,0,6,16,6,0,2.6666666666666665,3
H1,m84137_260214_004236_s1/217191038/ccs,52,129,86,267,26,0,0,7,15,5,2,2.142857142857143,1
H1,m84137_260214_004236_s1/135991485/ccs,50,118,102,270,9,0,0,4,10,2,2,2.5,1
H1,m84137_260214_004236_s1/34018995/ccs,50,133,86,269,7,0,0,5,13,5,0,2.6,0
H1,m84137_260214_004236_s1/80612642/ccs,50,123,86,259,41,0,0,0,0,0,0,0.0,0
H1,m84137_260214_004236_s1/114888134/ccs,50,123,86,259,41,0,0,0,0,0,0,0.0,0
H1,m84137_260214_004236_s1/138084631/ccs,50,123,86,259,41,0,0,0,0,0,0,0.0,0
H1,m84137_260214_004236_s1/27199347/ccs,50,126,86,262,42,0,0,0,0,0,0,0.0,0
H1,m84137_260214_004236_s1/199493021/ccs,50,126,86,262,42,0,0,0,0,0,0,0.0,0
H1,m84137_260214_004236_s1/71307148/ccs,50,126,86,262,42,0,0,0,0,0,0,0.0,0
H1,m84137_260214_004236_s1/185078584/ccs,50,126,86,262,42,0,0,0,0,0,0,0.0,0
H1,m84137_260214_004236_s1/82316317/ccs,50,126,86,262,42,0,0,0,0,0,0,0.0,0
H1,m84137_260214_004236_s1/70128889/ccs,50,126,86,262,42,0,0,0,0,0,0,0.0,0
H1,m84137_260214_004236_s1/166201623/ccs,50,126,86,262,42,0,0,0,0,0,0,0.0,0
H1,m84137_260214_004236_s1/189268028/ccs,50,126,86,262,42,0,0,0,0,0,0,0.0,0
H1,m84137_260214_004236_s1/41031017/ccs,50,126,86,262,42,0,0,0,0,0,0,0.0,0
H1,m84137_260214_004236_s1/80088059/ccs,50,126,86,262,42,0,0,0,0,0,0,0.0,0
H1,m84137_260214_004236_s1/168826227/ccs,50,126,87,263,35,1,0,3,6,3,0,2.0,1
H1,m84137_260214_004236_s1/40043989/ccs,49,129,86,264,29,0,0,2,6,2,0,3.0,2
H1,m84137_260214_004236_s1/55577609/ccs,50,129,85,264,43,0,0,0,0,0,0,0.0,0
H1,m84137_260214_004236_s1/175965990/ccs,50,129,86,265,43,0,0,0,0,0,0,0.0,0
H1,m84137_260214_004236_s1/17105220/ccs,50,129,86,265,43,0,0,0,0,0,0,0.0,0
H1,m84137_260214_004236_s1/6687640/ccs,50,129,86,265,43,0,0,0,0,0,0,0.0,0
H1,m84137_260214_004236_s1/55445247/ccs,50,129,86,265,43,0,0,0,0,0,0,0.0,0
H1,m84137_260214_004236_s1/88017102/ccs,50,129,86,265,43,0,0,0,0,0,0,0.0,0
H1,m84137_260214_004236_s1/206831994/ccs,50,129,86,265,43,0,0,0,0,0,0,0.0,0
H1,m84137_260214_004236_s1/174002728/ccs,50,129,86,265,43,0,0,0,0,0,0,0.0,0
H1,m84137_260214_004236_s1/205000706/ccs,50,129,86,265,43,0,0,0,0,0,0,0.0,0
H1,m84137_260214_004236_s1/80481785/ccs,50,129,86,265,43,0,0,0,0,0,0,0.0,0
H1,m84137_260214_004236_s1/168887915/ccs,50,129,86,265,43,0,0,0,0,0,0,0.0,0
H1,m84137_260214_004236_s1/138482656/ccs,50,129,86,265,43,0,0,0,0,0,0,0.0,0
H1,m84137_260214_004236_s1/173477186/ccs,50,129,86,265,43,0,0,0,0,0,0,0.0,0
H1,m84137_260214_004236_s1/26477619/ccs,50,129,86,265,43,0,0,0,0,0,0,0.0,0
H1,m84137_260214_004236_s1/101975608/ccs,50,129,86,265,43,0,0,0,0,0,0,0.0,0
H1,m84137_260214_004236_s1/164694708/ccs,50,129,86,265,43,0,0,0,0,0,0,0.0,0
H1,m84137_260214_004236_s1/192153308/ccs,50,129,86,265,43,0,0,0,0,0,0,0.0,0
H1,m84137_260214_004236_s1/221380722/ccs,50,129,86,265,43,0,0,0,0,0,0,0.0,0
H1,m84137_260214_004236_s1/256835933/ccs,50,129,86,265,43,0,0,0,0,0,0,0.0,0
H1,m84137_260214_004236_s1/243599088/ccs,50,135,80,265,45,0,0,0,0,0,0,0.0,0
H1,m84137_260214_004236_s1/245826613/ccs,50,129,86,265,43,0,0,0,0,0,0,0.0,0
H1,m84137_260214_004236_s1/23269266/ccs,50,129,86,265,43,0,0,0,0,0,0,0.0,0
H1,m84137_260214_004236_s1/100798642/ccs,50,129,86,265,43,0,0,0,0,0,0,0.0,0
H1,m84137_260214_004236_s1/246747110/ccs,50,129,86,265,43,0,0,0,0,0,0,0.0,0
H1,m84137_260214_004236_s1/229575430/ccs,50,129,86,265,43,0,0,0,0,0,0,0.0,0
H1,m84137_260214_004236_s1/6096321/ccs,50,129,86,265,43,0,0,0,0,0,0,0.0,0
H1,m84137_260214_004236_s1/30933600/ccs,50,129,86,265,43,0,0,0,0,0,0,0.0,0
H1,m84137_260214_004236_s1/32311900/ccs,50,129,86,265,43,0,0,0,0,0,0,0.0,0
H1,m84137_260214_004236_s1/16646617/ccs,50,129,86,265,43,0,0,0,0,0,0,0.0,0
H1,m84137_260214_004236_s1/98371020/ccs,50,129,86,265,43,0,0,0,0,0,0,0.0,0
H1,m84137_260214_004236_s1/122294332/ccs,50,129,86,265,43,0,0,0,0,0,0,0.0,0
H1,m84137_260214_004236_s1/96470075/ccs,50,129,86,265,43,0,0,0,0,0,0,0.0,0
H1,m84137_260214_004236_s1/213257961/ccs,50,135,80,265,45,0,0,0,0,0,0,0.0,0
H1,m84137_260214_004236_s1/116594182/ccs,50,129,86,265,43,0,0,0,0,0,0,0.0,0
H1,m84137_260214_004236_s1/168824151/ccs,50,129,86,265,43,0,0,0,0,0,0,0.0,0
H1,m84137_260214_004236_s1/44765640/ccs,50,129,86,265,43,0,0,0,0,0,0,0.0,0
H1,m84137_260214_004236_s1/220073212/ccs,50,129,86,265,43,0,0,0,0,0,0,0.0,0
H1,m84137_260214_004236_s1/151456185/ccs,50,129,86,265,43,0,0,0,0,0,0,0.0,0
H1,m84137_260214_004236_s1/26743897/ccs,50,129,86,265,43,0,0,0,0,0,0,0.0,0
H1,m84137_260214_004236_s1/59249210/ccs,50,129,86,265,43,0,0,0,0,0,0,0.0,0
H1,m84137_260214_004236_s1/16389280/ccs,50,129,86,265,43,0,0,0,0,0,0,0.0,0
H1,m84137_260214_004236_s1/204801270/ccs,50,129,86,265,43,0,0,0,0,0,0,0.0,0
H1,m84137_260214_004236_s1/169215906/ccs,50,129,86,265,43,0,0,0,0,0,0,0.0,0
H1,m84137_260214_004236_s1/259851344/ccs,50,129,86,265,43,0,0,0,0,0,0,0.0,0
H1,m84137_260214_004236_s1/243141568/ccs,50,129,86,265,43,0,0,0,0,0,0,0.0,0
H1,m84137_260214_004236_s1/248056695/ccs,50,129,86,265,43,0,0,0,0,0,0,0.0,0
H1,m84137_260214_004236_s1/37293541/ccs,50,129,86,265,43,0,0,0,0,0,0,0.0,0
H1,m84137_260214_004236_s1/202835413/ccs,50,129,86,265,43,0,0,0,0,0,0,0.0,0
H1,m84137_260214_004236_s1/115736821/ccs,50,129,86,265,43,0,0,0,0,0,0,0.0,0
H1,m84137_260214_004236_s1/103878621/ccs,50,130,86,266,21,0,0,2,4,2,0,2.0,2
H1,m84137_260214_004236_s1/6883629/ccs,50,130,86,266,7,0,0,1,1,1,0,1.0,0
H1,m84137_260214_004236_s1/71765527/ccs,50,132,86,268,44,0,0,0,0,0,0,0.0,0
H1,m84137_260214_004236_s1/161022792/ccs,50,132,86,268,44,0,0,0,0,0,0,0.0,0
H1,m84137_260214_004236_s1/16847697/ccs,50,132,86,268,44,0,0,0,0,0,0,0.0,0
H1,m84137_260214_004236_s1/47846329/ccs,50,132,86,268,44,0,0,0,0,0,0,0.0,0
H1,m84137_260214_004236_s1/167054464/ccs,50,132,86,268,44,0,0,0,0,0,0,0.0,0
H1,m84137_260214_004236_s1/196482578/ccs,50,132,86,268,44,0,0,0,0,0,0,0.0,0
H1,m84137_260214_004236_s1/100601335/ccs,50,132,86,268,44,0,0,0,0,0,0,0.0,0
H1,m84137_260214_004236_s1/146478953/ccs,50,132,86,268,44,0,0,0,0,0,0,0.0,0
H1,m84137_260214_004236_s1/202509383/ccs,50,132,86,268,44,0,0,0,0,0,0,0.0,0
H1,m84137_260214_004236_s1/226886398/ccs,50,132,86,268,44,0,0,0,0,0,0,0.0,0
H1,m84137_260214_004236_s1/142284490/ccs,50,132,86,268,44,0,0,0,0,0,0,0.0,0
H1,m84137_260214_004236_s1/112002225/ccs,50,132,86,268,44,0,0,0,0,0,0,0.0,0
H1,m84137_260214_004236_s1/243272495/ccs,50,132,86,268,44,0,0,0,0,0,0,0.0,0
H1,m84137_260214_004236_s1/220072613/ccs,50,132,86,268,44,0,0,0,0,0,0,0.0,0
H1,m84137_260214_004236_s1/121374686/ccs,50,132,86,268,44,0,0,0,0,0,0,0.0,0
H1,m84137_260214_004236_s1/59837241/ccs,50,132,86,268,44,0,0,0,0,0,0,0.0,0
H1,m84137_260214_004236_s1/114166323/ccs,50,132,86,268,44,0,0,0,0,0,0,0.0,0
H1,m84137_260214_004236_s1/231145600/ccs,50,132,86,268,44,0,0,0,0,0,0,0.0,0
H1,m84137_260214_004236_s1/258212457/ccs,50,132,86,268,44,0,0,0,0,0,0,0.0,0
H1,m84137_260214_004236_s1/67177663/ccs,50,132,86,268,44,0,0,0,0,0,0,0.0,0
H1,m84137_260214_004236_s1/70652331/ccs,50,132,86,268,44,0,0,0,0,0,0,0.0,0
H1,m84137_260214_004236_s1/135926056/ccs,50,132,86,268,44,0,0,0,0,0,0,0.0,0
H1,m84137_260214_004236_s1/148507654/ccs,50,132,86,268,44,0,0,0,0,0,0,0.0,0
H1,m84137_260214_004236_s1/11666638/ccs,50,132,86,268,44,0,0,0,0,0,0,0.0,0
H1,m84137_260214_004236_s1/18678954/ccs,50,132,86,268,44,0,0,0,0,0,0,0.0,0
H1,m84137_260214_004236_s1/55904843/ccs,50,132,86,268,44,0,0,0,0,0,0,0.0,0
H1,m84137_260214_004236_s1/36309388/ccs,50,132,86,268,44,0,0,0,0,0,0,0.0,0
H1,m84137_260214_004236_s1/58328634/ccs,50,132,86,268,44,0,0,0,0,0,0,0.0,0
H1,m84137_260214_004236_s1/60556127/ccs,50,132,86,268,44,0,0,0,0,0,0,0.0,0
H1,m84137_260214_004236_s1/55380398/ccs,50,132,86,268,44,0,0,0,0,0,0,0.0,0
H1,m84137_260214_004236_s1/68289351/ccs,50,132,86,268,44,0,0,0,0,0,0,0.0,0
H1,m84137_260214_004236_s1/49612635/ccs,50,132,86,268,44,0,0,0,0,0,0,0.0,0
H1,m84137_260214_004236_s1/87622735/ccs,50,132,86,268,44,0,0,0,0,0,0,0.0,0
H1,m84137_260214_004236_s1/94635608/ccs,50,132,86,268,44,0,0,0,0,0,0,0.0,0
H1,m84137_260214_004236_s1/77728732/ccs,50,132,86,268,44,0,0,0,0,0,0,0.0,0
H1,m84137_260214_004236_s1/123602688/ccs,50,132,86,268,44,0,0,0,0,0,0,0.0,0
H1,m84137_260214_004236_s1/107743801/ccs,50,132,86,268,44,0,0,0,0,0,0,0.0,0
H1,m84137_260214_004236_s1/111871952/ccs,50,132,86,268,44,0,0,0,0,0,0,0.0,0
H1,m84137_260214_004236_s1/103415923/ccs,50,132,86,268,44,0,0,0,0,0,0,0.0,0
H1,m84137_260214_004236_s1/105645019/ccs,50,132,86,268,44,0,0,0,0,0,0,0.0,0
H1,m84137_260214_004236_s1/152372560/ccs,50,132,86,268,44,0,0,0,0,0,0,0.0,0
H1,m84137_260214_004236_s1/142674856/ccs,50,132,86,268,44,0,0,0,0,0,0,0.0,0
H1,m84137_260214_004236_s1/139593683/ccs,50,132,86,268,44,0,0,0,0,0,0,0.0,0
H1,m84137_260214_004236_s1/161350538/ccs,50,132,86,268,44,0,0,0,0,0,0,0.0,0
H1,m84137_260214_004236_s1/147652902/ccs,50,132,86,268,44,0,0,0,0,0,0,0.0,0
H1,m84137_260214_004236_s1/196019675/ccs,50,132,86,268,44,0,0,0,0,0,0,0.0,0
H1,m84137_260214_004236_s1/150798503/ccs,50,132,86,268,44,0,0,0,0,0,0,0.0,0
H1,m84137_260214_004236_s1/193135964/ccs,50,132,86,268,44,0,0,0,0,0,0,0.0,0
H1,m84137_260214_004236_s1/200280745/ccs,50,132,86,268,44,0,0,0,0,0,0,0.0,0
H1,m84137_260214_004236_s1/221053389/ccs,50,132,86,268,44,0,0,0,0,0,0,0.0,0
H1,m84137_260214_004236_s1/221774785/ccs,50,132,86,268,44,0,0,0,0,0,0,0.0,0
H1,m84137_260214_004236_s1/209519927/ccs,50,132,86,268,44,0,0,0,0,0,0,0.0,0
H1,m84137_260214_004236_s1/251660171/ccs,50,132,86,268,44,0,0,0,0,0,0,0.0,0
H1,m84137_260214_004236_s1/227737833/ccs,50,132,86,268,44,0,0,0,0,0,0,0.0,0
H1,m84137_260214_004236_s1/234947671/ccs,50,132,86,268,44,0,0,0,0,0,0,0.0,0
H1,m84137_260214_004236_s1/238814719/ccs,50,132,86,268,44,0,0,0,0,0,0,0.0,0
H1,m84137_260214_004236_s1/264438385/ccs,50,132,86,268,44,0,0,0,0,0,0,0.0,0
H1,m84137_260214_004236_s1/18028111/ccs,50,132,86,268,44,0,0,0,0,0,0,0.0,0
H1,m84137_260214_004236_s1/249169494/ccs,50,132,86,268,44,0,0,0,0,0,0,0.0,0
H1,m84137_260214_004236_s1/3935559/ccs,50,132,86,268,44,0,0,0,0,0,0,0.0,0
H1,m84137_260214_004236_s1/28447296/ccs,50,132,86,268,44,0,0,0,0,0,0,0.0,0
H1,m84137_260214_004236_s1/28511381/ccs,50,132,86,268,44,0,0,0,0,0,0,0.0,0
H1,m84137_260214_004236_s1/39130424/ccs,50,132,86,268,44,0,0,0,0,0,0,0.0,0
H1,m84137_260214_004236_s1/41031198/ccs,50,132,86,268,44,0,0,0,0,0,0,0.0,0
H1,m84137_260214_004236_s1/44175699/ccs,50,132,86,268,44,0,0,0,0,0,0,0.0,0
H1,m84137_260214_004236_s1/45749933/ccs,50,132,86,268,44,0,0,0,0,0,0,0.0,0
H1,m84137_260214_004236_s1/72815072/ccs,50,132,86,268,44,0,0,0,0,0,0,0.0,0
H1,m84137_260214_004236_s1/61411153/ccs,50,132,86,268,44,0,0,0,0,0,0,0.0,0
H1,m84137_260214_004236_s1/70978933/ccs,50,132,86,268,44,0,0,0,0,0,0,0.0,0
H1,m84137_260214_004236_s1/89461445/ccs,50,132,86,268,44,0,0,0,0,0,0,0.0,0
H1,m84137_260214_004236_s1/92344549/ccs,50,132,86,268,44,0,0,0,0,0,0,0.0,0
H1,m84137_260214_004236_s1/76944233/ccs,50,132,86,268,44,0,0,0,0,0,0,0.0,0
H1,m84137_260214_004236_s1/118888097/ccs,50,132,86,268,44,0,0,0,0,0,0,0.0,0
H1,m84137_260214_004236_s1/78451723/ccs,50,132,86,268,44,0,0,0,0,0,0,0.0,0
H1,m84137_260214_004236_s1/81203010/ccs,50,132,86,268,44,0,0,0,0,0,0,0.0,0
H1,m84137_260214_004236_s1/129177404/ccs,50,132,86,268,44,0,0,0,0,0,0,0.0,0
H1,m84137_260214_004236_s1/109711284/ccs,50,132,86,268,44,0,0,0,0,0,0,0.0,0
H1,m84137_260214_004236_s1/130878787/ccs,50,132,86,268,44,0,0,0,0,0,0,0.0,0
H1,m84137_260214_004236_s1/136646144/ccs,50,132,86,268,44,0,0,0,0,0,0,0.0,0
H1,m84137_260214_004236_s1/142218169/ccs,50,132,86,268,44,0,0,0,0,0,0,0.0,0
H1,m84137_260214_004236_s1/159387871/ccs,50,132,86,268,44,0,0,0,0,0,0,0.0,0
H1,m84137_260214_004236_s1/185797657/ccs,50,135,83,268,45,0,0,0,0,0,0,0.0,0
H1,m84137_260214_004236_s1/147918626/ccs,50,132,86,268,44,0,0,0,0,0,0,0.0,0
H1,m84137_260214_004236_s1/198315185/ccs,50,132,86,268,44,0,0,0,0,0,0,0.0,0
H1,m84137_260214_004236_s1/203951116/ccs,50,132,86,268,44,0,0,0,0,0,0,0.0,0
H1,m84137_260214_004236_s1/184028970/ccs,50,132,86,268,44,0,0,0,0,0,0,0.0,0
H1,m84137_260214_004236_s1/216535333/ccs,50,132,86,268,44,0,0,0,0,0,0,0.0,0
H1,m84137_260214_004236_s1/265949195/ccs,50,132,86,268,44,0,0,0,0,0,0,0.0,0
H1,m84137_260214_004236_s1/72420348/ccs,50,132,86,268,44,0,0,0,0,0,0,0.0,0
H1,m84137_260214_004236_s1/100993297/ccs,50,132,86,268,44,0,0,0,0,0,0,0.0,0
H1,m84137_260214_004236_s1/25497665/ccs,50,132,86,268,44,0,0,0,0,0,0,0.0,0
H1,m84137_260214_004236_s1/2949741/ccs,50,132,86,268,44,0,0,0,0,0,0,0.0,0
H1,m84137_260214_004236_s1/191629008/ccs,50,132,86,268,44,0,0,0,0,0,0,0.0,0
H1,m84137_260214_004236_s1/150471507/ccs,50,132,86,268,44,0,0,0,0,0,0,0.0,0
H1,m84137_260214_004236_s1/182060921/ccs,50,132,86,268,44,0,0,0,0,0,0,0.0,0
H1,m84137_260214_004236_s1/208143394/ccs,50,132,86,268,44,0,0,0,0,0,0,0.0,0
H1,m84137_260214_004236_s1/206506769/ccs,50,132,86,268,44,0,0,0,0,0,0,0.0,0
H1,m84137_260214_004236_s1/233242918/ccs,50,132,86,268,44,0,0,0,0,0,0,0.0,0
H1,m84137_260214_004236_s1/257362862/ccs,50,132,86,268,44,0,0,0,0,0,0,0.0,0
H1,m84137_260214_004236_s1/254938031/ccs,50,132,86,268,44,0,0,0,0,0,0,0.0,0
H1,m84137_260214_004236_s1/256510242/ccs,50,132,86,268,44,0,0,0,0,0,0,0.0,0
H1,m84137_260214_004236_s1/264505186/ccs,50,132,86,268,44,0,0,0,0,0,0,0.0,0
H1,m84137_260214_004236_s1/245827621/ccs,50,132,86,268,44,0,0,0,0,0,0,0.0,0
H1,m84137_260214_004236_s1/19403256/ccs,50,132,86,268,44,0,0,0,0,0,0,0.0,0
H1,m84137_260214_004236_s1/6033774/ccs,50,132,86,268,44,0,0,0,0,0,0,0.0,0
H1,m84137_260214_004236_s1/28969988/ccs,50,132,86,268,44,0,0,0,0,0,0,0.0,0
H1,m84137_260214_004236_s1/29496548/ccs,50,132,86,268,44,0,0,0,0,0,0,0.0,0
H1,m84137_260214_004236_s1/29888647/ccs,50,132,86,268,44,0,0,0,0,0,0,0.0,0
H1,m84137_260214_004236_s1/31003949/ccs,50,132,86,268,44,0,0,0,0,0,0,0.0,0
H1,m84137_260214_004236_s1/31198603/ccs,50,132,86,268,44,0,0,0,0,0,0,0.0,0
H1,m84137_260214_004236_s1/13637029/ccs,50,132,86,268,44,0,0,0,0,0,0,0.0,0
H1,m84137_260214_004236_s1/14028723/ccs,50,132,86,268,44,0,0,0,0,0,0,0.0,0
H1,m84137_260214_004236_s1/14487669/ccs,50,132,86,268,44,0,0,0,0,0,0,0.0,0
H1,m84137_260214_004236_s1/15668585/ccs,50,132,86,268,44,0,0,0,0,0,0,0.0,0
H1,m84137_260214_004236_s1/64032564/ccs,50,132,86,268,44,0,0,0,0,0,0,0.0,0
H1,m84137_260214_004236_s1/72814228/ccs,50,132,86,268,44,0,0,0,0,0,0,0.0,0
H1,m84137_260214_004236_s1/91098421/ccs,50,132,86,268,44,0,0,0,0,0,0,0.0,0
H1,m84137_260214_004236_s1/47649012/ccs,50,132,86,268,44,0,0,0,0,0,0,0.0,0
H1,m84137_260214_004236_s1/101322726/ccs,50,132,86,268,44,0,0,0,0,0,0,0.0,0
H1,m84137_260214_004236_s1/101715675/ccs,50,132,86,268,44,0,0,0,0,0,0,0.0,0
H1,m84137_260214_004236_s1/97588595/ccs,50,132,86,268,44,0,0,0,0,0,0,0.0,0
H1,m84137_260214_004236_s1/118362062/ccs,50,132,86,268,44,0,0,0,0,0,0,0.0,0
H1,m84137_260214_004236_s1/98505310/ccs,50,132,86,268,44,0,0,0,0,0,0,0.0,0
H1,m84137_260214_004236_s1/103550851/ccs,50,132,86,268,44,0,0,0,0,0,0,0.0,0
H1,m84137_260214_004236_s1/121179583/ccs,50,132,86,268,44,0,0,0,0,0,0,0.0,0
H1,m84137_260214_004236_s1/128127057/ccs,50,132,86,268,44,0,0,0,0,0,0,0.0,0
H1,m84137_260214_004236_s1/157683119/ccs,50,132,86,268,44,0,0,0,0,0,0,0.0,0
H1,m84137_260214_004236_s1/158208830/ccs,50,132,86,268,44,0,0,0,0,0,0,0.0,0
H1,m84137_260214_004236_s1/189336744/ccs,50,132,86,268,44,0,0,0,0,0,0,0.0,0
H1,m84137_260214_004236_s1/189272378/ccs,50,132,86,268,44,0,0,0,0,0,0,0.0,0
H1,m84137_260214_004236_s1/148770456/ccs,50,132,86,268,44,0,0,0,0,0,0,0.0,0
H1,m84137_260214_004236_s1/180492102/ccs,50,132,86,268,44,0,0,0,0,0,0,0.0,0
H1,m84137_260214_004236_s1/211817010/ccs,50,132,86,268,44,0,0,0,0,0,0,0.0,0
H1,m84137_260214_004236_s1/253365959/ccs,50,132,86,268,44,0,0,0,0,0,0,0.0,0
H1,m84137_260214_004236_s1/184356266/ccs,50,132,86,268,44,0,0,0,0,0,0,0.0,0
H1,m84137_260214_004236_s1/239211810/ccs,50,132,86,268,44,0,0,0,0,0,0,0.0,0
H1,m84137_260214_004236_s1/241369742/ccs,50,132,86,268,44,0,0,0,0,0,0,0.0,0
H1,m84137_260214_004236_s1/72947411/ccs,50,132,86,268,44,0,0,0,0,0,0,0.0,0
H1,m84137_260214_004236_s1/96867809/ccs,50,132,86,268,44,0,0,0,0,0,0,0.0,0
H1,m84137_260214_004236_s1/223220850/ccs,50,132,86,268,44,0,0,0,0,0,0,0.0,0
H1,m84137_260214_004236_s1/106365933/ccs,50,132,86,268,23,0,0,2,3,2,0,1.5,1
H1,m84137_260214_004236_s1/155584497/ccs,50,132,86,268,44,0,0,0,0,0,0,0.0,0
H1,m84137_260214_004236_s1/89787962/ccs,50,132,86,268,44,0,0,0,0,0,0,0.0,0
H1,m84137_260214_004236_s1/147198470/ccs,50,132,86,268,44,0,0,0,0,0,0,0.0,0
H1,m84137_260214_004236_s1/78714627/ccs,50,132,86,268,44,0,0,0,0,0,0,0.0,0
H1,m84137_260214_004236_s1/255133139/ccs,50,132,86,268,44,0,0,0,0,0,0,0.0,0
H1,m84137_260214_004236_s1/42341611/ccs,50,132,86,268,44,0,0,0,0,0,0,0.0,0
H1,m84137_260214_004236_s1/99358149/ccs,50,132,86,268,44,0,0,0,0,0,0,0.0,0
H1,m84137_260214_004236_s1/107155470/ccs,50,132,86,268,44,0,0,0,0,0,0,0.0,0
H1,m84137_260214_004236_s1/145299137/ccs,50,132,86,268,44,0,0,0,0,0,0,0.0,0
H1,m84137_260214_004236_s1/170135564/ccs,50,132,86,268,44,0,0,0,0,0,0,0.0,0
H1,m84137_260214_004236_s1/33555561/ccs,50,132,86,268,44,0,0,0,0,0,0,0.0,0
H1,m84137_260214_004236_s1/9831239/ccs,50,132,86,268,44,0,0,0,0,0,0,0.0,0
H1,m84137_260214_004236_s1/34144540/ccs,50,132,86,268,44,0,0,0,0,0,0,0.0,0
H1,m84137_260214_004236_s1/10879518/ccs,50,132,86,268,44,0,0,0,0,0,0,0.0,0
H1,m84137_260214_004236_s1/53807786/ccs,50,132,86,268,44,0,0,0,0,0,0,0.0,0
H1,m84137_260214_004236_s1/48300900/ccs,50,132,86,268,44,0,0,0,0,0,0,0.0,0
H1,m84137_260214_004236_s1/89655347/ccs,50,132,86,268,44,0,0,0,0,0,0,0.0,0
H1,m84137_260214_004236_s1/90505553/ccs,50,132,86,268,44,0,0,0,0,0,0,0.0,0
H1,m84137_260214_004236_s1/69141000/ccs,50,132,86,268,44,0,0,0,0,0,0,0.0,0
H1,m84137_260214_004236_s1/78514787/ccs,50,132,86,268,44,0,0,0,0,0,0,0.0,0
H1,m84137_260214_004236_s1/95224625/ccs,50,132,86,268,44,0,0,0,0,0,0,0.0,0
H1,m84137_260214_004236_s1/92932659/ccs,50,132,86,268,44,0,0,0,0,0,0,0.0,0
H1,m84137_260214_004236_s1/72155969/ccs,50,132,86,268,44,0,0,0,0,0,0,0.0,0
H1,m84137_260214_004236_s1/123012294/ccs,50,132,86,268,44,0,0,0,0,0,0,0.0,0
H1,m84137_260214_004236_s1/78121460/ccs,50,132,86,268,44,0,0,0,0,0,0,0.0,0
H1,m84137_260214_004236_s1/126812420/ccs,50,132,86,268,44,0,0,0,0,0,0,0.0,0
H1,m84137_260214_004236_s1/126681972/ccs,50,132,86,268,44,0,0,0,0,0,0,0.0,0
H1,m84137_260214_004236_s1/132320241/ccs,50,132,86,268,44,0,0,0,0,0,0,0.0,0
H1,m84137_260214_004236_s1/159451869/ccs,50,132,86,268,44,0,0,0,0,0,0,0.0,0
H1,m84137_260214_004236_s1/160499775/ccs,50,132,86,268,44,0,0,0,0,0,0,0.0,0
H1,m84137_260214_004236_s1/164823394/ccs,50,132,86,268,44,0,0,0,0,0,0,0.0,0
H1,m84137_260214_004236_s1/168560245/ccs,50,132,86,268,44,0,0,0,0,0,0,0.0,0
H1,m84137_260214_004236_s1/168821649/ccs,50,132,86,268,44,0,0,0,0,0,0,0.0,0
H1,m84137_260214_004236_s1/190122655/ccs,50,132,86,268,44,0,0,0,0,0,0,0.0,0
H1,m84137_260214_004236_s1/186321705/ccs,50,132,86,268,44,0,0,0,0,0,0,0.0,0
H1,m84137_260214_004236_s1/227934480/ccs,50,132,86,268,44,0,0,0,0,0,0,0.0,0
H1,m84137_260214_004236_s1/259326945/ccs,50,132,86,268,44,0,0,0,0,0,0,0.0,0
H1,m84137_260214_004236_s1/20316747/ccs,50,132,86,268,44,0,0,0,0,0,0,0.0,0
H1,m84137_260214_004236_s1/90507948/ccs,50,132,86,268,44,0,0,0,0,0,0,0.0,0
H1,m84137_260214_004236_s1/159515083/ccs,50,132,86,268,44,0,0,0,0,0,0,0.0,0
H1,m84137_260214_004236_s1/146014812/ccs,50,132,86,268,44,0,0,0,0,0,0,0.0,0
H1,m84137_260214_004236_s1/229575472/ccs,50,132,86,268,44,0,0,0,0,0,0,0.0,0
H1,m84137_260214_004236_s1/19859578/ccs,50,132,86,268,44,0,0,0,0,0,0,0.0,0
H1,m84137_260214_004236_s1/9962824/ccs,50,132,86,268,44,0,0,0,0,0,0,0.0,0
H1,m84137_260214_004236_s1/35522136/ccs,50,132,86,268,44,0,0,0,0,0,0,0.0,0
H1,m84137_260214_004236_s1/45680068/ccs,50,132,86,268,44,0,0,0,0,0,0,0.0,0
H1,m84137_260214_004236_s1/41419160/ccs,50,132,86,268,44,0,0,0,0,0,0,0.0,0
H1,m84137_260214_004236_s1/53479737/ccs,50,132,86,268,44,0,0,0,0,0,0,0.0,0
H1,m84137_260214_004236_s1/43780852/ccs,50,132,86,268,44,0,0,0,0,0,0,0.0,0
H1,m84137_260214_004236_s1/48170866/ccs,50,132,86,268,44,0,0,0,0,0,0,0.0,0
H1,m84137_260214_004236_s1/90047402/ccs,50,132,86,268,44,0,0,0,0,0,0,0.0,0
H1,m84137_260214_004236_s1/101451633/ccs,50,132,86,268,44,0,0,0,0,0,0,0.0,0
H1,m84137_260214_004236_s1/101580918/ccs,50,132,86,268,44,0,0,0,0,0,0,0.0,0
H1,m84137_260214_004236_s1/120980774/ccs,50,132,86,268,44,0,0,0,0,0,0,0.0,0
H1,m84137_260214_004236_s1/129566943/ccs,50,132,86,268,44,0,0,0,0,0,0,0.0,0
H1,m84137_260214_004236_s1/121242579/ccs,50,132,86,268,44,0,0,0,0,0,0,0.0,0
H1,m84137_260214_004236_s1/113115365/ccs,50,132,86,268,44,0,0,0,0,0,0,0.0,0
H1,m84137_260214_004236_s1/122619271/ccs,50,132,86,268,44,0,0,0,0,0,0,0.0,0
H1,m84137_260214_004236_s1/78188126/ccs,50,132,86,268,44,0,0,0,0,0,0,0.0,0
H1,m84137_260214_004236_s1/79563955/ccs,50,132,86,268,44,0,0,0,0,0,0,0.0,0
H1,m84137_260214_004236_s1/123081831/ccs,50,132,86,268,44,0,0,0,0,0,0,0.0,0
H1,m84137_260214_004236_s1/152572149/ccs,50,132,86,268,44,0,0,0,0,0,0,0.0,0
H1,m84137_260214_004236_s1/85786771/ccs,50,132,86,268,44,0,0,0,0,0,0,0.0,0
H1,m84137_260214_004236_s1/79300067/ccs,50,132,86,268,44,0,0,0,0,0,0,0.0,0
H1,m84137_260214_004236_s1/95881625/ccs,50,132,86,268,44,0,0,0,0,0,0,0.0,0
H1,m84137_260214_004236_s1/93388900/ccs,50,132,86,268,44,0,0,0,0,0,0,0.0,0
H1,m84137_260214_004236_s1/76482069/ccs,50,132,86,268,44,0,0,0,0,0,0,0.0,0
H1,m84137_260214_004236_s1/97584905/ccs,50,132,86,268,44,0,0,0,0,0,0,0.0,0
H1,m84137_260214_004236_s1/81003270/ccs,50,132,86,268,44,0,0,0,0,0,0,0.0,0
H1,m84137_260214_004236_s1/81135830/ccs,50,132,86,268,44,0,0,0,0,0,0,0.0,0
H1,m84137_260214_004236_s1/97979338/ccs,50,132,86,268,44,0,0,0,0,0,0,0.0,0
H1,m84137_260214_004236_s1/179573678/ccs,50,132,86,268,44,0,0,0,0,0,0,0.0,0
H1,m84137_260214_004236_s1/203361999/ccs,50,132,86,268,44,0,0,0,0,0,0,0.0,0
H1,m84137_260214_004236_s1/209589343/ccs,50,132,86,268,44,0,0,0,0,0,0,0.0,0
H1,m84137_260214_004236_s1/210703449/ccs,50,132,86,268,44,0,0,0,0,0,0,0.0,0
H1,m84137_260214_004236_s1/212340217/ccs,50,132,86,268,44,0,0,0,0,0,0,0.0,0
H1,m84137_260214_004236_s1/212734872/ccs,50,132,86,268,44,0,0,0,0,0,0,0.0,0
H1,m84137_260214_004236_s1/232199922/ccs,50,132,86,268,44,0,0,0,0,0,0,0.0,0
H1,m84137_260214_004236_s1/239343387/ccs,50,132,86,268,44,0,0,0,0,0,0,0.0,0
H1,m84137_260214_004236_s1/215944816/ccs,50,132,86,268,44,0,0,0,0,0,0,0.0,0
H1,m84137_260214_004236_s1/245436724/ccs,50,132,86,268,44,0,0,0,0,0,0,0.0,0
H1,m84137_260214_004236_s1/163451729/ccs,50,132,86,268,44,0,0,0,0,0,0,0.0,0
H1,m84137_260214_004236_s1/2360453/ccs,50,132,86,268,44,0,0,0,0,0,0,0.0,0
H1,m84137_260214_004236_s1/25167272/ccs,50,132,86,268,44,0,0,0,0,0,0,0.0,0
H1,m84137_260214_004236_s1/8454489/ccs,50,132,86,268,44,0,0,0,0,0,0,0.0,0
H1,m84137_260214_004236_s1/32244637/ccs,50,132,86,268,44,0,0,0,0,0,0,0.0,0
H1,m84137_260214_004236_s1/65470754/ccs,50,132,86,268,44,0,0,0,0,0,0,0.0,0
H1,m84137_260214_004236_s1/93586267/ccs,50,132,86,268,44,0,0,0,0,0,0,0.0,0
H1,m84137_260214_004236_s1/82183116/ccs,50,132,86,268,44,0,0,0,0,0,0,0.0,0
H1,m84137_260214_004236_s1/204736830/ccs,50,132,86,268,44,0,0,0,0,0,0,0.0,0
H1,m84137_260214_004236_s1/154212171/ccs,50,132,86,268,44,0,0,0,0,0,0,0.0,0
H1,m84137_260214_004236_s1/142480569/ccs,50,132,86,268,44,0,0,0,0,0,0,0.0,0
H1,m84137_260214_004236_s1/159780433/ccs,50,132,86,268,44,0,0,0,0,0,0,0.0,0
H1,m84137_260214_004236_s1/259129687/ccs,50,132,86,268,44,0,0,0,0,0,0,0.0,0
H1,m84137_260214_004236_s1/238946520/ccs,50,132,86,268,44,0,0,0,0,0,0,0.0,0
H1,m84137_260214_004236_s1/36049362/ccs,50,132,86,268,44,0,0,0,0,0,0,0.0,0
H1,m84137_260214_004236_s1/146937602/ccs,50,132,86,268,44,0,0,0,0,0,0,0.0,0
H1,m84137_260214_004236_s1/175641608/ccs,50,132,86,268,44,0,0,0,0,0,0,0.0,0
H1,m84137_260214_004236_s1/192417951/ccs,50,132,86,268,44,0,0,0,0,0,0,0.0,0
H1,m84137_260214_004236_s1/224857715/ccs,50,132,86,268,44,0,0,0,0,0,0,0.0,0
H1,m84137_260214_004236_s1/215158316/ccs,50,132,86,268,44,0,0,0,0,0,0,0.0,0
H1,m84137_260214_004236_s1/22806944/ccs,50,132,86,268,44,0,0,0,0,0,0,0.0,0
H1,m84137_260214_004236_s1/66652050/ccs,50,132,86,268,44,0,0,0,0,0,0,0.0,0
H1,m84137_260214_004236_s1/21696791/ccs,50,132,86,268,44,0,0,0,0,0,0,0.0,0
H1,m84137_260214_004236_s1/34543467/ccs,50,132,86,268,44,0,0,0,0,0,0,0.0,0
H1,m84137_260214_004236_s1/81989699/ccs,50,132,86,268,44,0,0,0,0,0,0,0.0,0
H1,m84137_260214_004236_s1/247730216/ccs,50,132,86,268,44,0,0,0,0,0,0,0.0,0
H1,m84137_260214_004236_s1/249042413/ccs,50,132,86,268,44,0,0,0,0,0,0,0.0,0
H1,m84137_260214_004236_s1/6755692/ccs,50,132,86,268,44,0,0,0,0,0,0,0.0,0
H1,m84137_260214_004236_s1/89330752/ccs,50,132,86,268,44,0,0,0,0,0,0,0.0,0
H1,m84137_260214_004236_s1/80351405/ccs,50,132,86,268,44,0,0,0,0,0,0,0.0,0
H1,m84137_260214_004236_s1/52497400/ccs,50,132,86,268,44,0,0,0,0,0,0,0.0,0
H1,m84137_260214_004236_s1/68621248/ccs,50,132,86,268,44,0,0,0,0,0,0,0.0,0
H1,m84137_260214_004236_s1/65278665/ccs,50,132,86,268,44,0,0,0,0,0,0,0.0,0
H1,m84137_260214_004236_s1/66063395/ccs,50,132,86,268,44,0,0,0,0,0,0,0.0,0
H1,m84137_260214_004236_s1/71505163/ccs,50,132,86,268,44,0,0,0,0,0,0,0.0,0
H1,m84137_260214_004236_s1/66718771/ccs,50,132,86,268,44,0,0,0,0,0,0,0.0,0
H1,m84137_260214_004236_s1/66850184/ccs,50,132,86,268,44,0,0,0,0,0,0,0.0,0
H1,m84137_260214_004236_s1/95620986/ccs,50,132,86,268,44,0,0,0,0,0,0,0.0,0
H1,m84137_260214_004236_s1/93066022/ccs,50,132,86,268,44,0,0,0,0,0,0,0.0,0
H1,m84137_260214_004236_s1/82184649/ccs,50,132,86,268,44,0,0,0,0,0,0,0.0,0
H1,m84137_260214_004236_s1/243210008/ccs,50,132,86,268,44,0,0,0,0,0,0,0.0,0
H1,m84137_260214_004236_s1/203621869/ccs,50,132,86,268,44,0,0,0,0,0,0,0.0,0
H1,m84137_260214_004236_s1/209191557/ccs,50,132,86,268,44,0,0,0,0,0,0,0.0,0
H1,m84137_260214_004236_s1/226887989/ccs,50,132,86,268,44,0,0,0,0,0,0,0.0,0
H1,m84137_260214_004236_s1/205588239/ccs,50,132,86,268,44,0,0,0,0,0,0,0.0,0
H1,m84137_260214_004236_s1/231276705/ccs,50,132,86,268,44,0,0,0,0,0,0,0.0,0
H1,m84137_260214_004236_s1/253560975/ccs,50,132,86,268,44,0,0,0,0,0,0,0.0,0
H1,m84137_260214_004236_s1/165216933/ccs,50,132,86,268,44,0,0,0,0,0,0,0.0,0
H1,m84137_260214_004236_s1/186057951/ccs,50,132,86,268,44,0,0,0,0,0,0,0.0,0
H1,m84137_260214_004236_s1/149815501/ccs,50,132,86,268,44,0,0,0,0,0,0,0.0,0
H1,m84137_260214_004236_s1/191300544/ccs,50,132,86,268,44,0,0,0,0,0,0,0.0,0
H1,m84137_260214_004236_s1/191563194/ccs,50,132,86,268,44,0,0,0,0,0,0,0.0,0
H1,m84137_260214_004236_s1/240845580/ccs,50,132,86,268,44,0,0,0,0,0,0,0.0,0
H1,m84137_260214_004236_s1/215615651/ccs,50,132,86,268,44,0,0,0,0,0,0,0.0,0
H1,m84137_260214_004236_s1/237241753/ccs,50,132,86,268,44,0,0,0,0,0,0,0.0,0
H1,m84137_260214_004236_s1/256115158/ccs,50,132,86,268,44,0,0,0,0,0,0,0.0,0
H1,m84137_260214_004236_s1/238879214/ccs,50,132,86,268,44,0,0,0,0,0,0,0.0,0
H1,m84137_260214_004236_s1/247662410/ccs,50,132,86,268,44,0,0,0,0,0,0,0.0,0
H1,m84137_260214_004236_s1/5706902/ccs,50,132,86,268,44,0,0,0,0,0,0,0.0,0
H1,m84137_260214_004236_s1/28577830/ccs,50,132,86,268,44,0,0,0,0,0,0,0.0,0
H1,m84137_260214_004236_s1/28577903/ccs,50,132,86,268,44,0,0,0,0,0,0,0.0,0
H1,m84137_260214_004236_s1/29102820/ccs,50,132,86,268,44,0,0,0,0,0,0,0.0,0
H1,m84137_260214_004236_s1/54924681/ccs,50,132,86,268,44,0,0,0,0,0,0,0.0,0
H1,m84137_260214_004236_s1/58068195/ccs,50,132,86,268,44,0,0,0,0,0,0,0.0,0
H1,m84137_260214_004236_s1/189990926/ccs,50,132,86,268,44,0,0,0,0,0,0,0.0,0
H1,m84137_260214_004236_s1/178455350/ccs,50,132,86,268,44,0,0,0,0,0,0,0.0,0
H1,m84137_260214_004236_s1/180946537/ccs,50,132,86,268,44,0,0,0,0,0,0,0.0,0
H1,m84137_260214_004236_s1/220267340/ccs,50,132,86,268,44,0,0,0,0,0,0,0.0,0
H1,m84137_260214_004236_s1/200082839/ccs,50,132,86,268,44,0,0,0,0,0,0,0.0,0
H1,m84137_260214_004236_s1/131532928/ccs,50,132,86,268,44,0,0,0,0,0,0,0.0,0
H1,m84137_260214_004236_s1/135531459/ccs,50,132,86,268,44,0,0,0,0,0,0,0.0,0
H1,m84137_260214_004236_s1/152371559/ccs,50,132,86,268,44,0,0,0,0,0,0,0.0,0
H1,m84137_260214_004236_s1/115409418/ccs,50,132,86,268,44,0,0,0,0,0,0,0.0,0
H1,m84137_260214_004236_s1/136840761/ccs,50,132,86,268,44,0,0,0,0,0,0,0.0,0
H1,m84137_260214_004236_s1/117114021/ccs,50,132,86,268,44,0,0,0,0,0,0,0.0,0
H1,m84137_260214_004236_s1/137889796/ccs,50,132,86,268,44,0,0,0,0,0,0,0.0,0
H1,m84137_260214_004236_s1/159319163/ccs,50,132,86,268,44,0,0,0,0,0,0,0.0,0
H1,m84137_260214_004236_s1/159582129/ccs,50,132,86,268,44,0,0,0,0,0,0,0.0,0
H1,m84137_260214_004236_s1/163971140/ccs,50,132,86,268,44,0,0,0,0,0,0,0.0,0
H1,m84137_260214_004236_s1/139854393/ccs,50,132,86,268,44,0,0,0,0,0,0,0.0,0
H1,m84137_260214_004236_s1/117378108/ccs,50,132,86,268,44,0,0,0,0,0,0,0.0,0
H1,m84137_260214_004236_s1/127863529/ccs,50,132,86,268,44,0,0,0,0,0,0,0.0,0
H1,m84137_260214_004236_s1/138152893/ccs,50,133,86,269,12,1,0,1,4,1,0,4.0,1
H1,m84137_260214_004236_s1/79039453/ccs,50,132,87,269,44,0,0,0,0,0,0,0.0,0
H1,m84137_260214_004236_s1/7081195/ccs,50,133,86,269,16,0,0,1,1,1,0,1.0,0
H1,m84137_260214_004236_s1/140905229/ccs,50,134,86,270,19,0,0,3,8,3,0,2.6666666666666665,2
H1,m84137_260214_004236_s1/111678615/ccs,50,134,86,270,9,0,0,1,2,1,0,2.0,1
H1,m84137_260214_004236_s1/146739008/ccs,50,134,86,270,15,0,0,1,2,1,0,2.0,1
H1,m84137_260214_004236_s1/124849190/ccs,50,134,86,270,13,0,0,1,2,1,0,2.0,1
H1,m84137_260214_004236_s1/242356119/ccs,50,135,86,271,45,0,0,0,0,0,0,0.0,0
H1,m84137_260214_004236_s1/228264682/ccs,50,136,85,271,19,2,0,5,16,3,2,3.2,3
H1,m84137_260214_004236_s1/46334390/ccs,50,135,86,271,45,0,0,0,0,0,0,0.0,0
H1,m84137_260214_004236_s1/225316789/ccs,50,135,86,271,45,0,0,0,0,0,0,0.0,0
H1,m84137_260214_004236_s1/28378487/ccs,50,135,86,271,45,0,0,0,0,0,0,0.0,0
H1,m84137_260214_004236_s1/21760072/ccs,50,135,86,271,45,0,0,0,0,0,0,0.0,0
H1,m84137_260214_004236_s1/143198674/ccs,50,135,86,271,45,0,0,0,0,0,0,0.0,0
H1,m84137_260214_004236_s1/101324484/ccs,50,135,86,271,45,0,0,0,0,0,0,0.0,0
H1,m84137_260214_004236_s1/105058135/ccs,50,135,86,271,45,0,0,0,0,0,0,0.0,0
H1,m84137_260214_004236_s1/130290099/ccs,50,135,86,271,45,0,0,0,0,0,0,0.0,0
H1,m84137_260214_004236_s1/188223344/ccs,50,135,86,271,45,0,0,0,0,0,0,0.0,0
H1,m84137_260214_004236_s1/189861584/ccs,50,135,86,271,45,0,0,0,0,0,0,0.0,0
H1,m84137_260214_004236_s1/218828978/ccs,50,135,86,271,45,0,0,0,0,0,0,0.0,0
H1,m84137_260214_004236_s1/204543353/ccs,50,135,86,271,45,0,0,0,0,0,0,0.0,0
H1,m84137_260214_004236_s1/216665402/ccs,50,135,86,271,45,0,0,0,0,0,0,0.0,0
H1,m84137_260214_004236_s1/263393854/ccs,50,135,86,271,45,0,0,0,0,0,0,0.0,0
H1,m84137_260214_004236_s1/250745729/ccs,50,135,86,271,45,0,0,0,0,0,0,0.0,0
H1,m84137_260214_004236_s1/54920672/ccs,50,135,86,271,45,0,0,0,0,0,0,0.0,0
H1,m84137_260214_004236_s1/184943046/ccs,50,135,86,271,45,0,0,0,0,0,0,0.0,0
H1,m84137_260214_004236_s1/223020128/ccs,50,135,86,271,45,0,0,0,0,0,0,0.0,0
H1,m84137_260214_004236_s1/210829914/ccs,50,135,86,271,45,0,0,0,0,0,0,0.0,0
H1,m84137_260214_004236_s1/68883982/ccs,50,135,86,271,45,0,0,0,0,0,0,0.0,0
H1,m84137_260214_004236_s1/65145994/ccs,50,135,86,271,45,0,0,0,0,0,0,0.0,0
H1,m84137_260214_004236_s1/134086906/ccs,50,135,86,271,45,0,0,0,0,0,0,0.0,0
H1,m84137_260214_004236_s1/260639466/ccs,50,135,86,271,45,0,0,0,0,0,0,0.0,0
H1,m84137_260214_004236_s1/4131979/ccs,50,135,86,271,45,0,0,0,0,0,0,0.0,0
H1,m84137_260214_004236_s1/16651781/ccs,50,135,86,271,45,0,0,0,0,0,0,0.0,0
H1,m84137_260214_004236_s1/5964828/ccs,50,135,86,271,45,0,0,0,0,0,0,0.0,0
H1,m84137_260214_004236_s1/29950487/ccs,50,135,86,271,45,0,0,0,0,0,0,0.0,0
H1,m84137_260214_004236_s1/39518592/ccs,50,135,86,271,45,0,0,0,0,0,0,0.0,0
H1,m84137_260214_004236_s1/51577806/ccs,50,135,86,271,45,0,0,0,0,0,0,0.0,0
H1,m84137_260214_004236_s1/44106538/ccs,50,135,86,271,45,0,0,0,0,0,0,0.0,0
H1,m84137_260214_004236_s1/90440105/ccs,50,135,86,271,45,0,0,0,0,0,0,0.0,0
H1,m84137_260214_004236_s1/91555837/ccs,50,135,86,271,45,0,0,0,0,0,0,0.0,0
H1,m84137_260214_004236_s1/70452051/ccs,50,135,86,271,45,0,0,0,0,0,0,0.0,0
H1,m84137_260214_004236_s1/71631558/ccs,50,135,86,271,45,0,0,0,0,0,0,0.0,0
H1,m84137_260214_004236_s1/88408175/ccs,50,135,86,271,45,0,0,0,0,0,0,0.0,0
H1,m84137_260214_004236_s1/88540323/ccs,50,135,86,271,45,0,0,0,0,0,0,0.0,0
H1,m84137_260214_004236_s1/106826407/ccs,50,135,86,271,45,0,0,0,0,0,0,0.0,0
H1,m84137_260214_004236_s1/83495569/ccs,50,135,86,271,45,0,0,0,0,0,0,0.0,0
H1,m84137_260214_004236_s1/108135540/ccs,50,135,86,271,45,0,0,0,0,0,0,0.0,0
H1,m84137_260214_004236_s1/129303577/ccs,50,135,86,271,45,0,0,0,0,0,0,0.0,0
H1,m84137_260214_004236_s1/121636669/ccs,50,135,86,271,45,0,0,0,0,0,0,0.0,0
H1,m84137_260214_004236_s1/154535699/ccs,50,135,86,271,45,0,0,0,0,0,0,0.0,0
H1,m84137_260214_004236_s1/166005364/ccs,50,135,86,271,45,0,0,0,0,0,0,0.0,0
H1,m84137_260214_004236_s1/149228499/ccs,50,135,86,271,45,0,0,0,0,0,0,0.0,0
H1,m84137_260214_004236_s1/188089030/ccs,50,135,86,271,45,0,0,0,0,0,0,0.0,0
H1,m84137_260214_004236_s1/200084387/ccs,50,135,86,271,45,0,0,0,0,0,0,0.0,0
H1,m84137_260214_004236_s1/206045301/ccs,50,135,86,271,45,0,0,0,0,0,0,0.0,0
H1,m84137_260214_004236_s1/231934561/ccs,50,135,86,271,45,0,0,0,0,0,0,0.0,0
H1,m84137_260214_004236_s1/31919239/ccs,50,135,86,271,45,0,0,0,0,0,0,0.0,0
H1,m84137_260214_004236_s1/15405454/ccs,50,135,86,271,45,0,0,0,0,0,0,0.0,0
H1,m84137_260214_004236_s1/59248884/ccs,50,135,86,271,45,0,0,0,0,0,0,0.0,0
H1,m84137_260214_004236_s1/60231607/ccs,50,135,86,271,45,0,0,0,0,0,0,0.0,0
H1,m84137_260214_004236_s1/85201085/ccs,50,135,86,271,45,0,0,0,0,0,0,0.0,0
H1,m84137_260214_004236_s1/91032971/ccs,50,135,86,271,45,0,0,0,0,0,0,0.0,0
H1,m84137_260214_004236_s1/9832435/ccs,50,135,86,271,45,0,0,0,0,0,0,0.0,0
H1,m84137_260214_004236_s1/85918560/ccs,50,135,86,271,45,0,0,0,0,0,0,0.0,0
H1,m84137_260214_004236_s1/210306481/ccs,50,138,83,271,46,0,0,0,0,0,0,0.0,0
H1,m84137_260214_004236_s1/46010283/ccs,50,135,86,271,45,0,0,0,0,0,0,0.0,0
H1,m84137_260214_004236_s1/169546006/ccs,50,135,86,271,45,0,0,0,0,0,0,0.0,0
H1,m84137_260214_004236_s1/11604099/ccs,50,135,86,271,45,0,0,0,0,0,0,0.0,0
H1,m84137_260214_004236_s1/5834903/ccs,50,135,86,271,45,0,0,0,0,0,0,0.0,0
H1,m84137_260214_004236_s1/11600155/ccs,50,135,86,271,45,0,0,0,0,0,0,0.0,0
H1,m84137_260214_004236_s1/23069417/ccs,50,135,86,271,45,0,0,0,0,0,0,0.0,0
H1,m84137_260214_004236_s1/29229940/ccs,50,135,86,271,45,0,0,0,0,0,0,0.0,0
H1,m84137_260214_004236_s1/18941322/ccs,50,135,86,271,45,0,0,0,0,0,0,0.0,0
H1,m84137_260214_004236_s1/34146022/ccs,50,135,86,271,45,0,0,0,0,0,0,0.0,0
H1,m84137_260214_004236_s1/52626052/ccs,50,135,86,271,45,0,0,0,0,0,0,0.0,0
H1,m84137_260214_004236_s1/42795192/ccs,50,135,86,271,45,0,0,0,0,0,0,0.0,0
H1,m84137_260214_004236_s1/54265600/ccs,50,135,86,271,45,0,0,0,0,0,0,0.0,0
H1,m84137_260214_004236_s1/60885409/ccs,50,135,86,271,45,0,0,0,0,0,0,0.0,0
H1,m84137_260214_004236_s1/69274278/ccs,50,135,86,271,45,0,0,0,0,0,0,0.0,0
H1,m84137_260214_004236_s1/70322715/ccs,50,135,86,271,45,0,0,0,0,0,0,0.0,0
H1,m84137_260214_004236_s1/71829997/ccs,50,135,86,271,45,0,0,0,0,0,0,0.0,0
H1,m84137_260214_004236_s1/97059291/ccs,50,135,86,271,45,0,0,0,0,0,0,0.0,0
H1,m84137_260214_004236_s1/123406523/ccs,50,135,86,271,45,0,0,0,0,0,0,0.0,0
H1,m84137_260214_004236_s1/102501108/ccs,50,135,86,271,45,0,0,0,0,0,0,0.0,0
H1,m84137_260214_004236_s1/107088808/ccs,50,135,86,271,45,0,0,0,0,0,0,0.0,0
H1,m84137_260214_004236_s1/129304702/ccs,50,135,86,271,45,0,0,0,0,0,0,0.0,0
H1,m84137_260214_004236_s1/112723384/ccs,50,135,86,271,45,0,0,0,0,0,0,0.0,0
H1,m84137_260214_004236_s1/126093246/ccs,50,135,86,271,45,0,0,0,0,0,0,0.0,0
H1,m84137_260214_004236_s1/115671264/ccs,50,135,86,271,45,0,0,0,0,0,0,0.0,0
H1,m84137_260214_004236_s1/137298515/ccs,50,135,86,271,45,0,0,0,0,0,0,0.0,0
H1,m84137_260214_004236_s1/145883901/ccs,50,135,86,271,45,0,0,0,0,0,0,0.0,0
H1,m84137_260214_004236_s1/147915935/ccs,50,135,86,271,45,0,0,0,0,0,0,0.0,0
H1,m84137_260214_004236_s1/188418020/ccs,50,135,86,271,45,0,0,0,0,0,0,0.0,0
H1,m84137_260214_004236_s1/197396932/ccs,50,135,86,271,45,0,0,0,0,0,0,0.0,0
H1,m84137_260214_004236_s1/194906994/ccs,50,132,89,271,44,0,0,0,0,0,0,0.0,0
H1,m84137_260214_004236_s1/207882627/ccs,50,135,86,271,45,0,0,0,0,0,0,0.0,0
H1,m84137_260214_004236_s1/252379187/ccs,50,135,86,271,45,0,0,0,0,0,0,0.0,0
H1,m84137_260214_004236_s1/238092486/ccs,50,135,86,271,45,0,0,0,0,0,0,0.0,0
H1,m84137_260214_004236_s1/242745837/ccs,50,135,86,271,45,0,0,0,0,0,0,0.0,0
H1,m84137_260214_004236_s1/172364837/ccs,50,135,86,271,45,0,0,0,0,0,0,0.0,0
H1,m84137_260214_004236_s1/239077166/ccs,50,135,86,271,45,0,0,0,0,0,0,0.0,0
H1,m84137_260214_004236_s1/248449299/ccs,50,135,86,271,45,0,0,0,0,0,0,0.0,0
H1,m84137_260214_004236_s1/21696531/ccs,50,135,86,271,45,0,0,0,0,0,0,0.0,0
H1,m84137_260214_004236_s1/8195096/ccs,50,135,86,271,45,0,0,0,0,0,0,0.0,0
H1,m84137_260214_004236_s1/11472963/ccs,50,135,86,271,45,0,0,0,0,0,0,0.0,0
H1,m84137_260214_004236_s1/36638300/ccs,50,135,86,271,45,0,0,0,0,0,0,0.0,0
H1,m84137_260214_004236_s1/40244571/ccs,50,135,86,271,45,0,0,0,0,0,0,0.0,0
H1,m84137_260214_004236_s1/68491102/ccs,50,135,86,271,45,0,0,0,0,0,0,0.0,0
H1,m84137_260214_004236_s1/43192874/ccs,50,135,86,271,45,0,0,0,0,0,0,0.0,0
H1,m84137_260214_004236_s1/95751302/ccs,50,135,86,271,45,0,0,0,0,0,0,0.0,0
H1,m84137_260214_004236_s1/75698705/ccs,50,135,86,271,45,0,0,0,0,0,0,0.0,0
H1,m84137_260214_004236_s1/130552407/ccs,50,135,86,271,45,0,0,0,0,0,0,0.0,0
H1,m84137_260214_004236_s1/110761297/ccs,50,135,86,271,45,0,0,0,0,0,0,0.0,0
H1,m84137_260214_004236_s1/130946807/ccs,50,135,86,271,45,0,0,0,0,0,0,0.0,0
H1,m84137_260214_004236_s1/83694990/ccs,50,135,86,271,45,0,0,0,0,0,0,0.0,0
H1,m84137_260214_004236_s1/137891886/ccs,50,135,86,271,45,0,0,0,0,0,0,0.0,0
H1,m84137_260214_004236_s1/147656827/ccs,50,135,86,271,45,0,0,0,0,0,0,0.0,0
H1,m84137_260214_004236_s1/197989748/ccs,50,135,86,271,45,0,0,0,0,0,0,0.0,0
H1,m84137_260214_004236_s1/209391260/ccs,50,135,86,271,45,0,0,0,0,0,0,0.0,0
H1,m84137_260214_004236_s1/228463285/ccs,50,135,86,271,45,0,0,0,0,0,0,0.0,0
H1,m84137_260214_004236_s1/239210335/ccs,50,135,86,271,45,0,0,0,0,0,0,0.0,0
H1,m84137_260214_004236_s1/249369255/ccs,50,135,86,271,45,0,0,0,0,0,0,0.0,0
H1,m84137_260214_004236_s1/19006702/ccs,50,135,86,271,45,0,0,0,0,0,0,0.0,0
H1,m84137_260214_004236_s1/236847854/ccs,50,135,86,271,45,0,0,0,0,0,0,0.0,0
H1,m84137_260214_004236_s1/136320028/ccs,50,135,86,271,45,0,0,0,0,0,0,0.0,0
H1,m84137_260214_004236_s1/147456514/ccs,50,135,86,271,45,0,0,0,0,0,0,0.0,0
H1,m84137_260214_004236_s1/19005998/ccs,50,135,86,271,45,0,0,0,0,0,0,0.0,0
H1,m84137_260214_004236_s1/7995493/ccs,50,135,86,271,45,0,0,0,0,0,0,0.0,0
H1,m84137_260214_004236_s1/9112415/ccs,50,135,86,271,45,0,0,0,0,0,0,0.0,0
H1,m84137_260214_004236_s1/20842527/ccs,50,135,86,271,45,0,0,0,0,0,0,0.0,0
H1,m84137_260214_004236_s1/31458220/ccs,50,135,86,271,45,0,0,0,0,0,0,0.0,0
H1,m84137_260214_004236_s1/10094401/ccs,50,135,86,271,45,0,0,0,0,0,0,0.0,0
H1,m84137_260214_004236_s1/34276680/ccs,50,135,86,271,45,0,0,0,0,0,0,0.0,0
H1,m84137_260214_004236_s1/27918912/ccs,50,135,86,271,45,0,0,0,0,0,0,0.0,0
H1,m84137_260214_004236_s1/39911995/ccs,50,135,86,271,45,0,0,0,0,0,0,0.0,0
H1,m84137_260214_004236_s1/47972569/ccs,50,135,86,271,45,0,0,0,0,0,0,0.0,0
H1,m84137_260214_004236_s1/64292810/ccs,50,135,86,271,45,0,0,0,0,0,0,0.0,0
H1,m84137_260214_004236_s1/123339954/ccs,50,135,86,271,45,0,0,0,0,0,0,0.0,0
H1,m84137_260214_004236_s1/77859050/ccs,50,135,86,271,45,0,0,0,0,0,0,0.0,0
H1,m84137_260214_004236_s1/78119791/ccs,50,135,86,271,45,0,0,0,0,0,0,0.0,0
H1,m84137_260214_004236_s1/99681889/ccs,50,135,86,271,45,0,0,0,0,0,0,0.0,0
H1,m84137_260214_004236_s1/83167754/ccs,50,135,86,271,45,0,0,0,0,0,0,0.0,0
H1,m84137_260214_004236_s1/103025065/ccs,50,135,86,271,45,0,0,0,0,0,0,0.0,0
H1,m84137_260214_004236_s1/108528587/ccs,50,135,86,271,45,0,0,0,0,0,0,0.0,0
H1,m84137_260214_004236_s1/120392541/ccs,50,135,86,271,45,0,0,0,0,0,0,0.0,0
H1,m84137_260214_004236_s1/113116702/ccs,50,135,86,271,45,0,0,0,0,0,0,0.0,0
H1,m84137_260214_004236_s1/130547787/ccs,50,135,86,271,45,0,0,0,0,0,0,0.0,0
H1,m84137_260214_004236_s1/97914902/ccs,50,135,86,271,45,0,0,0,0,0,0,0.0,0
H1,m84137_260214_004236_s1/106762894/ccs,50,135,86,271,45,0,0,0,0,0,0,0.0,0
H1,m84137_260214_004236_s1/125244170/ccs,50,135,86,271,45,0,0,0,0,0,0,0.0,0
H1,m84137_260214_004236_s1/82775993/ccs,50,135,86,271,45,0,0,0,0,0,0,0.0,0
H1,m84137_260214_004236_s1/131207073/ccs,50,135,86,271,45,0,0,0,0,0,0,0.0,0
H1,m84137_260214_004236_s1/92209344/ccs,50,135,86,271,45,0,0,0,0,0,0,0.0,0
H1,m84137_260214_004236_s1/79036740/ccs,50,135,86,271,45,0,0,0,0,0,0,0.0,0
H1,m84137_260214_004236_s1/80020809/ccs,50,135,86,271,45,0,0,0,0,0,0,0.0,0
H1,m84137_260214_004236_s1/76480572/ccs,50,135,86,271,45,0,0,0,0,0,0,0.0,0
H1,m84137_260214_004236_s1/80676543/ccs,50,135,86,271,45,0,0,0,0,0,0,0.0,0
H1,m84137_260214_004236_s1/148966493/ccs,50,135,86,271,45,0,0,0,0,0,0,0.0,0
H1,m84137_260214_004236_s1/201593557/ccs,50,135,86,271,45,0,0,0,0,0,0,0.0,0
H1,m84137_260214_004236_s1/219811123/ccs,50,135,86,271,45,0,0,0,0,0,0,0.0,0
H1,m84137_260214_004236_s1/198578377/ccs,50,135,86,271,45,0,0,0,0,0,0,0.0,0
H1,m84137_260214_004236_s1/203428756/ccs,50,135,86,271,45,0,0,0,0,0,0,0.0,0
H1,m84137_260214_004236_s1/205657296/ccs,50,135,86,271,45,0,0,0,0,0,0,0.0,0
H1,m84137_260214_004236_s1/229250608/ccs,50,135,86,271,45,0,0,0,0,0,0,0.0,0
H1,m84137_260214_004236_s1/252908090/ccs,50,135,86,271,45,0,0,0,0,0,0,0.0,0
H1,m84137_260214_004236_s1/242684535/ccs,50,135,86,271,45,0,0,0,0,0,0,0.0,0
H1,m84137_260214_004236_s1/214962803/ccs,50,135,86,271,45,0,0,0,0,0,0,0.0,0
H1,m84137_260214_004236_s1/238883373/ccs,50,135,86,271,45,0,0,0,0,0,0,0.0,0
H1,m84137_260214_004236_s1/216994932/ccs,50,135,86,271,45,0,0,0,0,0,0,0.0,0
H1,m84137_260214_004236_s1/230822130/ccs,50,135,86,271,45,0,0,0,0,0,0,0.0,0
H1,m84137_260214_004236_s1/87360950/ccs,50,135,86,271,45,0,0,0,0,0,0,0.0,0
H1,m84137_260214_004236_s1/97650579/ccs,50,135,86,271,45,0,0,0,0,0,0,0.0,0
H1,m84137_260214_004236_s1/130221003/ccs,50,135,86,271,45,0,0,0,0,0,0,0.0,0
H1,m84137_260214_004236_s1/152765018/ccs,50,135,86,271,45,0,0,0,0,0,0,0.0,0
H1,m84137_260214_004236_s1/207749434/ccs,50,135,86,271,45,0,0,0,0,0,0,0.0,0
H1,m84137_260214_004236_s1/133043452/ccs,50,135,86,271,45,0,0,0,0,0,0,0.0,0
H1,m84137_260214_004236_s1/137498065/ccs,50,135,86,271,45,0,0,0,0,0,0,0.0,0
H1,m84137_260214_004236_s1/158535615/ccs,50,135,86,271,45,0,0,0,0,0,0,0.0,0
H1,m84137_260214_004236_s1/138024433/ccs,50,135,86,271,45,0,0,0,0,0,0,0.0,0
H1,m84137_260214_004236_s1/174788491/ccs,50,135,86,271,45,0,0,0,0,0,0,0.0,0
H1,m84137_260214_004236_s1/175050431/ccs,50,135,86,271,45,0,0,0,0,0,0,0.0,0
H1,m84137_260214_004236_s1/147656995/ccs,50,135,86,271,45,0,0,0,0,0,0,0.0,0
H1,m84137_260214_004236_s1/231475137/ccs,50,135,86,271,45,0,0,0,0,0,0,0.0,0
H1,m84137_260214_004236_s1/22811029/ccs,50,135,86,271,45,0,0,0,0,0,0,0.0,0
H1,m84137_260214_004236_s1/65736443/ccs,50,135,86,271,45,0,0,0,0,0,0,0.0,0
H1,m84137_260214_004236_s1/120657835/ccs,50,135,86,271,45,0,0,0,0,0,0,0.0,0
H1,m84137_260214_004236_s1/176488791/ccs,50,135,86,271,45,0,0,0,0,0,0,0.0,0
H1,m84137_260214_004236_s1/14091820/ccs,50,135,86,271,45,0,0,0,0,0,0,0.0,0
H1,m84137_260214_004236_s1/43780371/ccs,50,135,86,271,45,0,0,0,0,0,0,0.0,0
H1,m84137_260214_004236_s1/246027453/ccs,50,135,86,271,45,0,0,0,0,0,0,0.0,0
H1,m84137_260214_004236_s1/249238595/ccs,50,135,86,271,45,0,0,0,0,0,0,0.0,0
H1,m84137_260214_004236_s1/54265776/ccs,50,135,86,271,45,0,0,0,0,0,0,0.0,0
H1,m84137_260214_004236_s1/160303623/ccs,50,135,86,271,45,0,0,0,0,0,0,0.0,0
H1,m84137_260214_004236_s1/82842207/ccs,50,135,86,271,45,0,0,0,0,0,0,0.0,0
H1,m84137_260214_004236_s1/227606686/ccs,50,135,86,271,45,0,0,0,0,0,0,0.0,0
H1,m84137_260214_004236_s1/202834373/ccs,50,135,86,271,45,0,0,0,0,0,0,0.0,0
H1,m84137_260214_004236_s1/104137620/ccs,50,135,86,271,45,0,0,0,0,0,0,0.0,0
H1,m84137_260214_004236_s1/169673539/ccs,50,135,86,271,45,0,0,0,0,0,0,0.0,0
H1,m84137_260214_004236_s1/194773494/ccs,50,135,86,271,45,0,0,0,0,0,0,0.0,0
H1,m84137_260214_004236_s1/257625250/ccs,50,135,86,271,45,0,0,0,0,0,0,0.0,0
H1,m84137_260214_004236_s1/63968440/ccs,50,135,86,271,45,0,0,0,0,0,0,0.0,0
H1,m84137_260214_004236_s1/60691920/ccs,50,135,86,271,45,0,0,0,0,0,0,0.0,0
H1,m84137_260214_004236_s1/71110872/ccs,50,135,86,271,45,0,0,0,0,0,0,0.0,0
H1,m84137_260214_004236_s1/90705653/ccs,50,135,86,271,45,0,0,0,0,0,0,0.0,0
H1,m84137_260214_004236_s1/231343255/ccs,50,135,86,271,45,0,0,0,0,0,0,0.0,0
H1,m84137_260214_004236_s1/144376546/ccs,50,135,86,271,45,0,0,0,0,0,0,0.0,0
H1,m84137_260214_004236_s1/253822071/ccs,50,135,86,271,45,0,0,0,0,0,0,0.0,0
H1,m84137_260214_004236_s1/143262117/ccs,50,135,86,271,45,0,0,0,0,0,0,0.0,0
H1,m84137_260214_004236_s1/161546383/ccs,50,135,86,271,45,0,0,0,0,0,0,0.0,0
H1,m84137_260214_004236_s1/191432878/ccs,50,135,86,271,45,0,0,0,0,0,0,0.0,0
H1,m84137_260214_004236_s1/175506081/ccs,50,135,86,271,45,0,0,0,0,0,0,0.0,0
H1,m84137_260214_004236_s1/240978190/ccs,50,135,86,271,45,0,0,0,0,0,0,0.0,0
H1,m84137_260214_004236_s1/238552975/ccs,50,135,86,271,45,0,0,0,0,0,0,0.0,0
H1,m84137_260214_004236_s1/259852661/ccs,50,135,86,271,45,0,0,0,0,0,0,0.0,0
H1,m84137_260214_004236_s1/11998446/ccs,50,135,86,271,45,0,0,0,0,0,0,0.0,0
H1,m84137_260214_004236_s1/33231375/ccs,50,135,86,271,45,0,0,0,0,0,0,0.0,0
H1,m84137_260214_004236_s1/14356673/ccs,50,135,86,271,45,0,0,0,0,0,0,0.0,0
H1,m84137_260214_004236_s1/198773162/ccs,50,135,86,271,45,0,0,0,0,0,0,0.0,0
H1,m84137_260214_004236_s1/136512419/ccs,50,135,86,271,45,0,0,0,0,0,0,0.0,0
H1,m84137_260214_004236_s1/154142121/ccs,50,135,86,271,45,0,0,0,0,0,0,0.0,0
H1,m84137_260214_004236_s1/146146586/ccs,50,135,86,271,45,0,0,0,0,0,0,0.0,0
H1,m84137_260214_004236_s1/19335775/ccs,50,135,86,271,45,0,0,0,0,0,0,0.0,0
H1,m84137_260214_004236_s1/18481593/ccs,50,135,86,271,45,0,0,0,0,0,0,0.0,0
H1,m84137_260214_004236_s1/114429841/ccs,50,135,86,271,45,0,0,0,0,0,0,0.0,0
H1,m84137_260214_004236_s1/100731305/ccs,50,136,86,272,30,1,0,1,4,1,0,4.0,1
H1,m84137_260214_004236_s1/10688263/ccs,50,136,86,272,16,1,0,1,4,1,0,4.0,1
H1,m84137_260214_004236_s1/19529960/ccs,50,128,94,272,12,0,0,1,2,1,0,2.0,0
H1,m84137_260214_004236_s1/150278678/ccs,50,135,87,272,45,0,0,0,0,0,0,0.0,0
H1,m84137_260214_004236_s1/29562334/ccs,50,136,86,272,11,0,0,1,1,1,0,1.0,0
H1,m84137_260214_004236_s1/213718607/ccs,51,135,86,272,45,0,0,0,0,0,0,0.0,0
H1,m84137_260214_004236_s1/170983547/ccs,50,136,86,272,34,1,0,1,4,1,0,4.0,1
H1,m84137_260214_004236_s1/184550078/ccs,50,136,86,272,8,1,0,1,4,1,0,4.0,1
H1,m84137_260214_004236_s1/111018508/ccs,50,137,86,273,27,0,0,1,2,1,0,2.0,1
H1,m84137_260214_004236_s1/238944689/ccs,50,137,86,273,15,1,0,2,8,2,0,4.0,1
H1,m84137_260214_004236_s1/159713175/ccs,50,137,86,273,28,0,0,1,2,1,0,2.0,1
H1,m84137_260214_004236_s1/97846105/ccs,49,138,86,273,46,0,0,0,0,0,0,0.0,0
H1,m84137_260214_004236_s1/115802615/ccs,49,138,86,273,46,0,0,0,0,0,0,0.0,0
H1,m84137_260214_004236_s1/29754839/ccs,50,134,89,273,11,1,0,2,5,2,0,2.5,1
H1,m84137_260214_004236_s1/77136270/ccs,50,138,85,273,46,0,0,0,0,0,0,0.0,0
H1,m84137_260214_004236_s1/148247064/ccs,50,132,91,273,44,0,0,0,0,0,0,0.0,0
H1,m84137_260214_004236_s1/26149168/ccs,50,137,86,273,18,1,0,2,5,2,0,2.5,1
H1,m84137_260214_004236_s1/85528373/ccs,54,133,86,273,7,0,0,1,1,1,0,1.0,0
H1,m84137_260214_004236_s1/204345494/ccs,50,138,86,274,46,0,0,0,0,0,0,0.0,0
H1,m84137_260214_004236_s1/186385495/ccs,50,138,86,274,46,0,0,0,0,0,0,0.0,0
H1,m84137_260214_004236_s1/54528878/ccs,50,138,86,274,46,0,0,0,0,0,0,0.0,0
H1,m84137_260214_004236_s1/93195090/ccs,50,138,86,274,46,0,0,0,0,0,0,0.0,0
H1,m84137_260214_004236_s1/82575911/ccs,50,138,86,274,46,0,0,0,0,0,0,0.0,0
H1,m84137_260214_004236_s1/100599573/ccs,50,138,86,274,46,0,0,0,0,0,0,0.0,0
H1,m84137_260214_004236_s1/130679017/ccs,50,138,86,274,46,0,0,0,0,0,0,0.0,0
H1,m84137_260214_004236_s1/127929239/ccs,50,138,86,274,46,0,0,0,0,0,0,0.0,0
H1,m84137_260214_004236_s1/132385236/ccs,50,138,86,274,46,0,0,0,0,0,0,0.0,0
H1,m84137_260214_004236_s1/143132507/ccs,50,138,86,274,46,0,0,0,0,0,0,0.0,0
H1,m84137_260214_004236_s1/166396259/ccs,50,138,86,274,46,0,0,0,0,0,0,0.0,0
H1,m84137_260214_004236_s1/204080175/ccs,50,138,86,274,46,0,0,0,0,0,0,0.0,0
H1,m84137_260214_004236_s1/183765807/ccs,50,138,86,274,46,0,0,0,0,0,0,0.0,0
H1,m84137_260214_004236_s1/238421814/ccs,50,138,86,274,46,0,0,0,0,0,0,0.0,0
H1,m84137_260214_004236_s1/259916628/ccs,50,138,86,274,46,0,0,0,0,0,0,0.0,0
H1,m84137_260214_004236_s1/238880322/ccs,50,138,86,274,46,0,0,0,0,0,0,0.0,0
H1,m84137_260214_004236_s1/250085660/ccs,50,138,86,274,46,0,0,0,0,0,0,0.0,0
H1,m84137_260214_004236_s1/34147588/ccs,50,138,86,274,46,0,0,0,0,0,0,0.0,0
H1,m84137_260214_004236_s1/81793027/ccs,50,138,86,274,46,0,0,0,0,0,0,0.0,0
H1,m84137_260214_004236_s1/160962288/ccs,50,138,86,274,46,0,0,0,0,0,0,0.0,0
H1,m84137_260214_004236_s1/202184555/ccs,50,138,86,274,46,0,0,0,0,0,0,0.0,0
H1,m84137_260214_004236_s1/231017517/ccs,50,138,86,274,46,0,0,0,0,0,0,0.0,0
H1,m84137_260214_004236_s1/82184075/ccs,50,138,86,274,46,0,0,0,0,0,0,0.0,0
H1,m84137_260214_004236_s1/118818998/ccs,50,138,86,274,46,0,0,0,0,0,0,0.0,0
H1,m84137_260214_004236_s1/133039698/ccs,50,138,86,274,46,0,0,0,0,0,0,0.0,0
H1,m84137_260214_004236_s1/161218998/ccs,50,138,86,274,46,0,0,0,0,0,0,0.0,0
H1,m84137_260214_004236_s1/217254442/ccs,50,138,86,274,46,0,0,0,0,0,0,0.0,0
H1,m84137_260214_004236_s1/119935574/ccs,50,138,86,274,46,0,0,0,0,0,0,0.0,0
H1,m84137_260214_004236_s1/31394914/ccs,50,138,86,274,46,0,0,0,0,0,0,0.0,0
H1,m84137_260214_004236_s1/147394774/ccs,50,138,86,274,46,0,0,0,0,0,0,0.0,0
H1,m84137_260214_004236_s1/247992158/ccs,50,138,86,274,46,0,0,0,0,0,0,0.0,0
H1,m84137_260214_004236_s1/20449725/ccs,50,138,86,274,46,0,0,0,0,0,0,0.0,0
H1,m84137_260214_004236_s1/33360630/ccs,50,138,86,274,46,0,0,0,0,0,0,0.0,0
H1,m84137_260214_004236_s1/59639042/ccs,50,138,86,274,46,0,0,0,0,0,0,0.0,0
H1,m84137_260214_004236_s1/60686746/ccs,50,138,86,274,46,0,0,0,0,0,0,0.0,0
H1,m84137_260214_004236_s1/73860566/ccs,50,138,86,274,46,0,0,0,0,0,0,0.0,0
H1,m84137_260214_004236_s1/84935614/ccs,50,138,86,274,46,0,0,0,0,0,0,0.0,0
H1,m84137_260214_004236_s1/95421772/ccs,50,138,86,274,46,0,0,0,0,0,0,0.0,0
H1,m84137_260214_004236_s1/211554275/ccs,50,138,86,274,46,0,0,0,0,0,0,0.0,0
H1,m84137_260214_004236_s1/23598590/ccs,50,138,86,274,46,0,0,0,0,0,0,0.0,0
H1,m84137_260214_004236_s1/149555625/ccs,50,138,86,274,46,0,0,0,0,0,0,0.0,0
H1,m84137_260214_004236_s1/220792155/ccs,50,138,86,274,46,0,0,0,0,0,0,0.0,0
H1,m84137_260214_004236_s1/191825981/ccs,50,138,86,274,46,0,0,0,0,0,0,0.0,0
H1,m84137_260214_004236_s1/184686469/ccs,50,138,86,274,46,0,0,0,0,0,0,0.0,0
H1,m84137_260214_004236_s1/28705704/ccs,50,138,86,274,46,0,0,0,0,0,0,0.0,0
H1,m84137_260214_004236_s1/32901731/ccs,50,138,86,274,46,0,0,0,0,0,0,0.0,0
H1,m84137_260214_004236_s1/59574288/ccs,50,138,86,274,46,0,0,0,0,0,0,0.0,0
H1,m84137_260214_004236_s1/72943667/ccs,50,138,86,274,46,0,0,0,0,0,0,0.0,0
H1,m84137_260214_004236_s1/89260803/ccs,50,138,86,274,46,0,0,0,0,0,0,0.0,0
H1,m84137_260214_004236_s1/117637884/ccs,50,138,86,274,46,0,0,0,0,0,0,0.0,0
H1,m84137_260214_004236_s1/106956160/ccs,50,138,86,274,46,0,0,0,0,0,0,0.0,0
H1,m84137_260214_004236_s1/112395322/ccs,50,138,86,274,46,0,0,0,0,0,0,0.0,0
H1,m84137_260214_004236_s1/93460079/ccs,50,138,86,274,46,0,0,0,0,0,0,0.0,0
H1,m84137_260214_004236_s1/104731879/ccs,50,138,86,274,46,0,0,0,0,0,0,0.0,0
H1,m84137_260214_004236_s1/66586931/ccs,50,138,86,274,46,0,0,0,0,0,0,0.0,0
H1,m84137_260214_004236_s1/70713422/ccs,50,138,86,274,46,0,0,0,0,0,0,0.0,0
H1,m84137_260214_004236_s1/95882013/ccs,50,138,86,274,46,0,0,0,0,0,0,0.0,0
H1,m84137_260214_004236_s1/93127230/ccs,50,138,86,274,46,0,0,0,0,0,0,0.0,0
H1,m84137_260214_004236_s1/96011826/ccs,50,138,86,274,46,0,0,0,0,0,0,0.0,0
H1,m84137_260214_004236_s1/176427840/ccs,50,138,86,274,46,0,0,0,0,0,0,0.0,0
H1,m84137_260214_004236_s1/222563683/ccs,50,138,86,274,46,0,0,0,0,0,0,0.0,0
H1,m84137_260214_004236_s1/205591276/ccs,50,138,86,274,46,0,0,0,0,0,0,0.0,0
H1,m84137_260214_004236_s1/258739724/ccs,50,138,86,274,46,0,0,0,0,0,0,0.0,0
H1,m84137_260214_004236_s1/243667092/ccs,50,138,86,274,46,0,0,0,0,0,0,0.0,0
H1,m84137_260214_004236_s1/214962994/ccs,50,138,86,274,46,0,0,0,0,0,0,0.0,0
H1,m84137_260214_004236_s1/216141460/ccs,50,138,86,274,46,0,0,0,0,0,0,0.0,0
H1,m84137_260214_004236_s1/107544824/ccs,50,138,86,274,46,0,0,0,0,0,0,0.0,0
H1,m84137_260214_004236_s1/157417860/ccs,50,138,86,274,46,0,0,0,0,0,0,0.0,0
H1,m84137_260214_004236_s1/211421615/ccs,50,138,86,274,46,0,0,0,0,0,0,0.0,0
H1,m84137_260214_004236_s1/141039437/ccs,50,138,86,274,46,0,0,0,0,0,0,0.0,0
H1,m84137_260214_004236_s1/114955850/ccs,50,138,86,274,46,0,0,0,0,0,0,0.0,0
H1,m84137_260214_004236_s1/116264240/ccs,50,138,86,274,46,0,0,0,0,0,0,0.0,0
H1,m84137_260214_004236_s1/173741805/ccs,50,138,86,274,46,0,0,0,0,0,0,0.0,0
H1,m84137_260214_004236_s1/104926420/ccs,50,138,86,274,46,0,0,0,0,0,0,0.0,0
H1,m84137_260214_004236_s1/114494813/ccs,50,138,86,274,46,0,0,0,0,0,0,0.0,0
H1,m84137_260214_004236_s1/148443411/ccs,50,138,86,274,46,0,0,0,0,0,0,0.0,0
H1,m84137_260214_004236_s1/258606365/ccs,50,138,86,274,46,0,0,0,0,0,0,0.0,0
H1,m84137_260214_004236_s1/16779268/ccs,50,138,86,274,46,0,0,0,0,0,0,0.0,0
H1,m84137_260214_004236_s1/217585463/ccs,50,138,86,274,46,0,0,0,0,0,0,0.0,0
H1,m84137_260214_004236_s1/21563299/ccs,50,138,86,274,46,0,0,0,0,0,0,0.0,0
H1,m84137_260214_004236_s1/27396471/ccs,50,138,86,274,46,0,0,0,0,0,0,0.0,0
H1,m84137_260214_004236_s1/134810252/ccs,50,138,86,274,46,0,0,0,0,0,0,0.0,0
H1,m84137_260214_004236_s1/114886369/ccs,50,138,86,274,46,0,0,0,0,0,0,0.0,0
H1,m84137_260214_004236_s1/220858414/ccs,50,138,86,274,46,0,0,0,0,0,0,0.0,0
H1,m84137_260214_004236_s1/203818871/ccs,50,138,86,274,46,0,0,0,0,0,0,0.0,0
H1,m84137_260214_004236_s1/228852795/ccs,50,138,86,274,46,0,0,0,0,0,0,0.0,0
H1,m84137_260214_004236_s1/236784353/ccs,50,138,86,274,46,0,0,0,0,0,0,0.0,0
H1,m84137_260214_004236_s1/2624773/ccs,50,138,86,274,46,0,0,0,0,0,0,0.0,0
H1,m84137_260214_004236_s1/26350357/ccs,50,138,86,274,46,0,0,0,0,0,0,0.0,0
H1,m84137_260214_004236_s1/26744241/ccs,50,138,86,274,46,0,0,0,0,0,0,0.0,0
H1,m84137_260214_004236_s1/15799828/ccs,50,138,86,274,46,0,0,0,0,0,0,0.0,0
H1,m84137_260214_004236_s1/69276197/ccs,50,138,86,274,46,0,0,0,0,0,0,0.0,0
H1,m84137_260214_004236_s1/47189874/ccs,50,138,86,274,46,0,0,0,0,0,0,0.0,0
H1,m84137_260214_004236_s1/100732863/ccs,50,138,86,274,46,0,0,0,0,0,0,0.0,0
H1,m84137_260214_004236_s1/101454881/ccs,50,138,86,274,46,0,0,0,0,0,0,0.0,0
H1,m84137_260214_004236_s1/99552800/ccs,50,138,86,274,46,0,0,0,0,0,0,0.0,0
H1,m84137_260214_004236_s1/129242202/ccs,50,138,86,274,46,0,0,0,0,0,0,0.0,0
H1,m84137_260214_004236_s1/164302520/ccs,50,138,86,274,46,0,0,0,0,0,0,0.0,0
H1,m84137_260214_004236_s1/145690083/ccs,50,138,86,274,46,0,0,0,0,0,0,0.0,0
H1,m84137_260214_004236_s1/174593956/ccs,50,138,86,274,46,0,0,0,0,0,0,0.0,0
H1,m84137_260214_004236_s1/198381320/ccs,50,138,86,274,46,0,0,0,0,0,0,0.0,0
H1,m84137_260214_004236_s1/224203942/ccs,50,138,86,274,46,0,0,0,0,0,0,0.0,0
H1,m84137_260214_004236_s1/206704592/ccs,50,138,86,274,46,0,0,0,0,0,0,0.0,0
H1,m84137_260214_004236_s1/241178206/ccs,50,138,86,274,46,0,0,0,0,0,0,0.0,0
H1,m84137_260214_004236_s1/261362032/ccs,50,138,86,274,46,0,0,0,0,0,0,0.0,0
H1,m84137_260214_004236_s1/36898622/ccs,50,138,86,274,46,0,0,0,0,0,0,0.0,0
H1,m84137_260214_004236_s1/88020262/ccs,50,138,86,274,46,0,0,0,0,0,0,0.0,0
H1,m84137_260214_004236_s1/90770440/ccs,50,138,86,274,46,0,0,0,0,0,0,0.0,0
H1,m84137_260214_004236_s1/91098970/ccs,50,138,86,274,46,0,0,0,0,0,0,0.0,0
H1,m84137_260214_004236_s1/148374792/ccs,50,138,86,274,46,0,0,0,0,0,0,0.0,0
H1,m84137_260214_004236_s1/213453852/ccs,50,138,86,274,46,0,0,0,0,0,0,0.0,0
H1,m84137_260214_004236_s1/49681745/ccs,50,138,86,274,46,0,0,0,0,0,0,0.0,0
H1,m84137_260214_004236_s1/165610171/ccs,50,138,86,274,46,0,0,0,0,0,0,0.0,0
H1,m84137_260214_004236_s1/218696622/ccs,50,138,86,274,46,0,0,0,0,0,0,0.0,0
H1,m84137_260214_004236_s1/46993790/ccs,50,138,86,274,46,0,0,0,0,0,0,0.0,0
H1,m84137_260214_004236_s1/142872344/ccs,50,138,86,274,46,0,0,0,0,0,0,0.0,0
H1,m84137_260214_004236_s1/145558948/ccs,50,138,86,274,46,0,0,0,0,0,0,0.0,0
H1,m84137_260214_004236_s1/169414771/ccs,50,138,86,274,46,0,0,0,0,0,0,0.0,0
H1,m84137_260214_004236_s1/18154050/ccs,50,138,86,274,46,0,0,0,0,0,0,0.0,0
H1,m84137_260214_004236_s1/5571523/ccs,50,138,86,274,46,0,0,0,0,0,0,0.0,0
H1,m84137_260214_004236_s1/50727800/ccs,50,138,86,274,46,0,0,0,0,0,0,0.0,0
H1,m84137_260214_004236_s1/59902857/ccs,50,138,86,274,46,0,0,0,0,0,0,0.0,0
H1,m84137_260214_004236_s1/93847606/ccs,50,138,86,274,46,0,0,0,0,0,0,0.0,0
H1,m84137_260214_004236_s1/124322352/ccs,50,138,86,274,46,0,0,0,0,0,0,0.0,0
H1,m84137_260214_004236_s1/124586428/ccs,50,138,86,274,46,0,0,0,0,0,0,0.0,0
H1,m84137_260214_004236_s1/124650207/ccs,50,138,86,274,46,0,0,0,0,0,0,0.0,0
H1,m84137_260214_004236_s1/104728460/ccs,50,138,86,274,46,0,0,0,0,0,0,0.0,0
H1,m84137_260214_004236_s1/126551224/ccs,50,138,86,274,46,0,0,0,0,0,0,0.0,0
H1,m84137_260214_004236_s1/151325300/ccs,50,138,86,274,46,0,0,0,0,0,0,0.0,0
H1,m84137_260214_004236_s1/163055820/ccs,50,138,86,274,46,0,0,0,0,0,0,0.0,0
H1,m84137_260214_004236_s1/190840932/ccs,50,138,86,274,46,0,0,0,0,0,0,0.0,0
H1,m84137_260214_004236_s1/194970872/ccs,50,138,86,274,46,0,0,0,0,0,0,0.0,0
H1,m84137_260214_004236_s1/209781724/ccs,50,138,86,274,46,0,0,0,0,0,0,0.0,0
H1,m84137_260214_004236_s1/213583800/ccs,50,137,87,274,9,0,0,2,5,2,0,2.5,1
H1,m84137_260214_004236_s1/213713100/ccs,50,138,86,274,46,0,0,0,0,0,0,0.0,0
H1,m84137_260214_004236_s1/233047933/ccs,50,138,86,274,46,0,0,0,0,0,0,0.0,0
H1,m84137_260214_004236_s1/160563932/ccs,50,138,86,274,46,0,0,0,0,0,0,0.0,0
H1,m84137_260214_004236_s1/185599384/ccs,50,138,86,274,46,0,0,0,0,0,0,0.0,0
H1,m84137_260214_004236_s1/170263576/ccs,50,138,86,274,46,0,0,0,0,0,0,0.0,0
H1,m84137_260214_004236_s1/188943160/ccs,50,138,86,274,46,0,0,0,0,0,0,0.0,0
H1,m84137_260214_004236_s1/215484037/ccs,50,138,86,274,46,0,0,0,0,0,0,0.0,0
H1,m84137_260214_004236_s1/242158166/ccs,50,138,86,274,46,0,0,0,0,0,0,0.0,0
H1,m84137_260214_004236_s1/217646101/ccs,50,138,86,274,46,0,0,0,0,0,0,0.0,0
H1,m84137_260214_004236_s1/265291667/ccs,50,138,86,274,46,0,0,0,0,0,0,0.0,0
H1,m84137_260214_004236_s1/9375423/ccs,50,138,86,274,46,0,0,0,0,0,0,0.0,0
H1,m84137_260214_004236_s1/221514308/ccs,50,138,86,274,46,0,0,0,0,0,0,0.0,0
H1,m84137_260214_004236_s1/137298868/ccs,50,138,86,274,46,0,0,0,0,0,0,0.0,0
H1,m84137_260214_004236_s1/159517434/ccs,50,138,86,274,46,0,0,0,0,0,0,0.0,0
H1,m84137_260214_004236_s1/219419956/ccs,50,138,86,274,46,0,0,0,0,0,0,0.0,0
H1,m84137_260214_004236_s1/87887721/ccs,50,138,86,274,46,0,0,0,0,0,0,0.0,0
H1,m84137_260214_004236_s1/165283876/ccs,50,139,86,275,37,1,0,1,4,1,0,4.0,1
H1,m84137_260214_004236_s1/12845417/ccs,50,135,90,275,45,0,0,0,0,0,0,0.0,0
H1,m84137_260214_004236_s1/103418312/ccs,50,139,86,275,31,0,0,1,1,1,0,1.0,0
H1,m84137_260214_004236_s1/250550042/ccs,50,141,84,275,47,0,0,0,0,0,0,0.0,0
H1,m84137_260214_004236_s1/14225739/ccs,50,139,86,275,43,1,0,1,4,1,0,4.0,1
H1,m84137_260214_004236_s1/80872229/ccs,50,140,86,276,42,0,0,1,2,1,0,2.0,1
H1,m84137_260214_004236_s1/244385214/ccs,50,140,86,276,32,0,0,1,2,1,0,2.0,1
H1,m84137_260214_004236_s1/225510444/ccs,50,141,86,277,47,0,0,0,0,0,0,0.0,0
H1,m84137_260214_004236_s1/191694447/ccs,50,141,86,277,47,0,0,0,0,0,0,0.0,0
H1,m84137_260214_004236_s1/70978212/ccs,50,141,86,277,47,0,0,0,0,0,0,0.0,0
H1,m84137_260214_004236_s1/3016697/ccs,50,141,86,277,47,0,0,0,0,0,0,0.0,0
H1,m84137_260214_004236_s1/27398405/ccs,50,143,84,277,14,0,0,2,5,2,0,2.5,0
H1,m84137_260214_004236_s1/177997498/ccs,50,141,86,277,47,0,0,0,0,0,0,0.0,0
H1,m84137_260214_004236_s1/13369415/ccs,50,141,86,277,47,0,0,0,0,0,0,0.0,0
H1,m84137_260214_004236_s1/53086332/ccs,50,141,86,277,47,0,0,0,0,0,0,0.0,0
H1,m84137_260214_004236_s1/75434301/ccs,50,141,86,277,47,0,0,0,0,0,0,0.0,0
H1,m84137_260214_004236_s1/100729519/ccs,50,141,86,277,47,0,0,0,0,0,0,0.0,0
H1,m84137_260214_004236_s1/122486880/ccs,50,141,86,277,47,0,0,0,0,0,0,0.0,0
H1,m84137_260214_004236_s1/146934610/ccs,50,141,86,277,47,0,0,0,0,0,0,0.0,0
H1,m84137_260214_004236_s1/164432760/ccs,50,141,86,277,47,0,0,0,0,0,0,0.0,0
H1,m84137_260214_004236_s1/203817941/ccs,50,141,86,277,47,0,0,0,0,0,0,0.0,0
H1,m84137_260214_004236_s1/235341033/ccs,50,141,86,277,47,0,0,0,0,0,0,0.0,0
H1,m84137_260214_004236_s1/239142996/ccs,50,141,86,277,47,0,0,0,0,0,0,0.0,0
H1,m84137_260214_004236_s1/34739112/ccs,50,138,89,277,46,0,0,0,0,0,0,0.0,0
H1,m84137_260214_004236_s1/58593374/ccs,50,141,86,277,47,0,0,0,0,0,0,0.0,0
H1,m84137_260214_004236_s1/117772419/ccs,50,141,86,277,47,0,0,0,0,0,0,0.0,0
H1,m84137_260214_004236_s1/208540238/ccs,50,141,86,277,47,0,0,0,0,0,0,0.0,0
H1,m84137_260214_004236_s1/204806012/ccs,50,141,86,277,47,0,0,0,0,0,0,0.0,0
H1,m84137_260214_004236_s1/206115486/ccs,50,141,86,277,47,0,0,0,0,0,0,0.0,0
H1,m84137_260214_004236_s1/183569978/ccs,50,141,86,277,47,0,0,0,0,0,0,0.0,0
H1,m84137_260214_004236_s1/238228047/ccs,50,141,86,277,47,0,0,0,0,0,0,0.0,0
H1,m84137_260214_004236_s1/245371419/ccs,50,141,86,277,47,0,0,0,0,0,0,0.0,0
H1,m84137_260214_004236_s1/226955678/ccs,50,141,86,277,47,0,0,0,0,0,0,0.0,0
H1,m84137_260214_004236_s1/103946073/ccs,50,141,86,277,47,0,0,0,0,0,0,0.0,0
H1,m84137_260214_004236_s1/158140653/ccs,50,141,86,277,47,0,0,0,0,0,0,0.0,0
H1,m84137_260214_004236_s1/245634505/ccs,50,141,86,277,47,0,0,0,0,0,0,0.0,0
H1,m84137_260214_004236_s1/56036325/ccs,50,141,86,277,47,0,0,0,0,0,0,0.0,0
H1,m84137_260214_004236_s1/33426129/ccs,50,141,86,277,47,0,0,0,0,0,0,0.0,0
H1,m84137_260214_004236_s1/153619070/ccs,50,141,86,277,47,0,0,0,0,0,0,0.0,0
H1,m84137_260214_004236_s1/64489370/ccs,50,141,86,277,47,0,0,0,0,0,0,0.0,0
H1,m84137_260214_004236_s1/94306882/ccs,50,141,86,277,47,0,0,0,0,0,0,0.0,0
H1,m84137_260214_004236_s1/23134529/ccs,50,141,86,277,47,0,0,0,0,0,0,0.0,0
H1,m84137_260214_004236_s1/2623112/ccs,50,141,86,277,47,0,0,0,0,0,0,0.0,0
H1,m84137_260214_004236_s1/37487796/ccs,50,141,86,277,47,0,0,0,0,0,0,0.0,0
H1,m84137_260214_004236_s1/42009268/ccs,50,141,86,277,47,0,0,0,0,0,0,0.0,0
H1,m84137_260214_004236_s1/95553077/ccs,50,141,86,277,47,0,0,0,0,0,0,0.0,0
H1,m84137_260214_004236_s1/95749562/ccs,50,141,86,277,47,0,0,0,0,0,0,0.0,0
H1,m84137_260214_004236_s1/129632287/ccs,50,141,86,277,47,0,0,0,0,0,0,0.0,0
H1,m84137_260214_004236_s1/146800992/ccs,50,141,86,277,47,0,0,0,0,0,0,0.0,0
H1,m84137_260214_004236_s1/147327994/ccs,50,141,86,277,47,0,0,0,0,0,0,0.0,0
H1,m84137_260214_004236_s1/184944595/ccs,50,141,86,277,47,0,0,0,0,0,0,0.0,0
H1,m84137_260214_004236_s1/168887993/ccs,50,141,86,277,47,0,0,0,0,0,0,0.0,0
H1,m84137_260214_004236_s1/185600210/ccs,50,141,86,277,47,0,0,0,0,0,0,0.0,0
H1,m84137_260214_004236_s1/193594530/ccs,50,141,86,277,47,0,0,0,0,0,0,0.0,0
H1,m84137_260214_004236_s1/221775681/ccs,50,141,86,277,47,0,0,0,0,0,0,0.0,0
H1,m84137_260214_004236_s1/215875711/ccs,50,141,86,277,47,0,0,0,0,0,0,0.0,0
H1,m84137_260214_004236_s1/216205162/ccs,50,141,86,277,47,0,0,0,0,0,0,0.0,0
H1,m84137_260214_004236_s1/217777147/ccs,50,141,86,277,47,0,0,0,0,0,0,0.0,0
H1,m84137_260214_004236_s1/18289121/ccs,50,141,86,277,47,0,0,0,0,0,0,0.0,0
H1,m84137_260214_004236_s1/11736694/ccs,50,141,86,277,47,0,0,0,0,0,0,0.0,0
H1,m84137_260214_004236_s1/39261265/ccs,50,141,86,277,47,0,0,0,0,0,0,0.0,0
H1,m84137_260214_004236_s1/38735497/ccs,50,141,86,277,47,0,0,0,0,0,0,0.0,0
H1,m84137_260214_004236_s1/93917539/ccs,50,141,86,277,47,0,0,0,0,0,0,0.0,0
H1,m84137_260214_004236_s1/99750727/ccs,50,141,86,277,47,0,0,0,0,0,0,0.0,0
H1,m84137_260214_004236_s1/124325547/ccs,50,141,86,277,47,0,0,0,0,0,0,0.0,0
H1,m84137_260214_004236_s1/189010669/ccs,50,141,86,277,47,0,0,0,0,0,0,0.0,0
H1,m84137_260214_004236_s1/172758357/ccs,50,141,86,277,47,0,0,0,0,0,0,0.0,0
H1,m84137_260214_004236_s1/219614966/ccs,50,141,86,277,47,0,0,0,0,0,0,0.0,0
H1,m84137_260214_004236_s1/7014947/ccs,50,141,86,277,47,0,0,0,0,0,0,0.0,0
H1,m84137_260214_004236_s1/15599225/ccs,50,141,86,277,47,0,0,0,0,0,0,0.0,0
H1,m84137_260214_004236_s1/32705486/ccs,50,141,86,277,47,0,0,0,0,0,0,0.0,0
H1,m84137_260214_004236_s1/53085900/ccs,50,141,86,277,47,0,0,0,0,0,0,0.0,0
H1,m84137_260214_004236_s1/43123029/ccs,50,141,86,277,47,0,0,0,0,0,0,0.0,0
H1,m84137_260214_004236_s1/43977328/ccs,50,141,86,277,47,0,0,0,0,0,0,0.0,0
H1,m84137_260214_004236_s1/64948183/ccs,50,141,86,277,47,0,0,0,0,0,0,0.0,0
H1,m84137_260214_004236_s1/68092328/ccs,50,141,86,277,47,0,0,0,0,0,0,0.0,0
H1,m84137_260214_004236_s1/102171783/ccs,50,141,86,277,47,0,0,0,0,0,0,0.0,0
H1,m84137_260214_004236_s1/98897437/ccs,50,141,86,277,47,0,0,0,0,0,0,0.0,0
H1,m84137_260214_004236_s1/120066811/ccs,50,141,86,277,47,0,0,0,0,0,0,0.0,0
H1,m84137_260214_004236_s1/84478402/ccs,50,141,86,277,47,0,0,0,0,0,0,0.0,0
H1,m84137_260214_004236_s1/194514421/ccs,50,141,86,277,47,0,0,0,0,0,0,0.0,0
H1,m84137_260214_004236_s1/211030703/ccs,50,141,86,277,47,0,0,0,0,0,0,0.0,0
H1,m84137_260214_004236_s1/183176780/ccs,50,138,89,277,46,0,0,0,0,0,0,0.0,0
H1,m84137_260214_004236_s1/253235517/ccs,50,141,86,277,47,0,0,0,0,0,0,0.0,0
H1,m84137_260214_004236_s1/261100798/ccs,50,141,86,277,47,0,0,0,0,0,0,0.0,0
H1,m84137_260214_004236_s1/74581365/ccs,50,141,86,277,47,0,0,0,0,0,0,0.0,0
H1,m84137_260214_004236_s1/219089911/ccs,50,141,86,277,47,0,0,0,0,0,0,0.0,0
H1,m84137_260214_004236_s1/153751481/ccs,50,141,86,277,47,0,0,0,0,0,0,0.0,0
H1,m84137_260214_004236_s1/157814182/ccs,50,141,86,277,47,0,0,0,0,0,0,0.0,0
H1,m84137_260214_004236_s1/161353218/ccs,50,141,86,277,47,0,0,0,0,0,0,0.0,0
H1,m84137_260214_004236_s1/191305048/ccs,50,141,86,277,47,0,0,0,0,0,0,0.0,0
H1,m84137_260214_004236_s1/256510021/ccs,50,141,86,277,47,0,0,0,0,0,0,0.0,0
H1,m84137_260214_004236_s1/238488467/ccs,50,141,86,277,47,0,0,0,0,0,0,0.0,0
H1,m84137_260214_004236_s1/102371326/ccs,50,141,86,277,47,0,0,0,0,0,0,0.0,0
H1,m84137_260214_004236_s1/107023974/ccs,50,141,86,277,47,0,0,0,0,0,0,0.0,0
H1,m84137_260214_004236_s1/200545765/ccs,50,141,86,277,47,0,0,0,0,0,0,0.0,0
H1,m84137_260214_004236_s1/233639198/ccs,50,141,86,277,47,0,0,0,0,0,0,0.0,0
H1,m84137_260214_004236_s1/150210552/ccs,50,141,86,277,47,0,0,0,0,0,0,0.0,0
H1,m84137_260214_004236_s1/240059396/ccs,50,141,86,277,47,0,0,0,0,0,0,0.0,0
H1,m84137_260214_004236_s1/42209843/ccs,50,141,86,277,47,0,0,0,0,0,0,0.0,0
H1,m84137_260214_004236_s1/89985393/ccs,50,141,86,277,47,0,0,0,0,0,0,0.0,0
H1,m84137_260214_004236_s1/49484528/ccs,50,141,86,277,47,0,0,0,0,0,0,0.0,0
H1,m84137_260214_004236_s1/179113152/ccs,50,141,86,277,47,0,0,0,0,0,0,0.0,0
H1,m84137_260214_004236_s1/217779313/ccs,50,141,86,277,47,0,0,0,0,0,0,0.0,0
H1,m84137_260214_004236_s1/247860991/ccs,50,141,86,277,47,0,0,0,0,0,0,0.0,0
H1,m84137_260214_004236_s1/265552786/ccs,50,141,86,277,47,0,0,0,0,0,0,0.0,0
H1,m84137_260214_004236_s1/29361070/ccs,50,137,90,277,14,1,0,2,8,2,0,4.0,2
H1,m84137_260214_004236_s1/252512990/ccs,50,141,86,277,47,0,0,0,0,0,0,0.0,0
H1,m84137_260214_004236_s1/166855901/ccs,50,141,86,277,47,0,0,0,0,0,0,0.0,0
H1,m84137_260214_004236_s1/174195278/ccs,50,141,86,277,47,0,0,0,0,0,0,0.0,0
H1,m84137_260214_004236_s1/189401818/ccs,50,141,86,277,47,0,0,0,0,0,0,0.0,0
H1,m84137_260214_004236_s1/246285285/ccs,50,141,86,277,47,0,0,0,0,0,0,0.0,0
H1,m84137_260214_004236_s1/16979077/ccs,50,141,86,277,47,0,0,0,0,0,0,0.0,0
H1,m84137_260214_004236_s1/38999405/ccs,50,141,86,277,47,0,0,0,0,0,0,0.0,0
H1,m84137_260214_004236_s1/193921484/ccs,50,141,86,277,47,0,0,0,0,0,0,0.0,0
H1,m84137_260214_004236_s1/194054140/ccs,50,141,86,277,47,0,0,0,0,0,0,0.0,0
H1,m84137_260214_004236_s1/177866934/ccs,50,141,86,277,47,0,0,0,0,0,0,0.0,0
H1,m84137_260214_004236_s1/218955948/ccs,50,141,86,277,47,0,0,0,0,0,0,0.0,0
H1,m84137_260214_004236_s1/224069560/ccs,50,141,86,277,47,0,0,0,0,0,0,0.0,0
H1,m84137_260214_004236_s1/131663848/ccs,50,141,86,277,47,0,0,0,0,0,0,0.0,0
H1,m84137_260214_004236_s1/115279183/ccs,50,141,86,277,47,0,0,0,0,0,0,0.0,0
H1,m84137_260214_004236_s1/158532745/ccs,50,141,86,277,47,0,0,0,0,0,0,0.0,0
H1,m84137_260214_004236_s1/154272435/ccs,50,141,86,277,47,0,0,0,0,0,0,0.0,0
H1,m84137_260214_004236_s1/159517547/ccs,50,141,86,277,47,0,0,0,0,0,0,0.0,0
H1,m84137_260214_004236_s1/260571518/ccs,50,141,86,277,47,0,0,0,0,0,0,0.0,0
H1,m84137_260214_004236_s1/58001187/ccs,50,142,86,278,18,1,0,1,4,1,0,4.0,1
H1,m84137_260214_004236_s1/210502992/ccs,50,142,86,278,37,0,0,1,1,1,0,1.0,0
H1,m84137_260214_004236_s1/187961858/ccs,50,141,87,278,47,0,0,0,0,0,0,0.0,0
H1,m84137_260214_004236_s1/246549615/ccs,50,142,86,278,8,0,0,1,1,1,0,1.0,0
H1,m84137_260214_004236_s1/51188803/ccs,50,140,88,278,13,0,0,2,5,2,0,2.5,1
H1,m84137_260214_004236_s1/248055668/ccs,50,142,86,278,21,2,0,3,10,3,0,3.3333333333333335,3
H1,m84137_260214_004236_s1/215092105/ccs,50,143,86,279,16,0,0,1,2,1,0,2.0,1
H1,m84137_260214_004236_s1/127796077/ccs,50,142,87,279,20,1,0,1,4,1,0,4.0,1
H1,m84137_260214_004236_s1/144179296/ccs,50,143,86,279,34,0,0,2,2,2,0,1.0,0
H1,m84137_260214_004236_s1/259916217/ccs,50,143,86,279,4,0,0,2,5,2,0,2.5,1
H1,m84137_260214_004236_s1/58917024/ccs,50,144,86,280,48,0,0,0,0,0,0,0.0,0
H1,m84137_260214_004236_s1/95815360/ccs,50,144,86,280,48,0,0,0,0,0,0,0.0,0
H1,m84137_260214_004236_s1/97714672/ccs,50,144,86,280,48,0,0,0,0,0,0,0.0,0
H1,m84137_260214_004236_s1/118163686/ccs,50,144,86,280,48,0,0,0,0,0,0,0.0,0
H1,m84137_260214_004236_s1/122486855/ccs,50,144,86,280,48,0,0,0,0,0,0,0.0,0
H1,m84137_260214_004236_s1/132907321/ccs,50,144,86,280,48,0,0,0,0,0,0,0.0,0
H1,m84137_260214_004236_s1/159975764/ccs,50,144,86,280,48,0,0,0,0,0,0,0.0,0
H1,m84137_260214_004236_s1/168691807/ccs,50,144,86,280,48,0,0,0,0,0,0,0.0,0
H1,m84137_260214_004236_s1/258869427/ccs,50,144,86,280,48,0,0,0,0,0,0,0.0,0
H1,m84137_260214_004236_s1/73469604/ccs,50,144,86,280,48,0,0,0,0,0,0,0.0,0
H1,m84137_260214_004236_s1/89001080/ccs,50,144,86,280,48,0,0,0,0,0,0,0.0,0
H1,m84137_260214_004236_s1/49812889/ccs,50,144,86,280,48,0,0,0,0,0,0,0.0,0
H1,m84137_260214_004236_s1/141170582/ccs,50,144,86,280,48,0,0,0,0,0,0,0.0,0
H1,m84137_260214_004236_s1/222630022/ccs,50,144,86,280,48,0,0,0,0,0,0,0.0,0
H1,m84137_260214_004236_s1/253760568/ccs,50,144,86,280,48,0,0,0,0,0,0,0.0,0
H1,m84137_260214_004236_s1/241700300/ccs,50,144,86,280,48,0,0,0,0,0,0,0.0,0
H1,m84137_260214_004236_s1/243142702/ccs,50,144,86,280,48,0,0,0,0,0,0,0.0,0
H1,m84137_260214_004236_s1/159909028/ccs,50,144,86,280,48,0,0,0,0,0,0,0.0,0
H1,m84137_260214_004236_s1/207360519/ccs,50,144,86,280,48,0,0,0,0,0,0,0.0,0
H1,m84137_260214_004236_s1/27726106/ccs,50,144,86,280,48,0,0,0,0,0,0,0.0,0
H1,m84137_260214_004236_s1/147002651/ccs,50,144,86,280,48,0,0,0,0,0,0,0.0,0
H1,m84137_260214_004236_s1/138807717/ccs,50,144,86,280,48,0,0,0,0,0,0,0.0,0
H1,m84137_260214_004236_s1/19727929/ccs,50,144,86,280,48,0,0,0,0,0,0,0.0,0
H1,m84137_260214_004236_s1/25106175/ccs,50,144,86,280,48,0,0,0,0,0,0,0.0,0
H1,m84137_260214_004236_s1/42600230/ccs,50,144,86,280,48,0,0,0,0,0,0,0.0,0
H1,m84137_260214_004236_s1/96273464/ccs,50,144,86,280,48,0,0,0,0,0,0,0.0,0
H1,m84137_260214_004236_s1/97717215/ccs,50,144,86,280,48,0,0,0,0,0,0,0.0,0
H1,m84137_260214_004236_s1/199819333/ccs,50,144,86,280,48,0,0,0,0,0,0,0.0,0
H1,m84137_260214_004236_s1/238291751/ccs,50,144,86,280,48,0,0,0,0,0,0,0.0,0
H1,m84137_260214_004236_s1/246743758/ccs,50,144,86,280,48,0,0,0,0,0,0,0.0,0
H1,m84137_260214_004236_s1/5575726/ccs,50,144,86,280,48,0,0,0,0,0,0,0.0,0
H1,m84137_260214_004236_s1/67243197/ccs,50,144,86,280,48,0,0,0,0,0,0,0.0,0
H1,m84137_260214_004236_s1/63442676/ccs,50,144,86,280,48,0,0,0,0,0,0,0.0,0
H1,m84137_260214_004236_s1/73338926/ccs,50,144,86,280,48,0,0,0,0,0,0,0.0,0
H1,m84137_260214_004236_s1/109120661/ccs,50,144,86,280,48,0,0,0,0,0,0,0.0,0
H1,m84137_260214_004236_s1/82120348/ccs,50,144,86,280,48,0,0,0,0,0,0,0.0,0
H1,m84137_260214_004236_s1/174331597/ccs,50,144,86,280,48,0,0,0,0,0,0,0.0,0
H1,m84137_260214_004236_s1/187501775/ccs,50,144,86,280,48,0,0,0,0,0,0,0.0,0
H1,m84137_260214_004236_s1/170331709/ccs,50,144,86,280,48,0,0,0,0,0,0,0.0,0
H1,m84137_260214_004236_s1/71895353/ccs,50,144,86,280,48,0,0,0,0,0,0,0.0,0
H1,m84137_260214_004236_s1/187829571/ccs,50,144,86,280,48,0,0,0,0,0,0,0.0,0
H1,m84137_260214_004236_s1/13109242/ccs,50,144,86,280,48,0,0,0,0,0,0,0.0,0
H1,m84137_260214_004236_s1/67174545/ccs,50,144,86,280,48,0,0,0,0,0,0,0.0,0
H1,m84137_260214_004236_s1/118686922/ccs,50,144,86,280,48,0,0,0,0,0,0,0.0,0
H1,m84137_260214_004236_s1/77401543/ccs,50,144,86,280,48,0,0,0,0,0,0,0.0,0
H1,m84137_260214_004236_s1/99751037/ccs,50,144,86,280,48,0,0,0,0,0,0,0.0,0
H1,m84137_260214_004236_s1/110432872/ccs,50,144,86,280,48,0,0,0,0,0,0,0.0,0
H1,m84137_260214_004236_s1/130944532/ccs,50,144,86,280,48,0,0,0,0,0,0,0.0,0
H1,m84137_260214_004236_s1/85526963/ccs,50,144,86,280,48,0,0,0,0,0,0,0.0,0
H1,m84137_260214_004236_s1/95618647/ccs,50,144,86,280,48,0,0,0,0,0,0,0.0,0
H1,m84137_260214_004236_s1/208736082/ccs,50,144,86,280,48,0,0,0,0,0,0,0.0,0
H1,m84137_260214_004236_s1/223416916/ccs,50,144,86,280,48,0,0,0,0,0,0,0.0,0
H1,m84137_260214_004236_s1/140972715/ccs,50,144,86,280,48,0,0,0,0,0,0,0.0,0
H1,m84137_260214_004236_s1/159978422/ccs,50,144,86,280,48,0,0,0,0,0,0,0.0,0
H1,m84137_260214_004236_s1/241961016/ccs,50,144,86,280,48,0,0,0,0,0,0,0.0,0
H1,m84137_260214_004236_s1/13112935/ccs,50,144,86,280,48,0,0,0,0,0,0,0.0,0
H1,m84137_260214_004236_s1/67375679/ccs,50,144,86,280,48,0,0,0,0,0,0,0.0,0
H1,m84137_260214_004236_s1/49092123/ccs,50,144,86,280,48,0,0,0,0,0,0,0.0,0
H1,m84137_260214_004236_s1/202837950/ccs,50,144,86,280,48,0,0,0,0,0,0,0.0,0
H1,m84137_260214_004236_s1/16843679/ccs,50,144,86,280,48,0,0,0,0,0,0,0.0,0
H1,m84137_260214_004236_s1/217781456/ccs,50,144,86,280,48,0,0,0,0,0,0,0.0,0
H1,m84137_260214_004236_s1/250940119/ccs,50,144,86,280,48,0,0,0,0,0,0,0.0,0
H1,m84137_260214_004236_s1/231867876/ccs,50,144,86,280,48,0,0,0,0,0,0,0.0,0
H1,m84137_260214_004236_s1/215679499/ccs,50,144,86,280,48,0,0,0,0,0,0,0.0,0
H1,m84137_260214_004236_s1/32443860/ccs,50,144,86,280,48,0,0,0,0,0,0,0.0,0
H1,m84137_260214_004236_s1/37424967/ccs,50,144,86,280,48,0,0,0,0,0,0,0.0,0
H1,m84137_260214_004236_s1/151585521/ccs,50,144,86,280,48,0,0,0,0,0,0,0.0,0
H1,m84137_260214_004236_s1/132514541/ccs,50,144,86,280,48,0,0,0,0,0,0,0.0,0
H1,m84137_260214_004236_s1/159648017/ccs,50,144,86,280,48,0,0,0,0,0,0,0.0,0
H1,m84137_260214_004236_s1/159844377/ccs,50,144,86,280,48,0,0,0,0,0,0,0.0,0
H1,m84137_260214_004236_s1/48107367/ccs,50,148,83,281,3,0,0,2,4,2,0,2.0,1
H1,m84137_260214_004236_s1/122228535/ccs,50,145,86,281,26,1,0,1,4,1,0,4.0,1
H1,m84137_260214_004236_s1/85396443/ccs,50,145,86,281,19,1,0,1,4,1,0,4.0,1
H1,m84137_260214_004236_s1/222823179/ccs,50,146,86,282,34,0,0,1,2,1,0,2.0,1
H1,m84137_260214_004236_s1/170133944/ccs,50,147,86,283,49,0,0,0,0,0,0,0.0,0
H1,m84137_260214_004236_s1/192807715/ccs,50,147,86,283,49,0,0,0,0,0,0,0.0,0
H1,m84137_260214_004236_s1/219809893/ccs,50,147,86,283,49,0,0,0,0,0,0,0.0,0
H1,m84137_260214_004236_s1/183765826/ccs,50,147,86,283,49,0,0,0,0,0,0,0.0,0
H1,m84137_260214_004236_s1/226495165/ccs,50,147,86,283,49,0,0,0,0,0,0,0.0,0
H1,m84137_260214_004236_s1/244057703/ccs,50,147,86,283,49,0,0,0,0,0,0,0.0,0
H1,m84137_260214_004236_s1/245892249/ccs,50,147,86,283,49,0,0,0,0,0,0,0.0,0
H1,m84137_260214_004236_s1/105912217/ccs,50,147,86,283,49,0,0,0,0,0,0,0.0,0
H1,m84137_260214_004236_s1/114037989/ccs,50,147,86,283,49,0,0,0,0,0,0,0.0,0
H1,m84137_260214_004236_s1/181866109/ccs,50,147,86,283,49,0,0,0,0,0,0,0.0,0
H1,m84137_260214_004236_s1/7276842/ccs,50,147,86,283,49,0,0,0,0,0,0,0.0,0
H1,m84137_260214_004236_s1/124847032/ccs,50,147,86,283,49,0,0,0,0,0,0,0.0,0
H1,m84137_260214_004236_s1/110037479/ccs,50,147,86,283,49,0,0,0,0,0,0,0.0,0
H1,m84137_260214_004236_s1/106037406/ccs,50,147,86,283,49,0,0,0,0,0,0,0.0,0
H1,m84137_260214_004236_s1/169019635/ccs,50,147,86,283,49,0,0,0,0,0,0,0.0,0
H1,m84137_260214_004236_s1/86574085/ccs,50,147,86,283,49,0,0,0,0,0,0,0.0,0
H1,m84137_260214_004236_s1/124848876/ccs,50,147,86,283,49,0,0,0,0,0,0,0.0,0
H1,m84137_260214_004236_s1/208144364/ccs,50,147,86,283,49,0,0,0,0,0,0,0.0,0
H1,m84137_260214_004236_s1/216727690/ccs,50,147,86,283,49,0,0,0,0,0,0,0.0,0
H1,m84137_260214_004236_s1/17960680/ccs,50,147,86,283,49,0,0,0,0,0,0,0.0,0
H1,m84137_260214_004236_s1/155651201/ccs,50,147,86,283,49,0,0,0,0,0,0,0.0,0
H1,m84137_260214_004236_s1/164302323/ccs,50,147,86,283,49,0,0,0,0,0,0,0.0,0
H1,m84137_260214_004236_s1/201398114/ccs,50,147,86,283,49,0,0,0,0,0,0,0.0,0
H1,m84137_260214_004236_s1/15406400/ccs,50,147,86,283,49,0,0,0,0,0,0,0.0,0
H1,m84137_260214_004236_s1/164957721/ccs,50,147,86,283,49,0,0,0,0,0,0,0.0,0
H1,m84137_260214_004236_s1/196875800/ccs,50,147,86,283,49,0,0,0,0,0,0,0.0,0
H1,m84137_260214_004236_s1/262933585/ccs,50,147,86,283,49,0,0,0,0,0,0,0.0,0
H1,m84137_260214_004236_s1/153620385/ccs,50,147,86,283,49,0,0,0,0,0,0,0.0,0
H1,m84137_260214_004236_s1/247728292/ccs,50,147,86,283,49,0,0,0,0,0,0,0.0,0
H1,m84137_260214_004236_s1/20776537/ccs,50,147,86,283,49,0,0,0,0,0,0,0.0,0
H1,m84137_260214_004236_s1/183305166/ccs,50,147,86,283,49,0,0,0,0,0,0,0.0,0
H1,m84137_260214_004236_s1/246352330/ccs,50,147,86,283,49,0,0,0,0,0,0,0.0,0
H1,m84137_260214_004236_s1/89592364/ccs,50,147,86,283,49,0,0,0,0,0,0,0.0,0
H1,m84137_260214_004236_s1/101192349/ccs,50,147,86,283,49,0,0,0,0,0,0,0.0,0
H1,m84137_260214_004236_s1/211222682/ccs,50,147,86,283,49,0,0,0,0,0,0,0.0,0
H1,m84137_260214_004236_s1/232916713/ccs,50,147,86,283,49,0,0,0,0,0,0,0.0,0
H1,m84137_260214_004236_s1/262932707/ccs,50,147,86,283,49,0,0,0,0,0,0,0.0,0
H1,m84137_260214_004236_s1/24448376/ccs,50,147,86,283,49,0,0,0,0,0,0,0.0,0
H1,m84137_260214_004236_s1/35328195/ccs,50,147,86,283,49,0,0,0,0,0,0,0.0,0
H1,m84137_260214_004236_s1/132645965/ccs,50,146,87,283,24,0,0,1,2,1,0,2.0,1
H1,m84137_260214_004236_s1/190517085/ccs,50,147,86,283,49,0,0,0,0,0,0,0.0,0
H1,m84137_260214_004236_s1/79301494/ccs,50,147,86,283,49,0,0,0,0,0,0,0.0,0
H1,m84137_260214_004236_s1/170919416/ccs,50,148,86,284,17,0,0,1,1,1,0,1.0,0
H1,m84137_260214_004236_s1/179896535/ccs,50,147,87,284,49,0,0,0,0,0,0,0.0,0
H1,m84137_260214_004236_s1/114032910/ccs,50,147,87,284,49,0,0,0,0,0,0,0.0,0
H1,m84137_260214_004236_s1/114888128/ccs,50,149,86,285,46,0,0,1,2,1,0,2.0,1
H1,m84137_260214_004236_s1/239277779/ccs,50,149,86,285,20,0,0,1,2,1,0,2.0,1
H1,m84137_260214_004236_s1/149163875/ccs,50,150,86,286,50,0,0,0,0,0,0,0.0,0
H1,m84137_260214_004236_s1/218044106/ccs,50,150,86,286,50,0,0,0,0,0,0,0.0,0
H1,m84137_260214_004236_s1/209061709/ccs,50,150,86,286,50,0,0,0,0,0,0,0.0,0
H1,m84137_260214_004236_s1/22679633/ccs,50,150,86,286,50,0,0,0,0,0,0,0.0,0
H1,m84137_260214_004236_s1/68747694/ccs,50,150,86,286,50,0,0,0,0,0,0,0.0,0
H1,m84137_260214_004236_s1/168562762/ccs,50,150,86,286,50,0,0,0,0,0,0,0.0,0
H1,m84137_260214_004236_s1/190714527/ccs,50,150,86,286,50,0,0,0,0,0,0,0.0,0
H1,m84137_260214_004236_s1/154801993/ccs,50,150,86,286,50,0,0,0,0,0,0,0.0,0
H1,m84137_260214_004236_s1/196742301/ccs,50,150,86,286,50,0,0,0,0,0,0,0.0,0
H1,m84137_260214_004236_s1/105515865/ccs,50,150,86,286,50,0,0,0,0,0,0,0.0,0
H1,m84137_260214_004236_s1/22217113/ccs,50,150,86,286,50,0,0,0,0,0,0,0.0,0
H1,m84137_260214_004236_s1/59442083/ccs,50,150,86,286,50,0,0,0,0,0,0,0.0,0
H1,m84137_260214_004236_s1/157354219/ccs,50,150,86,286,50,0,0,0,0,0,0,0.0,0
H1,m84137_260214_004236_s1/179896798/ccs,50,150,86,286,50,0,0,0,0,0,0,0.0,0
H1,m84137_260214_004236_s1/242423585/ccs,50,150,86,286,50,0,0,0,0,0,0,0.0,0
H1,m84137_260214_004236_s1/29233346/ccs,50,150,86,286,50,0,0,0,0,0,0,0.0,0
H1,m84137_260214_004236_s1/217055297/ccs,50,150,86,286,50,0,0,0,0,0,0,0.0,0
H1,m84137_260214_004236_s1/243272618/ccs,50,150,86,286,50,0,0,0,0,0,0,0.0,0
H1,m84137_260214_004236_s1/189729527/ccs,50,150,86,286,50,0,0,0,0,0,0,0.0,0
H1,m84137_260214_004236_s1/190056661/ccs,50,150,86,286,50,0,0,0,0,0,0,0.0,0
H1,m84137_260214_004236_s1/134087511/ccs,50,150,86,286,50,0,0,0,0,0,0,0.0,0
H1,m84137_260214_004236_s1/155454121/ccs,50,150,86,286,50,0,0,0,0,0,0,0.0,0
H1,m84137_260214_004236_s1/54658940/ccs,50,155,83,288,49,0,0,1,2,1,0,2.0,0
H1,m84137_260214_004236_s1/101123072/ccs,50,153,86,289,51,0,0,0,0,0,0,0.0,0
H1,m84137_260214_004236_s1/133956790/ccs,50,153,86,289,51,0,0,0,0,0,0,0.0,0
H1,m84137_260214_004236_s1/206570842/ccs,50,153,86,289,51,0,0,0,0,0,0,0.0,0
H1,m84137_260214_004236_s1/91621886/ccs,50,153,86,289,51,0,0,0,0,0,0,0.0,0
H1,m84137_260214_004236_s1/14353829/ccs,50,153,86,289,51,0,0,0,0,0,0,0.0,0
H1,m84137_260214_004236_s1/185602569/ccs,50,153,86,289,51,0,0,0,0,0,0,0.0,0
H1,m84137_260214_004236_s1/205262422/ccs,50,153,86,289,51,0,0,0,0,0,0,0.0,0
H1,m84137_260214_004236_s1/211816571/ccs,50,153,86,289,51,0,0,0,0,0,0,0.0,0
H1,m84137_260214_004236_s1/39191433/ccs,50,153,86,289,51,0,0,0,0,0,0,0.0,0
H1,m84137_260214_004236_s1/32506978/ccs,50,153,86,289,51,0,0,0,0,0,0,0.0,0
H1,m84137_260214_004236_s1/102106136/ccs,50,153,86,289,51,0,0,0,0,0,0,0.0,0
H1,m84137_260214_004236_s1/176559753/ccs,50,153,86,289,51,0,0,0,0,0,0,0.0,0
H1,m84137_260214_004236_s1/181278591/ccs,50,153,86,289,51,0,0,0,0,0,0,0.0,0
H1,m84137_260214_004236_s1/165217508/ccs,50,153,86,289,51,0,0,0,0,0,0,0.0,0
H1,m84137_260214_004236_s1/8393918/ccs,50,153,86,289,51,0,0,0,0,0,0,0.0,0
H1,m84137_260214_004236_s1/159778438/ccs,50,153,86,289,51,0,0,0,0,0,0,0.0,0
H1,m84137_260214_004236_s1/257556669/ccs,50,156,86,292,52,0,0,0,0,0,0,0.0,0
H1,m84137_260214_004236_s1/96671436/ccs,50,156,86,292,52,0,0,0,0,0,0,0.0,0
H1,m84137_260214_004236_s1/3671121/ccs,50,156,86,292,52,0,0,0,0,0,0,0.0,0
H1,m84137_260214_004236_s1/65471590/ccs,50,156,86,292,52,0,0,0,0,0,0,0.0,0
H1,m84137_260214_004236_s1/170198496/ccs,50,156,86,292,52,0,0,0,0,0,0,0.0,0
H1,m84137_260214_004236_s1/208213157/ccs,50,156,86,292,52,0,0,0,0,0,0,0.0,0
H1,m84137_260214_004236_s1/225444517/ccs,50,159,83,292,53,0,0,0,0,0,0,0.0,0
H1,m84137_260214_004236_s1/83757873/ccs,50,156,86,292,52,0,0,0,0,0,0,0.0,0
H1,m84137_260214_004236_s1/261559210/ccs,50,156,86,292,52,0,0,0,0,0,0,0.0,0
H1,m84137_260214_004236_s1/221776574/ccs,50,156,88,294,36,0,0,4,15,4,0,3.75,3
H1,m84137_260214_004236_s1/46338104/ccs,50,159,86,295,53,0,0,0,0,0,0,0.0,0
H1,m84137_260214_004236_s1/259916488/ccs,50,159,86,295,53,0,0,0,0,0,0,0.0,0
H1,m84137_260214_004236_s1/62657461/ccs,50,159,86,295,53,0,0,0,0,0,0,0.0,0
H1,m84137_260214_004236_s1/174654623/ccs,50,159,86,295,53,0,0,0,0,0,0,0.0,0
H1,m84137_260214_004236_s1/255265395/ccs,50,159,86,295,53,0,0,0,0,0,0,0.0,0
H1,m84137_260214_004236_s1/237962102/ccs,50,159,86,295,53,0,0,0,0,0,0,0.0,0
H1,m84137_260214_004236_s1/6424872/ccs,50,159,86,295,53,0,0,0,0,0,0,0.0,0
H1,m84137_260214_004236_s1/212402453/ccs,50,159,86,295,53,0,0,0,0,0,0,0.0,0
H1,m84137_260214_004236_s1/240912638/ccs,50,159,86,295,53,0,0,0,0,0,0,0.0,0
H1,m84137_260214_004236_s1/173475439/ccs,50,165,80,295,55,0,0,0,0,0,0,0.0,0
H1,m84137_260214_004236_s1/176751271/ccs,50,162,86,298,54,0,0,0,0,0,0,0.0,0
H1,m84137_260214_004236_s1/41423883/ccs,50,162,86,298,54,0,0,0,0,0,0,0.0,0
H1,m84137_260214_004236_s1/92013145/ccs,50,162,86,298,54,0,0,0,0,0,0,0.0,0
H1,m84137_260214_004236_s1/28050490/ccs,50,162,86,298,54,0,0,0,0,0,0,0.0,0
H1,m84137_260214_004236_s1/97455138/ccs,50,163,86,299,39,0,0,1,1,1,0,1.0,0
H1,m84137_260214_004236_s1/88083311/ccs,50,165,86,301,55,0,0,0,0,0,0,0.0,0
H1,m84137_260214_004236_s1/22153139/ccs,50,165,86,301,55,0,0,0,0,0,0,0.0,0
H1,m84137_260214_004236_s1/177475171/ccs,50,165,86,301,55,0,0,0,0,0,0,0.0,0
H1,m84137_260214_004236_s1/24641605/ccs,50,165,86,301,55,0,0,0,0,0,0,0.0,0
H1,m84137_260214_004236_s1/63902426/ccs,50,165,86,301,55,0,0,0,0,0,0,0.0,0
H1,m84137_260214_004236_s1/202441886/ccs,50,165,86,301,55,0,0,0,0,0,0,0.0,0
H1,m84137_260214_004236_s1/175440691/ccs,50,165,86,301,55,0,0,0,0,0,0,0.0,0
H1,m84137_260214_004236_s1/37884391/ccs,50,165,86,301,55,0,0,0,0,0,0,0.0,0
H1,m84137_260214_004236_s1/214963691/ccs,50,168,86,304,56,0,0,0,0,0,0,0.0,0
H1,m84137_260214_004236_s1/113577497/ccs,50,168,86,304,56,0,0,0,0,0,0,0.0,0
H1,m84137_260214_004236_s1/236586249/ccs,50,168,86,304,56,0,0,0,0,0,0,0.0,0
H1,m84137_260214_004236_s1/224592426/ccs,50,168,86,304,56,0,0,0,0,0,0,0.0,0
H1,m84137_260214_004236_s1/80414486/ccs,50,171,86,307,57,0,0,0,0,0,0,0.0,0
H1,m84137_260214_004236_s1/157615597/ccs,50,171,86,307,57,0,0,0,0,0,0,0.0,0
H1,m84137_260214_004236_s1/249628542/ccs,50,174,86,310,58,0,0,0,0,0,0,0.0,0
H1,m84137_260214_004236_s1/82575632/ccs,50,174,86,310,58,0,0,0,0,0,0,0.0,0
H1,m84137_260214_004236_s1/83561904/ccs,50,174,86,310,58,0,0,0,0,0,0,0.0,0
H1,m84137_260214_004236_s1/168886499/ccs,50,174,86,310,58,0,0,0,0,0,0,0.0,0
H1,m84137_260214_004236_s1/54529664/ccs,50,177,86,313,59,0,0,0,0,0,0,0.0,0
H1,m84137_260214_004236_s1/67046103/ccs,50,180,86,316,60,0,0,0,0,0,0,0.0,0
H1,m84137_260214_004236_s1/176818591/ccs,50,183,86,319,61,0,0,0,0,0,0,0.0,0
H1,m84137_260214_004236_s1/47519525/ccs,50,183,86,319,61,0,0,0,0,0,0,0.0,0
H1,m84137_260214_004236_s1/78906890/ccs,50,183,86,319,61,0,0,0,0,0,0,0.0,0
H1,m84137_260214_004236_s1/172297771/ccs,50,189,86,325,63,0,0,0,0,0,0,0.0,0
H1,m84137_260214_004236_s1/10228671/ccs,50,189,86,325,63,0,0,0,0,0,0,0.0,0
H1,m84137_260214_004236_s1/8000119/ccs,50,194,86,330,12,0,0,1,2,1,0,2.0,0
H1,m84137_260214_004236_s1/113314807/ccs,50,195,86,331,65,0,0,0,0,0,0,0.0,0
H1,m84137_260214_004236_s1/251923651/ccs,50,195,86,331,65,0,0,0,0,0,0,0.0,0
H1,m84137_260214_004236_s1/176101061/ccs,50,198,86,334,66,0,0,0,0,0,0,0.0,0
H1,m84137_260214_004236_s1/208078379/ccs,50,201,86,337,67,0,0,0,0,0,0,0.0,0
H1,m84137_260214_004236_s1/160891309/ccs,50,210,80,340,70,0,0,0,0,0,0,0.0,0
H1,m84137_260214_004236_s1/6162102/ccs,50,207,86,343,69,0,0,0,0,0,0,0.0,0
H1,m84137_260214_004236_s1/57610105/ccs,50,209,86,345,55,0,0,1,2,1,0,2.0,1
H1,m84137_260214_004236_s1/85524946/ccs,50,210,86,346,70,0,0,0,0,0,0,0.0,0
H1,m84137_260214_004236_s1/153884483/ccs,50,210,86,346,70,0,0,0,0,0,0,0.0,0
H1,m84137_260214_004236_s1/158666114/ccs,50,213,86,349,71,0,0,0,0,0,0,0.0,0
H1,m84137_260214_004236_s1/108659750/ccs,50,216,86,352,72,0,0,0,0,0,0,0.0,0
H1,m84137_260214_004236_s1/84020030/ccs,50,219,86,355,73,0,0,0,0,0,0,0.0,0
H1,m84137_260214_004236_s1/124388431/ccs,50,219,86,355,73,0,0,0,0,0,0,0.0,0
H1,m84137_260214_004236_s1/178918639/ccs,50,219,86,355,73,0,0,0,0,0,0,0.0,0
H1,m84137_260214_004236_s1/96472366/ccs,50,222,86,358,74,0,0,0,0,0,0,0.0,0
H1,m84137_260214_004236_s1/195954729/ccs,50,234,86,370,78,0,0,0,0,0,0,0.0,0
H1,m84137_260214_004236_s1/79432687/ccs,50,237,86,373,79,0,0,0,0,0,0,0.0,0
H1,m84137_260214_004236_s1/257294861/ccs,50,249,86,385,83,0,0,0,0,0,0,0.0,0
H1,m84137_260214_004236_s1/78709776/ccs,50,254,86,390,14,0,0,2,2,2,0,1.0,0
H1,m84137_260214_004236_s1/27657538/ccs,50,258,86,394,86,0,0,0,0,0,0,0.0,0
H1,m84137_260214_004236_s1/131337929/ccs,50,303,86,439,101,0,0,0,0,0,0,0.0,0
H1,m84137_260214_004236_s1/256642587/ccs,50,309,86,445,103,0,0,0,0,0,0,0.0,0
H1,m84137_260214_004236_s1/139198596/ccs,50,309,86,445,103,0,0,0,0,0,0,0.0,0
H1,m84137_260214_004236_s1/183830876/ccs,50,321,80,451,107,0,0,0,0,0,0,0.0,0
H1,m84137_260214_004236_s1/144575666/ccs,50,318,89,457,106,0,0,0,0,0,0,0.0,0
H1,m84137_260214_004236_s1/57413295/ccs,50,327,83,460,109,0,0,0,0,0,0,0.0,0
H1,m84137_260214_004236_s1/88670823/ccs,50,403,86,539,83,0,0,1,1,1,0,1.0,0
H1,m84137_260214_004236_s1/3801430/ccs,50,403,87,540,38,3,0,9,34,9,0,3.7777777777777777,9
H1,m84137_260214_004236_s1/84022521/ccs,50,450,80,580,150,0,0,0,0,0,0,0.0,0
H1,m84137_260214_004236_s1/241959986/ccs,50,462,86,598,154,0,0,0,0,0,0,0.0,0
H1,m84137_260214_004236_s1/142213184/ccs,50,513,86,649,171,0,0,0,0,0,0,0.0,0
H1,m84137_260214_004236_s1/179175680/ccs,50,522,86,658,174,0,0,0,0,0,0,0.0,0
H1,m84137_260214_004236_s1/32508660/ccs,50,546,80,676,182,0,0,0,0,0,0,0.0,0
H1,m84137_260214_004236_s1/144051991/ccs,50,543,86,679,181,0,0,0,0,0,0,0.0,0
H1,m84137_260214_004236_s1/199759472/ccs,50,561,86,697,186,1,0,1,3,0,1,3.0,0
H1,m84137_260214_004236_s1/32115799/ccs,50,598,89,737,45,1,0,1,4,1,0,4.0,1
H1,m84137_260214_004236_s1/158142075/ccs,50,726,86,862,242,0,0,0,0,0,0,0.0,0
H1,m84137_260214_004236_s1/18746332/ccs,50,756,74,880,252,0,0,0,0,0,0,0.0,0
H1,m84137_260214_004236_s1/206772061/ccs,50,831,40,921,277,0,0,0,0,0,0,0.0,0
H1,m84137_260214_004236_s1/244846053/ccs,50,146,86,282,5,1,0,5,32,4,1,6.4,1
H1,m84137_260214_004236_s1/24707220/ccs,50,137,87,274,16,0,0,4,17,4,0,4.25,1
H1,m84137_260214_004236_s1/24973954/ccs,50,126,87,263,20,0,0,10,21,8,2,2.1,5
H1,m84137_260214_004236_s1/66456893/ccs,50,149,98,297,2,1,0,5,20,4,1,4.0,2
H1,m84137_260214_004236_s1/28448361/ccs,52,128,87,267,9,0,0,4,14,3,1,3.5,1
H1,m84137_260214_004236_s1/210373844/ccs,50,134,88,272,24,1,0,6,14,6,0,2.3333333333333335,4
H1,m84137_260214_004236_s1/62455949/ccs,50,138,85,273,9,0,0,6,18,5,1,3.0,2
H1,m84137_260214_004236_s1/211618343/ccs,50,141,90,281,25,2,0,5,18,2,3,3.6,2
H1,m84137_260214_004236_s1/130089564/ccs,50,127,86,263,14,1,0,1,4,1,0,4.0,1
H1,m84137_260214_004236_s1/250678192/ccs,50,129,86,265,43,0,0,0,0,0,0,0.0,0
H1,m84137_260214_004236_s1/98305599/ccs,50,132,86,268,44,0,0,0,0,0,0,0.0,0
H1,m84137_260214_004236_s1/241304137/ccs,50,132,87,269,44,0,0,0,0,0,0,0.0,0
H1,m84137_260214_004236_s1/49022945/ccs,50,134,86,270,33,0,0,1,2,1,0,2.0,0
H1,m84137_260214_004236_s1/257426610/ccs,50,138,86,274,46,0,0,0,0,0,0,0.0,0
H1,m84137_260214_004236_s1/236258827/ccs,50,141,86,277,47,0,0,0,0,0,0,0.0,0
H1,m84137_260214_004236_s1/238027421/ccs,50,134,89,273,11,1,0,9,26,8,1,2.888888888888889,2
H1,m84137_260214_004236_s1/220924998/ccs,53,132,86,271,10,0,0,6,21,4,2,3.5,0
H1,m84137_260214_004236_s1/133629481/ccs,50,138,82,270,31,0,0,5,12,4,1,2.4,0
H1,m84137_260214_004236_s1/81726905/ccs,50,136,87,273,18,0,0,7,19,6,1,2.7142857142857144,0
H1,m84137_260214_004236_s1/176691003/ccs,50,133,83,266,6,0,0,5,13,3,2,2.6,0
H1,m84137_260214_004236_s1/189076938/ccs,49,139,85,273,6,0,0,4,10,2,2,2.5,0
H1,m84137_260214_004236_s1/140054346/ccs,50,128,84,262,8,0,0,5,14,4,1,2.8,1
H1,m84137_260214_004236_s1/103743936/ccs,50,136,86,272,11,0,0,1,1,1,0,1.0,0
H1,m84137_260214_004236_s1/210111181/ccs,50,141,86,277,47,0,0,0,0,0,0,0.0,0
H1,m84137_260214_004236_s1/191824292/ccs,50,141,86,277,47,0,0,0,0,0,0,0.0,0
H1,m84137_260214_004236_s1/52168236/ccs,50,143,86,279,13,1,0,2,8,2,0,4.0,2
H1,m84137_260214_004236_s1/67572995/ccs,50,144,86,280,48,0,0,0,0,0,0,0.0,0
H1,m84137_260214_004236_s1/25956351/ccs,50,147,86,283,49,0,0,0,0,0,0,0.0,0
H1,m84137_260214_004236_s1/214046295/ccs,54,129,87,270,21,0,0,5,15,2,3,3.0,1
H1,m84137_260214_004236_s1/21235525/ccs,50,137,90,277,2,1,0,2,8,2,0,4.0,2
H1,m84137_260214_004236_s1/118948087/ccs,50,135,83,268,16,0,0,8,15,7,1,1.875,1
H1,m84137_260214_004236_s1/67047853/ccs,50,129,89,268,22,0,0,4,15,4,0,3.75,0
H1,m84137_260214_004236_s1/251663037/ccs,50,133,86,269,15,1,0,1,7,1,0,7.0,0
H1,m84137_260214_004236_s1/192484013/ccs,50,184,87,321,19,1,0,6,10,6,0,1.6666666666666667,1
H1,m84137_260214_004236_s1/143983967/ccs,50,151,87,288,27,1,0,6,25,4,2,4.166666666666667,1
H1,m84137_260214_004236_s1/88347683/ccs,53,167,90,310,15,1,0,7,38,7,0,5.428571428571429,3
H1,m84137_260214_004236_s1/23461955/ccs,50,139,93,282,6,1,0,7,22,7,0,3.142857142857143,5
H1,m84137_260214_004236_s1/232657864/ccs,50,135,87,272,10,1,0,6,24,5,1,4.0,0
H1,m84137_260214_004236_s1/51642455/ccs,51,138,89,278,14,0,0,6,15,6,0,2.5,1
H1,m84137_260214_004236_s1/8065739/ccs,50,132,89,271,17,0,0,5,15,4,1,3.0,1
H1,m84137_260214_004236_s1/168761067/ccs,54,131,89,274,31,0,0,3,5,3,0,1.6666666666666667,0
H1,m84137_260214_004236_s1/12977343/ccs,50,163,86,299,31,2,0,6,22,6,0,3.6666666666666665,4
H1,m84137_260214_004236_s1/33165736/ccs,50,138,86,274,21,2,0,7,27,6,1,3.857142857142857,1
H1,m84137_260214_004236_s1/197858916/ccs,52,156,85,293,26,0,0,7,15,6,1,2.142857142857143,5
H3,m84137_260214_004236_s1/73401810/ccs,49,166,94,309,14,1,0,6,22,4,2,3.6666666666666665,1
H3,m84137_260214_004236_s1/23791630/ccs,50,176,87,313,25,1,0,7,14,7,0,2.0,3
H3,m84137_260214_004236_s1/146281875/ccs,50,169,86,305,22,1,0,10,31,7,3,3.1,4
H3,m84137_260214_004236_s1/218040069/ccs,50,169,87,306,3,0,0,8,22,7,1,2.75,4
H3,m84137_260214_004236_s1/191040490/ccs,50,157,96,303,4,2,0,7,31,5,2,4.428571428571429,2
H3,m84137_260214_004236_s1/48890556/ccs,50,160,86,296,20,1,0,12,43,7,5,3.5833333333333335,3
H3,m84137_260214_004236_s1/99095255/ccs,50,184,87,321,33,0,0,10,37,5,5,3.7,0
H3,m84137_260214_004236_s1/2097690/ccs,58,2958,52,3068,267,8,0,104,1020,84,20,9.807692307692308,31
H3,m84137_260214_004236_s1/22481974/ccs,50,181,88,319,29,2,0,11,34,8,3,3.090909090909091,1
H3,m84137_260214_004236_s1/169809764/ccs,50,172,98,320,23,0,0,8,28,7,1,3.5,1
H3,m84137_260214_004236_s1/82051943/ccs,50,171,92,313,23,2,1,7,33,4,3,4.714285714285714,1
H3,m84137_260214_004236_s1/150342062/ccs,50,231,85,366,37,0,0,6,21,5,1,3.5,0
H3,m84137_260214_004236_s1/121768635/ccs,50,171,85,306,43,0,0,3,6,2,1,2.0,1
H3,m84137_260214_004236_s1/206443279/ccs,50,183,86,319,61,0,0,0,0,0,0,0.0,0
H3,m84137_260214_004236_s1/237175291/ccs,53,159,106,318,25,2,0,6,27,4,2,4.5,0
H3,m84137_260214_004236_s1/256443416/ccs,50,159,96,305,28,0,0,9,21,8,1,2.3333333333333335,5
H3,m84137_260214_004236_s1/90835560/ccs,52,188,88,328,12,2,0,11,32,11,0,2.909090909090909,5
H3,m84137_260214_004236_s1/6491893/ccs,50,185,87,322,23,1,0,8,29,6,2,3.625,2
H3,m84137_260214_004236_s1/3015164/ccs,50,173,90,313,9,1,0,7,23,5,2,3.2857142857142856,2
H3,m84137_260214_004236_s1/133431570/ccs,49,168,86,303,25,0,0,9,27,9,0,3.0,4
H3,m84137_260214_004236_s1/31721716/ccs,50,170,92,312,25,1,0,8,23,7,1,2.875,3
H3,m84137_260214_004236_s1/195825563/ccs,50,185,83,318,11,0,0,9,26,7,2,2.888888888888889,5
H3,m84137_260214_004236_s1/5636598/ccs,50,171,88,309,35,0,0,6,9,6,0,1.5,3
H3,m84137_260214_004236_s1/23397850/ccs,54,158,85,297,10,1,0,6,17,5,1,2.8333333333333335,2
H3,m84137_260214_004236_s1/92604325/ccs,50,153,80,283,51,0,0,0,0,0,0,0.0,0
H3,m84137_260214_004236_s1/105713116/ccs,50,253,86,389,65,0,0,1,1,1,0,1.0,0
H3,m84137_260214_004236_s1/67307854/ccs,50,169,100,319,12,2,0,12,37,7,5,3.0833333333333335,2
H3,m84137_260214_004236_s1/93783117/ccs,50,174,90,314,10,0,0,11,39,7,4,3.5454545454545454,3
H3,m84137_260214_004236_s1/45353303/ccs,59,170,84,313,28,1,0,8,23,6,2,2.875,1
H3,m84137_260214_004236_s1/134611907/ccs,62,155,85,302,10,0,0,5,20,5,0,4.0,0
H3,m84137_260214_004236_s1/111151212/ccs,50,166,93,309,24,0,0,9,19,6,3,2.111111111111111,1
H3,m84137_260214_004236_s1/193528650/ccs,50,160,85,295,18,0,0,8,28,6,2,3.5,1
H3,m84137_260214_004236_s1/55250196/ccs,50,159,93,302,24,0,0,5,18,5,0,3.6,1
H3,m84137_260214_004236_s1/29754227/ccs,50,159,86,295,53,0,0,0,0,0,0,0.0,0
H3,m84137_260214_004236_s1/82576222/ccs,50,162,86,298,54,0,0,0,0,0,0,0.0,0
H3,m84137_260214_004236_s1/124060981/ccs,50,189,85,324,63,0,0,0,0,0,0,0.0,0
H3,m84137_260214_004236_s1/44239220/ccs,50,166,89,305,14,1,0,9,34,8,1,3.7777777777777777,5
H3,m84137_260214_004236_s1/71243245/ccs,60,160,90,310,22,2,0,10,31,9,1,3.1,6
H3,m84137_260214_004236_s1/225772416/ccs,50,163,99,312,23,0,0,9,19,8,1,2.111111111111111,6
H3,m84137_260214_004236_s1/75433019/ccs,50,168,86,304,22,1,0,9,36,9,0,4.0,5
H3,m84137_260214_004236_s1/44634773/ccs,57,177,86,320,18,1,0,8,18,8,0,2.25,5
H3,m84137_260214_004236_s1/217254596/ccs,50,138,86,274,46,0,0,0,0,0,0,0.0,0
H3,m84137_260214_004236_s1/51773497/ccs,50,141,86,277,47,0,0,0,0,0,0,0.0,0
H3,m84137_260214_004236_s1/261095949/ccs,50,138,89,277,46,0,0,0,0,0,0,0.0,0
H3,m84137_260214_004236_s1/24184301/ccs,50,141,86,277,47,0,0,0,0,0,0,0.0,0
H3,m84137_260214_004236_s1/68029288/ccs,50,144,86,280,48,0,0,0,0,0,0,0.0,0
H3,m84137_260214_004236_s1/195821875/ccs,50,148,86,284,42,1,0,1,4,1,0,4.0,1
H3,m84137_260214_004236_s1/247727227/ccs,50,150,86,286,49,0,0,1,3,0,1,3.0,0
H3,m84137_260214_004236_s1/30082508/ccs,50,150,86,286,50,0,0,0,0,0,0,0.0,0
H3,m84137_260214_004236_s1/224265639/ccs,50,153,86,289,51,0,0,0,0,0,0,0.0,0
H3,m84137_260214_004236_s1/185599331/ccs,50,153,86,289,51,0,0,0,0,0,0,0.0,0
H3,m84137_260214_004236_s1/45613289/ccs,50,156,86,292,52,0,0,0,0,0,0,0.0,0
H3,m84137_260214_004236_s1/266798767/ccs,50,156,86,292,52,0,0,0,0,0,0,0.0,0
H3,m84137_260214_004236_s1/6687077/ccs,50,156,86,292,52,0,0,0,0,0,0,0.0,0
H3,m84137_260214_004236_s1/114361072/ccs,50,156,86,292,52,0,0,0,0,0,0,0.0,0
H3,m84137_260214_004236_s1/238751456/ccs,50,156,86,292,52,0,0,0,0,0,0,0.0,0
H3,m84137_260214_004236_s1/232133251/ccs,50,159,86,295,53,0,0,0,0,0,0,0.0,0
H3,m84137_260214_004236_s1/187237133/ccs,50,159,86,295,53,0,0,0,0,0,0,0.0,0
H3,m84137_260214_004236_s1/11732585/ccs,50,159,86,295,53,0,0,0,0,0,0,0.0,0
H3,m84137_260214_004236_s1/165086798/ccs,50,159,86,295,53,0,0,0,0,0,0,0.0,0
H3,m84137_260214_004236_s1/89523600/ccs,50,159,86,295,53,0,0,0,0,0,0,0.0,0
H3,m84137_260214_004236_s1/210769771/ccs,50,159,86,295,53,0,0,0,0,0,0,0.0,0
H3,m84137_260214_004236_s1/206180510/ccs,50,159,86,295,53,0,0,0,0,0,0,0.0,0
H3,m84137_260214_004236_s1/205195298/ccs,50,159,86,295,53,0,0,0,0,0,0,0.0,0
H3,m84137_260214_004236_s1/215287799/ccs,50,159,86,295,53,0,0,0,0,0,0,0.0,0
H3,m84137_260214_004236_s1/92341325/ccs,50,159,86,295,53,0,0,0,0,0,0,0.0,0
H3,m84137_260214_004236_s1/73930144/ccs,50,159,86,295,53,0,0,0,0,0,0,0.0,0
H3,m84137_260214_004236_s1/245172464/ccs,50,159,86,295,53,0,0,0,0,0,0,0.0,0
H3,m84137_260214_004236_s1/87822514/ccs,50,159,87,296,53,0,0,0,0,0,0,0.0,0
H3,m84137_260214_004236_s1/85333922/ccs,50,161,85,296,26,0,0,2,2,2,0,1.0,0
H3,m84137_260214_004236_s1/27852949/ccs,49,163,85,297,23,1,0,2,7,1,1,3.5,1
H3,m84137_260214_004236_s1/141431157/ccs,50,162,86,298,54,0,0,0,0,0,0,0.0,0
H3,m84137_260214_004236_s1/39457451/ccs,50,162,86,298,54,0,0,0,0,0,0,0.0,0
H3,m84137_260214_004236_s1/64885333/ccs,50,162,86,298,54,0,0,0,0,0,0,0.0,0
H3,m84137_260214_004236_s1/60363441/ccs,50,162,86,298,54,0,0,0,0,0,0,0.0,0
H3,m84137_260214_004236_s1/89986797/ccs,50,162,86,298,54,0,0,0,0,0,0,0.0,0
H3,m84137_260214_004236_s1/89329791/ccs,50,162,86,298,54,0,0,0,0,0,0,0.0,0
H3,m84137_260214_004236_s1/97718585/ccs,50,162,86,298,54,0,0,0,0,0,0,0.0,0
H3,m84137_260214_004236_s1/92669949/ccs,50,162,86,298,54,0,0,0,0,0,0,0.0,0
H3,m84137_260214_004236_s1/105255509/ccs,50,162,86,298,54,0,0,0,0,0,0,0.0,0
H3,m84137_260214_004236_s1/156440202/ccs,50,162,86,298,54,0,0,0,0,0,0,0.0,0
H3,m84137_260214_004236_s1/240783293/ccs,50,162,86,298,54,0,0,0,0,0,0,0.0,0
H3,m84137_260214_004236_s1/235147206/ccs,50,162,86,298,54,0,0,0,0,0,0,0.0,0
H3,m84137_260214_004236_s1/264506498/ccs,50,162,86,298,54,0,0,0,0,0,0,0.0,0
H3,m84137_260214_004236_s1/262344064/ccs,50,162,86,298,54,0,0,0,0,0,0,0.0,0
H3,m84137_260214_004236_s1/247336852/ccs,50,162,86,298,54,0,0,0,0,0,0,0.0,0
H3,m84137_260214_004236_s1/247992649/ccs,50,162,86,298,54,0,0,0,0,0,0,0.0,0
H3,m84137_260214_004236_s1/225249982/ccs,50,162,86,298,54,0,0,0,0,0,0,0.0,0
H3,m84137_260214_004236_s1/184420848/ccs,50,162,86,298,54,0,0,0,0,0,0,0.0,0
H3,m84137_260214_004236_s1/252249744/ccs,50,162,86,298,54,0,0,0,0,0,0,0.0,0
H3,m84137_260214_004236_s1/237242579/ccs,50,162,86,298,54,0,0,0,0,0,0,0.0,0
H3,m84137_260214_004236_s1/238420347/ccs,50,162,86,298,54,0,0,0,0,0,0,0.0,0
H3,m84137_260214_004236_s1/238685130/ccs,50,162,86,298,54,0,0,0,0,0,0,0.0,0
H3,m84137_260214_004236_s1/198378060/ccs,50,159,89,298,53,0,0,0,0,0,0,0.0,0
H3,m84137_260214_004236_s1/199491970/ccs,50,162,86,298,54,0,0,0,0,0,0,0.0,0
H3,m84137_260214_004236_s1/203489901/ccs,50,162,86,298,54,0,0,0,0,0,0,0.0,0
H3,m84137_260214_004236_s1/266404490/ccs,50,162,86,298,54,0,0,0,0,0,0,0.0,0
H3,m84137_260214_004236_s1/4200183/ccs,50,162,86,298,54,0,0,0,0,0,0,0.0,0
H3,m84137_260214_004236_s1/11866030/ccs,50,162,86,298,54,0,0,0,0,0,0,0.0,0
H3,m84137_260214_004236_s1/35917382/ccs,50,162,86,298,54,0,0,0,0,0,0,0.0,0
H3,m84137_260214_004236_s1/36441208/ccs,50,162,86,298,54,0,0,0,0,0,0,0.0,0
H3,m84137_260214_004236_s1/17500894/ccs,50,162,86,298,54,0,0,0,0,0,0,0.0,0
H3,m84137_260214_004236_s1/25363739/ccs,50,162,86,298,54,0,0,0,0,0,0,0.0,0
H3,m84137_260214_004236_s1/32311896/ccs,50,162,86,298,54,0,0,0,0,0,0,0.0,0
H3,m84137_260214_004236_s1/139855028/ccs,50,162,86,298,54,0,0,0,0,0,0,0.0,0
H3,m84137_260214_004236_s1/249696837/ccs,50,162,86,298,54,0,0,0,0,0,0,0.0,0
H3,m84137_260214_004236_s1/54201934/ccs,50,162,86,298,54,0,0,0,0,0,0,0.0,0
H3,m84137_260214_004236_s1/46859059/ccs,50,159,89,298,53,0,0,0,0,0,0,0.0,0
H3,m84137_260214_004236_s1/17826975/ccs,50,162,86,298,54,0,0,0,0,0,0,0.0,0
H3,m84137_260214_004236_s1/112662292/ccs,50,162,86,298,54,0,0,0,0,0,0,0.0,0
H3,m84137_260214_004236_s1/24971444/ccs,50,162,86,298,54,0,0,0,0,0,0,0.0,0
H3,m84137_260214_004236_s1/143983218/ccs,50,162,86,298,54,0,0,0,0,0,0,0.0,0
H3,m84137_260214_004236_s1/20055636/ccs,50,162,86,298,54,0,0,0,0,0,0,0.0,0
H3,m84137_260214_004236_s1/14352597/ccs,50,162,86,298,54,0,0,0,0,0,0,0.0,0
H3,m84137_260214_004236_s1/34670597/ccs,50,162,86,298,54,0,0,0,0,0,0,0.0,0
H3,m84137_260214_004236_s1/32115190/ccs,50,162,86,298,54,0,0,0,0,0,0,0.0,0
H3,m84137_260214_004236_s1/61671239/ccs,50,162,86,298,54,0,0,0,0,0,0,0.0,0
H3,m84137_260214_004236_s1/60687520/ccs,50,162,86,298,54,0,0,0,0,0,0,0.0,0
H3,m84137_260214_004236_s1/47057563/ccs,50,162,86,298,54,0,0,0,0,0,0,0.0,0
H3,m84137_260214_004236_s1/249304111/ccs,50,162,86,298,54,0,0,0,0,0,0,0.0,0
H3,m84137_260214_004236_s1/151782396/ccs,50,162,86,298,54,0,0,0,0,0,0,0.0,0
H3,m84137_260214_004236_s1/224398555/ccs,50,162,86,298,54,0,0,0,0,0,0,0.0,0
H3,m84137_260214_004236_s1/208672517/ccs,50,162,86,298,54,0,0,0,0,0,0,0.0,0
H3,m84137_260214_004236_s1/254874761/ccs,50,162,86,298,31,0,0,5,9,5,0,1.8,1
H3,m84137_260214_004236_s1/225773075/ccs,50,165,83,298,27,0,0,2,6,2,0,3.0,2
H3,m84137_260214_004236_s1/228066312/ccs,50,162,86,298,54,0,0,0,0,0,0,0.0,0
H3,m84137_260214_004236_s1/145035739/ccs,50,162,86,298,54,0,0,0,0,0,0,0.0,0
H3,m84137_260214_004236_s1/170987746/ccs,50,162,86,298,54,0,0,0,0,0,0,0.0,0
H3,m84137_260214_004236_s1/32248104/ccs,50,162,86,298,54,0,0,0,0,0,0,0.0,0
H3,m84137_260214_004236_s1/69080195/ccs,50,162,86,298,54,0,0,0,0,0,0,0.0,0
H3,m84137_260214_004236_s1/93722451/ccs,50,162,86,298,54,0,0,0,0,0,0,0.0,0
H3,m84137_260214_004236_s1/121639132/ccs,50,162,86,298,54,0,0,0,0,0,0,0.0,0
H3,m84137_260214_004236_s1/246089701/ccs,50,162,86,298,54,0,0,0,0,0,0,0.0,0
H3,m84137_260214_004236_s1/264178143/ccs,50,162,86,298,54,0,0,0,0,0,0,0.0,0
H3,m84137_260214_004236_s1/28906067/ccs,50,162,86,298,54,0,0,0,0,0,0,0.0,0
H3,m84137_260214_004236_s1/183895240/ccs,50,163,86,299,50,0,0,1,1,1,0,1.0,0
H3,m84137_260214_004236_s1/99549643/ccs,50,163,86,299,52,0,0,1,1,1,0,1.0,0
H3,m84137_260214_004236_s1/245699750/ccs,50,163,86,299,13,1,0,1,4,1,0,4.0,1
H3,m84137_260214_004236_s1/250154048/ccs,50,164,86,300,26,0,0,2,2,2,0,1.0,0
H3,m84137_260214_004236_s1/45220451/ccs,54,165,81,300,46,0,0,3,6,2,1,2.0,1
H3,m84137_260214_004236_s1/253756039/ccs,50,161,89,300,37,0,0,1,2,1,0,2.0,0
H3,m84137_260214_004236_s1/28903921/ccs,50,165,86,301,55,0,0,0,0,0,0,0.0,0
H3,m84137_260214_004236_s1/112918972/ccs,50,165,86,301,55,0,0,0,0,0,0,0.0,0
H3,m84137_260214_004236_s1/56885300/ccs,50,165,86,301,55,0,0,0,0,0,0,0.0,0
H3,m84137_260214_004236_s1/51774200/ccs,50,165,86,301,55,0,0,0,0,0,0,0.0,0
H3,m84137_260214_004236_s1/47319316/ccs,50,165,86,301,55,0,0,0,0,0,0,0.0,0
H3,m84137_260214_004236_s1/43385542/ccs,50,165,86,301,55,0,0,0,0,0,0,0.0,0
H3,m84137_260214_004236_s1/74122983/ccs,50,165,86,301,55,0,0,0,0,0,0,0.0,0
H3,m84137_260214_004236_s1/85393666/ccs,50,165,86,301,55,0,0,0,0,0,0,0.0,0
H3,m84137_260214_004236_s1/121378444/ccs,50,165,86,301,55,0,0,0,0,0,0,0.0,0
H3,m84137_260214_004236_s1/140512981/ccs,50,165,86,301,55,0,0,0,0,0,0,0.0,0
H3,m84137_260214_004236_s1/163908853/ccs,50,165,86,301,55,0,0,0,0,0,0,0.0,0
H3,m84137_260214_004236_s1/54464598/ccs,50,165,86,301,55,0,0,0,0,0,0,0.0,0
H3,m84137_260214_004236_s1/75238954/ccs,50,165,86,301,55,0,0,0,0,0,0,0.0,0
H3,m84137_260214_004236_s1/47977374/ccs,50,165,86,301,55,0,0,0,0,0,0,0.0,0
H3,m84137_260214_004236_s1/91886058/ccs,50,165,86,301,55,0,0,0,0,0,0,0.0,0
H3,m84137_260214_004236_s1/48566841/ccs,50,165,86,301,55,0,0,0,0,0,0,0.0,0
H3,m84137_260214_004236_s1/49156763/ccs,50,165,86,301,55,0,0,0,0,0,0,0.0,0
H3,m84137_260214_004236_s1/57544573/ccs,50,165,86,301,55,0,0,0,0,0,0,0.0,0
H3,m84137_260214_004236_s1/216402020/ccs,50,165,86,301,55,0,0,0,0,0,0,0.0,0
H3,m84137_260214_004236_s1/237568453/ccs,50,165,86,301,55,0,0,0,0,0,0,0.0,0
H3,m84137_260214_004236_s1/184751519/ccs,50,165,86,301,55,0,0,0,0,0,0,0.0,0
H3,m84137_260214_004236_s1/191696344/ccs,50,165,86,301,55,0,0,0,0,0,0,0.0,0
H3,m84137_260214_004236_s1/228265797/ccs,50,165,86,301,55,0,0,0,0,0,0,0.0,0
H3,m84137_260214_004236_s1/218042680/ccs,50,165,86,301,55,0,0,0,0,0,0,0.0,0
H3,m84137_260214_004236_s1/248843948/ccs,50,165,86,301,55,0,0,0,0,0,0,0.0,0
H3,m84137_260214_004236_s1/229771163/ccs,50,165,86,301,55,0,0,0,0,0,0,0.0,0
H3,m84137_260214_004236_s1/226100492/ccs,50,165,86,301,55,0,0,0,0,0,0,0.0,0
H3,m84137_260214_004236_s1/237307627/ccs,50,165,86,301,55,0,0,0,0,0,0,0.0,0
H3,m84137_260214_004236_s1/81333178/ccs,50,165,86,301,55,0,0,0,0,0,0,0.0,0
H3,m84137_260214_004236_s1/120127603/ccs,50,165,86,301,55,0,0,0,0,0,0,0.0,0
H3,m84137_260214_004236_s1/121310103/ccs,50,165,86,301,55,0,0,0,0,0,0,0.0,0
H3,m84137_260214_004236_s1/126682364/ccs,50,165,86,301,55,0,0,0,0,0,0,0.0,0
H3,m84137_260214_004236_s1/173936551/ccs,50,165,86,301,55,0,0,0,0,0,0,0.0,0
H3,m84137_260214_004236_s1/203100135/ccs,50,165,86,301,55,0,0,0,0,0,0,0.0,0
H3,m84137_260214_004236_s1/180622897/ccs,50,165,86,301,55,0,0,0,0,0,0,0.0,0
H3,m84137_260214_004236_s1/204149597/ccs,50,165,86,301,55,0,0,0,0,0,0,0.0,0
H3,m84137_260214_004236_s1/210111602/ccs,50,165,86,301,55,0,0,0,0,0,0,0.0,0
H3,m84137_260214_004236_s1/182194812/ccs,50,165,86,301,55,0,0,0,0,0,0,0.0,0
H3,m84137_260214_004236_s1/170330030/ccs,50,165,86,301,55,0,0,0,0,0,0,0.0,0
H3,m84137_260214_004236_s1/189728938/ccs,50,165,86,301,55,0,0,0,0,0,0,0.0,0
H3,m84137_260214_004236_s1/221317738/ccs,50,165,86,301,55,0,0,0,0,0,0,0.0,0
H3,m84137_260214_004236_s1/183437325/ccs,50,165,86,301,55,0,0,0,0,0,0,0.0,0
H3,m84137_260214_004236_s1/239011175/ccs,50,165,86,301,55,0,0,0,0,0,0,0.0,0
H3,m84137_260214_004236_s1/8394011/ccs,50,165,86,301,55,0,0,0,0,0,0,0.0,0
H3,m84137_260214_004236_s1/31199121/ccs,50,165,86,301,55,0,0,0,0,0,0,0.0,0
H3,m84137_260214_004236_s1/5638423/ccs,50,165,86,301,55,0,0,0,0,0,0,0.0,0
H3,m84137_260214_004236_s1/2425216/ccs,50,165,86,301,55,0,0,0,0,0,0,0.0,0
H3,m84137_260214_004236_s1/50464547/ccs,50,165,86,301,55,0,0,0,0,0,0,0.0,0
H3,m84137_260214_004236_s1/159449172/ccs,50,165,86,301,55,0,0,0,0,0,0,0.0,0
H3,m84137_260214_004236_s1/163644139/ccs,50,165,86,301,55,0,0,0,0,0,0,0.0,0
H3,m84137_260214_004236_s1/143720984/ccs,50,165,86,301,55,0,0,0,0,0,0,0.0,0
H3,m84137_260214_004236_s1/223480655/ccs,50,165,86,301,55,0,0,0,0,0,0,0.0,0
H3,m84137_260214_004236_s1/191567744/ccs,50,165,86,301,55,0,0,0,0,0,0,0.0,0
H3,m84137_260214_004236_s1/243077047/ccs,50,165,86,301,55,0,0,0,0,0,0,0.0,0
H3,m84137_260214_004236_s1/217584914/ccs,50,165,86,301,55,0,0,0,0,0,0,0.0,0
H3,m84137_260214_004236_s1/135660978/ccs,50,165,86,301,55,0,0,0,0,0,0,0.0,0
H3,m84137_260214_004236_s1/155780317/ccs,50,165,86,301,55,0,0,0,0,0,0,0.0,0
H3,m84137_260214_004236_s1/19862810/ccs,54,153,94,301,51,0,0,0,0,0,0,0.0,0
H3,m84137_260214_004236_s1/230557570/ccs,50,165,86,301,55,0,0,0,0,0,0,0.0,0
H3,m84137_260214_004236_s1/77992416/ccs,50,165,86,301,55,0,0,0,0,0,0,0.0,0
H3,m84137_260214_004236_s1/112725401/ccs,50,165,86,301,55,0,0,0,0,0,0,0.0,0
H3,m84137_260214_004236_s1/115675037/ccs,50,165,86,301,55,0,0,0,0,0,0,0.0,0
H3,m84137_260214_004236_s1/143593688/ccs,50,165,86,301,55,0,0,0,0,0,0,0.0,0
H3,m84137_260214_004236_s1/226628968/ccs,50,165,86,301,55,0,0,0,0,0,0,0.0,0
H3,m84137_260214_004236_s1/127731897/ccs,50,165,86,301,55,0,0,0,0,0,0,0.0,0
H3,m84137_260214_004236_s1/25690201/ccs,50,165,86,301,55,0,0,0,0,0,0,0.0,0
H3,m84137_260214_004236_s1/51446058/ccs,50,165,86,301,55,0,0,0,0,0,0,0.0,0
H3,m84137_260214_004236_s1/46008797/ccs,50,165,86,301,55,0,0,0,0,0,0,0.0,0
H3,m84137_260214_004236_s1/60229245/ccs,50,165,86,301,55,0,0,0,0,0,0,0.0,0
H3,m84137_260214_004236_s1/223872119/ccs,50,165,86,301,55,0,0,0,0,0,0,0.0,0
H3,m84137_260214_004236_s1/11342462/ccs,50,165,86,301,55,0,0,0,0,0,0,0.0,0
H3,m84137_260214_004236_s1/158799648/ccs,50,165,86,301,55,0,0,0,0,0,0,0.0,0
H3,m84137_260214_004236_s1/176165649/ccs,50,165,86,301,55,0,0,0,0,0,0,0.0,0
H3,m84137_260214_004236_s1/90245014/ccs,50,165,86,301,55,0,0,0,0,0,0,0.0,0
H3,m84137_260214_004236_s1/78318474/ccs,50,165,86,301,55,0,0,0,0,0,0,0.0,0
H3,m84137_260214_004236_s1/264245635/ccs,50,165,86,301,55,0,0,0,0,0,0,0.0,0
H3,m84137_260214_004236_s1/48759372/ccs,50,165,86,301,55,0,0,0,0,0,0,0.0,0
H3,m84137_260214_004236_s1/121048046/ccs,50,165,86,301,55,0,0,0,0,0,0,0.0,0
H3,m84137_260214_004236_s1/142345959/ccs,50,165,86,301,55,0,0,0,0,0,0,0.0,0
H3,m84137_260214_004236_s1/173410822/ccs,50,165,86,301,55,0,0,0,0,0,0,0.0,0
H3,m84137_260214_004236_s1/225187467/ccs,50,165,86,301,55,0,0,0,0,0,0,0.0,0
H3,m84137_260214_004236_s1/180751472/ccs,50,165,86,301,55,0,0,0,0,0,0,0.0,0
H3,m84137_260214_004236_s1/235018013/ccs,50,165,86,301,55,0,0,0,0,0,0,0.0,0
H3,m84137_260214_004236_s1/209126632/ccs,50,165,86,301,55,0,0,0,0,0,0,0.0,0
H3,m84137_260214_004236_s1/204210778/ccs,50,165,86,301,55,0,0,0,0,0,0,0.0,0
H3,m84137_260214_004236_s1/252708142/ccs,50,165,86,301,55,0,0,0,0,0,0,0.0,0
H3,m84137_260214_004236_s1/235735598/ccs,50,165,86,301,55,0,0,0,0,0,0,0.0,0
H3,m84137_260214_004236_s1/217057578/ccs,50,165,86,301,55,0,0,0,0,0,0,0.0,0
H3,m84137_260214_004236_s1/68747864/ccs,50,165,86,301,55,0,0,0,0,0,0,0.0,0
H3,m84137_260214_004236_s1/93324906/ccs,50,165,86,301,55,0,0,0,0,0,0,0.0,0
H3,m84137_260214_004236_s1/89261503/ccs,50,165,86,301,55,0,0,0,0,0,0,0.0,0
H3,m84137_260214_004236_s1/89129808/ccs,50,165,86,301,55,0,0,0,0,0,0,0.0,0
H3,m84137_260214_004236_s1/102566758/ccs,50,165,86,301,55,0,0,0,0,0,0,0.0,0
H3,m84137_260214_004236_s1/149687737/ccs,50,165,86,301,55,0,0,0,0,0,0,0.0,0
H3,m84137_260214_004236_s1/169019368/ccs,50,165,86,301,55,0,0,0,0,0,0,0.0,0
H3,m84137_260214_004236_s1/171378773/ccs,50,165,86,301,55,0,0,0,0,0,0,0.0,0
H3,m84137_260214_004236_s1/175901639/ccs,50,165,86,301,55,0,0,0,0,0,0,0.0,0
H3,m84137_260214_004236_s1/179569167/ccs,50,165,86,301,55,0,0,0,0,0,0,0.0,0
H3,m84137_260214_004236_s1/193987699/ccs,50,165,86,301,55,0,0,0,0,0,0,0.0,0
H3,m84137_260214_004236_s1/53285839/ccs,50,165,86,301,55,0,0,0,0,0,0,0.0,0
H3,m84137_260214_004236_s1/15013544/ccs,50,165,86,301,55,0,0,0,0,0,0,0.0,0
H3,m84137_260214_004236_s1/60036661/ccs,50,165,86,301,55,0,0,0,0,0,0,0.0,0
H3,m84137_260214_004236_s1/45092350/ccs,50,165,86,301,55,0,0,0,0,0,0,0.0,0
H3,m84137_260214_004236_s1/46402564/ccs,50,165,86,301,55,0,0,0,0,0,0,0.0,0
H3,m84137_260214_004236_s1/90051989/ccs,50,165,86,301,55,0,0,0,0,0,0,0.0,0
H3,m84137_260214_004236_s1/128717403/ccs,50,165,86,301,55,0,0,0,0,0,0,0.0,0
H3,m84137_260214_004236_s1/246153983/ccs,50,165,86,301,55,0,0,0,0,0,0,0.0,0
H3,m84137_260214_004236_s1/21042168/ccs,50,165,86,301,55,0,0,0,0,0,0,0.0,0
H3,m84137_260214_004236_s1/208470355/ccs,50,165,86,301,55,0,0,0,0,0,0,0.0,0
H3,m84137_260214_004236_s1/227543207/ccs,50,165,86,301,55,0,0,0,0,0,0,0.0,0
H3,m84137_260214_004236_s1/176098164/ccs,51,165,86,302,55,0,0,0,0,0,0,0.0,0
H3,m84137_260214_004236_s1/25103157/ccs,50,166,86,302,35,1,0,1,4,1,0,4.0,1
H3,m84137_260214_004236_s1/184156653/ccs,50,166,86,302,20,1,0,1,4,1,0,4.0,1
H3,m84137_260214_004236_s1/113642496/ccs,50,166,86,302,19,1,0,1,4,1,0,4.0,1
H3,m84137_260214_004236_s1/262016849/ccs,50,167,86,303,34,0,0,1,2,1,0,2.0,1
H3,m84137_260214_004236_s1/79432680/ccs,50,167,86,303,11,0,0,2,2,2,0,1.0,0
H3,m84137_260214_004236_s1/54332150/ccs,50,167,86,303,5,0,0,1,2,1,0,2.0,0
H3,m84137_260214_004236_s1/35455540/ccs,50,168,86,304,56,0,0,0,0,0,0,0.0,0
H3,m84137_260214_004236_s1/97980808/ccs,50,168,86,304,56,0,0,0,0,0,0,0.0,0
H3,m84137_260214_004236_s1/107679918/ccs,50,168,86,304,56,0,0,0,0,0,0,0.0,0
H3,m84137_260214_004236_s1/108925348/ccs,50,168,86,304,56,0,0,0,0,0,0,0.0,0
H3,m84137_260214_004236_s1/135991679/ccs,50,168,86,304,56,0,0,0,0,0,0,0.0,0
H3,m84137_260214_004236_s1/52695139/ccs,50,168,86,304,56,0,0,0,0,0,0,0.0,0
H3,m84137_260214_004236_s1/69998201/ccs,50,168,86,304,56,0,0,0,0,0,0,0.0,0
H3,m84137_260214_004236_s1/65803955/ccs,50,168,86,304,56,0,0,0,0,0,0,0.0,0
H3,m84137_260214_004236_s1/100929839/ccs,50,168,86,304,56,0,0,0,0,0,0,0.0,0
H3,m84137_260214_004236_s1/252056632/ccs,50,168,86,304,56,0,0,0,0,0,0,0.0,0
H3,m84137_260214_004236_s1/240520555/ccs,50,168,86,304,56,0,0,0,0,0,0,0.0,0
H3,m84137_260214_004236_s1/183963572/ccs,50,168,86,304,56,0,0,0,0,0,0,0.0,0
H3,m84137_260214_004236_s1/230625115/ccs,50,168,86,304,56,0,0,0,0,0,0,0.0,0
H3,m84137_260214_004236_s1/239867431/ccs,50,168,86,304,56,0,0,0,0,0,0,0.0,0
H3,m84137_260214_004236_s1/231933860/ccs,50,168,86,304,56,0,0,0,0,0,0,0.0,0
H3,m84137_260214_004236_s1/240715012/ccs,50,168,86,304,56,0,0,0,0,0,0,0.0,0
H3,m84137_260214_004236_s1/259459094/ccs,50,168,86,304,56,0,0,0,0,0,0,0.0,0
H3,m84137_260214_004236_s1/92932871/ccs,50,168,86,304,56,0,0,0,0,0,0,0.0,0
H3,m84137_260214_004236_s1/93325621/ccs,50,168,86,304,56,0,0,0,0,0,0,0.0,0
H3,m84137_260214_004236_s1/99221964/ccs,50,168,86,304,56,0,0,0,0,0,0,0.0,0
H3,m84137_260214_004236_s1/102237854/ccs,50,168,86,304,56,0,0,0,0,0,0,0.0,0
H3,m84137_260214_004236_s1/185931036/ccs,50,168,86,304,56,0,0,0,0,0,0,0.0,0
H3,m84137_260214_004236_s1/199103220/ccs,50,168,86,304,56,0,0,0,0,0,0,0.0,0
H3,m84137_260214_004236_s1/209259818/ccs,50,168,86,304,56,0,0,0,0,0,0,0.0,0
H3,m84137_260214_004236_s1/188810166/ccs,50,168,86,304,56,0,0,0,0,0,0,0.0,0
H3,m84137_260214_004236_s1/197723083/ccs,50,168,86,304,56,0,0,0,0,0,0,0.0,0
H3,m84137_260214_004236_s1/246612289/ccs,50,168,86,304,56,0,0,0,0,0,0,0.0,0
H3,m84137_260214_004236_s1/250020046/ccs,50,168,86,304,56,0,0,0,0,0,0,0.0,0
H3,m84137_260214_004236_s1/251528512/ccs,50,168,86,304,56,0,0,0,0,0,0,0.0,0
H3,m84137_260214_004236_s1/27858272/ccs,50,168,86,304,56,0,0,0,0,0,0,0.0,0
H3,m84137_260214_004236_s1/52433770/ccs,50,168,86,304,56,0,0,0,0,0,0,0.0,0
H3,m84137_260214_004236_s1/5702060/ccs,50,168,86,304,56,0,0,0,0,0,0,0.0,0
H3,m84137_260214_004236_s1/20186068/ccs,50,168,86,304,56,0,0,0,0,0,0,0.0,0
H3,m84137_260214_004236_s1/30475322/ccs,50,168,86,304,56,0,0,0,0,0,0,0.0,0
H3,m84137_260214_004236_s1/56756206/ccs,50,168,86,304,56,0,0,0,0,0,0,0.0,0
H3,m84137_260214_004236_s1/190843697/ccs,50,168,86,304,56,0,0,0,0,0,0,0.0,0
H3,m84137_260214_004236_s1/187041453/ccs,50,168,86,304,56,0,0,0,0,0,0,0.0,0
H3,m84137_260214_004236_s1/23265843/ccs,50,168,86,304,56,0,0,0,0,0,0,0.0,0
H3,m84137_260214_004236_s1/94307844/ccs,50,168,86,304,56,0,0,0,0,0,0,0.0,0
H3,m84137_260214_004236_s1/264834270/ccs,50,168,86,304,56,0,0,0,0,0,0,0.0,0
H3,m84137_260214_004236_s1/253039935/ccs,50,168,86,304,56,0,0,0,0,0,0,0.0,0
H3,m84137_260214_004236_s1/171708565/ccs,50,168,86,304,56,0,0,0,0,0,0,0.0,0
H3,m84137_260214_004236_s1/102370132/ccs,50,168,86,304,56,0,0,0,0,0,0,0.0,0
H3,m84137_260214_004236_s1/134088261/ccs,50,168,86,304,56,0,0,0,0,0,0,0.0,0
H3,m84137_260214_004236_s1/5703351/ccs,50,168,86,304,56,0,0,0,0,0,0,0.0,0
H3,m84137_260214_004236_s1/11273563/ccs,50,168,86,304,56,0,0,0,0,0,0,0.0,0
H3,m84137_260214_004236_s1/12519626/ccs,50,168,86,304,56,0,0,0,0,0,0,0.0,0
H3,m84137_260214_004236_s1/141888136/ccs,50,168,86,304,56,0,0,0,0,0,0,0.0,0
H3,m84137_260214_004236_s1/217646338/ccs,50,168,86,304,56,0,0,0,0,0,0,0.0,0
H3,m84137_260214_004236_s1/74779775/ccs,50,168,86,304,56,0,0,0,0,0,0,0.0,0
H3,m84137_260214_004236_s1/50272033/ccs,50,168,86,304,56,0,0,0,0,0,0,0.0,0
H3,m84137_260214_004236_s1/171445877/ccs,50,168,86,304,56,0,0,0,0,0,0,0.0,0
H3,m84137_260214_004236_s1/261297224/ccs,50,168,86,304,56,0,0,0,0,0,0,0.0,0
H3,m84137_260214_004236_s1/129892889/ccs,50,168,86,304,56,0,0,0,0,0,0,0.0,0
H3,m84137_260214_004236_s1/127010702/ccs,50,168,86,304,56,0,0,0,0,0,0,0.0,0
H3,m84137_260214_004236_s1/111280290/ccs,50,168,86,304,56,0,0,0,0,0,0,0.0,0
H3,m84137_260214_004236_s1/160040455/ccs,50,168,86,304,56,0,0,0,0,0,0,0.0,0
H3,m84137_260214_004236_s1/160629072/ccs,50,168,86,304,56,0,0,0,0,0,0,0.0,0
H3,m84137_260214_004236_s1/156565699/ccs,50,168,86,304,56,0,0,0,0,0,0,0.0,0
H3,m84137_260214_004236_s1/147917212/ccs,50,168,86,304,56,0,0,0,0,0,0,0.0,0
H3,m84137_260214_004236_s1/8323455/ccs,50,168,86,304,56,0,0,0,0,0,0,0.0,0
H3,m84137_260214_004236_s1/5310439/ccs,50,168,86,304,56,0,0,0,0,0,0,0.0,0
H3,m84137_260214_004236_s1/56231339/ccs,50,168,86,304,56,0,0,0,0,0,0,0.0,0
H3,m84137_260214_004236_s1/51119468/ccs,50,168,86,304,56,0,0,0,0,0,0,0.0,0
H3,m84137_260214_004236_s1/58854107/ccs,50,168,86,304,56,0,0,0,0,0,0,0.0,0
H3,m84137_260214_004236_s1/4590775/ccs,50,168,86,304,56,0,0,0,0,0,0,0.0,0
H3,m84137_260214_004236_s1/8915910/ccs,50,168,86,304,56,0,0,0,0,0,0,0.0,0
H3,m84137_260214_004236_s1/43124703/ccs,50,168,86,304,56,0,0,0,0,0,0,0.0,0
H3,m84137_260214_004236_s1/216338099/ccs,50,168,86,304,56,0,0,0,0,0,0,0.0,0
H3,m84137_260214_004236_s1/217190457/ccs,50,168,86,304,56,0,0,0,0,0,0,0.0,0
H3,m84137_260214_004236_s1/51381547/ccs,50,168,86,304,56,0,0,0,0,0,0,0.0,0
H3,m84137_260214_004236_s1/95751111/ccs,50,168,86,304,56,0,0,0,0,0,0,0.0,0
H3,m84137_260214_004236_s1/183833413/ccs,50,168,86,304,56,0,0,0,0,0,0,0.0,0
H3,m84137_260214_004236_s1/182716100/ccs,50,168,86,304,56,0,0,0,0,0,0,0.0,0
H3,m84137_260214_004236_s1/237111114/ccs,50,168,86,304,56,0,0,0,0,0,0,0.0,0
H3,m84137_260214_004236_s1/70451486/ccs,50,168,86,304,56,0,0,0,0,0,0,0.0,0
H3,m84137_260214_004236_s1/92668080/ccs,50,168,86,304,56,0,0,0,0,0,0,0.0,0
H3,m84137_260214_004236_s1/80807825/ccs,50,168,86,304,56,0,0,0,0,0,0,0.0,0
H3,m84137_260214_004236_s1/98435941/ccs,50,168,86,304,56,0,0,0,0,0,0,0.0,0
H3,m84137_260214_004236_s1/106890637/ccs,50,168,86,304,56,0,0,0,0,0,0,0.0,0
H3,m84137_260214_004236_s1/122359796/ccs,50,168,86,304,56,0,0,0,0,0,0,0.0,0
H3,m84137_260214_004236_s1/153686014/ccs,50,168,86,304,56,0,0,0,0,0,0,0.0,0
H3,m84137_260214_004236_s1/114625792/ccs,50,168,86,304,56,0,0,0,0,0,0,0.0,0
H3,m84137_260214_004236_s1/163647881/ccs,50,168,86,304,56,0,0,0,0,0,0,0.0,0
H3,m84137_260214_004236_s1/170135352/ccs,50,168,86,304,56,0,0,0,0,0,0,0.0,0
H3,m84137_260214_004236_s1/190317709/ccs,50,168,86,304,56,0,0,0,0,0,0,0.0,0
H3,m84137_260214_004236_s1/170461269/ccs,50,168,86,304,56,0,0,0,0,0,0,0.0,0
H3,m84137_260214_004236_s1/150471391/ccs,50,165,89,304,55,0,0,0,0,0,0,0.0,0
H3,m84137_260214_004236_s1/52958925/ccs,50,168,86,304,56,0,0,0,0,0,0,0.0,0
H3,m84137_260214_004236_s1/14553918/ccs,50,168,86,304,56,0,0,0,0,0,0,0.0,0
H3,m84137_260214_004236_s1/15210274/ccs,50,168,86,304,56,0,0,0,0,0,0,0.0,0
H3,m84137_260214_004236_s1/69537529/ccs,50,168,86,304,56,0,0,0,0,0,0,0.0,0
H3,m84137_260214_004236_s1/60953100/ccs,50,168,86,304,56,0,0,0,0,0,0,0.0,0
H3,m84137_260214_004236_s1/46533878/ccs,50,168,86,304,56,0,0,0,0,0,0,0.0,0
H3,m84137_260214_004236_s1/71374634/ccs,50,168,86,304,56,0,0,0,0,0,0,0.0,0
H3,m84137_260214_004236_s1/97980373/ccs,50,168,86,304,56,0,0,0,0,0,0,0.0,0
H3,m84137_260214_004236_s1/104272635/ccs,50,168,86,304,56,0,0,0,0,0,0,0.0,0
H3,m84137_260214_004236_s1/245629383/ccs,50,168,86,304,56,0,0,0,0,0,0,0.0,0
H3,m84137_260214_004236_s1/24515372/ccs,50,168,86,304,56,0,0,0,0,0,0,0.0,0
H3,m84137_260214_004236_s1/21827201/ccs,50,168,86,304,56,0,0,0,0,0,0,0.0,0
H3,m84137_260214_004236_s1/173477782/ccs,50,168,86,304,56,0,0,0,0,0,0,0.0,0
H3,m84137_260214_004236_s1/55576535/ccs,50,165,89,304,55,0,0,0,0,0,0,0.0,0
H3,m84137_260214_004236_s1/99813753/ccs,50,168,86,304,56,0,0,0,0,0,0,0.0,0
H3,m84137_260214_004236_s1/202572532/ccs,50,168,86,304,56,0,0,0,0,0,0,0.0,0
H3,m84137_260214_004236_s1/5832890/ccs,50,168,86,304,36,0,0,2,6,2,0,3.0,2
H3,m84137_260214_004236_s1/37554346/ccs,50,169,86,305,27,1,0,1,4,1,0,4.0,1
H3,m84137_260214_004236_s1/237503577/ccs,50,169,86,305,21,0,0,1,4,1,0,4.0,0
H3,m84137_260214_004236_s1/229377706/ccs,50,169,86,305,36,0,0,1,1,1,0,1.0,0
H3,m84137_260214_004236_s1/20715056/ccs,50,169,86,305,11,0,0,1,1,1,0,1.0,0
H3,m84137_260214_004236_s1/17696659/ccs,50,169,86,305,43,1,0,1,4,1,0,4.0,1
H3,m84137_260214_004236_s1/163121397/ccs,50,168,87,305,56,0,0,0,0,0,0,0.0,0
H3,m84137_260214_004236_s1/34996878/ccs,50,170,86,306,52,0,0,1,2,1,0,2.0,0
H3,m84137_260214_004236_s1/122094743/ccs,50,171,86,307,57,0,0,0,0,0,0,0.0,0
H3,m84137_260214_004236_s1/60424584/ccs,50,171,86,307,57,0,0,0,0,0,0,0.0,0
H3,m84137_260214_004236_s1/90048535/ccs,50,171,86,307,57,0,0,0,0,0,0,0.0,0
H3,m84137_260214_004236_s1/73861587/ccs,50,171,86,307,57,0,0,0,0,0,0,0.0,0
H3,m84137_260214_004236_s1/118755722/ccs,50,171,86,307,57,0,0,0,0,0,0,0.0,0
H3,m84137_260214_004236_s1/124719123/ccs,50,171,86,307,57,0,0,0,0,0,0,0.0,0
H3,m84137_260214_004236_s1/82318718/ccs,50,171,86,307,57,0,0,0,0,0,0,0.0,0
H3,m84137_260214_004236_s1/83759607/ccs,50,171,86,307,57,0,0,0,0,0,0,0.0,0
H3,m84137_260214_004236_s1/37754058/ccs,50,171,86,307,57,0,0,0,0,0,0,0.0,0
H3,m84137_260214_004236_s1/31199734/ccs,50,171,86,307,57,0,0,0,0,0,0,0.0,0
H3,m84137_260214_004236_s1/259591484/ccs,50,171,86,307,57,0,0,0,0,0,0,0.0,0
H3,m84137_260214_004236_s1/210044016/ccs,50,171,86,307,57,0,0,0,0,0,0,0.0,0
H3,m84137_260214_004236_s1/259195100/ccs,50,171,86,307,57,0,0,0,0,0,0,0.0,0
H3,m84137_260214_004236_s1/120588859/ccs,50,171,86,307,57,0,0,0,0,0,0,0.0,0
H3,m84137_260214_004236_s1/191498600/ccs,50,171,86,307,57,0,0,0,0,0,0,0.0,0
H3,m84137_260214_004236_s1/198182047/ccs,50,171,86,307,57,0,0,0,0,0,0,0.0,0
H3,m84137_260214_004236_s1/201524674/ccs,50,171,86,307,57,0,0,0,0,0,0,0.0,0
H3,m84137_260214_004236_s1/219875076/ccs,50,171,86,307,57,0,0,0,0,0,0,0.0,0
H3,m84137_260214_004236_s1/195298156/ccs,50,171,86,307,57,0,0,0,0,0,0,0.0,0
H3,m84137_260214_004236_s1/203293282/ccs,50,171,86,307,57,0,0,0,0,0,0,0.0,0
H3,m84137_260214_004236_s1/18093556/ccs,50,171,86,307,57,0,0,0,0,0,0,0.0,0
H3,m84137_260214_004236_s1/5637327/ccs,50,171,86,307,57,0,0,0,0,0,0,0.0,0
H3,m84137_260214_004236_s1/18678618/ccs,50,171,86,307,57,0,0,0,0,0,0,0.0,0
H3,m84137_260214_004236_s1/29886819/ccs,50,171,86,307,57,0,0,0,0,0,0,0.0,0
H3,m84137_260214_004236_s1/141558878/ccs,50,171,86,307,57,0,0,0,0,0,0,0.0,0
H3,m84137_260214_004236_s1/143656738/ccs,50,171,86,307,57,0,0,0,0,0,0,0.0,0
H3,m84137_260214_004236_s1/141427762/ccs,50,171,86,307,57,0,0,0,0,0,0,0.0,0
H3,m84137_260214_004236_s1/158335973/ccs,50,171,86,307,57,0,0,0,0,0,0,0.0,0
H3,m84137_260214_004236_s1/230233120/ccs,50,171,86,307,57,0,0,0,0,0,0,0.0,0
H3,m84137_260214_004236_s1/117378279/ccs,50,171,86,307,57,0,0,0,0,0,0,0.0,0
H3,m84137_260214_004236_s1/27921114/ccs,50,171,86,307,57,0,0,0,0,0,0,0.0,0
H3,m84137_260214_004236_s1/240784957/ccs,50,171,86,307,57,0,0,0,0,0,0,0.0,0
H3,m84137_260214_004236_s1/217584199/ccs,50,171,86,307,57,0,0,0,0,0,0,0.0,0
H3,m84137_260214_004236_s1/119080409/ccs,50,171,86,307,57,0,0,0,0,0,0,0.0,0
H3,m84137_260214_004236_s1/108331114/ccs,50,171,86,307,57,0,0,0,0,0,0,0.0,0
H3,m84137_260214_004236_s1/119996748/ccs,50,171,86,307,57,0,0,0,0,0,0,0.0,0
H3,m84137_260214_004236_s1/109250873/ccs,50,171,86,307,57,0,0,0,0,0,0,0.0,0
H3,m84137_260214_004236_s1/110824328/ccs,50,171,86,307,57,0,0,0,0,0,0,0.0,0
H3,m84137_260214_004236_s1/134679365/ccs,50,171,86,307,57,0,0,0,0,0,0,0.0,0
H3,m84137_260214_004236_s1/158533973/ccs,50,171,86,307,57,0,0,0,0,0,0,0.0,0
H3,m84137_260214_004236_s1/57870011/ccs,50,171,86,307,57,0,0,0,0,0,0,0.0,0
H3,m84137_260214_004236_s1/52627230/ccs,50,171,86,307,57,0,0,0,0,0,0,0.0,0
H3,m84137_260214_004236_s1/231408954/ccs,50,171,86,307,57,0,0,0,0,0,0,0.0,0
H3,m84137_260214_004236_s1/241044274/ccs,50,171,86,307,57,0,0,0,0,0,0,0.0,0
H3,m84137_260214_004236_s1/204017279/ccs,50,168,89,307,56,0,0,0,0,0,0,0.0,0
H3,m84137_260214_004236_s1/260837077/ccs,50,171,86,307,57,0,0,0,0,0,0,0.0,0
H3,m84137_260214_004236_s1/216470060/ccs,50,171,86,307,57,0,0,0,0,0,0,0.0,0
H3,m84137_260214_004236_s1/217321567/ccs,50,171,86,307,57,0,0,0,0,0,0,0.0,0
H3,m84137_260214_004236_s1/250613810/ccs,50,171,86,307,57,0,0,0,0,0,0,0.0,0
H3,m84137_260214_004236_s1/221384621/ccs,50,171,86,307,57,0,0,0,0,0,0,0.0,0
H3,m84137_260214_004236_s1/221320462/ccs,50,171,86,307,57,0,0,0,0,0,0,0.0,0
H3,m84137_260214_004236_s1/201068774/ccs,50,171,86,307,57,0,0,0,0,0,0,0.0,0
H3,m84137_260214_004236_s1/253432797/ccs,50,171,86,307,57,0,0,0,0,0,0,0.0,0
H3,m84137_260214_004236_s1/221381869/ccs,50,171,86,307,57,0,0,0,0,0,0,0.0,0
H3,m84137_260214_004236_s1/182911339/ccs,50,171,86,307,57,0,0,0,0,0,0,0.0,0
H3,m84137_260214_004236_s1/224921447/ccs,50,171,86,307,57,0,0,0,0,0,0,0.0,0
H3,m84137_260214_004236_s1/225314206/ccs,50,171,86,307,57,0,0,0,0,0,0,0.0,0
H3,m84137_260214_004236_s1/230032333/ccs,50,171,86,307,57,0,0,0,0,0,0,0.0,0
H3,m84137_260214_004236_s1/211878398/ccs,50,171,86,307,57,0,0,0,0,0,0,0.0,0
H3,m84137_260214_004236_s1/214695978/ccs,50,171,86,307,57,0,0,0,0,0,0,0.0,0
H3,m84137_260214_004236_s1/235145714/ccs,50,171,86,307,57,0,0,0,0,0,0,0.0,0
H3,m84137_260214_004236_s1/48497324/ccs,50,171,86,307,57,0,0,0,0,0,0,0.0,0
H3,m84137_260214_004236_s1/73466687/ccs,50,171,86,307,57,0,0,0,0,0,0,0.0,0
H3,m84137_260214_004236_s1/66062883/ccs,50,171,86,307,57,0,0,0,0,0,0,0.0,0
H3,m84137_260214_004236_s1/91293275/ccs,50,171,86,307,57,0,0,0,0,0,0,0.0,0
H3,m84137_260214_004236_s1/97192316/ccs,50,171,86,307,57,0,0,0,0,0,0,0.0,0
H3,m84137_260214_004236_s1/118161460/ccs,50,171,86,307,57,0,0,0,0,0,0,0.0,0
H3,m84137_260214_004236_s1/185274008/ccs,50,171,86,307,57,0,0,0,0,0,0,0.0,0
H3,m84137_260214_004236_s1/169609050/ccs,50,171,86,307,57,0,0,0,0,0,0,0.0,0
H3,m84137_260214_004236_s1/197722807/ccs,50,171,86,307,57,0,0,0,0,0,0,0.0,0
H3,m84137_260214_004236_s1/193660339/ccs,50,171,86,307,57,0,0,0,0,0,0,0.0,0
H3,m84137_260214_004236_s1/202310264/ccs,50,171,86,307,57,0,0,0,0,0,0,0.0,0
H3,m84137_260214_004236_s1/202572925/ccs,50,171,86,307,57,0,0,0,0,0,0,0.0,0
H3,m84137_260214_004236_s1/57807484/ccs,50,171,86,307,57,0,0,0,0,0,0,0.0,0
H3,m84137_260214_004236_s1/15732836/ccs,50,171,86,307,57,0,0,0,0,0,0,0.0,0
H3,m84137_260214_004236_s1/72881996/ccs,50,171,86,307,57,0,0,0,0,0,0,0.0,0
H3,m84137_260214_004236_s1/96670811/ccs,50,171,86,307,57,0,0,0,0,0,0,0.0,0
H3,m84137_260214_004236_s1/18355475/ccs,50,171,86,307,57,0,0,0,0,0,0,0.0,0
H3,m84137_260214_004236_s1/265814309/ccs,50,171,86,307,57,0,0,0,0,0,0,0.0,0
H3,m84137_260214_004236_s1/39389482/ccs,50,171,87,308,57,0,0,0,0,0,0,0.0,0
H3,m84137_260214_004236_s1/264307431/ccs,50,172,86,308,27,0,0,1,1,1,0,1.0,0
H3,m84137_260214_004236_s1/39650847/ccs,50,174,84,308,58,0,0,0,0,0,0,0.0,0
H3,m84137_260214_004236_s1/39654076/ccs,50,178,80,308,23,0,0,5,7,4,1,1.4,0
H3,m84137_260214_004236_s1/150930623/ccs,50,172,86,308,21,0,0,1,1,1,0,1.0,0
H3,m84137_260214_004236_s1/250282363/ccs,50,171,87,308,57,0,0,0,0,0,0,0.0,0
H3,m84137_260214_004236_s1/263260574/ccs,50,173,86,309,52,0,0,1,2,1,0,2.0,1
H3,m84137_260214_004236_s1/60033788/ccs,50,174,86,310,58,0,0,0,0,0,0,0.0,0
H3,m84137_260214_004236_s1/64028982/ccs,50,174,86,310,58,0,0,0,0,0,0,0.0,0
H3,m84137_260214_004236_s1/65144054/ccs,50,174,86,310,58,0,0,0,0,0,0,0.0,0
H3,m84137_260214_004236_s1/70124182/ccs,50,174,86,310,58,0,0,0,0,0,0,0.0,0
H3,m84137_260214_004236_s1/120787480/ccs,50,174,86,310,58,0,0,0,0,0,0,0.0,0
H3,m84137_260214_004236_s1/42864202/ccs,50,174,86,310,58,0,0,0,0,0,0,0.0,0
H3,m84137_260214_004236_s1/206508202/ccs,50,174,86,310,58,0,0,0,0,0,0,0.0,0
H3,m84137_260214_004236_s1/212667567/ccs,50,174,86,310,58,0,0,0,0,0,0,0.0,0
H3,m84137_260214_004236_s1/232789747/ccs,50,174,86,310,58,0,0,0,0,0,0,0.0,0
H3,m84137_260214_004236_s1/222495458/ccs,50,174,86,310,58,0,0,0,0,0,0,0.0,0
H3,m84137_260214_004236_s1/212533415/ccs,50,174,86,310,58,0,0,0,0,0,0,0.0,0
H3,m84137_260214_004236_s1/236784078/ccs,50,174,86,310,58,0,0,0,0,0,0,0.0,0
H3,m84137_260214_004236_s1/71435561/ccs,50,174,86,310,58,0,0,0,0,0,0,0.0,0
H3,m84137_260214_004236_s1/106955038/ccs,50,174,86,310,58,0,0,0,0,0,0,0.0,0
H3,m84137_260214_004236_s1/144970601/ccs,50,174,86,310,58,0,0,0,0,0,0,0.0,0
H3,m84137_260214_004236_s1/225056489/ccs,50,174,86,310,58,0,0,0,0,0,0,0.0,0
H3,m84137_260214_004236_s1/191301872/ccs,50,174,86,310,58,0,0,0,0,0,0,0.0,0
H3,m84137_260214_004236_s1/175114686/ccs,50,174,86,310,58,0,0,0,0,0,0,0.0,0
H3,m84137_260214_004236_s1/196675084/ccs,50,174,86,310,58,0,0,0,0,0,0,0.0,0
H3,m84137_260214_004236_s1/178847856/ccs,50,174,86,310,58,0,0,0,0,0,0,0.0,0
H3,m84137_260214_004236_s1/208012393/ccs,50,174,86,310,58,0,0,0,0,0,0,0.0,0
H3,m84137_260214_004236_s1/266142156/ccs,50,174,86,310,58,0,0,0,0,0,0,0.0,0
H3,m84137_260214_004236_s1/12259361/ccs,50,174,86,310,58,0,0,0,0,0,0,0.0,0
H3,m84137_260214_004236_s1/251073007/ccs,50,174,86,310,58,0,0,0,0,0,0,0.0,0
H3,m84137_260214_004236_s1/23266782/ccs,50,174,86,310,58,0,0,0,0,0,0,0.0,0
H3,m84137_260214_004236_s1/136775189/ccs,50,174,86,310,58,0,0,0,0,0,0,0.0,0
H3,m84137_260214_004236_s1/155713618/ccs,50,174,86,310,58,0,0,0,0,0,0,0.0,0
H3,m84137_260214_004236_s1/146868373/ccs,50,174,86,310,58,0,0,0,0,0,0,0.0,0
H3,m84137_260214_004236_s1/158205084/ccs,50,174,86,310,58,0,0,0,0,0,0,0.0,0
H3,m84137_260214_004236_s1/232855293/ccs,50,174,86,310,58,0,0,0,0,0,0,0.0,0
H3,m84137_260214_004236_s1/8588260/ccs,50,174,86,310,58,0,0,0,0,0,0,0.0,0
H3,m84137_260214_004236_s1/127206611/ccs,50,174,86,310,58,0,0,0,0,0,0,0.0,0
H3,m84137_260214_004236_s1/188809452/ccs,50,174,86,310,58,0,0,0,0,0,0,0.0,0
H3,m84137_260214_004236_s1/35328235/ccs,50,174,86,310,58,0,0,0,0,0,0,0.0,0
H3,m84137_260214_004236_s1/49747841/ccs,50,174,86,310,58,0,0,0,0,0,0,0.0,0
H3,m84137_260214_004236_s1/108265989/ccs,50,174,86,310,58,0,0,0,0,0,0,0.0,0
H3,m84137_260214_004236_s1/137626695/ccs,50,174,86,310,58,0,0,0,0,0,0,0.0,0
H3,m84137_260214_004236_s1/167905531/ccs,50,174,86,310,58,0,0,0,0,0,0,0.0,0
H3,m84137_260214_004236_s1/161875234/ccs,50,174,86,310,58,0,0,0,0,0,0,0.0,0
H3,m84137_260214_004236_s1/21367287/ccs,50,174,86,310,58,0,0,0,0,0,0,0.0,0
H3,m84137_260214_004236_s1/54788277/ccs,50,174,86,310,58,0,0,0,0,0,0,0.0,0
H3,m84137_260214_004236_s1/68359143/ccs,50,174,86,310,58,0,0,0,0,0,0,0.0,0
H3,m84137_260214_004236_s1/18088468/ccs,50,174,86,310,58,0,0,0,0,0,0,0.0,0
H3,m84137_260214_004236_s1/29559076/ccs,50,174,86,310,58,0,0,0,0,0,0,0.0,0
H3,m84137_260214_004236_s1/100075025/ccs,50,174,86,310,58,0,0,0,0,0,0,0.0,0
H3,m84137_260214_004236_s1/16648644/ccs,50,174,86,310,58,0,0,0,0,0,0,0.0,0
H3,m84137_260214_004236_s1/84741104/ccs,50,174,86,310,58,0,0,0,0,0,0,0.0,0
H3,m84137_260214_004236_s1/219611974/ccs,50,171,89,310,57,0,0,0,0,0,0,0.0,0
H3,m84137_260214_004236_s1/213320448/ccs,50,174,86,310,58,0,0,0,0,0,0,0.0,0
H3,m84137_260214_004236_s1/76285350/ccs,50,174,86,310,58,0,0,0,0,0,0,0.0,0
H3,m84137_260214_004236_s1/82184204/ccs,50,174,86,310,58,0,0,0,0,0,0,0.0,0
H3,m84137_260214_004236_s1/115018753/ccs,50,174,86,310,58,0,0,0,0,0,0,0.0,0
H3,m84137_260214_004236_s1/116397770/ccs,50,174,86,310,58,0,0,0,0,0,0,0.0,0
H3,m84137_260214_004236_s1/185144373/ccs,50,174,86,310,58,0,0,0,0,0,0,0.0,0
H3,m84137_260214_004236_s1/161746201/ccs,50,174,86,310,58,0,0,0,0,0,0,0.0,0
H3,m84137_260214_004236_s1/165613348/ccs,50,174,86,310,58,0,0,0,0,0,0,0.0,0
H3,m84137_260214_004236_s1/149815814/ccs,50,174,86,310,58,0,0,0,0,0,0,0.0,0
H3,m84137_260214_004236_s1/243204472/ccs,50,174,86,310,58,0,0,0,0,0,0,0.0,0
H3,m84137_260214_004236_s1/33756858/ccs,50,174,86,310,58,0,0,0,0,0,0,0.0,0
H3,m84137_260214_004236_s1/25890193/ccs,50,174,86,310,58,0,0,0,0,0,0,0.0,0
H3,m84137_260214_004236_s1/31134866/ccs,50,174,86,310,58,0,0,0,0,0,0,0.0,0
H3,m84137_260214_004236_s1/126621267/ccs,50,174,86,310,58,0,0,0,0,0,0,0.0,0
H3,m84137_260214_004236_s1/102695411/ccs,50,174,86,310,58,0,0,0,0,0,0,0.0,0
H3,m84137_260214_004236_s1/218562922/ccs,50,170,91,311,17,0,0,2,5,2,0,2.5,1
H3,m84137_260214_004236_s1/210637471/ccs,50,175,86,311,19,0,0,2,4,2,0,2.0,0
H3,m84137_260214_004236_s1/13763422/ccs,50,171,90,311,57,0,0,0,0,0,0,0.0,0
H3,m84137_260214_004236_s1/150013122/ccs,50,171,90,311,57,0,0,0,0,0,0,0.0,0
H3,m84137_260214_004236_s1/235999814/ccs,50,175,86,311,24,0,0,1,1,1,0,1.0,0
H3,m84137_260214_004236_s1/148834804/ccs,50,175,86,311,40,1,0,1,4,1,0,4.0,1
H3,m84137_260214_004236_s1/124718254/ccs,50,172,89,311,47,0,0,1,1,1,0,1.0,0
H3,m84137_260214_004236_s1/122684957/ccs,50,176,86,312,49,0,0,1,2,1,0,2.0,0
H3,m84137_260214_004236_s1/166201476/ccs,50,176,86,312,12,1,0,2,8,2,0,4.0,2
H3,m84137_260214_004236_s1/96209443/ccs,50,176,86,312,31,0,0,1,2,1,0,2.0,1
H3,m84137_260214_004236_s1/54198538/ccs,50,177,86,313,59,0,0,0,0,0,0,0.0,0
H3,m84137_260214_004236_s1/61277888/ccs,50,177,86,313,59,0,0,0,0,0,0,0.0,0
H3,m84137_260214_004236_s1/50071590/ccs,50,177,86,313,59,0,0,0,0,0,0,0.0,0
H3,m84137_260214_004236_s1/78123581/ccs,50,177,86,313,59,0,0,0,0,0,0,0.0,0
H3,m84137_260214_004236_s1/89593210/ccs,50,177,86,313,59,0,0,0,0,0,0,0.0,0
H3,m84137_260214_004236_s1/234948245/ccs,50,177,86,313,59,0,0,0,0,0,0,0.0,0
H3,m84137_260214_004236_s1/121835408/ccs,50,177,86,313,59,0,0,0,0,0,0,0.0,0
H3,m84137_260214_004236_s1/212472349/ccs,50,177,86,313,59,0,0,0,0,0,0,0.0,0
H3,m84137_260214_004236_s1/242881768/ccs,50,177,86,313,59,0,0,0,0,0,0,0.0,0
H3,m84137_260214_004236_s1/248843878/ccs,50,177,86,313,59,0,0,0,0,0,0,0.0,0
H3,m84137_260214_004236_s1/79300620/ccs,50,177,86,313,59,0,0,0,0,0,0,0.0,0
H3,m84137_260214_004236_s1/86770354/ccs,50,177,86,313,59,0,0,0,0,0,0,0.0,0
H3,m84137_260214_004236_s1/100796709/ccs,50,177,86,313,59,0,0,0,0,0,0,0.0,0
H3,m84137_260214_004236_s1/168562679/ccs,50,177,86,313,59,0,0,0,0,0,0,0.0,0
H3,m84137_260214_004236_s1/189666020/ccs,50,177,86,313,59,0,0,0,0,0,0,0.0,0
H3,m84137_260214_004236_s1/172560742/ccs,50,177,86,313,59,0,0,0,0,0,0,0.0,0
H3,m84137_260214_004236_s1/199624674/ccs,50,177,86,313,59,0,0,0,0,0,0,0.0,0
H3,m84137_260214_004236_s1/11212208/ccs,50,177,86,313,59,0,0,0,0,0,0,0.0,0
H3,m84137_260214_004236_s1/35197443/ccs,50,177,86,313,59,0,0,0,0,0,0,0.0,0
H3,m84137_260214_004236_s1/25036313/ccs,50,177,86,313,59,0,0,0,0,0,0,0.0,0
H3,m84137_260214_004236_s1/137692739/ccs,50,177,86,313,59,0,0,0,0,0,0,0.0,0
H3,m84137_260214_004236_s1/80805934/ccs,50,177,86,313,59,0,0,0,0,0,0,0.0,0
H3,m84137_260214_004236_s1/201785927/ccs,50,177,86,313,59,0,0,0,0,0,0,0.0,0
H3,m84137_260214_004236_s1/60689476/ccs,50,177,86,313,59,0,0,0,0,0,0,0.0,0
H3,m84137_260214_004236_s1/24052364/ccs,50,177,86,313,59,0,0,0,0,0,0,0.0,0
H3,m84137_260214_004236_s1/166069676/ccs,50,177,86,313,59,0,0,0,0,0,0,0.0,0
H3,m84137_260214_004236_s1/172950616/ccs,50,177,86,313,59,0,0,0,0,0,0,0.0,0
H3,m84137_260214_004236_s1/133631005/ccs,50,177,86,313,59,0,0,0,0,0,0,0.0,0
H3,m84137_260214_004236_s1/125239780/ccs,50,177,86,313,59,0,0,0,0,0,0,0.0,0
H3,m84137_260214_004236_s1/115671585/ccs,50,177,86,313,59,0,0,0,0,0,0,0.0,0
H3,m84137_260214_004236_s1/62325471/ccs,50,177,86,313,59,0,0,0,0,0,0,0.0,0
H3,m84137_260214_004236_s1/48038836/ccs,50,177,86,313,59,0,0,0,0,0,0,0.0,0
H3,m84137_260214_004236_s1/46272493/ccs,50,177,86,313,59,0,0,0,0,0,0,0.0,0
H3,m84137_260214_004236_s1/41356252/ccs,50,177,86,313,59,0,0,0,0,0,0,0.0,0
H3,m84137_260214_004236_s1/223352242/ccs,50,177,86,313,59,0,0,0,0,0,0,0.0,0
H3,m84137_260214_004236_s1/183437644/ccs,50,177,86,313,59,0,0,0,0,0,0,0.0,0
H3,m84137_260214_004236_s1/80478684/ccs,50,177,86,313,59,0,0,0,0,0,0,0.0,0
H3,m84137_260214_004236_s1/246744346/ccs,50,177,86,313,59,0,0,0,0,0,0,0.0,0
H3,m84137_260214_004236_s1/224003995/ccs,50,178,86,314,16,1,0,1,4,1,0,4.0,1
H3,m84137_260214_004236_s1/29557749/ccs,50,179,86,315,21,0,0,1,2,1,0,2.0,0
H3,m84137_260214_004236_s1/183699241/ccs,50,179,86,315,26,1,0,2,8,2,0,4.0,2
H3,m84137_260214_004236_s1/170135144/ccs,50,179,86,315,6,1,0,3,14,3,0,4.666666666666667,2
H3,m84137_260214_004236_s1/92735229/ccs,50,180,86,316,60,0,0,0,0,0,0,0.0,0
H3,m84137_260214_004236_s1/43192506/ccs,50,180,86,316,60,0,0,0,0,0,0,0.0,0
H3,m84137_260214_004236_s1/45553026/ccs,50,177,89,316,59,0,0,0,0,0,0,0.0,0
H3,m84137_260214_004236_s1/248780223/ccs,50,180,86,316,60,0,0,0,0,0,0,0.0,0
H3,m84137_260214_004236_s1/188223104/ccs,50,180,86,316,60,0,0,0,0,0,0,0.0,0
H3,m84137_260214_004236_s1/207815787/ccs,50,180,86,316,60,0,0,0,0,0,0,0.0,0
H3,m84137_260214_004236_s1/247401231/ccs,50,180,86,316,60,0,0,0,0,0,0,0.0,0
H3,m84137_260214_004236_s1/245173170/ccs,50,177,89,316,59,0,0,0,0,0,0,0.0,0
H3,m84137_260214_004236_s1/133958366/ccs,50,180,86,316,60,0,0,0,0,0,0,0.0,0
H3,m84137_260214_004236_s1/169937083/ccs,50,180,86,316,60,0,0,0,0,0,0,0.0,0
H3,m84137_260214_004236_s1/116065214/ccs,50,180,86,316,60,0,0,0,0,0,0,0.0,0
H3,m84137_260214_004236_s1/117184014/ccs,50,180,86,316,60,0,0,0,0,0,0,0.0,0
H3,m84137_260214_004236_s1/27984070/ccs,50,180,86,316,60,0,0,0,0,0,0,0.0,0
H3,m84137_260214_004236_s1/18024962/ccs,50,180,86,316,60,0,0,0,0,0,0,0.0,0
H3,m84137_260214_004236_s1/215616524/ccs,50,180,86,316,60,0,0,0,0,0,0,0.0,0
H3,m84137_260214_004236_s1/21104029/ccs,50,180,86,316,60,0,0,0,0,0,0,0.0,0
H3,m84137_260214_004236_s1/98567638/ccs,50,180,86,316,60,0,0,0,0,0,0,0.0,0
H3,m84137_260214_004236_s1/265688341/ccs,50,180,86,316,60,0,0,0,0,0,0,0.0,0
H3,m84137_260214_004236_s1/200802407/ccs,50,180,86,316,60,0,0,0,0,0,0,0.0,0
H3,m84137_260214_004236_s1/223347070/ccs,50,180,86,316,60,0,0,0,0,0,0,0.0,0
H3,m84137_260214_004236_s1/140646145/ccs,50,180,86,316,60,0,0,0,0,0,0,0.0,0
H3,m84137_260214_004236_s1/197526803/ccs,50,180,86,316,60,0,0,0,0,0,0,0.0,0
H3,m84137_260214_004236_s1/207880309/ccs,50,180,86,316,60,0,0,0,0,0,0,0.0,0
H3,m84137_260214_004236_s1/41880590/ccs,50,180,86,316,60,0,0,0,0,0,0,0.0,0
H3,m84137_260214_004236_s1/12653279/ccs,50,180,86,316,60,0,0,0,0,0,0,0.0,0
H3,m84137_260214_004236_s1/135730152/ccs,50,180,86,316,60,0,0,0,0,0,0,0.0,0
H3,m84137_260214_004236_s1/177734066/ccs,50,181,86,317,39,1,0,1,4,1,0,4.0,0
H3,m84137_260214_004236_s1/120916783/ccs,55,177,86,318,59,0,0,0,0,0,0,0.0,0
H3,m84137_260214_004236_s1/41948010/ccs,50,182,86,318,7,1,0,2,8,2,0,4.0,2
H3,m84137_260214_004236_s1/40045955/ccs,50,189,80,319,63,0,0,0,0,0,0,0.0,0
H3,m84137_260214_004236_s1/89593020/ccs,50,183,86,319,61,0,0,0,0,0,0,0.0,0
H3,m84137_260214_004236_s1/262148911/ccs,50,183,86,319,61,0,0,0,0,0,0,0.0,0
H3,m84137_260214_004236_s1/103416184/ccs,50,183,86,319,61,0,0,0,0,0,0,0.0,0
H3,m84137_260214_004236_s1/134613680/ccs,50,183,86,319,61,0,0,0,0,0,0,0.0,0
H3,m84137_260214_004236_s1/221839900/ccs,50,183,86,319,61,0,0,0,0,0,0,0.0,0
H3,m84137_260214_004236_s1/26806695/ccs,50,183,86,319,61,0,0,0,0,0,0,0.0,0
H3,m84137_260214_004236_s1/113052018/ccs,50,183,86,319,61,0,0,0,0,0,0,0.0,0
H3,m84137_260214_004236_s1/207424070/ccs,50,183,86,319,61,0,0,0,0,0,0,0.0,0
H3,m84137_260214_004236_s1/46208187/ccs,50,183,86,319,61,0,0,0,0,0,0,0.0,0
H3,m84137_260214_004236_s1/190382432/ccs,50,183,86,319,61,0,0,0,0,0,0,0.0,0
H3,m84137_260214_004236_s1/183632186/ccs,50,183,86,319,61,0,0,0,0,0,0,0.0,0
H3,m84137_260214_004236_s1/79303064/ccs,50,183,86,319,61,0,0,0,0,0,0,0.0,0
H3,m84137_260214_004236_s1/50270666/ccs,50,183,86,319,61,0,0,0,0,0,0,0.0,0
H3,m84137_260214_004236_s1/57148721/ccs,50,186,86,322,62,0,0,0,0,0,0,0.0,0
H3,m84137_260214_004236_s1/38405478/ccs,50,186,86,322,62,0,0,0,0,0,0,0.0,0
H3,m84137_260214_004236_s1/138352462/ccs,50,186,86,322,62,0,0,0,0,0,0,0.0,0
H3,m84137_260214_004236_s1/255071961/ccs,50,186,86,322,62,0,0,0,0,0,0,0.0,0
H3,m84137_260214_004236_s1/109906901/ccs,50,186,86,322,62,0,0,0,0,0,0,0.0,0
H3,m84137_260214_004236_s1/132581747/ccs,50,186,86,322,62,0,0,0,0,0,0,0.0,0
H3,m84137_260214_004236_s1/132253918/ccs,50,186,86,322,62,0,0,0,0,0,0,0.0,0
H3,m84137_260214_004236_s1/177997942/ccs,50,186,86,322,62,0,0,0,0,0,0,0.0,0
H3,m84137_260214_004236_s1/64685173/ccs,50,186,86,322,62,0,0,0,0,0,0,0.0,0
H3,m84137_260214_004236_s1/77728220/ccs,50,186,86,322,62,0,0,0,0,0,0,0.0,0
H3,m84137_260214_004236_s1/196411719/ccs,50,186,86,322,62,0,0,0,0,0,0,0.0,0
H3,m84137_260214_004236_s1/19861923/ccs,50,186,86,322,62,0,0,0,0,0,0,0.0,0
H3,m84137_260214_004236_s1/128388647/ccs,50,188,86,324,60,0,0,1,2,1,0,2.0,1
H3,m84137_260214_004236_s1/48498471/ccs,50,189,86,325,63,0,0,0,0,0,0,0.0,0
H3,m84137_260214_004236_s1/100339008/ccs,50,189,86,325,63,0,0,0,0,0,0,0.0,0
H3,m84137_260214_004236_s1/262538269/ccs,50,189,86,325,63,0,0,0,0,0,0,0.0,0
H3,m84137_260214_004236_s1/98567840/ccs,50,189,86,325,63,0,0,0,0,0,0,0.0,0
H3,m84137_260214_004236_s1/29753750/ccs,50,189,86,325,63,0,0,0,0,0,0,0.0,0
H3,m84137_260214_004236_s1/216142826/ccs,50,189,86,325,63,0,0,0,0,0,0,0.0,0
H3,m84137_260214_004236_s1/138807831/ccs,50,189,86,325,63,0,0,0,0,0,0,0.0,0
H3,m84137_260214_004236_s1/204279003/ccs,50,189,86,325,63,0,0,0,0,0,0,0.0,0
H3,m84137_260214_004236_s1/228396329/ccs,50,189,86,325,63,0,0,0,0,0,0,0.0,0
H3,m84137_260214_004236_s1/218955966/ccs,50,189,86,325,63,0,0,0,0,0,0,0.0,0
H3,m84137_260214_004236_s1/51252705/ccs,50,189,86,325,63,0,0,0,0,0,0,0.0,0
H3,m84137_260214_004236_s1/204669053/ccs,50,191,86,327,41,0,0,1,2,1,0,2.0,1
H3,m84137_260214_004236_s1/135006993/ccs,50,192,86,328,64,0,0,0,0,0,0,0.0,0
H3,m84137_260214_004236_s1/160501347/ccs,50,192,86,328,64,0,0,0,0,0,0,0.0,0
H3,m84137_260214_004236_s1/148379041/ccs,50,192,86,328,64,0,0,0,0,0,0,0.0,0
H3,m84137_260214_004236_s1/134551144/ccs,50,195,86,331,65,0,0,0,0,0,0,0.0,0
H3,m84137_260214_004236_s1/156304268/ccs,50,195,86,331,65,0,0,0,0,0,0,0.0,0
H3,m84137_260214_004236_s1/97783617/ccs,50,195,86,331,65,0,0,0,0,0,0,0.0,0
H3,m84137_260214_004236_s1/126225772/ccs,50,195,87,332,65,0,0,0,0,0,0,0.0,0
H3,m84137_260214_004236_s1/75434731/ccs,50,198,86,334,38,0,0,2,3,2,0,1.5,1
H3,m84137_260214_004236_s1/107677684/ccs,50,198,86,334,66,0,0,0,0,0,0,0.0,0
H3,m84137_260214_004236_s1/45811393/ccs,50,198,86,334,66,0,0,0,0,0,0,0.0,0
H3,m84137_260214_004236_s1/212534559/ccs,50,198,86,334,66,0,0,0,0,0,0,0.0,0
H3,m84137_260214_004236_s1/167578569/ccs,50,198,86,334,66,0,0,0,0,0,0,0.0,0
H3,m84137_260214_004236_s1/189335868/ccs,50,201,86,337,67,0,0,0,0,0,0,0.0,0
H3,m84137_260214_004236_s1/127599668/ccs,50,201,86,337,67,0,0,0,0,0,0,0.0,0
H3,m84137_260214_004236_s1/24515774/ccs,50,201,86,337,67,0,0,0,0,0,0,0.0,0
H3,m84137_260214_004236_s1/113183505/ccs,50,201,86,337,67,0,0,0,0,0,0,0.0,0
H3,m84137_260214_004236_s1/18354966/ccs,50,206,83,339,61,0,0,1,2,1,0,2.0,1
H3,m84137_260214_004236_s1/212861367/ccs,50,204,86,340,68,0,0,0,0,0,0,0.0,0
H3,m84137_260214_004236_s1/3413356/ccs,50,207,86,343,69,0,0,0,0,0,0,0.0,0
H3,m84137_260214_004236_s1/97583242/ccs,50,208,86,344,67,0,0,1,1,1,0,1.0,0
H3,m84137_260214_004236_s1/140116111/ccs,50,209,86,345,14,0,0,3,5,3,0,1.6666666666666667,0
H3,m84137_260214_004236_s1/156762182/ccs,50,210,86,346,70,0,0,0,0,0,0,0.0,0
H3,m84137_260214_004236_s1/163777077/ccs,50,210,86,346,70,0,0,0,0,0,0,0.0,0
H3,m84137_260214_004236_s1/59643371/ccs,50,210,86,346,70,0,0,0,0,0,0,0.0,0
H3,m84137_260214_004236_s1/221386164/ccs,50,210,86,346,70,0,0,0,0,0,0,0.0,0
H3,m84137_260214_004236_s1/58525692/ccs,50,213,86,349,71,0,0,0,0,0,0,0.0,0
H3,m84137_260214_004236_s1/106631347/ccs,50,213,86,349,71,0,0,0,0,0,0,0.0,0
H3,m84137_260214_004236_s1/6296187/ccs,50,213,86,349,71,0,0,0,0,0,0,0.0,0
H3,m84137_260214_004236_s1/229904154/ccs,50,213,86,349,71,0,0,0,0,0,0,0.0,0
H3,m84137_260214_004236_s1/240588043/ccs,50,219,80,349,73,0,0,0,0,0,0,0.0,0
H3,m84137_260214_004236_s1/179177189/ccs,50,213,86,349,71,0,0,0,0,0,0,0.0,0
H3,m84137_260214_004236_s1/20384177/ccs,50,219,86,355,73,0,0,0,0,0,0,0.0,0
H3,m84137_260214_004236_s1/116197537/ccs,50,219,86,355,73,0,0,0,0,0,0,0.0,0
H3,m84137_260214_004236_s1/234557284/ccs,50,219,86,355,73,0,0,0,0,0,0,0.0,0
H3,m84137_260214_004236_s1/117970048/ccs,50,219,86,355,73,0,0,0,0,0,0,0.0,0
H3,m84137_260214_004236_s1/251073170/ccs,50,221,86,357,43,0,0,1,2,1,0,2.0,1
H3,m84137_260214_004236_s1/74452739/ccs,50,222,86,358,74,0,0,0,0,0,0,0.0,0
H3,m84137_260214_004236_s1/133631169/ccs,50,225,86,361,75,0,0,0,0,0,0,0.0,0
H3,m84137_260214_004236_s1/192677533/ccs,50,225,86,361,75,0,0,0,0,0,0,0.0,0
H3,m84137_260214_004236_s1/185797610/ccs,50,225,86,361,75,0,0,0,0,0,0,0.0,0
H3,m84137_260214_004236_s1/105452458/ccs,50,231,86,367,77,0,0,0,0,0,0,0.0,0
H3,m84137_260214_004236_s1/127599881/ccs,50,231,86,367,77,0,0,0,0,0,0,0.0,0
H3,m84137_260214_004236_s1/264243223/ccs,50,234,83,367,78,0,0,0,0,0,0,0.0,0
H3,m84137_260214_004236_s1/6100355/ccs,50,231,86,367,77,0,0,0,0,0,0,0.0,0
H3,m84137_260214_004236_s1/199823393/ccs,50,231,86,367,77,0,0,0,0,0,0,0.0,0
H3,m84137_260214_004236_s1/152245665/ccs,50,231,86,367,77,0,0,0,0,0,0,0.0,0
H3,m84137_260214_004236_s1/37686539/ccs,50,231,86,367,77,0,0,0,0,0,0,0.0,0
H3,m84137_260214_004236_s1/148964628/ccs,50,234,86,370,78,0,0,0,0,0,0,0.0,0
H3,m84137_260214_004236_s1/46929418/ccs,50,234,86,370,78,0,0,0,0,0,0,0.0,0
H3,m84137_260214_004236_s1/54268987/ccs,50,235,86,371,52,1,0,1,4,1,0,4.0,1
H3,m84137_260214_004236_s1/142019108/ccs,50,240,86,376,80,0,0,0,0,0,0,0.0,0
H3,m84137_260214_004236_s1/9242481/ccs,50,240,86,376,80,0,0,0,0,0,0,0.0,0
H3,m84137_260214_004236_s1/188481767/ccs,50,240,86,376,80,0,0,0,0,0,0,0.0,0
H3,m84137_260214_004236_s1/116261403/ccs,50,249,86,385,83,0,0,0,0,0,0,0.0,0
H3,m84137_260214_004236_s1/215157149/ccs,50,249,86,385,83,0,0,0,0,0,0,0.0,0
H3,m84137_260214_004236_s1/201069480/ccs,50,252,86,388,84,0,0,0,0,0,0,0.0,0
H3,m84137_260214_004236_s1/52301647/ccs,50,261,86,397,87,0,0,0,0,0,0,0.0,0
H3,m84137_260214_004236_s1/227934557/ccs,50,273,86,409,91,0,0,0,0,0,0,0.0,0
H3,m84137_260214_004236_s1/189009428/ccs,50,276,86,412,92,0,0,0,0,0,0,0.0,0
H3,m84137_260214_004236_s1/110560463/ccs,50,288,86,424,96,0,0,0,0,0,0,0.0,0
H3,m84137_260214_004236_s1/87819391/ccs,50,300,86,436,100,0,0,0,0,0,0,0.0,0
H3,m84137_260214_004236_s1/65213815/ccs,50,339,86,475,113,0,0,0,0,0,0,0.0,0
H3,m84137_260214_004236_s1/151062356/ccs,50,348,86,484,116,0,0,0,0,0,0,0.0,0
H3,m84137_260214_004236_s1/196608667/ccs,50,378,86,514,126,0,0,0,0,0,0,0.0,0
H3,m84137_260214_004236_s1/256970128/ccs,50,387,86,523,129,0,0,0,0,0,0,0.0,0
H3,m84137_260214_004236_s1/254804426/ccs,50,396,86,532,132,0,0,0,0,0,0,0.0,0
H3,m84137_260214_004236_s1/241634792/ccs,50,456,86,592,152,0,0,0,0,0,0,0.0,0
H3,m84137_260214_004236_s1/192089354/ccs,50,528,80,658,176,0,0,0,0,0,0,0.0,0
H3,m84137_260214_004236_s1/40372646/ccs,50,722,86,858,75,1,0,6,14,6,0,2.3333333333333335,5
H3,m84137_260214_004236_s1/83953386/ccs,50,1029,46,1125,343,0,0,0,0,0,0,0.0,0
H3,m84137_260214_004236_s1/65142949/ccs,50,1688,46,1784,285,0,0,1,2,1,0,2.0,1
H3,m84137_260214_004236_s1/114360859/ccs,50,3235,52,3337,317,0,0,5,10,5,0,2.0,5
H3,m84137_260214_004236_s1/153878978/ccs,50,154,98,302,3,0,0,7,19,4,3,2.7142857142857144,0
H3,m84137_260214_004236_s1/20579296/ccs,56,171,87,314,26,1,0,9,27,7,2,3.0,1
H3,m84137_260214_004236_s1/17175118/ccs,50,176,90,316,21,1,0,8,14,8,0,1.75,3
H3,m84137_260214_004236_s1/104403178/ccs,50,144,86,280,48,0,0,0,0,0,0,0.0,0
H3,m84137_260214_004236_s1/40963177/ccs,50,147,86,283,49,0,0,0,0,0,0,0.0,0
H3,m84137_260214_004236_s1/92868675/ccs,50,147,86,283,49,0,0,0,0,0,0,0.0,0
H3,m84137_260214_004236_s1/239081164/ccs,50,147,86,283,49,0,0,0,0,0,0,0.0,0
H3,m84137_260214_004236_s1/51448297/ccs,50,149,87,286,28,0,0,1,2,1,0,2.0,0
H3,m84137_260214_004236_s1/29819964/ccs,50,150,86,286,50,0,0,0,0,0,0,0.0,0
H3,m84137_260214_004236_s1/85721411/ccs,50,153,86,289,51,0,0,0,0,0,0,0.0,0
H3,m84137_260214_004236_s1/120194744/ccs,50,156,86,292,52,0,0,0,0,0,0,0.0,0
H3,m84137_260214_004236_s1/250549630/ccs,50,156,86,292,52,0,0,0,0,0,0,0.0,0
H3,m84137_260214_004236_s1/29362581/ccs,50,156,86,292,52,0,0,0,0,0,0,0.0,0
H3,m84137_260214_004236_s1/137104882/ccs,50,156,86,292,52,0,0,0,0,0,0,0.0,0
H3,m84137_260214_004236_s1/96540593/ccs,50,163,82,295,35,0,0,3,4,3,0,1.3333333333333333,1
H3,m84137_260214_004236_s1/198247231/ccs,50,159,86,295,53,0,0,0,0,0,0,0.0,0
H3,m84137_260214_004236_s1/119149569/ccs,50,159,86,295,53,0,0,0,0,0,0,0.0,0
H3,m84137_260214_004236_s1/133370706/ccs,50,159,86,295,53,0,0,0,0,0,0,0.0,0
H3,m84137_260214_004236_s1/173740034/ccs,50,159,86,295,53,0,0,0,0,0,0,0.0,0
H3,m84137_260214_004236_s1/246681936/ccs,50,159,86,295,53,0,0,0,0,0,0,0.0,0
H3,m84137_260214_004236_s1/261161625/ccs,50,159,86,295,53,0,0,0,0,0,0,0.0,0
H3,m84137_260214_004236_s1/245498727/ccs,50,159,86,295,53,0,0,0,0,0,0,0.0,0
H3,m84137_260214_004236_s1/168367505/ccs,50,159,86,295,53,0,0,0,0,0,0,0.0,0
H3,m84137_260214_004236_s1/53872846/ccs,50,159,86,295,53,0,0,0,0,0,0,0.0,0
H3,m84137_260214_004236_s1/208864378/ccs,50,159,86,295,53,0,0,0,0,0,0,0.0,0
H3,m84137_260214_004236_s1/104991813/ccs,50,159,86,295,53,0,0,0,0,0,0,0.0,0
H3,m84137_260214_004236_s1/239666621/ccs,50,159,87,296,53,0,0,0,0,0,0,0.0,0
H3,m84137_260214_004236_s1/159584607/ccs,50,160,86,296,19,0,0,1,1,1,0,1.0,0
H3,m84137_260214_004236_s1/55248880/ccs,50,161,86,297,23,1,0,1,5,1,0,5.0,0
H3,m84137_260214_004236_s1/208340909/ccs,50,162,86,298,54,0,0,0,0,0,0,0.0,0
H3,m84137_260214_004236_s1/76742916/ccs,50,162,86,298,54,0,0,0,0,0,0,0.0,0
H3,m84137_260214_004236_s1/238489142/ccs,50,162,86,298,54,0,0,0,0,0,0,0.0,0
H3,m84137_260214_004236_s1/11995052/ccs,50,162,86,298,54,0,0,0,0,0,0,0.0,0
H3,m84137_260214_004236_s1/8063210/ccs,50,162,86,298,54,0,0,0,0,0,0,0.0,0
H3,m84137_260214_004236_s1/8719306/ccs,50,162,86,298,54,0,0,0,0,0,0,0.0,0
H3,m84137_260214_004236_s1/50464937/ccs,50,162,86,298,54,0,0,0,0,0,0,0.0,0
H3,m84137_260214_004236_s1/62324842/ccs,50,162,86,298,54,0,0,0,0,0,0,0.0,0
H3,m84137_260214_004236_s1/41223703/ccs,50,162,86,298,54,0,0,0,0,0,0,0.0,0
H3,m84137_260214_004236_s1/59967306/ccs,50,162,86,298,54,0,0,0,0,0,0,0.0,0
H3,m84137_260214_004236_s1/42795053/ccs,50,162,86,298,54,0,0,0,0,0,0,0.0,0
H3,m84137_260214_004236_s1/66192284/ccs,50,162,86,298,54,0,0,0,0,0,0,0.0,0
H3,m84137_260214_004236_s1/66388946/ccs,50,162,86,298,54,0,0,0,0,0,0,0.0,0
H3,m84137_260214_004236_s1/91949946/ccs,50,162,86,298,54,0,0,0,0,0,0,0.0,0
H3,m84137_260214_004236_s1/74711094/ccs,50,162,86,298,54,0,0,0,0,0,0,0.0,0
H3,m84137_260214_004236_s1/123210096/ccs,50,162,86,298,54,0,0,0,0,0,0,0.0,0
H3,m84137_260214_004236_s1/117770975/ccs,50,162,86,298,54,0,0,0,0,0,0,0.0,0
H3,m84137_260214_004236_s1/130353464/ccs,50,162,86,298,54,0,0,0,0,0,0,0.0,0
H3,m84137_260214_004236_s1/105579414/ccs,50,162,86,298,54,0,0,0,0,0,0,0.0,0
H3,m84137_260214_004236_s1/122553781/ccs,50,162,86,298,54,0,0,0,0,0,0,0.0,0
H3,m84137_260214_004236_s1/137167264/ccs,50,162,86,298,54,0,0,0,0,0,0,0.0,0
H3,m84137_260214_004236_s1/163056592/ccs,50,162,86,298,54,0,0,0,0,0,0,0.0,0
H3,m84137_260214_004236_s1/154863668/ccs,50,162,86,298,54,0,0,0,0,0,0,0.0,0
H3,m84137_260214_004236_s1/185993209/ccs,50,162,86,298,54,0,0,0,0,0,0,0.0,0
H3,m84137_260214_004236_s1/176095961/ccs,50,162,86,298,54,0,0,0,0,0,0,0.0,0
H3,m84137_260214_004236_s1/178717714/ccs,50,162,86,298,54,0,0,0,0,0,0,0.0,0
H3,m84137_260214_004236_s1/225771740/ccs,50,162,86,298,54,0,0,0,0,0,0,0.0,0
H3,m84137_260214_004236_s1/205786021/ccs,50,162,86,298,54,0,0,0,0,0,0,0.0,0
H3,m84137_260214_004236_s1/11015950/ccs,50,162,86,298,54,0,0,0,0,0,0,0.0,0
H3,m84137_260214_004236_s1/59118415/ccs,50,162,86,298,54,0,0,0,0,0,0,0.0,0
H3,m84137_260214_004236_s1/110235444/ccs,50,162,86,298,54,0,0,0,0,0,0,0.0,0
H3,m84137_260214_004236_s1/111415959/ccs,50,162,86,298,54,0,0,0,0,0,0,0.0,0
H3,m84137_260214_004236_s1/234755659/ccs,50,162,86,298,54,0,0,0,0,0,0,0.0,0
H3,m84137_260214_004236_s1/216732954/ccs,50,162,86,298,54,0,0,0,0,0,0,0.0,0
H3,m84137_260214_004236_s1/217911782/ccs,50,162,86,298,54,0,0,0,0,0,0,0.0,0
H3,m84137_260214_004236_s1/1966770/ccs,50,162,86,298,54,0,0,0,0,0,0,0.0,0
H3,m84137_260214_004236_s1/131991022/ccs,50,162,86,298,54,0,0,0,0,0,0,0.0,0
H3,m84137_260214_004236_s1/190058049/ccs,50,162,86,298,54,0,0,0,0,0,0,0.0,0
H3,m84137_260214_004236_s1/256641536/ccs,50,162,86,298,54,0,0,0,0,0,0,0.0,0
H3,m84137_260214_004236_s1/209519009/ccs,50,162,86,298,54,0,0,0,0,0,0,0.0,0
H3,m84137_260214_004236_s1/28706544/ccs,50,162,86,298,54,0,0,0,0,0,0,0.0,0
H3,m84137_260214_004236_s1/143987338/ccs,50,162,86,298,54,0,0,0,0,0,0,0.0,0
H3,m84137_260214_004236_s1/6553743/ccs,50,162,86,298,54,0,0,0,0,0,0,0.0,0
H3,m84137_260214_004236_s1/12323039/ccs,50,162,86,298,54,0,0,0,0,0,0,0.0,0
H3,m84137_260214_004236_s1/30212574/ccs,50,162,86,298,54,0,0,0,0,0,0,0.0,0
H3,m84137_260214_004236_s1/33819570/ccs,50,162,86,298,54,0,0,0,0,0,0,0.0,0
H3,m84137_260214_004236_s1/42731563/ccs,50,159,89,298,53,0,0,0,0,0,0,0.0,0
H3,m84137_260214_004236_s1/94896979/ccs,50,162,86,298,54,0,0,0,0,0,0,0.0,0
H3,m84137_260214_004236_s1/125962956/ccs,50,162,86,298,54,0,0,0,0,0,0,0.0,0
H3,m84137_260214_004236_s1/121439755/ccs,50,162,86,298,54,0,0,0,0,0,0,0.0,0
H3,m84137_260214_004236_s1/111282642/ccs,50,162,86,298,54,0,0,0,0,0,0,0.0,0
H3,m84137_260214_004236_s1/190449001/ccs,50,162,86,298,54,0,0,0,0,0,0,0.0,0
H3,m84137_260214_004236_s1/173673140/ccs,50,162,86,298,54,0,0,0,0,0,0,0.0,0
H3,m84137_260214_004236_s1/176357485/ccs,50,162,86,298,54,0,0,0,0,0,0,0.0,0
H3,m84137_260214_004236_s1/184289946/ccs,50,162,86,298,54,0,0,0,0,0,0,0.0,0
H3,m84137_260214_004236_s1/234357774/ccs,50,162,86,298,54,0,0,0,0,0,0,0.0,0
H3,m84137_260214_004236_s1/266208409/ccs,50,162,86,298,54,0,0,0,0,0,0,0.0,0
H3,m84137_260214_004236_s1/4133159/ccs,50,162,86,298,54,0,0,0,0,0,0,0.0,0
H3,m84137_260214_004236_s1/6098763/ccs,50,162,86,298,54,0,0,0,0,0,0,0.0,0
H3,m84137_260214_004236_s1/7148043/ccs,50,162,86,298,54,0,0,0,0,0,0,0.0,0
H3,m84137_260214_004236_s1/35065025/ccs,50,162,86,298,54,0,0,0,0,0,0,0.0,0
H3,m84137_260214_004236_s1/31199707/ccs,50,162,86,298,54,0,0,0,0,0,0,0.0,0
H3,m84137_260214_004236_s1/62394459/ccs,50,162,86,298,54,0,0,0,0,0,0,0.0,0
H3,m84137_260214_004236_s1/46599939/ccs,50,162,86,298,54,0,0,0,0,0,0,0.0,0
H3,m84137_260214_004236_s1/92409685/ccs,50,162,86,298,54,0,0,0,0,0,0,0.0,0
H3,m84137_260214_004236_s1/93916423/ccs,50,162,86,298,54,0,0,0,0,0,0,0.0,0
H3,m84137_260214_004236_s1/118952465/ccs,50,162,86,298,54,0,0,0,0,0,0,0.0,0
H3,m84137_260214_004236_s1/177147700/ccs,50,162,86,298,54,0,0,0,0,0,0,0.0,0
H3,m84137_260214_004236_s1/177934104/ccs,50,162,86,298,54,0,0,0,0,0,0,0.0,0
H3,m84137_260214_004236_s1/203493907/ccs,50,162,86,298,54,0,0,0,0,0,0,0.0,0
H3,m84137_260214_004236_s1/181737392/ccs,50,162,86,298,54,0,0,0,0,0,0,0.0,0
H3,m84137_260214_004236_s1/237769739/ccs,50,162,86,298,54,0,0,0,0,0,0,0.0,0
H3,m84137_260214_004236_s1/243470522/ccs,50,162,86,298,54,0,0,0,0,0,0,0.0,0
H3,m84137_260214_004236_s1/147719005/ccs,50,162,86,298,54,0,0,0,0,0,0,0.0,0
H3,m84137_260214_004236_s1/19404247/ccs,50,162,86,298,54,0,0,0,0,0,0,0.0,0
H3,m84137_260214_004236_s1/266929061/ccs,50,162,86,298,54,0,0,0,0,0,0,0.0,0
H3,m84137_260214_004236_s1/221189122/ccs,50,162,86,298,54,0,0,0,0,0,0,0.0,0
H3,m84137_260214_004236_s1/105776674/ccs,50,162,86,298,54,0,0,0,0,0,0,0.0,0
H3,m84137_260214_004236_s1/135662008/ccs,50,162,86,298,54,0,0,0,0,0,0,0.0,0
H3,m84137_260214_004236_s1/108598240/ccs,50,162,86,298,54,0,0,0,0,0,0,0.0,0
H3,m84137_260214_004236_s1/174654245/ccs,50,162,86,298,54,0,0,0,0,0,0,0.0,0
H3,m84137_260214_004236_s1/35719052/ccs,50,162,86,298,54,0,0,0,0,0,0,0.0,0
H3,m84137_260214_004236_s1/124721028/ccs,50,162,86,298,54,0,0,0,0,0,0,0.0,0
H3,m84137_260214_004236_s1/35590920/ccs,50,162,86,298,54,0,0,0,0,0,0,0.0,0
H3,m84137_260214_004236_s1/137038643/ccs,50,162,86,298,54,0,0,0,0,0,0,0.0,0
H3,m84137_260214_004236_s1/245303393/ccs,50,162,87,299,54,0,0,0,0,0,0,0.0,0
H3,m84137_260214_004236_s1/206571163/ccs,50,163,86,299,14,1,0,1,4,1,0,4.0,1
H3,m84137_260214_004236_s1/9241287/ccs,50,168,82,300,12,0,0,2,6,2,0,3.0,0
H3,m84137_260214_004236_s1/39063667/ccs,50,159,91,300,53,0,0,0,0,0,0,0.0,0
H3,m84137_260214_004236_s1/11605208/ccs,50,164,86,300,3,0,0,1,2,1,0,2.0,0
H3,m84137_260214_004236_s1/101387795/ccs,50,165,86,301,55,0,0,0,0,0,0,0.0,0
H3,m84137_260214_004236_s1/61014672/ccs,50,165,86,301,55,0,0,0,0,0,0,0.0,0
H3,m84137_260214_004236_s1/49218146/ccs,50,165,86,301,55,0,0,0,0,0,0,0.0,0
H3,m84137_260214_004236_s1/182060327/ccs,50,165,86,301,55,0,0,0,0,0,0,0.0,0
H3,m84137_260214_004236_s1/258739134/ccs,50,165,86,301,55,0,0,0,0,0,0,0.0,0
H3,m84137_260214_004236_s1/204805146/ccs,50,165,86,301,55,0,0,0,0,0,0,0.0,0
H3,m84137_260214_004236_s1/34866722/ccs,50,165,86,301,55,0,0,0,0,0,0,0.0,0
H3,m84137_260214_004236_s1/58525630/ccs,50,165,86,301,55,0,0,0,0,0,0,0.0,0
H3,m84137_260214_004236_s1/46467991/ccs,50,165,86,301,55,0,0,0,0,0,0,0.0,0
H3,m84137_260214_004236_s1/46795274/ccs,50,165,86,301,55,0,0,0,0,0,0,0.0,0
H3,m84137_260214_004236_s1/91621794/ccs,50,165,86,301,55,0,0,0,0,0,0,0.0,0
H3,m84137_260214_004236_s1/99748696/ccs,50,165,86,301,55,0,0,0,0,0,0,0.0,0
H3,m84137_260214_004236_s1/240194285/ccs,50,165,86,301,55,0,0,0,0,0,0,0.0,0
H3,m84137_260214_004236_s1/128974986/ccs,50,165,86,301,55,0,0,0,0,0,0,0.0,0
H3,m84137_260214_004236_s1/141165303/ccs,50,165,86,301,55,0,0,0,0,0,0,0.0,0
H3,m84137_260214_004236_s1/161942256/ccs,50,165,86,301,55,0,0,0,0,0,0,0.0,0
H3,m84137_260214_004236_s1/188219443/ccs,50,165,86,301,55,0,0,0,0,0,0,0.0,0
H3,m84137_260214_004236_s1/191955118/ccs,50,165,86,301,55,0,0,0,0,0,0,0.0,0
H3,m84137_260214_004236_s1/197918876/ccs,50,165,86,301,55,0,0,0,0,0,0,0.0,0
H3,m84137_260214_004236_s1/177408124/ccs,50,165,86,301,55,0,0,0,0,0,0,0.0,0
H3,m84137_260214_004236_s1/198313326/ccs,50,165,86,301,55,0,0,0,0,0,0,0.0,0
H3,m84137_260214_004236_s1/207555176/ccs,50,165,86,301,55,0,0,0,0,0,0,0.0,0
H3,m84137_260214_004236_s1/208669587/ccs,50,165,86,301,55,0,0,0,0,0,0,0.0,0
H3,m84137_260214_004236_s1/209126825/ccs,50,165,86,301,55,0,0,0,0,0,0,0.0,0
H3,m84137_260214_004236_s1/230820423/ccs,50,165,86,301,55,0,0,0,0,0,0,0.0,0
H3,m84137_260214_004236_s1/252577592/ccs,50,165,86,301,55,0,0,0,0,0,0,0.0,0
H3,m84137_260214_004236_s1/236980126/ccs,50,165,86,301,55,0,0,0,0,0,0,0.0,0
H3,m84137_260214_004236_s1/239076144/ccs,50,165,86,301,55,0,0,0,0,0,0,0.0,0
H3,m84137_260214_004236_s1/246220495/ccs,50,165,86,301,55,0,0,0,0,0,0,0.0,0
H3,m84137_260214_004236_s1/12063961/ccs,50,165,86,301,55,0,0,0,0,0,0,0.0,0
H3,m84137_260214_004236_s1/53613755/ccs,50,165,86,301,55,0,0,0,0,0,0,0.0,0
H3,m84137_260214_004236_s1/45946094/ccs,50,165,86,301,55,0,0,0,0,0,0,0.0,0
H3,m84137_260214_004236_s1/96996872/ccs,50,165,86,301,55,0,0,0,0,0,0,0.0,0
H3,m84137_260214_004236_s1/111874529/ccs,50,165,86,301,55,0,0,0,0,0,0,0.0,0
H3,m84137_260214_004236_s1/113383297/ccs,50,165,86,301,55,0,0,0,0,0,0,0.0,0
H3,m84137_260214_004236_s1/137434470/ccs,50,165,86,301,55,0,0,0,0,0,0,0.0,0
H3,m84137_260214_004236_s1/226430040/ccs,50,165,86,301,55,0,0,0,0,0,0,0.0,0
H3,m84137_260214_004236_s1/183112346/ccs,50,165,86,301,55,0,0,0,0,0,0,0.0,0
H3,m84137_260214_004236_s1/183243612/ccs,50,165,86,301,55,0,0,0,0,0,0,0.0,0
H3,m84137_260214_004236_s1/228396738/ccs,50,165,86,301,55,0,0,0,0,0,0,0.0,0
H3,m84137_260214_004236_s1/230887872/ccs,50,165,86,301,55,0,0,0,0,0,0,0.0,0
H3,m84137_260214_004236_s1/231478789/ccs,50,165,86,301,55,0,0,0,0,0,0,0.0,0
H3,m84137_260214_004236_s1/244845892/ccs,50,165,86,301,55,0,0,0,0,0,0,0.0,0
H3,m84137_260214_004236_s1/248190641/ccs,50,165,86,301,55,0,0,0,0,0,0,0.0,0
H3,m84137_260214_004236_s1/249893694/ccs,50,165,86,301,55,0,0,0,0,0,0,0.0,0
H3,m84137_260214_004236_s1/74516161/ccs,50,165,86,301,55,0,0,0,0,0,0,0.0,0
H3,m84137_260214_004236_s1/85395624/ccs,50,165,86,301,55,0,0,0,0,0,0,0.0,0
H3,m84137_260214_004236_s1/75696202/ccs,50,165,86,301,55,0,0,0,0,0,0,0.0,0
H3,m84137_260214_004236_s1/179438909/ccs,50,165,86,301,55,0,0,0,0,0,0,0.0,0
H3,m84137_260214_004236_s1/72748226/ccs,50,165,86,301,55,0,0,0,0,0,0,0.0,0
H3,m84137_260214_004236_s1/168301844/ccs,50,165,86,301,55,0,0,0,0,0,0,0.0,0
H3,m84137_260214_004236_s1/207230057/ccs,50,165,86,301,55,0,0,0,0,0,0,0.0,0
H3,m84137_260214_004236_s1/214110615/ccs,50,165,86,301,55,0,0,0,0,0,0,0.0,0
H3,m84137_260214_004236_s1/88346624/ccs,50,165,86,301,55,0,0,0,0,0,0,0.0,0
H3,m84137_260214_004236_s1/137561439/ccs,50,165,86,301,55,0,0,0,0,0,0,0.0,0
H3,m84137_260214_004236_s1/144774814/ccs,50,165,86,301,55,0,0,0,0,0,0,0.0,0
H3,m84137_260214_004236_s1/92344121/ccs,50,165,86,301,55,0,0,0,0,0,0,0.0,0
H3,m84137_260214_004236_s1/134746391/ccs,50,165,86,301,55,0,0,0,0,0,0,0.0,0
H3,m84137_260214_004236_s1/238229184/ccs,50,165,86,301,55,0,0,0,0,0,0,0.0,0
H3,m84137_260214_004236_s1/142279923/ccs,50,164,87,301,10,0,0,1,2,1,0,2.0,1
H3,m84137_260214_004236_s1/196806554/ccs,50,165,86,301,55,0,0,0,0,0,0,0.0,0
H3,m84137_260214_004236_s1/195429818/ccs,50,165,86,301,55,0,0,0,0,0,0,0.0,0
H3,m84137_260214_004236_s1/21173168/ccs,50,165,86,301,55,0,0,0,0,0,0,0.0,0
H3,m84137_260214_004236_s1/14816379/ccs,50,165,86,301,55,0,0,0,0,0,0,0.0,0
H3,m84137_260214_004236_s1/78122151/ccs,50,165,86,301,55,0,0,0,0,0,0,0.0,0
H3,m84137_260214_004236_s1/18220557/ccs,50,165,86,301,55,0,0,0,0,0,0,0.0,0
H3,m84137_260214_004236_s1/29230213/ccs,50,165,86,301,55,0,0,0,0,0,0,0.0,0
H3,m84137_260214_004236_s1/13697340/ccs,50,165,86,301,55,0,0,0,0,0,0,0.0,0
H3,m84137_260214_004236_s1/8981106/ccs,50,165,86,301,55,0,0,0,0,0,0,0.0,0
H3,m84137_260214_004236_s1/66718450/ccs,50,165,86,301,55,0,0,0,0,0,0,0.0,0
H3,m84137_260214_004236_s1/85918283/ccs,50,165,86,301,55,0,0,0,0,0,0,0.0,0
H3,m84137_260214_004236_s1/78643515/ccs,50,165,86,301,55,0,0,0,0,0,0,0.0,0
H3,m84137_260214_004236_s1/93652830/ccs,50,165,86,301,55,0,0,0,0,0,0,0.0,0
H3,m84137_260214_004236_s1/108857600/ccs,50,165,86,301,55,0,0,0,0,0,0,0.0,0
H3,m84137_260214_004236_s1/115081421/ccs,50,165,86,301,55,0,0,0,0,0,0,0.0,0
H3,m84137_260214_004236_s1/115869254/ccs,50,165,86,301,55,0,0,0,0,0,0,0.0,0
H3,m84137_260214_004236_s1/168167950/ccs,50,165,86,301,55,0,0,0,0,0,0,0.0,0
H3,m84137_260214_004236_s1/218302460/ccs,50,165,86,301,55,0,0,0,0,0,0,0.0,0
H3,m84137_260214_004236_s1/220398392/ccs,50,165,86,301,55,0,0,0,0,0,0,0.0,0
H3,m84137_260214_004236_s1/221447608/ccs,50,165,86,301,55,0,0,0,0,0,0,0.0,0
H3,m84137_260214_004236_s1/264111250/ccs,50,165,86,301,55,0,0,0,0,0,0,0.0,0
H3,m84137_260214_004236_s1/246285223/ccs,50,165,86,301,55,0,0,0,0,0,0,0.0,0
H3,m84137_260214_004236_s1/264963614/ccs,50,165,86,301,55,0,0,0,0,0,0,0.0,0
H3,m84137_260214_004236_s1/24975125/ccs,50,165,86,301,55,0,0,0,0,0,0,0.0,0
H3,m84137_260214_004236_s1/9245169/ccs,50,165,86,301,55,0,0,0,0,0,0,0.0,0
H3,m84137_260214_004236_s1/72882047/ccs,50,165,86,301,55,0,0,0,0,0,0,0.0,0
H3,m84137_260214_004236_s1/76223213/ccs,50,165,86,301,55,0,0,0,0,0,0,0.0,0
H3,m84137_260214_004236_s1/96604863/ccs,50,165,86,301,55,0,0,0,0,0,0,0.0,0
H3,m84137_260214_004236_s1/125702498/ccs,50,165,86,301,55,0,0,0,0,0,0,0.0,0
H3,m84137_260214_004236_s1/126029736/ccs,50,165,86,301,55,0,0,0,0,0,0,0.0,0
H3,m84137_260214_004236_s1/141955557/ccs,50,165,86,301,55,0,0,0,0,0,0,0.0,0
H3,m84137_260214_004236_s1/143397354/ccs,50,165,86,301,55,0,0,0,0,0,0,0.0,0
H3,m84137_260214_004236_s1/143199557/ccs,50,165,86,301,55,0,0,0,0,0,0,0.0,0
H3,m84137_260214_004236_s1/220665136/ccs,50,165,86,301,55,0,0,0,0,0,0,0.0,0
H3,m84137_260214_004236_s1/224072303/ccs,50,165,86,301,55,0,0,0,0,0,0,0.0,0
H3,m84137_260214_004236_s1/224727302/ccs,50,165,86,301,55,0,0,0,0,0,0,0.0,0
H3,m84137_260214_004236_s1/181932328/ccs,50,165,86,301,55,0,0,0,0,0,0,0.0,0
H3,m84137_260214_004236_s1/243077455/ccs,50,165,86,301,55,0,0,0,0,0,0,0.0,0
H3,m84137_260214_004236_s1/99224524/ccs,50,165,86,301,55,0,0,0,0,0,0,0.0,0
H3,m84137_260214_004236_s1/169739575/ccs,50,165,86,301,55,0,0,0,0,0,0,0.0,0
H3,m84137_260214_004236_s1/129504081/ccs,50,165,86,301,55,0,0,0,0,0,0,0.0,0
H3,m84137_260214_004236_s1/201330678/ccs,50,165,86,301,55,0,0,0,0,0,0,0.0,0
H3,m84137_260214_004236_s1/211422977/ccs,50,165,86,301,55,0,0,0,0,0,0,0.0,0
H3,m84137_260214_004236_s1/209652480/ccs,50,165,86,301,55,0,0,0,0,0,0,0.0,0
H3,m84137_260214_004236_s1/253428658/ccs,55,160,86,301,6,0,0,2,4,2,0,2.0,1
H3,m84137_260214_004236_s1/170919652/ccs,50,165,86,301,55,0,0,0,0,0,0,0.0,0
H3,m84137_260214_004236_s1/133104628/ccs,50,165,86,301,55,0,0,0,0,0,0,0.0,0
H3,m84137_260214_004236_s1/66849233/ccs,50,165,86,301,55,0,0,0,0,0,0,0.0,0
H3,m84137_260214_004236_s1/77793647/ccs,50,165,86,301,55,0,0,0,0,0,0,0.0,0
H3,m84137_260214_004236_s1/253952346/ccs,50,165,86,301,55,0,0,0,0,0,0,0.0,0
H3,m84137_260214_004236_s1/178128936/ccs,50,165,86,301,55,0,0,0,0,0,0,0.0,0
H3,m84137_260214_004236_s1/228331482/ccs,50,165,86,301,55,0,0,0,0,0,0,0.0,0
H3,m84137_260214_004236_s1/73139697/ccs,50,166,86,302,13,0,0,1,1,1,0,1.0,0
H3,m84137_260214_004236_s1/66127677/ccs,50,166,86,302,38,1,0,1,4,1,0,4.0,1
H3,m84137_260214_004236_s1/33361263/ccs,50,166,86,302,45,1,0,1,4,1,0,4.0,1
H3,m84137_260214_004236_s1/52102251/ccs,50,166,86,302,29,0,0,1,4,1,0,4.0,0
H3,m84137_260214_004236_s1/155520328/ccs,50,166,86,302,6,0,0,1,1,1,0,1.0,0
H3,m84137_260214_004236_s1/267256524/ccs,50,167,86,303,17,0,0,1,2,1,0,2.0,0
H3,m84137_260214_004236_s1/120853670/ccs,50,167,86,303,16,0,0,1,2,1,0,2.0,1
H3,m84137_260214_004236_s1/131928063/ccs,50,168,86,304,56,0,0,0,0,0,0,0.0,0
H3,m84137_260214_004236_s1/83629820/ccs,50,168,86,304,56,0,0,0,0,0,0,0.0,0
H3,m84137_260214_004236_s1/70714020/ccs,50,168,86,304,56,0,0,0,0,0,0,0.0,0
H3,m84137_260214_004236_s1/89129790/ccs,50,168,86,304,56,0,0,0,0,0,0,0.0,0
H3,m84137_260214_004236_s1/102433371/ccs,50,168,86,304,56,0,0,0,0,0,0,0.0,0
H3,m84137_260214_004236_s1/109250625/ccs,50,168,86,304,56,0,0,0,0,0,0,0.0,0
H3,m84137_260214_004236_s1/105579940/ccs,50,168,86,304,56,0,0,0,0,0,0,0.0,0
H3,m84137_260214_004236_s1/113444533/ccs,50,168,86,304,56,0,0,0,0,0,0,0.0,0
H3,m84137_260214_004236_s1/151849857/ccs,50,168,86,304,56,0,0,0,0,0,0,0.0,0
H3,m84137_260214_004236_s1/140575530/ccs,50,168,86,304,56,0,0,0,0,0,0,0.0,0
H3,m84137_260214_004236_s1/162595348/ccs,50,168,86,304,56,0,0,0,0,0,0,0.0,0
H3,m84137_260214_004236_s1/222625999/ccs,50,168,86,304,56,0,0,0,0,0,0,0.0,0
H3,m84137_260214_004236_s1/213778685/ccs,50,168,86,304,56,0,0,0,0,0,0,0.0,0
H3,m84137_260214_004236_s1/244713401/ccs,50,168,86,304,56,0,0,0,0,0,0,0.0,0
H3,m84137_260214_004236_s1/3477617/ccs,50,168,86,304,56,0,0,0,0,0,0,0.0,0
H3,m84137_260214_004236_s1/249365034/ccs,50,168,86,304,56,0,0,0,0,0,0,0.0,0
H3,m84137_260214_004236_s1/250743647/ccs,50,168,86,304,56,0,0,0,0,0,0,0.0,0
H3,m84137_260214_004236_s1/11408685/ccs,50,168,86,304,56,0,0,0,0,0,0,0.0,0
H3,m84137_260214_004236_s1/68294507/ccs,50,168,86,304,56,0,0,0,0,0,0,0.0,0
H3,m84137_260214_004236_s1/73470875/ccs,50,168,86,304,56,0,0,0,0,0,0,0.0,0
H3,m84137_260214_004236_s1/125703539/ccs,50,168,86,304,56,0,0,0,0,0,0,0.0,0
H3,m84137_260214_004236_s1/110236700/ccs,50,168,86,304,56,0,0,0,0,0,0,0.0,0
H3,m84137_260214_004236_s1/137169964/ccs,50,168,86,304,56,0,0,0,0,0,0,0.0,0
H3,m84137_260214_004236_s1/144643218/ccs,50,168,86,304,56,0,0,0,0,0,0,0.0,0
H3,m84137_260214_004236_s1/174789944/ccs,50,168,86,304,56,0,0,0,0,0,0,0.0,0
H3,m84137_260214_004236_s1/178523241/ccs,50,168,86,304,56,0,0,0,0,0,0,0.0,0
H3,m84137_260214_004236_s1/220859829/ccs,50,168,86,304,56,0,0,0,0,0,0,0.0,0
H3,m84137_260214_004236_s1/206114347/ccs,50,168,86,304,56,0,0,0,0,0,0,0.0,0
H3,m84137_260214_004236_s1/253891911/ccs,50,168,86,304,56,0,0,0,0,0,0,0.0,0
H3,m84137_260214_004236_s1/215487321/ccs,50,168,86,304,56,0,0,0,0,0,0,0.0,0
H3,m84137_260214_004236_s1/210763869/ccs,50,168,86,304,56,0,0,0,0,0,0,0.0,0
H3,m84137_260214_004236_s1/246418003/ccs,50,168,86,304,56,0,0,0,0,0,0,0.0,0
H3,m84137_260214_004236_s1/152768599/ccs,50,168,86,304,56,0,0,0,0,0,0,0.0,0
H3,m84137_260214_004236_s1/47321151/ccs,50,168,86,304,56,0,0,0,0,0,0,0.0,0
H3,m84137_260214_004236_s1/77533705/ccs,50,168,86,304,56,0,0,0,0,0,0,0.0,0
H3,m84137_260214_004236_s1/265815010/ccs,50,171,83,304,57,0,0,0,0,0,0,0.0,0
H3,m84137_260214_004236_s1/63444072/ccs,50,168,86,304,56,0,0,0,0,0,0,0.0,0
H3,m84137_260214_004236_s1/25690722/ccs,50,168,86,304,56,0,0,0,0,0,0,0.0,0
H3,m84137_260214_004236_s1/57082055/ccs,50,168,86,304,56,0,0,0,0,0,0,0.0,0
H3,m84137_260214_004236_s1/44173289/ccs,50,168,86,304,56,0,0,0,0,0,0,0.0,0
H3,m84137_260214_004236_s1/75432748/ccs,50,168,86,304,56,0,0,0,0,0,0,0.0,0
H3,m84137_260214_004236_s1/197395930/ccs,50,168,86,304,56,0,0,0,0,0,0,0.0,0
H3,m84137_260214_004236_s1/162928083/ccs,50,168,86,304,56,0,0,0,0,0,0,0.0,0
H3,m84137_260214_004236_s1/23790099/ccs,50,168,86,304,56,0,0,0,0,0,0,0.0,0
H3,m84137_260214_004236_s1/24053802/ccs,50,168,86,304,56,0,0,0,0,0,0,0.0,0
H3,m84137_260214_004236_s1/50397737/ccs,50,165,89,304,55,0,0,0,0,0,0,0.0,0
H3,m84137_260214_004236_s1/59769514/ccs,50,168,86,304,56,0,0,0,0,0,0,0.0,0
H3,m84137_260214_004236_s1/44368322/ccs,50,168,86,304,56,0,0,0,0,0,0,0.0,0
H3,m84137_260214_004236_s1/73662647/ccs,50,168,86,304,56,0,0,0,0,0,0,0.0,0
H3,m84137_260214_004236_s1/83165595/ccs,50,168,86,304,56,0,0,0,0,0,0,0.0,0
H3,m84137_260214_004236_s1/202115982/ccs,50,168,86,304,56,0,0,0,0,0,0,0.0,0
H3,m84137_260214_004236_s1/12521611/ccs,50,168,86,304,55,0,0,1,3,0,1,3.0,0
H3,m84137_260214_004236_s1/235280173/ccs,50,168,86,304,56,0,0,0,0,0,0,0.0,0
H3,m84137_260214_004236_s1/151851683/ccs,50,168,86,304,56,0,0,0,0,0,0,0.0,0
H3,m84137_260214_004236_s1/115150992/ccs,50,168,86,304,56,0,0,0,0,0,0,0.0,0
H3,m84137_260214_004236_s1/166203175/ccs,50,168,86,304,56,0,0,0,0,0,0,0.0,0
H3,m84137_260214_004236_s1/237572508/ccs,50,168,86,304,56,0,0,0,0,0,0,0.0,0
H3,m84137_260214_004236_s1/237769504/ccs,50,168,86,304,56,0,0,0,0,0,0,0.0,0
H3,m84137_260214_004236_s1/233116119/ccs,50,168,86,304,56,0,0,0,0,0,0,0.0,0
H3,m84137_260214_004236_s1/234163790/ccs,50,168,86,304,56,0,0,0,0,0,0,0.0,0
H3,m84137_260214_004236_s1/217519902/ccs,50,168,86,304,56,0,0,0,0,0,0,0.0,0
H3,m84137_260214_004236_s1/159321981/ccs,50,168,86,304,56,0,0,0,0,0,0,0.0,0
H3,m84137_260214_004236_s1/166924015/ccs,50,168,86,304,56,0,0,0,0,0,0,0.0,0
H3,m84137_260214_004236_s1/148900728/ccs,50,168,86,304,56,0,0,0,0,0,0,0.0,0
H3,m84137_260214_004236_s1/249038310/ccs,50,168,86,304,56,0,0,0,0,0,0,0.0,0
H3,m84137_260214_004236_s1/253627492/ccs,50,168,86,304,56,0,0,0,0,0,0,0.0,0
H3,m84137_260214_004236_s1/224002635/ccs,50,168,86,304,56,0,0,0,0,0,0,0.0,0
H3,m84137_260214_004236_s1/246879617/ccs,50,168,86,304,56,0,0,0,0,0,0,0.0,0
H3,m84137_260214_004236_s1/14615532/ccs,50,168,86,304,56,0,0,0,0,0,0,0.0,0
H3,m84137_260214_004236_s1/68616481/ccs,50,168,86,304,56,0,0,0,0,0,0,0.0,0
H3,m84137_260214_004236_s1/97651186/ccs,50,168,86,304,56,0,0,0,0,0,0,0.0,0
H3,m84137_260214_004236_s1/190449792/ccs,50,168,86,304,56,0,0,0,0,0,0,0.0,0
H3,m84137_260214_004236_s1/207095814/ccs,50,168,86,304,56,0,0,0,0,0,0,0.0,0
H3,m84137_260214_004236_s1/237964250/ccs,50,168,86,304,56,0,0,0,0,0,0,0.0,0
H3,m84137_260214_004236_s1/105647659/ccs,50,168,86,304,56,0,0,0,0,0,0,0.0,0
H3,m84137_260214_004236_s1/225121335/ccs,50,168,86,304,56,0,0,0,0,0,0,0.0,0
H3,m84137_260214_004236_s1/266145484/ccs,50,168,86,304,56,0,0,0,0,0,0,0.0,0
H3,m84137_260214_004236_s1/22940192/ccs,50,168,86,304,56,0,0,0,0,0,0,0.0,0
H3,m84137_260214_004236_s1/26871481/ccs,50,168,86,304,56,0,0,0,0,0,0,0.0,0
H3,m84137_260214_004236_s1/34997219/ccs,50,168,86,304,56,0,0,0,0,0,0,0.0,0
H3,m84137_260214_004236_s1/33161889/ccs,50,168,86,304,56,0,0,0,0,0,0,0.0,0
H3,m84137_260214_004236_s1/57805427/ccs,50,168,86,304,56,0,0,0,0,0,0,0.0,0
H3,m84137_260214_004236_s1/85789095/ccs,50,168,86,304,56,0,0,0,0,0,0,0.0,0
H3,m84137_260214_004236_s1/109054587/ccs,50,168,86,304,56,0,0,0,0,0,0,0.0,0
H3,m84137_260214_004236_s1/110364148/ccs,50,168,86,304,56,0,0,0,0,0,0,0.0,0
H3,m84137_260214_004236_s1/158598698/ccs,50,168,86,304,56,0,0,0,0,0,0,0.0,0
H3,m84137_260214_004236_s1/154600198/ccs,50,168,86,304,56,0,0,0,0,0,0,0.0,0
H3,m84137_260214_004236_s1/190186193/ccs,50,168,86,304,56,0,0,0,0,0,0,0.0,0
H3,m84137_260214_004236_s1/150143533/ccs,50,168,86,304,56,0,0,0,0,0,0,0.0,0
H3,m84137_260214_004236_s1/209519873/ccs,50,168,86,304,56,0,0,0,0,0,0,0.0,0
H3,m84137_260214_004236_s1/227476204/ccs,50,168,86,304,56,0,0,0,0,0,0,0.0,0
H3,m84137_260214_004236_s1/243532218/ccs,50,168,86,304,56,0,0,0,0,0,0,0.0,0
H3,m84137_260214_004236_s1/5640660/ccs,50,168,86,304,56,0,0,0,0,0,0,0.0,0
H3,m84137_260214_004236_s1/20255036/ccs,50,168,86,304,56,0,0,0,0,0,0,0.0,0
H3,m84137_260214_004236_s1/250282078/ccs,50,168,86,304,56,0,0,0,0,0,0,0.0,0
H3,m84137_260214_004236_s1/21958407/ccs,50,168,86,304,56,0,0,0,0,0,0,0.0,0
H3,m84137_260214_004236_s1/11078980/ccs,50,168,86,304,56,0,0,0,0,0,0,0.0,0
H3,m84137_260214_004236_s1/55448456/ccs,50,168,86,304,56,0,0,0,0,0,0,0.0,0
H3,m84137_260214_004236_s1/90180677/ccs,50,168,86,304,56,0,0,0,0,0,0,0.0,0
H3,m84137_260214_004236_s1/78777898/ccs,50,168,86,304,56,0,0,0,0,0,0,0.0,0
H3,m84137_260214_004236_s1/121639165/ccs,50,168,86,304,56,0,0,0,0,0,0,0.0,0
H3,m84137_260214_004236_s1/159057336/ccs,50,168,86,304,54,0,0,2,6,0,2,3.0,0
H3,m84137_260214_004236_s1/136319382/ccs,50,169,86,305,27,0,0,1,1,1,0,1.0,0
H3,m84137_260214_004236_s1/65601626/ccs,51,168,86,305,56,0,0,0,0,0,0,0.0,0
H3,m84137_260214_004236_s1/106890583/ccs,50,171,84,305,57,0,0,0,0,0,0,0.0,0
H3,m84137_260214_004236_s1/94177653/ccs,50,169,86,305,48,1,0,1,4,1,0,4.0,1
H3,m84137_260214_004236_s1/220201284/ccs,50,169,86,305,23,0,0,1,1,1,0,1.0,0
H3,m84137_260214_004236_s1/72419124/ccs,50,168,87,305,56,0,0,0,0,0,0,0.0,0
H3,m84137_260214_004236_s1/68751211/ccs,50,170,86,306,38,0,0,1,2,1,0,2.0,0
H3,m84137_260214_004236_s1/218172527/ccs,50,170,86,306,37,0,0,1,2,1,0,2.0,0
H3,m84137_260214_004236_s1/147195519/ccs,50,171,86,307,57,0,0,0,0,0,0,0.0,0
H3,m84137_260214_004236_s1/217189933/ccs,50,174,83,307,58,0,0,0,0,0,0,0.0,0
H3,m84137_260214_004236_s1/42468910/ccs,50,171,86,307,57,0,0,0,0,0,0,0.0,0
H3,m84137_260214_004236_s1/258084312/ccs,50,171,86,307,57,0,0,0,0,0,0,0.0,0
H3,m84137_260214_004236_s1/202704595/ccs,50,171,86,307,57,0,0,0,0,0,0,0.0,0
H3,m84137_260214_004236_s1/229771790/ccs,50,171,86,307,57,0,0,0,0,0,0,0.0,0
H3,m84137_260214_004236_s1/231211394/ccs,50,171,86,307,57,0,0,0,0,0,0,0.0,0
H3,m84137_260214_004236_s1/216468442/ccs,50,171,86,307,57,0,0,0,0,0,0,0.0,0
H3,m84137_260214_004236_s1/265226476/ccs,50,171,86,307,57,0,0,0,0,0,0,0.0,0
H3,m84137_260214_004236_s1/18945360/ccs,50,171,86,307,57,0,0,0,0,0,0,0.0,0
H3,m84137_260214_004236_s1/5640016/ccs,50,171,86,307,57,0,0,0,0,0,0,0.0,0
H3,m84137_260214_004236_s1/8394369/ccs,50,171,86,307,57,0,0,0,0,0,0,0.0,0
H3,m84137_260214_004236_s1/26415487/ccs,50,171,86,307,57,0,0,0,0,0,0,0.0,0
H3,m84137_260214_004236_s1/27137011/ccs,50,171,86,307,57,0,0,0,0,0,0,0.0,0
H3,m84137_260214_004236_s1/52761593/ccs,50,171,86,307,57,0,0,0,0,0,0,0.0,0
H3,m84137_260214_004236_s1/38210713/ccs,50,171,86,307,57,0,0,0,0,0,0,0.0,0
H3,m84137_260214_004236_s1/109974937/ccs,50,171,86,307,57,0,0,0,0,0,0,0.0,0
H3,m84137_260214_004236_s1/134876971/ccs,50,171,86,307,57,0,0,0,0,0,0,0.0,0
H3,m84137_260214_004236_s1/136908233/ccs,50,171,86,307,57,0,0,0,0,0,0,0.0,0
H3,m84137_260214_004236_s1/173807386/ccs,50,171,86,307,57,0,0,0,0,0,0,0.0,0
H3,m84137_260214_004236_s1/189862247/ccs,50,171,86,307,57,0,0,0,0,0,0,0.0,0
H3,m84137_260214_004236_s1/172953526/ccs,50,171,86,307,57,0,0,0,0,0,0,0.0,0
H3,m84137_260214_004236_s1/203361898/ccs,50,171,86,307,57,0,0,0,0,0,0,0.0,0
H3,m84137_260214_004236_s1/201134123/ccs,50,171,86,307,57,0,0,0,0,0,0,0.0,0
H3,m84137_260214_004236_s1/182521595/ccs,50,171,86,307,57,0,0,0,0,0,0,0.0,0
H3,m84137_260214_004236_s1/254021213/ccs,50,171,86,307,57,0,0,0,0,0,0,0.0,0
H3,m84137_260214_004236_s1/262017007/ccs,50,171,86,307,57,0,0,0,0,0,0,0.0,0
H3,m84137_260214_004236_s1/264965451/ccs,50,171,86,307,57,0,0,0,0,0,0,0.0,0
H3,m84137_260214_004236_s1/111477960/ccs,50,171,86,307,57,0,0,0,0,0,0,0.0,0
H3,m84137_260214_004236_s1/133169740/ccs,50,171,86,307,57,0,0,0,0,0,0,0.0,0
H3,m84137_260214_004236_s1/233114266/ccs,50,171,86,307,57,0,0,0,0,0,0,0.0,0
H3,m84137_260214_004236_s1/252841093/ccs,50,171,86,307,57,0,0,0,0,0,0,0.0,0
H3,m84137_260214_004236_s1/136251559/ccs,50,171,86,307,57,0,0,0,0,0,0,0.0,0
H3,m84137_260214_004236_s1/180683035/ccs,50,171,86,307,57,0,0,0,0,0,0,0.0,0
H3,m84137_260214_004236_s1/116130984/ccs,50,171,86,307,57,0,0,0,0,0,0,0.0,0
H3,m84137_260214_004236_s1/212469820/ccs,50,171,86,307,57,0,0,0,0,0,0,0.0,0
H3,m84137_260214_004236_s1/266012388/ccs,50,171,86,307,57,0,0,0,0,0,0,0.0,0
H3,m84137_260214_004236_s1/51187189/ccs,50,171,86,307,57,0,0,0,0,0,0,0.0,0
H3,m84137_260214_004236_s1/69799830/ccs,50,171,86,307,57,0,0,0,0,0,0,0.0,0
H3,m84137_260214_004236_s1/61150492/ccs,50,171,86,307,57,0,0,0,0,0,0,0.0,0
H3,m84137_260214_004236_s1/11207414/ccs,50,171,86,307,57,0,0,0,0,0,0,0.0,0
H3,m84137_260214_004236_s1/12255356/ccs,50,171,86,307,57,0,0,0,0,0,0,0.0,0
H3,m84137_260214_004236_s1/29492721/ccs,50,171,86,307,57,0,0,0,0,0,0,0.0,0
H3,m84137_260214_004236_s1/21038837/ccs,50,171,86,307,57,0,0,0,0,0,0,0.0,0
H3,m84137_260214_004236_s1/10946814/ccs,50,171,86,307,57,0,0,0,0,0,0,0.0,0
H3,m84137_260214_004236_s1/15663643/ccs,50,171,86,307,57,0,0,0,0,0,0,0.0,0
H3,m84137_260214_004236_s1/16580804/ccs,50,168,89,307,56,0,0,0,0,0,0,0.0,0
H3,m84137_260214_004236_s1/57999647/ccs,50,171,86,307,57,0,0,0,0,0,0,0.0,0
H3,m84137_260214_004236_s1/63112922/ccs,50,171,86,307,57,0,0,0,0,0,0,0.0,0
H3,m84137_260214_004236_s1/84806407/ccs,50,171,86,307,57,0,0,0,0,0,0,0.0,0
H3,m84137_260214_004236_s1/92800931/ccs,50,171,86,307,57,0,0,0,0,0,0,0.0,0
H3,m84137_260214_004236_s1/101058713/ccs,50,171,86,307,57,0,0,0,0,0,0,0.0,0
H3,m84137_260214_004236_s1/88801417/ccs,50,171,86,307,57,0,0,0,0,0,0,0.0,0
H3,m84137_260214_004236_s1/117834430/ccs,50,171,86,307,57,0,0,0,0,0,0,0.0,0
H3,m84137_260214_004236_s1/83297377/ccs,50,171,86,307,57,0,0,0,0,0,0,0.0,0
H3,m84137_260214_004236_s1/107282631/ccs,50,171,86,307,57,0,0,0,0,0,0,0.0,0
H3,m84137_260214_004236_s1/113771717/ccs,50,171,86,307,57,0,0,0,0,0,0,0.0,0
H3,m84137_260214_004236_s1/132055458/ccs,50,171,86,307,57,0,0,0,0,0,0,0.0,0
H3,m84137_260214_004236_s1/167773301/ccs,50,171,86,307,57,0,0,0,0,0,0,0.0,0
H3,m84137_260214_004236_s1/165349883/ccs,50,171,86,307,57,0,0,0,0,0,0,0.0,0
H3,m84137_260214_004236_s1/190121133/ccs,50,171,86,307,57,0,0,0,0,0,0,0.0,0
H3,m84137_260214_004236_s1/169148804/ccs,50,171,86,307,57,0,0,0,0,0,0,0.0,0
H3,m84137_260214_004236_s1/188744229/ccs,50,171,86,307,57,0,0,0,0,0,0,0.0,0
H3,m84137_260214_004236_s1/18153680/ccs,50,171,86,307,57,0,0,0,0,0,0,0.0,0
H3,m84137_260214_004236_s1/48891676/ccs,50,171,86,307,57,0,0,0,0,0,0,0.0,0
H3,m84137_260214_004236_s1/98765689/ccs,50,171,86,307,57,0,0,0,0,0,0,0.0,0
H3,m84137_260214_004236_s1/167576450/ccs,50,171,86,307,57,0,0,0,0,0,0,0.0,0
H3,m84137_260214_004236_s1/208013983/ccs,50,171,86,307,57,0,0,0,0,0,0,0.0,0
H3,m84137_260214_004236_s1/52826035/ccs,50,171,86,307,57,0,0,0,0,0,0,0.0,0
H3,m84137_260214_004236_s1/156241188/ccs,50,171,86,307,57,0,0,0,0,0,0,0.0,0
H3,m84137_260214_004236_s1/194581134/ccs,50,171,86,307,57,0,0,0,0,0,0,0.0,0
H3,m84137_260214_004236_s1/266275999/ccs,50,171,86,307,57,0,0,0,0,0,0,0.0,0
H3,m84137_260214_004236_s1/17369550/ccs,50,171,86,307,57,0,0,0,0,0,0,0.0,0
H3,m84137_260214_004236_s1/36046756/ccs,50,171,86,307,57,0,0,0,0,0,0,0.0,0
H3,m84137_260214_004236_s1/61407744/ccs,50,171,86,307,57,0,0,0,0,0,0,0.0,0
H3,m84137_260214_004236_s1/76547133/ccs,50,171,86,307,57,0,0,0,0,0,0,0.0,0
H3,m84137_260214_004236_s1/102501046/ccs,50,171,86,307,57,0,0,0,0,0,0,0.0,0
H3,m84137_260214_004236_s1/105121051/ccs,50,171,86,307,57,0,0,0,0,0,0,0.0,0
H3,m84137_260214_004236_s1/156633846/ccs,50,171,86,307,57,0,0,0,0,0,0,0.0,0
H3,m84137_260214_004236_s1/117050119/ccs,50,171,86,307,57,0,0,0,0,0,0,0.0,0
H3,m84137_260214_004236_s1/143526568/ccs,50,171,86,307,57,0,0,0,0,0,0,0.0,0
H3,m84137_260214_004236_s1/192086737/ccs,50,171,86,307,57,0,0,0,0,0,0,0.0,0
H3,m84137_260214_004236_s1/193463868/ccs,50,171,86,307,57,0,0,0,0,0,0,0.0,0
H3,m84137_260214_004236_s1/197853414/ccs,50,171,86,307,57,0,0,0,0,0,0,0.0,0
H3,m84137_260214_004236_s1/182845793/ccs,50,171,86,307,57,0,0,0,0,0,0,0.0,0
H3,m84137_260214_004236_s1/226822933/ccs,50,171,86,307,57,0,0,0,0,0,0,0.0,0
H3,m84137_260214_004236_s1/211289962/ccs,50,171,86,307,57,0,0,0,0,0,0,0.0,0
H3,m84137_260214_004236_s1/257558759/ccs,50,171,86,307,57,0,0,0,0,0,0,0.0,0
H3,m84137_260214_004236_s1/248054921/ccs,50,171,86,307,57,0,0,0,0,0,0,0.0,0
H3,m84137_260214_004236_s1/9440969/ccs,50,167,90,307,29,0,0,1,2,1,0,2.0,1
H3,m84137_260214_004236_s1/212080047/ccs,50,171,86,307,57,0,0,0,0,0,0,0.0,0
H3,m84137_260214_004236_s1/248186735/ccs,50,171,86,307,57,0,0,0,0,0,0,0.0,0
H3,m84137_260214_004236_s1/201720604/ccs,50,171,86,307,57,0,0,0,0,0,0,0.0,0
H3,m84137_260214_004236_s1/92015823/ccs,50,171,86,307,57,0,0,0,0,0,0,0.0,0
H3,m84137_260214_004236_s1/79564869/ccs,50,171,86,307,57,0,0,0,0,0,0,0.0,0
H3,m84137_260214_004236_s1/127012267/ccs,50,171,86,307,57,0,0,0,0,0,0,0.0,0
H3,m84137_260214_004236_s1/154538284/ccs,50,171,86,307,57,0,0,0,0,0,0,0.0,0
H3,m84137_260214_004236_s1/160044701/ccs,50,171,86,307,57,0,0,0,0,0,0,0.0,0
H3,m84137_260214_004236_s1/146280939/ccs,50,171,86,307,57,0,0,0,0,0,0,0.0,0
H3,m84137_260214_004236_s1/177344114/ccs,50,171,86,307,57,0,0,0,0,0,0,0.0,0
H3,m84137_260214_004236_s1/255792082/ccs,50,171,86,307,57,0,0,0,0,0,0,0.0,0
H3,m84137_260214_004236_s1/259987287/ccs,50,171,86,307,57,0,0,0,0,0,0,0.0,0
H3,m84137_260214_004236_s1/242946763/ccs,50,168,89,307,56,0,0,0,0,0,0,0.0,0
H3,m84137_260214_004236_s1/30475403/ccs,50,171,86,307,57,0,0,0,0,0,0,0.0,0
H3,m84137_260214_004236_s1/254546574/ccs,50,171,86,307,57,0,0,0,0,0,0,0.0,0
H3,m84137_260214_004236_s1/114361671/ccs,50,171,86,307,57,0,0,0,0,0,0,0.0,0
H3,m84137_260214_004236_s1/60428197/ccs,50,171,86,307,57,0,0,0,0,0,0,0.0,0
H3,m84137_260214_004236_s1/234230203/ccs,50,172,86,308,15,1,0,1,4,1,0,4.0,1
H3,m84137_260214_004236_s1/266145193/ccs,50,172,86,308,41,1,0,1,4,1,0,4.0,1
H3,m84137_260214_004236_s1/103946042/ccs,50,172,86,308,25,0,0,1,1,1,0,1.0,0
H3,m84137_260214_004236_s1/61079987/ccs,50,174,84,308,58,0,0,0,0,0,0,0.0,0
H3,m84137_260214_004236_s1/239472432/ccs,50,175,83,308,55,0,0,1,1,1,0,1.0,0
H3,m84137_260214_004236_s1/241566692/ccs,50,173,86,309,7,0,0,1,2,1,0,2.0,1
H3,m84137_260214_004236_s1/126421802/ccs,50,173,86,309,21,1,0,2,8,2,0,4.0,2
H3,m84137_260214_004236_s1/5244971/ccs,50,174,86,310,58,0,0,0,0,0,0,0.0,0
H3,m84137_260214_004236_s1/217909657/ccs,50,174,86,310,58,0,0,0,0,0,0,0.0,0
H3,m84137_260214_004236_s1/148112388/ccs,50,174,86,310,58,0,0,0,0,0,0,0.0,0
H3,m84137_260214_004236_s1/262805243/ccs,50,174,86,310,39,1,0,2,6,2,0,3.0,2
H3,m84137_260214_004236_s1/265356549/ccs,50,174,86,310,58,0,0,0,0,0,0,0.0,0
H3,m84137_260214_004236_s1/27333164/ccs,50,174,86,310,58,0,0,0,0,0,0,0.0,0
H3,m84137_260214_004236_s1/153161290/ccs,50,174,86,310,58,0,0,0,0,0,0,0.0,0
H3,m84137_260214_004236_s1/191370619/ccs,50,174,86,310,58,0,0,0,0,0,0,0.0,0
H3,m84137_260214_004236_s1/23003217/ccs,50,174,86,310,58,0,0,0,0,0,0,0.0,0
H3,m84137_260214_004236_s1/56754633/ccs,50,174,86,310,58,0,0,0,0,0,0,0.0,0
H3,m84137_260214_004236_s1/51119737/ccs,50,174,86,310,58,0,0,0,0,0,0,0.0,0
H3,m84137_260214_004236_s1/35914803/ccs,50,174,86,310,58,0,0,0,0,0,0,0.0,0
H3,m84137_260214_004236_s1/43516991/ccs,50,174,86,310,58,0,0,0,0,0,0,0.0,0
H3,m84137_260214_004236_s1/93586587/ccs,50,174,86,310,58,0,0,0,0,0,0,0.0,0
H3,m84137_260214_004236_s1/82708444/ccs,50,174,86,310,58,0,0,0,0,0,0,0.0,0
H3,m84137_260214_004236_s1/136119960/ccs,50,174,86,310,58,0,0,0,0,0,0,0.0,0
H3,m84137_260214_004236_s1/136841824/ccs,50,174,86,310,58,0,0,0,0,0,0,0.0,0
H3,m84137_260214_004236_s1/141494721/ccs,50,171,89,310,57,0,0,0,0,0,0,0.0,0
H3,m84137_260214_004236_s1/150339922/ccs,50,174,86,310,58,0,0,0,0,0,0,0.0,0
H3,m84137_260214_004236_s1/179505506/ccs,50,174,86,310,58,0,0,0,0,0,0,0.0,0
H3,m84137_260214_004236_s1/207291044/ccs,50,174,86,310,58,0,0,0,0,0,0,0.0,0
H3,m84137_260214_004236_s1/221447583/ccs,50,174,86,310,58,0,0,0,0,0,0,0.0,0
H3,m84137_260214_004236_s1/183961510/ccs,50,174,86,310,58,0,0,0,0,0,0,0.0,0
H3,m84137_260214_004236_s1/226559511/ccs,50,174,86,310,58,0,0,0,0,0,0,0.0,0
H3,m84137_260214_004236_s1/211879388/ccs,50,174,86,310,58,0,0,0,0,0,0,0.0,0
H3,m84137_260214_004236_s1/244843036/ccs,50,174,86,310,58,0,0,0,0,0,0,0.0,0
H3,m84137_260214_004236_s1/23203838/ccs,50,174,86,310,58,0,0,0,0,0,0,0.0,0
H3,m84137_260214_004236_s1/11408841/ccs,50,174,86,310,58,0,0,0,0,0,0,0.0,0
H3,m84137_260214_004236_s1/68162403/ccs,50,174,86,310,58,0,0,0,0,0,0,0.0,0
H3,m84137_260214_004236_s1/191760254/ccs,50,174,86,310,58,0,0,0,0,0,0,0.0,0
H3,m84137_260214_004236_s1/62263779/ccs,50,174,86,310,58,0,0,0,0,0,0,0.0,0
H3,m84137_260214_004236_s1/245170319/ccs,50,173,87,310,38,0,0,1,2,1,0,2.0,1
H3,m84137_260214_004236_s1/223545251/ccs,50,174,86,310,58,0,0,0,0,0,0,0.0,0
H3,m84137_260214_004236_s1/224526641/ccs,50,174,86,310,58,0,0,0,0,0,0,0.0,0
H3,m84137_260214_004236_s1/43715746/ccs,50,174,86,310,58,0,0,0,0,0,0,0.0,0
H3,m84137_260214_004236_s1/127013402/ccs,50,174,86,310,58,0,0,0,0,0,0,0.0,0
H3,m84137_260214_004236_s1/135597423/ccs,50,174,86,310,58,0,0,0,0,0,0,0.0,0
H3,m84137_260214_004236_s1/187569014/ccs,50,174,86,310,58,0,0,0,0,0,0,0.0,0
H3,m84137_260214_004236_s1/149164876/ccs,50,174,86,310,58,0,0,0,0,0,0,0.0,0
H3,m84137_260214_004236_s1/220007594/ccs,50,174,86,310,58,0,0,0,0,0,0,0.0,0
H3,m84137_260214_004236_s1/235017925/ccs,50,174,86,310,58,0,0,0,0,0,0,0.0,0
H3,m84137_260214_004236_s1/213586409/ccs,50,174,86,310,58,0,0,0,0,0,0,0.0,0
H3,m84137_260214_004236_s1/248778855/ccs,50,174,86,310,58,0,0,0,0,0,0,0.0,0
H3,m84137_260214_004236_s1/34669779/ccs,50,174,86,310,58,0,0,0,0,0,0,0.0,0
H3,m84137_260214_004236_s1/161810441/ccs,50,174,86,310,58,0,0,0,0,0,0,0.0,0
H3,m84137_260214_004236_s1/18420049/ccs,50,174,86,310,58,0,0,0,0,0,0,0.0,0
H3,m84137_260214_004236_s1/21039579/ccs,50,174,86,310,58,0,0,0,0,0,0,0.0,0
H3,m84137_260214_004236_s1/23332266/ccs,50,174,86,310,58,0,0,0,0,0,0,0.0,0
H3,m84137_260214_004236_s1/15532833/ccs,50,174,86,310,58,0,0,0,0,0,0,0.0,0
H3,m84137_260214_004236_s1/126422099/ccs,50,174,86,310,58,0,0,0,0,0,0,0.0,0
H3,m84137_260214_004236_s1/16714278/ccs,50,174,86,310,58,0,0,0,0,0,0,0.0,0
H3,m84137_260214_004236_s1/18284717/ccs,50,174,86,310,58,0,0,0,0,0,0,0.0,0
H3,m84137_260214_004236_s1/19401281/ccs,50,174,86,310,58,0,0,0,0,0,0,0.0,0
H3,m84137_260214_004236_s1/27002620/ccs,50,174,86,310,58,0,0,0,0,0,0,0.0,0
H3,m84137_260214_004236_s1/120653770/ccs,50,174,86,310,58,0,0,0,0,0,0,0.0,0
H3,m84137_260214_004236_s1/131794520/ccs,50,174,86,310,58,0,0,0,0,0,0,0.0,0
H3,m84137_260214_004236_s1/155059399/ccs,50,174,86,310,58,0,0,0,0,0,0,0.0,0
H3,m84137_260214_004236_s1/143460761/ccs,50,174,86,310,58,0,0,0,0,0,0,0.0,0
H3,m84137_260214_004236_s1/173867794/ccs,50,174,86,310,58,0,0,0,0,0,0,0.0,0
H3,m84137_260214_004236_s1/191104917/ccs,50,174,86,310,58,0,0,0,0,0,0,0.0,0
H3,m84137_260214_004236_s1/180815569/ccs,50,174,86,310,58,0,0,0,0,0,0,0.0,0
H3,m84137_260214_004236_s1/234031421/ccs,50,174,86,310,58,0,0,0,0,0,0,0.0,0
H3,m84137_260214_004236_s1/22156239/ccs,50,174,86,310,58,0,0,0,0,0,0,0.0,0
H3,m84137_260214_004236_s1/32641855/ccs,50,174,86,310,58,0,0,0,0,0,0,0.0,0
H3,m84137_260214_004236_s1/40572110/ccs,50,174,86,310,58,0,0,0,0,0,0,0.0,0
H3,m84137_260214_004236_s1/68685388/ccs,50,174,86,310,58,0,0,0,0,0,0,0.0,0
H3,m84137_260214_004236_s1/65080804/ccs,50,174,86,310,58,0,0,0,0,0,0,0.0,0
H3,m84137_260214_004236_s1/96604004/ccs,50,174,86,310,58,0,0,0,0,0,0,0.0,0
H3,m84137_260214_004236_s1/102108762/ccs,50,174,86,310,58,0,0,0,0,0,0,0.0,0
H3,m84137_260214_004236_s1/108926550/ccs,50,174,86,310,58,0,0,0,0,0,0,0.0,0
H3,m84137_260214_004236_s1/159651749/ccs,50,174,86,310,58,0,0,0,0,0,0,0.0,0
H3,m84137_260214_004236_s1/55968683/ccs,50,174,86,310,58,0,0,0,0,0,0,0.0,0
H3,m84137_260214_004236_s1/22480023/ccs,50,174,86,310,58,0,0,0,0,0,0,0.0,0
H3,m84137_260214_004236_s1/117376175/ccs,50,174,86,310,58,0,0,0,0,0,0,0.0,0
H3,m84137_260214_004236_s1/249105181/ccs,50,174,86,310,58,0,0,0,0,0,0,0.0,0
H3,m84137_260214_004236_s1/11472381/ccs,50,174,86,310,58,0,0,0,0,0,0,0.0,0
H3,m84137_260214_004236_s1/12522489/ccs,50,174,86,310,58,0,0,0,0,0,0,0.0,0
H3,m84137_260214_004236_s1/134222316/ccs,50,174,86,310,58,0,0,0,0,0,0,0.0,0
H3,m84137_260214_004236_s1/154998618/ccs,50,174,86,310,58,0,0,0,0,0,0,0.0,0
H3,m84137_260214_004236_s1/44501009/ccs,50,174,86,310,58,0,0,0,0,0,0,0.0,0
H3,m84137_260214_004236_s1/62591823/ccs,50,174,86,310,58,0,0,0,0,0,0,0.0,0
H3,m84137_260214_004236_s1/14815624/ccs,50,174,86,310,58,0,0,0,0,0,0,0.0,0
H3,m84137_260214_004236_s1/51249233/ccs,50,174,86,310,58,0,0,0,0,0,0,0.0,0
H3,m84137_260214_004236_s1/14812041/ccs,50,175,86,311,51,1,0,1,4,1,0,4.0,1
H3,m84137_260214_004236_s1/72878342/ccs,50,175,86,311,24,1,0,1,4,1,0,4.0,1
H3,m84137_260214_004236_s1/38274281/ccs,50,174,87,311,58,0,0,0,0,0,0,0.0,0
H3,m84137_260214_004236_s1/21433032/ccs,50,176,86,312,27,0,0,1,2,1,0,2.0,0
H3,m84137_260214_004236_s1/251071208/ccs,50,176,86,312,32,0,0,2,5,1,1,2.5,1
H3,m84137_260214_004236_s1/188025622/ccs,50,177,85,312,59,0,0,0,0,0,0,0.0,0
H3,m84137_260214_004236_s1/224726416/ccs,50,176,86,312,22,0,0,1,2,1,0,2.0,1
H3,m84137_260214_004236_s1/146148112/ccs,50,175,88,313,6,0,0,2,7,2,0,3.5,1
H3,m84137_260214_004236_s1/23333273/ccs,50,177,86,313,59,0,0,0,0,0,0,0.0,0
H3,m84137_260214_004236_s1/162662894/ccs,50,177,86,313,59,0,0,0,0,0,0,0.0,0
H3,m84137_260214_004236_s1/143330363/ccs,50,177,86,313,59,0,0,0,0,0,0,0.0,0
H3,m84137_260214_004236_s1/217058809/ccs,50,177,86,313,59,0,0,0,0,0,0,0.0,0
H3,m84137_260214_004236_s1/19267672/ccs,50,177,86,313,59,0,0,0,0,0,0,0.0,0
H3,m84137_260214_004236_s1/38082304/ccs,50,177,86,313,59,0,0,0,0,0,0,0.0,0
H3,m84137_260214_004236_s1/26084431/ccs,50,177,86,313,59,0,0,0,0,0,0,0.0,0
H3,m84137_260214_004236_s1/5310681/ccs,50,177,86,313,59,0,0,0,0,0,0,0.0,0
H3,m84137_260214_004236_s1/36113131/ccs,50,177,86,313,59,0,0,0,0,0,0,0.0,0
H3,m84137_260214_004236_s1/96733747/ccs,50,177,86,313,59,0,0,0,0,0,0,0.0,0
H3,m84137_260214_004236_s1/135858962/ccs,50,177,86,313,59,0,0,0,0,0,0,0.0,0
H3,m84137_260214_004236_s1/159449331/ccs,50,177,86,313,59,0,0,0,0,0,0,0.0,0
H3,m84137_260214_004236_s1/144771502/ccs,50,177,86,313,59,0,0,0,0,0,0,0.0,0
H3,m84137_260214_004236_s1/148964733/ccs,50,177,86,313,59,0,0,0,0,0,0,0.0,0
H3,m84137_260214_004236_s1/193200245/ccs,50,177,86,313,59,0,0,0,0,0,0,0.0,0
H3,m84137_260214_004236_s1/242876585/ccs,50,177,86,313,59,0,0,0,0,0,0,0.0,0
H3,m84137_260214_004236_s1/75829409/ccs,50,177,86,313,59,0,0,0,0,0,0,0.0,0
H3,m84137_260214_004236_s1/154998178/ccs,50,177,86,313,59,0,0,0,0,0,0,0.0,0
H3,m84137_260214_004236_s1/216798585/ccs,50,177,86,313,59,0,0,0,0,0,0,0.0,0
H3,m84137_260214_004236_s1/14484610/ccs,50,177,86,313,59,0,0,0,0,0,0,0.0,0
H3,m84137_260214_004236_s1/63178883/ccs,50,177,86,313,59,0,0,0,0,0,0,0.0,0
H3,m84137_260214_004236_s1/37098965/ccs,50,177,86,313,59,0,0,0,0,0,0,0.0,0
H3,m84137_260214_004236_s1/180555793/ccs,50,177,86,313,59,0,0,0,0,0,0,0.0,0
H3,m84137_260214_004236_s1/227673029/ccs,50,177,86,313,59,0,0,0,0,0,0,0.0,0
H3,m84137_260214_004236_s1/8849429/ccs,50,177,86,313,59,0,0,0,0,0,0,0.0,0
H3,m84137_260214_004236_s1/63635995/ccs,50,177,86,313,59,0,0,0,0,0,0,0.0,0
H3,m84137_260214_004236_s1/165611382/ccs,50,177,86,313,59,0,0,0,0,0,0,0.0,0
H3,m84137_260214_004236_s1/219222855/ccs,50,177,86,313,59,0,0,0,0,0,0,0.0,0
H3,m84137_260214_004236_s1/265622255/ccs,50,177,86,313,59,0,0,0,0,0,0,0.0,0
H3,m84137_260214_004236_s1/61473830/ccs,50,177,86,313,59,0,0,0,0,0,0,0.0,0
H3,m84137_260214_004236_s1/84675419/ccs,50,177,86,313,59,0,0,0,0,0,0,0.0,0
H3,m84137_260214_004236_s1/119931687/ccs,50,177,86,313,59,0,0,0,0,0,0,0.0,0
H3,m84137_260214_004236_s1/162663312/ccs,50,177,86,313,59,0,0,0,0,0,0,0.0,0
H3,m84137_260214_004236_s1/163774657/ccs,50,177,86,313,59,0,0,0,0,0,0,0.0,0
H3,m84137_260214_004236_s1/147325189/ccs,50,177,86,313,59,0,0,0,0,0,0,0.0,0
H3,m84137_260214_004236_s1/182125434/ccs,50,177,86,313,59,0,0,0,0,0,0,0.0,0
H3,m84137_260214_004236_s1/225576074/ccs,50,177,86,313,59,0,0,0,0,0,0,0.0,0
H3,m84137_260214_004236_s1/229900829/ccs,50,177,86,313,59,0,0,0,0,0,0,0.0,0
H3,m84137_260214_004236_s1/258408881/ccs,50,177,86,313,59,0,0,0,0,0,0,0.0,0
H3,m84137_260214_004236_s1/262932357/ccs,50,177,86,313,59,0,0,0,0,0,0,0.0,0
H3,m84137_260214_004236_s1/127538234/ccs,50,177,86,313,59,0,0,0,0,0,0,0.0,0
H3,m84137_260214_004236_s1/186322344/ccs,50,177,86,313,59,0,0,0,0,0,0,0.0,0
H3,m84137_260214_004236_s1/226104804/ccs,50,177,86,313,59,0,0,0,0,0,0,0.0,0
H3,m84137_260214_004236_s1/246615175/ccs,50,177,86,313,59,0,0,0,0,0,0,0.0,0
H3,m84137_260214_004236_s1/17569222/ccs,50,177,86,313,59,0,0,0,0,0,0,0.0,0
H3,m84137_260214_004236_s1/15142507/ccs,50,177,86,313,59,0,0,0,0,0,0,0.0,0
H3,m84137_260214_004236_s1/98441074/ccs,50,177,86,313,59,0,0,0,0,0,0,0.0,0
H3,m84137_260214_004236_s1/228395109/ccs,50,177,86,313,59,0,0,0,0,0,0,0.0,0
H3,m84137_260214_004236_s1/216732432/ccs,50,174,89,313,58,0,0,0,0,0,0,0.0,0
H3,m84137_260214_004236_s1/35525426/ccs,50,177,86,313,59,0,0,0,0,0,0,0.0,0
H3,m84137_260214_004236_s1/94636808/ccs,49,179,86,314,57,0,0,1,2,1,0,2.0,0
H3,m84137_260214_004236_s1/75435054/ccs,50,178,86,314,46,1,0,1,4,1,0,4.0,1
H3,m84137_260214_004236_s1/199431951/ccs,50,180,86,316,60,0,0,0,0,0,0,0.0,0
H3,m84137_260214_004236_s1/190910477/ccs,50,180,86,316,60,0,0,0,0,0,0,0.0,0
H3,m84137_260214_004236_s1/222757056/ccs,50,180,86,316,60,0,0,0,0,0,0,0.0,0
H3,m84137_260214_004236_s1/27198040/ccs,50,180,86,316,60,0,0,0,0,0,0,0.0,0
H3,m84137_260214_004236_s1/56164717/ccs,50,180,86,316,60,0,0,0,0,0,0,0.0,0
H3,m84137_260214_004236_s1/56033736/ccs,50,180,86,316,60,0,0,0,0,0,0,0.0,0
H3,m84137_260214_004236_s1/77465094/ccs,50,180,86,316,60,0,0,0,0,0,0,0.0,0
H3,m84137_260214_004236_s1/168363375/ccs,50,180,86,316,60,0,0,0,0,0,0,0.0,0
H3,m84137_260214_004236_s1/216533655/ccs,50,180,86,316,60,0,0,0,0,0,0,0.0,0
H3,m84137_260214_004236_s1/246416036/ccs,50,180,86,316,60,0,0,0,0,0,0,0.0,0
H3,m84137_260214_004236_s1/4067169/ccs,50,180,86,316,60,0,0,0,0,0,0,0.0,0
H3,m84137_260214_004236_s1/4853442/ccs,50,180,86,316,60,0,0,0,0,0,0,0.0,0
H3,m84137_260214_004236_s1/35655286/ccs,50,180,86,316,60,0,0,0,0,0,0,0.0,0
H3,m84137_260214_004236_s1/56234377/ccs,50,180,86,316,60,0,0,0,0,0,0,0.0,0
H3,m84137_260214_004236_s1/198251173/ccs,50,180,86,316,60,0,0,0,0,0,0,0.0,0
H3,m84137_260214_004236_s1/243340342/ccs,50,180,86,316,60,0,0,0,0,0,0,0.0,0
H3,m84137_260214_004236_s1/231342264/ccs,50,180,86,316,60,0,0,0,0,0,0,0.0,0
H3,m84137_260214_004236_s1/17371646/ccs,50,180,86,316,60,0,0,0,0,0,0,0.0,0
H3,m84137_260214_004236_s1/40637391/ccs,50,180,86,316,60,0,0,0,0,0,0,0.0,0
H3,m84137_260214_004236_s1/139464282/ccs,50,180,86,316,60,0,0,0,0,0,0,0.0,0
H3,m84137_260214_004236_s1/149164497/ccs,50,180,86,316,60,0,0,0,0,0,0,0.0,0
H3,m84137_260214_004236_s1/178458052/ccs,50,180,86,316,60,0,0,0,0,0,0,0.0,0
H3,m84137_260214_004236_s1/208344686/ccs,50,180,86,316,60,0,0,0,0,0,0,0.0,0
H3,m84137_260214_004236_s1/260445404/ccs,50,180,86,316,60,0,0,0,0,0,0,0.0,0
H3,m84137_260214_004236_s1/249041579/ccs,50,180,86,316,60,0,0,0,0,0,0,0.0,0
H3,m84137_260214_004236_s1/215942388/ccs,50,180,86,316,60,0,0,0,0,0,0,0.0,0
H3,m84137_260214_004236_s1/7410649/ccs,50,180,86,316,60,0,0,0,0,0,0,0.0,0
H3,m84137_260214_004236_s1/24446870/ccs,50,180,86,316,60,0,0,0,0,0,0,0.0,0
H3,m84137_260214_004236_s1/205390081/ccs,50,180,86,316,60,0,0,0,0,0,0,0.0,0
H3,m84137_260214_004236_s1/29166205/ccs,50,180,86,316,60,0,0,0,0,0,0,0.0,0
H3,m84137_260214_004236_s1/25692468/ccs,50,180,86,316,60,0,0,0,0,0,0,0.0,0
H3,m84137_260214_004236_s1/56033958/ccs,50,180,86,316,60,0,0,0,0,0,0,0.0,0
H3,m84137_260214_004236_s1/151127178/ccs,50,180,86,316,60,0,0,0,0,0,0,0.0,0
H3,m84137_260214_004236_s1/138216948/ccs,50,180,86,316,21,0,0,2,3,2,0,1.5,0
H3,m84137_260214_004236_s1/219415971/ccs,50,180,86,316,60,0,0,0,0,0,0,0.0,0
H3,m84137_260214_004236_s1/198968169/ccs,50,180,86,316,60,0,0,0,0,0,0,0.0,0
H3,m84137_260214_004236_s1/78252938/ccs,50,181,86,317,22,1,0,1,4,1,0,4.0,1
H3,m84137_260214_004236_s1/231016930/ccs,50,181,86,317,39,0,0,1,1,1,0,1.0,0
H3,m84137_260214_004236_s1/57215776/ccs,50,182,86,318,39,0,0,1,2,1,0,2.0,0
H3,m84137_260214_004236_s1/243532547/ccs,50,182,86,318,22,0,0,2,2,2,0,1.0,0
H3,m84137_260214_004236_s1/102957688/ccs,50,183,86,319,61,0,0,0,0,0,0,0.0,0
H3,m84137_260214_004236_s1/95491734/ccs,50,183,86,319,61,0,0,0,0,0,0,0.0,0
H3,m84137_260214_004236_s1/27265232/ccs,50,183,86,319,61,0,0,0,0,0,0,0.0,0
H3,m84137_260214_004236_s1/85789388/ccs,50,183,86,319,61,0,0,0,0,0,0,0.0,0
H3,m84137_260214_004236_s1/116458633/ccs,50,183,86,319,61,0,0,0,0,0,0,0.0,0
H3,m84137_260214_004236_s1/255396252/ccs,50,183,86,319,61,0,0,0,0,0,0,0.0,0
H3,m84137_260214_004236_s1/4591426/ccs,50,183,86,319,61,0,0,0,0,0,0,0.0,0
H3,m84137_260214_004236_s1/87626359/ccs,50,183,86,319,61,0,0,0,0,0,0,0.0,0
H3,m84137_260214_004236_s1/7343619/ccs,50,183,86,319,61,0,0,0,0,0,0,0.0,0
H3,m84137_260214_004236_s1/259329274/ccs,50,183,86,319,61,0,0,0,0,0,0,0.0,0
H3,m84137_260214_004236_s1/121049240/ccs,50,183,86,319,61,0,0,0,0,0,0,0.0,0
H3,m84137_260214_004236_s1/19204086/ccs,50,183,86,319,61,0,0,0,0,0,0,0.0,0
H3,m84137_260214_004236_s1/15925676/ccs,50,183,86,319,61,0,0,0,0,0,0,0.0,0
H3,m84137_260214_004236_s1/64226028/ccs,50,183,86,319,61,0,0,0,0,0,0,0.0,0
H3,m84137_260214_004236_s1/75040885/ccs,50,183,86,319,61,0,0,0,0,0,0,0.0,0
H3,m84137_260214_004236_s1/77267283/ccs,50,183,86,319,61,0,0,0,0,0,0,0.0,0
H3,m84137_260214_004236_s1/140378669/ccs,50,183,86,319,61,0,0,0,0,0,0,0.0,0
H3,m84137_260214_004236_s1/137691290/ccs,50,183,86,319,61,0,0,0,0,0,0,0.0,0
H3,m84137_260214_004236_s1/26744344/ccs,50,183,86,319,61,0,0,0,0,0,0,0.0,0
H3,m84137_260214_004236_s1/130814429/ccs,50,183,86,319,61,0,0,0,0,0,0,0.0,0
H3,m84137_260214_004236_s1/220141349/ccs,50,183,86,319,61,0,0,0,0,0,0,0.0,0
H3,m84137_260214_004236_s1/248711085/ccs,50,183,86,319,61,0,0,0,0,0,0,0.0,0
H3,m84137_260214_004236_s1/231216011/ccs,50,183,86,319,61,0,0,0,0,0,0,0.0,0
H3,m84137_260214_004236_s1/104858596/ccs,50,183,86,319,61,0,0,0,0,0,0,0.0,0
H3,m84137_260214_004236_s1/241830857/ccs,50,183,86,319,61,0,0,0,0,0,0,0.0,0
H3,m84137_260214_004236_s1/245238028/ccs,50,183,86,319,61,0,0,0,0,0,0,0.0,0
H3,m84137_260214_004236_s1/31920446/ccs,50,186,86,322,62,0,0,0,0,0,0,0.0,0
H3,m84137_260214_004236_s1/100734285/ccs,50,186,86,322,62,0,0,0,0,0,0,0.0,0
H3,m84137_260214_004236_s1/74976021/ccs,50,186,86,322,62,0,0,0,0,0,0,0.0,0
H3,m84137_260214_004236_s1/176357418/ccs,50,186,86,322,62,0,0,0,0,0,0,0.0,0
H3,m84137_260214_004236_s1/19270902/ccs,50,186,86,322,62,0,0,0,0,0,0,0.0,0
H3,m84137_260214_004236_s1/49549153/ccs,50,186,86,322,62,0,0,0,0,0,0,0.0,0
H3,m84137_260214_004236_s1/184357911/ccs,50,186,86,322,62,0,0,0,0,0,0,0.0,0
H3,m84137_260214_004236_s1/159320747/ccs,50,186,86,322,62,0,0,0,0,0,0,0.0,0
H3,m84137_260214_004236_s1/196347666/ccs,50,186,86,322,62,0,0,0,0,0,0,0.0,0
H3,m84137_260214_004236_s1/205261181/ccs,50,183,89,322,61,0,0,0,0,0,0,0.0,0
H3,m84137_260214_004236_s1/162862705/ccs,50,186,86,322,62,0,0,0,0,0,0,0.0,0
H3,m84137_260214_004236_s1/109052071/ccs,50,186,86,322,62,0,0,0,0,0,0,0.0,0
H3,m84137_260214_004236_s1/254804342/ccs,50,188,86,324,7,0,0,1,2,1,0,2.0,1
H3,m84137_260214_004236_s1/39327259/ccs,50,189,86,325,63,0,0,0,0,0,0,0.0,0
H3,m84137_260214_004236_s1/50664076/ccs,50,189,86,325,63,0,0,0,0,0,0,0.0,0
H3,m84137_260214_004236_s1/113444613/ccs,50,189,86,325,63,0,0,0,0,0,0,0.0,0
H3,m84137_260214_004236_s1/163842574/ccs,50,189,86,325,63,0,0,0,0,0,0,0.0,0
H3,m84137_260214_004236_s1/194055625/ccs,50,189,86,325,63,0,0,0,0,0,0,0.0,0
H3,m84137_260214_004236_s1/182255827/ccs,50,189,86,325,63,0,0,0,0,0,0,0.0,0
H3,m84137_260214_004236_s1/17895588/ccs,50,189,86,325,63,0,0,0,0,0,0,0.0,0
H3,m84137_260214_004236_s1/244978811/ccs,50,189,86,325,63,0,0,0,0,0,0,0.0,0
H3,m84137_260214_004236_s1/133894264/ccs,50,192,86,328,64,0,0,0,0,0,0,0.0,0
H3,m84137_260214_004236_s1/187764094/ccs,50,192,86,328,64,0,0,0,0,0,0,0.0,0
H3,m84137_260214_004236_s1/211157874/ccs,50,192,86,328,64,0,0,0,0,0,0,0.0,0
H3,m84137_260214_004236_s1/17499563/ccs,50,192,86,328,64,0,0,0,0,0,0,0.0,0
H3,m84137_260214_004236_s1/227935609/ccs,50,192,86,328,64,0,0,0,0,0,0,0.0,0
H3,m84137_260214_004236_s1/206113943/ccs,50,192,86,328,64,0,0,0,0,0,0,0.0,0
H3,m84137_260214_004236_s1/40307265/ccs,50,192,86,328,64,0,0,0,0,0,0,0.0,0
H3,m84137_260214_004236_s1/62068222/ccs,50,192,86,328,64,0,0,0,0,0,0,0.0,0
H3,m84137_260214_004236_s1/138283156/ccs,50,193,86,329,5,0,0,1,1,1,0,1.0,0
H3,m84137_260214_004236_s1/208864850/ccs,50,195,86,331,65,0,0,0,0,0,0,0.0,0
H3,m84137_260214_004236_s1/138875953/ccs,50,195,86,331,65,0,0,0,0,0,0,0.0,0
H3,m84137_260214_004236_s1/247401642/ccs,50,195,86,331,65,0,0,0,0,0,0,0.0,0
H3,m84137_260214_004236_s1/200867925/ccs,50,195,86,331,65,0,0,0,0,0,0,0.0,0
H3,m84137_260214_004236_s1/192417475/ccs,50,195,86,331,65,0,0,0,0,0,0,0.0,0
H3,m84137_260214_004236_s1/221055859/ccs,50,196,86,332,10,0,1,1,4,1,0,4.0,0
H3,m84137_260214_004236_s1/140247326/ccs,50,198,86,334,66,0,0,0,0,0,0,0.0,0
H3,m84137_260214_004236_s1/154796731/ccs,50,198,86,334,66,0,0,0,0,0,0,0.0,0
H3,m84137_260214_004236_s1/139532194/ccs,50,199,86,335,63,1,0,1,4,1,0,4.0,1
H3,m84137_260214_004236_s1/265947573/ccs,50,210,76,336,70,0,0,0,0,0,0,0.0,0
H3,m84137_260214_004236_s1/188154622/ccs,50,201,86,337,67,0,0,0,0,0,0,0.0,0
H3,m84137_260214_004236_s1/49615639/ccs,50,201,86,337,67,0,0,0,0,0,0,0.0,0
H3,m84137_260214_004236_s1/162598205/ccs,50,201,86,337,67,0,0,0,0,0,0,0.0,0
H3,m84137_260214_004236_s1/249631417/ccs,50,200,87,337,21,0,0,1,2,1,0,2.0,0
H3,m84137_260214_004236_s1/85328247/ccs,50,202,86,338,42,1,0,1,4,1,0,4.0,1
H3,m84137_260214_004236_s1/93717506/ccs,50,204,86,340,68,0,0,0,0,0,0,0.0,0
H3,m84137_260214_004236_s1/181669799/ccs,50,204,86,340,68,0,0,0,0,0,0,0.0,0
H3,m84137_260214_004236_s1/125176432/ccs,50,204,86,340,68,0,0,0,0,0,0,0.0,0
H3,m84137_260214_004236_s1/239010234/ccs,50,204,86,340,68,0,0,0,0,0,0,0.0,0
H3,m84137_260214_004236_s1/145690109/ccs,50,205,87,342,20,2,0,4,16,4,0,4.0,4
H3,m84137_260214_004236_s1/241635108/ccs,50,207,86,343,69,0,0,0,0,0,0,0.0,0
H3,m84137_260214_004236_s1/223872103/ccs,50,210,86,346,70,0,0,0,0,0,0,0.0,0
H3,m84137_260214_004236_s1/172758307/ccs,50,213,86,349,71,0,0,0,0,0,0,0.0,0
H3,m84137_260214_004236_s1/56493843/ccs,50,213,86,349,71,0,0,0,0,0,0,0.0,0
H3,m84137_260214_004236_s1/237897542/ccs,50,213,86,349,71,0,0,0,0,0,0,0.0,0
H3,m84137_260214_004236_s1/230427364/ccs,50,213,86,349,71,0,0,0,0,0,0,0.0,0
H3,m84137_260214_004236_s1/72617644/ccs,50,214,86,350,57,0,0,1,1,1,0,1.0,0
H3,m84137_260214_004236_s1/137299290/ccs,50,216,86,352,72,0,0,0,0,0,0,0.0,0
H3,m84137_260214_004236_s1/183568928/ccs,50,218,86,354,35,0,0,1,2,1,0,2.0,1
H3,m84137_260214_004236_s1/121507921/ccs,50,219,86,355,73,0,0,0,0,0,0,0.0,0
H3,m84137_260214_004236_s1/79758998/ccs,50,228,80,358,76,0,0,0,0,0,0,0.0,0
H3,m84137_260214_004236_s1/144246212/ccs,50,222,86,358,74,0,0,0,0,0,0,0.0,0
H3,m84137_260214_004236_s1/2167627/ccs,50,222,86,358,74,0,0,0,0,0,0,0.0,0
H3,m84137_260214_004236_s1/244844443/ccs,50,228,86,364,76,0,0,0,0,0,0,0.0,0
H3,m84137_260214_004236_s1/21956594/ccs,50,231,86,367,77,0,0,0,0,0,0,0.0,0
H3,m84137_260214_004236_s1/266143159/ccs,50,231,86,367,71,0,0,2,6,2,0,3.0,2
H3,m84137_260214_004236_s1/93257919/ccs,50,234,86,370,78,0,0,0,0,0,0,0.0,0
H3,m84137_260214_004236_s1/255263426/ccs,50,234,86,370,78,0,0,0,0,0,0,0.0,0
H3,m84137_260214_004236_s1/78840334/ccs,50,237,86,373,79,0,0,0,0,0,0,0.0,0
H3,m84137_260214_004236_s1/171381322/ccs,50,243,86,379,81,0,0,0,0,0,0,0.0,0
H3,m84137_260214_004236_s1/42667354/ccs,50,248,86,384,14,1,0,2,8,2,0,4.0,2
H3,m84137_260214_004236_s1/206048291/ccs,50,249,86,385,83,0,0,0,0,0,0,0.0,0
H3,m84137_260214_004236_s1/166003128/ccs,50,255,80,385,85,0,0,0,0,0,0,0.0,0
H3,m84137_260214_004236_s1/122423258/ccs,50,252,86,388,84,0,0,0,0,0,0,0.0,0
H3,m84137_260214_004236_s1/125372765/ccs,50,255,86,391,85,0,0,0,0,0,0,0.0,0
H3,m84137_260214_004236_s1/161153616/ccs,50,255,86,391,85,0,0,0,0,0,0,0.0,0
H3,m84137_260214_004236_s1/171508622/ccs,50,262,86,398,50,0,0,1,1,1,0,1.0,0
H3,m84137_260214_004236_s1/83891473/ccs,50,269,86,405,10,0,0,1,2,1,0,2.0,0
H3,m84137_260214_004236_s1/235340827/ccs,50,277,86,413,36,0,0,1,1,1,0,1.0,0
H3,m84137_260214_004236_s1/219351965/ccs,50,282,86,418,94,0,0,0,0,0,0,0.0,0
H3,m84137_260214_004236_s1/38536812/ccs,50,327,86,463,109,0,0,0,0,0,0,0.0,0
H3,m84137_260214_004236_s1/183178679/ccs,50,333,86,469,111,0,0,0,0,0,0,0.0,0
H3,m84137_260214_004236_s1/81199936/ccs,50,339,86,475,113,0,0,0,0,0,0,0.0,0
H3,m84137_260214_004236_s1/9962720/ccs,50,399,86,535,133,0,0,0,0,0,0,0.0,0
H3,m84137_260214_004236_s1/17828471/ccs,50,682,86,818,29,0,0,2,4,2,0,2.0,0
H3,m84137_260214_004236_s1/247596557/ccs,50,166,87,303,12,1,0,9,25,7,2,2.7777777777777777,5
H3,m84137_260214_004236_s1/221054463/ccs,52,174,87,313,33,0,0,9,24,9,0,2.6666666666666665,6
H3,m84137_260214_004236_s1/227150282/ccs,50,189,87,326,22,1,0,11,27,8,3,2.4545454545454546,5
H3,m84137_260214_004236_s1/248254640/ccs,50,170,84,304,30,1,0,5,17,4,1,3.4,3
H3,m84137_260214_004236_s1/133171230/ccs,50,157,86,293,22,0,0,1,1,1,0,1.0,0
H3,m84137_260214_004236_s1/240718566/ccs,50,171,86,307,57,0,0,0,0,0,0,0.0,0
H3,m84137_260214_004236_s1/239142069/ccs,50,171,86,307,57,0,0,0,0,0,0,0.0,0
H3,m84137_260214_004236_s1/126161763/ccs,50,178,86,314,37,0,0,1,1,1,0,1.0,0
H3,m84137_260214_004236_s1/108793603/ccs,50,237,86,373,79,0,0,0,0,0,0,0.0,0
H3,m84137_260214_004236_s1/237900931/ccs,50,195,87,332,32,0,0,7,15,6,1,2.142857142857143,1
H3,m84137_260214_004236_s1/83366220/ccs,50,156,89,295,18,0,0,3,9,3,0,3.0,1
H3,m84137_260214_004236_s1/175377855/ccs,50,162,86,298,54,0,0,0,0,0,0,0.0,0
H3,m84137_260214_004236_s1/179308480/ccs,50,165,86,301,55,0,0,0,0,0,0,0.0,0
H3,m84137_260214_004236_s1/106236253/ccs,50,171,86,307,16,0,0,5,12,5,0,2.4,3
H3,m84137_260214_004236_s1/131007270/ccs,50,177,86,313,38,1,0,3,9,3,0,3.0,2
H3,m84137_260214_004236_s1/229511567/ccs,50,179,86,315,15,1,0,2,8,2,0,4.0,2
H3,m84137_260214_004236_s1/37164372/ccs,50,200,102,352,6,1,0,9,35,7,2,3.888888888888889,4
H3,m84137_260214_004236_s1/39063316/ccs,50,165,88,303,25,0,0,8,18,7,1,2.25,0
H3,m84137_260214_004236_s1/197526954/ccs,50,177,86,313,17,0,0,11,27,8,3,2.4545454545454546,5
H3,m84137_260214_004236_s1/236191908/ccs,50,164,96,310,16,3,0,6,29,6,0,4.833333333333333,4
H3,m84137_260214_004236_s1/256775240/ccs,50,185,86,321,5,0,0,4,11,4,0,2.75,1
H3,m84137_260214_004236_s1/94897451/ccs,59,162,87,308,24,1,0,12,33,6,6,2.75,2
H3,m84137_260214_004236_s1/185272993/ccs,50,175,86,311,5,0,0,7,19,7,0,2.7142857142857144,2
H3,m84137_260214_004236_s1/198509662/ccs,50,198,81,329,21,0,0,7,15,5,2,2.142857142857143,2
H3,m84137_260214_004236_s1/61871305/ccs,50,182,86,318,39,2,0,4,11,4,0,2.75,3
H3,m84137_260214_004236_s1/202310876/ccs,64,153,85,302,17,0,0,5,21,4,1,4.2,2
H3,m84137_260214_004236_s1/59966251/ccs,50,168,92,310,31,0,0,9,21,7,2,2.3333333333333335,2
H3,m84137_260214_004236_s1/81137636/ccs,50,170,87,307,15,1,0,2,8,2,0,4.0,2
H3,m84137_260214_004236_s1/156833228/ccs,50,249,85,384,43,1,0,6,18,5,1,3.0,2
