sample,read_id,allele,CAG_count,CAA_count,Repeat_region_length,Repeat_matches_bp,Repeat_insertions_bp,Repeat_complexity_score,Repeat_class,Read_length,Mapping_quality
Control_11,m84137_260214_004236_s1/57610134/ccs,0,7,3,199,189,10,0.05025125628140704,Interrupted,199,60
Control_11,m84137_260214_004236_s1/62919884/ccs,0,7,4,207,189,18,0.08695652173913043,Interrupted,207,60
Control_11,m84137_260214_004236_s1/149160565/ccs,0,7,2,197,189,8,0.04060913705583756,Pure,197,60
Control_11,m84137_260214_004236_s1/238555691/ccs,1,9,2,206,193,13,0.06310679611650485,Interrupted,206,60
Control_11,m84137_260214_004236_s1/54986644/ccs,0,7,3,201,190,11,0.05472636815920398,Interrupted,201,60
Control_11,m84137_260214_004236_s1/162665752/ccs,1,8,2,204,193,11,0.05392156862745098,Interrupted,204,60
Control_11,m84137_260214_004236_s1/118428891/ccs,1,8,2,205,193,12,0.05853658536585366,Interrupted,205,60
Control_11,m84137_260214_004236_s1/39126982/ccs,1,8,2,205,193,12,0.05853658536585366,Interrupted,205,60
Control_11,m84137_260214_004236_s1/235929893/ccs,1,9,2,208,193,15,0.07211538461538461,Interrupted,208,60
Control_11,m84137_260214_004236_s1/125042930/ccs,0,7,4,202,188,14,0.06930693069306931,Interrupted,202,60
Control_11,m84137_260214_004236_s1/155653352/ccs,0,8,2,197,190,7,0.03553299492385787,Pure,197,60
Control_11,m84137_260214_004236_s1/246481437/ccs,0,8,2,198,190,8,0.04040404040404041,Pure,198,60
Control_11,m84137_260214_004236_s1/170001532/ccs,0,8,2,198,190,8,0.04040404040404041,Pure,198,60
Control_11,m84137_260214_004236_s1/26809126/ccs,0,8,2,198,190,8,0.04040404040404041,Pure,198,60
Control_11,m84137_260214_004236_s1/238685415/ccs,0,8,2,199,190,9,0.04522613065326633,Pure,199,60
Control_11,m84137_260214_004236_s1/74058690/ccs,0,7,2,199,190,9,0.04522613065326633,Pure,199,60
Control_11,m84137_260214_004236_s1/49349143/ccs,0,8,2,199,193,6,0.03015075376884422,Pure,199,60
Control_11,m84137_260214_004236_s1/47910945/ccs,1,8,2,199,193,6,0.03015075376884422,Pure,199,60
Control_11,m84137_260214_004236_s1/55710170/ccs,0,8,2,199,190,9,0.04522613065326633,Pure,199,60
Control_11,m84137_260214_004236_s1/68487019/ccs,0,8,2,200,191,9,0.045,Pure,200,60
Control_11,m84137_260214_004236_s1/162203962/ccs,0,8,2,200,191,9,0.045,Pure,200,60
Control_11,m84137_260214_004236_s1/257890097/ccs,0,7,2,200,191,9,0.045,Pure,200,60
Control_11,m84137_260214_004236_s1/61999000/ccs,0,8,2,200,191,9,0.045,Pure,200,60
Control_11,m84137_260214_004236_s1/69012014/ccs,0,7,3,200,191,9,0.045,Pure,200,60
Control_11,m84137_260214_004236_s1/224529511/ccs,0,8,2,200,191,9,0.045,Pure,200,60
Control_11,m84137_260214_004236_s1/96011374/ccs,0,8,2,200,191,9,0.045,Pure,200,60
Control_11,m84137_260214_004236_s1/59246426/ccs,1,8,2,201,192,9,0.04477611940298507,Pure,201,60
Control_11,m84137_260214_004236_s1/105841119/ccs,1,8,2,201,192,9,0.04477611940298507,Pure,201,60
Control_11,m84137_260214_004236_s1/214369647/ccs,0,7,2,201,189,12,0.05970149253731343,Interrupted,201,60
Control_11,m84137_260214_004236_s1/236591016/ccs,1,8,1,201,193,8,0.03980099502487562,Pure,201,60
Control_11,m84137_260214_004236_s1/111151747/ccs,1,8,2,201,192,9,0.04477611940298507,Pure,201,60
Control_11,m84137_260214_004236_s1/127468200/ccs,1,8,2,202,193,9,0.04455445544554455,Pure,202,60
Control_11,m84137_260214_004236_s1/185729781/ccs,1,8,2,202,193,9,0.04455445544554455,Pure,202,60
Control_11,m84137_260214_004236_s1/258539672/ccs,1,8,2,202,193,9,0.04455445544554455,Pure,202,60
Control_11,m84137_260214_004236_s1/256576210/ccs,0,8,2,202,193,9,0.04455445544554455,Pure,202,60
Control_11,m84137_260214_004236_s1/64947262/ccs,0,8,2,202,193,9,0.04455445544554455,Pure,202,60
Control_11,m84137_260214_004236_s1/65340584/ccs,1,8,2,202,193,9,0.04455445544554455,Pure,202,60
Control_11,m84137_260214_004236_s1/163579737/ccs,1,8,2,202,193,9,0.04455445544554455,Pure,202,60
Control_11,m84137_260214_004236_s1/190646686/ccs,0,8,2,202,193,9,0.04455445544554455,Pure,202,60
Control_11,m84137_260214_004236_s1/6687608/ccs,0,8,2,202,193,9,0.04455445544554455,Pure,202,60
Control_11,m84137_260214_004236_s1/18942242/ccs,0,8,2,202,193,9,0.04455445544554455,Pure,202,60
Control_11,m84137_260214_004236_s1/13174208/ccs,1,8,2,202,193,9,0.04455445544554455,Pure,202,60
Control_11,m84137_260214_004236_s1/9437348/ccs,0,8,2,202,193,9,0.04455445544554455,Pure,202,60
Control_11,m84137_260214_004236_s1/103352662/ccs,1,8,2,202,193,9,0.04455445544554455,Pure,202,60
Control_11,m84137_260214_004236_s1/47584289/ccs,0,8,2,202,193,9,0.04455445544554455,Pure,202,60
Control_11,m84137_260214_004236_s1/251593884/ccs,0,8,2,202,193,9,0.04455445544554455,Pure,202,60
Control_11,m84137_260214_004236_s1/30413065/ccs,0,8,2,202,193,9,0.04455445544554455,Pure,202,60
Control_11,m84137_260214_004236_s1/146806579/ccs,0,8,2,202,193,9,0.04455445544554455,Pure,202,60
Control_11,m84137_260214_004236_s1/97194433/ccs,0,8,2,202,193,9,0.04455445544554455,Pure,202,60
Control_11,m84137_260214_004236_s1/78384304/ccs,1,8,2,202,193,9,0.04455445544554455,Pure,202,60
Control_11,m84137_260214_004236_s1/188745058/ccs,0,8,2,202,193,9,0.04455445544554455,Pure,202,60
Control_11,m84137_260214_004236_s1/192219438/ccs,0,8,2,202,193,9,0.04455445544554455,Pure,202,60
Control_11,m84137_260214_004236_s1/173278087/ccs,0,8,2,202,193,9,0.04455445544554455,Pure,202,60
Control_11,m84137_260214_004236_s1/257232158/ccs,1,8,2,202,193,9,0.04455445544554455,Pure,202,60
Control_11,m84137_260214_004236_s1/226301423/ccs,1,8,2,202,193,9,0.04455445544554455,Pure,202,60
Control_11,m84137_260214_004236_s1/231412303/ccs,1,8,2,202,193,9,0.04455445544554455,Pure,202,60
Control_11,m84137_260214_004236_s1/242488697/ccs,0,8,2,202,193,9,0.04455445544554455,Pure,202,60
Control_11,m84137_260214_004236_s1/190644681/ccs,1,8,2,202,193,9,0.04455445544554455,Pure,202,60
Control_11,m84137_260214_004236_s1/255852787/ccs,0,8,2,202,193,9,0.04455445544554455,Pure,202,60
Control_11,m84137_260214_004236_s1/159978261/ccs,0,8,2,202,193,9,0.04455445544554455,Pure,202,60
Control_11,m84137_260214_004236_s1/42208773/ccs,0,8,2,202,193,9,0.04455445544554455,Pure,202,60
Control_11,m84137_260214_004236_s1/102568202/ccs,0,8,2,202,193,9,0.04455445544554455,Pure,202,60
Control_11,m84137_260214_004236_s1/11799409/ccs,1,8,2,202,193,9,0.04455445544554455,Pure,202,60
Control_11,m84137_260214_004236_s1/11995489/ccs,0,8,2,202,193,9,0.04455445544554455,Pure,202,60
Control_11,m84137_260214_004236_s1/23988866/ccs,1,8,2,202,193,9,0.04455445544554455,Pure,202,60
Control_11,m84137_260214_004236_s1/25299087/ccs,0,8,2,202,193,9,0.04455445544554455,Pure,202,60
Control_11,m84137_260214_004236_s1/81660229/ccs,1,8,2,202,193,9,0.04455445544554455,Pure,202,60
Control_11,m84137_260214_004236_s1/81725058/ccs,0,8,2,202,193,9,0.04455445544554455,Pure,202,60
Control_11,m84137_260214_004236_s1/82576536/ccs,1,8,2,202,193,9,0.04455445544554455,Pure,202,60
Control_11,m84137_260214_004236_s1/108265597/ccs,0,8,2,202,193,9,0.04455445544554455,Pure,202,60
Control_11,m84137_260214_004236_s1/108331082/ccs,0,8,2,202,193,9,0.04455445544554455,Pure,202,60
Control_11,m84137_260214_004236_s1/108465010/ccs,0,8,2,202,193,9,0.04455445544554455,Pure,202,60
Control_11,m84137_260214_004236_s1/122095023/ccs,0,8,2,202,193,9,0.04455445544554455,Pure,202,60
Control_11,m84137_260214_004236_s1/214698968/ccs,1,8,2,202,193,9,0.04455445544554455,Pure,202,60
Control_11,m84137_260214_004236_s1/232720782/ccs,0,8,2,202,193,9,0.04455445544554455,Pure,202,60
Control_11,m84137_260214_004236_s1/257230766/ccs,1,8,2,202,193,9,0.04455445544554455,Pure,202,60
Control_11,m84137_260214_004236_s1/65209350/ccs,0,8,2,202,193,9,0.04455445544554455,Pure,202,60
Control_11,m84137_260214_004236_s1/194973426/ccs,0,8,2,202,193,9,0.04455445544554455,Pure,202,60
Control_11,m84137_260214_004236_s1/242291587/ccs,1,8,2,202,193,9,0.04455445544554455,Pure,202,60
Control_11,m84137_260214_004236_s1/237571621/ccs,0,8,2,202,193,9,0.04455445544554455,Pure,202,60
Control_11,m84137_260214_004236_s1/58065194/ccs,1,8,2,202,193,9,0.04455445544554455,Pure,202,60
Control_11,m84137_260214_004236_s1/112722387/ccs,1,8,2,202,193,9,0.04455445544554455,Pure,202,60
Control_11,m84137_260214_004236_s1/238423503/ccs,1,8,2,202,193,9,0.04455445544554455,Pure,202,60
Control_11,m84137_260214_004236_s1/22350434/ccs,1,8,2,202,193,9,0.04455445544554455,Pure,202,60
Control_11,m84137_260214_004236_s1/64620008/ccs,1,8,2,202,193,9,0.04455445544554455,Pure,202,60
Control_11,m84137_260214_004236_s1/237765869/ccs,1,8,2,202,193,9,0.04455445544554455,Pure,202,60
Control_11,m84137_260214_004236_s1/253300179/ccs,0,8,2,202,190,12,0.0594059405940594,Interrupted,202,60
Control_11,m84137_260214_004236_s1/70452188/ccs,0,8,2,202,193,9,0.04455445544554455,Pure,202,60
Control_11,m84137_260214_004236_s1/184484811/ccs,0,8,2,202,193,9,0.04455445544554455,Pure,202,60
Control_11,m84137_260214_004236_s1/258605770/ccs,1,8,2,202,193,9,0.04455445544554455,Pure,202,60
Control_11,m84137_260214_004236_s1/212865648/ccs,0,8,2,202,193,9,0.04455445544554455,Pure,202,60
Control_11,m84137_260214_004236_s1/265946977/ccs,1,8,2,202,193,9,0.04455445544554455,Pure,202,60
Control_11,m84137_260214_004236_s1/245760790/ccs,1,8,2,202,193,9,0.04455445544554455,Pure,202,60
Control_11,m84137_260214_004236_s1/24644613/ccs,0,8,2,202,193,9,0.04455445544554455,Pure,202,60
Control_11,m84137_260214_004236_s1/139853979/ccs,1,8,2,202,193,9,0.04455445544554455,Pure,202,60
Control_11,m84137_260214_004236_s1/153026744/ccs,0,8,2,202,193,9,0.04455445544554455,Pure,202,60
Control_11,m84137_260214_004236_s1/163513424/ccs,1,8,2,202,193,9,0.04455445544554455,Pure,202,60
Control_11,m84137_260214_004236_s1/164823442/ccs,0,8,2,202,193,9,0.04455445544554455,Pure,202,60
Control_11,m84137_260214_004236_s1/144574790/ccs,0,8,2,202,193,9,0.04455445544554455,Pure,202,60
Control_11,m84137_260214_004236_s1/119538920/ccs,1,8,2,202,193,9,0.04455445544554455,Pure,202,60
Control_11,m84137_260214_004236_s1/112067261/ccs,1,8,2,202,193,9,0.04455445544554455,Pure,202,60
Control_11,m84137_260214_004236_s1/133237522/ccs,1,8,2,202,193,9,0.04455445544554455,Pure,202,60
Control_11,m84137_260214_004236_s1/137628239/ccs,1,8,2,202,193,9,0.04455445544554455,Pure,202,60
Control_11,m84137_260214_004236_s1/138281048/ccs,1,8,2,202,193,9,0.04455445544554455,Pure,202,60
Control_11,m84137_260214_004236_s1/161354113/ccs,0,8,2,202,193,9,0.04455445544554455,Pure,202,60
Control_11,m84137_260214_004236_s1/45223569/ccs,0,8,2,202,193,9,0.04455445544554455,Pure,202,60
Control_11,m84137_260214_004236_s1/46143063/ccs,0,8,2,202,193,9,0.04455445544554455,Pure,202,60
Control_11,m84137_260214_004236_s1/65078246/ccs,0,8,2,202,193,9,0.04455445544554455,Pure,202,60
Control_11,m84137_260214_004236_s1/91493051/ccs,1,8,2,202,193,9,0.04455445544554455,Pure,202,60
Control_11,m84137_260214_004236_s1/246876716/ccs,0,8,2,202,193,9,0.04455445544554455,Pure,202,60
Control_11,m84137_260214_004236_s1/139722970/ccs,0,8,2,202,193,9,0.04455445544554455,Pure,202,60
Control_11,m84137_260214_004236_s1/196610135/ccs,1,8,2,202,193,9,0.04455445544554455,Pure,202,60
Control_11,m84137_260214_004236_s1/228919285/ccs,0,8,2,202,193,9,0.04455445544554455,Pure,202,60
Control_11,m84137_260214_004236_s1/98178407/ccs,0,8,2,202,193,9,0.04455445544554455,Pure,202,60
Control_11,m84137_260214_004236_s1/83104756/ccs,1,8,2,202,193,9,0.04455445544554455,Pure,202,60
Control_11,m84137_260214_004236_s1/235736612/ccs,0,8,2,202,193,9,0.04455445544554455,Pure,202,60
Control_11,m84137_260214_004236_s1/87689640/ccs,0,8,2,202,193,9,0.04455445544554455,Pure,202,60
Control_11,m84137_260214_004236_s1/149423134/ccs,1,8,2,202,193,9,0.04455445544554455,Pure,202,60
Control_11,m84137_260214_004236_s1/190191406/ccs,1,8,2,202,193,9,0.04455445544554455,Pure,202,60
Control_11,m84137_260214_004236_s1/44305192/ccs,0,8,2,202,193,9,0.04455445544554455,Pure,202,60
Control_11,m84137_260214_004236_s1/8131357/ccs,0,8,2,202,193,9,0.04455445544554455,Pure,202,60
Control_11,m84137_260214_004236_s1/221381301/ccs,1,8,3,203,193,10,0.04926108374384237,Pure,203,60
Control_11,m84137_260214_004236_s1/215225629/ccs,0,8,2,203,191,12,0.059113300492610835,Interrupted,203,60
Control_11,m84137_260214_004236_s1/144118649/ccs,0,8,2,203,193,10,0.04926108374384237,Pure,203,60
Control_11,m84137_260214_004236_s1/59050330/ccs,1,8,2,203,193,10,0.04926108374384237,Pure,203,60
Control_11,m84137_260214_004236_s1/197527014/ccs,1,8,2,203,193,10,0.04926108374384237,Pure,203,60
Control_11,m84137_260214_004236_s1/49348755/ccs,1,8,2,204,193,11,0.05392156862745098,Interrupted,204,60
Control_11,m84137_260214_004236_s1/26543554/ccs,1,8,2,204,193,11,0.05392156862745098,Interrupted,204,60
Control_11,m84137_260214_004236_s1/44630923/ccs,1,8,2,204,193,11,0.05392156862745098,Interrupted,204,60
Control_11,m84137_260214_004236_s1/212469606/ccs,1,8,2,204,193,11,0.05392156862745098,Interrupted,204,60
Control_11,m84137_260214_004236_s1/158730485/ccs,1,8,2,204,193,11,0.05392156862745098,Interrupted,204,60
Control_11,m84137_260214_004236_s1/238945334/ccs,1,8,2,204,193,11,0.05392156862745098,Interrupted,204,60
Control_11,m84137_260214_004236_s1/236720538/ccs,1,8,2,204,193,11,0.05392156862745098,Interrupted,204,60
Control_11,m84137_260214_004236_s1/66782430/ccs,1,8,2,205,193,12,0.05853658536585366,Interrupted,205,60
Control_11,m84137_260214_004236_s1/129303004/ccs,1,8,2,205,193,12,0.05853658536585366,Interrupted,205,60
Control_11,m84137_260214_004236_s1/171248104/ccs,1,8,2,205,193,12,0.05853658536585366,Interrupted,205,60
Control_11,m84137_260214_004236_s1/197922584/ccs,0,8,2,205,193,12,0.05853658536585366,Interrupted,205,60
Control_11,m84137_260214_004236_s1/172364569/ccs,1,8,2,205,193,12,0.05853658536585366,Interrupted,205,60
Control_11,m84137_260214_004236_s1/91423042/ccs,1,8,2,205,193,12,0.05853658536585366,Interrupted,205,60
Control_11,m84137_260214_004236_s1/50137705/ccs,1,8,2,205,193,12,0.05853658536585366,Interrupted,205,60
Control_11,m84137_260214_004236_s1/66915127/ccs,1,8,2,205,193,12,0.05853658536585366,Interrupted,205,60
Control_11,m84137_260214_004236_s1/74580286/ccs,1,8,2,205,193,12,0.05853658536585366,Interrupted,205,60
Control_11,m84137_260214_004236_s1/67045603/ccs,1,8,2,205,193,12,0.05853658536585366,Interrupted,205,60
Control_11,m84137_260214_004236_s1/71107752/ccs,1,8,2,205,193,12,0.05853658536585366,Interrupted,205,60
Control_11,m84137_260214_004236_s1/96012578/ccs,1,8,2,205,193,12,0.05853658536585366,Interrupted,205,60
Control_11,m84137_260214_004236_s1/93391421/ccs,1,8,2,205,193,12,0.05853658536585366,Interrupted,205,60
Control_11,m84137_260214_004236_s1/72025167/ccs,1,8,2,205,193,12,0.05853658536585366,Interrupted,205,60
Control_11,m84137_260214_004236_s1/97124519/ccs,1,8,2,205,193,12,0.05853658536585366,Interrupted,205,60
Control_11,m84137_260214_004236_s1/80087408/ccs,1,8,2,205,193,12,0.05853658536585366,Interrupted,205,60
Control_11,m84137_260214_004236_s1/77728027/ccs,1,8,2,205,193,12,0.05853658536585366,Interrupted,205,60
Control_11,m84137_260214_004236_s1/123339157/ccs,1,8,2,205,193,12,0.05853658536585366,Interrupted,205,60
Control_11,m84137_260214_004236_s1/117834338/ccs,1,8,2,205,193,12,0.05853658536585366,Interrupted,205,60
Control_11,m84137_260214_004236_s1/117967664/ccs,1,8,2,205,193,12,0.05853658536585366,Interrupted,205,60
Control_11,m84137_260214_004236_s1/106563251/ccs,1,8,2,205,193,12,0.05853658536585366,Interrupted,205,60
Control_11,m84137_260214_004236_s1/212074602/ccs,1,8,2,205,193,12,0.05853658536585366,Interrupted,205,60
Control_11,m84137_260214_004236_s1/228526063/ccs,1,8,2,205,193,12,0.05853658536585366,Interrupted,205,60
Control_11,m84137_260214_004236_s1/235079618/ccs,1,8,2,205,193,12,0.05853658536585366,Interrupted,205,60
Control_11,m84137_260214_004236_s1/235471911/ccs,1,8,2,205,193,12,0.05853658536585366,Interrupted,205,60
Control_11,m84137_260214_004236_s1/215156639/ccs,1,8,2,205,193,12,0.05853658536585366,Interrupted,205,60
Control_11,m84137_260214_004236_s1/254085224/ccs,1,8,2,205,193,12,0.05853658536585366,Interrupted,205,60
Control_11,m84137_260214_004236_s1/215550399/ccs,1,8,2,205,193,12,0.05853658536585366,Interrupted,205,60
Control_11,m84137_260214_004236_s1/215679912/ccs,1,8,2,205,193,12,0.05853658536585366,Interrupted,205,60
Control_11,m84137_260214_004236_s1/258803695/ccs,1,8,2,205,193,12,0.05853658536585366,Interrupted,205,60
Control_11,m84137_260214_004236_s1/241960923/ccs,1,8,2,205,193,12,0.05853658536585366,Interrupted,205,60
Control_11,m84137_260214_004236_s1/242157271/ccs,1,8,2,205,193,12,0.05853658536585366,Interrupted,205,60
Control_11,m84137_260214_004236_s1/237504526/ccs,1,8,2,205,193,12,0.05853658536585366,Interrupted,205,60
Control_11,m84137_260214_004236_s1/242747126/ccs,1,8,2,205,193,12,0.05853658536585366,Interrupted,205,60
Control_11,m84137_260214_004236_s1/243467700/ccs,1,8,2,205,193,12,0.05853658536585366,Interrupted,205,60
Control_11,m84137_260214_004236_s1/41028457/ccs,1,8,2,205,193,12,0.05853658536585366,Interrupted,205,60
Control_11,m84137_260214_004236_s1/42010864/ccs,1,8,2,205,193,12,0.05853658536585366,Interrupted,205,60
Control_11,m84137_260214_004236_s1/60489789/ccs,1,8,2,205,193,12,0.05853658536585366,Interrupted,205,60
Control_11,m84137_260214_004236_s1/47188448/ccs,1,8,2,205,193,12,0.05853658536585366,Interrupted,205,60
Control_11,m84137_260214_004236_s1/38537480/ccs,1,8,2,205,193,12,0.05853658536585366,Interrupted,205,60
Control_11,m84137_260214_004236_s1/47579903/ccs,1,8,2,205,193,12,0.05853658536585366,Interrupted,205,60
Control_11,m84137_260214_004236_s1/61015645/ccs,1,8,2,205,193,12,0.05853658536585366,Interrupted,205,60
Control_11,m84137_260214_004236_s1/63898459/ccs,1,8,2,205,193,12,0.05853658536585366,Interrupted,205,60
Control_11,m84137_260214_004236_s1/64357369/ccs,1,8,2,205,193,12,0.05853658536585366,Interrupted,205,60
Control_11,m84137_260214_004236_s1/89981299/ccs,1,8,2,205,193,12,0.05853658536585366,Interrupted,205,60
Control_11,m84137_260214_004236_s1/68747827/ccs,1,8,2,205,193,12,0.05853658536585366,Interrupted,205,60
Control_11,m84137_260214_004236_s1/66520732/ccs,1,8,2,205,193,12,0.05853658536585366,Interrupted,205,60
Control_11,m84137_260214_004236_s1/66456483/ccs,1,8,2,205,193,12,0.05853658536585366,Interrupted,205,60
Control_11,m84137_260214_004236_s1/142214331/ccs,1,8,2,205,193,12,0.05853658536585366,Interrupted,205,60
Control_11,m84137_260214_004236_s1/160104802/ccs,1,8,2,205,193,12,0.05853658536585366,Interrupted,205,60
Control_11,m84137_260214_004236_s1/147262172/ccs,1,8,2,205,193,12,0.05853658536585366,Interrupted,205,60
Control_11,m84137_260214_004236_s1/161547348/ccs,1,8,2,205,193,12,0.05853658536585366,Interrupted,205,60
Control_11,m84137_260214_004236_s1/145099773/ccs,1,8,2,205,193,12,0.05853658536585366,Interrupted,205,60
Control_11,m84137_260214_004236_s1/185337355/ccs,1,8,2,205,193,12,0.05853658536585366,Interrupted,205,60
Control_11,m84137_260214_004236_s1/185731247/ccs,1,8,2,205,193,12,0.05853658536585366,Interrupted,205,60
Control_11,m84137_260214_004236_s1/190383322/ccs,1,8,2,205,193,12,0.05853658536585366,Interrupted,205,60
Control_11,m84137_260214_004236_s1/173673357/ccs,1,8,2,205,193,12,0.05853658536585366,Interrupted,205,60
Control_11,m84137_260214_004236_s1/148899409/ccs,1,8,2,205,193,12,0.05853658536585366,Interrupted,205,60
Control_11,m84137_260214_004236_s1/186188119/ccs,1,8,2,205,193,12,0.05853658536585366,Interrupted,205,60
Control_11,m84137_260214_004236_s1/186647253/ccs,1,8,2,205,193,12,0.05853658536585366,Interrupted,205,60
Control_11,m84137_260214_004236_s1/186516497/ccs,1,8,2,205,193,12,0.05853658536585366,Interrupted,205,60
Control_11,m84137_260214_004236_s1/149227858/ccs,1,8,2,205,193,12,0.05853658536585366,Interrupted,205,60
Control_11,m84137_260214_004236_s1/169872045/ccs,1,8,2,205,193,12,0.05853658536585366,Interrupted,205,60
Control_11,m84137_260214_004236_s1/174655791/ccs,1,8,2,205,193,12,0.05853658536585366,Interrupted,205,60
Control_11,m84137_260214_004236_s1/113772680/ccs,1,8,2,205,193,12,0.05853658536585366,Interrupted,205,60
Control_11,m84137_260214_004236_s1/127075637/ccs,1,8,2,205,193,12,0.05853658536585366,Interrupted,205,60
Control_11,m84137_260214_004236_s1/114035316/ccs,1,8,2,205,193,12,0.05853658536585366,Interrupted,205,60
Control_11,m84137_260214_004236_s1/131139126/ccs,1,8,2,205,193,12,0.05853658536585366,Interrupted,205,60
Control_11,m84137_260214_004236_s1/111346348/ccs,1,8,2,205,193,12,0.05853658536585366,Interrupted,205,60
Control_11,m84137_260214_004236_s1/135005952/ccs,1,8,2,205,193,12,0.05853658536585366,Interrupted,205,60
Control_11,m84137_260214_004236_s1/131924227/ccs,1,8,2,205,193,12,0.05853658536585366,Interrupted,205,60
Control_11,m84137_260214_004236_s1/152374002/ccs,1,8,2,205,193,12,0.05853658536585366,Interrupted,205,60
Control_11,m84137_260214_004236_s1/152437467/ccs,1,8,2,205,193,12,0.05853658536585366,Interrupted,205,60
Control_11,m84137_260214_004236_s1/132319127/ccs,1,8,2,205,193,12,0.05853658536585366,Interrupted,205,60
Control_11,m84137_260214_004236_s1/115083791/ccs,1,8,2,205,193,12,0.05853658536585366,Interrupted,205,60
Control_11,m84137_260214_004236_s1/136841013/ccs,1,8,2,205,193,12,0.05853658536585366,Interrupted,205,60
Control_11,m84137_260214_004236_s1/158204386/ccs,1,8,2,205,193,12,0.05853658536585366,Interrupted,205,60
Control_11,m84137_260214_004236_s1/137955733/ccs,1,8,2,205,193,12,0.05853658536585366,Interrupted,205,60
Control_11,m84137_260214_004236_s1/138152861/ccs,1,8,2,205,193,12,0.05853658536585366,Interrupted,205,60
Control_11,m84137_260214_004236_s1/159318178/ccs,1,8,2,205,193,12,0.05853658536585366,Interrupted,205,60
Control_11,m84137_260214_004236_s1/163187581/ccs,1,8,2,205,193,12,0.05853658536585366,Interrupted,205,60
Control_11,m84137_260214_004236_s1/155255202/ccs,1,8,2,205,193,12,0.05853658536585366,Interrupted,205,60
Control_11,m84137_260214_004236_s1/26085256/ccs,1,8,2,205,193,12,0.05853658536585366,Interrupted,205,60
Control_11,m84137_260214_004236_s1/26150319/ccs,1,8,2,205,193,12,0.05853658536585366,Interrupted,205,60
Control_11,m84137_260214_004236_s1/103285987/ccs,1,8,2,205,193,12,0.05853658536585366,Interrupted,205,60
Control_11,m84137_260214_004236_s1/22479828/ccs,1,8,2,205,193,12,0.05853658536585366,Interrupted,205,60
Control_11,m84137_260214_004236_s1/22413724/ccs,1,8,2,205,193,12,0.05853658536585366,Interrupted,205,60
Control_11,m84137_260214_004236_s1/22479991/ccs,1,8,2,205,193,12,0.05853658536585366,Interrupted,205,60
Control_11,m84137_260214_004236_s1/17828804/ccs,1,8,2,205,193,12,0.05853658536585366,Interrupted,205,60
Control_11,m84137_260214_004236_s1/23659909/ccs,1,8,2,205,193,12,0.05853658536585366,Interrupted,205,60
Control_11,m84137_260214_004236_s1/18088093/ccs,1,8,2,205,193,12,0.05853658536585366,Interrupted,205,60
Control_11,m84137_260214_004236_s1/18089553/ccs,1,8,2,205,193,12,0.05853658536585366,Interrupted,205,60
Control_11,m84137_260214_004236_s1/29689392/ccs,1,8,2,205,193,12,0.05853658536585366,Interrupted,205,60
Control_11,m84137_260214_004236_s1/24316850/ccs,1,8,2,205,193,12,0.05853658536585366,Interrupted,205,60
Control_11,m84137_260214_004236_s1/8849818/ccs,1,8,2,205,193,12,0.05853658536585366,Interrupted,205,60
Control_11,m84137_260214_004236_s1/20644730/ccs,1,8,2,205,193,12,0.05853658536585366,Interrupted,205,60
Control_11,m84137_260214_004236_s1/21234988/ccs,1,8,2,205,193,12,0.05853658536585366,Interrupted,205,60
Control_11,m84137_260214_004236_s1/21498810/ccs,1,8,2,205,193,12,0.05853658536585366,Interrupted,205,60
Control_11,m84137_260214_004236_s1/34277072/ccs,1,8,2,205,193,12,0.05853658536585366,Interrupted,205,60
Control_11,m84137_260214_004236_s1/22086464/ccs,1,8,2,205,193,12,0.05853658536585366,Interrupted,205,60
Control_11,m84137_260214_004236_s1/22087521/ccs,1,8,2,205,193,12,0.05853658536585366,Interrupted,205,60
Control_11,m84137_260214_004236_s1/32900322/ccs,1,8,2,205,193,12,0.05853658536585366,Interrupted,205,60
Control_11,m84137_260214_004236_s1/50660570/ccs,1,8,2,205,193,12,0.05853658536585366,Interrupted,205,60
Control_11,m84137_260214_004236_s1/58264096/ccs,1,8,2,205,193,12,0.05853658536585366,Interrupted,205,60
Control_11,m84137_260214_004236_s1/45615048/ccs,1,8,2,205,193,12,0.05853658536585366,Interrupted,205,60
Control_11,m84137_260214_004236_s1/45745031/ccs,1,8,2,205,193,12,0.05853658536585366,Interrupted,205,60
Control_11,m84137_260214_004236_s1/108006355/ccs,1,8,2,205,193,12,0.05853658536585366,Interrupted,205,60
Control_11,m84137_260214_004236_s1/103942043/ccs,1,8,2,205,193,12,0.05853658536585366,Interrupted,205,60
Control_11,m84137_260214_004236_s1/108792188/ccs,1,8,2,205,193,12,0.05853658536585366,Interrupted,205,60
Control_11,m84137_260214_004236_s1/120783088/ccs,1,8,2,205,193,12,0.05853658536585366,Interrupted,205,60
Control_11,m84137_260214_004236_s1/120783663/ccs,1,8,2,205,193,12,0.05853658536585366,Interrupted,205,60
Control_11,m84137_260214_004236_s1/120717607/ccs,1,8,2,205,193,12,0.05853658536585366,Interrupted,205,60
Control_11,m84137_260214_004236_s1/109251095/ccs,1,8,2,205,193,12,0.05853658536585366,Interrupted,205,60
Control_11,m84137_260214_004236_s1/125896686/ccs,1,8,2,205,193,12,0.05853658536585366,Interrupted,205,60
Control_11,m84137_260214_004236_s1/121244509/ccs,1,8,2,205,193,12,0.05853658536585366,Interrupted,205,60
Control_11,m84137_260214_004236_s1/126157250/ccs,1,8,2,205,193,12,0.05853658536585366,Interrupted,205,60
Control_11,m84137_260214_004236_s1/113051882/ccs,1,8,2,205,193,12,0.05853658536585366,Interrupted,205,60
Control_11,m84137_260214_004236_s1/130287362/ccs,1,8,2,205,193,12,0.05853658536585366,Interrupted,205,60
Control_11,m84137_260214_004236_s1/126683285/ccs,1,8,2,205,193,12,0.05853658536585366,Interrupted,205,60
Control_11,m84137_260214_004236_s1/110233320/ccs,1,8,2,205,193,12,0.05853658536585366,Interrupted,205,60
Control_11,m84137_260214_004236_s1/130942631/ccs,1,8,2,205,193,12,0.05853658536585366,Interrupted,205,60
Control_11,m84137_260214_004236_s1/63902850/ccs,1,8,2,205,193,12,0.05853658536585366,Interrupted,205,60
Control_11,m84137_260214_004236_s1/85987245/ccs,1,8,2,205,193,12,0.05853658536585366,Interrupted,205,60
Control_11,m84137_260214_004236_s1/90052477/ccs,1,8,2,205,193,12,0.05853658536585366,Interrupted,205,60
Control_11,m84137_260214_004236_s1/75175124/ccs,1,8,2,205,193,12,0.05853658536585366,Interrupted,205,60
Control_11,m84137_260214_004236_s1/48304382/ccs,1,8,2,205,193,12,0.05853658536585366,Interrupted,205,60
Control_11,m84137_260214_004236_s1/89066571/ccs,1,8,2,205,193,12,0.05853658536585366,Interrupted,205,60
Control_11,m84137_260214_004236_s1/96407494/ccs,1,8,2,205,193,12,0.05853658536585366,Interrupted,205,60
Control_11,m84137_260214_004236_s1/91951382/ccs,1,8,2,205,193,12,0.05853658536585366,Interrupted,205,60
Control_11,m84137_260214_004236_s1/76353393/ccs,1,8,2,205,193,12,0.05853658536585366,Interrupted,205,60
Control_11,m84137_260214_004236_s1/117443781/ccs,1,8,2,205,193,12,0.05853658536585366,Interrupted,205,60
Control_11,m84137_260214_004236_s1/250939837/ccs,1,8,2,205,193,12,0.05853658536585366,Interrupted,205,60
Control_11,m84137_260214_004236_s1/34147932/ccs,1,8,2,205,193,12,0.05853658536585366,Interrupted,205,60
Control_11,m84137_260214_004236_s1/50663614/ccs,1,8,2,205,193,12,0.05853658536585366,Interrupted,205,60
Control_11,m84137_260214_004236_s1/29955064/ccs,1,8,2,205,192,13,0.06341463414634146,Interrupted,205,60
Control_11,m84137_260214_004236_s1/11342479/ccs,1,8,2,205,193,12,0.05853658536585366,Interrupted,205,60
Control_11,m84137_260214_004236_s1/27530145/ccs,1,8,2,205,193,12,0.05853658536585366,Interrupted,205,60
Control_11,m84137_260214_004236_s1/10424077/ccs,1,8,2,205,193,12,0.05853658536585366,Interrupted,205,60
Control_11,m84137_260214_004236_s1/36048535/ccs,1,8,2,205,193,12,0.05853658536585366,Interrupted,205,60
Control_11,m84137_260214_004236_s1/10949936/ccs,1,8,2,205,193,12,0.05853658536585366,Interrupted,205,60
Control_11,m84137_260214_004236_s1/12391328/ccs,1,8,2,205,193,12,0.05853658536585366,Interrupted,205,60
Control_11,m84137_260214_004236_s1/36377528/ccs,1,8,2,205,193,12,0.05853658536585366,Interrupted,205,60
Control_11,m84137_260214_004236_s1/52631060/ccs,1,8,2,205,193,12,0.05853658536585366,Interrupted,205,60
Control_11,m84137_260214_004236_s1/52891493/ccs,1,8,2,205,193,12,0.05853658536585366,Interrupted,205,60
Control_11,m84137_260214_004236_s1/37164556/ccs,1,8,2,205,193,12,0.05853658536585366,Interrupted,205,60
Control_11,m84137_260214_004236_s1/56430729/ccs,1,8,2,205,193,12,0.05853658536585366,Interrupted,205,60
Control_11,m84137_260214_004236_s1/53415952/ccs,1,8,2,205,193,12,0.05853658536585366,Interrupted,205,60
Control_11,m84137_260214_004236_s1/57283692/ccs,1,8,2,205,193,12,0.05853658536585366,Interrupted,205,60
Control_11,m84137_260214_004236_s1/67768319/ccs,1,8,2,205,193,12,0.05853658536585366,Interrupted,205,60
Control_11,m84137_260214_004236_s1/224854274/ccs,1,8,2,205,193,12,0.05853658536585366,Interrupted,205,60
Control_11,m84137_260214_004236_s1/183240732/ccs,1,8,2,205,193,12,0.05853658536585366,Interrupted,205,60
Control_11,m84137_260214_004236_s1/183568327/ccs,1,8,2,205,193,12,0.05853658536585366,Interrupted,205,60
Control_11,m84137_260214_004236_s1/183698585/ccs,1,8,2,205,193,12,0.05853658536585366,Interrupted,205,60
Control_11,m84137_260214_004236_s1/183698943/ccs,1,8,2,205,193,12,0.05853658536585366,Interrupted,205,60
Control_11,m84137_260214_004236_s1/225576822/ccs,1,8,2,205,193,12,0.05853658536585366,Interrupted,205,60
Control_11,m84137_260214_004236_s1/209520150/ccs,1,8,2,205,193,12,0.05853658536585366,Interrupted,205,60
Control_11,m84137_260214_004236_s1/209781610/ccs,1,8,2,205,193,12,0.05853658536585366,Interrupted,205,60
Control_11,m84137_260214_004236_s1/230165346/ccs,1,8,2,205,193,12,0.05853658536585366,Interrupted,205,60
Control_11,m84137_260214_004236_s1/230884158/ccs,1,8,2,205,193,12,0.05853658536585366,Interrupted,205,60
Control_11,m84137_260214_004236_s1/211224340/ccs,1,8,2,205,193,12,0.05853658536585366,Interrupted,205,60
Control_11,m84137_260214_004236_s1/211682779/ccs,1,8,2,205,193,12,0.05853658536585366,Interrupted,205,60
Control_11,m84137_260214_004236_s1/252382017/ccs,1,8,2,205,193,12,0.05853658536585366,Interrupted,205,60
Control_11,m84137_260214_004236_s1/174068488/ccs,1,8,2,205,193,12,0.05853658536585366,Interrupted,205,60
Control_11,m84137_260214_004236_s1/187242396/ccs,1,8,2,205,193,12,0.05853658536585366,Interrupted,205,60
Control_11,m84137_260214_004236_s1/187567504/ccs,1,8,2,205,193,12,0.05853658536585366,Interrupted,205,60
Control_11,m84137_260214_004236_s1/187568944/ccs,1,8,2,205,193,12,0.05853658536585366,Interrupted,205,60
Control_11,m84137_260214_004236_s1/147133302/ccs,1,8,2,205,193,12,0.05853658536585366,Interrupted,205,60
Control_11,m84137_260214_004236_s1/174986369/ccs,1,8,2,205,193,12,0.05853658536585366,Interrupted,205,60
Control_11,m84137_260214_004236_s1/191894308/ccs,1,8,2,205,193,12,0.05853658536585366,Interrupted,205,60
Control_11,m84137_260214_004236_s1/176624482/ccs,1,8,2,205,193,12,0.05853658536585366,Interrupted,205,60
Control_11,m84137_260214_004236_s1/171250137/ccs,1,8,2,205,193,12,0.05853658536585366,Interrupted,205,60
Control_11,m84137_260214_004236_s1/171513548/ccs,1,8,2,205,193,12,0.05853658536585366,Interrupted,205,60
Control_11,m84137_260214_004236_s1/173018738/ccs,1,8,2,205,193,12,0.05853658536585366,Interrupted,205,60
Control_11,m84137_260214_004236_s1/197661257/ccs,1,8,2,205,193,12,0.05853658536585366,Interrupted,205,60
Control_11,m84137_260214_004236_s1/194974645/ccs,1,8,2,205,193,12,0.05853658536585366,Interrupted,205,60
Control_11,m84137_260214_004236_s1/179901115/ccs,1,8,2,205,193,12,0.05853658536585366,Interrupted,205,60
Control_11,m84137_260214_004236_s1/117446400/ccs,1,8,2,205,193,12,0.05853658536585366,Interrupted,205,60
Control_11,m84137_260214_004236_s1/49548637/ccs,1,8,2,205,193,12,0.05853658536585366,Interrupted,205,60
Control_11,m84137_260214_004236_s1/101848034/ccs,1,8,2,205,193,12,0.05853658536585366,Interrupted,205,60
Control_11,m84137_260214_004236_s1/106370285/ccs,1,8,2,205,193,12,0.05853658536585366,Interrupted,205,60
Control_11,m84137_260214_004236_s1/79171857/ccs,1,8,2,205,193,12,0.05853658536585366,Interrupted,205,60
Control_11,m84137_260214_004236_s1/100144996/ccs,1,8,2,205,193,12,0.05853658536585366,Interrupted,205,60
Control_11,m84137_260214_004236_s1/107549687/ccs,1,8,2,205,193,12,0.05853658536585366,Interrupted,205,60
Control_11,m84137_260214_004236_s1/80810574/ccs,1,8,2,205,193,12,0.05853658536585366,Interrupted,205,60
Control_11,m84137_260214_004236_s1/121376420/ccs,1,8,2,205,193,12,0.05853658536585366,Interrupted,205,60
Control_11,m84137_260214_004236_s1/121966430/ccs,1,8,2,205,193,12,0.05853658536585366,Interrupted,205,60
Control_11,m84137_260214_004236_s1/125571235/ccs,1,8,2,205,193,12,0.05853658536585366,Interrupted,205,60
Control_11,m84137_260214_004236_s1/125833157/ccs,1,8,2,205,193,12,0.05853658536585366,Interrupted,205,60
Control_11,m84137_260214_004236_s1/82121420/ccs,1,8,2,205,193,12,0.05853658536585366,Interrupted,205,60
Control_11,m84137_260214_004236_s1/109646209/ccs,0,8,2,205,193,12,0.05853658536585366,Interrupted,205,60
Control_11,m84137_260214_004236_s1/109711539/ccs,1,8,2,205,193,12,0.05853658536585366,Interrupted,205,60
Control_11,m84137_260214_004236_s1/151066520/ccs,1,8,2,205,193,12,0.05853658536585366,Interrupted,205,60
Control_11,m84137_260214_004236_s1/171181176/ccs,1,8,2,205,193,12,0.05853658536585366,Interrupted,205,60
Control_11,m84137_260214_004236_s1/150865131/ccs,1,8,2,205,193,12,0.05853658536585366,Interrupted,205,60
Control_11,m84137_260214_004236_s1/189073082/ccs,1,8,2,205,193,12,0.05853658536585366,Interrupted,205,60
Control_11,m84137_260214_004236_s1/189793231/ccs,1,8,2,205,193,12,0.05853658536585366,Interrupted,205,60
Control_11,m84137_260214_004236_s1/176293770/ccs,1,8,2,205,193,12,0.05853658536585366,Interrupted,205,60
Control_11,m84137_260214_004236_s1/176358011/ccs,1,8,2,205,193,12,0.05853658536585366,Interrupted,205,60
Control_11,m84137_260214_004236_s1/176816342/ccs,1,8,2,205,193,12,0.05853658536585366,Interrupted,205,60
Control_11,m84137_260214_004236_s1/172559104/ccs,1,8,2,205,193,12,0.05853658536585366,Interrupted,205,60
Control_11,m84137_260214_004236_s1/195101095/ccs,1,8,2,205,193,12,0.05853658536585366,Interrupted,205,60
Control_11,m84137_260214_004236_s1/201982763/ccs,1,8,2,205,193,12,0.05853658536585366,Interrupted,205,60
Control_11,m84137_260214_004236_s1/199232432/ccs,1,8,2,205,193,12,0.05853658536585366,Interrupted,205,60
Control_11,m84137_260214_004236_s1/181798494/ccs,1,8,2,205,193,12,0.05853658536585366,Interrupted,205,60
Control_11,m84137_260214_004236_s1/202966720/ccs,1,8,2,205,193,12,0.05853658536585366,Interrupted,205,60
Control_11,m84137_260214_004236_s1/221251348/ccs,1,8,2,205,193,12,0.05853658536585366,Interrupted,205,60
Control_11,m84137_260214_004236_s1/233049542/ccs,1,8,2,205,193,12,0.05853658536585366,Interrupted,205,60
Control_11,m84137_260214_004236_s1/256578603/ccs,1,8,2,205,193,12,0.05853658536585366,Interrupted,205,60
Control_11,m84137_260214_004236_s1/238881949/ccs,1,8,2,205,193,12,0.05853658536585366,Interrupted,205,60
Control_11,m84137_260214_004236_s1/234427942/ccs,1,8,2,205,193,12,0.05853658536585366,Interrupted,205,60
Control_11,m84137_260214_004236_s1/244649486/ccs,1,8,2,205,193,12,0.05853658536585366,Interrupted,205,60
Control_11,m84137_260214_004236_s1/215619215/ccs,1,8,2,205,193,12,0.05853658536585366,Interrupted,205,60
Control_11,m84137_260214_004236_s1/217453064/ccs,1,8,2,205,193,12,0.05853658536585366,Interrupted,205,60
Control_11,m84137_260214_004236_s1/262082728/ccs,1,8,2,205,193,12,0.05853658536585366,Interrupted,205,60
Control_11,m84137_260214_004236_s1/264574278/ccs,1,8,2,205,193,12,0.05853658536585366,Interrupted,205,60
Control_11,m84137_260214_004236_s1/246288837/ccs,1,8,2,205,193,12,0.05853658536585366,Interrupted,205,60
Control_11,m84137_260214_004236_s1/247991894/ccs,1,8,2,205,193,12,0.05853658536585366,Interrupted,205,60
Control_11,m84137_260214_004236_s1/248515617/ccs,1,8,2,205,193,12,0.05853658536585366,Interrupted,205,60
Control_11,m84137_260214_004236_s1/243532063/ccs,1,8,2,205,193,12,0.05853658536585366,Interrupted,205,60
Control_11,m84137_260214_004236_s1/239535269/ccs,1,8,2,205,193,12,0.05853658536585366,Interrupted,205,60
Control_11,m84137_260214_004236_s1/264241567/ccs,1,8,2,205,193,12,0.05853658536585366,Interrupted,205,60
Control_11,m84137_260214_004236_s1/260770792/ccs,1,8,2,205,193,12,0.05853658536585366,Interrupted,205,60
Control_11,m84137_260214_004236_s1/239600141/ccs,1,8,2,205,193,12,0.05853658536585366,Interrupted,205,60
Control_11,m84137_260214_004236_s1/239929717/ccs,1,8,2,205,193,12,0.05853658536585366,Interrupted,205,60
Control_11,m84137_260214_004236_s1/240124129/ccs,1,8,2,205,193,12,0.05853658536585366,Interrupted,205,60
Control_11,m84137_260214_004236_s1/262537825/ccs,1,8,2,205,193,12,0.05853658536585366,Interrupted,205,60
Control_11,m84137_260214_004236_s1/245891381/ccs,1,8,2,205,193,12,0.05853658536585366,Interrupted,205,60
Control_11,m84137_260214_004236_s1/19991900/ccs,1,8,2,205,193,12,0.05853658536585366,Interrupted,205,60
Control_11,m84137_260214_004236_s1/249891281/ccs,1,8,2,205,193,12,0.05853658536585366,Interrupted,205,60
Control_11,m84137_260214_004236_s1/24383114/ccs,1,8,2,205,193,12,0.05853658536585366,Interrupted,205,60
Control_11,m84137_260214_004236_s1/20843566/ccs,1,8,2,205,193,12,0.05853658536585366,Interrupted,205,60
Control_11,m84137_260214_004236_s1/24579908/ccs,1,8,2,205,193,12,0.05853658536585366,Interrupted,205,60
Control_11,m84137_260214_004236_s1/250481535/ccs,1,8,2,205,193,12,0.05853658536585366,Interrupted,205,60
Control_11,m84137_260214_004236_s1/172427198/ccs,1,8,2,205,193,12,0.05853658536585366,Interrupted,205,60
Control_11,m84137_260214_004236_s1/183896683/ccs,1,8,2,205,193,12,0.05853658536585366,Interrupted,205,60
Control_11,m84137_260214_004236_s1/135074404/ccs,1,8,2,205,193,12,0.05853658536585366,Interrupted,205,60
Control_11,m84137_260214_004236_s1/218108080/ccs,1,8,2,205,193,12,0.05853658536585366,Interrupted,205,60
Control_11,m84137_260214_004236_s1/109054503/ccs,1,8,2,205,193,12,0.05853658536585366,Interrupted,205,60
Control_11,m84137_260214_004236_s1/199364059/ccs,1,8,2,205,193,12,0.05853658536585366,Interrupted,205,60
Control_11,m84137_260214_004236_s1/199102680/ccs,1,8,2,205,193,12,0.05853658536585366,Interrupted,205,60
Control_11,m84137_260214_004236_s1/199496396/ccs,1,8,2,205,192,13,0.06341463414634146,Interrupted,205,60
Control_11,m84137_260214_004236_s1/225907184/ccs,1,8,2,205,193,12,0.05853658536585366,Interrupted,205,60
Control_11,m84137_260214_004236_s1/226236282/ccs,1,8,2,205,193,12,0.05853658536585366,Interrupted,205,60
Control_11,m84137_260214_004236_s1/211817712/ccs,1,8,2,205,193,12,0.05853658536585366,Interrupted,205,60
Control_11,m84137_260214_004236_s1/230691209/ccs,0,8,2,205,193,12,0.05853658536585366,Interrupted,205,60
Control_11,m84137_260214_004236_s1/242028718/ccs,1,8,2,205,193,12,0.05853658536585366,Interrupted,205,60
Control_11,m84137_260214_004236_s1/236851446/ccs,1,8,2,205,193,12,0.05853658536585366,Interrupted,205,60
Control_11,m84137_260214_004236_s1/255135196/ccs,1,8,2,205,193,12,0.05853658536585366,Interrupted,205,60
Control_11,m84137_260214_004236_s1/237180527/ccs,1,8,2,205,193,12,0.05853658536585366,Interrupted,205,60
Control_11,m84137_260214_004236_s1/248058503/ccs,1,8,2,205,193,12,0.05853658536585366,Interrupted,205,60
Control_11,m84137_260214_004236_s1/249108076/ccs,1,8,2,205,193,12,0.05853658536585366,Interrupted,205,60
Control_11,m84137_260214_004236_s1/251269778/ccs,1,8,2,205,193,12,0.05853658536585366,Interrupted,205,60
Control_11,m84137_260214_004236_s1/33948491/ccs,1,8,2,205,193,12,0.05853658536585366,Interrupted,205,60
Control_11,m84137_260214_004236_s1/71107790/ccs,1,8,2,205,193,12,0.05853658536585366,Interrupted,205,60
Control_11,m84137_260214_004236_s1/125501831/ccs,1,8,2,205,193,12,0.05853658536585366,Interrupted,205,60
Control_11,m84137_260214_004236_s1/121767611/ccs,1,8,2,205,193,12,0.05853658536585366,Interrupted,205,60
Control_11,m84137_260214_004236_s1/203424565/ccs,1,8,2,205,193,12,0.05853658536585366,Interrupted,205,60
Control_11,m84137_260214_004236_s1/204670387/ccs,1,8,2,205,193,12,0.05853658536585366,Interrupted,205,60
Control_11,m84137_260214_004236_s1/19141095/ccs,1,8,2,205,193,12,0.05853658536585366,Interrupted,205,60
Control_11,m84137_260214_004236_s1/33033613/ccs,1,8,2,205,193,12,0.05853658536585366,Interrupted,205,60
Control_11,m84137_260214_004236_s1/141167890/ccs,1,8,2,205,193,12,0.05853658536585366,Interrupted,205,60
Control_11,m84137_260214_004236_s1/193269242/ccs,1,8,2,205,193,12,0.05853658536585366,Interrupted,205,60
Control_11,m84137_260214_004236_s1/240653162/ccs,1,8,2,205,193,12,0.05853658536585366,Interrupted,205,60
Control_11,m84137_260214_004236_s1/92211419/ccs,1,8,2,205,193,12,0.05853658536585366,Interrupted,205,60
Control_11,m84137_260214_004236_s1/82776963/ccs,1,8,2,205,193,12,0.05853658536585366,Interrupted,205,60
Control_11,m84137_260214_004236_s1/134616603/ccs,1,8,2,205,193,12,0.05853658536585366,Interrupted,205,60
Control_11,m84137_260214_004236_s1/126752029/ccs,1,8,2,205,193,12,0.05853658536585366,Interrupted,205,60
Control_11,m84137_260214_004236_s1/139794169/ccs,1,8,2,205,193,12,0.05853658536585366,Interrupted,205,60
Control_11,m84137_260214_004236_s1/153621242/ccs,1,8,2,205,193,12,0.05853658536585366,Interrupted,205,60
Control_11,m84137_260214_004236_s1/137172515/ccs,1,8,2,205,193,12,0.05853658536585366,Interrupted,205,60
Control_11,m84137_260214_004236_s1/141626669/ccs,1,8,2,205,193,12,0.05853658536585366,Interrupted,205,60
Control_11,m84137_260214_004236_s1/141496927/ccs,1,8,2,205,193,12,0.05853658536585366,Interrupted,205,60
Control_11,m84137_260214_004236_s1/158339508/ccs,1,8,2,205,193,12,0.05853658536585366,Interrupted,205,60
Control_11,m84137_260214_004236_s1/114627649/ccs,1,8,2,205,193,12,0.05853658536585366,Interrupted,205,60
Control_11,m84137_260214_004236_s1/156306888/ccs,1,8,2,205,193,12,0.05853658536585366,Interrupted,205,60
Control_11,m84137_260214_004236_s1/138941917/ccs,1,8,2,205,193,12,0.05853658536585366,Interrupted,205,60
Control_11,m84137_260214_004236_s1/139662085/ccs,1,8,2,205,193,12,0.05853658536585366,Interrupted,205,60
Control_11,m84137_260214_004236_s1/161224191/ccs,1,8,2,205,193,12,0.05853658536585366,Interrupted,205,60
Control_11,m84137_260214_004236_s1/161289673/ccs,1,8,2,205,193,12,0.05853658536585366,Interrupted,205,60
Control_11,m84137_260214_004236_s1/185603640/ccs,1,8,2,205,193,12,0.05853658536585366,Interrupted,205,60
Control_11,m84137_260214_004236_s1/102565080/ccs,1,8,2,205,193,12,0.05853658536585366,Interrupted,205,60
Control_11,m84137_260214_004236_s1/17499897/ccs,1,8,2,205,193,12,0.05853658536585366,Interrupted,205,60
Control_11,m84137_260214_004236_s1/22940330/ccs,1,8,2,205,193,12,0.05853658536585366,Interrupted,205,60
Control_11,m84137_260214_004236_s1/2361049/ccs,1,8,2,205,193,12,0.05853658536585366,Interrupted,205,60
Control_11,m84137_260214_004236_s1/4260749/ccs,1,8,2,205,193,12,0.05853658536585366,Interrupted,205,60
Control_11,m84137_260214_004236_s1/19138559/ccs,1,8,2,205,193,12,0.05853658536585366,Interrupted,205,60
Control_11,m84137_260214_004236_s1/20317011/ccs,1,8,2,205,193,12,0.05853658536585366,Interrupted,205,60
Control_11,m84137_260214_004236_s1/21038045/ccs,1,8,2,205,193,12,0.05853658536585366,Interrupted,205,60
Control_11,m84137_260214_004236_s1/26871556/ccs,1,8,2,205,193,12,0.05853658536585366,Interrupted,205,60
Control_11,m84137_260214_004236_s1/14550387/ccs,1,8,2,205,193,12,0.05853658536585366,Interrupted,205,60
Control_11,m84137_260214_004236_s1/31786068/ccs,1,8,2,205,193,12,0.05853658536585366,Interrupted,205,60
Control_11,m84137_260214_004236_s1/22284509/ccs,1,8,2,205,193,12,0.05853658536585366,Interrupted,205,60
Control_11,m84137_260214_004236_s1/50528930/ccs,1,8,2,205,193,12,0.05853658536585366,Interrupted,205,60
Control_11,m84137_260214_004236_s1/35457458/ccs,1,8,2,205,193,12,0.05853658536585366,Interrupted,205,60
Control_11,m84137_260214_004236_s1/51906000/ccs,1,8,2,205,193,12,0.05853658536585366,Interrupted,205,60
Control_11,m84137_260214_004236_s1/36309004/ccs,1,8,2,205,193,12,0.05853658536585366,Interrupted,205,60
Control_11,m84137_260214_004236_s1/58721995/ccs,1,8,2,205,193,12,0.05853658536585366,Interrupted,205,60
Control_11,m84137_260214_004236_s1/62390483/ccs,1,8,2,205,193,12,0.05853658536585366,Interrupted,205,60
Control_11,m84137_260214_004236_s1/62390945/ccs,1,8,2,205,193,12,0.05853658536585366,Interrupted,205,60
Control_11,m84137_260214_004236_s1/37750437/ccs,1,8,2,205,193,12,0.05853658536585366,Interrupted,205,60
Control_11,m84137_260214_004236_s1/59771809/ccs,1,8,2,205,193,12,0.05853658536585366,Interrupted,205,60
Control_11,m84137_260214_004236_s1/77531407/ccs,1,8,2,205,193,12,0.05853658536585366,Interrupted,205,60
Control_11,m84137_260214_004236_s1/89194749/ccs,1,8,2,205,193,12,0.05853658536585366,Interrupted,205,60
Control_11,m84137_260214_004236_s1/101450269/ccs,1,8,2,205,193,12,0.05853658536585366,Interrupted,205,60
Control_11,m84137_260214_004236_s1/99222338/ccs,1,8,2,205,193,12,0.05853658536585366,Interrupted,205,60
Control_11,m84137_260214_004236_s1/123537058/ccs,1,8,2,205,193,12,0.05853658536585366,Interrupted,205,60
Control_11,m84137_260214_004236_s1/102236754/ccs,1,8,2,205,193,12,0.05853658536585366,Interrupted,205,60
Control_11,m84137_260214_004236_s1/106301185/ccs,1,8,2,205,193,12,0.05853658536585366,Interrupted,205,60
Control_11,m84137_260214_004236_s1/83166779/ccs,1,8,2,205,193,12,0.05853658536585366,Interrupted,205,60
Control_11,m84137_260214_004236_s1/107086816/ccs,1,8,2,205,193,12,0.05853658536585366,Interrupted,205,60
Control_11,m84137_260214_004236_s1/107413891/ccs,1,8,2,205,193,12,0.05853658536585366,Interrupted,205,60
Control_11,m84137_260214_004236_s1/119407660/ccs,1,8,2,205,193,12,0.05853658536585366,Interrupted,205,60
Control_11,m84137_260214_004236_s1/112330623/ccs,1,8,2,205,193,12,0.05853658536585366,Interrupted,205,60
Control_11,m84137_260214_004236_s1/108790898/ccs,1,8,2,205,193,12,0.05853658536585366,Interrupted,205,60
Control_11,m84137_260214_004236_s1/104596027/ccs,1,8,2,205,193,12,0.05853658536585366,Interrupted,205,60
Control_11,m84137_260214_004236_s1/121045789/ccs,1,8,2,205,193,12,0.05853658536585366,Interrupted,205,60
Control_11,m84137_260214_004236_s1/121113058/ccs,1,8,2,205,193,12,0.05853658536585366,Interrupted,205,60
Control_11,m84137_260214_004236_s1/112854451/ccs,1,8,2,205,193,12,0.05853658536585366,Interrupted,205,60
Control_11,m84137_260214_004236_s1/126618473/ccs,1,8,2,205,193,12,0.05853658536585366,Interrupted,205,60
Control_11,m84137_260214_004236_s1/110234508/ccs,1,8,2,205,193,12,0.05853658536585366,Interrupted,205,60
Control_11,m84137_260214_004236_s1/122947586/ccs,1,8,2,205,193,12,0.05853658536585366,Interrupted,205,60
Control_11,m84137_260214_004236_s1/114493425/ccs,1,8,2,205,193,12,0.05853658536585366,Interrupted,205,60
Control_11,m84137_260214_004236_s1/111283086/ccs,1,8,2,205,193,12,0.05853658536585366,Interrupted,205,60
Control_11,m84137_260214_004236_s1/139854020/ccs,1,8,2,205,193,12,0.05853658536585366,Interrupted,205,60
Control_11,m84137_260214_004236_s1/204800045/ccs,1,8,2,205,193,12,0.05853658536585366,Interrupted,205,60
Control_11,m84137_260214_004236_s1/212666116/ccs,1,8,2,205,193,12,0.05853658536585366,Interrupted,205,60
Control_11,m84137_260214_004236_s1/230755005/ccs,1,8,2,205,193,12,0.05853658536585366,Interrupted,205,60
Control_11,m84137_260214_004236_s1/227412188/ccs,1,8,2,205,193,12,0.05853658536585366,Interrupted,205,60
Control_11,m84137_260214_004236_s1/205850727/ccs,1,8,2,205,193,12,0.05853658536585366,Interrupted,205,60
Control_11,m84137_260214_004236_s1/231801047/ccs,1,8,2,205,193,12,0.05853658536585366,Interrupted,205,60
Control_11,m84137_260214_004236_s1/227804271/ccs,1,8,2,205,193,12,0.05853658536585366,Interrupted,205,60
Control_11,m84137_260214_004236_s1/206569897/ccs,1,8,2,205,193,12,0.05853658536585366,Interrupted,205,60
Control_11,m84137_260214_004236_s1/253690650/ccs,1,8,2,205,193,12,0.05853658536585366,Interrupted,205,60
Control_11,m84137_260214_004236_s1/235405414/ccs,1,8,2,205,193,12,0.05853658536585366,Interrupted,205,60
Control_11,m84137_260214_004236_s1/229116189/ccs,1,8,2,205,193,12,0.05853658536585366,Interrupted,205,60
Control_11,m84137_260214_004236_s1/235669802/ccs,1,8,2,205,193,12,0.05853658536585366,Interrupted,205,60
Control_11,m84137_260214_004236_s1/215679846/ccs,1,8,2,205,193,12,0.05853658536585366,Interrupted,205,60
Control_11,m84137_260214_004236_s1/257755663/ccs,1,8,2,205,193,12,0.05853658536585366,Interrupted,205,60
Control_11,m84137_260214_004236_s1/258017295/ccs,1,8,2,205,193,12,0.05853658536585366,Interrupted,205,60
Control_11,m84137_260214_004236_s1/234423821/ccs,1,8,2,205,193,12,0.05853658536585366,Interrupted,205,60
Control_11,m84137_260214_004236_s1/237373557/ccs,1,8,2,205,193,12,0.05853658536585366,Interrupted,205,60
Control_11,m84137_260214_004236_s1/258803900/ccs,1,8,2,205,193,12,0.05853658536585366,Interrupted,205,60
Control_11,m84137_260214_004236_s1/216795455/ccs,1,8,2,205,193,12,0.05853658536585366,Interrupted,205,60
Control_11,m84137_260214_004236_s1/256117026/ccs,1,8,2,205,193,12,0.05853658536585366,Interrupted,205,60
Control_11,m84137_260214_004236_s1/237897916/ccs,1,8,2,205,193,12,0.05853658536585366,Interrupted,205,60
Control_11,m84137_260214_004236_s1/259590743/ccs,1,8,2,205,193,12,0.05853658536585366,Interrupted,205,60
Control_11,m84137_260214_004236_s1/263389744/ccs,1,8,2,205,193,12,0.05853658536585366,Interrupted,205,60
Control_11,m84137_260214_004236_s1/244320322/ccs,1,8,2,205,193,12,0.05853658536585366,Interrupted,205,60
Control_11,m84137_260214_004236_s1/59768941/ccs,1,8,2,205,193,12,0.05853658536585366,Interrupted,205,60
Control_11,m84137_260214_004236_s1/60294759/ccs,1,8,2,205,193,12,0.05853658536585366,Interrupted,205,60
Control_11,m84137_260214_004236_s1/60426397/ccs,1,8,2,205,193,12,0.05853658536585366,Interrupted,205,60
Control_11,m84137_260214_004236_s1/38536521/ccs,1,8,2,205,193,12,0.05853658536585366,Interrupted,205,60
Control_11,m84137_260214_004236_s1/64487762/ccs,1,8,2,205,193,12,0.05853658536585366,Interrupted,205,60
Control_11,m84137_260214_004236_s1/55183741/ccs,1,8,2,205,193,12,0.05853658536585366,Interrupted,205,60
Control_11,m84137_260214_004236_s1/64620389/ccs,1,8,2,205,193,12,0.05853658536585366,Interrupted,205,60
Control_11,m84137_260214_004236_s1/65013417/ccs,1,8,2,205,193,12,0.05853658536585366,Interrupted,205,60
Control_11,m84137_260214_004236_s1/84083008/ccs,1,8,2,205,193,12,0.05853658536585366,Interrupted,205,60
Control_11,m84137_260214_004236_s1/73532477/ccs,1,8,2,205,193,12,0.05853658536585366,Interrupted,205,60
Control_11,m84137_260214_004236_s1/69077989/ccs,1,8,2,205,193,12,0.05853658536585366,Interrupted,205,60
Control_11,m84137_260214_004236_s1/70388622/ccs,1,8,2,205,193,12,0.05853658536585366,Interrupted,205,60
Control_11,m84137_260214_004236_s1/92341512/ccs,1,8,2,205,193,12,0.05853658536585366,Interrupted,205,60
Control_11,m84137_260214_004236_s1/71566503/ccs,1,8,2,205,193,12,0.05853658536585366,Interrupted,205,60
Control_11,m84137_260214_004236_s1/93127173/ccs,1,8,2,205,193,12,0.05853658536585366,Interrupted,205,60
Control_11,m84137_260214_004236_s1/79626674/ccs,1,8,2,205,193,12,0.05853658536585366,Interrupted,205,60
Control_11,m84137_260214_004236_s1/87033345/ccs,1,8,2,205,193,12,0.05853658536585366,Interrupted,205,60
Control_11,m84137_260214_004236_s1/88342683/ccs,1,8,2,205,193,12,0.05853658536585366,Interrupted,205,60
Control_11,m84137_260214_004236_s1/94964594/ccs,1,8,2,205,193,12,0.05853658536585366,Interrupted,205,60
Control_11,m84137_260214_004236_s1/207099134/ccs,1,8,2,205,193,12,0.05853658536585366,Interrupted,205,60
Control_11,m84137_260214_004236_s1/195498086/ccs,1,8,2,205,193,12,0.05853658536585366,Interrupted,205,60
Control_11,m84137_260214_004236_s1/220400722/ccs,1,8,2,205,193,12,0.05853658536585366,Interrupted,205,60
Control_11,m84137_260214_004236_s1/195694965/ccs,1,8,2,205,193,12,0.05853658536585366,Interrupted,205,60
Control_11,m84137_260214_004236_s1/179310315/ccs,1,8,2,205,193,12,0.05853658536585366,Interrupted,205,60
Control_11,m84137_260214_004236_s1/179376262/ccs,1,8,2,205,193,12,0.05853658536585366,Interrupted,205,60
Control_11,m84137_260214_004236_s1/209129996/ccs,1,8,2,205,193,12,0.05853658536585366,Interrupted,205,60
Control_11,m84137_260214_004236_s1/203821646/ccs,1,8,2,205,193,12,0.05853658536585366,Interrupted,205,60
Control_11,m84137_260214_004236_s1/204542887/ccs,1,8,2,205,193,12,0.05853658536585366,Interrupted,205,60
Control_11,m84137_260214_004236_s1/182717564/ccs,1,8,2,205,193,12,0.05853658536585366,Interrupted,205,60
Control_11,m84137_260214_004236_s1/253040199/ccs,1,8,2,205,193,12,0.05853658536585366,Interrupted,205,60
Control_11,m84137_260214_004236_s1/253236221/ccs,1,8,2,205,193,12,0.05853658536585366,Interrupted,205,60
Control_11,m84137_260214_004236_s1/227612189/ccs,1,8,2,205,193,12,0.05853658536585366,Interrupted,205,60
Control_11,m84137_260214_004236_s1/228266478/ccs,1,8,2,205,193,12,0.05853658536585366,Interrupted,205,60
Control_11,m84137_260214_004236_s1/228659721/ccs,1,8,2,205,193,12,0.05853658536585366,Interrupted,205,60
Control_11,m84137_260214_004236_s1/236393027/ccs,1,8,2,205,193,12,0.05853658536585366,Interrupted,205,60
Control_11,m84137_260214_004236_s1/232066697/ccs,1,8,2,205,193,12,0.05853658536585366,Interrupted,205,60
Control_11,m84137_260214_004236_s1/257692292/ccs,1,8,2,205,193,12,0.05853658536585366,Interrupted,205,60
Control_11,m84137_260214_004236_s1/256643311/ccs,1,8,2,205,193,12,0.05853658536585366,Interrupted,205,60
Control_11,m84137_260214_004236_s1/244193131/ccs,1,8,2,205,193,12,0.05853658536585366,Interrupted,205,60
Control_11,m84137_260214_004236_s1/214897915/ccs,1,8,2,205,193,12,0.05853658536585366,Interrupted,205,60
Control_11,m84137_260214_004236_s1/244649481/ccs,1,8,2,205,193,12,0.05853658536585366,Interrupted,205,60
Control_11,m84137_260214_004236_s1/260377829/ccs,1,8,2,205,193,12,0.05853658536585366,Interrupted,205,60
Control_11,m84137_260214_004236_s1/2752980/ccs,0,8,2,205,193,12,0.05853658536585366,Interrupted,205,60
Control_11,m84137_260214_004236_s1/149357962/ccs,1,8,2,205,193,12,0.05853658536585366,Interrupted,205,60
Control_11,m84137_260214_004236_s1/85529970/ccs,1,8,2,205,193,12,0.05853658536585366,Interrupted,205,60
Control_11,m84137_260214_004236_s1/18350161/ccs,1,8,2,205,193,12,0.05853658536585366,Interrupted,205,60
Control_11,m84137_260214_004236_s1/16058324/ccs,1,8,2,205,193,12,0.05853658536585366,Interrupted,205,60
Control_11,m84137_260214_004236_s1/36965347/ccs,1,8,2,205,193,12,0.05853658536585366,Interrupted,205,60
Control_11,m84137_260214_004236_s1/38800331/ccs,1,8,2,205,193,12,0.05853658536585366,Interrupted,205,60
Control_11,m84137_260214_004236_s1/162071958/ccs,1,8,2,205,193,12,0.05853658536585366,Interrupted,205,60
Control_11,m84137_260214_004236_s1/214172023/ccs,1,8,2,205,193,12,0.05853658536585366,Interrupted,205,60
Control_11,m84137_260214_004236_s1/6297199/ccs,1,8,2,205,193,12,0.05853658536585366,Interrupted,205,60
Control_11,m84137_260214_004236_s1/67703041/ccs,1,8,2,205,193,12,0.05853658536585366,Interrupted,205,60
Control_11,m84137_260214_004236_s1/148705457/ccs,1,8,2,205,193,12,0.05853658536585366,Interrupted,205,60
Control_11,m84137_260214_004236_s1/22481255/ccs,1,8,2,205,193,12,0.05853658536585366,Interrupted,205,60
Control_11,m84137_260214_004236_s1/16976616/ccs,1,8,2,205,193,12,0.05853658536585366,Interrupted,205,60
Control_11,m84137_260214_004236_s1/11404488/ccs,1,8,2,205,193,12,0.05853658536585366,Interrupted,205,60
Control_11,m84137_260214_004236_s1/174588023/ccs,0,8,2,205,193,12,0.05853658536585366,Interrupted,205,60
Control_11,m84137_260214_004236_s1/187238160/ccs,1,8,2,205,193,12,0.05853658536585366,Interrupted,205,60
Control_11,m84137_260214_004236_s1/170591338/ccs,1,8,2,205,193,12,0.05853658536585366,Interrupted,205,60
Control_11,m84137_260214_004236_s1/188418695/ccs,1,8,2,205,193,12,0.05853658536585366,Interrupted,205,60
Control_11,m84137_260214_004236_s1/189597859/ccs,1,8,2,205,193,12,0.05853658536585366,Interrupted,205,60
Control_11,m84137_260214_004236_s1/176752919/ccs,1,8,2,205,193,12,0.05853658536585366,Interrupted,205,60
Control_11,m84137_260214_004236_s1/176751398/ccs,1,8,2,205,193,12,0.05853658536585366,Interrupted,205,60
Control_11,m84137_260214_004236_s1/197525711/ccs,1,8,2,205,193,12,0.05853658536585366,Interrupted,205,60
Control_11,m84137_260214_004236_s1/172490921/ccs,1,8,2,205,193,12,0.05853658536585366,Interrupted,205,60
Control_11,m84137_260214_004236_s1/172490871/ccs,1,8,2,205,193,12,0.05853658536585366,Interrupted,205,60
Control_11,m84137_260214_004236_s1/198576894/ccs,1,8,2,205,193,12,0.05853658536585366,Interrupted,205,60
Control_11,m84137_260214_004236_s1/181013099/ccs,1,8,2,205,193,12,0.05853658536585366,Interrupted,205,60
Control_11,m84137_260214_004236_s1/200018448/ccs,1,8,2,205,193,12,0.05853658536585366,Interrupted,205,60
Control_11,m84137_260214_004236_s1/182454067/ccs,1,8,2,205,193,12,0.05853658536585366,Interrupted,205,60
Control_11,m84137_260214_004236_s1/183240550/ccs,1,8,2,205,193,12,0.05853658536585366,Interrupted,205,60
Control_11,m84137_260214_004236_s1/183304909/ccs,1,8,2,205,193,12,0.05853658536585366,Interrupted,205,60
Control_11,m84137_260214_004236_s1/203754252/ccs,1,8,2,205,193,12,0.05853658536585366,Interrupted,205,60
Control_11,m84137_260214_004236_s1/224985270/ccs,1,8,2,205,193,12,0.05853658536585366,Interrupted,205,60
Control_11,m84137_260214_004236_s1/225051980/ccs,1,8,2,205,193,12,0.05853658536585366,Interrupted,205,60
Control_11,m84137_260214_004236_s1/229769427/ccs,1,8,2,205,193,12,0.05853658536585366,Interrupted,205,60
Control_11,m84137_260214_004236_s1/204605006/ccs,1,9,2,205,193,12,0.05853658536585366,Interrupted,205,60
Control_11,m84137_260214_004236_s1/216340227/ccs,1,8,2,205,193,12,0.05853658536585366,Interrupted,205,60
Control_11,m84137_260214_004236_s1/263525919/ccs,1,8,2,205,193,12,0.05853658536585366,Interrupted,205,60
Control_11,m84137_260214_004236_s1/266539609/ccs,1,8,2,205,193,12,0.05853658536585366,Interrupted,205,60
Control_11,m84137_260214_004236_s1/250154054/ccs,1,8,2,205,193,12,0.05853658536585366,Interrupted,205,60
Control_11,m84137_260214_004236_s1/250548569/ccs,1,8,2,205,193,12,0.05853658536585366,Interrupted,205,60
Control_11,m84137_260214_004236_s1/4326666/ccs,1,8,2,205,193,12,0.05853658536585366,Interrupted,205,60
Control_11,m84137_260214_004236_s1/52168056/ccs,1,8,2,205,193,12,0.05853658536585366,Interrupted,205,60
Control_11,m84137_260214_004236_s1/54855669/ccs,1,8,2,205,193,12,0.05853658536585366,Interrupted,205,60
Control_11,m84137_260214_004236_s1/105972844/ccs,1,8,2,205,193,12,0.05853658536585366,Interrupted,205,60
Control_11,m84137_260214_004236_s1/158335209/ccs,1,8,2,205,193,12,0.05853658536585366,Interrupted,205,60
Control_11,m84137_260214_004236_s1/147653654/ccs,1,8,2,205,193,12,0.05853658536585366,Interrupted,205,60
Control_11,m84137_260214_004236_s1/166331289/ccs,1,8,2,205,193,12,0.05853658536585366,Interrupted,205,60
Control_11,m84137_260214_004236_s1/188482419/ccs,1,8,2,205,193,12,0.05853658536585366,Interrupted,205,60
Control_11,m84137_260214_004236_s1/235014225/ccs,1,8,2,205,193,12,0.05853658536585366,Interrupted,205,60
Control_11,m84137_260214_004236_s1/259327735/ccs,1,8,2,205,193,12,0.05853658536585366,Interrupted,205,60
Control_11,m84137_260214_004236_s1/36967375/ccs,1,8,2,205,193,12,0.05853658536585366,Interrupted,205,60
Control_11,m84137_260214_004236_s1/69932088/ccs,1,8,2,205,193,12,0.05853658536585366,Interrupted,205,60
Control_11,m84137_260214_004236_s1/130225836/ccs,1,8,2,205,193,12,0.05853658536585366,Interrupted,205,60
Control_11,m84137_260214_004236_s1/130224413/ccs,1,8,2,205,193,12,0.05853658536585366,Interrupted,205,60
Control_11,m84137_260214_004236_s1/198775745/ccs,1,8,2,205,193,12,0.05853658536585366,Interrupted,205,60
Control_11,m84137_260214_004236_s1/206180551/ccs,1,8,2,205,193,12,0.05853658536585366,Interrupted,205,60
Control_11,m84137_260214_004236_s1/214241010/ccs,1,8,2,205,193,12,0.05853658536585366,Interrupted,205,60
Control_11,m84137_260214_004236_s1/249367622/ccs,1,8,2,205,193,12,0.05853658536585366,Interrupted,205,60
Control_11,m84137_260214_004236_s1/6948057/ccs,1,8,2,205,193,12,0.05853658536585366,Interrupted,205,60
Control_11,m84137_260214_004236_s1/34276964/ccs,1,8,2,205,193,12,0.05853658536585366,Interrupted,205,60
Control_11,m84137_260214_004236_s1/64883552/ccs,1,8,2,205,193,12,0.05853658536585366,Interrupted,205,60
Control_11,m84137_260214_004236_s1/73728967/ccs,1,8,2,205,193,12,0.05853658536585366,Interrupted,205,60
Control_11,m84137_260214_004236_s1/90964727/ccs,1,8,2,205,193,12,0.05853658536585366,Interrupted,205,60
Control_11,m84137_260214_004236_s1/86510244/ccs,1,8,2,205,193,12,0.05853658536585366,Interrupted,205,60
Control_11,m84137_260214_004236_s1/77529388/ccs,1,8,2,205,193,12,0.05853658536585366,Interrupted,205,60
Control_11,m84137_260214_004236_s1/160827338/ccs,1,8,2,205,193,12,0.05853658536585366,Interrupted,205,60
Control_11,m84137_260214_004236_s1/162072672/ccs,1,8,2,205,193,12,0.05853658536585366,Interrupted,205,60
Control_11,m84137_260214_004236_s1/196937777/ccs,1,8,2,205,193,12,0.05853658536585366,Interrupted,205,60
Control_11,m84137_260214_004236_s1/172950684/ccs,1,8,2,205,193,12,0.05853658536585366,Interrupted,205,60
Control_11,m84137_260214_004236_s1/207358147/ccs,1,8,2,205,193,12,0.05853658536585366,Interrupted,205,60
Control_11,m84137_260214_004236_s1/182780668/ccs,1,8,2,205,193,12,0.05853658536585366,Interrupted,205,60
Control_11,m84137_260214_004236_s1/206243435/ccs,1,8,2,205,193,12,0.05853658536585366,Interrupted,205,60
Control_11,m84137_260214_004236_s1/232458266/ccs,1,8,2,205,193,12,0.05853658536585366,Interrupted,205,60
Control_11,m84137_260214_004236_s1/236192273/ccs,1,8,2,205,193,12,0.05853658536585366,Interrupted,205,60
Control_11,m84137_260214_004236_s1/237962714/ccs,1,8,2,205,193,12,0.05853658536585366,Interrupted,205,60
Control_11,m84137_260214_004236_s1/7933956/ccs,1,8,2,205,193,12,0.05853658536585366,Interrupted,205,60
Control_11,m84137_260214_004236_s1/67243598/ccs,1,8,2,205,193,12,0.05853658536585366,Interrupted,205,60
Control_11,m84137_260214_004236_s1/59512225/ccs,1,8,2,205,193,12,0.05853658536585366,Interrupted,205,60
Control_11,m84137_260214_004236_s1/99424061/ccs,1,8,2,205,193,12,0.05853658536585366,Interrupted,205,60
Control_11,m84137_260214_004236_s1/138218657/ccs,1,8,2,205,193,12,0.05853658536585366,Interrupted,205,60
Control_11,m84137_260214_004236_s1/163124469/ccs,1,8,2,205,193,12,0.05853658536585366,Interrupted,205,60
Control_11,m84137_260214_004236_s1/232592369/ccs,1,8,2,205,193,12,0.05853658536585366,Interrupted,205,60
Control_11,m84137_260214_004236_s1/216402081/ccs,1,8,2,205,193,12,0.05853658536585366,Interrupted,205,60
Control_11,m84137_260214_004236_s1/97128419/ccs,1,8,2,205,193,12,0.05853658536585366,Interrupted,205,60
Control_11,m84137_260214_004236_s1/189076498/ccs,1,8,2,205,193,12,0.05853658536585366,Interrupted,205,60
Control_11,m84137_260214_004236_s1/67506894/ccs,1,8,2,205,193,12,0.05853658536585366,Interrupted,205,60
Control_11,m84137_260214_004236_s1/247726555/ccs,1,8,2,205,193,12,0.05853658536585366,Interrupted,205,60
Control_11,m84137_260214_004236_s1/266141880/ccs,1,8,2,205,193,12,0.05853658536585366,Interrupted,205,60
Control_11,m84137_260214_004236_s1/248775392/ccs,1,8,2,205,193,12,0.05853658536585366,Interrupted,205,60
Control_11,m84137_260214_004236_s1/23598681/ccs,1,8,2,205,193,12,0.05853658536585366,Interrupted,205,60
Control_11,m84137_260214_004236_s1/20123067/ccs,1,8,2,205,193,12,0.05853658536585366,Interrupted,205,60
Control_11,m84137_260214_004236_s1/23728663/ccs,1,8,2,205,193,12,0.05853658536585366,Interrupted,205,60
Control_11,m84137_260214_004236_s1/249692406/ccs,1,8,2,205,193,12,0.05853658536585366,Interrupted,205,60
Control_11,m84137_260214_004236_s1/250153131/ccs,1,8,2,205,193,12,0.05853658536585366,Interrupted,205,60
Control_11,m84137_260214_004236_s1/25431283/ccs,1,8,2,205,193,12,0.05853658536585366,Interrupted,205,60
Control_11,m84137_260214_004236_s1/250809249/ccs,1,8,2,205,193,12,0.05853658536585366,Interrupted,205,60
Control_11,m84137_260214_004236_s1/26676950/ccs,1,8,2,205,193,12,0.05853658536585366,Interrupted,205,60
Control_11,m84137_260214_004236_s1/9573434/ccs,1,8,2,205,193,12,0.05853658536585366,Interrupted,205,60
Control_11,m84137_260214_004236_s1/35525163/ccs,1,8,2,205,193,12,0.05853658536585366,Interrupted,205,60
Control_11,m84137_260214_004236_s1/10163556/ccs,1,8,2,205,193,12,0.05853658536585366,Interrupted,205,60
Control_11,m84137_260214_004236_s1/36441799/ccs,1,8,2,205,193,12,0.05853658536585366,Interrupted,205,60
Control_11,m84137_260214_004236_s1/39324824/ccs,1,8,2,205,193,12,0.05853658536585366,Interrupted,205,60
Control_11,m84137_260214_004236_s1/37753201/ccs,1,8,2,205,193,12,0.05853658536585366,Interrupted,205,60
Control_11,m84137_260214_004236_s1/58134699/ccs,1,8,2,205,193,12,0.05853658536585366,Interrupted,205,60
Control_11,m84137_260214_004236_s1/190515706/ccs,1,8,2,205,193,12,0.05853658536585366,Interrupted,205,60
Control_11,m84137_260214_004236_s1/152372720/ccs,1,8,2,205,193,12,0.05853658536585366,Interrupted,205,60
Control_11,m84137_260214_004236_s1/153027120/ccs,1,8,2,205,193,12,0.05853658536585366,Interrupted,205,60
Control_11,m84137_260214_004236_s1/153092644/ccs,1,8,2,205,193,12,0.05853658536585366,Interrupted,205,60
Control_11,m84137_260214_004236_s1/132711989/ccs,1,8,2,205,193,12,0.05853658536585366,Interrupted,205,60
Control_11,m84137_260214_004236_s1/115736916/ccs,1,8,2,205,193,12,0.05853658536585366,Interrupted,205,60
Control_11,m84137_260214_004236_s1/115737872/ccs,1,8,2,205,193,12,0.05853658536585366,Interrupted,205,60
Control_11,m84137_260214_004236_s1/115802273/ccs,1,8,2,205,193,12,0.05853658536585366,Interrupted,205,60
Control_11,m84137_260214_004236_s1/141101993/ccs,1,8,2,205,193,12,0.05853658536585366,Interrupted,205,60
Control_11,m84137_260214_004236_s1/116982359/ccs,1,8,2,205,193,12,0.05853658536585366,Interrupted,205,60
Control_11,m84137_260214_004236_s1/162661279/ccs,1,8,2,205,193,12,0.05853658536585366,Interrupted,205,60
Control_11,m84137_260214_004236_s1/155192302/ccs,1,8,2,205,193,12,0.05853658536585366,Interrupted,205,60
Control_11,m84137_260214_004236_s1/146868316/ccs,1,8,2,205,193,12,0.05853658536585366,Interrupted,205,60
Control_11,m84137_260214_004236_s1/143656968/ccs,1,8,2,205,193,12,0.05853658536585366,Interrupted,205,60
Control_11,m84137_260214_004236_s1/147391196/ccs,1,8,2,205,193,12,0.05853658536585366,Interrupted,205,60
Control_11,m84137_260214_004236_s1/144443917/ccs,1,8,2,205,193,12,0.05853658536585366,Interrupted,205,60
Control_11,m84137_260214_004236_s1/165348164/ccs,1,8,2,205,193,12,0.05853658536585366,Interrupted,205,60
Control_11,m84137_260214_004236_s1/162072322/ccs,1,8,2,205,193,12,0.05853658536585366,Interrupted,205,60
Control_11,m84137_260214_004236_s1/185730793/ccs,1,8,2,205,193,12,0.05853658536585366,Interrupted,205,60
Control_11,m84137_260214_004236_s1/173540865/ccs,1,8,2,205,193,12,0.05853658536585366,Interrupted,205,60
Control_11,m84137_260214_004236_s1/166398591/ccs,1,8,2,205,193,12,0.05853658536585366,Interrupted,205,60
Control_11,m84137_260214_004236_s1/173998283/ccs,1,8,2,205,193,12,0.05853658536585366,Interrupted,205,60
Control_11,m84137_260214_004236_s1/190973094/ccs,1,8,2,205,193,12,0.05853658536585366,Interrupted,205,60
Control_11,m84137_260214_004236_s1/27726394/ccs,1,8,2,205,193,12,0.05853658536585366,Interrupted,205,60
Control_11,m84137_260214_004236_s1/35785777/ccs,1,8,2,205,193,12,0.05853658536585366,Interrupted,205,60
Control_11,m84137_260214_004236_s1/32181274/ccs,1,8,2,205,193,12,0.05853658536585366,Interrupted,205,60
Control_11,m84137_260214_004236_s1/41227420/ccs,1,8,2,205,193,12,0.05853658536585366,Interrupted,205,60
Control_11,m84137_260214_004236_s1/41487957/ccs,1,8,2,205,193,12,0.05853658536585366,Interrupted,205,60
Control_11,m84137_260214_004236_s1/58463838/ccs,1,8,2,205,193,12,0.05853658536585366,Interrupted,205,60
Control_11,m84137_260214_004236_s1/15339560/ccs,1,8,2,205,193,12,0.05853658536585366,Interrupted,205,60
Control_11,m84137_260214_004236_s1/84088393/ccs,1,8,2,205,193,12,0.05853658536585366,Interrupted,205,60
Control_11,m84137_260214_004236_s1/59118182/ccs,1,8,2,205,193,12,0.05853658536585366,Interrupted,205,60
Control_11,m84137_260214_004236_s1/59510229/ccs,1,8,2,205,193,12,0.05853658536585366,Interrupted,205,60
Control_11,m84137_260214_004236_s1/59970242/ccs,1,8,2,205,193,12,0.05853658536585366,Interrupted,205,60
Control_11,m84137_260214_004236_s1/59838411/ccs,1,8,2,205,193,12,0.05853658536585366,Interrupted,205,60
Control_11,m84137_260214_004236_s1/44110561/ccs,1,8,2,205,193,12,0.05853658536585366,Interrupted,205,60
Control_11,m84137_260214_004236_s1/60363604/ccs,1,8,2,205,193,12,0.05853658536585366,Interrupted,205,60
Control_11,m84137_260214_004236_s1/65279393/ccs,1,8,2,205,193,12,0.05853658536585366,Interrupted,205,60
Control_11,m84137_260214_004236_s1/85265850/ccs,1,8,2,205,193,12,0.05853658536585366,Interrupted,205,60
Control_11,m84137_260214_004236_s1/73010861/ccs,1,8,2,205,193,12,0.05853658536585366,Interrupted,205,60
Control_11,m84137_260214_004236_s1/72486514/ccs,1,8,2,205,193,12,0.05853658536585366,Interrupted,205,60
Control_11,m84137_260214_004236_s1/91556874/ccs,1,8,2,205,193,12,0.05853658536585366,Interrupted,205,60
Control_11,m84137_260214_004236_s1/92213635/ccs,1,8,2,205,193,12,0.05853658536585366,Interrupted,205,60
Control_11,m84137_260214_004236_s1/48961138/ccs,1,8,2,205,193,12,0.05853658536585366,Interrupted,205,60
Control_11,m84137_260214_004236_s1/76288414/ccs,1,8,2,205,193,12,0.05853658536585366,Interrupted,205,60
Control_11,m84137_260214_004236_s1/76418094/ccs,1,8,2,205,193,12,0.05853658536585366,Interrupted,205,60
Control_11,m84137_260214_004236_s1/107610334/ccs,1,8,2,205,193,12,0.05853658536585366,Interrupted,205,60
Control_11,m84137_260214_004236_s1/124649965/ccs,1,8,2,205,193,12,0.05853658536585366,Interrupted,205,60
Control_11,m84137_260214_004236_s1/103744024/ccs,1,8,2,205,193,12,0.05853658536585366,Interrupted,205,60
Control_11,m84137_260214_004236_s1/120455250/ccs,1,8,2,205,193,12,0.05853658536585366,Interrupted,205,60
Control_11,m84137_260214_004236_s1/129565353/ccs,1,8,2,205,193,12,0.05853658536585366,Interrupted,205,60
Control_11,m84137_260214_004236_s1/121243073/ccs,1,8,2,205,193,12,0.05853658536585366,Interrupted,205,60
Control_11,m84137_260214_004236_s1/113117370/ccs,1,8,2,205,193,12,0.05853658536585366,Interrupted,205,60
Control_11,m84137_260214_004236_s1/105906438/ccs,1,8,2,205,193,12,0.05853658536585366,Interrupted,205,60
Control_11,m84137_260214_004236_s1/105972027/ccs,1,8,2,205,193,12,0.05853658536585366,Interrupted,205,60
Control_11,m84137_260214_004236_s1/106037431/ccs,1,8,2,205,193,12,0.05853658536585366,Interrupted,205,60
Control_11,m84137_260214_004236_s1/134285537/ccs,1,8,2,205,193,12,0.05853658536585366,Interrupted,205,60
Control_11,m84137_260214_004236_s1/134613790/ccs,1,8,2,205,193,12,0.05853658536585366,Interrupted,205,60
Control_11,m84137_260214_004236_s1/114230435/ccs,1,8,2,205,193,12,0.05853658536585366,Interrupted,205,60
Control_11,m84137_260214_004236_s1/135726780/ccs,1,8,2,205,193,12,0.05853658536585366,Interrupted,205,60
Control_11,m84137_260214_004236_s1/115147480/ccs,1,8,2,205,193,12,0.05853658536585366,Interrupted,205,60
Control_11,m84137_260214_004236_s1/115802267/ccs,1,8,2,205,193,12,0.05853658536585366,Interrupted,205,60
Control_11,m84137_260214_004236_s1/153749350/ccs,1,8,2,205,193,12,0.05853658536585366,Interrupted,205,60
Control_11,m84137_260214_004236_s1/128978012/ccs,1,8,2,205,193,12,0.05853658536585366,Interrupted,205,60
Control_11,m84137_260214_004236_s1/105909911/ccs,1,8,2,205,193,12,0.05853658536585366,Interrupted,205,60
Control_11,m84137_260214_004236_s1/82513909/ccs,1,8,2,205,193,12,0.05853658536585366,Interrupted,205,60
Control_11,m84137_260214_004236_s1/130290559/ccs,1,8,2,205,193,12,0.05853658536585366,Interrupted,205,60
Control_11,m84137_260214_004236_s1/110564295/ccs,1,8,2,205,193,12,0.05853658536585366,Interrupted,205,60
Control_11,m84137_260214_004236_s1/127211095/ccs,1,8,2,205,193,12,0.05853658536585366,Interrupted,205,60
Control_11,m84137_260214_004236_s1/135992290/ccs,1,8,2,205,193,12,0.05853658536585366,Interrupted,205,60
Control_11,m84137_260214_004236_s1/153032533/ccs,1,8,2,205,193,12,0.05853658536585366,Interrupted,205,60
Control_11,m84137_260214_004236_s1/156832576/ccs,1,8,2,205,193,12,0.05853658536585366,Interrupted,205,60
Control_11,m84137_260214_004236_s1/162861697/ccs,1,8,2,205,193,12,0.05853658536585366,Interrupted,205,60
Control_11,m84137_260214_004236_s1/160306047/ccs,0,8,2,205,193,12,0.05853658536585366,Interrupted,205,60
Control_11,m84137_260214_004236_s1/161418276/ccs,1,8,2,205,193,12,0.05853658536585366,Interrupted,205,60
Control_11,m84137_260214_004236_s1/185798644/ccs,1,8,2,205,193,12,0.05853658536585366,Interrupted,205,60
Control_11,m84137_260214_004236_s1/190322456/ccs,1,8,2,205,193,12,0.05853658536585366,Interrupted,205,60
Control_11,m84137_260214_004236_s1/167709817/ccs,1,8,2,205,193,12,0.05853658536585366,Interrupted,205,60
Control_11,m84137_260214_004236_s1/218108226/ccs,1,8,2,205,193,12,0.05853658536585366,Interrupted,205,60
Control_11,m84137_260214_004236_s1/172496636/ccs,1,8,2,205,193,12,0.05853658536585366,Interrupted,205,60
Control_11,m84137_260214_004236_s1/63116347/ccs,1,8,2,205,193,12,0.05853658536585366,Interrupted,205,60
Control_11,m84137_260214_004236_s1/69340893/ccs,1,8,2,205,193,12,0.05853658536585366,Interrupted,205,60
Control_11,m84137_260214_004236_s1/60363092/ccs,1,8,2,205,193,12,0.05853658536585366,Interrupted,205,60
Control_11,m84137_260214_004236_s1/60888589/ccs,1,8,2,205,193,12,0.05853658536585366,Interrupted,205,60
Control_11,m84137_260214_004236_s1/65605021/ccs,1,8,2,205,193,12,0.05853658536585366,Interrupted,205,60
Control_11,m84137_260214_004236_s1/73994525/ccs,1,8,2,205,193,12,0.05853658536585366,Interrupted,205,60
Control_11,m84137_260214_004236_s1/90509339/ccs,1,8,2,205,193,12,0.05853658536585366,Interrupted,205,60
Control_11,m84137_260214_004236_s1/88935780/ccs,1,8,2,205,193,12,0.05853658536585366,Interrupted,205,60
Control_11,m84137_260214_004236_s1/89329780/ccs,1,8,2,205,193,12,0.05853658536585366,Interrupted,205,60
Control_11,m84137_260214_004236_s1/48828949/ccs,1,8,2,205,193,12,0.05853658536585366,Interrupted,205,60
Control_11,m84137_260214_004236_s1/119607614/ccs,1,8,2,205,193,12,0.05853658536585366,Interrupted,205,60
Control_11,m84137_260214_004236_s1/81006081/ccs,1,8,2,205,193,12,0.05853658536585366,Interrupted,205,60
Control_11,m84137_260214_004236_s1/105387369/ccs,1,8,2,205,193,12,0.05853658536585366,Interrupted,205,60
Control_11,m84137_260214_004236_s1/81268255/ccs,1,8,2,205,193,12,0.05853658536585366,Interrupted,205,60
Control_11,m84137_260214_004236_s1/26741382/ccs,1,8,2,205,193,12,0.05853658536585366,Interrupted,205,60
Control_11,m84137_260214_004236_s1/30999232/ccs,1,8,2,205,193,12,0.05853658536585366,Interrupted,205,60
Control_11,m84137_260214_004236_s1/9830991/ccs,1,8,2,205,193,12,0.05853658536585366,Interrupted,205,60
Control_11,m84137_260214_004236_s1/21628655/ccs,1,8,2,205,193,12,0.05853658536585366,Interrupted,205,60
Control_11,m84137_260214_004236_s1/15598623/ccs,1,8,2,205,193,12,0.05853658536585366,Interrupted,205,60
Control_11,m84137_260214_004236_s1/50660778/ccs,1,8,2,205,193,12,0.05853658536585366,Interrupted,205,60
Control_11,m84137_260214_004236_s1/35718511/ccs,1,8,2,205,193,12,0.05853658536585366,Interrupted,205,60
Control_11,m84137_260214_004236_s1/51251416/ccs,1,8,2,205,193,12,0.05853658536585366,Interrupted,205,60
Control_11,m84137_260214_004236_s1/40306446/ccs,1,8,2,205,193,12,0.05853658536585366,Interrupted,205,60
Control_11,m84137_260214_004236_s1/40763505/ccs,1,8,2,205,193,12,0.05853658536585366,Interrupted,205,60
Control_11,m84137_260214_004236_s1/40700290/ccs,1,8,2,205,193,12,0.05853658536585366,Interrupted,205,60
Control_11,m84137_260214_004236_s1/37161436/ccs,1,8,2,205,193,12,0.05853658536585366,Interrupted,205,60
Control_11,m84137_260214_004236_s1/41421737/ccs,1,8,2,205,193,12,0.05853658536585366,Interrupted,205,60
Control_11,m84137_260214_004236_s1/59443737/ccs,1,8,2,205,193,12,0.05853658536585366,Interrupted,205,60
Control_11,m84137_260214_004236_s1/42142560/ccs,1,8,2,205,193,12,0.05853658536585366,Interrupted,205,60
Control_11,m84137_260214_004236_s1/42666346/ccs,1,8,2,205,193,12,0.05853658536585366,Interrupted,205,60
Control_11,m84137_260214_004236_s1/42861797/ccs,1,8,2,205,193,12,0.05853658536585366,Interrupted,205,60
Control_11,m84137_260214_004236_s1/60490695/ccs,1,8,2,205,193,12,0.05853658536585366,Interrupted,205,60
Control_11,m84137_260214_004236_s1/47317396/ccs,1,8,2,205,193,12,0.05853658536585366,Interrupted,205,60
Control_11,m84137_260214_004236_s1/54331485/ccs,1,8,2,205,193,12,0.05853658536585366,Interrupted,205,60
Control_11,m84137_260214_004236_s1/61016627/ccs,1,8,2,205,193,12,0.05853658536585366,Interrupted,205,60
Control_11,m84137_260214_004236_s1/44040559/ccs,1,8,2,205,193,12,0.05853658536585366,Interrupted,205,60
Control_11,m84137_260214_004236_s1/48366300/ccs,1,8,2,205,193,12,0.05853658536585366,Interrupted,205,60
Control_11,m84137_260214_004236_s1/64554361/ccs,1,8,2,205,193,12,0.05853658536585366,Interrupted,205,60
Control_11,m84137_260214_004236_s1/48432298/ccs,1,8,2,205,193,12,0.05853658536585366,Interrupted,205,60
Control_11,m84137_260214_004236_s1/51906655/ccs,1,8,2,205,193,12,0.05853658536585366,Interrupted,205,60
Control_11,m84137_260214_004236_s1/97387822/ccs,1,8,2,205,193,12,0.05853658536585366,Interrupted,205,60
Control_11,m84137_260214_004236_s1/77660655/ccs,1,8,2,205,193,12,0.05853658536585366,Interrupted,205,60
Control_11,m84137_260214_004236_s1/102761873/ccs,1,8,2,205,193,12,0.05853658536585366,Interrupted,205,60
Control_11,m84137_260214_004236_s1/220071778/ccs,1,8,2,205,193,12,0.05853658536585366,Interrupted,205,60
Control_11,m84137_260214_004236_s1/215482528/ccs,1,8,2,205,193,12,0.05853658536585366,Interrupted,205,60
Control_11,m84137_260214_004236_s1/43259339/ccs,1,8,2,205,193,12,0.05853658536585366,Interrupted,205,60
Control_11,m84137_260214_004236_s1/218763025/ccs,1,8,2,205,193,12,0.05853658536585366,Interrupted,205,60
Control_11,m84137_260214_004236_s1/252448794/ccs,1,8,2,205,193,12,0.05853658536585366,Interrupted,205,60
Control_11,m84137_260214_004236_s1/265229398/ccs,1,8,2,205,193,12,0.05853658536585366,Interrupted,205,60
Control_11,m84137_260214_004236_s1/28115629/ccs,1,8,2,205,193,12,0.05853658536585366,Interrupted,205,60
Control_11,m84137_260214_004236_s1/28051364/ccs,1,8,2,205,193,12,0.05853658536585366,Interrupted,205,60
Control_11,m84137_260214_004236_s1/23006177/ccs,1,8,2,205,193,12,0.05853658536585366,Interrupted,205,60
Control_11,m84137_260214_004236_s1/29426063/ccs,1,8,2,205,193,12,0.05853658536585366,Interrupted,205,60
Control_11,m84137_260214_004236_s1/29492745/ccs,1,8,2,205,193,12,0.05853658536585366,Interrupted,205,60
Control_11,m84137_260214_004236_s1/8061760/ccs,1,8,2,205,193,12,0.05853658536585366,Interrupted,205,60
Control_11,m84137_260214_004236_s1/30082276/ccs,1,8,2,205,193,12,0.05853658536585366,Interrupted,205,60
Control_11,m84137_260214_004236_s1/30147871/ccs,1,8,2,205,193,12,0.05853658536585366,Interrupted,205,60
Control_11,m84137_260214_004236_s1/25298108/ccs,1,8,2,205,193,12,0.05853658536585366,Interrupted,205,60
Control_11,m84137_260214_004236_s1/68945194/ccs,1,8,2,205,193,12,0.05853658536585366,Interrupted,205,60
Control_11,m84137_260214_004236_s1/62917919/ccs,1,8,2,205,193,12,0.05853658536585366,Interrupted,205,60
Control_11,m84137_260214_004236_s1/93066391/ccs,1,8,2,205,193,12,0.05853658536585366,Interrupted,205,60
Control_11,m84137_260214_004236_s1/40175962/ccs,1,8,2,205,193,12,0.05853658536585366,Interrupted,205,60
Control_11,m84137_260214_004236_s1/243992841/ccs,1,8,2,205,193,12,0.05853658536585366,Interrupted,205,60
Control_11,m84137_260214_004236_s1/239668159/ccs,1,8,2,205,193,12,0.05853658536585366,Interrupted,205,60
Control_11,m84137_260214_004236_s1/17306845/ccs,1,8,2,205,193,12,0.05853658536585366,Interrupted,205,60
Control_11,m84137_260214_004236_s1/261097951/ccs,1,8,2,205,193,12,0.05853658536585366,Interrupted,205,60
Control_11,m84137_260214_004236_s1/246942471/ccs,1,8,2,205,193,12,0.05853658536585366,Interrupted,205,60
Control_11,m84137_260214_004236_s1/240388789/ccs,1,8,2,205,193,12,0.05853658536585366,Interrupted,205,60
Control_11,m84137_260214_004236_s1/262603553/ccs,1,8,2,205,193,12,0.05853658536585366,Interrupted,205,60
Control_11,m84137_260214_004236_s1/18485122/ccs,1,8,2,205,193,12,0.05853658536585366,Interrupted,205,60
Control_11,m84137_260214_004236_s1/248580615/ccs,1,8,2,205,193,12,0.05853658536585366,Interrupted,205,60
Control_11,m84137_260214_004236_s1/23204956/ccs,1,8,2,205,193,12,0.05853658536585366,Interrupted,205,60
Control_11,m84137_260214_004236_s1/23466135/ccs,1,8,2,205,193,12,0.05853658536585366,Interrupted,205,60
Control_11,m84137_260214_004236_s1/267062150/ccs,1,8,2,205,193,12,0.05853658536585366,Interrupted,205,60
Control_11,m84137_260214_004236_s1/267059793/ccs,1,8,2,205,193,12,0.05853658536585366,Interrupted,205,60
Control_11,m84137_260214_004236_s1/24710272/ccs,1,8,2,205,193,12,0.05853658536585366,Interrupted,205,60
Control_11,m84137_260214_004236_s1/4789635/ccs,1,8,2,205,193,12,0.05853658536585366,Interrupted,205,60
Control_11,m84137_260214_004236_s1/24711897/ccs,1,8,2,205,193,12,0.05853658536585366,Interrupted,205,60
Control_11,m84137_260214_004236_s1/20974858/ccs,1,8,2,205,193,12,0.05853658536585366,Interrupted,205,60
Control_11,m84137_260214_004236_s1/28905502/ccs,1,8,2,205,193,12,0.05853658536585366,Interrupted,205,60
Control_11,m84137_260214_004236_s1/8327308/ccs,1,8,2,205,193,12,0.05853658536585366,Interrupted,205,60
Control_11,m84137_260214_004236_s1/29561680/ccs,1,8,2,205,193,12,0.05853658536585366,Interrupted,205,60
Control_11,m84137_260214_004236_s1/29429291/ccs,1,8,2,205,193,12,0.05853658536585366,Interrupted,205,60
Control_11,m84137_260214_004236_s1/51252877/ccs,1,8,2,205,193,12,0.05853658536585366,Interrupted,205,60
Control_11,m84137_260214_004236_s1/27003937/ccs,1,8,2,205,193,12,0.05853658536585366,Interrupted,205,60
Control_11,m84137_260214_004236_s1/35065175/ccs,1,8,2,205,193,12,0.05853658536585366,Interrupted,205,60
Control_11,m84137_260214_004236_s1/142612285/ccs,1,8,2,205,193,12,0.05853658536585366,Interrupted,205,60
Control_11,m84137_260214_004236_s1/138875875/ccs,1,8,2,205,193,12,0.05853658536585366,Interrupted,205,60
Control_11,m84137_260214_004236_s1/115281011/ccs,1,8,2,205,193,12,0.05853658536585366,Interrupted,205,60
Control_11,m84137_260214_004236_s1/116332000/ccs,1,8,2,205,193,12,0.05853658536585366,Interrupted,205,60
Control_11,m84137_260214_004236_s1/163778896/ccs,1,8,2,205,193,12,0.05853658536585366,Interrupted,205,60
Control_11,m84137_260214_004236_s1/143658502/ccs,1,8,2,205,193,12,0.05853658536585366,Interrupted,205,60
Control_11,m84137_260214_004236_s1/164171233/ccs,1,8,2,205,193,12,0.05853658536585366,Interrupted,205,60
Control_11,m84137_260214_004236_s1/185536673/ccs,1,8,2,205,193,12,0.05853658536585366,Interrupted,205,60
Control_11,m84137_260214_004236_s1/164631989/ccs,1,8,2,205,193,12,0.05853658536585366,Interrupted,205,60
Control_11,m84137_260214_004236_s1/174067262/ccs,1,8,2,205,193,12,0.05853658536585366,Interrupted,205,60
Control_11,m84137_260214_004236_s1/190189591/ccs,1,8,2,205,193,12,0.05853658536585366,Interrupted,205,60
Control_11,m84137_260214_004236_s1/147068275/ccs,1,8,2,205,193,12,0.05853658536585366,Interrupted,205,60
Control_11,m84137_260214_004236_s1/147920024/ccs,1,8,2,205,193,12,0.05853658536585366,Interrupted,205,60
Control_11,m84137_260214_004236_s1/177870583/ccs,1,8,2,205,193,12,0.05853658536585366,Interrupted,205,60
Control_11,m84137_260214_004236_s1/193860233/ccs,1,8,2,205,193,12,0.05853658536585366,Interrupted,205,60
Control_11,m84137_260214_004236_s1/193662695/ccs,1,8,2,205,193,12,0.05853658536585366,Interrupted,205,60
Control_11,m84137_260214_004236_s1/207097583/ccs,1,8,2,205,193,12,0.05853658536585366,Interrupted,205,60
Control_11,m84137_260214_004236_s1/220009171/ccs,1,8,2,205,193,12,0.05853658536585366,Interrupted,205,60
Control_11,m84137_260214_004236_s1/201788554/ccs,1,8,2,205,193,12,0.05853658536585366,Interrupted,205,60
Control_11,m84137_260214_004236_s1/198905780/ccs,1,8,2,205,193,12,0.05853658536585366,Interrupted,205,60
Control_11,m84137_260214_004236_s1/198905304/ccs,1,8,2,205,193,12,0.05853658536585366,Interrupted,205,60
Control_11,m84137_260214_004236_s1/194512668/ccs,1,8,2,205,193,12,0.05853658536585366,Interrupted,205,60
Control_11,m84137_260214_004236_s1/198314601/ccs,1,8,2,205,193,12,0.05853658536585366,Interrupted,205,60
Control_11,m84137_260214_004236_s1/201458920/ccs,1,8,2,205,193,12,0.05853658536585366,Interrupted,205,60
Control_11,m84137_260214_004236_s1/178325240/ccs,1,8,2,205,193,12,0.05853658536585366,Interrupted,205,60
Control_11,m84137_260214_004236_s1/180751254/ccs,1,8,2,205,193,12,0.05853658536585366,Interrupted,205,60
Control_11,m84137_260214_004236_s1/219809391/ccs,1,8,2,205,193,12,0.05853658536585366,Interrupted,205,60
Control_11,m84137_260214_004236_s1/202115084/ccs,1,8,2,205,193,12,0.05853658536585366,Interrupted,205,60
Control_11,m84137_260214_004236_s1/202311953/ccs,1,8,2,205,193,12,0.05853658536585366,Interrupted,205,60
Control_11,m84137_260214_004236_s1/202508827/ccs,1,8,2,205,193,12,0.05853658536585366,Interrupted,205,60
Control_11,m84137_260214_004236_s1/224199139/ccs,1,8,2,205,193,12,0.05853658536585366,Interrupted,205,60
Control_11,m84137_260214_004236_s1/204081454/ccs,1,8,2,205,193,12,0.05853658536585366,Interrupted,205,60
Control_11,m84137_260214_004236_s1/229704282/ccs,1,8,2,205,193,12,0.05853658536585366,Interrupted,205,60
Control_11,m84137_260214_004236_s1/230295595/ccs,1,8,2,205,193,12,0.05853658536585366,Interrupted,205,60
Control_11,m84137_260214_004236_s1/230819222/ccs,1,8,2,205,193,12,0.05853658536585366,Interrupted,205,60
Control_11,m84137_260214_004236_s1/231146258/ccs,1,8,2,205,193,12,0.05853658536585366,Interrupted,205,60
Control_11,m84137_260214_004236_s1/231276761/ccs,1,8,2,205,193,12,0.05853658536585366,Interrupted,205,60
Control_11,m84137_260214_004236_s1/252249622/ccs,1,8,2,205,193,12,0.05853658536585366,Interrupted,205,60
Control_11,m84137_260214_004236_s1/163119769/ccs,0,8,2,205,193,12,0.05853658536585366,Interrupted,205,60
Control_11,m84137_260214_004236_s1/146867851/ccs,1,8,2,205,193,12,0.05853658536585366,Interrupted,205,60
Control_11,m84137_260214_004236_s1/168232790/ccs,1,8,2,205,193,12,0.05853658536585366,Interrupted,205,60
Control_11,m84137_260214_004236_s1/144114238/ccs,1,8,2,205,193,12,0.05853658536585366,Interrupted,205,60
Control_11,m84137_260214_004236_s1/165085318/ccs,1,8,2,205,193,12,0.05853658536585366,Interrupted,205,60
Control_11,m84137_260214_004236_s1/147980931/ccs,1,8,2,205,193,12,0.05853658536585366,Interrupted,205,60
Control_11,m84137_260214_004236_s1/147851814/ccs,1,8,2,205,193,12,0.05853658536585366,Interrupted,205,60
Control_11,m84137_260214_004236_s1/168888080/ccs,1,8,2,205,193,12,0.05853658536585366,Interrupted,205,60
Control_11,m84137_260214_004236_s1/186780555/ccs,1,8,2,205,193,12,0.05853658536585366,Interrupted,205,60
Control_11,m84137_260214_004236_s1/190909006/ccs,1,8,2,205,193,12,0.05853658536585366,Interrupted,205,60
Control_11,m84137_260214_004236_s1/170524754/ccs,1,8,2,205,193,12,0.05853658536585366,Interrupted,205,60
Control_11,m84137_260214_004236_s1/174981717/ccs,1,8,2,205,193,12,0.05853658536585366,Interrupted,205,60
Control_11,m84137_260214_004236_s1/175900159/ccs,1,8,2,205,193,12,0.05853658536585366,Interrupted,205,60
Control_11,m84137_260214_004236_s1/189270021/ccs,1,8,2,205,193,12,0.05853658536585366,Interrupted,205,60
Control_11,m84137_260214_004236_s1/192545834/ccs,1,8,2,205,193,12,0.05853658536585366,Interrupted,205,60
Control_11,m84137_260214_004236_s1/197266428/ccs,1,8,2,205,193,12,0.05853658536585366,Interrupted,205,60
Control_11,m84137_260214_004236_s1/177211701/ccs,1,8,2,205,193,12,0.05853658536585366,Interrupted,205,60
Control_11,m84137_260214_004236_s1/218564364/ccs,1,8,2,205,193,12,0.05853658536585366,Interrupted,205,60
Control_11,m84137_260214_004236_s1/212142438/ccs,1,8,2,205,193,12,0.05853658536585366,Interrupted,205,60
Control_11,m84137_260214_004236_s1/214697226/ccs,1,8,2,205,193,12,0.05853658536585366,Interrupted,205,60
Control_11,m84137_260214_004236_s1/232784517/ccs,1,8,2,205,193,12,0.05853658536585366,Interrupted,205,60
Control_11,m84137_260214_004236_s1/253888491/ccs,1,8,2,205,193,12,0.05853658536585366,Interrupted,205,60
Control_11,m84137_260214_004236_s1/235995688/ccs,1,8,2,205,193,12,0.05853658536585366,Interrupted,205,60
Control_11,m84137_260214_004236_s1/233899220/ccs,1,8,2,205,193,12,0.05853658536585366,Interrupted,205,60
Control_11,m84137_260214_004236_s1/258082958/ccs,1,8,2,205,193,12,0.05853658536585366,Interrupted,205,60
Control_11,m84137_260214_004236_s1/258345295/ccs,1,8,2,205,193,12,0.05853658536585366,Interrupted,205,60
Control_11,m84137_260214_004236_s1/216793519/ccs,1,8,2,205,193,12,0.05853658536585366,Interrupted,205,60
Control_11,m84137_260214_004236_s1/234816736/ccs,1,8,2,205,193,12,0.05853658536585366,Interrupted,205,60
Control_11,m84137_260214_004236_s1/258737519/ccs,1,8,2,205,193,12,0.05853658536585366,Interrupted,205,60
Control_11,m84137_260214_004236_s1/255788286/ccs,1,8,2,205,193,12,0.05853658536585366,Interrupted,205,60
Control_11,m84137_260214_004236_s1/259130336/ccs,1,8,2,205,193,12,0.05853658536585366,Interrupted,205,60
Control_11,m84137_260214_004236_s1/259525067/ccs,1,8,2,205,193,12,0.05853658536585366,Interrupted,205,60
Control_11,m84137_260214_004236_s1/263129638/ccs,1,8,2,205,193,12,0.05853658536585366,Interrupted,205,60
Control_11,m84137_260214_004236_s1/238225078/ccs,1,8,2,205,193,12,0.05853658536585366,Interrupted,205,60
Control_11,m84137_260214_004236_s1/238290625/ccs,1,8,2,205,193,12,0.05853658536585366,Interrupted,205,60
Control_11,m84137_260214_004236_s1/256706850/ccs,1,8,2,205,193,12,0.05853658536585366,Interrupted,205,60
Control_11,m84137_260214_004236_s1/238617129/ccs,1,8,2,205,193,12,0.05853658536585366,Interrupted,205,60
Control_11,m84137_260214_004236_s1/263457610/ccs,1,8,2,205,193,12,0.05853658536585366,Interrupted,205,60
Control_11,m84137_260214_004236_s1/260441330/ccs,1,8,2,205,193,12,0.05853658536585366,Interrupted,205,60
Control_11,m84137_260214_004236_s1/264374021/ccs,1,8,2,205,193,12,0.05853658536585366,Interrupted,205,60
Control_11,m84137_260214_004236_s1/92802375/ccs,1,8,2,205,193,12,0.05853658536585366,Interrupted,205,60
Control_11,m84137_260214_004236_s1/94115698/ccs,1,8,2,205,193,12,0.05853658536585366,Interrupted,205,60
Control_11,m84137_260214_004236_s1/98570674/ccs,1,8,2,205,193,12,0.05853658536585366,Interrupted,205,60
Control_11,m84137_260214_004236_s1/79303422/ccs,1,8,2,205,193,12,0.05853658536585366,Interrupted,205,60
Control_11,m84137_260214_004236_s1/94901310/ccs,1,8,2,205,193,12,0.05853658536585366,Interrupted,205,60
Control_11,m84137_260214_004236_s1/104273052/ccs,1,8,2,205,193,12,0.05853658536585366,Interrupted,205,60
Control_11,m84137_260214_004236_s1/120854044/ccs,1,8,2,205,193,12,0.05853658536585366,Interrupted,205,60
Control_11,m84137_260214_004236_s1/80941841/ccs,1,8,2,205,193,12,0.05853658536585366,Interrupted,205,60
Control_11,m84137_260214_004236_s1/121771805/ccs,1,8,2,205,193,12,0.05853658536585366,Interrupted,205,60
Control_11,m84137_260214_004236_s1/105712690/ccs,1,8,2,205,193,12,0.05853658536585366,Interrupted,205,60
Control_11,m84137_260214_004236_s1/130618805/ccs,1,8,2,205,193,12,0.05853658536585366,Interrupted,205,60
Control_11,m84137_260214_004236_s1/130881091/ccs,1,8,2,205,193,12,0.05853658536585366,Interrupted,205,60
Control_11,m84137_260214_004236_s1/112399175/ccs,1,8,2,205,193,12,0.05853658536585366,Interrupted,205,60
Control_11,m84137_260214_004236_s1/137498658/ccs,1,8,2,205,193,12,0.05853658536585366,Interrupted,205,60
Control_11,m84137_260214_004236_s1/113773739/ccs,1,8,2,205,193,12,0.05853658536585366,Interrupted,205,60
Control_11,m84137_260214_004236_s1/181735117/ccs,1,8,2,205,193,12,0.05853658536585366,Interrupted,205,60
Control_11,m84137_260214_004236_s1/225840791/ccs,1,8,2,205,193,12,0.05853658536585366,Interrupted,205,60
Control_11,m84137_260214_004236_s1/225973518/ccs,1,8,2,205,193,12,0.05853658536585366,Interrupted,205,60
Control_11,m84137_260214_004236_s1/205720832/ccs,1,8,2,205,193,12,0.05853658536585366,Interrupted,205,60
Control_11,m84137_260214_004236_s1/206179505/ccs,1,8,2,205,193,12,0.05853658536585366,Interrupted,205,60
Control_11,m84137_260214_004236_s1/206770016/ccs,1,8,2,205,193,12,0.05853658536585366,Interrupted,205,60
Control_11,m84137_260214_004236_s1/252777193/ccs,1,8,2,205,193,12,0.05853658536585366,Interrupted,205,60
Control_11,m84137_260214_004236_s1/230102788/ccs,1,8,2,205,193,12,0.05853658536585366,Interrupted,205,60
Control_11,m84137_260214_004236_s1/183635974/ccs,1,8,2,205,193,12,0.05853658536585366,Interrupted,205,60
Control_11,m84137_260214_004236_s1/227939884/ccs,1,8,2,205,193,12,0.05853658536585366,Interrupted,205,60
Control_11,m84137_260214_004236_s1/231149104/ccs,1,8,2,205,193,12,0.05853658536585366,Interrupted,205,60
Control_11,m84137_260214_004236_s1/237178425/ccs,1,8,2,205,193,12,0.05853658536585366,Interrupted,205,60
Control_11,m84137_260214_004236_s1/237244657/ccs,1,8,2,205,193,12,0.05853658536585366,Interrupted,205,60
Control_11,m84137_260214_004236_s1/257823418/ccs,1,8,2,205,193,12,0.05853658536585366,Interrupted,205,60
Control_11,m84137_260214_004236_s1/239277604/ccs,1,8,2,205,193,12,0.05853658536585366,Interrupted,205,60
Control_11,m84137_260214_004236_s1/261166416/ccs,1,8,2,205,193,12,0.05853658536585366,Interrupted,205,60
Control_11,m84137_260214_004236_s1/265032381/ccs,1,8,2,205,193,12,0.05853658536585366,Interrupted,205,60
Control_11,m84137_260214_004236_s1/48956205/ccs,1,8,2,205,193,12,0.05853658536585366,Interrupted,205,60
Control_11,m84137_260214_004236_s1/72879051/ccs,1,8,2,205,193,12,0.05853658536585366,Interrupted,205,60
Control_11,m84137_260214_004236_s1/50005724/ccs,1,8,2,205,193,12,0.05853658536585366,Interrupted,205,60
Control_11,m84137_260214_004236_s1/74582337/ccs,1,8,2,205,193,12,0.05853658536585366,Interrupted,205,60
Control_11,m84137_260214_004236_s1/95291568/ccs,1,8,2,205,193,12,0.05853658536585366,Interrupted,205,60
Control_11,m84137_260214_004236_s1/95092811/ccs,1,8,2,205,193,12,0.05853658536585366,Interrupted,205,60
Control_11,m84137_260214_004236_s1/71306123/ccs,1,8,2,205,193,12,0.05853658536585366,Interrupted,205,60
Control_11,m84137_260214_004236_s1/79496212/ccs,1,8,2,205,193,12,0.05853658536585366,Interrupted,205,60
Control_11,m84137_260214_004236_s1/75893050/ccs,1,8,2,205,193,12,0.05853658536585366,Interrupted,205,60
Control_11,m84137_260214_004236_s1/96667264/ccs,1,8,2,205,193,12,0.05853658536585366,Interrupted,205,60
Control_11,m84137_260214_004236_s1/96993739/ccs,1,8,2,205,193,12,0.05853658536585366,Interrupted,205,60
Control_11,m84137_260214_004236_s1/76153056/ccs,1,8,2,205,193,12,0.05853658536585366,Interrupted,205,60
Control_11,m84137_260214_004236_s1/77267290/ccs,1,8,2,205,193,12,0.05853658536585366,Interrupted,205,60
Control_11,m84137_260214_004236_s1/81331316/ccs,1,8,2,205,193,12,0.05853658536585366,Interrupted,205,60
Control_11,m84137_260214_004236_s1/88804253/ccs,1,8,2,205,193,12,0.05853658536585366,Interrupted,205,60
Control_11,m84137_260214_004236_s1/101319774/ccs,1,8,2,205,193,12,0.05853658536585366,Interrupted,205,60
Control_11,m84137_260214_004236_s1/123208502/ccs,1,8,2,205,193,12,0.05853658536585366,Interrupted,205,60
Control_11,m84137_260214_004236_s1/78250808/ccs,1,8,2,205,193,12,0.05853658536585366,Interrupted,205,60
Control_11,m84137_260214_004236_s1/117967195/ccs,1,8,2,205,193,12,0.05853658536585366,Interrupted,205,60
Control_11,m84137_260214_004236_s1/82314961/ccs,1,8,2,205,193,12,0.05853658536585366,Interrupted,205,60
Control_11,m84137_260214_004236_s1/99811902/ccs,1,8,2,205,193,12,0.05853658536585366,Interrupted,205,60
Control_11,m84137_260214_004236_s1/124257249/ccs,1,8,2,205,193,12,0.05853658536585366,Interrupted,205,60
Control_11,m84137_260214_004236_s1/100205920/ccs,1,8,2,205,193,12,0.05853658536585366,Interrupted,205,60
Control_11,m84137_260214_004236_s1/124258505/ccs,1,8,2,205,193,12,0.05853658536585366,Interrupted,205,60
Control_11,m84137_260214_004236_s1/246944045/ccs,1,8,2,205,193,12,0.05853658536585366,Interrupted,205,60
Control_11,m84137_260214_004236_s1/267456605/ccs,1,8,2,205,193,12,0.05853658536585366,Interrupted,205,60
Control_11,m84137_260214_004236_s1/247991913/ccs,1,8,2,205,193,12,0.05853658536585366,Interrupted,205,60
Control_11,m84137_260214_004236_s1/251137626/ccs,1,8,2,205,193,12,0.05853658536585366,Interrupted,205,60
Control_11,m84137_260214_004236_s1/17957833/ccs,1,8,2,205,193,12,0.05853658536585366,Interrupted,205,60
Control_11,m84137_260214_004236_s1/30081249/ccs,1,8,2,205,193,12,0.05853658536585366,Interrupted,205,60
Control_11,m84137_260214_004236_s1/14221466/ccs,1,8,2,205,193,12,0.05853658536585366,Interrupted,205,60
Control_11,m84137_260214_004236_s1/39454528/ccs,1,8,2,205,193,12,0.05853658536585366,Interrupted,205,60
Control_11,m84137_260214_004236_s1/41290343/ccs,1,8,2,205,193,12,0.05853658536585366,Interrupted,205,60
Control_11,m84137_260214_004236_s1/63834446/ccs,1,8,2,205,193,12,0.05853658536585366,Interrupted,205,60
Control_11,m84137_260214_004236_s1/66847848/ccs,1,8,2,205,193,12,0.05853658536585366,Interrupted,205,60
Control_11,m84137_260214_004236_s1/162203664/ccs,1,8,2,205,193,12,0.05853658536585366,Interrupted,205,60
Control_11,m84137_260214_004236_s1/160957999/ccs,1,8,2,205,193,12,0.05853658536585366,Interrupted,205,60
Control_11,m84137_260214_004236_s1/178325083/ccs,0,8,2,205,193,12,0.05853658536585366,Interrupted,205,60
Control_11,m84137_260214_004236_s1/210175244/ccs,1,8,2,205,193,12,0.05853658536585366,Interrupted,205,60
Control_11,m84137_260214_004236_s1/212666993/ccs,1,8,2,205,193,12,0.05853658536585366,Interrupted,205,60
Control_11,m84137_260214_004236_s1/258148878/ccs,1,8,2,205,193,12,0.05853658536585366,Interrupted,205,60
Control_11,m84137_260214_004236_s1/246745736/ccs,1,8,2,205,193,12,0.05853658536585366,Interrupted,205,60
Control_11,m84137_260214_004236_s1/267125121/ccs,1,8,2,205,193,12,0.05853658536585366,Interrupted,205,60
Control_11,m84137_260214_004236_s1/4198818/ccs,1,8,2,205,193,12,0.05853658536585366,Interrupted,205,60
Control_11,m84137_260214_004236_s1/20582214/ccs,1,8,2,205,193,12,0.05853658536585366,Interrupted,205,60
Control_11,m84137_260214_004236_s1/52106656/ccs,1,8,2,205,193,12,0.05853658536585366,Interrupted,205,60
Control_11,m84137_260214_004236_s1/44044489/ccs,1,8,2,205,193,12,0.05853658536585366,Interrupted,205,60
Control_11,m84137_260214_004236_s1/48434352/ccs,1,8,2,205,193,12,0.05853658536585366,Interrupted,205,60
Control_11,m84137_260214_004236_s1/192024247/ccs,1,8,2,205,193,12,0.05853658536585366,Interrupted,205,60
Control_11,m84137_260214_004236_s1/176033983/ccs,1,8,2,205,193,12,0.05853658536585366,Interrupted,205,60
Control_11,m84137_260214_004236_s1/221123941/ccs,1,8,2,205,193,12,0.05853658536585366,Interrupted,205,60
Control_11,m84137_260214_004236_s1/199561777/ccs,1,8,2,205,193,12,0.05853658536585366,Interrupted,205,60
Control_11,m84137_260214_004236_s1/222368502/ccs,1,8,2,205,193,12,0.05853658536585366,Interrupted,205,60
Control_11,m84137_260214_004236_s1/181802192/ccs,1,8,2,205,193,12,0.05853658536585366,Interrupted,205,60
Control_11,m84137_260214_004236_s1/183766169/ccs,1,8,2,205,193,12,0.05853658536585366,Interrupted,205,60
Control_11,m84137_260214_004236_s1/67635083/ccs,1,8,2,205,193,12,0.05853658536585366,Interrupted,205,60
Control_11,m84137_260214_004236_s1/49546628/ccs,1,8,2,205,193,12,0.05853658536585366,Interrupted,205,60
Control_11,m84137_260214_004236_s1/235409886/ccs,1,8,2,205,193,12,0.05853658536585366,Interrupted,205,60
Control_11,m84137_260214_004236_s1/47776007/ccs,1,8,2,205,193,12,0.05853658536585366,Interrupted,205,60
Control_11,m84137_260214_004236_s1/149754230/ccs,1,8,2,205,193,12,0.05853658536585366,Interrupted,205,60
Control_11,m84137_260214_004236_s1/8653061/ccs,1,8,2,205,193,12,0.05853658536585366,Interrupted,205,60
Control_11,m84137_260214_004236_s1/89392465/ccs,1,8,2,205,193,12,0.05853658536585366,Interrupted,205,60
Control_11,m84137_260214_004236_s1/137822345/ccs,1,8,2,205,193,12,0.05853658536585366,Interrupted,205,60
Control_11,m84137_260214_004236_s1/154928921/ccs,1,8,2,205,193,12,0.05853658536585366,Interrupted,205,60
Control_11,m84137_260214_004236_s1/93520526/ccs,1,8,2,205,193,12,0.05853658536585366,Interrupted,205,60
Control_11,m84137_260214_004236_s1/129696485/ccs,1,8,2,205,193,12,0.05853658536585366,Interrupted,205,60
Control_11,m84137_260214_004236_s1/68425593/ccs,1,8,2,205,193,12,0.05853658536585366,Interrupted,205,60
Control_11,m84137_260214_004236_s1/21824571/ccs,1,8,2,205,193,12,0.05853658536585366,Interrupted,205,60
Control_11,m84137_260214_004236_s1/215876813/ccs,1,8,2,205,193,12,0.05853658536585366,Interrupted,205,60
Control_11,m84137_260214_004236_s1/67898889/ccs,1,8,2,205,193,12,0.05853658536585366,Interrupted,205,60
Control_11,m84137_260214_004236_s1/255530135/ccs,0,8,2,206,193,13,0.06310679611650485,Interrupted,206,60
Control_11,m84137_260214_004236_s1/13633733/ccs,1,8,2,206,193,13,0.06310679611650485,Interrupted,206,60
Control_11,m84137_260214_004236_s1/252843850/ccs,1,8,2,206,193,13,0.06310679611650485,Interrupted,206,60
Control_11,m84137_260214_004236_s1/72418042/ccs,1,8,3,206,193,13,0.06310679611650485,Interrupted,206,60
Control_11,m84137_260214_004236_s1/233181259/ccs,1,8,3,206,193,13,0.06310679611650485,Interrupted,206,60
Control_11,m84137_260214_004236_s1/190711092/ccs,1,8,2,206,193,13,0.06310679611650485,Interrupted,206,60
Control_11,m84137_260214_004236_s1/29492885/ccs,1,8,2,206,193,13,0.06310679611650485,Interrupted,206,60
Control_11,m84137_260214_004236_s1/188811753/ccs,0,8,2,206,193,13,0.06310679611650485,Interrupted,206,60
Control_11,m84137_260214_004236_s1/169478159/ccs,1,8,2,206,193,13,0.06310679611650485,Interrupted,206,60
Control_11,m84137_260214_004236_s1/232656082/ccs,1,8,2,206,193,13,0.06310679611650485,Interrupted,206,60
Control_11,m84137_260214_004236_s1/240321706/ccs,1,8,3,207,193,14,0.06763285024154589,Interrupted,207,60
Control_11,m84137_260214_004236_s1/260116199/ccs,1,8,2,207,193,14,0.06763285024154589,Interrupted,207,60
Control_11,m84137_260214_004236_s1/17371961/ccs,1,9,2,207,193,14,0.06763285024154589,Interrupted,207,60
Control_11,m84137_260214_004236_s1/92411154/ccs,1,8,2,207,193,14,0.06763285024154589,Interrupted,207,60
Control_11,m84137_260214_004236_s1/136711455/ccs,1,8,2,207,193,14,0.06763285024154589,Interrupted,207,60
Control_11,m84137_260214_004236_s1/70582887/ccs,1,9,2,208,193,15,0.07211538461538461,Interrupted,208,60
Control_11,m84137_260214_004236_s1/78055081/ccs,1,9,2,208,193,15,0.07211538461538461,Interrupted,208,60
Control_11,m84137_260214_004236_s1/160235657/ccs,1,8,2,208,193,15,0.07211538461538461,Interrupted,208,60
Control_11,m84137_260214_004236_s1/5900435/ccs,1,9,2,208,193,15,0.07211538461538461,Interrupted,208,60
Control_11,m84137_260214_004236_s1/4197157/ccs,1,9,2,208,193,15,0.07211538461538461,Interrupted,208,60
Control_11,m84137_260214_004236_s1/56885668/ccs,1,8,2,208,193,15,0.07211538461538461,Interrupted,208,60
Control_11,m84137_260214_004236_s1/36438520/ccs,1,9,2,208,193,15,0.07211538461538461,Interrupted,208,60
Control_11,m84137_260214_004236_s1/36503763/ccs,1,9,2,208,193,15,0.07211538461538461,Interrupted,208,60
Control_11,m84137_260214_004236_s1/45552096/ccs,1,9,2,208,193,15,0.07211538461538461,Interrupted,208,60
Control_11,m84137_260214_004236_s1/72750229/ccs,1,9,2,208,193,15,0.07211538461538461,Interrupted,208,60
Control_11,m84137_260214_004236_s1/70848138/ccs,1,9,2,208,193,15,0.07211538461538461,Interrupted,208,60
Control_11,m84137_260214_004236_s1/212601729/ccs,1,9,2,208,193,15,0.07211538461538461,Interrupted,208,60
Control_11,m84137_260214_004236_s1/170464397/ccs,1,8,2,208,193,15,0.07211538461538461,Interrupted,208,60
Control_11,m84137_260214_004236_s1/149558802/ccs,1,8,2,208,193,15,0.07211538461538461,Interrupted,208,60
Control_11,m84137_260214_004236_s1/223941086/ccs,1,9,2,208,193,15,0.07211538461538461,Interrupted,208,60
Control_11,m84137_260214_004236_s1/107090830/ccs,1,8,2,208,193,15,0.07211538461538461,Interrupted,208,60
Control_11,m84137_260214_004236_s1/256709001/ccs,1,8,2,208,193,15,0.07211538461538461,Interrupted,208,60
Control_11,m84137_260214_004236_s1/216863266/ccs,1,9,2,208,193,15,0.07211538461538461,Interrupted,208,60
Control_11,m84137_260214_004236_s1/245039430/ccs,1,9,2,208,193,15,0.07211538461538461,Interrupted,208,60
Control_11,m84137_260214_004236_s1/262406819/ccs,1,8,2,208,193,15,0.07211538461538461,Interrupted,208,60
Control_11,m84137_260214_004236_s1/248644396/ccs,1,9,2,208,193,15,0.07211538461538461,Interrupted,208,60
Control_11,m84137_260214_004236_s1/205132650/ccs,1,9,2,208,193,15,0.07211538461538461,Interrupted,208,60
Control_11,m84137_260214_004236_s1/170137239/ccs,1,8,2,208,193,15,0.07211538461538461,Interrupted,208,60
Control_11,m84137_260214_004236_s1/23593515/ccs,1,9,2,208,193,15,0.07211538461538461,Interrupted,208,60
Control_11,m84137_260214_004236_s1/10290595/ccs,1,8,2,208,193,15,0.07211538461538461,Interrupted,208,60
Control_11,m84137_260214_004236_s1/16384388/ccs,1,8,2,208,193,15,0.07211538461538461,Interrupted,208,60
Control_11,m84137_260214_004236_s1/112263212/ccs,1,9,2,208,193,15,0.07211538461538461,Interrupted,208,60
Control_11,m84137_260214_004236_s1/114297467/ccs,1,9,2,208,193,15,0.07211538461538461,Interrupted,208,60
Control_11,m84137_260214_004236_s1/48891235/ccs,1,9,2,208,193,15,0.07211538461538461,Interrupted,208,60
Control_11,m84137_260214_004236_s1/88408750/ccs,1,9,2,208,193,15,0.07211538461538461,Interrupted,208,60
Control_11,m84137_260214_004236_s1/35524622/ccs,1,9,2,208,193,15,0.07211538461538461,Interrupted,208,60
Control_11,m84137_260214_004236_s1/174851337/ccs,1,9,2,208,193,15,0.07211538461538461,Interrupted,208,60
Control_11,m84137_260214_004236_s1/194578176/ccs,1,8,2,208,193,15,0.07211538461538461,Interrupted,208,60
Control_11,m84137_260214_004236_s1/201786115/ccs,1,8,2,208,193,15,0.07211538461538461,Interrupted,208,60
Control_11,m84137_260214_004236_s1/220136445/ccs,1,9,2,208,193,15,0.07211538461538461,Interrupted,208,60
Control_11,m84137_260214_004236_s1/183896516/ccs,1,9,2,208,193,15,0.07211538461538461,Interrupted,208,60
Control_11,m84137_260214_004236_s1/3343380/ccs,1,8,2,208,193,15,0.07211538461538461,Interrupted,208,60
Control_11,m84137_260214_004236_s1/17173836/ccs,1,8,2,208,193,15,0.07211538461538461,Interrupted,208,60
Control_11,m84137_260214_004236_s1/208213908/ccs,1,8,2,208,193,15,0.07211538461538461,Interrupted,208,60
Control_11,m84137_260214_004236_s1/99816089/ccs,1,9,2,208,193,15,0.07211538461538461,Interrupted,208,60
Control_11,m84137_260214_004236_s1/152570838/ccs,1,9,2,208,193,15,0.07211538461538461,Interrupted,208,60
Control_11,m84137_260214_004236_s1/248187799/ccs,1,9,2,208,193,15,0.07211538461538461,Interrupted,208,60
Control_11,m84137_260214_004236_s1/23402227/ccs,1,9,2,208,193,15,0.07211538461538461,Interrupted,208,60
Control_11,m84137_260214_004236_s1/8328224/ccs,1,9,2,208,193,15,0.07211538461538461,Interrupted,208,60
Control_11,m84137_260214_004236_s1/36573534/ccs,1,8,2,208,193,15,0.07211538461538461,Interrupted,208,60
Control_11,m84137_260214_004236_s1/42669582/ccs,1,9,2,208,193,15,0.07211538461538461,Interrupted,208,60
Control_11,m84137_260214_004236_s1/61214230/ccs,1,9,2,208,193,15,0.07211538461538461,Interrupted,208,60
Control_11,m84137_260214_004236_s1/102958721/ccs,1,9,2,208,193,15,0.07211538461538461,Interrupted,208,60
Control_11,m84137_260214_004236_s1/152110896/ccs,1,8,2,208,193,15,0.07211538461538461,Interrupted,208,60
Control_11,m84137_260214_004236_s1/131666192/ccs,1,9,2,208,193,15,0.07211538461538461,Interrupted,208,60
Control_11,m84137_260214_004236_s1/185145110/ccs,1,9,2,208,193,15,0.07211538461538461,Interrupted,208,60
Control_11,m84137_260214_004236_s1/48894230/ccs,1,9,2,208,193,15,0.07211538461538461,Interrupted,208,60
Control_11,m84137_260214_004236_s1/24905873/ccs,1,9,2,208,193,15,0.07211538461538461,Interrupted,208,60
Control_11,m84137_260214_004236_s1/246680306/ccs,1,8,2,208,193,15,0.07211538461538461,Interrupted,208,60
Control_11,m84137_260214_004236_s1/19010460/ccs,1,8,2,208,193,15,0.07211538461538461,Interrupted,208,60
Control_11,m84137_260214_004236_s1/266404686/ccs,1,8,2,208,193,15,0.07211538461538461,Interrupted,208,60
Control_11,m84137_260214_004236_s1/9506555/ccs,1,9,2,208,193,15,0.07211538461538461,Interrupted,208,60
Control_11,m84137_260214_004236_s1/172493852/ccs,1,9,2,208,193,15,0.07211538461538461,Interrupted,208,60
Control_11,m84137_260214_004236_s1/195104535/ccs,1,9,2,208,193,15,0.07211538461538461,Interrupted,208,60
Control_11,m84137_260214_004236_s1/200343947/ccs,1,8,2,208,193,15,0.07211538461538461,Interrupted,208,60
Control_11,m84137_260214_004236_s1/203293713/ccs,1,9,2,208,193,15,0.07211538461538461,Interrupted,208,60
Control_11,m84137_260214_004236_s1/168363534/ccs,1,8,2,208,193,15,0.07211538461538461,Interrupted,208,60
Control_11,m84137_260214_004236_s1/188549052/ccs,1,9,2,208,193,15,0.07211538461538461,Interrupted,208,60
Control_11,m84137_260214_004236_s1/172688225/ccs,1,9,2,208,193,15,0.07211538461538461,Interrupted,208,60
Control_11,m84137_260214_004236_s1/256772997/ccs,1,9,2,208,193,15,0.07211538461538461,Interrupted,208,60
Control_11,m84137_260214_004236_s1/49941641/ccs,1,8,2,208,193,15,0.07211538461538461,Interrupted,208,60
Control_11,m84137_260214_004236_s1/83564203/ccs,1,9,2,208,193,15,0.07211538461538461,Interrupted,208,60
Control_11,m84137_260214_004236_s1/215160338/ccs,1,8,2,208,193,15,0.07211538461538461,Interrupted,208,60
Control_11,m84137_260214_004236_s1/29098736/ccs,1,9,2,208,193,15,0.07211538461538461,Interrupted,208,60
Control_11,m84137_260214_004236_s1/152308382/ccs,1,8,2,208,193,15,0.07211538461538461,Interrupted,208,60
Control_11,m84137_260214_004236_s1/228983308/ccs,1,9,2,208,193,15,0.07211538461538461,Interrupted,208,60
Control_11,m84137_260214_004236_s1/231084257/ccs,0,9,2,208,193,15,0.07211538461538461,Interrupted,208,60
Control_11,m84137_260214_004236_s1/132059632/ccs,1,9,2,208,193,15,0.07211538461538461,Interrupted,208,60
Control_11,m84137_260214_004236_s1/215679590/ccs,1,9,2,208,193,15,0.07211538461538461,Interrupted,208,60
Control_11,m84137_260214_004236_s1/14813497/ccs,1,8,2,208,193,15,0.07211538461538461,Interrupted,208,60
Control_11,m84137_260214_004236_s1/208273552/ccs,1,8,2,209,193,16,0.07655502392344497,Interrupted,209,60
Control_11,m84137_260214_004236_s1/17434736/ccs,1,9,2,209,193,16,0.07655502392344497,Interrupted,209,60
Control_11,m84137_260214_004236_s1/147130755/ccs,1,9,2,209,193,16,0.07655502392344497,Interrupted,209,60
Control_11,m84137_260214_004236_s1/163250892/ccs,1,9,2,210,193,17,0.08095238095238096,Interrupted,210,60
Control_11,m84137_260214_004236_s1/107810344/ccs,0,8,2,210,193,17,0.08095238095238096,Interrupted,210,60
Control_11,m84137_260214_004236_s1/66519687/ccs,1,8,2,211,193,18,0.08530805687203792,Interrupted,211,60
Control_11,m84137_260214_004236_s1/209261202/ccs,1,9,2,211,193,18,0.08530805687203792,Interrupted,211,60
Control_11,m84137_260214_004236_s1/84738711/ccs,1,9,2,213,192,21,0.09859154929577464,Interrupted,213,60
Control_11,m84137_260214_004236_s1/21695935/ccs,1,9,2,216,193,23,0.10648148148148148,Interrupted,216,60
Control_11,m84137_260214_004236_s1/194711918/ccs,0,7,2,198,184,14,0.0707070707070707,Interrupted,198,60
Control_11,m84137_260214_004236_s1/113052421/ccs,0,8,2,199,190,9,0.04522613065326633,Pure,199,60
Control_11,m84137_260214_004236_s1/251987919/ccs,0,8,2,197,190,7,0.03553299492385787,Pure,197,60
Control_11,m84137_260214_004236_s1/51249371/ccs,0,8,2,197,190,7,0.03553299492385787,Pure,197,60
Control_11,m84137_260214_004236_s1/4527844/ccs,0,8,2,197,190,7,0.03553299492385787,Pure,197,60
Control_11,m84137_260214_004236_s1/249300024/ccs,0,8,2,198,190,8,0.04040404040404041,Pure,198,60
Control_11,m84137_260214_004236_s1/186256787/ccs,0,8,2,198,190,8,0.04040404040404041,Pure,198,60
Control_11,m84137_260214_004236_s1/80085927/ccs,0,8,2,198,190,8,0.04040404040404041,Pure,198,60
Control_11,m84137_260214_004236_s1/62982914/ccs,0,8,2,198,190,8,0.04040404040404041,Pure,198,60
Control_11,m84137_260214_004236_s1/92079740/ccs,0,8,2,198,190,8,0.04040404040404041,Pure,198,60
Control_11,m84137_260214_004236_s1/26411515/ccs,0,8,2,198,190,8,0.04040404040404041,Pure,198,60
Control_11,m84137_260214_004236_s1/44634497/ccs,1,8,2,199,193,6,0.03015075376884422,Pure,199,60
Control_11,m84137_260214_004236_s1/73534412/ccs,0,8,2,199,193,6,0.03015075376884422,Pure,199,60
Control_11,m84137_260214_004236_s1/66585081/ccs,0,8,2,199,193,6,0.03015075376884422,Pure,199,60
Control_11,m84137_260214_004236_s1/113119665/ccs,1,8,2,199,193,6,0.03015075376884422,Pure,199,60
Control_11,m84137_260214_004236_s1/36046369/ccs,1,8,2,199,193,6,0.03015075376884422,Pure,199,60
Control_11,m84137_260214_004236_s1/254546145/ccs,0,8,2,199,193,6,0.03015075376884422,Pure,199,60
Control_11,m84137_260214_004236_s1/35849878/ccs,0,8,2,199,191,8,0.04020100502512563,Pure,199,60
Control_11,m84137_260214_004236_s1/96078985/ccs,0,8,2,199,190,9,0.04522613065326633,Pure,199,60
Control_11,m84137_260214_004236_s1/260770914/ccs,0,8,2,200,191,9,0.045,Pure,200,60
Control_11,m84137_260214_004236_s1/38469726/ccs,0,7,3,200,191,9,0.045,Pure,200,60
Control_11,m84137_260214_004236_s1/55185398/ccs,0,8,2,201,192,9,0.04477611940298507,Pure,201,60
Control_11,m84137_260214_004236_s1/229443484/ccs,0,8,2,201,192,9,0.04477611940298507,Pure,201,60
Control_11,m84137_260214_004236_s1/28510127/ccs,0,8,2,201,192,9,0.04477611940298507,Pure,201,60
Control_11,m84137_260214_004236_s1/37683310/ccs,0,8,2,201,192,9,0.04477611940298507,Pure,201,60
Control_11,m84137_260214_004236_s1/70192232/ccs,1,8,2,201,192,9,0.04477611940298507,Pure,201,60
Control_11,m84137_260214_004236_s1/105779087/ccs,0,8,2,201,192,9,0.04477611940298507,Pure,201,60
Control_11,m84137_260214_004236_s1/81200477/ccs,0,8,2,201,191,10,0.04975124378109453,Pure,201,60
Control_11,m84137_260214_004236_s1/262866778/ccs,0,8,2,201,190,11,0.05472636815920398,Interrupted,201,60
Control_11,m84137_260214_004236_s1/64356709/ccs,1,8,2,202,192,10,0.04950495049504951,Pure,202,60
Control_11,m84137_260214_004236_s1/54201088/ccs,1,8,2,202,193,9,0.04455445544554455,Pure,202,60
Control_11,m84137_260214_004236_s1/62723428/ccs,0,8,2,202,193,9,0.04455445544554455,Pure,202,60
Control_11,m84137_260214_004236_s1/100533875/ccs,1,8,2,202,193,9,0.04455445544554455,Pure,202,60
Control_11,m84137_260214_004236_s1/128976795/ccs,1,8,2,202,193,9,0.04455445544554455,Pure,202,60
Control_11,m84137_260214_004236_s1/76285095/ccs,1,8,2,202,193,9,0.04455445544554455,Pure,202,60
Control_11,m84137_260214_004236_s1/76612688/ccs,1,8,2,202,193,9,0.04455445544554455,Pure,202,60
Control_11,m84137_260214_004236_s1/39389542/ccs,1,8,2,202,193,9,0.04455445544554455,Pure,202,60
Control_11,m84137_260214_004236_s1/89785619/ccs,0,8,2,202,193,9,0.04455445544554455,Pure,202,60
Control_11,m84137_260214_004236_s1/168495131/ccs,1,8,2,202,193,9,0.04455445544554455,Pure,202,60
Control_11,m84137_260214_004236_s1/190317594/ccs,0,8,2,202,193,9,0.04455445544554455,Pure,202,60
Control_11,m84137_260214_004236_s1/130547866/ccs,1,8,2,202,193,9,0.04455445544554455,Pure,202,60
Control_11,m84137_260214_004236_s1/135071386/ccs,0,8,2,202,193,9,0.04455445544554455,Pure,202,60
Control_11,m84137_260214_004236_s1/152961636/ccs,0,8,2,202,192,10,0.04950495049504951,Pure,202,60
Control_11,m84137_260214_004236_s1/136776502/ccs,0,8,2,202,193,9,0.04455445544554455,Pure,202,60
Control_11,m84137_260214_004236_s1/145950307/ccs,1,8,2,202,193,9,0.04455445544554455,Pure,202,60
Control_11,m84137_260214_004236_s1/146079907/ccs,0,8,2,202,193,9,0.04455445544554455,Pure,202,60
Control_11,m84137_260214_004236_s1/147062875/ccs,1,8,2,202,193,9,0.04455445544554455,Pure,202,60
Control_11,m84137_260214_004236_s1/216532768/ccs,1,8,2,202,193,9,0.04455445544554455,Pure,202,60
Control_11,m84137_260214_004236_s1/217778608/ccs,0,8,2,202,193,9,0.04455445544554455,Pure,202,60
Control_11,m84137_260214_004236_s1/179242218/ccs,1,8,2,202,193,9,0.04455445544554455,Pure,202,60
Control_11,m84137_260214_004236_s1/178455869/ccs,0,8,2,202,193,9,0.04455445544554455,Pure,202,60
Control_11,m84137_260214_004236_s1/181600938/ccs,0,8,2,202,193,9,0.04455445544554455,Pure,202,60
Control_11,m84137_260214_004236_s1/214829752/ccs,0,8,2,202,193,9,0.04455445544554455,Pure,202,60
Control_11,m84137_260214_004236_s1/219747945/ccs,1,8,2,202,193,9,0.04455445544554455,Pure,202,60
Control_11,m84137_260214_004236_s1/198512006/ccs,0,8,2,202,193,9,0.04455445544554455,Pure,202,60
Control_11,m84137_260214_004236_s1/266275461/ccs,0,8,2,202,193,9,0.04455445544554455,Pure,202,60
Control_11,m84137_260214_004236_s1/72486290/ccs,1,8,2,202,193,9,0.04455445544554455,Pure,202,60
Control_11,m84137_260214_004236_s1/49155988/ccs,1,8,2,202,193,9,0.04455445544554455,Pure,202,60
Control_11,m84137_260214_004236_s1/111217744/ccs,0,8,2,202,193,9,0.04455445544554455,Pure,202,60
Control_11,m84137_260214_004236_s1/22156213/ccs,0,8,2,202,193,9,0.04455445544554455,Pure,202,60
Control_11,m84137_260214_004236_s1/40636815/ccs,0,8,2,202,193,9,0.04455445544554455,Pure,202,60
Control_11,m84137_260214_004236_s1/166268655/ccs,0,8,2,202,193,9,0.04455445544554455,Pure,202,60
Control_11,m84137_260214_004236_s1/238097909/ccs,1,8,2,202,193,9,0.04455445544554455,Pure,202,60
Control_11,m84137_260214_004236_s1/149094907/ccs,0,8,2,202,193,9,0.04455445544554455,Pure,202,60
Control_11,m84137_260214_004236_s1/142019600/ccs,1,8,2,202,193,9,0.04455445544554455,Pure,202,60
Control_11,m84137_260214_004236_s1/196023247/ccs,1,8,2,202,193,9,0.04455445544554455,Pure,202,60
Control_11,m84137_260214_004236_s1/242226722/ccs,1,8,2,202,193,9,0.04455445544554455,Pure,202,60
Control_11,m84137_260214_004236_s1/225379191/ccs,1,8,2,202,193,9,0.04455445544554455,Pure,202,60
Control_11,m84137_260214_004236_s1/238094778/ccs,1,8,2,202,193,9,0.04455445544554455,Pure,202,60
Control_11,m84137_260214_004236_s1/47124917/ccs,1,8,2,202,193,9,0.04455445544554455,Pure,202,60
Control_11,m84137_260214_004236_s1/89654158/ccs,0,8,2,202,193,9,0.04455445544554455,Pure,202,60
Control_11,m84137_260214_004236_s1/222759440/ccs,0,8,2,202,192,10,0.04950495049504951,Pure,202,60
Control_11,m84137_260214_004236_s1/82576624/ccs,0,8,2,202,193,9,0.04455445544554455,Pure,202,60
Control_11,m84137_260214_004236_s1/261685637/ccs,0,8,2,202,193,9,0.04455445544554455,Pure,202,60
Control_11,m84137_260214_004236_s1/37618894/ccs,0,8,2,202,193,9,0.04455445544554455,Pure,202,60
Control_11,m84137_260214_004236_s1/97913626/ccs,0,8,2,202,193,9,0.04455445544554455,Pure,202,60
Control_11,m84137_260214_004236_s1/68685904/ccs,0,8,2,202,193,9,0.04455445544554455,Pure,202,60
Control_11,m84137_260214_004236_s1/259591130/ccs,0,8,2,202,193,9,0.04455445544554455,Pure,202,60
Control_11,m84137_260214_004236_s1/249630234/ccs,1,8,2,202,193,9,0.04455445544554455,Pure,202,60
Control_11,m84137_260214_004236_s1/20515556/ccs,1,8,2,202,193,9,0.04455445544554455,Pure,202,60
Control_11,m84137_260214_004236_s1/93128914/ccs,1,8,2,202,193,9,0.04455445544554455,Pure,202,60
Control_11,m84137_260214_004236_s1/198050965/ccs,1,8,2,202,193,9,0.04455445544554455,Pure,202,60
Control_11,m84137_260214_004236_s1/23336474/ccs,1,8,2,202,193,9,0.04455445544554455,Pure,202,60
Control_11,m84137_260214_004236_s1/98897737/ccs,1,8,2,202,193,9,0.04455445544554455,Pure,202,60
Control_11,m84137_260214_004236_s1/108139338/ccs,1,8,2,202,193,9,0.04455445544554455,Pure,202,60
Control_11,m84137_260214_004236_s1/124388087/ccs,1,8,2,202,193,9,0.04455445544554455,Pure,202,60
Control_11,m84137_260214_004236_s1/151848170/ccs,1,8,2,202,193,9,0.04455445544554455,Pure,202,60
Control_11,m84137_260214_004236_s1/144966249/ccs,1,8,2,202,193,9,0.04455445544554455,Pure,202,60
Control_11,m84137_260214_004236_s1/50529978/ccs,0,8,2,202,193,9,0.04455445544554455,Pure,202,60
Control_11,m84137_260214_004236_s1/82314279/ccs,0,8,2,202,193,9,0.04455445544554455,Pure,202,60
Control_11,m84137_260214_004236_s1/131729591/ccs,0,8,2,202,193,9,0.04455445544554455,Pure,202,60
Control_11,m84137_260214_004236_s1/205129824/ccs,0,8,2,202,193,9,0.04455445544554455,Pure,202,60
Control_11,m84137_260214_004236_s1/9768116/ccs,0,8,2,202,193,9,0.04455445544554455,Pure,202,60
Control_11,m84137_260214_004236_s1/90312886/ccs,0,8,2,202,193,9,0.04455445544554455,Pure,202,60
Control_11,m84137_260214_004236_s1/134614243/ccs,0,8,2,202,193,9,0.04455445544554455,Pure,202,60
Control_11,m84137_260214_004236_s1/164302252/ccs,0,8,2,202,193,9,0.04455445544554455,Pure,202,60
Control_11,m84137_260214_004236_s1/146609755/ccs,0,8,2,202,193,9,0.04455445544554455,Pure,202,60
Control_11,m84137_260214_004236_s1/148116892/ccs,0,8,2,202,193,9,0.04455445544554455,Pure,202,60
Control_11,m84137_260214_004236_s1/205786125/ccs,0,8,2,202,193,9,0.04455445544554455,Pure,202,60
Control_11,m84137_260214_004236_s1/80806290/ccs,0,8,2,202,193,9,0.04455445544554455,Pure,202,60
Control_11,m84137_260214_004236_s1/157286493/ccs,0,8,2,202,193,9,0.04455445544554455,Pure,202,60
Control_11,m84137_260214_004236_s1/143327950/ccs,0,8,2,202,193,9,0.04455445544554455,Pure,202,60
Control_11,m84137_260214_004236_s1/99812759/ccs,1,8,2,202,193,9,0.04455445544554455,Pure,202,60
Control_11,m84137_260214_004236_s1/149291227/ccs,1,8,2,202,193,9,0.04455445544554455,Pure,202,60
Control_11,m84137_260214_004236_s1/175574622/ccs,1,8,2,202,193,9,0.04455445544554455,Pure,202,60
Control_11,m84137_260214_004236_s1/60689156/ccs,1,8,2,202,193,9,0.04455445544554455,Pure,202,60
Control_11,m84137_260214_004236_s1/140248955/ccs,1,8,2,202,193,9,0.04455445544554455,Pure,202,60
Control_11,m84137_260214_004236_s1/149618824/ccs,1,8,2,202,193,9,0.04455445544554455,Pure,202,60
Control_11,m84137_260214_004236_s1/224002828/ccs,1,8,2,202,193,9,0.04455445544554455,Pure,202,60
Control_11,m84137_260214_004236_s1/203228475/ccs,1,8,2,202,193,9,0.04455445544554455,Pure,202,60
Control_11,m84137_260214_004236_s1/51909093/ccs,1,8,2,202,193,9,0.04455445544554455,Pure,202,60
Control_11,m84137_260214_004236_s1/163058393/ccs,1,8,2,202,193,9,0.04455445544554455,Pure,202,60
Control_11,m84137_260214_004236_s1/176230593/ccs,1,8,2,202,193,9,0.04455445544554455,Pure,202,60
Control_11,m84137_260214_004236_s1/138742878/ccs,1,8,2,202,193,9,0.04455445544554455,Pure,202,60
Control_11,m84137_260214_004236_s1/218366765/ccs,1,8,2,202,193,9,0.04455445544554455,Pure,202,60
Control_11,m84137_260214_004236_s1/257753562/ccs,0,8,2,202,193,9,0.04455445544554455,Pure,202,60
Control_11,m84137_260214_004236_s1/7340164/ccs,0,8,2,202,193,9,0.04455445544554455,Pure,202,60
Control_11,m84137_260214_004236_s1/248581486/ccs,0,8,2,202,193,9,0.04455445544554455,Pure,202,60
Control_11,m84137_260214_004236_s1/203036423/ccs,0,8,2,202,193,9,0.04455445544554455,Pure,202,60
Control_11,m84137_260214_004236_s1/17432876/ccs,0,8,2,202,193,9,0.04455445544554455,Pure,202,60
Control_11,m84137_260214_004236_s1/58197695/ccs,0,8,2,202,193,9,0.04455445544554455,Pure,202,60
Control_11,m84137_260214_004236_s1/67700552/ccs,0,8,2,202,193,9,0.04455445544554455,Pure,202,60
Control_11,m84137_260214_004236_s1/163383888/ccs,0,8,2,202,193,9,0.04455445544554455,Pure,202,60
Control_11,m84137_260214_004236_s1/199950422/ccs,0,8,2,202,193,9,0.04455445544554455,Pure,202,60
Control_11,m84137_260214_004236_s1/239470491/ccs,0,8,2,202,193,9,0.04455445544554455,Pure,202,60
Control_11,m84137_260214_004236_s1/240320671/ccs,0,8,2,202,193,9,0.04455445544554455,Pure,202,60
Control_11,m84137_260214_004236_s1/143397336/ccs,0,8,2,202,193,9,0.04455445544554455,Pure,202,60
Control_11,m84137_260214_004236_s1/203429093/ccs,0,8,2,202,193,9,0.04455445544554455,Pure,202,60
Control_11,m84137_260214_004236_s1/205393613/ccs,0,8,2,202,193,9,0.04455445544554455,Pure,202,60
Control_11,m84137_260214_004236_s1/242291945/ccs,0,8,2,202,193,9,0.04455445544554455,Pure,202,60
Control_11,m84137_260214_004236_s1/185075857/ccs,0,8,2,202,193,9,0.04455445544554455,Pure,202,60
Control_11,m84137_260214_004236_s1/35000484/ccs,1,8,2,202,193,9,0.04455445544554455,Pure,202,60
Control_11,m84137_260214_004236_s1/69534767/ccs,0,8,2,202,193,9,0.04455445544554455,Pure,202,60
Control_11,m84137_260214_004236_s1/122882819/ccs,1,8,2,203,192,11,0.054187192118226604,Interrupted,203,60
Control_11,m84137_260214_004236_s1/65733446/ccs,0,8,2,203,192,11,0.054187192118226604,Interrupted,203,60
Control_11,m84137_260214_004236_s1/129829654/ccs,1,8,2,203,193,10,0.04926108374384237,Pure,203,60
Control_11,m84137_260214_004236_s1/226891609/ccs,0,8,2,203,193,10,0.04926108374384237,Pure,203,60
Control_11,m84137_260214_004236_s1/108661769/ccs,0,8,2,203,193,10,0.04926108374384237,Pure,203,60
Control_11,m84137_260214_004236_s1/74583854/ccs,0,8,2,203,193,10,0.04926108374384237,Pure,203,60
Control_11,m84137_260214_004236_s1/205587874/ccs,1,8,2,203,193,10,0.04926108374384237,Pure,203,60
Control_11,m84137_260214_004236_s1/112263401/ccs,0,8,2,204,193,11,0.05392156862745098,Interrupted,204,60
Control_11,m84137_260214_004236_s1/203428708/ccs,1,8,2,204,193,11,0.05392156862745098,Interrupted,204,60
Control_11,m84137_260214_004236_s1/80875135/ccs,0,7,4,204,193,11,0.05392156862745098,Interrupted,204,60
Control_11,m84137_260214_004236_s1/225119665/ccs,1,8,2,204,193,11,0.05392156862745098,Interrupted,204,60
Control_11,m84137_260214_004236_s1/21761402/ccs,1,8,2,204,193,11,0.05392156862745098,Interrupted,204,60
Control_11,m84137_260214_004236_s1/109122459/ccs,1,8,2,204,193,11,0.05392156862745098,Interrupted,204,60
Control_11,m84137_260214_004236_s1/222364392/ccs,1,8,2,205,193,12,0.05853658536585366,Interrupted,205,60
Control_11,m84137_260214_004236_s1/255068578/ccs,1,8,2,205,193,12,0.05853658536585366,Interrupted,205,60
Control_11,m84137_260214_004236_s1/36571584/ccs,1,8,2,205,193,12,0.05853658536585366,Interrupted,205,60
Control_11,m84137_260214_004236_s1/26218081/ccs,1,8,2,205,193,12,0.05853658536585366,Interrupted,205,60
Control_11,m84137_260214_004236_s1/245241344/ccs,1,8,2,205,193,12,0.05853658536585366,Interrupted,205,60
Control_11,m84137_260214_004236_s1/22806902/ccs,1,8,2,205,193,12,0.05853658536585366,Interrupted,205,60
Control_11,m84137_260214_004236_s1/44698790/ccs,0,8,2,205,193,12,0.05853658536585366,Interrupted,205,60
Control_11,m84137_260214_004236_s1/77334407/ccs,1,8,2,205,193,12,0.05853658536585366,Interrupted,205,60
Control_11,m84137_260214_004236_s1/267321856/ccs,1,8,2,205,193,12,0.05853658536585366,Interrupted,205,60
Control_11,m84137_260214_004236_s1/107284137/ccs,1,8,2,205,193,12,0.05853658536585366,Interrupted,205,60
Control_11,m84137_260214_004236_s1/111411390/ccs,1,8,2,205,193,12,0.05853658536585366,Interrupted,205,60
Control_11,m84137_260214_004236_s1/35133238/ccs,0,8,2,205,193,12,0.05853658536585366,Interrupted,205,60
Control_11,m84137_260214_004236_s1/51839187/ccs,1,8,2,205,193,12,0.05853658536585366,Interrupted,205,60
Control_11,m84137_260214_004236_s1/58394548/ccs,1,8,2,205,193,12,0.05853658536585366,Interrupted,205,60
Control_11,m84137_260214_004236_s1/52431356/ccs,1,8,2,205,193,12,0.05853658536585366,Interrupted,205,60
Control_11,m84137_260214_004236_s1/58919496/ccs,1,8,2,205,193,12,0.05853658536585366,Interrupted,205,60
Control_11,m84137_260214_004236_s1/37159069/ccs,1,8,2,205,193,12,0.05853658536585366,Interrupted,205,60
Control_11,m84137_260214_004236_s1/37617718/ccs,1,8,2,205,193,12,0.05853658536585366,Interrupted,205,60
Control_11,m84137_260214_004236_s1/59639291/ccs,1,8,2,205,193,12,0.05853658536585366,Interrupted,205,60
Control_11,m84137_260214_004236_s1/62786042/ccs,1,8,2,205,193,12,0.05853658536585366,Interrupted,205,60
Control_11,m84137_260214_004236_s1/42273199/ccs,1,8,2,205,193,12,0.05853658536585366,Interrupted,205,60
Control_11,m84137_260214_004236_s1/62980168/ccs,1,8,2,205,193,12,0.05853658536585366,Interrupted,205,60
Control_11,m84137_260214_004236_s1/53479295/ccs,1,8,2,205,193,12,0.05853658536585366,Interrupted,205,60
Control_11,m84137_260214_004236_s1/42797918/ccs,1,8,2,205,193,12,0.05853658536585366,Interrupted,205,60
Control_11,m84137_260214_004236_s1/60950838/ccs,1,8,2,205,193,12,0.05853658536585366,Interrupted,205,60
Control_11,m84137_260214_004236_s1/38930959/ccs,1,8,2,205,193,12,0.05853658536585366,Interrupted,205,60
Control_11,m84137_260214_004236_s1/47580697/ccs,1,8,2,205,193,12,0.05853658536585366,Interrupted,205,60
Control_11,m84137_260214_004236_s1/54461762/ccs,1,8,2,205,193,12,0.05853658536585366,Interrupted,205,60
Control_11,m84137_260214_004236_s1/28836769/ccs,1,8,2,205,193,12,0.05853658536585366,Interrupted,205,60
Control_11,m84137_260214_004236_s1/12452930/ccs,1,8,2,205,193,12,0.05853658536585366,Interrupted,205,60
Control_11,m84137_260214_004236_s1/7539373/ccs,1,8,2,205,193,12,0.05853658536585366,Interrupted,205,60
Control_11,m84137_260214_004236_s1/18875975/ccs,1,8,2,205,193,12,0.05853658536585366,Interrupted,205,60
Control_11,m84137_260214_004236_s1/24709222/ccs,1,8,2,205,193,12,0.05853658536585366,Interrupted,205,60
Control_11,m84137_260214_004236_s1/25822450/ccs,1,8,2,205,193,12,0.05853658536585366,Interrupted,205,60
Control_11,m84137_260214_004236_s1/26083460/ccs,1,8,2,205,193,12,0.05853658536585366,Interrupted,205,60
Control_11,m84137_260214_004236_s1/8850017/ccs,1,8,2,205,193,12,0.05853658536585366,Interrupted,205,60
Control_11,m84137_260214_004236_s1/14158536/ccs,1,8,2,205,193,12,0.05853658536585366,Interrupted,205,60
Control_11,m84137_260214_004236_s1/13960404/ccs,1,8,2,205,193,12,0.05853658536585366,Interrupted,205,60
Control_11,m84137_260214_004236_s1/14288731/ccs,1,8,2,205,193,12,0.05853658536585366,Interrupted,205,60
Control_11,m84137_260214_004236_s1/26872066/ccs,1,8,2,205,193,12,0.05853658536585366,Interrupted,205,60
Control_11,m84137_260214_004236_s1/33621142/ccs,1,8,2,205,193,12,0.05853658536585366,Interrupted,205,60
Control_11,m84137_260214_004236_s1/33621770/ccs,1,8,2,205,193,12,0.05853658536585366,Interrupted,205,60
Control_11,m84137_260214_004236_s1/57152212/ccs,1,8,2,205,193,12,0.05853658536585366,Interrupted,205,60
Control_11,m84137_260214_004236_s1/61478750/ccs,1,8,2,205,193,12,0.05853658536585366,Interrupted,205,60
Control_11,m84137_260214_004236_s1/41291701/ccs,1,8,2,205,193,12,0.05853658536585366,Interrupted,205,60
Control_11,m84137_260214_004236_s1/62000628/ccs,1,8,2,205,193,12,0.05853658536585366,Interrupted,205,60
Control_11,m84137_260214_004236_s1/14814529/ccs,1,8,2,205,193,12,0.05853658536585366,Interrupted,205,60
Control_11,m84137_260214_004236_s1/15077117/ccs,1,8,2,205,193,12,0.05853658536585366,Interrupted,205,60
Control_11,m84137_260214_004236_s1/15733677/ccs,1,8,2,205,193,12,0.05853658536585366,Interrupted,205,60
Control_11,m84137_260214_004236_s1/63377332/ccs,1,8,2,205,193,12,0.05853658536585366,Interrupted,205,60
Control_11,m84137_260214_004236_s1/63181537/ccs,1,8,2,205,193,12,0.05853658536585366,Interrupted,205,60
Control_11,m84137_260214_004236_s1/68555375/ccs,1,8,2,205,193,12,0.05853658536585366,Interrupted,205,60
Control_11,m84137_260214_004236_s1/16126170/ccs,1,8,2,205,193,12,0.05853658536585366,Interrupted,205,60
Control_11,m84137_260214_004236_s1/64229367/ccs,1,8,2,205,193,12,0.05853658536585366,Interrupted,205,60
Control_11,m84137_260214_004236_s1/16651807/ccs,1,8,2,205,193,12,0.05853658536585366,Interrupted,205,60
Control_11,m84137_260214_004236_s1/69669088/ccs,1,8,2,205,193,12,0.05853658536585366,Interrupted,205,60
Control_11,m84137_260214_004236_s1/45618311/ccs,1,8,2,205,193,12,0.05853658536585366,Interrupted,205,60
Control_11,m84137_260214_004236_s1/6230022/ccs,1,8,2,205,193,12,0.05853658536585366,Interrupted,205,60
Control_11,m84137_260214_004236_s1/118882770/ccs,1,8,2,205,193,12,0.05853658536585366,Interrupted,205,60
Control_11,m84137_260214_004236_s1/83494799/ccs,1,8,2,205,193,12,0.05853658536585366,Interrupted,205,60
Control_11,m84137_260214_004236_s1/100272282/ccs,1,8,2,205,193,12,0.05853658536585366,Interrupted,205,60
Control_11,m84137_260214_004236_s1/108527785/ccs,1,8,2,205,193,12,0.05853658536585366,Interrupted,205,60
Control_11,m84137_260214_004236_s1/104008634/ccs,1,8,2,205,193,12,0.05853658536585366,Interrupted,205,60
Control_11,m84137_260214_004236_s1/120588415/ccs,1,8,2,205,193,12,0.05853658536585366,Interrupted,205,60
Control_11,m84137_260214_004236_s1/129172874/ccs,1,8,2,205,193,12,0.05853658536585366,Interrupted,205,60
Control_11,m84137_260214_004236_s1/129368969/ccs,1,8,2,205,193,12,0.05853658536585366,Interrupted,205,60
Control_11,m84137_260214_004236_s1/104989142/ccs,1,8,2,205,193,12,0.05853658536585366,Interrupted,205,60
Control_11,m84137_260214_004236_s1/121571056/ccs,1,8,2,205,193,12,0.05853658536585366,Interrupted,205,60
Control_11,m84137_260214_004236_s1/105712171/ccs,1,8,2,205,193,12,0.05853658536585366,Interrupted,205,60
Control_11,m84137_260214_004236_s1/122094515/ccs,1,8,2,205,193,12,0.05853658536585366,Interrupted,205,60
Control_11,m84137_260214_004236_s1/79431738/ccs,1,8,2,205,193,12,0.05853658536585366,Interrupted,205,60
Control_11,m84137_260214_004236_s1/79888714/ccs,1,8,2,205,193,12,0.05853658536585366,Interrupted,205,60
Control_11,m84137_260214_004236_s1/76351363/ccs,1,8,2,205,193,12,0.05853658536585366,Interrupted,205,60
Control_11,m84137_260214_004236_s1/87622993/ccs,1,8,2,205,193,12,0.05853658536585366,Interrupted,205,60
Control_11,m84137_260214_004236_s1/76480642/ccs,1,8,2,205,193,12,0.05853658536585366,Interrupted,205,60
Control_11,m84137_260214_004236_s1/87820136/ccs,1,8,2,205,193,12,0.05853658536585366,Interrupted,205,60
Control_11,m84137_260214_004236_s1/80807319/ccs,1,8,2,205,193,12,0.05853658536585366,Interrupted,205,60
Control_11,m84137_260214_004236_s1/100927162/ccs,1,8,2,205,193,12,0.05853658536585366,Interrupted,205,60
Control_11,m84137_260214_004236_s1/77332930/ccs,1,8,2,205,193,12,0.05853658536585366,Interrupted,205,60
Control_11,m84137_260214_004236_s1/81658375/ccs,1,8,2,205,193,12,0.05853658536585366,Interrupted,205,60
Control_11,m84137_260214_004236_s1/123076892/ccs,1,8,2,205,193,12,0.05853658536585366,Interrupted,205,60
Control_11,m84137_260214_004236_s1/99027246/ccs,1,8,2,205,193,12,0.05853658536585366,Interrupted,205,60
Control_11,m84137_260214_004236_s1/82578261/ccs,1,8,2,205,193,12,0.05853658536585366,Interrupted,205,60
Control_11,m84137_260214_004236_s1/82706722/ccs,1,8,2,205,193,12,0.05853658536585366,Interrupted,205,60
Control_11,m84137_260214_004236_s1/21235757/ccs,1,8,2,205,193,12,0.05853658536585366,Interrupted,205,60
Control_11,m84137_260214_004236_s1/14747026/ccs,1,8,2,205,193,12,0.05853658536585366,Interrupted,205,60
Control_11,m84137_260214_004236_s1/27592299/ccs,1,8,2,205,193,12,0.05853658536585366,Interrupted,205,60
Control_11,m84137_260214_004236_s1/15401815/ccs,1,8,2,205,193,12,0.05853658536585366,Interrupted,205,60
Control_11,m84137_260214_004236_s1/34996737/ccs,1,8,2,205,193,12,0.05853658536585366,Interrupted,205,60
Control_11,m84137_260214_004236_s1/35128557/ccs,1,8,2,205,193,12,0.05853658536585366,Interrupted,205,60
Control_11,m84137_260214_004236_s1/50594337/ccs,1,8,2,205,193,12,0.05853658536585366,Interrupted,205,60
Control_11,m84137_260214_004236_s1/15794436/ccs,1,8,2,205,193,12,0.05853658536585366,Interrupted,205,60
Control_11,m84137_260214_004236_s1/39452767/ccs,1,8,2,205,193,12,0.05853658536585366,Interrupted,205,60
Control_11,m84137_260214_004236_s1/33096100/ccs,1,8,2,205,193,12,0.05853658536585366,Interrupted,205,60
Control_11,m84137_260214_004236_s1/33490263/ccs,1,8,2,205,193,12,0.05853658536585366,Interrupted,205,60
Control_11,m84137_260214_004236_s1/44958586/ccs,1,8,2,205,193,12,0.05853658536585366,Interrupted,205,60
Control_11,m84137_260214_004236_s1/35916360/ccs,1,8,2,205,193,12,0.05853658536585366,Interrupted,205,60
Control_11,m84137_260214_004236_s1/51511395/ccs,1,8,2,205,193,12,0.05853658536585366,Interrupted,205,60
Control_11,m84137_260214_004236_s1/47843323/ccs,1,8,2,205,193,12,0.05853658536585366,Interrupted,205,60
Control_11,m84137_260214_004236_s1/54920283/ccs,1,8,2,205,193,12,0.05853658536585366,Interrupted,205,60
Control_11,m84137_260214_004236_s1/44499386/ccs,1,8,2,205,193,12,0.05853658536585366,Interrupted,205,60
Control_11,m84137_260214_004236_s1/67765384/ccs,1,8,2,205,193,12,0.05853658536585366,Interrupted,205,60
Control_11,m84137_260214_004236_s1/44632175/ccs,1,8,2,205,193,12,0.05853658536585366,Interrupted,205,60
Control_11,m84137_260214_004236_s1/65014408/ccs,1,8,2,205,193,12,0.05853658536585366,Interrupted,205,60
Control_11,m84137_260214_004236_s1/84148541/ccs,1,8,2,205,193,12,0.05853658536585366,Interrupted,205,60
Control_11,m84137_260214_004236_s1/91227706/ccs,1,8,2,205,193,12,0.05853658536585366,Interrupted,205,60
Control_11,m84137_260214_004236_s1/73861382/ccs,1,8,2,205,193,12,0.05853658536585366,Interrupted,205,60
Control_11,m84137_260214_004236_s1/67044153/ccs,1,8,2,205,193,12,0.05853658536585366,Interrupted,205,60
Control_11,m84137_260214_004236_s1/92210576/ccs,1,8,2,205,193,12,0.05853658536585366,Interrupted,205,60
Control_11,m84137_260214_004236_s1/71239243/ccs,1,8,2,205,193,12,0.05853658536585366,Interrupted,205,60
Control_11,m84137_260214_004236_s1/164889551/ccs,1,8,2,205,193,12,0.05853658536585366,Interrupted,205,60
Control_11,m84137_260214_004236_s1/144180018/ccs,1,8,2,205,193,12,0.05853658536585366,Interrupted,205,60
Control_11,m84137_260214_004236_s1/161417444/ccs,1,8,2,205,193,12,0.05853658536585366,Interrupted,205,60
Control_11,m84137_260214_004236_s1/144377608/ccs,1,8,2,205,193,12,0.05853658536585366,Interrupted,205,60
Control_11,m84137_260214_004236_s1/147588086/ccs,1,8,2,205,193,12,0.05853658536585366,Interrupted,205,60
Control_11,m84137_260214_004236_s1/148242733/ccs,1,8,2,205,193,12,0.05853658536585366,Interrupted,205,60
Control_11,m84137_260214_004236_s1/190252180/ccs,1,8,2,205,193,12,0.05853658536585366,Interrupted,205,60
Control_11,m84137_260214_004236_s1/148374375/ccs,1,8,2,205,193,12,0.05853658536585366,Interrupted,205,60
Control_11,m84137_260214_004236_s1/173475016/ccs,1,8,2,205,193,12,0.05853658536585366,Interrupted,205,60
Control_11,m84137_260214_004236_s1/166987194/ccs,1,8,2,205,193,12,0.05853658536585366,Interrupted,205,60
Control_11,m84137_260214_004236_s1/174196188/ccs,1,8,2,205,193,12,0.05853658536585366,Interrupted,205,60
Control_11,m84137_260214_004236_s1/174195529/ccs,1,8,2,205,193,12,0.05853658536585366,Interrupted,205,60
Control_11,m84137_260214_004236_s1/149488626/ccs,1,8,2,205,193,12,0.05853658536585366,Interrupted,205,60
Control_11,m84137_260214_004236_s1/167642128/ccs,1,8,2,205,193,12,0.05853658536585366,Interrupted,205,60
Control_11,m84137_260214_004236_s1/170590872/ccs,1,8,2,205,193,12,0.05853658536585366,Interrupted,205,60
Control_11,m84137_260214_004236_s1/170592459/ccs,1,8,2,205,193,12,0.05853658536585366,Interrupted,205,60
Control_11,m84137_260214_004236_s1/109971403/ccs,1,8,2,205,193,12,0.05853658536585366,Interrupted,205,60
Control_11,m84137_260214_004236_s1/111018514/ccs,1,8,2,205,193,12,0.05853658536585366,Interrupted,205,60
Control_11,m84137_260214_004236_s1/113903842/ccs,1,8,2,205,193,12,0.05853658536585366,Interrupted,205,60
Control_11,m84137_260214_004236_s1/134546969/ccs,1,8,2,205,193,12,0.05853658536585366,Interrupted,205,60
Control_11,m84137_260214_004236_s1/131205300/ccs,1,8,2,205,193,12,0.05853658536585366,Interrupted,205,60
Control_11,m84137_260214_004236_s1/151519343/ccs,1,8,2,205,193,12,0.05853658536585366,Interrupted,205,60
Control_11,m84137_260214_004236_s1/111741371/ccs,1,8,2,205,193,12,0.05853658536585366,Interrupted,205,60
Control_11,m84137_260214_004236_s1/128322061/ccs,1,8,2,205,193,12,0.05853658536585366,Interrupted,205,60
Control_11,m84137_260214_004236_s1/132057330/ccs,1,8,2,205,193,12,0.05853658536585366,Interrupted,205,60
Control_11,m84137_260214_004236_s1/132384663/ccs,1,8,2,205,193,12,0.05853658536585366,Interrupted,205,60
Control_11,m84137_260214_004236_s1/157156537/ccs,1,8,2,205,193,12,0.05853658536585366,Interrupted,205,60
Control_11,m84137_260214_004236_s1/136643622/ccs,1,8,2,205,193,12,0.05853658536585366,Interrupted,205,60
Control_11,m84137_260214_004236_s1/157220979/ccs,1,8,2,205,193,12,0.05853658536585366,Interrupted,205,60
Control_11,m84137_260214_004236_s1/153485970/ccs,1,8,2,205,193,12,0.05853658536585366,Interrupted,205,60
Control_11,m84137_260214_004236_s1/157943004/ccs,1,8,2,205,193,12,0.05853658536585366,Interrupted,205,60
Control_11,m84137_260214_004236_s1/162531420/ccs,1,8,2,205,193,12,0.05853658536585366,Interrupted,205,60
Control_11,m84137_260214_004236_s1/141362409/ccs,1,8,2,205,193,12,0.05853658536585366,Interrupted,205,60
Control_11,m84137_260214_004236_s1/154404684/ccs,1,8,2,205,193,12,0.05853658536585366,Interrupted,205,60
Control_11,m84137_260214_004236_s1/159253297/ccs,1,8,2,205,193,12,0.05853658536585366,Interrupted,205,60
Control_11,m84137_260214_004236_s1/142018123/ccs,1,8,2,205,193,12,0.05853658536585366,Interrupted,205,60
Control_11,m84137_260214_004236_s1/155585248/ccs,1,8,2,205,193,12,0.05853658536585366,Interrupted,205,60
Control_11,m84137_260214_004236_s1/160040256/ccs,1,8,2,205,193,12,0.05853658536585366,Interrupted,205,60
Control_11,m84137_260214_004236_s1/142869538/ccs,1,8,2,205,193,12,0.05853658536585366,Interrupted,205,60
Control_11,m84137_260214_004236_s1/142868841/ccs,1,8,2,205,193,12,0.05853658536585366,Interrupted,205,60
Control_11,m84137_260214_004236_s1/164037333/ccs,1,8,2,205,193,12,0.05853658536585366,Interrupted,205,60
Control_11,m84137_260214_004236_s1/143198448/ccs,1,8,2,205,193,12,0.05853658536585366,Interrupted,205,60
Control_11,m84137_260214_004236_s1/168100896/ccs,1,8,2,205,193,12,0.05853658536585366,Interrupted,205,60
Control_11,m84137_260214_004236_s1/235931382/ccs,1,8,2,205,193,12,0.05853658536585366,Interrupted,205,60
Control_11,m84137_260214_004236_s1/236456061/ccs,1,8,2,205,193,12,0.05853658536585366,Interrupted,205,60
Control_11,m84137_260214_004236_s1/236520074/ccs,1,8,2,205,193,12,0.05853658536585366,Interrupted,205,60
Control_11,m84137_260214_004236_s1/234029906/ccs,1,8,2,205,193,12,0.05853658536585366,Interrupted,205,60
Control_11,m84137_260214_004236_s1/241895762/ccs,1,8,2,205,193,12,0.05853658536585366,Interrupted,205,60
Control_11,m84137_260214_004236_s1/242156453/ccs,1,8,2,205,193,12,0.05853658536585366,Interrupted,205,60
Control_11,m84137_260214_004236_s1/241960783/ccs,1,8,2,205,193,12,0.05853658536585366,Interrupted,205,60
Control_11,m84137_260214_004236_s1/263128440/ccs,1,8,2,205,193,12,0.05853658536585366,Interrupted,205,60
Control_11,m84137_260214_004236_s1/256443009/ccs,1,8,2,205,193,12,0.05853658536585366,Interrupted,205,60
Control_11,m84137_260214_004236_s1/259721630/ccs,1,8,2,205,193,12,0.05853658536585366,Interrupted,205,60
Control_11,m84137_260214_004236_s1/263259759/ccs,1,8,2,205,193,12,0.05853658536585366,Interrupted,205,60
Control_11,m84137_260214_004236_s1/243664430/ccs,1,8,2,205,193,12,0.05853658536585366,Interrupted,205,60
Control_11,m84137_260214_004236_s1/264307019/ccs,1,8,2,205,193,12,0.05853658536585366,Interrupted,205,60
Control_11,m84137_260214_004236_s1/240321130/ccs,1,8,2,205,193,12,0.05853658536585366,Interrupted,205,60
Control_11,m84137_260214_004236_s1/187960305/ccs,1,8,2,205,193,12,0.05853658536585366,Interrupted,205,60
Control_11,m84137_260214_004236_s1/175048860/ccs,1,8,2,205,193,12,0.05853658536585366,Interrupted,205,60
Control_11,m84137_260214_004236_s1/175112744/ccs,1,8,2,205,193,12,0.05853658536585366,Interrupted,205,60
Control_11,m84137_260214_004236_s1/188089460/ccs,1,8,2,205,193,12,0.05853658536585366,Interrupted,205,60
Control_11,m84137_260214_004236_s1/175508099/ccs,1,8,2,205,193,12,0.05853658536585366,Interrupted,205,60
Control_11,m84137_260214_004236_s1/179176802/ccs,1,8,2,205,193,12,0.05853658536585366,Interrupted,205,60
Control_11,m84137_260214_004236_s1/171510071/ccs,1,8,2,205,193,12,0.05853658536585366,Interrupted,205,60
Control_11,m84137_260214_004236_s1/175835676/ccs,1,8,2,205,193,12,0.05853658536585366,Interrupted,205,60
Control_11,m84137_260214_004236_s1/179438353/ccs,1,8,2,205,193,12,0.05853658536585366,Interrupted,205,60
Control_11,m84137_260214_004236_s1/172032237/ccs,1,8,2,205,193,12,0.05853658536585366,Interrupted,205,60
Control_11,m84137_260214_004236_s1/197657408/ccs,1,8,2,205,193,12,0.05853658536585366,Interrupted,205,60
Control_11,m84137_260214_004236_s1/218762119/ccs,1,8,2,205,193,12,0.05853658536585366,Interrupted,205,60
Control_11,m84137_260214_004236_s1/177800984/ccs,1,8,2,205,193,12,0.05853658536585366,Interrupted,205,60
Control_11,m84137_260214_004236_s1/177998491/ccs,1,8,2,205,193,12,0.05853658536585366,Interrupted,205,60
Control_11,m84137_260214_004236_s1/194839661/ccs,1,8,2,205,193,12,0.05853658536585366,Interrupted,205,60
Control_11,m84137_260214_004236_s1/180618122/ccs,1,8,2,205,193,12,0.05853658536585366,Interrupted,205,60
Control_11,m84137_260214_004236_s1/219349141/ccs,1,8,2,205,193,12,0.05853658536585366,Interrupted,205,60
Control_11,m84137_260214_004236_s1/201918556/ccs,1,8,2,205,193,12,0.05853658536585366,Interrupted,205,60
Control_11,m84137_260214_004236_s1/202181248/ccs,1,8,2,205,193,12,0.05853658536585366,Interrupted,205,60
Control_11,m84137_260214_004236_s1/203097858/ccs,1,8,2,205,193,12,0.05853658536585366,Interrupted,205,60
Control_11,m84137_260214_004236_s1/182258345/ccs,1,8,2,205,193,12,0.05853658536585366,Interrupted,205,60
Control_11,m84137_260214_004236_s1/224004683/ccs,1,8,2,205,193,12,0.05853658536585366,Interrupted,205,60
Control_11,m84137_260214_004236_s1/224659507/ccs,1,8,2,205,193,12,0.05853658536585366,Interrupted,205,60
Control_11,m84137_260214_004236_s1/182977823/ccs,1,8,2,205,193,12,0.05853658536585366,Interrupted,205,60
Control_11,m84137_260214_004236_s1/208601881/ccs,1,8,2,205,193,12,0.05853658536585366,Interrupted,205,60
Control_11,m84137_260214_004236_s1/203820030/ccs,1,8,2,205,193,12,0.05853658536585366,Interrupted,205,60
Control_11,m84137_260214_004236_s1/222104050/ccs,1,8,2,205,193,12,0.05853658536585366,Interrupted,205,60
Control_11,m84137_260214_004236_s1/229704856/ccs,1,8,2,205,193,12,0.05853658536585366,Interrupted,205,60
Control_11,m84137_260214_004236_s1/229836590/ccs,1,8,2,205,193,12,0.05853658536585366,Interrupted,205,60
Control_11,m84137_260214_004236_s1/210174806/ccs,1,8,2,205,193,12,0.05853658536585366,Interrupted,205,60
Control_11,m84137_260214_004236_s1/223349344/ccs,1,8,2,205,193,12,0.05853658536585366,Interrupted,205,60
Control_11,m84137_260214_004236_s1/205588187/ccs,1,8,2,205,193,12,0.05853658536585366,Interrupted,205,60
Control_11,m84137_260214_004236_s1/230819579/ccs,1,8,2,205,193,12,0.05853658536585366,Interrupted,205,60
Control_11,m84137_260214_004236_s1/211354241/ccs,1,8,2,205,193,12,0.05853658536585366,Interrupted,205,60
Control_11,m84137_260214_004236_s1/205851103/ccs,1,8,2,205,193,12,0.05853658536585366,Interrupted,205,60
Control_11,m84137_260214_004236_s1/211617573/ccs,1,8,2,205,193,12,0.05853658536585366,Interrupted,205,60
Control_11,m84137_260214_004236_s1/227738475/ccs,1,8,2,205,193,12,0.05853658536585366,Interrupted,205,60
Control_11,m84137_260214_004236_s1/206637744/ccs,1,8,2,205,193,12,0.05853658536585366,Interrupted,205,60
Control_11,m84137_260214_004236_s1/253036213/ccs,1,8,2,205,193,12,0.05853658536585366,Interrupted,205,60
Control_11,m84137_260214_004236_s1/235210141/ccs,1,8,2,205,193,12,0.05853658536585366,Interrupted,205,60
Control_11,m84137_260214_004236_s1/253625596/ccs,1,8,2,205,193,12,0.05853658536585366,Interrupted,205,60
Control_11,m84137_260214_004236_s1/232983384/ccs,1,8,2,205,193,12,0.05853658536585366,Interrupted,205,60
Control_11,m84137_260214_004236_s1/235800188/ccs,1,8,2,205,193,12,0.05853658536585366,Interrupted,205,60
Control_11,m84137_260214_004236_s1/254085173/ccs,1,8,2,205,193,12,0.05853658536585366,Interrupted,205,60
Control_11,m84137_260214_004236_s1/235930040/ccs,1,8,2,205,193,12,0.05853658536585366,Interrupted,205,60
Control_11,m84137_260214_004236_s1/189140611/ccs,1,8,2,205,193,12,0.05853658536585366,Interrupted,205,60
Control_11,m84137_260214_004236_s1/218109217/ccs,1,8,2,205,193,12,0.05853658536585366,Interrupted,205,60
Control_11,m84137_260214_004236_s1/193205472/ccs,1,8,2,205,193,12,0.05853658536585366,Interrupted,205,60
Control_11,m84137_260214_004236_s1/196153583/ccs,1,8,2,205,193,12,0.05853658536585366,Interrupted,205,60
Control_11,m84137_260214_004236_s1/219026555/ccs,1,8,2,205,193,12,0.05853658536585366,Interrupted,205,60
Control_11,m84137_260214_004236_s1/219155528/ccs,1,8,2,205,193,12,0.05853658536585366,Interrupted,205,60
Control_11,m84137_260214_004236_s1/150474231/ccs,1,8,2,205,193,12,0.05853658536585366,Interrupted,205,60
Control_11,m84137_260214_004236_s1/219944813/ccs,1,8,2,205,193,12,0.05853658536585366,Interrupted,205,60
Control_11,m84137_260214_004236_s1/220206594/ccs,1,8,2,205,193,12,0.05853658536585366,Interrupted,205,60
Control_11,m84137_260214_004236_s1/201987077/ccs,1,8,2,205,193,12,0.05853658536585366,Interrupted,205,60
Control_11,m84137_260214_004236_s1/220337759/ccs,1,8,2,205,193,12,0.05853658536585366,Interrupted,205,60
Control_11,m84137_260214_004236_s1/220466574/ccs,1,8,2,205,193,12,0.05853658536585366,Interrupted,205,60
Control_11,m84137_260214_004236_s1/179312405/ccs,1,8,2,205,193,12,0.05853658536585366,Interrupted,205,60
Control_11,m84137_260214_004236_s1/198446280/ccs,1,8,2,205,193,12,0.05853658536585366,Interrupted,205,60
Control_11,m84137_260214_004236_s1/179900066/ccs,1,8,2,205,193,12,0.05853658536585366,Interrupted,205,60
Control_11,m84137_260214_004236_s1/180622908/ccs,1,8,2,205,193,12,0.05853658536585366,Interrupted,205,60
Control_11,m84137_260214_004236_s1/247467002/ccs,1,8,2,205,193,12,0.05853658536585366,Interrupted,205,60
Control_11,m84137_260214_004236_s1/17961531/ccs,1,8,2,205,193,12,0.05853658536585366,Interrupted,205,60
Control_11,m84137_260214_004236_s1/262472078/ccs,1,8,2,205,193,12,0.05853658536585366,Interrupted,205,60
Control_11,m84137_260214_004236_s1/245303645/ccs,1,8,2,205,193,12,0.05853658536585366,Interrupted,205,60
Control_11,m84137_260214_004236_s1/247990238/ccs,1,8,2,205,193,12,0.05853658536585366,Interrupted,205,60
Control_11,m84137_260214_004236_s1/245825747/ccs,1,8,2,205,193,12,0.05853658536585366,Interrupted,205,60
Control_11,m84137_260214_004236_s1/22484296/ccs,1,8,2,205,193,12,0.05853658536585366,Interrupted,205,60
Control_11,m84137_260214_004236_s1/245827404/ccs,1,8,2,205,193,12,0.05853658536585366,Interrupted,205,60
Control_11,m84137_260214_004236_s1/22744682/ccs,1,8,2,205,193,12,0.05853658536585366,Interrupted,205,60
Control_11,m84137_260214_004236_s1/22809918/ccs,1,8,2,205,193,12,0.05853658536585366,Interrupted,205,60
Control_11,m84137_260214_004236_s1/18944808/ccs,1,8,2,205,193,12,0.05853658536585366,Interrupted,205,60
Control_11,m84137_260214_004236_s1/19074612/ccs,1,8,2,205,193,12,0.05853658536585366,Interrupted,205,60
Control_11,m84137_260214_004236_s1/19665462/ccs,1,8,2,205,193,12,0.05853658536585366,Interrupted,205,60
Control_11,m84137_260214_004236_s1/248972399/ccs,1,8,2,205,193,12,0.05853658536585366,Interrupted,205,60
Control_11,m84137_260214_004236_s1/19991996/ccs,1,8,2,205,193,12,0.05853658536585366,Interrupted,205,60
Control_11,m84137_260214_004236_s1/250282470/ccs,1,8,2,205,193,12,0.05853658536585366,Interrupted,205,60
Control_11,m84137_260214_004236_s1/21434201/ccs,1,8,2,205,193,12,0.05853658536585366,Interrupted,205,60
Control_11,m84137_260214_004236_s1/25302214/ccs,1,8,2,205,193,12,0.05853658536585366,Interrupted,205,60
Control_11,m84137_260214_004236_s1/70391047/ccs,1,8,2,205,193,12,0.05853658536585366,Interrupted,205,60
Control_11,m84137_260214_004236_s1/45879231/ccs,1,8,2,205,193,12,0.05853658536585366,Interrupted,205,60
Control_11,m84137_260214_004236_s1/45881203/ccs,1,8,2,205,193,12,0.05853658536585366,Interrupted,205,60
Control_11,m84137_260214_004236_s1/73143703/ccs,1,8,2,205,193,12,0.05853658536585366,Interrupted,205,60
Control_11,m84137_260214_004236_s1/87100619/ccs,1,8,2,205,193,12,0.05853658536585366,Interrupted,205,60
Control_11,m84137_260214_004236_s1/89854859/ccs,1,8,2,205,193,12,0.05853658536585366,Interrupted,205,60
Control_11,m84137_260214_004236_s1/74715713/ccs,1,8,2,205,193,12,0.05853658536585366,Interrupted,205,60
Control_11,m84137_260214_004236_s1/74912744/ccs,1,8,2,205,193,12,0.05853658536585366,Interrupted,205,60
Control_11,m84137_260214_004236_s1/88282929/ccs,1,8,2,205,193,12,0.05853658536585366,Interrupted,205,60
Control_11,m84137_260214_004236_s1/75436854/ccs,1,8,2,205,193,12,0.05853658536585366,Interrupted,205,60
Control_11,m84137_260214_004236_s1/48042145/ccs,1,8,2,205,193,12,0.05853658536585366,Interrupted,205,60
Control_11,m84137_260214_004236_s1/100865887/ccs,0,8,2,205,193,12,0.05853658536585366,Interrupted,205,60
Control_11,m84137_260214_004236_s1/100863232/ccs,1,8,2,205,193,12,0.05853658536585366,Interrupted,205,60
Control_11,m84137_260214_004236_s1/96933097/ccs,1,8,2,205,193,12,0.05853658536585366,Interrupted,205,60
Control_11,m84137_260214_004236_s1/101913539/ccs,1,8,2,205,193,12,0.05853658536585366,Interrupted,205,60
Control_11,m84137_260214_004236_s1/92999569/ccs,1,8,2,205,193,12,0.05853658536585366,Interrupted,205,60
Control_11,m84137_260214_004236_s1/119278995/ccs,1,8,2,205,193,12,0.05853658536585366,Interrupted,205,60
Control_11,m84137_260214_004236_s1/106368357/ccs,1,8,2,205,193,12,0.05853658536585366,Interrupted,205,60
Control_11,m84137_260214_004236_s1/79171572/ccs,1,8,2,205,193,12,0.05853658536585366,Interrupted,205,60
Control_11,m84137_260214_004236_s1/106762626/ccs,1,8,2,205,193,12,0.05853658536585366,Interrupted,205,60
Control_11,m84137_260214_004236_s1/94965953/ccs,1,8,2,205,193,12,0.05853658536585366,Interrupted,205,60
Control_11,m84137_260214_004236_s1/99749292/ccs,1,8,2,205,193,12,0.05853658536585366,Interrupted,205,60
Control_11,m84137_260214_004236_s1/99946787/ccs,1,8,2,205,193,12,0.05853658536585366,Interrupted,205,60
Control_11,m84137_260214_004236_s1/104470331/ccs,1,8,2,205,193,12,0.05853658536585366,Interrupted,205,60
Control_11,m84137_260214_004236_s1/107550355/ccs,1,8,2,205,193,12,0.05853658536585366,Interrupted,205,60
Control_11,m84137_260214_004236_s1/107811899/ccs,1,8,2,205,193,12,0.05853658536585366,Interrupted,205,60
Control_11,m84137_260214_004236_s1/100602560/ccs,1,8,2,205,193,12,0.05853658536585366,Interrupted,205,60
Control_11,m84137_260214_004236_s1/121769057/ccs,1,8,2,205,193,12,0.05853658536585366,Interrupted,205,60
Control_11,m84137_260214_004236_s1/128650363/ccs,1,8,2,205,193,12,0.05853658536585366,Interrupted,205,60
Control_11,m84137_260214_004236_s1/122227756/ccs,1,8,2,205,193,12,0.05853658536585366,Interrupted,205,60
Control_11,m84137_260214_004236_s1/125570219/ccs,1,8,2,205,193,12,0.05853658536585366,Interrupted,205,60
Control_11,m84137_260214_004236_s1/122752219/ccs,1,8,2,205,193,12,0.05853658536585366,Interrupted,205,60
Control_11,m84137_260214_004236_s1/126422461/ccs,1,8,2,205,193,12,0.05853658536585366,Interrupted,205,60
Control_11,m84137_260214_004236_s1/130354891/ccs,1,8,2,205,193,12,0.05853658536585366,Interrupted,205,60
Control_11,m84137_260214_004236_s1/152245710/ccs,1,8,2,205,193,12,0.05853658536585366,Interrupted,205,60
Control_11,m84137_260214_004236_s1/131730895/ccs,1,8,2,205,193,12,0.05853658536585366,Interrupted,205,60
Control_11,m84137_260214_004236_s1/222170405/ccs,1,8,2,205,193,12,0.05853658536585366,Interrupted,205,60
Control_11,m84137_260214_004236_s1/180819780/ccs,1,8,2,205,193,12,0.05853658536585366,Interrupted,205,60
Control_11,m84137_260214_004236_s1/180751520/ccs,1,8,2,205,193,12,0.05853658536585366,Interrupted,205,60
Control_11,m84137_260214_004236_s1/222367696/ccs,1,8,2,205,193,12,0.05853658536585366,Interrupted,205,60
Control_11,m84137_260214_004236_s1/203887232/ccs,1,8,2,205,193,12,0.05853658536585366,Interrupted,205,60
Control_11,m84137_260214_004236_s1/200021437/ccs,1,8,2,205,193,12,0.05853658536585366,Interrupted,205,60
Control_11,m84137_260214_004236_s1/223416161/ccs,1,8,2,205,193,12,0.05853658536585366,Interrupted,205,60
Control_11,m84137_260214_004236_s1/200347100/ccs,1,8,2,205,193,12,0.05853658536585366,Interrupted,205,60
Control_11,m84137_260214_004236_s1/204934156/ccs,1,8,2,205,193,12,0.05853658536585366,Interrupted,205,60
Control_11,m84137_260214_004236_s1/212209484/ccs,1,8,2,205,193,12,0.05853658536585366,Interrupted,205,60
Control_11,m84137_260214_004236_s1/227284884/ccs,1,8,2,205,193,12,0.05853658536585366,Interrupted,205,60
Control_11,m84137_260214_004236_s1/230691766/ccs,1,8,2,205,193,12,0.05853658536585366,Interrupted,205,60
Control_11,m84137_260214_004236_s1/227677895/ccs,1,8,2,205,193,12,0.05853658536585366,Interrupted,205,60
Control_11,m84137_260214_004236_s1/228005324/ccs,1,8,2,205,193,12,0.05853658536585366,Interrupted,205,60
Control_11,m84137_260214_004236_s1/235998932/ccs,1,8,2,205,193,12,0.05853658536585366,Interrupted,205,60
Control_11,m84137_260214_004236_s1/254415105/ccs,1,8,2,205,193,12,0.05853658536585366,Interrupted,205,60
Control_11,m84137_260214_004236_s1/29496106/ccs,1,8,2,205,193,12,0.05853658536585366,Interrupted,205,60
Control_11,m84137_260214_004236_s1/26744719/ccs,1,8,2,205,193,12,0.05853658536585366,Interrupted,205,60
Control_11,m84137_260214_004236_s1/30086754/ccs,1,8,2,205,193,12,0.05853658536585366,Interrupted,205,60
Control_11,m84137_260214_004236_s1/30740312/ccs,1,8,2,205,193,12,0.05853658536585366,Interrupted,205,60
Control_11,m84137_260214_004236_s1/10294989/ccs,1,8,2,205,193,12,0.05853658536585366,Interrupted,205,60
Control_11,m84137_260214_004236_s1/10818353/ccs,1,8,2,205,193,12,0.05853658536585366,Interrupted,205,60
Control_11,m84137_260214_004236_s1/12586959/ccs,1,8,2,205,193,12,0.05853658536585366,Interrupted,205,60
Control_11,m84137_260214_004236_s1/39588519/ccs,1,8,2,205,193,12,0.05853658536585366,Interrupted,205,60
Control_11,m84137_260214_004236_s1/13440624/ccs,1,8,2,205,193,12,0.05853658536585366,Interrupted,205,60
Control_11,m84137_260214_004236_s1/56759863/ccs,1,8,2,205,193,12,0.05853658536585366,Interrupted,205,60
Control_11,m84137_260214_004236_s1/40243138/ccs,1,8,2,205,193,12,0.05853658536585366,Interrupted,205,60
Control_11,m84137_260214_004236_s1/40244535/ccs,1,8,2,205,193,12,0.05853658536585366,Interrupted,205,60
Control_11,m84137_260214_004236_s1/159584707/ccs,1,8,2,205,193,12,0.05853658536585366,Interrupted,205,60
Control_11,m84137_260214_004236_s1/159651261/ccs,1,8,2,205,193,12,0.05853658536585366,Interrupted,205,60
Control_11,m84137_260214_004236_s1/139137249/ccs,1,8,2,205,193,12,0.05853658536585366,Interrupted,205,60
Control_11,m84137_260214_004236_s1/144446582/ccs,1,8,2,205,193,12,0.05853658536585366,Interrupted,205,60
Control_11,m84137_260214_004236_s1/185472639/ccs,1,8,2,205,193,12,0.05853658536585366,Interrupted,205,60
Control_11,m84137_260214_004236_s1/145625953/ccs,1,8,2,205,192,13,0.06341463414634146,Interrupted,205,60
Control_11,m84137_260214_004236_s1/145953495/ccs,1,8,2,205,193,12,0.05853658536585366,Interrupted,205,60
Control_11,m84137_260214_004236_s1/169349274/ccs,1,8,2,205,193,12,0.05853658536585366,Interrupted,205,60
Control_11,m84137_260214_004236_s1/165680730/ccs,1,8,2,205,193,12,0.05853658536585366,Interrupted,205,60
Control_11,m84137_260214_004236_s1/187567160/ccs,1,8,2,205,193,12,0.05853658536585366,Interrupted,205,60
Control_11,m84137_260214_004236_s1/174854010/ccs,1,8,2,205,193,12,0.05853658536585366,Interrupted,205,60
Control_11,m84137_260214_004236_s1/187960339/ccs,1,8,2,205,193,12,0.05853658536585366,Interrupted,205,60
Control_11,m84137_260214_004236_s1/131536475/ccs,1,8,2,205,193,12,0.05853658536585366,Interrupted,205,60
Control_11,m84137_260214_004236_s1/156962294/ccs,1,8,2,205,193,12,0.05853658536585366,Interrupted,205,60
Control_11,m84137_260214_004236_s1/153358074/ccs,1,8,2,205,193,12,0.05853658536585366,Interrupted,205,60
Control_11,m84137_260214_004236_s1/153423912/ccs,1,8,2,205,193,12,0.05853658536585366,Interrupted,205,60
Control_11,m84137_260214_004236_s1/157421821/ccs,1,8,2,205,193,12,0.05853658536585366,Interrupted,205,60
Control_11,m84137_260214_004236_s1/157749101/ccs,1,8,2,205,193,12,0.05853658536585366,Interrupted,205,60
Control_11,m84137_260214_004236_s1/137762380/ccs,1,8,2,205,193,12,0.05853658536585366,Interrupted,205,60
Control_11,m84137_260214_004236_s1/157881533/ccs,1,8,2,205,193,12,0.05853658536585366,Interrupted,205,60
Control_11,m84137_260214_004236_s1/133893507/ccs,1,8,2,205,193,12,0.05853658536585366,Interrupted,205,60
Control_11,m84137_260214_004236_s1/155850204/ccs,1,8,2,205,193,12,0.05853658536585366,Interrupted,205,60
Control_11,m84137_260214_004236_s1/155782963/ccs,1,8,2,205,193,12,0.05853658536585366,Interrupted,205,60
Control_11,m84137_260214_004236_s1/138286949/ccs,1,8,2,205,193,12,0.05853658536585366,Interrupted,205,60
Control_11,m84137_260214_004236_s1/142481340/ccs,1,8,2,205,193,12,0.05853658536585366,Interrupted,205,60
Control_11,m84137_260214_004236_s1/162205962/ccs,1,8,2,205,193,12,0.05853658536585366,Interrupted,205,60
Control_11,m84137_260214_004236_s1/159126361/ccs,1,8,2,205,193,12,0.05853658536585366,Interrupted,205,60
Control_11,m84137_260214_004236_s1/115346578/ccs,1,8,2,205,193,12,0.05853658536585366,Interrupted,205,60
Control_11,m84137_260214_004236_s1/162925656/ccs,1,8,2,205,193,12,0.05853658536585366,Interrupted,205,60
Control_11,m84137_260214_004236_s1/38994162/ccs,1,8,2,205,193,12,0.05853658536585366,Interrupted,205,60
Control_11,m84137_260214_004236_s1/90308894/ccs,1,8,2,205,193,12,0.05853658536585366,Interrupted,205,60
Control_11,m84137_260214_004236_s1/171837893/ccs,1,8,2,205,193,12,0.05853658536585366,Interrupted,205,60
Control_11,m84137_260214_004236_s1/221315610/ccs,1,8,2,205,193,12,0.05853658536585366,Interrupted,205,60
Control_11,m84137_260214_004236_s1/201066280/ccs,1,8,2,205,193,12,0.05853658536585366,Interrupted,205,60
Control_11,m84137_260214_004236_s1/22484449/ccs,1,8,2,205,193,12,0.05853658536585366,Interrupted,205,60
Control_11,m84137_260214_004236_s1/35392845/ccs,1,8,2,205,193,12,0.05853658536585366,Interrupted,205,60
Control_11,m84137_260214_004236_s1/67898538/ccs,1,8,2,205,193,12,0.05853658536585366,Interrupted,205,60
Control_11,m84137_260214_004236_s1/157027016/ccs,1,8,2,205,193,12,0.05853658536585366,Interrupted,205,60
Control_11,m84137_260214_004236_s1/138609263/ccs,1,8,2,205,193,12,0.05853658536585366,Interrupted,205,60
Control_11,m84137_260214_004236_s1/255332526/ccs,1,8,2,205,193,12,0.05853658536585366,Interrupted,205,60
Control_11,m84137_260214_004236_s1/242748817/ccs,1,8,2,205,193,12,0.05853658536585366,Interrupted,205,60
Control_11,m84137_260214_004236_s1/255923321/ccs,1,8,2,205,193,12,0.05853658536585366,Interrupted,205,60
Control_11,m84137_260214_004236_s1/259068209/ccs,1,8,2,205,193,12,0.05853658536585366,Interrupted,205,60
Control_11,m84137_260214_004236_s1/238357645/ccs,1,8,2,205,193,12,0.05853658536585366,Interrupted,205,60
Control_11,m84137_260214_004236_s1/260118252/ccs,1,8,2,205,193,12,0.05853658536585366,Interrupted,205,60
Control_11,m84137_260214_004236_s1/265687372/ccs,1,8,2,205,193,12,0.05853658536585366,Interrupted,205,60
Control_11,m84137_260214_004236_s1/266342852/ccs,1,8,2,205,193,12,0.05853658536585366,Interrupted,205,60
Control_11,m84137_260214_004236_s1/247076295/ccs,1,8,2,205,193,12,0.05853658536585366,Interrupted,205,60
Control_11,m84137_260214_004236_s1/266800431/ccs,1,8,2,205,193,12,0.05853658536585366,Interrupted,205,60
Control_11,m84137_260214_004236_s1/249433311/ccs,1,8,2,205,193,12,0.05853658536585366,Interrupted,205,60
Control_11,m84137_260214_004236_s1/78644134/ccs,1,8,2,205,193,12,0.05853658536585366,Interrupted,205,60
Control_11,m84137_260214_004236_s1/125960573/ccs,1,8,2,205,193,12,0.05853658536585366,Interrupted,205,60
Control_11,m84137_260214_004236_s1/175244322/ccs,1,8,2,205,193,12,0.05853658536585366,Interrupted,205,60
Control_11,m84137_260214_004236_s1/58397103/ccs,1,8,2,205,193,12,0.05853658536585366,Interrupted,205,60
Control_11,m84137_260214_004236_s1/106173633/ccs,1,8,2,205,193,12,0.05853658536585366,Interrupted,205,60
Control_11,m84137_260214_004236_s1/133631345/ccs,1,8,2,205,193,12,0.05853658536585366,Interrupted,205,60
Control_11,m84137_260214_004236_s1/145560437/ccs,1,8,2,205,193,12,0.05853658536585366,Interrupted,205,60
Control_11,m84137_260214_004236_s1/17301812/ccs,1,8,2,205,193,12,0.05853658536585366,Interrupted,205,60
Control_11,m84137_260214_004236_s1/6095803/ccs,1,8,2,205,193,12,0.05853658536585366,Interrupted,205,60
Control_11,m84137_260214_004236_s1/28378775/ccs,1,8,2,205,193,12,0.05853658536585366,Interrupted,205,60
Control_11,m84137_260214_004236_s1/11666036/ccs,1,8,2,205,193,12,0.05853658536585366,Interrupted,205,60
Control_11,m84137_260214_004236_s1/11665926/ccs,1,8,2,205,193,12,0.05853658536585366,Interrupted,205,60
Control_11,m84137_260214_004236_s1/23068856/ccs,1,8,2,205,193,12,0.05853658536585366,Interrupted,205,60
Control_11,m84137_260214_004236_s1/250679583/ccs,1,8,2,205,193,12,0.05853658536585366,Interrupted,205,60
Control_11,m84137_260214_004236_s1/74057186/ccs,0,8,2,205,193,12,0.05853658536585366,Interrupted,205,60
Control_11,m84137_260214_004236_s1/94306678/ccs,1,8,2,205,193,12,0.05853658536585366,Interrupted,205,60
Control_11,m84137_260214_004236_s1/129828001/ccs,1,8,2,205,193,12,0.05853658536585366,Interrupted,205,60
Control_11,m84137_260214_004236_s1/117311312/ccs,1,8,2,205,193,12,0.05853658536585366,Interrupted,205,60
Control_11,m84137_260214_004236_s1/169412449/ccs,1,8,2,205,193,12,0.05853658536585366,Interrupted,205,60
Control_11,m84137_260214_004236_s1/166660085/ccs,1,8,2,205,193,12,0.05853658536585366,Interrupted,205,60
Control_11,m84137_260214_004236_s1/264307656/ccs,1,8,2,205,193,12,0.05853658536585366,Interrupted,205,60
Control_11,m84137_260214_004236_s1/95686892/ccs,1,8,2,205,193,12,0.05853658536585366,Interrupted,205,60
Control_11,m84137_260214_004236_s1/76943726/ccs,1,8,2,205,193,12,0.05853658536585366,Interrupted,205,60
Control_11,m84137_260214_004236_s1/149427425/ccs,1,8,2,205,193,12,0.05853658536585366,Interrupted,205,60
Control_11,m84137_260214_004236_s1/197266876/ccs,1,8,2,205,193,12,0.05853658536585366,Interrupted,205,60
Control_11,m84137_260214_004236_s1/223090508/ccs,1,8,2,205,193,12,0.05853658536585366,Interrupted,205,60
Control_11,m84137_260214_004236_s1/34210678/ccs,1,8,2,205,193,12,0.05853658536585366,Interrupted,205,60
Control_11,m84137_260214_004236_s1/45617609/ccs,1,8,2,205,193,12,0.05853658536585366,Interrupted,205,60
Control_11,m84137_260214_004236_s1/38671804/ccs,1,8,2,205,193,12,0.05853658536585366,Interrupted,205,60
Control_11,m84137_260214_004236_s1/203165972/ccs,1,8,2,205,193,12,0.05853658536585366,Interrupted,205,60
Control_11,m84137_260214_004236_s1/24253177/ccs,1,8,2,205,193,12,0.05853658536585366,Interrupted,205,60
Control_11,m84137_260214_004236_s1/221972166/ccs,1,8,2,205,193,12,0.05853658536585366,Interrupted,205,60
Control_11,m84137_260214_004236_s1/26351030/ccs,1,8,2,205,192,13,0.06341463414634146,Interrupted,205,60
Control_11,m84137_260214_004236_s1/24381664/ccs,1,8,2,205,193,12,0.05853658536585366,Interrupted,205,60
Control_11,m84137_260214_004236_s1/39322646/ccs,1,8,2,205,193,12,0.05853658536585366,Interrupted,205,60
Control_11,m84137_260214_004236_s1/127468561/ccs,1,8,2,205,193,12,0.05853658536585366,Interrupted,205,60
Control_11,m84137_260214_004236_s1/155781359/ccs,1,8,2,205,193,12,0.05853658536585366,Interrupted,205,60
Control_11,m84137_260214_004236_s1/228983843/ccs,1,8,2,205,193,12,0.05853658536585366,Interrupted,205,60
Control_11,m84137_260214_004236_s1/251396610/ccs,1,8,2,205,193,12,0.05853658536585366,Interrupted,205,60
Control_11,m84137_260214_004236_s1/11930935/ccs,1,8,2,205,193,12,0.05853658536585366,Interrupted,205,60
Control_11,m84137_260214_004236_s1/188225001/ccs,1,8,2,205,192,13,0.06341463414634146,Interrupted,205,60
Control_11,m84137_260214_004236_s1/29294934/ccs,1,8,2,205,193,12,0.05853658536585366,Interrupted,205,60
Control_11,m84137_260214_004236_s1/10552144/ccs,1,8,2,205,193,12,0.05853658536585366,Interrupted,205,60
Control_11,m84137_260214_004236_s1/11078444/ccs,1,8,2,205,193,12,0.05853658536585366,Interrupted,205,60
Control_11,m84137_260214_004236_s1/55314388/ccs,1,8,2,205,193,12,0.05853658536585366,Interrupted,205,60
Control_11,m84137_260214_004236_s1/55642580/ccs,1,8,2,205,193,12,0.05853658536585366,Interrupted,205,60
Control_11,m84137_260214_004236_s1/90571716/ccs,1,8,2,205,193,12,0.05853658536585366,Interrupted,205,60
Control_11,m84137_260214_004236_s1/90374684/ccs,1,8,2,205,193,12,0.05853658536585366,Interrupted,205,60
Control_11,m84137_260214_004236_s1/49547579/ccs,1,8,2,205,193,12,0.05853658536585366,Interrupted,205,60
Control_11,m84137_260214_004236_s1/96600748/ccs,1,8,2,205,193,12,0.05853658536585366,Interrupted,205,60
Control_11,m84137_260214_004236_s1/72680185/ccs,1,8,2,205,193,12,0.05853658536585366,Interrupted,205,60
Control_11,m84137_260214_004236_s1/94373637/ccs,1,8,2,205,193,12,0.05853658536585366,Interrupted,205,60
Control_11,m84137_260214_004236_s1/98566514/ccs,1,8,2,205,193,12,0.05853658536585366,Interrupted,205,60
Control_11,m84137_260214_004236_s1/126486234/ccs,1,8,2,205,193,12,0.05853658536585366,Interrupted,205,60
Control_11,m84137_260214_004236_s1/135397918/ccs,1,8,2,205,193,12,0.05853658536585366,Interrupted,205,60
Control_11,m84137_260214_004236_s1/152504170/ccs,1,8,2,205,193,12,0.05853658536585366,Interrupted,205,60
Control_11,m84137_260214_004236_s1/132319981/ccs,1,8,2,205,193,12,0.05853658536585366,Interrupted,205,60
Control_11,m84137_260214_004236_s1/153355905/ccs,1,8,2,205,193,12,0.05853658536585366,Interrupted,205,60
Control_11,m84137_260214_004236_s1/158859709/ccs,1,8,2,205,193,12,0.05853658536585366,Interrupted,205,60
Control_11,m84137_260214_004236_s1/164758119/ccs,1,8,2,205,193,12,0.05853658536585366,Interrupted,205,60
Control_11,m84137_260214_004236_s1/165218170/ccs,1,8,2,205,193,12,0.05853658536585366,Interrupted,205,60
Control_11,m84137_260214_004236_s1/187303178/ccs,1,8,2,205,193,12,0.05853658536585366,Interrupted,205,60
Control_11,m84137_260214_004236_s1/176555216/ccs,1,8,2,205,193,12,0.05853658536585366,Interrupted,205,60
Control_11,m84137_260214_004236_s1/218891365/ccs,1,8,2,205,193,12,0.05853658536585366,Interrupted,205,60
Control_11,m84137_260214_004236_s1/219546412/ccs,1,8,2,205,193,12,0.05853658536585366,Interrupted,205,60
Control_11,m84137_260214_004236_s1/224724382/ccs,1,8,2,205,193,12,0.05853658536585366,Interrupted,205,60
Control_11,m84137_260214_004236_s1/221774972/ccs,1,8,2,205,193,12,0.05853658536585366,Interrupted,205,60
Control_11,m84137_260214_004236_s1/184353805/ccs,1,8,2,205,193,12,0.05853658536585366,Interrupted,205,60
Control_11,m84137_260214_004236_s1/226755667/ccs,1,8,2,205,193,12,0.05853658536585366,Interrupted,205,60
Control_11,m84137_260214_004236_s1/205849482/ccs,1,9,2,205,193,12,0.05853658536585366,Interrupted,205,60
Control_11,m84137_260214_004236_s1/254085014/ccs,1,8,2,205,193,12,0.05853658536585366,Interrupted,205,60
Control_11,m84137_260214_004236_s1/236191910/ccs,1,8,2,205,193,12,0.05853658536585366,Interrupted,205,60
Control_11,m84137_260214_004236_s1/255461801/ccs,1,8,2,205,193,12,0.05853658536585366,Interrupted,205,60
Control_11,m84137_260214_004236_s1/217056726/ccs,1,8,2,205,193,12,0.05853658536585366,Interrupted,205,60
Control_11,m84137_260214_004236_s1/256706146/ccs,1,8,2,205,193,12,0.05853658536585366,Interrupted,205,60
Control_11,m84137_260214_004236_s1/217582590/ccs,1,8,2,205,193,12,0.05853658536585366,Interrupted,205,60
Control_11,m84137_260214_004236_s1/260637647/ccs,1,8,2,205,193,12,0.05853658536585366,Interrupted,205,60
Control_11,m84137_260214_004236_s1/243795606/ccs,1,8,2,205,193,12,0.05853658536585366,Interrupted,205,60
Control_11,m84137_260214_004236_s1/248187300/ccs,1,8,2,205,193,12,0.05853658536585366,Interrupted,205,60
Control_11,m84137_260214_004236_s1/3282352/ccs,1,8,2,205,193,12,0.05853658536585366,Interrupted,205,60
Control_11,m84137_260214_004236_s1/4593001/ccs,1,8,2,205,193,12,0.05853658536585366,Interrupted,205,60
Control_11,m84137_260214_004236_s1/221972269/ccs,1,8,2,205,193,12,0.05853658536585366,Interrupted,205,60
Control_11,m84137_260214_004236_s1/222038354/ccs,1,8,2,205,193,12,0.05853658536585366,Interrupted,205,60
Control_11,m84137_260214_004236_s1/134283358/ccs,1,8,2,205,190,15,0.07317073170731707,Interrupted,205,60
Control_11,m84137_260214_004236_s1/58460725/ccs,1,8,2,205,193,12,0.05853658536585366,Interrupted,205,60
Control_11,m84137_260214_004236_s1/48497845/ccs,1,8,2,205,193,12,0.05853658536585366,Interrupted,205,60
Control_11,m84137_260214_004236_s1/115671787/ccs,1,8,2,205,193,12,0.05853658536585366,Interrupted,205,60
Control_11,m84137_260214_004236_s1/136249888/ccs,1,8,2,205,193,12,0.05853658536585366,Interrupted,205,60
Control_11,m84137_260214_004236_s1/245173216/ccs,1,8,2,205,193,12,0.05853658536585366,Interrupted,205,60
Control_11,m84137_260214_004236_s1/245301848/ccs,1,8,2,205,193,12,0.05853658536585366,Interrupted,205,60
Control_11,m84137_260214_004236_s1/49810880/ccs,1,8,2,205,193,12,0.05853658536585366,Interrupted,205,60
Control_11,m84137_260214_004236_s1/44566725/ccs,1,8,2,205,193,12,0.05853658536585366,Interrupted,205,60
Control_11,m84137_260214_004236_s1/23399457/ccs,1,8,2,205,193,12,0.05853658536585366,Interrupted,205,60
Control_11,m84137_260214_004236_s1/143201129/ccs,1,8,2,205,193,12,0.05853658536585366,Interrupted,205,60
Control_11,m84137_260214_004236_s1/197984721/ccs,0,8,2,205,193,12,0.05853658536585366,Interrupted,205,60
Control_11,m84137_260214_004236_s1/22025000/ccs,0,8,2,205,193,12,0.05853658536585366,Interrupted,205,60
Control_11,m84137_260214_004236_s1/29624854/ccs,1,8,2,205,193,12,0.05853658536585366,Interrupted,205,60
Control_11,m84137_260214_004236_s1/140771597/ccs,1,8,2,205,193,12,0.05853658536585366,Interrupted,205,60
Control_11,m84137_260214_004236_s1/217516432/ccs,1,8,2,205,193,12,0.05853658536585366,Interrupted,205,60
Control_11,m84137_260214_004236_s1/111089537/ccs,1,8,2,205,193,12,0.05853658536585366,Interrupted,205,60
Control_11,m84137_260214_004236_s1/51512385/ccs,1,8,2,205,193,12,0.05853658536585366,Interrupted,205,60
Control_11,m84137_260214_004236_s1/143787785/ccs,1,8,2,205,193,12,0.05853658536585366,Interrupted,205,60
Control_11,m84137_260214_004236_s1/253039354/ccs,1,8,2,205,193,12,0.05853658536585366,Interrupted,205,60
Control_11,m84137_260214_004236_s1/227676527/ccs,1,8,2,205,193,12,0.05853658536585366,Interrupted,205,60
Control_11,m84137_260214_004236_s1/235869617/ccs,1,8,2,205,193,12,0.05853658536585366,Interrupted,205,60
Control_11,m84137_260214_004236_s1/257298205/ccs,1,8,2,205,193,12,0.05853658536585366,Interrupted,205,60
Control_11,m84137_260214_004236_s1/232722478/ccs,1,9,2,205,193,12,0.05853658536585366,Interrupted,205,60
Control_11,m84137_260214_004236_s1/237440812/ccs,1,8,2,205,193,12,0.05853658536585366,Interrupted,205,60
Control_11,m84137_260214_004236_s1/258348343/ccs,1,8,2,205,193,12,0.05853658536585366,Interrupted,205,60
Control_11,m84137_260214_004236_s1/232789909/ccs,1,8,2,205,193,12,0.05853658536585366,Interrupted,205,60
Control_11,m84137_260214_004236_s1/256445721/ccs,1,8,2,205,193,12,0.05853658536585366,Interrupted,205,60
Control_11,m84137_260214_004236_s1/259657385/ccs,1,8,2,205,193,12,0.05853658536585366,Interrupted,205,60
Control_11,m84137_260214_004236_s1/266802286/ccs,1,8,2,205,193,12,0.05853658536585366,Interrupted,205,60
Control_11,m84137_260214_004236_s1/249042810/ccs,1,8,2,205,193,12,0.05853658536585366,Interrupted,205,60
Control_11,m84137_260214_004236_s1/249433998/ccs,1,8,2,205,193,12,0.05853658536585366,Interrupted,205,60
Control_11,m84137_260214_004236_s1/249565639/ccs,1,8,2,205,193,12,0.05853658536585366,Interrupted,205,60
Control_11,m84137_260214_004236_s1/251269567/ccs,1,8,2,205,193,12,0.05853658536585366,Interrupted,205,60
Control_11,m84137_260214_004236_s1/7800572/ccs,1,8,2,205,193,12,0.05853658536585366,Interrupted,205,60
Control_11,m84137_260214_004236_s1/7866640/ccs,1,8,2,205,193,12,0.05853658536585366,Interrupted,205,60
Control_11,m84137_260214_004236_s1/75041019/ccs,1,8,2,205,193,12,0.05853658536585366,Interrupted,205,60
Control_11,m84137_260214_004236_s1/93848440/ccs,1,8,2,205,193,12,0.05853658536585366,Interrupted,205,60
Control_11,m84137_260214_004236_s1/102697770/ccs,1,8,2,205,193,12,0.05853658536585366,Interrupted,205,60
Control_11,m84137_260214_004236_s1/126355218/ccs,1,8,2,205,193,12,0.05853658536585366,Interrupted,205,60
Control_11,m84137_260214_004236_s1/134482477/ccs,1,8,2,205,193,12,0.05853658536585366,Interrupted,205,60
Control_11,m84137_260214_004236_s1/114165204/ccs,1,8,2,205,193,12,0.05853658536585366,Interrupted,205,60
Control_11,m84137_260214_004236_s1/134875208/ccs,1,8,2,205,193,12,0.05853658536585366,Interrupted,205,60
Control_11,m84137_260214_004236_s1/136186590/ccs,1,8,2,205,193,12,0.05853658536585366,Interrupted,205,60
Control_11,m84137_260214_004236_s1/115868846/ccs,1,8,2,205,193,12,0.05853658536585366,Interrupted,205,60
Control_11,m84137_260214_004236_s1/141165832/ccs,1,8,2,205,193,12,0.05853658536585366,Interrupted,205,60
Control_11,m84137_260214_004236_s1/138543818/ccs,1,8,2,205,193,12,0.05853658536585366,Interrupted,205,60
Control_11,m84137_260214_004236_s1/162924231/ccs,1,8,2,205,193,12,0.05853658536585366,Interrupted,205,60
Control_11,m84137_260214_004236_s1/189598638/ccs,1,8,2,205,193,12,0.05853658536585366,Interrupted,205,60
Control_11,m84137_260214_004236_s1/193003947/ccs,1,8,2,205,193,12,0.05853658536585366,Interrupted,205,60
Control_11,m84137_260214_004236_s1/195166511/ccs,1,8,2,205,193,12,0.05853658536585366,Interrupted,205,60
Control_11,m84137_260214_004236_s1/181667589/ccs,1,8,2,205,192,13,0.06341463414634146,Interrupted,205,60
Control_11,m84137_260214_004236_s1/261227354/ccs,1,8,2,205,193,12,0.05853658536585366,Interrupted,205,60
Control_11,m84137_260214_004236_s1/19271602/ccs,1,8,2,205,193,12,0.05853658536585366,Interrupted,205,60
Control_11,m84137_260214_004236_s1/24580737/ccs,1,8,2,205,193,12,0.05853658536585366,Interrupted,205,60
Control_11,m84137_260214_004236_s1/36900804/ccs,1,8,2,205,193,12,0.05853658536585366,Interrupted,205,60
Control_11,m84137_260214_004236_s1/37950117/ccs,1,8,2,205,193,12,0.05853658536585366,Interrupted,205,60
Control_11,m84137_260214_004236_s1/14028751/ccs,1,8,2,205,193,12,0.05853658536585366,Interrupted,205,60
Control_11,m84137_260214_004236_s1/87955275/ccs,1,8,2,205,193,12,0.05853658536585366,Interrupted,205,60
Control_11,m84137_260214_004236_s1/100863149/ccs,1,8,2,205,193,12,0.05853658536585366,Interrupted,205,60
Control_11,m84137_260214_004236_s1/89396134/ccs,1,8,2,205,193,12,0.05853658536585366,Interrupted,205,60
Control_11,m84137_260214_004236_s1/79171342/ccs,1,8,2,205,193,12,0.05853658536585366,Interrupted,205,60
Control_11,m84137_260214_004236_s1/154669336/ccs,1,8,2,205,193,12,0.05853658536585366,Interrupted,205,60
Control_11,m84137_260214_004236_s1/186584326/ccs,1,8,2,205,193,12,0.05853658536585366,Interrupted,205,60
Control_11,m84137_260214_004236_s1/222039314/ccs,1,8,2,205,193,12,0.05853658536585366,Interrupted,205,60
Control_11,m84137_260214_004236_s1/229775128/ccs,1,8,2,205,193,12,0.05853658536585366,Interrupted,205,60
Control_11,m84137_260214_004236_s1/212471725/ccs,1,8,2,205,193,12,0.05853658536585366,Interrupted,205,60
Control_11,m84137_260214_004236_s1/261690002/ccs,1,8,2,205,193,12,0.05853658536585366,Interrupted,205,60
Control_11,m84137_260214_004236_s1/248910214/ccs,1,8,2,205,193,12,0.05853658536585366,Interrupted,205,60
Control_11,m84137_260214_004236_s1/47188603/ccs,1,8,2,205,193,12,0.05853658536585366,Interrupted,205,60
Control_11,m84137_260214_004236_s1/54526979/ccs,1,8,2,205,193,12,0.05853658536585366,Interrupted,205,60
Control_11,m84137_260214_004236_s1/96012114/ccs,1,8,2,205,193,12,0.05853658536585366,Interrupted,205,60
Control_11,m84137_260214_004236_s1/109840579/ccs,1,8,2,205,193,12,0.05853658536585366,Interrupted,205,60
Control_11,m84137_260214_004236_s1/226624781/ccs,1,8,2,205,193,12,0.05853658536585366,Interrupted,205,60
Control_11,m84137_260214_004236_s1/243270289/ccs,1,8,2,205,193,12,0.05853658536585366,Interrupted,205,60
Control_11,m84137_260214_004236_s1/260768493/ccs,1,8,2,205,193,12,0.05853658536585366,Interrupted,205,60
Control_11,m84137_260214_004236_s1/113644290/ccs,1,8,2,205,193,12,0.05853658536585366,Interrupted,205,60
Control_11,m84137_260214_004236_s1/25690857/ccs,1,8,2,205,193,12,0.05853658536585366,Interrupted,205,60
Control_11,m84137_260214_004236_s1/25494694/ccs,1,8,2,205,193,12,0.05853658536585366,Interrupted,205,60
Control_11,m84137_260214_004236_s1/13698325/ccs,1,8,2,205,193,12,0.05853658536585366,Interrupted,205,60
Control_11,m84137_260214_004236_s1/20448324/ccs,1,8,2,205,193,12,0.05853658536585366,Interrupted,205,60
Control_11,m84137_260214_004236_s1/13960595/ccs,1,8,2,205,193,12,0.05853658536585366,Interrupted,205,60
Control_11,m84137_260214_004236_s1/27133910/ccs,1,8,2,205,193,12,0.05853658536585366,Interrupted,205,60
Control_11,m84137_260214_004236_s1/33949206/ccs,1,8,2,205,193,12,0.05853658536585366,Interrupted,205,60
Control_11,m84137_260214_004236_s1/27658139/ccs,1,8,2,205,193,12,0.05853658536585366,Interrupted,205,60
Control_11,m84137_260214_004236_s1/34472451/ccs,1,8,2,205,193,12,0.05853658536585366,Interrupted,205,60
Control_11,m84137_260214_004236_s1/56164607/ccs,1,8,2,205,193,12,0.05853658536585366,Interrupted,205,60
Control_11,m84137_260214_004236_s1/55968632/ccs,1,8,2,205,193,12,0.05853658536585366,Interrupted,205,60
Control_11,m84137_260214_004236_s1/56363970/ccs,1,8,2,205,193,12,0.05853658536585366,Interrupted,205,60
Control_11,m84137_260214_004236_s1/32573247/ccs,1,8,2,205,193,12,0.05853658536585366,Interrupted,205,60
Control_11,m84137_260214_004236_s1/56691683/ccs,1,8,2,205,193,12,0.05853658536585366,Interrupted,205,60
Control_11,m84137_260214_004236_s1/56755746/ccs,1,8,2,205,193,12,0.05853658536585366,Interrupted,205,60
Control_11,m84137_260214_004236_s1/16319627/ccs,1,8,2,205,193,12,0.05853658536585366,Interrupted,205,60
Control_11,m84137_260214_004236_s1/16384567/ccs,1,8,2,205,193,12,0.05853658536585366,Interrupted,205,60
Control_11,m84137_260214_004236_s1/39846513/ccs,1,8,2,205,193,12,0.05853658536585366,Interrupted,205,60
Control_11,m84137_260214_004236_s1/37553400/ccs,1,8,2,205,193,12,0.05853658536585366,Interrupted,205,60
Control_11,m84137_260214_004236_s1/41551558/ccs,1,8,2,205,193,12,0.05853658536585366,Interrupted,205,60
Control_11,m84137_260214_004236_s1/37685313/ccs,1,8,2,205,193,12,0.05853658536585366,Interrupted,205,60
Control_11,m84137_260214_004236_s1/59378093/ccs,1,8,2,205,193,12,0.05853658536585366,Interrupted,205,60
Control_11,m84137_260214_004236_s1/46531661/ccs,1,8,2,205,193,12,0.05853658536585366,Interrupted,205,60
Control_11,m84137_260214_004236_s1/53413843/ccs,1,8,2,205,193,12,0.05853658536585366,Interrupted,205,60
Control_11,m84137_260214_004236_s1/42076665/ccs,1,8,2,205,193,12,0.05853658536585366,Interrupted,205,60
Control_11,m84137_260214_004236_s1/53872726/ccs,1,8,2,205,193,12,0.05853658536585366,Interrupted,205,60
Control_11,m84137_260214_004236_s1/38929690/ccs,1,8,2,205,193,12,0.05853658536585366,Interrupted,205,60
Control_11,m84137_260214_004236_s1/61081995/ccs,1,8,2,205,193,12,0.05853658536585366,Interrupted,205,60
Control_11,m84137_260214_004236_s1/54657214/ccs,1,8,2,205,193,12,0.05853658536585366,Interrupted,205,60
Control_11,m84137_260214_004236_s1/55380192/ccs,1,8,2,205,193,12,0.05853658536585366,Interrupted,205,60
Control_11,m84137_260214_004236_s1/55378607/ccs,1,8,2,205,193,12,0.05853658536585366,Interrupted,205,60
Control_11,m84137_260214_004236_s1/67635950/ccs,1,8,2,205,193,12,0.05853658536585366,Interrupted,205,60
Control_11,m84137_260214_004236_s1/97125973/ccs,1,8,2,205,193,12,0.05853658536585366,Interrupted,205,60
Control_11,m84137_260214_004236_s1/230623264/ccs,1,8,2,205,193,12,0.05853658536585366,Interrupted,205,60
Control_11,m84137_260214_004236_s1/221252134/ccs,1,8,2,205,193,12,0.05853658536585366,Interrupted,205,60
Control_11,m84137_260214_004236_s1/204867004/ccs,1,8,2,205,193,12,0.05853658536585366,Interrupted,205,60
Control_11,m84137_260214_004236_s1/252642045/ccs,1,8,2,205,193,12,0.05853658536585366,Interrupted,205,60
Control_11,m84137_260214_004236_s1/25826137/ccs,1,8,2,205,193,12,0.05853658536585366,Interrupted,205,60
Control_11,m84137_260214_004236_s1/35001545/ccs,1,8,2,205,193,12,0.05853658536585366,Interrupted,205,60
Control_11,m84137_260214_004236_s1/66721702/ccs,1,8,2,205,193,12,0.05853658536585366,Interrupted,205,60
Control_11,m84137_260214_004236_s1/143986056/ccs,1,8,2,205,193,12,0.05853658536585366,Interrupted,205,60
Control_11,m84137_260214_004236_s1/161879995/ccs,1,8,2,205,193,12,0.05853658536585366,Interrupted,205,60
Control_11,m84137_260214_004236_s1/220468606/ccs,1,8,2,205,193,12,0.05853658536585366,Interrupted,205,60
Control_11,m84137_260214_004236_s1/261755767/ccs,1,8,2,205,193,12,0.05853658536585366,Interrupted,205,60
Control_11,m84137_260214_004236_s1/23333811/ccs,1,8,2,205,193,12,0.05853658536585366,Interrupted,205,60
Control_11,m84137_260214_004236_s1/17697012/ccs,1,8,2,205,193,12,0.05853658536585366,Interrupted,205,60
Control_11,m84137_260214_004236_s1/13370637/ccs,1,8,2,205,193,12,0.05853658536585366,Interrupted,205,60
Control_11,m84137_260214_004236_s1/15469179/ccs,1,8,2,205,193,12,0.05853658536585366,Interrupted,205,60
Control_11,m84137_260214_004236_s1/49548060/ccs,1,8,2,205,193,12,0.05853658536585366,Interrupted,205,60
Control_11,m84137_260214_004236_s1/79234181/ccs,1,8,2,205,193,12,0.05853658536585366,Interrupted,205,60
Control_11,m84137_260214_004236_s1/87819019/ccs,1,8,2,205,193,12,0.05853658536585366,Interrupted,205,60
Control_11,m84137_260214_004236_s1/99552110/ccs,1,8,2,205,193,12,0.05853658536585366,Interrupted,205,60
Control_11,m84137_260214_004236_s1/83625180/ccs,1,8,2,205,193,12,0.05853658536585366,Interrupted,205,60
Control_11,m84137_260214_004236_s1/120391968/ccs,1,8,2,205,193,12,0.05853658536585366,Interrupted,205,60
Control_11,m84137_260214_004236_s1/111477549/ccs,1,8,2,205,193,12,0.05853658536585366,Interrupted,205,60
Control_11,m84137_260214_004236_s1/133759735/ccs,1,8,2,205,193,12,0.05853658536585366,Interrupted,205,60
Control_11,m84137_260214_004236_s1/154929108/ccs,1,8,2,205,193,12,0.05853658536585366,Interrupted,205,60
Control_11,m84137_260214_004236_s1/145819992/ccs,1,8,2,205,193,12,0.05853658536585366,Interrupted,205,60
Control_11,m84137_260214_004236_s1/164495827/ccs,1,8,2,205,193,12,0.05853658536585366,Interrupted,205,60
Control_11,m84137_260214_004236_s1/164758578/ccs,1,8,2,205,193,12,0.05853658536585366,Interrupted,205,60
Control_11,m84137_260214_004236_s1/169870493/ccs,1,8,2,205,193,12,0.05853658536585366,Interrupted,205,60
Control_11,m84137_260214_004236_s1/174852156/ccs,1,8,2,205,193,12,0.05853658536585366,Interrupted,205,60
Control_11,m84137_260214_004236_s1/215941847/ccs,1,8,2,205,193,12,0.05853658536585366,Interrupted,205,60
Control_11,m84137_260214_004236_s1/111088851/ccs,1,8,2,205,193,12,0.05853658536585366,Interrupted,205,60
Control_11,m84137_260214_004236_s1/111480132/ccs,1,8,2,205,193,12,0.05853658536585366,Interrupted,205,60
Control_11,m84137_260214_004236_s1/137827216/ccs,1,8,2,205,193,12,0.05853658536585366,Interrupted,205,60
Control_11,m84137_260214_004236_s1/137695676/ccs,1,8,2,205,193,12,0.05853658536585366,Interrupted,205,60
Control_11,m84137_260214_004236_s1/163319708/ccs,1,8,2,205,193,12,0.05853658536585366,Interrupted,205,60
Control_11,m84137_260214_004236_s1/186062128/ccs,1,8,2,205,193,12,0.05853658536585366,Interrupted,205,60
Control_11,m84137_260214_004236_s1/164957972/ccs,1,8,2,205,193,12,0.05853658536585366,Interrupted,205,60
Control_11,m84137_260214_004236_s1/165154359/ccs,1,8,2,205,193,12,0.05853658536585366,Interrupted,205,60
Control_11,m84137_260214_004236_s1/165221880/ccs,1,8,2,205,193,12,0.05853658536585366,Interrupted,205,60
Control_11,m84137_260214_004236_s1/165680709/ccs,1,8,2,205,193,12,0.05853658536585366,Interrupted,205,60
Control_11,m84137_260214_004236_s1/169482128/ccs,1,8,2,205,193,12,0.05853658536585366,Interrupted,205,60
Control_11,m84137_260214_004236_s1/175444142/ccs,1,8,2,205,193,12,0.05853658536585366,Interrupted,205,60
Control_11,m84137_260214_004236_s1/188289267/ccs,1,8,2,205,193,12,0.05853658536585366,Interrupted,205,60
Control_11,m84137_260214_004236_s1/166989285/ccs,1,8,2,205,193,12,0.05853658536585366,Interrupted,205,60
Control_11,m84137_260214_004236_s1/167318921/ccs,1,8,2,205,193,12,0.05853658536585366,Interrupted,205,60
Control_11,m84137_260214_004236_s1/189076563/ccs,1,8,2,205,193,12,0.05853658536585366,Interrupted,205,60
Control_11,m84137_260214_004236_s1/192812195/ccs,1,8,2,205,193,12,0.05853658536585366,Interrupted,205,60
Control_11,m84137_260214_004236_s1/173149783/ccs,1,8,2,205,193,12,0.05853658536585366,Interrupted,205,60
Control_11,m84137_260214_004236_s1/150345190/ccs,1,8,2,205,193,12,0.05853658536585366,Interrupted,205,60
Control_11,m84137_260214_004236_s1/197072355/ccs,1,8,2,205,193,12,0.05853658536585366,Interrupted,205,60
Control_11,m84137_260214_004236_s1/207229851/ccs,1,8,2,205,193,12,0.05853658536585366,Interrupted,205,60
Control_11,m84137_260214_004236_s1/197465811/ccs,1,8,2,205,193,12,0.05853658536585366,Interrupted,205,60
Control_11,m84137_260214_004236_s1/220205880/ccs,1,8,2,205,193,12,0.05853658536585366,Interrupted,205,60
Control_11,m84137_260214_004236_s1/224007474/ccs,1,8,2,205,193,12,0.05853658536585366,Interrupted,205,60
Control_11,m84137_260214_004236_s1/222565591/ccs,1,8,2,205,193,12,0.05853658536585366,Interrupted,205,60
Control_11,m84137_260214_004236_s1/223482289/ccs,1,8,2,205,193,12,0.05853658536585366,Interrupted,205,60
Control_11,m84137_260214_004236_s1/210571392/ccs,1,8,2,205,193,12,0.05853658536585366,Interrupted,205,60
Control_11,m84137_260214_004236_s1/200415059/ccs,1,8,2,205,193,12,0.05853658536585366,Interrupted,205,60
Control_11,m84137_260214_004236_s1/200347987/ccs,1,8,2,205,193,12,0.05853658536585366,Interrupted,205,60
Control_11,m84137_260214_004236_s1/206444427/ccs,1,8,2,205,193,12,0.05853658536585366,Interrupted,205,60
Control_11,m84137_260214_004236_s1/183046686/ccs,1,8,2,205,193,12,0.05853658536585366,Interrupted,205,60
Control_11,m84137_260214_004236_s1/212277085/ccs,1,8,2,205,193,12,0.05853658536585366,Interrupted,205,60
Control_11,m84137_260214_004236_s1/168301344/ccs,1,8,2,205,193,12,0.05853658536585366,Interrupted,205,60
Control_11,m84137_260214_004236_s1/36769497/ccs,1,8,2,205,193,12,0.05853658536585366,Interrupted,205,60
Control_11,m84137_260214_004236_s1/13634708/ccs,1,8,2,205,193,12,0.05853658536585366,Interrupted,205,60
Control_11,m84137_260214_004236_s1/61804814/ccs,1,8,2,205,193,12,0.05853658536585366,Interrupted,205,60
Control_11,m84137_260214_004236_s1/54661292/ccs,1,8,2,205,193,12,0.05853658536585366,Interrupted,205,60
Control_11,m84137_260214_004236_s1/55119750/ccs,1,8,2,205,193,12,0.05853658536585366,Interrupted,205,60
Control_11,m84137_260214_004236_s1/15209034/ccs,1,8,2,205,193,12,0.05853658536585366,Interrupted,205,60
Control_11,m84137_260214_004236_s1/59773829/ccs,1,8,2,205,193,12,0.05853658536585366,Interrupted,205,60
Control_11,m84137_260214_004236_s1/44437107/ccs,1,8,2,205,193,12,0.05853658536585366,Interrupted,205,60
Control_11,m84137_260214_004236_s1/70260505/ccs,1,8,2,205,193,12,0.05853658536585366,Interrupted,205,60
Control_11,m84137_260214_004236_s1/65868606/ccs,1,8,2,205,193,12,0.05853658536585366,Interrupted,205,60
Control_11,m84137_260214_004236_s1/89787454/ccs,1,8,2,205,193,12,0.05853658536585366,Interrupted,205,60
Control_11,m84137_260214_004236_s1/66589454/ccs,1,8,2,205,193,12,0.05853658536585366,Interrupted,205,60
Control_11,m84137_260214_004236_s1/47190438/ccs,1,8,2,205,193,12,0.05853658536585366,Interrupted,205,60
Control_11,m84137_260214_004236_s1/72618490/ccs,1,8,2,205,193,12,0.05853658536585366,Interrupted,205,60
Control_11,m84137_260214_004236_s1/95753460/ccs,1,8,2,205,193,12,0.05853658536585366,Interrupted,205,60
Control_11,m84137_260214_004236_s1/91886097/ccs,1,8,2,205,193,12,0.05853658536585366,Interrupted,205,60
Control_11,m84137_260214_004236_s1/48762291/ccs,1,8,2,205,193,12,0.05853658536585366,Interrupted,205,60
Control_11,m84137_260214_004236_s1/97063066/ccs,1,8,2,205,193,12,0.05853658536585366,Interrupted,205,60
Control_11,m84137_260214_004236_s1/97522269/ccs,1,8,2,205,193,12,0.05853658536585366,Interrupted,205,60
Control_11,m84137_260214_004236_s1/97586588/ccs,1,8,2,205,193,12,0.05853658536585366,Interrupted,205,60
Control_11,m84137_260214_004236_s1/93850774/ccs,1,8,2,205,193,12,0.05853658536585366,Interrupted,205,60
Control_11,m84137_260214_004236_s1/79040903/ccs,1,8,2,205,193,12,0.05853658536585366,Interrupted,205,60
Control_11,m84137_260214_004236_s1/98962621/ccs,1,8,2,205,193,12,0.05853658536585366,Interrupted,205,60
Control_11,m84137_260214_004236_s1/79828906/ccs,1,8,2,205,193,12,0.05853658536585366,Interrupted,205,60
Control_11,m84137_260214_004236_s1/104336928/ccs,1,8,2,205,193,12,0.05853658536585366,Interrupted,205,60
Control_11,m84137_260214_004236_s1/99291975/ccs,1,8,2,205,193,12,0.05853658536585366,Interrupted,205,60
Control_11,m84137_260214_004236_s1/125637543/ccs,1,8,2,205,193,12,0.05853658536585366,Interrupted,205,60
Control_11,m84137_260214_004236_s1/122885624/ccs,1,8,2,205,193,12,0.05853658536585366,Interrupted,205,60
Control_11,m84137_260214_004236_s1/134550980/ccs,1,8,2,205,193,12,0.05853658536585366,Interrupted,205,60
Control_11,m84137_260214_004236_s1/109647636/ccs,1,8,2,205,193,12,0.05853658536585366,Interrupted,205,60
Control_11,m84137_260214_004236_s1/151457046/ccs,1,8,2,205,193,12,0.05853658536585366,Interrupted,205,60
Control_11,m84137_260214_004236_s1/110826953/ccs,1,8,2,205,193,12,0.05853658536585366,Interrupted,205,60
Control_11,m84137_260214_004236_s1/126882084/ccs,1,8,2,205,193,12,0.05853658536585366,Interrupted,205,60
Control_11,m84137_260214_004236_s1/153682329/ccs,1,8,2,205,193,12,0.05853658536585366,Interrupted,205,60
Control_11,m84137_260214_004236_s1/133236734/ccs,1,8,2,205,193,12,0.05853658536585366,Interrupted,205,60
Control_11,m84137_260214_004236_s1/137365834/ccs,1,8,2,205,193,12,0.05853658536585366,Interrupted,205,60
Control_11,m84137_260214_004236_s1/134153825/ccs,1,8,2,205,193,12,0.05853658536585366,Interrupted,205,60
Control_11,m84137_260214_004236_s1/134155177/ccs,1,8,2,205,193,12,0.05853658536585366,Interrupted,205,60
Control_11,m84137_260214_004236_s1/159121481/ccs,1,8,2,205,193,12,0.05853658536585366,Interrupted,205,60
Control_11,m84137_260214_004236_s1/164430468/ccs,1,8,2,205,193,12,0.05853658536585366,Interrupted,205,60
Control_11,m84137_260214_004236_s1/143525792/ccs,1,8,2,205,193,12,0.05853658536585366,Interrupted,205,60
Control_11,m84137_260214_004236_s1/164891028/ccs,1,8,2,205,193,12,0.05853658536585366,Interrupted,205,60
Control_11,m84137_260214_004236_s1/144180342/ccs,1,8,2,205,193,12,0.05853658536585366,Interrupted,205,60
Control_11,m84137_260214_004236_s1/145097471/ccs,1,8,2,205,193,12,0.05853658536585366,Interrupted,205,60
Control_11,m84137_260214_004236_s1/148244543/ccs,1,8,2,205,193,12,0.05853658536585366,Interrupted,205,60
Control_11,m84137_260214_004236_s1/190121084/ccs,1,8,2,205,193,12,0.05853658536585366,Interrupted,205,60
Control_11,m84137_260214_004236_s1/173803151/ccs,1,8,2,205,193,12,0.05853658536585366,Interrupted,205,60
Control_11,m84137_260214_004236_s1/186976316/ccs,1,8,2,205,193,12,0.05853658536585366,Interrupted,205,60
Control_11,m84137_260214_004236_s1/187170918/ccs,1,8,2,205,193,12,0.05853658536585366,Interrupted,205,60
Control_11,m84137_260214_004236_s1/170788230/ccs,1,8,2,205,193,12,0.05853658536585366,Interrupted,205,60
Control_11,m84137_260214_004236_s1/170787557/ccs,1,8,2,205,193,12,0.05853658536585366,Interrupted,205,60
Control_11,m84137_260214_004236_s1/175178204/ccs,1,8,2,205,193,12,0.05853658536585366,Interrupted,205,60
Control_11,m84137_260214_004236_s1/150603711/ccs,1,8,2,205,193,12,0.05853658536585366,Interrupted,205,60
Control_11,m84137_260214_004236_s1/179110572/ccs,1,8,2,205,193,12,0.05853658536585366,Interrupted,205,60
Control_11,m84137_260214_004236_s1/172098919/ccs,1,8,2,205,193,12,0.05853658536585366,Interrupted,205,60
Control_11,m84137_260214_004236_s1/198182979/ccs,1,8,2,205,193,12,0.05853658536585366,Interrupted,205,60
Control_11,m84137_260214_004236_s1/194249267/ccs,1,8,2,205,193,12,0.05853658536585366,Interrupted,205,60
Control_11,m84137_260214_004236_s1/180292046/ccs,1,8,2,205,193,12,0.05853658536585366,Interrupted,205,60
Control_11,m84137_260214_004236_s1/218956513/ccs,1,8,2,205,193,12,0.05853658536585366,Interrupted,205,60
Control_11,m84137_260214_004236_s1/195036735/ccs,1,8,2,205,193,12,0.05853658536585366,Interrupted,205,60
Control_11,m84137_260214_004236_s1/219810778/ccs,1,8,2,205,193,12,0.05853658536585366,Interrupted,205,60
Control_11,m84137_260214_004236_s1/201853401/ccs,1,8,2,205,193,12,0.05853658536585366,Interrupted,205,60
Control_11,m84137_260214_004236_s1/202180812/ccs,1,8,2,205,193,12,0.05853658536585366,Interrupted,205,60
Control_11,m84137_260214_004236_s1/220726321/ccs,1,8,2,205,193,12,0.05853658536585366,Interrupted,205,60
Control_11,m84137_260214_004236_s1/207882512/ccs,1,8,2,205,193,12,0.05853658536585366,Interrupted,205,60
Control_11,m84137_260214_004236_s1/200540626/ccs,1,8,2,205,193,12,0.05853658536585366,Interrupted,205,60
Control_11,m84137_260214_004236_s1/48825176/ccs,1,8,2,205,193,12,0.05853658536585366,Interrupted,205,60
Control_11,m84137_260214_004236_s1/65142947/ccs,1,8,2,205,193,12,0.05853658536585366,Interrupted,205,60
Control_11,m84137_260214_004236_s1/65734358/ccs,1,8,2,205,193,12,0.05853658536585366,Interrupted,205,60
Control_11,m84137_260214_004236_s1/68551352/ccs,1,8,2,205,193,12,0.05853658536585366,Interrupted,205,60
Control_11,m84137_260214_004236_s1/68618825/ccs,1,8,2,205,193,12,0.05853658536585366,Interrupted,205,60
Control_11,m84137_260214_004236_s1/73466408/ccs,1,8,2,205,193,12,0.05853658536585366,Interrupted,205,60
Control_11,m84137_260214_004236_s1/49545743/ccs,1,8,2,205,193,12,0.05853658536585366,Interrupted,205,60
Control_11,m84137_260214_004236_s1/50136647/ccs,1,8,2,205,193,12,0.05853658536585366,Interrupted,205,60
Control_11,m84137_260214_004236_s1/66980121/ccs,1,8,2,205,193,12,0.05853658536585366,Interrupted,205,60
Control_11,m84137_260214_004236_s1/75169903/ccs,1,8,2,205,193,12,0.05853658536585366,Interrupted,205,60
Control_11,m84137_260214_004236_s1/86640933/ccs,1,8,2,205,193,12,0.05853658536585366,Interrupted,205,60
Control_11,m84137_260214_004236_s1/97648766/ccs,1,8,2,205,193,12,0.05853658536585366,Interrupted,205,60
Control_11,m84137_260214_004236_s1/97649446/ccs,1,8,2,205,193,12,0.05853658536585366,Interrupted,205,60
Control_11,m84137_260214_004236_s1/100861745/ccs,1,8,2,205,193,12,0.05853658536585366,Interrupted,205,60
Control_11,m84137_260214_004236_s1/97977908/ccs,1,8,2,205,193,12,0.05853658536585366,Interrupted,205,60
Control_11,m84137_260214_004236_s1/88869326/ccs,1,8,2,205,193,12,0.05853658536585366,Interrupted,205,60
Control_11,m84137_260214_004236_s1/81660132/ccs,1,8,2,205,193,12,0.05853658536585366,Interrupted,205,60
Control_11,m84137_260214_004236_s1/98894844/ccs,1,8,2,205,193,12,0.05853658536585366,Interrupted,205,60
Control_11,m84137_260214_004236_s1/106562635/ccs,1,8,2,205,193,12,0.05853658536585366,Interrupted,205,60
Control_11,m84137_260214_004236_s1/118687695/ccs,1,8,2,205,193,12,0.05853658536585366,Interrupted,205,60
Control_11,m84137_260214_004236_s1/100336049/ccs,1,8,2,205,193,12,0.05853658536585366,Interrupted,205,60
Control_11,m84137_260214_004236_s1/103090342/ccs,1,8,2,205,193,12,0.05853658536585366,Interrupted,205,60
Control_11,m84137_260214_004236_s1/119801373/ccs,1,8,2,205,193,12,0.05853658536585366,Interrupted,205,60
Control_11,m84137_260214_004236_s1/119736696/ccs,1,8,2,205,193,12,0.05853658536585366,Interrupted,205,60
Control_11,m84137_260214_004236_s1/119802528/ccs,1,8,2,205,193,12,0.05853658536585366,Interrupted,205,60
Control_11,m84137_260214_004236_s1/112330921/ccs,1,8,2,205,193,12,0.05853658536585366,Interrupted,205,60
Control_11,m84137_260214_004236_s1/109118348/ccs,1,8,2,205,193,12,0.05853658536585366,Interrupted,205,60
Control_11,m84137_260214_004236_s1/121110857/ccs,1,8,2,205,193,12,0.05853658536585366,Interrupted,205,60
Control_11,m84137_260214_004236_s1/126091496/ccs,1,8,2,205,193,12,0.05853658536585366,Interrupted,205,60
Control_11,m84137_260214_004236_s1/135398414/ccs,1,8,2,205,193,12,0.05853658536585366,Interrupted,205,60
Control_11,m84137_260214_004236_s1/136118870/ccs,1,8,2,205,193,12,0.05853658536585366,Interrupted,205,60
Control_11,m84137_260214_004236_s1/136907502/ccs,1,8,2,205,193,12,0.05853658536585366,Interrupted,205,60
Control_11,m84137_260214_004236_s1/250151006/ccs,1,8,2,205,193,12,0.05853658536585366,Interrupted,205,60
Control_11,m84137_260214_004236_s1/33625285/ccs,1,8,2,205,193,12,0.05853658536585366,Interrupted,205,60
Control_11,m84137_260214_004236_s1/33756922/ccs,1,8,2,205,193,12,0.05853658536585366,Interrupted,205,60
Control_11,m84137_260214_004236_s1/51908994/ccs,1,8,2,205,193,12,0.05853658536585366,Interrupted,205,60
Control_11,m84137_260214_004236_s1/56693347/ccs,1,8,2,205,193,12,0.05853658536585366,Interrupted,205,60
Control_11,m84137_260214_004236_s1/57020702/ccs,1,8,2,205,193,12,0.05853658536585366,Interrupted,205,60
Control_11,m84137_260214_004236_s1/85134578/ccs,1,8,2,205,193,12,0.05853658536585366,Interrupted,205,60
Control_11,m84137_260214_004236_s1/45487221/ccs,1,8,2,205,193,12,0.05853658536585366,Interrupted,205,60
Control_11,m84137_260214_004236_s1/70980923/ccs,1,8,2,205,193,12,0.05853658536585366,Interrupted,205,60
Control_11,m84137_260214_004236_s1/86708938/ccs,1,8,2,205,193,12,0.05853658536585366,Interrupted,205,60
Control_11,m84137_260214_004236_s1/48238134/ccs,1,8,2,205,193,12,0.05853658536585366,Interrupted,205,60
Control_11,m84137_260214_004236_s1/100405772/ccs,1,8,2,205,193,12,0.05853658536585366,Interrupted,205,60
Control_11,m84137_260214_004236_s1/122293806/ccs,1,8,2,205,193,12,0.05853658536585366,Interrupted,205,60
Control_11,m84137_260214_004236_s1/139398953/ccs,1,8,2,205,193,12,0.05853658536585366,Interrupted,205,60
Control_11,m84137_260214_004236_s1/143199506/ccs,1,8,2,205,193,12,0.05853658536585366,Interrupted,205,60
Control_11,m84137_260214_004236_s1/116985354/ccs,1,8,2,205,193,12,0.05853658536585366,Interrupted,205,60
Control_11,m84137_260214_004236_s1/117184219/ccs,1,8,2,205,193,12,0.05853658536585366,Interrupted,205,60
Control_11,m84137_260214_004236_s1/175967842/ccs,1,8,2,205,193,12,0.05853658536585366,Interrupted,205,60
Control_11,m84137_260214_004236_s1/148835422/ccs,1,8,2,205,193,12,0.05853658536585366,Interrupted,205,60
Control_11,m84137_260214_004236_s1/178260993/ccs,1,8,2,205,193,12,0.05853658536585366,Interrupted,205,60
Control_11,m84137_260214_004236_s1/198840209/ccs,1,8,2,205,193,12,0.05853658536585366,Interrupted,205,60
Control_11,m84137_260214_004236_s1/202773514/ccs,1,8,2,205,193,12,0.05853658536585366,Interrupted,205,60
Control_11,m84137_260214_004236_s1/200152248/ccs,1,8,2,205,193,12,0.05853658536585366,Interrupted,205,60
Control_11,m84137_260214_004236_s1/205786550/ccs,1,8,2,205,193,12,0.05853658536585366,Interrupted,205,60
Control_11,m84137_260214_004236_s1/228789794/ccs,1,8,2,205,193,12,0.05853658536585366,Interrupted,205,60
Control_11,m84137_260214_004236_s1/233640833/ccs,1,8,2,205,193,12,0.05853658536585366,Interrupted,205,60
Control_11,m84137_260214_004236_s1/257168839/ccs,1,8,2,205,193,12,0.05853658536585366,Interrupted,205,60
Control_11,m84137_260214_004236_s1/11340255/ccs,1,8,2,205,193,12,0.05853658536585366,Interrupted,205,60
Control_11,m84137_260214_004236_s1/11403559/ccs,1,8,2,205,193,12,0.05853658536585366,Interrupted,205,60
Control_11,m84137_260214_004236_s1/22741168/ccs,1,8,2,205,193,12,0.05853658536585366,Interrupted,205,60
Control_11,m84137_260214_004236_s1/12518576/ccs,1,8,2,205,193,12,0.05853658536585366,Interrupted,205,60
Control_11,m84137_260214_004236_s1/18612769/ccs,1,8,2,205,193,12,0.05853658536585366,Interrupted,205,60
Control_11,m84137_260214_004236_s1/200999631/ccs,1,8,2,205,193,12,0.05853658536585366,Interrupted,205,60
Control_11,m84137_260214_004236_s1/208407424/ccs,1,8,2,205,193,12,0.05853658536585366,Interrupted,205,60
Control_11,m84137_260214_004236_s1/225249357/ccs,1,8,2,205,193,12,0.05853658536585366,Interrupted,205,60
Control_11,m84137_260214_004236_s1/203949215/ccs,1,8,2,205,193,12,0.05853658536585366,Interrupted,205,60
Control_11,m84137_260214_004236_s1/204277068/ccs,1,8,2,205,193,12,0.05853658536585366,Interrupted,205,60
Control_11,m84137_260214_004236_s1/222693899/ccs,1,8,2,205,193,12,0.05853658536585366,Interrupted,205,60
Control_11,m84137_260214_004236_s1/204408628/ccs,1,8,2,205,193,12,0.05853658536585366,Interrupted,205,60
Control_11,m84137_260214_004236_s1/223151318/ccs,1,8,2,205,193,12,0.05853658536585366,Interrupted,205,60
Control_11,m84137_260214_004236_s1/230817869/ccs,1,8,2,205,193,12,0.05853658536585366,Interrupted,205,60
Control_11,m84137_260214_004236_s1/205457728/ccs,1,8,2,205,193,12,0.05853658536585366,Interrupted,205,60
Control_11,m84137_260214_004236_s1/231148526/ccs,1,8,2,205,193,12,0.05853658536585366,Interrupted,205,60
Control_11,m84137_260214_004236_s1/205850958/ccs,1,8,2,205,193,12,0.05853658536585366,Interrupted,205,60
Control_11,m84137_260214_004236_s1/211618525/ccs,1,8,2,205,193,12,0.05853658536585366,Interrupted,205,60
Control_11,m84137_260214_004236_s1/211683817/ccs,1,8,2,205,193,12,0.05853658536585366,Interrupted,205,60
Control_11,m84137_260214_004236_s1/252249091/ccs,1,8,2,205,193,12,0.05853658536585366,Interrupted,205,60
Control_11,m84137_260214_004236_s1/252185212/ccs,1,8,2,205,193,12,0.05853658536585366,Interrupted,205,60
Control_11,m84137_260214_004236_s1/231671019/ccs,1,8,2,205,193,12,0.05853658536585366,Interrupted,205,60
Control_11,m84137_260214_004236_s1/212469431/ccs,1,8,2,205,193,12,0.05853658536585366,Interrupted,205,60
Control_11,m84137_260214_004236_s1/212469121/ccs,1,8,2,205,193,12,0.05853658536585366,Interrupted,205,60
Control_11,m84137_260214_004236_s1/212403687/ccs,1,8,2,205,193,12,0.05853658536585366,Interrupted,205,60
Control_11,m84137_260214_004236_s1/214697902/ccs,1,8,2,205,193,12,0.05853658536585366,Interrupted,205,60
Control_11,m84137_260214_004236_s1/228853541/ccs,1,8,2,205,193,12,0.05853658536585366,Interrupted,205,60
Control_11,m84137_260214_004236_s1/241172926/ccs,1,8,2,205,193,12,0.05853658536585366,Interrupted,205,60
Control_11,m84137_260214_004236_s1/233376658/ccs,1,8,2,205,193,12,0.05853658536585366,Interrupted,205,60
Control_11,m84137_260214_004236_s1/236913193/ccs,1,8,2,205,193,12,0.05853658536585366,Interrupted,205,60
Control_11,m84137_260214_004236_s1/237109782/ccs,1,8,2,205,193,12,0.05853658536585366,Interrupted,205,60
Control_11,m84137_260214_004236_s1/255657952/ccs,1,8,2,205,193,12,0.05853658536585366,Interrupted,205,60
Control_11,m84137_260214_004236_s1/259391829/ccs,1,8,2,205,193,12,0.05853658536585366,Interrupted,205,60
Control_11,m84137_260214_004236_s1/256901931/ccs,1,8,2,205,193,12,0.05853658536585366,Interrupted,205,60
Control_11,m84137_260214_004236_s1/263586400/ccs,1,8,2,205,193,12,0.05853658536585366,Interrupted,205,60
Control_11,m84137_260214_004236_s1/239143090/ccs,1,8,2,205,193,12,0.05853658536585366,Interrupted,205,60
Control_11,m84137_260214_004236_s1/16781601/ccs,1,8,2,205,193,12,0.05853658536585366,Interrupted,205,60
Control_11,m84137_260214_004236_s1/260704369/ccs,1,8,2,205,193,12,0.05853658536585366,Interrupted,205,60
Control_11,m84137_260214_004236_s1/246417868/ccs,1,8,2,205,193,12,0.05853658536585366,Interrupted,205,60
Control_11,m84137_260214_004236_s1/260901451/ccs,1,8,2,205,193,12,0.05853658536585366,Interrupted,205,60
Control_11,m84137_260214_004236_s1/264570840/ccs,1,8,2,205,193,12,0.05853658536585366,Interrupted,205,60
Control_11,m84137_260214_004236_s1/261686295/ccs,1,8,2,205,193,12,0.05853658536585366,Interrupted,205,60
Control_11,m84137_260214_004236_s1/245237123/ccs,1,8,2,205,193,12,0.05853658536585366,Interrupted,205,60
Control_11,m84137_260214_004236_s1/245302466/ccs,1,8,2,205,193,12,0.05853658536585366,Interrupted,205,60
Control_11,m84137_260214_004236_s1/2036082/ccs,1,8,2,205,193,12,0.05853658536585366,Interrupted,205,60
Control_11,m84137_260214_004236_s1/22613199/ccs,1,8,2,205,193,12,0.05853658536585366,Interrupted,205,60
Control_11,m84137_260214_004236_s1/23596924/ccs,1,8,2,205,193,12,0.05853658536585366,Interrupted,205,60
Control_11,m84137_260214_004236_s1/267192352/ccs,1,8,2,205,193,12,0.05853658536585366,Interrupted,205,60
Control_11,m84137_260214_004236_s1/249102659/ccs,1,8,2,205,193,12,0.05853658536585366,Interrupted,205,60
Control_11,m84137_260214_004236_s1/267256676/ccs,1,8,2,205,193,12,0.05853658536585366,Interrupted,205,60
Control_11,m84137_260214_004236_s1/20254046/ccs,1,8,2,205,193,12,0.05853658536585366,Interrupted,205,60
Control_11,m84137_260214_004236_s1/249628874/ccs,1,8,2,205,193,12,0.05853658536585366,Interrupted,205,60
Control_11,m84137_260214_004236_s1/20778358/ccs,1,8,2,205,193,12,0.05853658536585366,Interrupted,205,60
Control_11,m84137_260214_004236_s1/250086633/ccs,1,8,2,205,193,12,0.05853658536585366,Interrupted,205,60
Control_11,m84137_260214_004236_s1/28316887/ccs,1,8,2,205,193,12,0.05853658536585366,Interrupted,205,60
Control_11,m84137_260214_004236_s1/7213969/ccs,1,8,2,205,193,12,0.05853658536585366,Interrupted,205,60
Control_11,m84137_260214_004236_s1/250610351/ccs,1,8,2,205,193,12,0.05853658536585366,Interrupted,205,60
Control_11,m84137_260214_004236_s1/21565005/ccs,1,8,2,205,193,12,0.05853658536585366,Interrupted,205,60
Control_11,m84137_260214_004236_s1/21761103/ccs,1,8,2,205,193,12,0.05853658536585366,Interrupted,205,60
Control_11,m84137_260214_004236_s1/25431985/ccs,1,8,2,205,193,12,0.05853658536585366,Interrupted,205,60
Control_11,m84137_260214_004236_s1/251136053/ccs,1,8,2,205,193,12,0.05853658536585366,Interrupted,205,60
Control_11,m84137_260214_004236_s1/29824544/ccs,1,8,2,205,193,12,0.05853658536585366,Interrupted,205,60
Control_11,m84137_260214_004236_s1/51123676/ccs,1,8,2,205,193,12,0.05853658536585366,Interrupted,205,60
Control_11,m84137_260214_004236_s1/51319705/ccs,1,8,2,205,193,12,0.05853658536585366,Interrupted,205,60
Control_11,m84137_260214_004236_s1/27136286/ccs,1,8,2,205,193,12,0.05853658536585366,Interrupted,205,60
Control_11,m84137_260214_004236_s1/51515354/ccs,1,8,2,205,193,12,0.05853658536585366,Interrupted,205,60
Control_11,m84137_260214_004236_s1/35590665/ccs,1,8,2,205,193,12,0.05853658536585366,Interrupted,205,60
Control_11,m84137_260214_004236_s1/30807541/ccs,1,8,2,205,193,12,0.05853658536585366,Interrupted,205,60
Control_11,m84137_260214_004236_s1/35787267/ccs,1,8,2,205,193,12,0.05853658536585366,Interrupted,205,60
Control_11,m84137_260214_004236_s1/35787715/ccs,1,8,2,205,193,12,0.05853658536585366,Interrupted,205,60
Control_11,m84137_260214_004236_s1/12980721/ccs,1,8,2,205,193,12,0.05853658536585366,Interrupted,205,60
Control_11,m84137_260214_004236_s1/153881435/ccs,1,8,2,205,193,12,0.05853658536585366,Interrupted,205,60
Control_11,m84137_260214_004236_s1/82710195/ccs,1,8,2,205,193,12,0.05853658536585366,Interrupted,205,60
Control_11,m84137_260214_004236_s1/149226078/ccs,1,8,2,205,193,12,0.05853658536585366,Interrupted,205,60
Control_11,m84137_260214_004236_s1/192088003/ccs,1,8,2,205,193,12,0.05853658536585366,Interrupted,205,60
Control_11,m84137_260214_004236_s1/98897175/ccs,1,8,2,205,193,12,0.05853658536585366,Interrupted,205,60
Control_11,m84137_260214_004236_s1/103944371/ccs,1,8,2,205,193,12,0.05853658536585366,Interrupted,205,60
Control_11,m84137_260214_004236_s1/210829665/ccs,1,8,2,205,193,12,0.05853658536585366,Interrupted,205,60
Control_11,m84137_260214_004236_s1/235934690/ccs,1,8,2,205,193,12,0.05853658536585366,Interrupted,205,60
Control_11,m84137_260214_004236_s1/222168524/ccs,1,8,2,205,193,12,0.05853658536585366,Interrupted,205,60
Control_11,m84137_260214_004236_s1/234684792/ccs,1,8,2,205,193,12,0.05853658536585366,Interrupted,205,60
Control_11,m84137_260214_004236_s1/144180285/ccs,1,8,2,205,193,12,0.05853658536585366,Interrupted,205,60
Control_11,m84137_260214_004236_s1/252774827/ccs,1,8,2,205,193,12,0.05853658536585366,Interrupted,205,60
Control_11,m84137_260214_004236_s1/92934044/ccs,1,8,2,205,193,12,0.05853658536585366,Interrupted,205,60
Control_11,m84137_260214_004236_s1/77530154/ccs,1,8,2,205,193,12,0.05853658536585366,Interrupted,205,60
Control_11,m84137_260214_004236_s1/196216771/ccs,1,8,2,205,193,12,0.05853658536585366,Interrupted,205,60
Control_11,m84137_260214_004236_s1/195167480/ccs,1,8,2,205,193,12,0.05853658536585366,Interrupted,205,60
Control_11,m84137_260214_004236_s1/214566083/ccs,1,8,2,205,193,12,0.05853658536585366,Interrupted,205,60
Control_11,m84137_260214_004236_s1/79695949/ccs,1,8,2,205,193,12,0.05853658536585366,Interrupted,205,60
Control_11,m84137_260214_004236_s1/158864268/ccs,1,8,2,205,193,12,0.05853658536585366,Interrupted,205,60
Control_11,m84137_260214_004236_s1/175705938/ccs,1,8,2,205,193,12,0.05853658536585366,Interrupted,205,60
Control_11,m84137_260214_004236_s1/171250863/ccs,1,8,2,205,193,12,0.05853658536585366,Interrupted,205,60
Control_11,m84137_260214_004236_s1/247534838/ccs,1,8,2,205,193,12,0.05853658536585366,Interrupted,205,60
Control_11,m84137_260214_004236_s1/28246627/ccs,1,8,2,205,193,12,0.05853658536585366,Interrupted,205,60
Control_11,m84137_260214_004236_s1/24183178/ccs,1,8,2,205,193,12,0.05853658536585366,Interrupted,205,60
Control_11,m84137_260214_004236_s1/13107267/ccs,1,8,2,205,193,12,0.05853658536585366,Interrupted,205,60
Control_11,m84137_260214_004236_s1/25430486/ccs,1,8,2,205,193,12,0.05853658536585366,Interrupted,205,60
Control_11,m84137_260214_004236_s1/34013345/ccs,1,8,2,205,193,12,0.05853658536585366,Interrupted,205,60
Control_11,m84137_260214_004236_s1/45221018/ccs,1,8,2,205,193,12,0.05853658536585366,Interrupted,205,60
Control_11,m84137_260214_004236_s1/36635502/ccs,1,8,2,205,193,12,0.05853658536585366,Interrupted,205,60
Control_11,m84137_260214_004236_s1/63702298/ccs,1,8,2,205,193,12,0.05853658536585366,Interrupted,205,60
Control_11,m84137_260214_004236_s1/72942991/ccs,1,8,2,205,193,12,0.05853658536585366,Interrupted,205,60
Control_11,m84137_260214_004236_s1/69337219/ccs,1,8,2,205,193,12,0.05853658536585366,Interrupted,205,60
Control_11,m84137_260214_004236_s1/84869368/ccs,1,8,2,205,193,12,0.05853658536585366,Interrupted,205,60
Control_11,m84137_260214_004236_s1/71500139/ccs,1,8,2,205,193,12,0.05853658536585366,Interrupted,205,60
Control_11,m84137_260214_004236_s1/71565523/ccs,1,8,2,205,193,12,0.05853658536585366,Interrupted,205,60
Control_11,m84137_260214_004236_s1/96995058/ccs,1,8,2,205,193,12,0.05853658536585366,Interrupted,205,60
Control_11,m84137_260214_004236_s1/83428124/ccs,1,8,2,205,193,12,0.05853658536585366,Interrupted,205,60
Control_11,m84137_260214_004236_s1/83494969/ccs,1,8,2,205,193,12,0.05853658536585366,Interrupted,205,60
Control_11,m84137_260214_004236_s1/130417702/ccs,1,8,2,205,193,12,0.05853658536585366,Interrupted,205,60
Control_11,m84137_260214_004236_s1/127336934/ccs,1,8,2,205,193,12,0.05853658536585366,Interrupted,205,60
Control_11,m84137_260214_004236_s1/138544094/ccs,1,8,2,205,193,12,0.05853658536585366,Interrupted,205,60
Control_11,m84137_260214_004236_s1/154731419/ccs,1,8,2,205,193,12,0.05853658536585366,Interrupted,205,60
Control_11,m84137_260214_004236_s1/163251849/ccs,1,8,3,205,192,13,0.06341463414634146,Interrupted,205,60
Control_11,m84137_260214_004236_s1/168626407/ccs,1,8,2,205,193,12,0.05853658536585366,Interrupted,205,60
Control_11,m84137_260214_004236_s1/170590993/ccs,1,8,2,205,193,12,0.05853658536585366,Interrupted,205,60
Control_11,m84137_260214_004236_s1/196085585/ccs,1,8,2,205,193,12,0.05853658536585366,Interrupted,205,60
Control_11,m84137_260214_004236_s1/192349616/ccs,1,8,2,205,193,12,0.05853658536585366,Interrupted,205,60
Control_11,m84137_260214_004236_s1/193530387/ccs,1,8,2,205,193,12,0.05853658536585366,Interrupted,205,60
Control_11,m84137_260214_004236_s1/177537467/ccs,1,8,2,205,193,12,0.05853658536585366,Interrupted,205,60
Control_11,m84137_260214_004236_s1/224331578/ccs,1,8,2,205,193,12,0.05853658536585366,Interrupted,205,60
Control_11,m84137_260214_004236_s1/225512242/ccs,1,8,2,205,193,12,0.05853658536585366,Interrupted,205,60
Control_11,m84137_260214_004236_s1/226362531/ccs,1,8,2,205,193,12,0.05853658536585366,Interrupted,205,60
Control_11,m84137_260214_004236_s1/256312312/ccs,1,8,2,205,193,12,0.05853658536585366,Interrupted,205,60
Control_11,m84137_260214_004236_s1/264044676/ccs,1,8,2,205,193,12,0.05853658536585366,Interrupted,205,60
Control_11,m84137_260214_004236_s1/22810098/ccs,1,8,2,205,193,12,0.05853658536585366,Interrupted,205,60
Control_11,m84137_260214_004236_s1/3280558/ccs,1,8,2,205,193,12,0.05853658536585366,Interrupted,205,60
Control_11,m84137_260214_004236_s1/6557241/ccs,1,8,2,205,193,12,0.05853658536585366,Interrupted,205,60
Control_11,m84137_260214_004236_s1/29560151/ccs,1,8,2,205,193,12,0.05853658536585366,Interrupted,205,60
Control_11,m84137_260214_004236_s1/56495678/ccs,1,8,2,205,193,12,0.05853658536585366,Interrupted,205,60
Control_11,m84137_260214_004236_s1/42013070/ccs,1,8,2,205,193,12,0.05853658536585366,Interrupted,205,60
Control_11,m84137_260214_004236_s1/62592346/ccs,1,8,2,205,193,12,0.05853658536585366,Interrupted,205,60
Control_11,m84137_260214_004236_s1/64951472/ccs,1,8,2,205,193,12,0.05853658536585366,Interrupted,205,60
Control_11,m84137_260214_004236_s1/48500757/ccs,1,8,2,205,193,12,0.05853658536585366,Interrupted,205,60
Control_11,m84137_260214_004236_s1/77403016/ccs,1,8,2,205,193,12,0.05853658536585366,Interrupted,205,60
Control_11,m84137_260214_004236_s1/119410670/ccs,1,8,2,205,193,12,0.05853658536585366,Interrupted,205,60
Control_11,m84137_260214_004236_s1/105910251/ccs,1,8,2,205,193,12,0.05853658536585366,Interrupted,205,60
Control_11,m84137_260214_004236_s1/69207022/ccs,1,8,2,205,193,12,0.05853658536585366,Interrupted,205,60
Control_11,m84137_260214_004236_s1/50069680/ccs,1,8,2,205,193,12,0.05853658536585366,Interrupted,205,60
Control_11,m84137_260214_004236_s1/74320736/ccs,1,8,2,205,193,12,0.05853658536585366,Interrupted,205,60
Control_11,m84137_260214_004236_s1/74646162/ccs,1,8,2,205,193,12,0.05853658536585366,Interrupted,205,60
Control_11,m84137_260214_004236_s1/92604495/ccs,1,9,2,205,193,12,0.05853658536585366,Interrupted,205,60
Control_11,m84137_260214_004236_s1/96209036/ccs,1,8,2,205,193,12,0.05853658536585366,Interrupted,205,60
Control_11,m84137_260214_004236_s1/76088297/ccs,1,8,2,205,193,12,0.05853658536585366,Interrupted,205,60
Control_11,m84137_260214_004236_s1/97255745/ccs,1,8,2,205,193,12,0.05853658536585366,Interrupted,205,60
Control_11,m84137_260214_004236_s1/72616926/ccs,1,8,2,205,193,12,0.05853658536585366,Interrupted,205,60
Control_11,m84137_260214_004236_s1/76679663/ccs,1,8,2,205,193,12,0.05853658536585366,Interrupted,205,60
Control_11,m84137_260214_004236_s1/98175469/ccs,1,8,2,205,193,12,0.05853658536585366,Interrupted,205,60
Control_11,m84137_260214_004236_s1/101058721/ccs,1,8,2,205,193,12,0.05853658536585366,Interrupted,205,60
Control_11,m84137_260214_004236_s1/77595782/ccs,1,8,2,205,193,12,0.05853658536585366,Interrupted,205,60
Control_11,m84137_260214_004236_s1/99157095/ccs,1,8,2,205,193,12,0.05853658536585366,Interrupted,205,60
Control_11,m84137_260214_004236_s1/107151414/ccs,1,8,2,205,193,12,0.05853658536585366,Interrupted,205,60
Control_11,m84137_260214_004236_s1/124323714/ccs,1,8,2,205,193,12,0.05853658536585366,Interrupted,205,60
Control_11,m84137_260214_004236_s1/111872906/ccs,1,8,2,205,193,12,0.05853658536585366,Interrupted,205,60
Control_11,m84137_260214_004236_s1/125504048/ccs,1,8,2,205,193,12,0.05853658536585366,Interrupted,205,60
Control_11,m84137_260214_004236_s1/121113135/ccs,1,8,2,205,193,12,0.05853658536585366,Interrupted,205,60
Control_11,m84137_260214_004236_s1/105449337/ccs,1,8,2,205,193,12,0.05853658536585366,Interrupted,205,60
Control_11,m84137_260214_004236_s1/129959396/ccs,1,8,2,205,193,12,0.05853658536585366,Interrupted,205,60
Control_11,m84137_260214_004236_s1/130026186/ccs,1,8,2,205,193,12,0.05853658536585366,Interrupted,205,60
Control_11,m84137_260214_004236_s1/127075594/ccs,1,8,2,205,193,12,0.05853658536585366,Interrupted,205,60
Control_11,m84137_260214_004236_s1/110692070/ccs,1,8,2,205,193,12,0.05853658536585366,Interrupted,205,60
Control_11,m84137_260214_004236_s1/151192388/ccs,1,8,2,205,193,12,0.05853658536585366,Interrupted,205,60
Control_11,m84137_260214_004236_s1/131530883/ccs,1,8,2,205,193,12,0.05853658536585366,Interrupted,205,60
Control_11,m84137_260214_004236_s1/111674460/ccs,1,8,2,205,193,12,0.05853658536585366,Interrupted,205,60
Control_11,m84137_260214_004236_s1/135726684/ccs,1,8,2,205,193,12,0.05853658536585366,Interrupted,205,60
Control_11,m84137_260214_004236_s1/156567831/ccs,1,8,2,205,193,12,0.05853658536585366,Interrupted,205,60
Control_11,m84137_260214_004236_s1/132385561/ccs,1,8,2,205,193,12,0.05853658536585366,Interrupted,205,60
Control_11,m84137_260214_004236_s1/137036420/ccs,1,8,2,205,193,12,0.05853658536585366,Interrupted,205,60
Control_11,m84137_260214_004236_s1/116132273/ccs,1,8,2,205,193,12,0.05853658536585366,Interrupted,205,60
Control_11,m84137_260214_004236_s1/116001204/ccs,1,8,2,205,193,12,0.05853658536585366,Interrupted,205,60
Control_11,m84137_260214_004236_s1/140904556/ccs,1,8,2,205,193,12,0.05853658536585366,Interrupted,205,60
Control_11,m84137_260214_004236_s1/153946948/ccs,1,8,2,205,193,12,0.05853658536585366,Interrupted,205,60
Control_11,m84137_260214_004236_s1/137627041/ccs,1,8,2,205,193,12,0.05853658536585366,Interrupted,205,60
Control_11,m84137_260214_004236_s1/154338034/ccs,1,8,2,205,193,12,0.05853658536585366,Interrupted,205,60
Control_11,m84137_260214_004236_s1/159122233/ccs,1,8,2,205,193,12,0.05853658536585366,Interrupted,205,60
Control_11,m84137_260214_004236_s1/162792459/ccs,1,8,2,205,193,12,0.05853658536585366,Interrupted,205,60
Control_11,m84137_260214_004236_s1/138544595/ccs,1,8,2,205,193,12,0.05853658536585366,Interrupted,205,60
Control_11,m84137_260214_004236_s1/155190994/ccs,1,8,2,205,193,12,0.05853658536585366,Interrupted,205,60
Control_11,m84137_260214_004236_s1/155322124/ccs,1,8,2,205,193,12,0.05853658536585366,Interrupted,205,60
Control_11,m84137_260214_004236_s1/143394462/ccs,1,8,2,205,193,12,0.05853658536585366,Interrupted,205,60
Control_11,m84137_260214_004236_s1/167971621/ccs,1,8,2,205,193,12,0.05853658536585366,Interrupted,205,60
Control_11,m84137_260214_004236_s1/160827094/ccs,1,8,2,205,193,12,0.05853658536585366,Interrupted,205,60
Control_11,m84137_260214_004236_s1/156501619/ccs,1,8,2,205,193,12,0.05853658536585366,Interrupted,205,60
Control_11,m84137_260214_004236_s1/164560984/ccs,1,8,2,205,193,12,0.05853658536585366,Interrupted,205,60
Control_11,m84137_260214_004236_s1/147259708/ccs,1,8,2,205,193,12,0.05853658536585366,Interrupted,205,60
Control_11,m84137_260214_004236_s1/147194010/ccs,1,8,2,205,193,12,0.05853658536585366,Interrupted,205,60
Control_11,m84137_260214_004236_s1/144376726/ccs,1,8,2,205,193,12,0.05853658536585366,Interrupted,205,60
Control_11,m84137_260214_004236_s1/152180098/ccs,1,8,2,205,193,12,0.05853658536585366,Interrupted,205,60
Control_11,m84137_260214_004236_s1/113774261/ccs,1,8,2,205,193,12,0.05853658536585366,Interrupted,205,60
Control_11,m84137_260214_004236_s1/114036129/ccs,1,8,2,205,193,12,0.05853658536585366,Interrupted,205,60
Control_11,m84137_260214_004236_s1/168301005/ccs,1,8,2,205,193,12,0.05853658536585366,Interrupted,205,60
Control_11,m84137_260214_004236_s1/191696071/ccs,1,8,2,205,193,12,0.05853658536585366,Interrupted,205,60
Control_11,m84137_260214_004236_s1/171905806/ccs,1,8,2,205,193,12,0.05853658536585366,Interrupted,205,60
Control_11,m84137_260214_004236_s1/149362038/ccs,1,8,2,205,193,12,0.05853658536585366,Interrupted,205,60
Control_11,m84137_260214_004236_s1/198579386/ccs,1,8,2,205,193,12,0.05853658536585366,Interrupted,205,60
Control_11,m84137_260214_004236_s1/221910413/ccs,1,8,2,205,193,12,0.05853658536585366,Interrupted,205,60
Control_11,m84137_260214_004236_s1/211228435/ccs,1,8,2,205,193,12,0.05853658536585366,Interrupted,205,60
Control_11,m84137_260214_004236_s1/236850573/ccs,1,8,2,205,193,12,0.05853658536585366,Interrupted,205,60
Control_11,m84137_260214_004236_s1/243209948/ccs,1,8,2,205,193,12,0.05853658536585366,Interrupted,205,60
Control_11,m84137_260214_004236_s1/23071466/ccs,1,8,2,205,193,12,0.05853658536585366,Interrupted,205,60
Control_11,m84137_260214_004236_s1/28640602/ccs,1,8,2,205,193,12,0.05853658536585366,Interrupted,205,60
Control_11,m84137_260214_004236_s1/28705758/ccs,1,8,2,205,193,12,0.05853658536585366,Interrupted,205,60
Control_11,m84137_260214_004236_s1/23462891/ccs,1,8,2,205,193,12,0.05853658536585366,Interrupted,205,60
Control_11,m84137_260214_004236_s1/23332339/ccs,1,8,2,205,193,12,0.05853658536585366,Interrupted,205,60
Control_11,m84137_260214_004236_s1/2165138/ccs,1,8,2,205,193,12,0.05853658536585366,Interrupted,205,60
Control_11,m84137_260214_004236_s1/6621310/ccs,1,8,2,205,193,12,0.05853658536585366,Interrupted,205,60
Control_11,m84137_260214_004236_s1/18155037/ccs,1,8,2,205,193,12,0.05853658536585366,Interrupted,205,60
Control_11,m84137_260214_004236_s1/24052792/ccs,1,8,2,205,193,12,0.05853658536585366,Interrupted,205,60
Control_11,m84137_260214_004236_s1/7667905/ccs,1,8,2,205,193,12,0.05853658536585366,Interrupted,205,60
Control_11,m84137_260214_004236_s1/24707238/ccs,1,8,2,205,193,12,0.05853658536585366,Interrupted,205,60
Control_11,m84137_260214_004236_s1/29820402/ccs,1,8,2,205,193,12,0.05853658536585366,Interrupted,205,60
Control_11,m84137_260214_004236_s1/24838351/ccs,1,8,2,205,193,12,0.05853658536585366,Interrupted,205,60
Control_11,m84137_260214_004236_s1/19663149/ccs,1,8,2,205,193,12,0.05853658536585366,Interrupted,205,60
Control_11,m84137_260214_004236_s1/30082079/ccs,1,8,2,205,193,12,0.05853658536585366,Interrupted,205,60
Control_11,m84137_260214_004236_s1/30278534/ccs,1,8,2,205,193,12,0.05853658536585366,Interrupted,205,60
Control_11,m84137_260214_004236_s1/8979226/ccs,1,8,2,205,193,12,0.05853658536585366,Interrupted,205,60
Control_11,m84137_260214_004236_s1/20513802/ccs,1,8,2,205,193,12,0.05853658536585366,Interrupted,205,60
Control_11,m84137_260214_004236_s1/20906043/ccs,1,8,2,205,193,12,0.05853658536585366,Interrupted,205,60
Control_11,m84137_260214_004236_s1/10683063/ccs,1,8,2,205,193,12,0.05853658536585366,Interrupted,205,60
Control_11,m84137_260214_004236_s1/10552857/ccs,1,8,2,205,193,12,0.05853658536585366,Interrupted,205,60
Control_11,m84137_260214_004236_s1/34474375/ccs,1,8,2,205,193,12,0.05853658536585366,Interrupted,205,60
Control_11,m84137_260214_004236_s1/50333920/ccs,1,8,2,205,193,12,0.05853658536585366,Interrupted,205,60
Control_11,m84137_260214_004236_s1/56559346/ccs,1,8,2,205,193,12,0.05853658536585366,Interrupted,205,60
Control_11,m84137_260214_004236_s1/35783631/ccs,1,8,2,205,193,12,0.05853658536585366,Interrupted,205,60
Control_11,m84137_260214_004236_s1/61800536/ccs,1,8,2,205,193,12,0.05853658536585366,Interrupted,205,60
Control_11,m84137_260214_004236_s1/58264340/ccs,1,8,2,205,193,12,0.05853658536585366,Interrupted,205,60
Control_11,m84137_260214_004236_s1/59181518/ccs,1,8,2,205,193,12,0.05853658536585366,Interrupted,205,60
Control_11,m84137_260214_004236_s1/52889564/ccs,1,8,2,205,193,12,0.05853658536585366,Interrupted,205,60
Control_11,m84137_260214_004236_s1/41813861/ccs,1,8,2,205,193,12,0.05853658536585366,Interrupted,205,60
Control_11,m84137_260214_004236_s1/42796475/ccs,1,8,2,205,193,12,0.05853658536585366,Interrupted,205,60
Control_11,m84137_260214_004236_s1/60623845/ccs,1,8,2,205,193,12,0.05853658536585366,Interrupted,205,60
Control_11,m84137_260214_004236_s1/67176907/ccs,1,8,2,205,193,12,0.05853658536585366,Interrupted,205,60
Control_11,m84137_260214_004236_s1/64553672/ccs,1,8,2,205,193,12,0.05853658536585366,Interrupted,205,60
Control_11,m84137_260214_004236_s1/55445709/ccs,1,8,2,205,193,12,0.05853658536585366,Interrupted,205,60
Control_11,m84137_260214_004236_s1/67961549/ccs,1,8,2,205,193,12,0.05853658536585366,Interrupted,205,60
Control_11,m84137_260214_004236_s1/49217940/ccs,1,8,2,205,193,12,0.05853658536585366,Interrupted,205,60
Control_11,m84137_260214_004236_s1/91227722/ccs,1,8,2,205,193,12,0.05853658536585366,Interrupted,205,60
Control_11,m84137_260214_004236_s1/234425335/ccs,1,8,2,205,193,12,0.05853658536585366,Interrupted,205,60
Control_11,m84137_260214_004236_s1/255526717/ccs,1,8,2,205,193,12,0.05853658536585366,Interrupted,205,60
Control_11,m84137_260214_004236_s1/262996357/ccs,1,8,2,205,193,12,0.05853658536585366,Interrupted,205,60
Control_11,m84137_260214_004236_s1/242484868/ccs,1,8,2,205,193,12,0.05853658536585366,Interrupted,205,60
Control_11,m84137_260214_004236_s1/242550484/ccs,1,8,2,205,193,12,0.05853658536585366,Interrupted,205,60
Control_11,m84137_260214_004236_s1/256770829/ccs,1,8,2,205,193,12,0.05853658536585366,Interrupted,205,60
Control_11,m84137_260214_004236_s1/263521336/ccs,1,8,2,205,193,12,0.05853658536585366,Interrupted,205,60
Control_11,m84137_260214_004236_s1/218041238/ccs,1,8,2,205,193,12,0.05853658536585366,Interrupted,205,60
Control_11,m84137_260214_004236_s1/243862420/ccs,1,8,2,205,193,12,0.05853658536585366,Interrupted,205,60
Control_11,m84137_260214_004236_s1/244252865/ccs,1,8,2,205,193,12,0.05853658536585366,Interrupted,205,60
Control_11,m84137_260214_004236_s1/17174107/ccs,1,8,2,205,193,12,0.05853658536585366,Interrupted,205,60
Control_11,m84137_260214_004236_s1/261226815/ccs,1,8,2,205,193,12,0.05853658536585366,Interrupted,205,60
Control_11,m84137_260214_004236_s1/261687326/ccs,1,8,2,205,193,12,0.05853658536585366,Interrupted,205,60
Control_11,m84137_260214_004236_s1/265881419/ccs,1,8,2,205,193,12,0.05853658536585366,Interrupted,205,60
Control_11,m84137_260214_004236_s1/18550789/ccs,1,8,2,205,193,12,0.05853658536585366,Interrupted,205,60
Control_11,m84137_260214_004236_s1/266077937/ccs,1,8,2,205,193,12,0.05853658536585366,Interrupted,205,60
Control_11,m84137_260214_004236_s1/19403332/ccs,1,8,2,205,193,12,0.05853658536585366,Interrupted,205,60
Control_11,m84137_260214_004236_s1/19336820/ccs,1,8,2,205,193,12,0.05853658536585366,Interrupted,205,60
Control_11,m84137_260214_004236_s1/3083361/ccs,1,8,2,205,193,12,0.05853658536585366,Interrupted,205,60
Control_11,m84137_260214_004236_s1/249167943/ccs,1,8,2,205,193,12,0.05853658536585366,Interrupted,205,60
Control_11,m84137_260214_004236_s1/6164609/ccs,1,8,2,205,193,12,0.05853658536585366,Interrupted,205,60
Control_11,m84137_260214_004236_s1/249891238/ccs,1,8,2,205,193,12,0.05853658536585366,Interrupted,205,60
Control_11,m84137_260214_004236_s1/6624544/ccs,1,8,2,205,193,12,0.05853658536585366,Interrupted,205,60
Control_11,m84137_260214_004236_s1/250021785/ccs,1,8,2,205,193,12,0.05853658536585366,Interrupted,205,60
Control_11,m84137_260214_004236_s1/22025618/ccs,1,8,2,205,193,12,0.05853658536585366,Interrupted,205,60
Control_11,m84137_260214_004236_s1/8458619/ccs,1,8,2,205,193,12,0.05853658536585366,Interrupted,205,60
Control_11,m84137_260214_004236_s1/26219200/ccs,1,8,2,205,193,12,0.05853658536585366,Interrupted,205,60
Control_11,m84137_260214_004236_s1/9049126/ccs,1,8,2,205,193,12,0.05853658536585366,Interrupted,205,60
Control_11,m84137_260214_004236_s1/35328018/ccs,1,8,2,205,193,12,0.05853658536585366,Interrupted,205,60
Control_11,m84137_260214_004236_s1/51647309/ccs,1,8,2,205,193,12,0.05853658536585366,Interrupted,205,60
Control_11,m84137_260214_004236_s1/11866608/ccs,1,8,2,205,193,12,0.05853658536585366,Interrupted,205,60
Control_11,m84137_260214_004236_s1/51648263/ccs,1,8,2,205,193,12,0.05853658536585366,Interrupted,205,60
Control_11,m84137_260214_004236_s1/51713510/ccs,1,8,2,205,193,12,0.05853658536585366,Interrupted,205,60
Control_11,m84137_260214_004236_s1/9900068/ccs,1,8,2,205,193,12,0.05853658536585366,Interrupted,205,60
Control_11,m84137_260214_004236_s1/10753476/ccs,1,8,2,205,193,12,0.05853658536585366,Interrupted,205,60
Control_11,m84137_260214_004236_s1/36115005/ccs,1,8,2,205,193,12,0.05853658536585366,Interrupted,205,60
Control_11,m84137_260214_004236_s1/52628626/ccs,1,8,2,205,193,12,0.05853658536585366,Interrupted,205,60
Control_11,m84137_260214_004236_s1/32053109/ccs,1,8,2,205,193,12,0.05853658536585366,Interrupted,205,60
Control_11,m84137_260214_004236_s1/37556805/ccs,1,8,2,205,193,12,0.05853658536585366,Interrupted,205,60
Control_11,m84137_260214_004236_s1/40176658/ccs,1,8,2,205,193,12,0.05853658536585366,Interrupted,205,60
Control_11,m84137_260214_004236_s1/40571307/ccs,1,8,2,205,193,12,0.05853658536585366,Interrupted,205,60
Control_11,m84137_260214_004236_s1/38342395/ccs,1,8,2,205,193,12,0.05853658536585366,Interrupted,205,60
Control_11,m84137_260214_004236_s1/61870495/ccs,1,8,2,205,193,12,0.05853658536585366,Interrupted,205,60
Control_11,m84137_260214_004236_s1/67309407/ccs,1,8,2,205,193,12,0.05853658536585366,Interrupted,205,60
Control_11,m84137_260214_004236_s1/15078525/ccs,1,8,2,205,193,12,0.05853658536585366,Interrupted,205,60
Control_11,m84137_260214_004236_s1/16323960/ccs,1,8,2,205,193,12,0.05853658536585366,Interrupted,205,60
Control_11,m84137_260214_004236_s1/64493150/ccs,1,8,2,205,193,12,0.05853658536585366,Interrupted,205,60
Control_11,m84137_260214_004236_s1/43782569/ccs,1,8,2,205,193,12,0.05853658536585366,Interrupted,205,60
Control_11,m84137_260214_004236_s1/44110831/ccs,1,8,2,205,193,12,0.05853658536585366,Interrupted,205,60
Control_11,m84137_260214_004236_s1/44438019/ccs,1,8,2,205,193,12,0.05853658536585366,Interrupted,205,60
Control_11,m84137_260214_004236_s1/185598781/ccs,1,8,2,205,193,12,0.05853658536585366,Interrupted,205,60
Control_11,m84137_260214_004236_s1/190513410/ccs,1,8,2,205,193,12,0.05853658536585366,Interrupted,205,60
Control_11,m84137_260214_004236_s1/186713136/ccs,1,8,2,205,193,12,0.05853658536585366,Interrupted,205,60
Control_11,m84137_260214_004236_s1/186911611/ccs,1,8,2,205,193,12,0.05853658536585366,Interrupted,205,60
Control_11,m84137_260214_004236_s1/167314188/ccs,1,8,2,205,193,12,0.05853658536585366,Interrupted,205,60
Control_11,m84137_260214_004236_s1/191105383/ccs,1,8,2,205,193,12,0.05853658536585366,Interrupted,205,60
Control_11,m84137_260214_004236_s1/170198831/ccs,1,8,2,205,193,12,0.05853658536585366,Interrupted,205,60
Control_11,m84137_260214_004236_s1/149555985/ccs,1,8,2,205,193,12,0.05853658536585366,Interrupted,205,60
Control_11,m84137_260214_004236_s1/187630659/ccs,1,8,2,205,193,12,0.05853658536585366,Interrupted,205,60
Control_11,m84137_260214_004236_s1/191693196/ccs,1,8,2,205,193,12,0.05853658536585366,Interrupted,205,60
Control_11,m84137_260214_004236_s1/150472636/ccs,1,8,2,205,193,12,0.05853658536585366,Interrupted,205,60
Control_11,m84137_260214_004236_s1/171116018/ccs,1,8,2,205,193,12,0.05853658536585366,Interrupted,205,60
Control_11,m84137_260214_004236_s1/188417175/ccs,1,8,2,205,193,12,0.05853658536585366,Interrupted,205,60
Control_11,m84137_260214_004236_s1/196413833/ccs,1,8,2,205,193,12,0.05853658536585366,Interrupted,205,60
Control_11,m84137_260214_004236_s1/176294271/ccs,1,8,2,205,193,12,0.05853658536585366,Interrupted,205,60
Control_11,m84137_260214_004236_s1/189925669/ccs,1,8,2,205,193,12,0.05853658536585366,Interrupted,205,60
Control_11,m84137_260214_004236_s1/197592603/ccs,1,8,2,205,193,12,0.05853658536585366,Interrupted,205,60
Control_11,m84137_260214_004236_s1/193724793/ccs,1,8,2,205,193,12,0.05853658536585366,Interrupted,205,60
Control_11,m84137_260214_004236_s1/172952541/ccs,1,8,2,205,193,12,0.05853658536585366,Interrupted,205,60
Control_11,m84137_260214_004236_s1/178520834/ccs,1,8,2,205,193,12,0.05853658536585366,Interrupted,205,60
Control_11,m84137_260214_004236_s1/178457578/ccs,1,8,2,205,193,12,0.05853658536585366,Interrupted,205,60
Control_11,m84137_260214_004236_s1/180816377/ccs,1,8,2,205,193,12,0.05853658536585366,Interrupted,205,60
Control_11,m84137_260214_004236_s1/220137096/ccs,1,8,2,205,193,12,0.05853658536585366,Interrupted,205,60
Control_11,m84137_260214_004236_s1/207096108/ccs,1,8,2,205,193,12,0.05853658536585366,Interrupted,205,60
Control_11,m84137_260214_004236_s1/220333970/ccs,1,8,2,205,193,12,0.05853658536585366,Interrupted,205,60
Control_11,m84137_260214_004236_s1/202966643/ccs,1,8,2,205,193,12,0.05853658536585366,Interrupted,205,60
Control_11,m84137_260214_004236_s1/203098802/ccs,1,8,2,205,193,12,0.05853658536585366,Interrupted,205,60
Control_11,m84137_260214_004236_s1/221448407/ccs,1,8,2,205,193,12,0.05853658536585366,Interrupted,205,60
Control_11,m84137_260214_004236_s1/183108574/ccs,1,8,2,205,193,12,0.05853658536585366,Interrupted,205,60
Control_11,m84137_260214_004236_s1/183305997/ccs,1,8,2,205,193,12,0.05853658536585366,Interrupted,205,60
Control_11,m84137_260214_004236_s1/229507217/ccs,1,8,2,205,193,12,0.05853658536585366,Interrupted,205,60
Control_11,m84137_260214_004236_s1/203949668/ccs,1,8,2,205,193,12,0.05853658536585366,Interrupted,205,60
Control_11,m84137_260214_004236_s1/225708433/ccs,1,8,2,205,193,12,0.05853658536585366,Interrupted,205,60
Control_11,m84137_260214_004236_s1/205193534/ccs,1,8,2,205,193,12,0.05853658536585366,Interrupted,205,60
Control_11,m84137_260214_004236_s1/223479993/ccs,1,8,2,205,193,12,0.05853658536585366,Interrupted,205,60
Control_11,m84137_260214_004236_s1/205457490/ccs,1,8,2,205,193,12,0.05853658536585366,Interrupted,205,60
Control_11,m84137_260214_004236_s1/211485057/ccs,1,8,2,205,193,12,0.05853658536585366,Interrupted,205,60
Control_11,m84137_260214_004236_s1/205848821/ccs,1,8,2,205,193,12,0.05853658536585366,Interrupted,205,60
Control_11,m84137_260214_004236_s1/252119264/ccs,1,8,2,205,193,12,0.05853658536585366,Interrupted,205,60
Control_11,m84137_260214_004236_s1/232459217/ccs,1,8,2,205,193,12,0.05853658536585366,Interrupted,205,60
Control_11,m84137_260214_004236_s1/214565450/ccs,1,8,2,205,193,12,0.05853658536585366,Interrupted,205,60
Control_11,m84137_260214_004236_s1/214761878/ccs,1,8,2,205,193,12,0.05853658536585366,Interrupted,205,60
Control_11,m84137_260214_004236_s1/214696261/ccs,1,8,2,205,193,12,0.05853658536585366,Interrupted,205,60
Control_11,m84137_260214_004236_s1/253558877/ccs,1,8,2,205,193,12,0.05853658536585366,Interrupted,205,60
Control_11,m84137_260214_004236_s1/253624581/ccs,1,8,2,205,193,12,0.05853658536585366,Interrupted,205,60
Control_11,m84137_260214_004236_s1/232980868/ccs,1,8,2,205,193,12,0.05853658536585366,Interrupted,205,60
Control_11,m84137_260214_004236_s1/215550792/ccs,1,8,2,205,193,12,0.05853658536585366,Interrupted,205,60
Control_11,m84137_260214_004236_s1/233637448/ccs,1,8,2,205,193,12,0.05853658536585366,Interrupted,205,60
Control_11,m84137_260214_004236_s1/233833595/ccs,1,8,2,205,193,12,0.05853658536585366,Interrupted,205,60
Control_11,m84137_260214_004236_s1/236978457/ccs,1,8,2,205,193,12,0.05853658536585366,Interrupted,205,60
Control_11,m84137_260214_004236_s1/66063678/ccs,1,8,2,205,193,12,0.05853658536585366,Interrupted,205,60
Control_11,m84137_260214_004236_s1/70782716/ccs,1,8,2,205,193,12,0.05853658536585366,Interrupted,205,60
Control_11,m84137_260214_004236_s1/73535601/ccs,1,8,2,205,193,12,0.05853658536585366,Interrupted,205,60
Control_11,m84137_260214_004236_s1/76420927/ccs,1,8,2,205,193,12,0.05853658536585366,Interrupted,205,60
Control_11,m84137_260214_004236_s1/96801106/ccs,1,8,2,205,193,12,0.05853658536585366,Interrupted,205,60
Control_11,m84137_260214_004236_s1/49091176/ccs,1,8,2,205,193,12,0.05853658536585366,Interrupted,205,60
Control_11,m84137_260214_004236_s1/117575805/ccs,1,8,2,205,193,12,0.05853658536585366,Interrupted,205,60
Control_11,m84137_260214_004236_s1/94179350/ccs,1,8,2,205,193,12,0.05853658536585366,Interrupted,205,60
Control_11,m84137_260214_004236_s1/94310047/ccs,1,8,2,205,193,12,0.05853658536585366,Interrupted,205,60
Control_11,m84137_260214_004236_s1/98897429/ccs,1,8,2,205,193,12,0.05853658536585366,Interrupted,205,60
Control_11,m84137_260214_004236_s1/104141225/ccs,1,8,2,205,193,12,0.05853658536585366,Interrupted,205,60
Control_11,m84137_260214_004236_s1/80088382/ccs,1,8,2,205,193,12,0.05853658536585366,Interrupted,205,60
Control_11,m84137_260214_004236_s1/129307708/ccs,1,8,2,205,193,12,0.05853658536585366,Interrupted,205,60
Control_11,m84137_260214_004236_s1/130224169/ccs,1,8,2,205,193,12,0.05853658536585366,Interrupted,205,60
Control_11,m84137_260214_004236_s1/126422633/ccs,1,8,2,205,193,12,0.05853658536585366,Interrupted,205,60
Control_11,m84137_260214_004236_s1/110104300/ccs,1,8,2,205,193,12,0.05853658536585366,Interrupted,205,60
Control_11,m84137_260214_004236_s1/151590796/ccs,1,8,2,205,193,12,0.05853658536585366,Interrupted,205,60
Control_11,m84137_260214_004236_s1/110958484/ccs,1,8,2,205,193,12,0.05853658536585366,Interrupted,205,60
Control_11,m84137_260214_004236_s1/128322636/ccs,1,8,2,205,193,12,0.05853658536585366,Interrupted,205,60
Control_11,m84137_260214_004236_s1/136254386/ccs,1,8,2,205,193,12,0.05853658536585366,Interrupted,205,60
Control_11,m84137_260214_004236_s1/140709676/ccs,1,8,2,205,193,12,0.05853658536585366,Interrupted,205,60
Control_11,m84137_260214_004236_s1/113120621/ccs,1,8,2,205,193,12,0.05853658536585366,Interrupted,205,60
Control_11,m84137_260214_004236_s1/113839293/ccs,1,8,2,205,193,12,0.05853658536585366,Interrupted,205,60
Control_11,m84137_260214_004236_s1/113971980/ccs,1,8,2,205,193,12,0.05853658536585366,Interrupted,205,60
Control_11,m84137_260214_004236_s1/113907343/ccs,1,8,2,205,193,12,0.05853658536585366,Interrupted,205,60
Control_11,m84137_260214_004236_s1/141824449/ccs,1,8,2,205,193,12,0.05853658536585366,Interrupted,205,60
Control_11,m84137_260214_004236_s1/138219498/ccs,1,8,2,205,193,12,0.05853658536585366,Interrupted,205,60
Control_11,m84137_260214_004236_s1/155848169/ccs,1,8,2,205,193,12,0.05853658536585366,Interrupted,205,60
Control_11,m84137_260214_004236_s1/162141995/ccs,1,8,2,205,193,12,0.05853658536585366,Interrupted,205,60
Control_11,m84137_260214_004236_s1/156374143/ccs,1,8,2,205,193,12,0.05853658536585366,Interrupted,205,60
Control_11,m84137_260214_004236_s1/144250070/ccs,1,8,2,205,193,12,0.05853658536585366,Interrupted,205,60
Control_11,m84137_260214_004236_s1/161158953/ccs,1,8,2,205,193,12,0.05853658536585366,Interrupted,205,60
Control_11,m84137_260214_004236_s1/144773712/ccs,1,8,2,205,193,12,0.05853658536585366,Interrupted,205,60
Control_11,m84137_260214_004236_s1/164368029/ccs,1,8,2,205,193,12,0.05853658536585366,Interrupted,205,60
Control_11,m84137_260214_004236_s1/145167745/ccs,1,8,2,205,193,12,0.05853658536585366,Interrupted,205,60
Control_11,m84137_260214_004236_s1/186390335/ccs,1,8,2,205,193,12,0.05853658536585366,Interrupted,205,60
Control_11,m84137_260214_004236_s1/169349976/ccs,1,8,2,205,193,12,0.05853658536585366,Interrupted,205,60
Control_11,m84137_260214_004236_s1/146543358/ccs,1,8,2,205,193,12,0.05853658536585366,Interrupted,205,60
Control_11,m84137_260214_004236_s1/186783230/ccs,1,8,2,205,193,12,0.05853658536585366,Interrupted,205,60
Control_11,m84137_260214_004236_s1/174591351/ccs,1,8,2,205,193,12,0.05853658536585366,Interrupted,205,60
Control_11,m84137_260214_004236_s1/147000341/ccs,1,8,2,205,193,12,0.05853658536585366,Interrupted,205,60
Control_11,m84137_260214_004236_s1/166270355/ccs,1,8,2,205,193,12,0.05853658536585366,Interrupted,205,60
Control_11,m84137_260214_004236_s1/187634134/ccs,1,8,2,205,193,12,0.05853658536585366,Interrupted,205,60
Control_11,m84137_260214_004236_s1/188026189/ccs,1,8,2,205,193,12,0.05853658536585366,Interrupted,205,60
Control_11,m84137_260214_004236_s1/147984609/ccs,1,8,2,205,193,12,0.05853658536585366,Interrupted,205,60
Control_11,m84137_260214_004236_s1/195825158/ccs,1,8,2,205,193,12,0.05853658536585366,Interrupted,205,60
Control_11,m84137_260214_004236_s1/172232564/ccs,1,8,2,205,193,12,0.05853658536585366,Interrupted,205,60
Control_11,m84137_260214_004236_s1/149950697/ccs,1,8,2,205,193,12,0.05853658536585366,Interrupted,205,60
Control_11,m84137_260214_004236_s1/150474123/ccs,1,8,2,205,193,12,0.05853658536585366,Interrupted,205,60
Control_11,m84137_260214_004236_s1/150605343/ccs,1,8,2,205,193,12,0.05853658536585366,Interrupted,205,60
Control_11,m84137_260214_004236_s1/208932936/ccs,1,8,2,205,193,12,0.05853658536585366,Interrupted,205,60
Control_11,m84137_260214_004236_s1/181014523/ccs,1,8,2,205,193,12,0.05853658536585366,Interrupted,205,60
Control_11,m84137_260214_004236_s1/222565642/ccs,1,8,2,205,193,12,0.05853658536585366,Interrupted,205,60
Control_11,m84137_260214_004236_s1/182195993/ccs,1,8,2,205,193,12,0.05853658536585366,Interrupted,205,60
Control_11,m84137_260214_004236_s1/182128443/ccs,1,8,2,205,193,12,0.05853658536585366,Interrupted,205,60
Control_11,m84137_260214_004236_s1/211489956/ccs,1,8,2,205,193,12,0.05853658536585366,Interrupted,205,60
Control_11,m84137_260214_004236_s1/212210332/ccs,1,8,2,205,193,12,0.05853658536585366,Interrupted,205,60
Control_11,m84137_260214_004236_s1/240456236/ccs,1,8,2,205,193,12,0.05853658536585366,Interrupted,205,60
Control_11,m84137_260214_004236_s1/234886345/ccs,1,8,2,205,193,12,0.05853658536585366,Interrupted,205,60
Control_11,m84137_260214_004236_s1/235999867/ccs,1,8,2,205,193,12,0.05853658536585366,Interrupted,205,60
Control_11,m84137_260214_004236_s1/241832905/ccs,1,8,2,205,193,12,0.05853658536585366,Interrupted,205,60
Control_11,m84137_260214_004236_s1/232459768/ccs,1,8,2,205,193,12,0.05853658536585366,Interrupted,205,60
Control_11,m84137_260214_004236_s1/243209815/ccs,1,8,2,205,193,12,0.05853658536585366,Interrupted,205,60
Control_11,m84137_260214_004236_s1/256512802/ccs,1,8,2,205,193,12,0.05853658536585366,Interrupted,205,60
Control_11,m84137_260214_004236_s1/215814898/ccs,1,8,2,205,193,12,0.05853658536585366,Interrupted,205,60
Control_11,m84137_260214_004236_s1/215944279/ccs,1,8,2,205,193,12,0.05853658536585366,Interrupted,205,60
Control_11,m84137_260214_004236_s1/245175150/ccs,1,8,2,205,193,12,0.05853658536585366,Interrupted,205,60
Control_11,m84137_260214_004236_s1/245043530/ccs,1,8,2,205,193,12,0.05853658536585366,Interrupted,205,60
Control_11,m84137_260214_004236_s1/263001450/ccs,1,8,2,205,193,12,0.05853658536585366,Interrupted,205,60
Control_11,m84137_260214_004236_s1/240390010/ccs,1,8,2,205,193,12,0.05853658536585366,Interrupted,205,60
Control_11,m84137_260214_004236_s1/217190819/ccs,1,8,2,205,193,12,0.05853658536585366,Interrupted,205,60
Control_11,m84137_260214_004236_s1/264245686/ccs,1,8,2,205,193,12,0.05853658536585366,Interrupted,205,60
Control_11,m84137_260214_004236_s1/217912190/ccs,1,8,2,205,193,12,0.05853658536585366,Interrupted,205,60
Control_11,m84137_260214_004236_s1/246223679/ccs,1,8,2,205,193,12,0.05853658536585366,Interrupted,205,60
Control_11,m84137_260214_004236_s1/247730073/ccs,1,8,2,205,193,12,0.05853658536585366,Interrupted,205,60
Control_11,m84137_260214_004236_s1/248124711/ccs,1,8,2,205,193,12,0.05853658536585366,Interrupted,205,60
Control_11,m84137_260214_004236_s1/249827337/ccs,1,8,2,205,193,12,0.05853658536585366,Interrupted,205,60
Control_11,m84137_260214_004236_s1/9569616/ccs,1,8,2,205,193,12,0.05853658536585366,Interrupted,205,60
Control_11,m84137_260214_004236_s1/33294029/ccs,1,8,2,205,193,12,0.05853658536585366,Interrupted,205,60
Control_11,m84137_260214_004236_s1/35979351/ccs,1,8,2,205,193,12,0.05853658536585366,Interrupted,205,60
Control_11,m84137_260214_004236_s1/86311283/ccs,1,8,2,205,193,12,0.05853658536585366,Interrupted,205,60
Control_11,m84137_260214_004236_s1/80085493/ccs,1,8,2,205,193,12,0.05853658536585366,Interrupted,205,60
Control_11,m84137_260214_004236_s1/123274380/ccs,1,8,2,205,193,12,0.05853658536585366,Interrupted,205,60
Control_11,m84137_260214_004236_s1/117836127/ccs,1,8,2,205,193,12,0.05853658536585366,Interrupted,205,60
Control_11,m84137_260214_004236_s1/107152199/ccs,1,8,2,205,193,12,0.05853658536585366,Interrupted,205,60
Control_11,m84137_260214_004236_s1/83624374/ccs,1,8,2,205,193,12,0.05853658536585366,Interrupted,205,60
Control_11,m84137_260214_004236_s1/124849069/ccs,1,8,2,205,193,12,0.05853658536585366,Interrupted,205,60
Control_11,m84137_260214_004236_s1/130286672/ccs,1,8,2,205,193,12,0.05853658536585366,Interrupted,205,60
Control_11,m84137_260214_004236_s1/130353543/ccs,1,8,2,205,193,12,0.05853658536585366,Interrupted,205,60
Control_11,m84137_260214_004236_s1/132253674/ccs,1,8,2,205,193,12,0.05853658536585366,Interrupted,205,60
Control_11,m84137_260214_004236_s1/153291160/ccs,1,8,2,205,193,12,0.05853658536585366,Interrupted,205,60
Control_11,m84137_260214_004236_s1/157157235/ccs,1,8,2,205,193,12,0.05853658536585366,Interrupted,205,60
Control_11,m84137_260214_004236_s1/157417893/ccs,1,8,2,205,193,12,0.05853658536585366,Interrupted,205,60
Control_11,m84137_260214_004236_s1/147130854/ccs,1,8,2,205,193,12,0.05853658536585366,Interrupted,205,60
Control_11,m84137_260214_004236_s1/144903149/ccs,1,8,2,205,193,12,0.05853658536585366,Interrupted,205,60
Control_11,m84137_260214_004236_s1/149947842/ccs,1,8,2,205,193,12,0.05853658536585366,Interrupted,205,60
Control_11,m84137_260214_004236_s1/220137698/ccs,1,8,2,205,193,12,0.05853658536585366,Interrupted,205,60
Control_11,m84137_260214_004236_s1/195691962/ccs,1,8,2,205,193,12,0.05853658536585366,Interrupted,205,60
Control_11,m84137_260214_004236_s1/209781819/ccs,1,8,2,205,193,12,0.05853658536585366,Interrupted,205,60
Control_11,m84137_260214_004236_s1/206112774/ccs,1,8,2,205,193,12,0.05853658536585366,Interrupted,205,60
Control_11,m84137_260214_004236_s1/256705077/ccs,1,8,2,205,193,12,0.05853658536585366,Interrupted,205,60
Control_11,m84137_260214_004236_s1/262015675/ccs,1,8,2,205,193,12,0.05853658536585366,Interrupted,205,60
Control_11,m84137_260214_004236_s1/262603949/ccs,1,8,2,205,193,12,0.05853658536585366,Interrupted,205,60
Control_11,m84137_260214_004236_s1/7411176/ccs,1,8,2,205,193,12,0.05853658536585366,Interrupted,205,60
Control_11,m84137_260214_004236_s1/8001191/ccs,1,8,2,205,193,12,0.05853658536585366,Interrupted,205,60
Control_11,m84137_260214_004236_s1/30807424/ccs,1,8,2,205,193,12,0.05853658536585366,Interrupted,205,60
Control_11,m84137_260214_004236_s1/39194820/ccs,1,8,2,205,193,12,0.05853658536585366,Interrupted,205,60
Control_11,m84137_260214_004236_s1/39065512/ccs,1,8,2,205,193,12,0.05853658536585366,Interrupted,205,60
Control_11,m84137_260214_004236_s1/14881556/ccs,1,8,2,205,193,12,0.05853658536585366,Interrupted,205,60
Control_11,m84137_260214_004236_s1/68032390/ccs,1,8,2,205,193,12,0.05853658536585366,Interrupted,205,60
Control_11,m84137_260214_004236_s1/64229585/ccs,1,8,2,205,193,12,0.05853658536585366,Interrupted,205,60
Control_11,m84137_260214_004236_s1/60822067/ccs,1,8,2,205,193,12,0.05853658536585366,Interrupted,205,60
Control_11,m84137_260214_004236_s1/75305231/ccs,1,8,2,205,193,12,0.05853658536585366,Interrupted,205,60
Control_11,m84137_260214_004236_s1/48303342/ccs,1,8,2,205,193,12,0.05853658536585366,Interrupted,205,60
Control_11,m84137_260214_004236_s1/89132431/ccs,1,8,2,205,193,12,0.05853658536585366,Interrupted,205,60
Control_11,m84137_260214_004236_s1/119411879/ccs,1,8,2,205,193,12,0.05853658536585366,Interrupted,205,60
Control_11,m84137_260214_004236_s1/251729372/ccs,1,8,2,205,193,12,0.05853658536585366,Interrupted,205,60
Control_11,m84137_260214_004236_s1/233443179/ccs,1,8,2,205,193,12,0.05853658536585366,Interrupted,205,60
Control_11,m84137_260214_004236_s1/256775633/ccs,1,8,2,205,193,12,0.05853658536585366,Interrupted,205,60
Control_11,m84137_260214_004236_s1/46663594/ccs,1,8,2,205,193,12,0.05853658536585366,Interrupted,205,60
Control_11,m84137_260214_004236_s1/70779709/ccs,1,8,2,205,193,12,0.05853658536585366,Interrupted,205,60
Control_11,m84137_260214_004236_s1/260637087/ccs,1,8,2,205,193,12,0.05853658536585366,Interrupted,205,60
Control_11,m84137_260214_004236_s1/192613561/ccs,1,8,2,205,193,12,0.05853658536585366,Interrupted,205,60
Control_11,m84137_260214_004236_s1/67111918/ccs,1,8,2,205,193,12,0.05853658536585366,Interrupted,205,60
Control_11,m84137_260214_004236_s1/125042943/ccs,1,8,2,205,193,12,0.05853658536585366,Interrupted,205,60
Control_11,m84137_260214_004236_s1/145621846/ccs,1,8,2,205,193,12,0.05853658536585366,Interrupted,205,60
Control_11,m84137_260214_004236_s1/13438955/ccs,1,8,2,205,193,12,0.05853658536585366,Interrupted,205,60
Control_11,m84137_260214_004236_s1/138153889/ccs,1,8,2,205,193,12,0.05853658536585366,Interrupted,205,60
Control_11,m84137_260214_004236_s1/46664925/ccs,1,8,2,205,193,12,0.05853658536585366,Interrupted,205,60
Control_11,m84137_260214_004236_s1/255983952/ccs,1,8,2,205,193,12,0.05853658536585366,Interrupted,205,60
Control_11,m84137_260214_004236_s1/18092117/ccs,1,8,2,205,193,12,0.05853658536585366,Interrupted,205,60
Control_11,m84137_260214_004236_s1/114886605/ccs,0,8,2,205,193,12,0.05853658536585366,Interrupted,205,60
Control_11,m84137_260214_004236_s1/128518222/ccs,0,8,2,205,193,12,0.05853658536585366,Interrupted,205,60
Control_11,m84137_260214_004236_s1/39589623/ccs,0,8,2,205,193,12,0.05853658536585366,Interrupted,205,60
Control_11,m84137_260214_004236_s1/81595182/ccs,1,8,2,205,193,12,0.05853658536585366,Interrupted,205,60
Control_11,m84137_260214_004236_s1/157551358/ccs,1,8,2,205,193,12,0.05853658536585366,Interrupted,205,60
Control_11,m84137_260214_004236_s1/134611383/ccs,1,8,2,205,193,12,0.05853658536585366,Interrupted,205,60
Control_11,m84137_260214_004236_s1/102958410/ccs,1,8,2,205,193,12,0.05853658536585366,Interrupted,205,60
Control_11,m84137_260214_004236_s1/106825178/ccs,1,8,2,205,193,12,0.05853658536585366,Interrupted,205,60
Control_11,m84137_260214_004236_s1/130810386/ccs,1,8,2,205,193,12,0.05853658536585366,Interrupted,205,60
Control_11,m84137_260214_004236_s1/227807126/ccs,1,8,2,205,193,12,0.05853658536585366,Interrupted,205,60
Control_11,m84137_260214_004236_s1/141234959/ccs,1,8,2,205,193,12,0.05853658536585366,Interrupted,205,60
Control_11,m84137_260214_004236_s1/144512866/ccs,1,8,2,205,193,12,0.05853658536585366,Interrupted,205,60
Control_11,m84137_260214_004236_s1/171837951/ccs,1,8,2,205,193,12,0.05853658536585366,Interrupted,205,60
Control_11,m84137_260214_004236_s1/162005187/ccs,1,8,2,205,193,12,0.05853658536585366,Interrupted,205,60
Control_11,m84137_260214_004236_s1/93128247/ccs,1,8,2,205,193,12,0.05853658536585366,Interrupted,205,60
Control_11,m84137_260214_004236_s1/222499364/ccs,1,8,2,205,193,12,0.05853658536585366,Interrupted,205,60
Control_11,m84137_260214_004236_s1/71042586/ccs,1,8,2,205,193,12,0.05853658536585366,Interrupted,205,60
Control_11,m84137_260214_004236_s1/165482440/ccs,1,8,2,205,193,12,0.05853658536585366,Interrupted,205,60
Control_11,m84137_260214_004236_s1/37552693/ccs,1,8,2,205,193,12,0.05853658536585366,Interrupted,205,60
Control_11,m84137_260214_004236_s1/84936759/ccs,1,8,2,205,193,12,0.05853658536585366,Interrupted,205,60
Control_11,m84137_260214_004236_s1/18023147/ccs,1,8,2,205,193,12,0.05853658536585366,Interrupted,205,60
Control_11,m84137_260214_004236_s1/16646449/ccs,1,8,2,205,193,12,0.05853658536585366,Interrupted,205,60
Control_11,m84137_260214_004236_s1/57344602/ccs,1,8,2,206,193,13,0.06310679611650485,Interrupted,206,60
Control_11,m84137_260214_004236_s1/193397026/ccs,1,9,2,206,193,13,0.06310679611650485,Interrupted,206,60
Control_11,m84137_260214_004236_s1/22613179/ccs,1,8,2,206,193,13,0.06310679611650485,Interrupted,206,60
Control_11,m84137_260214_004236_s1/166399736/ccs,1,8,3,206,193,13,0.06310679611650485,Interrupted,206,60
Control_11,m84137_260214_004236_s1/34736253/ccs,1,8,2,206,193,13,0.06310679611650485,Interrupted,206,60
Control_11,m84137_260214_004236_s1/179308780/ccs,0,8,2,206,193,13,0.06310679611650485,Interrupted,206,60
Control_11,m84137_260214_004236_s1/97977363/ccs,1,8,2,206,193,13,0.06310679611650485,Interrupted,206,60
Control_11,m84137_260214_004236_s1/134679311/ccs,1,8,3,206,193,13,0.06310679611650485,Interrupted,206,60
Control_11,m84137_260214_004236_s1/85529772/ccs,1,8,2,206,193,13,0.06310679611650485,Interrupted,206,60
Control_11,m84137_260214_004236_s1/207097637/ccs,1,8,3,206,192,14,0.06796116504854369,Interrupted,206,60
Control_11,m84137_260214_004236_s1/95682906/ccs,1,8,2,206,192,14,0.06796116504854369,Interrupted,206,60
Control_11,m84137_260214_004236_s1/149029565/ccs,1,8,2,207,193,14,0.06763285024154589,Interrupted,207,60
Control_11,m84137_260214_004236_s1/181933859/ccs,1,8,2,207,193,14,0.06763285024154589,Interrupted,207,60
Control_11,m84137_260214_004236_s1/133498876/ccs,1,8,2,207,193,14,0.06763285024154589,Interrupted,207,60
Control_11,m84137_260214_004236_s1/202903583/ccs,1,8,2,207,193,14,0.06763285024154589,Interrupted,207,60
Control_11,m84137_260214_004236_s1/240323895/ccs,1,8,2,207,193,14,0.06763285024154589,Interrupted,207,60
Control_11,m84137_260214_004236_s1/208539443/ccs,1,8,2,207,193,14,0.06763285024154589,Interrupted,207,60
Control_11,m84137_260214_004236_s1/76614276/ccs,1,8,2,207,193,14,0.06763285024154589,Interrupted,207,60
Control_11,m84137_260214_004236_s1/58721552/ccs,1,9,2,208,193,15,0.07211538461538461,Interrupted,208,60
Control_11,m84137_260214_004236_s1/60032774/ccs,1,8,2,208,193,15,0.07211538461538461,Interrupted,208,60
Control_11,m84137_260214_004236_s1/6424247/ccs,1,9,2,208,193,15,0.07211538461538461,Interrupted,208,60
Control_11,m84137_260214_004236_s1/44962863/ccs,1,9,2,208,193,15,0.07211538461538461,Interrupted,208,60
Control_11,m84137_260214_004236_s1/120651958/ccs,0,9,2,208,193,15,0.07211538461538461,Interrupted,208,60
Control_11,m84137_260214_004236_s1/109905092/ccs,1,9,2,208,193,15,0.07211538461538461,Interrupted,208,60
Control_11,m84137_260214_004236_s1/85330805/ccs,1,9,2,208,193,15,0.07211538461538461,Interrupted,208,60
Control_11,m84137_260214_004236_s1/75761245/ccs,1,9,2,208,193,15,0.07211538461538461,Interrupted,208,60
Control_11,m84137_260214_004236_s1/167511428/ccs,1,9,2,208,193,15,0.07211538461538461,Interrupted,208,60
Control_11,m84137_260214_004236_s1/157288810/ccs,1,9,2,208,193,15,0.07211538461538461,Interrupted,208,60
Control_11,m84137_260214_004236_s1/260572331/ccs,1,8,2,208,193,15,0.07211538461538461,Interrupted,208,60
Control_11,m84137_260214_004236_s1/261423587/ccs,1,9,2,208,193,15,0.07211538461538461,Interrupted,208,60
Control_11,m84137_260214_004236_s1/179175574/ccs,1,9,2,208,193,15,0.07211538461538461,Interrupted,208,60
Control_11,m84137_260214_004236_s1/199234739/ccs,1,9,2,208,193,15,0.07211538461538461,Interrupted,208,60
Control_11,m84137_260214_004236_s1/25104506/ccs,1,9,2,208,193,15,0.07211538461538461,Interrupted,208,60
Control_11,m84137_260214_004236_s1/93459643/ccs,1,9,2,208,193,15,0.07211538461538461,Interrupted,208,60
Control_11,m84137_260214_004236_s1/143528273/ccs,1,8,2,208,193,15,0.07211538461538461,Interrupted,208,60
Control_11,m84137_260214_004236_s1/116724424/ccs,1,9,2,208,193,15,0.07211538461538461,Interrupted,208,60
Control_11,m84137_260214_004236_s1/112397718/ccs,1,9,2,208,193,15,0.07211538461538461,Interrupted,208,60
Control_11,m84137_260214_004236_s1/112595364/ccs,1,9,2,208,193,15,0.07211538461538461,Interrupted,208,60
Control_11,m84137_260214_004236_s1/264114773/ccs,1,9,2,208,193,15,0.07211538461538461,Interrupted,208,60
Control_11,m84137_260214_004236_s1/2098653/ccs,1,9,2,208,193,15,0.07211538461538461,Interrupted,208,60
Control_11,m84137_260214_004236_s1/215684534/ccs,1,8,2,208,193,15,0.07211538461538461,Interrupted,208,60
Control_11,m84137_260214_004236_s1/2494785/ccs,1,8,2,208,193,15,0.07211538461538461,Interrupted,208,60
Control_11,m84137_260214_004236_s1/246485859/ccs,1,9,2,208,193,15,0.07211538461538461,Interrupted,208,60
Control_11,m84137_260214_004236_s1/229638198/ccs,1,9,2,208,193,15,0.07211538461538461,Interrupted,208,60
Control_11,m84137_260214_004236_s1/28971070/ccs,1,8,2,208,193,15,0.07211538461538461,Interrupted,208,60
Control_11,m84137_260214_004236_s1/8918811/ccs,1,9,2,208,193,15,0.07211538461538461,Interrupted,208,60
Control_11,m84137_260214_004236_s1/37098101/ccs,1,9,2,208,193,15,0.07211538461538461,Interrupted,208,60
Control_11,m84137_260214_004236_s1/88542434/ccs,1,8,2,208,193,15,0.07211538461538461,Interrupted,208,60
Control_11,m84137_260214_004236_s1/123407957/ccs,1,9,2,208,193,15,0.07211538461538461,Interrupted,208,60
Control_11,m84137_260214_004236_s1/164894043/ccs,1,9,2,208,193,15,0.07211538461538461,Interrupted,208,60
Control_11,m84137_260214_004236_s1/189206744/ccs,1,9,2,208,193,15,0.07211538461538461,Interrupted,208,60
Control_11,m84137_260214_004236_s1/172756463/ccs,1,9,2,208,193,15,0.07211538461538461,Interrupted,208,60
Control_11,m84137_260214_004236_s1/195563642/ccs,1,9,2,208,193,15,0.07211538461538461,Interrupted,208,60
Control_11,m84137_260214_004236_s1/239734318/ccs,1,9,2,208,193,15,0.07211538461538461,Interrupted,208,60
Control_11,m84137_260214_004236_s1/240195097/ccs,1,9,2,208,193,15,0.07211538461538461,Interrupted,208,60
Control_11,m84137_260214_004236_s1/58067582/ccs,1,9,2,208,193,15,0.07211538461538461,Interrupted,208,60
Control_11,m84137_260214_004236_s1/170068721/ccs,1,8,2,208,193,15,0.07211538461538461,Interrupted,208,60
Control_11,m84137_260214_004236_s1/225906794/ccs,1,9,2,208,193,15,0.07211538461538461,Interrupted,208,60
Control_11,m84137_260214_004236_s1/4195391/ccs,1,8,2,208,193,15,0.07211538461538461,Interrupted,208,60
Control_11,m84137_260214_004236_s1/91952790/ccs,1,9,2,208,193,15,0.07211538461538461,Interrupted,208,60
Control_11,m84137_260214_004236_s1/197397861/ccs,1,8,2,208,193,15,0.07211538461538461,Interrupted,208,60
Control_11,m84137_260214_004236_s1/68551122/ccs,1,8,2,208,193,15,0.07211538461538461,Interrupted,208,60
Control_11,m84137_260214_004236_s1/118554702/ccs,1,9,2,208,193,15,0.07211538461538461,Interrupted,208,60
Control_11,m84137_260214_004236_s1/223019100/ccs,1,9,2,208,193,15,0.07211538461538461,Interrupted,208,60
Control_11,m84137_260214_004236_s1/2689299/ccs,1,9,2,208,193,15,0.07211538461538461,Interrupted,208,60
Control_11,m84137_260214_004236_s1/84410572/ccs,1,8,2,208,193,15,0.07211538461538461,Interrupted,208,60
Control_11,m84137_260214_004236_s1/97059011/ccs,1,9,2,208,193,15,0.07211538461538461,Interrupted,208,60
Control_11,m84137_260214_004236_s1/87164232/ccs,1,8,2,208,193,15,0.07211538461538461,Interrupted,208,60
Control_11,m84137_260214_004236_s1/130419316/ccs,1,9,2,208,193,15,0.07211538461538461,Interrupted,208,60
Control_11,m84137_260214_004236_s1/131336143/ccs,1,9,2,208,193,15,0.07211538461538461,Interrupted,208,60
Control_11,m84137_260214_004236_s1/137560187/ccs,1,9,2,208,193,15,0.07211538461538461,Interrupted,208,60
Control_11,m84137_260214_004236_s1/141231475/ccs,1,9,2,208,193,15,0.07211538461538461,Interrupted,208,60
Control_11,m84137_260214_004236_s1/145492749/ccs,1,8,2,208,193,15,0.07211538461538461,Interrupted,208,60
Control_11,m84137_260214_004236_s1/148769668/ccs,1,9,2,208,193,15,0.07211538461538461,Interrupted,208,60
Control_11,m84137_260214_004236_s1/173998695/ccs,1,8,2,208,193,15,0.07211538461538461,Interrupted,208,60
Control_11,m84137_260214_004236_s1/15469135/ccs,1,9,2,208,193,15,0.07211538461538461,Interrupted,208,60
Control_11,m84137_260214_004236_s1/40179181/ccs,1,9,2,208,193,15,0.07211538461538461,Interrupted,208,60
Control_11,m84137_260214_004236_s1/205783862/ccs,1,9,2,208,193,15,0.07211538461538461,Interrupted,208,60
Control_11,m84137_260214_004236_s1/196548071/ccs,1,9,2,208,193,15,0.07211538461538461,Interrupted,208,60
Control_11,m84137_260214_004236_s1/118292950/ccs,1,8,2,208,193,15,0.07211538461538461,Interrupted,208,60
Control_11,m84137_260214_004236_s1/144048782/ccs,1,9,2,208,193,15,0.07211538461538461,Interrupted,208,60
Control_11,m84137_260214_004236_s1/33494677/ccs,1,8,2,208,193,15,0.07211538461538461,Interrupted,208,60
Control_11,m84137_260214_004236_s1/61278089/ccs,1,9,2,208,193,15,0.07211538461538461,Interrupted,208,60
Control_11,m84137_260214_004236_s1/15532746/ccs,1,9,2,208,193,15,0.07211538461538461,Interrupted,208,60
Control_11,m84137_260214_004236_s1/88213782/ccs,1,8,2,208,193,15,0.07211538461538461,Interrupted,208,60
Control_11,m84137_260214_004236_s1/107151626/ccs,1,9,2,208,193,15,0.07211538461538461,Interrupted,208,60
Control_11,m84137_260214_004236_s1/245172403/ccs,1,9,2,208,193,15,0.07211538461538461,Interrupted,208,60
Control_11,m84137_260214_004236_s1/249693204/ccs,1,9,2,208,193,15,0.07211538461538461,Interrupted,208,60
Control_11,m84137_260214_004236_s1/8720654/ccs,1,9,2,208,193,15,0.07211538461538461,Interrupted,208,60
Control_11,m84137_260214_004236_s1/87494367/ccs,1,9,2,208,193,15,0.07211538461538461,Interrupted,208,60
Control_11,m84137_260214_004236_s1/142087236/ccs,1,9,2,208,193,15,0.07211538461538461,Interrupted,208,60
Control_11,m84137_260214_004236_s1/177345730/ccs,1,9,2,208,193,15,0.07211538461538461,Interrupted,208,60
Control_11,m84137_260214_004236_s1/29425873/ccs,1,9,2,208,193,15,0.07211538461538461,Interrupted,208,60
Control_11,m84137_260214_004236_s1/102760886/ccs,1,9,2,208,193,15,0.07211538461538461,Interrupted,208,60
Control_11,m84137_260214_004236_s1/150995017/ccs,1,8,2,208,193,15,0.07211538461538461,Interrupted,208,60
Control_11,m84137_260214_004236_s1/160106615/ccs,1,9,2,208,193,15,0.07211538461538461,Interrupted,208,60
Control_11,m84137_260214_004236_s1/190187975/ccs,1,9,2,208,193,15,0.07211538461538461,Interrupted,208,60
Control_11,m84137_260214_004236_s1/185663575/ccs,1,9,2,208,193,15,0.07211538461538461,Interrupted,208,60
Control_11,m84137_260214_004236_s1/191104369/ccs,1,9,2,208,193,15,0.07211538461538461,Interrupted,208,60
Control_11,m84137_260214_004236_s1/212535145/ccs,1,9,2,208,193,15,0.07211538461538461,Interrupted,208,60
Control_11,m84137_260214_004236_s1/230950904/ccs,1,8,2,208,193,15,0.07211538461538461,Interrupted,208,60
Control_11,m84137_260214_004236_s1/217843440/ccs,1,9,2,208,193,15,0.07211538461538461,Interrupted,208,60
Control_11,m84137_260214_004236_s1/265421800/ccs,1,9,2,208,193,15,0.07211538461538461,Interrupted,208,60
Control_11,m84137_260214_004236_s1/7147635/ccs,1,8,2,208,193,15,0.07211538461538461,Interrupted,208,60
Control_11,m84137_260214_004236_s1/51450520/ccs,1,9,2,208,193,15,0.07211538461538461,Interrupted,208,60
Control_11,m84137_260214_004236_s1/43716263/ccs,1,9,2,208,193,15,0.07211538461538461,Interrupted,208,60
Control_11,m84137_260214_004236_s1/80940990/ccs,1,8,2,208,193,15,0.07211538461538461,Interrupted,208,60
Control_11,m84137_260214_004236_s1/105517796/ccs,1,9,2,208,193,15,0.07211538461538461,Interrupted,208,60
Control_11,m84137_260214_004236_s1/108467928/ccs,1,9,2,208,193,15,0.07211538461538461,Interrupted,208,60
Control_11,m84137_260214_004236_s1/160306435/ccs,1,9,2,208,193,15,0.07211538461538461,Interrupted,208,60
Control_11,m84137_260214_004236_s1/145364887/ccs,1,9,2,208,193,15,0.07211538461538461,Interrupted,208,60
Control_11,m84137_260214_004236_s1/221581755/ccs,1,9,2,208,193,15,0.07211538461538461,Interrupted,208,60
Control_11,m84137_260214_004236_s1/246811831/ccs,1,9,2,208,193,15,0.07211538461538461,Interrupted,208,60
Control_11,m84137_260214_004236_s1/267130080/ccs,1,8,2,208,193,15,0.07211538461538461,Interrupted,208,60
Control_11,m84137_260214_004236_s1/45552082/ccs,1,9,2,208,193,15,0.07211538461538461,Interrupted,208,60
Control_11,m84137_260214_004236_s1/140511044/ccs,1,9,2,208,193,15,0.07211538461538461,Interrupted,208,60
Control_11,m84137_260214_004236_s1/173737292/ccs,1,9,2,208,193,15,0.07211538461538461,Interrupted,208,60
Control_11,m84137_260214_004236_s1/120915432/ccs,1,8,2,208,193,15,0.07211538461538461,Interrupted,208,60
Control_11,m84137_260214_004236_s1/182195415/ccs,1,9,2,208,193,15,0.07211538461538461,Interrupted,208,60
Control_11,m84137_260214_004236_s1/28968241/ccs,1,9,2,209,193,16,0.07655502392344497,Interrupted,209,60
Control_11,m84137_260214_004236_s1/230688782/ccs,1,9,2,210,193,17,0.08095238095238096,Interrupted,210,60
Control_11,m84137_260214_004236_s1/125114240/ccs,1,9,2,210,193,17,0.08095238095238096,Interrupted,210,60
Control_11,m84137_260214_004236_s1/133695111/ccs,1,9,2,210,193,17,0.08095238095238096,Interrupted,210,60
Control_11,m84137_260214_004236_s1/25297128/ccs,1,9,2,211,193,18,0.08530805687203792,Interrupted,211,60
Control_11,m84137_260214_004236_s1/16258360/ccs,1,9,2,211,193,18,0.08530805687203792,Interrupted,211,60
Control_11,m84137_260214_004236_s1/147456045/ccs,1,9,2,211,193,18,0.08530805687203792,Interrupted,211,60
Control_11,m84137_260214_004236_s1/230490680/ccs,1,8,2,211,193,18,0.08530805687203792,Interrupted,211,60
Control_11,m84137_260214_004236_s1/94964344/ccs,1,9,2,211,193,18,0.08530805687203792,Interrupted,211,60
Control_11,m84137_260214_004236_s1/228527630/ccs,1,9,2,211,193,18,0.08530805687203792,Interrupted,211,60
Control_11,m84137_260214_004236_s1/22481903/ccs,0,9,2,211,191,20,0.0947867298578199,Interrupted,211,60
Control_11,m84137_260214_004236_s1/178651690/ccs,1,9,2,212,193,19,0.08962264150943396,Interrupted,212,60
Control_11,m84137_260214_004236_s1/162204635/ccs,1,9,2,213,193,20,0.09389671361502347,Interrupted,213,60
Control_11,m84137_260214_004236_s1/157288431/ccs,1,9,2,214,193,21,0.09813084112149532,Interrupted,214,60
Control_11,m84137_260214_004236_s1/100864893/ccs,1,10,2,216,193,23,0.10648148148148148,Interrupted,216,60
Control_11,m84137_260214_004236_s1/160631492/ccs,0,8,2,199,192,7,0.035175879396984924,Pure,199,60
Control_11,m84137_260214_004236_s1/212207113/ccs,1,8,3,202,191,11,0.054455445544554455,Interrupted,202,60
Control_11,m84137_260214_004236_s1/83362483/ccs,0,8,2,202,192,10,0.04950495049504951,Pure,202,60
Control_11,m84137_260214_004236_s1/206373957/ccs,0,8,2,205,192,13,0.06341463414634146,Interrupted,205,60
Control_11,m84137_260214_004236_s1/119538413/ccs,1,8,2,205,192,13,0.06341463414634146,Interrupted,205,60
Control_11,m84137_260214_004236_s1/147785705/ccs,1,8,2,205,192,13,0.06341463414634146,Interrupted,205,60
Control_11,m84137_260214_004236_s1/177603942/ccs,1,8,2,206,192,14,0.06796116504854369,Interrupted,206,60
Control_11,m84137_260214_004236_s1/8915922/ccs,1,8,3,208,191,17,0.08173076923076923,Interrupted,208,60
Control_11,m84137_260214_004236_s1/117313012/ccs,1,8,3,209,192,17,0.08133971291866028,Interrupted,209,60
Control_11,m84137_260214_004236_s1/36112935/ccs,1,8,2,211,192,19,0.09004739336492891,Interrupted,211,60
Control_11,m84137_260214_004236_s1/69861884/ccs,1,8,2,203,191,12,0.059113300492610835,Interrupted,203,60
Control_11,m84137_260214_004236_s1/204408112/ccs,1,8,2,205,192,13,0.06341463414634146,Interrupted,205,60
Control_11,m84137_260214_004236_s1/79304206/ccs,1,8,2,205,192,13,0.06341463414634146,Interrupted,205,60
Control_11,m84137_260214_004236_s1/136844201/ccs,1,8,2,205,191,14,0.06829268292682927,Interrupted,205,60
Control_11,m84137_260214_004236_s1/20125280/ccs,0,8,2,205,192,13,0.06341463414634146,Interrupted,205,60
Control_11,m84137_260214_004236_s1/121571100/ccs,1,8,2,205,192,13,0.06341463414634146,Interrupted,205,60
Control_11,m84137_260214_004236_s1/237507472/ccs,1,8,2,205,192,13,0.06341463414634146,Interrupted,205,60
Control_11,m84137_260214_004236_s1/208867075/ccs,1,8,2,205,192,13,0.06341463414634146,Interrupted,205,60
Control_11,m84137_260214_004236_s1/222691566/ccs,1,8,2,205,192,13,0.06341463414634146,Interrupted,205,60
Control_11,m84137_260214_004236_s1/237896500/ccs,0,7,5,208,192,16,0.07692307692307693,Interrupted,208,60
Control_11,m84137_260214_004236_s1/235799180/ccs,1,9,2,208,192,16,0.07692307692307693,Interrupted,208,60
Control_11,m84137_260214_004236_s1/140707524/ccs,1,8,2,209,192,17,0.08133971291866028,Interrupted,209,60
Control_11,m84137_260214_004236_s1/257361553/ccs,1,9,2,210,191,19,0.09047619047619047,Interrupted,210,60
Control_11,m84137_260214_004236_s1/154143062/ccs,1,9,2,210,192,18,0.08571428571428572,Interrupted,210,60
Control_11,m84137_260214_004236_s1/100141606/ccs,0,9,2,211,192,19,0.09004739336492891,Interrupted,211,60
Control_11,m84137_260214_004236_s1/78709813/ccs,0,7,2,201,187,14,0.06965174129353234,Interrupted,201,60
Control_11,m84137_260214_004236_s1/235798949/ccs,1,8,4,210,190,20,0.09523809523809523,Interrupted,210,60
Control_11,m84137_260214_004236_s1/200478317/ccs,0,8,2,204,190,14,0.06862745098039216,Interrupted,204,60
Control_11,m84137_260214_004236_s1/92933065/ccs,0,8,3,210,191,19,0.09047619047619047,Interrupted,210,60
Control_11,m84137_260214_004236_s1/77924871/ccs,0,7,3,211,189,22,0.10426540284360189,Interrupted,211,60
Control_11,m84137_260214_004236_s1/83887766/ccs,0,7,4,204,190,14,0.06862745098039216,Interrupted,204,60
Control_11,m84137_260214_004236_s1/186909459/ccs,0,7,5,204,183,21,0.10294117647058823,Interrupted,204,60
