sample,read_id,core_length,cag_purity,g_quadruplex,hairpin,triplex,z_dna,slippage_risk,mre11_recruitment,oof_events,loop_disruption_pct,structure_change,mre11_change
H1,m84137_260214_004236_s1/93131077/ccs,514,78.21011673151752,0,0,0,0,LOW-MODERATE,LOW,7,35,SIGNIFICANT,REDUCED
H1,m84137_260214_004236_s1/105582282/ccs,226,67.69911504424779,0,0,0,0,LOW-MODERATE,LOW,3,15,MINOR,SLIGHTLY REDUCED
H1,m84137_260214_004236_s1/64624544/ccs,165,100.0,0,0,0,0,HIGH,VERY HIGH,0,0,NONE,NO CHANGE
H1,m84137_260214_004236_s1/40567950/ccs,222,89.1891891891892,0,0,0,0,LOW-MODERATE,LOW,3,15,MINOR,SLIGHTLY REDUCED
H1,m84137_260214_004236_s1/44238429/ccs,165,100.0,0,0,0,0,HIGH,VERY HIGH,0,0,NONE,NO CHANGE
H1,m84137_260214_004236_s1/118165713/ccs,165,100.0,0,0,0,0,HIGH,VERY HIGH,0,0,NONE,NO CHANGE
H1,m84137_260214_004236_s1/198118315/ccs,165,100.0,0,0,0,0,HIGH,VERY HIGH,0,0,NONE,NO CHANGE
H1,m84137_260214_004236_s1/255394037/ccs,165,100.0,0,0,0,0,HIGH,VERY HIGH,0,0,NONE,NO CHANGE
H1,m84137_260214_004236_s1/103157687/ccs,165,100.0,0,0,0,0,HIGH,VERY HIGH,0,0,NONE,NO CHANGE
H1,m84137_260214_004236_s1/232588853/ccs,166,99.3975903614458,0,0,0,0,HIGH,VERY HIGH,0,0,NONE,NO CHANGE
H1,m84137_260214_004236_s1/112463268/ccs,168,100.0,0,0,0,0,HIGH,VERY HIGH,0,0,NONE,NO CHANGE
H1,m84137_260214_004236_s1/168362965/ccs,171,100.0,0,0,0,0,HIGH,VERY HIGH,0,0,NONE,NO CHANGE
H1,m84137_260214_004236_s1/128648160/ccs,171,100.0,0,0,0,0,HIGH,VERY HIGH,0,0,NONE,NO CHANGE
H1,m84137_260214_004236_s1/118887540/ccs,171,100.0,0,0,0,0,HIGH,VERY HIGH,0,0,NONE,NO CHANGE
H1,m84137_260214_004236_s1/174262461/ccs,174,100.0,0,0,0,0,HIGH,VERY HIGH,0,0,NONE,NO CHANGE
H1,m84137_260214_004236_s1/40175216/ccs,174,100.0,0,0,0,0,HIGH,VERY HIGH,0,0,NONE,NO CHANGE
H1,m84137_260214_004236_s1/81528138/ccs,174,100.0,0,0,0,0,HIGH,VERY HIGH,0,0,NONE,NO CHANGE
H1,m84137_260214_004236_s1/34149804/ccs,179,98.88268156424581,0,0,0,0,HIGH,VERY HIGH,1,5,MINOR,SLIGHTLY REDUCED
H1,m84137_260214_004236_s1/139793119/ccs,186,100.0,0,0,0,0,HIGH,VERY HIGH,0,0,NONE,NO CHANGE
H1,m84137_260214_004236_s1/184026940/ccs,186,100.0,0,0,0,0,HIGH,VERY HIGH,0,0,NONE,NO CHANGE
H1,m84137_260214_004236_s1/72221613/ccs,189,100.0,0,0,0,0,HIGH,VERY HIGH,0,0,NONE,NO CHANGE
H1,m84137_260214_004236_s1/111216390/ccs,189,100.0,0,0,0,0,HIGH,VERY HIGH,0,0,NONE,NO CHANGE
H1,m84137_260214_004236_s1/148051734/ccs,192,100.0,0,0,0,0,HIGH,VERY HIGH,0,0,NONE,NO CHANGE
H1,m84137_260214_004236_s1/246090609/ccs,201,100.0,0,0,0,0,VERY HIGH,VERY HIGH,0,0,NONE,NO CHANGE
H1,m84137_260214_004236_s1/101455502/ccs,195,100.0,0,0,0,0,HIGH,VERY HIGH,0,0,NONE,NO CHANGE
H1,m84137_260214_004236_s1/171508354/ccs,195,100.0,0,0,0,0,HIGH,VERY HIGH,0,0,NONE,NO CHANGE
H1,m84137_260214_004236_s1/180095781/ccs,195,100.0,0,0,0,0,HIGH,VERY HIGH,0,0,NONE,NO CHANGE
H1,m84137_260214_004236_s1/186255284/ccs,195,100.0,0,0,0,0,HIGH,VERY HIGH,0,0,NONE,NO CHANGE
H1,m84137_260214_004236_s1/18285712/ccs,198,100.0,0,0,0,0,HIGH,VERY HIGH,0,0,NONE,NO CHANGE
H1,m84137_260214_004236_s1/98042151/ccs,198,100.0,0,0,0,0,HIGH,VERY HIGH,0,0,NONE,NO CHANGE
H1,m84137_260214_004236_s1/97976905/ccs,198,100.0,0,0,0,0,HIGH,VERY HIGH,0,0,NONE,NO CHANGE
H1,m84137_260214_004236_s1/22744906/ccs,201,100.0,0,0,0,0,VERY HIGH,VERY HIGH,0,0,NONE,NO CHANGE
H1,m84137_260214_004236_s1/55378685/ccs,202,98.01980198019803,0,0,0,0,MODERATE,LOW,2,10,MINOR,SLIGHTLY REDUCED
H1,m84137_260214_004236_s1/79170850/ccs,204,100.0,0,0,0,0,VERY HIGH,VERY HIGH,0,0,NONE,NO CHANGE
H1,m84137_260214_004236_s1/257038192/ccs,205,99.51219512195122,0,0,0,0,HIGH,VERY HIGH,0,0,NONE,NO CHANGE
H1,m84137_260214_004236_s1/169148885/ccs,207,100.0,0,0,0,0,VERY HIGH,VERY HIGH,0,0,NONE,NO CHANGE
H1,m84137_260214_004236_s1/61216631/ccs,213,100.0,0,0,0,0,VERY HIGH,VERY HIGH,0,0,NONE,NO CHANGE
H1,m84137_260214_004236_s1/49155605/ccs,207,100.0,0,0,0,0,VERY HIGH,VERY HIGH,0,0,NONE,NO CHANGE
H1,m84137_260214_004236_s1/202378601/ccs,209,99.04306220095694,0,0,0,0,HIGH,VERY HIGH,1,5,MINOR,SLIGHTLY REDUCED
H1,m84137_260214_004236_s1/138739807/ccs,210,100.0,0,0,0,0,VERY HIGH,VERY HIGH,0,0,NONE,NO CHANGE
H1,m84137_260214_004236_s1/145883270/ccs,216,100.0,0,0,0,0,VERY HIGH,VERY HIGH,0,0,NONE,NO CHANGE
H1,m84137_260214_004236_s1/124715337/ccs,216,100.0,0,0,0,0,VERY HIGH,VERY HIGH,0,0,NONE,NO CHANGE
H1,m84137_260214_004236_s1/171115530/ccs,222,100.0,0,0,0,0,VERY HIGH,VERY HIGH,0,0,NONE,NO CHANGE
H1,m84137_260214_004236_s1/170787022/ccs,224,99.10714285714286,0,0,0,0,HIGH,VERY HIGH,1,5,MINOR,SLIGHTLY REDUCED
H1,m84137_260214_004236_s1/237572297/ccs,241,98.3402489626556,0,0,0,0,HIGH,VERY HIGH,1,5,MINOR,SLIGHTLY REDUCED
H1,m84137_260214_004236_s1/149557566/ccs,240,100.0,0,0,0,0,VERY HIGH,VERY HIGH,0,0,NONE,NO CHANGE
H1,m84137_260214_004236_s1/52235762/ccs,240,100.0,0,0,0,0,VERY HIGH,VERY HIGH,0,0,NONE,NO CHANGE
H1,m84137_260214_004236_s1/143852257/ccs,243,100.0,0,0,0,0,VERY HIGH,VERY HIGH,0,0,NONE,NO CHANGE
H1,m84137_260214_004236_s1/21565468/ccs,243,100.0,0,0,0,0,VERY HIGH,VERY HIGH,0,0,NONE,NO CHANGE
H1,m84137_260214_004236_s1/32442017/ccs,267,100.0,0,0,0,0,VERY HIGH,VERY HIGH,0,0,NONE,NO CHANGE
H1,m84137_260214_004236_s1/189466735/ccs,285,100.0,0,0,0,0,VERY HIGH,VERY HIGH,0,0,NONE,NO CHANGE
H1,m84137_260214_004236_s1/84415457/ccs,285,100.0,0,0,0,0,VERY HIGH,VERY HIGH,0,0,NONE,NO CHANGE
H1,m84137_260214_004236_s1/90637324/ccs,297,100.0,0,0,0,0,VERY HIGH,VERY HIGH,0,0,NONE,NO CHANGE
H1,m84137_260214_004236_s1/65077752/ccs,294,100.0,0,0,0,0,VERY HIGH,VERY HIGH,0,0,NONE,NO CHANGE
H1,m84137_260214_004236_s1/135272232/ccs,306,100.0,0,0,0,0,VERY HIGH,VERY HIGH,0,0,NONE,NO CHANGE
H1,m84137_260214_004236_s1/58261655/ccs,333,100.0,0,0,0,0,VERY HIGH,VERY HIGH,0,0,NONE,NO CHANGE
H1,m84137_260214_004236_s1/101454288/ccs,405,99.25925925925925,0,0,0,0,VERY HIGH,VERY HIGH,0,0,NONE,NO CHANGE
H1,m84137_260214_004236_s1/194384599/ccs,438,100.0,0,0,0,0,VERY HIGH,VERY HIGH,0,0,NONE,NO CHANGE
H1,m84137_260214_004236_s1/124651419/ccs,435,100.0,0,0,0,0,VERY HIGH,VERY HIGH,0,0,NONE,NO CHANGE
H1,m84137_260214_004236_s1/33427283/ccs,471,100.0,0,0,0,0,VERY HIGH,VERY HIGH,0,0,NONE,NO CHANGE
H1,m84137_260214_004236_s1/35262710/ccs,483,100.0,0,0,0,0,VERY HIGH,VERY HIGH,0,0,NONE,NO CHANGE
H1,m84137_260214_004236_s1/129632088/ccs,504,100.0,0,0,0,0,VERY HIGH,VERY HIGH,0,0,NONE,NO CHANGE
H1,m84137_260214_004236_s1/165548065/ccs,537,100.0,0,0,0,0,VERY HIGH,VERY HIGH,0,0,NONE,NO CHANGE
H1,m84137_260214_004236_s1/171575776/ccs,549,100.0,0,0,0,0,VERY HIGH,VERY HIGH,0,0,NONE,NO CHANGE
H1,m84137_260214_004236_s1/166464690/ccs,624,99.03846153846155,0,0,0,0,VERY HIGH,VERY HIGH,2,10,MINOR,SLIGHTLY REDUCED
H1,m84137_260214_004236_s1/207750403/ccs,708,100.0,0,0,0,0,VERY HIGH,VERY HIGH,0,0,NONE,NO CHANGE
H1,m84137_260214_004236_s1/109253695/ccs,711,99.57805907172997,0,0,0,0,VERY HIGH,VERY HIGH,0,0,NONE,NO CHANGE
H1,m84137_260214_004236_s1/254807744/ccs,807,100.0,0,0,0,0,VERY HIGH,VERY HIGH,0,0,NONE,NO CHANGE
H1,m84137_260214_004236_s1/250480546/ccs,837,98.56630824372759,0,0,0,0,VERY HIGH,VERY HIGH,0,0,NONE,NO CHANGE
H1,m84137_260214_004236_s1/188743725/ccs,870,99.6551724137931,0,0,0,0,VERY HIGH,VERY HIGH,1,5,MINOR,SLIGHTLY REDUCED
H1,m84137_260214_004236_s1/142083520/ccs,987,97.56838905775076,0,0,0,0,VERY HIGH,VERY HIGH,8,40,SIGNIFICANT,REDUCED
H1,m84137_260214_004236_s1/26479609/ccs,1008,100.0,0,0,0,0,VERY HIGH,VERY HIGH,0,0,NONE,NO CHANGE
H1,m84137_260214_004236_s1/29885912/ccs,1179,100.0,0,0,0,0,VERY HIGH,VERY HIGH,0,0,NONE,NO CHANGE
H1,m84137_260214_004236_s1/246026174/ccs,1846,99.78331527627302,0,0,0,0,VERY HIGH,VERY HIGH,1,5,MINOR,SLIGHTLY REDUCED
H1,m84137_260214_004236_s1/124125631/ccs,3008,99.93351063829788,0,0,0,0,VERY HIGH,VERY HIGH,1,5,MINOR,SLIGHTLY REDUCED
H1,m84137_260214_004236_s1/222167530/ccs,4180,99.90430622009569,0,0,0,0,VERY HIGH,VERY HIGH,2,10,MINOR,SLIGHTLY REDUCED
H1,m84137_260214_004236_s1/14815194/ccs,196,82.6530612244898,0,0,0,0,LOW-MODERATE,LOW,1,5,MINOR,SLIGHTLY REDUCED
H1,m84137_260214_004236_s1/88083311/ccs,165,100.0,0,0,0,0,HIGH,VERY HIGH,0,0,NONE,NO CHANGE
H1,m84137_260214_004236_s1/22153139/ccs,165,100.0,0,0,0,0,HIGH,VERY HIGH,0,0,NONE,NO CHANGE
H1,m84137_260214_004236_s1/177475171/ccs,165,100.0,0,0,0,0,HIGH,VERY HIGH,0,0,NONE,NO CHANGE
H1,m84137_260214_004236_s1/24641605/ccs,165,100.0,0,0,0,0,HIGH,VERY HIGH,0,0,NONE,NO CHANGE
H1,m84137_260214_004236_s1/63902426/ccs,165,100.0,0,0,0,0,HIGH,VERY HIGH,0,0,NONE,NO CHANGE
H1,m84137_260214_004236_s1/202441886/ccs,165,100.0,0,0,0,0,HIGH,VERY HIGH,0,0,NONE,NO CHANGE
H1,m84137_260214_004236_s1/175440691/ccs,165,100.0,0,0,0,0,HIGH,VERY HIGH,0,0,NONE,NO CHANGE
H1,m84137_260214_004236_s1/37884391/ccs,165,100.0,0,0,0,0,HIGH,VERY HIGH,0,0,NONE,NO CHANGE
H1,m84137_260214_004236_s1/214963691/ccs,168,100.0,0,0,0,0,HIGH,VERY HIGH,0,0,NONE,NO CHANGE
H1,m84137_260214_004236_s1/113577497/ccs,168,100.0,0,0,0,0,HIGH,VERY HIGH,0,0,NONE,NO CHANGE
H1,m84137_260214_004236_s1/236586249/ccs,168,100.0,0,0,0,0,HIGH,VERY HIGH,0,0,NONE,NO CHANGE
H1,m84137_260214_004236_s1/224592426/ccs,168,100.0,0,0,0,0,HIGH,VERY HIGH,0,0,NONE,NO CHANGE
H1,m84137_260214_004236_s1/80414486/ccs,171,100.0,0,0,0,0,HIGH,VERY HIGH,0,0,NONE,NO CHANGE
H1,m84137_260214_004236_s1/157615597/ccs,171,100.0,0,0,0,0,HIGH,VERY HIGH,0,0,NONE,NO CHANGE
H1,m84137_260214_004236_s1/249628542/ccs,174,100.0,0,0,0,0,HIGH,VERY HIGH,0,0,NONE,NO CHANGE
H1,m84137_260214_004236_s1/82575632/ccs,174,100.0,0,0,0,0,HIGH,VERY HIGH,0,0,NONE,NO CHANGE
H1,m84137_260214_004236_s1/83561904/ccs,174,100.0,0,0,0,0,HIGH,VERY HIGH,0,0,NONE,NO CHANGE
H1,m84137_260214_004236_s1/168886499/ccs,174,100.0,0,0,0,0,HIGH,VERY HIGH,0,0,NONE,NO CHANGE
H1,m84137_260214_004236_s1/54529664/ccs,177,100.0,0,0,0,0,HIGH,VERY HIGH,0,0,NONE,NO CHANGE
H1,m84137_260214_004236_s1/67046103/ccs,180,100.0,0,0,0,0,HIGH,VERY HIGH,0,0,NONE,NO CHANGE
H1,m84137_260214_004236_s1/176818591/ccs,183,100.0,0,0,0,0,HIGH,VERY HIGH,0,0,NONE,NO CHANGE
H1,m84137_260214_004236_s1/47519525/ccs,183,100.0,0,0,0,0,HIGH,VERY HIGH,0,0,NONE,NO CHANGE
H1,m84137_260214_004236_s1/78906890/ccs,183,100.0,0,0,0,0,HIGH,VERY HIGH,0,0,NONE,NO CHANGE
H1,m84137_260214_004236_s1/172297771/ccs,189,100.0,0,0,0,0,HIGH,VERY HIGH,0,0,NONE,NO CHANGE
H1,m84137_260214_004236_s1/10228671/ccs,189,100.0,0,0,0,0,HIGH,VERY HIGH,0,0,NONE,NO CHANGE
H1,m84137_260214_004236_s1/8000119/ccs,194,98.96907216494846,0,0,0,0,HIGH,VERY HIGH,0,0,NONE,NO CHANGE
H1,m84137_260214_004236_s1/113314807/ccs,195,100.0,0,0,0,0,HIGH,VERY HIGH,0,0,NONE,NO CHANGE
H1,m84137_260214_004236_s1/251923651/ccs,195,100.0,0,0,0,0,HIGH,VERY HIGH,0,0,NONE,NO CHANGE
H1,m84137_260214_004236_s1/176101061/ccs,198,100.0,0,0,0,0,HIGH,VERY HIGH,0,0,NONE,NO CHANGE
H1,m84137_260214_004236_s1/208078379/ccs,201,100.0,0,0,0,0,VERY HIGH,VERY HIGH,0,0,NONE,NO CHANGE
H1,m84137_260214_004236_s1/160891309/ccs,210,100.0,0,0,0,0,VERY HIGH,VERY HIGH,0,0,NONE,NO CHANGE
H1,m84137_260214_004236_s1/6162102/ccs,207,100.0,0,0,0,0,VERY HIGH,VERY HIGH,0,0,NONE,NO CHANGE
H1,m84137_260214_004236_s1/57610105/ccs,209,99.04306220095694,0,0,0,0,HIGH,VERY HIGH,1,5,MINOR,SLIGHTLY REDUCED
H1,m84137_260214_004236_s1/85524946/ccs,210,100.0,0,0,0,0,VERY HIGH,VERY HIGH,0,0,NONE,NO CHANGE
H1,m84137_260214_004236_s1/153884483/ccs,210,100.0,0,0,0,0,VERY HIGH,VERY HIGH,0,0,NONE,NO CHANGE
H1,m84137_260214_004236_s1/158666114/ccs,213,100.0,0,0,0,0,VERY HIGH,VERY HIGH,0,0,NONE,NO CHANGE
H1,m84137_260214_004236_s1/108659750/ccs,216,100.0,0,0,0,0,VERY HIGH,VERY HIGH,0,0,NONE,NO CHANGE
H1,m84137_260214_004236_s1/84020030/ccs,219,100.0,0,0,0,0,VERY HIGH,VERY HIGH,0,0,NONE,NO CHANGE
H1,m84137_260214_004236_s1/124388431/ccs,219,100.0,0,0,0,0,VERY HIGH,VERY HIGH,0,0,NONE,NO CHANGE
H1,m84137_260214_004236_s1/178918639/ccs,219,100.0,0,0,0,0,VERY HIGH,VERY HIGH,0,0,NONE,NO CHANGE
H1,m84137_260214_004236_s1/96472366/ccs,222,100.0,0,0,0,0,VERY HIGH,VERY HIGH,0,0,NONE,NO CHANGE
H1,m84137_260214_004236_s1/195954729/ccs,234,100.0,0,0,0,0,VERY HIGH,VERY HIGH,0,0,NONE,NO CHANGE
H1,m84137_260214_004236_s1/79432687/ccs,237,100.0,0,0,0,0,VERY HIGH,VERY HIGH,0,0,NONE,NO CHANGE
H1,m84137_260214_004236_s1/257294861/ccs,249,100.0,0,0,0,0,VERY HIGH,VERY HIGH,0,0,NONE,NO CHANGE
H1,m84137_260214_004236_s1/78709776/ccs,254,99.21259842519686,0,0,0,0,HIGH,VERY HIGH,0,0,NONE,NO CHANGE
H1,m84137_260214_004236_s1/27657538/ccs,258,100.0,0,0,0,0,VERY HIGH,VERY HIGH,0,0,NONE,NO CHANGE
H1,m84137_260214_004236_s1/131337929/ccs,303,100.0,0,0,0,0,VERY HIGH,VERY HIGH,0,0,NONE,NO CHANGE
H1,m84137_260214_004236_s1/256642587/ccs,309,100.0,0,0,0,0,VERY HIGH,VERY HIGH,0,0,NONE,NO CHANGE
H1,m84137_260214_004236_s1/139198596/ccs,309,100.0,0,0,0,0,VERY HIGH,VERY HIGH,0,0,NONE,NO CHANGE
H1,m84137_260214_004236_s1/183830876/ccs,321,100.0,0,0,0,0,VERY HIGH,VERY HIGH,0,0,NONE,NO CHANGE
H1,m84137_260214_004236_s1/144575666/ccs,318,100.0,0,0,0,0,VERY HIGH,VERY HIGH,0,0,NONE,NO CHANGE
H1,m84137_260214_004236_s1/57413295/ccs,327,100.0,0,0,0,0,VERY HIGH,VERY HIGH,0,0,NONE,NO CHANGE
H1,m84137_260214_004236_s1/88670823/ccs,403,99.75186104218362,0,0,0,0,VERY HIGH,VERY HIGH,0,0,NONE,NO CHANGE
H1,m84137_260214_004236_s1/3801430/ccs,403,91.56327543424318,0,0,0,0,MODERATE,LOW,9,45,SIGNIFICANT,REDUCED
H1,m84137_260214_004236_s1/84022521/ccs,450,100.0,0,0,0,0,VERY HIGH,VERY HIGH,0,0,NONE,NO CHANGE
H1,m84137_260214_004236_s1/241959986/ccs,462,100.0,0,0,0,0,VERY HIGH,VERY HIGH,0,0,NONE,NO CHANGE
H1,m84137_260214_004236_s1/142213184/ccs,513,100.0,0,0,0,0,VERY HIGH,VERY HIGH,0,0,NONE,NO CHANGE
H1,m84137_260214_004236_s1/179175680/ccs,522,100.0,0,0,0,0,VERY HIGH,VERY HIGH,0,0,NONE,NO CHANGE
H1,m84137_260214_004236_s1/32508660/ccs,546,100.0,0,0,0,0,VERY HIGH,VERY HIGH,0,0,NONE,NO CHANGE
H1,m84137_260214_004236_s1/144051991/ccs,543,100.0,0,0,0,0,VERY HIGH,VERY HIGH,0,0,NONE,NO CHANGE
H1,m84137_260214_004236_s1/199759472/ccs,561,99.46524064171123,0,0,0,0,VERY HIGH,VERY HIGH,0,0,NONE,NO CHANGE
H1,m84137_260214_004236_s1/32115799/ccs,598,99.33110367892976,0,0,0,0,VERY HIGH,VERY HIGH,1,5,MINOR,SLIGHTLY REDUCED
H1,m84137_260214_004236_s1/158142075/ccs,726,100.0,0,0,0,0,VERY HIGH,VERY HIGH,0,0,NONE,NO CHANGE
H1,m84137_260214_004236_s1/18746332/ccs,756,100.0,0,0,0,0,VERY HIGH,VERY HIGH,0,0,NONE,NO CHANGE
H1,m84137_260214_004236_s1/206772061/ccs,831,100.0,0,0,0,0,VERY HIGH,VERY HIGH,0,0,NONE,NO CHANGE
H1,m84137_260214_004236_s1/192484013/ccs,184,94.56521739130434,0,0,0,0,MODERATE,LOW,1,5,MINOR,SLIGHTLY REDUCED
H1,m84137_260214_004236_s1/88347683/ccs,167,77.24550898203593,0,0,0,0,LOW-MODERATE,LOW,3,15,MINOR,SLIGHTLY REDUCED
H3,m84137_260214_004236_s1/73401810/ccs,166,86.74698795180723,0,0,0,0,LOW-MODERATE,LOW,1,5,MINOR,SLIGHTLY REDUCED
H3,m84137_260214_004236_s1/23791630/ccs,176,92.04545454545455,0,0,0,0,MODERATE,LOW,3,15,MINOR,SLIGHTLY REDUCED
H3,m84137_260214_004236_s1/146281875/ccs,169,81.65680473372781,0,0,0,0,LOW-MODERATE,LOW,4,20,MINOR,SLIGHTLY REDUCED
H3,m84137_260214_004236_s1/218040069/ccs,169,86.98224852071006,0,0,0,0,LOW-MODERATE,LOW,4,20,MINOR,SLIGHTLY REDUCED
H3,m84137_260214_004236_s1/191040490/ccs,157,80.2547770700637,0,0,0,0,LOW-MODERATE,LOW,2,10,MINOR,SLIGHTLY REDUCED
H3,m84137_260214_004236_s1/99095255/ccs,184,79.8913043478261,0,0,0,0,LOW-MODERATE,LOW,0,0,NONE,NO CHANGE
H3,m84137_260214_004236_s1/2097690/ccs,2958,83.4685598377282,0,0,0,0,LOW-MODERATE,LOW,31,155,SEVERE,GREATLY REDUCED
H3,m84137_260214_004236_s1/22481974/ccs,181,81.21546961325967,0,0,0,0,LOW-MODERATE,LOW,1,5,MINOR,SLIGHTLY REDUCED
H3,m84137_260214_004236_s1/169809764/ccs,172,83.72093023255815,0,0,0,0,LOW-MODERATE,LOW,1,5,MINOR,SLIGHTLY REDUCED
H3,m84137_260214_004236_s1/82051943/ccs,171,80.7017543859649,0,0,0,0,LOW-MODERATE,LOW,1,5,MINOR,SLIGHTLY REDUCED
H3,m84137_260214_004236_s1/150342062/ccs,231,90.9090909090909,0,0,0,0,MODERATE,LOW,0,0,NONE,NO CHANGE
H3,m84137_260214_004236_s1/121768635/ccs,171,96.49122807017544,0,0,0,0,HIGH,VERY HIGH,1,5,MINOR,SLIGHTLY REDUCED
H3,m84137_260214_004236_s1/206443279/ccs,183,100.0,0,0,0,0,HIGH,VERY HIGH,0,0,NONE,NO CHANGE
H3,m84137_260214_004236_s1/237175291/ccs,159,83.01886792452831,0,0,0,0,LOW-MODERATE,LOW,0,0,NONE,NO CHANGE
H3,m84137_260214_004236_s1/256443416/ccs,159,86.79245283018868,0,0,0,0,LOW-MODERATE,LOW,5,25,MINOR,SLIGHTLY REDUCED
H3,m84137_260214_004236_s1/90835560/ccs,188,82.97872340425532,0,0,0,0,LOW-MODERATE,LOW,5,25,MINOR,SLIGHTLY REDUCED
H3,m84137_260214_004236_s1/6491893/ccs,185,84.32432432432432,0,0,0,0,LOW-MODERATE,LOW,2,10,MINOR,SLIGHTLY REDUCED
H3,m84137_260214_004236_s1/3015164/ccs,173,86.70520231213872,0,0,0,0,LOW-MODERATE,LOW,2,10,MINOR,SLIGHTLY REDUCED
H3,m84137_260214_004236_s1/133431570/ccs,168,83.92857142857143,0,0,0,0,LOW-MODERATE,LOW,4,20,MINOR,SLIGHTLY REDUCED
H3,m84137_260214_004236_s1/31721716/ccs,170,86.47058823529412,0,0,0,0,LOW-MODERATE,LOW,3,15,MINOR,SLIGHTLY REDUCED
H3,m84137_260214_004236_s1/195825563/ccs,185,85.94594594594595,0,0,0,0,LOW-MODERATE,LOW,5,25,MINOR,SLIGHTLY REDUCED
H3,m84137_260214_004236_s1/5636598/ccs,171,94.73684210526315,0,0,0,0,MODERATE,LOW,3,15,MINOR,SLIGHTLY REDUCED
H3,m84137_260214_004236_s1/105713116/ccs,253,99.60474308300395,0,0,0,0,HIGH,VERY HIGH,0,0,NONE,NO CHANGE
H3,m84137_260214_004236_s1/67307854/ccs,169,78.10650887573965,0,2,0,0,LOW-MODERATE,LOW,2,10,MINOR,SLIGHTLY REDUCED
H3,m84137_260214_004236_s1/93783117/ccs,174,77.58620689655173,0,0,0,0,LOW-MODERATE,LOW,3,15,MINOR,SLIGHTLY REDUCED
H3,m84137_260214_004236_s1/45353303/ccs,170,86.47058823529412,0,0,0,0,LOW-MODERATE,LOW,1,5,MINOR,SLIGHTLY REDUCED
H3,m84137_260214_004236_s1/134611907/ccs,155,87.09677419354838,0,0,0,0,LOW-MODERATE,LOW,0,0,NONE,NO CHANGE
H3,m84137_260214_004236_s1/111151212/ccs,166,88.55421686746988,0,0,0,0,LOW-MODERATE,LOW,1,5,MINOR,SLIGHTLY REDUCED
H3,m84137_260214_004236_s1/55250196/ccs,159,88.67924528301887,0,0,0,0,LOW-MODERATE,LOW,1,5,MINOR,SLIGHTLY REDUCED
H3,m84137_260214_004236_s1/124060981/ccs,189,100.0,0,0,0,0,HIGH,VERY HIGH,0,0,NONE,NO CHANGE
H3,m84137_260214_004236_s1/44239220/ccs,166,79.51807228915662,0,0,0,0,LOW-MODERATE,LOW,5,25,MINOR,SLIGHTLY REDUCED
H3,m84137_260214_004236_s1/71243245/ccs,160,80.625,0,0,0,0,LOW-MODERATE,LOW,6,30,SIGNIFICANT,REDUCED
H3,m84137_260214_004236_s1/225772416/ccs,163,88.34355828220859,0,0,0,0,LOW-MODERATE,LOW,6,30,SIGNIFICANT,REDUCED
H3,m84137_260214_004236_s1/75433019/ccs,168,78.57142857142857,0,0,0,0,LOW-MODERATE,LOW,5,25,MINOR,SLIGHTLY REDUCED
H3,m84137_260214_004236_s1/44634773/ccs,177,89.83050847457628,0,0,0,0,LOW-MODERATE,LOW,5,25,MINOR,SLIGHTLY REDUCED
H3,m84137_260214_004236_s1/250154048/ccs,164,98.78048780487805,0,0,0,0,MODERATE,LOW,0,0,NONE,NO CHANGE
H3,m84137_260214_004236_s1/45220451/ccs,165,96.36363636363636,0,0,0,0,MODERATE,LOW,1,5,MINOR,SLIGHTLY REDUCED
H3,m84137_260214_004236_s1/253756039/ccs,161,98.75776397515527,0,0,0,0,HIGH,VERY HIGH,0,0,NONE,NO CHANGE
H3,m84137_260214_004236_s1/28903921/ccs,165,100.0,0,0,0,0,HIGH,VERY HIGH,0,0,NONE,NO CHANGE
H3,m84137_260214_004236_s1/112918972/ccs,165,100.0,0,0,0,0,HIGH,VERY HIGH,0,0,NONE,NO CHANGE
H3,m84137_260214_004236_s1/56885300/ccs,165,100.0,0,0,0,0,HIGH,VERY HIGH,0,0,NONE,NO CHANGE
H3,m84137_260214_004236_s1/51774200/ccs,165,100.0,0,0,0,0,HIGH,VERY HIGH,0,0,NONE,NO CHANGE
H3,m84137_260214_004236_s1/47319316/ccs,165,100.0,0,0,0,0,HIGH,VERY HIGH,0,0,NONE,NO CHANGE
H3,m84137_260214_004236_s1/43385542/ccs,165,100.0,0,0,0,0,HIGH,VERY HIGH,0,0,NONE,NO CHANGE
H3,m84137_260214_004236_s1/74122983/ccs,165,100.0,0,0,0,0,HIGH,VERY HIGH,0,0,NONE,NO CHANGE
H3,m84137_260214_004236_s1/85393666/ccs,165,100.0,0,0,0,0,HIGH,VERY HIGH,0,0,NONE,NO CHANGE
H3,m84137_260214_004236_s1/121378444/ccs,165,100.0,0,0,0,0,HIGH,VERY HIGH,0,0,NONE,NO CHANGE
H3,m84137_260214_004236_s1/140512981/ccs,165,100.0,0,0,0,0,HIGH,VERY HIGH,0,0,NONE,NO CHANGE
H3,m84137_260214_004236_s1/163908853/ccs,165,100.0,0,0,0,0,HIGH,VERY HIGH,0,0,NONE,NO CHANGE
H3,m84137_260214_004236_s1/54464598/ccs,165,100.0,0,0,0,0,HIGH,VERY HIGH,0,0,NONE,NO CHANGE
H3,m84137_260214_004236_s1/75238954/ccs,165,100.0,0,0,0,0,HIGH,VERY HIGH,0,0,NONE,NO CHANGE
H3,m84137_260214_004236_s1/47977374/ccs,165,100.0,0,0,0,0,HIGH,VERY HIGH,0,0,NONE,NO CHANGE
H3,m84137_260214_004236_s1/91886058/ccs,165,100.0,0,0,0,0,HIGH,VERY HIGH,0,0,NONE,NO CHANGE
H3,m84137_260214_004236_s1/48566841/ccs,165,100.0,0,0,0,0,HIGH,VERY HIGH,0,0,NONE,NO CHANGE
H3,m84137_260214_004236_s1/49156763/ccs,165,100.0,0,0,0,0,HIGH,VERY HIGH,0,0,NONE,NO CHANGE
H3,m84137_260214_004236_s1/57544573/ccs,165,100.0,0,0,0,0,HIGH,VERY HIGH,0,0,NONE,NO CHANGE
H3,m84137_260214_004236_s1/216402020/ccs,165,100.0,0,0,0,0,HIGH,VERY HIGH,0,0,NONE,NO CHANGE
H3,m84137_260214_004236_s1/237568453/ccs,165,100.0,0,0,0,0,HIGH,VERY HIGH,0,0,NONE,NO CHANGE
H3,m84137_260214_004236_s1/184751519/ccs,165,100.0,0,0,0,0,HIGH,VERY HIGH,0,0,NONE,NO CHANGE
H3,m84137_260214_004236_s1/191696344/ccs,165,100.0,0,0,0,0,HIGH,VERY HIGH,0,0,NONE,NO CHANGE
H3,m84137_260214_004236_s1/228265797/ccs,165,100.0,0,0,0,0,HIGH,VERY HIGH,0,0,NONE,NO CHANGE
H3,m84137_260214_004236_s1/218042680/ccs,165,100.0,0,0,0,0,HIGH,VERY HIGH,0,0,NONE,NO CHANGE
H3,m84137_260214_004236_s1/248843948/ccs,165,100.0,0,0,0,0,HIGH,VERY HIGH,0,0,NONE,NO CHANGE
H3,m84137_260214_004236_s1/229771163/ccs,165,100.0,0,0,0,0,HIGH,VERY HIGH,0,0,NONE,NO CHANGE
H3,m84137_260214_004236_s1/226100492/ccs,165,100.0,0,0,0,0,HIGH,VERY HIGH,0,0,NONE,NO CHANGE
H3,m84137_260214_004236_s1/237307627/ccs,165,100.0,0,0,0,0,HIGH,VERY HIGH,0,0,NONE,NO CHANGE
H3,m84137_260214_004236_s1/81333178/ccs,165,100.0,0,0,0,0,HIGH,VERY HIGH,0,0,NONE,NO CHANGE
H3,m84137_260214_004236_s1/120127603/ccs,165,100.0,0,0,0,0,HIGH,VERY HIGH,0,0,NONE,NO CHANGE
H3,m84137_260214_004236_s1/121310103/ccs,165,100.0,0,0,0,0,HIGH,VERY HIGH,0,0,NONE,NO CHANGE
H3,m84137_260214_004236_s1/126682364/ccs,165,100.0,0,0,0,0,HIGH,VERY HIGH,0,0,NONE,NO CHANGE
H3,m84137_260214_004236_s1/173936551/ccs,165,100.0,0,0,0,0,HIGH,VERY HIGH,0,0,NONE,NO CHANGE
H3,m84137_260214_004236_s1/203100135/ccs,165,100.0,0,0,0,0,HIGH,VERY HIGH,0,0,NONE,NO CHANGE
H3,m84137_260214_004236_s1/180622897/ccs,165,100.0,0,0,0,0,HIGH,VERY HIGH,0,0,NONE,NO CHANGE
H3,m84137_260214_004236_s1/204149597/ccs,165,100.0,0,0,0,0,HIGH,VERY HIGH,0,0,NONE,NO CHANGE
H3,m84137_260214_004236_s1/210111602/ccs,165,100.0,0,0,0,0,HIGH,VERY HIGH,0,0,NONE,NO CHANGE
H3,m84137_260214_004236_s1/182194812/ccs,165,100.0,0,0,0,0,HIGH,VERY HIGH,0,0,NONE,NO CHANGE
H3,m84137_260214_004236_s1/170330030/ccs,165,100.0,0,0,0,0,HIGH,VERY HIGH,0,0,NONE,NO CHANGE
H3,m84137_260214_004236_s1/189728938/ccs,165,100.0,0,0,0,0,HIGH,VERY HIGH,0,0,NONE,NO CHANGE
H3,m84137_260214_004236_s1/221317738/ccs,165,100.0,0,0,0,0,HIGH,VERY HIGH,0,0,NONE,NO CHANGE
H3,m84137_260214_004236_s1/183437325/ccs,165,100.0,0,0,0,0,HIGH,VERY HIGH,0,0,NONE,NO CHANGE
H3,m84137_260214_004236_s1/239011175/ccs,165,100.0,0,0,0,0,HIGH,VERY HIGH,0,0,NONE,NO CHANGE
H3,m84137_260214_004236_s1/8394011/ccs,165,100.0,0,0,0,0,HIGH,VERY HIGH,0,0,NONE,NO CHANGE
H3,m84137_260214_004236_s1/31199121/ccs,165,100.0,0,0,0,0,HIGH,VERY HIGH,0,0,NONE,NO CHANGE
H3,m84137_260214_004236_s1/5638423/ccs,165,100.0,0,0,0,0,HIGH,VERY HIGH,0,0,NONE,NO CHANGE
H3,m84137_260214_004236_s1/2425216/ccs,165,100.0,0,0,0,0,HIGH,VERY HIGH,0,0,NONE,NO CHANGE
H3,m84137_260214_004236_s1/50464547/ccs,165,100.0,0,0,0,0,HIGH,VERY HIGH,0,0,NONE,NO CHANGE
H3,m84137_260214_004236_s1/159449172/ccs,165,100.0,0,0,0,0,HIGH,VERY HIGH,0,0,NONE,NO CHANGE
H3,m84137_260214_004236_s1/163644139/ccs,165,100.0,0,0,0,0,HIGH,VERY HIGH,0,0,NONE,NO CHANGE
H3,m84137_260214_004236_s1/143720984/ccs,165,100.0,0,0,0,0,HIGH,VERY HIGH,0,0,NONE,NO CHANGE
H3,m84137_260214_004236_s1/223480655/ccs,165,100.0,0,0,0,0,HIGH,VERY HIGH,0,0,NONE,NO CHANGE
H3,m84137_260214_004236_s1/191567744/ccs,165,100.0,0,0,0,0,HIGH,VERY HIGH,0,0,NONE,NO CHANGE
H3,m84137_260214_004236_s1/243077047/ccs,165,100.0,0,0,0,0,HIGH,VERY HIGH,0,0,NONE,NO CHANGE
H3,m84137_260214_004236_s1/217584914/ccs,165,100.0,0,0,0,0,HIGH,VERY HIGH,0,0,NONE,NO CHANGE
H3,m84137_260214_004236_s1/135660978/ccs,165,100.0,0,0,0,0,HIGH,VERY HIGH,0,0,NONE,NO CHANGE
H3,m84137_260214_004236_s1/155780317/ccs,165,100.0,0,0,0,0,HIGH,VERY HIGH,0,0,NONE,NO CHANGE
H3,m84137_260214_004236_s1/19862810/ccs,153,100.0,0,0,0,0,HIGH,VERY HIGH,0,0,NONE,NO CHANGE
H3,m84137_260214_004236_s1/230557570/ccs,165,100.0,0,0,0,0,HIGH,VERY HIGH,0,0,NONE,NO CHANGE
H3,m84137_260214_004236_s1/77992416/ccs,165,100.0,0,0,0,0,HIGH,VERY HIGH,0,0,NONE,NO CHANGE
H3,m84137_260214_004236_s1/112725401/ccs,165,100.0,0,0,0,0,HIGH,VERY HIGH,0,0,NONE,NO CHANGE
H3,m84137_260214_004236_s1/115675037/ccs,165,100.0,0,0,0,0,HIGH,VERY HIGH,0,0,NONE,NO CHANGE
H3,m84137_260214_004236_s1/143593688/ccs,165,100.0,0,0,0,0,HIGH,VERY HIGH,0,0,NONE,NO CHANGE
H3,m84137_260214_004236_s1/226628968/ccs,165,100.0,0,0,0,0,HIGH,VERY HIGH,0,0,NONE,NO CHANGE
H3,m84137_260214_004236_s1/127731897/ccs,165,100.0,0,0,0,0,HIGH,VERY HIGH,0,0,NONE,NO CHANGE
H3,m84137_260214_004236_s1/25690201/ccs,165,100.0,0,0,0,0,HIGH,VERY HIGH,0,0,NONE,NO CHANGE
H3,m84137_260214_004236_s1/51446058/ccs,165,100.0,0,0,0,0,HIGH,VERY HIGH,0,0,NONE,NO CHANGE
H3,m84137_260214_004236_s1/46008797/ccs,165,100.0,0,0,0,0,HIGH,VERY HIGH,0,0,NONE,NO CHANGE
H3,m84137_260214_004236_s1/60229245/ccs,165,100.0,0,0,0,0,HIGH,VERY HIGH,0,0,NONE,NO CHANGE
H3,m84137_260214_004236_s1/223872119/ccs,165,100.0,0,0,0,0,HIGH,VERY HIGH,0,0,NONE,NO CHANGE
H3,m84137_260214_004236_s1/11342462/ccs,165,100.0,0,0,0,0,HIGH,VERY HIGH,0,0,NONE,NO CHANGE
H3,m84137_260214_004236_s1/158799648/ccs,165,100.0,0,0,0,0,HIGH,VERY HIGH,0,0,NONE,NO CHANGE
H3,m84137_260214_004236_s1/176165649/ccs,165,100.0,0,0,0,0,HIGH,VERY HIGH,0,0,NONE,NO CHANGE
H3,m84137_260214_004236_s1/90245014/ccs,165,100.0,0,0,0,0,HIGH,VERY HIGH,0,0,NONE,NO CHANGE
H3,m84137_260214_004236_s1/78318474/ccs,165,100.0,0,0,0,0,HIGH,VERY HIGH,0,0,NONE,NO CHANGE
H3,m84137_260214_004236_s1/264245635/ccs,165,100.0,0,0,0,0,HIGH,VERY HIGH,0,0,NONE,NO CHANGE
H3,m84137_260214_004236_s1/48759372/ccs,165,100.0,0,0,0,0,HIGH,VERY HIGH,0,0,NONE,NO CHANGE
H3,m84137_260214_004236_s1/121048046/ccs,165,100.0,0,0,0,0,HIGH,VERY HIGH,0,0,NONE,NO CHANGE
H3,m84137_260214_004236_s1/142345959/ccs,165,100.0,0,0,0,0,HIGH,VERY HIGH,0,0,NONE,NO CHANGE
H3,m84137_260214_004236_s1/173410822/ccs,165,100.0,0,0,0,0,HIGH,VERY HIGH,0,0,NONE,NO CHANGE
H3,m84137_260214_004236_s1/225187467/ccs,165,100.0,0,0,0,0,HIGH,VERY HIGH,0,0,NONE,NO CHANGE
H3,m84137_260214_004236_s1/180751472/ccs,165,100.0,0,0,0,0,HIGH,VERY HIGH,0,0,NONE,NO CHANGE
H3,m84137_260214_004236_s1/235018013/ccs,165,100.0,0,0,0,0,HIGH,VERY HIGH,0,0,NONE,NO CHANGE
H3,m84137_260214_004236_s1/209126632/ccs,165,100.0,0,0,0,0,HIGH,VERY HIGH,0,0,NONE,NO CHANGE
H3,m84137_260214_004236_s1/204210778/ccs,165,100.0,0,0,0,0,HIGH,VERY HIGH,0,0,NONE,NO CHANGE
H3,m84137_260214_004236_s1/252708142/ccs,165,100.0,0,0,0,0,HIGH,VERY HIGH,0,0,NONE,NO CHANGE
H3,m84137_260214_004236_s1/235735598/ccs,165,100.0,0,0,0,0,HIGH,VERY HIGH,0,0,NONE,NO CHANGE
H3,m84137_260214_004236_s1/217057578/ccs,165,100.0,0,0,0,0,HIGH,VERY HIGH,0,0,NONE,NO CHANGE
H3,m84137_260214_004236_s1/68747864/ccs,165,100.0,0,0,0,0,HIGH,VERY HIGH,0,0,NONE,NO CHANGE
H3,m84137_260214_004236_s1/93324906/ccs,165,100.0,0,0,0,0,HIGH,VERY HIGH,0,0,NONE,NO CHANGE
H3,m84137_260214_004236_s1/89261503/ccs,165,100.0,0,0,0,0,HIGH,VERY HIGH,0,0,NONE,NO CHANGE
H3,m84137_260214_004236_s1/89129808/ccs,165,100.0,0,0,0,0,HIGH,VERY HIGH,0,0,NONE,NO CHANGE
H3,m84137_260214_004236_s1/102566758/ccs,165,100.0,0,0,0,0,HIGH,VERY HIGH,0,0,NONE,NO CHANGE
H3,m84137_260214_004236_s1/149687737/ccs,165,100.0,0,0,0,0,HIGH,VERY HIGH,0,0,NONE,NO CHANGE
H3,m84137_260214_004236_s1/169019368/ccs,165,100.0,0,0,0,0,HIGH,VERY HIGH,0,0,NONE,NO CHANGE
H3,m84137_260214_004236_s1/171378773/ccs,165,100.0,0,0,0,0,HIGH,VERY HIGH,0,0,NONE,NO CHANGE
H3,m84137_260214_004236_s1/175901639/ccs,165,100.0,0,0,0,0,HIGH,VERY HIGH,0,0,NONE,NO CHANGE
H3,m84137_260214_004236_s1/179569167/ccs,165,100.0,0,0,0,0,HIGH,VERY HIGH,0,0,NONE,NO CHANGE
H3,m84137_260214_004236_s1/193987699/ccs,165,100.0,0,0,0,0,HIGH,VERY HIGH,0,0,NONE,NO CHANGE
H3,m84137_260214_004236_s1/53285839/ccs,165,100.0,0,0,0,0,HIGH,VERY HIGH,0,0,NONE,NO CHANGE
H3,m84137_260214_004236_s1/15013544/ccs,165,100.0,0,0,0,0,HIGH,VERY HIGH,0,0,NONE,NO CHANGE
H3,m84137_260214_004236_s1/60036661/ccs,165,100.0,0,0,0,0,HIGH,VERY HIGH,0,0,NONE,NO CHANGE
H3,m84137_260214_004236_s1/45092350/ccs,165,100.0,0,0,0,0,HIGH,VERY HIGH,0,0,NONE,NO CHANGE
H3,m84137_260214_004236_s1/46402564/ccs,165,100.0,0,0,0,0,HIGH,VERY HIGH,0,0,NONE,NO CHANGE
H3,m84137_260214_004236_s1/90051989/ccs,165,100.0,0,0,0,0,HIGH,VERY HIGH,0,0,NONE,NO CHANGE
H3,m84137_260214_004236_s1/128717403/ccs,165,100.0,0,0,0,0,HIGH,VERY HIGH,0,0,NONE,NO CHANGE
H3,m84137_260214_004236_s1/246153983/ccs,165,100.0,0,0,0,0,HIGH,VERY HIGH,0,0,NONE,NO CHANGE
H3,m84137_260214_004236_s1/21042168/ccs,165,100.0,0,0,0,0,HIGH,VERY HIGH,0,0,NONE,NO CHANGE
H3,m84137_260214_004236_s1/208470355/ccs,165,100.0,0,0,0,0,HIGH,VERY HIGH,0,0,NONE,NO CHANGE
H3,m84137_260214_004236_s1/227543207/ccs,165,100.0,0,0,0,0,HIGH,VERY HIGH,0,0,NONE,NO CHANGE
H3,m84137_260214_004236_s1/176098164/ccs,165,100.0,0,0,0,0,HIGH,VERY HIGH,0,0,NONE,NO CHANGE
H3,m84137_260214_004236_s1/25103157/ccs,166,97.59036144578313,0,0,0,0,HIGH,VERY HIGH,1,5,MINOR,SLIGHTLY REDUCED
H3,m84137_260214_004236_s1/184156653/ccs,166,97.59036144578313,0,0,0,0,HIGH,VERY HIGH,1,5,MINOR,SLIGHTLY REDUCED
H3,m84137_260214_004236_s1/113642496/ccs,166,97.59036144578313,0,0,0,0,HIGH,VERY HIGH,1,5,MINOR,SLIGHTLY REDUCED
H3,m84137_260214_004236_s1/262016849/ccs,167,98.80239520958084,0,0,0,0,HIGH,VERY HIGH,1,5,MINOR,SLIGHTLY REDUCED
H3,m84137_260214_004236_s1/79432680/ccs,167,98.80239520958084,0,0,0,0,MODERATE,LOW,0,0,NONE,NO CHANGE
H3,m84137_260214_004236_s1/54332150/ccs,167,98.80239520958084,0,0,0,0,HIGH,VERY HIGH,0,0,NONE,NO CHANGE
H3,m84137_260214_004236_s1/35455540/ccs,168,100.0,0,0,0,0,HIGH,VERY HIGH,0,0,NONE,NO CHANGE
H3,m84137_260214_004236_s1/97980808/ccs,168,100.0,0,0,0,0,HIGH,VERY HIGH,0,0,NONE,NO CHANGE
H3,m84137_260214_004236_s1/107679918/ccs,168,100.0,0,0,0,0,HIGH,VERY HIGH,0,0,NONE,NO CHANGE
H3,m84137_260214_004236_s1/108925348/ccs,168,100.0,0,0,0,0,HIGH,VERY HIGH,0,0,NONE,NO CHANGE
H3,m84137_260214_004236_s1/135991679/ccs,168,100.0,0,0,0,0,HIGH,VERY HIGH,0,0,NONE,NO CHANGE
H3,m84137_260214_004236_s1/52695139/ccs,168,100.0,0,0,0,0,HIGH,VERY HIGH,0,0,NONE,NO CHANGE
H3,m84137_260214_004236_s1/69998201/ccs,168,100.0,0,0,0,0,HIGH,VERY HIGH,0,0,NONE,NO CHANGE
H3,m84137_260214_004236_s1/65803955/ccs,168,100.0,0,0,0,0,HIGH,VERY HIGH,0,0,NONE,NO CHANGE
H3,m84137_260214_004236_s1/100929839/ccs,168,100.0,0,0,0,0,HIGH,VERY HIGH,0,0,NONE,NO CHANGE
H3,m84137_260214_004236_s1/252056632/ccs,168,100.0,0,0,0,0,HIGH,VERY HIGH,0,0,NONE,NO CHANGE
H3,m84137_260214_004236_s1/240520555/ccs,168,100.0,0,0,0,0,HIGH,VERY HIGH,0,0,NONE,NO CHANGE
H3,m84137_260214_004236_s1/183963572/ccs,168,100.0,0,0,0,0,HIGH,VERY HIGH,0,0,NONE,NO CHANGE
H3,m84137_260214_004236_s1/230625115/ccs,168,100.0,0,0,0,0,HIGH,VERY HIGH,0,0,NONE,NO CHANGE
H3,m84137_260214_004236_s1/239867431/ccs,168,100.0,0,0,0,0,HIGH,VERY HIGH,0,0,NONE,NO CHANGE
H3,m84137_260214_004236_s1/231933860/ccs,168,100.0,0,0,0,0,HIGH,VERY HIGH,0,0,NONE,NO CHANGE
H3,m84137_260214_004236_s1/240715012/ccs,168,100.0,0,0,0,0,HIGH,VERY HIGH,0,0,NONE,NO CHANGE
H3,m84137_260214_004236_s1/259459094/ccs,168,100.0,0,0,0,0,HIGH,VERY HIGH,0,0,NONE,NO CHANGE
H3,m84137_260214_004236_s1/92932871/ccs,168,100.0,0,0,0,0,HIGH,VERY HIGH,0,0,NONE,NO CHANGE
H3,m84137_260214_004236_s1/93325621/ccs,168,100.0,0,0,0,0,HIGH,VERY HIGH,0,0,NONE,NO CHANGE
H3,m84137_260214_004236_s1/99221964/ccs,168,100.0,0,0,0,0,HIGH,VERY HIGH,0,0,NONE,NO CHANGE
H3,m84137_260214_004236_s1/102237854/ccs,168,100.0,0,0,0,0,HIGH,VERY HIGH,0,0,NONE,NO CHANGE
H3,m84137_260214_004236_s1/185931036/ccs,168,100.0,0,0,0,0,HIGH,VERY HIGH,0,0,NONE,NO CHANGE
H3,m84137_260214_004236_s1/199103220/ccs,168,100.0,0,0,0,0,HIGH,VERY HIGH,0,0,NONE,NO CHANGE
H3,m84137_260214_004236_s1/209259818/ccs,168,100.0,0,0,0,0,HIGH,VERY HIGH,0,0,NONE,NO CHANGE
H3,m84137_260214_004236_s1/188810166/ccs,168,100.0,0,0,0,0,HIGH,VERY HIGH,0,0,NONE,NO CHANGE
H3,m84137_260214_004236_s1/197723083/ccs,168,100.0,0,0,0,0,HIGH,VERY HIGH,0,0,NONE,NO CHANGE
H3,m84137_260214_004236_s1/246612289/ccs,168,100.0,0,0,0,0,HIGH,VERY HIGH,0,0,NONE,NO CHANGE
H3,m84137_260214_004236_s1/250020046/ccs,168,100.0,0,0,0,0,HIGH,VERY HIGH,0,0,NONE,NO CHANGE
H3,m84137_260214_004236_s1/251528512/ccs,168,100.0,0,0,0,0,HIGH,VERY HIGH,0,0,NONE,NO CHANGE
H3,m84137_260214_004236_s1/27858272/ccs,168,100.0,0,0,0,0,HIGH,VERY HIGH,0,0,NONE,NO CHANGE
H3,m84137_260214_004236_s1/52433770/ccs,168,100.0,0,0,0,0,HIGH,VERY HIGH,0,0,NONE,NO CHANGE
H3,m84137_260214_004236_s1/5702060/ccs,168,100.0,0,0,0,0,HIGH,VERY HIGH,0,0,NONE,NO CHANGE
H3,m84137_260214_004236_s1/20186068/ccs,168,100.0,0,0,0,0,HIGH,VERY HIGH,0,0,NONE,NO CHANGE
H3,m84137_260214_004236_s1/30475322/ccs,168,100.0,0,0,0,0,HIGH,VERY HIGH,0,0,NONE,NO CHANGE
H3,m84137_260214_004236_s1/56756206/ccs,168,100.0,0,0,0,0,HIGH,VERY HIGH,0,0,NONE,NO CHANGE
H3,m84137_260214_004236_s1/190843697/ccs,168,100.0,0,0,0,0,HIGH,VERY HIGH,0,0,NONE,NO CHANGE
H3,m84137_260214_004236_s1/187041453/ccs,168,100.0,0,0,0,0,HIGH,VERY HIGH,0,0,NONE,NO CHANGE
H3,m84137_260214_004236_s1/23265843/ccs,168,100.0,0,0,0,0,HIGH,VERY HIGH,0,0,NONE,NO CHANGE
H3,m84137_260214_004236_s1/94307844/ccs,168,100.0,0,0,0,0,HIGH,VERY HIGH,0,0,NONE,NO CHANGE
H3,m84137_260214_004236_s1/264834270/ccs,168,100.0,0,0,0,0,HIGH,VERY HIGH,0,0,NONE,NO CHANGE
H3,m84137_260214_004236_s1/253039935/ccs,168,100.0,0,0,0,0,HIGH,VERY HIGH,0,0,NONE,NO CHANGE
H3,m84137_260214_004236_s1/171708565/ccs,168,100.0,0,0,0,0,HIGH,VERY HIGH,0,0,NONE,NO CHANGE
H3,m84137_260214_004236_s1/102370132/ccs,168,100.0,0,0,0,0,HIGH,VERY HIGH,0,0,NONE,NO CHANGE
H3,m84137_260214_004236_s1/134088261/ccs,168,100.0,0,0,0,0,HIGH,VERY HIGH,0,0,NONE,NO CHANGE
H3,m84137_260214_004236_s1/5703351/ccs,168,100.0,0,0,0,0,HIGH,VERY HIGH,0,0,NONE,NO CHANGE
H3,m84137_260214_004236_s1/11273563/ccs,168,100.0,0,0,0,0,HIGH,VERY HIGH,0,0,NONE,NO CHANGE
H3,m84137_260214_004236_s1/12519626/ccs,168,100.0,0,0,0,0,HIGH,VERY HIGH,0,0,NONE,NO CHANGE
H3,m84137_260214_004236_s1/141888136/ccs,168,100.0,0,0,0,0,HIGH,VERY HIGH,0,0,NONE,NO CHANGE
H3,m84137_260214_004236_s1/217646338/ccs,168,100.0,0,0,0,0,HIGH,VERY HIGH,0,0,NONE,NO CHANGE
H3,m84137_260214_004236_s1/74779775/ccs,168,100.0,0,0,0,0,HIGH,VERY HIGH,0,0,NONE,NO CHANGE
H3,m84137_260214_004236_s1/50272033/ccs,168,100.0,0,0,0,0,HIGH,VERY HIGH,0,0,NONE,NO CHANGE
H3,m84137_260214_004236_s1/171445877/ccs,168,100.0,0,0,0,0,HIGH,VERY HIGH,0,0,NONE,NO CHANGE
H3,m84137_260214_004236_s1/261297224/ccs,168,100.0,0,0,0,0,HIGH,VERY HIGH,0,0,NONE,NO CHANGE
H3,m84137_260214_004236_s1/129892889/ccs,168,100.0,0,0,0,0,HIGH,VERY HIGH,0,0,NONE,NO CHANGE
H3,m84137_260214_004236_s1/127010702/ccs,168,100.0,0,0,0,0,HIGH,VERY HIGH,0,0,NONE,NO CHANGE
H3,m84137_260214_004236_s1/111280290/ccs,168,100.0,0,0,0,0,HIGH,VERY HIGH,0,0,NONE,NO CHANGE
H3,m84137_260214_004236_s1/160040455/ccs,168,100.0,0,0,0,0,HIGH,VERY HIGH,0,0,NONE,NO CHANGE
H3,m84137_260214_004236_s1/160629072/ccs,168,100.0,0,0,0,0,HIGH,VERY HIGH,0,0,NONE,NO CHANGE
H3,m84137_260214_004236_s1/156565699/ccs,168,100.0,0,0,0,0,HIGH,VERY HIGH,0,0,NONE,NO CHANGE
H3,m84137_260214_004236_s1/147917212/ccs,168,100.0,0,0,0,0,HIGH,VERY HIGH,0,0,NONE,NO CHANGE
H3,m84137_260214_004236_s1/8323455/ccs,168,100.0,0,0,0,0,HIGH,VERY HIGH,0,0,NONE,NO CHANGE
H3,m84137_260214_004236_s1/5310439/ccs,168,100.0,0,0,0,0,HIGH,VERY HIGH,0,0,NONE,NO CHANGE
H3,m84137_260214_004236_s1/56231339/ccs,168,100.0,0,0,0,0,HIGH,VERY HIGH,0,0,NONE,NO CHANGE
H3,m84137_260214_004236_s1/51119468/ccs,168,100.0,0,0,0,0,HIGH,VERY HIGH,0,0,NONE,NO CHANGE
H3,m84137_260214_004236_s1/58854107/ccs,168,100.0,0,0,0,0,HIGH,VERY HIGH,0,0,NONE,NO CHANGE
H3,m84137_260214_004236_s1/4590775/ccs,168,100.0,0,0,0,0,HIGH,VERY HIGH,0,0,NONE,NO CHANGE
H3,m84137_260214_004236_s1/8915910/ccs,168,100.0,0,0,0,0,HIGH,VERY HIGH,0,0,NONE,NO CHANGE
H3,m84137_260214_004236_s1/43124703/ccs,168,100.0,0,0,0,0,HIGH,VERY HIGH,0,0,NONE,NO CHANGE
H3,m84137_260214_004236_s1/216338099/ccs,168,100.0,0,0,0,0,HIGH,VERY HIGH,0,0,NONE,NO CHANGE
H3,m84137_260214_004236_s1/217190457/ccs,168,100.0,0,0,0,0,HIGH,VERY HIGH,0,0,NONE,NO CHANGE
H3,m84137_260214_004236_s1/51381547/ccs,168,100.0,0,0,0,0,HIGH,VERY HIGH,0,0,NONE,NO CHANGE
H3,m84137_260214_004236_s1/95751111/ccs,168,100.0,0,0,0,0,HIGH,VERY HIGH,0,0,NONE,NO CHANGE
H3,m84137_260214_004236_s1/183833413/ccs,168,100.0,0,0,0,0,HIGH,VERY HIGH,0,0,NONE,NO CHANGE
H3,m84137_260214_004236_s1/182716100/ccs,168,100.0,0,0,0,0,HIGH,VERY HIGH,0,0,NONE,NO CHANGE
H3,m84137_260214_004236_s1/237111114/ccs,168,100.0,0,0,0,0,HIGH,VERY HIGH,0,0,NONE,NO CHANGE
H3,m84137_260214_004236_s1/70451486/ccs,168,100.0,0,0,0,0,HIGH,VERY HIGH,0,0,NONE,NO CHANGE
H3,m84137_260214_004236_s1/92668080/ccs,168,100.0,0,0,0,0,HIGH,VERY HIGH,0,0,NONE,NO CHANGE
H3,m84137_260214_004236_s1/80807825/ccs,168,100.0,0,0,0,0,HIGH,VERY HIGH,0,0,NONE,NO CHANGE
H3,m84137_260214_004236_s1/98435941/ccs,168,100.0,0,0,0,0,HIGH,VERY HIGH,0,0,NONE,NO CHANGE
H3,m84137_260214_004236_s1/106890637/ccs,168,100.0,0,0,0,0,HIGH,VERY HIGH,0,0,NONE,NO CHANGE
H3,m84137_260214_004236_s1/122359796/ccs,168,100.0,0,0,0,0,HIGH,VERY HIGH,0,0,NONE,NO CHANGE
H3,m84137_260214_004236_s1/153686014/ccs,168,100.0,0,0,0,0,HIGH,VERY HIGH,0,0,NONE,NO CHANGE
H3,m84137_260214_004236_s1/114625792/ccs,168,100.0,0,0,0,0,HIGH,VERY HIGH,0,0,NONE,NO CHANGE
H3,m84137_260214_004236_s1/163647881/ccs,168,100.0,0,0,0,0,HIGH,VERY HIGH,0,0,NONE,NO CHANGE
H3,m84137_260214_004236_s1/170135352/ccs,168,100.0,0,0,0,0,HIGH,VERY HIGH,0,0,NONE,NO CHANGE
H3,m84137_260214_004236_s1/190317709/ccs,168,100.0,0,0,0,0,HIGH,VERY HIGH,0,0,NONE,NO CHANGE
H3,m84137_260214_004236_s1/170461269/ccs,168,100.0,0,0,0,0,HIGH,VERY HIGH,0,0,NONE,NO CHANGE
H3,m84137_260214_004236_s1/150471391/ccs,165,100.0,0,0,0,0,HIGH,VERY HIGH,0,0,NONE,NO CHANGE
H3,m84137_260214_004236_s1/52958925/ccs,168,100.0,0,0,0,0,HIGH,VERY HIGH,0,0,NONE,NO CHANGE
H3,m84137_260214_004236_s1/14553918/ccs,168,100.0,0,0,0,0,HIGH,VERY HIGH,0,0,NONE,NO CHANGE
H3,m84137_260214_004236_s1/15210274/ccs,168,100.0,0,0,0,0,HIGH,VERY HIGH,0,0,NONE,NO CHANGE
H3,m84137_260214_004236_s1/69537529/ccs,168,100.0,0,0,0,0,HIGH,VERY HIGH,0,0,NONE,NO CHANGE
H3,m84137_260214_004236_s1/60953100/ccs,168,100.0,0,0,0,0,HIGH,VERY HIGH,0,0,NONE,NO CHANGE
H3,m84137_260214_004236_s1/46533878/ccs,168,100.0,0,0,0,0,HIGH,VERY HIGH,0,0,NONE,NO CHANGE
H3,m84137_260214_004236_s1/71374634/ccs,168,100.0,0,0,0,0,HIGH,VERY HIGH,0,0,NONE,NO CHANGE
H3,m84137_260214_004236_s1/97980373/ccs,168,100.0,0,0,0,0,HIGH,VERY HIGH,0,0,NONE,NO CHANGE
H3,m84137_260214_004236_s1/104272635/ccs,168,100.0,0,0,0,0,HIGH,VERY HIGH,0,0,NONE,NO CHANGE
H3,m84137_260214_004236_s1/245629383/ccs,168,100.0,0,0,0,0,HIGH,VERY HIGH,0,0,NONE,NO CHANGE
H3,m84137_260214_004236_s1/24515372/ccs,168,100.0,0,0,0,0,HIGH,VERY HIGH,0,0,NONE,NO CHANGE
H3,m84137_260214_004236_s1/21827201/ccs,168,100.0,0,0,0,0,HIGH,VERY HIGH,0,0,NONE,NO CHANGE
H3,m84137_260214_004236_s1/173477782/ccs,168,100.0,0,0,0,0,HIGH,VERY HIGH,0,0,NONE,NO CHANGE
H3,m84137_260214_004236_s1/55576535/ccs,165,100.0,0,0,0,0,HIGH,VERY HIGH,0,0,NONE,NO CHANGE
H3,m84137_260214_004236_s1/99813753/ccs,168,100.0,0,0,0,0,HIGH,VERY HIGH,0,0,NONE,NO CHANGE
H3,m84137_260214_004236_s1/202572532/ccs,168,100.0,0,0,0,0,HIGH,VERY HIGH,0,0,NONE,NO CHANGE
H3,m84137_260214_004236_s1/5832890/ccs,168,96.42857142857143,0,0,0,0,MODERATE,LOW,2,10,MINOR,SLIGHTLY REDUCED
H3,m84137_260214_004236_s1/37554346/ccs,169,97.63313609467455,0,0,0,0,MODERATE,LOW,1,5,MINOR,SLIGHTLY REDUCED
H3,m84137_260214_004236_s1/237503577/ccs,169,97.63313609467455,0,0,0,0,HIGH,VERY HIGH,0,0,NONE,NO CHANGE
H3,m84137_260214_004236_s1/229377706/ccs,169,99.40828402366864,0,0,0,0,HIGH,VERY HIGH,0,0,NONE,NO CHANGE
H3,m84137_260214_004236_s1/20715056/ccs,169,99.40828402366864,0,0,0,0,HIGH,VERY HIGH,0,0,NONE,NO CHANGE
H3,m84137_260214_004236_s1/17696659/ccs,169,97.63313609467455,0,0,0,0,HIGH,VERY HIGH,1,5,MINOR,SLIGHTLY REDUCED
H3,m84137_260214_004236_s1/163121397/ccs,168,100.0,0,0,0,0,HIGH,VERY HIGH,0,0,NONE,NO CHANGE
H3,m84137_260214_004236_s1/34996878/ccs,170,98.82352941176471,0,0,0,0,HIGH,VERY HIGH,0,0,NONE,NO CHANGE
H3,m84137_260214_004236_s1/122094743/ccs,171,100.0,0,0,0,0,HIGH,VERY HIGH,0,0,NONE,NO CHANGE
H3,m84137_260214_004236_s1/60424584/ccs,171,100.0,0,0,0,0,HIGH,VERY HIGH,0,0,NONE,NO CHANGE
H3,m84137_260214_004236_s1/90048535/ccs,171,100.0,0,0,0,0,HIGH,VERY HIGH,0,0,NONE,NO CHANGE
H3,m84137_260214_004236_s1/73861587/ccs,171,100.0,0,0,0,0,HIGH,VERY HIGH,0,0,NONE,NO CHANGE
H3,m84137_260214_004236_s1/118755722/ccs,171,100.0,0,0,0,0,HIGH,VERY HIGH,0,0,NONE,NO CHANGE
H3,m84137_260214_004236_s1/124719123/ccs,171,100.0,0,0,0,0,HIGH,VERY HIGH,0,0,NONE,NO CHANGE
H3,m84137_260214_004236_s1/82318718/ccs,171,100.0,0,0,0,0,HIGH,VERY HIGH,0,0,NONE,NO CHANGE
H3,m84137_260214_004236_s1/83759607/ccs,171,100.0,0,0,0,0,HIGH,VERY HIGH,0,0,NONE,NO CHANGE
H3,m84137_260214_004236_s1/37754058/ccs,171,100.0,0,0,0,0,HIGH,VERY HIGH,0,0,NONE,NO CHANGE
H3,m84137_260214_004236_s1/31199734/ccs,171,100.0,0,0,0,0,HIGH,VERY HIGH,0,0,NONE,NO CHANGE
H3,m84137_260214_004236_s1/259591484/ccs,171,100.0,0,0,0,0,HIGH,VERY HIGH,0,0,NONE,NO CHANGE
H3,m84137_260214_004236_s1/210044016/ccs,171,100.0,0,0,0,0,HIGH,VERY HIGH,0,0,NONE,NO CHANGE
H3,m84137_260214_004236_s1/259195100/ccs,171,100.0,0,0,0,0,HIGH,VERY HIGH,0,0,NONE,NO CHANGE
H3,m84137_260214_004236_s1/120588859/ccs,171,100.0,0,0,0,0,HIGH,VERY HIGH,0,0,NONE,NO CHANGE
H3,m84137_260214_004236_s1/191498600/ccs,171,100.0,0,0,0,0,HIGH,VERY HIGH,0,0,NONE,NO CHANGE
H3,m84137_260214_004236_s1/198182047/ccs,171,100.0,0,0,0,0,HIGH,VERY HIGH,0,0,NONE,NO CHANGE
H3,m84137_260214_004236_s1/201524674/ccs,171,100.0,0,0,0,0,HIGH,VERY HIGH,0,0,NONE,NO CHANGE
H3,m84137_260214_004236_s1/219875076/ccs,171,100.0,0,0,0,0,HIGH,VERY HIGH,0,0,NONE,NO CHANGE
H3,m84137_260214_004236_s1/195298156/ccs,171,100.0,0,0,0,0,HIGH,VERY HIGH,0,0,NONE,NO CHANGE
H3,m84137_260214_004236_s1/203293282/ccs,171,100.0,0,0,0,0,HIGH,VERY HIGH,0,0,NONE,NO CHANGE
H3,m84137_260214_004236_s1/18093556/ccs,171,100.0,0,0,0,0,HIGH,VERY HIGH,0,0,NONE,NO CHANGE
H3,m84137_260214_004236_s1/5637327/ccs,171,100.0,0,0,0,0,HIGH,VERY HIGH,0,0,NONE,NO CHANGE
H3,m84137_260214_004236_s1/18678618/ccs,171,100.0,0,0,0,0,HIGH,VERY HIGH,0,0,NONE,NO CHANGE
H3,m84137_260214_004236_s1/29886819/ccs,171,100.0,0,0,0,0,HIGH,VERY HIGH,0,0,NONE,NO CHANGE
H3,m84137_260214_004236_s1/141558878/ccs,171,100.0,0,0,0,0,HIGH,VERY HIGH,0,0,NONE,NO CHANGE
H3,m84137_260214_004236_s1/143656738/ccs,171,100.0,0,0,0,0,HIGH,VERY HIGH,0,0,NONE,NO CHANGE
H3,m84137_260214_004236_s1/141427762/ccs,171,100.0,0,0,0,0,HIGH,VERY HIGH,0,0,NONE,NO CHANGE
H3,m84137_260214_004236_s1/158335973/ccs,171,100.0,0,0,0,0,HIGH,VERY HIGH,0,0,NONE,NO CHANGE
H3,m84137_260214_004236_s1/230233120/ccs,171,100.0,0,0,0,0,HIGH,VERY HIGH,0,0,NONE,NO CHANGE
H3,m84137_260214_004236_s1/117378279/ccs,171,100.0,0,0,0,0,HIGH,VERY HIGH,0,0,NONE,NO CHANGE
H3,m84137_260214_004236_s1/27921114/ccs,171,100.0,0,0,0,0,HIGH,VERY HIGH,0,0,NONE,NO CHANGE
H3,m84137_260214_004236_s1/240784957/ccs,171,100.0,0,0,0,0,HIGH,VERY HIGH,0,0,NONE,NO CHANGE
H3,m84137_260214_004236_s1/217584199/ccs,171,100.0,0,0,0,0,HIGH,VERY HIGH,0,0,NONE,NO CHANGE
H3,m84137_260214_004236_s1/119080409/ccs,171,100.0,0,0,0,0,HIGH,VERY HIGH,0,0,NONE,NO CHANGE
H3,m84137_260214_004236_s1/108331114/ccs,171,100.0,0,0,0,0,HIGH,VERY HIGH,0,0,NONE,NO CHANGE
H3,m84137_260214_004236_s1/119996748/ccs,171,100.0,0,0,0,0,HIGH,VERY HIGH,0,0,NONE,NO CHANGE
H3,m84137_260214_004236_s1/109250873/ccs,171,100.0,0,0,0,0,HIGH,VERY HIGH,0,0,NONE,NO CHANGE
H3,m84137_260214_004236_s1/110824328/ccs,171,100.0,0,0,0,0,HIGH,VERY HIGH,0,0,NONE,NO CHANGE
H3,m84137_260214_004236_s1/134679365/ccs,171,100.0,0,0,0,0,HIGH,VERY HIGH,0,0,NONE,NO CHANGE
H3,m84137_260214_004236_s1/158533973/ccs,171,100.0,0,0,0,0,HIGH,VERY HIGH,0,0,NONE,NO CHANGE
H3,m84137_260214_004236_s1/57870011/ccs,171,100.0,0,0,0,0,HIGH,VERY HIGH,0,0,NONE,NO CHANGE
H3,m84137_260214_004236_s1/52627230/ccs,171,100.0,0,0,0,0,HIGH,VERY HIGH,0,0,NONE,NO CHANGE
H3,m84137_260214_004236_s1/231408954/ccs,171,100.0,0,0,0,0,HIGH,VERY HIGH,0,0,NONE,NO CHANGE
H3,m84137_260214_004236_s1/241044274/ccs,171,100.0,0,0,0,0,HIGH,VERY HIGH,0,0,NONE,NO CHANGE
H3,m84137_260214_004236_s1/204017279/ccs,168,100.0,0,0,0,0,HIGH,VERY HIGH,0,0,NONE,NO CHANGE
H3,m84137_260214_004236_s1/260837077/ccs,171,100.0,0,0,0,0,HIGH,VERY HIGH,0,0,NONE,NO CHANGE
H3,m84137_260214_004236_s1/216470060/ccs,171,100.0,0,0,0,0,HIGH,VERY HIGH,0,0,NONE,NO CHANGE
H3,m84137_260214_004236_s1/217321567/ccs,171,100.0,0,0,0,0,HIGH,VERY HIGH,0,0,NONE,NO CHANGE
H3,m84137_260214_004236_s1/250613810/ccs,171,100.0,0,0,0,0,HIGH,VERY HIGH,0,0,NONE,NO CHANGE
H3,m84137_260214_004236_s1/221384621/ccs,171,100.0,0,0,0,0,HIGH,VERY HIGH,0,0,NONE,NO CHANGE
H3,m84137_260214_004236_s1/221320462/ccs,171,100.0,0,0,0,0,HIGH,VERY HIGH,0,0,NONE,NO CHANGE
H3,m84137_260214_004236_s1/201068774/ccs,171,100.0,0,0,0,0,HIGH,VERY HIGH,0,0,NONE,NO CHANGE
H3,m84137_260214_004236_s1/253432797/ccs,171,100.0,0,0,0,0,HIGH,VERY HIGH,0,0,NONE,NO CHANGE
H3,m84137_260214_004236_s1/221381869/ccs,171,100.0,0,0,0,0,HIGH,VERY HIGH,0,0,NONE,NO CHANGE
H3,m84137_260214_004236_s1/182911339/ccs,171,100.0,0,0,0,0,HIGH,VERY HIGH,0,0,NONE,NO CHANGE
H3,m84137_260214_004236_s1/224921447/ccs,171,100.0,0,0,0,0,HIGH,VERY HIGH,0,0,NONE,NO CHANGE
H3,m84137_260214_004236_s1/225314206/ccs,171,100.0,0,0,0,0,HIGH,VERY HIGH,0,0,NONE,NO CHANGE
H3,m84137_260214_004236_s1/230032333/ccs,171,100.0,0,0,0,0,HIGH,VERY HIGH,0,0,NONE,NO CHANGE
H3,m84137_260214_004236_s1/211878398/ccs,171,100.0,0,0,0,0,HIGH,VERY HIGH,0,0,NONE,NO CHANGE
H3,m84137_260214_004236_s1/214695978/ccs,171,100.0,0,0,0,0,HIGH,VERY HIGH,0,0,NONE,NO CHANGE
H3,m84137_260214_004236_s1/235145714/ccs,171,100.0,0,0,0,0,HIGH,VERY HIGH,0,0,NONE,NO CHANGE
H3,m84137_260214_004236_s1/48497324/ccs,171,100.0,0,0,0,0,HIGH,VERY HIGH,0,0,NONE,NO CHANGE
H3,m84137_260214_004236_s1/73466687/ccs,171,100.0,0,0,0,0,HIGH,VERY HIGH,0,0,NONE,NO CHANGE
H3,m84137_260214_004236_s1/66062883/ccs,171,100.0,0,0,0,0,HIGH,VERY HIGH,0,0,NONE,NO CHANGE
H3,m84137_260214_004236_s1/91293275/ccs,171,100.0,0,0,0,0,HIGH,VERY HIGH,0,0,NONE,NO CHANGE
H3,m84137_260214_004236_s1/97192316/ccs,171,100.0,0,0,0,0,HIGH,VERY HIGH,0,0,NONE,NO CHANGE
H3,m84137_260214_004236_s1/118161460/ccs,171,100.0,0,0,0,0,HIGH,VERY HIGH,0,0,NONE,NO CHANGE
H3,m84137_260214_004236_s1/185274008/ccs,171,100.0,0,0,0,0,HIGH,VERY HIGH,0,0,NONE,NO CHANGE
H3,m84137_260214_004236_s1/169609050/ccs,171,100.0,0,0,0,0,HIGH,VERY HIGH,0,0,NONE,NO CHANGE
H3,m84137_260214_004236_s1/197722807/ccs,171,100.0,0,0,0,0,HIGH,VERY HIGH,0,0,NONE,NO CHANGE
H3,m84137_260214_004236_s1/193660339/ccs,171,100.0,0,0,0,0,HIGH,VERY HIGH,0,0,NONE,NO CHANGE
H3,m84137_260214_004236_s1/202310264/ccs,171,100.0,0,0,0,0,HIGH,VERY HIGH,0,0,NONE,NO CHANGE
H3,m84137_260214_004236_s1/202572925/ccs,171,100.0,0,0,0,0,HIGH,VERY HIGH,0,0,NONE,NO CHANGE
H3,m84137_260214_004236_s1/57807484/ccs,171,100.0,0,0,0,0,HIGH,VERY HIGH,0,0,NONE,NO CHANGE
H3,m84137_260214_004236_s1/15732836/ccs,171,100.0,0,0,0,0,HIGH,VERY HIGH,0,0,NONE,NO CHANGE
H3,m84137_260214_004236_s1/72881996/ccs,171,100.0,0,0,0,0,HIGH,VERY HIGH,0,0,NONE,NO CHANGE
H3,m84137_260214_004236_s1/96670811/ccs,171,100.0,0,0,0,0,HIGH,VERY HIGH,0,0,NONE,NO CHANGE
H3,m84137_260214_004236_s1/18355475/ccs,171,100.0,0,0,0,0,HIGH,VERY HIGH,0,0,NONE,NO CHANGE
H3,m84137_260214_004236_s1/265814309/ccs,171,100.0,0,0,0,0,HIGH,VERY HIGH,0,0,NONE,NO CHANGE
H3,m84137_260214_004236_s1/39389482/ccs,171,100.0,0,0,0,0,HIGH,VERY HIGH,0,0,NONE,NO CHANGE
H3,m84137_260214_004236_s1/264307431/ccs,172,99.4186046511628,0,0,0,0,MODERATE,LOW,0,0,NONE,NO CHANGE
H3,m84137_260214_004236_s1/39650847/ccs,174,100.0,0,0,0,0,HIGH,VERY HIGH,0,0,NONE,NO CHANGE
H3,m84137_260214_004236_s1/39654076/ccs,178,96.06741573033707,0,0,0,0,MODERATE,LOW,0,0,NONE,NO CHANGE
H3,m84137_260214_004236_s1/150930623/ccs,172,99.4186046511628,0,0,0,0,HIGH,VERY HIGH,0,0,NONE,NO CHANGE
H3,m84137_260214_004236_s1/250282363/ccs,171,100.0,0,0,0,0,HIGH,VERY HIGH,0,0,NONE,NO CHANGE
H3,m84137_260214_004236_s1/263260574/ccs,173,98.84393063583815,0,0,0,0,HIGH,VERY HIGH,1,5,MINOR,SLIGHTLY REDUCED
H3,m84137_260214_004236_s1/60033788/ccs,174,100.0,0,0,0,0,HIGH,VERY HIGH,0,0,NONE,NO CHANGE
H3,m84137_260214_004236_s1/64028982/ccs,174,100.0,0,0,0,0,HIGH,VERY HIGH,0,0,NONE,NO CHANGE
H3,m84137_260214_004236_s1/65144054/ccs,174,100.0,0,0,0,0,HIGH,VERY HIGH,0,0,NONE,NO CHANGE
H3,m84137_260214_004236_s1/70124182/ccs,174,100.0,0,0,0,0,HIGH,VERY HIGH,0,0,NONE,NO CHANGE
H3,m84137_260214_004236_s1/120787480/ccs,174,100.0,0,0,0,0,HIGH,VERY HIGH,0,0,NONE,NO CHANGE
H3,m84137_260214_004236_s1/42864202/ccs,174,100.0,0,0,0,0,HIGH,VERY HIGH,0,0,NONE,NO CHANGE
H3,m84137_260214_004236_s1/206508202/ccs,174,100.0,0,0,0,0,HIGH,VERY HIGH,0,0,NONE,NO CHANGE
H3,m84137_260214_004236_s1/212667567/ccs,174,100.0,0,0,0,0,HIGH,VERY HIGH,0,0,NONE,NO CHANGE
H3,m84137_260214_004236_s1/232789747/ccs,174,100.0,0,0,0,0,HIGH,VERY HIGH,0,0,NONE,NO CHANGE
H3,m84137_260214_004236_s1/222495458/ccs,174,100.0,0,0,0,0,HIGH,VERY HIGH,0,0,NONE,NO CHANGE
H3,m84137_260214_004236_s1/212533415/ccs,174,100.0,0,0,0,0,HIGH,VERY HIGH,0,0,NONE,NO CHANGE
H3,m84137_260214_004236_s1/236784078/ccs,174,100.0,0,0,0,0,HIGH,VERY HIGH,0,0,NONE,NO CHANGE
H3,m84137_260214_004236_s1/71435561/ccs,174,100.0,0,0,0,0,HIGH,VERY HIGH,0,0,NONE,NO CHANGE
H3,m84137_260214_004236_s1/106955038/ccs,174,100.0,0,0,0,0,HIGH,VERY HIGH,0,0,NONE,NO CHANGE
H3,m84137_260214_004236_s1/144970601/ccs,174,100.0,0,0,0,0,HIGH,VERY HIGH,0,0,NONE,NO CHANGE
H3,m84137_260214_004236_s1/225056489/ccs,174,100.0,0,0,0,0,HIGH,VERY HIGH,0,0,NONE,NO CHANGE
H3,m84137_260214_004236_s1/191301872/ccs,174,100.0,0,0,0,0,HIGH,VERY HIGH,0,0,NONE,NO CHANGE
H3,m84137_260214_004236_s1/175114686/ccs,174,100.0,0,0,0,0,HIGH,VERY HIGH,0,0,NONE,NO CHANGE
H3,m84137_260214_004236_s1/196675084/ccs,174,100.0,0,0,0,0,HIGH,VERY HIGH,0,0,NONE,NO CHANGE
H3,m84137_260214_004236_s1/178847856/ccs,174,100.0,0,0,0,0,HIGH,VERY HIGH,0,0,NONE,NO CHANGE
H3,m84137_260214_004236_s1/208012393/ccs,174,100.0,0,0,0,0,HIGH,VERY HIGH,0,0,NONE,NO CHANGE
H3,m84137_260214_004236_s1/266142156/ccs,174,100.0,0,0,0,0,HIGH,VERY HIGH,0,0,NONE,NO CHANGE
H3,m84137_260214_004236_s1/12259361/ccs,174,100.0,0,0,0,0,HIGH,VERY HIGH,0,0,NONE,NO CHANGE
H3,m84137_260214_004236_s1/251073007/ccs,174,100.0,0,0,0,0,HIGH,VERY HIGH,0,0,NONE,NO CHANGE
H3,m84137_260214_004236_s1/23266782/ccs,174,100.0,0,0,0,0,HIGH,VERY HIGH,0,0,NONE,NO CHANGE
H3,m84137_260214_004236_s1/136775189/ccs,174,100.0,0,0,0,0,HIGH,VERY HIGH,0,0,NONE,NO CHANGE
H3,m84137_260214_004236_s1/155713618/ccs,174,100.0,0,0,0,0,HIGH,VERY HIGH,0,0,NONE,NO CHANGE
H3,m84137_260214_004236_s1/146868373/ccs,174,100.0,0,0,0,0,HIGH,VERY HIGH,0,0,NONE,NO CHANGE
H3,m84137_260214_004236_s1/158205084/ccs,174,100.0,0,0,0,0,HIGH,VERY HIGH,0,0,NONE,NO CHANGE
H3,m84137_260214_004236_s1/232855293/ccs,174,100.0,0,0,0,0,HIGH,VERY HIGH,0,0,NONE,NO CHANGE
H3,m84137_260214_004236_s1/8588260/ccs,174,100.0,0,0,0,0,HIGH,VERY HIGH,0,0,NONE,NO CHANGE
H3,m84137_260214_004236_s1/127206611/ccs,174,100.0,0,0,0,0,HIGH,VERY HIGH,0,0,NONE,NO CHANGE
H3,m84137_260214_004236_s1/188809452/ccs,174,100.0,0,0,0,0,HIGH,VERY HIGH,0,0,NONE,NO CHANGE
H3,m84137_260214_004236_s1/35328235/ccs,174,100.0,0,0,0,0,HIGH,VERY HIGH,0,0,NONE,NO CHANGE
H3,m84137_260214_004236_s1/49747841/ccs,174,100.0,0,0,0,0,HIGH,VERY HIGH,0,0,NONE,NO CHANGE
H3,m84137_260214_004236_s1/108265989/ccs,174,100.0,0,0,0,0,HIGH,VERY HIGH,0,0,NONE,NO CHANGE
H3,m84137_260214_004236_s1/137626695/ccs,174,100.0,0,0,0,0,HIGH,VERY HIGH,0,0,NONE,NO CHANGE
H3,m84137_260214_004236_s1/167905531/ccs,174,100.0,0,0,0,0,HIGH,VERY HIGH,0,0,NONE,NO CHANGE
H3,m84137_260214_004236_s1/161875234/ccs,174,100.0,0,0,0,0,HIGH,VERY HIGH,0,0,NONE,NO CHANGE
H3,m84137_260214_004236_s1/21367287/ccs,174,100.0,0,0,0,0,HIGH,VERY HIGH,0,0,NONE,NO CHANGE
H3,m84137_260214_004236_s1/54788277/ccs,174,100.0,0,0,0,0,HIGH,VERY HIGH,0,0,NONE,NO CHANGE
H3,m84137_260214_004236_s1/68359143/ccs,174,100.0,0,0,0,0,HIGH,VERY HIGH,0,0,NONE,NO CHANGE
H3,m84137_260214_004236_s1/18088468/ccs,174,100.0,0,0,0,0,HIGH,VERY HIGH,0,0,NONE,NO CHANGE
H3,m84137_260214_004236_s1/29559076/ccs,174,100.0,0,0,0,0,HIGH,VERY HIGH,0,0,NONE,NO CHANGE
H3,m84137_260214_004236_s1/100075025/ccs,174,100.0,0,0,0,0,HIGH,VERY HIGH,0,0,NONE,NO CHANGE
H3,m84137_260214_004236_s1/16648644/ccs,174,100.0,0,0,0,0,HIGH,VERY HIGH,0,0,NONE,NO CHANGE
H3,m84137_260214_004236_s1/84741104/ccs,174,100.0,0,0,0,0,HIGH,VERY HIGH,0,0,NONE,NO CHANGE
H3,m84137_260214_004236_s1/219611974/ccs,171,100.0,0,0,0,0,HIGH,VERY HIGH,0,0,NONE,NO CHANGE
H3,m84137_260214_004236_s1/213320448/ccs,174,100.0,0,0,0,0,HIGH,VERY HIGH,0,0,NONE,NO CHANGE
H3,m84137_260214_004236_s1/76285350/ccs,174,100.0,0,0,0,0,HIGH,VERY HIGH,0,0,NONE,NO CHANGE
H3,m84137_260214_004236_s1/82184204/ccs,174,100.0,0,0,0,0,HIGH,VERY HIGH,0,0,NONE,NO CHANGE
H3,m84137_260214_004236_s1/115018753/ccs,174,100.0,0,0,0,0,HIGH,VERY HIGH,0,0,NONE,NO CHANGE
H3,m84137_260214_004236_s1/116397770/ccs,174,100.0,0,0,0,0,HIGH,VERY HIGH,0,0,NONE,NO CHANGE
H3,m84137_260214_004236_s1/185144373/ccs,174,100.0,0,0,0,0,HIGH,VERY HIGH,0,0,NONE,NO CHANGE
H3,m84137_260214_004236_s1/161746201/ccs,174,100.0,0,0,0,0,HIGH,VERY HIGH,0,0,NONE,NO CHANGE
H3,m84137_260214_004236_s1/165613348/ccs,174,100.0,0,0,0,0,HIGH,VERY HIGH,0,0,NONE,NO CHANGE
H3,m84137_260214_004236_s1/149815814/ccs,174,100.0,0,0,0,0,HIGH,VERY HIGH,0,0,NONE,NO CHANGE
H3,m84137_260214_004236_s1/243204472/ccs,174,100.0,0,0,0,0,HIGH,VERY HIGH,0,0,NONE,NO CHANGE
H3,m84137_260214_004236_s1/33756858/ccs,174,100.0,0,0,0,0,HIGH,VERY HIGH,0,0,NONE,NO CHANGE
H3,m84137_260214_004236_s1/25890193/ccs,174,100.0,0,0,0,0,HIGH,VERY HIGH,0,0,NONE,NO CHANGE
H3,m84137_260214_004236_s1/31134866/ccs,174,100.0,0,0,0,0,HIGH,VERY HIGH,0,0,NONE,NO CHANGE
H3,m84137_260214_004236_s1/126621267/ccs,174,100.0,0,0,0,0,HIGH,VERY HIGH,0,0,NONE,NO CHANGE
H3,m84137_260214_004236_s1/102695411/ccs,174,100.0,0,0,0,0,HIGH,VERY HIGH,0,0,NONE,NO CHANGE
H3,m84137_260214_004236_s1/218562922/ccs,170,97.05882352941177,0,0,0,0,MODERATE,LOW,1,5,MINOR,SLIGHTLY REDUCED
H3,m84137_260214_004236_s1/210637471/ccs,175,97.71428571428571,0,0,0,0,MODERATE,LOW,0,0,NONE,NO CHANGE
H3,m84137_260214_004236_s1/13763422/ccs,171,100.0,0,0,0,0,HIGH,VERY HIGH,0,0,NONE,NO CHANGE
H3,m84137_260214_004236_s1/150013122/ccs,171,100.0,0,0,0,0,HIGH,VERY HIGH,0,0,NONE,NO CHANGE
H3,m84137_260214_004236_s1/235999814/ccs,175,99.42857142857143,0,0,0,0,HIGH,VERY HIGH,0,0,NONE,NO CHANGE
H3,m84137_260214_004236_s1/148834804/ccs,175,97.71428571428571,0,0,0,0,HIGH,VERY HIGH,1,5,MINOR,SLIGHTLY REDUCED
H3,m84137_260214_004236_s1/124718254/ccs,172,99.4186046511628,0,0,0,0,HIGH,VERY HIGH,0,0,NONE,NO CHANGE
H3,m84137_260214_004236_s1/122684957/ccs,176,98.86363636363636,0,0,0,0,HIGH,VERY HIGH,0,0,NONE,NO CHANGE
H3,m84137_260214_004236_s1/166201476/ccs,176,95.45454545454545,0,0,0,0,MODERATE,LOW,2,10,MINOR,SLIGHTLY REDUCED
H3,m84137_260214_004236_s1/96209443/ccs,176,98.86363636363636,0,0,0,0,MODERATE,LOW,1,5,MINOR,SLIGHTLY REDUCED
H3,m84137_260214_004236_s1/54198538/ccs,177,100.0,0,0,0,0,HIGH,VERY HIGH,0,0,NONE,NO CHANGE
H3,m84137_260214_004236_s1/61277888/ccs,177,100.0,0,0,0,0,HIGH,VERY HIGH,0,0,NONE,NO CHANGE
H3,m84137_260214_004236_s1/50071590/ccs,177,100.0,0,0,0,0,HIGH,VERY HIGH,0,0,NONE,NO CHANGE
H3,m84137_260214_004236_s1/78123581/ccs,177,100.0,0,0,0,0,HIGH,VERY HIGH,0,0,NONE,NO CHANGE
H3,m84137_260214_004236_s1/89593210/ccs,177,100.0,0,0,0,0,HIGH,VERY HIGH,0,0,NONE,NO CHANGE
H3,m84137_260214_004236_s1/234948245/ccs,177,100.0,0,0,0,0,HIGH,VERY HIGH,0,0,NONE,NO CHANGE
H3,m84137_260214_004236_s1/121835408/ccs,177,100.0,0,0,0,0,HIGH,VERY HIGH,0,0,NONE,NO CHANGE
H3,m84137_260214_004236_s1/212472349/ccs,177,100.0,0,0,0,0,HIGH,VERY HIGH,0,0,NONE,NO CHANGE
H3,m84137_260214_004236_s1/242881768/ccs,177,100.0,0,0,0,0,HIGH,VERY HIGH,0,0,NONE,NO CHANGE
H3,m84137_260214_004236_s1/248843878/ccs,177,100.0,0,0,0,0,HIGH,VERY HIGH,0,0,NONE,NO CHANGE
H3,m84137_260214_004236_s1/79300620/ccs,177,100.0,0,0,0,0,HIGH,VERY HIGH,0,0,NONE,NO CHANGE
H3,m84137_260214_004236_s1/86770354/ccs,177,100.0,0,0,0,0,HIGH,VERY HIGH,0,0,NONE,NO CHANGE
H3,m84137_260214_004236_s1/100796709/ccs,177,100.0,0,0,0,0,HIGH,VERY HIGH,0,0,NONE,NO CHANGE
H3,m84137_260214_004236_s1/168562679/ccs,177,100.0,0,0,0,0,HIGH,VERY HIGH,0,0,NONE,NO CHANGE
H3,m84137_260214_004236_s1/189666020/ccs,177,100.0,0,0,0,0,HIGH,VERY HIGH,0,0,NONE,NO CHANGE
H3,m84137_260214_004236_s1/172560742/ccs,177,100.0,0,0,0,0,HIGH,VERY HIGH,0,0,NONE,NO CHANGE
H3,m84137_260214_004236_s1/199624674/ccs,177,100.0,0,0,0,0,HIGH,VERY HIGH,0,0,NONE,NO CHANGE
H3,m84137_260214_004236_s1/11212208/ccs,177,100.0,0,0,0,0,HIGH,VERY HIGH,0,0,NONE,NO CHANGE
H3,m84137_260214_004236_s1/35197443/ccs,177,100.0,0,0,0,0,HIGH,VERY HIGH,0,0,NONE,NO CHANGE
H3,m84137_260214_004236_s1/25036313/ccs,177,100.0,0,0,0,0,HIGH,VERY HIGH,0,0,NONE,NO CHANGE
H3,m84137_260214_004236_s1/137692739/ccs,177,100.0,0,0,0,0,HIGH,VERY HIGH,0,0,NONE,NO CHANGE
H3,m84137_260214_004236_s1/80805934/ccs,177,100.0,0,0,0,0,HIGH,VERY HIGH,0,0,NONE,NO CHANGE
H3,m84137_260214_004236_s1/201785927/ccs,177,100.0,0,0,0,0,HIGH,VERY HIGH,0,0,NONE,NO CHANGE
H3,m84137_260214_004236_s1/60689476/ccs,177,100.0,0,0,0,0,HIGH,VERY HIGH,0,0,NONE,NO CHANGE
H3,m84137_260214_004236_s1/24052364/ccs,177,100.0,0,0,0,0,HIGH,VERY HIGH,0,0,NONE,NO CHANGE
H3,m84137_260214_004236_s1/166069676/ccs,177,100.0,0,0,0,0,HIGH,VERY HIGH,0,0,NONE,NO CHANGE
H3,m84137_260214_004236_s1/172950616/ccs,177,100.0,0,0,0,0,HIGH,VERY HIGH,0,0,NONE,NO CHANGE
H3,m84137_260214_004236_s1/133631005/ccs,177,100.0,0,0,0,0,HIGH,VERY HIGH,0,0,NONE,NO CHANGE
H3,m84137_260214_004236_s1/125239780/ccs,177,100.0,0,0,0,0,HIGH,VERY HIGH,0,0,NONE,NO CHANGE
H3,m84137_260214_004236_s1/115671585/ccs,177,100.0,0,0,0,0,HIGH,VERY HIGH,0,0,NONE,NO CHANGE
H3,m84137_260214_004236_s1/62325471/ccs,177,100.0,0,0,0,0,HIGH,VERY HIGH,0,0,NONE,NO CHANGE
H3,m84137_260214_004236_s1/48038836/ccs,177,100.0,0,0,0,0,HIGH,VERY HIGH,0,0,NONE,NO CHANGE
H3,m84137_260214_004236_s1/46272493/ccs,177,100.0,0,0,0,0,HIGH,VERY HIGH,0,0,NONE,NO CHANGE
H3,m84137_260214_004236_s1/41356252/ccs,177,100.0,0,0,0,0,HIGH,VERY HIGH,0,0,NONE,NO CHANGE
H3,m84137_260214_004236_s1/223352242/ccs,177,100.0,0,0,0,0,HIGH,VERY HIGH,0,0,NONE,NO CHANGE
H3,m84137_260214_004236_s1/183437644/ccs,177,100.0,0,0,0,0,HIGH,VERY HIGH,0,0,NONE,NO CHANGE
H3,m84137_260214_004236_s1/80478684/ccs,177,100.0,0,0,0,0,HIGH,VERY HIGH,0,0,NONE,NO CHANGE
H3,m84137_260214_004236_s1/246744346/ccs,177,100.0,0,0,0,0,HIGH,VERY HIGH,0,0,NONE,NO CHANGE
H3,m84137_260214_004236_s1/224003995/ccs,178,97.75280898876404,0,0,0,0,HIGH,VERY HIGH,1,5,MINOR,SLIGHTLY REDUCED
H3,m84137_260214_004236_s1/29557749/ccs,179,98.88268156424581,0,0,0,0,HIGH,VERY HIGH,0,0,NONE,NO CHANGE
H3,m84137_260214_004236_s1/183699241/ccs,179,95.53072625698324,0,0,0,0,MODERATE,LOW,2,10,MINOR,SLIGHTLY REDUCED
H3,m84137_260214_004236_s1/170135144/ccs,179,92.17877094972067,0,0,0,0,MODERATE,LOW,2,10,MINOR,SLIGHTLY REDUCED
H3,m84137_260214_004236_s1/92735229/ccs,180,100.0,0,0,0,0,HIGH,VERY HIGH,0,0,NONE,NO CHANGE
H3,m84137_260214_004236_s1/43192506/ccs,180,100.0,0,0,0,0,HIGH,VERY HIGH,0,0,NONE,NO CHANGE
H3,m84137_260214_004236_s1/45553026/ccs,177,100.0,0,0,0,0,HIGH,VERY HIGH,0,0,NONE,NO CHANGE
H3,m84137_260214_004236_s1/248780223/ccs,180,100.0,0,0,0,0,HIGH,VERY HIGH,0,0,NONE,NO CHANGE
H3,m84137_260214_004236_s1/188223104/ccs,180,100.0,0,0,0,0,HIGH,VERY HIGH,0,0,NONE,NO CHANGE
H3,m84137_260214_004236_s1/207815787/ccs,180,100.0,0,0,0,0,HIGH,VERY HIGH,0,0,NONE,NO CHANGE
H3,m84137_260214_004236_s1/247401231/ccs,180,100.0,0,0,0,0,HIGH,VERY HIGH,0,0,NONE,NO CHANGE
H3,m84137_260214_004236_s1/245173170/ccs,177,100.0,0,0,0,0,HIGH,VERY HIGH,0,0,NONE,NO CHANGE
H3,m84137_260214_004236_s1/133958366/ccs,180,100.0,0,0,0,0,HIGH,VERY HIGH,0,0,NONE,NO CHANGE
H3,m84137_260214_004236_s1/169937083/ccs,180,100.0,0,0,0,0,HIGH,VERY HIGH,0,0,NONE,NO CHANGE
H3,m84137_260214_004236_s1/116065214/ccs,180,100.0,0,0,0,0,HIGH,VERY HIGH,0,0,NONE,NO CHANGE
H3,m84137_260214_004236_s1/117184014/ccs,180,100.0,0,0,0,0,HIGH,VERY HIGH,0,0,NONE,NO CHANGE
H3,m84137_260214_004236_s1/27984070/ccs,180,100.0,0,0,0,0,HIGH,VERY HIGH,0,0,NONE,NO CHANGE
H3,m84137_260214_004236_s1/18024962/ccs,180,100.0,0,0,0,0,HIGH,VERY HIGH,0,0,NONE,NO CHANGE
H3,m84137_260214_004236_s1/215616524/ccs,180,100.0,0,0,0,0,HIGH,VERY HIGH,0,0,NONE,NO CHANGE
H3,m84137_260214_004236_s1/21104029/ccs,180,100.0,0,0,0,0,HIGH,VERY HIGH,0,0,NONE,NO CHANGE
H3,m84137_260214_004236_s1/98567638/ccs,180,100.0,0,0,0,0,HIGH,VERY HIGH,0,0,NONE,NO CHANGE
H3,m84137_260214_004236_s1/265688341/ccs,180,100.0,0,0,0,0,HIGH,VERY HIGH,0,0,NONE,NO CHANGE
H3,m84137_260214_004236_s1/200802407/ccs,180,100.0,0,0,0,0,HIGH,VERY HIGH,0,0,NONE,NO CHANGE
H3,m84137_260214_004236_s1/223347070/ccs,180,100.0,0,0,0,0,HIGH,VERY HIGH,0,0,NONE,NO CHANGE
H3,m84137_260214_004236_s1/140646145/ccs,180,100.0,0,0,0,0,HIGH,VERY HIGH,0,0,NONE,NO CHANGE
H3,m84137_260214_004236_s1/197526803/ccs,180,100.0,0,0,0,0,HIGH,VERY HIGH,0,0,NONE,NO CHANGE
H3,m84137_260214_004236_s1/207880309/ccs,180,100.0,0,0,0,0,HIGH,VERY HIGH,0,0,NONE,NO CHANGE
H3,m84137_260214_004236_s1/41880590/ccs,180,100.0,0,0,0,0,HIGH,VERY HIGH,0,0,NONE,NO CHANGE
H3,m84137_260214_004236_s1/12653279/ccs,180,100.0,0,0,0,0,HIGH,VERY HIGH,0,0,NONE,NO CHANGE
H3,m84137_260214_004236_s1/135730152/ccs,180,100.0,0,0,0,0,HIGH,VERY HIGH,0,0,NONE,NO CHANGE
H3,m84137_260214_004236_s1/177734066/ccs,181,97.79005524861878,0,0,0,0,HIGH,VERY HIGH,0,0,NONE,NO CHANGE
H3,m84137_260214_004236_s1/120916783/ccs,177,100.0,0,0,0,0,HIGH,VERY HIGH,0,0,NONE,NO CHANGE
H3,m84137_260214_004236_s1/41948010/ccs,182,95.6043956043956,0,0,0,0,MODERATE,LOW,2,10,MINOR,SLIGHTLY REDUCED
H3,m84137_260214_004236_s1/40045955/ccs,189,100.0,0,0,0,0,HIGH,VERY HIGH,0,0,NONE,NO CHANGE
H3,m84137_260214_004236_s1/89593020/ccs,183,100.0,0,0,0,0,HIGH,VERY HIGH,0,0,NONE,NO CHANGE
H3,m84137_260214_004236_s1/262148911/ccs,183,100.0,0,0,0,0,HIGH,VERY HIGH,0,0,NONE,NO CHANGE
H3,m84137_260214_004236_s1/103416184/ccs,183,100.0,0,0,0,0,HIGH,VERY HIGH,0,0,NONE,NO CHANGE
H3,m84137_260214_004236_s1/134613680/ccs,183,100.0,0,0,0,0,HIGH,VERY HIGH,0,0,NONE,NO CHANGE
H3,m84137_260214_004236_s1/221839900/ccs,183,100.0,0,0,0,0,HIGH,VERY HIGH,0,0,NONE,NO CHANGE
H3,m84137_260214_004236_s1/26806695/ccs,183,100.0,0,0,0,0,HIGH,VERY HIGH,0,0,NONE,NO CHANGE
H3,m84137_260214_004236_s1/113052018/ccs,183,100.0,0,0,0,0,HIGH,VERY HIGH,0,0,NONE,NO CHANGE
H3,m84137_260214_004236_s1/207424070/ccs,183,100.0,0,0,0,0,HIGH,VERY HIGH,0,0,NONE,NO CHANGE
H3,m84137_260214_004236_s1/46208187/ccs,183,100.0,0,0,0,0,HIGH,VERY HIGH,0,0,NONE,NO CHANGE
H3,m84137_260214_004236_s1/190382432/ccs,183,100.0,0,0,0,0,HIGH,VERY HIGH,0,0,NONE,NO CHANGE
H3,m84137_260214_004236_s1/183632186/ccs,183,100.0,0,0,0,0,HIGH,VERY HIGH,0,0,NONE,NO CHANGE
H3,m84137_260214_004236_s1/79303064/ccs,183,100.0,0,0,0,0,HIGH,VERY HIGH,0,0,NONE,NO CHANGE
H3,m84137_260214_004236_s1/50270666/ccs,183,100.0,0,0,0,0,HIGH,VERY HIGH,0,0,NONE,NO CHANGE
H3,m84137_260214_004236_s1/57148721/ccs,186,100.0,0,0,0,0,HIGH,VERY HIGH,0,0,NONE,NO CHANGE
H3,m84137_260214_004236_s1/38405478/ccs,186,100.0,0,0,0,0,HIGH,VERY HIGH,0,0,NONE,NO CHANGE
H3,m84137_260214_004236_s1/138352462/ccs,186,100.0,0,0,0,0,HIGH,VERY HIGH,0,0,NONE,NO CHANGE
H3,m84137_260214_004236_s1/255071961/ccs,186,100.0,0,0,0,0,HIGH,VERY HIGH,0,0,NONE,NO CHANGE
H3,m84137_260214_004236_s1/109906901/ccs,186,100.0,0,0,0,0,HIGH,VERY HIGH,0,0,NONE,NO CHANGE
H3,m84137_260214_004236_s1/132581747/ccs,186,100.0,0,0,0,0,HIGH,VERY HIGH,0,0,NONE,NO CHANGE
H3,m84137_260214_004236_s1/132253918/ccs,186,100.0,0,0,0,0,HIGH,VERY HIGH,0,0,NONE,NO CHANGE
H3,m84137_260214_004236_s1/177997942/ccs,186,100.0,0,0,0,0,HIGH,VERY HIGH,0,0,NONE,NO CHANGE
H3,m84137_260214_004236_s1/64685173/ccs,186,100.0,0,0,0,0,HIGH,VERY HIGH,0,0,NONE,NO CHANGE
H3,m84137_260214_004236_s1/77728220/ccs,186,100.0,0,0,0,0,HIGH,VERY HIGH,0,0,NONE,NO CHANGE
H3,m84137_260214_004236_s1/196411719/ccs,186,100.0,0,0,0,0,HIGH,VERY HIGH,0,0,NONE,NO CHANGE
H3,m84137_260214_004236_s1/19861923/ccs,186,100.0,0,0,0,0,HIGH,VERY HIGH,0,0,NONE,NO CHANGE
H3,m84137_260214_004236_s1/128388647/ccs,188,98.93617021276596,0,0,0,0,HIGH,VERY HIGH,1,5,MINOR,SLIGHTLY REDUCED
H3,m84137_260214_004236_s1/48498471/ccs,189,100.0,0,0,0,0,HIGH,VERY HIGH,0,0,NONE,NO CHANGE
H3,m84137_260214_004236_s1/100339008/ccs,189,100.0,0,0,0,0,HIGH,VERY HIGH,0,0,NONE,NO CHANGE
H3,m84137_260214_004236_s1/262538269/ccs,189,100.0,0,0,0,0,HIGH,VERY HIGH,0,0,NONE,NO CHANGE
H3,m84137_260214_004236_s1/98567840/ccs,189,100.0,0,0,0,0,HIGH,VERY HIGH,0,0,NONE,NO CHANGE
H3,m84137_260214_004236_s1/29753750/ccs,189,100.0,0,0,0,0,HIGH,VERY HIGH,0,0,NONE,NO CHANGE
H3,m84137_260214_004236_s1/216142826/ccs,189,100.0,0,0,0,0,HIGH,VERY HIGH,0,0,NONE,NO CHANGE
H3,m84137_260214_004236_s1/138807831/ccs,189,100.0,0,0,0,0,HIGH,VERY HIGH,0,0,NONE,NO CHANGE
H3,m84137_260214_004236_s1/204279003/ccs,189,100.0,0,0,0,0,HIGH,VERY HIGH,0,0,NONE,NO CHANGE
H3,m84137_260214_004236_s1/228396329/ccs,189,100.0,0,0,0,0,HIGH,VERY HIGH,0,0,NONE,NO CHANGE
H3,m84137_260214_004236_s1/218955966/ccs,189,100.0,0,0,0,0,HIGH,VERY HIGH,0,0,NONE,NO CHANGE
H3,m84137_260214_004236_s1/51252705/ccs,189,100.0,0,0,0,0,HIGH,VERY HIGH,0,0,NONE,NO CHANGE
H3,m84137_260214_004236_s1/204669053/ccs,191,98.95287958115183,0,0,0,0,HIGH,VERY HIGH,1,5,MINOR,SLIGHTLY REDUCED
H3,m84137_260214_004236_s1/135006993/ccs,192,100.0,0,0,0,0,HIGH,VERY HIGH,0,0,NONE,NO CHANGE
H3,m84137_260214_004236_s1/160501347/ccs,192,100.0,0,0,0,0,HIGH,VERY HIGH,0,0,NONE,NO CHANGE
H3,m84137_260214_004236_s1/148379041/ccs,192,100.0,0,0,0,0,HIGH,VERY HIGH,0,0,NONE,NO CHANGE
H3,m84137_260214_004236_s1/134551144/ccs,195,100.0,0,0,0,0,HIGH,VERY HIGH,0,0,NONE,NO CHANGE
H3,m84137_260214_004236_s1/156304268/ccs,195,100.0,0,0,0,0,HIGH,VERY HIGH,0,0,NONE,NO CHANGE
H3,m84137_260214_004236_s1/97783617/ccs,195,100.0,0,0,0,0,HIGH,VERY HIGH,0,0,NONE,NO CHANGE
H3,m84137_260214_004236_s1/126225772/ccs,195,100.0,0,0,0,0,HIGH,VERY HIGH,0,0,NONE,NO CHANGE
H3,m84137_260214_004236_s1/75434731/ccs,198,98.48484848484848,0,0,0,0,MODERATE,LOW,1,5,MINOR,SLIGHTLY REDUCED
H3,m84137_260214_004236_s1/107677684/ccs,198,100.0,0,0,0,0,HIGH,VERY HIGH,0,0,NONE,NO CHANGE
H3,m84137_260214_004236_s1/45811393/ccs,198,100.0,0,0,0,0,HIGH,VERY HIGH,0,0,NONE,NO CHANGE
H3,m84137_260214_004236_s1/212534559/ccs,198,100.0,0,0,0,0,HIGH,VERY HIGH,0,0,NONE,NO CHANGE
H3,m84137_260214_004236_s1/167578569/ccs,198,100.0,0,0,0,0,HIGH,VERY HIGH,0,0,NONE,NO CHANGE
H3,m84137_260214_004236_s1/189335868/ccs,201,100.0,0,0,0,0,VERY HIGH,VERY HIGH,0,0,NONE,NO CHANGE
H3,m84137_260214_004236_s1/127599668/ccs,201,100.0,0,0,0,0,VERY HIGH,VERY HIGH,0,0,NONE,NO CHANGE
H3,m84137_260214_004236_s1/24515774/ccs,201,100.0,0,0,0,0,VERY HIGH,VERY HIGH,0,0,NONE,NO CHANGE
H3,m84137_260214_004236_s1/113183505/ccs,201,100.0,0,0,0,0,VERY HIGH,VERY HIGH,0,0,NONE,NO CHANGE
H3,m84137_260214_004236_s1/18354966/ccs,206,99.02912621359224,0,0,0,0,HIGH,VERY HIGH,1,5,MINOR,SLIGHTLY REDUCED
H3,m84137_260214_004236_s1/212861367/ccs,204,100.0,0,0,0,0,VERY HIGH,VERY HIGH,0,0,NONE,NO CHANGE
H3,m84137_260214_004236_s1/3413356/ccs,207,100.0,0,0,0,0,VERY HIGH,VERY HIGH,0,0,NONE,NO CHANGE
H3,m84137_260214_004236_s1/97583242/ccs,208,99.51923076923077,0,0,0,0,VERY HIGH,VERY HIGH,0,0,NONE,NO CHANGE
H3,m84137_260214_004236_s1/140116111/ccs,209,97.60765550239235,0,0,0,0,MODERATE,LOW,0,0,NONE,NO CHANGE
H3,m84137_260214_004236_s1/156762182/ccs,210,100.0,0,0,0,0,VERY HIGH,VERY HIGH,0,0,NONE,NO CHANGE
H3,m84137_260214_004236_s1/163777077/ccs,210,100.0,0,0,0,0,VERY HIGH,VERY HIGH,0,0,NONE,NO CHANGE
H3,m84137_260214_004236_s1/59643371/ccs,210,100.0,0,0,0,0,VERY HIGH,VERY HIGH,0,0,NONE,NO CHANGE
H3,m84137_260214_004236_s1/221386164/ccs,210,100.0,0,0,0,0,VERY HIGH,VERY HIGH,0,0,NONE,NO CHANGE
H3,m84137_260214_004236_s1/58525692/ccs,213,100.0,0,0,0,0,VERY HIGH,VERY HIGH,0,0,NONE,NO CHANGE
H3,m84137_260214_004236_s1/106631347/ccs,213,100.0,0,0,0,0,VERY HIGH,VERY HIGH,0,0,NONE,NO CHANGE
H3,m84137_260214_004236_s1/6296187/ccs,213,100.0,0,0,0,0,VERY HIGH,VERY HIGH,0,0,NONE,NO CHANGE
H3,m84137_260214_004236_s1/229904154/ccs,213,100.0,0,0,0,0,VERY HIGH,VERY HIGH,0,0,NONE,NO CHANGE
H3,m84137_260214_004236_s1/240588043/ccs,219,100.0,0,0,0,0,VERY HIGH,VERY HIGH,0,0,NONE,NO CHANGE
H3,m84137_260214_004236_s1/179177189/ccs,213,100.0,0,0,0,0,VERY HIGH,VERY HIGH,0,0,NONE,NO CHANGE
H3,m84137_260214_004236_s1/20384177/ccs,219,100.0,0,0,0,0,VERY HIGH,VERY HIGH,0,0,NONE,NO CHANGE
H3,m84137_260214_004236_s1/116197537/ccs,219,100.0,0,0,0,0,VERY HIGH,VERY HIGH,0,0,NONE,NO CHANGE
H3,m84137_260214_004236_s1/234557284/ccs,219,100.0,0,0,0,0,VERY HIGH,VERY HIGH,0,0,NONE,NO CHANGE
H3,m84137_260214_004236_s1/117970048/ccs,219,100.0,0,0,0,0,VERY HIGH,VERY HIGH,0,0,NONE,NO CHANGE
H3,m84137_260214_004236_s1/251073170/ccs,221,99.09502262443439,0,0,0,0,HIGH,VERY HIGH,1,5,MINOR,SLIGHTLY REDUCED
H3,m84137_260214_004236_s1/74452739/ccs,222,100.0,0,0,0,0,VERY HIGH,VERY HIGH,0,0,NONE,NO CHANGE
H3,m84137_260214_004236_s1/133631169/ccs,225,100.0,0,0,0,0,VERY HIGH,VERY HIGH,0,0,NONE,NO CHANGE
H3,m84137_260214_004236_s1/192677533/ccs,225,100.0,0,0,0,0,VERY HIGH,VERY HIGH,0,0,NONE,NO CHANGE
H3,m84137_260214_004236_s1/185797610/ccs,225,100.0,0,0,0,0,VERY HIGH,VERY HIGH,0,0,NONE,NO CHANGE
H3,m84137_260214_004236_s1/105452458/ccs,231,100.0,0,0,0,0,VERY HIGH,VERY HIGH,0,0,NONE,NO CHANGE
H3,m84137_260214_004236_s1/127599881/ccs,231,100.0,0,0,0,0,VERY HIGH,VERY HIGH,0,0,NONE,NO CHANGE
H3,m84137_260214_004236_s1/264243223/ccs,234,100.0,0,0,0,0,VERY HIGH,VERY HIGH,0,0,NONE,NO CHANGE
H3,m84137_260214_004236_s1/6100355/ccs,231,100.0,0,0,0,0,VERY HIGH,VERY HIGH,0,0,NONE,NO CHANGE
H3,m84137_260214_004236_s1/199823393/ccs,231,100.0,0,0,0,0,VERY HIGH,VERY HIGH,0,0,NONE,NO CHANGE
H3,m84137_260214_004236_s1/152245665/ccs,231,100.0,0,0,0,0,VERY HIGH,VERY HIGH,0,0,NONE,NO CHANGE
H3,m84137_260214_004236_s1/37686539/ccs,231,100.0,0,0,0,0,VERY HIGH,VERY HIGH,0,0,NONE,NO CHANGE
H3,m84137_260214_004236_s1/148964628/ccs,234,100.0,0,0,0,0,VERY HIGH,VERY HIGH,0,0,NONE,NO CHANGE
H3,m84137_260214_004236_s1/46929418/ccs,234,100.0,0,0,0,0,VERY HIGH,VERY HIGH,0,0,NONE,NO CHANGE
H3,m84137_260214_004236_s1/54268987/ccs,235,98.29787234042553,0,0,0,0,HIGH,VERY HIGH,1,5,MINOR,SLIGHTLY REDUCED
H3,m84137_260214_004236_s1/142019108/ccs,240,100.0,0,0,0,0,VERY HIGH,VERY HIGH,0,0,NONE,NO CHANGE
H3,m84137_260214_004236_s1/9242481/ccs,240,100.0,0,0,0,0,VERY HIGH,VERY HIGH,0,0,NONE,NO CHANGE
H3,m84137_260214_004236_s1/188481767/ccs,240,100.0,0,0,0,0,VERY HIGH,VERY HIGH,0,0,NONE,NO CHANGE
H3,m84137_260214_004236_s1/116261403/ccs,249,100.0,0,0,0,0,VERY HIGH,VERY HIGH,0,0,NONE,NO CHANGE
H3,m84137_260214_004236_s1/215157149/ccs,249,100.0,0,0,0,0,VERY HIGH,VERY HIGH,0,0,NONE,NO CHANGE
H3,m84137_260214_004236_s1/201069480/ccs,252,100.0,0,0,0,0,VERY HIGH,VERY HIGH,0,0,NONE,NO CHANGE
H3,m84137_260214_004236_s1/52301647/ccs,261,100.0,0,0,0,0,VERY HIGH,VERY HIGH,0,0,NONE,NO CHANGE
H3,m84137_260214_004236_s1/227934557/ccs,273,100.0,0,0,0,0,VERY HIGH,VERY HIGH,0,0,NONE,NO CHANGE
H3,m84137_260214_004236_s1/189009428/ccs,276,100.0,0,0,0,0,VERY HIGH,VERY HIGH,0,0,NONE,NO CHANGE
H3,m84137_260214_004236_s1/110560463/ccs,288,100.0,0,0,0,0,VERY HIGH,VERY HIGH,0,0,NONE,NO CHANGE
H3,m84137_260214_004236_s1/87819391/ccs,300,100.0,0,0,0,0,VERY HIGH,VERY HIGH,0,0,NONE,NO CHANGE
H3,m84137_260214_004236_s1/65213815/ccs,339,100.0,0,0,0,0,VERY HIGH,VERY HIGH,0,0,NONE,NO CHANGE
H3,m84137_260214_004236_s1/151062356/ccs,348,100.0,0,0,0,0,VERY HIGH,VERY HIGH,0,0,NONE,NO CHANGE
H3,m84137_260214_004236_s1/196608667/ccs,378,100.0,0,0,0,0,VERY HIGH,VERY HIGH,0,0,NONE,NO CHANGE
H3,m84137_260214_004236_s1/256970128/ccs,387,100.0,0,0,0,0,VERY HIGH,VERY HIGH,0,0,NONE,NO CHANGE
H3,m84137_260214_004236_s1/254804426/ccs,396,100.0,0,0,0,0,VERY HIGH,VERY HIGH,0,0,NONE,NO CHANGE
H3,m84137_260214_004236_s1/241634792/ccs,456,100.0,0,0,0,0,VERY HIGH,VERY HIGH,0,0,NONE,NO CHANGE
H3,m84137_260214_004236_s1/192089354/ccs,528,100.0,0,0,0,0,VERY HIGH,VERY HIGH,0,0,NONE,NO CHANGE
H3,m84137_260214_004236_s1/40372646/ccs,722,98.06094182825484,0,0,0,0,VERY HIGH,VERY HIGH,5,25,MINOR,SLIGHTLY REDUCED
H3,m84137_260214_004236_s1/83953386/ccs,1029,100.0,0,0,0,0,VERY HIGH,VERY HIGH,0,0,NONE,NO CHANGE
H3,m84137_260214_004236_s1/65142949/ccs,1688,99.88151658767772,0,0,0,0,VERY HIGH,VERY HIGH,1,5,MINOR,SLIGHTLY REDUCED
H3,m84137_260214_004236_s1/114360859/ccs,3235,99.69088098918083,0,0,0,0,VERY HIGH,VERY HIGH,5,25,MINOR,SLIGHTLY REDUCED
H3,m84137_260214_004236_s1/153878978/ccs,154,87.66233766233766,0,0,0,0,LOW-MODERATE,LOW,0,0,NONE,NO CHANGE
H3,m84137_260214_004236_s1/20579296/ccs,171,84.21052631578947,0,0,0,0,LOW-MODERATE,LOW,1,5,MINOR,SLIGHTLY REDUCED
H3,m84137_260214_004236_s1/17175118/ccs,176,92.04545454545455,0,0,0,0,MODERATE,LOW,3,15,MINOR,SLIGHTLY REDUCED
H3,m84137_260214_004236_s1/9241287/ccs,168,96.42857142857143,0,0,0,0,HIGH,VERY HIGH,0,0,NONE,NO CHANGE
H3,m84137_260214_004236_s1/39063667/ccs,159,100.0,0,0,0,0,HIGH,VERY HIGH,0,0,NONE,NO CHANGE
H3,m84137_260214_004236_s1/11605208/ccs,164,98.78048780487805,0,0,0,0,HIGH,VERY HIGH,0,0,NONE,NO CHANGE
H3,m84137_260214_004236_s1/101387795/ccs,165,100.0,0,0,0,0,HIGH,VERY HIGH,0,0,NONE,NO CHANGE
H3,m84137_260214_004236_s1/61014672/ccs,165,100.0,0,0,0,0,HIGH,VERY HIGH,0,0,NONE,NO CHANGE
H3,m84137_260214_004236_s1/49218146/ccs,165,100.0,0,0,0,0,HIGH,VERY HIGH,0,0,NONE,NO CHANGE
H3,m84137_260214_004236_s1/182060327/ccs,165,100.0,0,0,0,0,HIGH,VERY HIGH,0,0,NONE,NO CHANGE
H3,m84137_260214_004236_s1/258739134/ccs,165,100.0,0,0,0,0,HIGH,VERY HIGH,0,0,NONE,NO CHANGE
H3,m84137_260214_004236_s1/204805146/ccs,165,100.0,0,0,0,0,HIGH,VERY HIGH,0,0,NONE,NO CHANGE
H3,m84137_260214_004236_s1/34866722/ccs,165,100.0,0,0,0,0,HIGH,VERY HIGH,0,0,NONE,NO CHANGE
H3,m84137_260214_004236_s1/58525630/ccs,165,100.0,0,0,0,0,HIGH,VERY HIGH,0,0,NONE,NO CHANGE
H3,m84137_260214_004236_s1/46467991/ccs,165,100.0,0,0,0,0,HIGH,VERY HIGH,0,0,NONE,NO CHANGE
H3,m84137_260214_004236_s1/46795274/ccs,165,100.0,0,0,0,0,HIGH,VERY HIGH,0,0,NONE,NO CHANGE
H3,m84137_260214_004236_s1/91621794/ccs,165,100.0,0,0,0,0,HIGH,VERY HIGH,0,0,NONE,NO CHANGE
H3,m84137_260214_004236_s1/99748696/ccs,165,100.0,0,0,0,0,HIGH,VERY HIGH,0,0,NONE,NO CHANGE
H3,m84137_260214_004236_s1/240194285/ccs,165,100.0,0,0,0,0,HIGH,VERY HIGH,0,0,NONE,NO CHANGE
H3,m84137_260214_004236_s1/128974986/ccs,165,100.0,0,0,0,0,HIGH,VERY HIGH,0,0,NONE,NO CHANGE
H3,m84137_260214_004236_s1/141165303/ccs,165,100.0,0,0,0,0,HIGH,VERY HIGH,0,0,NONE,NO CHANGE
H3,m84137_260214_004236_s1/161942256/ccs,165,100.0,0,0,0,0,HIGH,VERY HIGH,0,0,NONE,NO CHANGE
H3,m84137_260214_004236_s1/188219443/ccs,165,100.0,0,0,0,0,HIGH,VERY HIGH,0,0,NONE,NO CHANGE
H3,m84137_260214_004236_s1/191955118/ccs,165,100.0,0,0,0,0,HIGH,VERY HIGH,0,0,NONE,NO CHANGE
H3,m84137_260214_004236_s1/197918876/ccs,165,100.0,0,0,0,0,HIGH,VERY HIGH,0,0,NONE,NO CHANGE
H3,m84137_260214_004236_s1/177408124/ccs,165,100.0,0,0,0,0,HIGH,VERY HIGH,0,0,NONE,NO CHANGE
H3,m84137_260214_004236_s1/198313326/ccs,165,100.0,0,0,0,0,HIGH,VERY HIGH,0,0,NONE,NO CHANGE
H3,m84137_260214_004236_s1/207555176/ccs,165,100.0,0,0,0,0,HIGH,VERY HIGH,0,0,NONE,NO CHANGE
H3,m84137_260214_004236_s1/208669587/ccs,165,100.0,0,0,0,0,HIGH,VERY HIGH,0,0,NONE,NO CHANGE
H3,m84137_260214_004236_s1/209126825/ccs,165,100.0,0,0,0,0,HIGH,VERY HIGH,0,0,NONE,NO CHANGE
H3,m84137_260214_004236_s1/230820423/ccs,165,100.0,0,0,0,0,HIGH,VERY HIGH,0,0,NONE,NO CHANGE
H3,m84137_260214_004236_s1/252577592/ccs,165,100.0,0,0,0,0,HIGH,VERY HIGH,0,0,NONE,NO CHANGE
H3,m84137_260214_004236_s1/236980126/ccs,165,100.0,0,0,0,0,HIGH,VERY HIGH,0,0,NONE,NO CHANGE
H3,m84137_260214_004236_s1/239076144/ccs,165,100.0,0,0,0,0,HIGH,VERY HIGH,0,0,NONE,NO CHANGE
H3,m84137_260214_004236_s1/246220495/ccs,165,100.0,0,0,0,0,HIGH,VERY HIGH,0,0,NONE,NO CHANGE
H3,m84137_260214_004236_s1/12063961/ccs,165,100.0,0,0,0,0,HIGH,VERY HIGH,0,0,NONE,NO CHANGE
H3,m84137_260214_004236_s1/53613755/ccs,165,100.0,0,0,0,0,HIGH,VERY HIGH,0,0,NONE,NO CHANGE
H3,m84137_260214_004236_s1/45946094/ccs,165,100.0,0,0,0,0,HIGH,VERY HIGH,0,0,NONE,NO CHANGE
H3,m84137_260214_004236_s1/96996872/ccs,165,100.0,0,0,0,0,HIGH,VERY HIGH,0,0,NONE,NO CHANGE
H3,m84137_260214_004236_s1/111874529/ccs,165,100.0,0,0,0,0,HIGH,VERY HIGH,0,0,NONE,NO CHANGE
H3,m84137_260214_004236_s1/113383297/ccs,165,100.0,0,0,0,0,HIGH,VERY HIGH,0,0,NONE,NO CHANGE
H3,m84137_260214_004236_s1/137434470/ccs,165,100.0,0,0,0,0,HIGH,VERY HIGH,0,0,NONE,NO CHANGE
H3,m84137_260214_004236_s1/226430040/ccs,165,100.0,0,0,0,0,HIGH,VERY HIGH,0,0,NONE,NO CHANGE
H3,m84137_260214_004236_s1/183112346/ccs,165,100.0,0,0,0,0,HIGH,VERY HIGH,0,0,NONE,NO CHANGE
H3,m84137_260214_004236_s1/183243612/ccs,165,100.0,0,0,0,0,HIGH,VERY HIGH,0,0,NONE,NO CHANGE
H3,m84137_260214_004236_s1/228396738/ccs,165,100.0,0,0,0,0,HIGH,VERY HIGH,0,0,NONE,NO CHANGE
H3,m84137_260214_004236_s1/230887872/ccs,165,100.0,0,0,0,0,HIGH,VERY HIGH,0,0,NONE,NO CHANGE
H3,m84137_260214_004236_s1/231478789/ccs,165,100.0,0,0,0,0,HIGH,VERY HIGH,0,0,NONE,NO CHANGE
H3,m84137_260214_004236_s1/244845892/ccs,165,100.0,0,0,0,0,HIGH,VERY HIGH,0,0,NONE,NO CHANGE
H3,m84137_260214_004236_s1/248190641/ccs,165,100.0,0,0,0,0,HIGH,VERY HIGH,0,0,NONE,NO CHANGE
H3,m84137_260214_004236_s1/249893694/ccs,165,100.0,0,0,0,0,HIGH,VERY HIGH,0,0,NONE,NO CHANGE
H3,m84137_260214_004236_s1/74516161/ccs,165,100.0,0,0,0,0,HIGH,VERY HIGH,0,0,NONE,NO CHANGE
H3,m84137_260214_004236_s1/85395624/ccs,165,100.0,0,0,0,0,HIGH,VERY HIGH,0,0,NONE,NO CHANGE
H3,m84137_260214_004236_s1/75696202/ccs,165,100.0,0,0,0,0,HIGH,VERY HIGH,0,0,NONE,NO CHANGE
H3,m84137_260214_004236_s1/179438909/ccs,165,100.0,0,0,0,0,HIGH,VERY HIGH,0,0,NONE,NO CHANGE
H3,m84137_260214_004236_s1/72748226/ccs,165,100.0,0,0,0,0,HIGH,VERY HIGH,0,0,NONE,NO CHANGE
H3,m84137_260214_004236_s1/168301844/ccs,165,100.0,0,0,0,0,HIGH,VERY HIGH,0,0,NONE,NO CHANGE
H3,m84137_260214_004236_s1/207230057/ccs,165,100.0,0,0,0,0,HIGH,VERY HIGH,0,0,NONE,NO CHANGE
H3,m84137_260214_004236_s1/214110615/ccs,165,100.0,0,0,0,0,HIGH,VERY HIGH,0,0,NONE,NO CHANGE
H3,m84137_260214_004236_s1/88346624/ccs,165,100.0,0,0,0,0,HIGH,VERY HIGH,0,0,NONE,NO CHANGE
H3,m84137_260214_004236_s1/137561439/ccs,165,100.0,0,0,0,0,HIGH,VERY HIGH,0,0,NONE,NO CHANGE
H3,m84137_260214_004236_s1/144774814/ccs,165,100.0,0,0,0,0,HIGH,VERY HIGH,0,0,NONE,NO CHANGE
H3,m84137_260214_004236_s1/92344121/ccs,165,100.0,0,0,0,0,HIGH,VERY HIGH,0,0,NONE,NO CHANGE
H3,m84137_260214_004236_s1/134746391/ccs,165,100.0,0,0,0,0,HIGH,VERY HIGH,0,0,NONE,NO CHANGE
H3,m84137_260214_004236_s1/238229184/ccs,165,100.0,0,0,0,0,HIGH,VERY HIGH,0,0,NONE,NO CHANGE
H3,m84137_260214_004236_s1/142279923/ccs,164,98.78048780487805,0,0,0,0,HIGH,VERY HIGH,1,5,MINOR,SLIGHTLY REDUCED
H3,m84137_260214_004236_s1/196806554/ccs,165,100.0,0,0,0,0,HIGH,VERY HIGH,0,0,NONE,NO CHANGE
H3,m84137_260214_004236_s1/195429818/ccs,165,100.0,0,0,0,0,HIGH,VERY HIGH,0,0,NONE,NO CHANGE
H3,m84137_260214_004236_s1/21173168/ccs,165,100.0,0,0,0,0,HIGH,VERY HIGH,0,0,NONE,NO CHANGE
H3,m84137_260214_004236_s1/14816379/ccs,165,100.0,0,0,0,0,HIGH,VERY HIGH,0,0,NONE,NO CHANGE
H3,m84137_260214_004236_s1/78122151/ccs,165,100.0,0,0,0,0,HIGH,VERY HIGH,0,0,NONE,NO CHANGE
H3,m84137_260214_004236_s1/18220557/ccs,165,100.0,0,0,0,0,HIGH,VERY HIGH,0,0,NONE,NO CHANGE
H3,m84137_260214_004236_s1/29230213/ccs,165,100.0,0,0,0,0,HIGH,VERY HIGH,0,0,NONE,NO CHANGE
H3,m84137_260214_004236_s1/13697340/ccs,165,100.0,0,0,0,0,HIGH,VERY HIGH,0,0,NONE,NO CHANGE
H3,m84137_260214_004236_s1/8981106/ccs,165,100.0,0,0,0,0,HIGH,VERY HIGH,0,0,NONE,NO CHANGE
H3,m84137_260214_004236_s1/66718450/ccs,165,100.0,0,0,0,0,HIGH,VERY HIGH,0,0,NONE,NO CHANGE
H3,m84137_260214_004236_s1/85918283/ccs,165,100.0,0,0,0,0,HIGH,VERY HIGH,0,0,NONE,NO CHANGE
H3,m84137_260214_004236_s1/78643515/ccs,165,100.0,0,0,0,0,HIGH,VERY HIGH,0,0,NONE,NO CHANGE
H3,m84137_260214_004236_s1/93652830/ccs,165,100.0,0,0,0,0,HIGH,VERY HIGH,0,0,NONE,NO CHANGE
H3,m84137_260214_004236_s1/108857600/ccs,165,100.0,0,0,0,0,HIGH,VERY HIGH,0,0,NONE,NO CHANGE
H3,m84137_260214_004236_s1/115081421/ccs,165,100.0,0,0,0,0,HIGH,VERY HIGH,0,0,NONE,NO CHANGE
H3,m84137_260214_004236_s1/115869254/ccs,165,100.0,0,0,0,0,HIGH,VERY HIGH,0,0,NONE,NO CHANGE
H3,m84137_260214_004236_s1/168167950/ccs,165,100.0,0,0,0,0,HIGH,VERY HIGH,0,0,NONE,NO CHANGE
H3,m84137_260214_004236_s1/218302460/ccs,165,100.0,0,0,0,0,HIGH,VERY HIGH,0,0,NONE,NO CHANGE
H3,m84137_260214_004236_s1/220398392/ccs,165,100.0,0,0,0,0,HIGH,VERY HIGH,0,0,NONE,NO CHANGE
H3,m84137_260214_004236_s1/221447608/ccs,165,100.0,0,0,0,0,HIGH,VERY HIGH,0,0,NONE,NO CHANGE
H3,m84137_260214_004236_s1/264111250/ccs,165,100.0,0,0,0,0,HIGH,VERY HIGH,0,0,NONE,NO CHANGE
H3,m84137_260214_004236_s1/246285223/ccs,165,100.0,0,0,0,0,HIGH,VERY HIGH,0,0,NONE,NO CHANGE
H3,m84137_260214_004236_s1/264963614/ccs,165,100.0,0,0,0,0,HIGH,VERY HIGH,0,0,NONE,NO CHANGE
H3,m84137_260214_004236_s1/24975125/ccs,165,100.0,0,0,0,0,HIGH,VERY HIGH,0,0,NONE,NO CHANGE
H3,m84137_260214_004236_s1/9245169/ccs,165,100.0,0,0,0,0,HIGH,VERY HIGH,0,0,NONE,NO CHANGE
H3,m84137_260214_004236_s1/72882047/ccs,165,100.0,0,0,0,0,HIGH,VERY HIGH,0,0,NONE,NO CHANGE
H3,m84137_260214_004236_s1/76223213/ccs,165,100.0,0,0,0,0,HIGH,VERY HIGH,0,0,NONE,NO CHANGE
H3,m84137_260214_004236_s1/96604863/ccs,165,100.0,0,0,0,0,HIGH,VERY HIGH,0,0,NONE,NO CHANGE
H3,m84137_260214_004236_s1/125702498/ccs,165,100.0,0,0,0,0,HIGH,VERY HIGH,0,0,NONE,NO CHANGE
H3,m84137_260214_004236_s1/126029736/ccs,165,100.0,0,0,0,0,HIGH,VERY HIGH,0,0,NONE,NO CHANGE
H3,m84137_260214_004236_s1/141955557/ccs,165,100.0,0,0,0,0,HIGH,VERY HIGH,0,0,NONE,NO CHANGE
H3,m84137_260214_004236_s1/143397354/ccs,165,100.0,0,0,0,0,HIGH,VERY HIGH,0,0,NONE,NO CHANGE
H3,m84137_260214_004236_s1/143199557/ccs,165,100.0,0,0,0,0,HIGH,VERY HIGH,0,0,NONE,NO CHANGE
H3,m84137_260214_004236_s1/220665136/ccs,165,100.0,0,0,0,0,HIGH,VERY HIGH,0,0,NONE,NO CHANGE
H3,m84137_260214_004236_s1/224072303/ccs,165,100.0,0,0,0,0,HIGH,VERY HIGH,0,0,NONE,NO CHANGE
H3,m84137_260214_004236_s1/224727302/ccs,165,100.0,0,0,0,0,HIGH,VERY HIGH,0,0,NONE,NO CHANGE
H3,m84137_260214_004236_s1/181932328/ccs,165,100.0,0,0,0,0,HIGH,VERY HIGH,0,0,NONE,NO CHANGE
H3,m84137_260214_004236_s1/243077455/ccs,165,100.0,0,0,0,0,HIGH,VERY HIGH,0,0,NONE,NO CHANGE
H3,m84137_260214_004236_s1/99224524/ccs,165,100.0,0,0,0,0,HIGH,VERY HIGH,0,0,NONE,NO CHANGE
H3,m84137_260214_004236_s1/169739575/ccs,165,100.0,0,0,0,0,HIGH,VERY HIGH,0,0,NONE,NO CHANGE
H3,m84137_260214_004236_s1/129504081/ccs,165,100.0,0,0,0,0,HIGH,VERY HIGH,0,0,NONE,NO CHANGE
H3,m84137_260214_004236_s1/201330678/ccs,165,100.0,0,0,0,0,HIGH,VERY HIGH,0,0,NONE,NO CHANGE
H3,m84137_260214_004236_s1/211422977/ccs,165,100.0,0,0,0,0,HIGH,VERY HIGH,0,0,NONE,NO CHANGE
H3,m84137_260214_004236_s1/209652480/ccs,165,100.0,0,0,0,0,HIGH,VERY HIGH,0,0,NONE,NO CHANGE
H3,m84137_260214_004236_s1/253428658/ccs,160,97.5,0,0,0,0,MODERATE,LOW,1,5,MINOR,SLIGHTLY REDUCED
H3,m84137_260214_004236_s1/170919652/ccs,165,100.0,0,0,0,0,HIGH,VERY HIGH,0,0,NONE,NO CHANGE
H3,m84137_260214_004236_s1/133104628/ccs,165,100.0,0,0,0,0,HIGH,VERY HIGH,0,0,NONE,NO CHANGE
H3,m84137_260214_004236_s1/66849233/ccs,165,100.0,0,0,0,0,HIGH,VERY HIGH,0,0,NONE,NO CHANGE
H3,m84137_260214_004236_s1/77793647/ccs,165,100.0,0,0,0,0,HIGH,VERY HIGH,0,0,NONE,NO CHANGE
H3,m84137_260214_004236_s1/253952346/ccs,165,100.0,0,0,0,0,HIGH,VERY HIGH,0,0,NONE,NO CHANGE
H3,m84137_260214_004236_s1/178128936/ccs,165,100.0,0,0,0,0,HIGH,VERY HIGH,0,0,NONE,NO CHANGE
H3,m84137_260214_004236_s1/228331482/ccs,165,100.0,0,0,0,0,HIGH,VERY HIGH,0,0,NONE,NO CHANGE
H3,m84137_260214_004236_s1/73139697/ccs,166,99.3975903614458,0,0,0,0,HIGH,VERY HIGH,0,0,NONE,NO CHANGE
H3,m84137_260214_004236_s1/66127677/ccs,166,97.59036144578313,0,0,0,0,HIGH,VERY HIGH,1,5,MINOR,SLIGHTLY REDUCED
H3,m84137_260214_004236_s1/33361263/ccs,166,97.59036144578313,0,0,0,0,HIGH,VERY HIGH,1,5,MINOR,SLIGHTLY REDUCED
H3,m84137_260214_004236_s1/52102251/ccs,166,97.59036144578313,0,0,0,0,MODERATE,LOW,0,0,NONE,NO CHANGE
H3,m84137_260214_004236_s1/155520328/ccs,166,99.3975903614458,0,0,0,0,HIGH,VERY HIGH,0,0,NONE,NO CHANGE
H3,m84137_260214_004236_s1/267256524/ccs,167,98.80239520958084,0,0,0,0,HIGH,VERY HIGH,0,0,NONE,NO CHANGE
H3,m84137_260214_004236_s1/120853670/ccs,167,98.80239520958084,0,0,0,0,HIGH,VERY HIGH,1,5,MINOR,SLIGHTLY REDUCED
H3,m84137_260214_004236_s1/131928063/ccs,168,100.0,0,0,0,0,HIGH,VERY HIGH,0,0,NONE,NO CHANGE
H3,m84137_260214_004236_s1/83629820/ccs,168,100.0,0,0,0,0,HIGH,VERY HIGH,0,0,NONE,NO CHANGE
H3,m84137_260214_004236_s1/70714020/ccs,168,100.0,0,0,0,0,HIGH,VERY HIGH,0,0,NONE,NO CHANGE
H3,m84137_260214_004236_s1/89129790/ccs,168,100.0,0,0,0,0,HIGH,VERY HIGH,0,0,NONE,NO CHANGE
H3,m84137_260214_004236_s1/102433371/ccs,168,100.0,0,0,0,0,HIGH,VERY HIGH,0,0,NONE,NO CHANGE
H3,m84137_260214_004236_s1/109250625/ccs,168,100.0,0,0,0,0,HIGH,VERY HIGH,0,0,NONE,NO CHANGE
H3,m84137_260214_004236_s1/105579940/ccs,168,100.0,0,0,0,0,HIGH,VERY HIGH,0,0,NONE,NO CHANGE
H3,m84137_260214_004236_s1/113444533/ccs,168,100.0,0,0,0,0,HIGH,VERY HIGH,0,0,NONE,NO CHANGE
H3,m84137_260214_004236_s1/151849857/ccs,168,100.0,0,0,0,0,HIGH,VERY HIGH,0,0,NONE,NO CHANGE
H3,m84137_260214_004236_s1/140575530/ccs,168,100.0,0,0,0,0,HIGH,VERY HIGH,0,0,NONE,NO CHANGE
H3,m84137_260214_004236_s1/162595348/ccs,168,100.0,0,0,0,0,HIGH,VERY HIGH,0,0,NONE,NO CHANGE
H3,m84137_260214_004236_s1/222625999/ccs,168,100.0,0,0,0,0,HIGH,VERY HIGH,0,0,NONE,NO CHANGE
H3,m84137_260214_004236_s1/213778685/ccs,168,100.0,0,0,0,0,HIGH,VERY HIGH,0,0,NONE,NO CHANGE
H3,m84137_260214_004236_s1/244713401/ccs,168,100.0,0,0,0,0,HIGH,VERY HIGH,0,0,NONE,NO CHANGE
H3,m84137_260214_004236_s1/3477617/ccs,168,100.0,0,0,0,0,HIGH,VERY HIGH,0,0,NONE,NO CHANGE
H3,m84137_260214_004236_s1/249365034/ccs,168,100.0,0,0,0,0,HIGH,VERY HIGH,0,0,NONE,NO CHANGE
H3,m84137_260214_004236_s1/250743647/ccs,168,100.0,0,0,0,0,HIGH,VERY HIGH,0,0,NONE,NO CHANGE
H3,m84137_260214_004236_s1/11408685/ccs,168,100.0,0,0,0,0,HIGH,VERY HIGH,0,0,NONE,NO CHANGE
H3,m84137_260214_004236_s1/68294507/ccs,168,100.0,0,0,0,0,HIGH,VERY HIGH,0,0,NONE,NO CHANGE
H3,m84137_260214_004236_s1/73470875/ccs,168,100.0,0,0,0,0,HIGH,VERY HIGH,0,0,NONE,NO CHANGE
H3,m84137_260214_004236_s1/125703539/ccs,168,100.0,0,0,0,0,HIGH,VERY HIGH,0,0,NONE,NO CHANGE
H3,m84137_260214_004236_s1/110236700/ccs,168,100.0,0,0,0,0,HIGH,VERY HIGH,0,0,NONE,NO CHANGE
H3,m84137_260214_004236_s1/137169964/ccs,168,100.0,0,0,0,0,HIGH,VERY HIGH,0,0,NONE,NO CHANGE
H3,m84137_260214_004236_s1/144643218/ccs,168,100.0,0,0,0,0,HIGH,VERY HIGH,0,0,NONE,NO CHANGE
H3,m84137_260214_004236_s1/174789944/ccs,168,100.0,0,0,0,0,HIGH,VERY HIGH,0,0,NONE,NO CHANGE
H3,m84137_260214_004236_s1/178523241/ccs,168,100.0,0,0,0,0,HIGH,VERY HIGH,0,0,NONE,NO CHANGE
H3,m84137_260214_004236_s1/220859829/ccs,168,100.0,0,0,0,0,HIGH,VERY HIGH,0,0,NONE,NO CHANGE
H3,m84137_260214_004236_s1/206114347/ccs,168,100.0,0,0,0,0,HIGH,VERY HIGH,0,0,NONE,NO CHANGE
H3,m84137_260214_004236_s1/253891911/ccs,168,100.0,0,0,0,0,HIGH,VERY HIGH,0,0,NONE,NO CHANGE
H3,m84137_260214_004236_s1/215487321/ccs,168,100.0,0,0,0,0,HIGH,VERY HIGH,0,0,NONE,NO CHANGE
H3,m84137_260214_004236_s1/210763869/ccs,168,100.0,0,0,0,0,HIGH,VERY HIGH,0,0,NONE,NO CHANGE
H3,m84137_260214_004236_s1/246418003/ccs,168,100.0,0,0,0,0,HIGH,VERY HIGH,0,0,NONE,NO CHANGE
H3,m84137_260214_004236_s1/152768599/ccs,168,100.0,0,0,0,0,HIGH,VERY HIGH,0,0,NONE,NO CHANGE
H3,m84137_260214_004236_s1/47321151/ccs,168,100.0,0,0,0,0,HIGH,VERY HIGH,0,0,NONE,NO CHANGE
H3,m84137_260214_004236_s1/77533705/ccs,168,100.0,0,0,0,0,HIGH,VERY HIGH,0,0,NONE,NO CHANGE
H3,m84137_260214_004236_s1/265815010/ccs,171,100.0,0,0,0,0,HIGH,VERY HIGH,0,0,NONE,NO CHANGE
H3,m84137_260214_004236_s1/63444072/ccs,168,100.0,0,0,0,0,HIGH,VERY HIGH,0,0,NONE,NO CHANGE
H3,m84137_260214_004236_s1/25690722/ccs,168,100.0,0,0,0,0,HIGH,VERY HIGH,0,0,NONE,NO CHANGE
H3,m84137_260214_004236_s1/57082055/ccs,168,100.0,0,0,0,0,HIGH,VERY HIGH,0,0,NONE,NO CHANGE
H3,m84137_260214_004236_s1/44173289/ccs,168,100.0,0,0,0,0,HIGH,VERY HIGH,0,0,NONE,NO CHANGE
H3,m84137_260214_004236_s1/75432748/ccs,168,100.0,0,0,0,0,HIGH,VERY HIGH,0,0,NONE,NO CHANGE
H3,m84137_260214_004236_s1/197395930/ccs,168,100.0,0,0,0,0,HIGH,VERY HIGH,0,0,NONE,NO CHANGE
H3,m84137_260214_004236_s1/162928083/ccs,168,100.0,0,0,0,0,HIGH,VERY HIGH,0,0,NONE,NO CHANGE
H3,m84137_260214_004236_s1/23790099/ccs,168,100.0,0,0,0,0,HIGH,VERY HIGH,0,0,NONE,NO CHANGE
H3,m84137_260214_004236_s1/24053802/ccs,168,100.0,0,0,0,0,HIGH,VERY HIGH,0,0,NONE,NO CHANGE
H3,m84137_260214_004236_s1/50397737/ccs,165,100.0,0,0,0,0,HIGH,VERY HIGH,0,0,NONE,NO CHANGE
H3,m84137_260214_004236_s1/59769514/ccs,168,100.0,0,0,0,0,HIGH,VERY HIGH,0,0,NONE,NO CHANGE
H3,m84137_260214_004236_s1/44368322/ccs,168,100.0,0,0,0,0,HIGH,VERY HIGH,0,0,NONE,NO CHANGE
H3,m84137_260214_004236_s1/73662647/ccs,168,100.0,0,0,0,0,HIGH,VERY HIGH,0,0,NONE,NO CHANGE
H3,m84137_260214_004236_s1/83165595/ccs,168,100.0,0,0,0,0,HIGH,VERY HIGH,0,0,NONE,NO CHANGE
H3,m84137_260214_004236_s1/202115982/ccs,168,100.0,0,0,0,0,HIGH,VERY HIGH,0,0,NONE,NO CHANGE
H3,m84137_260214_004236_s1/12521611/ccs,168,98.21428571428571,0,0,0,0,HIGH,VERY HIGH,0,0,NONE,NO CHANGE
H3,m84137_260214_004236_s1/235280173/ccs,168,100.0,0,0,0,0,HIGH,VERY HIGH,0,0,NONE,NO CHANGE
H3,m84137_260214_004236_s1/151851683/ccs,168,100.0,0,0,0,0,HIGH,VERY HIGH,0,0,NONE,NO CHANGE
H3,m84137_260214_004236_s1/115150992/ccs,168,100.0,0,0,0,0,HIGH,VERY HIGH,0,0,NONE,NO CHANGE
H3,m84137_260214_004236_s1/166203175/ccs,168,100.0,0,0,0,0,HIGH,VERY HIGH,0,0,NONE,NO CHANGE
H3,m84137_260214_004236_s1/237572508/ccs,168,100.0,0,0,0,0,HIGH,VERY HIGH,0,0,NONE,NO CHANGE
H3,m84137_260214_004236_s1/237769504/ccs,168,100.0,0,0,0,0,HIGH,VERY HIGH,0,0,NONE,NO CHANGE
H3,m84137_260214_004236_s1/233116119/ccs,168,100.0,0,0,0,0,HIGH,VERY HIGH,0,0,NONE,NO CHANGE
H3,m84137_260214_004236_s1/234163790/ccs,168,100.0,0,0,0,0,HIGH,VERY HIGH,0,0,NONE,NO CHANGE
H3,m84137_260214_004236_s1/217519902/ccs,168,100.0,0,0,0,0,HIGH,VERY HIGH,0,0,NONE,NO CHANGE
H3,m84137_260214_004236_s1/159321981/ccs,168,100.0,0,0,0,0,HIGH,VERY HIGH,0,0,NONE,NO CHANGE
H3,m84137_260214_004236_s1/166924015/ccs,168,100.0,0,0,0,0,HIGH,VERY HIGH,0,0,NONE,NO CHANGE
H3,m84137_260214_004236_s1/148900728/ccs,168,100.0,0,0,0,0,HIGH,VERY HIGH,0,0,NONE,NO CHANGE
H3,m84137_260214_004236_s1/249038310/ccs,168,100.0,0,0,0,0,HIGH,VERY HIGH,0,0,NONE,NO CHANGE
H3,m84137_260214_004236_s1/253627492/ccs,168,100.0,0,0,0,0,HIGH,VERY HIGH,0,0,NONE,NO CHANGE
H3,m84137_260214_004236_s1/224002635/ccs,168,100.0,0,0,0,0,HIGH,VERY HIGH,0,0,NONE,NO CHANGE
H3,m84137_260214_004236_s1/246879617/ccs,168,100.0,0,0,0,0,HIGH,VERY HIGH,0,0,NONE,NO CHANGE
H3,m84137_260214_004236_s1/14615532/ccs,168,100.0,0,0,0,0,HIGH,VERY HIGH,0,0,NONE,NO CHANGE
H3,m84137_260214_004236_s1/68616481/ccs,168,100.0,0,0,0,0,HIGH,VERY HIGH,0,0,NONE,NO CHANGE
H3,m84137_260214_004236_s1/97651186/ccs,168,100.0,0,0,0,0,HIGH,VERY HIGH,0,0,NONE,NO CHANGE
H3,m84137_260214_004236_s1/190449792/ccs,168,100.0,0,0,0,0,HIGH,VERY HIGH,0,0,NONE,NO CHANGE
H3,m84137_260214_004236_s1/207095814/ccs,168,100.0,0,0,0,0,HIGH,VERY HIGH,0,0,NONE,NO CHANGE
H3,m84137_260214_004236_s1/237964250/ccs,168,100.0,0,0,0,0,HIGH,VERY HIGH,0,0,NONE,NO CHANGE
H3,m84137_260214_004236_s1/105647659/ccs,168,100.0,0,0,0,0,HIGH,VERY HIGH,0,0,NONE,NO CHANGE
H3,m84137_260214_004236_s1/225121335/ccs,168,100.0,0,0,0,0,HIGH,VERY HIGH,0,0,NONE,NO CHANGE
H3,m84137_260214_004236_s1/266145484/ccs,168,100.0,0,0,0,0,HIGH,VERY HIGH,0,0,NONE,NO CHANGE
H3,m84137_260214_004236_s1/22940192/ccs,168,100.0,0,0,0,0,HIGH,VERY HIGH,0,0,NONE,NO CHANGE
H3,m84137_260214_004236_s1/26871481/ccs,168,100.0,0,0,0,0,HIGH,VERY HIGH,0,0,NONE,NO CHANGE
H3,m84137_260214_004236_s1/34997219/ccs,168,100.0,0,0,0,0,HIGH,VERY HIGH,0,0,NONE,NO CHANGE
H3,m84137_260214_004236_s1/33161889/ccs,168,100.0,0,0,0,0,HIGH,VERY HIGH,0,0,NONE,NO CHANGE
H3,m84137_260214_004236_s1/57805427/ccs,168,100.0,0,0,0,0,HIGH,VERY HIGH,0,0,NONE,NO CHANGE
H3,m84137_260214_004236_s1/85789095/ccs,168,100.0,0,0,0,0,HIGH,VERY HIGH,0,0,NONE,NO CHANGE
H3,m84137_260214_004236_s1/109054587/ccs,168,100.0,0,0,0,0,HIGH,VERY HIGH,0,0,NONE,NO CHANGE
H3,m84137_260214_004236_s1/110364148/ccs,168,100.0,0,0,0,0,HIGH,VERY HIGH,0,0,NONE,NO CHANGE
H3,m84137_260214_004236_s1/158598698/ccs,168,100.0,0,0,0,0,HIGH,VERY HIGH,0,0,NONE,NO CHANGE
H3,m84137_260214_004236_s1/154600198/ccs,168,100.0,0,0,0,0,HIGH,VERY HIGH,0,0,NONE,NO CHANGE
H3,m84137_260214_004236_s1/190186193/ccs,168,100.0,0,0,0,0,HIGH,VERY HIGH,0,0,NONE,NO CHANGE
H3,m84137_260214_004236_s1/150143533/ccs,168,100.0,0,0,0,0,HIGH,VERY HIGH,0,0,NONE,NO CHANGE
H3,m84137_260214_004236_s1/209519873/ccs,168,100.0,0,0,0,0,HIGH,VERY HIGH,0,0,NONE,NO CHANGE
H3,m84137_260214_004236_s1/227476204/ccs,168,100.0,0,0,0,0,HIGH,VERY HIGH,0,0,NONE,NO CHANGE
H3,m84137_260214_004236_s1/243532218/ccs,168,100.0,0,0,0,0,HIGH,VERY HIGH,0,0,NONE,NO CHANGE
H3,m84137_260214_004236_s1/5640660/ccs,168,100.0,0,0,0,0,HIGH,VERY HIGH,0,0,NONE,NO CHANGE
H3,m84137_260214_004236_s1/20255036/ccs,168,100.0,0,0,0,0,HIGH,VERY HIGH,0,0,NONE,NO CHANGE
H3,m84137_260214_004236_s1/250282078/ccs,168,100.0,0,0,0,0,HIGH,VERY HIGH,0,0,NONE,NO CHANGE
H3,m84137_260214_004236_s1/21958407/ccs,168,100.0,0,0,0,0,HIGH,VERY HIGH,0,0,NONE,NO CHANGE
H3,m84137_260214_004236_s1/11078980/ccs,168,100.0,0,0,0,0,HIGH,VERY HIGH,0,0,NONE,NO CHANGE
H3,m84137_260214_004236_s1/55448456/ccs,168,100.0,0,0,0,0,HIGH,VERY HIGH,0,0,NONE,NO CHANGE
H3,m84137_260214_004236_s1/90180677/ccs,168,100.0,0,0,0,0,HIGH,VERY HIGH,0,0,NONE,NO CHANGE
H3,m84137_260214_004236_s1/78777898/ccs,168,100.0,0,0,0,0,HIGH,VERY HIGH,0,0,NONE,NO CHANGE
H3,m84137_260214_004236_s1/121639165/ccs,168,100.0,0,0,0,0,HIGH,VERY HIGH,0,0,NONE,NO CHANGE
H3,m84137_260214_004236_s1/159057336/ccs,168,96.42857142857143,0,0,0,0,HIGH,VERY HIGH,0,0,NONE,NO CHANGE
H3,m84137_260214_004236_s1/136319382/ccs,169,99.40828402366864,0,0,0,0,MODERATE,LOW,0,0,NONE,NO CHANGE
H3,m84137_260214_004236_s1/65601626/ccs,168,100.0,0,0,0,0,HIGH,VERY HIGH,0,0,NONE,NO CHANGE
H3,m84137_260214_004236_s1/106890583/ccs,171,100.0,0,0,0,0,HIGH,VERY HIGH,0,0,NONE,NO CHANGE
H3,m84137_260214_004236_s1/94177653/ccs,169,97.63313609467455,0,0,0,0,HIGH,VERY HIGH,1,5,MINOR,SLIGHTLY REDUCED
H3,m84137_260214_004236_s1/220201284/ccs,169,99.40828402366864,0,0,0,0,MODERATE,LOW,0,0,NONE,NO CHANGE
H3,m84137_260214_004236_s1/72419124/ccs,168,100.0,0,0,0,0,HIGH,VERY HIGH,0,0,NONE,NO CHANGE
H3,m84137_260214_004236_s1/68751211/ccs,170,98.82352941176471,0,0,0,0,HIGH,VERY HIGH,0,0,NONE,NO CHANGE
H3,m84137_260214_004236_s1/218172527/ccs,170,98.82352941176471,0,0,0,0,HIGH,VERY HIGH,0,0,NONE,NO CHANGE
H3,m84137_260214_004236_s1/147195519/ccs,171,100.0,0,0,0,0,HIGH,VERY HIGH,0,0,NONE,NO CHANGE
H3,m84137_260214_004236_s1/217189933/ccs,174,100.0,0,0,0,0,HIGH,VERY HIGH,0,0,NONE,NO CHANGE
H3,m84137_260214_004236_s1/42468910/ccs,171,100.0,0,0,0,0,HIGH,VERY HIGH,0,0,NONE,NO CHANGE
H3,m84137_260214_004236_s1/258084312/ccs,171,100.0,0,0,0,0,HIGH,VERY HIGH,0,0,NONE,NO CHANGE
H3,m84137_260214_004236_s1/202704595/ccs,171,100.0,0,0,0,0,HIGH,VERY HIGH,0,0,NONE,NO CHANGE
H3,m84137_260214_004236_s1/229771790/ccs,171,100.0,0,0,0,0,HIGH,VERY HIGH,0,0,NONE,NO CHANGE
H3,m84137_260214_004236_s1/231211394/ccs,171,100.0,0,0,0,0,HIGH,VERY HIGH,0,0,NONE,NO CHANGE
H3,m84137_260214_004236_s1/216468442/ccs,171,100.0,0,0,0,0,HIGH,VERY HIGH,0,0,NONE,NO CHANGE
H3,m84137_260214_004236_s1/265226476/ccs,171,100.0,0,0,0,0,HIGH,VERY HIGH,0,0,NONE,NO CHANGE
H3,m84137_260214_004236_s1/18945360/ccs,171,100.0,0,0,0,0,HIGH,VERY HIGH,0,0,NONE,NO CHANGE
H3,m84137_260214_004236_s1/5640016/ccs,171,100.0,0,0,0,0,HIGH,VERY HIGH,0,0,NONE,NO CHANGE
H3,m84137_260214_004236_s1/8394369/ccs,171,100.0,0,0,0,0,HIGH,VERY HIGH,0,0,NONE,NO CHANGE
H3,m84137_260214_004236_s1/26415487/ccs,171,100.0,0,0,0,0,HIGH,VERY HIGH,0,0,NONE,NO CHANGE
H3,m84137_260214_004236_s1/27137011/ccs,171,100.0,0,0,0,0,HIGH,VERY HIGH,0,0,NONE,NO CHANGE
H3,m84137_260214_004236_s1/52761593/ccs,171,100.0,0,0,0,0,HIGH,VERY HIGH,0,0,NONE,NO CHANGE
H3,m84137_260214_004236_s1/38210713/ccs,171,100.0,0,0,0,0,HIGH,VERY HIGH,0,0,NONE,NO CHANGE
H3,m84137_260214_004236_s1/109974937/ccs,171,100.0,0,0,0,0,HIGH,VERY HIGH,0,0,NONE,NO CHANGE
H3,m84137_260214_004236_s1/134876971/ccs,171,100.0,0,0,0,0,HIGH,VERY HIGH,0,0,NONE,NO CHANGE
H3,m84137_260214_004236_s1/136908233/ccs,171,100.0,0,0,0,0,HIGH,VERY HIGH,0,0,NONE,NO CHANGE
H3,m84137_260214_004236_s1/173807386/ccs,171,100.0,0,0,0,0,HIGH,VERY HIGH,0,0,NONE,NO CHANGE
H3,m84137_260214_004236_s1/189862247/ccs,171,100.0,0,0,0,0,HIGH,VERY HIGH,0,0,NONE,NO CHANGE
H3,m84137_260214_004236_s1/172953526/ccs,171,100.0,0,0,0,0,HIGH,VERY HIGH,0,0,NONE,NO CHANGE
H3,m84137_260214_004236_s1/203361898/ccs,171,100.0,0,0,0,0,HIGH,VERY HIGH,0,0,NONE,NO CHANGE
H3,m84137_260214_004236_s1/201134123/ccs,171,100.0,0,0,0,0,HIGH,VERY HIGH,0,0,NONE,NO CHANGE
H3,m84137_260214_004236_s1/182521595/ccs,171,100.0,0,0,0,0,HIGH,VERY HIGH,0,0,NONE,NO CHANGE
H3,m84137_260214_004236_s1/254021213/ccs,171,100.0,0,0,0,0,HIGH,VERY HIGH,0,0,NONE,NO CHANGE
H3,m84137_260214_004236_s1/262017007/ccs,171,100.0,0,0,0,0,HIGH,VERY HIGH,0,0,NONE,NO CHANGE
H3,m84137_260214_004236_s1/264965451/ccs,171,100.0,0,0,0,0,HIGH,VERY HIGH,0,0,NONE,NO CHANGE
H3,m84137_260214_004236_s1/111477960/ccs,171,100.0,0,0,0,0,HIGH,VERY HIGH,0,0,NONE,NO CHANGE
H3,m84137_260214_004236_s1/133169740/ccs,171,100.0,0,0,0,0,HIGH,VERY HIGH,0,0,NONE,NO CHANGE
H3,m84137_260214_004236_s1/233114266/ccs,171,100.0,0,0,0,0,HIGH,VERY HIGH,0,0,NONE,NO CHANGE
H3,m84137_260214_004236_s1/252841093/ccs,171,100.0,0,0,0,0,HIGH,VERY HIGH,0,0,NONE,NO CHANGE
H3,m84137_260214_004236_s1/136251559/ccs,171,100.0,0,0,0,0,HIGH,VERY HIGH,0,0,NONE,NO CHANGE
H3,m84137_260214_004236_s1/180683035/ccs,171,100.0,0,0,0,0,HIGH,VERY HIGH,0,0,NONE,NO CHANGE
H3,m84137_260214_004236_s1/116130984/ccs,171,100.0,0,0,0,0,HIGH,VERY HIGH,0,0,NONE,NO CHANGE
H3,m84137_260214_004236_s1/212469820/ccs,171,100.0,0,0,0,0,HIGH,VERY HIGH,0,0,NONE,NO CHANGE
H3,m84137_260214_004236_s1/266012388/ccs,171,100.0,0,0,0,0,HIGH,VERY HIGH,0,0,NONE,NO CHANGE
H3,m84137_260214_004236_s1/51187189/ccs,171,100.0,0,0,0,0,HIGH,VERY HIGH,0,0,NONE,NO CHANGE
H3,m84137_260214_004236_s1/69799830/ccs,171,100.0,0,0,0,0,HIGH,VERY HIGH,0,0,NONE,NO CHANGE
H3,m84137_260214_004236_s1/61150492/ccs,171,100.0,0,0,0,0,HIGH,VERY HIGH,0,0,NONE,NO CHANGE
H3,m84137_260214_004236_s1/11207414/ccs,171,100.0,0,0,0,0,HIGH,VERY HIGH,0,0,NONE,NO CHANGE
H3,m84137_260214_004236_s1/12255356/ccs,171,100.0,0,0,0,0,HIGH,VERY HIGH,0,0,NONE,NO CHANGE
H3,m84137_260214_004236_s1/29492721/ccs,171,100.0,0,0,0,0,HIGH,VERY HIGH,0,0,NONE,NO CHANGE
H3,m84137_260214_004236_s1/21038837/ccs,171,100.0,0,0,0,0,HIGH,VERY HIGH,0,0,NONE,NO CHANGE
H3,m84137_260214_004236_s1/10946814/ccs,171,100.0,0,0,0,0,HIGH,VERY HIGH,0,0,NONE,NO CHANGE
H3,m84137_260214_004236_s1/15663643/ccs,171,100.0,0,0,0,0,HIGH,VERY HIGH,0,0,NONE,NO CHANGE
H3,m84137_260214_004236_s1/16580804/ccs,168,100.0,0,0,0,0,HIGH,VERY HIGH,0,0,NONE,NO CHANGE
H3,m84137_260214_004236_s1/57999647/ccs,171,100.0,0,0,0,0,HIGH,VERY HIGH,0,0,NONE,NO CHANGE
H3,m84137_260214_004236_s1/63112922/ccs,171,100.0,0,0,0,0,HIGH,VERY HIGH,0,0,NONE,NO CHANGE
H3,m84137_260214_004236_s1/84806407/ccs,171,100.0,0,0,0,0,HIGH,VERY HIGH,0,0,NONE,NO CHANGE
H3,m84137_260214_004236_s1/92800931/ccs,171,100.0,0,0,0,0,HIGH,VERY HIGH,0,0,NONE,NO CHANGE
H3,m84137_260214_004236_s1/101058713/ccs,171,100.0,0,0,0,0,HIGH,VERY HIGH,0,0,NONE,NO CHANGE
H3,m84137_260214_004236_s1/88801417/ccs,171,100.0,0,0,0,0,HIGH,VERY HIGH,0,0,NONE,NO CHANGE
H3,m84137_260214_004236_s1/117834430/ccs,171,100.0,0,0,0,0,HIGH,VERY HIGH,0,0,NONE,NO CHANGE
H3,m84137_260214_004236_s1/83297377/ccs,171,100.0,0,0,0,0,HIGH,VERY HIGH,0,0,NONE,NO CHANGE
H3,m84137_260214_004236_s1/107282631/ccs,171,100.0,0,0,0,0,HIGH,VERY HIGH,0,0,NONE,NO CHANGE
H3,m84137_260214_004236_s1/113771717/ccs,171,100.0,0,0,0,0,HIGH,VERY HIGH,0,0,NONE,NO CHANGE
H3,m84137_260214_004236_s1/132055458/ccs,171,100.0,0,0,0,0,HIGH,VERY HIGH,0,0,NONE,NO CHANGE
H3,m84137_260214_004236_s1/167773301/ccs,171,100.0,0,0,0,0,HIGH,VERY HIGH,0,0,NONE,NO CHANGE
H3,m84137_260214_004236_s1/165349883/ccs,171,100.0,0,0,0,0,HIGH,VERY HIGH,0,0,NONE,NO CHANGE
H3,m84137_260214_004236_s1/190121133/ccs,171,100.0,0,0,0,0,HIGH,VERY HIGH,0,0,NONE,NO CHANGE
H3,m84137_260214_004236_s1/169148804/ccs,171,100.0,0,0,0,0,HIGH,VERY HIGH,0,0,NONE,NO CHANGE
H3,m84137_260214_004236_s1/188744229/ccs,171,100.0,0,0,0,0,HIGH,VERY HIGH,0,0,NONE,NO CHANGE
H3,m84137_260214_004236_s1/18153680/ccs,171,100.0,0,0,0,0,HIGH,VERY HIGH,0,0,NONE,NO CHANGE
H3,m84137_260214_004236_s1/48891676/ccs,171,100.0,0,0,0,0,HIGH,VERY HIGH,0,0,NONE,NO CHANGE
H3,m84137_260214_004236_s1/98765689/ccs,171,100.0,0,0,0,0,HIGH,VERY HIGH,0,0,NONE,NO CHANGE
H3,m84137_260214_004236_s1/167576450/ccs,171,100.0,0,0,0,0,HIGH,VERY HIGH,0,0,NONE,NO CHANGE
H3,m84137_260214_004236_s1/208013983/ccs,171,100.0,0,0,0,0,HIGH,VERY HIGH,0,0,NONE,NO CHANGE
H3,m84137_260214_004236_s1/52826035/ccs,171,100.0,0,0,0,0,HIGH,VERY HIGH,0,0,NONE,NO CHANGE
H3,m84137_260214_004236_s1/156241188/ccs,171,100.0,0,0,0,0,HIGH,VERY HIGH,0,0,NONE,NO CHANGE
H3,m84137_260214_004236_s1/194581134/ccs,171,100.0,0,0,0,0,HIGH,VERY HIGH,0,0,NONE,NO CHANGE
H3,m84137_260214_004236_s1/266275999/ccs,171,100.0,0,0,0,0,HIGH,VERY HIGH,0,0,NONE,NO CHANGE
H3,m84137_260214_004236_s1/17369550/ccs,171,100.0,0,0,0,0,HIGH,VERY HIGH,0,0,NONE,NO CHANGE
H3,m84137_260214_004236_s1/36046756/ccs,171,100.0,0,0,0,0,HIGH,VERY HIGH,0,0,NONE,NO CHANGE
H3,m84137_260214_004236_s1/61407744/ccs,171,100.0,0,0,0,0,HIGH,VERY HIGH,0,0,NONE,NO CHANGE
H3,m84137_260214_004236_s1/76547133/ccs,171,100.0,0,0,0,0,HIGH,VERY HIGH,0,0,NONE,NO CHANGE
H3,m84137_260214_004236_s1/102501046/ccs,171,100.0,0,0,0,0,HIGH,VERY HIGH,0,0,NONE,NO CHANGE
H3,m84137_260214_004236_s1/105121051/ccs,171,100.0,0,0,0,0,HIGH,VERY HIGH,0,0,NONE,NO CHANGE
H3,m84137_260214_004236_s1/156633846/ccs,171,100.0,0,0,0,0,HIGH,VERY HIGH,0,0,NONE,NO CHANGE
H3,m84137_260214_004236_s1/117050119/ccs,171,100.0,0,0,0,0,HIGH,VERY HIGH,0,0,NONE,NO CHANGE
H3,m84137_260214_004236_s1/143526568/ccs,171,100.0,0,0,0,0,HIGH,VERY HIGH,0,0,NONE,NO CHANGE
H3,m84137_260214_004236_s1/192086737/ccs,171,100.0,0,0,0,0,HIGH,VERY HIGH,0,0,NONE,NO CHANGE
H3,m84137_260214_004236_s1/193463868/ccs,171,100.0,0,0,0,0,HIGH,VERY HIGH,0,0,NONE,NO CHANGE
H3,m84137_260214_004236_s1/197853414/ccs,171,100.0,0,0,0,0,HIGH,VERY HIGH,0,0,NONE,NO CHANGE
H3,m84137_260214_004236_s1/182845793/ccs,171,100.0,0,0,0,0,HIGH,VERY HIGH,0,0,NONE,NO CHANGE
H3,m84137_260214_004236_s1/226822933/ccs,171,100.0,0,0,0,0,HIGH,VERY HIGH,0,0,NONE,NO CHANGE
H3,m84137_260214_004236_s1/211289962/ccs,171,100.0,0,0,0,0,HIGH,VERY HIGH,0,0,NONE,NO CHANGE
H3,m84137_260214_004236_s1/257558759/ccs,171,100.0,0,0,0,0,HIGH,VERY HIGH,0,0,NONE,NO CHANGE
H3,m84137_260214_004236_s1/248054921/ccs,171,100.0,0,0,0,0,HIGH,VERY HIGH,0,0,NONE,NO CHANGE
H3,m84137_260214_004236_s1/9440969/ccs,167,98.80239520958084,0,0,0,0,MODERATE,LOW,1,5,MINOR,SLIGHTLY REDUCED
H3,m84137_260214_004236_s1/212080047/ccs,171,100.0,0,0,0,0,HIGH,VERY HIGH,0,0,NONE,NO CHANGE
H3,m84137_260214_004236_s1/248186735/ccs,171,100.0,0,0,0,0,HIGH,VERY HIGH,0,0,NONE,NO CHANGE
H3,m84137_260214_004236_s1/201720604/ccs,171,100.0,0,0,0,0,HIGH,VERY HIGH,0,0,NONE,NO CHANGE
H3,m84137_260214_004236_s1/92015823/ccs,171,100.0,0,0,0,0,HIGH,VERY HIGH,0,0,NONE,NO CHANGE
H3,m84137_260214_004236_s1/79564869/ccs,171,100.0,0,0,0,0,HIGH,VERY HIGH,0,0,NONE,NO CHANGE
H3,m84137_260214_004236_s1/127012267/ccs,171,100.0,0,0,0,0,HIGH,VERY HIGH,0,0,NONE,NO CHANGE
H3,m84137_260214_004236_s1/154538284/ccs,171,100.0,0,0,0,0,HIGH,VERY HIGH,0,0,NONE,NO CHANGE
H3,m84137_260214_004236_s1/160044701/ccs,171,100.0,0,0,0,0,HIGH,VERY HIGH,0,0,NONE,NO CHANGE
H3,m84137_260214_004236_s1/146280939/ccs,171,100.0,0,0,0,0,HIGH,VERY HIGH,0,0,NONE,NO CHANGE
H3,m84137_260214_004236_s1/177344114/ccs,171,100.0,0,0,0,0,HIGH,VERY HIGH,0,0,NONE,NO CHANGE
H3,m84137_260214_004236_s1/255792082/ccs,171,100.0,0,0,0,0,HIGH,VERY HIGH,0,0,NONE,NO CHANGE
H3,m84137_260214_004236_s1/259987287/ccs,171,100.0,0,0,0,0,HIGH,VERY HIGH,0,0,NONE,NO CHANGE
H3,m84137_260214_004236_s1/242946763/ccs,168,100.0,0,0,0,0,HIGH,VERY HIGH,0,0,NONE,NO CHANGE
H3,m84137_260214_004236_s1/30475403/ccs,171,100.0,0,0,0,0,HIGH,VERY HIGH,0,0,NONE,NO CHANGE
H3,m84137_260214_004236_s1/254546574/ccs,171,100.0,0,0,0,0,HIGH,VERY HIGH,0,0,NONE,NO CHANGE
H3,m84137_260214_004236_s1/114361671/ccs,171,100.0,0,0,0,0,HIGH,VERY HIGH,0,0,NONE,NO CHANGE
H3,m84137_260214_004236_s1/60428197/ccs,171,100.0,0,0,0,0,HIGH,VERY HIGH,0,0,NONE,NO CHANGE
H3,m84137_260214_004236_s1/234230203/ccs,172,97.67441860465115,0,0,0,0,HIGH,VERY HIGH,1,5,MINOR,SLIGHTLY REDUCED
H3,m84137_260214_004236_s1/266145193/ccs,172,97.67441860465115,0,0,0,0,HIGH,VERY HIGH,1,5,MINOR,SLIGHTLY REDUCED
H3,m84137_260214_004236_s1/103946042/ccs,172,99.4186046511628,0,0,0,0,MODERATE,LOW,0,0,NONE,NO CHANGE
H3,m84137_260214_004236_s1/61079987/ccs,174,100.0,0,0,0,0,HIGH,VERY HIGH,0,0,NONE,NO CHANGE
H3,m84137_260214_004236_s1/239472432/ccs,175,99.42857142857143,0,0,0,0,HIGH,VERY HIGH,0,0,NONE,NO CHANGE
H3,m84137_260214_004236_s1/241566692/ccs,173,98.84393063583815,0,0,0,0,HIGH,VERY HIGH,1,5,MINOR,SLIGHTLY REDUCED
H3,m84137_260214_004236_s1/126421802/ccs,173,95.37572254335261,0,0,0,0,MODERATE,LOW,2,10,MINOR,SLIGHTLY REDUCED
H3,m84137_260214_004236_s1/5244971/ccs,174,100.0,0,0,0,0,HIGH,VERY HIGH,0,0,NONE,NO CHANGE
H3,m84137_260214_004236_s1/217909657/ccs,174,100.0,0,0,0,0,HIGH,VERY HIGH,0,0,NONE,NO CHANGE
H3,m84137_260214_004236_s1/148112388/ccs,174,100.0,0,0,0,0,HIGH,VERY HIGH,0,0,NONE,NO CHANGE
H3,m84137_260214_004236_s1/262805243/ccs,174,96.55172413793103,0,0,0,0,MODERATE,LOW,2,10,MINOR,SLIGHTLY REDUCED
H3,m84137_260214_004236_s1/265356549/ccs,174,100.0,0,0,0,0,HIGH,VERY HIGH,0,0,NONE,NO CHANGE
H3,m84137_260214_004236_s1/27333164/ccs,174,100.0,0,0,0,0,HIGH,VERY HIGH,0,0,NONE,NO CHANGE
H3,m84137_260214_004236_s1/153161290/ccs,174,100.0,0,0,0,0,HIGH,VERY HIGH,0,0,NONE,NO CHANGE
H3,m84137_260214_004236_s1/191370619/ccs,174,100.0,0,0,0,0,HIGH,VERY HIGH,0,0,NONE,NO CHANGE
H3,m84137_260214_004236_s1/23003217/ccs,174,100.0,0,0,0,0,HIGH,VERY HIGH,0,0,NONE,NO CHANGE
H3,m84137_260214_004236_s1/56754633/ccs,174,100.0,0,0,0,0,HIGH,VERY HIGH,0,0,NONE,NO CHANGE
H3,m84137_260214_004236_s1/51119737/ccs,174,100.0,0,0,0,0,HIGH,VERY HIGH,0,0,NONE,NO CHANGE
H3,m84137_260214_004236_s1/35914803/ccs,174,100.0,0,0,0,0,HIGH,VERY HIGH,0,0,NONE,NO CHANGE
H3,m84137_260214_004236_s1/43516991/ccs,174,100.0,0,0,0,0,HIGH,VERY HIGH,0,0,NONE,NO CHANGE
H3,m84137_260214_004236_s1/93586587/ccs,174,100.0,0,0,0,0,HIGH,VERY HIGH,0,0,NONE,NO CHANGE
H3,m84137_260214_004236_s1/82708444/ccs,174,100.0,0,0,0,0,HIGH,VERY HIGH,0,0,NONE,NO CHANGE
H3,m84137_260214_004236_s1/136119960/ccs,174,100.0,0,0,0,0,HIGH,VERY HIGH,0,0,NONE,NO CHANGE
H3,m84137_260214_004236_s1/136841824/ccs,174,100.0,0,0,0,0,HIGH,VERY HIGH,0,0,NONE,NO CHANGE
H3,m84137_260214_004236_s1/141494721/ccs,171,100.0,0,0,0,0,HIGH,VERY HIGH,0,0,NONE,NO CHANGE
H3,m84137_260214_004236_s1/150339922/ccs,174,100.0,0,0,0,0,HIGH,VERY HIGH,0,0,NONE,NO CHANGE
H3,m84137_260214_004236_s1/179505506/ccs,174,100.0,0,0,0,0,HIGH,VERY HIGH,0,0,NONE,NO CHANGE
H3,m84137_260214_004236_s1/207291044/ccs,174,100.0,0,0,0,0,HIGH,VERY HIGH,0,0,NONE,NO CHANGE
H3,m84137_260214_004236_s1/221447583/ccs,174,100.0,0,0,0,0,HIGH,VERY HIGH,0,0,NONE,NO CHANGE
H3,m84137_260214_004236_s1/183961510/ccs,174,100.0,0,0,0,0,HIGH,VERY HIGH,0,0,NONE,NO CHANGE
H3,m84137_260214_004236_s1/226559511/ccs,174,100.0,0,0,0,0,HIGH,VERY HIGH,0,0,NONE,NO CHANGE
H3,m84137_260214_004236_s1/211879388/ccs,174,100.0,0,0,0,0,HIGH,VERY HIGH,0,0,NONE,NO CHANGE
H3,m84137_260214_004236_s1/244843036/ccs,174,100.0,0,0,0,0,HIGH,VERY HIGH,0,0,NONE,NO CHANGE
H3,m84137_260214_004236_s1/23203838/ccs,174,100.0,0,0,0,0,HIGH,VERY HIGH,0,0,NONE,NO CHANGE
H3,m84137_260214_004236_s1/11408841/ccs,174,100.0,0,0,0,0,HIGH,VERY HIGH,0,0,NONE,NO CHANGE
H3,m84137_260214_004236_s1/68162403/ccs,174,100.0,0,0,0,0,HIGH,VERY HIGH,0,0,NONE,NO CHANGE
H3,m84137_260214_004236_s1/191760254/ccs,174,100.0,0,0,0,0,HIGH,VERY HIGH,0,0,NONE,NO CHANGE
H3,m84137_260214_004236_s1/62263779/ccs,174,100.0,0,0,0,0,HIGH,VERY HIGH,0,0,NONE,NO CHANGE
H3,m84137_260214_004236_s1/245170319/ccs,173,98.84393063583815,0,0,0,0,HIGH,VERY HIGH,1,5,MINOR,SLIGHTLY REDUCED
H3,m84137_260214_004236_s1/223545251/ccs,174,100.0,0,0,0,0,HIGH,VERY HIGH,0,0,NONE,NO CHANGE
H3,m84137_260214_004236_s1/224526641/ccs,174,100.0,0,0,0,0,HIGH,VERY HIGH,0,0,NONE,NO CHANGE
H3,m84137_260214_004236_s1/43715746/ccs,174,100.0,0,0,0,0,HIGH,VERY HIGH,0,0,NONE,NO CHANGE
H3,m84137_260214_004236_s1/127013402/ccs,174,100.0,0,0,0,0,HIGH,VERY HIGH,0,0,NONE,NO CHANGE
H3,m84137_260214_004236_s1/135597423/ccs,174,100.0,0,0,0,0,HIGH,VERY HIGH,0,0,NONE,NO CHANGE
H3,m84137_260214_004236_s1/187569014/ccs,174,100.0,0,0,0,0,HIGH,VERY HIGH,0,0,NONE,NO CHANGE
H3,m84137_260214_004236_s1/149164876/ccs,174,100.0,0,0,0,0,HIGH,VERY HIGH,0,0,NONE,NO CHANGE
H3,m84137_260214_004236_s1/220007594/ccs,174,100.0,0,0,0,0,HIGH,VERY HIGH,0,0,NONE,NO CHANGE
H3,m84137_260214_004236_s1/235017925/ccs,174,100.0,0,0,0,0,HIGH,VERY HIGH,0,0,NONE,NO CHANGE
H3,m84137_260214_004236_s1/213586409/ccs,174,100.0,0,0,0,0,HIGH,VERY HIGH,0,0,NONE,NO CHANGE
H3,m84137_260214_004236_s1/248778855/ccs,174,100.0,0,0,0,0,HIGH,VERY HIGH,0,0,NONE,NO CHANGE
H3,m84137_260214_004236_s1/34669779/ccs,174,100.0,0,0,0,0,HIGH,VERY HIGH,0,0,NONE,NO CHANGE
H3,m84137_260214_004236_s1/161810441/ccs,174,100.0,0,0,0,0,HIGH,VERY HIGH,0,0,NONE,NO CHANGE
H3,m84137_260214_004236_s1/18420049/ccs,174,100.0,0,0,0,0,HIGH,VERY HIGH,0,0,NONE,NO CHANGE
H3,m84137_260214_004236_s1/21039579/ccs,174,100.0,0,0,0,0,HIGH,VERY HIGH,0,0,NONE,NO CHANGE
H3,m84137_260214_004236_s1/23332266/ccs,174,100.0,0,0,0,0,HIGH,VERY HIGH,0,0,NONE,NO CHANGE
H3,m84137_260214_004236_s1/15532833/ccs,174,100.0,0,0,0,0,HIGH,VERY HIGH,0,0,NONE,NO CHANGE
H3,m84137_260214_004236_s1/126422099/ccs,174,100.0,0,0,0,0,HIGH,VERY HIGH,0,0,NONE,NO CHANGE
H3,m84137_260214_004236_s1/16714278/ccs,174,100.0,0,0,0,0,HIGH,VERY HIGH,0,0,NONE,NO CHANGE
H3,m84137_260214_004236_s1/18284717/ccs,174,100.0,0,0,0,0,HIGH,VERY HIGH,0,0,NONE,NO CHANGE
H3,m84137_260214_004236_s1/19401281/ccs,174,100.0,0,0,0,0,HIGH,VERY HIGH,0,0,NONE,NO CHANGE
H3,m84137_260214_004236_s1/27002620/ccs,174,100.0,0,0,0,0,HIGH,VERY HIGH,0,0,NONE,NO CHANGE
H3,m84137_260214_004236_s1/120653770/ccs,174,100.0,0,0,0,0,HIGH,VERY HIGH,0,0,NONE,NO CHANGE
H3,m84137_260214_004236_s1/131794520/ccs,174,100.0,0,0,0,0,HIGH,VERY HIGH,0,0,NONE,NO CHANGE
H3,m84137_260214_004236_s1/155059399/ccs,174,100.0,0,0,0,0,HIGH,VERY HIGH,0,0,NONE,NO CHANGE
H3,m84137_260214_004236_s1/143460761/ccs,174,100.0,0,0,0,0,HIGH,VERY HIGH,0,0,NONE,NO CHANGE
H3,m84137_260214_004236_s1/173867794/ccs,174,100.0,0,0,0,0,HIGH,VERY HIGH,0,0,NONE,NO CHANGE
H3,m84137_260214_004236_s1/191104917/ccs,174,100.0,0,0,0,0,HIGH,VERY HIGH,0,0,NONE,NO CHANGE
H3,m84137_260214_004236_s1/180815569/ccs,174,100.0,0,0,0,0,HIGH,VERY HIGH,0,0,NONE,NO CHANGE
H3,m84137_260214_004236_s1/234031421/ccs,174,100.0,0,0,0,0,HIGH,VERY HIGH,0,0,NONE,NO CHANGE
H3,m84137_260214_004236_s1/22156239/ccs,174,100.0,0,0,0,0,HIGH,VERY HIGH,0,0,NONE,NO CHANGE
H3,m84137_260214_004236_s1/32641855/ccs,174,100.0,0,0,0,0,HIGH,VERY HIGH,0,0,NONE,NO CHANGE
H3,m84137_260214_004236_s1/40572110/ccs,174,100.0,0,0,0,0,HIGH,VERY HIGH,0,0,NONE,NO CHANGE
H3,m84137_260214_004236_s1/68685388/ccs,174,100.0,0,0,0,0,HIGH,VERY HIGH,0,0,NONE,NO CHANGE
H3,m84137_260214_004236_s1/65080804/ccs,174,100.0,0,0,0,0,HIGH,VERY HIGH,0,0,NONE,NO CHANGE
H3,m84137_260214_004236_s1/96604004/ccs,174,100.0,0,0,0,0,HIGH,VERY HIGH,0,0,NONE,NO CHANGE
H3,m84137_260214_004236_s1/102108762/ccs,174,100.0,0,0,0,0,HIGH,VERY HIGH,0,0,NONE,NO CHANGE
H3,m84137_260214_004236_s1/108926550/ccs,174,100.0,0,0,0,0,HIGH,VERY HIGH,0,0,NONE,NO CHANGE
H3,m84137_260214_004236_s1/159651749/ccs,174,100.0,0,0,0,0,HIGH,VERY HIGH,0,0,NONE,NO CHANGE
H3,m84137_260214_004236_s1/55968683/ccs,174,100.0,0,0,0,0,HIGH,VERY HIGH,0,0,NONE,NO CHANGE
H3,m84137_260214_004236_s1/22480023/ccs,174,100.0,0,0,0,0,HIGH,VERY HIGH,0,0,NONE,NO CHANGE
H3,m84137_260214_004236_s1/117376175/ccs,174,100.0,0,0,0,0,HIGH,VERY HIGH,0,0,NONE,NO CHANGE
H3,m84137_260214_004236_s1/249105181/ccs,174,100.0,0,0,0,0,HIGH,VERY HIGH,0,0,NONE,NO CHANGE
H3,m84137_260214_004236_s1/11472381/ccs,174,100.0,0,0,0,0,HIGH,VERY HIGH,0,0,NONE,NO CHANGE
H3,m84137_260214_004236_s1/12522489/ccs,174,100.0,0,0,0,0,HIGH,VERY HIGH,0,0,NONE,NO CHANGE
H3,m84137_260214_004236_s1/134222316/ccs,174,100.0,0,0,0,0,HIGH,VERY HIGH,0,0,NONE,NO CHANGE
H3,m84137_260214_004236_s1/154998618/ccs,174,100.0,0,0,0,0,HIGH,VERY HIGH,0,0,NONE,NO CHANGE
H3,m84137_260214_004236_s1/44501009/ccs,174,100.0,0,0,0,0,HIGH,VERY HIGH,0,0,NONE,NO CHANGE
H3,m84137_260214_004236_s1/62591823/ccs,174,100.0,0,0,0,0,HIGH,VERY HIGH,0,0,NONE,NO CHANGE
H3,m84137_260214_004236_s1/14815624/ccs,174,100.0,0,0,0,0,HIGH,VERY HIGH,0,0,NONE,NO CHANGE
H3,m84137_260214_004236_s1/51249233/ccs,174,100.0,0,0,0,0,HIGH,VERY HIGH,0,0,NONE,NO CHANGE
H3,m84137_260214_004236_s1/14812041/ccs,175,97.71428571428571,0,0,0,0,HIGH,VERY HIGH,1,5,MINOR,SLIGHTLY REDUCED
H3,m84137_260214_004236_s1/72878342/ccs,175,97.71428571428571,0,0,0,0,MODERATE,LOW,1,5,MINOR,SLIGHTLY REDUCED
H3,m84137_260214_004236_s1/38274281/ccs,174,100.0,0,0,0,0,HIGH,VERY HIGH,0,0,NONE,NO CHANGE
H3,m84137_260214_004236_s1/21433032/ccs,176,98.86363636363636,0,0,0,0,MODERATE,LOW,0,0,NONE,NO CHANGE
H3,m84137_260214_004236_s1/251071208/ccs,176,97.1590909090909,0,0,0,0,MODERATE,LOW,1,5,MINOR,SLIGHTLY REDUCED
H3,m84137_260214_004236_s1/188025622/ccs,177,100.0,0,0,0,0,HIGH,VERY HIGH,0,0,NONE,NO CHANGE
H3,m84137_260214_004236_s1/224726416/ccs,176,98.86363636363636,0,0,0,0,HIGH,VERY HIGH,1,5,MINOR,SLIGHTLY REDUCED
H3,m84137_260214_004236_s1/146148112/ccs,175,96.0,0,0,0,0,HIGH,VERY HIGH,1,5,MINOR,SLIGHTLY REDUCED
H3,m84137_260214_004236_s1/23333273/ccs,177,100.0,0,0,0,0,HIGH,VERY HIGH,0,0,NONE,NO CHANGE
H3,m84137_260214_004236_s1/162662894/ccs,177,100.0,0,0,0,0,HIGH,VERY HIGH,0,0,NONE,NO CHANGE
H3,m84137_260214_004236_s1/143330363/ccs,177,100.0,0,0,0,0,HIGH,VERY HIGH,0,0,NONE,NO CHANGE
H3,m84137_260214_004236_s1/217058809/ccs,177,100.0,0,0,0,0,HIGH,VERY HIGH,0,0,NONE,NO CHANGE
H3,m84137_260214_004236_s1/19267672/ccs,177,100.0,0,0,0,0,HIGH,VERY HIGH,0,0,NONE,NO CHANGE
H3,m84137_260214_004236_s1/38082304/ccs,177,100.0,0,0,0,0,HIGH,VERY HIGH,0,0,NONE,NO CHANGE
H3,m84137_260214_004236_s1/26084431/ccs,177,100.0,0,0,0,0,HIGH,VERY HIGH,0,0,NONE,NO CHANGE
H3,m84137_260214_004236_s1/5310681/ccs,177,100.0,0,0,0,0,HIGH,VERY HIGH,0,0,NONE,NO CHANGE
H3,m84137_260214_004236_s1/36113131/ccs,177,100.0,0,0,0,0,HIGH,VERY HIGH,0,0,NONE,NO CHANGE
H3,m84137_260214_004236_s1/96733747/ccs,177,100.0,0,0,0,0,HIGH,VERY HIGH,0,0,NONE,NO CHANGE
H3,m84137_260214_004236_s1/135858962/ccs,177,100.0,0,0,0,0,HIGH,VERY HIGH,0,0,NONE,NO CHANGE
H3,m84137_260214_004236_s1/159449331/ccs,177,100.0,0,0,0,0,HIGH,VERY HIGH,0,0,NONE,NO CHANGE
H3,m84137_260214_004236_s1/144771502/ccs,177,100.0,0,0,0,0,HIGH,VERY HIGH,0,0,NONE,NO CHANGE
H3,m84137_260214_004236_s1/148964733/ccs,177,100.0,0,0,0,0,HIGH,VERY HIGH,0,0,NONE,NO CHANGE
H3,m84137_260214_004236_s1/193200245/ccs,177,100.0,0,0,0,0,HIGH,VERY HIGH,0,0,NONE,NO CHANGE
H3,m84137_260214_004236_s1/242876585/ccs,177,100.0,0,0,0,0,HIGH,VERY HIGH,0,0,NONE,NO CHANGE
H3,m84137_260214_004236_s1/75829409/ccs,177,100.0,0,0,0,0,HIGH,VERY HIGH,0,0,NONE,NO CHANGE
H3,m84137_260214_004236_s1/154998178/ccs,177,100.0,0,0,0,0,HIGH,VERY HIGH,0,0,NONE,NO CHANGE
H3,m84137_260214_004236_s1/216798585/ccs,177,100.0,0,0,0,0,HIGH,VERY HIGH,0,0,NONE,NO CHANGE
H3,m84137_260214_004236_s1/14484610/ccs,177,100.0,0,0,0,0,HIGH,VERY HIGH,0,0,NONE,NO CHANGE
H3,m84137_260214_004236_s1/63178883/ccs,177,100.0,0,0,0,0,HIGH,VERY HIGH,0,0,NONE,NO CHANGE
H3,m84137_260214_004236_s1/37098965/ccs,177,100.0,0,0,0,0,HIGH,VERY HIGH,0,0,NONE,NO CHANGE
H3,m84137_260214_004236_s1/180555793/ccs,177,100.0,0,0,0,0,HIGH,VERY HIGH,0,0,NONE,NO CHANGE
H3,m84137_260214_004236_s1/227673029/ccs,177,100.0,0,0,0,0,HIGH,VERY HIGH,0,0,NONE,NO CHANGE
H3,m84137_260214_004236_s1/8849429/ccs,177,100.0,0,0,0,0,HIGH,VERY HIGH,0,0,NONE,NO CHANGE
H3,m84137_260214_004236_s1/63635995/ccs,177,100.0,0,0,0,0,HIGH,VERY HIGH,0,0,NONE,NO CHANGE
H3,m84137_260214_004236_s1/165611382/ccs,177,100.0,0,0,0,0,HIGH,VERY HIGH,0,0,NONE,NO CHANGE
H3,m84137_260214_004236_s1/219222855/ccs,177,100.0,0,0,0,0,HIGH,VERY HIGH,0,0,NONE,NO CHANGE
H3,m84137_260214_004236_s1/265622255/ccs,177,100.0,0,0,0,0,HIGH,VERY HIGH,0,0,NONE,NO CHANGE
H3,m84137_260214_004236_s1/61473830/ccs,177,100.0,0,0,0,0,HIGH,VERY HIGH,0,0,NONE,NO CHANGE
H3,m84137_260214_004236_s1/84675419/ccs,177,100.0,0,0,0,0,HIGH,VERY HIGH,0,0,NONE,NO CHANGE
H3,m84137_260214_004236_s1/119931687/ccs,177,100.0,0,0,0,0,HIGH,VERY HIGH,0,0,NONE,NO CHANGE
H3,m84137_260214_004236_s1/162663312/ccs,177,100.0,0,0,0,0,HIGH,VERY HIGH,0,0,NONE,NO CHANGE
H3,m84137_260214_004236_s1/163774657/ccs,177,100.0,0,0,0,0,HIGH,VERY HIGH,0,0,NONE,NO CHANGE
H3,m84137_260214_004236_s1/147325189/ccs,177,100.0,0,0,0,0,HIGH,VERY HIGH,0,0,NONE,NO CHANGE
H3,m84137_260214_004236_s1/182125434/ccs,177,100.0,0,0,0,0,HIGH,VERY HIGH,0,0,NONE,NO CHANGE
H3,m84137_260214_004236_s1/225576074/ccs,177,100.0,0,0,0,0,HIGH,VERY HIGH,0,0,NONE,NO CHANGE
H3,m84137_260214_004236_s1/229900829/ccs,177,100.0,0,0,0,0,HIGH,VERY HIGH,0,0,NONE,NO CHANGE
H3,m84137_260214_004236_s1/258408881/ccs,177,100.0,0,0,0,0,HIGH,VERY HIGH,0,0,NONE,NO CHANGE
H3,m84137_260214_004236_s1/262932357/ccs,177,100.0,0,0,0,0,HIGH,VERY HIGH,0,0,NONE,NO CHANGE
H3,m84137_260214_004236_s1/127538234/ccs,177,100.0,0,0,0,0,HIGH,VERY HIGH,0,0,NONE,NO CHANGE
H3,m84137_260214_004236_s1/186322344/ccs,177,100.0,0,0,0,0,HIGH,VERY HIGH,0,0,NONE,NO CHANGE
H3,m84137_260214_004236_s1/226104804/ccs,177,100.0,0,0,0,0,HIGH,VERY HIGH,0,0,NONE,NO CHANGE
H3,m84137_260214_004236_s1/246615175/ccs,177,100.0,0,0,0,0,HIGH,VERY HIGH,0,0,NONE,NO CHANGE
H3,m84137_260214_004236_s1/17569222/ccs,177,100.0,0,0,0,0,HIGH,VERY HIGH,0,0,NONE,NO CHANGE
H3,m84137_260214_004236_s1/15142507/ccs,177,100.0,0,0,0,0,HIGH,VERY HIGH,0,0,NONE,NO CHANGE
H3,m84137_260214_004236_s1/98441074/ccs,177,100.0,0,0,0,0,HIGH,VERY HIGH,0,0,NONE,NO CHANGE
H3,m84137_260214_004236_s1/228395109/ccs,177,100.0,0,0,0,0,HIGH,VERY HIGH,0,0,NONE,NO CHANGE
H3,m84137_260214_004236_s1/216732432/ccs,174,100.0,0,0,0,0,HIGH,VERY HIGH,0,0,NONE,NO CHANGE
H3,m84137_260214_004236_s1/35525426/ccs,177,100.0,0,0,0,0,HIGH,VERY HIGH,0,0,NONE,NO CHANGE
H3,m84137_260214_004236_s1/94636808/ccs,179,98.88268156424581,0,0,0,0,HIGH,VERY HIGH,0,0,NONE,NO CHANGE
H3,m84137_260214_004236_s1/75435054/ccs,178,97.75280898876404,0,0,0,0,HIGH,VERY HIGH,1,5,MINOR,SLIGHTLY REDUCED
H3,m84137_260214_004236_s1/199431951/ccs,180,100.0,0,0,0,0,HIGH,VERY HIGH,0,0,NONE,NO CHANGE
H3,m84137_260214_004236_s1/190910477/ccs,180,100.0,0,0,0,0,HIGH,VERY HIGH,0,0,NONE,NO CHANGE
H3,m84137_260214_004236_s1/222757056/ccs,180,100.0,0,0,0,0,HIGH,VERY HIGH,0,0,NONE,NO CHANGE
H3,m84137_260214_004236_s1/27198040/ccs,180,100.0,0,0,0,0,HIGH,VERY HIGH,0,0,NONE,NO CHANGE
H3,m84137_260214_004236_s1/56164717/ccs,180,100.0,0,0,0,0,HIGH,VERY HIGH,0,0,NONE,NO CHANGE
H3,m84137_260214_004236_s1/56033736/ccs,180,100.0,0,0,0,0,HIGH,VERY HIGH,0,0,NONE,NO CHANGE
H3,m84137_260214_004236_s1/77465094/ccs,180,100.0,0,0,0,0,HIGH,VERY HIGH,0,0,NONE,NO CHANGE
H3,m84137_260214_004236_s1/168363375/ccs,180,100.0,0,0,0,0,HIGH,VERY HIGH,0,0,NONE,NO CHANGE
H3,m84137_260214_004236_s1/216533655/ccs,180,100.0,0,0,0,0,HIGH,VERY HIGH,0,0,NONE,NO CHANGE
H3,m84137_260214_004236_s1/246416036/ccs,180,100.0,0,0,0,0,HIGH,VERY HIGH,0,0,NONE,NO CHANGE
H3,m84137_260214_004236_s1/4067169/ccs,180,100.0,0,0,0,0,HIGH,VERY HIGH,0,0,NONE,NO CHANGE
H3,m84137_260214_004236_s1/4853442/ccs,180,100.0,0,0,0,0,HIGH,VERY HIGH,0,0,NONE,NO CHANGE
H3,m84137_260214_004236_s1/35655286/ccs,180,100.0,0,0,0,0,HIGH,VERY HIGH,0,0,NONE,NO CHANGE
H3,m84137_260214_004236_s1/56234377/ccs,180,100.0,0,0,0,0,HIGH,VERY HIGH,0,0,NONE,NO CHANGE
H3,m84137_260214_004236_s1/198251173/ccs,180,100.0,0,0,0,0,HIGH,VERY HIGH,0,0,NONE,NO CHANGE
H3,m84137_260214_004236_s1/243340342/ccs,180,100.0,0,0,0,0,HIGH,VERY HIGH,0,0,NONE,NO CHANGE
H3,m84137_260214_004236_s1/231342264/ccs,180,100.0,0,0,0,0,HIGH,VERY HIGH,0,0,NONE,NO CHANGE
H3,m84137_260214_004236_s1/17371646/ccs,180,100.0,0,0,0,0,HIGH,VERY HIGH,0,0,NONE,NO CHANGE
H3,m84137_260214_004236_s1/40637391/ccs,180,100.0,0,0,0,0,HIGH,VERY HIGH,0,0,NONE,NO CHANGE
H3,m84137_260214_004236_s1/139464282/ccs,180,100.0,0,0,0,0,HIGH,VERY HIGH,0,0,NONE,NO CHANGE
H3,m84137_260214_004236_s1/149164497/ccs,180,100.0,0,0,0,0,HIGH,VERY HIGH,0,0,NONE,NO CHANGE
H3,m84137_260214_004236_s1/178458052/ccs,180,100.0,0,0,0,0,HIGH,VERY HIGH,0,0,NONE,NO CHANGE
H3,m84137_260214_004236_s1/208344686/ccs,180,100.0,0,0,0,0,HIGH,VERY HIGH,0,0,NONE,NO CHANGE
H3,m84137_260214_004236_s1/260445404/ccs,180,100.0,0,0,0,0,HIGH,VERY HIGH,0,0,NONE,NO CHANGE
H3,m84137_260214_004236_s1/249041579/ccs,180,100.0,0,0,0,0,HIGH,VERY HIGH,0,0,NONE,NO CHANGE
H3,m84137_260214_004236_s1/215942388/ccs,180,100.0,0,0,0,0,HIGH,VERY HIGH,0,0,NONE,NO CHANGE
H3,m84137_260214_004236_s1/7410649/ccs,180,100.0,0,0,0,0,HIGH,VERY HIGH,0,0,NONE,NO CHANGE
H3,m84137_260214_004236_s1/24446870/ccs,180,100.0,0,0,0,0,HIGH,VERY HIGH,0,0,NONE,NO CHANGE
H3,m84137_260214_004236_s1/205390081/ccs,180,100.0,0,0,0,0,HIGH,VERY HIGH,0,0,NONE,NO CHANGE
H3,m84137_260214_004236_s1/29166205/ccs,180,100.0,0,0,0,0,HIGH,VERY HIGH,0,0,NONE,NO CHANGE
H3,m84137_260214_004236_s1/25692468/ccs,180,100.0,0,0,0,0,HIGH,VERY HIGH,0,0,NONE,NO CHANGE
H3,m84137_260214_004236_s1/56033958/ccs,180,100.0,0,0,0,0,HIGH,VERY HIGH,0,0,NONE,NO CHANGE
H3,m84137_260214_004236_s1/151127178/ccs,180,100.0,0,0,0,0,HIGH,VERY HIGH,0,0,NONE,NO CHANGE
H3,m84137_260214_004236_s1/138216948/ccs,180,98.33333333333333,0,0,0,0,HIGH,VERY HIGH,0,0,NONE,NO CHANGE
H3,m84137_260214_004236_s1/219415971/ccs,180,100.0,0,0,0,0,HIGH,VERY HIGH,0,0,NONE,NO CHANGE
H3,m84137_260214_004236_s1/198968169/ccs,180,100.0,0,0,0,0,HIGH,VERY HIGH,0,0,NONE,NO CHANGE
H3,m84137_260214_004236_s1/78252938/ccs,181,97.79005524861878,0,0,0,0,HIGH,VERY HIGH,1,5,MINOR,SLIGHTLY REDUCED
H3,m84137_260214_004236_s1/231016930/ccs,181,99.4475138121547,0,0,0,0,HIGH,VERY HIGH,0,0,NONE,NO CHANGE
H3,m84137_260214_004236_s1/57215776/ccs,182,98.9010989010989,0,0,0,0,HIGH,VERY HIGH,0,0,NONE,NO CHANGE
H3,m84137_260214_004236_s1/243532547/ccs,182,98.9010989010989,0,0,0,0,MODERATE,LOW,0,0,NONE,NO CHANGE
H3,m84137_260214_004236_s1/102957688/ccs,183,100.0,0,0,0,0,HIGH,VERY HIGH,0,0,NONE,NO CHANGE
H3,m84137_260214_004236_s1/95491734/ccs,183,100.0,0,0,0,0,HIGH,VERY HIGH,0,0,NONE,NO CHANGE
H3,m84137_260214_004236_s1/27265232/ccs,183,100.0,0,0,0,0,HIGH,VERY HIGH,0,0,NONE,NO CHANGE
H3,m84137_260214_004236_s1/85789388/ccs,183,100.0,0,0,0,0,HIGH,VERY HIGH,0,0,NONE,NO CHANGE
H3,m84137_260214_004236_s1/116458633/ccs,183,100.0,0,0,0,0,HIGH,VERY HIGH,0,0,NONE,NO CHANGE
H3,m84137_260214_004236_s1/255396252/ccs,183,100.0,0,0,0,0,HIGH,VERY HIGH,0,0,NONE,NO CHANGE
H3,m84137_260214_004236_s1/4591426/ccs,183,100.0,0,0,0,0,HIGH,VERY HIGH,0,0,NONE,NO CHANGE
H3,m84137_260214_004236_s1/87626359/ccs,183,100.0,0,0,0,0,HIGH,VERY HIGH,0,0,NONE,NO CHANGE
H3,m84137_260214_004236_s1/7343619/ccs,183,100.0,0,0,0,0,HIGH,VERY HIGH,0,0,NONE,NO CHANGE
H3,m84137_260214_004236_s1/259329274/ccs,183,100.0,0,0,0,0,HIGH,VERY HIGH,0,0,NONE,NO CHANGE
H3,m84137_260214_004236_s1/121049240/ccs,183,100.0,0,0,0,0,HIGH,VERY HIGH,0,0,NONE,NO CHANGE
H3,m84137_260214_004236_s1/19204086/ccs,183,100.0,0,0,0,0,HIGH,VERY HIGH,0,0,NONE,NO CHANGE
H3,m84137_260214_004236_s1/15925676/ccs,183,100.0,0,0,0,0,HIGH,VERY HIGH,0,0,NONE,NO CHANGE
H3,m84137_260214_004236_s1/64226028/ccs,183,100.0,0,0,0,0,HIGH,VERY HIGH,0,0,NONE,NO CHANGE
H3,m84137_260214_004236_s1/75040885/ccs,183,100.0,0,0,0,0,HIGH,VERY HIGH,0,0,NONE,NO CHANGE
H3,m84137_260214_004236_s1/77267283/ccs,183,100.0,0,0,0,0,HIGH,VERY HIGH,0,0,NONE,NO CHANGE
H3,m84137_260214_004236_s1/140378669/ccs,183,100.0,0,0,0,0,HIGH,VERY HIGH,0,0,NONE,NO CHANGE
H3,m84137_260214_004236_s1/137691290/ccs,183,100.0,0,0,0,0,HIGH,VERY HIGH,0,0,NONE,NO CHANGE
H3,m84137_260214_004236_s1/26744344/ccs,183,100.0,0,0,0,0,HIGH,VERY HIGH,0,0,NONE,NO CHANGE
H3,m84137_260214_004236_s1/130814429/ccs,183,100.0,0,0,0,0,HIGH,VERY HIGH,0,0,NONE,NO CHANGE
H3,m84137_260214_004236_s1/220141349/ccs,183,100.0,0,0,0,0,HIGH,VERY HIGH,0,0,NONE,NO CHANGE
H3,m84137_260214_004236_s1/248711085/ccs,183,100.0,0,0,0,0,HIGH,VERY HIGH,0,0,NONE,NO CHANGE
H3,m84137_260214_004236_s1/231216011/ccs,183,100.0,0,0,0,0,HIGH,VERY HIGH,0,0,NONE,NO CHANGE
H3,m84137_260214_004236_s1/104858596/ccs,183,100.0,0,0,0,0,HIGH,VERY HIGH,0,0,NONE,NO CHANGE
H3,m84137_260214_004236_s1/241830857/ccs,183,100.0,0,0,0,0,HIGH,VERY HIGH,0,0,NONE,NO CHANGE
H3,m84137_260214_004236_s1/245238028/ccs,183,100.0,0,0,0,0,HIGH,VERY HIGH,0,0,NONE,NO CHANGE
H3,m84137_260214_004236_s1/31920446/ccs,186,100.0,0,0,0,0,HIGH,VERY HIGH,0,0,NONE,NO CHANGE
H3,m84137_260214_004236_s1/100734285/ccs,186,100.0,0,0,0,0,HIGH,VERY HIGH,0,0,NONE,NO CHANGE
H3,m84137_260214_004236_s1/74976021/ccs,186,100.0,0,0,0,0,HIGH,VERY HIGH,0,0,NONE,NO CHANGE
H3,m84137_260214_004236_s1/176357418/ccs,186,100.0,0,0,0,0,HIGH,VERY HIGH,0,0,NONE,NO CHANGE
H3,m84137_260214_004236_s1/19270902/ccs,186,100.0,0,0,0,0,HIGH,VERY HIGH,0,0,NONE,NO CHANGE
H3,m84137_260214_004236_s1/49549153/ccs,186,100.0,0,0,0,0,HIGH,VERY HIGH,0,0,NONE,NO CHANGE
H3,m84137_260214_004236_s1/184357911/ccs,186,100.0,0,0,0,0,HIGH,VERY HIGH,0,0,NONE,NO CHANGE
H3,m84137_260214_004236_s1/159320747/ccs,186,100.0,0,0,0,0,HIGH,VERY HIGH,0,0,NONE,NO CHANGE
H3,m84137_260214_004236_s1/196347666/ccs,186,100.0,0,0,0,0,HIGH,VERY HIGH,0,0,NONE,NO CHANGE
H3,m84137_260214_004236_s1/205261181/ccs,183,100.0,0,0,0,0,HIGH,VERY HIGH,0,0,NONE,NO CHANGE
H3,m84137_260214_004236_s1/162862705/ccs,186,100.0,0,0,0,0,HIGH,VERY HIGH,0,0,NONE,NO CHANGE
H3,m84137_260214_004236_s1/109052071/ccs,186,100.0,0,0,0,0,HIGH,VERY HIGH,0,0,NONE,NO CHANGE
H3,m84137_260214_004236_s1/254804342/ccs,188,98.93617021276596,0,0,0,0,HIGH,VERY HIGH,1,5,MINOR,SLIGHTLY REDUCED
H3,m84137_260214_004236_s1/39327259/ccs,189,100.0,0,0,0,0,HIGH,VERY HIGH,0,0,NONE,NO CHANGE
H3,m84137_260214_004236_s1/50664076/ccs,189,100.0,0,0,0,0,HIGH,VERY HIGH,0,0,NONE,NO CHANGE
H3,m84137_260214_004236_s1/113444613/ccs,189,100.0,0,0,0,0,HIGH,VERY HIGH,0,0,NONE,NO CHANGE
H3,m84137_260214_004236_s1/163842574/ccs,189,100.0,0,0,0,0,HIGH,VERY HIGH,0,0,NONE,NO CHANGE
H3,m84137_260214_004236_s1/194055625/ccs,189,100.0,0,0,0,0,HIGH,VERY HIGH,0,0,NONE,NO CHANGE
H3,m84137_260214_004236_s1/182255827/ccs,189,100.0,0,0,0,0,HIGH,VERY HIGH,0,0,NONE,NO CHANGE
H3,m84137_260214_004236_s1/17895588/ccs,189,100.0,0,0,0,0,HIGH,VERY HIGH,0,0,NONE,NO CHANGE
H3,m84137_260214_004236_s1/244978811/ccs,189,100.0,0,0,0,0,HIGH,VERY HIGH,0,0,NONE,NO CHANGE
H3,m84137_260214_004236_s1/133894264/ccs,192,100.0,0,0,0,0,HIGH,VERY HIGH,0,0,NONE,NO CHANGE
H3,m84137_260214_004236_s1/187764094/ccs,192,100.0,0,0,0,0,HIGH,VERY HIGH,0,0,NONE,NO CHANGE
H3,m84137_260214_004236_s1/211157874/ccs,192,100.0,0,0,0,0,HIGH,VERY HIGH,0,0,NONE,NO CHANGE
H3,m84137_260214_004236_s1/17499563/ccs,192,100.0,0,0,0,0,HIGH,VERY HIGH,0,0,NONE,NO CHANGE
H3,m84137_260214_004236_s1/227935609/ccs,192,100.0,0,0,0,0,HIGH,VERY HIGH,0,0,NONE,NO CHANGE
H3,m84137_260214_004236_s1/206113943/ccs,192,100.0,0,0,0,0,HIGH,VERY HIGH,0,0,NONE,NO CHANGE
H3,m84137_260214_004236_s1/40307265/ccs,192,100.0,0,0,0,0,HIGH,VERY HIGH,0,0,NONE,NO CHANGE
H3,m84137_260214_004236_s1/62068222/ccs,192,100.0,0,0,0,0,HIGH,VERY HIGH,0,0,NONE,NO CHANGE
H3,m84137_260214_004236_s1/138283156/ccs,193,99.48186528497409,0,0,0,0,HIGH,VERY HIGH,0,0,NONE,NO CHANGE
H3,m84137_260214_004236_s1/208864850/ccs,195,100.0,0,0,0,0,HIGH,VERY HIGH,0,0,NONE,NO CHANGE
H3,m84137_260214_004236_s1/138875953/ccs,195,100.0,0,0,0,0,HIGH,VERY HIGH,0,0,NONE,NO CHANGE
H3,m84137_260214_004236_s1/247401642/ccs,195,100.0,0,0,0,0,HIGH,VERY HIGH,0,0,NONE,NO CHANGE
H3,m84137_260214_004236_s1/200867925/ccs,195,100.0,0,0,0,0,HIGH,VERY HIGH,0,0,NONE,NO CHANGE
H3,m84137_260214_004236_s1/192417475/ccs,195,100.0,0,0,0,0,HIGH,VERY HIGH,0,0,NONE,NO CHANGE
H3,m84137_260214_004236_s1/221055859/ccs,196,97.95918367346938,0,0,0,0,HIGH,VERY HIGH,0,0,NONE,NO CHANGE
H3,m84137_260214_004236_s1/140247326/ccs,198,100.0,0,0,0,0,HIGH,VERY HIGH,0,0,NONE,NO CHANGE
H3,m84137_260214_004236_s1/154796731/ccs,198,100.0,0,0,0,0,HIGH,VERY HIGH,0,0,NONE,NO CHANGE
H3,m84137_260214_004236_s1/139532194/ccs,199,97.98994974874373,0,0,0,0,HIGH,VERY HIGH,1,5,MINOR,SLIGHTLY REDUCED
H3,m84137_260214_004236_s1/265947573/ccs,210,100.0,0,0,0,0,VERY HIGH,VERY HIGH,0,0,NONE,NO CHANGE
H3,m84137_260214_004236_s1/188154622/ccs,201,100.0,0,0,0,0,VERY HIGH,VERY HIGH,0,0,NONE,NO CHANGE
H3,m84137_260214_004236_s1/49615639/ccs,201,100.0,0,0,0,0,VERY HIGH,VERY HIGH,0,0,NONE,NO CHANGE
H3,m84137_260214_004236_s1/162598205/ccs,201,100.0,0,0,0,0,VERY HIGH,VERY HIGH,0,0,NONE,NO CHANGE
H3,m84137_260214_004236_s1/249631417/ccs,200,99.0,0,0,0,0,HIGH,VERY HIGH,0,0,NONE,NO CHANGE
H3,m84137_260214_004236_s1/85328247/ccs,202,98.01980198019803,0,0,0,0,HIGH,VERY HIGH,1,5,MINOR,SLIGHTLY REDUCED
H3,m84137_260214_004236_s1/93717506/ccs,204,100.0,0,0,0,0,VERY HIGH,VERY HIGH,0,0,NONE,NO CHANGE
H3,m84137_260214_004236_s1/181669799/ccs,204,100.0,0,0,0,0,VERY HIGH,VERY HIGH,0,0,NONE,NO CHANGE
H3,m84137_260214_004236_s1/125176432/ccs,204,100.0,0,0,0,0,VERY HIGH,VERY HIGH,0,0,NONE,NO CHANGE
H3,m84137_260214_004236_s1/239010234/ccs,204,100.0,0,0,0,0,VERY HIGH,VERY HIGH,0,0,NONE,NO CHANGE
H3,m84137_260214_004236_s1/145690109/ccs,205,92.19512195121952,0,0,0,0,MODERATE,LOW,4,20,MINOR,SLIGHTLY REDUCED
H3,m84137_260214_004236_s1/241635108/ccs,207,100.0,0,0,0,0,VERY HIGH,VERY HIGH,0,0,NONE,NO CHANGE
H3,m84137_260214_004236_s1/223872103/ccs,210,100.0,0,0,0,0,VERY HIGH,VERY HIGH,0,0,NONE,NO CHANGE
H3,m84137_260214_004236_s1/172758307/ccs,213,100.0,0,0,0,0,VERY HIGH,VERY HIGH,0,0,NONE,NO CHANGE
H3,m84137_260214_004236_s1/56493843/ccs,213,100.0,0,0,0,0,VERY HIGH,VERY HIGH,0,0,NONE,NO CHANGE
H3,m84137_260214_004236_s1/237897542/ccs,213,100.0,0,0,0,0,VERY HIGH,VERY HIGH,0,0,NONE,NO CHANGE
H3,m84137_260214_004236_s1/230427364/ccs,213,100.0,0,0,0,0,VERY HIGH,VERY HIGH,0,0,NONE,NO CHANGE
H3,m84137_260214_004236_s1/72617644/ccs,214,99.53271028037383,0,0,0,0,HIGH,VERY HIGH,0,0,NONE,NO CHANGE
H3,m84137_260214_004236_s1/137299290/ccs,216,100.0,0,0,0,0,VERY HIGH,VERY HIGH,0,0,NONE,NO CHANGE
H3,m84137_260214_004236_s1/183568928/ccs,218,99.08256880733946,0,0,0,0,HIGH,VERY HIGH,1,5,MINOR,SLIGHTLY REDUCED
H3,m84137_260214_004236_s1/121507921/ccs,219,100.0,0,0,0,0,VERY HIGH,VERY HIGH,0,0,NONE,NO CHANGE
H3,m84137_260214_004236_s1/79758998/ccs,228,100.0,0,0,0,0,VERY HIGH,VERY HIGH,0,0,NONE,NO CHANGE
H3,m84137_260214_004236_s1/144246212/ccs,222,100.0,0,0,0,0,VERY HIGH,VERY HIGH,0,0,NONE,NO CHANGE
H3,m84137_260214_004236_s1/2167627/ccs,222,100.0,0,0,0,0,VERY HIGH,VERY HIGH,0,0,NONE,NO CHANGE
H3,m84137_260214_004236_s1/244844443/ccs,228,100.0,0,0,0,0,VERY HIGH,VERY HIGH,0,0,NONE,NO CHANGE
H3,m84137_260214_004236_s1/21956594/ccs,231,100.0,0,0,0,0,VERY HIGH,VERY HIGH,0,0,NONE,NO CHANGE
H3,m84137_260214_004236_s1/266143159/ccs,231,97.40259740259741,0,0,0,0,HIGH,VERY HIGH,2,10,MINOR,SLIGHTLY REDUCED
H3,m84137_260214_004236_s1/93257919/ccs,234,100.0,0,0,0,0,VERY HIGH,VERY HIGH,0,0,NONE,NO CHANGE
H3,m84137_260214_004236_s1/255263426/ccs,234,100.0,0,0,0,0,VERY HIGH,VERY HIGH,0,0,NONE,NO CHANGE
H3,m84137_260214_004236_s1/78840334/ccs,237,100.0,0,0,0,0,VERY HIGH,VERY HIGH,0,0,NONE,NO CHANGE
H3,m84137_260214_004236_s1/171381322/ccs,243,100.0,0,0,0,0,VERY HIGH,VERY HIGH,0,0,NONE,NO CHANGE
H3,m84137_260214_004236_s1/42667354/ccs,248,96.7741935483871,0,0,0,0,HIGH,VERY HIGH,2,10,MINOR,SLIGHTLY REDUCED
H3,m84137_260214_004236_s1/206048291/ccs,249,100.0,0,0,0,0,VERY HIGH,VERY HIGH,0,0,NONE,NO CHANGE
H3,m84137_260214_004236_s1/166003128/ccs,255,100.0,0,0,0,0,VERY HIGH,VERY HIGH,0,0,NONE,NO CHANGE
H3,m84137_260214_004236_s1/122423258/ccs,252,100.0,0,0,0,0,VERY HIGH,VERY HIGH,0,0,NONE,NO CHANGE
H3,m84137_260214_004236_s1/125372765/ccs,255,100.0,0,0,0,0,VERY HIGH,VERY HIGH,0,0,NONE,NO CHANGE
H3,m84137_260214_004236_s1/161153616/ccs,255,100.0,0,0,0,0,VERY HIGH,VERY HIGH,0,0,NONE,NO CHANGE
H3,m84137_260214_004236_s1/171508622/ccs,262,99.61832061068702,0,0,0,0,HIGH,VERY HIGH,0,0,NONE,NO CHANGE
H3,m84137_260214_004236_s1/83891473/ccs,269,99.25650557620817,0,0,0,0,VERY HIGH,VERY HIGH,0,0,NONE,NO CHANGE
H3,m84137_260214_004236_s1/235340827/ccs,277,99.63898916967509,0,0,0,0,HIGH,VERY HIGH,0,0,NONE,NO CHANGE
H3,m84137_260214_004236_s1/219351965/ccs,282,100.0,0,0,0,0,VERY HIGH,VERY HIGH,0,0,NONE,NO CHANGE
H3,m84137_260214_004236_s1/38536812/ccs,327,100.0,0,0,0,0,VERY HIGH,VERY HIGH,0,0,NONE,NO CHANGE
H3,m84137_260214_004236_s1/183178679/ccs,333,100.0,0,0,0,0,VERY HIGH,VERY HIGH,0,0,NONE,NO CHANGE
H3,m84137_260214_004236_s1/81199936/ccs,339,100.0,0,0,0,0,VERY HIGH,VERY HIGH,0,0,NONE,NO CHANGE
H3,m84137_260214_004236_s1/9962720/ccs,399,100.0,0,0,0,0,VERY HIGH,VERY HIGH,0,0,NONE,NO CHANGE
H3,m84137_260214_004236_s1/17828471/ccs,682,99.41348973607037,0,0,0,0,VERY HIGH,VERY HIGH,0,0,NONE,NO CHANGE
H3,m84137_260214_004236_s1/247596557/ccs,166,84.93975903614458,0,0,0,0,LOW-MODERATE,LOW,5,25,MINOR,SLIGHTLY REDUCED
H3,m84137_260214_004236_s1/221054463/ccs,174,86.20689655172413,0,0,0,0,LOW-MODERATE,LOW,6,30,SIGNIFICANT,REDUCED
H3,m84137_260214_004236_s1/227150282/ccs,189,85.71428571428571,0,0,0,0,LOW-MODERATE,LOW,5,25,MINOR,SLIGHTLY REDUCED
H3,m84137_260214_004236_s1/248254640/ccs,170,90.0,0,0,0,0,LOW-MODERATE,LOW,3,15,MINOR,SLIGHTLY REDUCED
H3,m84137_260214_004236_s1/240718566/ccs,171,100.0,0,0,0,0,HIGH,VERY HIGH,0,0,NONE,NO CHANGE
H3,m84137_260214_004236_s1/239142069/ccs,171,100.0,0,0,0,0,HIGH,VERY HIGH,0,0,NONE,NO CHANGE
H3,m84137_260214_004236_s1/126161763/ccs,178,99.43820224719101,0,0,0,0,HIGH,VERY HIGH,0,0,NONE,NO CHANGE
H3,m84137_260214_004236_s1/108793603/ccs,237,100.0,0,0,0,0,VERY HIGH,VERY HIGH,0,0,NONE,NO CHANGE
H3,m84137_260214_004236_s1/237900931/ccs,195,92.3076923076923,0,0,0,0,MODERATE,LOW,1,5,MINOR,SLIGHTLY REDUCED
H3,m84137_260214_004236_s1/179308480/ccs,165,100.0,0,0,0,0,HIGH,VERY HIGH,0,0,NONE,NO CHANGE
H3,m84137_260214_004236_s1/106236253/ccs,171,92.98245614035088,0,0,0,0,MODERATE,LOW,3,15,MINOR,SLIGHTLY REDUCED
H3,m84137_260214_004236_s1/131007270/ccs,177,94.91525423728814,0,0,0,0,MODERATE,LOW,2,10,MINOR,SLIGHTLY REDUCED
H3,m84137_260214_004236_s1/229511567/ccs,179,95.53072625698324,0,0,0,0,MODERATE,LOW,2,10,MINOR,SLIGHTLY REDUCED
H3,m84137_260214_004236_s1/37164372/ccs,200,82.5,0,0,0,0,LOW-MODERATE,LOW,4,20,MINOR,SLIGHTLY REDUCED
H3,m84137_260214_004236_s1/39063316/ccs,165,89.0909090909091,0,0,0,0,LOW-MODERATE,LOW,0,0,NONE,NO CHANGE
H3,m84137_260214_004236_s1/197526954/ccs,177,84.7457627118644,0,0,0,0,LOW-MODERATE,LOW,5,25,MINOR,SLIGHTLY REDUCED
H3,m84137_260214_004236_s1/236191908/ccs,164,82.3170731707317,0,0,0,0,LOW-MODERATE,LOW,4,20,MINOR,SLIGHTLY REDUCED
H3,m84137_260214_004236_s1/256775240/ccs,185,94.05405405405406,0,0,0,0,MODERATE,LOW,1,5,MINOR,SLIGHTLY REDUCED
H3,m84137_260214_004236_s1/94897451/ccs,162,79.62962962962963,0,0,0,0,LOW-MODERATE,LOW,2,10,MINOR,SLIGHTLY REDUCED
H3,m84137_260214_004236_s1/185272993/ccs,175,89.14285714285714,0,0,0,0,LOW-MODERATE,LOW,2,10,MINOR,SLIGHTLY REDUCED
H3,m84137_260214_004236_s1/198509662/ccs,198,92.42424242424242,0,0,0,0,MODERATE,LOW,2,10,MINOR,SLIGHTLY REDUCED
H3,m84137_260214_004236_s1/61871305/ccs,182,93.95604395604396,0,0,0,0,MODERATE,LOW,3,15,MINOR,SLIGHTLY REDUCED
H3,m84137_260214_004236_s1/202310876/ccs,153,86.27450980392157,0,0,0,0,LOW-MODERATE,LOW,2,10,MINOR,SLIGHTLY REDUCED
H3,m84137_260214_004236_s1/59966251/ccs,168,87.5,0,0,0,0,LOW-MODERATE,LOW,2,10,MINOR,SLIGHTLY REDUCED
H3,m84137_260214_004236_s1/81137636/ccs,170,95.29411764705881,0,0,0,0,MODERATE,LOW,2,10,MINOR,SLIGHTLY REDUCED
H3,m84137_260214_004236_s1/156833228/ccs,249,92.7710843373494,0,0,0,0,MODERATE,LOW,2,10,MINOR,SLIGHTLY REDUCED
