Sample,Allele,Read ID,Core Length,Phase,OOF Flag,OOF Magnitude,Confidence
Control_11,0,m84137_260214_004236_s1/18482317/ccs,59,2,True,2,HIGH
Control_11,0,m84137_260214_004236_s1/59444425/ccs,45,0,False,0,HIGH
Control_11,0,m84137_260214_004236_s1/112332217/ccs,56,1,True,1,HIGH
Control_11,0,m84137_260214_004236_s1/187040585/ccs,53,1,True,1,HIGH
Control_11,0,m84137_260214_004236_s1/62919884/ccs,53,0,False,0,HIGH
Control_11,0,m84137_260214_004236_s1/14747362/ccs,45,0,False,0,HIGH
Control_11,0,m84137_260214_004236_s1/123866742/ccs,50,1,True,1,HIGH
Control_11,0,m84137_260214_004236_s1/202113161/ccs,55,2,True,2,HIGH
Control_11,0,m84137_260214_004236_s1/110493832/ccs,49,1,True,1,HIGH
Control_11,0,m84137_260214_004236_s1/125502623/ccs,56,2,True,2,HIGH
Control_11,0,m84137_260214_004236_s1/54986644/ccs,56,0,False,0,HIGH
Control_11,0,m84137_260214_004236_s1/11474691/ccs,54,2,True,2,HIGH
Control_11,0,m84137_260214_004236_s1/125042930/ccs,58,1,True,1,HIGH
Control_11,0,m84137_260214_004236_s1/251593963/ccs,59,0,False,0,HIGH
Control_11,0,m84137_260214_004236_s1/120916428/ccs,58,1,True,1,HIGH
Control_11,0,m84137_260214_004236_s1/207361389/ccs,55,0,False,0,HIGH
Control_11,0,m84137_260214_004236_s1/68487019/ccs,55,2,True,2,HIGH
Control_11,0,m84137_260214_004236_s1/162203962/ccs,55,2,True,2,HIGH
Control_11,0,m84137_260214_004236_s1/257890097/ccs,53,2,True,2,HIGH
Control_11,0,m84137_260214_004236_s1/141432047/ccs,54,2,True,2,HIGH
Control_11,0,m84137_260214_004236_s1/61999000/ccs,55,2,True,2,HIGH
Control_11,0,m84137_260214_004236_s1/148312732/ccs,54,2,True,2,HIGH
Control_11,0,m84137_260214_004236_s1/69012014/ccs,55,2,True,2,HIGH
Control_11,0,m84137_260214_004236_s1/31788210/ccs,54,2,True,2,HIGH
Control_11,0,m84137_260214_004236_s1/224529511/ccs,54,2,True,2,HIGH
Control_11,0,m84137_260214_004236_s1/166202082/ccs,54,2,True,2,HIGH
Control_11,0,m84137_260214_004236_s1/96011374/ccs,54,2,True,2,HIGH
Control_11,0,m84137_260214_004236_s1/21763606/ccs,54,0,False,0,HIGH
Control_11,0,m84137_260214_004236_s1/81925903/ccs,54,0,False,0,HIGH
Control_11,0,m84137_260214_004236_s1/103745542/ccs,54,0,False,0,HIGH
Control_11,0,m84137_260214_004236_s1/214369647/ccs,53,0,False,0,HIGH
Control_11,0,m84137_260214_004236_s1/172687452/ccs,54,0,False,0,HIGH
Control_11,0,m84137_260214_004236_s1/49873102/ccs,54,0,False,0,HIGH
Control_11,0,m84137_260214_004236_s1/99159360/ccs,54,1,True,1,HIGH
Control_11,0,m84137_260214_004236_s1/256576210/ccs,57,1,True,1,HIGH
Control_11,0,m84137_260214_004236_s1/64947262/ccs,57,1,True,1,HIGH
Control_11,0,m84137_260214_004236_s1/190646686/ccs,57,1,True,1,HIGH
Control_11,0,m84137_260214_004236_s1/190908090/ccs,54,1,True,1,HIGH
Control_11,0,m84137_260214_004236_s1/156440323/ccs,54,1,True,1,HIGH
Control_11,0,m84137_260214_004236_s1/6687608/ccs,57,1,True,1,HIGH
Control_11,0,m84137_260214_004236_s1/18942242/ccs,57,1,True,1,HIGH
Control_11,0,m84137_260214_004236_s1/9437348/ccs,57,1,True,1,HIGH
Control_11,0,m84137_260214_004236_s1/21364826/ccs,54,1,True,1,HIGH
Control_11,0,m84137_260214_004236_s1/118622751/ccs,54,1,True,1,HIGH
Control_11,0,m84137_260214_004236_s1/125110076/ccs,54,1,True,1,HIGH
Control_11,0,m84137_260214_004236_s1/47584289/ccs,57,1,True,1,HIGH
Control_11,0,m84137_260214_004236_s1/251593884/ccs,57,1,True,1,HIGH
Control_11,0,m84137_260214_004236_s1/30413065/ccs,57,1,True,1,HIGH
Control_11,0,m84137_260214_004236_s1/146806579/ccs,57,1,True,1,HIGH
Control_11,0,m84137_260214_004236_s1/171707983/ccs,54,1,True,1,HIGH
Control_11,0,m84137_260214_004236_s1/97194433/ccs,57,1,True,1,HIGH
Control_11,0,m84137_260214_004236_s1/188745058/ccs,57,1,True,1,HIGH
Control_11,0,m84137_260214_004236_s1/192219438/ccs,57,1,True,1,HIGH
Control_11,0,m84137_260214_004236_s1/176097175/ccs,54,1,True,1,HIGH
Control_11,0,m84137_260214_004236_s1/179701003/ccs,54,1,True,1,HIGH
Control_11,0,m84137_260214_004236_s1/173278087/ccs,57,1,True,1,HIGH
Control_11,0,m84137_260214_004236_s1/242488697/ccs,57,1,True,1,HIGH
Control_11,0,m84137_260214_004236_s1/255852787/ccs,57,1,True,1,HIGH
Control_11,0,m84137_260214_004236_s1/159978261/ccs,57,1,True,1,HIGH
Control_11,0,m84137_260214_004236_s1/42208773/ccs,57,1,True,1,HIGH
Control_11,0,m84137_260214_004236_s1/102568202/ccs,57,1,True,1,HIGH
Control_11,0,m84137_260214_004236_s1/11995489/ccs,57,1,True,1,HIGH
Control_11,0,m84137_260214_004236_s1/25299087/ccs,57,1,True,1,HIGH
Control_11,0,m84137_260214_004236_s1/81725058/ccs,57,1,True,1,HIGH
Control_11,0,m84137_260214_004236_s1/108265597/ccs,57,1,True,1,HIGH
Control_11,0,m84137_260214_004236_s1/108331082/ccs,57,1,True,1,HIGH
Control_11,0,m84137_260214_004236_s1/108465010/ccs,57,1,True,1,HIGH
Control_11,0,m84137_260214_004236_s1/122031074/ccs,54,1,True,1,HIGH
Control_11,0,m84137_260214_004236_s1/122095023/ccs,57,1,True,1,HIGH
Control_11,0,m84137_260214_004236_s1/232720782/ccs,57,1,True,1,HIGH
Control_11,0,m84137_260214_004236_s1/65209350/ccs,57,1,True,1,HIGH
Control_11,0,m84137_260214_004236_s1/194973426/ccs,57,1,True,1,HIGH
Control_11,0,m84137_260214_004236_s1/181474850/ccs,54,1,True,1,HIGH
Control_11,0,m84137_260214_004236_s1/236392775/ccs,54,1,True,1,HIGH
Control_11,0,m84137_260214_004236_s1/237571621/ccs,57,1,True,1,HIGH
Control_11,0,m84137_260214_004236_s1/11469115/ccs,54,1,True,1,HIGH
Control_11,0,m84137_260214_004236_s1/253300179/ccs,54,1,True,1,HIGH
Control_11,0,m84137_260214_004236_s1/70452188/ccs,57,1,True,1,HIGH
Control_11,0,m84137_260214_004236_s1/184484811/ccs,57,1,True,1,HIGH
Control_11,0,m84137_260214_004236_s1/212865648/ccs,57,1,True,1,HIGH
Control_11,0,m84137_260214_004236_s1/24644613/ccs,57,1,True,1,HIGH
Control_11,0,m84137_260214_004236_s1/153026744/ccs,57,1,True,1,HIGH
Control_11,0,m84137_260214_004236_s1/164823442/ccs,57,1,True,1,HIGH
Control_11,0,m84137_260214_004236_s1/144574790/ccs,57,1,True,1,HIGH
Control_11,0,m84137_260214_004236_s1/74454188/ccs,54,1,True,1,HIGH
Control_11,0,m84137_260214_004236_s1/91624038/ccs,54,1,True,1,HIGH
Control_11,0,m84137_260214_004236_s1/135335760/ccs,54,1,True,1,HIGH
Control_11,0,m84137_260214_004236_s1/161354113/ccs,57,1,True,1,HIGH
Control_11,0,m84137_260214_004236_s1/45223569/ccs,57,1,True,1,HIGH
Control_11,0,m84137_260214_004236_s1/46143063/ccs,57,1,True,1,HIGH
Control_11,0,m84137_260214_004236_s1/93195298/ccs,54,1,True,1,HIGH
Control_11,0,m84137_260214_004236_s1/65078246/ccs,57,1,True,1,HIGH
Control_11,0,m84137_260214_004236_s1/131468981/ccs,54,1,True,1,HIGH
Control_11,0,m84137_260214_004236_s1/19595635/ccs,54,1,True,1,HIGH
Control_11,0,m84137_260214_004236_s1/246876716/ccs,57,1,True,1,HIGH
Control_11,0,m84137_260214_004236_s1/33755629/ccs,54,1,True,1,HIGH
Control_11,0,m84137_260214_004236_s1/144511833/ccs,54,1,True,1,HIGH
Control_11,0,m84137_260214_004236_s1/211092944/ccs,54,1,True,1,HIGH
Control_11,0,m84137_260214_004236_s1/139722970/ccs,57,1,True,1,HIGH
Control_11,0,m84137_260214_004236_s1/228919285/ccs,57,1,True,1,HIGH
Control_11,0,m84137_260214_004236_s1/241370634/ccs,54,1,True,1,HIGH
Control_11,0,m84137_260214_004236_s1/98178407/ccs,57,1,True,1,HIGH
Control_11,0,m84137_260214_004236_s1/81595919/ccs,54,1,True,1,HIGH
Control_11,0,m84137_260214_004236_s1/130814991/ccs,54,1,True,1,HIGH
Control_11,0,m84137_260214_004236_s1/235736612/ccs,57,1,True,1,HIGH
Control_11,0,m84137_260214_004236_s1/215420917/ccs,54,1,True,1,HIGH
Control_11,0,m84137_260214_004236_s1/16450447/ccs,54,1,True,1,HIGH
Control_11,0,m84137_260214_004236_s1/87689640/ccs,57,1,True,1,HIGH
Control_11,0,m84137_260214_004236_s1/44305192/ccs,57,1,True,1,HIGH
Control_11,0,m84137_260214_004236_s1/8131357/ccs,57,1,True,1,HIGH
Control_11,0,m84137_260214_004236_s1/195232811/ccs,55,2,True,2,HIGH
Control_11,0,m84137_260214_004236_s1/215225629/ccs,55,2,True,2,HIGH
Control_11,0,m84137_260214_004236_s1/144118649/ccs,58,2,True,2,HIGH
Control_11,0,m84137_260214_004236_s1/92868970/ccs,57,2,True,2,HIGH
Control_11,0,m84137_260214_004236_s1/89785899/ccs,57,0,False,0,HIGH
Control_11,0,m84137_260214_004236_s1/22811543/ccs,54,0,False,0,HIGH
Control_11,0,m84137_260214_004236_s1/197922584/ccs,57,1,True,1,HIGH
Control_11,0,m84137_260214_004236_s1/109646209/ccs,60,1,True,1,HIGH
Control_11,0,m84137_260214_004236_s1/230691209/ccs,57,1,True,1,HIGH
Control_11,0,m84137_260214_004236_s1/2752980/ccs,60,1,True,1,HIGH
Control_11,0,m84137_260214_004236_s1/174588023/ccs,57,1,True,1,HIGH
Control_11,0,m84137_260214_004236_s1/160306047/ccs,60,1,True,1,HIGH
Control_11,0,m84137_260214_004236_s1/163119769/ccs,60,1,True,1,HIGH
Control_11,0,m84137_260214_004236_s1/178325083/ccs,60,1,True,1,HIGH
Control_11,0,m84137_260214_004236_s1/255530135/ccs,59,2,True,2,HIGH
Control_11,0,m84137_260214_004236_s1/188811753/ccs,55,2,True,2,HIGH
Control_11,0,m84137_260214_004236_s1/231084257/ccs,63,1,True,1,HIGH
Control_11,0,m84137_260214_004236_s1/107810344/ccs,57,0,False,0,HIGH
Control_11,0,m84137_260214_004236_s1/47515467/ccs,55,2,True,2,HIGH
Control_11,0,m84137_260214_004236_s1/127142078/ccs,54,2,True,2,HIGH
Control_11,0,m84137_260214_004236_s1/245433152/ccs,55,1,True,1,HIGH
Control_11,0,m84137_260214_004236_s1/3084395/ccs,55,0,False,0,HIGH
Control_11,0,m84137_260214_004236_s1/238158922/ccs,49,2,True,2,HIGH
Control_11,0,m84137_260214_004236_s1/260770914/ccs,55,2,True,2,HIGH
Control_11,0,m84137_260214_004236_s1/145360456/ccs,54,2,True,2,HIGH
Control_11,0,m84137_260214_004236_s1/165282657/ccs,54,2,True,2,HIGH
Control_11,0,m84137_260214_004236_s1/70979261/ccs,54,2,True,2,HIGH
Control_11,0,m84137_260214_004236_s1/6687075/ccs,54,2,True,2,HIGH
Control_11,0,m84137_260214_004236_s1/95816901/ccs,54,2,True,2,HIGH
Control_11,0,m84137_260214_004236_s1/199297445/ccs,54,2,True,2,HIGH
Control_11,0,m84137_260214_004236_s1/38469726/ccs,55,2,True,2,HIGH
Control_11,0,m84137_260214_004236_s1/234357135/ccs,54,2,True,2,HIGH
Control_11,0,m84137_260214_004236_s1/32969640/ccs,54,2,True,2,HIGH
Control_11,0,m84137_260214_004236_s1/193531898/ccs,54,2,True,2,HIGH
Control_11,0,m84137_260214_004236_s1/49415807/ccs,54,2,True,2,HIGH
Control_11,0,m84137_260214_004236_s1/132972817/ccs,54,2,True,2,HIGH
Control_11,0,m84137_260214_004236_s1/169806217/ccs,54,2,True,2,HIGH
Control_11,0,m84137_260214_004236_s1/188678707/ccs,54,2,True,2,HIGH
Control_11,0,m84137_260214_004236_s1/55185398/ccs,56,0,False,0,HIGH
Control_11,0,m84137_260214_004236_s1/112461128/ccs,54,0,False,0,HIGH
Control_11,0,m84137_260214_004236_s1/229443484/ccs,56,0,False,0,HIGH
Control_11,0,m84137_260214_004236_s1/28510127/ccs,51,0,False,0,HIGH
Control_11,0,m84137_260214_004236_s1/37683310/ccs,56,0,False,0,HIGH
Control_11,0,m84137_260214_004236_s1/105779087/ccs,56,0,False,0,HIGH
Control_11,0,m84137_260214_004236_s1/81200477/ccs,55,0,False,0,HIGH
Control_11,0,m84137_260214_004236_s1/262866778/ccs,54,0,False,0,HIGH
Control_11,0,m84137_260214_004236_s1/31589798/ccs,54,1,True,1,HIGH
Control_11,0,m84137_260214_004236_s1/133041889/ccs,54,1,True,1,HIGH
Control_11,0,m84137_260214_004236_s1/4915602/ccs,54,1,True,1,HIGH
Control_11,0,m84137_260214_004236_s1/62723428/ccs,57,1,True,1,HIGH
Control_11,0,m84137_260214_004236_s1/51710632/ccs,54,1,True,1,HIGH
Control_11,0,m84137_260214_004236_s1/89785619/ccs,57,1,True,1,HIGH
Control_11,0,m84137_260214_004236_s1/190317594/ccs,57,1,True,1,HIGH
Control_11,0,m84137_260214_004236_s1/135071386/ccs,57,1,True,1,HIGH
Control_11,0,m84137_260214_004236_s1/152961636/ccs,56,1,True,1,HIGH
Control_11,0,m84137_260214_004236_s1/136776502/ccs,57,1,True,1,HIGH
Control_11,0,m84137_260214_004236_s1/158731048/ccs,54,1,True,1,HIGH
Control_11,0,m84137_260214_004236_s1/146079907/ccs,57,1,True,1,HIGH
Control_11,0,m84137_260214_004236_s1/217778608/ccs,57,1,True,1,HIGH
Control_11,0,m84137_260214_004236_s1/178455869/ccs,57,1,True,1,HIGH
Control_11,0,m84137_260214_004236_s1/181600938/ccs,57,1,True,1,HIGH
Control_11,0,m84137_260214_004236_s1/200279618/ccs,54,1,True,1,HIGH
Control_11,0,m84137_260214_004236_s1/214829752/ccs,57,1,True,1,HIGH
Control_11,0,m84137_260214_004236_s1/198512006/ccs,57,1,True,1,HIGH
Control_11,0,m84137_260214_004236_s1/266275461/ccs,57,1,True,1,HIGH
Control_11,0,m84137_260214_004236_s1/111217744/ccs,57,1,True,1,HIGH
Control_11,0,m84137_260214_004236_s1/22156213/ccs,57,1,True,1,HIGH
Control_11,0,m84137_260214_004236_s1/33165646/ccs,54,1,True,1,HIGH
Control_11,0,m84137_260214_004236_s1/40636815/ccs,57,1,True,1,HIGH
Control_11,0,m84137_260214_004236_s1/166268655/ccs,57,1,True,1,HIGH
Control_11,0,m84137_260214_004236_s1/116129882/ccs,54,1,True,1,HIGH
Control_11,0,m84137_260214_004236_s1/149094907/ccs,57,1,True,1,HIGH
Control_11,0,m84137_260214_004236_s1/89654158/ccs,57,1,True,1,HIGH
Control_11,0,m84137_260214_004236_s1/222759440/ccs,57,1,True,1,HIGH
Control_11,0,m84137_260214_004236_s1/82576624/ccs,57,1,True,1,HIGH
Control_11,0,m84137_260214_004236_s1/261685637/ccs,57,1,True,1,HIGH
Control_11,0,m84137_260214_004236_s1/37618894/ccs,57,1,True,1,HIGH
Control_11,0,m84137_260214_004236_s1/97913626/ccs,57,1,True,1,HIGH
Control_11,0,m84137_260214_004236_s1/68685904/ccs,57,1,True,1,HIGH
Control_11,0,m84137_260214_004236_s1/259591130/ccs,57,1,True,1,HIGH
Control_11,0,m84137_260214_004236_s1/10881184/ccs,54,1,True,1,HIGH
Control_11,0,m84137_260214_004236_s1/50529978/ccs,57,1,True,1,HIGH
Control_11,0,m84137_260214_004236_s1/82314279/ccs,57,1,True,1,HIGH
Control_11,0,m84137_260214_004236_s1/131729591/ccs,57,1,True,1,HIGH
Control_11,0,m84137_260214_004236_s1/205129824/ccs,57,1,True,1,HIGH
Control_11,0,m84137_260214_004236_s1/215155177/ccs,54,1,True,1,HIGH
Control_11,0,m84137_260214_004236_s1/9768116/ccs,57,1,True,1,HIGH
Control_11,0,m84137_260214_004236_s1/36245871/ccs,54,1,True,1,HIGH
Control_11,0,m84137_260214_004236_s1/90312886/ccs,57,1,True,1,HIGH
Control_11,0,m84137_260214_004236_s1/134614243/ccs,57,1,True,1,HIGH
Control_11,0,m84137_260214_004236_s1/164302252/ccs,57,1,True,1,HIGH
Control_11,0,m84137_260214_004236_s1/146609755/ccs,57,1,True,1,HIGH
Control_11,0,m84137_260214_004236_s1/148116892/ccs,57,1,True,1,HIGH
Control_11,0,m84137_260214_004236_s1/205786125/ccs,57,1,True,1,HIGH
Control_11,0,m84137_260214_004236_s1/80806290/ccs,57,1,True,1,HIGH
Control_11,0,m84137_260214_004236_s1/157286493/ccs,57,1,True,1,HIGH
Control_11,0,m84137_260214_004236_s1/143327950/ccs,57,1,True,1,HIGH
Control_11,0,m84137_260214_004236_s1/188812882/ccs,54,1,True,1,HIGH
Control_11,0,m84137_260214_004236_s1/257753562/ccs,57,1,True,1,HIGH
Control_11,0,m84137_260214_004236_s1/7340164/ccs,57,1,True,1,HIGH
Control_11,0,m84137_260214_004236_s1/23203780/ccs,54,1,True,1,HIGH
Control_11,0,m84137_260214_004236_s1/248581486/ccs,57,1,True,1,HIGH
Control_11,0,m84137_260214_004236_s1/132186718/ccs,54,1,True,1,HIGH
Control_11,0,m84137_260214_004236_s1/243401227/ccs,54,1,True,1,HIGH
Control_11,0,m84137_260214_004236_s1/203036423/ccs,57,1,True,1,HIGH
Control_11,0,m84137_260214_004236_s1/17432876/ccs,57,1,True,1,HIGH
Control_11,0,m84137_260214_004236_s1/58197695/ccs,57,1,True,1,HIGH
Control_11,0,m84137_260214_004236_s1/67700552/ccs,57,1,True,1,HIGH
Control_11,0,m84137_260214_004236_s1/85132727/ccs,54,1,True,1,HIGH
Control_11,0,m84137_260214_004236_s1/109053317/ccs,54,1,True,1,HIGH
Control_11,0,m84137_260214_004236_s1/163383888/ccs,57,1,True,1,HIGH
Control_11,0,m84137_260214_004236_s1/199950422/ccs,57,1,True,1,HIGH
Control_11,0,m84137_260214_004236_s1/207947122/ccs,54,1,True,1,HIGH
Control_11,0,m84137_260214_004236_s1/234029302/ccs,54,1,True,1,HIGH
Control_11,0,m84137_260214_004236_s1/239470491/ccs,57,1,True,1,HIGH
Control_11,0,m84137_260214_004236_s1/240320671/ccs,57,1,True,1,HIGH
Control_11,0,m84137_260214_004236_s1/143397336/ccs,57,1,True,1,HIGH
Control_11,0,m84137_260214_004236_s1/203429093/ccs,57,1,True,1,HIGH
Control_11,0,m84137_260214_004236_s1/205393613/ccs,57,1,True,1,HIGH
Control_11,0,m84137_260214_004236_s1/242291945/ccs,57,1,True,1,HIGH
Control_11,0,m84137_260214_004236_s1/185075857/ccs,57,1,True,1,HIGH
Control_11,0,m84137_260214_004236_s1/69534767/ccs,57,1,True,1,HIGH
Control_11,0,m84137_260214_004236_s1/250873914/ccs,54,1,True,1,HIGH
Control_11,0,m84137_260214_004236_s1/65733446/ccs,58,2,True,2,HIGH
Control_11,0,m84137_260214_004236_s1/226891609/ccs,57,2,True,2,HIGH
Control_11,0,m84137_260214_004236_s1/108661769/ccs,57,2,True,2,HIGH
Control_11,0,m84137_260214_004236_s1/74583854/ccs,58,2,True,2,HIGH
Control_11,0,m84137_260214_004236_s1/213322062/ccs,54,2,True,2,HIGH
Control_11,0,m84137_260214_004236_s1/112263401/ccs,59,0,False,0,HIGH
Control_11,0,m84137_260214_004236_s1/80875135/ccs,59,0,False,0,HIGH
Control_11,0,m84137_260214_004236_s1/44698790/ccs,60,1,True,1,HIGH
Control_11,0,m84137_260214_004236_s1/35133238/ccs,57,1,True,1,HIGH
Control_11,0,m84137_260214_004236_s1/100865887/ccs,57,1,True,1,HIGH
Control_11,0,m84137_260214_004236_s1/74057186/ccs,60,1,True,1,HIGH
Control_11,0,m84137_260214_004236_s1/197984721/ccs,57,1,True,1,HIGH
Control_11,0,m84137_260214_004236_s1/22025000/ccs,60,1,True,1,HIGH
Control_11,0,m84137_260214_004236_s1/114886605/ccs,60,1,True,1,HIGH
Control_11,0,m84137_260214_004236_s1/128518222/ccs,57,1,True,1,HIGH
Control_11,0,m84137_260214_004236_s1/39589623/ccs,60,1,True,1,HIGH
Control_11,0,m84137_260214_004236_s1/67572397/ccs,60,1,True,1,HIGH
Control_11,0,m84137_260214_004236_s1/33163774/ccs,57,1,True,1,HIGH
Control_11,0,m84137_260214_004236_s1/157221349/ccs,60,2,True,2,HIGH
Control_11,0,m84137_260214_004236_s1/179308780/ccs,60,2,True,2,HIGH
Control_11,0,m84137_260214_004236_s1/120651958/ccs,63,1,True,1,HIGH
Control_11,0,m84137_260214_004236_s1/22481903/ccs,66,1,True,1,HIGH
Control_11,0,m84137_260214_004236_s1/130679643/ccs,63,0,False,0,HIGH
Control_11,0,m84137_260214_004236_s1/246415722/ccs,54,1,True,1,HIGH
Control_11,0,m84137_260214_004236_s1/257689022/ccs,54,2,True,2,HIGH
Control_11,0,m84137_260214_004236_s1/163317127/ccs,54,2,True,2,HIGH
Control_11,0,m84137_260214_004236_s1/83362483/ccs,57,1,True,1,HIGH
Control_11,0,m84137_260214_004236_s1/206373957/ccs,57,1,True,1,HIGH
Control_11,0,m84137_260214_004236_s1/197003452/ccs,59,2,True,2,HIGH
Control_11,0,m84137_260214_004236_s1/45748407/ccs,44,0,False,0,HIGH
Control_11,0,m84137_260214_004236_s1/65146362/ccs,55,2,True,2,HIGH
Control_11,0,m84137_260214_004236_s1/231474779/ccs,56,1,True,1,HIGH
Control_11,0,m84137_260214_004236_s1/151126475/ccs,51,2,True,2,HIGH
Control_11,0,m84137_260214_004236_s1/260443544/ccs,53,0,False,0,HIGH
Control_11,0,m84137_260214_004236_s1/32378620/ccs,54,1,True,1,HIGH
Control_11,0,m84137_260214_004236_s1/20125280/ccs,60,1,True,1,HIGH
Control_11,0,m84137_260214_004236_s1/237896500/ccs,59,1,True,1,HIGH
Control_11,0,m84137_260214_004236_s1/100141606/ccs,63,1,True,1,HIGH
Control_11,0,m84137_260214_004236_s1/78709813/ccs,54,0,False,0,HIGH
Control_11,0,m84137_260214_004236_s1/17962481/ccs,54,1,True,1,HIGH
Control_11,0,m84137_260214_004236_s1/200478317/ccs,57,0,False,0,HIGH
Control_11,0,m84137_260214_004236_s1/92933065/ccs,58,0,False,0,HIGH
Control_11,0,m84137_260214_004236_s1/77924871/ccs,56,1,True,1,HIGH
Control_11,0,m84137_260214_004236_s1/188419764/ccs,51,1,True,1,HIGH
Control_11,0,m84137_260214_004236_s1/196609286/ccs,58,2,True,2,HIGH
Control_11,0,m84137_260214_004236_s1/13895054/ccs,54,2,True,2,HIGH
Control_11,0,m84137_260214_004236_s1/83887766/ccs,59,0,False,0,HIGH
Control_11,0,m84137_260214_004236_s1/227415556/ccs,50,0,False,0,HIGH
Control_11,0,m84137_260214_004236_s1/91100710/ccs,57,0,False,0,HIGH
Control_11,0,m84137_260214_004236_s1/128778636/ccs,61,1,True,1,HIGH
Control_11,0,m84137_260214_004236_s1/143525293/ccs,54,1,True,1,HIGH
Control_11,0,m84137_260214_004236_s1/161154946/ccs,61,1,True,1,HIGH
Control_11,0,m84137_260214_004236_s1/136774709/ccs,55,0,False,0,HIGH
Control_11,0,m84137_260214_004236_s1/186909459/ccs,57,0,False,0,HIGH
Control_11,1,m84137_260214_004236_s1/262277579/ccs,60,0,False,0,HIGH
Control_11,1,m84137_260214_004236_s1/192810499/ccs,59,2,True,2,HIGH
Control_11,1,m84137_260214_004236_s1/42929735/ccs,58,0,False,0,HIGH
Control_11,1,m84137_260214_004236_s1/100471491/ccs,63,2,True,2,HIGH
Control_11,1,m84137_260214_004236_s1/52103836/ccs,61,0,False,0,HIGH
Control_11,1,m84137_260214_004236_s1/129504850/ccs,53,1,True,1,HIGH
Control_11,1,m84137_260214_004236_s1/42337483/ccs,57,1,True,1,HIGH
Control_11,1,m84137_260214_004236_s1/216667264/ccs,64,2,True,2,HIGH
Control_11,1,m84137_260214_004236_s1/6096585/ccs,48,1,True,1,HIGH
Control_11,1,m84137_260214_004236_s1/17109642/ccs,53,0,False,0,HIGH
Control_11,1,m84137_260214_004236_s1/154473071/ccs,55,1,True,1,HIGH
Control_11,1,m84137_260214_004236_s1/4984618/ccs,51,2,True,2,HIGH
Control_11,1,m84137_260214_004236_s1/255725828/ccs,60,1,True,1,HIGH
Control_11,1,m84137_260214_004236_s1/246744829/ccs,60,1,True,1,HIGH
Control_11,1,m84137_260214_004236_s1/238555691/ccs,63,2,True,2,HIGH
Control_11,1,m84137_260214_004236_s1/205390462/ccs,59,2,True,2,HIGH
Control_11,1,m84137_260214_004236_s1/189729509/ccs,59,0,False,0,HIGH
Control_11,1,m84137_260214_004236_s1/220334394/ccs,64,0,False,0,HIGH
Control_11,1,m84137_260214_004236_s1/201263079/ccs,61,2,True,2,HIGH
Control_11,1,m84137_260214_004236_s1/12520037/ccs,62,1,True,1,HIGH
Control_11,1,m84137_260214_004236_s1/24972030/ccs,58,2,True,2,HIGH
Control_11,1,m84137_260214_004236_s1/162665752/ccs,60,0,False,0,HIGH
Control_11,1,m84137_260214_004236_s1/118428891/ccs,60,1,True,1,HIGH
Control_11,1,m84137_260214_004236_s1/39126982/ccs,60,1,True,1,HIGH
Control_11,1,m84137_260214_004236_s1/235929893/ccs,63,1,True,1,HIGH
Control_11,1,m84137_260214_004236_s1/83694156/ccs,57,0,False,0,HIGH
Control_11,1,m84137_260214_004236_s1/71305675/ccs,54,2,True,2,HIGH
Control_11,1,m84137_260214_004236_s1/59246426/ccs,57,0,False,0,HIGH
Control_11,1,m84137_260214_004236_s1/105841119/ccs,57,0,False,0,HIGH
Control_11,1,m84137_260214_004236_s1/236591016/ccs,60,0,False,0,HIGH
Control_11,1,m84137_260214_004236_s1/111151747/ccs,56,0,False,0,HIGH
Control_11,1,m84137_260214_004236_s1/127468200/ccs,57,1,True,1,HIGH
Control_11,1,m84137_260214_004236_s1/185729781/ccs,57,1,True,1,HIGH
Control_11,1,m84137_260214_004236_s1/258539672/ccs,57,1,True,1,HIGH
Control_11,1,m84137_260214_004236_s1/65340584/ccs,57,1,True,1,HIGH
Control_11,1,m84137_260214_004236_s1/163579737/ccs,57,1,True,1,HIGH
Control_11,1,m84137_260214_004236_s1/13174208/ccs,57,1,True,1,HIGH
Control_11,1,m84137_260214_004236_s1/103352662/ccs,57,1,True,1,HIGH
Control_11,1,m84137_260214_004236_s1/78384304/ccs,57,1,True,1,HIGH
Control_11,1,m84137_260214_004236_s1/257232158/ccs,57,1,True,1,HIGH
Control_11,1,m84137_260214_004236_s1/226301423/ccs,57,1,True,1,HIGH
Control_11,1,m84137_260214_004236_s1/231412303/ccs,57,1,True,1,HIGH
Control_11,1,m84137_260214_004236_s1/190644681/ccs,57,1,True,1,HIGH
Control_11,1,m84137_260214_004236_s1/11799409/ccs,57,1,True,1,HIGH
Control_11,1,m84137_260214_004236_s1/23988866/ccs,57,1,True,1,HIGH
Control_11,1,m84137_260214_004236_s1/26542836/ccs,57,1,True,1,HIGH
Control_11,1,m84137_260214_004236_s1/81660229/ccs,57,1,True,1,HIGH
Control_11,1,m84137_260214_004236_s1/82576536/ccs,57,1,True,1,HIGH
Control_11,1,m84137_260214_004236_s1/214698968/ccs,57,1,True,1,HIGH
Control_11,1,m84137_260214_004236_s1/257230766/ccs,57,1,True,1,HIGH
Control_11,1,m84137_260214_004236_s1/242291587/ccs,60,1,True,1,HIGH
Control_11,1,m84137_260214_004236_s1/58065194/ccs,57,1,True,1,HIGH
Control_11,1,m84137_260214_004236_s1/112722387/ccs,57,1,True,1,HIGH
Control_11,1,m84137_260214_004236_s1/238423503/ccs,57,1,True,1,HIGH
Control_11,1,m84137_260214_004236_s1/22350434/ccs,57,1,True,1,HIGH
Control_11,1,m84137_260214_004236_s1/64620008/ccs,57,1,True,1,HIGH
Control_11,1,m84137_260214_004236_s1/237765869/ccs,57,1,True,1,HIGH
Control_11,1,m84137_260214_004236_s1/258605770/ccs,57,1,True,1,HIGH
Control_11,1,m84137_260214_004236_s1/265946977/ccs,57,1,True,1,HIGH
Control_11,1,m84137_260214_004236_s1/245760790/ccs,57,1,True,1,HIGH
Control_11,1,m84137_260214_004236_s1/139853979/ccs,57,1,True,1,HIGH
Control_11,1,m84137_260214_004236_s1/163513424/ccs,60,1,True,1,HIGH
Control_11,1,m84137_260214_004236_s1/119538920/ccs,57,1,True,1,HIGH
Control_11,1,m84137_260214_004236_s1/112067261/ccs,57,1,True,1,HIGH
Control_11,1,m84137_260214_004236_s1/133237522/ccs,57,1,True,1,HIGH
Control_11,1,m84137_260214_004236_s1/137628239/ccs,57,1,True,1,HIGH
Control_11,1,m84137_260214_004236_s1/138281048/ccs,57,1,True,1,HIGH
Control_11,1,m84137_260214_004236_s1/91493051/ccs,57,1,True,1,HIGH
Control_11,1,m84137_260214_004236_s1/196610135/ccs,57,1,True,1,HIGH
Control_11,1,m84137_260214_004236_s1/83104756/ccs,60,1,True,1,HIGH
Control_11,1,m84137_260214_004236_s1/149423134/ccs,57,1,True,1,HIGH
Control_11,1,m84137_260214_004236_s1/190191406/ccs,57,1,True,1,HIGH
Control_11,1,m84137_260214_004236_s1/221381301/ccs,58,2,True,2,HIGH
Control_11,1,m84137_260214_004236_s1/59050330/ccs,60,2,True,2,HIGH
Control_11,1,m84137_260214_004236_s1/197527014/ccs,60,2,True,2,HIGH
Control_11,1,m84137_260214_004236_s1/49348755/ccs,59,0,False,0,HIGH
Control_11,1,m84137_260214_004236_s1/26543554/ccs,57,0,False,0,HIGH
Control_11,1,m84137_260214_004236_s1/44630923/ccs,60,0,False,0,HIGH
Control_11,1,m84137_260214_004236_s1/212469606/ccs,60,0,False,0,HIGH
Control_11,1,m84137_260214_004236_s1/158730485/ccs,60,0,False,0,HIGH
Control_11,1,m84137_260214_004236_s1/238945334/ccs,59,0,False,0,HIGH
Control_11,1,m84137_260214_004236_s1/236720538/ccs,60,0,False,0,HIGH
Control_11,1,m84137_260214_004236_s1/66782430/ccs,60,1,True,1,HIGH
Control_11,1,m84137_260214_004236_s1/129303004/ccs,60,1,True,1,HIGH
Control_11,1,m84137_260214_004236_s1/171248104/ccs,60,1,True,1,HIGH
Control_11,1,m84137_260214_004236_s1/172364569/ccs,60,1,True,1,HIGH
Control_11,1,m84137_260214_004236_s1/91423042/ccs,60,1,True,1,HIGH
Control_11,1,m84137_260214_004236_s1/50137705/ccs,60,1,True,1,HIGH
Control_11,1,m84137_260214_004236_s1/66915127/ccs,60,1,True,1,HIGH
Control_11,1,m84137_260214_004236_s1/74580286/ccs,60,1,True,1,HIGH
Control_11,1,m84137_260214_004236_s1/67045603/ccs,60,1,True,1,HIGH
Control_11,1,m84137_260214_004236_s1/71107752/ccs,60,1,True,1,HIGH
Control_11,1,m84137_260214_004236_s1/96012578/ccs,60,1,True,1,HIGH
Control_11,1,m84137_260214_004236_s1/93391421/ccs,60,1,True,1,HIGH
Control_11,1,m84137_260214_004236_s1/72025167/ccs,60,1,True,1,HIGH
Control_11,1,m84137_260214_004236_s1/97124519/ccs,60,1,True,1,HIGH
Control_11,1,m84137_260214_004236_s1/80087408/ccs,60,1,True,1,HIGH
Control_11,1,m84137_260214_004236_s1/77728027/ccs,60,1,True,1,HIGH
Control_11,1,m84137_260214_004236_s1/123339157/ccs,60,1,True,1,HIGH
Control_11,1,m84137_260214_004236_s1/117834338/ccs,60,1,True,1,HIGH
Control_11,1,m84137_260214_004236_s1/117967664/ccs,60,1,True,1,HIGH
Control_11,1,m84137_260214_004236_s1/106563251/ccs,60,1,True,1,HIGH
Control_11,1,m84137_260214_004236_s1/212074602/ccs,60,1,True,1,HIGH
Control_11,1,m84137_260214_004236_s1/228526063/ccs,60,1,True,1,HIGH
Control_11,1,m84137_260214_004236_s1/235079618/ccs,60,1,True,1,HIGH
Control_11,1,m84137_260214_004236_s1/235471911/ccs,60,1,True,1,HIGH
Control_11,1,m84137_260214_004236_s1/215156639/ccs,60,1,True,1,HIGH
Control_11,1,m84137_260214_004236_s1/254085224/ccs,60,1,True,1,HIGH
Control_11,1,m84137_260214_004236_s1/215550399/ccs,60,1,True,1,HIGH
Control_11,1,m84137_260214_004236_s1/215679912/ccs,60,1,True,1,HIGH
Control_11,1,m84137_260214_004236_s1/258803695/ccs,60,1,True,1,HIGH
Control_11,1,m84137_260214_004236_s1/241960923/ccs,60,1,True,1,HIGH
Control_11,1,m84137_260214_004236_s1/242157271/ccs,60,1,True,1,HIGH
Control_11,1,m84137_260214_004236_s1/237504526/ccs,60,1,True,1,HIGH
Control_11,1,m84137_260214_004236_s1/242747126/ccs,60,1,True,1,HIGH
Control_11,1,m84137_260214_004236_s1/243467700/ccs,60,1,True,1,HIGH
Control_11,1,m84137_260214_004236_s1/41028457/ccs,60,1,True,1,HIGH
Control_11,1,m84137_260214_004236_s1/42010864/ccs,60,1,True,1,HIGH
Control_11,1,m84137_260214_004236_s1/60489789/ccs,60,1,True,1,HIGH
Control_11,1,m84137_260214_004236_s1/47188448/ccs,60,1,True,1,HIGH
Control_11,1,m84137_260214_004236_s1/38537480/ccs,60,1,True,1,HIGH
Control_11,1,m84137_260214_004236_s1/47579903/ccs,60,1,True,1,HIGH
Control_11,1,m84137_260214_004236_s1/61015645/ccs,60,1,True,1,HIGH
Control_11,1,m84137_260214_004236_s1/63898459/ccs,60,1,True,1,HIGH
Control_11,1,m84137_260214_004236_s1/64357369/ccs,60,1,True,1,HIGH
Control_11,1,m84137_260214_004236_s1/89981299/ccs,60,1,True,1,HIGH
Control_11,1,m84137_260214_004236_s1/68747827/ccs,60,1,True,1,HIGH
Control_11,1,m84137_260214_004236_s1/66520732/ccs,60,1,True,1,HIGH
Control_11,1,m84137_260214_004236_s1/66456483/ccs,60,1,True,1,HIGH
Control_11,1,m84137_260214_004236_s1/142214331/ccs,60,1,True,1,HIGH
Control_11,1,m84137_260214_004236_s1/160104802/ccs,60,1,True,1,HIGH
Control_11,1,m84137_260214_004236_s1/147262172/ccs,60,1,True,1,HIGH
Control_11,1,m84137_260214_004236_s1/161547348/ccs,60,1,True,1,HIGH
Control_11,1,m84137_260214_004236_s1/145099773/ccs,60,1,True,1,HIGH
Control_11,1,m84137_260214_004236_s1/185337355/ccs,60,1,True,1,HIGH
Control_11,1,m84137_260214_004236_s1/185731247/ccs,60,1,True,1,HIGH
Control_11,1,m84137_260214_004236_s1/190383322/ccs,60,1,True,1,HIGH
Control_11,1,m84137_260214_004236_s1/173673357/ccs,60,1,True,1,HIGH
Control_11,1,m84137_260214_004236_s1/148899409/ccs,60,1,True,1,HIGH
Control_11,1,m84137_260214_004236_s1/186188119/ccs,60,1,True,1,HIGH
Control_11,1,m84137_260214_004236_s1/186647253/ccs,60,1,True,1,HIGH
Control_11,1,m84137_260214_004236_s1/186516497/ccs,60,1,True,1,HIGH
Control_11,1,m84137_260214_004236_s1/149227858/ccs,60,1,True,1,HIGH
Control_11,1,m84137_260214_004236_s1/169872045/ccs,60,1,True,1,HIGH
Control_11,1,m84137_260214_004236_s1/174655791/ccs,60,1,True,1,HIGH
Control_11,1,m84137_260214_004236_s1/113772680/ccs,60,1,True,1,HIGH
Control_11,1,m84137_260214_004236_s1/127075637/ccs,60,1,True,1,HIGH
Control_11,1,m84137_260214_004236_s1/114035316/ccs,60,1,True,1,HIGH
Control_11,1,m84137_260214_004236_s1/131139126/ccs,60,1,True,1,HIGH
Control_11,1,m84137_260214_004236_s1/111346348/ccs,60,1,True,1,HIGH
Control_11,1,m84137_260214_004236_s1/135005952/ccs,60,1,True,1,HIGH
Control_11,1,m84137_260214_004236_s1/131924227/ccs,60,1,True,1,HIGH
Control_11,1,m84137_260214_004236_s1/152374002/ccs,60,1,True,1,HIGH
Control_11,1,m84137_260214_004236_s1/152437467/ccs,60,1,True,1,HIGH
Control_11,1,m84137_260214_004236_s1/132319127/ccs,60,1,True,1,HIGH
Control_11,1,m84137_260214_004236_s1/115083791/ccs,60,1,True,1,HIGH
Control_11,1,m84137_260214_004236_s1/136841013/ccs,60,1,True,1,HIGH
Control_11,1,m84137_260214_004236_s1/158204386/ccs,60,1,True,1,HIGH
Control_11,1,m84137_260214_004236_s1/137955733/ccs,60,1,True,1,HIGH
Control_11,1,m84137_260214_004236_s1/138152861/ccs,60,1,True,1,HIGH
Control_11,1,m84137_260214_004236_s1/159318178/ccs,60,1,True,1,HIGH
Control_11,1,m84137_260214_004236_s1/163187581/ccs,60,1,True,1,HIGH
Control_11,1,m84137_260214_004236_s1/155255202/ccs,60,1,True,1,HIGH
Control_11,1,m84137_260214_004236_s1/26085256/ccs,60,1,True,1,HIGH
Control_11,1,m84137_260214_004236_s1/26150319/ccs,60,1,True,1,HIGH
Control_11,1,m84137_260214_004236_s1/103285987/ccs,60,1,True,1,HIGH
Control_11,1,m84137_260214_004236_s1/22479828/ccs,60,1,True,1,HIGH
Control_11,1,m84137_260214_004236_s1/22413724/ccs,60,1,True,1,HIGH
Control_11,1,m84137_260214_004236_s1/22479991/ccs,60,1,True,1,HIGH
Control_11,1,m84137_260214_004236_s1/17828804/ccs,60,1,True,1,HIGH
Control_11,1,m84137_260214_004236_s1/23659909/ccs,60,1,True,1,HIGH
Control_11,1,m84137_260214_004236_s1/18088093/ccs,60,1,True,1,HIGH
Control_11,1,m84137_260214_004236_s1/18089553/ccs,60,1,True,1,HIGH
Control_11,1,m84137_260214_004236_s1/29689392/ccs,60,1,True,1,HIGH
Control_11,1,m84137_260214_004236_s1/24316850/ccs,60,1,True,1,HIGH
Control_11,1,m84137_260214_004236_s1/8849818/ccs,60,1,True,1,HIGH
Control_11,1,m84137_260214_004236_s1/20644730/ccs,60,1,True,1,HIGH
Control_11,1,m84137_260214_004236_s1/21234988/ccs,60,1,True,1,HIGH
Control_11,1,m84137_260214_004236_s1/21498810/ccs,60,1,True,1,HIGH
Control_11,1,m84137_260214_004236_s1/34277072/ccs,60,1,True,1,HIGH
Control_11,1,m84137_260214_004236_s1/22086464/ccs,60,1,True,1,HIGH
Control_11,1,m84137_260214_004236_s1/22087521/ccs,60,1,True,1,HIGH
Control_11,1,m84137_260214_004236_s1/32900322/ccs,60,1,True,1,HIGH
Control_11,1,m84137_260214_004236_s1/50660570/ccs,60,1,True,1,HIGH
Control_11,1,m84137_260214_004236_s1/58264096/ccs,60,1,True,1,HIGH
Control_11,1,m84137_260214_004236_s1/45615048/ccs,60,1,True,1,HIGH
Control_11,1,m84137_260214_004236_s1/45745031/ccs,60,1,True,1,HIGH
Control_11,1,m84137_260214_004236_s1/108006355/ccs,60,1,True,1,HIGH
Control_11,1,m84137_260214_004236_s1/103942043/ccs,60,1,True,1,HIGH
Control_11,1,m84137_260214_004236_s1/108792188/ccs,60,1,True,1,HIGH
Control_11,1,m84137_260214_004236_s1/120783088/ccs,60,1,True,1,HIGH
Control_11,1,m84137_260214_004236_s1/120783663/ccs,60,1,True,1,HIGH
Control_11,1,m84137_260214_004236_s1/120717607/ccs,60,1,True,1,HIGH
Control_11,1,m84137_260214_004236_s1/109251095/ccs,60,1,True,1,HIGH
Control_11,1,m84137_260214_004236_s1/125896686/ccs,60,1,True,1,HIGH
Control_11,1,m84137_260214_004236_s1/121244509/ccs,60,1,True,1,HIGH
Control_11,1,m84137_260214_004236_s1/126157250/ccs,60,1,True,1,HIGH
Control_11,1,m84137_260214_004236_s1/113051882/ccs,60,1,True,1,HIGH
Control_11,1,m84137_260214_004236_s1/130287362/ccs,60,1,True,1,HIGH
Control_11,1,m84137_260214_004236_s1/126683285/ccs,60,1,True,1,HIGH
Control_11,1,m84137_260214_004236_s1/110233320/ccs,60,1,True,1,HIGH
Control_11,1,m84137_260214_004236_s1/130942631/ccs,60,1,True,1,HIGH
Control_11,1,m84137_260214_004236_s1/63902850/ccs,60,1,True,1,HIGH
Control_11,1,m84137_260214_004236_s1/85987245/ccs,60,1,True,1,HIGH
Control_11,1,m84137_260214_004236_s1/90052477/ccs,60,1,True,1,HIGH
Control_11,1,m84137_260214_004236_s1/75175124/ccs,60,1,True,1,HIGH
Control_11,1,m84137_260214_004236_s1/48304382/ccs,60,1,True,1,HIGH
Control_11,1,m84137_260214_004236_s1/89066571/ccs,60,1,True,1,HIGH
Control_11,1,m84137_260214_004236_s1/96407494/ccs,60,1,True,1,HIGH
Control_11,1,m84137_260214_004236_s1/91951382/ccs,60,1,True,1,HIGH
Control_11,1,m84137_260214_004236_s1/76353393/ccs,60,1,True,1,HIGH
Control_11,1,m84137_260214_004236_s1/117443781/ccs,60,1,True,1,HIGH
Control_11,1,m84137_260214_004236_s1/250939837/ccs,60,1,True,1,HIGH
Control_11,1,m84137_260214_004236_s1/34147932/ccs,60,1,True,1,HIGH
Control_11,1,m84137_260214_004236_s1/50663614/ccs,60,1,True,1,HIGH
Control_11,1,m84137_260214_004236_s1/29955064/ccs,60,1,True,1,HIGH
Control_11,1,m84137_260214_004236_s1/11342479/ccs,60,1,True,1,HIGH
Control_11,1,m84137_260214_004236_s1/27530145/ccs,60,1,True,1,HIGH
Control_11,1,m84137_260214_004236_s1/10424077/ccs,60,1,True,1,HIGH
Control_11,1,m84137_260214_004236_s1/36048535/ccs,60,1,True,1,HIGH
Control_11,1,m84137_260214_004236_s1/10949936/ccs,60,1,True,1,HIGH
Control_11,1,m84137_260214_004236_s1/12391328/ccs,60,1,True,1,HIGH
Control_11,1,m84137_260214_004236_s1/36377528/ccs,60,1,True,1,HIGH
Control_11,1,m84137_260214_004236_s1/52631060/ccs,60,1,True,1,HIGH
Control_11,1,m84137_260214_004236_s1/52891493/ccs,60,1,True,1,HIGH
Control_11,1,m84137_260214_004236_s1/37164556/ccs,60,1,True,1,HIGH
Control_11,1,m84137_260214_004236_s1/56430729/ccs,60,1,True,1,HIGH
Control_11,1,m84137_260214_004236_s1/53415952/ccs,60,1,True,1,HIGH
Control_11,1,m84137_260214_004236_s1/57283692/ccs,60,1,True,1,HIGH
Control_11,1,m84137_260214_004236_s1/67768319/ccs,60,1,True,1,HIGH
Control_11,1,m84137_260214_004236_s1/224854274/ccs,60,1,True,1,HIGH
Control_11,1,m84137_260214_004236_s1/183240732/ccs,60,1,True,1,HIGH
Control_11,1,m84137_260214_004236_s1/183568327/ccs,60,1,True,1,HIGH
Control_11,1,m84137_260214_004236_s1/183698585/ccs,60,1,True,1,HIGH
Control_11,1,m84137_260214_004236_s1/183698943/ccs,60,1,True,1,HIGH
Control_11,1,m84137_260214_004236_s1/225576822/ccs,60,1,True,1,HIGH
Control_11,1,m84137_260214_004236_s1/209520150/ccs,60,1,True,1,HIGH
Control_11,1,m84137_260214_004236_s1/209781610/ccs,60,1,True,1,HIGH
Control_11,1,m84137_260214_004236_s1/230165346/ccs,60,1,True,1,HIGH
Control_11,1,m84137_260214_004236_s1/230884158/ccs,60,1,True,1,HIGH
Control_11,1,m84137_260214_004236_s1/211224340/ccs,60,1,True,1,HIGH
Control_11,1,m84137_260214_004236_s1/211682779/ccs,60,1,True,1,HIGH
Control_11,1,m84137_260214_004236_s1/252382017/ccs,60,1,True,1,HIGH
Control_11,1,m84137_260214_004236_s1/174068488/ccs,60,1,True,1,HIGH
Control_11,1,m84137_260214_004236_s1/187242396/ccs,60,1,True,1,HIGH
Control_11,1,m84137_260214_004236_s1/187567504/ccs,60,1,True,1,HIGH
Control_11,1,m84137_260214_004236_s1/187568944/ccs,60,1,True,1,HIGH
Control_11,1,m84137_260214_004236_s1/147133302/ccs,60,1,True,1,HIGH
Control_11,1,m84137_260214_004236_s1/174986369/ccs,60,1,True,1,HIGH
Control_11,1,m84137_260214_004236_s1/191894308/ccs,60,1,True,1,HIGH
Control_11,1,m84137_260214_004236_s1/176624482/ccs,60,1,True,1,HIGH
Control_11,1,m84137_260214_004236_s1/171250137/ccs,60,1,True,1,HIGH
Control_11,1,m84137_260214_004236_s1/171513548/ccs,60,1,True,1,HIGH
Control_11,1,m84137_260214_004236_s1/173018738/ccs,60,1,True,1,HIGH
Control_11,1,m84137_260214_004236_s1/197661257/ccs,60,1,True,1,HIGH
Control_11,1,m84137_260214_004236_s1/194974645/ccs,60,1,True,1,HIGH
Control_11,1,m84137_260214_004236_s1/179901115/ccs,60,1,True,1,HIGH
Control_11,1,m84137_260214_004236_s1/117446400/ccs,60,1,True,1,HIGH
Control_11,1,m84137_260214_004236_s1/49548637/ccs,60,1,True,1,HIGH
Control_11,1,m84137_260214_004236_s1/101848034/ccs,60,1,True,1,HIGH
Control_11,1,m84137_260214_004236_s1/106370285/ccs,60,1,True,1,HIGH
Control_11,1,m84137_260214_004236_s1/79171857/ccs,60,1,True,1,HIGH
Control_11,1,m84137_260214_004236_s1/100144996/ccs,60,1,True,1,HIGH
Control_11,1,m84137_260214_004236_s1/107549687/ccs,60,1,True,1,HIGH
Control_11,1,m84137_260214_004236_s1/80810574/ccs,60,1,True,1,HIGH
Control_11,1,m84137_260214_004236_s1/121376420/ccs,60,1,True,1,HIGH
Control_11,1,m84137_260214_004236_s1/121966430/ccs,60,1,True,1,HIGH
Control_11,1,m84137_260214_004236_s1/125571235/ccs,60,1,True,1,HIGH
Control_11,1,m84137_260214_004236_s1/125833157/ccs,60,1,True,1,HIGH
Control_11,1,m84137_260214_004236_s1/82121420/ccs,60,1,True,1,HIGH
Control_11,1,m84137_260214_004236_s1/109711539/ccs,60,1,True,1,HIGH
Control_11,1,m84137_260214_004236_s1/151066520/ccs,60,1,True,1,HIGH
Control_11,1,m84137_260214_004236_s1/171181176/ccs,60,1,True,1,HIGH
Control_11,1,m84137_260214_004236_s1/150865131/ccs,60,1,True,1,HIGH
Control_11,1,m84137_260214_004236_s1/189073082/ccs,60,1,True,1,HIGH
Control_11,1,m84137_260214_004236_s1/189793231/ccs,60,1,True,1,HIGH
Control_11,1,m84137_260214_004236_s1/176293770/ccs,60,1,True,1,HIGH
Control_11,1,m84137_260214_004236_s1/176358011/ccs,60,1,True,1,HIGH
Control_11,1,m84137_260214_004236_s1/176816342/ccs,60,1,True,1,HIGH
Control_11,1,m84137_260214_004236_s1/172559104/ccs,60,1,True,1,HIGH
Control_11,1,m84137_260214_004236_s1/195101095/ccs,60,1,True,1,HIGH
Control_11,1,m84137_260214_004236_s1/201982763/ccs,60,1,True,1,HIGH
Control_11,1,m84137_260214_004236_s1/199232432/ccs,60,1,True,1,HIGH
Control_11,1,m84137_260214_004236_s1/181798494/ccs,60,1,True,1,HIGH
Control_11,1,m84137_260214_004236_s1/202966720/ccs,60,1,True,1,HIGH
Control_11,1,m84137_260214_004236_s1/221251348/ccs,60,1,True,1,HIGH
Control_11,1,m84137_260214_004236_s1/233049542/ccs,60,1,True,1,HIGH
Control_11,1,m84137_260214_004236_s1/256578603/ccs,60,1,True,1,HIGH
Control_11,1,m84137_260214_004236_s1/238881949/ccs,60,1,True,1,HIGH
Control_11,1,m84137_260214_004236_s1/234427942/ccs,60,1,True,1,HIGH
Control_11,1,m84137_260214_004236_s1/244649486/ccs,60,1,True,1,HIGH
Control_11,1,m84137_260214_004236_s1/215619215/ccs,60,1,True,1,HIGH
Control_11,1,m84137_260214_004236_s1/217453064/ccs,60,1,True,1,HIGH
Control_11,1,m84137_260214_004236_s1/262082728/ccs,60,1,True,1,HIGH
Control_11,1,m84137_260214_004236_s1/264574278/ccs,60,1,True,1,HIGH
Control_11,1,m84137_260214_004236_s1/246288837/ccs,60,1,True,1,HIGH
Control_11,1,m84137_260214_004236_s1/247991894/ccs,60,1,True,1,HIGH
Control_11,1,m84137_260214_004236_s1/248515617/ccs,60,1,True,1,HIGH
Control_11,1,m84137_260214_004236_s1/243532063/ccs,60,1,True,1,HIGH
Control_11,1,m84137_260214_004236_s1/239535269/ccs,60,1,True,1,HIGH
Control_11,1,m84137_260214_004236_s1/264241567/ccs,60,1,True,1,HIGH
Control_11,1,m84137_260214_004236_s1/260770792/ccs,60,1,True,1,HIGH
Control_11,1,m84137_260214_004236_s1/239600141/ccs,60,1,True,1,HIGH
Control_11,1,m84137_260214_004236_s1/239929717/ccs,60,1,True,1,HIGH
Control_11,1,m84137_260214_004236_s1/240124129/ccs,60,1,True,1,HIGH
Control_11,1,m84137_260214_004236_s1/262537825/ccs,60,1,True,1,HIGH
Control_11,1,m84137_260214_004236_s1/245891381/ccs,60,1,True,1,HIGH
Control_11,1,m84137_260214_004236_s1/19991900/ccs,60,1,True,1,HIGH
Control_11,1,m84137_260214_004236_s1/249891281/ccs,60,1,True,1,HIGH
Control_11,1,m84137_260214_004236_s1/24383114/ccs,60,1,True,1,HIGH
Control_11,1,m84137_260214_004236_s1/20843566/ccs,60,1,True,1,HIGH
Control_11,1,m84137_260214_004236_s1/24579908/ccs,60,1,True,1,HIGH
Control_11,1,m84137_260214_004236_s1/250481535/ccs,60,1,True,1,HIGH
Control_11,1,m84137_260214_004236_s1/172427198/ccs,60,1,True,1,HIGH
Control_11,1,m84137_260214_004236_s1/183896683/ccs,60,1,True,1,HIGH
Control_11,1,m84137_260214_004236_s1/135074404/ccs,60,1,True,1,HIGH
Control_11,1,m84137_260214_004236_s1/218108080/ccs,60,1,True,1,HIGH
Control_11,1,m84137_260214_004236_s1/109054503/ccs,60,1,True,1,HIGH
Control_11,1,m84137_260214_004236_s1/199364059/ccs,60,1,True,1,HIGH
Control_11,1,m84137_260214_004236_s1/199102680/ccs,60,1,True,1,HIGH
Control_11,1,m84137_260214_004236_s1/199496396/ccs,60,1,True,1,HIGH
Control_11,1,m84137_260214_004236_s1/225907184/ccs,60,1,True,1,HIGH
Control_11,1,m84137_260214_004236_s1/226236282/ccs,60,1,True,1,HIGH
Control_11,1,m84137_260214_004236_s1/211817712/ccs,60,1,True,1,HIGH
Control_11,1,m84137_260214_004236_s1/242028718/ccs,60,1,True,1,HIGH
Control_11,1,m84137_260214_004236_s1/236851446/ccs,60,1,True,1,HIGH
Control_11,1,m84137_260214_004236_s1/255135196/ccs,60,1,True,1,HIGH
Control_11,1,m84137_260214_004236_s1/237180527/ccs,60,1,True,1,HIGH
Control_11,1,m84137_260214_004236_s1/248058503/ccs,60,1,True,1,HIGH
Control_11,1,m84137_260214_004236_s1/249108076/ccs,60,1,True,1,HIGH
Control_11,1,m84137_260214_004236_s1/251269778/ccs,60,1,True,1,HIGH
Control_11,1,m84137_260214_004236_s1/33948491/ccs,60,1,True,1,HIGH
Control_11,1,m84137_260214_004236_s1/71107790/ccs,60,1,True,1,HIGH
Control_11,1,m84137_260214_004236_s1/125501831/ccs,60,1,True,1,HIGH
Control_11,1,m84137_260214_004236_s1/121767611/ccs,60,1,True,1,HIGH
Control_11,1,m84137_260214_004236_s1/203424565/ccs,60,1,True,1,HIGH
Control_11,1,m84137_260214_004236_s1/204670387/ccs,60,1,True,1,HIGH
Control_11,1,m84137_260214_004236_s1/19141095/ccs,60,1,True,1,HIGH
Control_11,1,m84137_260214_004236_s1/33033613/ccs,60,1,True,1,HIGH
Control_11,1,m84137_260214_004236_s1/141167890/ccs,60,1,True,1,HIGH
Control_11,1,m84137_260214_004236_s1/193269242/ccs,60,1,True,1,HIGH
Control_11,1,m84137_260214_004236_s1/240653162/ccs,60,1,True,1,HIGH
Control_11,1,m84137_260214_004236_s1/92211419/ccs,60,1,True,1,HIGH
Control_11,1,m84137_260214_004236_s1/82776963/ccs,60,1,True,1,HIGH
Control_11,1,m84137_260214_004236_s1/134616603/ccs,60,1,True,1,HIGH
Control_11,1,m84137_260214_004236_s1/126752029/ccs,60,1,True,1,HIGH
Control_11,1,m84137_260214_004236_s1/139794169/ccs,60,1,True,1,HIGH
Control_11,1,m84137_260214_004236_s1/153621242/ccs,60,1,True,1,HIGH
Control_11,1,m84137_260214_004236_s1/137172515/ccs,60,1,True,1,HIGH
Control_11,1,m84137_260214_004236_s1/141626669/ccs,60,1,True,1,HIGH
Control_11,1,m84137_260214_004236_s1/141496927/ccs,60,1,True,1,HIGH
Control_11,1,m84137_260214_004236_s1/158339508/ccs,60,1,True,1,HIGH
Control_11,1,m84137_260214_004236_s1/114627649/ccs,60,1,True,1,HIGH
Control_11,1,m84137_260214_004236_s1/156306888/ccs,60,1,True,1,HIGH
Control_11,1,m84137_260214_004236_s1/138941917/ccs,60,1,True,1,HIGH
Control_11,1,m84137_260214_004236_s1/139662085/ccs,60,1,True,1,HIGH
Control_11,1,m84137_260214_004236_s1/161224191/ccs,60,1,True,1,HIGH
Control_11,1,m84137_260214_004236_s1/161289673/ccs,60,1,True,1,HIGH
Control_11,1,m84137_260214_004236_s1/185603640/ccs,60,1,True,1,HIGH
Control_11,1,m84137_260214_004236_s1/102565080/ccs,60,1,True,1,HIGH
Control_11,1,m84137_260214_004236_s1/17499897/ccs,60,1,True,1,HIGH
Control_11,1,m84137_260214_004236_s1/22940330/ccs,60,1,True,1,HIGH
Control_11,1,m84137_260214_004236_s1/2361049/ccs,60,1,True,1,HIGH
Control_11,1,m84137_260214_004236_s1/4260749/ccs,60,1,True,1,HIGH
Control_11,1,m84137_260214_004236_s1/19138559/ccs,60,1,True,1,HIGH
Control_11,1,m84137_260214_004236_s1/20317011/ccs,60,1,True,1,HIGH
Control_11,1,m84137_260214_004236_s1/21038045/ccs,60,1,True,1,HIGH
Control_11,1,m84137_260214_004236_s1/26871556/ccs,60,1,True,1,HIGH
Control_11,1,m84137_260214_004236_s1/14550387/ccs,60,1,True,1,HIGH
Control_11,1,m84137_260214_004236_s1/31786068/ccs,60,1,True,1,HIGH
Control_11,1,m84137_260214_004236_s1/22284509/ccs,60,1,True,1,HIGH
Control_11,1,m84137_260214_004236_s1/50528930/ccs,60,1,True,1,HIGH
Control_11,1,m84137_260214_004236_s1/35457458/ccs,60,1,True,1,HIGH
Control_11,1,m84137_260214_004236_s1/51906000/ccs,60,1,True,1,HIGH
Control_11,1,m84137_260214_004236_s1/36309004/ccs,60,1,True,1,HIGH
Control_11,1,m84137_260214_004236_s1/58721995/ccs,60,1,True,1,HIGH
Control_11,1,m84137_260214_004236_s1/62390483/ccs,60,1,True,1,HIGH
Control_11,1,m84137_260214_004236_s1/62390945/ccs,60,1,True,1,HIGH
Control_11,1,m84137_260214_004236_s1/37750437/ccs,60,1,True,1,HIGH
Control_11,1,m84137_260214_004236_s1/59771809/ccs,60,1,True,1,HIGH
Control_11,1,m84137_260214_004236_s1/77531407/ccs,60,1,True,1,HIGH
Control_11,1,m84137_260214_004236_s1/89194749/ccs,60,1,True,1,HIGH
Control_11,1,m84137_260214_004236_s1/101450269/ccs,60,1,True,1,HIGH
Control_11,1,m84137_260214_004236_s1/99222338/ccs,60,1,True,1,HIGH
Control_11,1,m84137_260214_004236_s1/123537058/ccs,60,1,True,1,HIGH
Control_11,1,m84137_260214_004236_s1/102236754/ccs,60,1,True,1,HIGH
Control_11,1,m84137_260214_004236_s1/106301185/ccs,60,1,True,1,HIGH
Control_11,1,m84137_260214_004236_s1/83166779/ccs,60,1,True,1,HIGH
Control_11,1,m84137_260214_004236_s1/107086816/ccs,60,1,True,1,HIGH
Control_11,1,m84137_260214_004236_s1/107413891/ccs,60,1,True,1,HIGH
Control_11,1,m84137_260214_004236_s1/119407660/ccs,60,1,True,1,HIGH
Control_11,1,m84137_260214_004236_s1/112330623/ccs,60,1,True,1,HIGH
Control_11,1,m84137_260214_004236_s1/108790898/ccs,60,1,True,1,HIGH
Control_11,1,m84137_260214_004236_s1/104596027/ccs,60,1,True,1,HIGH
Control_11,1,m84137_260214_004236_s1/121045789/ccs,60,1,True,1,HIGH
Control_11,1,m84137_260214_004236_s1/121113058/ccs,60,1,True,1,HIGH
Control_11,1,m84137_260214_004236_s1/112854451/ccs,60,1,True,1,HIGH
Control_11,1,m84137_260214_004236_s1/126618473/ccs,60,1,True,1,HIGH
Control_11,1,m84137_260214_004236_s1/110234508/ccs,60,1,True,1,HIGH
Control_11,1,m84137_260214_004236_s1/122947586/ccs,60,1,True,1,HIGH
Control_11,1,m84137_260214_004236_s1/114493425/ccs,60,1,True,1,HIGH
Control_11,1,m84137_260214_004236_s1/111283086/ccs,60,1,True,1,HIGH
Control_11,1,m84137_260214_004236_s1/139854020/ccs,60,1,True,1,HIGH
Control_11,1,m84137_260214_004236_s1/204800045/ccs,60,1,True,1,HIGH
Control_11,1,m84137_260214_004236_s1/212666116/ccs,60,1,True,1,HIGH
Control_11,1,m84137_260214_004236_s1/230755005/ccs,60,1,True,1,HIGH
Control_11,1,m84137_260214_004236_s1/227412188/ccs,60,1,True,1,HIGH
Control_11,1,m84137_260214_004236_s1/205850727/ccs,60,1,True,1,HIGH
Control_11,1,m84137_260214_004236_s1/231801047/ccs,60,1,True,1,HIGH
Control_11,1,m84137_260214_004236_s1/227804271/ccs,60,1,True,1,HIGH
Control_11,1,m84137_260214_004236_s1/206569897/ccs,60,1,True,1,HIGH
Control_11,1,m84137_260214_004236_s1/253690650/ccs,60,1,True,1,HIGH
Control_11,1,m84137_260214_004236_s1/235405414/ccs,60,1,True,1,HIGH
Control_11,1,m84137_260214_004236_s1/229116189/ccs,60,1,True,1,HIGH
Control_11,1,m84137_260214_004236_s1/235669802/ccs,60,1,True,1,HIGH
Control_11,1,m84137_260214_004236_s1/215679846/ccs,60,1,True,1,HIGH
Control_11,1,m84137_260214_004236_s1/257755663/ccs,60,1,True,1,HIGH
Control_11,1,m84137_260214_004236_s1/258017295/ccs,60,1,True,1,HIGH
Control_11,1,m84137_260214_004236_s1/234423821/ccs,60,1,True,1,HIGH
Control_11,1,m84137_260214_004236_s1/237373557/ccs,60,1,True,1,HIGH
Control_11,1,m84137_260214_004236_s1/258803900/ccs,60,1,True,1,HIGH
Control_11,1,m84137_260214_004236_s1/216795455/ccs,60,1,True,1,HIGH
Control_11,1,m84137_260214_004236_s1/256117026/ccs,60,1,True,1,HIGH
Control_11,1,m84137_260214_004236_s1/237897916/ccs,60,1,True,1,HIGH
Control_11,1,m84137_260214_004236_s1/259590743/ccs,60,1,True,1,HIGH
Control_11,1,m84137_260214_004236_s1/263389744/ccs,60,1,True,1,HIGH
Control_11,1,m84137_260214_004236_s1/244320322/ccs,60,1,True,1,HIGH
Control_11,1,m84137_260214_004236_s1/59768941/ccs,60,1,True,1,HIGH
Control_11,1,m84137_260214_004236_s1/60294759/ccs,60,1,True,1,HIGH
Control_11,1,m84137_260214_004236_s1/60426397/ccs,60,1,True,1,HIGH
Control_11,1,m84137_260214_004236_s1/38536521/ccs,60,1,True,1,HIGH
Control_11,1,m84137_260214_004236_s1/64487762/ccs,60,1,True,1,HIGH
Control_11,1,m84137_260214_004236_s1/55183741/ccs,60,1,True,1,HIGH
Control_11,1,m84137_260214_004236_s1/64620389/ccs,60,1,True,1,HIGH
Control_11,1,m84137_260214_004236_s1/65013417/ccs,60,1,True,1,HIGH
Control_11,1,m84137_260214_004236_s1/84083008/ccs,60,1,True,1,HIGH
Control_11,1,m84137_260214_004236_s1/73532477/ccs,60,1,True,1,HIGH
Control_11,1,m84137_260214_004236_s1/69077989/ccs,60,1,True,1,HIGH
Control_11,1,m84137_260214_004236_s1/70388622/ccs,60,1,True,1,HIGH
Control_11,1,m84137_260214_004236_s1/92341512/ccs,60,1,True,1,HIGH
Control_11,1,m84137_260214_004236_s1/71566503/ccs,60,1,True,1,HIGH
Control_11,1,m84137_260214_004236_s1/93127173/ccs,60,1,True,1,HIGH
Control_11,1,m84137_260214_004236_s1/79626674/ccs,60,1,True,1,HIGH
Control_11,1,m84137_260214_004236_s1/87033345/ccs,60,1,True,1,HIGH
Control_11,1,m84137_260214_004236_s1/88342683/ccs,60,1,True,1,HIGH
Control_11,1,m84137_260214_004236_s1/94964594/ccs,60,1,True,1,HIGH
Control_11,1,m84137_260214_004236_s1/207099134/ccs,60,1,True,1,HIGH
Control_11,1,m84137_260214_004236_s1/195498086/ccs,60,1,True,1,HIGH
Control_11,1,m84137_260214_004236_s1/220400722/ccs,60,1,True,1,HIGH
Control_11,1,m84137_260214_004236_s1/195694965/ccs,60,1,True,1,HIGH
Control_11,1,m84137_260214_004236_s1/179310315/ccs,60,1,True,1,HIGH
Control_11,1,m84137_260214_004236_s1/179376262/ccs,60,1,True,1,HIGH
Control_11,1,m84137_260214_004236_s1/209129996/ccs,60,1,True,1,HIGH
Control_11,1,m84137_260214_004236_s1/203821646/ccs,60,1,True,1,HIGH
Control_11,1,m84137_260214_004236_s1/204542887/ccs,60,1,True,1,HIGH
Control_11,1,m84137_260214_004236_s1/182717564/ccs,60,1,True,1,HIGH
Control_11,1,m84137_260214_004236_s1/253040199/ccs,60,1,True,1,HIGH
Control_11,1,m84137_260214_004236_s1/253236221/ccs,60,1,True,1,HIGH
Control_11,1,m84137_260214_004236_s1/227612189/ccs,60,1,True,1,HIGH
Control_11,1,m84137_260214_004236_s1/228266478/ccs,60,1,True,1,HIGH
Control_11,1,m84137_260214_004236_s1/228659721/ccs,60,1,True,1,HIGH
Control_11,1,m84137_260214_004236_s1/236393027/ccs,60,1,True,1,HIGH
Control_11,1,m84137_260214_004236_s1/232066697/ccs,60,1,True,1,HIGH
Control_11,1,m84137_260214_004236_s1/257692292/ccs,60,1,True,1,HIGH
Control_11,1,m84137_260214_004236_s1/256643311/ccs,60,1,True,1,HIGH
Control_11,1,m84137_260214_004236_s1/244193131/ccs,60,1,True,1,HIGH
Control_11,1,m84137_260214_004236_s1/214897915/ccs,60,1,True,1,HIGH
Control_11,1,m84137_260214_004236_s1/244649481/ccs,60,1,True,1,HIGH
Control_11,1,m84137_260214_004236_s1/260377829/ccs,60,1,True,1,HIGH
Control_11,1,m84137_260214_004236_s1/149357962/ccs,60,1,True,1,HIGH
Control_11,1,m84137_260214_004236_s1/85529970/ccs,60,1,True,1,HIGH
Control_11,1,m84137_260214_004236_s1/18350161/ccs,60,1,True,1,HIGH
Control_11,1,m84137_260214_004236_s1/16058324/ccs,60,1,True,1,HIGH
Control_11,1,m84137_260214_004236_s1/36965347/ccs,60,1,True,1,HIGH
Control_11,1,m84137_260214_004236_s1/38800331/ccs,60,1,True,1,HIGH
Control_11,1,m84137_260214_004236_s1/162071958/ccs,60,1,True,1,HIGH
Control_11,1,m84137_260214_004236_s1/214172023/ccs,60,1,True,1,HIGH
Control_11,1,m84137_260214_004236_s1/6297199/ccs,60,1,True,1,HIGH
Control_11,1,m84137_260214_004236_s1/67703041/ccs,60,1,True,1,HIGH
Control_11,1,m84137_260214_004236_s1/148705457/ccs,60,1,True,1,HIGH
Control_11,1,m84137_260214_004236_s1/22481255/ccs,60,1,True,1,HIGH
Control_11,1,m84137_260214_004236_s1/16976616/ccs,60,1,True,1,HIGH
Control_11,1,m84137_260214_004236_s1/11404488/ccs,60,1,True,1,HIGH
Control_11,1,m84137_260214_004236_s1/187238160/ccs,60,1,True,1,HIGH
Control_11,1,m84137_260214_004236_s1/170591338/ccs,60,1,True,1,HIGH
Control_11,1,m84137_260214_004236_s1/188418695/ccs,60,1,True,1,HIGH
Control_11,1,m84137_260214_004236_s1/189597859/ccs,60,1,True,1,HIGH
Control_11,1,m84137_260214_004236_s1/176752919/ccs,60,1,True,1,HIGH
Control_11,1,m84137_260214_004236_s1/176751398/ccs,60,1,True,1,HIGH
Control_11,1,m84137_260214_004236_s1/197525711/ccs,60,1,True,1,HIGH
Control_11,1,m84137_260214_004236_s1/172490921/ccs,60,1,True,1,HIGH
Control_11,1,m84137_260214_004236_s1/172490871/ccs,60,1,True,1,HIGH
Control_11,1,m84137_260214_004236_s1/198576894/ccs,60,1,True,1,HIGH
Control_11,1,m84137_260214_004236_s1/181013099/ccs,60,1,True,1,HIGH
Control_11,1,m84137_260214_004236_s1/200018448/ccs,60,1,True,1,HIGH
Control_11,1,m84137_260214_004236_s1/182454067/ccs,60,1,True,1,HIGH
Control_11,1,m84137_260214_004236_s1/183240550/ccs,60,1,True,1,HIGH
Control_11,1,m84137_260214_004236_s1/183304909/ccs,60,1,True,1,HIGH
Control_11,1,m84137_260214_004236_s1/203754252/ccs,60,1,True,1,HIGH
Control_11,1,m84137_260214_004236_s1/224985270/ccs,60,1,True,1,HIGH
Control_11,1,m84137_260214_004236_s1/225051980/ccs,60,1,True,1,HIGH
Control_11,1,m84137_260214_004236_s1/229769427/ccs,60,1,True,1,HIGH
Control_11,1,m84137_260214_004236_s1/204605006/ccs,63,1,True,1,HIGH
Control_11,1,m84137_260214_004236_s1/216340227/ccs,60,1,True,1,HIGH
Control_11,1,m84137_260214_004236_s1/263525919/ccs,60,1,True,1,HIGH
Control_11,1,m84137_260214_004236_s1/266539609/ccs,60,1,True,1,HIGH
Control_11,1,m84137_260214_004236_s1/250154054/ccs,60,1,True,1,HIGH
Control_11,1,m84137_260214_004236_s1/250548569/ccs,60,1,True,1,HIGH
Control_11,1,m84137_260214_004236_s1/4326666/ccs,60,1,True,1,HIGH
Control_11,1,m84137_260214_004236_s1/52168056/ccs,60,1,True,1,HIGH
Control_11,1,m84137_260214_004236_s1/54855669/ccs,60,1,True,1,HIGH
Control_11,1,m84137_260214_004236_s1/105972844/ccs,60,1,True,1,HIGH
Control_11,1,m84137_260214_004236_s1/158335209/ccs,60,1,True,1,HIGH
Control_11,1,m84137_260214_004236_s1/147653654/ccs,60,1,True,1,HIGH
Control_11,1,m84137_260214_004236_s1/166331289/ccs,60,1,True,1,HIGH
Control_11,1,m84137_260214_004236_s1/188482419/ccs,60,1,True,1,HIGH
Control_11,1,m84137_260214_004236_s1/235014225/ccs,60,1,True,1,HIGH
Control_11,1,m84137_260214_004236_s1/259327735/ccs,60,1,True,1,HIGH
Control_11,1,m84137_260214_004236_s1/36967375/ccs,60,1,True,1,HIGH
Control_11,1,m84137_260214_004236_s1/69932088/ccs,60,1,True,1,HIGH
Control_11,1,m84137_260214_004236_s1/130225836/ccs,60,1,True,1,HIGH
Control_11,1,m84137_260214_004236_s1/130224413/ccs,60,1,True,1,HIGH
Control_11,1,m84137_260214_004236_s1/198775745/ccs,60,1,True,1,HIGH
Control_11,1,m84137_260214_004236_s1/206180551/ccs,60,1,True,1,HIGH
Control_11,1,m84137_260214_004236_s1/214241010/ccs,60,1,True,1,HIGH
Control_11,1,m84137_260214_004236_s1/249367622/ccs,60,1,True,1,HIGH
Control_11,1,m84137_260214_004236_s1/6948057/ccs,60,1,True,1,HIGH
Control_11,1,m84137_260214_004236_s1/34276964/ccs,60,1,True,1,HIGH
Control_11,1,m84137_260214_004236_s1/64883552/ccs,60,1,True,1,HIGH
Control_11,1,m84137_260214_004236_s1/73728967/ccs,60,1,True,1,HIGH
Control_11,1,m84137_260214_004236_s1/90964727/ccs,60,1,True,1,HIGH
Control_11,1,m84137_260214_004236_s1/86510244/ccs,60,1,True,1,HIGH
Control_11,1,m84137_260214_004236_s1/77529388/ccs,60,1,True,1,HIGH
Control_11,1,m84137_260214_004236_s1/160827338/ccs,60,1,True,1,HIGH
Control_11,1,m84137_260214_004236_s1/162072672/ccs,60,1,True,1,HIGH
Control_11,1,m84137_260214_004236_s1/196937777/ccs,60,1,True,1,HIGH
Control_11,1,m84137_260214_004236_s1/172950684/ccs,60,1,True,1,HIGH
Control_11,1,m84137_260214_004236_s1/207358147/ccs,60,1,True,1,HIGH
Control_11,1,m84137_260214_004236_s1/182780668/ccs,60,1,True,1,HIGH
Control_11,1,m84137_260214_004236_s1/206243435/ccs,60,1,True,1,HIGH
Control_11,1,m84137_260214_004236_s1/232458266/ccs,60,1,True,1,HIGH
Control_11,1,m84137_260214_004236_s1/236192273/ccs,60,1,True,1,HIGH
Control_11,1,m84137_260214_004236_s1/237962714/ccs,60,1,True,1,HIGH
Control_11,1,m84137_260214_004236_s1/7933956/ccs,60,1,True,1,HIGH
Control_11,1,m84137_260214_004236_s1/67243598/ccs,60,1,True,1,HIGH
Control_11,1,m84137_260214_004236_s1/59512225/ccs,60,1,True,1,HIGH
Control_11,1,m84137_260214_004236_s1/99424061/ccs,60,1,True,1,HIGH
Control_11,1,m84137_260214_004236_s1/138218657/ccs,60,1,True,1,HIGH
Control_11,1,m84137_260214_004236_s1/163124469/ccs,60,1,True,1,HIGH
Control_11,1,m84137_260214_004236_s1/232592369/ccs,60,1,True,1,HIGH
Control_11,1,m84137_260214_004236_s1/216402081/ccs,60,1,True,1,HIGH
Control_11,1,m84137_260214_004236_s1/97128419/ccs,60,1,True,1,HIGH
Control_11,1,m84137_260214_004236_s1/189076498/ccs,60,1,True,1,HIGH
Control_11,1,m84137_260214_004236_s1/67506894/ccs,60,1,True,1,HIGH
Control_11,1,m84137_260214_004236_s1/247726555/ccs,60,1,True,1,HIGH
Control_11,1,m84137_260214_004236_s1/266141880/ccs,60,1,True,1,HIGH
Control_11,1,m84137_260214_004236_s1/248775392/ccs,60,1,True,1,HIGH
Control_11,1,m84137_260214_004236_s1/23598681/ccs,60,1,True,1,HIGH
Control_11,1,m84137_260214_004236_s1/20123067/ccs,60,1,True,1,HIGH
Control_11,1,m84137_260214_004236_s1/23728663/ccs,60,1,True,1,HIGH
Control_11,1,m84137_260214_004236_s1/249692406/ccs,60,1,True,1,HIGH
Control_11,1,m84137_260214_004236_s1/250153131/ccs,60,1,True,1,HIGH
Control_11,1,m84137_260214_004236_s1/25431283/ccs,60,1,True,1,HIGH
Control_11,1,m84137_260214_004236_s1/250809249/ccs,60,1,True,1,HIGH
Control_11,1,m84137_260214_004236_s1/26676950/ccs,60,1,True,1,HIGH
Control_11,1,m84137_260214_004236_s1/9573434/ccs,60,1,True,1,HIGH
Control_11,1,m84137_260214_004236_s1/35525163/ccs,60,1,True,1,HIGH
Control_11,1,m84137_260214_004236_s1/10163556/ccs,60,1,True,1,HIGH
Control_11,1,m84137_260214_004236_s1/36441799/ccs,60,1,True,1,HIGH
Control_11,1,m84137_260214_004236_s1/39324824/ccs,60,1,True,1,HIGH
Control_11,1,m84137_260214_004236_s1/37753201/ccs,60,1,True,1,HIGH
Control_11,1,m84137_260214_004236_s1/58134699/ccs,60,1,True,1,HIGH
Control_11,1,m84137_260214_004236_s1/190515706/ccs,60,1,True,1,HIGH
Control_11,1,m84137_260214_004236_s1/152372720/ccs,60,1,True,1,HIGH
Control_11,1,m84137_260214_004236_s1/153027120/ccs,60,1,True,1,HIGH
Control_11,1,m84137_260214_004236_s1/153092644/ccs,60,1,True,1,HIGH
Control_11,1,m84137_260214_004236_s1/132711989/ccs,60,1,True,1,HIGH
Control_11,1,m84137_260214_004236_s1/115736916/ccs,60,1,True,1,HIGH
Control_11,1,m84137_260214_004236_s1/115737872/ccs,60,1,True,1,HIGH
Control_11,1,m84137_260214_004236_s1/115802273/ccs,60,1,True,1,HIGH
Control_11,1,m84137_260214_004236_s1/141101993/ccs,60,1,True,1,HIGH
Control_11,1,m84137_260214_004236_s1/116982359/ccs,60,1,True,1,HIGH
Control_11,1,m84137_260214_004236_s1/162661279/ccs,60,1,True,1,HIGH
Control_11,1,m84137_260214_004236_s1/155192302/ccs,60,1,True,1,HIGH
Control_11,1,m84137_260214_004236_s1/146868316/ccs,60,1,True,1,HIGH
Control_11,1,m84137_260214_004236_s1/143656968/ccs,60,1,True,1,HIGH
Control_11,1,m84137_260214_004236_s1/147391196/ccs,60,1,True,1,HIGH
Control_11,1,m84137_260214_004236_s1/144443917/ccs,60,1,True,1,HIGH
Control_11,1,m84137_260214_004236_s1/165348164/ccs,60,1,True,1,HIGH
Control_11,1,m84137_260214_004236_s1/162072322/ccs,60,1,True,1,HIGH
Control_11,1,m84137_260214_004236_s1/185730793/ccs,60,1,True,1,HIGH
Control_11,1,m84137_260214_004236_s1/173540865/ccs,60,1,True,1,HIGH
Control_11,1,m84137_260214_004236_s1/166398591/ccs,60,1,True,1,HIGH
Control_11,1,m84137_260214_004236_s1/173998283/ccs,60,1,True,1,HIGH
Control_11,1,m84137_260214_004236_s1/190973094/ccs,60,1,True,1,HIGH
Control_11,1,m84137_260214_004236_s1/27726394/ccs,60,1,True,1,HIGH
Control_11,1,m84137_260214_004236_s1/35785777/ccs,60,1,True,1,HIGH
Control_11,1,m84137_260214_004236_s1/32181274/ccs,60,1,True,1,HIGH
Control_11,1,m84137_260214_004236_s1/41227420/ccs,60,1,True,1,HIGH
Control_11,1,m84137_260214_004236_s1/41487957/ccs,60,1,True,1,HIGH
Control_11,1,m84137_260214_004236_s1/58463838/ccs,60,1,True,1,HIGH
Control_11,1,m84137_260214_004236_s1/15339560/ccs,60,1,True,1,HIGH
Control_11,1,m84137_260214_004236_s1/84088393/ccs,60,1,True,1,HIGH
Control_11,1,m84137_260214_004236_s1/59118182/ccs,60,1,True,1,HIGH
Control_11,1,m84137_260214_004236_s1/59510229/ccs,60,1,True,1,HIGH
Control_11,1,m84137_260214_004236_s1/59970242/ccs,60,1,True,1,HIGH
Control_11,1,m84137_260214_004236_s1/59838411/ccs,60,1,True,1,HIGH
Control_11,1,m84137_260214_004236_s1/44110561/ccs,60,1,True,1,HIGH
Control_11,1,m84137_260214_004236_s1/60363604/ccs,60,1,True,1,HIGH
Control_11,1,m84137_260214_004236_s1/65279393/ccs,60,1,True,1,HIGH
Control_11,1,m84137_260214_004236_s1/85265850/ccs,60,1,True,1,HIGH
Control_11,1,m84137_260214_004236_s1/73010861/ccs,60,1,True,1,HIGH
Control_11,1,m84137_260214_004236_s1/72486514/ccs,60,1,True,1,HIGH
Control_11,1,m84137_260214_004236_s1/91556874/ccs,60,1,True,1,HIGH
Control_11,1,m84137_260214_004236_s1/92213635/ccs,60,1,True,1,HIGH
Control_11,1,m84137_260214_004236_s1/48961138/ccs,60,1,True,1,HIGH
Control_11,1,m84137_260214_004236_s1/76288414/ccs,60,1,True,1,HIGH
Control_11,1,m84137_260214_004236_s1/76418094/ccs,60,1,True,1,HIGH
Control_11,1,m84137_260214_004236_s1/107610334/ccs,60,1,True,1,HIGH
Control_11,1,m84137_260214_004236_s1/124649965/ccs,60,1,True,1,HIGH
Control_11,1,m84137_260214_004236_s1/103744024/ccs,60,1,True,1,HIGH
Control_11,1,m84137_260214_004236_s1/120455250/ccs,60,1,True,1,HIGH
Control_11,1,m84137_260214_004236_s1/129565353/ccs,60,1,True,1,HIGH
Control_11,1,m84137_260214_004236_s1/121243073/ccs,60,1,True,1,HIGH
Control_11,1,m84137_260214_004236_s1/113117370/ccs,60,1,True,1,HIGH
Control_11,1,m84137_260214_004236_s1/105906438/ccs,60,1,True,1,HIGH
Control_11,1,m84137_260214_004236_s1/105972027/ccs,60,1,True,1,HIGH
Control_11,1,m84137_260214_004236_s1/106037431/ccs,60,1,True,1,HIGH
Control_11,1,m84137_260214_004236_s1/134285537/ccs,60,1,True,1,HIGH
Control_11,1,m84137_260214_004236_s1/134613790/ccs,60,1,True,1,HIGH
Control_11,1,m84137_260214_004236_s1/114230435/ccs,60,1,True,1,HIGH
Control_11,1,m84137_260214_004236_s1/135726780/ccs,60,1,True,1,HIGH
Control_11,1,m84137_260214_004236_s1/115147480/ccs,60,1,True,1,HIGH
Control_11,1,m84137_260214_004236_s1/115802267/ccs,60,1,True,1,HIGH
Control_11,1,m84137_260214_004236_s1/153749350/ccs,60,1,True,1,HIGH
Control_11,1,m84137_260214_004236_s1/128978012/ccs,60,1,True,1,HIGH
Control_11,1,m84137_260214_004236_s1/105909911/ccs,60,1,True,1,HIGH
Control_11,1,m84137_260214_004236_s1/82513909/ccs,60,1,True,1,HIGH
Control_11,1,m84137_260214_004236_s1/130290559/ccs,60,1,True,1,HIGH
Control_11,1,m84137_260214_004236_s1/110564295/ccs,60,1,True,1,HIGH
Control_11,1,m84137_260214_004236_s1/127211095/ccs,60,1,True,1,HIGH
Control_11,1,m84137_260214_004236_s1/135992290/ccs,60,1,True,1,HIGH
Control_11,1,m84137_260214_004236_s1/153032533/ccs,60,1,True,1,HIGH
Control_11,1,m84137_260214_004236_s1/156832576/ccs,60,1,True,1,HIGH
Control_11,1,m84137_260214_004236_s1/162861697/ccs,60,1,True,1,HIGH
Control_11,1,m84137_260214_004236_s1/161418276/ccs,60,1,True,1,HIGH
Control_11,1,m84137_260214_004236_s1/185798644/ccs,60,1,True,1,HIGH
Control_11,1,m84137_260214_004236_s1/190322456/ccs,60,1,True,1,HIGH
Control_11,1,m84137_260214_004236_s1/167709817/ccs,60,1,True,1,HIGH
Control_11,1,m84137_260214_004236_s1/218108226/ccs,60,1,True,1,HIGH
Control_11,1,m84137_260214_004236_s1/172496636/ccs,60,1,True,1,HIGH
Control_11,1,m84137_260214_004236_s1/63116347/ccs,60,1,True,1,HIGH
Control_11,1,m84137_260214_004236_s1/69340893/ccs,60,1,True,1,HIGH
Control_11,1,m84137_260214_004236_s1/60363092/ccs,60,1,True,1,HIGH
Control_11,1,m84137_260214_004236_s1/60888589/ccs,60,1,True,1,HIGH
Control_11,1,m84137_260214_004236_s1/65605021/ccs,60,1,True,1,HIGH
Control_11,1,m84137_260214_004236_s1/73994525/ccs,60,1,True,1,HIGH
Control_11,1,m84137_260214_004236_s1/90509339/ccs,60,1,True,1,HIGH
Control_11,1,m84137_260214_004236_s1/88935780/ccs,60,1,True,1,HIGH
Control_11,1,m84137_260214_004236_s1/89329780/ccs,60,1,True,1,HIGH
Control_11,1,m84137_260214_004236_s1/48828949/ccs,60,1,True,1,HIGH
Control_11,1,m84137_260214_004236_s1/119607614/ccs,60,1,True,1,HIGH
Control_11,1,m84137_260214_004236_s1/81006081/ccs,60,1,True,1,HIGH
Control_11,1,m84137_260214_004236_s1/105387369/ccs,60,1,True,1,HIGH
Control_11,1,m84137_260214_004236_s1/81268255/ccs,60,1,True,1,HIGH
Control_11,1,m84137_260214_004236_s1/26741382/ccs,60,1,True,1,HIGH
Control_11,1,m84137_260214_004236_s1/30999232/ccs,60,1,True,1,HIGH
Control_11,1,m84137_260214_004236_s1/9830991/ccs,60,1,True,1,HIGH
Control_11,1,m84137_260214_004236_s1/21628655/ccs,60,1,True,1,HIGH
Control_11,1,m84137_260214_004236_s1/15598623/ccs,60,1,True,1,HIGH
Control_11,1,m84137_260214_004236_s1/50660778/ccs,57,1,True,1,HIGH
Control_11,1,m84137_260214_004236_s1/35718511/ccs,60,1,True,1,HIGH
Control_11,1,m84137_260214_004236_s1/51251416/ccs,60,1,True,1,HIGH
Control_11,1,m84137_260214_004236_s1/40306446/ccs,60,1,True,1,HIGH
Control_11,1,m84137_260214_004236_s1/40763505/ccs,60,1,True,1,HIGH
Control_11,1,m84137_260214_004236_s1/40700290/ccs,60,1,True,1,HIGH
Control_11,1,m84137_260214_004236_s1/37161436/ccs,60,1,True,1,HIGH
Control_11,1,m84137_260214_004236_s1/41421737/ccs,60,1,True,1,HIGH
Control_11,1,m84137_260214_004236_s1/59443737/ccs,60,1,True,1,HIGH
Control_11,1,m84137_260214_004236_s1/42142560/ccs,60,1,True,1,HIGH
Control_11,1,m84137_260214_004236_s1/42666346/ccs,60,1,True,1,HIGH
Control_11,1,m84137_260214_004236_s1/42861797/ccs,60,1,True,1,HIGH
Control_11,1,m84137_260214_004236_s1/60490695/ccs,60,1,True,1,HIGH
Control_11,1,m84137_260214_004236_s1/47317396/ccs,60,1,True,1,HIGH
Control_11,1,m84137_260214_004236_s1/54331485/ccs,60,1,True,1,HIGH
Control_11,1,m84137_260214_004236_s1/61016627/ccs,60,1,True,1,HIGH
Control_11,1,m84137_260214_004236_s1/44040559/ccs,60,1,True,1,HIGH
Control_11,1,m84137_260214_004236_s1/48366300/ccs,60,1,True,1,HIGH
Control_11,1,m84137_260214_004236_s1/64554361/ccs,60,1,True,1,HIGH
Control_11,1,m84137_260214_004236_s1/48432298/ccs,60,1,True,1,HIGH
Control_11,1,m84137_260214_004236_s1/51906655/ccs,60,1,True,1,HIGH
Control_11,1,m84137_260214_004236_s1/97387822/ccs,60,1,True,1,HIGH
Control_11,1,m84137_260214_004236_s1/77660655/ccs,60,1,True,1,HIGH
Control_11,1,m84137_260214_004236_s1/102761873/ccs,60,1,True,1,HIGH
Control_11,1,m84137_260214_004236_s1/220071778/ccs,60,1,True,1,HIGH
Control_11,1,m84137_260214_004236_s1/215482528/ccs,60,1,True,1,HIGH
Control_11,1,m84137_260214_004236_s1/43259339/ccs,60,1,True,1,HIGH
Control_11,1,m84137_260214_004236_s1/218763025/ccs,60,1,True,1,HIGH
Control_11,1,m84137_260214_004236_s1/252448794/ccs,60,1,True,1,HIGH
Control_11,1,m84137_260214_004236_s1/265229398/ccs,60,1,True,1,HIGH
Control_11,1,m84137_260214_004236_s1/28115629/ccs,60,1,True,1,HIGH
Control_11,1,m84137_260214_004236_s1/28051364/ccs,60,1,True,1,HIGH
Control_11,1,m84137_260214_004236_s1/23006177/ccs,60,1,True,1,HIGH
Control_11,1,m84137_260214_004236_s1/29426063/ccs,60,1,True,1,HIGH
Control_11,1,m84137_260214_004236_s1/29492745/ccs,60,1,True,1,HIGH
Control_11,1,m84137_260214_004236_s1/8061760/ccs,60,1,True,1,HIGH
Control_11,1,m84137_260214_004236_s1/30082276/ccs,60,1,True,1,HIGH
Control_11,1,m84137_260214_004236_s1/30147871/ccs,60,1,True,1,HIGH
Control_11,1,m84137_260214_004236_s1/25298108/ccs,60,1,True,1,HIGH
Control_11,1,m84137_260214_004236_s1/68945194/ccs,60,1,True,1,HIGH
Control_11,1,m84137_260214_004236_s1/62917919/ccs,60,1,True,1,HIGH
Control_11,1,m84137_260214_004236_s1/93066391/ccs,60,1,True,1,HIGH
Control_11,1,m84137_260214_004236_s1/40175962/ccs,60,1,True,1,HIGH
Control_11,1,m84137_260214_004236_s1/243992841/ccs,60,1,True,1,HIGH
Control_11,1,m84137_260214_004236_s1/239668159/ccs,60,1,True,1,HIGH
Control_11,1,m84137_260214_004236_s1/17306845/ccs,60,1,True,1,HIGH
Control_11,1,m84137_260214_004236_s1/261097951/ccs,60,1,True,1,HIGH
Control_11,1,m84137_260214_004236_s1/246942471/ccs,60,1,True,1,HIGH
Control_11,1,m84137_260214_004236_s1/240388789/ccs,60,1,True,1,HIGH
Control_11,1,m84137_260214_004236_s1/262603553/ccs,60,1,True,1,HIGH
Control_11,1,m84137_260214_004236_s1/18485122/ccs,60,1,True,1,HIGH
Control_11,1,m84137_260214_004236_s1/248580615/ccs,60,1,True,1,HIGH
Control_11,1,m84137_260214_004236_s1/23204956/ccs,60,1,True,1,HIGH
Control_11,1,m84137_260214_004236_s1/23466135/ccs,60,1,True,1,HIGH
Control_11,1,m84137_260214_004236_s1/267062150/ccs,60,1,True,1,HIGH
Control_11,1,m84137_260214_004236_s1/267059793/ccs,60,1,True,1,HIGH
Control_11,1,m84137_260214_004236_s1/24710272/ccs,60,1,True,1,HIGH
Control_11,1,m84137_260214_004236_s1/4789635/ccs,60,1,True,1,HIGH
Control_11,1,m84137_260214_004236_s1/24711897/ccs,60,1,True,1,HIGH
Control_11,1,m84137_260214_004236_s1/20974858/ccs,60,1,True,1,HIGH
Control_11,1,m84137_260214_004236_s1/28905502/ccs,60,1,True,1,HIGH
Control_11,1,m84137_260214_004236_s1/8327308/ccs,60,1,True,1,HIGH
Control_11,1,m84137_260214_004236_s1/29561680/ccs,60,1,True,1,HIGH
Control_11,1,m84137_260214_004236_s1/29429291/ccs,60,1,True,1,HIGH
Control_11,1,m84137_260214_004236_s1/51252877/ccs,60,1,True,1,HIGH
Control_11,1,m84137_260214_004236_s1/27003937/ccs,60,1,True,1,HIGH
Control_11,1,m84137_260214_004236_s1/35065175/ccs,60,1,True,1,HIGH
Control_11,1,m84137_260214_004236_s1/142612285/ccs,60,1,True,1,HIGH
Control_11,1,m84137_260214_004236_s1/138875875/ccs,60,1,True,1,HIGH
Control_11,1,m84137_260214_004236_s1/115281011/ccs,60,1,True,1,HIGH
Control_11,1,m84137_260214_004236_s1/116332000/ccs,60,1,True,1,HIGH
Control_11,1,m84137_260214_004236_s1/163778896/ccs,60,1,True,1,HIGH
Control_11,1,m84137_260214_004236_s1/143658502/ccs,60,1,True,1,HIGH
Control_11,1,m84137_260214_004236_s1/164171233/ccs,60,1,True,1,HIGH
Control_11,1,m84137_260214_004236_s1/185536673/ccs,60,1,True,1,HIGH
Control_11,1,m84137_260214_004236_s1/164631989/ccs,60,1,True,1,HIGH
Control_11,1,m84137_260214_004236_s1/174067262/ccs,60,1,True,1,HIGH
Control_11,1,m84137_260214_004236_s1/190189591/ccs,60,1,True,1,HIGH
Control_11,1,m84137_260214_004236_s1/147068275/ccs,60,1,True,1,HIGH
Control_11,1,m84137_260214_004236_s1/147920024/ccs,60,1,True,1,HIGH
Control_11,1,m84137_260214_004236_s1/177870583/ccs,60,1,True,1,HIGH
Control_11,1,m84137_260214_004236_s1/193860233/ccs,60,1,True,1,HIGH
Control_11,1,m84137_260214_004236_s1/193662695/ccs,60,1,True,1,HIGH
Control_11,1,m84137_260214_004236_s1/207097583/ccs,60,1,True,1,HIGH
Control_11,1,m84137_260214_004236_s1/220009171/ccs,60,1,True,1,HIGH
Control_11,1,m84137_260214_004236_s1/201788554/ccs,60,1,True,1,HIGH
Control_11,1,m84137_260214_004236_s1/198905780/ccs,60,1,True,1,HIGH
Control_11,1,m84137_260214_004236_s1/198905304/ccs,60,1,True,1,HIGH
Control_11,1,m84137_260214_004236_s1/194512668/ccs,57,1,True,1,HIGH
Control_11,1,m84137_260214_004236_s1/198314601/ccs,60,1,True,1,HIGH
Control_11,1,m84137_260214_004236_s1/201458920/ccs,60,1,True,1,HIGH
Control_11,1,m84137_260214_004236_s1/178325240/ccs,60,1,True,1,HIGH
Control_11,1,m84137_260214_004236_s1/180751254/ccs,60,1,True,1,HIGH
Control_11,1,m84137_260214_004236_s1/219809391/ccs,60,1,True,1,HIGH
Control_11,1,m84137_260214_004236_s1/202115084/ccs,60,1,True,1,HIGH
Control_11,1,m84137_260214_004236_s1/202311953/ccs,60,1,True,1,HIGH
Control_11,1,m84137_260214_004236_s1/202508827/ccs,60,1,True,1,HIGH
Control_11,1,m84137_260214_004236_s1/224199139/ccs,60,1,True,1,HIGH
Control_11,1,m84137_260214_004236_s1/204081454/ccs,60,1,True,1,HIGH
Control_11,1,m84137_260214_004236_s1/229704282/ccs,60,1,True,1,HIGH
Control_11,1,m84137_260214_004236_s1/230295595/ccs,60,1,True,1,HIGH
Control_11,1,m84137_260214_004236_s1/230819222/ccs,60,1,True,1,HIGH
Control_11,1,m84137_260214_004236_s1/231146258/ccs,60,1,True,1,HIGH
Control_11,1,m84137_260214_004236_s1/231276761/ccs,60,1,True,1,HIGH
Control_11,1,m84137_260214_004236_s1/252249622/ccs,60,1,True,1,HIGH
Control_11,1,m84137_260214_004236_s1/146867851/ccs,60,1,True,1,HIGH
Control_11,1,m84137_260214_004236_s1/168232790/ccs,60,1,True,1,HIGH
Control_11,1,m84137_260214_004236_s1/144114238/ccs,60,1,True,1,HIGH
Control_11,1,m84137_260214_004236_s1/165085318/ccs,60,1,True,1,HIGH
Control_11,1,m84137_260214_004236_s1/147980931/ccs,60,1,True,1,HIGH
Control_11,1,m84137_260214_004236_s1/147851814/ccs,60,1,True,1,HIGH
Control_11,1,m84137_260214_004236_s1/168888080/ccs,60,1,True,1,HIGH
Control_11,1,m84137_260214_004236_s1/186780555/ccs,60,1,True,1,HIGH
Control_11,1,m84137_260214_004236_s1/190909006/ccs,60,1,True,1,HIGH
Control_11,1,m84137_260214_004236_s1/170524754/ccs,60,1,True,1,HIGH
Control_11,1,m84137_260214_004236_s1/174981717/ccs,60,1,True,1,HIGH
Control_11,1,m84137_260214_004236_s1/175900159/ccs,60,1,True,1,HIGH
Control_11,1,m84137_260214_004236_s1/189270021/ccs,60,1,True,1,HIGH
Control_11,1,m84137_260214_004236_s1/192545834/ccs,60,1,True,1,HIGH
Control_11,1,m84137_260214_004236_s1/197266428/ccs,60,1,True,1,HIGH
Control_11,1,m84137_260214_004236_s1/177211701/ccs,60,1,True,1,HIGH
Control_11,1,m84137_260214_004236_s1/218564364/ccs,60,1,True,1,HIGH
Control_11,1,m84137_260214_004236_s1/212142438/ccs,60,1,True,1,HIGH
Control_11,1,m84137_260214_004236_s1/214697226/ccs,60,1,True,1,HIGH
Control_11,1,m84137_260214_004236_s1/232784517/ccs,60,1,True,1,HIGH
Control_11,1,m84137_260214_004236_s1/253888491/ccs,60,1,True,1,HIGH
Control_11,1,m84137_260214_004236_s1/235995688/ccs,60,1,True,1,HIGH
Control_11,1,m84137_260214_004236_s1/233899220/ccs,60,1,True,1,HIGH
Control_11,1,m84137_260214_004236_s1/258082958/ccs,60,1,True,1,HIGH
Control_11,1,m84137_260214_004236_s1/258345295/ccs,60,1,True,1,HIGH
Control_11,1,m84137_260214_004236_s1/216793519/ccs,60,1,True,1,HIGH
Control_11,1,m84137_260214_004236_s1/234816736/ccs,60,1,True,1,HIGH
Control_11,1,m84137_260214_004236_s1/258737519/ccs,60,1,True,1,HIGH
Control_11,1,m84137_260214_004236_s1/255788286/ccs,60,1,True,1,HIGH
Control_11,1,m84137_260214_004236_s1/259130336/ccs,60,1,True,1,HIGH
Control_11,1,m84137_260214_004236_s1/259525067/ccs,60,1,True,1,HIGH
Control_11,1,m84137_260214_004236_s1/263129638/ccs,60,1,True,1,HIGH
Control_11,1,m84137_260214_004236_s1/238225078/ccs,60,1,True,1,HIGH
Control_11,1,m84137_260214_004236_s1/238290625/ccs,60,1,True,1,HIGH
Control_11,1,m84137_260214_004236_s1/256706850/ccs,60,1,True,1,HIGH
Control_11,1,m84137_260214_004236_s1/238617129/ccs,60,1,True,1,HIGH
Control_11,1,m84137_260214_004236_s1/263457610/ccs,60,1,True,1,HIGH
Control_11,1,m84137_260214_004236_s1/260441330/ccs,60,1,True,1,HIGH
Control_11,1,m84137_260214_004236_s1/264374021/ccs,60,1,True,1,HIGH
Control_11,1,m84137_260214_004236_s1/92802375/ccs,60,1,True,1,HIGH
Control_11,1,m84137_260214_004236_s1/94115698/ccs,60,1,True,1,HIGH
Control_11,1,m84137_260214_004236_s1/98570674/ccs,60,1,True,1,HIGH
Control_11,1,m84137_260214_004236_s1/79303422/ccs,60,1,True,1,HIGH
Control_11,1,m84137_260214_004236_s1/94901310/ccs,60,1,True,1,HIGH
Control_11,1,m84137_260214_004236_s1/104273052/ccs,60,1,True,1,HIGH
Control_11,1,m84137_260214_004236_s1/120854044/ccs,60,1,True,1,HIGH
Control_11,1,m84137_260214_004236_s1/80941841/ccs,60,1,True,1,HIGH
Control_11,1,m84137_260214_004236_s1/121771805/ccs,60,1,True,1,HIGH
Control_11,1,m84137_260214_004236_s1/105712690/ccs,60,1,True,1,HIGH
Control_11,1,m84137_260214_004236_s1/130618805/ccs,60,1,True,1,HIGH
Control_11,1,m84137_260214_004236_s1/130881091/ccs,60,1,True,1,HIGH
Control_11,1,m84137_260214_004236_s1/112399175/ccs,60,1,True,1,HIGH
Control_11,1,m84137_260214_004236_s1/137498658/ccs,60,1,True,1,HIGH
Control_11,1,m84137_260214_004236_s1/113773739/ccs,60,1,True,1,HIGH
Control_11,1,m84137_260214_004236_s1/181735117/ccs,60,1,True,1,HIGH
Control_11,1,m84137_260214_004236_s1/225840791/ccs,60,1,True,1,HIGH
Control_11,1,m84137_260214_004236_s1/225973518/ccs,60,1,True,1,HIGH
Control_11,1,m84137_260214_004236_s1/205720832/ccs,60,1,True,1,HIGH
Control_11,1,m84137_260214_004236_s1/206179505/ccs,60,1,True,1,HIGH
Control_11,1,m84137_260214_004236_s1/206770016/ccs,60,1,True,1,HIGH
Control_11,1,m84137_260214_004236_s1/252777193/ccs,60,1,True,1,HIGH
Control_11,1,m84137_260214_004236_s1/230102788/ccs,60,1,True,1,HIGH
Control_11,1,m84137_260214_004236_s1/183635974/ccs,60,1,True,1,HIGH
Control_11,1,m84137_260214_004236_s1/227939884/ccs,60,1,True,1,HIGH
Control_11,1,m84137_260214_004236_s1/231149104/ccs,60,1,True,1,HIGH
Control_11,1,m84137_260214_004236_s1/237178425/ccs,60,1,True,1,HIGH
Control_11,1,m84137_260214_004236_s1/237244657/ccs,60,1,True,1,HIGH
Control_11,1,m84137_260214_004236_s1/257823418/ccs,60,1,True,1,HIGH
Control_11,1,m84137_260214_004236_s1/239277604/ccs,60,1,True,1,HIGH
Control_11,1,m84137_260214_004236_s1/261166416/ccs,60,1,True,1,HIGH
Control_11,1,m84137_260214_004236_s1/265032381/ccs,60,1,True,1,HIGH
Control_11,1,m84137_260214_004236_s1/48956205/ccs,60,1,True,1,HIGH
Control_11,1,m84137_260214_004236_s1/72879051/ccs,60,1,True,1,HIGH
Control_11,1,m84137_260214_004236_s1/50005724/ccs,60,1,True,1,HIGH
Control_11,1,m84137_260214_004236_s1/74582337/ccs,60,1,True,1,HIGH
Control_11,1,m84137_260214_004236_s1/95291568/ccs,60,1,True,1,HIGH
Control_11,1,m84137_260214_004236_s1/95092811/ccs,60,1,True,1,HIGH
Control_11,1,m84137_260214_004236_s1/71306123/ccs,60,1,True,1,HIGH
Control_11,1,m84137_260214_004236_s1/79496212/ccs,60,1,True,1,HIGH
Control_11,1,m84137_260214_004236_s1/75893050/ccs,60,1,True,1,HIGH
Control_11,1,m84137_260214_004236_s1/96667264/ccs,60,1,True,1,HIGH
Control_11,1,m84137_260214_004236_s1/96993739/ccs,60,1,True,1,HIGH
Control_11,1,m84137_260214_004236_s1/76153056/ccs,60,1,True,1,HIGH
Control_11,1,m84137_260214_004236_s1/77267290/ccs,60,1,True,1,HIGH
Control_11,1,m84137_260214_004236_s1/81331316/ccs,60,1,True,1,HIGH
Control_11,1,m84137_260214_004236_s1/88804253/ccs,60,1,True,1,HIGH
Control_11,1,m84137_260214_004236_s1/101319774/ccs,60,1,True,1,HIGH
Control_11,1,m84137_260214_004236_s1/123208502/ccs,60,1,True,1,HIGH
Control_11,1,m84137_260214_004236_s1/78250808/ccs,60,1,True,1,HIGH
Control_11,1,m84137_260214_004236_s1/117967195/ccs,60,1,True,1,HIGH
Control_11,1,m84137_260214_004236_s1/82314961/ccs,60,1,True,1,HIGH
Control_11,1,m84137_260214_004236_s1/99811902/ccs,60,1,True,1,HIGH
Control_11,1,m84137_260214_004236_s1/124257249/ccs,60,1,True,1,HIGH
Control_11,1,m84137_260214_004236_s1/100205920/ccs,60,1,True,1,HIGH
Control_11,1,m84137_260214_004236_s1/124258505/ccs,60,1,True,1,HIGH
Control_11,1,m84137_260214_004236_s1/246944045/ccs,60,1,True,1,HIGH
Control_11,1,m84137_260214_004236_s1/267456605/ccs,60,1,True,1,HIGH
Control_11,1,m84137_260214_004236_s1/247991913/ccs,60,1,True,1,HIGH
Control_11,1,m84137_260214_004236_s1/251137626/ccs,60,1,True,1,HIGH
Control_11,1,m84137_260214_004236_s1/17957833/ccs,60,1,True,1,HIGH
Control_11,1,m84137_260214_004236_s1/30081249/ccs,60,1,True,1,HIGH
Control_11,1,m84137_260214_004236_s1/14221466/ccs,60,1,True,1,HIGH
Control_11,1,m84137_260214_004236_s1/39454528/ccs,60,1,True,1,HIGH
Control_11,1,m84137_260214_004236_s1/41290343/ccs,60,1,True,1,HIGH
Control_11,1,m84137_260214_004236_s1/63834446/ccs,60,1,True,1,HIGH
Control_11,1,m84137_260214_004236_s1/66847848/ccs,60,1,True,1,HIGH
Control_11,1,m84137_260214_004236_s1/162203664/ccs,60,1,True,1,HIGH
Control_11,1,m84137_260214_004236_s1/160957999/ccs,60,1,True,1,HIGH
Control_11,1,m84137_260214_004236_s1/210175244/ccs,60,1,True,1,HIGH
Control_11,1,m84137_260214_004236_s1/212666993/ccs,60,1,True,1,HIGH
Control_11,1,m84137_260214_004236_s1/258148878/ccs,60,1,True,1,HIGH
Control_11,1,m84137_260214_004236_s1/246745736/ccs,60,1,True,1,HIGH
Control_11,1,m84137_260214_004236_s1/267125121/ccs,60,1,True,1,HIGH
Control_11,1,m84137_260214_004236_s1/4198818/ccs,60,1,True,1,HIGH
Control_11,1,m84137_260214_004236_s1/20582214/ccs,60,1,True,1,HIGH
Control_11,1,m84137_260214_004236_s1/52106656/ccs,60,1,True,1,HIGH
Control_11,1,m84137_260214_004236_s1/44044489/ccs,60,1,True,1,HIGH
Control_11,1,m84137_260214_004236_s1/48434352/ccs,60,1,True,1,HIGH
Control_11,1,m84137_260214_004236_s1/192024247/ccs,60,1,True,1,HIGH
Control_11,1,m84137_260214_004236_s1/176033983/ccs,60,1,True,1,HIGH
Control_11,1,m84137_260214_004236_s1/221123941/ccs,60,1,True,1,HIGH
Control_11,1,m84137_260214_004236_s1/199561777/ccs,60,1,True,1,HIGH
Control_11,1,m84137_260214_004236_s1/222368502/ccs,60,1,True,1,HIGH
Control_11,1,m84137_260214_004236_s1/181802192/ccs,60,1,True,1,HIGH
Control_11,1,m84137_260214_004236_s1/183766169/ccs,60,1,True,1,HIGH
Control_11,1,m84137_260214_004236_s1/67635083/ccs,60,1,True,1,HIGH
Control_11,1,m84137_260214_004236_s1/49546628/ccs,60,1,True,1,HIGH
Control_11,1,m84137_260214_004236_s1/185862607/ccs,60,1,True,1,HIGH
Control_11,1,m84137_260214_004236_s1/235409886/ccs,60,1,True,1,HIGH
Control_11,1,m84137_260214_004236_s1/47776007/ccs,60,1,True,1,HIGH
Control_11,1,m84137_260214_004236_s1/149754230/ccs,60,1,True,1,HIGH
Control_11,1,m84137_260214_004236_s1/8653061/ccs,60,1,True,1,HIGH
Control_11,1,m84137_260214_004236_s1/89392465/ccs,60,1,True,1,HIGH
Control_11,1,m84137_260214_004236_s1/137822345/ccs,60,1,True,1,HIGH
Control_11,1,m84137_260214_004236_s1/154928921/ccs,60,1,True,1,HIGH
Control_11,1,m84137_260214_004236_s1/93520526/ccs,60,1,True,1,HIGH
Control_11,1,m84137_260214_004236_s1/129696485/ccs,60,1,True,1,HIGH
Control_11,1,m84137_260214_004236_s1/68425593/ccs,60,1,True,1,HIGH
Control_11,1,m84137_260214_004236_s1/21824571/ccs,60,1,True,1,HIGH
Control_11,1,m84137_260214_004236_s1/215876813/ccs,60,1,True,1,HIGH
Control_11,1,m84137_260214_004236_s1/67898889/ccs,60,1,True,1,HIGH
Control_11,1,m84137_260214_004236_s1/13633733/ccs,60,2,True,2,HIGH
Control_11,1,m84137_260214_004236_s1/262017181/ccs,60,2,True,2,HIGH
Control_11,1,m84137_260214_004236_s1/252843850/ccs,60,2,True,2,HIGH
Control_11,1,m84137_260214_004236_s1/72418042/ccs,61,2,True,2,HIGH
Control_11,1,m84137_260214_004236_s1/233181259/ccs,61,2,True,2,HIGH
Control_11,1,m84137_260214_004236_s1/190711092/ccs,60,2,True,2,HIGH
Control_11,1,m84137_260214_004236_s1/29492885/ccs,61,2,True,2,HIGH
Control_11,1,m84137_260214_004236_s1/169478159/ccs,60,2,True,2,HIGH
Control_11,1,m84137_260214_004236_s1/232656082/ccs,60,2,True,2,HIGH
Control_11,1,m84137_260214_004236_s1/240321706/ccs,61,0,False,0,HIGH
Control_11,1,m84137_260214_004236_s1/260116199/ccs,60,0,False,0,HIGH
Control_11,1,m84137_260214_004236_s1/17371961/ccs,63,0,False,0,HIGH
Control_11,1,m84137_260214_004236_s1/92411154/ccs,60,0,False,0,HIGH
Control_11,1,m84137_260214_004236_s1/136711455/ccs,62,0,False,0,HIGH
Control_11,1,m84137_260214_004236_s1/186583334/ccs,66,1,True,1,HIGH
Control_11,1,m84137_260214_004236_s1/70582887/ccs,63,1,True,1,HIGH
Control_11,1,m84137_260214_004236_s1/78055081/ccs,63,1,True,1,HIGH
Control_11,1,m84137_260214_004236_s1/160235657/ccs,60,1,True,1,HIGH
Control_11,1,m84137_260214_004236_s1/5900435/ccs,63,1,True,1,HIGH
Control_11,1,m84137_260214_004236_s1/4197157/ccs,63,1,True,1,HIGH
Control_11,1,m84137_260214_004236_s1/56885668/ccs,60,1,True,1,HIGH
Control_11,1,m84137_260214_004236_s1/36438520/ccs,63,1,True,1,HIGH
Control_11,1,m84137_260214_004236_s1/36503763/ccs,63,1,True,1,HIGH
Control_11,1,m84137_260214_004236_s1/45552096/ccs,63,1,True,1,HIGH
Control_11,1,m84137_260214_004236_s1/72750229/ccs,63,1,True,1,HIGH
Control_11,1,m84137_260214_004236_s1/70848138/ccs,63,1,True,1,HIGH
Control_11,1,m84137_260214_004236_s1/212601729/ccs,63,1,True,1,HIGH
Control_11,1,m84137_260214_004236_s1/170464397/ccs,60,1,True,1,HIGH
Control_11,1,m84137_260214_004236_s1/149558802/ccs,60,1,True,1,HIGH
Control_11,1,m84137_260214_004236_s1/223941086/ccs,63,1,True,1,HIGH
Control_11,1,m84137_260214_004236_s1/107090830/ccs,62,1,True,1,HIGH
Control_11,1,m84137_260214_004236_s1/256709001/ccs,60,1,True,1,HIGH
Control_11,1,m84137_260214_004236_s1/216863266/ccs,63,1,True,1,HIGH
Control_11,1,m84137_260214_004236_s1/245039430/ccs,63,1,True,1,HIGH
Control_11,1,m84137_260214_004236_s1/262406819/ccs,60,1,True,1,HIGH
Control_11,1,m84137_260214_004236_s1/248644396/ccs,63,1,True,1,HIGH
Control_11,1,m84137_260214_004236_s1/205132650/ccs,63,1,True,1,HIGH
Control_11,1,m84137_260214_004236_s1/170137239/ccs,60,1,True,1,HIGH
Control_11,1,m84137_260214_004236_s1/23593515/ccs,63,1,True,1,HIGH
Control_11,1,m84137_260214_004236_s1/10290595/ccs,60,1,True,1,HIGH
Control_11,1,m84137_260214_004236_s1/16384388/ccs,60,1,True,1,HIGH
Control_11,1,m84137_260214_004236_s1/112263212/ccs,63,1,True,1,HIGH
Control_11,1,m84137_260214_004236_s1/114297467/ccs,63,1,True,1,HIGH
Control_11,1,m84137_260214_004236_s1/48891235/ccs,63,1,True,1,HIGH
Control_11,1,m84137_260214_004236_s1/88408750/ccs,63,1,True,1,HIGH
Control_11,1,m84137_260214_004236_s1/35524622/ccs,63,1,True,1,HIGH
Control_11,1,m84137_260214_004236_s1/174851337/ccs,63,1,True,1,HIGH
Control_11,1,m84137_260214_004236_s1/194578176/ccs,60,1,True,1,HIGH
Control_11,1,m84137_260214_004236_s1/201786115/ccs,60,1,True,1,HIGH
Control_11,1,m84137_260214_004236_s1/220136445/ccs,63,1,True,1,HIGH
Control_11,1,m84137_260214_004236_s1/183896516/ccs,63,1,True,1,HIGH
Control_11,1,m84137_260214_004236_s1/3343380/ccs,60,1,True,1,HIGH
Control_11,1,m84137_260214_004236_s1/17173836/ccs,60,1,True,1,HIGH
Control_11,1,m84137_260214_004236_s1/208213908/ccs,60,1,True,1,HIGH
Control_11,1,m84137_260214_004236_s1/99816089/ccs,63,1,True,1,HIGH
Control_11,1,m84137_260214_004236_s1/152570838/ccs,63,1,True,1,HIGH
Control_11,1,m84137_260214_004236_s1/248187799/ccs,63,1,True,1,HIGH
Control_11,1,m84137_260214_004236_s1/23402227/ccs,63,1,True,1,HIGH
Control_11,1,m84137_260214_004236_s1/8328224/ccs,63,1,True,1,HIGH
Control_11,1,m84137_260214_004236_s1/36573534/ccs,60,1,True,1,HIGH
Control_11,1,m84137_260214_004236_s1/42669582/ccs,63,1,True,1,HIGH
Control_11,1,m84137_260214_004236_s1/61214230/ccs,63,1,True,1,HIGH
Control_11,1,m84137_260214_004236_s1/102958721/ccs,63,1,True,1,HIGH
Control_11,1,m84137_260214_004236_s1/152110896/ccs,60,1,True,1,HIGH
Control_11,1,m84137_260214_004236_s1/131666192/ccs,63,1,True,1,HIGH
Control_11,1,m84137_260214_004236_s1/185145110/ccs,63,1,True,1,HIGH
Control_11,1,m84137_260214_004236_s1/48894230/ccs,63,1,True,1,HIGH
Control_11,1,m84137_260214_004236_s1/24905873/ccs,63,1,True,1,HIGH
Control_11,1,m84137_260214_004236_s1/246680306/ccs,60,1,True,1,HIGH
Control_11,1,m84137_260214_004236_s1/19010460/ccs,60,1,True,1,HIGH
Control_11,1,m84137_260214_004236_s1/266404686/ccs,60,1,True,1,HIGH
Control_11,1,m84137_260214_004236_s1/9506555/ccs,63,1,True,1,HIGH
Control_11,1,m84137_260214_004236_s1/172493852/ccs,63,1,True,1,HIGH
Control_11,1,m84137_260214_004236_s1/195104535/ccs,63,1,True,1,HIGH
Control_11,1,m84137_260214_004236_s1/200343947/ccs,60,1,True,1,HIGH
Control_11,1,m84137_260214_004236_s1/203293713/ccs,63,1,True,1,HIGH
Control_11,1,m84137_260214_004236_s1/168363534/ccs,60,1,True,1,HIGH
Control_11,1,m84137_260214_004236_s1/188549052/ccs,63,1,True,1,HIGH
Control_11,1,m84137_260214_004236_s1/172688225/ccs,63,1,True,1,HIGH
Control_11,1,m84137_260214_004236_s1/256772997/ccs,63,1,True,1,HIGH
Control_11,1,m84137_260214_004236_s1/49941641/ccs,60,1,True,1,HIGH
Control_11,1,m84137_260214_004236_s1/83564203/ccs,63,1,True,1,HIGH
Control_11,1,m84137_260214_004236_s1/215160338/ccs,60,1,True,1,HIGH
Control_11,1,m84137_260214_004236_s1/29098736/ccs,63,1,True,1,HIGH
Control_11,1,m84137_260214_004236_s1/152308382/ccs,60,1,True,1,HIGH
Control_11,1,m84137_260214_004236_s1/228983308/ccs,63,1,True,1,HIGH
Control_11,1,m84137_260214_004236_s1/132059632/ccs,63,1,True,1,HIGH
Control_11,1,m84137_260214_004236_s1/215679590/ccs,63,1,True,1,HIGH
Control_11,1,m84137_260214_004236_s1/14813497/ccs,57,1,True,1,HIGH
Control_11,1,m84137_260214_004236_s1/208273552/ccs,59,2,True,2,HIGH
Control_11,1,m84137_260214_004236_s1/17434736/ccs,63,2,True,2,HIGH
Control_11,1,m84137_260214_004236_s1/147130755/ccs,64,2,True,2,HIGH
Control_11,1,m84137_260214_004236_s1/163250892/ccs,63,0,False,0,HIGH
Control_11,1,m84137_260214_004236_s1/211292396/ccs,57,0,False,0,HIGH
Control_11,1,m84137_260214_004236_s1/66519687/ccs,60,1,True,1,HIGH
Control_11,1,m84137_260214_004236_s1/209261202/ccs,66,1,True,1,HIGH
Control_11,1,m84137_260214_004236_s1/84738711/ccs,64,0,False,0,HIGH
Control_11,1,m84137_260214_004236_s1/21695935/ccs,65,0,False,0,HIGH
Control_11,1,m84137_260214_004236_s1/48825940/ccs,62,1,True,1,HIGH
Control_11,1,m84137_260214_004236_s1/258605891/ccs,65,0,False,0,HIGH
Control_11,1,m84137_260214_004236_s1/76349914/ccs,62,0,False,0,HIGH
Control_11,1,m84137_260214_004236_s1/244124983/ccs,61,1,True,1,HIGH
Control_11,1,m84137_260214_004236_s1/229903590/ccs,54,2,True,2,HIGH
Control_11,1,m84137_260214_004236_s1/65799310/ccs,51,1,True,1,HIGH
Control_11,1,m84137_260214_004236_s1/93848966/ccs,54,2,True,2,HIGH
Control_11,1,m84137_260214_004236_s1/70192232/ccs,54,0,False,0,HIGH
Control_11,1,m84137_260214_004236_s1/64356709/ccs,60,1,True,1,HIGH
Control_11,1,m84137_260214_004236_s1/54201088/ccs,57,1,True,1,HIGH
Control_11,1,m84137_260214_004236_s1/100533875/ccs,57,1,True,1,HIGH
Control_11,1,m84137_260214_004236_s1/128976795/ccs,60,1,True,1,HIGH
Control_11,1,m84137_260214_004236_s1/76285095/ccs,60,1,True,1,HIGH
Control_11,1,m84137_260214_004236_s1/76612688/ccs,57,1,True,1,HIGH
Control_11,1,m84137_260214_004236_s1/39389542/ccs,57,1,True,1,HIGH
Control_11,1,m84137_260214_004236_s1/168495131/ccs,60,1,True,1,HIGH
Control_11,1,m84137_260214_004236_s1/130547866/ccs,57,1,True,1,HIGH
Control_11,1,m84137_260214_004236_s1/145950307/ccs,57,1,True,1,HIGH
Control_11,1,m84137_260214_004236_s1/147062875/ccs,60,1,True,1,HIGH
Control_11,1,m84137_260214_004236_s1/216532768/ccs,57,1,True,1,HIGH
Control_11,1,m84137_260214_004236_s1/179242218/ccs,57,1,True,1,HIGH
Control_11,1,m84137_260214_004236_s1/219747945/ccs,57,1,True,1,HIGH
Control_11,1,m84137_260214_004236_s1/72486290/ccs,57,1,True,1,HIGH
Control_11,1,m84137_260214_004236_s1/49155988/ccs,57,1,True,1,HIGH
Control_11,1,m84137_260214_004236_s1/238097909/ccs,57,1,True,1,HIGH
Control_11,1,m84137_260214_004236_s1/142019600/ccs,60,1,True,1,HIGH
Control_11,1,m84137_260214_004236_s1/196023247/ccs,57,1,True,1,HIGH
Control_11,1,m84137_260214_004236_s1/242226722/ccs,57,1,True,1,HIGH
Control_11,1,m84137_260214_004236_s1/225379191/ccs,57,1,True,1,HIGH
Control_11,1,m84137_260214_004236_s1/238094778/ccs,60,1,True,1,HIGH
Control_11,1,m84137_260214_004236_s1/47124917/ccs,60,1,True,1,HIGH
Control_11,1,m84137_260214_004236_s1/249630234/ccs,57,1,True,1,HIGH
Control_11,1,m84137_260214_004236_s1/20515556/ccs,57,1,True,1,HIGH
Control_11,1,m84137_260214_004236_s1/93128914/ccs,57,1,True,1,HIGH
Control_11,1,m84137_260214_004236_s1/198050965/ccs,60,1,True,1,HIGH
Control_11,1,m84137_260214_004236_s1/23336474/ccs,57,1,True,1,HIGH
Control_11,1,m84137_260214_004236_s1/98897737/ccs,57,1,True,1,HIGH
Control_11,1,m84137_260214_004236_s1/108139338/ccs,60,1,True,1,HIGH
Control_11,1,m84137_260214_004236_s1/124388087/ccs,60,1,True,1,HIGH
Control_11,1,m84137_260214_004236_s1/151848170/ccs,60,1,True,1,HIGH
Control_11,1,m84137_260214_004236_s1/144966249/ccs,57,1,True,1,HIGH
Control_11,1,m84137_260214_004236_s1/99812759/ccs,57,1,True,1,HIGH
Control_11,1,m84137_260214_004236_s1/149291227/ccs,60,1,True,1,HIGH
Control_11,1,m84137_260214_004236_s1/175574622/ccs,57,1,True,1,HIGH
Control_11,1,m84137_260214_004236_s1/60689156/ccs,57,1,True,1,HIGH
Control_11,1,m84137_260214_004236_s1/140248955/ccs,57,1,True,1,HIGH
Control_11,1,m84137_260214_004236_s1/149618824/ccs,57,1,True,1,HIGH
Control_11,1,m84137_260214_004236_s1/224002828/ccs,57,1,True,1,HIGH
Control_11,1,m84137_260214_004236_s1/203228475/ccs,57,1,True,1,HIGH
Control_11,1,m84137_260214_004236_s1/51909093/ccs,57,1,True,1,HIGH
Control_11,1,m84137_260214_004236_s1/163058393/ccs,57,1,True,1,HIGH
Control_11,1,m84137_260214_004236_s1/176230593/ccs,60,1,True,1,HIGH
Control_11,1,m84137_260214_004236_s1/138742878/ccs,57,1,True,1,HIGH
Control_11,1,m84137_260214_004236_s1/218366765/ccs,60,1,True,1,HIGH
Control_11,1,m84137_260214_004236_s1/35000484/ccs,57,1,True,1,HIGH
Control_11,1,m84137_260214_004236_s1/122882819/ccs,57,2,True,2,HIGH
Control_11,1,m84137_260214_004236_s1/129829654/ccs,54,2,True,2,HIGH
Control_11,1,m84137_260214_004236_s1/205587874/ccs,60,2,True,2,HIGH
Control_11,1,m84137_260214_004236_s1/203428708/ccs,60,0,False,0,HIGH
Control_11,1,m84137_260214_004236_s1/225119665/ccs,60,0,False,0,HIGH
Control_11,1,m84137_260214_004236_s1/21761402/ccs,60,0,False,0,HIGH
Control_11,1,m84137_260214_004236_s1/109122459/ccs,60,0,False,0,HIGH
Control_11,1,m84137_260214_004236_s1/222364392/ccs,60,1,True,1,HIGH
Control_11,1,m84137_260214_004236_s1/255068578/ccs,60,1,True,1,HIGH
Control_11,1,m84137_260214_004236_s1/36571584/ccs,60,1,True,1,HIGH
Control_11,1,m84137_260214_004236_s1/26218081/ccs,60,1,True,1,HIGH
Control_11,1,m84137_260214_004236_s1/245241344/ccs,60,1,True,1,HIGH
Control_11,1,m84137_260214_004236_s1/22806902/ccs,60,1,True,1,HIGH
Control_11,1,m84137_260214_004236_s1/77334407/ccs,60,1,True,1,HIGH
Control_11,1,m84137_260214_004236_s1/267321856/ccs,60,1,True,1,HIGH
Control_11,1,m84137_260214_004236_s1/107284137/ccs,60,1,True,1,HIGH
Control_11,1,m84137_260214_004236_s1/111411390/ccs,60,1,True,1,HIGH
Control_11,1,m84137_260214_004236_s1/51839187/ccs,60,1,True,1,HIGH
Control_11,1,m84137_260214_004236_s1/58394548/ccs,60,1,True,1,HIGH
Control_11,1,m84137_260214_004236_s1/52431356/ccs,60,1,True,1,HIGH
Control_11,1,m84137_260214_004236_s1/58919496/ccs,60,1,True,1,HIGH
Control_11,1,m84137_260214_004236_s1/37159069/ccs,60,1,True,1,HIGH
Control_11,1,m84137_260214_004236_s1/37617718/ccs,60,1,True,1,HIGH
Control_11,1,m84137_260214_004236_s1/59639291/ccs,60,1,True,1,HIGH
Control_11,1,m84137_260214_004236_s1/62786042/ccs,60,1,True,1,HIGH
Control_11,1,m84137_260214_004236_s1/42273199/ccs,60,1,True,1,HIGH
Control_11,1,m84137_260214_004236_s1/62980168/ccs,60,1,True,1,HIGH
Control_11,1,m84137_260214_004236_s1/53479295/ccs,60,1,True,1,HIGH
Control_11,1,m84137_260214_004236_s1/42797918/ccs,60,1,True,1,HIGH
Control_11,1,m84137_260214_004236_s1/60950838/ccs,60,1,True,1,HIGH
Control_11,1,m84137_260214_004236_s1/38930959/ccs,60,1,True,1,HIGH
Control_11,1,m84137_260214_004236_s1/47580697/ccs,60,1,True,1,HIGH
Control_11,1,m84137_260214_004236_s1/54461762/ccs,60,1,True,1,HIGH
Control_11,1,m84137_260214_004236_s1/28836769/ccs,60,1,True,1,HIGH
Control_11,1,m84137_260214_004236_s1/12452930/ccs,60,1,True,1,HIGH
Control_11,1,m84137_260214_004236_s1/7539373/ccs,60,1,True,1,HIGH
Control_11,1,m84137_260214_004236_s1/18875975/ccs,60,1,True,1,HIGH
Control_11,1,m84137_260214_004236_s1/24709222/ccs,60,1,True,1,HIGH
Control_11,1,m84137_260214_004236_s1/25822450/ccs,60,1,True,1,HIGH
Control_11,1,m84137_260214_004236_s1/26083460/ccs,60,1,True,1,HIGH
Control_11,1,m84137_260214_004236_s1/8850017/ccs,60,1,True,1,HIGH
Control_11,1,m84137_260214_004236_s1/14158536/ccs,60,1,True,1,HIGH
Control_11,1,m84137_260214_004236_s1/13960404/ccs,60,1,True,1,HIGH
Control_11,1,m84137_260214_004236_s1/14288731/ccs,60,1,True,1,HIGH
Control_11,1,m84137_260214_004236_s1/26872066/ccs,60,1,True,1,HIGH
Control_11,1,m84137_260214_004236_s1/33621142/ccs,60,1,True,1,HIGH
Control_11,1,m84137_260214_004236_s1/33621770/ccs,60,1,True,1,HIGH
Control_11,1,m84137_260214_004236_s1/57152212/ccs,60,1,True,1,HIGH
Control_11,1,m84137_260214_004236_s1/61478750/ccs,60,1,True,1,HIGH
Control_11,1,m84137_260214_004236_s1/41291701/ccs,60,1,True,1,HIGH
Control_11,1,m84137_260214_004236_s1/62000628/ccs,60,1,True,1,HIGH
Control_11,1,m84137_260214_004236_s1/14814529/ccs,60,1,True,1,HIGH
Control_11,1,m84137_260214_004236_s1/15077117/ccs,60,1,True,1,HIGH
Control_11,1,m84137_260214_004236_s1/15733677/ccs,60,1,True,1,HIGH
Control_11,1,m84137_260214_004236_s1/63377332/ccs,60,1,True,1,HIGH
Control_11,1,m84137_260214_004236_s1/63181537/ccs,60,1,True,1,HIGH
Control_11,1,m84137_260214_004236_s1/68555375/ccs,60,1,True,1,HIGH
Control_11,1,m84137_260214_004236_s1/16126170/ccs,60,1,True,1,HIGH
Control_11,1,m84137_260214_004236_s1/64229367/ccs,60,1,True,1,HIGH
Control_11,1,m84137_260214_004236_s1/16651807/ccs,60,1,True,1,HIGH
Control_11,1,m84137_260214_004236_s1/69669088/ccs,60,1,True,1,HIGH
Control_11,1,m84137_260214_004236_s1/45618311/ccs,60,1,True,1,HIGH
Control_11,1,m84137_260214_004236_s1/6230022/ccs,60,1,True,1,HIGH
Control_11,1,m84137_260214_004236_s1/118882770/ccs,60,1,True,1,HIGH
Control_11,1,m84137_260214_004236_s1/83494799/ccs,60,1,True,1,HIGH
Control_11,1,m84137_260214_004236_s1/100272282/ccs,60,1,True,1,HIGH
Control_11,1,m84137_260214_004236_s1/108527785/ccs,60,1,True,1,HIGH
Control_11,1,m84137_260214_004236_s1/104008634/ccs,60,1,True,1,HIGH
Control_11,1,m84137_260214_004236_s1/120588415/ccs,60,1,True,1,HIGH
Control_11,1,m84137_260214_004236_s1/129172874/ccs,60,1,True,1,HIGH
Control_11,1,m84137_260214_004236_s1/129368969/ccs,60,1,True,1,HIGH
Control_11,1,m84137_260214_004236_s1/104989142/ccs,60,1,True,1,HIGH
Control_11,1,m84137_260214_004236_s1/121571056/ccs,60,1,True,1,HIGH
Control_11,1,m84137_260214_004236_s1/105712171/ccs,60,1,True,1,HIGH
Control_11,1,m84137_260214_004236_s1/122094515/ccs,60,1,True,1,HIGH
Control_11,1,m84137_260214_004236_s1/79431738/ccs,60,1,True,1,HIGH
Control_11,1,m84137_260214_004236_s1/79888714/ccs,60,1,True,1,HIGH
Control_11,1,m84137_260214_004236_s1/76351363/ccs,60,1,True,1,HIGH
Control_11,1,m84137_260214_004236_s1/87622993/ccs,60,1,True,1,HIGH
Control_11,1,m84137_260214_004236_s1/76480642/ccs,60,1,True,1,HIGH
Control_11,1,m84137_260214_004236_s1/87820136/ccs,60,1,True,1,HIGH
Control_11,1,m84137_260214_004236_s1/80807319/ccs,60,1,True,1,HIGH
Control_11,1,m84137_260214_004236_s1/100927162/ccs,60,1,True,1,HIGH
Control_11,1,m84137_260214_004236_s1/77332930/ccs,60,1,True,1,HIGH
Control_11,1,m84137_260214_004236_s1/81658375/ccs,60,1,True,1,HIGH
Control_11,1,m84137_260214_004236_s1/123076892/ccs,60,1,True,1,HIGH
Control_11,1,m84137_260214_004236_s1/99027246/ccs,60,1,True,1,HIGH
Control_11,1,m84137_260214_004236_s1/82578261/ccs,60,1,True,1,HIGH
Control_11,1,m84137_260214_004236_s1/82706722/ccs,60,1,True,1,HIGH
Control_11,1,m84137_260214_004236_s1/21235757/ccs,60,1,True,1,HIGH
Control_11,1,m84137_260214_004236_s1/14747026/ccs,60,1,True,1,HIGH
Control_11,1,m84137_260214_004236_s1/27592299/ccs,60,1,True,1,HIGH
Control_11,1,m84137_260214_004236_s1/15401815/ccs,60,1,True,1,HIGH
Control_11,1,m84137_260214_004236_s1/34996737/ccs,60,1,True,1,HIGH
Control_11,1,m84137_260214_004236_s1/35128557/ccs,60,1,True,1,HIGH
Control_11,1,m84137_260214_004236_s1/50594337/ccs,60,1,True,1,HIGH
Control_11,1,m84137_260214_004236_s1/15794436/ccs,60,1,True,1,HIGH
Control_11,1,m84137_260214_004236_s1/39452767/ccs,60,1,True,1,HIGH
Control_11,1,m84137_260214_004236_s1/33096100/ccs,60,1,True,1,HIGH
Control_11,1,m84137_260214_004236_s1/33490263/ccs,60,1,True,1,HIGH
Control_11,1,m84137_260214_004236_s1/44958586/ccs,60,1,True,1,HIGH
Control_11,1,m84137_260214_004236_s1/35916360/ccs,60,1,True,1,HIGH
Control_11,1,m84137_260214_004236_s1/51511395/ccs,60,1,True,1,HIGH
Control_11,1,m84137_260214_004236_s1/47843323/ccs,60,1,True,1,HIGH
Control_11,1,m84137_260214_004236_s1/54920283/ccs,60,1,True,1,HIGH
Control_11,1,m84137_260214_004236_s1/44499386/ccs,60,1,True,1,HIGH
Control_11,1,m84137_260214_004236_s1/67765384/ccs,60,1,True,1,HIGH
Control_11,1,m84137_260214_004236_s1/44632175/ccs,60,1,True,1,HIGH
Control_11,1,m84137_260214_004236_s1/65014408/ccs,60,1,True,1,HIGH
Control_11,1,m84137_260214_004236_s1/84148541/ccs,60,1,True,1,HIGH
Control_11,1,m84137_260214_004236_s1/91227706/ccs,60,1,True,1,HIGH
Control_11,1,m84137_260214_004236_s1/73861382/ccs,60,1,True,1,HIGH
Control_11,1,m84137_260214_004236_s1/67044153/ccs,60,1,True,1,HIGH
Control_11,1,m84137_260214_004236_s1/92210576/ccs,60,1,True,1,HIGH
Control_11,1,m84137_260214_004236_s1/71239243/ccs,60,1,True,1,HIGH
Control_11,1,m84137_260214_004236_s1/164889551/ccs,60,1,True,1,HIGH
Control_11,1,m84137_260214_004236_s1/144180018/ccs,60,1,True,1,HIGH
Control_11,1,m84137_260214_004236_s1/161417444/ccs,60,1,True,1,HIGH
Control_11,1,m84137_260214_004236_s1/144377608/ccs,60,1,True,1,HIGH
Control_11,1,m84137_260214_004236_s1/147588086/ccs,60,1,True,1,HIGH
Control_11,1,m84137_260214_004236_s1/148242733/ccs,60,1,True,1,HIGH
Control_11,1,m84137_260214_004236_s1/190252180/ccs,60,1,True,1,HIGH
Control_11,1,m84137_260214_004236_s1/148374375/ccs,60,1,True,1,HIGH
Control_11,1,m84137_260214_004236_s1/173475016/ccs,60,1,True,1,HIGH
Control_11,1,m84137_260214_004236_s1/166987194/ccs,60,1,True,1,HIGH
Control_11,1,m84137_260214_004236_s1/174196188/ccs,60,1,True,1,HIGH
Control_11,1,m84137_260214_004236_s1/174195529/ccs,60,1,True,1,HIGH
Control_11,1,m84137_260214_004236_s1/149488626/ccs,60,1,True,1,HIGH
Control_11,1,m84137_260214_004236_s1/167642128/ccs,60,1,True,1,HIGH
Control_11,1,m84137_260214_004236_s1/170590872/ccs,60,1,True,1,HIGH
Control_11,1,m84137_260214_004236_s1/170592459/ccs,60,1,True,1,HIGH
Control_11,1,m84137_260214_004236_s1/109971403/ccs,60,1,True,1,HIGH
Control_11,1,m84137_260214_004236_s1/111018514/ccs,60,1,True,1,HIGH
Control_11,1,m84137_260214_004236_s1/113903842/ccs,60,1,True,1,HIGH
Control_11,1,m84137_260214_004236_s1/134546969/ccs,60,1,True,1,HIGH
Control_11,1,m84137_260214_004236_s1/131205300/ccs,60,1,True,1,HIGH
Control_11,1,m84137_260214_004236_s1/151519343/ccs,60,1,True,1,HIGH
Control_11,1,m84137_260214_004236_s1/111741371/ccs,60,1,True,1,HIGH
Control_11,1,m84137_260214_004236_s1/128322061/ccs,60,1,True,1,HIGH
Control_11,1,m84137_260214_004236_s1/132057330/ccs,60,1,True,1,HIGH
Control_11,1,m84137_260214_004236_s1/132384663/ccs,60,1,True,1,HIGH
Control_11,1,m84137_260214_004236_s1/157156537/ccs,60,1,True,1,HIGH
Control_11,1,m84137_260214_004236_s1/136643622/ccs,60,1,True,1,HIGH
Control_11,1,m84137_260214_004236_s1/157220979/ccs,60,1,True,1,HIGH
Control_11,1,m84137_260214_004236_s1/153485970/ccs,60,1,True,1,HIGH
Control_11,1,m84137_260214_004236_s1/157943004/ccs,60,1,True,1,HIGH
Control_11,1,m84137_260214_004236_s1/162531420/ccs,60,1,True,1,HIGH
Control_11,1,m84137_260214_004236_s1/141362409/ccs,60,1,True,1,HIGH
Control_11,1,m84137_260214_004236_s1/154404684/ccs,60,1,True,1,HIGH
Control_11,1,m84137_260214_004236_s1/159253297/ccs,60,1,True,1,HIGH
Control_11,1,m84137_260214_004236_s1/142018123/ccs,60,1,True,1,HIGH
Control_11,1,m84137_260214_004236_s1/155585248/ccs,60,1,True,1,HIGH
Control_11,1,m84137_260214_004236_s1/160040256/ccs,60,1,True,1,HIGH
Control_11,1,m84137_260214_004236_s1/142869538/ccs,60,1,True,1,HIGH
Control_11,1,m84137_260214_004236_s1/142868841/ccs,60,1,True,1,HIGH
Control_11,1,m84137_260214_004236_s1/164037333/ccs,60,1,True,1,HIGH
Control_11,1,m84137_260214_004236_s1/143198448/ccs,60,1,True,1,HIGH
Control_11,1,m84137_260214_004236_s1/168100896/ccs,60,1,True,1,HIGH
Control_11,1,m84137_260214_004236_s1/235931382/ccs,60,1,True,1,HIGH
Control_11,1,m84137_260214_004236_s1/236456061/ccs,60,1,True,1,HIGH
Control_11,1,m84137_260214_004236_s1/236520074/ccs,60,1,True,1,HIGH
Control_11,1,m84137_260214_004236_s1/234029906/ccs,60,1,True,1,HIGH
Control_11,1,m84137_260214_004236_s1/241895762/ccs,60,1,True,1,HIGH
Control_11,1,m84137_260214_004236_s1/242156453/ccs,60,1,True,1,HIGH
Control_11,1,m84137_260214_004236_s1/241960783/ccs,60,1,True,1,HIGH
Control_11,1,m84137_260214_004236_s1/263128440/ccs,60,1,True,1,HIGH
Control_11,1,m84137_260214_004236_s1/256443009/ccs,60,1,True,1,HIGH
Control_11,1,m84137_260214_004236_s1/259721630/ccs,60,1,True,1,HIGH
Control_11,1,m84137_260214_004236_s1/263259759/ccs,60,1,True,1,HIGH
Control_11,1,m84137_260214_004236_s1/243664430/ccs,60,1,True,1,HIGH
Control_11,1,m84137_260214_004236_s1/264307019/ccs,60,1,True,1,HIGH
Control_11,1,m84137_260214_004236_s1/240321130/ccs,60,1,True,1,HIGH
Control_11,1,m84137_260214_004236_s1/187960305/ccs,60,1,True,1,HIGH
Control_11,1,m84137_260214_004236_s1/175048860/ccs,60,1,True,1,HIGH
Control_11,1,m84137_260214_004236_s1/175112744/ccs,60,1,True,1,HIGH
Control_11,1,m84137_260214_004236_s1/188089460/ccs,60,1,True,1,HIGH
Control_11,1,m84137_260214_004236_s1/175508099/ccs,60,1,True,1,HIGH
Control_11,1,m84137_260214_004236_s1/179176802/ccs,60,1,True,1,HIGH
Control_11,1,m84137_260214_004236_s1/171510071/ccs,60,1,True,1,HIGH
Control_11,1,m84137_260214_004236_s1/175835676/ccs,60,1,True,1,HIGH
Control_11,1,m84137_260214_004236_s1/179438353/ccs,60,1,True,1,HIGH
Control_11,1,m84137_260214_004236_s1/172032237/ccs,60,1,True,1,HIGH
Control_11,1,m84137_260214_004236_s1/197657408/ccs,60,1,True,1,HIGH
Control_11,1,m84137_260214_004236_s1/218762119/ccs,60,1,True,1,HIGH
Control_11,1,m84137_260214_004236_s1/177800984/ccs,60,1,True,1,HIGH
Control_11,1,m84137_260214_004236_s1/177998491/ccs,60,1,True,1,HIGH
Control_11,1,m84137_260214_004236_s1/194839661/ccs,60,1,True,1,HIGH
Control_11,1,m84137_260214_004236_s1/180618122/ccs,60,1,True,1,HIGH
Control_11,1,m84137_260214_004236_s1/219349141/ccs,60,1,True,1,HIGH
Control_11,1,m84137_260214_004236_s1/201918556/ccs,60,1,True,1,HIGH
Control_11,1,m84137_260214_004236_s1/202181248/ccs,60,1,True,1,HIGH
Control_11,1,m84137_260214_004236_s1/203097858/ccs,60,1,True,1,HIGH
Control_11,1,m84137_260214_004236_s1/182258345/ccs,60,1,True,1,HIGH
Control_11,1,m84137_260214_004236_s1/224004683/ccs,60,1,True,1,HIGH
Control_11,1,m84137_260214_004236_s1/224659507/ccs,60,1,True,1,HIGH
Control_11,1,m84137_260214_004236_s1/182977823/ccs,60,1,True,1,HIGH
Control_11,1,m84137_260214_004236_s1/208601881/ccs,60,1,True,1,HIGH
Control_11,1,m84137_260214_004236_s1/203820030/ccs,60,1,True,1,HIGH
Control_11,1,m84137_260214_004236_s1/222104050/ccs,60,1,True,1,HIGH
Control_11,1,m84137_260214_004236_s1/229704856/ccs,60,1,True,1,HIGH
Control_11,1,m84137_260214_004236_s1/229836590/ccs,60,1,True,1,HIGH
Control_11,1,m84137_260214_004236_s1/210174806/ccs,60,1,True,1,HIGH
Control_11,1,m84137_260214_004236_s1/223349344/ccs,60,1,True,1,HIGH
Control_11,1,m84137_260214_004236_s1/205588187/ccs,60,1,True,1,HIGH
Control_11,1,m84137_260214_004236_s1/230819579/ccs,60,1,True,1,HIGH
Control_11,1,m84137_260214_004236_s1/211354241/ccs,60,1,True,1,HIGH
Control_11,1,m84137_260214_004236_s1/205851103/ccs,60,1,True,1,HIGH
Control_11,1,m84137_260214_004236_s1/211617573/ccs,60,1,True,1,HIGH
Control_11,1,m84137_260214_004236_s1/227738475/ccs,60,1,True,1,HIGH
Control_11,1,m84137_260214_004236_s1/206637744/ccs,60,1,True,1,HIGH
Control_11,1,m84137_260214_004236_s1/253036213/ccs,60,1,True,1,HIGH
Control_11,1,m84137_260214_004236_s1/235210141/ccs,60,1,True,1,HIGH
Control_11,1,m84137_260214_004236_s1/253625596/ccs,60,1,True,1,HIGH
Control_11,1,m84137_260214_004236_s1/232983384/ccs,60,1,True,1,HIGH
Control_11,1,m84137_260214_004236_s1/235800188/ccs,60,1,True,1,HIGH
Control_11,1,m84137_260214_004236_s1/254085173/ccs,60,1,True,1,HIGH
Control_11,1,m84137_260214_004236_s1/235930040/ccs,60,1,True,1,HIGH
Control_11,1,m84137_260214_004236_s1/189140611/ccs,60,1,True,1,HIGH
Control_11,1,m84137_260214_004236_s1/218109217/ccs,60,1,True,1,HIGH
Control_11,1,m84137_260214_004236_s1/193205472/ccs,60,1,True,1,HIGH
Control_11,1,m84137_260214_004236_s1/196153583/ccs,60,1,True,1,HIGH
Control_11,1,m84137_260214_004236_s1/219026555/ccs,60,1,True,1,HIGH
Control_11,1,m84137_260214_004236_s1/219155528/ccs,60,1,True,1,HIGH
Control_11,1,m84137_260214_004236_s1/150474231/ccs,60,1,True,1,HIGH
Control_11,1,m84137_260214_004236_s1/219944813/ccs,60,1,True,1,HIGH
Control_11,1,m84137_260214_004236_s1/220206594/ccs,60,1,True,1,HIGH
Control_11,1,m84137_260214_004236_s1/201987077/ccs,60,1,True,1,HIGH
Control_11,1,m84137_260214_004236_s1/220337759/ccs,60,1,True,1,HIGH
Control_11,1,m84137_260214_004236_s1/220466574/ccs,60,1,True,1,HIGH
Control_11,1,m84137_260214_004236_s1/179312405/ccs,60,1,True,1,HIGH
Control_11,1,m84137_260214_004236_s1/198446280/ccs,60,1,True,1,HIGH
Control_11,1,m84137_260214_004236_s1/179900066/ccs,60,1,True,1,HIGH
Control_11,1,m84137_260214_004236_s1/180622908/ccs,60,1,True,1,HIGH
Control_11,1,m84137_260214_004236_s1/247467002/ccs,60,1,True,1,HIGH
Control_11,1,m84137_260214_004236_s1/17961531/ccs,60,1,True,1,HIGH
Control_11,1,m84137_260214_004236_s1/262472078/ccs,60,1,True,1,HIGH
Control_11,1,m84137_260214_004236_s1/245303645/ccs,60,1,True,1,HIGH
Control_11,1,m84137_260214_004236_s1/247990238/ccs,60,1,True,1,HIGH
Control_11,1,m84137_260214_004236_s1/245825747/ccs,60,1,True,1,HIGH
Control_11,1,m84137_260214_004236_s1/22484296/ccs,60,1,True,1,HIGH
Control_11,1,m84137_260214_004236_s1/245827404/ccs,60,1,True,1,HIGH
Control_11,1,m84137_260214_004236_s1/22744682/ccs,60,1,True,1,HIGH
Control_11,1,m84137_260214_004236_s1/22809918/ccs,60,1,True,1,HIGH
Control_11,1,m84137_260214_004236_s1/18944808/ccs,60,1,True,1,HIGH
Control_11,1,m84137_260214_004236_s1/19074612/ccs,60,1,True,1,HIGH
Control_11,1,m84137_260214_004236_s1/19665462/ccs,60,1,True,1,HIGH
Control_11,1,m84137_260214_004236_s1/248972399/ccs,60,1,True,1,HIGH
Control_11,1,m84137_260214_004236_s1/19991996/ccs,60,1,True,1,HIGH
Control_11,1,m84137_260214_004236_s1/250282470/ccs,60,1,True,1,HIGH
Control_11,1,m84137_260214_004236_s1/21434201/ccs,60,1,True,1,HIGH
Control_11,1,m84137_260214_004236_s1/25302214/ccs,60,1,True,1,HIGH
Control_11,1,m84137_260214_004236_s1/70391047/ccs,60,1,True,1,HIGH
Control_11,1,m84137_260214_004236_s1/45879231/ccs,60,1,True,1,HIGH
Control_11,1,m84137_260214_004236_s1/45881203/ccs,60,1,True,1,HIGH
Control_11,1,m84137_260214_004236_s1/73143703/ccs,60,1,True,1,HIGH
Control_11,1,m84137_260214_004236_s1/87100619/ccs,60,1,True,1,HIGH
Control_11,1,m84137_260214_004236_s1/89854859/ccs,60,1,True,1,HIGH
Control_11,1,m84137_260214_004236_s1/74715713/ccs,60,1,True,1,HIGH
Control_11,1,m84137_260214_004236_s1/74912744/ccs,60,1,True,1,HIGH
Control_11,1,m84137_260214_004236_s1/88282929/ccs,60,1,True,1,HIGH
Control_11,1,m84137_260214_004236_s1/75436854/ccs,60,1,True,1,HIGH
Control_11,1,m84137_260214_004236_s1/48042145/ccs,60,1,True,1,HIGH
Control_11,1,m84137_260214_004236_s1/100863232/ccs,60,1,True,1,HIGH
Control_11,1,m84137_260214_004236_s1/96933097/ccs,60,1,True,1,HIGH
Control_11,1,m84137_260214_004236_s1/101913539/ccs,60,1,True,1,HIGH
Control_11,1,m84137_260214_004236_s1/92999569/ccs,60,1,True,1,HIGH
Control_11,1,m84137_260214_004236_s1/119278995/ccs,60,1,True,1,HIGH
Control_11,1,m84137_260214_004236_s1/106368357/ccs,60,1,True,1,HIGH
Control_11,1,m84137_260214_004236_s1/79171572/ccs,60,1,True,1,HIGH
Control_11,1,m84137_260214_004236_s1/106762626/ccs,60,1,True,1,HIGH
Control_11,1,m84137_260214_004236_s1/94965953/ccs,60,1,True,1,HIGH
Control_11,1,m84137_260214_004236_s1/99749292/ccs,60,1,True,1,HIGH
Control_11,1,m84137_260214_004236_s1/99946787/ccs,60,1,True,1,HIGH
Control_11,1,m84137_260214_004236_s1/104470331/ccs,60,1,True,1,HIGH
Control_11,1,m84137_260214_004236_s1/107550355/ccs,60,1,True,1,HIGH
Control_11,1,m84137_260214_004236_s1/107811899/ccs,60,1,True,1,HIGH
Control_11,1,m84137_260214_004236_s1/100602560/ccs,60,1,True,1,HIGH
Control_11,1,m84137_260214_004236_s1/121769057/ccs,60,1,True,1,HIGH
Control_11,1,m84137_260214_004236_s1/128650363/ccs,60,1,True,1,HIGH
Control_11,1,m84137_260214_004236_s1/122227756/ccs,60,1,True,1,HIGH
Control_11,1,m84137_260214_004236_s1/125570219/ccs,60,1,True,1,HIGH
Control_11,1,m84137_260214_004236_s1/122752219/ccs,60,1,True,1,HIGH
Control_11,1,m84137_260214_004236_s1/126422461/ccs,60,1,True,1,HIGH
Control_11,1,m84137_260214_004236_s1/130354891/ccs,60,1,True,1,HIGH
Control_11,1,m84137_260214_004236_s1/152245710/ccs,60,1,True,1,HIGH
Control_11,1,m84137_260214_004236_s1/131730895/ccs,60,1,True,1,HIGH
Control_11,1,m84137_260214_004236_s1/222170405/ccs,60,1,True,1,HIGH
Control_11,1,m84137_260214_004236_s1/180819780/ccs,60,1,True,1,HIGH
Control_11,1,m84137_260214_004236_s1/180751520/ccs,60,1,True,1,HIGH
Control_11,1,m84137_260214_004236_s1/222367696/ccs,60,1,True,1,HIGH
Control_11,1,m84137_260214_004236_s1/203887232/ccs,60,1,True,1,HIGH
Control_11,1,m84137_260214_004236_s1/200021437/ccs,60,1,True,1,HIGH
Control_11,1,m84137_260214_004236_s1/223416161/ccs,60,1,True,1,HIGH
Control_11,1,m84137_260214_004236_s1/200347100/ccs,60,1,True,1,HIGH
Control_11,1,m84137_260214_004236_s1/204934156/ccs,60,1,True,1,HIGH
Control_11,1,m84137_260214_004236_s1/212209484/ccs,60,1,True,1,HIGH
Control_11,1,m84137_260214_004236_s1/227284884/ccs,60,1,True,1,HIGH
Control_11,1,m84137_260214_004236_s1/230691766/ccs,60,1,True,1,HIGH
Control_11,1,m84137_260214_004236_s1/227677895/ccs,60,1,True,1,HIGH
Control_11,1,m84137_260214_004236_s1/228005324/ccs,60,1,True,1,HIGH
Control_11,1,m84137_260214_004236_s1/235998932/ccs,60,1,True,1,HIGH
Control_11,1,m84137_260214_004236_s1/254415105/ccs,60,1,True,1,HIGH
Control_11,1,m84137_260214_004236_s1/29496106/ccs,60,1,True,1,HIGH
Control_11,1,m84137_260214_004236_s1/26744719/ccs,60,1,True,1,HIGH
Control_11,1,m84137_260214_004236_s1/30086754/ccs,60,1,True,1,HIGH
Control_11,1,m84137_260214_004236_s1/30740312/ccs,60,1,True,1,HIGH
Control_11,1,m84137_260214_004236_s1/10294989/ccs,60,1,True,1,HIGH
Control_11,1,m84137_260214_004236_s1/10818353/ccs,60,1,True,1,HIGH
Control_11,1,m84137_260214_004236_s1/12586959/ccs,60,1,True,1,HIGH
Control_11,1,m84137_260214_004236_s1/39588519/ccs,60,1,True,1,HIGH
Control_11,1,m84137_260214_004236_s1/13440624/ccs,60,1,True,1,HIGH
Control_11,1,m84137_260214_004236_s1/56759863/ccs,60,1,True,1,HIGH
Control_11,1,m84137_260214_004236_s1/40243138/ccs,60,1,True,1,HIGH
Control_11,1,m84137_260214_004236_s1/40244535/ccs,60,1,True,1,HIGH
Control_11,1,m84137_260214_004236_s1/159584707/ccs,60,1,True,1,HIGH
Control_11,1,m84137_260214_004236_s1/159651261/ccs,60,1,True,1,HIGH
Control_11,1,m84137_260214_004236_s1/139137249/ccs,60,1,True,1,HIGH
Control_11,1,m84137_260214_004236_s1/144446582/ccs,60,1,True,1,HIGH
Control_11,1,m84137_260214_004236_s1/185472639/ccs,60,1,True,1,HIGH
Control_11,1,m84137_260214_004236_s1/145625953/ccs,60,1,True,1,HIGH
Control_11,1,m84137_260214_004236_s1/145953495/ccs,60,1,True,1,HIGH
Control_11,1,m84137_260214_004236_s1/169349274/ccs,60,1,True,1,HIGH
Control_11,1,m84137_260214_004236_s1/165680730/ccs,60,1,True,1,HIGH
Control_11,1,m84137_260214_004236_s1/187567160/ccs,60,1,True,1,HIGH
Control_11,1,m84137_260214_004236_s1/174854010/ccs,60,1,True,1,HIGH
Control_11,1,m84137_260214_004236_s1/187960339/ccs,60,1,True,1,HIGH
Control_11,1,m84137_260214_004236_s1/131536475/ccs,60,1,True,1,HIGH
Control_11,1,m84137_260214_004236_s1/156962294/ccs,60,1,True,1,HIGH
Control_11,1,m84137_260214_004236_s1/153358074/ccs,60,1,True,1,HIGH
Control_11,1,m84137_260214_004236_s1/153423912/ccs,60,1,True,1,HIGH
Control_11,1,m84137_260214_004236_s1/157421821/ccs,60,1,True,1,HIGH
Control_11,1,m84137_260214_004236_s1/157749101/ccs,60,1,True,1,HIGH
Control_11,1,m84137_260214_004236_s1/137762380/ccs,60,1,True,1,HIGH
Control_11,1,m84137_260214_004236_s1/157881533/ccs,60,1,True,1,HIGH
Control_11,1,m84137_260214_004236_s1/133893507/ccs,60,1,True,1,HIGH
Control_11,1,m84137_260214_004236_s1/155850204/ccs,60,1,True,1,HIGH
Control_11,1,m84137_260214_004236_s1/155782963/ccs,60,1,True,1,HIGH
Control_11,1,m84137_260214_004236_s1/138286949/ccs,60,1,True,1,HIGH
Control_11,1,m84137_260214_004236_s1/142481340/ccs,60,1,True,1,HIGH
Control_11,1,m84137_260214_004236_s1/162205962/ccs,60,1,True,1,HIGH
Control_11,1,m84137_260214_004236_s1/159126361/ccs,60,1,True,1,HIGH
Control_11,1,m84137_260214_004236_s1/115346578/ccs,60,1,True,1,HIGH
Control_11,1,m84137_260214_004236_s1/162925656/ccs,60,1,True,1,HIGH
Control_11,1,m84137_260214_004236_s1/38994162/ccs,60,1,True,1,HIGH
Control_11,1,m84137_260214_004236_s1/90308894/ccs,60,1,True,1,HIGH
Control_11,1,m84137_260214_004236_s1/171837893/ccs,60,1,True,1,HIGH
Control_11,1,m84137_260214_004236_s1/221315610/ccs,60,1,True,1,HIGH
Control_11,1,m84137_260214_004236_s1/201066280/ccs,60,1,True,1,HIGH
Control_11,1,m84137_260214_004236_s1/22484449/ccs,60,1,True,1,HIGH
Control_11,1,m84137_260214_004236_s1/35392845/ccs,60,1,True,1,HIGH
Control_11,1,m84137_260214_004236_s1/67898538/ccs,60,1,True,1,HIGH
Control_11,1,m84137_260214_004236_s1/157027016/ccs,60,1,True,1,HIGH
Control_11,1,m84137_260214_004236_s1/138609263/ccs,60,1,True,1,HIGH
Control_11,1,m84137_260214_004236_s1/255332526/ccs,60,1,True,1,HIGH
Control_11,1,m84137_260214_004236_s1/242748817/ccs,60,1,True,1,HIGH
Control_11,1,m84137_260214_004236_s1/255923321/ccs,60,1,True,1,HIGH
Control_11,1,m84137_260214_004236_s1/259068209/ccs,60,1,True,1,HIGH
Control_11,1,m84137_260214_004236_s1/238357645/ccs,60,1,True,1,HIGH
Control_11,1,m84137_260214_004236_s1/260118252/ccs,60,1,True,1,HIGH
Control_11,1,m84137_260214_004236_s1/265687372/ccs,60,1,True,1,HIGH
Control_11,1,m84137_260214_004236_s1/266342852/ccs,60,1,True,1,HIGH
Control_11,1,m84137_260214_004236_s1/247076295/ccs,60,1,True,1,HIGH
Control_11,1,m84137_260214_004236_s1/266800431/ccs,60,1,True,1,HIGH
Control_11,1,m84137_260214_004236_s1/249433311/ccs,60,1,True,1,HIGH
Control_11,1,m84137_260214_004236_s1/78644134/ccs,60,1,True,1,HIGH
Control_11,1,m84137_260214_004236_s1/125960573/ccs,60,1,True,1,HIGH
Control_11,1,m84137_260214_004236_s1/175244322/ccs,60,1,True,1,HIGH
Control_11,1,m84137_260214_004236_s1/58397103/ccs,60,1,True,1,HIGH
Control_11,1,m84137_260214_004236_s1/106173633/ccs,60,1,True,1,HIGH
Control_11,1,m84137_260214_004236_s1/133631345/ccs,60,1,True,1,HIGH
Control_11,1,m84137_260214_004236_s1/145560437/ccs,60,1,True,1,HIGH
Control_11,1,m84137_260214_004236_s1/17301812/ccs,60,1,True,1,HIGH
Control_11,1,m84137_260214_004236_s1/6095803/ccs,60,1,True,1,HIGH
Control_11,1,m84137_260214_004236_s1/28378775/ccs,60,1,True,1,HIGH
Control_11,1,m84137_260214_004236_s1/11666036/ccs,60,1,True,1,HIGH
Control_11,1,m84137_260214_004236_s1/11665926/ccs,60,1,True,1,HIGH
Control_11,1,m84137_260214_004236_s1/23068856/ccs,60,1,True,1,HIGH
Control_11,1,m84137_260214_004236_s1/250679583/ccs,60,1,True,1,HIGH
Control_11,1,m84137_260214_004236_s1/94306678/ccs,60,1,True,1,HIGH
Control_11,1,m84137_260214_004236_s1/129828001/ccs,60,1,True,1,HIGH
Control_11,1,m84137_260214_004236_s1/117311312/ccs,60,1,True,1,HIGH
Control_11,1,m84137_260214_004236_s1/169412449/ccs,60,1,True,1,HIGH
Control_11,1,m84137_260214_004236_s1/166660085/ccs,60,1,True,1,HIGH
Control_11,1,m84137_260214_004236_s1/264307656/ccs,60,1,True,1,HIGH
Control_11,1,m84137_260214_004236_s1/95686892/ccs,60,1,True,1,HIGH
Control_11,1,m84137_260214_004236_s1/76943726/ccs,60,1,True,1,HIGH
Control_11,1,m84137_260214_004236_s1/149427425/ccs,60,1,True,1,HIGH
Control_11,1,m84137_260214_004236_s1/197266876/ccs,60,1,True,1,HIGH
Control_11,1,m84137_260214_004236_s1/223090508/ccs,60,1,True,1,HIGH
Control_11,1,m84137_260214_004236_s1/34210678/ccs,60,1,True,1,HIGH
Control_11,1,m84137_260214_004236_s1/45617609/ccs,60,1,True,1,HIGH
Control_11,1,m84137_260214_004236_s1/38671804/ccs,60,1,True,1,HIGH
Control_11,1,m84137_260214_004236_s1/203165972/ccs,60,1,True,1,HIGH
Control_11,1,m84137_260214_004236_s1/24253177/ccs,60,1,True,1,HIGH
Control_11,1,m84137_260214_004236_s1/221972166/ccs,60,1,True,1,HIGH
Control_11,1,m84137_260214_004236_s1/26351030/ccs,60,1,True,1,HIGH
Control_11,1,m84137_260214_004236_s1/24381664/ccs,60,1,True,1,HIGH
Control_11,1,m84137_260214_004236_s1/39322646/ccs,60,1,True,1,HIGH
Control_11,1,m84137_260214_004236_s1/127468561/ccs,60,1,True,1,HIGH
Control_11,1,m84137_260214_004236_s1/155781359/ccs,60,1,True,1,HIGH
Control_11,1,m84137_260214_004236_s1/228983843/ccs,60,1,True,1,HIGH
Control_11,1,m84137_260214_004236_s1/251396610/ccs,60,1,True,1,HIGH
Control_11,1,m84137_260214_004236_s1/11930935/ccs,60,1,True,1,HIGH
Control_11,1,m84137_260214_004236_s1/188225001/ccs,60,1,True,1,HIGH
Control_11,1,m84137_260214_004236_s1/29294934/ccs,60,1,True,1,HIGH
Control_11,1,m84137_260214_004236_s1/10552144/ccs,60,1,True,1,HIGH
Control_11,1,m84137_260214_004236_s1/11078444/ccs,60,1,True,1,HIGH
Control_11,1,m84137_260214_004236_s1/55314388/ccs,60,1,True,1,HIGH
Control_11,1,m84137_260214_004236_s1/55642580/ccs,60,1,True,1,HIGH
Control_11,1,m84137_260214_004236_s1/90571716/ccs,60,1,True,1,HIGH
Control_11,1,m84137_260214_004236_s1/90374684/ccs,60,1,True,1,HIGH
Control_11,1,m84137_260214_004236_s1/49547579/ccs,60,1,True,1,HIGH
Control_11,1,m84137_260214_004236_s1/96600748/ccs,60,1,True,1,HIGH
Control_11,1,m84137_260214_004236_s1/72680185/ccs,60,1,True,1,HIGH
Control_11,1,m84137_260214_004236_s1/94373637/ccs,60,1,True,1,HIGH
Control_11,1,m84137_260214_004236_s1/98566514/ccs,60,1,True,1,HIGH
Control_11,1,m84137_260214_004236_s1/126486234/ccs,60,1,True,1,HIGH
Control_11,1,m84137_260214_004236_s1/135397918/ccs,60,1,True,1,HIGH
Control_11,1,m84137_260214_004236_s1/152504170/ccs,60,1,True,1,HIGH
Control_11,1,m84137_260214_004236_s1/132319981/ccs,60,1,True,1,HIGH
Control_11,1,m84137_260214_004236_s1/153355905/ccs,60,1,True,1,HIGH
Control_11,1,m84137_260214_004236_s1/158859709/ccs,60,1,True,1,HIGH
Control_11,1,m84137_260214_004236_s1/164758119/ccs,60,1,True,1,HIGH
Control_11,1,m84137_260214_004236_s1/165218170/ccs,60,1,True,1,HIGH
Control_11,1,m84137_260214_004236_s1/187303178/ccs,60,1,True,1,HIGH
Control_11,1,m84137_260214_004236_s1/176555216/ccs,60,1,True,1,HIGH
Control_11,1,m84137_260214_004236_s1/218891365/ccs,60,1,True,1,HIGH
Control_11,1,m84137_260214_004236_s1/219546412/ccs,60,1,True,1,HIGH
Control_11,1,m84137_260214_004236_s1/224724382/ccs,60,1,True,1,HIGH
Control_11,1,m84137_260214_004236_s1/221774972/ccs,60,1,True,1,HIGH
Control_11,1,m84137_260214_004236_s1/184353805/ccs,60,1,True,1,HIGH
Control_11,1,m84137_260214_004236_s1/226755667/ccs,60,1,True,1,HIGH
Control_11,1,m84137_260214_004236_s1/205849482/ccs,63,1,True,1,HIGH
Control_11,1,m84137_260214_004236_s1/254085014/ccs,60,1,True,1,HIGH
Control_11,1,m84137_260214_004236_s1/236191910/ccs,60,1,True,1,HIGH
Control_11,1,m84137_260214_004236_s1/255461801/ccs,60,1,True,1,HIGH
Control_11,1,m84137_260214_004236_s1/217056726/ccs,60,1,True,1,HIGH
Control_11,1,m84137_260214_004236_s1/256706146/ccs,60,1,True,1,HIGH
Control_11,1,m84137_260214_004236_s1/217582590/ccs,60,1,True,1,HIGH
Control_11,1,m84137_260214_004236_s1/260637647/ccs,60,1,True,1,HIGH
Control_11,1,m84137_260214_004236_s1/243795606/ccs,60,1,True,1,HIGH
Control_11,1,m84137_260214_004236_s1/248187300/ccs,60,1,True,1,HIGH
Control_11,1,m84137_260214_004236_s1/3282352/ccs,60,1,True,1,HIGH
Control_11,1,m84137_260214_004236_s1/4593001/ccs,60,1,True,1,HIGH
Control_11,1,m84137_260214_004236_s1/221972269/ccs,60,1,True,1,HIGH
Control_11,1,m84137_260214_004236_s1/222038354/ccs,60,1,True,1,HIGH
Control_11,1,m84137_260214_004236_s1/134283358/ccs,60,1,True,1,HIGH
Control_11,1,m84137_260214_004236_s1/58460725/ccs,60,1,True,1,HIGH
Control_11,1,m84137_260214_004236_s1/48497845/ccs,60,1,True,1,HIGH
Control_11,1,m84137_260214_004236_s1/115671787/ccs,60,1,True,1,HIGH
Control_11,1,m84137_260214_004236_s1/136249888/ccs,60,1,True,1,HIGH
Control_11,1,m84137_260214_004236_s1/245173216/ccs,60,1,True,1,HIGH
Control_11,1,m84137_260214_004236_s1/245301848/ccs,60,1,True,1,HIGH
Control_11,1,m84137_260214_004236_s1/49810880/ccs,60,1,True,1,HIGH
Control_11,1,m84137_260214_004236_s1/44566725/ccs,60,1,True,1,HIGH
Control_11,1,m84137_260214_004236_s1/23399457/ccs,60,1,True,1,HIGH
Control_11,1,m84137_260214_004236_s1/143201129/ccs,60,1,True,1,HIGH
Control_11,1,m84137_260214_004236_s1/29624854/ccs,60,1,True,1,HIGH
Control_11,1,m84137_260214_004236_s1/140771597/ccs,60,1,True,1,HIGH
Control_11,1,m84137_260214_004236_s1/217516432/ccs,60,1,True,1,HIGH
Control_11,1,m84137_260214_004236_s1/111089537/ccs,60,1,True,1,HIGH
Control_11,1,m84137_260214_004236_s1/51512385/ccs,60,1,True,1,HIGH
Control_11,1,m84137_260214_004236_s1/143787785/ccs,60,1,True,1,HIGH
Control_11,1,m84137_260214_004236_s1/253039354/ccs,60,1,True,1,HIGH
Control_11,1,m84137_260214_004236_s1/227676527/ccs,60,1,True,1,HIGH
Control_11,1,m84137_260214_004236_s1/235869617/ccs,60,1,True,1,HIGH
Control_11,1,m84137_260214_004236_s1/257298205/ccs,60,1,True,1,HIGH
Control_11,1,m84137_260214_004236_s1/232722478/ccs,63,1,True,1,HIGH
Control_11,1,m84137_260214_004236_s1/237440812/ccs,60,1,True,1,HIGH
Control_11,1,m84137_260214_004236_s1/258348343/ccs,60,1,True,1,HIGH
Control_11,1,m84137_260214_004236_s1/232789909/ccs,60,1,True,1,HIGH
Control_11,1,m84137_260214_004236_s1/256445721/ccs,60,1,True,1,HIGH
Control_11,1,m84137_260214_004236_s1/259657385/ccs,60,1,True,1,HIGH
Control_11,1,m84137_260214_004236_s1/266802286/ccs,60,1,True,1,HIGH
Control_11,1,m84137_260214_004236_s1/249042810/ccs,60,1,True,1,HIGH
Control_11,1,m84137_260214_004236_s1/249433998/ccs,60,1,True,1,HIGH
Control_11,1,m84137_260214_004236_s1/249565639/ccs,60,1,True,1,HIGH
Control_11,1,m84137_260214_004236_s1/251269567/ccs,60,1,True,1,HIGH
Control_11,1,m84137_260214_004236_s1/7800572/ccs,60,1,True,1,HIGH
Control_11,1,m84137_260214_004236_s1/7866640/ccs,60,1,True,1,HIGH
Control_11,1,m84137_260214_004236_s1/75041019/ccs,60,1,True,1,HIGH
Control_11,1,m84137_260214_004236_s1/93848440/ccs,60,1,True,1,HIGH
Control_11,1,m84137_260214_004236_s1/102697770/ccs,60,1,True,1,HIGH
Control_11,1,m84137_260214_004236_s1/126355218/ccs,60,1,True,1,HIGH
Control_11,1,m84137_260214_004236_s1/134482477/ccs,60,1,True,1,HIGH
Control_11,1,m84137_260214_004236_s1/114165204/ccs,60,1,True,1,HIGH
Control_11,1,m84137_260214_004236_s1/134875208/ccs,60,1,True,1,HIGH
Control_11,1,m84137_260214_004236_s1/136186590/ccs,60,1,True,1,HIGH
Control_11,1,m84137_260214_004236_s1/115868846/ccs,60,1,True,1,HIGH
Control_11,1,m84137_260214_004236_s1/141165832/ccs,60,1,True,1,HIGH
Control_11,1,m84137_260214_004236_s1/138543818/ccs,60,1,True,1,HIGH
Control_11,1,m84137_260214_004236_s1/162924231/ccs,60,1,True,1,HIGH
Control_11,1,m84137_260214_004236_s1/189598638/ccs,60,1,True,1,HIGH
Control_11,1,m84137_260214_004236_s1/193003947/ccs,60,1,True,1,HIGH
Control_11,1,m84137_260214_004236_s1/195166511/ccs,60,1,True,1,HIGH
Control_11,1,m84137_260214_004236_s1/181667589/ccs,60,1,True,1,HIGH
Control_11,1,m84137_260214_004236_s1/261227354/ccs,60,1,True,1,HIGH
Control_11,1,m84137_260214_004236_s1/19271602/ccs,60,1,True,1,HIGH
Control_11,1,m84137_260214_004236_s1/24580737/ccs,60,1,True,1,HIGH
Control_11,1,m84137_260214_004236_s1/36900804/ccs,60,1,True,1,HIGH
Control_11,1,m84137_260214_004236_s1/37950117/ccs,60,1,True,1,HIGH
Control_11,1,m84137_260214_004236_s1/14028751/ccs,60,1,True,1,HIGH
Control_11,1,m84137_260214_004236_s1/87955275/ccs,60,1,True,1,HIGH
Control_11,1,m84137_260214_004236_s1/100863149/ccs,60,1,True,1,HIGH
Control_11,1,m84137_260214_004236_s1/89396134/ccs,60,1,True,1,HIGH
Control_11,1,m84137_260214_004236_s1/79171342/ccs,60,1,True,1,HIGH
Control_11,1,m84137_260214_004236_s1/154669336/ccs,60,1,True,1,HIGH
Control_11,1,m84137_260214_004236_s1/186584326/ccs,60,1,True,1,HIGH
Control_11,1,m84137_260214_004236_s1/222039314/ccs,60,1,True,1,HIGH
Control_11,1,m84137_260214_004236_s1/229775128/ccs,60,1,True,1,HIGH
Control_11,1,m84137_260214_004236_s1/212471725/ccs,60,1,True,1,HIGH
Control_11,1,m84137_260214_004236_s1/261690002/ccs,60,1,True,1,HIGH
Control_11,1,m84137_260214_004236_s1/248910214/ccs,60,1,True,1,HIGH
Control_11,1,m84137_260214_004236_s1/47188603/ccs,60,1,True,1,HIGH
Control_11,1,m84137_260214_004236_s1/54526979/ccs,60,1,True,1,HIGH
Control_11,1,m84137_260214_004236_s1/96012114/ccs,60,1,True,1,HIGH
Control_11,1,m84137_260214_004236_s1/109840579/ccs,60,1,True,1,HIGH
Control_11,1,m84137_260214_004236_s1/226624781/ccs,60,1,True,1,HIGH
Control_11,1,m84137_260214_004236_s1/243270289/ccs,60,1,True,1,HIGH
Control_11,1,m84137_260214_004236_s1/260768493/ccs,60,1,True,1,HIGH
Control_11,1,m84137_260214_004236_s1/113644290/ccs,60,1,True,1,HIGH
Control_11,1,m84137_260214_004236_s1/25690857/ccs,60,1,True,1,HIGH
Control_11,1,m84137_260214_004236_s1/25494694/ccs,60,1,True,1,HIGH
Control_11,1,m84137_260214_004236_s1/13698325/ccs,60,1,True,1,HIGH
Control_11,1,m84137_260214_004236_s1/20448324/ccs,60,1,True,1,HIGH
Control_11,1,m84137_260214_004236_s1/13960595/ccs,60,1,True,1,HIGH
Control_11,1,m84137_260214_004236_s1/27133910/ccs,60,1,True,1,HIGH
Control_11,1,m84137_260214_004236_s1/33949206/ccs,60,1,True,1,HIGH
Control_11,1,m84137_260214_004236_s1/27658139/ccs,60,1,True,1,HIGH
Control_11,1,m84137_260214_004236_s1/34472451/ccs,60,1,True,1,HIGH
Control_11,1,m84137_260214_004236_s1/56164607/ccs,60,1,True,1,HIGH
Control_11,1,m84137_260214_004236_s1/55968632/ccs,60,1,True,1,HIGH
Control_11,1,m84137_260214_004236_s1/56363970/ccs,60,1,True,1,HIGH
Control_11,1,m84137_260214_004236_s1/32573247/ccs,60,1,True,1,HIGH
Control_11,1,m84137_260214_004236_s1/56691683/ccs,60,1,True,1,HIGH
Control_11,1,m84137_260214_004236_s1/56755746/ccs,60,1,True,1,HIGH
Control_11,1,m84137_260214_004236_s1/16319627/ccs,60,1,True,1,HIGH
Control_11,1,m84137_260214_004236_s1/16384567/ccs,60,1,True,1,HIGH
Control_11,1,m84137_260214_004236_s1/39846513/ccs,60,1,True,1,HIGH
Control_11,1,m84137_260214_004236_s1/37553400/ccs,60,1,True,1,HIGH
Control_11,1,m84137_260214_004236_s1/41551558/ccs,60,1,True,1,HIGH
Control_11,1,m84137_260214_004236_s1/37685313/ccs,60,1,True,1,HIGH
Control_11,1,m84137_260214_004236_s1/59378093/ccs,60,1,True,1,HIGH
Control_11,1,m84137_260214_004236_s1/46531661/ccs,60,1,True,1,HIGH
Control_11,1,m84137_260214_004236_s1/53413843/ccs,60,1,True,1,HIGH
Control_11,1,m84137_260214_004236_s1/42076665/ccs,60,1,True,1,HIGH
Control_11,1,m84137_260214_004236_s1/53872726/ccs,60,1,True,1,HIGH
Control_11,1,m84137_260214_004236_s1/38929690/ccs,60,1,True,1,HIGH
Control_11,1,m84137_260214_004236_s1/61081995/ccs,60,1,True,1,HIGH
Control_11,1,m84137_260214_004236_s1/54657214/ccs,60,1,True,1,HIGH
Control_11,1,m84137_260214_004236_s1/55380192/ccs,60,1,True,1,HIGH
Control_11,1,m84137_260214_004236_s1/55378607/ccs,60,1,True,1,HIGH
Control_11,1,m84137_260214_004236_s1/67635950/ccs,60,1,True,1,HIGH
Control_11,1,m84137_260214_004236_s1/97125973/ccs,60,1,True,1,HIGH
Control_11,1,m84137_260214_004236_s1/230623264/ccs,60,1,True,1,HIGH
Control_11,1,m84137_260214_004236_s1/221252134/ccs,60,1,True,1,HIGH
Control_11,1,m84137_260214_004236_s1/204867004/ccs,60,1,True,1,HIGH
Control_11,1,m84137_260214_004236_s1/252642045/ccs,60,1,True,1,HIGH
Control_11,1,m84137_260214_004236_s1/25826137/ccs,60,1,True,1,HIGH
Control_11,1,m84137_260214_004236_s1/35001545/ccs,60,1,True,1,HIGH
Control_11,1,m84137_260214_004236_s1/66721702/ccs,60,1,True,1,HIGH
Control_11,1,m84137_260214_004236_s1/143986056/ccs,60,1,True,1,HIGH
Control_11,1,m84137_260214_004236_s1/161879995/ccs,60,1,True,1,HIGH
Control_11,1,m84137_260214_004236_s1/220468606/ccs,60,1,True,1,HIGH
Control_11,1,m84137_260214_004236_s1/261755767/ccs,60,1,True,1,HIGH
Control_11,1,m84137_260214_004236_s1/23333811/ccs,60,1,True,1,HIGH
Control_11,1,m84137_260214_004236_s1/17697012/ccs,60,1,True,1,HIGH
Control_11,1,m84137_260214_004236_s1/13370637/ccs,60,1,True,1,HIGH
Control_11,1,m84137_260214_004236_s1/15469179/ccs,60,1,True,1,HIGH
Control_11,1,m84137_260214_004236_s1/49548060/ccs,60,1,True,1,HIGH
Control_11,1,m84137_260214_004236_s1/79234181/ccs,60,1,True,1,HIGH
Control_11,1,m84137_260214_004236_s1/87819019/ccs,60,1,True,1,HIGH
Control_11,1,m84137_260214_004236_s1/99552110/ccs,60,1,True,1,HIGH
Control_11,1,m84137_260214_004236_s1/83625180/ccs,60,1,True,1,HIGH
Control_11,1,m84137_260214_004236_s1/120391968/ccs,60,1,True,1,HIGH
Control_11,1,m84137_260214_004236_s1/111477549/ccs,60,1,True,1,HIGH
Control_11,1,m84137_260214_004236_s1/133759735/ccs,60,1,True,1,HIGH
Control_11,1,m84137_260214_004236_s1/154929108/ccs,60,1,True,1,HIGH
Control_11,1,m84137_260214_004236_s1/145819992/ccs,60,1,True,1,HIGH
Control_11,1,m84137_260214_004236_s1/164495827/ccs,60,1,True,1,HIGH
Control_11,1,m84137_260214_004236_s1/164758578/ccs,60,1,True,1,HIGH
Control_11,1,m84137_260214_004236_s1/169870493/ccs,60,1,True,1,HIGH
Control_11,1,m84137_260214_004236_s1/174852156/ccs,60,1,True,1,HIGH
Control_11,1,m84137_260214_004236_s1/215941847/ccs,60,1,True,1,HIGH
Control_11,1,m84137_260214_004236_s1/111088851/ccs,60,1,True,1,HIGH
Control_11,1,m84137_260214_004236_s1/111480132/ccs,60,1,True,1,HIGH
Control_11,1,m84137_260214_004236_s1/137827216/ccs,60,1,True,1,HIGH
Control_11,1,m84137_260214_004236_s1/137695676/ccs,60,1,True,1,HIGH
Control_11,1,m84137_260214_004236_s1/163319708/ccs,60,1,True,1,HIGH
Control_11,1,m84137_260214_004236_s1/186062128/ccs,60,1,True,1,HIGH
Control_11,1,m84137_260214_004236_s1/164957972/ccs,60,1,True,1,HIGH
Control_11,1,m84137_260214_004236_s1/165154359/ccs,60,1,True,1,HIGH
Control_11,1,m84137_260214_004236_s1/165221880/ccs,60,1,True,1,HIGH
Control_11,1,m84137_260214_004236_s1/165680709/ccs,60,1,True,1,HIGH
Control_11,1,m84137_260214_004236_s1/169482128/ccs,60,1,True,1,HIGH
Control_11,1,m84137_260214_004236_s1/175444142/ccs,60,1,True,1,HIGH
Control_11,1,m84137_260214_004236_s1/188289267/ccs,60,1,True,1,HIGH
Control_11,1,m84137_260214_004236_s1/166989285/ccs,60,1,True,1,HIGH
Control_11,1,m84137_260214_004236_s1/167318921/ccs,60,1,True,1,HIGH
Control_11,1,m84137_260214_004236_s1/189076563/ccs,60,1,True,1,HIGH
Control_11,1,m84137_260214_004236_s1/192812195/ccs,60,1,True,1,HIGH
Control_11,1,m84137_260214_004236_s1/173149783/ccs,60,1,True,1,HIGH
Control_11,1,m84137_260214_004236_s1/150345190/ccs,60,1,True,1,HIGH
Control_11,1,m84137_260214_004236_s1/197072355/ccs,60,1,True,1,HIGH
Control_11,1,m84137_260214_004236_s1/207229851/ccs,60,1,True,1,HIGH
Control_11,1,m84137_260214_004236_s1/197465811/ccs,60,1,True,1,HIGH
Control_11,1,m84137_260214_004236_s1/220205880/ccs,60,1,True,1,HIGH
Control_11,1,m84137_260214_004236_s1/224007474/ccs,60,1,True,1,HIGH
Control_11,1,m84137_260214_004236_s1/222565591/ccs,60,1,True,1,HIGH
Control_11,1,m84137_260214_004236_s1/223482289/ccs,60,1,True,1,HIGH
Control_11,1,m84137_260214_004236_s1/210571392/ccs,60,1,True,1,HIGH
Control_11,1,m84137_260214_004236_s1/200415059/ccs,60,1,True,1,HIGH
Control_11,1,m84137_260214_004236_s1/200347987/ccs,60,1,True,1,HIGH
Control_11,1,m84137_260214_004236_s1/206444427/ccs,60,1,True,1,HIGH
Control_11,1,m84137_260214_004236_s1/183046686/ccs,60,1,True,1,HIGH
Control_11,1,m84137_260214_004236_s1/212277085/ccs,60,1,True,1,HIGH
Control_11,1,m84137_260214_004236_s1/168301344/ccs,60,1,True,1,HIGH
Control_11,1,m84137_260214_004236_s1/36769497/ccs,60,1,True,1,HIGH
Control_11,1,m84137_260214_004236_s1/13634708/ccs,60,1,True,1,HIGH
Control_11,1,m84137_260214_004236_s1/61804814/ccs,60,1,True,1,HIGH
Control_11,1,m84137_260214_004236_s1/54661292/ccs,60,1,True,1,HIGH
Control_11,1,m84137_260214_004236_s1/55119750/ccs,60,1,True,1,HIGH
Control_11,1,m84137_260214_004236_s1/15209034/ccs,60,1,True,1,HIGH
Control_11,1,m84137_260214_004236_s1/59773829/ccs,60,1,True,1,HIGH
Control_11,1,m84137_260214_004236_s1/44437107/ccs,60,1,True,1,HIGH
Control_11,1,m84137_260214_004236_s1/70260505/ccs,60,1,True,1,HIGH
Control_11,1,m84137_260214_004236_s1/65868606/ccs,60,1,True,1,HIGH
Control_11,1,m84137_260214_004236_s1/89787454/ccs,60,1,True,1,HIGH
Control_11,1,m84137_260214_004236_s1/66589454/ccs,60,1,True,1,HIGH
Control_11,1,m84137_260214_004236_s1/47190438/ccs,60,1,True,1,HIGH
Control_11,1,m84137_260214_004236_s1/72618490/ccs,60,1,True,1,HIGH
Control_11,1,m84137_260214_004236_s1/95753460/ccs,60,1,True,1,HIGH
Control_11,1,m84137_260214_004236_s1/91886097/ccs,60,1,True,1,HIGH
Control_11,1,m84137_260214_004236_s1/48762291/ccs,60,1,True,1,HIGH
Control_11,1,m84137_260214_004236_s1/97063066/ccs,60,1,True,1,HIGH
Control_11,1,m84137_260214_004236_s1/97522269/ccs,60,1,True,1,HIGH
Control_11,1,m84137_260214_004236_s1/97586588/ccs,60,1,True,1,HIGH
Control_11,1,m84137_260214_004236_s1/93850774/ccs,60,1,True,1,HIGH
Control_11,1,m84137_260214_004236_s1/79040903/ccs,60,1,True,1,HIGH
Control_11,1,m84137_260214_004236_s1/98962621/ccs,60,1,True,1,HIGH
Control_11,1,m84137_260214_004236_s1/79828906/ccs,60,1,True,1,HIGH
Control_11,1,m84137_260214_004236_s1/104336928/ccs,60,1,True,1,HIGH
Control_11,1,m84137_260214_004236_s1/99291975/ccs,60,1,True,1,HIGH
Control_11,1,m84137_260214_004236_s1/125637543/ccs,60,1,True,1,HIGH
Control_11,1,m84137_260214_004236_s1/122885624/ccs,60,1,True,1,HIGH
Control_11,1,m84137_260214_004236_s1/134550980/ccs,60,1,True,1,HIGH
Control_11,1,m84137_260214_004236_s1/109647636/ccs,60,1,True,1,HIGH
Control_11,1,m84137_260214_004236_s1/151457046/ccs,60,1,True,1,HIGH
Control_11,1,m84137_260214_004236_s1/110826953/ccs,60,1,True,1,HIGH
Control_11,1,m84137_260214_004236_s1/126882084/ccs,60,1,True,1,HIGH
Control_11,1,m84137_260214_004236_s1/153682329/ccs,60,1,True,1,HIGH
Control_11,1,m84137_260214_004236_s1/133236734/ccs,60,1,True,1,HIGH
Control_11,1,m84137_260214_004236_s1/137365834/ccs,60,1,True,1,HIGH
Control_11,1,m84137_260214_004236_s1/134153825/ccs,60,1,True,1,HIGH
Control_11,1,m84137_260214_004236_s1/134155177/ccs,60,1,True,1,HIGH
Control_11,1,m84137_260214_004236_s1/159121481/ccs,60,1,True,1,HIGH
Control_11,1,m84137_260214_004236_s1/164430468/ccs,60,1,True,1,HIGH
Control_11,1,m84137_260214_004236_s1/143525792/ccs,60,1,True,1,HIGH
Control_11,1,m84137_260214_004236_s1/164891028/ccs,60,1,True,1,HIGH
Control_11,1,m84137_260214_004236_s1/144180342/ccs,60,1,True,1,HIGH
Control_11,1,m84137_260214_004236_s1/145097471/ccs,60,1,True,1,HIGH
Control_11,1,m84137_260214_004236_s1/148244543/ccs,60,1,True,1,HIGH
Control_11,1,m84137_260214_004236_s1/190121084/ccs,60,1,True,1,HIGH
Control_11,1,m84137_260214_004236_s1/173803151/ccs,60,1,True,1,HIGH
Control_11,1,m84137_260214_004236_s1/186976316/ccs,60,1,True,1,HIGH
Control_11,1,m84137_260214_004236_s1/187170918/ccs,60,1,True,1,HIGH
Control_11,1,m84137_260214_004236_s1/170788230/ccs,60,1,True,1,HIGH
Control_11,1,m84137_260214_004236_s1/170787557/ccs,60,1,True,1,HIGH
Control_11,1,m84137_260214_004236_s1/175178204/ccs,60,1,True,1,HIGH
Control_11,1,m84137_260214_004236_s1/150603711/ccs,60,1,True,1,HIGH
Control_11,1,m84137_260214_004236_s1/179110572/ccs,60,1,True,1,HIGH
Control_11,1,m84137_260214_004236_s1/172098919/ccs,60,1,True,1,HIGH
Control_11,1,m84137_260214_004236_s1/198182979/ccs,60,1,True,1,HIGH
Control_11,1,m84137_260214_004236_s1/194249267/ccs,60,1,True,1,HIGH
Control_11,1,m84137_260214_004236_s1/180292046/ccs,60,1,True,1,HIGH
Control_11,1,m84137_260214_004236_s1/218956513/ccs,60,1,True,1,HIGH
Control_11,1,m84137_260214_004236_s1/195036735/ccs,60,1,True,1,HIGH
Control_11,1,m84137_260214_004236_s1/219810778/ccs,60,1,True,1,HIGH
Control_11,1,m84137_260214_004236_s1/201853401/ccs,60,1,True,1,HIGH
Control_11,1,m84137_260214_004236_s1/202180812/ccs,60,1,True,1,HIGH
Control_11,1,m84137_260214_004236_s1/220726321/ccs,60,1,True,1,HIGH
Control_11,1,m84137_260214_004236_s1/207882512/ccs,60,1,True,1,HIGH
Control_11,1,m84137_260214_004236_s1/200540626/ccs,60,1,True,1,HIGH
Control_11,1,m84137_260214_004236_s1/48825176/ccs,60,1,True,1,HIGH
Control_11,1,m84137_260214_004236_s1/65142947/ccs,60,1,True,1,HIGH
Control_11,1,m84137_260214_004236_s1/65734358/ccs,60,1,True,1,HIGH
Control_11,1,m84137_260214_004236_s1/68551352/ccs,60,1,True,1,HIGH
Control_11,1,m84137_260214_004236_s1/68618825/ccs,60,1,True,1,HIGH
Control_11,1,m84137_260214_004236_s1/73466408/ccs,60,1,True,1,HIGH
Control_11,1,m84137_260214_004236_s1/49545743/ccs,60,1,True,1,HIGH
Control_11,1,m84137_260214_004236_s1/50136647/ccs,60,1,True,1,HIGH
Control_11,1,m84137_260214_004236_s1/66980121/ccs,60,1,True,1,HIGH
Control_11,1,m84137_260214_004236_s1/75169903/ccs,60,1,True,1,HIGH
Control_11,1,m84137_260214_004236_s1/86640933/ccs,60,1,True,1,HIGH
Control_11,1,m84137_260214_004236_s1/97648766/ccs,60,1,True,1,HIGH
Control_11,1,m84137_260214_004236_s1/97649446/ccs,60,1,True,1,HIGH
Control_11,1,m84137_260214_004236_s1/100861745/ccs,60,1,True,1,HIGH
Control_11,1,m84137_260214_004236_s1/97977908/ccs,60,1,True,1,HIGH
Control_11,1,m84137_260214_004236_s1/88869326/ccs,60,1,True,1,HIGH
Control_11,1,m84137_260214_004236_s1/81660132/ccs,60,1,True,1,HIGH
Control_11,1,m84137_260214_004236_s1/98894844/ccs,60,1,True,1,HIGH
Control_11,1,m84137_260214_004236_s1/106562635/ccs,60,1,True,1,HIGH
Control_11,1,m84137_260214_004236_s1/118687695/ccs,60,1,True,1,HIGH
Control_11,1,m84137_260214_004236_s1/100336049/ccs,60,1,True,1,HIGH
Control_11,1,m84137_260214_004236_s1/103090342/ccs,60,1,True,1,HIGH
Control_11,1,m84137_260214_004236_s1/119801373/ccs,60,1,True,1,HIGH
Control_11,1,m84137_260214_004236_s1/119736696/ccs,60,1,True,1,HIGH
Control_11,1,m84137_260214_004236_s1/119802528/ccs,60,1,True,1,HIGH
Control_11,1,m84137_260214_004236_s1/112330921/ccs,60,1,True,1,HIGH
Control_11,1,m84137_260214_004236_s1/109118348/ccs,60,1,True,1,HIGH
Control_11,1,m84137_260214_004236_s1/121110857/ccs,60,1,True,1,HIGH
Control_11,1,m84137_260214_004236_s1/126091496/ccs,60,1,True,1,HIGH
Control_11,1,m84137_260214_004236_s1/135398414/ccs,60,1,True,1,HIGH
Control_11,1,m84137_260214_004236_s1/136118870/ccs,60,1,True,1,HIGH
Control_11,1,m84137_260214_004236_s1/136907502/ccs,60,1,True,1,HIGH
Control_11,1,m84137_260214_004236_s1/250151006/ccs,60,1,True,1,HIGH
Control_11,1,m84137_260214_004236_s1/33625285/ccs,60,1,True,1,HIGH
Control_11,1,m84137_260214_004236_s1/33756922/ccs,60,1,True,1,HIGH
Control_11,1,m84137_260214_004236_s1/51908994/ccs,60,1,True,1,HIGH
Control_11,1,m84137_260214_004236_s1/56693347/ccs,60,1,True,1,HIGH
Control_11,1,m84137_260214_004236_s1/57020702/ccs,60,1,True,1,HIGH
Control_11,1,m84137_260214_004236_s1/85134578/ccs,60,1,True,1,HIGH
Control_11,1,m84137_260214_004236_s1/45487221/ccs,60,1,True,1,HIGH
Control_11,1,m84137_260214_004236_s1/70980923/ccs,60,1,True,1,HIGH
Control_11,1,m84137_260214_004236_s1/86708938/ccs,60,1,True,1,HIGH
Control_11,1,m84137_260214_004236_s1/48238134/ccs,60,1,True,1,HIGH
Control_11,1,m84137_260214_004236_s1/100405772/ccs,60,1,True,1,HIGH
Control_11,1,m84137_260214_004236_s1/122293806/ccs,60,1,True,1,HIGH
Control_11,1,m84137_260214_004236_s1/139398953/ccs,60,1,True,1,HIGH
Control_11,1,m84137_260214_004236_s1/143199506/ccs,60,1,True,1,HIGH
Control_11,1,m84137_260214_004236_s1/116985354/ccs,60,1,True,1,HIGH
Control_11,1,m84137_260214_004236_s1/117184219/ccs,60,1,True,1,HIGH
Control_11,1,m84137_260214_004236_s1/175967842/ccs,60,1,True,1,HIGH
Control_11,1,m84137_260214_004236_s1/148835422/ccs,60,1,True,1,HIGH
Control_11,1,m84137_260214_004236_s1/178260993/ccs,60,1,True,1,HIGH
Control_11,1,m84137_260214_004236_s1/198840209/ccs,60,1,True,1,HIGH
Control_11,1,m84137_260214_004236_s1/202773514/ccs,60,1,True,1,HIGH
Control_11,1,m84137_260214_004236_s1/200152248/ccs,60,1,True,1,HIGH
Control_11,1,m84137_260214_004236_s1/205786550/ccs,60,1,True,1,HIGH
Control_11,1,m84137_260214_004236_s1/228789794/ccs,60,1,True,1,HIGH
Control_11,1,m84137_260214_004236_s1/233640833/ccs,60,1,True,1,HIGH
Control_11,1,m84137_260214_004236_s1/257168839/ccs,60,1,True,1,HIGH
Control_11,1,m84137_260214_004236_s1/11340255/ccs,60,1,True,1,HIGH
Control_11,1,m84137_260214_004236_s1/11403559/ccs,60,1,True,1,HIGH
Control_11,1,m84137_260214_004236_s1/22741168/ccs,60,1,True,1,HIGH
Control_11,1,m84137_260214_004236_s1/12518576/ccs,60,1,True,1,HIGH
Control_11,1,m84137_260214_004236_s1/18612769/ccs,60,1,True,1,HIGH
Control_11,1,m84137_260214_004236_s1/200999631/ccs,60,1,True,1,HIGH
Control_11,1,m84137_260214_004236_s1/208407424/ccs,60,1,True,1,HIGH
Control_11,1,m84137_260214_004236_s1/225249357/ccs,60,1,True,1,HIGH
Control_11,1,m84137_260214_004236_s1/203949215/ccs,60,1,True,1,HIGH
Control_11,1,m84137_260214_004236_s1/204277068/ccs,60,1,True,1,HIGH
Control_11,1,m84137_260214_004236_s1/222693899/ccs,60,1,True,1,HIGH
Control_11,1,m84137_260214_004236_s1/204408628/ccs,60,1,True,1,HIGH
Control_11,1,m84137_260214_004236_s1/223151318/ccs,60,1,True,1,HIGH
Control_11,1,m84137_260214_004236_s1/230817869/ccs,60,1,True,1,HIGH
Control_11,1,m84137_260214_004236_s1/205457728/ccs,60,1,True,1,HIGH
Control_11,1,m84137_260214_004236_s1/231148526/ccs,60,1,True,1,HIGH
Control_11,1,m84137_260214_004236_s1/205850958/ccs,60,1,True,1,HIGH
Control_11,1,m84137_260214_004236_s1/211618525/ccs,60,1,True,1,HIGH
Control_11,1,m84137_260214_004236_s1/211683817/ccs,60,1,True,1,HIGH
Control_11,1,m84137_260214_004236_s1/252249091/ccs,60,1,True,1,HIGH
Control_11,1,m84137_260214_004236_s1/252185212/ccs,60,1,True,1,HIGH
Control_11,1,m84137_260214_004236_s1/231671019/ccs,60,1,True,1,HIGH
Control_11,1,m84137_260214_004236_s1/212469431/ccs,60,1,True,1,HIGH
Control_11,1,m84137_260214_004236_s1/212469121/ccs,60,1,True,1,HIGH
Control_11,1,m84137_260214_004236_s1/212403687/ccs,60,1,True,1,HIGH
Control_11,1,m84137_260214_004236_s1/214697902/ccs,60,1,True,1,HIGH
Control_11,1,m84137_260214_004236_s1/228853541/ccs,60,1,True,1,HIGH
Control_11,1,m84137_260214_004236_s1/241172926/ccs,60,1,True,1,HIGH
Control_11,1,m84137_260214_004236_s1/233376658/ccs,60,1,True,1,HIGH
Control_11,1,m84137_260214_004236_s1/236913193/ccs,60,1,True,1,HIGH
Control_11,1,m84137_260214_004236_s1/237109782/ccs,60,1,True,1,HIGH
Control_11,1,m84137_260214_004236_s1/255657952/ccs,60,1,True,1,HIGH
Control_11,1,m84137_260214_004236_s1/259391829/ccs,60,1,True,1,HIGH
Control_11,1,m84137_260214_004236_s1/256901931/ccs,60,1,True,1,HIGH
Control_11,1,m84137_260214_004236_s1/263586400/ccs,60,1,True,1,HIGH
Control_11,1,m84137_260214_004236_s1/239143090/ccs,60,1,True,1,HIGH
Control_11,1,m84137_260214_004236_s1/16781601/ccs,60,1,True,1,HIGH
Control_11,1,m84137_260214_004236_s1/260704369/ccs,60,1,True,1,HIGH
Control_11,1,m84137_260214_004236_s1/246417868/ccs,60,1,True,1,HIGH
Control_11,1,m84137_260214_004236_s1/260901451/ccs,60,1,True,1,HIGH
Control_11,1,m84137_260214_004236_s1/264570840/ccs,60,1,True,1,HIGH
Control_11,1,m84137_260214_004236_s1/261686295/ccs,60,1,True,1,HIGH
Control_11,1,m84137_260214_004236_s1/245237123/ccs,60,1,True,1,HIGH
Control_11,1,m84137_260214_004236_s1/245302466/ccs,60,1,True,1,HIGH
Control_11,1,m84137_260214_004236_s1/2036082/ccs,60,1,True,1,HIGH
Control_11,1,m84137_260214_004236_s1/22613199/ccs,60,1,True,1,HIGH
Control_11,1,m84137_260214_004236_s1/23596924/ccs,60,1,True,1,HIGH
Control_11,1,m84137_260214_004236_s1/267192352/ccs,60,1,True,1,HIGH
Control_11,1,m84137_260214_004236_s1/249102659/ccs,60,1,True,1,HIGH
Control_11,1,m84137_260214_004236_s1/267256676/ccs,60,1,True,1,HIGH
Control_11,1,m84137_260214_004236_s1/20254046/ccs,60,1,True,1,HIGH
Control_11,1,m84137_260214_004236_s1/249628874/ccs,60,1,True,1,HIGH
Control_11,1,m84137_260214_004236_s1/20778358/ccs,60,1,True,1,HIGH
Control_11,1,m84137_260214_004236_s1/250086633/ccs,60,1,True,1,HIGH
Control_11,1,m84137_260214_004236_s1/28316887/ccs,60,1,True,1,HIGH
Control_11,1,m84137_260214_004236_s1/7213969/ccs,60,1,True,1,HIGH
Control_11,1,m84137_260214_004236_s1/250610351/ccs,60,1,True,1,HIGH
Control_11,1,m84137_260214_004236_s1/21565005/ccs,60,1,True,1,HIGH
Control_11,1,m84137_260214_004236_s1/21761103/ccs,60,1,True,1,HIGH
Control_11,1,m84137_260214_004236_s1/25431985/ccs,60,1,True,1,HIGH
Control_11,1,m84137_260214_004236_s1/251136053/ccs,60,1,True,1,HIGH
Control_11,1,m84137_260214_004236_s1/29824544/ccs,60,1,True,1,HIGH
Control_11,1,m84137_260214_004236_s1/51123676/ccs,60,1,True,1,HIGH
Control_11,1,m84137_260214_004236_s1/51319705/ccs,60,1,True,1,HIGH
Control_11,1,m84137_260214_004236_s1/27136286/ccs,60,1,True,1,HIGH
Control_11,1,m84137_260214_004236_s1/51515354/ccs,60,1,True,1,HIGH
Control_11,1,m84137_260214_004236_s1/35590665/ccs,60,1,True,1,HIGH
Control_11,1,m84137_260214_004236_s1/30807541/ccs,60,1,True,1,HIGH
Control_11,1,m84137_260214_004236_s1/35787267/ccs,60,1,True,1,HIGH
Control_11,1,m84137_260214_004236_s1/35787715/ccs,60,1,True,1,HIGH
Control_11,1,m84137_260214_004236_s1/12980721/ccs,60,1,True,1,HIGH
Control_11,1,m84137_260214_004236_s1/153881435/ccs,60,1,True,1,HIGH
Control_11,1,m84137_260214_004236_s1/82710195/ccs,60,1,True,1,HIGH
Control_11,1,m84137_260214_004236_s1/149226078/ccs,60,1,True,1,HIGH
Control_11,1,m84137_260214_004236_s1/192088003/ccs,60,1,True,1,HIGH
Control_11,1,m84137_260214_004236_s1/98897175/ccs,60,1,True,1,HIGH
Control_11,1,m84137_260214_004236_s1/103944371/ccs,60,1,True,1,HIGH
Control_11,1,m84137_260214_004236_s1/210829665/ccs,60,1,True,1,HIGH
Control_11,1,m84137_260214_004236_s1/235934690/ccs,60,1,True,1,HIGH
Control_11,1,m84137_260214_004236_s1/222168524/ccs,60,1,True,1,HIGH
Control_11,1,m84137_260214_004236_s1/234684792/ccs,60,1,True,1,HIGH
Control_11,1,m84137_260214_004236_s1/144180285/ccs,60,1,True,1,HIGH
Control_11,1,m84137_260214_004236_s1/252774827/ccs,60,1,True,1,HIGH
Control_11,1,m84137_260214_004236_s1/92934044/ccs,60,1,True,1,HIGH
Control_11,1,m84137_260214_004236_s1/77530154/ccs,60,1,True,1,HIGH
Control_11,1,m84137_260214_004236_s1/196216771/ccs,60,1,True,1,HIGH
Control_11,1,m84137_260214_004236_s1/195167480/ccs,60,1,True,1,HIGH
Control_11,1,m84137_260214_004236_s1/214566083/ccs,60,1,True,1,HIGH
Control_11,1,m84137_260214_004236_s1/79695949/ccs,60,1,True,1,HIGH
Control_11,1,m84137_260214_004236_s1/158864268/ccs,60,1,True,1,HIGH
Control_11,1,m84137_260214_004236_s1/175705938/ccs,60,1,True,1,HIGH
Control_11,1,m84137_260214_004236_s1/171250863/ccs,60,1,True,1,HIGH
Control_11,1,m84137_260214_004236_s1/247534838/ccs,60,1,True,1,HIGH
Control_11,1,m84137_260214_004236_s1/28246627/ccs,60,1,True,1,HIGH
Control_11,1,m84137_260214_004236_s1/24183178/ccs,60,1,True,1,HIGH
Control_11,1,m84137_260214_004236_s1/13107267/ccs,60,1,True,1,HIGH
Control_11,1,m84137_260214_004236_s1/25430486/ccs,60,1,True,1,HIGH
Control_11,1,m84137_260214_004236_s1/34013345/ccs,60,1,True,1,HIGH
Control_11,1,m84137_260214_004236_s1/45221018/ccs,60,1,True,1,HIGH
Control_11,1,m84137_260214_004236_s1/36635502/ccs,60,1,True,1,HIGH
Control_11,1,m84137_260214_004236_s1/63702298/ccs,60,1,True,1,HIGH
Control_11,1,m84137_260214_004236_s1/72942991/ccs,60,1,True,1,HIGH
Control_11,1,m84137_260214_004236_s1/69337219/ccs,60,1,True,1,HIGH
Control_11,1,m84137_260214_004236_s1/84869368/ccs,60,1,True,1,HIGH
Control_11,1,m84137_260214_004236_s1/71500139/ccs,60,1,True,1,HIGH
Control_11,1,m84137_260214_004236_s1/71565523/ccs,60,1,True,1,HIGH
Control_11,1,m84137_260214_004236_s1/96995058/ccs,60,1,True,1,HIGH
Control_11,1,m84137_260214_004236_s1/83428124/ccs,60,1,True,1,HIGH
Control_11,1,m84137_260214_004236_s1/83494969/ccs,60,1,True,1,HIGH
Control_11,1,m84137_260214_004236_s1/130417702/ccs,60,1,True,1,HIGH
Control_11,1,m84137_260214_004236_s1/127336934/ccs,60,1,True,1,HIGH
Control_11,1,m84137_260214_004236_s1/138544094/ccs,60,1,True,1,HIGH
Control_11,1,m84137_260214_004236_s1/154731419/ccs,60,1,True,1,HIGH
Control_11,1,m84137_260214_004236_s1/163251849/ccs,60,1,True,1,HIGH
Control_11,1,m84137_260214_004236_s1/168626407/ccs,60,1,True,1,HIGH
Control_11,1,m84137_260214_004236_s1/170590993/ccs,60,1,True,1,HIGH
Control_11,1,m84137_260214_004236_s1/196085585/ccs,60,1,True,1,HIGH
Control_11,1,m84137_260214_004236_s1/192349616/ccs,60,1,True,1,HIGH
Control_11,1,m84137_260214_004236_s1/193530387/ccs,60,1,True,1,HIGH
Control_11,1,m84137_260214_004236_s1/177537467/ccs,60,1,True,1,HIGH
Control_11,1,m84137_260214_004236_s1/224331578/ccs,60,1,True,1,HIGH
Control_11,1,m84137_260214_004236_s1/225512242/ccs,60,1,True,1,HIGH
Control_11,1,m84137_260214_004236_s1/226362531/ccs,60,1,True,1,HIGH
Control_11,1,m84137_260214_004236_s1/256312312/ccs,60,1,True,1,HIGH
Control_11,1,m84137_260214_004236_s1/264044676/ccs,60,1,True,1,HIGH
Control_11,1,m84137_260214_004236_s1/22810098/ccs,60,1,True,1,HIGH
Control_11,1,m84137_260214_004236_s1/3280558/ccs,60,1,True,1,HIGH
Control_11,1,m84137_260214_004236_s1/6557241/ccs,60,1,True,1,HIGH
Control_11,1,m84137_260214_004236_s1/29560151/ccs,60,1,True,1,HIGH
Control_11,1,m84137_260214_004236_s1/56495678/ccs,60,1,True,1,HIGH
Control_11,1,m84137_260214_004236_s1/42013070/ccs,60,1,True,1,HIGH
Control_11,1,m84137_260214_004236_s1/62592346/ccs,60,1,True,1,HIGH
Control_11,1,m84137_260214_004236_s1/64951472/ccs,60,1,True,1,HIGH
Control_11,1,m84137_260214_004236_s1/48500757/ccs,60,1,True,1,HIGH
Control_11,1,m84137_260214_004236_s1/77403016/ccs,60,1,True,1,HIGH
Control_11,1,m84137_260214_004236_s1/119410670/ccs,60,1,True,1,HIGH
Control_11,1,m84137_260214_004236_s1/105910251/ccs,60,1,True,1,HIGH
Control_11,1,m84137_260214_004236_s1/69207022/ccs,60,1,True,1,HIGH
Control_11,1,m84137_260214_004236_s1/50069680/ccs,60,1,True,1,HIGH
Control_11,1,m84137_260214_004236_s1/74320736/ccs,60,1,True,1,HIGH
Control_11,1,m84137_260214_004236_s1/74646162/ccs,60,1,True,1,HIGH
Control_11,1,m84137_260214_004236_s1/92604495/ccs,63,1,True,1,HIGH
Control_11,1,m84137_260214_004236_s1/96209036/ccs,60,1,True,1,HIGH
Control_11,1,m84137_260214_004236_s1/76088297/ccs,60,1,True,1,HIGH
Control_11,1,m84137_260214_004236_s1/97255745/ccs,60,1,True,1,HIGH
Control_11,1,m84137_260214_004236_s1/72616926/ccs,60,1,True,1,HIGH
Control_11,1,m84137_260214_004236_s1/76679663/ccs,60,1,True,1,HIGH
Control_11,1,m84137_260214_004236_s1/98175469/ccs,60,1,True,1,HIGH
Control_11,1,m84137_260214_004236_s1/101058721/ccs,60,1,True,1,HIGH
Control_11,1,m84137_260214_004236_s1/77595782/ccs,60,1,True,1,HIGH
Control_11,1,m84137_260214_004236_s1/99157095/ccs,60,1,True,1,HIGH
Control_11,1,m84137_260214_004236_s1/107151414/ccs,60,1,True,1,HIGH
Control_11,1,m84137_260214_004236_s1/124323714/ccs,60,1,True,1,HIGH
Control_11,1,m84137_260214_004236_s1/111872906/ccs,60,1,True,1,HIGH
Control_11,1,m84137_260214_004236_s1/125504048/ccs,60,1,True,1,HIGH
Control_11,1,m84137_260214_004236_s1/121113135/ccs,60,1,True,1,HIGH
Control_11,1,m84137_260214_004236_s1/105449337/ccs,60,1,True,1,HIGH
Control_11,1,m84137_260214_004236_s1/129959396/ccs,60,1,True,1,HIGH
Control_11,1,m84137_260214_004236_s1/130026186/ccs,60,1,True,1,HIGH
Control_11,1,m84137_260214_004236_s1/127075594/ccs,60,1,True,1,HIGH
Control_11,1,m84137_260214_004236_s1/110692070/ccs,60,1,True,1,HIGH
Control_11,1,m84137_260214_004236_s1/151192388/ccs,60,1,True,1,HIGH
Control_11,1,m84137_260214_004236_s1/131530883/ccs,60,1,True,1,HIGH
Control_11,1,m84137_260214_004236_s1/111674460/ccs,60,1,True,1,HIGH
Control_11,1,m84137_260214_004236_s1/135726684/ccs,60,1,True,1,HIGH
Control_11,1,m84137_260214_004236_s1/156567831/ccs,60,1,True,1,HIGH
Control_11,1,m84137_260214_004236_s1/132385561/ccs,60,1,True,1,HIGH
Control_11,1,m84137_260214_004236_s1/137036420/ccs,60,1,True,1,HIGH
Control_11,1,m84137_260214_004236_s1/116132273/ccs,60,1,True,1,HIGH
Control_11,1,m84137_260214_004236_s1/116001204/ccs,60,1,True,1,HIGH
Control_11,1,m84137_260214_004236_s1/140904556/ccs,60,1,True,1,HIGH
Control_11,1,m84137_260214_004236_s1/153946948/ccs,60,1,True,1,HIGH
Control_11,1,m84137_260214_004236_s1/137627041/ccs,60,1,True,1,HIGH
Control_11,1,m84137_260214_004236_s1/154338034/ccs,60,1,True,1,HIGH
Control_11,1,m84137_260214_004236_s1/159122233/ccs,60,1,True,1,HIGH
Control_11,1,m84137_260214_004236_s1/162792459/ccs,60,1,True,1,HIGH
Control_11,1,m84137_260214_004236_s1/138544595/ccs,60,1,True,1,HIGH
Control_11,1,m84137_260214_004236_s1/155190994/ccs,60,1,True,1,HIGH
Control_11,1,m84137_260214_004236_s1/155322124/ccs,60,1,True,1,HIGH
Control_11,1,m84137_260214_004236_s1/143394462/ccs,60,1,True,1,HIGH
Control_11,1,m84137_260214_004236_s1/167971621/ccs,60,1,True,1,HIGH
Control_11,1,m84137_260214_004236_s1/160827094/ccs,60,1,True,1,HIGH
Control_11,1,m84137_260214_004236_s1/156501619/ccs,60,1,True,1,HIGH
Control_11,1,m84137_260214_004236_s1/164560984/ccs,60,1,True,1,HIGH
Control_11,1,m84137_260214_004236_s1/147259708/ccs,60,1,True,1,HIGH
Control_11,1,m84137_260214_004236_s1/147194010/ccs,60,1,True,1,HIGH
Control_11,1,m84137_260214_004236_s1/144376726/ccs,60,1,True,1,HIGH
Control_11,1,m84137_260214_004236_s1/152180098/ccs,60,1,True,1,HIGH
Control_11,1,m84137_260214_004236_s1/113774261/ccs,60,1,True,1,HIGH
Control_11,1,m84137_260214_004236_s1/114036129/ccs,60,1,True,1,HIGH
Control_11,1,m84137_260214_004236_s1/168301005/ccs,60,1,True,1,HIGH
Control_11,1,m84137_260214_004236_s1/191696071/ccs,60,1,True,1,HIGH
Control_11,1,m84137_260214_004236_s1/171905806/ccs,60,1,True,1,HIGH
Control_11,1,m84137_260214_004236_s1/149362038/ccs,60,1,True,1,HIGH
Control_11,1,m84137_260214_004236_s1/198579386/ccs,60,1,True,1,HIGH
Control_11,1,m84137_260214_004236_s1/221910413/ccs,60,1,True,1,HIGH
Control_11,1,m84137_260214_004236_s1/211228435/ccs,60,1,True,1,HIGH
Control_11,1,m84137_260214_004236_s1/236850573/ccs,60,1,True,1,HIGH
Control_11,1,m84137_260214_004236_s1/243209948/ccs,60,1,True,1,HIGH
Control_11,1,m84137_260214_004236_s1/23071466/ccs,60,1,True,1,HIGH
Control_11,1,m84137_260214_004236_s1/28640602/ccs,60,1,True,1,HIGH
Control_11,1,m84137_260214_004236_s1/28705758/ccs,60,1,True,1,HIGH
Control_11,1,m84137_260214_004236_s1/23462891/ccs,60,1,True,1,HIGH
Control_11,1,m84137_260214_004236_s1/23332339/ccs,60,1,True,1,HIGH
Control_11,1,m84137_260214_004236_s1/2165138/ccs,60,1,True,1,HIGH
Control_11,1,m84137_260214_004236_s1/6621310/ccs,60,1,True,1,HIGH
Control_11,1,m84137_260214_004236_s1/18155037/ccs,60,1,True,1,HIGH
Control_11,1,m84137_260214_004236_s1/24052792/ccs,60,1,True,1,HIGH
Control_11,1,m84137_260214_004236_s1/7667905/ccs,60,1,True,1,HIGH
Control_11,1,m84137_260214_004236_s1/24707238/ccs,60,1,True,1,HIGH
Control_11,1,m84137_260214_004236_s1/29820402/ccs,60,1,True,1,HIGH
Control_11,1,m84137_260214_004236_s1/24838351/ccs,60,1,True,1,HIGH
Control_11,1,m84137_260214_004236_s1/19663149/ccs,60,1,True,1,HIGH
Control_11,1,m84137_260214_004236_s1/30082079/ccs,60,1,True,1,HIGH
Control_11,1,m84137_260214_004236_s1/30278534/ccs,60,1,True,1,HIGH
Control_11,1,m84137_260214_004236_s1/8979226/ccs,60,1,True,1,HIGH
Control_11,1,m84137_260214_004236_s1/20513802/ccs,60,1,True,1,HIGH
Control_11,1,m84137_260214_004236_s1/20906043/ccs,60,1,True,1,HIGH
Control_11,1,m84137_260214_004236_s1/10683063/ccs,60,1,True,1,HIGH
Control_11,1,m84137_260214_004236_s1/10552857/ccs,60,1,True,1,HIGH
Control_11,1,m84137_260214_004236_s1/34474375/ccs,60,1,True,1,HIGH
Control_11,1,m84137_260214_004236_s1/50333920/ccs,60,1,True,1,HIGH
Control_11,1,m84137_260214_004236_s1/56559346/ccs,60,1,True,1,HIGH
Control_11,1,m84137_260214_004236_s1/35783631/ccs,60,1,True,1,HIGH
Control_11,1,m84137_260214_004236_s1/61800536/ccs,60,1,True,1,HIGH
Control_11,1,m84137_260214_004236_s1/58264340/ccs,60,1,True,1,HIGH
Control_11,1,m84137_260214_004236_s1/59181518/ccs,60,1,True,1,HIGH
Control_11,1,m84137_260214_004236_s1/52889564/ccs,60,1,True,1,HIGH
Control_11,1,m84137_260214_004236_s1/41813861/ccs,60,1,True,1,HIGH
Control_11,1,m84137_260214_004236_s1/42796475/ccs,60,1,True,1,HIGH
Control_11,1,m84137_260214_004236_s1/60623845/ccs,60,1,True,1,HIGH
Control_11,1,m84137_260214_004236_s1/67176907/ccs,60,1,True,1,HIGH
Control_11,1,m84137_260214_004236_s1/64553672/ccs,60,1,True,1,HIGH
Control_11,1,m84137_260214_004236_s1/55445709/ccs,60,1,True,1,HIGH
Control_11,1,m84137_260214_004236_s1/67961549/ccs,60,1,True,1,HIGH
Control_11,1,m84137_260214_004236_s1/49217940/ccs,60,1,True,1,HIGH
Control_11,1,m84137_260214_004236_s1/91227722/ccs,60,1,True,1,HIGH
Control_11,1,m84137_260214_004236_s1/234425335/ccs,60,1,True,1,HIGH
Control_11,1,m84137_260214_004236_s1/255526717/ccs,60,1,True,1,HIGH
Control_11,1,m84137_260214_004236_s1/262996357/ccs,60,1,True,1,HIGH
Control_11,1,m84137_260214_004236_s1/242484868/ccs,60,1,True,1,HIGH
Control_11,1,m84137_260214_004236_s1/242550484/ccs,60,1,True,1,HIGH
Control_11,1,m84137_260214_004236_s1/256770829/ccs,60,1,True,1,HIGH
Control_11,1,m84137_260214_004236_s1/263521336/ccs,60,1,True,1,HIGH
Control_11,1,m84137_260214_004236_s1/218041238/ccs,60,1,True,1,HIGH
Control_11,1,m84137_260214_004236_s1/243862420/ccs,60,1,True,1,HIGH
Control_11,1,m84137_260214_004236_s1/244252865/ccs,60,1,True,1,HIGH
Control_11,1,m84137_260214_004236_s1/17174107/ccs,60,1,True,1,HIGH
Control_11,1,m84137_260214_004236_s1/261226815/ccs,60,1,True,1,HIGH
Control_11,1,m84137_260214_004236_s1/261687326/ccs,60,1,True,1,HIGH
Control_11,1,m84137_260214_004236_s1/265881419/ccs,60,1,True,1,HIGH
Control_11,1,m84137_260214_004236_s1/18550789/ccs,60,1,True,1,HIGH
Control_11,1,m84137_260214_004236_s1/266077937/ccs,60,1,True,1,HIGH
Control_11,1,m84137_260214_004236_s1/19403332/ccs,60,1,True,1,HIGH
Control_11,1,m84137_260214_004236_s1/19336820/ccs,60,1,True,1,HIGH
Control_11,1,m84137_260214_004236_s1/3083361/ccs,60,1,True,1,HIGH
Control_11,1,m84137_260214_004236_s1/249167943/ccs,60,1,True,1,HIGH
Control_11,1,m84137_260214_004236_s1/6164609/ccs,60,1,True,1,HIGH
Control_11,1,m84137_260214_004236_s1/249891238/ccs,60,1,True,1,HIGH
Control_11,1,m84137_260214_004236_s1/6624544/ccs,60,1,True,1,HIGH
Control_11,1,m84137_260214_004236_s1/250021785/ccs,60,1,True,1,HIGH
Control_11,1,m84137_260214_004236_s1/22025618/ccs,60,1,True,1,HIGH
Control_11,1,m84137_260214_004236_s1/8458619/ccs,60,1,True,1,HIGH
Control_11,1,m84137_260214_004236_s1/26219200/ccs,60,1,True,1,HIGH
Control_11,1,m84137_260214_004236_s1/9049126/ccs,60,1,True,1,HIGH
Control_11,1,m84137_260214_004236_s1/35328018/ccs,60,1,True,1,HIGH
Control_11,1,m84137_260214_004236_s1/51647309/ccs,60,1,True,1,HIGH
Control_11,1,m84137_260214_004236_s1/11866608/ccs,60,1,True,1,HIGH
Control_11,1,m84137_260214_004236_s1/51648263/ccs,60,1,True,1,HIGH
Control_11,1,m84137_260214_004236_s1/51713510/ccs,60,1,True,1,HIGH
Control_11,1,m84137_260214_004236_s1/9900068/ccs,60,1,True,1,HIGH
Control_11,1,m84137_260214_004236_s1/10753476/ccs,60,1,True,1,HIGH
Control_11,1,m84137_260214_004236_s1/36115005/ccs,60,1,True,1,HIGH
Control_11,1,m84137_260214_004236_s1/52628626/ccs,60,1,True,1,HIGH
Control_11,1,m84137_260214_004236_s1/32053109/ccs,60,1,True,1,HIGH
Control_11,1,m84137_260214_004236_s1/37556805/ccs,60,1,True,1,HIGH
Control_11,1,m84137_260214_004236_s1/40176658/ccs,60,1,True,1,HIGH
Control_11,1,m84137_260214_004236_s1/40571307/ccs,60,1,True,1,HIGH
Control_11,1,m84137_260214_004236_s1/38342395/ccs,60,1,True,1,HIGH
Control_11,1,m84137_260214_004236_s1/61870495/ccs,60,1,True,1,HIGH
Control_11,1,m84137_260214_004236_s1/67309407/ccs,60,1,True,1,HIGH
Control_11,1,m84137_260214_004236_s1/15078525/ccs,60,1,True,1,HIGH
Control_11,1,m84137_260214_004236_s1/16323960/ccs,60,1,True,1,HIGH
Control_11,1,m84137_260214_004236_s1/64493150/ccs,60,1,True,1,HIGH
Control_11,1,m84137_260214_004236_s1/43782569/ccs,60,1,True,1,HIGH
Control_11,1,m84137_260214_004236_s1/44110831/ccs,60,1,True,1,HIGH
Control_11,1,m84137_260214_004236_s1/44438019/ccs,60,1,True,1,HIGH
Control_11,1,m84137_260214_004236_s1/185598781/ccs,60,1,True,1,HIGH
Control_11,1,m84137_260214_004236_s1/190513410/ccs,60,1,True,1,HIGH
Control_11,1,m84137_260214_004236_s1/186713136/ccs,60,1,True,1,HIGH
Control_11,1,m84137_260214_004236_s1/186911611/ccs,60,1,True,1,HIGH
Control_11,1,m84137_260214_004236_s1/167314188/ccs,60,1,True,1,HIGH
Control_11,1,m84137_260214_004236_s1/191105383/ccs,60,1,True,1,HIGH
Control_11,1,m84137_260214_004236_s1/170198831/ccs,60,1,True,1,HIGH
Control_11,1,m84137_260214_004236_s1/149555985/ccs,60,1,True,1,HIGH
Control_11,1,m84137_260214_004236_s1/187630659/ccs,60,1,True,1,HIGH
Control_11,1,m84137_260214_004236_s1/191693196/ccs,60,1,True,1,HIGH
Control_11,1,m84137_260214_004236_s1/150472636/ccs,60,1,True,1,HIGH
Control_11,1,m84137_260214_004236_s1/171116018/ccs,60,1,True,1,HIGH
Control_11,1,m84137_260214_004236_s1/188417175/ccs,60,1,True,1,HIGH
Control_11,1,m84137_260214_004236_s1/196413833/ccs,60,1,True,1,HIGH
Control_11,1,m84137_260214_004236_s1/176294271/ccs,60,1,True,1,HIGH
Control_11,1,m84137_260214_004236_s1/189925669/ccs,60,1,True,1,HIGH
Control_11,1,m84137_260214_004236_s1/197592603/ccs,60,1,True,1,HIGH
Control_11,1,m84137_260214_004236_s1/193724793/ccs,60,1,True,1,HIGH
Control_11,1,m84137_260214_004236_s1/172952541/ccs,60,1,True,1,HIGH
Control_11,1,m84137_260214_004236_s1/178520834/ccs,60,1,True,1,HIGH
Control_11,1,m84137_260214_004236_s1/178457578/ccs,60,1,True,1,HIGH
Control_11,1,m84137_260214_004236_s1/180816377/ccs,60,1,True,1,HIGH
Control_11,1,m84137_260214_004236_s1/220137096/ccs,60,1,True,1,HIGH
Control_11,1,m84137_260214_004236_s1/207096108/ccs,60,1,True,1,HIGH
Control_11,1,m84137_260214_004236_s1/220333970/ccs,60,1,True,1,HIGH
Control_11,1,m84137_260214_004236_s1/202966643/ccs,60,1,True,1,HIGH
Control_11,1,m84137_260214_004236_s1/203098802/ccs,60,1,True,1,HIGH
Control_11,1,m84137_260214_004236_s1/221448407/ccs,60,1,True,1,HIGH
Control_11,1,m84137_260214_004236_s1/183108574/ccs,60,1,True,1,HIGH
Control_11,1,m84137_260214_004236_s1/183305997/ccs,60,1,True,1,HIGH
Control_11,1,m84137_260214_004236_s1/229507217/ccs,60,1,True,1,HIGH
Control_11,1,m84137_260214_004236_s1/203949668/ccs,60,1,True,1,HIGH
Control_11,1,m84137_260214_004236_s1/225708433/ccs,60,1,True,1,HIGH
Control_11,1,m84137_260214_004236_s1/205193534/ccs,60,1,True,1,HIGH
Control_11,1,m84137_260214_004236_s1/223479993/ccs,60,1,True,1,HIGH
Control_11,1,m84137_260214_004236_s1/205457490/ccs,60,1,True,1,HIGH
Control_11,1,m84137_260214_004236_s1/211485057/ccs,60,1,True,1,HIGH
Control_11,1,m84137_260214_004236_s1/205848821/ccs,60,1,True,1,HIGH
Control_11,1,m84137_260214_004236_s1/252119264/ccs,60,1,True,1,HIGH
Control_11,1,m84137_260214_004236_s1/232459217/ccs,60,1,True,1,HIGH
Control_11,1,m84137_260214_004236_s1/214565450/ccs,60,1,True,1,HIGH
Control_11,1,m84137_260214_004236_s1/214761878/ccs,60,1,True,1,HIGH
Control_11,1,m84137_260214_004236_s1/214696261/ccs,60,1,True,1,HIGH
Control_11,1,m84137_260214_004236_s1/253558877/ccs,60,1,True,1,HIGH
Control_11,1,m84137_260214_004236_s1/253624581/ccs,60,1,True,1,HIGH
Control_11,1,m84137_260214_004236_s1/232980868/ccs,60,1,True,1,HIGH
Control_11,1,m84137_260214_004236_s1/215550792/ccs,60,1,True,1,HIGH
Control_11,1,m84137_260214_004236_s1/233637448/ccs,60,1,True,1,HIGH
Control_11,1,m84137_260214_004236_s1/233833595/ccs,60,1,True,1,HIGH
Control_11,1,m84137_260214_004236_s1/236978457/ccs,60,1,True,1,HIGH
Control_11,1,m84137_260214_004236_s1/66063678/ccs,60,1,True,1,HIGH
Control_11,1,m84137_260214_004236_s1/70782716/ccs,60,1,True,1,HIGH
Control_11,1,m84137_260214_004236_s1/73535601/ccs,60,1,True,1,HIGH
Control_11,1,m84137_260214_004236_s1/76420927/ccs,60,1,True,1,HIGH
Control_11,1,m84137_260214_004236_s1/96801106/ccs,60,1,True,1,HIGH
Control_11,1,m84137_260214_004236_s1/49091176/ccs,60,1,True,1,HIGH
Control_11,1,m84137_260214_004236_s1/117575805/ccs,60,1,True,1,HIGH
Control_11,1,m84137_260214_004236_s1/94179350/ccs,60,1,True,1,HIGH
Control_11,1,m84137_260214_004236_s1/94310047/ccs,60,1,True,1,HIGH
Control_11,1,m84137_260214_004236_s1/98897429/ccs,60,1,True,1,HIGH
Control_11,1,m84137_260214_004236_s1/104141225/ccs,60,1,True,1,HIGH
Control_11,1,m84137_260214_004236_s1/80088382/ccs,60,1,True,1,HIGH
Control_11,1,m84137_260214_004236_s1/129307708/ccs,60,1,True,1,HIGH
Control_11,1,m84137_260214_004236_s1/130224169/ccs,60,1,True,1,HIGH
Control_11,1,m84137_260214_004236_s1/126422633/ccs,60,1,True,1,HIGH
Control_11,1,m84137_260214_004236_s1/110104300/ccs,60,1,True,1,HIGH
Control_11,1,m84137_260214_004236_s1/151590796/ccs,60,1,True,1,HIGH
Control_11,1,m84137_260214_004236_s1/110958484/ccs,60,1,True,1,HIGH
Control_11,1,m84137_260214_004236_s1/128322636/ccs,60,1,True,1,HIGH
Control_11,1,m84137_260214_004236_s1/136254386/ccs,60,1,True,1,HIGH
Control_11,1,m84137_260214_004236_s1/140709676/ccs,60,1,True,1,HIGH
Control_11,1,m84137_260214_004236_s1/113120621/ccs,60,1,True,1,HIGH
Control_11,1,m84137_260214_004236_s1/113839293/ccs,60,1,True,1,HIGH
Control_11,1,m84137_260214_004236_s1/113971980/ccs,60,1,True,1,HIGH
Control_11,1,m84137_260214_004236_s1/113907343/ccs,60,1,True,1,HIGH
Control_11,1,m84137_260214_004236_s1/141824449/ccs,60,1,True,1,HIGH
Control_11,1,m84137_260214_004236_s1/138219498/ccs,60,1,True,1,HIGH
Control_11,1,m84137_260214_004236_s1/155848169/ccs,60,1,True,1,HIGH
Control_11,1,m84137_260214_004236_s1/162141995/ccs,60,1,True,1,HIGH
Control_11,1,m84137_260214_004236_s1/156374143/ccs,60,1,True,1,HIGH
Control_11,1,m84137_260214_004236_s1/144250070/ccs,60,1,True,1,HIGH
Control_11,1,m84137_260214_004236_s1/161158953/ccs,60,1,True,1,HIGH
Control_11,1,m84137_260214_004236_s1/144773712/ccs,60,1,True,1,HIGH
Control_11,1,m84137_260214_004236_s1/164368029/ccs,60,1,True,1,HIGH
Control_11,1,m84137_260214_004236_s1/145167745/ccs,60,1,True,1,HIGH
Control_11,1,m84137_260214_004236_s1/186390335/ccs,60,1,True,1,HIGH
Control_11,1,m84137_260214_004236_s1/169349976/ccs,60,1,True,1,HIGH
Control_11,1,m84137_260214_004236_s1/146543358/ccs,60,1,True,1,HIGH
Control_11,1,m84137_260214_004236_s1/186783230/ccs,60,1,True,1,HIGH
Control_11,1,m84137_260214_004236_s1/174591351/ccs,60,1,True,1,HIGH
Control_11,1,m84137_260214_004236_s1/147000341/ccs,60,1,True,1,HIGH
Control_11,1,m84137_260214_004236_s1/166270355/ccs,60,1,True,1,HIGH
Control_11,1,m84137_260214_004236_s1/187634134/ccs,60,1,True,1,HIGH
Control_11,1,m84137_260214_004236_s1/188026189/ccs,60,1,True,1,HIGH
Control_11,1,m84137_260214_004236_s1/147984609/ccs,60,1,True,1,HIGH
Control_11,1,m84137_260214_004236_s1/195825158/ccs,60,1,True,1,HIGH
Control_11,1,m84137_260214_004236_s1/172232564/ccs,60,1,True,1,HIGH
Control_11,1,m84137_260214_004236_s1/149950697/ccs,60,1,True,1,HIGH
Control_11,1,m84137_260214_004236_s1/150474123/ccs,60,1,True,1,HIGH
Control_11,1,m84137_260214_004236_s1/150605343/ccs,60,1,True,1,HIGH
Control_11,1,m84137_260214_004236_s1/208932936/ccs,60,1,True,1,HIGH
Control_11,1,m84137_260214_004236_s1/181014523/ccs,60,1,True,1,HIGH
Control_11,1,m84137_260214_004236_s1/222565642/ccs,60,1,True,1,HIGH
Control_11,1,m84137_260214_004236_s1/182195993/ccs,60,1,True,1,HIGH
Control_11,1,m84137_260214_004236_s1/182128443/ccs,60,1,True,1,HIGH
Control_11,1,m84137_260214_004236_s1/211489956/ccs,60,1,True,1,HIGH
Control_11,1,m84137_260214_004236_s1/212210332/ccs,60,1,True,1,HIGH
Control_11,1,m84137_260214_004236_s1/240456236/ccs,60,1,True,1,HIGH
Control_11,1,m84137_260214_004236_s1/234886345/ccs,60,1,True,1,HIGH
Control_11,1,m84137_260214_004236_s1/235999867/ccs,60,1,True,1,HIGH
Control_11,1,m84137_260214_004236_s1/241832905/ccs,60,1,True,1,HIGH
Control_11,1,m84137_260214_004236_s1/232459768/ccs,60,1,True,1,HIGH
Control_11,1,m84137_260214_004236_s1/243209815/ccs,60,1,True,1,HIGH
Control_11,1,m84137_260214_004236_s1/256512802/ccs,60,1,True,1,HIGH
Control_11,1,m84137_260214_004236_s1/215814898/ccs,60,1,True,1,HIGH
Control_11,1,m84137_260214_004236_s1/215944279/ccs,60,1,True,1,HIGH
Control_11,1,m84137_260214_004236_s1/245175150/ccs,60,1,True,1,HIGH
Control_11,1,m84137_260214_004236_s1/245043530/ccs,60,1,True,1,HIGH
Control_11,1,m84137_260214_004236_s1/263001450/ccs,60,1,True,1,HIGH
Control_11,1,m84137_260214_004236_s1/240390010/ccs,60,1,True,1,HIGH
Control_11,1,m84137_260214_004236_s1/217190819/ccs,60,1,True,1,HIGH
Control_11,1,m84137_260214_004236_s1/264245686/ccs,60,1,True,1,HIGH
Control_11,1,m84137_260214_004236_s1/217912190/ccs,60,1,True,1,HIGH
Control_11,1,m84137_260214_004236_s1/246223679/ccs,60,1,True,1,HIGH
Control_11,1,m84137_260214_004236_s1/247730073/ccs,60,1,True,1,HIGH
Control_11,1,m84137_260214_004236_s1/248124711/ccs,60,1,True,1,HIGH
Control_11,1,m84137_260214_004236_s1/249827337/ccs,60,1,True,1,HIGH
Control_11,1,m84137_260214_004236_s1/9569616/ccs,60,1,True,1,HIGH
Control_11,1,m84137_260214_004236_s1/33294029/ccs,60,1,True,1,HIGH
Control_11,1,m84137_260214_004236_s1/35979351/ccs,60,1,True,1,HIGH
Control_11,1,m84137_260214_004236_s1/86311283/ccs,60,1,True,1,HIGH
Control_11,1,m84137_260214_004236_s1/80085493/ccs,60,1,True,1,HIGH
Control_11,1,m84137_260214_004236_s1/123274380/ccs,60,1,True,1,HIGH
Control_11,1,m84137_260214_004236_s1/117836127/ccs,60,1,True,1,HIGH
Control_11,1,m84137_260214_004236_s1/107152199/ccs,60,1,True,1,HIGH
Control_11,1,m84137_260214_004236_s1/83624374/ccs,60,1,True,1,HIGH
Control_11,1,m84137_260214_004236_s1/124849069/ccs,60,1,True,1,HIGH
Control_11,1,m84137_260214_004236_s1/130286672/ccs,60,1,True,1,HIGH
Control_11,1,m84137_260214_004236_s1/130353543/ccs,60,1,True,1,HIGH
Control_11,1,m84137_260214_004236_s1/132253674/ccs,60,1,True,1,HIGH
Control_11,1,m84137_260214_004236_s1/153291160/ccs,60,1,True,1,HIGH
Control_11,1,m84137_260214_004236_s1/157157235/ccs,60,1,True,1,HIGH
Control_11,1,m84137_260214_004236_s1/157417893/ccs,60,1,True,1,HIGH
Control_11,1,m84137_260214_004236_s1/147130854/ccs,60,1,True,1,HIGH
Control_11,1,m84137_260214_004236_s1/144903149/ccs,60,1,True,1,HIGH
Control_11,1,m84137_260214_004236_s1/149947842/ccs,60,1,True,1,HIGH
Control_11,1,m84137_260214_004236_s1/220137698/ccs,60,1,True,1,HIGH
Control_11,1,m84137_260214_004236_s1/195691962/ccs,60,1,True,1,HIGH
Control_11,1,m84137_260214_004236_s1/209781819/ccs,60,1,True,1,HIGH
Control_11,1,m84137_260214_004236_s1/206112774/ccs,60,1,True,1,HIGH
Control_11,1,m84137_260214_004236_s1/256705077/ccs,60,1,True,1,HIGH
Control_11,1,m84137_260214_004236_s1/262015675/ccs,60,1,True,1,HIGH
Control_11,1,m84137_260214_004236_s1/262603949/ccs,60,1,True,1,HIGH
Control_11,1,m84137_260214_004236_s1/7411176/ccs,60,1,True,1,HIGH
Control_11,1,m84137_260214_004236_s1/8001191/ccs,60,1,True,1,HIGH
Control_11,1,m84137_260214_004236_s1/30807424/ccs,60,1,True,1,HIGH
Control_11,1,m84137_260214_004236_s1/39194820/ccs,60,1,True,1,HIGH
Control_11,1,m84137_260214_004236_s1/39065512/ccs,60,1,True,1,HIGH
Control_11,1,m84137_260214_004236_s1/14881556/ccs,60,1,True,1,HIGH
Control_11,1,m84137_260214_004236_s1/68032390/ccs,60,1,True,1,HIGH
Control_11,1,m84137_260214_004236_s1/64229585/ccs,60,1,True,1,HIGH
Control_11,1,m84137_260214_004236_s1/60822067/ccs,60,1,True,1,HIGH
Control_11,1,m84137_260214_004236_s1/75305231/ccs,60,1,True,1,HIGH
Control_11,1,m84137_260214_004236_s1/48303342/ccs,60,1,True,1,HIGH
Control_11,1,m84137_260214_004236_s1/89132431/ccs,60,1,True,1,HIGH
Control_11,1,m84137_260214_004236_s1/119411879/ccs,60,1,True,1,HIGH
Control_11,1,m84137_260214_004236_s1/251729372/ccs,60,1,True,1,HIGH
Control_11,1,m84137_260214_004236_s1/233443179/ccs,60,1,True,1,HIGH
Control_11,1,m84137_260214_004236_s1/256775633/ccs,60,1,True,1,HIGH
Control_11,1,m84137_260214_004236_s1/46663594/ccs,60,1,True,1,HIGH
Control_11,1,m84137_260214_004236_s1/70779709/ccs,60,1,True,1,HIGH
Control_11,1,m84137_260214_004236_s1/260637087/ccs,60,1,True,1,HIGH
Control_11,1,m84137_260214_004236_s1/192613561/ccs,60,1,True,1,HIGH
Control_11,1,m84137_260214_004236_s1/67111918/ccs,60,1,True,1,HIGH
Control_11,1,m84137_260214_004236_s1/125042943/ccs,60,1,True,1,HIGH
Control_11,1,m84137_260214_004236_s1/145621846/ccs,60,1,True,1,HIGH
Control_11,1,m84137_260214_004236_s1/13438955/ccs,60,1,True,1,HIGH
Control_11,1,m84137_260214_004236_s1/138153889/ccs,60,1,True,1,HIGH
Control_11,1,m84137_260214_004236_s1/46664925/ccs,60,1,True,1,HIGH
Control_11,1,m84137_260214_004236_s1/255983952/ccs,60,1,True,1,HIGH
Control_11,1,m84137_260214_004236_s1/18092117/ccs,60,1,True,1,HIGH
Control_11,1,m84137_260214_004236_s1/81595182/ccs,60,1,True,1,HIGH
Control_11,1,m84137_260214_004236_s1/157551358/ccs,60,1,True,1,HIGH
Control_11,1,m84137_260214_004236_s1/134611383/ccs,60,1,True,1,HIGH
Control_11,1,m84137_260214_004236_s1/102958410/ccs,60,1,True,1,HIGH
Control_11,1,m84137_260214_004236_s1/106825178/ccs,60,1,True,1,HIGH
Control_11,1,m84137_260214_004236_s1/130810386/ccs,60,1,True,1,HIGH
Control_11,1,m84137_260214_004236_s1/227807126/ccs,60,1,True,1,HIGH
Control_11,1,m84137_260214_004236_s1/141234959/ccs,60,1,True,1,HIGH
Control_11,1,m84137_260214_004236_s1/144512866/ccs,60,1,True,1,HIGH
Control_11,1,m84137_260214_004236_s1/171837951/ccs,60,1,True,1,HIGH
Control_11,1,m84137_260214_004236_s1/162005187/ccs,60,1,True,1,HIGH
Control_11,1,m84137_260214_004236_s1/93128247/ccs,60,1,True,1,HIGH
Control_11,1,m84137_260214_004236_s1/222499364/ccs,60,1,True,1,HIGH
Control_11,1,m84137_260214_004236_s1/71042586/ccs,60,1,True,1,HIGH
Control_11,1,m84137_260214_004236_s1/165482440/ccs,60,1,True,1,HIGH
Control_11,1,m84137_260214_004236_s1/37552693/ccs,60,1,True,1,HIGH
Control_11,1,m84137_260214_004236_s1/84936759/ccs,60,1,True,1,HIGH
Control_11,1,m84137_260214_004236_s1/18023147/ccs,60,1,True,1,HIGH
Control_11,1,m84137_260214_004236_s1/16646449/ccs,60,1,True,1,HIGH
Control_11,1,m84137_260214_004236_s1/57344602/ccs,57,2,True,2,HIGH
Control_11,1,m84137_260214_004236_s1/193397026/ccs,63,2,True,2,HIGH
Control_11,1,m84137_260214_004236_s1/22613179/ccs,60,2,True,2,HIGH
Control_11,1,m84137_260214_004236_s1/166399736/ccs,61,2,True,2,HIGH
Control_11,1,m84137_260214_004236_s1/34736253/ccs,60,2,True,2,HIGH
Control_11,1,m84137_260214_004236_s1/97977363/ccs,60,2,True,2,HIGH
Control_11,1,m84137_260214_004236_s1/134679311/ccs,61,2,True,2,HIGH
Control_11,1,m84137_260214_004236_s1/85529772/ccs,60,2,True,2,HIGH
Control_11,1,m84137_260214_004236_s1/207097637/ccs,61,2,True,2,HIGH
Control_11,1,m84137_260214_004236_s1/228197136/ccs,60,2,True,2,HIGH
Control_11,1,m84137_260214_004236_s1/180815784/ccs,60,2,True,2,HIGH
Control_11,1,m84137_260214_004236_s1/95682906/ccs,61,2,True,2,HIGH
Control_11,1,m84137_260214_004236_s1/72679819/ccs,63,0,False,0,HIGH
Control_11,1,m84137_260214_004236_s1/149029565/ccs,60,0,False,0,HIGH
Control_11,1,m84137_260214_004236_s1/181933859/ccs,60,0,False,0,HIGH
Control_11,1,m84137_260214_004236_s1/133498876/ccs,60,0,False,0,HIGH
Control_11,1,m84137_260214_004236_s1/202903583/ccs,60,0,False,0,HIGH
Control_11,1,m84137_260214_004236_s1/240323895/ccs,62,0,False,0,HIGH
Control_11,1,m84137_260214_004236_s1/208539443/ccs,60,0,False,0,HIGH
Control_11,1,m84137_260214_004236_s1/76614276/ccs,61,0,False,0,HIGH
Control_11,1,m84137_260214_004236_s1/58721552/ccs,63,1,True,1,HIGH
Control_11,1,m84137_260214_004236_s1/60032774/ccs,60,1,True,1,HIGH
Control_11,1,m84137_260214_004236_s1/6424247/ccs,63,1,True,1,HIGH
Control_11,1,m84137_260214_004236_s1/44962863/ccs,63,1,True,1,HIGH
Control_11,1,m84137_260214_004236_s1/109905092/ccs,63,1,True,1,HIGH
Control_11,1,m84137_260214_004236_s1/85330805/ccs,63,1,True,1,HIGH
Control_11,1,m84137_260214_004236_s1/75761245/ccs,63,1,True,1,HIGH
Control_11,1,m84137_260214_004236_s1/167511428/ccs,63,1,True,1,HIGH
Control_11,1,m84137_260214_004236_s1/157288810/ccs,63,1,True,1,HIGH
Control_11,1,m84137_260214_004236_s1/260572331/ccs,60,1,True,1,HIGH
Control_11,1,m84137_260214_004236_s1/261423587/ccs,63,1,True,1,HIGH
Control_11,1,m84137_260214_004236_s1/179175574/ccs,63,1,True,1,HIGH
Control_11,1,m84137_260214_004236_s1/199234739/ccs,63,1,True,1,HIGH
Control_11,1,m84137_260214_004236_s1/25104506/ccs,63,1,True,1,HIGH
Control_11,1,m84137_260214_004236_s1/93459643/ccs,63,1,True,1,HIGH
Control_11,1,m84137_260214_004236_s1/143528273/ccs,60,1,True,1,HIGH
Control_11,1,m84137_260214_004236_s1/116724424/ccs,63,1,True,1,HIGH
Control_11,1,m84137_260214_004236_s1/112397718/ccs,63,1,True,1,HIGH
Control_11,1,m84137_260214_004236_s1/112595364/ccs,63,1,True,1,HIGH
Control_11,1,m84137_260214_004236_s1/264114773/ccs,63,1,True,1,HIGH
Control_11,1,m84137_260214_004236_s1/2098653/ccs,63,1,True,1,HIGH
Control_11,1,m84137_260214_004236_s1/215684534/ccs,60,1,True,1,HIGH
Control_11,1,m84137_260214_004236_s1/2494785/ccs,60,1,True,1,HIGH
Control_11,1,m84137_260214_004236_s1/246485859/ccs,63,1,True,1,HIGH
Control_11,1,m84137_260214_004236_s1/229638198/ccs,63,1,True,1,HIGH
Control_11,1,m84137_260214_004236_s1/28971070/ccs,60,1,True,1,HIGH
Control_11,1,m84137_260214_004236_s1/8918811/ccs,63,1,True,1,HIGH
Control_11,1,m84137_260214_004236_s1/37098101/ccs,63,1,True,1,HIGH
Control_11,1,m84137_260214_004236_s1/88542434/ccs,60,1,True,1,HIGH
Control_11,1,m84137_260214_004236_s1/123407957/ccs,63,1,True,1,HIGH
Control_11,1,m84137_260214_004236_s1/164894043/ccs,63,1,True,1,HIGH
Control_11,1,m84137_260214_004236_s1/189206744/ccs,63,1,True,1,HIGH
Control_11,1,m84137_260214_004236_s1/172756463/ccs,63,1,True,1,HIGH
Control_11,1,m84137_260214_004236_s1/195563642/ccs,63,1,True,1,HIGH
Control_11,1,m84137_260214_004236_s1/239734318/ccs,63,1,True,1,HIGH
Control_11,1,m84137_260214_004236_s1/240195097/ccs,63,1,True,1,HIGH
Control_11,1,m84137_260214_004236_s1/58067582/ccs,63,1,True,1,HIGH
Control_11,1,m84137_260214_004236_s1/170068721/ccs,60,1,True,1,HIGH
Control_11,1,m84137_260214_004236_s1/225906794/ccs,63,1,True,1,HIGH
Control_11,1,m84137_260214_004236_s1/4195391/ccs,60,1,True,1,HIGH
Control_11,1,m84137_260214_004236_s1/91952790/ccs,63,1,True,1,HIGH
Control_11,1,m84137_260214_004236_s1/197397861/ccs,60,1,True,1,HIGH
Control_11,1,m84137_260214_004236_s1/68551122/ccs,60,1,True,1,HIGH
Control_11,1,m84137_260214_004236_s1/118554702/ccs,63,1,True,1,HIGH
Control_11,1,m84137_260214_004236_s1/223019100/ccs,63,1,True,1,HIGH
Control_11,1,m84137_260214_004236_s1/2689299/ccs,63,1,True,1,HIGH
Control_11,1,m84137_260214_004236_s1/84410572/ccs,60,1,True,1,HIGH
Control_11,1,m84137_260214_004236_s1/97059011/ccs,63,1,True,1,HIGH
Control_11,1,m84137_260214_004236_s1/87164232/ccs,60,1,True,1,HIGH
Control_11,1,m84137_260214_004236_s1/130419316/ccs,63,1,True,1,HIGH
Control_11,1,m84137_260214_004236_s1/131336143/ccs,63,1,True,1,HIGH
Control_11,1,m84137_260214_004236_s1/137560187/ccs,63,1,True,1,HIGH
Control_11,1,m84137_260214_004236_s1/141231475/ccs,63,1,True,1,HIGH
Control_11,1,m84137_260214_004236_s1/145492749/ccs,60,1,True,1,HIGH
Control_11,1,m84137_260214_004236_s1/148769668/ccs,63,1,True,1,HIGH
Control_11,1,m84137_260214_004236_s1/173998695/ccs,60,1,True,1,HIGH
Control_11,1,m84137_260214_004236_s1/15469135/ccs,63,1,True,1,HIGH
Control_11,1,m84137_260214_004236_s1/40179181/ccs,63,1,True,1,HIGH
Control_11,1,m84137_260214_004236_s1/205783862/ccs,63,1,True,1,HIGH
Control_11,1,m84137_260214_004236_s1/196548071/ccs,63,1,True,1,HIGH
Control_11,1,m84137_260214_004236_s1/118292950/ccs,60,1,True,1,HIGH
Control_11,1,m84137_260214_004236_s1/144048782/ccs,63,1,True,1,HIGH
Control_11,1,m84137_260214_004236_s1/33494677/ccs,60,1,True,1,HIGH
Control_11,1,m84137_260214_004236_s1/61278089/ccs,63,1,True,1,HIGH
Control_11,1,m84137_260214_004236_s1/15532746/ccs,63,1,True,1,HIGH
Control_11,1,m84137_260214_004236_s1/88213782/ccs,60,1,True,1,HIGH
Control_11,1,m84137_260214_004236_s1/107151626/ccs,63,1,True,1,HIGH
Control_11,1,m84137_260214_004236_s1/245172403/ccs,63,1,True,1,HIGH
Control_11,1,m84137_260214_004236_s1/249693204/ccs,63,1,True,1,HIGH
Control_11,1,m84137_260214_004236_s1/8720654/ccs,63,1,True,1,HIGH
Control_11,1,m84137_260214_004236_s1/87494367/ccs,63,1,True,1,HIGH
Control_11,1,m84137_260214_004236_s1/142087236/ccs,63,1,True,1,HIGH
Control_11,1,m84137_260214_004236_s1/177345730/ccs,63,1,True,1,HIGH
Control_11,1,m84137_260214_004236_s1/29425873/ccs,63,1,True,1,HIGH
Control_11,1,m84137_260214_004236_s1/102760886/ccs,63,1,True,1,HIGH
Control_11,1,m84137_260214_004236_s1/150995017/ccs,60,1,True,1,HIGH
Control_11,1,m84137_260214_004236_s1/160106615/ccs,63,1,True,1,HIGH
Control_11,1,m84137_260214_004236_s1/190187975/ccs,63,1,True,1,HIGH
Control_11,1,m84137_260214_004236_s1/185663575/ccs,63,1,True,1,HIGH
Control_11,1,m84137_260214_004236_s1/191104369/ccs,63,1,True,1,HIGH
Control_11,1,m84137_260214_004236_s1/212535145/ccs,63,1,True,1,HIGH
Control_11,1,m84137_260214_004236_s1/230950904/ccs,60,1,True,1,HIGH
Control_11,1,m84137_260214_004236_s1/217843440/ccs,63,1,True,1,HIGH
Control_11,1,m84137_260214_004236_s1/265421800/ccs,63,1,True,1,HIGH
Control_11,1,m84137_260214_004236_s1/7147635/ccs,60,1,True,1,HIGH
Control_11,1,m84137_260214_004236_s1/51450520/ccs,63,1,True,1,HIGH
Control_11,1,m84137_260214_004236_s1/43716263/ccs,63,1,True,1,HIGH
Control_11,1,m84137_260214_004236_s1/80940990/ccs,60,1,True,1,HIGH
Control_11,1,m84137_260214_004236_s1/105517796/ccs,63,1,True,1,HIGH
Control_11,1,m84137_260214_004236_s1/108467928/ccs,63,1,True,1,HIGH
Control_11,1,m84137_260214_004236_s1/160306435/ccs,63,1,True,1,HIGH
Control_11,1,m84137_260214_004236_s1/145364887/ccs,63,1,True,1,HIGH
Control_11,1,m84137_260214_004236_s1/221581755/ccs,63,1,True,1,HIGH
Control_11,1,m84137_260214_004236_s1/246811831/ccs,63,1,True,1,HIGH
Control_11,1,m84137_260214_004236_s1/267130080/ccs,60,1,True,1,HIGH
Control_11,1,m84137_260214_004236_s1/45552082/ccs,63,1,True,1,HIGH
Control_11,1,m84137_260214_004236_s1/140511044/ccs,63,1,True,1,HIGH
Control_11,1,m84137_260214_004236_s1/173737292/ccs,63,1,True,1,HIGH
Control_11,1,m84137_260214_004236_s1/120915432/ccs,60,1,True,1,HIGH
Control_11,1,m84137_260214_004236_s1/182195415/ccs,63,1,True,1,HIGH
Control_11,1,m84137_260214_004236_s1/28968241/ccs,63,2,True,2,HIGH
Control_11,1,m84137_260214_004236_s1/230688782/ccs,65,0,False,0,HIGH
Control_11,1,m84137_260214_004236_s1/125114240/ccs,65,0,False,0,HIGH
Control_11,1,m84137_260214_004236_s1/133695111/ccs,63,0,False,0,HIGH
Control_11,1,m84137_260214_004236_s1/126027334/ccs,64,0,False,0,HIGH
Control_11,1,m84137_260214_004236_s1/25297128/ccs,66,1,True,1,HIGH
Control_11,1,m84137_260214_004236_s1/16258360/ccs,66,1,True,1,HIGH
Control_11,1,m84137_260214_004236_s1/147456045/ccs,66,1,True,1,HIGH
Control_11,1,m84137_260214_004236_s1/230490680/ccs,60,1,True,1,HIGH
Control_11,1,m84137_260214_004236_s1/245892075/ccs,60,1,True,1,HIGH
Control_11,1,m84137_260214_004236_s1/94964344/ccs,66,1,True,1,HIGH
Control_11,1,m84137_260214_004236_s1/228527630/ccs,66,1,True,1,HIGH
Control_11,1,m84137_260214_004236_s1/234817448/ccs,60,2,True,2,HIGH
Control_11,1,m84137_260214_004236_s1/178651690/ccs,69,2,True,2,HIGH
Control_11,1,m84137_260214_004236_s1/162204635/ccs,66,0,False,0,HIGH
Control_11,1,m84137_260214_004236_s1/157288431/ccs,69,1,True,1,HIGH
Control_11,1,m84137_260214_004236_s1/100864893/ccs,72,0,False,0,HIGH
Control_11,1,m84137_260214_004236_s1/179637874/ccs,61,2,True,2,HIGH
Control_11,1,m84137_260214_004236_s1/207095008/ccs,51,1,True,1,HIGH
Control_11,1,m84137_260214_004236_s1/61215745/ccs,58,0,False,0,HIGH
Control_11,1,m84137_260214_004236_s1/239796958/ccs,58,2,True,2,HIGH
Control_11,1,m84137_260214_004236_s1/55906756/ccs,58,1,True,1,HIGH
Control_11,1,m84137_260214_004236_s1/169936907/ccs,58,1,True,1,HIGH
Control_11,1,m84137_260214_004236_s1/212207113/ccs,57,1,True,1,HIGH
Control_11,1,m84137_260214_004236_s1/119538413/ccs,60,1,True,1,HIGH
Control_11,1,m84137_260214_004236_s1/147785705/ccs,60,1,True,1,HIGH
Control_11,1,m84137_260214_004236_s1/177603942/ccs,60,2,True,2,HIGH
Control_11,1,m84137_260214_004236_s1/8915922/ccs,61,1,True,1,HIGH
Control_11,1,m84137_260214_004236_s1/117313012/ccs,61,2,True,2,HIGH
Control_11,1,m84137_260214_004236_s1/238947237/ccs,130,1,True,1,HIGH
Control_11,1,m84137_260214_004236_s1/53679547/ccs,63,0,False,0,HIGH
Control_11,1,m84137_260214_004236_s1/18023414/ccs,58,1,True,1,HIGH
Control_11,1,m84137_260214_004236_s1/118620618/ccs,56,0,False,0,HIGH
Control_11,1,m84137_260214_004236_s1/36112935/ccs,65,1,True,1,HIGH
Control_11,1,m84137_260214_004236_s1/69861884/ccs,57,2,True,2,HIGH
Control_11,1,m84137_260214_004236_s1/204408112/ccs,60,1,True,1,HIGH
Control_11,1,m84137_260214_004236_s1/79304206/ccs,60,1,True,1,HIGH
Control_11,1,m84137_260214_004236_s1/136844201/ccs,60,1,True,1,HIGH
Control_11,1,m84137_260214_004236_s1/121571100/ccs,60,1,True,1,HIGH
Control_11,1,m84137_260214_004236_s1/237507472/ccs,60,1,True,1,HIGH
Control_11,1,m84137_260214_004236_s1/208867075/ccs,60,1,True,1,HIGH
Control_11,1,m84137_260214_004236_s1/222691566/ccs,60,1,True,1,HIGH
Control_11,1,m84137_260214_004236_s1/235799180/ccs,63,1,True,1,HIGH
Control_11,1,m84137_260214_004236_s1/140707524/ccs,60,2,True,2,HIGH
Control_11,1,m84137_260214_004236_s1/257361553/ccs,60,0,False,0,HIGH
Control_11,1,m84137_260214_004236_s1/154143062/ccs,63,0,False,0,HIGH
Control_11,1,m84137_260214_004236_s1/235798949/ccs,55,0,False,0,HIGH
Control_11,1,m84137_260214_004236_s1/73336522/ccs,62,0,False,0,HIGH
Control_11,1,m84137_260214_004236_s1/192943385/ccs,61,2,True,2,HIGH
Control_11,1,m84137_260214_004236_s1/16449924/ccs,51,0,False,0,HIGH
Control_11,1,m84137_260214_004236_s1/135529641/ccs,62,0,False,0,HIGH
Control_11,1,m84137_260214_004236_s1/189273694/ccs,60,1,True,1,HIGH
Control_11,1,m84137_260214_004236_s1/207554168/ccs,59,2,True,2,HIGH
Control_11,1,m84137_260214_004236_s1/204868312/ccs,59,2,True,2,HIGH
Control_11,1,m84137_260214_004236_s1/124453745/ccs,55,1,True,1,HIGH
Control_11,1,m84137_260214_004236_s1/69861485/ccs,62,0,False,0,HIGH
H1,1,m84137_260214_004236_s1/162267981/ccs,134,0,False,0,HIGH
H1,1,m84137_260214_004236_s1/95225004/ccs,132,1,True,1,HIGH
H1,1,m84137_260214_004236_s1/69670462/ccs,134,2,True,2,HIGH
H1,1,m84137_260214_004236_s1/93131077/ccs,514,2,True,2,HIGH
H1,1,m84137_260214_004236_s1/83038465/ccs,141,1,True,1,HIGH
H1,1,m84137_260214_004236_s1/38208760/ccs,126,2,True,2,HIGH
H1,1,m84137_260214_004236_s1/86840975/ccs,134,2,True,2,HIGH
H1,1,m84137_260214_004236_s1/18155229/ccs,114,1,True,1,HIGH
H1,1,m84137_260214_004236_s1/103746222/ccs,135,2,True,2,HIGH
H1,1,m84137_260214_004236_s1/234357145/ccs,117,0,False,0,HIGH
H1,1,m84137_260214_004236_s1/247600646/ccs,127,2,True,2,HIGH
H1,1,m84137_260214_004236_s1/198447940/ccs,131,0,False,0,HIGH
H1,1,m84137_260214_004236_s1/28576275/ccs,150,1,True,1,HIGH
H1,1,m84137_260214_004236_s1/256117830/ccs,138,2,True,2,HIGH
H1,1,m84137_260214_004236_s1/109905298/ccs,138,2,True,2,HIGH
H1,1,m84137_260214_004236_s1/227807918/ccs,134,0,False,0,HIGH
H1,1,m84137_260214_004236_s1/105582282/ccs,226,2,True,2,HIGH
H1,1,m84137_260214_004236_s1/259458396/ccs,220,1,True,1,HIGH
H1,1,m84137_260214_004236_s1/107286205/ccs,145,1,True,1,HIGH
H1,1,m84137_260214_004236_s1/111348476/ccs,134,1,True,1,HIGH
H1,1,m84137_260214_004236_s1/124257026/ccs,135,1,True,1,HIGH
H1,1,m84137_260214_004236_s1/182256607/ccs,121,1,True,1,HIGH
H1,1,m84137_260214_004236_s1/191627508/ccs,127,1,True,1,HIGH
H1,1,m84137_260214_004236_s1/96207896/ccs,126,1,True,1,HIGH
H1,1,m84137_260214_004236_s1/31655549/ccs,135,1,True,1,HIGH
H1,1,m84137_260214_004236_s1/166921949/ccs,135,1,True,1,HIGH
H1,1,m84137_260214_004236_s1/123537945/ccs,136,0,False,0,HIGH
H1,1,m84137_260214_004236_s1/64624544/ccs,165,1,True,1,HIGH
H1,1,m84137_260214_004236_s1/236978756/ccs,143,0,False,0,HIGH
H1,1,m84137_260214_004236_s1/85071146/ccs,128,1,True,1,HIGH
H1,1,m84137_260214_004236_s1/166596147/ccs,137,0,False,0,HIGH
H1,1,m84137_260214_004236_s1/118293766/ccs,121,2,True,2,HIGH
H1,1,m84137_260214_004236_s1/40567950/ccs,222,2,True,2,HIGH
H1,1,m84137_260214_004236_s1/28250082/ccs,129,1,True,1,HIGH
H1,1,m84137_260214_004236_s1/177476285/ccs,129,1,True,1,HIGH
H1,1,m84137_260214_004236_s1/59183988/ccs,135,1,True,1,HIGH
H1,1,m84137_260214_004236_s1/263591227/ccs,138,1,True,1,HIGH
H1,1,m84137_260214_004236_s1/165613471/ccs,145,2,True,2,HIGH
H1,1,m84137_260214_004236_s1/18547753/ccs,141,2,True,2,HIGH
H1,1,m84137_260214_004236_s1/128320429/ccs,133,1,True,1,HIGH
H1,1,m84137_260214_004236_s1/66585042/ccs,140,2,True,2,HIGH
H1,1,m84137_260214_004236_s1/51119989/ccs,139,2,True,2,HIGH
H1,1,m84137_260214_004236_s1/45875392/ccs,136,0,False,0,HIGH
H1,1,m84137_260214_004236_s1/228988176/ccs,133,2,True,2,HIGH
H1,1,m84137_260214_004236_s1/26940418/ccs,128,2,True,2,HIGH
H1,1,m84137_260214_004236_s1/163188232/ccs,150,2,True,2,HIGH
H1,1,m84137_260214_004236_s1/174266215/ccs,138,2,True,2,HIGH
H1,1,m84137_260214_004236_s1/10358159/ccs,130,1,True,1,HIGH
H1,1,m84137_260214_004236_s1/30543021/ccs,136,2,True,2,HIGH
H1,1,m84137_260214_004236_s1/220793943/ccs,131,0,False,0,HIGH
H1,1,m84137_260214_004236_s1/209785784/ccs,199,0,False,0,HIGH
H1,1,m84137_260214_004236_s1/47912489/ccs,157,1,True,1,HIGH
H1,1,m84137_260214_004236_s1/62850644/ccs,121,0,False,0,HIGH
H1,1,m84137_260214_004236_s1/186454614/ccs,111,1,True,1,HIGH
H1,1,m84137_260214_004236_s1/137693253/ccs,111,1,True,1,HIGH
H1,1,m84137_260214_004236_s1/52104799/ccs,120,1,True,1,HIGH
H1,1,m84137_260214_004236_s1/175965561/ccs,119,0,False,0,HIGH
H1,1,m84137_260214_004236_s1/146014906/ccs,132,1,True,1,HIGH
H1,1,m84137_260214_004236_s1/155977499/ccs,120,1,True,1,HIGH
H1,1,m84137_260214_004236_s1/184288848/ccs,122,0,False,0,HIGH
H1,1,m84137_260214_004236_s1/136643493/ccs,123,0,False,0,HIGH
H1,1,m84137_260214_004236_s1/263918396/ccs,122,0,False,0,HIGH
H1,1,m84137_260214_004236_s1/175309057/ccs,123,1,True,1,HIGH
H1,1,m84137_260214_004236_s1/182718345/ccs,125,2,True,2,HIGH
H1,1,m84137_260214_004236_s1/91557831/ccs,125,0,False,0,HIGH
H1,1,m84137_260214_004236_s1/180553028/ccs,126,0,False,0,HIGH
H1,1,m84137_260214_004236_s1/254348396/ccs,126,1,True,1,HIGH
H1,1,m84137_260214_004236_s1/112593208/ccs,126,1,True,1,HIGH
H1,1,m84137_260214_004236_s1/197984369/ccs,126,1,True,1,HIGH
H1,1,m84137_260214_004236_s1/251532441/ccs,126,1,True,1,HIGH
H1,1,m84137_260214_004236_s1/30474472/ccs,126,1,True,1,HIGH
H1,1,m84137_260214_004236_s1/36768335/ccs,126,1,True,1,HIGH
H1,1,m84137_260214_004236_s1/253035345/ccs,126,1,True,1,HIGH
H1,1,m84137_260214_004236_s1/254411387/ccs,126,1,True,1,HIGH
H1,1,m84137_260214_004236_s1/128324941/ccs,126,1,True,1,HIGH
H1,1,m84137_260214_004236_s1/82971476/ccs,126,1,True,1,HIGH
H1,1,m84137_260214_004236_s1/200740447/ccs,126,1,True,1,HIGH
H1,1,m84137_260214_004236_s1/69731813/ccs,126,1,True,1,HIGH
H1,1,m84137_260214_004236_s1/250350614/ccs,123,2,True,2,HIGH
H1,1,m84137_260214_004236_s1/117704475/ccs,128,0,False,0,HIGH
H1,1,m84137_260214_004236_s1/24515463/ccs,123,0,False,0,HIGH
H1,1,m84137_260214_004236_s1/35457686/ccs,129,1,True,1,HIGH
H1,1,m84137_260214_004236_s1/163254329/ccs,129,1,True,1,HIGH
H1,1,m84137_260214_004236_s1/98309898/ccs,129,1,True,1,HIGH
H1,1,m84137_260214_004236_s1/32835890/ccs,129,1,True,1,HIGH
H1,1,m84137_260214_004236_s1/78973501/ccs,129,1,True,1,HIGH
H1,1,m84137_260214_004236_s1/63636349/ccs,129,1,True,1,HIGH
H1,1,m84137_260214_004236_s1/48302450/ccs,129,1,True,1,HIGH
H1,1,m84137_260214_004236_s1/189729667/ccs,129,1,True,1,HIGH
H1,1,m84137_260214_004236_s1/105188080/ccs,129,1,True,1,HIGH
H1,1,m84137_260214_004236_s1/154665122/ccs,129,1,True,1,HIGH
H1,1,m84137_260214_004236_s1/225510124/ccs,129,1,True,1,HIGH
H1,1,m84137_260214_004236_s1/80680288/ccs,129,1,True,1,HIGH
H1,1,m84137_260214_004236_s1/163123464/ccs,129,1,True,1,HIGH
H1,1,m84137_260214_004236_s1/216599389/ccs,129,1,True,1,HIGH
H1,1,m84137_260214_004236_s1/224923129/ccs,129,1,True,1,HIGH
H1,1,m84137_260214_004236_s1/205853150/ccs,129,1,True,1,HIGH
H1,1,m84137_260214_004236_s1/252251904/ccs,129,1,True,1,HIGH
H1,1,m84137_260214_004236_s1/234229998/ccs,129,1,True,1,HIGH
H1,1,m84137_260214_004236_s1/232783975/ccs,129,1,True,1,HIGH
H1,1,m84137_260214_004236_s1/147003199/ccs,129,1,True,1,HIGH
H1,1,m84137_260214_004236_s1/262736952/ccs,129,1,True,1,HIGH
H1,1,m84137_260214_004236_s1/9702322/ccs,129,1,True,1,HIGH
H1,1,m84137_260214_004236_s1/169739002/ccs,129,1,True,1,HIGH
H1,1,m84137_260214_004236_s1/59507579/ccs,129,1,True,1,HIGH
H1,1,m84137_260214_004236_s1/154801305/ccs,129,1,True,1,HIGH
H1,1,m84137_260214_004236_s1/144182633/ccs,129,1,True,1,HIGH
H1,1,m84137_260214_004236_s1/186256886/ccs,129,1,True,1,HIGH
H1,1,m84137_260214_004236_s1/87165700/ccs,129,1,True,1,HIGH
H1,1,m84137_260214_004236_s1/88869636/ccs,137,1,True,1,HIGH
H1,1,m84137_260214_004236_s1/248189588/ccs,129,1,True,1,HIGH
H1,1,m84137_260214_004236_s1/190710677/ccs,129,1,True,1,HIGH
H1,1,m84137_260214_004236_s1/230951802/ccs,129,1,True,1,HIGH
H1,1,m84137_260214_004236_s1/156243753/ccs,129,1,True,1,HIGH
H1,1,m84137_260214_004236_s1/93914567/ccs,129,1,True,1,HIGH
H1,1,m84137_260214_004236_s1/207946704/ccs,129,1,True,1,HIGH
H1,1,m84137_260214_004236_s1/95292667/ccs,129,1,True,1,HIGH
H1,1,m84137_260214_004236_s1/31197751/ccs,129,1,True,1,HIGH
H1,1,m84137_260214_004236_s1/158402119/ccs,129,1,True,1,HIGH
H1,1,m84137_260214_004236_s1/171968358/ccs,129,1,True,1,HIGH
H1,1,m84137_260214_004236_s1/232786481/ccs,129,1,True,1,HIGH
H1,1,m84137_260214_004236_s1/108728536/ccs,129,1,True,1,HIGH
H1,1,m84137_260214_004236_s1/133895988/ccs,129,1,True,1,HIGH
H1,1,m84137_260214_004236_s1/160633913/ccs,129,1,True,1,HIGH
H1,1,m84137_260214_004236_s1/125703149/ccs,129,1,True,1,HIGH
H1,1,m84137_260214_004236_s1/83564162/ccs,129,1,True,1,HIGH
H1,1,m84137_260214_004236_s1/109903953/ccs,129,1,True,1,HIGH
H1,1,m84137_260214_004236_s1/131400173/ccs,129,1,True,1,HIGH
H1,1,m84137_260214_004236_s1/114492855/ccs,129,1,True,1,HIGH
H1,1,m84137_260214_004236_s1/9112820/ccs,129,1,True,1,HIGH
H1,1,m84137_260214_004236_s1/155193049/ccs,129,1,True,1,HIGH
H1,1,m84137_260214_004236_s1/224663430/ccs,129,2,True,2,HIGH
H1,1,m84137_260214_004236_s1/80153931/ccs,130,2,True,2,HIGH
H1,1,m84137_260214_004236_s1/160303238/ccs,131,0,False,0,HIGH
H1,1,m84137_260214_004236_s1/132252623/ccs,131,0,False,0,HIGH
H1,1,m84137_260214_004236_s1/176032352/ccs,131,0,False,0,HIGH
H1,1,m84137_260214_004236_s1/114102493/ccs,131,0,False,0,HIGH
H1,1,m84137_260214_004236_s1/239666375/ccs,131,0,False,0,HIGH
H1,1,m84137_260214_004236_s1/174197092/ccs,132,1,True,1,HIGH
H1,1,m84137_260214_004236_s1/203359391/ccs,132,1,True,1,HIGH
H1,1,m84137_260214_004236_s1/184419220/ccs,132,1,True,1,HIGH
H1,1,m84137_260214_004236_s1/161547740/ccs,132,1,True,1,HIGH
H1,1,m84137_260214_004236_s1/130483882/ccs,139,1,True,1,HIGH
H1,1,m84137_260214_004236_s1/7342248/ccs,132,1,True,1,HIGH
H1,1,m84137_260214_004236_s1/18285339/ccs,132,1,True,1,HIGH
H1,1,m84137_260214_004236_s1/4522630/ccs,132,1,True,1,HIGH
H1,1,m84137_260214_004236_s1/31064881/ccs,132,1,True,1,HIGH
H1,1,m84137_260214_004236_s1/15008411/ccs,132,1,True,1,HIGH
H1,1,m84137_260214_004236_s1/52168401/ccs,132,1,True,1,HIGH
H1,1,m84137_260214_004236_s1/217186472/ccs,132,1,True,1,HIGH
H1,1,m84137_260214_004236_s1/256247212/ccs,132,1,True,1,HIGH
H1,1,m84137_260214_004236_s1/7475840/ccs,132,1,True,1,HIGH
H1,1,m84137_260214_004236_s1/25694180/ccs,132,1,True,1,HIGH
H1,1,m84137_260214_004236_s1/130815131/ccs,132,1,True,1,HIGH
H1,1,m84137_260214_004236_s1/172036631/ccs,132,1,True,1,HIGH
H1,1,m84137_260214_004236_s1/11010869/ccs,132,1,True,1,HIGH
H1,1,m84137_260214_004236_s1/106365791/ccs,132,1,True,1,HIGH
H1,1,m84137_260214_004236_s1/9310615/ccs,135,1,True,1,HIGH
H1,1,m84137_260214_004236_s1/79497926/ccs,132,1,True,1,HIGH
H1,1,m84137_260214_004236_s1/123275745/ccs,132,1,True,1,HIGH
H1,1,m84137_260214_004236_s1/108790730/ccs,132,1,True,1,HIGH
H1,1,m84137_260214_004236_s1/121045357/ccs,132,1,True,1,HIGH
H1,1,m84137_260214_004236_s1/60163935/ccs,132,1,True,1,HIGH
H1,1,m84137_260214_004236_s1/46729114/ccs,132,1,True,1,HIGH
H1,1,m84137_260214_004236_s1/38274924/ccs,132,1,True,1,HIGH
H1,1,m84137_260214_004236_s1/64947794/ccs,132,1,True,1,HIGH
H1,1,m84137_260214_004236_s1/164432081/ccs,132,1,True,1,HIGH
H1,1,m84137_260214_004236_s1/148439768/ccs,132,1,True,1,HIGH
H1,1,m84137_260214_004236_s1/186910657/ccs,132,1,True,1,HIGH
H1,1,m84137_260214_004236_s1/189989302/ccs,132,1,True,1,HIGH
H1,1,m84137_260214_004236_s1/172755422/ccs,132,1,True,1,HIGH
H1,1,m84137_260214_004236_s1/172818548/ccs,132,1,True,1,HIGH
H1,1,m84137_260214_004236_s1/152962428/ccs,132,1,True,1,HIGH
H1,1,m84137_260214_004236_s1/115607861/ccs,132,1,True,1,HIGH
H1,1,m84137_260214_004236_s1/158075193/ccs,132,1,True,1,HIGH
H1,1,m84137_260214_004236_s1/51909219/ccs,132,1,True,1,HIGH
H1,1,m84137_260214_004236_s1/13112080/ccs,132,1,True,1,HIGH
H1,1,m84137_260214_004236_s1/39851510/ccs,132,1,True,1,HIGH
H1,1,m84137_260214_004236_s1/14422579/ccs,132,1,True,1,HIGH
H1,1,m84137_260214_004236_s1/46141221/ccs,132,1,True,1,HIGH
H1,1,m84137_260214_004236_s1/66653640/ccs,132,1,True,1,HIGH
H1,1,m84137_260214_004236_s1/194184660/ccs,132,1,True,1,HIGH
H1,1,m84137_260214_004236_s1/219742852/ccs,132,1,True,1,HIGH
H1,1,m84137_260214_004236_s1/208013495/ccs,132,1,True,1,HIGH
H1,1,m84137_260214_004236_s1/224199709/ccs,132,1,True,1,HIGH
H1,1,m84137_260214_004236_s1/222300391/ccs,132,1,True,1,HIGH
H1,1,m84137_260214_004236_s1/184353213/ccs,132,1,True,1,HIGH
H1,1,m84137_260214_004236_s1/118363276/ccs,132,1,True,1,HIGH
H1,1,m84137_260214_004236_s1/100471374/ccs,132,1,True,1,HIGH
H1,1,m84137_260214_004236_s1/81072207/ccs,132,1,True,1,HIGH
H1,1,m84137_260214_004236_s1/108269654/ccs,132,1,True,1,HIGH
H1,1,m84137_260214_004236_s1/151850272/ccs,132,1,True,1,HIGH
H1,1,m84137_260214_004236_s1/142940077/ccs,132,1,True,1,HIGH
H1,1,m84137_260214_004236_s1/166269950/ccs,132,1,True,1,HIGH
H1,1,m84137_260214_004236_s1/188027035/ccs,132,1,True,1,HIGH
H1,1,m84137_260214_004236_s1/84808456/ccs,138,1,True,1,HIGH
H1,1,m84137_260214_004236_s1/107483187/ccs,132,1,True,1,HIGH
H1,1,m84137_260214_004236_s1/193204969/ccs,132,1,True,1,HIGH
H1,1,m84137_260214_004236_s1/172496381/ccs,132,1,True,1,HIGH
H1,1,m84137_260214_004236_s1/113705472/ccs,132,1,True,1,HIGH
H1,1,m84137_260214_004236_s1/193923899/ccs,132,1,True,1,HIGH
H1,1,m84137_260214_004236_s1/234553620/ccs,132,1,True,1,HIGH
H1,1,m84137_260214_004236_s1/258408654/ccs,132,1,True,1,HIGH
H1,1,m84137_260214_004236_s1/212538218/ccs,132,1,True,1,HIGH
H1,1,m84137_260214_004236_s1/215029581/ccs,132,1,True,1,HIGH
H1,1,m84137_260214_004236_s1/215682376/ccs,132,1,True,1,HIGH
H1,1,m84137_260214_004236_s1/37160389/ccs,132,1,True,1,HIGH
H1,1,m84137_260214_004236_s1/140186191/ccs,132,1,True,1,HIGH
H1,1,m84137_260214_004236_s1/38798205/ccs,132,1,True,1,HIGH
H1,1,m84137_260214_004236_s1/213582072/ccs,132,1,True,1,HIGH
H1,1,m84137_260214_004236_s1/231343865/ccs,132,1,True,1,HIGH
H1,1,m84137_260214_004236_s1/240584796/ccs,132,1,True,1,HIGH
H1,1,m84137_260214_004236_s1/257754166/ccs,132,1,True,1,HIGH
H1,1,m84137_260214_004236_s1/236455814/ccs,132,1,True,1,HIGH
H1,1,m84137_260214_004236_s1/258411430/ccs,132,1,True,1,HIGH
H1,1,m84137_260214_004236_s1/130944174/ccs,132,1,True,1,HIGH
H1,1,m84137_260214_004236_s1/12256451/ccs,132,1,True,1,HIGH
H1,1,m84137_260214_004236_s1/15207405/ccs,132,1,True,1,HIGH
H1,1,m84137_260214_004236_s1/159450999/ccs,132,1,True,1,HIGH
H1,1,m84137_260214_004236_s1/146081838/ccs,132,1,True,1,HIGH
H1,1,m84137_260214_004236_s1/164431493/ccs,132,1,True,1,HIGH
H1,1,m84137_260214_004236_s1/161023320/ccs,132,1,True,1,HIGH
H1,1,m84137_260214_004236_s1/148570395/ccs,132,1,True,1,HIGH
H1,1,m84137_260214_004236_s1/150276490/ccs,132,1,True,1,HIGH
H1,1,m84137_260214_004236_s1/192351228/ccs,132,1,True,1,HIGH
H1,1,m84137_260214_004236_s1/57279995/ccs,132,1,True,1,HIGH
H1,1,m84137_260214_004236_s1/39913671/ccs,132,1,True,1,HIGH
H1,1,m84137_260214_004236_s1/37224535/ccs,132,1,True,1,HIGH
H1,1,m84137_260214_004236_s1/53543548/ccs,132,1,True,1,HIGH
H1,1,m84137_260214_004236_s1/64686239/ccs,132,1,True,1,HIGH
H1,1,m84137_260214_004236_s1/65668822/ccs,132,1,True,1,HIGH
H1,1,m84137_260214_004236_s1/108725314/ccs,132,1,True,1,HIGH
H1,1,m84137_260214_004236_s1/121897199/ccs,132,1,True,1,HIGH
H1,1,m84137_260214_004236_s1/157156628/ccs,132,1,True,1,HIGH
H1,1,m84137_260214_004236_s1/137366045/ccs,132,1,True,1,HIGH
H1,1,m84137_260214_004236_s1/137560590/ccs,132,1,True,1,HIGH
H1,1,m84137_260214_004236_s1/42012193/ccs,132,1,True,1,HIGH
H1,1,m84137_260214_004236_s1/59379440/ccs,132,1,True,1,HIGH
H1,1,m84137_260214_004236_s1/44963252/ccs,132,1,True,1,HIGH
H1,1,m84137_260214_004236_s1/45552009/ccs,135,1,True,1,HIGH
H1,1,m84137_260214_004236_s1/71963575/ccs,132,1,True,1,HIGH
H1,1,m84137_260214_004236_s1/87233487/ccs,132,1,True,1,HIGH
H1,1,m84137_260214_004236_s1/100732930/ccs,132,1,True,1,HIGH
H1,1,m84137_260214_004236_s1/91820406/ccs,132,1,True,1,HIGH
H1,1,m84137_260214_004236_s1/92608343/ccs,132,1,True,1,HIGH
H1,1,m84137_260214_004236_s1/101977613/ccs,132,1,True,1,HIGH
H1,1,m84137_260214_004236_s1/77730077/ccs,132,1,True,1,HIGH
H1,1,m84137_260214_004236_s1/98244117/ccs,132,1,True,1,HIGH
H1,1,m84137_260214_004236_s1/94441199/ccs,132,1,True,1,HIGH
H1,1,m84137_260214_004236_s1/108795828/ccs,132,1,True,1,HIGH
H1,1,m84137_260214_004236_s1/138480752/ccs,132,1,True,1,HIGH
H1,1,m84137_260214_004236_s1/213715410/ccs,132,1,True,1,HIGH
H1,1,m84137_260214_004236_s1/235669334/ccs,132,1,True,1,HIGH
H1,1,m84137_260214_004236_s1/215680791/ccs,129,1,True,1,HIGH
H1,1,m84137_260214_004236_s1/217580832/ccs,132,1,True,1,HIGH
H1,1,m84137_260214_004236_s1/243599124/ccs,132,1,True,1,HIGH
H1,1,m84137_260214_004236_s1/146017508/ccs,132,1,True,1,HIGH
H1,1,m84137_260214_004236_s1/165680841/ccs,132,1,True,1,HIGH
H1,1,m84137_260214_004236_s1/173151046/ccs,132,1,True,1,HIGH
H1,1,m84137_260214_004236_s1/173151728/ccs,132,1,True,1,HIGH
H1,1,m84137_260214_004236_s1/225054528/ccs,132,1,True,1,HIGH
H1,1,m84137_260214_004236_s1/182128136/ccs,132,1,True,1,HIGH
H1,1,m84137_260214_004236_s1/75759698/ccs,132,1,True,1,HIGH
H1,1,m84137_260214_004236_s1/86574605/ccs,132,1,True,1,HIGH
H1,1,m84137_260214_004236_s1/255334046/ccs,132,1,True,1,HIGH
H1,1,m84137_260214_004236_s1/263001831/ccs,132,1,True,1,HIGH
H1,1,m84137_260214_004236_s1/265360071/ccs,132,1,True,1,HIGH
H1,1,m84137_260214_004236_s1/246617139/ccs,132,1,True,1,HIGH
H1,1,m84137_260214_004236_s1/247468797/ccs,132,1,True,1,HIGH
H1,1,m84137_260214_004236_s1/21694424/ccs,132,1,True,1,HIGH
H1,1,m84137_260214_004236_s1/47055020/ccs,132,1,True,1,HIGH
H1,1,m84137_260214_004236_s1/63900478/ccs,132,1,True,1,HIGH
H1,1,m84137_260214_004236_s1/108265975/ccs,132,1,True,1,HIGH
H1,1,m84137_260214_004236_s1/126814013/ccs,132,1,True,1,HIGH
H1,1,m84137_260214_004236_s1/132450483/ccs,132,1,True,1,HIGH
H1,1,m84137_260214_004236_s1/34411565/ccs,132,1,True,1,HIGH
H1,1,m84137_260214_004236_s1/51384138/ccs,132,1,True,1,HIGH
H1,1,m84137_260214_004236_s1/190055726/ccs,132,1,True,1,HIGH
H1,1,m84137_260214_004236_s1/180683579/ccs,132,1,True,1,HIGH
H1,1,m84137_260214_004236_s1/219152701/ccs,132,1,True,1,HIGH
H1,1,m84137_260214_004236_s1/219547121/ccs,132,1,True,1,HIGH
H1,1,m84137_260214_004236_s1/201917336/ccs,132,1,True,1,HIGH
H1,1,m84137_260214_004236_s1/181865169/ccs,132,1,True,1,HIGH
H1,1,m84137_260214_004236_s1/207751231/ccs,132,1,True,1,HIGH
H1,1,m84137_260214_004236_s1/183568912/ccs,132,1,True,1,HIGH
H1,1,m84137_260214_004236_s1/212664856/ccs,132,1,True,1,HIGH
H1,1,m84137_260214_004236_s1/106496612/ccs,132,1,True,1,HIGH
H1,1,m84137_260214_004236_s1/165282664/ccs,132,1,True,1,HIGH
H1,1,m84137_260214_004236_s1/246153845/ccs,132,1,True,1,HIGH
H1,1,m84137_260214_004236_s1/204805247/ccs,132,1,True,1,HIGH
H1,1,m84137_260214_004236_s1/266276938/ccs,132,1,True,1,HIGH
H1,1,m84137_260214_004236_s1/28115265/ccs,132,1,True,1,HIGH
H1,1,m84137_260214_004236_s1/76158593/ccs,132,1,True,1,HIGH
H1,1,m84137_260214_004236_s1/228922804/ccs,132,1,True,1,HIGH
H1,1,m84137_260214_004236_s1/234359949/ccs,132,1,True,1,HIGH
H1,1,m84137_260214_004236_s1/234229541/ccs,132,1,True,1,HIGH
H1,1,m84137_260214_004236_s1/263393481/ccs,132,1,True,1,HIGH
H1,1,m84137_260214_004236_s1/250282710/ccs,132,1,True,1,HIGH
H1,1,m84137_260214_004236_s1/39063203/ccs,132,1,True,1,HIGH
H1,1,m84137_260214_004236_s1/115283479/ccs,132,1,True,1,HIGH
H1,1,m84137_260214_004236_s1/16777541/ccs,132,1,True,1,HIGH
H1,1,m84137_260214_004236_s1/17042398/ccs,132,1,True,1,HIGH
H1,1,m84137_260214_004236_s1/18548809/ccs,132,1,True,1,HIGH
H1,1,m84137_260214_004236_s1/19663737/ccs,132,1,True,1,HIGH
H1,1,m84137_260214_004236_s1/189990577/ccs,132,1,True,1,HIGH
H1,1,m84137_260214_004236_s1/30868993/ccs,132,1,True,1,HIGH
H1,1,m84137_260214_004236_s1/39913039/ccs,132,1,True,1,HIGH
H1,1,m84137_260214_004236_s1/58002332/ccs,132,1,True,1,HIGH
H1,1,m84137_260214_004236_s1/38603766/ccs,132,1,True,1,HIGH
H1,1,m84137_260214_004236_s1/115541243/ccs,132,1,True,1,HIGH
H1,1,m84137_260214_004236_s1/133499509/ccs,132,1,True,1,HIGH
H1,1,m84137_260214_004236_s1/163447260/ccs,132,1,True,1,HIGH
H1,1,m84137_260214_004236_s1/168232779/ccs,132,1,True,1,HIGH
H1,1,m84137_260214_004236_s1/144377599/ccs,132,1,True,1,HIGH
H1,1,m84137_260214_004236_s1/148572726/ccs,132,1,True,1,HIGH
H1,1,m84137_260214_004236_s1/233706722/ccs,132,1,True,1,HIGH
H1,1,m84137_260214_004236_s1/24840167/ccs,132,1,True,1,HIGH
H1,1,m84137_260214_004236_s1/60162843/ccs,132,1,True,1,HIGH
H1,1,m84137_260214_004236_s1/150143865/ccs,132,1,True,1,HIGH
H1,1,m84137_260214_004236_s1/179831896/ccs,132,1,True,1,HIGH
H1,1,m84137_260214_004236_s1/198312008/ccs,132,1,True,1,HIGH
H1,1,m84137_260214_004236_s1/201656223/ccs,132,1,True,1,HIGH
H1,1,m84137_260214_004236_s1/199885099/ccs,132,1,True,1,HIGH
H1,1,m84137_260214_004236_s1/207555519/ccs,132,1,True,1,HIGH
H1,1,m84137_260214_004236_s1/222233526/ccs,132,1,True,1,HIGH
H1,1,m84137_260214_004236_s1/183699274/ccs,132,1,True,1,HIGH
H1,1,m84137_260214_004236_s1/205457509/ccs,132,1,True,1,HIGH
H1,1,m84137_260214_004236_s1/206505306/ccs,132,1,True,1,HIGH
H1,1,m84137_260214_004236_s1/252970335/ccs,132,1,True,1,HIGH
H1,1,m84137_260214_004236_s1/129111574/ccs,132,1,True,1,HIGH
H1,1,m84137_260214_004236_s1/129307018/ccs,132,1,True,1,HIGH
H1,1,m84137_260214_004236_s1/140186346/ccs,132,1,True,1,HIGH
H1,1,m84137_260214_004236_s1/157421121/ccs,132,1,True,1,HIGH
H1,1,m84137_260214_004236_s1/43716880/ccs,132,1,True,1,HIGH
H1,1,m84137_260214_004236_s1/71831591/ccs,132,1,True,1,HIGH
H1,1,m84137_260214_004236_s1/66784623/ccs,132,1,True,1,HIGH
H1,1,m84137_260214_004236_s1/96473404/ccs,132,1,True,1,HIGH
H1,1,m84137_260214_004236_s1/78779175/ccs,132,1,True,1,HIGH
H1,1,m84137_260214_004236_s1/98963723/ccs,132,1,True,1,HIGH
H1,1,m84137_260214_004236_s1/227282126/ccs,132,1,True,1,HIGH
H1,1,m84137_260214_004236_s1/184488650/ccs,132,1,True,1,HIGH
H1,1,m84137_260214_004236_s1/48694340/ccs,132,1,True,1,HIGH
H1,1,m84137_260214_004236_s1/49086687/ccs,132,1,True,1,HIGH
H1,1,m84137_260214_004236_s1/69140892/ccs,132,1,True,1,HIGH
H1,1,m84137_260214_004236_s1/70452662/ccs,132,1,True,1,HIGH
H1,1,m84137_260214_004236_s1/78774375/ccs,132,1,True,1,HIGH
H1,1,m84137_260214_004236_s1/86115932/ccs,132,1,True,1,HIGH
H1,1,m84137_260214_004236_s1/96865146/ccs,132,1,True,1,HIGH
H1,1,m84137_260214_004236_s1/72551260/ccs,132,1,True,1,HIGH
H1,1,m84137_260214_004236_s1/88213764/ccs,132,1,True,1,HIGH
H1,1,m84137_260214_004236_s1/101254390/ccs,132,1,True,1,HIGH
H1,1,m84137_260214_004236_s1/216663140/ccs,132,1,True,1,HIGH
H1,1,m84137_260214_004236_s1/260113642/ccs,132,1,True,1,HIGH
H1,1,m84137_260214_004236_s1/246481457/ccs,132,1,True,1,HIGH
H1,1,m84137_260214_004236_s1/260900573/ccs,132,1,True,1,HIGH
H1,1,m84137_260214_004236_s1/264634820/ccs,132,1,True,1,HIGH
H1,1,m84137_260214_004236_s1/18746653/ccs,132,1,True,1,HIGH
H1,1,m84137_260214_004236_s1/23792678/ccs,132,1,True,1,HIGH
H1,1,m84137_260214_004236_s1/27922790/ccs,132,1,True,1,HIGH
H1,1,m84137_260214_004236_s1/38736097/ccs,132,1,True,1,HIGH
H1,1,m84137_260214_004236_s1/42275935/ccs,132,1,True,1,HIGH
H1,1,m84137_260214_004236_s1/99878842/ccs,132,1,True,1,HIGH
H1,1,m84137_260214_004236_s1/103484250/ccs,138,1,True,1,HIGH
H1,1,m84137_260214_004236_s1/113050344/ccs,132,1,True,1,HIGH
H1,1,m84137_260214_004236_s1/121700931/ccs,132,1,True,1,HIGH
H1,1,m84137_260214_004236_s1/110166443/ccs,132,1,True,1,HIGH
H1,1,m84137_260214_004236_s1/122487975/ccs,132,1,True,1,HIGH
H1,1,m84137_260214_004236_s1/126878702/ccs,132,1,True,1,HIGH
H1,1,m84137_260214_004236_s1/151062361/ccs,132,1,True,1,HIGH
H1,1,m84137_260214_004236_s1/131729793/ccs,132,1,True,1,HIGH
H1,1,m84137_260214_004236_s1/135790773/ccs,132,1,True,1,HIGH
H1,1,m84137_260214_004236_s1/192287125/ccs,132,1,True,1,HIGH
H1,1,m84137_260214_004236_s1/178720973/ccs,132,1,True,1,HIGH
H1,1,m84137_260214_004236_s1/222237834/ccs,132,1,True,1,HIGH
H1,1,m84137_260214_004236_s1/225383519/ccs,132,1,True,1,HIGH
H1,1,m84137_260214_004236_s1/182259996/ccs,129,1,True,1,HIGH
H1,1,m84137_260214_004236_s1/253367178/ccs,132,1,True,1,HIGH
H1,1,m84137_260214_004236_s1/240457491/ccs,132,1,True,1,HIGH
H1,1,m84137_260214_004236_s1/18353430/ccs,132,1,True,1,HIGH
H1,1,m84137_260214_004236_s1/248580755/ccs,132,1,True,1,HIGH
H1,1,m84137_260214_004236_s1/3084364/ccs,132,1,True,1,HIGH
H1,1,m84137_260214_004236_s1/267453780/ccs,132,1,True,1,HIGH
H1,1,m84137_260214_004236_s1/9507799/ccs,132,1,True,1,HIGH
H1,1,m84137_260214_004236_s1/39259150/ccs,132,1,True,1,HIGH
H1,1,m84137_260214_004236_s1/100860539/ccs,132,1,True,1,HIGH
H1,1,m84137_260214_004236_s1/2296100/ccs,132,1,True,1,HIGH
H1,1,m84137_260214_004236_s1/202376432/ccs,131,1,True,1,HIGH
H1,1,m84137_260214_004236_s1/80023722/ccs,133,2,True,2,HIGH
H1,1,m84137_260214_004236_s1/115411417/ccs,132,2,True,2,HIGH
H1,1,m84137_260214_004236_s1/142152429/ccs,133,2,True,2,HIGH
H1,1,m84137_260214_004236_s1/212336748/ccs,132,2,True,2,HIGH
H1,1,m84137_260214_004236_s1/217126320/ccs,132,2,True,2,HIGH
H1,1,m84137_260214_004236_s1/232589002/ccs,132,2,True,2,HIGH
H1,1,m84137_260214_004236_s1/249629939/ccs,133,2,True,2,HIGH
H1,1,m84137_260214_004236_s1/70651301/ccs,138,2,True,2,HIGH
H1,1,m84137_260214_004236_s1/4525167/ccs,133,2,True,2,HIGH
H1,1,m84137_260214_004236_s1/192086480/ccs,132,0,False,0,HIGH
H1,1,m84137_260214_004236_s1/198379457/ccs,134,0,False,0,HIGH
H1,1,m84137_260214_004236_s1/32508929/ccs,134,0,False,0,HIGH
H1,1,m84137_260214_004236_s1/259983398/ccs,135,0,False,0,HIGH
H1,1,m84137_260214_004236_s1/241567400/ccs,135,1,True,1,HIGH
H1,1,m84137_260214_004236_s1/230493487/ccs,135,1,True,1,HIGH
H1,1,m84137_260214_004236_s1/19925720/ccs,135,1,True,1,HIGH
H1,1,m84137_260214_004236_s1/34014159/ccs,135,1,True,1,HIGH
H1,1,m84137_260214_004236_s1/51512193/ccs,135,1,True,1,HIGH
H1,1,m84137_260214_004236_s1/259392520/ccs,135,1,True,1,HIGH
H1,1,m84137_260214_004236_s1/266405471/ccs,135,1,True,1,HIGH
H1,1,m84137_260214_004236_s1/266601473/ccs,135,1,True,1,HIGH
H1,1,m84137_260214_004236_s1/66522272/ccs,135,1,True,1,HIGH
H1,1,m84137_260214_004236_s1/99485528/ccs,135,1,True,1,HIGH
H1,1,m84137_260214_004236_s1/108792770/ccs,135,1,True,1,HIGH
H1,1,m84137_260214_004236_s1/52560796/ccs,135,1,True,1,HIGH
H1,1,m84137_260214_004236_s1/36899037/ccs,135,1,True,1,HIGH
H1,1,m84137_260214_004236_s1/59573249/ccs,135,1,True,1,HIGH
H1,1,m84137_260214_004236_s1/60556462/ccs,135,1,True,1,HIGH
H1,1,m84137_260214_004236_s1/85787792/ccs,135,1,True,1,HIGH
H1,1,m84137_260214_004236_s1/188155880/ccs,135,1,True,1,HIGH
H1,1,m84137_260214_004236_s1/175638049/ccs,135,1,True,1,HIGH
H1,1,m84137_260214_004236_s1/175835425/ccs,135,1,True,1,HIGH
H1,1,m84137_260214_004236_s1/189204166/ccs,135,1,True,1,HIGH
H1,1,m84137_260214_004236_s1/189923876/ccs,135,1,True,1,HIGH
H1,1,m84137_260214_004236_s1/218499131/ccs,135,1,True,1,HIGH
H1,1,m84137_260214_004236_s1/109970180/ccs,135,1,True,1,HIGH
H1,1,m84137_260214_004236_s1/127469145/ccs,135,1,True,1,HIGH
H1,1,m84137_260214_004236_s1/164169114/ccs,135,1,True,1,HIGH
H1,1,m84137_260214_004236_s1/68031103/ccs,135,1,True,1,HIGH
H1,1,m84137_260214_004236_s1/71109966/ccs,135,1,True,1,HIGH
H1,1,m84137_260214_004236_s1/172950952/ccs,135,1,True,1,HIGH
H1,1,m84137_260214_004236_s1/208864857/ccs,135,1,True,1,HIGH
H1,1,m84137_260214_004236_s1/209257148/ccs,135,1,True,1,HIGH
H1,1,m84137_260214_004236_s1/222628608/ccs,135,1,True,1,HIGH
H1,1,m84137_260214_004236_s1/48631855/ccs,135,1,True,1,HIGH
H1,1,m84137_260214_004236_s1/92215070/ccs,135,1,True,1,HIGH
H1,1,m84137_260214_004236_s1/97259308/ccs,135,1,True,1,HIGH
H1,1,m84137_260214_004236_s1/76682693/ccs,135,1,True,1,HIGH
H1,1,m84137_260214_004236_s1/99422763/ccs,135,1,True,1,HIGH
H1,1,m84137_260214_004236_s1/122950082/ccs,135,1,True,1,HIGH
H1,1,m84137_260214_004236_s1/82840988/ccs,135,1,True,1,HIGH
H1,1,m84137_260214_004236_s1/152702064/ccs,135,1,True,1,HIGH
H1,1,m84137_260214_004236_s1/190713578/ccs,135,1,True,1,HIGH
H1,1,m84137_260214_004236_s1/147198879/ccs,135,1,True,1,HIGH
H1,1,m84137_260214_004236_s1/218107296/ccs,135,1,True,1,HIGH
H1,1,m84137_260214_004236_s1/219289299/ccs,135,1,True,1,HIGH
H1,1,m84137_260214_004236_s1/217518111/ccs,135,1,True,1,HIGH
H1,1,m84137_260214_004236_s1/70975567/ccs,132,1,True,1,HIGH
H1,1,m84137_260214_004236_s1/146019725/ccs,135,1,True,1,HIGH
H1,1,m84137_260214_004236_s1/176951751/ccs,135,1,True,1,HIGH
H1,1,m84137_260214_004236_s1/86050297/ccs,135,1,True,1,HIGH
H1,1,m84137_260214_004236_s1/259658142/ccs,135,1,True,1,HIGH
H1,1,m84137_260214_004236_s1/205915285/ccs,135,1,True,1,HIGH
H1,1,m84137_260214_004236_s1/212272157/ccs,135,1,True,1,HIGH
H1,1,m84137_260214_004236_s1/254937259/ccs,135,1,True,1,HIGH
H1,1,m84137_260214_004236_s1/18615963/ccs,135,1,True,1,HIGH
H1,1,m84137_260214_004236_s1/66916842/ccs,135,1,True,1,HIGH
H1,1,m84137_260214_004236_s1/7801535/ccs,135,1,True,1,HIGH
H1,1,m84137_260214_004236_s1/34146957/ccs,135,1,True,1,HIGH
H1,1,m84137_260214_004236_s1/147065328/ccs,135,1,True,1,HIGH
H1,1,m84137_260214_004236_s1/185272956/ccs,135,1,True,1,HIGH
H1,1,m84137_260214_004236_s1/45746039/ccs,135,1,True,1,HIGH
H1,1,m84137_260214_004236_s1/53085256/ccs,135,1,True,1,HIGH
H1,1,m84137_260214_004236_s1/53086004/ccs,135,1,True,1,HIGH
H1,1,m84137_260214_004236_s1/53413135/ccs,135,1,True,1,HIGH
H1,1,m84137_260214_004236_s1/55641277/ccs,135,1,True,1,HIGH
H1,1,m84137_260214_004236_s1/124323669/ccs,132,1,True,1,HIGH
H1,1,m84137_260214_004236_s1/107940213/ccs,135,1,True,1,HIGH
H1,1,m84137_260214_004236_s1/127208005/ccs,135,1,True,1,HIGH
H1,1,m84137_260214_004236_s1/38672108/ccs,135,1,True,1,HIGH
H1,1,m84137_260214_004236_s1/68621603/ccs,135,1,True,1,HIGH
H1,1,m84137_260214_004236_s1/44831124/ccs,135,1,True,1,HIGH
H1,1,m84137_260214_004236_s1/87756980/ccs,135,1,True,1,HIGH
H1,1,m84137_260214_004236_s1/75632994/ccs,135,1,True,1,HIGH
H1,1,m84137_260214_004236_s1/77665144/ccs,135,1,True,1,HIGH
H1,1,m84137_260214_004236_s1/119803786/ccs,135,1,True,1,HIGH
H1,1,m84137_260214_004236_s1/122950902/ccs,135,1,True,1,HIGH
H1,1,m84137_260214_004236_s1/115807529/ccs,135,1,True,1,HIGH
H1,1,m84137_260214_004236_s1/184817087/ccs,135,1,True,1,HIGH
H1,1,m84137_260214_004236_s1/116594367/ccs,135,1,True,1,HIGH
H1,1,m84137_260214_004236_s1/211551287/ccs,135,1,True,1,HIGH
H1,1,m84137_260214_004236_s1/212009435/ccs,135,1,True,1,HIGH
H1,1,m84137_260214_004236_s1/242747272/ccs,135,1,True,1,HIGH
H1,1,m84137_260214_004236_s1/239012154/ccs,135,1,True,1,HIGH
H1,1,m84137_260214_004236_s1/260376265/ccs,135,1,True,1,HIGH
H1,1,m84137_260214_004236_s1/161420349/ccs,135,1,True,1,HIGH
H1,1,m84137_260214_004236_s1/164432985/ccs,135,1,True,1,HIGH
H1,1,m84137_260214_004236_s1/165025074/ccs,135,1,True,1,HIGH
H1,1,m84137_260214_004236_s1/146082978/ccs,135,1,True,1,HIGH
H1,1,m84137_260214_004236_s1/186783533/ccs,135,1,True,1,HIGH
H1,1,m84137_260214_004236_s1/177869395/ccs,135,1,True,1,HIGH
H1,1,m84137_260214_004236_s1/197201429/ccs,135,1,True,1,HIGH
H1,1,m84137_260214_004236_s1/197856831/ccs,135,1,True,1,HIGH
H1,1,m84137_260214_004236_s1/123340723/ccs,135,1,True,1,HIGH
H1,1,m84137_260214_004236_s1/78186641/ccs,135,1,True,1,HIGH
H1,1,m84137_260214_004236_s1/124127564/ccs,135,1,True,1,HIGH
H1,1,m84137_260214_004236_s1/245829630/ccs,135,1,True,1,HIGH
H1,1,m84137_260214_004236_s1/247730601/ccs,135,1,True,1,HIGH
H1,1,m84137_260214_004236_s1/247860881/ccs,135,1,True,1,HIGH
H1,1,m84137_260214_004236_s1/51904977/ccs,135,1,True,1,HIGH
H1,1,m84137_260214_004236_s1/123535729/ccs,135,1,True,1,HIGH
H1,1,m84137_260214_004236_s1/133628448/ccs,135,1,True,1,HIGH
H1,1,m84137_260214_004236_s1/166791229/ccs,135,1,True,1,HIGH
H1,1,m84137_260214_004236_s1/197788827/ccs,135,1,True,1,HIGH
H1,1,m84137_260214_004236_s1/219283717/ccs,135,1,True,1,HIGH
H1,1,m84137_260214_004236_s1/199690560/ccs,135,1,True,1,HIGH
H1,1,m84137_260214_004236_s1/183962030/ccs,135,1,True,1,HIGH
H1,1,m84137_260214_004236_s1/123667517/ccs,135,1,True,1,HIGH
H1,1,m84137_260214_004236_s1/125703973/ccs,135,1,True,1,HIGH
H1,1,m84137_260214_004236_s1/116264773/ccs,135,1,True,1,HIGH
H1,1,m84137_260214_004236_s1/228792025/ccs,135,1,True,1,HIGH
H1,1,m84137_260214_004236_s1/194644611/ccs,135,1,True,1,HIGH
H1,1,m84137_260214_004236_s1/11995168/ccs,135,1,True,1,HIGH
H1,1,m84137_260214_004236_s1/24511154/ccs,135,1,True,1,HIGH
H1,1,m84137_260214_004236_s1/24709622/ccs,135,1,True,1,HIGH
H1,1,m84137_260214_004236_s1/33625095/ccs,135,1,True,1,HIGH
H1,1,m84137_260214_004236_s1/123341454/ccs,135,1,True,1,HIGH
H1,1,m84137_260214_004236_s1/178980673/ccs,135,1,True,1,HIGH
H1,1,m84137_260214_004236_s1/20777852/ccs,135,1,True,1,HIGH
H1,1,m84137_260214_004236_s1/21234484/ccs,135,1,True,1,HIGH
H1,1,m84137_260214_004236_s1/16647679/ccs,135,1,True,1,HIGH
H1,1,m84137_260214_004236_s1/40043050/ccs,135,1,True,1,HIGH
H1,1,m84137_260214_004236_s1/133496927/ccs,135,1,True,1,HIGH
H1,1,m84137_260214_004236_s1/139528234/ccs,135,1,True,1,HIGH
H1,1,m84137_260214_004236_s1/164167715/ccs,135,1,True,1,HIGH
H1,1,m84137_260214_004236_s1/160761616/ccs,135,1,True,1,HIGH
H1,1,m84137_260214_004236_s1/146868989/ccs,135,1,True,1,HIGH
H1,1,m84137_260214_004236_s1/147785492/ccs,135,1,True,1,HIGH
H1,1,m84137_260214_004236_s1/186319009/ccs,135,1,True,1,HIGH
H1,1,m84137_260214_004236_s1/255660769/ccs,135,1,True,1,HIGH
H1,1,m84137_260214_004236_s1/259593823/ccs,135,1,True,1,HIGH
H1,1,m84137_260214_004236_s1/245503346/ccs,135,1,True,1,HIGH
H1,1,m84137_260214_004236_s1/246944682/ccs,135,1,True,1,HIGH
H1,1,m84137_260214_004236_s1/247141973/ccs,135,1,True,1,HIGH
H1,1,m84137_260214_004236_s1/249631805/ccs,135,1,True,1,HIGH
H1,1,m84137_260214_004236_s1/26346655/ccs,135,1,True,1,HIGH
H1,1,m84137_260214_004236_s1/156369642/ccs,135,1,True,1,HIGH
H1,1,m84137_260214_004236_s1/226690316/ccs,135,1,True,1,HIGH
H1,1,m84137_260214_004236_s1/170264839/ccs,135,1,True,1,HIGH
H1,1,m84137_260214_004236_s1/149946612/ccs,135,1,True,1,HIGH
H1,1,m84137_260214_004236_s1/176686266/ccs,135,1,True,1,HIGH
H1,1,m84137_260214_004236_s1/218432603/ccs,135,1,True,1,HIGH
H1,1,m84137_260214_004236_s1/199819370/ccs,135,1,True,1,HIGH
H1,1,m84137_260214_004236_s1/221512531/ccs,135,1,True,1,HIGH
H1,1,m84137_260214_004236_s1/222889414/ccs,135,1,True,1,HIGH
H1,1,m84137_260214_004236_s1/253692781/ccs,135,1,True,1,HIGH
H1,1,m84137_260214_004236_s1/254806103/ccs,135,1,True,1,HIGH
H1,1,m84137_260214_004236_s1/237045377/ccs,135,1,True,1,HIGH
H1,1,m84137_260214_004236_s1/234488546/ccs,135,1,True,1,HIGH
H1,1,m84137_260214_004236_s1/134483988/ccs,135,1,True,1,HIGH
H1,1,m84137_260214_004236_s1/82579190/ccs,135,1,True,1,HIGH
H1,1,m84137_260214_004236_s1/112136322/ccs,135,1,True,1,HIGH
H1,1,m84137_260214_004236_s1/112922920/ccs,135,1,True,1,HIGH
H1,1,m84137_260214_004236_s1/133764071/ccs,135,1,True,1,HIGH
H1,1,m84137_260214_004236_s1/162926095/ccs,135,1,True,1,HIGH
H1,1,m84137_260214_004236_s1/186127320/ccs,135,1,True,1,HIGH
H1,1,m84137_260214_004236_s1/43849452/ccs,135,1,True,1,HIGH
H1,1,m84137_260214_004236_s1/60691123/ccs,135,1,True,1,HIGH
H1,1,m84137_260214_004236_s1/89790244/ccs,135,1,True,1,HIGH
H1,1,m84137_260214_004236_s1/75567519/ccs,135,1,True,1,HIGH
H1,1,m84137_260214_004236_s1/101715856/ccs,135,1,True,1,HIGH
H1,1,m84137_260214_004236_s1/78843993/ccs,135,1,True,1,HIGH
H1,1,m84137_260214_004236_s1/98834193/ccs,135,1,True,1,HIGH
H1,1,m84137_260214_004236_s1/106829647/ccs,135,1,True,1,HIGH
H1,1,m84137_260214_004236_s1/74252469/ccs,135,1,True,1,HIGH
H1,1,m84137_260214_004236_s1/71830263/ccs,135,1,True,1,HIGH
H1,1,m84137_260214_004236_s1/67374852/ccs,135,1,True,1,HIGH
H1,1,m84137_260214_004236_s1/42930539/ccs,135,1,True,1,HIGH
H1,1,m84137_260214_004236_s1/118555579/ccs,135,1,True,1,HIGH
H1,1,m84137_260214_004236_s1/126421382/ccs,135,1,True,1,HIGH
H1,1,m84137_260214_004236_s1/122292219/ccs,135,1,True,1,HIGH
H1,1,m84137_260214_004236_s1/153159804/ccs,135,1,True,1,HIGH
H1,1,m84137_260214_004236_s1/177082298/ccs,135,1,True,1,HIGH
H1,1,m84137_260214_004236_s1/221582023/ccs,135,1,True,1,HIGH
H1,1,m84137_260214_004236_s1/252383231/ccs,135,1,True,1,HIGH
H1,1,m84137_260214_004236_s1/183179041/ccs,135,1,True,1,HIGH
H1,1,m84137_260214_004236_s1/247138207/ccs,135,1,True,1,HIGH
H1,1,m84137_260214_004236_s1/2561451/ccs,135,1,True,1,HIGH
H1,1,m84137_260214_004236_s1/5247955/ccs,135,1,True,1,HIGH
H1,1,m84137_260214_004236_s1/27726076/ccs,135,1,True,1,HIGH
H1,1,m84137_260214_004236_s1/196284785/ccs,135,1,True,1,HIGH
H1,1,m84137_260214_004236_s1/92736609/ccs,135,1,True,1,HIGH
H1,1,m84137_260214_004236_s1/141627208/ccs,135,1,True,1,HIGH
H1,1,m84137_260214_004236_s1/213322757/ccs,136,2,True,2,HIGH
H1,1,m84137_260214_004236_s1/203951261/ccs,136,2,True,2,HIGH
H1,1,m84137_260214_004236_s1/175835292/ccs,135,2,True,2,HIGH
H1,1,m84137_260214_004236_s1/134414511/ccs,136,2,True,2,HIGH
H1,1,m84137_260214_004236_s1/197724236/ccs,136,2,True,2,HIGH
H1,1,m84137_260214_004236_s1/188748173/ccs,135,2,True,2,HIGH
H1,1,m84137_260214_004236_s1/35458849/ccs,136,2,True,2,HIGH
H1,1,m84137_260214_004236_s1/212011154/ccs,136,2,True,2,HIGH
H1,1,m84137_260214_004236_s1/114889712/ccs,136,2,True,2,HIGH
H1,1,m84137_260214_004236_s1/233181095/ccs,136,2,True,2,HIGH
H1,1,m84137_260214_004236_s1/232263470/ccs,136,2,True,2,HIGH
H1,1,m84137_260214_004236_s1/35586570/ccs,135,0,False,0,HIGH
H1,1,m84137_260214_004236_s1/92999905/ccs,126,0,False,0,HIGH
H1,1,m84137_260214_004236_s1/127534761/ccs,137,0,False,0,HIGH
H1,1,m84137_260214_004236_s1/129504884/ccs,137,0,False,0,HIGH
H1,1,m84137_260214_004236_s1/56756248/ccs,137,0,False,0,HIGH
H1,1,m84137_260214_004236_s1/143065962/ccs,137,0,False,0,HIGH
H1,1,m84137_260214_004236_s1/183697456/ccs,138,0,False,0,HIGH
H1,1,m84137_260214_004236_s1/200410448/ccs,138,1,True,1,HIGH
H1,1,m84137_260214_004236_s1/1901874/ccs,138,1,True,1,HIGH
H1,1,m84137_260214_004236_s1/29753793/ccs,138,1,True,1,HIGH
H1,1,m84137_260214_004236_s1/5113477/ccs,135,1,True,1,HIGH
H1,1,m84137_260214_004236_s1/27658474/ccs,138,1,True,1,HIGH
H1,1,m84137_260214_004236_s1/31982189/ccs,138,1,True,1,HIGH
H1,1,m84137_260214_004236_s1/27924264/ccs,138,1,True,1,HIGH
H1,1,m84137_260214_004236_s1/27004305/ccs,138,1,True,1,HIGH
H1,1,m84137_260214_004236_s1/71369790/ccs,138,1,True,1,HIGH
H1,1,m84137_260214_004236_s1/92800906/ccs,138,1,True,1,HIGH
H1,1,m84137_260214_004236_s1/77333527/ccs,138,1,True,1,HIGH
H1,1,m84137_260214_004236_s1/102105575/ccs,138,1,True,1,HIGH
H1,1,m84137_260214_004236_s1/100337084/ccs,138,1,True,1,HIGH
H1,1,m84137_260214_004236_s1/103548130/ccs,138,1,True,1,HIGH
H1,1,m84137_260214_004236_s1/61409055/ccs,138,1,True,1,HIGH
H1,1,m84137_260214_004236_s1/69535672/ccs,138,1,True,1,HIGH
H1,1,m84137_260214_004236_s1/70256013/ccs,138,1,True,1,HIGH
H1,1,m84137_260214_004236_s1/161219867/ccs,138,1,True,1,HIGH
H1,1,m84137_260214_004236_s1/128188633/ccs,138,1,True,1,HIGH
H1,1,m84137_260214_004236_s1/132253372/ccs,138,1,True,1,HIGH
H1,1,m84137_260214_004236_s1/52171083/ccs,138,1,True,1,HIGH
H1,1,m84137_260214_004236_s1/32052716/ccs,138,1,True,1,HIGH
H1,1,m84137_260214_004236_s1/55449488/ccs,138,1,True,1,HIGH
H1,1,m84137_260214_004236_s1/55840542/ccs,138,1,True,1,HIGH
H1,1,m84137_260214_004236_s1/69604600/ccs,138,1,True,1,HIGH
H1,1,m84137_260214_004236_s1/194249365/ccs,138,1,True,1,HIGH
H1,1,m84137_260214_004236_s1/194579272/ccs,138,1,True,1,HIGH
H1,1,m84137_260214_004236_s1/208078366/ccs,138,1,True,1,HIGH
H1,1,m84137_260214_004236_s1/93525321/ccs,138,1,True,1,HIGH
H1,1,m84137_260214_004236_s1/151000178/ccs,138,1,True,1,HIGH
H1,1,m84137_260214_004236_s1/113514120/ccs,138,1,True,1,HIGH
H1,1,m84137_260214_004236_s1/163122710/ccs,138,1,True,1,HIGH
H1,1,m84137_260214_004236_s1/183635492/ccs,138,1,True,1,HIGH
H1,1,m84137_260214_004236_s1/191958062/ccs,138,1,True,1,HIGH
H1,1,m84137_260214_004236_s1/197071678/ccs,138,1,True,1,HIGH
H1,1,m84137_260214_004236_s1/180163499/ccs,138,1,True,1,HIGH
H1,1,m84137_260214_004236_s1/90508976/ccs,138,1,True,1,HIGH
H1,1,m84137_260214_004236_s1/99882127/ccs,138,1,True,1,HIGH
H1,1,m84137_260214_004236_s1/49348972/ccs,138,1,True,1,HIGH
H1,1,m84137_260214_004236_s1/132254879/ccs,138,1,True,1,HIGH
H1,1,m84137_260214_004236_s1/178395000/ccs,138,1,True,1,HIGH
H1,1,m84137_260214_004236_s1/34867567/ccs,138,1,True,1,HIGH
H1,1,m84137_260214_004236_s1/36241879/ccs,138,1,True,1,HIGH
H1,1,m84137_260214_004236_s1/80612624/ccs,138,1,True,1,HIGH
H1,1,m84137_260214_004236_s1/253428357/ccs,138,1,True,1,HIGH
H1,1,m84137_260214_004236_s1/28049861/ccs,138,1,True,1,HIGH
H1,1,m84137_260214_004236_s1/29884922/ccs,138,1,True,1,HIGH
H1,1,m84137_260214_004236_s1/13305063/ccs,138,1,True,1,HIGH
H1,1,m84137_260214_004236_s1/142279265/ccs,138,1,True,1,HIGH
H1,1,m84137_260214_004236_s1/173409315/ccs,138,1,True,1,HIGH
H1,1,m84137_260214_004236_s1/190383791/ccs,138,1,True,1,HIGH
H1,1,m84137_260214_004236_s1/149226537/ccs,138,1,True,1,HIGH
H1,1,m84137_260214_004236_s1/41419683/ccs,138,1,True,1,HIGH
H1,1,m84137_260214_004236_s1/59705012/ccs,138,1,True,1,HIGH
H1,1,m84137_260214_004236_s1/63505565/ccs,138,1,True,1,HIGH
H1,1,m84137_260214_004236_s1/38996441/ccs,138,1,True,1,HIGH
H1,1,m84137_260214_004236_s1/73926359/ccs,138,1,True,1,HIGH
H1,1,m84137_260214_004236_s1/119343131/ccs,138,1,True,1,HIGH
H1,1,m84137_260214_004236_s1/103941217/ccs,138,1,True,1,HIGH
H1,1,m84137_260214_004236_s1/133434315/ccs,138,1,True,1,HIGH
H1,1,m84137_260214_004236_s1/62592104/ccs,138,1,True,1,HIGH
H1,1,m84137_260214_004236_s1/85267709/ccs,138,1,True,1,HIGH
H1,1,m84137_260214_004236_s1/48042809/ccs,138,1,True,1,HIGH
H1,1,m84137_260214_004236_s1/137303726/ccs,138,1,True,1,HIGH
H1,1,m84137_260214_004236_s1/139791782/ccs,138,1,True,1,HIGH
H1,1,m84137_260214_004236_s1/160568041/ccs,138,1,True,1,HIGH
H1,1,m84137_260214_004236_s1/167776519/ccs,138,1,True,1,HIGH
H1,1,m84137_260214_004236_s1/144641838/ccs,138,1,True,1,HIGH
H1,1,m84137_260214_004236_s1/255984261/ccs,138,1,True,1,HIGH
H1,1,m84137_260214_004236_s1/259784826/ccs,138,1,True,1,HIGH
H1,1,m84137_260214_004236_s1/173414180/ccs,138,1,True,1,HIGH
H1,1,m84137_260214_004236_s1/170659429/ccs,138,1,True,1,HIGH
H1,1,m84137_260214_004236_s1/179637538/ccs,138,1,True,1,HIGH
H1,1,m84137_260214_004236_s1/199365468/ccs,138,1,True,1,HIGH
H1,1,m84137_260214_004236_s1/250091373/ccs,138,1,True,1,HIGH
H1,1,m84137_260214_004236_s1/42796318/ccs,138,1,True,1,HIGH
H1,1,m84137_260214_004236_s1/61408130/ccs,138,1,True,1,HIGH
H1,1,m84137_260214_004236_s1/71633669/ccs,138,1,True,1,HIGH
H1,1,m84137_260214_004236_s1/77463741/ccs,138,1,True,1,HIGH
H1,1,m84137_260214_004236_s1/130352286/ccs,138,1,True,1,HIGH
H1,1,m84137_260214_004236_s1/202180114/ccs,138,1,True,1,HIGH
H1,1,m84137_260214_004236_s1/24383783/ccs,138,1,True,1,HIGH
H1,1,m84137_260214_004236_s1/26088516/ccs,138,1,True,1,HIGH
H1,1,m84137_260214_004236_s1/190120536/ccs,138,1,True,1,HIGH
H1,1,m84137_260214_004236_s1/182258448/ccs,138,1,True,1,HIGH
H1,1,m84137_260214_004236_s1/204669361/ccs,138,1,True,1,HIGH
H1,1,m84137_260214_004236_s1/214631362/ccs,138,1,True,1,HIGH
H1,1,m84137_260214_004236_s1/244384603/ccs,138,1,True,1,HIGH
H1,1,m84137_260214_004236_s1/180753871/ccs,138,1,True,1,HIGH
H1,1,m84137_260214_004236_s1/62983556/ccs,135,1,True,1,HIGH
H1,1,m84137_260214_004236_s1/231542975/ccs,138,1,True,1,HIGH
H1,1,m84137_260214_004236_s1/124387441/ccs,138,1,True,1,HIGH
H1,1,m84137_260214_004236_s1/265224885/ccs,138,1,True,1,HIGH
H1,1,m84137_260214_004236_s1/202901800/ccs,138,1,True,1,HIGH
H1,1,m84137_260214_004236_s1/231997726/ccs,138,1,True,1,HIGH
H1,1,m84137_260214_004236_s1/9180477/ccs,138,1,True,1,HIGH
H1,1,m84137_260214_004236_s1/101648252/ccs,138,1,True,1,HIGH
H1,1,m84137_260214_004236_s1/25954235/ccs,138,1,True,1,HIGH
H1,1,m84137_260214_004236_s1/45220517/ccs,138,1,True,1,HIGH
H1,1,m84137_260214_004236_s1/138412618/ccs,138,1,True,1,HIGH
H1,1,m84137_260214_004236_s1/258609796/ccs,138,1,True,1,HIGH
H1,1,m84137_260214_004236_s1/73990835/ccs,138,1,True,1,HIGH
H1,1,m84137_260214_004236_s1/188614447/ccs,138,1,True,1,HIGH
H1,1,m84137_260214_004236_s1/225577169/ccs,138,1,True,1,HIGH
H1,1,m84137_260214_004236_s1/223021452/ccs,138,1,True,1,HIGH
H1,1,m84137_260214_004236_s1/226232053/ccs,138,1,True,1,HIGH
H1,1,m84137_260214_004236_s1/232194439/ccs,138,1,True,1,HIGH
H1,1,m84137_260214_004236_s1/253887305/ccs,138,1,True,1,HIGH
H1,1,m84137_260214_004236_s1/241566747/ccs,138,1,True,1,HIGH
H1,1,m84137_260214_004236_s1/105975909/ccs,138,1,True,1,HIGH
H1,1,m84137_260214_004236_s1/135139632/ccs,138,1,True,1,HIGH
H1,1,m84137_260214_004236_s1/152178217/ccs,138,1,True,1,HIGH
H1,1,m84137_260214_004236_s1/142085547/ccs,138,1,True,1,HIGH
H1,1,m84137_260214_004236_s1/16651053/ccs,138,1,True,1,HIGH
H1,1,m84137_260214_004236_s1/65409873/ccs,138,1,True,1,HIGH
H1,1,m84137_260214_004236_s1/78778472/ccs,138,1,True,1,HIGH
H1,1,m84137_260214_004236_s1/51253480/ccs,138,1,True,1,HIGH
H1,1,m84137_260214_004236_s1/76092805/ccs,138,1,True,1,HIGH
H1,1,m84137_260214_004236_s1/254939619/ccs,138,1,True,1,HIGH
H1,1,m84137_260214_004236_s1/39062625/ccs,138,1,True,1,HIGH
H1,1,m84137_260214_004236_s1/39061797/ccs,138,1,True,1,HIGH
H1,1,m84137_260214_004236_s1/66258659/ccs,138,1,True,1,HIGH
H1,1,m84137_260214_004236_s1/85524586/ccs,138,1,True,1,HIGH
H1,1,m84137_260214_004236_s1/86966340/ccs,138,1,True,1,HIGH
H1,1,m84137_260214_004236_s1/87884865/ccs,138,1,True,1,HIGH
H1,1,m84137_260214_004236_s1/20778813/ccs,138,1,True,1,HIGH
H1,1,m84137_260214_004236_s1/127338556/ccs,138,1,True,1,HIGH
H1,1,m84137_260214_004236_s1/132317851/ccs,138,1,True,1,HIGH
H1,1,m84137_260214_004236_s1/165287164/ccs,138,1,True,1,HIGH
H1,1,m84137_260214_004236_s1/167647069/ccs,138,1,True,1,HIGH
H1,1,m84137_260214_004236_s1/149231129/ccs,135,1,True,1,HIGH
H1,1,m84137_260214_004236_s1/179638131/ccs,138,1,True,1,HIGH
H1,1,m84137_260214_004236_s1/180424668/ccs,138,1,True,1,HIGH
H1,1,m84137_260214_004236_s1/225185361/ccs,138,1,True,1,HIGH
H1,1,m84137_260214_004236_s1/184489540/ccs,138,1,True,1,HIGH
H1,1,m84137_260214_004236_s1/266536699/ccs,138,1,True,1,HIGH
H1,1,m84137_260214_004236_s1/7673338/ccs,138,1,True,1,HIGH
H1,1,m84137_260214_004236_s1/30019347/ccs,138,1,True,1,HIGH
H1,1,m84137_260214_004236_s1/135988489/ccs,138,1,True,1,HIGH
H1,1,m84137_260214_004236_s1/69010308/ccs,138,1,True,1,HIGH
H1,1,m84137_260214_004236_s1/255591533/ccs,141,2,True,2,HIGH
H1,1,m84137_260214_004236_s1/82445391/ccs,139,2,True,2,HIGH
H1,1,m84137_260214_004236_s1/95159073/ccs,138,2,True,2,HIGH
H1,1,m84137_260214_004236_s1/27267594/ccs,139,2,True,2,HIGH
H1,1,m84137_260214_004236_s1/115736643/ccs,140,0,False,0,HIGH
H1,1,m84137_260214_004236_s1/220141216/ccs,140,0,False,0,HIGH
H1,1,m84137_260214_004236_s1/31588605/ccs,140,0,False,0,HIGH
H1,1,m84137_260214_004236_s1/145099371/ccs,140,0,False,0,HIGH
H1,1,m84137_260214_004236_s1/18418609/ccs,141,1,True,1,HIGH
H1,1,m84137_260214_004236_s1/229771135/ccs,138,1,True,1,HIGH
H1,1,m84137_260214_004236_s1/95420685/ccs,141,1,True,1,HIGH
H1,1,m84137_260214_004236_s1/125763633/ccs,141,1,True,1,HIGH
H1,1,m84137_260214_004236_s1/46531824/ccs,141,1,True,1,HIGH
H1,1,m84137_260214_004236_s1/43256449/ccs,141,1,True,1,HIGH
H1,1,m84137_260214_004236_s1/192546363/ccs,141,1,True,1,HIGH
H1,1,m84137_260214_004236_s1/176882077/ccs,141,1,True,1,HIGH
H1,1,m84137_260214_004236_s1/114491665/ccs,141,1,True,1,HIGH
H1,1,m84137_260214_004236_s1/37623475/ccs,141,1,True,1,HIGH
H1,1,m84137_260214_004236_s1/225512388/ccs,141,1,True,1,HIGH
H1,1,m84137_260214_004236_s1/126029477/ccs,141,1,True,1,HIGH
H1,1,m84137_260214_004236_s1/146018784/ccs,140,1,True,1,HIGH
H1,1,m84137_260214_004236_s1/218959428/ccs,141,1,True,1,HIGH
H1,1,m84137_260214_004236_s1/189009832/ccs,141,1,True,1,HIGH
H1,1,m84137_260214_004236_s1/206507424/ccs,141,1,True,1,HIGH
H1,1,m84137_260214_004236_s1/248776177/ccs,138,1,True,1,HIGH
H1,1,m84137_260214_004236_s1/258543060/ccs,141,1,True,1,HIGH
H1,1,m84137_260214_004236_s1/14551545/ccs,141,1,True,1,HIGH
H1,1,m84137_260214_004236_s1/139984935/ccs,141,1,True,1,HIGH
H1,1,m84137_260214_004236_s1/205262444/ccs,141,1,True,1,HIGH
H1,1,m84137_260214_004236_s1/210698528/ccs,141,1,True,1,HIGH
H1,1,m84137_260214_004236_s1/212142436/ccs,141,1,True,1,HIGH
H1,1,m84137_260214_004236_s1/28443823/ccs,141,1,True,1,HIGH
H1,1,m84137_260214_004236_s1/11274218/ccs,141,1,True,1,HIGH
H1,1,m84137_260214_004236_s1/6424062/ccs,141,1,True,1,HIGH
H1,1,m84137_260214_004236_s1/3278597/ccs,141,1,True,1,HIGH
H1,1,m84137_260214_004236_s1/29557764/ccs,141,1,True,1,HIGH
H1,1,m84137_260214_004236_s1/55968319/ccs,141,1,True,1,HIGH
H1,1,m84137_260214_004236_s1/34734297/ccs,141,1,True,1,HIGH
H1,1,m84137_260214_004236_s1/34735283/ccs,141,1,True,1,HIGH
H1,1,m84137_260214_004236_s1/162529321/ccs,141,1,True,1,HIGH
H1,1,m84137_260214_004236_s1/159253770/ccs,141,1,True,1,HIGH
H1,1,m84137_260214_004236_s1/147391598/ccs,141,1,True,1,HIGH
H1,1,m84137_260214_004236_s1/174457877/ccs,141,1,True,1,HIGH
H1,1,m84137_260214_004236_s1/112656901/ccs,141,1,True,1,HIGH
H1,1,m84137_260214_004236_s1/122817241/ccs,141,1,True,1,HIGH
H1,1,m84137_260214_004236_s1/152109343/ccs,141,1,True,1,HIGH
H1,1,m84137_260214_004236_s1/115214234/ccs,141,1,True,1,HIGH
H1,1,m84137_260214_004236_s1/72224267/ccs,141,1,True,1,HIGH
H1,1,m84137_260214_004236_s1/124849622/ccs,141,1,True,1,HIGH
H1,1,m84137_260214_004236_s1/113578564/ccs,141,1,True,1,HIGH
H1,1,m84137_260214_004236_s1/154932700/ccs,141,1,True,1,HIGH
H1,1,m84137_260214_004236_s1/163843886/ccs,141,1,True,1,HIGH
H1,1,m84137_260214_004236_s1/235997582/ccs,141,1,True,1,HIGH
H1,1,m84137_260214_004236_s1/150736036/ccs,141,1,True,1,HIGH
H1,1,m84137_260214_004236_s1/207097128/ccs,141,1,True,1,HIGH
H1,1,m84137_260214_004236_s1/199364055/ccs,141,1,True,1,HIGH
H1,1,m84137_260214_004236_s1/182390466/ccs,141,1,True,1,HIGH
H1,1,m84137_260214_004236_s1/226367007/ccs,141,1,True,1,HIGH
H1,1,m84137_260214_004236_s1/92275690/ccs,141,1,True,1,HIGH
H1,1,m84137_260214_004236_s1/89457200/ccs,141,1,True,1,HIGH
H1,1,m84137_260214_004236_s1/259396447/ccs,141,1,True,1,HIGH
H1,1,m84137_260214_004236_s1/239078683/ccs,141,1,True,1,HIGH
H1,1,m84137_260214_004236_s1/266603523/ccs,141,1,True,1,HIGH
H1,1,m84137_260214_004236_s1/225380074/ccs,141,1,True,1,HIGH
H1,1,m84137_260214_004236_s1/184420070/ccs,141,1,True,1,HIGH
H1,1,m84137_260214_004236_s1/65540549/ccs,141,1,True,1,HIGH
H1,1,m84137_260214_004236_s1/74715065/ccs,141,1,True,1,HIGH
H1,1,m84137_260214_004236_s1/111939829/ccs,141,1,True,1,HIGH
H1,1,m84137_260214_004236_s1/133042652/ccs,141,1,True,1,HIGH
H1,1,m84137_260214_004236_s1/156112648/ccs,141,1,True,1,HIGH
H1,1,m84137_260214_004236_s1/139199888/ccs,141,1,True,1,HIGH
H1,1,m84137_260214_004236_s1/247270138/ccs,141,1,True,1,HIGH
H1,1,m84137_260214_004236_s1/34341773/ccs,141,1,True,1,HIGH
H1,1,m84137_260214_004236_s1/34933115/ccs,141,1,True,1,HIGH
H1,1,m84137_260214_004236_s1/15402681/ccs,141,1,True,1,HIGH
H1,1,m84137_260214_004236_s1/35128254/ccs,141,1,True,1,HIGH
H1,1,m84137_260214_004236_s1/59310395/ccs,141,1,True,1,HIGH
H1,1,m84137_260214_004236_s1/41877627/ccs,138,1,True,1,HIGH
H1,1,m84137_260214_004236_s1/64095270/ccs,138,1,True,1,HIGH
H1,1,m84137_260214_004236_s1/132907429/ccs,141,1,True,1,HIGH
H1,1,m84137_260214_004236_s1/162662742/ccs,141,1,True,1,HIGH
H1,1,m84137_260214_004236_s1/143917292/ccs,141,1,True,1,HIGH
H1,1,m84137_260214_004236_s1/232983647/ccs,141,1,True,1,HIGH
H1,1,m84137_260214_004236_s1/237967123/ccs,141,1,True,1,HIGH
H1,1,m84137_260214_004236_s1/181668390/ccs,141,1,True,1,HIGH
H1,1,m84137_260214_004236_s1/186450370/ccs,141,1,True,1,HIGH
H1,1,m84137_260214_004236_s1/149358576/ccs,141,1,True,1,HIGH
H1,1,m84137_260214_004236_s1/149489930/ccs,141,1,True,1,HIGH
H1,1,m84137_260214_004236_s1/150667750/ccs,141,1,True,1,HIGH
H1,1,m84137_260214_004236_s1/151983777/ccs,141,1,True,1,HIGH
H1,1,m84137_260214_004236_s1/59773776/ccs,141,1,True,1,HIGH
H1,1,m84137_260214_004236_s1/70653543/ccs,141,1,True,1,HIGH
H1,1,m84137_260214_004236_s1/96931581/ccs,141,1,True,1,HIGH
H1,1,m84137_260214_004236_s1/80089308/ccs,141,1,True,1,HIGH
H1,1,m84137_260214_004236_s1/267584470/ccs,141,1,True,1,HIGH
H1,1,m84137_260214_004236_s1/175900655/ccs,141,1,True,1,HIGH
H1,1,m84137_260214_004236_s1/50267049/ccs,141,1,True,1,HIGH
H1,1,m84137_260214_004236_s1/96994509/ccs,141,1,True,1,HIGH
H1,1,m84137_260214_004236_s1/237175966/ccs,141,1,True,1,HIGH
H1,1,m84137_260214_004236_s1/264505082/ccs,141,1,True,1,HIGH
H1,1,m84137_260214_004236_s1/24710840/ccs,141,1,True,1,HIGH
H1,1,m84137_260214_004236_s1/136645230/ccs,141,1,True,1,HIGH
H1,1,m84137_260214_004236_s1/147068641/ccs,141,1,True,1,HIGH
H1,1,m84137_260214_004236_s1/207163793/ccs,141,1,True,1,HIGH
H1,1,m84137_260214_004236_s1/11671227/ccs,141,1,True,1,HIGH
H1,1,m84137_260214_004236_s1/56170373/ccs,141,1,True,1,HIGH
H1,1,m84137_260214_004236_s1/231543989/ccs,141,1,True,1,HIGH
H1,1,m84137_260214_004236_s1/181602433/ccs,141,1,True,1,HIGH
H1,1,m84137_260214_004236_s1/60102338/ccs,141,1,True,1,HIGH
H1,1,m84137_260214_004236_s1/192153773/ccs,142,2,True,2,HIGH
H1,1,m84137_260214_004236_s1/97517751/ccs,139,2,True,2,HIGH
H1,1,m84137_260214_004236_s1/197657054/ccs,142,2,True,2,HIGH
H1,1,m84137_260214_004236_s1/236656562/ccs,142,2,True,2,HIGH
H1,1,m84137_260214_004236_s1/55773683/ccs,142,0,False,0,HIGH
H1,1,m84137_260214_004236_s1/255787545/ccs,144,1,True,1,HIGH
H1,1,m84137_260214_004236_s1/237568582/ccs,144,1,True,1,HIGH
H1,1,m84137_260214_004236_s1/239143531/ccs,144,1,True,1,HIGH
H1,1,m84137_260214_004236_s1/249168733/ccs,144,1,True,1,HIGH
H1,1,m84137_260214_004236_s1/79562720/ccs,144,1,True,1,HIGH
H1,1,m84137_260214_004236_s1/188155693/ccs,144,1,True,1,HIGH
H1,1,m84137_260214_004236_s1/162597198/ccs,144,1,True,1,HIGH
H1,1,m84137_260214_004236_s1/163250272/ccs,144,1,True,1,HIGH
H1,1,m84137_260214_004236_s1/180684952/ccs,144,1,True,1,HIGH
H1,1,m84137_260214_004236_s1/75895523/ccs,144,1,True,1,HIGH
H1,1,m84137_260214_004236_s1/129830964/ccs,144,1,True,1,HIGH
H1,1,m84137_260214_004236_s1/241110072/ccs,144,1,True,1,HIGH
H1,1,m84137_260214_004236_s1/135727482/ccs,144,1,True,1,HIGH
H1,1,m84137_260214_004236_s1/259135289/ccs,144,1,True,1,HIGH
H1,1,m84137_260214_004236_s1/235013196/ccs,144,1,True,1,HIGH
H1,1,m84137_260214_004236_s1/204407265/ccs,144,1,True,1,HIGH
H1,1,m84137_260214_004236_s1/5898744/ccs,144,1,True,1,HIGH
H1,1,m84137_260214_004236_s1/38667776/ccs,144,1,True,1,HIGH
H1,1,m84137_260214_004236_s1/151848780/ccs,144,1,True,1,HIGH
H1,1,m84137_260214_004236_s1/75435087/ccs,144,1,True,1,HIGH
H1,1,m84137_260214_004236_s1/159978415/ccs,144,1,True,1,HIGH
H1,1,m84137_260214_004236_s1/228657724/ccs,144,1,True,1,HIGH
H1,1,m84137_260214_004236_s1/194189138/ccs,144,1,True,1,HIGH
H1,1,m84137_260214_004236_s1/205919183/ccs,144,1,True,1,HIGH
H1,1,m84137_260214_004236_s1/28445762/ccs,144,1,True,1,HIGH
H1,1,m84137_260214_004236_s1/221906781/ccs,144,1,True,1,HIGH
H1,1,m84137_260214_004236_s1/74779696/ccs,144,1,True,1,HIGH
H1,1,m84137_260214_004236_s1/13112426/ccs,144,1,True,1,HIGH
H1,1,m84137_260214_004236_s1/97982240/ccs,144,1,True,1,HIGH
H1,1,m84137_260214_004236_s1/19006249/ccs,144,1,True,1,HIGH
H1,1,m84137_260214_004236_s1/4587663/ccs,144,1,True,1,HIGH
H1,1,m84137_260214_004236_s1/108137071/ccs,144,1,True,1,HIGH
H1,1,m84137_260214_004236_s1/13764158/ccs,144,1,True,1,HIGH
H1,1,m84137_260214_004236_s1/20513553/ccs,144,1,True,1,HIGH
H1,1,m84137_260214_004236_s1/9898965/ccs,144,1,True,1,HIGH
H1,1,m84137_260214_004236_s1/45613367/ccs,144,1,True,1,HIGH
H1,1,m84137_260214_004236_s1/191825574/ccs,144,1,True,1,HIGH
H1,1,m84137_260214_004236_s1/264243362/ccs,144,1,True,1,HIGH
H1,1,m84137_260214_004236_s1/189794754/ccs,144,1,True,1,HIGH
H1,1,m84137_260214_004236_s1/128849304/ccs,144,1,True,1,HIGH
H1,1,m84137_260214_004236_s1/250020694/ccs,144,1,True,1,HIGH
H1,1,m84137_260214_004236_s1/67962097/ccs,144,1,True,1,HIGH
H1,1,m84137_260214_004236_s1/73531984/ccs,144,1,True,1,HIGH
H1,1,m84137_260214_004236_s1/95554286/ccs,144,1,True,1,HIGH
H1,1,m84137_260214_004236_s1/247924297/ccs,144,1,True,1,HIGH
H1,1,m84137_260214_004236_s1/245891756/ccs,144,1,True,1,HIGH
H1,1,m84137_260214_004236_s1/32706623/ccs,144,1,True,1,HIGH
H1,1,m84137_260214_004236_s1/106498684/ccs,144,1,True,1,HIGH
H1,1,m84137_260214_004236_s1/103549766/ccs,144,1,True,1,HIGH
H1,1,m84137_260214_004236_s1/111283050/ccs,144,1,True,1,HIGH
H1,1,m84137_260214_004236_s1/111545299/ccs,144,1,True,1,HIGH
H1,1,m84137_260214_004236_s1/191499713/ccs,144,1,True,1,HIGH
H1,1,m84137_260214_004236_s1/189207506/ccs,144,1,True,1,HIGH
H1,1,m84137_260214_004236_s1/20779624/ccs,144,1,True,1,HIGH
H1,1,m84137_260214_004236_s1/214631406/ccs,144,1,True,1,HIGH
H1,1,m84137_260214_004236_s1/182061009/ccs,145,2,True,2,HIGH
H1,1,m84137_260214_004236_s1/238027499/ccs,146,0,False,0,HIGH
H1,1,m84137_260214_004236_s1/234881600/ccs,142,0,False,0,HIGH
H1,1,m84137_260214_004236_s1/4985741/ccs,141,0,False,0,HIGH
H1,1,m84137_260214_004236_s1/217448607/ccs,147,1,True,1,HIGH
H1,1,m84137_260214_004236_s1/237700405/ccs,147,1,True,1,HIGH
H1,1,m84137_260214_004236_s1/244189391/ccs,147,1,True,1,HIGH
H1,1,m84137_260214_004236_s1/261358310/ccs,147,1,True,1,HIGH
H1,1,m84137_260214_004236_s1/163579829/ccs,147,1,True,1,HIGH
H1,1,m84137_260214_004236_s1/35458412/ccs,147,1,True,1,HIGH
H1,1,m84137_260214_004236_s1/76811705/ccs,147,1,True,1,HIGH
H1,1,m84137_260214_004236_s1/131469412/ccs,147,1,True,1,HIGH
H1,1,m84137_260214_004236_s1/157226466/ccs,147,1,True,1,HIGH
H1,1,m84137_260214_004236_s1/209850769/ccs,147,1,True,1,HIGH
H1,1,m84137_260214_004236_s1/239865344/ccs,153,1,True,1,HIGH
H1,1,m84137_260214_004236_s1/213517304/ccs,147,1,True,1,HIGH
H1,1,m84137_260214_004236_s1/15008098/ccs,147,1,True,1,HIGH
H1,1,m84137_260214_004236_s1/16386035/ccs,147,1,True,1,HIGH
H1,1,m84137_260214_004236_s1/155190184/ccs,147,1,True,1,HIGH
H1,1,m84137_260214_004236_s1/147260281/ccs,147,1,True,1,HIGH
H1,1,m84137_260214_004236_s1/58526341/ccs,147,1,True,1,HIGH
H1,1,m84137_260214_004236_s1/104270571/ccs,144,1,True,1,HIGH
H1,1,m84137_260214_004236_s1/103355889/ccs,147,1,True,1,HIGH
H1,1,m84137_260214_004236_s1/210306724/ccs,147,1,True,1,HIGH
H1,1,m84137_260214_004236_s1/117901732/ccs,147,1,True,1,HIGH
H1,1,m84137_260214_004236_s1/72615394/ccs,147,1,True,1,HIGH
H1,1,m84137_260214_004236_s1/148111401/ccs,144,1,True,1,HIGH
H1,1,m84137_260214_004236_s1/205128380/ccs,147,1,True,1,HIGH
H1,1,m84137_260214_004236_s1/169742388/ccs,147,1,True,1,HIGH
H1,1,m84137_260214_004236_s1/19990367/ccs,147,1,True,1,HIGH
H1,1,m84137_260214_004236_s1/30540174/ccs,147,1,True,1,HIGH
H1,1,m84137_260214_004236_s1/51645014/ccs,147,1,True,1,HIGH
H1,1,m84137_260214_004236_s1/163645725/ccs,147,1,True,1,HIGH
H1,1,m84137_260214_004236_s1/166725714/ccs,147,1,True,1,HIGH
H1,1,m84137_260214_004236_s1/191037773/ccs,147,1,True,1,HIGH
H1,1,m84137_260214_004236_s1/253037187/ccs,147,1,True,1,HIGH
H1,1,m84137_260214_004236_s1/235734115/ccs,147,1,True,1,HIGH
H1,1,m84137_260214_004236_s1/137171973/ccs,147,1,True,1,HIGH
H1,1,m84137_260214_004236_s1/95882850/ccs,147,1,True,1,HIGH
H1,1,m84137_260214_004236_s1/172822366/ccs,147,1,True,1,HIGH
H1,1,m84137_260214_004236_s1/254283631/ccs,147,1,True,1,HIGH
H1,1,m84137_260214_004236_s1/102301922/ccs,147,1,True,1,HIGH
H1,1,m84137_260214_004236_s1/261030667/ccs,147,1,True,1,HIGH
H1,1,m84137_260214_004236_s1/127076380/ccs,147,1,True,1,HIGH
H1,1,m84137_260214_004236_s1/224726198/ccs,147,1,True,1,HIGH
H1,1,m84137_260214_004236_s1/210046931/ccs,147,1,True,1,HIGH
H1,1,m84137_260214_004236_s1/211750067/ccs,147,1,True,1,HIGH
H1,1,m84137_260214_004236_s1/266929637/ccs,147,1,True,1,HIGH
H1,1,m84137_260214_004236_s1/9310186/ccs,147,1,True,1,HIGH
H1,1,m84137_260214_004236_s1/123473865/ccs,147,1,True,1,HIGH
H1,1,m84137_260214_004236_s1/207423415/ccs,148,2,True,2,HIGH
H1,1,m84137_260214_004236_s1/224855079/ccs,149,0,False,0,HIGH
H1,1,m84137_260214_004236_s1/4982489/ccs,150,1,True,1,HIGH
H1,1,m84137_260214_004236_s1/156829517/ccs,150,1,True,1,HIGH
H1,1,m84137_260214_004236_s1/158926969/ccs,150,1,True,1,HIGH
H1,1,m84137_260214_004236_s1/61937241/ccs,150,1,True,1,HIGH
H1,1,m84137_260214_004236_s1/110171377/ccs,150,1,True,1,HIGH
H1,1,m84137_260214_004236_s1/210767423/ccs,150,1,True,1,HIGH
H1,1,m84137_260214_004236_s1/131269015/ccs,150,1,True,1,HIGH
H1,1,m84137_260214_004236_s1/144379663/ccs,150,1,True,1,HIGH
H1,1,m84137_260214_004236_s1/210829693/ccs,150,1,True,1,HIGH
H1,1,m84137_260214_004236_s1/166597609/ccs,150,1,True,1,HIGH
H1,1,m84137_260214_004236_s1/99550031/ccs,150,1,True,1,HIGH
H1,1,m84137_260214_004236_s1/245632758/ccs,150,1,True,1,HIGH
H1,1,m84137_260214_004236_s1/198574195/ccs,150,1,True,1,HIGH
H1,1,m84137_260214_004236_s1/184025856/ccs,156,1,True,1,HIGH
H1,1,m84137_260214_004236_s1/201789951/ccs,150,1,True,1,HIGH
H1,1,m84137_260214_004236_s1/214111466/ccs,150,1,True,1,HIGH
H1,1,m84137_260214_004236_s1/171706802/ccs,150,1,True,1,HIGH
H1,1,m84137_260214_004236_s1/210504691/ccs,150,1,True,1,HIGH
H1,1,m84137_260214_004236_s1/212797107/ccs,150,1,True,1,HIGH
H1,1,m84137_260214_004236_s1/229050764/ccs,150,1,True,1,HIGH
H1,1,m84137_260214_004236_s1/90639563/ccs,150,1,True,1,HIGH
H1,1,m84137_260214_004236_s1/95424756/ccs,150,1,True,1,HIGH
H1,1,m84137_260214_004236_s1/76549576/ccs,150,1,True,1,HIGH
H1,1,m84137_260214_004236_s1/120130535/ccs,150,1,True,1,HIGH
H1,1,m84137_260214_004236_s1/72679784/ccs,151,2,True,2,HIGH
H1,1,m84137_260214_004236_s1/96273784/ccs,152,0,False,0,HIGH
H1,1,m84137_260214_004236_s1/123931052/ccs,152,0,False,0,HIGH
H1,1,m84137_260214_004236_s1/94180800/ccs,153,1,True,1,HIGH
H1,1,m84137_260214_004236_s1/58655608/ccs,150,1,True,1,HIGH
H1,1,m84137_260214_004236_s1/240916127/ccs,153,1,True,1,HIGH
H1,1,m84137_260214_004236_s1/54595351/ccs,153,1,True,1,HIGH
H1,1,m84137_260214_004236_s1/235539299/ccs,153,1,True,1,HIGH
H1,1,m84137_260214_004236_s1/226099303/ccs,153,1,True,1,HIGH
H1,1,m84137_260214_004236_s1/13239724/ccs,153,1,True,1,HIGH
H1,1,m84137_260214_004236_s1/138217597/ccs,153,1,True,1,HIGH
H1,1,m84137_260214_004236_s1/99160043/ccs,153,1,True,1,HIGH
H1,1,m84137_260214_004236_s1/86640789/ccs,153,1,True,1,HIGH
H1,1,m84137_260214_004236_s1/264374194/ccs,153,1,True,1,HIGH
H1,1,m84137_260214_004236_s1/37884285/ccs,153,1,True,1,HIGH
H1,1,m84137_260214_004236_s1/239602079/ccs,154,2,True,2,HIGH
H1,1,m84137_260214_004236_s1/43912421/ccs,156,1,True,1,HIGH
H1,1,m84137_260214_004236_s1/142610643/ccs,156,1,True,1,HIGH
H1,1,m84137_260214_004236_s1/199824611/ccs,156,1,True,1,HIGH
H1,1,m84137_260214_004236_s1/265557155/ccs,156,1,True,1,HIGH
H1,1,m84137_260214_004236_s1/176886649/ccs,156,1,True,1,HIGH
H1,1,m84137_260214_004236_s1/171247610/ccs,156,1,True,1,HIGH
H1,1,m84137_260214_004236_s1/172163802/ccs,156,1,True,1,HIGH
H1,1,m84137_260214_004236_s1/22085776/ccs,156,1,True,1,HIGH
H1,1,m84137_260214_004236_s1/15927958/ccs,156,1,True,1,HIGH
H1,1,m84137_260214_004236_s1/241109075/ccs,156,1,True,1,HIGH
H1,1,m84137_260214_004236_s1/72025769/ccs,156,1,True,1,HIGH
H1,1,m84137_260214_004236_s1/14817036/ccs,156,1,True,1,HIGH
H1,1,m84137_260214_004236_s1/29824513/ccs,159,1,True,1,HIGH
H1,1,m84137_260214_004236_s1/61539542/ccs,159,1,True,1,HIGH
H1,1,m84137_260214_004236_s1/25428765/ccs,159,1,True,1,HIGH
H1,1,m84137_260214_004236_s1/163317875/ccs,159,1,True,1,HIGH
H1,1,m84137_260214_004236_s1/53609406/ccs,159,1,True,1,HIGH
H1,1,m84137_260214_004236_s1/145560408/ccs,159,1,True,1,HIGH
H1,1,m84137_260214_004236_s1/78974894/ccs,156,1,True,1,HIGH
H1,1,m84137_260214_004236_s1/81003231/ccs,159,1,True,1,HIGH
H1,1,m84137_260214_004236_s1/126552328/ccs,157,2,True,2,HIGH
H1,1,m84137_260214_004236_s1/58199146/ccs,159,1,True,1,HIGH
H1,1,m84137_260214_004236_s1/190580559/ccs,162,1,True,1,HIGH
H1,1,m84137_260214_004236_s1/227411215/ccs,162,1,True,1,HIGH
H1,1,m84137_260214_004236_s1/160044805/ccs,162,1,True,1,HIGH
H1,1,m84137_260214_004236_s1/93195118/ccs,162,1,True,1,HIGH
H1,1,m84137_260214_004236_s1/203756170/ccs,162,1,True,1,HIGH
H1,1,m84137_260214_004236_s1/35656043/ccs,162,1,True,1,HIGH
H1,1,m84137_260214_004236_s1/44238429/ccs,165,1,True,1,HIGH
H1,1,m84137_260214_004236_s1/118165713/ccs,165,1,True,1,HIGH
H1,1,m84137_260214_004236_s1/198118315/ccs,165,1,True,1,HIGH
H1,1,m84137_260214_004236_s1/255394037/ccs,165,1,True,1,HIGH
H1,1,m84137_260214_004236_s1/103157687/ccs,165,1,True,1,HIGH
H1,1,m84137_260214_004236_s1/232588853/ccs,166,2,True,2,HIGH
H1,1,m84137_260214_004236_s1/112463268/ccs,168,2,True,2,HIGH
H1,1,m84137_260214_004236_s1/168362965/ccs,171,1,True,1,HIGH
H1,1,m84137_260214_004236_s1/128648160/ccs,171,1,True,1,HIGH
H1,1,m84137_260214_004236_s1/118887540/ccs,171,1,True,1,HIGH
H1,1,m84137_260214_004236_s1/174262461/ccs,174,1,True,1,HIGH
H1,1,m84137_260214_004236_s1/40175216/ccs,174,1,True,1,HIGH
H1,1,m84137_260214_004236_s1/81528138/ccs,174,1,True,1,HIGH
H1,1,m84137_260214_004236_s1/34149804/ccs,179,0,False,0,HIGH
H1,1,m84137_260214_004236_s1/139793119/ccs,186,1,True,1,HIGH
H1,1,m84137_260214_004236_s1/184026940/ccs,186,1,True,1,HIGH
H1,1,m84137_260214_004236_s1/72221613/ccs,189,1,True,1,HIGH
H1,1,m84137_260214_004236_s1/111216390/ccs,189,1,True,1,HIGH
H1,1,m84137_260214_004236_s1/148051734/ccs,192,1,True,1,HIGH
H1,1,m84137_260214_004236_s1/246090609/ccs,201,1,True,1,HIGH
H1,1,m84137_260214_004236_s1/101455502/ccs,195,1,True,1,HIGH
H1,1,m84137_260214_004236_s1/171508354/ccs,195,1,True,1,HIGH
H1,1,m84137_260214_004236_s1/180095781/ccs,195,1,True,1,HIGH
H1,1,m84137_260214_004236_s1/186255284/ccs,195,1,True,1,HIGH
H1,1,m84137_260214_004236_s1/18285712/ccs,198,1,True,1,HIGH
H1,1,m84137_260214_004236_s1/98042151/ccs,198,1,True,1,HIGH
H1,1,m84137_260214_004236_s1/97976905/ccs,198,1,True,1,HIGH
H1,1,m84137_260214_004236_s1/22744906/ccs,201,1,True,1,HIGH
H1,1,m84137_260214_004236_s1/55378685/ccs,202,0,False,0,HIGH
H1,1,m84137_260214_004236_s1/79170850/ccs,204,1,True,1,HIGH
H1,1,m84137_260214_004236_s1/257038192/ccs,205,2,True,2,HIGH
H1,1,m84137_260214_004236_s1/169148885/ccs,207,1,True,1,HIGH
H1,1,m84137_260214_004236_s1/61216631/ccs,213,1,True,1,HIGH
H1,1,m84137_260214_004236_s1/49155605/ccs,207,1,True,1,HIGH
H1,1,m84137_260214_004236_s1/202378601/ccs,209,0,False,0,HIGH
H1,1,m84137_260214_004236_s1/138739807/ccs,210,1,True,1,HIGH
H1,1,m84137_260214_004236_s1/145883270/ccs,216,1,True,1,HIGH
H1,1,m84137_260214_004236_s1/124715337/ccs,216,1,True,1,HIGH
H1,1,m84137_260214_004236_s1/171115530/ccs,222,1,True,1,HIGH
H1,1,m84137_260214_004236_s1/170787022/ccs,224,0,False,0,HIGH
H1,1,m84137_260214_004236_s1/237572297/ccs,241,2,True,2,HIGH
H1,1,m84137_260214_004236_s1/149557566/ccs,240,1,True,1,HIGH
H1,1,m84137_260214_004236_s1/52235762/ccs,240,1,True,1,HIGH
H1,1,m84137_260214_004236_s1/143852257/ccs,243,1,True,1,HIGH
H1,1,m84137_260214_004236_s1/21565468/ccs,243,1,True,1,HIGH
H1,1,m84137_260214_004236_s1/32442017/ccs,267,1,True,1,HIGH
H1,1,m84137_260214_004236_s1/189466735/ccs,285,1,True,1,HIGH
H1,1,m84137_260214_004236_s1/84415457/ccs,285,1,True,1,HIGH
H1,1,m84137_260214_004236_s1/90637324/ccs,297,1,True,1,HIGH
H1,1,m84137_260214_004236_s1/65077752/ccs,294,1,True,1,HIGH
H1,1,m84137_260214_004236_s1/135272232/ccs,306,1,True,1,HIGH
H1,1,m84137_260214_004236_s1/58261655/ccs,333,1,True,1,HIGH
H1,1,m84137_260214_004236_s1/101454288/ccs,405,1,True,1,HIGH
H1,1,m84137_260214_004236_s1/194384599/ccs,438,1,True,1,HIGH
H1,1,m84137_260214_004236_s1/124651419/ccs,435,1,True,1,HIGH
H1,1,m84137_260214_004236_s1/33427283/ccs,471,1,True,1,HIGH
H1,1,m84137_260214_004236_s1/35262710/ccs,483,1,True,1,HIGH
H1,1,m84137_260214_004236_s1/129632088/ccs,504,1,True,1,HIGH
H1,1,m84137_260214_004236_s1/165548065/ccs,537,1,True,1,HIGH
H1,1,m84137_260214_004236_s1/171575776/ccs,549,1,True,1,HIGH
H1,1,m84137_260214_004236_s1/166464690/ccs,624,1,True,1,HIGH
H1,1,m84137_260214_004236_s1/207750403/ccs,708,1,True,1,HIGH
H1,1,m84137_260214_004236_s1/109253695/ccs,711,1,True,1,HIGH
H1,1,m84137_260214_004236_s1/254807744/ccs,807,0,False,0,HIGH
H1,1,m84137_260214_004236_s1/250480546/ccs,837,0,False,0,HIGH
H1,1,m84137_260214_004236_s1/188743725/ccs,870,0,False,0,HIGH
H1,1,m84137_260214_004236_s1/142083520/ccs,987,0,False,0,HIGH
H1,1,m84137_260214_004236_s1/26479609/ccs,1008,0,False,0,HIGH
H1,1,m84137_260214_004236_s1/29885912/ccs,1179,0,False,0,HIGH
H1,1,m84137_260214_004236_s1/246026174/ccs,1846,1,True,1,HIGH
H1,1,m84137_260214_004236_s1/124125631/ccs,3008,2,True,2,HIGH
H1,1,m84137_260214_004236_s1/222167530/ccs,4180,1,True,1,HIGH
H1,1,m84137_260214_004236_s1/14815194/ccs,196,0,False,0,HIGH
H1,1,m84137_260214_004236_s1/55115834/ccs,131,0,False,0,HIGH
H1,1,m84137_260214_004236_s1/76615118/ccs,136,1,True,1,HIGH
H1,1,m84137_260214_004236_s1/26677939/ccs,127,2,True,2,HIGH
H1,1,m84137_260214_004236_s1/217191038/ccs,129,0,False,0,HIGH
H1,1,m84137_260214_004236_s1/135991485/ccs,118,0,False,0,HIGH
H1,1,m84137_260214_004236_s1/34018995/ccs,133,2,True,2,HIGH
H1,1,m84137_260214_004236_s1/80612642/ccs,123,1,True,1,HIGH
H1,1,m84137_260214_004236_s1/114888134/ccs,123,1,True,1,HIGH
H1,1,m84137_260214_004236_s1/138084631/ccs,123,1,True,1,HIGH
H1,1,m84137_260214_004236_s1/27199347/ccs,126,1,True,1,HIGH
H1,1,m84137_260214_004236_s1/199493021/ccs,126,1,True,1,HIGH
H1,1,m84137_260214_004236_s1/71307148/ccs,126,1,True,1,HIGH
H1,1,m84137_260214_004236_s1/185078584/ccs,126,1,True,1,HIGH
H1,1,m84137_260214_004236_s1/82316317/ccs,126,1,True,1,HIGH
H1,1,m84137_260214_004236_s1/70128889/ccs,126,1,True,1,HIGH
H1,1,m84137_260214_004236_s1/166201623/ccs,126,1,True,1,HIGH
H1,1,m84137_260214_004236_s1/189268028/ccs,126,1,True,1,HIGH
H1,1,m84137_260214_004236_s1/41031017/ccs,126,1,True,1,HIGH
H1,1,m84137_260214_004236_s1/80088059/ccs,126,1,True,1,HIGH
H1,1,m84137_260214_004236_s1/168826227/ccs,126,2,True,2,HIGH
H1,1,m84137_260214_004236_s1/40043989/ccs,129,0,False,0,HIGH
H1,1,m84137_260214_004236_s1/55577609/ccs,129,0,False,0,HIGH
H1,1,m84137_260214_004236_s1/175965990/ccs,129,1,True,1,HIGH
H1,1,m84137_260214_004236_s1/17105220/ccs,129,1,True,1,HIGH
H1,1,m84137_260214_004236_s1/6687640/ccs,129,1,True,1,HIGH
H1,1,m84137_260214_004236_s1/55445247/ccs,129,1,True,1,HIGH
H1,1,m84137_260214_004236_s1/88017102/ccs,129,1,True,1,HIGH
H1,1,m84137_260214_004236_s1/206831994/ccs,129,1,True,1,HIGH
H1,1,m84137_260214_004236_s1/174002728/ccs,129,1,True,1,HIGH
H1,1,m84137_260214_004236_s1/205000706/ccs,129,1,True,1,HIGH
H1,1,m84137_260214_004236_s1/80481785/ccs,129,1,True,1,HIGH
H1,1,m84137_260214_004236_s1/168887915/ccs,129,1,True,1,HIGH
H1,1,m84137_260214_004236_s1/138482656/ccs,129,1,True,1,HIGH
H1,1,m84137_260214_004236_s1/173477186/ccs,129,1,True,1,HIGH
H1,1,m84137_260214_004236_s1/26477619/ccs,129,1,True,1,HIGH
H1,1,m84137_260214_004236_s1/101975608/ccs,129,1,True,1,HIGH
H1,1,m84137_260214_004236_s1/164694708/ccs,129,1,True,1,HIGH
H1,1,m84137_260214_004236_s1/192153308/ccs,129,1,True,1,HIGH
H1,1,m84137_260214_004236_s1/221380722/ccs,129,1,True,1,HIGH
H1,1,m84137_260214_004236_s1/256835933/ccs,129,1,True,1,HIGH
H1,1,m84137_260214_004236_s1/243599088/ccs,135,1,True,1,HIGH
H1,1,m84137_260214_004236_s1/245826613/ccs,129,1,True,1,HIGH
H1,1,m84137_260214_004236_s1/23269266/ccs,129,1,True,1,HIGH
H1,1,m84137_260214_004236_s1/100798642/ccs,129,1,True,1,HIGH
H1,1,m84137_260214_004236_s1/246747110/ccs,129,1,True,1,HIGH
H1,1,m84137_260214_004236_s1/229575430/ccs,129,1,True,1,HIGH
H1,1,m84137_260214_004236_s1/6096321/ccs,129,1,True,1,HIGH
H1,1,m84137_260214_004236_s1/30933600/ccs,129,1,True,1,HIGH
H1,1,m84137_260214_004236_s1/32311900/ccs,129,1,True,1,HIGH
H1,1,m84137_260214_004236_s1/16646617/ccs,129,1,True,1,HIGH
H1,1,m84137_260214_004236_s1/98371020/ccs,129,1,True,1,HIGH
H1,1,m84137_260214_004236_s1/122294332/ccs,129,1,True,1,HIGH
H1,1,m84137_260214_004236_s1/96470075/ccs,129,1,True,1,HIGH
H1,1,m84137_260214_004236_s1/213257961/ccs,135,1,True,1,HIGH
H1,1,m84137_260214_004236_s1/116594182/ccs,129,1,True,1,HIGH
H1,1,m84137_260214_004236_s1/168824151/ccs,129,1,True,1,HIGH
H1,1,m84137_260214_004236_s1/44765640/ccs,129,1,True,1,HIGH
H1,1,m84137_260214_004236_s1/220073212/ccs,129,1,True,1,HIGH
H1,1,m84137_260214_004236_s1/151456185/ccs,129,1,True,1,HIGH
H1,1,m84137_260214_004236_s1/26743897/ccs,129,1,True,1,HIGH
H1,1,m84137_260214_004236_s1/59249210/ccs,129,1,True,1,HIGH
H1,1,m84137_260214_004236_s1/16389280/ccs,129,1,True,1,HIGH
H1,1,m84137_260214_004236_s1/204801270/ccs,129,1,True,1,HIGH
H1,1,m84137_260214_004236_s1/169215906/ccs,129,1,True,1,HIGH
H1,1,m84137_260214_004236_s1/259851344/ccs,129,1,True,1,HIGH
H1,1,m84137_260214_004236_s1/243141568/ccs,129,1,True,1,HIGH
H1,1,m84137_260214_004236_s1/248056695/ccs,129,1,True,1,HIGH
H1,1,m84137_260214_004236_s1/37293541/ccs,129,1,True,1,HIGH
H1,1,m84137_260214_004236_s1/202835413/ccs,129,1,True,1,HIGH
H1,1,m84137_260214_004236_s1/115736821/ccs,129,1,True,1,HIGH
H1,1,m84137_260214_004236_s1/103878621/ccs,130,2,True,2,HIGH
H1,1,m84137_260214_004236_s1/6883629/ccs,130,2,True,2,HIGH
H1,1,m84137_260214_004236_s1/71765527/ccs,132,1,True,1,HIGH
H1,1,m84137_260214_004236_s1/161022792/ccs,132,1,True,1,HIGH
H1,1,m84137_260214_004236_s1/16847697/ccs,132,1,True,1,HIGH
H1,1,m84137_260214_004236_s1/47846329/ccs,132,1,True,1,HIGH
H1,1,m84137_260214_004236_s1/167054464/ccs,132,1,True,1,HIGH
H1,1,m84137_260214_004236_s1/196482578/ccs,132,1,True,1,HIGH
H1,1,m84137_260214_004236_s1/100601335/ccs,132,1,True,1,HIGH
H1,1,m84137_260214_004236_s1/146478953/ccs,132,1,True,1,HIGH
H1,1,m84137_260214_004236_s1/202509383/ccs,132,1,True,1,HIGH
H1,1,m84137_260214_004236_s1/226886398/ccs,132,1,True,1,HIGH
H1,1,m84137_260214_004236_s1/142284490/ccs,132,1,True,1,HIGH
H1,1,m84137_260214_004236_s1/112002225/ccs,132,1,True,1,HIGH
H1,1,m84137_260214_004236_s1/243272495/ccs,132,1,True,1,HIGH
H1,1,m84137_260214_004236_s1/220072613/ccs,132,1,True,1,HIGH
H1,1,m84137_260214_004236_s1/121374686/ccs,132,1,True,1,HIGH
H1,1,m84137_260214_004236_s1/59837241/ccs,132,1,True,1,HIGH
H1,1,m84137_260214_004236_s1/114166323/ccs,132,1,True,1,HIGH
H1,1,m84137_260214_004236_s1/231145600/ccs,132,1,True,1,HIGH
H1,1,m84137_260214_004236_s1/258212457/ccs,132,1,True,1,HIGH
H1,1,m84137_260214_004236_s1/67177663/ccs,132,1,True,1,HIGH
H1,1,m84137_260214_004236_s1/70652331/ccs,132,1,True,1,HIGH
H1,1,m84137_260214_004236_s1/135926056/ccs,132,1,True,1,HIGH
H1,1,m84137_260214_004236_s1/148507654/ccs,132,1,True,1,HIGH
H1,1,m84137_260214_004236_s1/11666638/ccs,132,1,True,1,HIGH
H1,1,m84137_260214_004236_s1/18678954/ccs,132,1,True,1,HIGH
H1,1,m84137_260214_004236_s1/55904843/ccs,132,1,True,1,HIGH
H1,1,m84137_260214_004236_s1/36309388/ccs,132,1,True,1,HIGH
H1,1,m84137_260214_004236_s1/58328634/ccs,132,1,True,1,HIGH
H1,1,m84137_260214_004236_s1/60556127/ccs,132,1,True,1,HIGH
H1,1,m84137_260214_004236_s1/55380398/ccs,132,1,True,1,HIGH
H1,1,m84137_260214_004236_s1/68289351/ccs,132,1,True,1,HIGH
H1,1,m84137_260214_004236_s1/49612635/ccs,132,1,True,1,HIGH
H1,1,m84137_260214_004236_s1/87622735/ccs,132,1,True,1,HIGH
H1,1,m84137_260214_004236_s1/94635608/ccs,132,1,True,1,HIGH
H1,1,m84137_260214_004236_s1/77728732/ccs,132,1,True,1,HIGH
H1,1,m84137_260214_004236_s1/123602688/ccs,132,1,True,1,HIGH
H1,1,m84137_260214_004236_s1/107743801/ccs,132,1,True,1,HIGH
H1,1,m84137_260214_004236_s1/111871952/ccs,132,1,True,1,HIGH
H1,1,m84137_260214_004236_s1/103415923/ccs,132,1,True,1,HIGH
H1,1,m84137_260214_004236_s1/105645019/ccs,132,1,True,1,HIGH
H1,1,m84137_260214_004236_s1/152372560/ccs,132,1,True,1,HIGH
H1,1,m84137_260214_004236_s1/142674856/ccs,132,1,True,1,HIGH
H1,1,m84137_260214_004236_s1/139593683/ccs,132,1,True,1,HIGH
H1,1,m84137_260214_004236_s1/161350538/ccs,132,1,True,1,HIGH
H1,1,m84137_260214_004236_s1/147652902/ccs,132,1,True,1,HIGH
H1,1,m84137_260214_004236_s1/196019675/ccs,132,1,True,1,HIGH
H1,1,m84137_260214_004236_s1/150798503/ccs,132,1,True,1,HIGH
H1,1,m84137_260214_004236_s1/193135964/ccs,132,1,True,1,HIGH
H1,1,m84137_260214_004236_s1/200280745/ccs,132,1,True,1,HIGH
H1,1,m84137_260214_004236_s1/221053389/ccs,132,1,True,1,HIGH
H1,1,m84137_260214_004236_s1/221774785/ccs,132,1,True,1,HIGH
H1,1,m84137_260214_004236_s1/209519927/ccs,132,1,True,1,HIGH
H1,1,m84137_260214_004236_s1/251660171/ccs,132,1,True,1,HIGH
H1,1,m84137_260214_004236_s1/227737833/ccs,132,1,True,1,HIGH
H1,1,m84137_260214_004236_s1/234947671/ccs,132,1,True,1,HIGH
H1,1,m84137_260214_004236_s1/238814719/ccs,132,1,True,1,HIGH
H1,1,m84137_260214_004236_s1/264438385/ccs,132,1,True,1,HIGH
H1,1,m84137_260214_004236_s1/18028111/ccs,132,1,True,1,HIGH
H1,1,m84137_260214_004236_s1/249169494/ccs,132,1,True,1,HIGH
H1,1,m84137_260214_004236_s1/3935559/ccs,132,1,True,1,HIGH
H1,1,m84137_260214_004236_s1/28447296/ccs,132,1,True,1,HIGH
H1,1,m84137_260214_004236_s1/28511381/ccs,132,1,True,1,HIGH
H1,1,m84137_260214_004236_s1/39130424/ccs,132,1,True,1,HIGH
H1,1,m84137_260214_004236_s1/41031198/ccs,132,1,True,1,HIGH
H1,1,m84137_260214_004236_s1/44175699/ccs,132,1,True,1,HIGH
H1,1,m84137_260214_004236_s1/45749933/ccs,132,1,True,1,HIGH
H1,1,m84137_260214_004236_s1/72815072/ccs,132,1,True,1,HIGH
H1,1,m84137_260214_004236_s1/61411153/ccs,132,1,True,1,HIGH
H1,1,m84137_260214_004236_s1/70978933/ccs,132,1,True,1,HIGH
H1,1,m84137_260214_004236_s1/89461445/ccs,132,1,True,1,HIGH
H1,1,m84137_260214_004236_s1/92344549/ccs,132,1,True,1,HIGH
H1,1,m84137_260214_004236_s1/76944233/ccs,132,1,True,1,HIGH
H1,1,m84137_260214_004236_s1/118888097/ccs,132,1,True,1,HIGH
H1,1,m84137_260214_004236_s1/78451723/ccs,132,1,True,1,HIGH
H1,1,m84137_260214_004236_s1/81203010/ccs,132,1,True,1,HIGH
H1,1,m84137_260214_004236_s1/129177404/ccs,132,1,True,1,HIGH
H1,1,m84137_260214_004236_s1/109711284/ccs,132,1,True,1,HIGH
H1,1,m84137_260214_004236_s1/130878787/ccs,132,1,True,1,HIGH
H1,1,m84137_260214_004236_s1/136646144/ccs,132,1,True,1,HIGH
H1,1,m84137_260214_004236_s1/142218169/ccs,132,1,True,1,HIGH
H1,1,m84137_260214_004236_s1/159387871/ccs,132,1,True,1,HIGH
H1,1,m84137_260214_004236_s1/185797657/ccs,135,1,True,1,HIGH
H1,1,m84137_260214_004236_s1/147918626/ccs,132,1,True,1,HIGH
H1,1,m84137_260214_004236_s1/198315185/ccs,132,1,True,1,HIGH
H1,1,m84137_260214_004236_s1/203951116/ccs,132,1,True,1,HIGH
H1,1,m84137_260214_004236_s1/184028970/ccs,132,1,True,1,HIGH
H1,1,m84137_260214_004236_s1/216535333/ccs,132,1,True,1,HIGH
H1,1,m84137_260214_004236_s1/265949195/ccs,132,1,True,1,HIGH
H1,1,m84137_260214_004236_s1/72420348/ccs,132,1,True,1,HIGH
H1,1,m84137_260214_004236_s1/100993297/ccs,132,1,True,1,HIGH
H1,1,m84137_260214_004236_s1/25497665/ccs,132,1,True,1,HIGH
H1,1,m84137_260214_004236_s1/2949741/ccs,132,1,True,1,HIGH
H1,1,m84137_260214_004236_s1/191629008/ccs,132,1,True,1,HIGH
H1,1,m84137_260214_004236_s1/150471507/ccs,132,1,True,1,HIGH
H1,1,m84137_260214_004236_s1/182060921/ccs,132,1,True,1,HIGH
H1,1,m84137_260214_004236_s1/208143394/ccs,132,1,True,1,HIGH
H1,1,m84137_260214_004236_s1/206506769/ccs,132,1,True,1,HIGH
H1,1,m84137_260214_004236_s1/233242918/ccs,132,1,True,1,HIGH
H1,1,m84137_260214_004236_s1/257362862/ccs,132,1,True,1,HIGH
H1,1,m84137_260214_004236_s1/254938031/ccs,132,1,True,1,HIGH
H1,1,m84137_260214_004236_s1/256510242/ccs,132,1,True,1,HIGH
H1,1,m84137_260214_004236_s1/264505186/ccs,132,1,True,1,HIGH
H1,1,m84137_260214_004236_s1/245827621/ccs,132,1,True,1,HIGH
H1,1,m84137_260214_004236_s1/19403256/ccs,132,1,True,1,HIGH
H1,1,m84137_260214_004236_s1/6033774/ccs,132,1,True,1,HIGH
H1,1,m84137_260214_004236_s1/28969988/ccs,132,1,True,1,HIGH
H1,1,m84137_260214_004236_s1/29496548/ccs,132,1,True,1,HIGH
H1,1,m84137_260214_004236_s1/29888647/ccs,132,1,True,1,HIGH
H1,1,m84137_260214_004236_s1/31003949/ccs,132,1,True,1,HIGH
H1,1,m84137_260214_004236_s1/31198603/ccs,132,1,True,1,HIGH
H1,1,m84137_260214_004236_s1/13637029/ccs,132,1,True,1,HIGH
H1,1,m84137_260214_004236_s1/14028723/ccs,132,1,True,1,HIGH
H1,1,m84137_260214_004236_s1/14487669/ccs,132,1,True,1,HIGH
H1,1,m84137_260214_004236_s1/15668585/ccs,132,1,True,1,HIGH
H1,1,m84137_260214_004236_s1/64032564/ccs,132,1,True,1,HIGH
H1,1,m84137_260214_004236_s1/72814228/ccs,132,1,True,1,HIGH
H1,1,m84137_260214_004236_s1/91098421/ccs,132,1,True,1,HIGH
H1,1,m84137_260214_004236_s1/47649012/ccs,132,1,True,1,HIGH
H1,1,m84137_260214_004236_s1/101322726/ccs,132,1,True,1,HIGH
H1,1,m84137_260214_004236_s1/101715675/ccs,132,1,True,1,HIGH
H1,1,m84137_260214_004236_s1/97588595/ccs,132,1,True,1,HIGH
H1,1,m84137_260214_004236_s1/118362062/ccs,132,1,True,1,HIGH
H1,1,m84137_260214_004236_s1/98505310/ccs,132,1,True,1,HIGH
H1,1,m84137_260214_004236_s1/103550851/ccs,132,1,True,1,HIGH
H1,1,m84137_260214_004236_s1/121179583/ccs,132,1,True,1,HIGH
H1,1,m84137_260214_004236_s1/128127057/ccs,132,1,True,1,HIGH
H1,1,m84137_260214_004236_s1/157683119/ccs,132,1,True,1,HIGH
H1,1,m84137_260214_004236_s1/158208830/ccs,132,1,True,1,HIGH
H1,1,m84137_260214_004236_s1/189336744/ccs,132,1,True,1,HIGH
H1,1,m84137_260214_004236_s1/189272378/ccs,132,1,True,1,HIGH
H1,1,m84137_260214_004236_s1/148770456/ccs,132,1,True,1,HIGH
H1,1,m84137_260214_004236_s1/180492102/ccs,132,1,True,1,HIGH
H1,1,m84137_260214_004236_s1/211817010/ccs,132,1,True,1,HIGH
H1,1,m84137_260214_004236_s1/253365959/ccs,132,1,True,1,HIGH
H1,1,m84137_260214_004236_s1/184356266/ccs,132,1,True,1,HIGH
H1,1,m84137_260214_004236_s1/239211810/ccs,132,1,True,1,HIGH
H1,1,m84137_260214_004236_s1/241369742/ccs,132,1,True,1,HIGH
H1,1,m84137_260214_004236_s1/72947411/ccs,132,1,True,1,HIGH
H1,1,m84137_260214_004236_s1/96867809/ccs,132,1,True,1,HIGH
H1,1,m84137_260214_004236_s1/223220850/ccs,132,1,True,1,HIGH
H1,1,m84137_260214_004236_s1/106365933/ccs,132,1,True,1,HIGH
H1,1,m84137_260214_004236_s1/155584497/ccs,132,1,True,1,HIGH
H1,1,m84137_260214_004236_s1/89787962/ccs,132,1,True,1,HIGH
H1,1,m84137_260214_004236_s1/147198470/ccs,132,1,True,1,HIGH
H1,1,m84137_260214_004236_s1/78714627/ccs,132,1,True,1,HIGH
H1,1,m84137_260214_004236_s1/255133139/ccs,132,1,True,1,HIGH
H1,1,m84137_260214_004236_s1/42341611/ccs,132,1,True,1,HIGH
H1,1,m84137_260214_004236_s1/99358149/ccs,132,1,True,1,HIGH
H1,1,m84137_260214_004236_s1/107155470/ccs,132,1,True,1,HIGH
H1,1,m84137_260214_004236_s1/145299137/ccs,132,1,True,1,HIGH
H1,1,m84137_260214_004236_s1/170135564/ccs,132,1,True,1,HIGH
H1,1,m84137_260214_004236_s1/33555561/ccs,132,1,True,1,HIGH
H1,1,m84137_260214_004236_s1/9831239/ccs,132,1,True,1,HIGH
H1,1,m84137_260214_004236_s1/34144540/ccs,132,1,True,1,HIGH
H1,1,m84137_260214_004236_s1/10879518/ccs,132,1,True,1,HIGH
H1,1,m84137_260214_004236_s1/53807786/ccs,132,1,True,1,HIGH
H1,1,m84137_260214_004236_s1/48300900/ccs,132,1,True,1,HIGH
H1,1,m84137_260214_004236_s1/89655347/ccs,132,1,True,1,HIGH
H1,1,m84137_260214_004236_s1/90505553/ccs,132,1,True,1,HIGH
H1,1,m84137_260214_004236_s1/69141000/ccs,132,1,True,1,HIGH
H1,1,m84137_260214_004236_s1/78514787/ccs,132,1,True,1,HIGH
H1,1,m84137_260214_004236_s1/95224625/ccs,132,1,True,1,HIGH
H1,1,m84137_260214_004236_s1/92932659/ccs,132,1,True,1,HIGH
H1,1,m84137_260214_004236_s1/72155969/ccs,132,1,True,1,HIGH
H1,1,m84137_260214_004236_s1/123012294/ccs,132,1,True,1,HIGH
H1,1,m84137_260214_004236_s1/78121460/ccs,132,1,True,1,HIGH
H1,1,m84137_260214_004236_s1/126812420/ccs,132,1,True,1,HIGH
H1,1,m84137_260214_004236_s1/126681972/ccs,132,1,True,1,HIGH
H1,1,m84137_260214_004236_s1/132320241/ccs,132,1,True,1,HIGH
H1,1,m84137_260214_004236_s1/159451869/ccs,132,1,True,1,HIGH
H1,1,m84137_260214_004236_s1/160499775/ccs,132,1,True,1,HIGH
H1,1,m84137_260214_004236_s1/164823394/ccs,132,1,True,1,HIGH
H1,1,m84137_260214_004236_s1/168560245/ccs,132,1,True,1,HIGH
H1,1,m84137_260214_004236_s1/168821649/ccs,132,1,True,1,HIGH
H1,1,m84137_260214_004236_s1/190122655/ccs,132,1,True,1,HIGH
H1,1,m84137_260214_004236_s1/186321705/ccs,132,1,True,1,HIGH
H1,1,m84137_260214_004236_s1/227934480/ccs,132,1,True,1,HIGH
H1,1,m84137_260214_004236_s1/259326945/ccs,132,1,True,1,HIGH
H1,1,m84137_260214_004236_s1/20316747/ccs,132,1,True,1,HIGH
H1,1,m84137_260214_004236_s1/90507948/ccs,132,1,True,1,HIGH
H1,1,m84137_260214_004236_s1/159515083/ccs,132,1,True,1,HIGH
H1,1,m84137_260214_004236_s1/146014812/ccs,132,1,True,1,HIGH
H1,1,m84137_260214_004236_s1/229575472/ccs,132,1,True,1,HIGH
H1,1,m84137_260214_004236_s1/19859578/ccs,132,1,True,1,HIGH
H1,1,m84137_260214_004236_s1/9962824/ccs,132,1,True,1,HIGH
H1,1,m84137_260214_004236_s1/35522136/ccs,132,1,True,1,HIGH
H1,1,m84137_260214_004236_s1/45680068/ccs,132,1,True,1,HIGH
H1,1,m84137_260214_004236_s1/41419160/ccs,132,1,True,1,HIGH
H1,1,m84137_260214_004236_s1/53479737/ccs,132,1,True,1,HIGH
H1,1,m84137_260214_004236_s1/43780852/ccs,132,1,True,1,HIGH
H1,1,m84137_260214_004236_s1/48170866/ccs,132,1,True,1,HIGH
H1,1,m84137_260214_004236_s1/90047402/ccs,132,1,True,1,HIGH
H1,1,m84137_260214_004236_s1/101451633/ccs,132,1,True,1,HIGH
H1,1,m84137_260214_004236_s1/101580918/ccs,132,1,True,1,HIGH
H1,1,m84137_260214_004236_s1/120980774/ccs,132,1,True,1,HIGH
H1,1,m84137_260214_004236_s1/129566943/ccs,132,1,True,1,HIGH
H1,1,m84137_260214_004236_s1/121242579/ccs,132,1,True,1,HIGH
H1,1,m84137_260214_004236_s1/113115365/ccs,132,1,True,1,HIGH
H1,1,m84137_260214_004236_s1/122619271/ccs,132,1,True,1,HIGH
H1,1,m84137_260214_004236_s1/78188126/ccs,132,1,True,1,HIGH
H1,1,m84137_260214_004236_s1/79563955/ccs,132,1,True,1,HIGH
H1,1,m84137_260214_004236_s1/123081831/ccs,132,1,True,1,HIGH
H1,1,m84137_260214_004236_s1/152572149/ccs,132,1,True,1,HIGH
H1,1,m84137_260214_004236_s1/85786771/ccs,132,1,True,1,HIGH
H1,1,m84137_260214_004236_s1/79300067/ccs,132,1,True,1,HIGH
H1,1,m84137_260214_004236_s1/95881625/ccs,132,1,True,1,HIGH
H1,1,m84137_260214_004236_s1/93388900/ccs,132,1,True,1,HIGH
H1,1,m84137_260214_004236_s1/76482069/ccs,132,1,True,1,HIGH
H1,1,m84137_260214_004236_s1/97584905/ccs,132,1,True,1,HIGH
H1,1,m84137_260214_004236_s1/81003270/ccs,132,1,True,1,HIGH
H1,1,m84137_260214_004236_s1/81135830/ccs,132,1,True,1,HIGH
H1,1,m84137_260214_004236_s1/97979338/ccs,132,1,True,1,HIGH
H1,1,m84137_260214_004236_s1/179573678/ccs,132,1,True,1,HIGH
H1,1,m84137_260214_004236_s1/203361999/ccs,132,1,True,1,HIGH
H1,1,m84137_260214_004236_s1/209589343/ccs,132,1,True,1,HIGH
H1,1,m84137_260214_004236_s1/210703449/ccs,132,1,True,1,HIGH
H1,1,m84137_260214_004236_s1/212340217/ccs,132,1,True,1,HIGH
H1,1,m84137_260214_004236_s1/212734872/ccs,132,1,True,1,HIGH
H1,1,m84137_260214_004236_s1/232199922/ccs,132,1,True,1,HIGH
H1,1,m84137_260214_004236_s1/239343387/ccs,132,1,True,1,HIGH
H1,1,m84137_260214_004236_s1/215944816/ccs,132,1,True,1,HIGH
H1,1,m84137_260214_004236_s1/245436724/ccs,132,1,True,1,HIGH
H1,1,m84137_260214_004236_s1/163451729/ccs,132,1,True,1,HIGH
H1,1,m84137_260214_004236_s1/2360453/ccs,132,1,True,1,HIGH
H1,1,m84137_260214_004236_s1/25167272/ccs,132,1,True,1,HIGH
H1,1,m84137_260214_004236_s1/8454489/ccs,132,1,True,1,HIGH
H1,1,m84137_260214_004236_s1/32244637/ccs,132,1,True,1,HIGH
H1,1,m84137_260214_004236_s1/65470754/ccs,132,1,True,1,HIGH
H1,1,m84137_260214_004236_s1/93586267/ccs,132,1,True,1,HIGH
H1,1,m84137_260214_004236_s1/82183116/ccs,132,1,True,1,HIGH
H1,1,m84137_260214_004236_s1/204736830/ccs,132,1,True,1,HIGH
H1,1,m84137_260214_004236_s1/154212171/ccs,132,1,True,1,HIGH
H1,1,m84137_260214_004236_s1/142480569/ccs,132,1,True,1,HIGH
H1,1,m84137_260214_004236_s1/159780433/ccs,132,1,True,1,HIGH
H1,1,m84137_260214_004236_s1/259129687/ccs,132,1,True,1,HIGH
H1,1,m84137_260214_004236_s1/238946520/ccs,132,1,True,1,HIGH
H1,1,m84137_260214_004236_s1/36049362/ccs,132,1,True,1,HIGH
H1,1,m84137_260214_004236_s1/146937602/ccs,132,1,True,1,HIGH
H1,1,m84137_260214_004236_s1/175641608/ccs,132,1,True,1,HIGH
H1,1,m84137_260214_004236_s1/192417951/ccs,132,1,True,1,HIGH
H1,1,m84137_260214_004236_s1/224857715/ccs,132,1,True,1,HIGH
H1,1,m84137_260214_004236_s1/215158316/ccs,132,1,True,1,HIGH
H1,1,m84137_260214_004236_s1/22806944/ccs,132,1,True,1,HIGH
H1,1,m84137_260214_004236_s1/66652050/ccs,132,1,True,1,HIGH
H1,1,m84137_260214_004236_s1/21696791/ccs,132,1,True,1,HIGH
H1,1,m84137_260214_004236_s1/34543467/ccs,132,1,True,1,HIGH
H1,1,m84137_260214_004236_s1/81989699/ccs,132,1,True,1,HIGH
H1,1,m84137_260214_004236_s1/247730216/ccs,132,1,True,1,HIGH
H1,1,m84137_260214_004236_s1/249042413/ccs,132,1,True,1,HIGH
H1,1,m84137_260214_004236_s1/6755692/ccs,132,1,True,1,HIGH
H1,1,m84137_260214_004236_s1/89330752/ccs,132,1,True,1,HIGH
H1,1,m84137_260214_004236_s1/80351405/ccs,132,1,True,1,HIGH
H1,1,m84137_260214_004236_s1/52497400/ccs,132,1,True,1,HIGH
H1,1,m84137_260214_004236_s1/68621248/ccs,132,1,True,1,HIGH
H1,1,m84137_260214_004236_s1/65278665/ccs,132,1,True,1,HIGH
H1,1,m84137_260214_004236_s1/66063395/ccs,132,1,True,1,HIGH
H1,1,m84137_260214_004236_s1/71505163/ccs,132,1,True,1,HIGH
H1,1,m84137_260214_004236_s1/66718771/ccs,132,1,True,1,HIGH
H1,1,m84137_260214_004236_s1/66850184/ccs,132,1,True,1,HIGH
H1,1,m84137_260214_004236_s1/95620986/ccs,132,1,True,1,HIGH
H1,1,m84137_260214_004236_s1/93066022/ccs,132,1,True,1,HIGH
H1,1,m84137_260214_004236_s1/82184649/ccs,132,1,True,1,HIGH
H1,1,m84137_260214_004236_s1/243210008/ccs,132,1,True,1,HIGH
H1,1,m84137_260214_004236_s1/203621869/ccs,132,1,True,1,HIGH
H1,1,m84137_260214_004236_s1/209191557/ccs,132,1,True,1,HIGH
H1,1,m84137_260214_004236_s1/226887989/ccs,132,1,True,1,HIGH
H1,1,m84137_260214_004236_s1/205588239/ccs,132,1,True,1,HIGH
H1,1,m84137_260214_004236_s1/231276705/ccs,132,1,True,1,HIGH
H1,1,m84137_260214_004236_s1/253560975/ccs,132,1,True,1,HIGH
H1,1,m84137_260214_004236_s1/165216933/ccs,132,1,True,1,HIGH
H1,1,m84137_260214_004236_s1/186057951/ccs,132,1,True,1,HIGH
H1,1,m84137_260214_004236_s1/149815501/ccs,132,1,True,1,HIGH
H1,1,m84137_260214_004236_s1/191300544/ccs,132,1,True,1,HIGH
H1,1,m84137_260214_004236_s1/191563194/ccs,132,1,True,1,HIGH
H1,1,m84137_260214_004236_s1/240845580/ccs,132,1,True,1,HIGH
H1,1,m84137_260214_004236_s1/215615651/ccs,132,1,True,1,HIGH
H1,1,m84137_260214_004236_s1/237241753/ccs,132,1,True,1,HIGH
H1,1,m84137_260214_004236_s1/256115158/ccs,132,1,True,1,HIGH
H1,1,m84137_260214_004236_s1/238879214/ccs,132,1,True,1,HIGH
H1,1,m84137_260214_004236_s1/247662410/ccs,132,1,True,1,HIGH
H1,1,m84137_260214_004236_s1/5706902/ccs,132,1,True,1,HIGH
H1,1,m84137_260214_004236_s1/28577830/ccs,132,1,True,1,HIGH
H1,1,m84137_260214_004236_s1/28577903/ccs,132,1,True,1,HIGH
H1,1,m84137_260214_004236_s1/29102820/ccs,132,1,True,1,HIGH
H1,1,m84137_260214_004236_s1/54924681/ccs,132,1,True,1,HIGH
H1,1,m84137_260214_004236_s1/58068195/ccs,132,1,True,1,HIGH
H1,1,m84137_260214_004236_s1/189990926/ccs,132,1,True,1,HIGH
H1,1,m84137_260214_004236_s1/178455350/ccs,132,1,True,1,HIGH
H1,1,m84137_260214_004236_s1/180946537/ccs,132,1,True,1,HIGH
H1,1,m84137_260214_004236_s1/220267340/ccs,132,1,True,1,HIGH
H1,1,m84137_260214_004236_s1/200082839/ccs,132,1,True,1,HIGH
H1,1,m84137_260214_004236_s1/131532928/ccs,132,1,True,1,HIGH
H1,1,m84137_260214_004236_s1/135531459/ccs,132,1,True,1,HIGH
H1,1,m84137_260214_004236_s1/152371559/ccs,132,1,True,1,HIGH
H1,1,m84137_260214_004236_s1/115409418/ccs,132,1,True,1,HIGH
H1,1,m84137_260214_004236_s1/136840761/ccs,132,1,True,1,HIGH
H1,1,m84137_260214_004236_s1/117114021/ccs,132,1,True,1,HIGH
H1,1,m84137_260214_004236_s1/137889796/ccs,132,1,True,1,HIGH
H1,1,m84137_260214_004236_s1/159319163/ccs,132,1,True,1,HIGH
H1,1,m84137_260214_004236_s1/159582129/ccs,132,1,True,1,HIGH
H1,1,m84137_260214_004236_s1/163971140/ccs,132,1,True,1,HIGH
H1,1,m84137_260214_004236_s1/139854393/ccs,132,1,True,1,HIGH
H1,1,m84137_260214_004236_s1/117378108/ccs,132,1,True,1,HIGH
H1,1,m84137_260214_004236_s1/127863529/ccs,132,1,True,1,HIGH
H1,1,m84137_260214_004236_s1/138152893/ccs,133,2,True,2,HIGH
H1,1,m84137_260214_004236_s1/79039453/ccs,132,2,True,2,HIGH
H1,1,m84137_260214_004236_s1/7081195/ccs,133,2,True,2,HIGH
H1,1,m84137_260214_004236_s1/140905229/ccs,134,0,False,0,HIGH
H1,1,m84137_260214_004236_s1/111678615/ccs,134,0,False,0,HIGH
H1,1,m84137_260214_004236_s1/146739008/ccs,134,0,False,0,HIGH
H1,1,m84137_260214_004236_s1/124849190/ccs,134,0,False,0,HIGH
H1,1,m84137_260214_004236_s1/242356119/ccs,135,1,True,1,HIGH
H1,1,m84137_260214_004236_s1/228264682/ccs,136,1,True,1,HIGH
H1,1,m84137_260214_004236_s1/46334390/ccs,135,1,True,1,HIGH
H1,1,m84137_260214_004236_s1/225316789/ccs,135,1,True,1,HIGH
H1,1,m84137_260214_004236_s1/28378487/ccs,135,1,True,1,HIGH
H1,1,m84137_260214_004236_s1/21760072/ccs,135,1,True,1,HIGH
H1,1,m84137_260214_004236_s1/143198674/ccs,135,1,True,1,HIGH
H1,1,m84137_260214_004236_s1/101324484/ccs,135,1,True,1,HIGH
H1,1,m84137_260214_004236_s1/105058135/ccs,135,1,True,1,HIGH
H1,1,m84137_260214_004236_s1/130290099/ccs,135,1,True,1,HIGH
H1,1,m84137_260214_004236_s1/188223344/ccs,135,1,True,1,HIGH
H1,1,m84137_260214_004236_s1/189861584/ccs,135,1,True,1,HIGH
H1,1,m84137_260214_004236_s1/218828978/ccs,135,1,True,1,HIGH
H1,1,m84137_260214_004236_s1/204543353/ccs,135,1,True,1,HIGH
H1,1,m84137_260214_004236_s1/216665402/ccs,135,1,True,1,HIGH
H1,1,m84137_260214_004236_s1/263393854/ccs,135,1,True,1,HIGH
H1,1,m84137_260214_004236_s1/250745729/ccs,135,1,True,1,HIGH
H1,1,m84137_260214_004236_s1/54920672/ccs,135,1,True,1,HIGH
H1,1,m84137_260214_004236_s1/184943046/ccs,135,1,True,1,HIGH
H1,1,m84137_260214_004236_s1/223020128/ccs,135,1,True,1,HIGH
H1,1,m84137_260214_004236_s1/210829914/ccs,135,1,True,1,HIGH
H1,1,m84137_260214_004236_s1/68883982/ccs,135,1,True,1,HIGH
H1,1,m84137_260214_004236_s1/65145994/ccs,135,1,True,1,HIGH
H1,1,m84137_260214_004236_s1/134086906/ccs,135,1,True,1,HIGH
H1,1,m84137_260214_004236_s1/260639466/ccs,135,1,True,1,HIGH
H1,1,m84137_260214_004236_s1/4131979/ccs,135,1,True,1,HIGH
H1,1,m84137_260214_004236_s1/16651781/ccs,135,1,True,1,HIGH
H1,1,m84137_260214_004236_s1/5964828/ccs,135,1,True,1,HIGH
H1,1,m84137_260214_004236_s1/29950487/ccs,135,1,True,1,HIGH
H1,1,m84137_260214_004236_s1/39518592/ccs,135,1,True,1,HIGH
H1,1,m84137_260214_004236_s1/51577806/ccs,135,1,True,1,HIGH
H1,1,m84137_260214_004236_s1/44106538/ccs,135,1,True,1,HIGH
H1,1,m84137_260214_004236_s1/90440105/ccs,135,1,True,1,HIGH
H1,1,m84137_260214_004236_s1/91555837/ccs,135,1,True,1,HIGH
H1,1,m84137_260214_004236_s1/70452051/ccs,135,1,True,1,HIGH
H1,1,m84137_260214_004236_s1/71631558/ccs,135,1,True,1,HIGH
H1,1,m84137_260214_004236_s1/88408175/ccs,135,1,True,1,HIGH
H1,1,m84137_260214_004236_s1/88540323/ccs,135,1,True,1,HIGH
H1,1,m84137_260214_004236_s1/106826407/ccs,135,1,True,1,HIGH
H1,1,m84137_260214_004236_s1/83495569/ccs,135,1,True,1,HIGH
H1,1,m84137_260214_004236_s1/108135540/ccs,135,1,True,1,HIGH
H1,1,m84137_260214_004236_s1/129303577/ccs,135,1,True,1,HIGH
H1,1,m84137_260214_004236_s1/121636669/ccs,135,1,True,1,HIGH
H1,1,m84137_260214_004236_s1/154535699/ccs,135,1,True,1,HIGH
H1,1,m84137_260214_004236_s1/166005364/ccs,135,1,True,1,HIGH
H1,1,m84137_260214_004236_s1/149228499/ccs,135,1,True,1,HIGH
H1,1,m84137_260214_004236_s1/188089030/ccs,135,1,True,1,HIGH
H1,1,m84137_260214_004236_s1/200084387/ccs,135,1,True,1,HIGH
H1,1,m84137_260214_004236_s1/206045301/ccs,135,1,True,1,HIGH
H1,1,m84137_260214_004236_s1/231934561/ccs,135,1,True,1,HIGH
H1,1,m84137_260214_004236_s1/31919239/ccs,135,1,True,1,HIGH
H1,1,m84137_260214_004236_s1/15405454/ccs,135,1,True,1,HIGH
H1,1,m84137_260214_004236_s1/59248884/ccs,135,1,True,1,HIGH
H1,1,m84137_260214_004236_s1/60231607/ccs,135,1,True,1,HIGH
H1,1,m84137_260214_004236_s1/85201085/ccs,135,1,True,1,HIGH
H1,1,m84137_260214_004236_s1/91032971/ccs,135,1,True,1,HIGH
H1,1,m84137_260214_004236_s1/9832435/ccs,135,1,True,1,HIGH
H1,1,m84137_260214_004236_s1/85918560/ccs,135,1,True,1,HIGH
H1,1,m84137_260214_004236_s1/210306481/ccs,138,1,True,1,HIGH
H1,1,m84137_260214_004236_s1/46010283/ccs,135,1,True,1,HIGH
H1,1,m84137_260214_004236_s1/169546006/ccs,135,1,True,1,HIGH
H1,1,m84137_260214_004236_s1/11604099/ccs,135,1,True,1,HIGH
H1,1,m84137_260214_004236_s1/5834903/ccs,135,1,True,1,HIGH
H1,1,m84137_260214_004236_s1/11600155/ccs,135,1,True,1,HIGH
H1,1,m84137_260214_004236_s1/23069417/ccs,135,1,True,1,HIGH
H1,1,m84137_260214_004236_s1/29229940/ccs,135,1,True,1,HIGH
H1,1,m84137_260214_004236_s1/18941322/ccs,135,1,True,1,HIGH
H1,1,m84137_260214_004236_s1/34146022/ccs,135,1,True,1,HIGH
H1,1,m84137_260214_004236_s1/52626052/ccs,135,1,True,1,HIGH
H1,1,m84137_260214_004236_s1/42795192/ccs,135,1,True,1,HIGH
H1,1,m84137_260214_004236_s1/54265600/ccs,135,1,True,1,HIGH
H1,1,m84137_260214_004236_s1/60885409/ccs,135,1,True,1,HIGH
H1,1,m84137_260214_004236_s1/69274278/ccs,135,1,True,1,HIGH
H1,1,m84137_260214_004236_s1/70322715/ccs,135,1,True,1,HIGH
H1,1,m84137_260214_004236_s1/71829997/ccs,135,1,True,1,HIGH
H1,1,m84137_260214_004236_s1/97059291/ccs,135,1,True,1,HIGH
H1,1,m84137_260214_004236_s1/123406523/ccs,135,1,True,1,HIGH
H1,1,m84137_260214_004236_s1/102501108/ccs,135,1,True,1,HIGH
H1,1,m84137_260214_004236_s1/107088808/ccs,135,1,True,1,HIGH
H1,1,m84137_260214_004236_s1/129304702/ccs,135,1,True,1,HIGH
H1,1,m84137_260214_004236_s1/112723384/ccs,135,1,True,1,HIGH
H1,1,m84137_260214_004236_s1/126093246/ccs,135,1,True,1,HIGH
H1,1,m84137_260214_004236_s1/115671264/ccs,135,1,True,1,HIGH
H1,1,m84137_260214_004236_s1/137298515/ccs,135,1,True,1,HIGH
H1,1,m84137_260214_004236_s1/145883901/ccs,135,1,True,1,HIGH
H1,1,m84137_260214_004236_s1/147915935/ccs,135,1,True,1,HIGH
H1,1,m84137_260214_004236_s1/188418020/ccs,135,1,True,1,HIGH
H1,1,m84137_260214_004236_s1/197396932/ccs,135,1,True,1,HIGH
H1,1,m84137_260214_004236_s1/194906994/ccs,132,1,True,1,HIGH
H1,1,m84137_260214_004236_s1/207882627/ccs,135,1,True,1,HIGH
H1,1,m84137_260214_004236_s1/252379187/ccs,135,1,True,1,HIGH
H1,1,m84137_260214_004236_s1/238092486/ccs,135,1,True,1,HIGH
H1,1,m84137_260214_004236_s1/242745837/ccs,135,1,True,1,HIGH
H1,1,m84137_260214_004236_s1/172364837/ccs,135,1,True,1,HIGH
H1,1,m84137_260214_004236_s1/239077166/ccs,135,1,True,1,HIGH
H1,1,m84137_260214_004236_s1/248449299/ccs,135,1,True,1,HIGH
H1,1,m84137_260214_004236_s1/21696531/ccs,135,1,True,1,HIGH
H1,1,m84137_260214_004236_s1/8195096/ccs,135,1,True,1,HIGH
H1,1,m84137_260214_004236_s1/11472963/ccs,135,1,True,1,HIGH
H1,1,m84137_260214_004236_s1/36638300/ccs,135,1,True,1,HIGH
H1,1,m84137_260214_004236_s1/40244571/ccs,135,1,True,1,HIGH
H1,1,m84137_260214_004236_s1/68491102/ccs,135,1,True,1,HIGH
H1,1,m84137_260214_004236_s1/43192874/ccs,135,1,True,1,HIGH
H1,1,m84137_260214_004236_s1/95751302/ccs,135,1,True,1,HIGH
H1,1,m84137_260214_004236_s1/75698705/ccs,135,1,True,1,HIGH
H1,1,m84137_260214_004236_s1/130552407/ccs,135,1,True,1,HIGH
H1,1,m84137_260214_004236_s1/110761297/ccs,135,1,True,1,HIGH
H1,1,m84137_260214_004236_s1/130946807/ccs,135,1,True,1,HIGH
H1,1,m84137_260214_004236_s1/83694990/ccs,135,1,True,1,HIGH
H1,1,m84137_260214_004236_s1/137891886/ccs,135,1,True,1,HIGH
H1,1,m84137_260214_004236_s1/147656827/ccs,135,1,True,1,HIGH
H1,1,m84137_260214_004236_s1/197989748/ccs,135,1,True,1,HIGH
H1,1,m84137_260214_004236_s1/209391260/ccs,135,1,True,1,HIGH
H1,1,m84137_260214_004236_s1/228463285/ccs,135,1,True,1,HIGH
H1,1,m84137_260214_004236_s1/239210335/ccs,135,1,True,1,HIGH
H1,1,m84137_260214_004236_s1/249369255/ccs,135,1,True,1,HIGH
H1,1,m84137_260214_004236_s1/19006702/ccs,135,1,True,1,HIGH
H1,1,m84137_260214_004236_s1/236847854/ccs,135,1,True,1,HIGH
H1,1,m84137_260214_004236_s1/136320028/ccs,135,1,True,1,HIGH
H1,1,m84137_260214_004236_s1/147456514/ccs,135,1,True,1,HIGH
H1,1,m84137_260214_004236_s1/19005998/ccs,135,1,True,1,HIGH
H1,1,m84137_260214_004236_s1/7995493/ccs,135,1,True,1,HIGH
H1,1,m84137_260214_004236_s1/9112415/ccs,135,1,True,1,HIGH
H1,1,m84137_260214_004236_s1/20842527/ccs,135,1,True,1,HIGH
H1,1,m84137_260214_004236_s1/31458220/ccs,135,1,True,1,HIGH
H1,1,m84137_260214_004236_s1/10094401/ccs,135,1,True,1,HIGH
H1,1,m84137_260214_004236_s1/34276680/ccs,135,1,True,1,HIGH
H1,1,m84137_260214_004236_s1/27918912/ccs,135,1,True,1,HIGH
H1,1,m84137_260214_004236_s1/39911995/ccs,135,1,True,1,HIGH
H1,1,m84137_260214_004236_s1/47972569/ccs,135,1,True,1,HIGH
H1,1,m84137_260214_004236_s1/64292810/ccs,135,1,True,1,HIGH
H1,1,m84137_260214_004236_s1/123339954/ccs,135,1,True,1,HIGH
H1,1,m84137_260214_004236_s1/77859050/ccs,135,1,True,1,HIGH
H1,1,m84137_260214_004236_s1/78119791/ccs,135,1,True,1,HIGH
H1,1,m84137_260214_004236_s1/99681889/ccs,135,1,True,1,HIGH
H1,1,m84137_260214_004236_s1/83167754/ccs,135,1,True,1,HIGH
H1,1,m84137_260214_004236_s1/103025065/ccs,135,1,True,1,HIGH
H1,1,m84137_260214_004236_s1/108528587/ccs,135,1,True,1,HIGH
H1,1,m84137_260214_004236_s1/120392541/ccs,135,1,True,1,HIGH
H1,1,m84137_260214_004236_s1/113116702/ccs,135,1,True,1,HIGH
H1,1,m84137_260214_004236_s1/130547787/ccs,135,1,True,1,HIGH
H1,1,m84137_260214_004236_s1/97914902/ccs,135,1,True,1,HIGH
H1,1,m84137_260214_004236_s1/106762894/ccs,135,1,True,1,HIGH
H1,1,m84137_260214_004236_s1/125244170/ccs,135,1,True,1,HIGH
H1,1,m84137_260214_004236_s1/82775993/ccs,135,1,True,1,HIGH
H1,1,m84137_260214_004236_s1/131207073/ccs,135,1,True,1,HIGH
H1,1,m84137_260214_004236_s1/92209344/ccs,135,1,True,1,HIGH
H1,1,m84137_260214_004236_s1/79036740/ccs,135,1,True,1,HIGH
H1,1,m84137_260214_004236_s1/80020809/ccs,135,1,True,1,HIGH
H1,1,m84137_260214_004236_s1/76480572/ccs,135,1,True,1,HIGH
H1,1,m84137_260214_004236_s1/80676543/ccs,135,1,True,1,HIGH
H1,1,m84137_260214_004236_s1/148966493/ccs,135,1,True,1,HIGH
H1,1,m84137_260214_004236_s1/201593557/ccs,135,1,True,1,HIGH
H1,1,m84137_260214_004236_s1/219811123/ccs,135,1,True,1,HIGH
H1,1,m84137_260214_004236_s1/198578377/ccs,135,1,True,1,HIGH
H1,1,m84137_260214_004236_s1/203428756/ccs,135,1,True,1,HIGH
H1,1,m84137_260214_004236_s1/205657296/ccs,135,1,True,1,HIGH
H1,1,m84137_260214_004236_s1/229250608/ccs,135,1,True,1,HIGH
H1,1,m84137_260214_004236_s1/252908090/ccs,135,1,True,1,HIGH
H1,1,m84137_260214_004236_s1/242684535/ccs,135,1,True,1,HIGH
H1,1,m84137_260214_004236_s1/214962803/ccs,135,1,True,1,HIGH
H1,1,m84137_260214_004236_s1/238883373/ccs,135,1,True,1,HIGH
H1,1,m84137_260214_004236_s1/216994932/ccs,135,1,True,1,HIGH
H1,1,m84137_260214_004236_s1/230822130/ccs,135,1,True,1,HIGH
H1,1,m84137_260214_004236_s1/87360950/ccs,135,1,True,1,HIGH
H1,1,m84137_260214_004236_s1/97650579/ccs,135,1,True,1,HIGH
H1,1,m84137_260214_004236_s1/130221003/ccs,135,1,True,1,HIGH
H1,1,m84137_260214_004236_s1/152765018/ccs,135,1,True,1,HIGH
H1,1,m84137_260214_004236_s1/207749434/ccs,135,1,True,1,HIGH
H1,1,m84137_260214_004236_s1/133043452/ccs,135,1,True,1,HIGH
H1,1,m84137_260214_004236_s1/137498065/ccs,135,1,True,1,HIGH
H1,1,m84137_260214_004236_s1/158535615/ccs,135,1,True,1,HIGH
H1,1,m84137_260214_004236_s1/138024433/ccs,135,1,True,1,HIGH
H1,1,m84137_260214_004236_s1/174788491/ccs,135,1,True,1,HIGH
H1,1,m84137_260214_004236_s1/175050431/ccs,135,1,True,1,HIGH
H1,1,m84137_260214_004236_s1/147656995/ccs,135,1,True,1,HIGH
H1,1,m84137_260214_004236_s1/231475137/ccs,135,1,True,1,HIGH
H1,1,m84137_260214_004236_s1/22811029/ccs,135,1,True,1,HIGH
H1,1,m84137_260214_004236_s1/65736443/ccs,135,1,True,1,HIGH
H1,1,m84137_260214_004236_s1/120657835/ccs,135,1,True,1,HIGH
H1,1,m84137_260214_004236_s1/176488791/ccs,135,1,True,1,HIGH
H1,1,m84137_260214_004236_s1/14091820/ccs,135,1,True,1,HIGH
H1,1,m84137_260214_004236_s1/43780371/ccs,135,1,True,1,HIGH
H1,1,m84137_260214_004236_s1/246027453/ccs,135,1,True,1,HIGH
H1,1,m84137_260214_004236_s1/249238595/ccs,135,1,True,1,HIGH
H1,1,m84137_260214_004236_s1/54265776/ccs,135,1,True,1,HIGH
H1,1,m84137_260214_004236_s1/160303623/ccs,135,1,True,1,HIGH
H1,1,m84137_260214_004236_s1/82842207/ccs,135,1,True,1,HIGH
H1,1,m84137_260214_004236_s1/227606686/ccs,135,1,True,1,HIGH
H1,1,m84137_260214_004236_s1/202834373/ccs,135,1,True,1,HIGH
H1,1,m84137_260214_004236_s1/104137620/ccs,135,1,True,1,HIGH
H1,1,m84137_260214_004236_s1/169673539/ccs,135,1,True,1,HIGH
H1,1,m84137_260214_004236_s1/194773494/ccs,135,1,True,1,HIGH
H1,1,m84137_260214_004236_s1/257625250/ccs,135,1,True,1,HIGH
H1,1,m84137_260214_004236_s1/63968440/ccs,135,1,True,1,HIGH
H1,1,m84137_260214_004236_s1/60691920/ccs,135,1,True,1,HIGH
H1,1,m84137_260214_004236_s1/71110872/ccs,135,1,True,1,HIGH
H1,1,m84137_260214_004236_s1/90705653/ccs,135,1,True,1,HIGH
H1,1,m84137_260214_004236_s1/231343255/ccs,135,1,True,1,HIGH
H1,1,m84137_260214_004236_s1/144376546/ccs,135,1,True,1,HIGH
H1,1,m84137_260214_004236_s1/253822071/ccs,135,1,True,1,HIGH
H1,1,m84137_260214_004236_s1/143262117/ccs,135,1,True,1,HIGH
H1,1,m84137_260214_004236_s1/161546383/ccs,135,1,True,1,HIGH
H1,1,m84137_260214_004236_s1/191432878/ccs,135,1,True,1,HIGH
H1,1,m84137_260214_004236_s1/175506081/ccs,135,1,True,1,HIGH
H1,1,m84137_260214_004236_s1/240978190/ccs,135,1,True,1,HIGH
H1,1,m84137_260214_004236_s1/238552975/ccs,135,1,True,1,HIGH
H1,1,m84137_260214_004236_s1/259852661/ccs,135,1,True,1,HIGH
H1,1,m84137_260214_004236_s1/11998446/ccs,135,1,True,1,HIGH
H1,1,m84137_260214_004236_s1/33231375/ccs,135,1,True,1,HIGH
H1,1,m84137_260214_004236_s1/14356673/ccs,135,1,True,1,HIGH
H1,1,m84137_260214_004236_s1/198773162/ccs,135,1,True,1,HIGH
H1,1,m84137_260214_004236_s1/136512419/ccs,135,1,True,1,HIGH
H1,1,m84137_260214_004236_s1/154142121/ccs,135,1,True,1,HIGH
H1,1,m84137_260214_004236_s1/146146586/ccs,135,1,True,1,HIGH
H1,1,m84137_260214_004236_s1/19335775/ccs,135,1,True,1,HIGH
H1,1,m84137_260214_004236_s1/18481593/ccs,135,1,True,1,HIGH
H1,1,m84137_260214_004236_s1/114429841/ccs,135,1,True,1,HIGH
H1,1,m84137_260214_004236_s1/100731305/ccs,136,2,True,2,HIGH
H1,1,m84137_260214_004236_s1/10688263/ccs,136,2,True,2,HIGH
H1,1,m84137_260214_004236_s1/19529960/ccs,128,2,True,2,HIGH
H1,1,m84137_260214_004236_s1/150278678/ccs,135,2,True,2,HIGH
H1,1,m84137_260214_004236_s1/29562334/ccs,136,2,True,2,HIGH
H1,1,m84137_260214_004236_s1/213718607/ccs,135,2,True,2,HIGH
H1,1,m84137_260214_004236_s1/170983547/ccs,136,2,True,2,HIGH
H1,1,m84137_260214_004236_s1/184550078/ccs,136,2,True,2,HIGH
H1,1,m84137_260214_004236_s1/111018508/ccs,137,0,False,0,HIGH
H1,1,m84137_260214_004236_s1/238944689/ccs,137,0,False,0,HIGH
H1,1,m84137_260214_004236_s1/159713175/ccs,137,0,False,0,HIGH
H1,1,m84137_260214_004236_s1/97846105/ccs,138,0,False,0,HIGH
H1,1,m84137_260214_004236_s1/115802615/ccs,138,0,False,0,HIGH
H1,1,m84137_260214_004236_s1/29754839/ccs,134,0,False,0,HIGH
H1,1,m84137_260214_004236_s1/77136270/ccs,138,0,False,0,HIGH
H1,1,m84137_260214_004236_s1/148247064/ccs,132,0,False,0,HIGH
H1,1,m84137_260214_004236_s1/26149168/ccs,137,0,False,0,HIGH
H1,1,m84137_260214_004236_s1/85528373/ccs,133,0,False,0,HIGH
H1,1,m84137_260214_004236_s1/204345494/ccs,138,1,True,1,HIGH
H1,1,m84137_260214_004236_s1/186385495/ccs,138,1,True,1,HIGH
H1,1,m84137_260214_004236_s1/54528878/ccs,138,1,True,1,HIGH
H1,1,m84137_260214_004236_s1/93195090/ccs,138,1,True,1,HIGH
H1,1,m84137_260214_004236_s1/82575911/ccs,138,1,True,1,HIGH
H1,1,m84137_260214_004236_s1/100599573/ccs,138,1,True,1,HIGH
H1,1,m84137_260214_004236_s1/130679017/ccs,138,1,True,1,HIGH
H1,1,m84137_260214_004236_s1/127929239/ccs,138,1,True,1,HIGH
H1,1,m84137_260214_004236_s1/132385236/ccs,138,1,True,1,HIGH
H1,1,m84137_260214_004236_s1/143132507/ccs,138,1,True,1,HIGH
H1,1,m84137_260214_004236_s1/166396259/ccs,138,1,True,1,HIGH
H1,1,m84137_260214_004236_s1/204080175/ccs,138,1,True,1,HIGH
H1,1,m84137_260214_004236_s1/183765807/ccs,138,1,True,1,HIGH
H1,1,m84137_260214_004236_s1/238421814/ccs,138,1,True,1,HIGH
H1,1,m84137_260214_004236_s1/259916628/ccs,138,1,True,1,HIGH
H1,1,m84137_260214_004236_s1/238880322/ccs,138,1,True,1,HIGH
H1,1,m84137_260214_004236_s1/250085660/ccs,138,1,True,1,HIGH
H1,1,m84137_260214_004236_s1/34147588/ccs,138,1,True,1,HIGH
H1,1,m84137_260214_004236_s1/81793027/ccs,138,1,True,1,HIGH
H1,1,m84137_260214_004236_s1/160962288/ccs,138,1,True,1,HIGH
H1,1,m84137_260214_004236_s1/202184555/ccs,138,1,True,1,HIGH
H1,1,m84137_260214_004236_s1/231017517/ccs,138,1,True,1,HIGH
H1,1,m84137_260214_004236_s1/82184075/ccs,138,1,True,1,HIGH
H1,1,m84137_260214_004236_s1/118818998/ccs,138,1,True,1,HIGH
H1,1,m84137_260214_004236_s1/133039698/ccs,138,1,True,1,HIGH
H1,1,m84137_260214_004236_s1/161218998/ccs,138,1,True,1,HIGH
H1,1,m84137_260214_004236_s1/217254442/ccs,138,1,True,1,HIGH
H1,1,m84137_260214_004236_s1/119935574/ccs,138,1,True,1,HIGH
H1,1,m84137_260214_004236_s1/31394914/ccs,138,1,True,1,HIGH
H1,1,m84137_260214_004236_s1/147394774/ccs,138,1,True,1,HIGH
H1,1,m84137_260214_004236_s1/247992158/ccs,138,1,True,1,HIGH
H1,1,m84137_260214_004236_s1/20449725/ccs,138,1,True,1,HIGH
H1,1,m84137_260214_004236_s1/33360630/ccs,138,1,True,1,HIGH
H1,1,m84137_260214_004236_s1/59639042/ccs,138,1,True,1,HIGH
H1,1,m84137_260214_004236_s1/60686746/ccs,138,1,True,1,HIGH
H1,1,m84137_260214_004236_s1/73860566/ccs,138,1,True,1,HIGH
H1,1,m84137_260214_004236_s1/84935614/ccs,138,1,True,1,HIGH
H1,1,m84137_260214_004236_s1/95421772/ccs,138,1,True,1,HIGH
H1,1,m84137_260214_004236_s1/211554275/ccs,138,1,True,1,HIGH
H1,1,m84137_260214_004236_s1/23598590/ccs,138,1,True,1,HIGH
H1,1,m84137_260214_004236_s1/149555625/ccs,138,1,True,1,HIGH
H1,1,m84137_260214_004236_s1/220792155/ccs,138,1,True,1,HIGH
H1,1,m84137_260214_004236_s1/191825981/ccs,138,1,True,1,HIGH
H1,1,m84137_260214_004236_s1/184686469/ccs,138,1,True,1,HIGH
H1,1,m84137_260214_004236_s1/28705704/ccs,138,1,True,1,HIGH
H1,1,m84137_260214_004236_s1/32901731/ccs,138,1,True,1,HIGH
H1,1,m84137_260214_004236_s1/59574288/ccs,138,1,True,1,HIGH
H1,1,m84137_260214_004236_s1/72943667/ccs,138,1,True,1,HIGH
H1,1,m84137_260214_004236_s1/89260803/ccs,138,1,True,1,HIGH
H1,1,m84137_260214_004236_s1/117637884/ccs,138,1,True,1,HIGH
H1,1,m84137_260214_004236_s1/106956160/ccs,138,1,True,1,HIGH
H1,1,m84137_260214_004236_s1/112395322/ccs,138,1,True,1,HIGH
H1,1,m84137_260214_004236_s1/93460079/ccs,138,1,True,1,HIGH
H1,1,m84137_260214_004236_s1/104731879/ccs,138,1,True,1,HIGH
H1,1,m84137_260214_004236_s1/66586931/ccs,138,1,True,1,HIGH
H1,1,m84137_260214_004236_s1/70713422/ccs,138,1,True,1,HIGH
H1,1,m84137_260214_004236_s1/95882013/ccs,138,1,True,1,HIGH
H1,1,m84137_260214_004236_s1/93127230/ccs,138,1,True,1,HIGH
H1,1,m84137_260214_004236_s1/96011826/ccs,138,1,True,1,HIGH
H1,1,m84137_260214_004236_s1/176427840/ccs,138,1,True,1,HIGH
H1,1,m84137_260214_004236_s1/222563683/ccs,138,1,True,1,HIGH
H1,1,m84137_260214_004236_s1/205591276/ccs,138,1,True,1,HIGH
H1,1,m84137_260214_004236_s1/258739724/ccs,138,1,True,1,HIGH
H1,1,m84137_260214_004236_s1/243667092/ccs,138,1,True,1,HIGH
H1,1,m84137_260214_004236_s1/214962994/ccs,138,1,True,1,HIGH
H1,1,m84137_260214_004236_s1/216141460/ccs,138,1,True,1,HIGH
H1,1,m84137_260214_004236_s1/107544824/ccs,138,1,True,1,HIGH
H1,1,m84137_260214_004236_s1/157417860/ccs,138,1,True,1,HIGH
H1,1,m84137_260214_004236_s1/211421615/ccs,138,1,True,1,HIGH
H1,1,m84137_260214_004236_s1/141039437/ccs,138,1,True,1,HIGH
H1,1,m84137_260214_004236_s1/114955850/ccs,138,1,True,1,HIGH
H1,1,m84137_260214_004236_s1/116264240/ccs,138,1,True,1,HIGH
H1,1,m84137_260214_004236_s1/173741805/ccs,138,1,True,1,HIGH
H1,1,m84137_260214_004236_s1/104926420/ccs,138,1,True,1,HIGH
H1,1,m84137_260214_004236_s1/114494813/ccs,138,1,True,1,HIGH
H1,1,m84137_260214_004236_s1/148443411/ccs,138,1,True,1,HIGH
H1,1,m84137_260214_004236_s1/258606365/ccs,138,1,True,1,HIGH
H1,1,m84137_260214_004236_s1/16779268/ccs,138,1,True,1,HIGH
H1,1,m84137_260214_004236_s1/217585463/ccs,138,1,True,1,HIGH
H1,1,m84137_260214_004236_s1/21563299/ccs,138,1,True,1,HIGH
H1,1,m84137_260214_004236_s1/27396471/ccs,138,1,True,1,HIGH
H1,1,m84137_260214_004236_s1/134810252/ccs,138,1,True,1,HIGH
H1,1,m84137_260214_004236_s1/114886369/ccs,138,1,True,1,HIGH
H1,1,m84137_260214_004236_s1/220858414/ccs,138,1,True,1,HIGH
H1,1,m84137_260214_004236_s1/203818871/ccs,138,1,True,1,HIGH
H1,1,m84137_260214_004236_s1/228852795/ccs,138,1,True,1,HIGH
H1,1,m84137_260214_004236_s1/236784353/ccs,138,1,True,1,HIGH
H1,1,m84137_260214_004236_s1/2624773/ccs,138,1,True,1,HIGH
H1,1,m84137_260214_004236_s1/26350357/ccs,138,1,True,1,HIGH
H1,1,m84137_260214_004236_s1/26744241/ccs,138,1,True,1,HIGH
H1,1,m84137_260214_004236_s1/15799828/ccs,138,1,True,1,HIGH
H1,1,m84137_260214_004236_s1/69276197/ccs,138,1,True,1,HIGH
H1,1,m84137_260214_004236_s1/47189874/ccs,138,1,True,1,HIGH
H1,1,m84137_260214_004236_s1/100732863/ccs,138,1,True,1,HIGH
H1,1,m84137_260214_004236_s1/101454881/ccs,138,1,True,1,HIGH
H1,1,m84137_260214_004236_s1/99552800/ccs,138,1,True,1,HIGH
H1,1,m84137_260214_004236_s1/129242202/ccs,138,1,True,1,HIGH
H1,1,m84137_260214_004236_s1/164302520/ccs,138,1,True,1,HIGH
H1,1,m84137_260214_004236_s1/145690083/ccs,138,1,True,1,HIGH
H1,1,m84137_260214_004236_s1/174593956/ccs,138,1,True,1,HIGH
H1,1,m84137_260214_004236_s1/198381320/ccs,138,1,True,1,HIGH
H1,1,m84137_260214_004236_s1/224203942/ccs,138,1,True,1,HIGH
H1,1,m84137_260214_004236_s1/206704592/ccs,138,1,True,1,HIGH
H1,1,m84137_260214_004236_s1/241178206/ccs,138,1,True,1,HIGH
H1,1,m84137_260214_004236_s1/261362032/ccs,138,1,True,1,HIGH
H1,1,m84137_260214_004236_s1/36898622/ccs,138,1,True,1,HIGH
H1,1,m84137_260214_004236_s1/88020262/ccs,138,1,True,1,HIGH
H1,1,m84137_260214_004236_s1/90770440/ccs,138,1,True,1,HIGH
H1,1,m84137_260214_004236_s1/91098970/ccs,138,1,True,1,HIGH
H1,1,m84137_260214_004236_s1/148374792/ccs,138,1,True,1,HIGH
H1,1,m84137_260214_004236_s1/213453852/ccs,138,1,True,1,HIGH
H1,1,m84137_260214_004236_s1/49681745/ccs,138,1,True,1,HIGH
H1,1,m84137_260214_004236_s1/165610171/ccs,138,1,True,1,HIGH
H1,1,m84137_260214_004236_s1/218696622/ccs,138,1,True,1,HIGH
H1,1,m84137_260214_004236_s1/46993790/ccs,138,1,True,1,HIGH
H1,1,m84137_260214_004236_s1/142872344/ccs,138,1,True,1,HIGH
H1,1,m84137_260214_004236_s1/145558948/ccs,138,1,True,1,HIGH
H1,1,m84137_260214_004236_s1/169414771/ccs,138,1,True,1,HIGH
H1,1,m84137_260214_004236_s1/18154050/ccs,138,1,True,1,HIGH
H1,1,m84137_260214_004236_s1/5571523/ccs,138,1,True,1,HIGH
H1,1,m84137_260214_004236_s1/50727800/ccs,138,1,True,1,HIGH
H1,1,m84137_260214_004236_s1/59902857/ccs,138,1,True,1,HIGH
H1,1,m84137_260214_004236_s1/93847606/ccs,138,1,True,1,HIGH
H1,1,m84137_260214_004236_s1/124322352/ccs,138,1,True,1,HIGH
H1,1,m84137_260214_004236_s1/124586428/ccs,138,1,True,1,HIGH
H1,1,m84137_260214_004236_s1/124650207/ccs,138,1,True,1,HIGH
H1,1,m84137_260214_004236_s1/104728460/ccs,138,1,True,1,HIGH
H1,1,m84137_260214_004236_s1/126551224/ccs,138,1,True,1,HIGH
H1,1,m84137_260214_004236_s1/151325300/ccs,138,1,True,1,HIGH
H1,1,m84137_260214_004236_s1/163055820/ccs,138,1,True,1,HIGH
H1,1,m84137_260214_004236_s1/190840932/ccs,138,1,True,1,HIGH
H1,1,m84137_260214_004236_s1/194970872/ccs,138,1,True,1,HIGH
H1,1,m84137_260214_004236_s1/209781724/ccs,138,1,True,1,HIGH
H1,1,m84137_260214_004236_s1/213583800/ccs,137,1,True,1,HIGH
H1,1,m84137_260214_004236_s1/213713100/ccs,138,1,True,1,HIGH
H1,1,m84137_260214_004236_s1/233047933/ccs,138,1,True,1,HIGH
H1,1,m84137_260214_004236_s1/160563932/ccs,138,1,True,1,HIGH
H1,1,m84137_260214_004236_s1/185599384/ccs,138,1,True,1,HIGH
H1,1,m84137_260214_004236_s1/170263576/ccs,138,1,True,1,HIGH
H1,1,m84137_260214_004236_s1/188943160/ccs,138,1,True,1,HIGH
H1,1,m84137_260214_004236_s1/215484037/ccs,138,1,True,1,HIGH
H1,1,m84137_260214_004236_s1/242158166/ccs,138,1,True,1,HIGH
H1,1,m84137_260214_004236_s1/217646101/ccs,138,1,True,1,HIGH
H1,1,m84137_260214_004236_s1/265291667/ccs,138,1,True,1,HIGH
H1,1,m84137_260214_004236_s1/9375423/ccs,138,1,True,1,HIGH
H1,1,m84137_260214_004236_s1/221514308/ccs,138,1,True,1,HIGH
H1,1,m84137_260214_004236_s1/137298868/ccs,138,1,True,1,HIGH
H1,1,m84137_260214_004236_s1/159517434/ccs,138,1,True,1,HIGH
H1,1,m84137_260214_004236_s1/219419956/ccs,138,1,True,1,HIGH
H1,1,m84137_260214_004236_s1/87887721/ccs,138,1,True,1,HIGH
H1,1,m84137_260214_004236_s1/165283876/ccs,139,2,True,2,HIGH
H1,1,m84137_260214_004236_s1/12845417/ccs,135,2,True,2,HIGH
H1,1,m84137_260214_004236_s1/103418312/ccs,139,2,True,2,HIGH
H1,1,m84137_260214_004236_s1/250550042/ccs,141,2,True,2,HIGH
H1,1,m84137_260214_004236_s1/14225739/ccs,139,2,True,2,HIGH
H1,1,m84137_260214_004236_s1/80872229/ccs,140,0,False,0,HIGH
H1,1,m84137_260214_004236_s1/244385214/ccs,140,0,False,0,HIGH
H1,1,m84137_260214_004236_s1/225510444/ccs,141,1,True,1,HIGH
H1,1,m84137_260214_004236_s1/191694447/ccs,141,1,True,1,HIGH
H1,1,m84137_260214_004236_s1/70978212/ccs,141,1,True,1,HIGH
H1,1,m84137_260214_004236_s1/3016697/ccs,141,1,True,1,HIGH
H1,1,m84137_260214_004236_s1/27398405/ccs,143,1,True,1,HIGH
H1,1,m84137_260214_004236_s1/177997498/ccs,141,1,True,1,HIGH
H1,1,m84137_260214_004236_s1/13369415/ccs,141,1,True,1,HIGH
H1,1,m84137_260214_004236_s1/53086332/ccs,141,1,True,1,HIGH
H1,1,m84137_260214_004236_s1/75434301/ccs,141,1,True,1,HIGH
H1,1,m84137_260214_004236_s1/100729519/ccs,141,1,True,1,HIGH
H1,1,m84137_260214_004236_s1/122486880/ccs,141,1,True,1,HIGH
H1,1,m84137_260214_004236_s1/146934610/ccs,141,1,True,1,HIGH
H1,1,m84137_260214_004236_s1/164432760/ccs,141,1,True,1,HIGH
H1,1,m84137_260214_004236_s1/203817941/ccs,141,1,True,1,HIGH
H1,1,m84137_260214_004236_s1/235341033/ccs,141,1,True,1,HIGH
H1,1,m84137_260214_004236_s1/239142996/ccs,141,1,True,1,HIGH
H1,1,m84137_260214_004236_s1/34739112/ccs,138,1,True,1,HIGH
H1,1,m84137_260214_004236_s1/58593374/ccs,141,1,True,1,HIGH
H1,1,m84137_260214_004236_s1/117772419/ccs,141,1,True,1,HIGH
H1,1,m84137_260214_004236_s1/208540238/ccs,141,1,True,1,HIGH
H1,1,m84137_260214_004236_s1/204806012/ccs,141,1,True,1,HIGH
H1,1,m84137_260214_004236_s1/206115486/ccs,141,1,True,1,HIGH
H1,1,m84137_260214_004236_s1/183569978/ccs,141,1,True,1,HIGH
H1,1,m84137_260214_004236_s1/238228047/ccs,141,1,True,1,HIGH
H1,1,m84137_260214_004236_s1/245371419/ccs,141,1,True,1,HIGH
H1,1,m84137_260214_004236_s1/226955678/ccs,141,1,True,1,HIGH
H1,1,m84137_260214_004236_s1/103946073/ccs,141,1,True,1,HIGH
H1,1,m84137_260214_004236_s1/158140653/ccs,141,1,True,1,HIGH
H1,1,m84137_260214_004236_s1/245634505/ccs,141,1,True,1,HIGH
H1,1,m84137_260214_004236_s1/56036325/ccs,141,1,True,1,HIGH
H1,1,m84137_260214_004236_s1/33426129/ccs,141,1,True,1,HIGH
H1,1,m84137_260214_004236_s1/153619070/ccs,141,1,True,1,HIGH
H1,1,m84137_260214_004236_s1/64489370/ccs,141,1,True,1,HIGH
H1,1,m84137_260214_004236_s1/94306882/ccs,141,1,True,1,HIGH
H1,1,m84137_260214_004236_s1/23134529/ccs,141,1,True,1,HIGH
H1,1,m84137_260214_004236_s1/2623112/ccs,141,1,True,1,HIGH
H1,1,m84137_260214_004236_s1/37487796/ccs,141,1,True,1,HIGH
H1,1,m84137_260214_004236_s1/42009268/ccs,141,1,True,1,HIGH
H1,1,m84137_260214_004236_s1/95553077/ccs,141,1,True,1,HIGH
H1,1,m84137_260214_004236_s1/95749562/ccs,141,1,True,1,HIGH
H1,1,m84137_260214_004236_s1/129632287/ccs,141,1,True,1,HIGH
H1,1,m84137_260214_004236_s1/146800992/ccs,141,1,True,1,HIGH
H1,1,m84137_260214_004236_s1/147327994/ccs,141,1,True,1,HIGH
H1,1,m84137_260214_004236_s1/184944595/ccs,141,1,True,1,HIGH
H1,1,m84137_260214_004236_s1/168887993/ccs,141,1,True,1,HIGH
H1,1,m84137_260214_004236_s1/185600210/ccs,141,1,True,1,HIGH
H1,1,m84137_260214_004236_s1/193594530/ccs,141,1,True,1,HIGH
H1,1,m84137_260214_004236_s1/221775681/ccs,141,1,True,1,HIGH
H1,1,m84137_260214_004236_s1/215875711/ccs,141,1,True,1,HIGH
H1,1,m84137_260214_004236_s1/216205162/ccs,141,1,True,1,HIGH
H1,1,m84137_260214_004236_s1/217777147/ccs,141,1,True,1,HIGH
H1,1,m84137_260214_004236_s1/18289121/ccs,141,1,True,1,HIGH
H1,1,m84137_260214_004236_s1/11736694/ccs,141,1,True,1,HIGH
H1,1,m84137_260214_004236_s1/39261265/ccs,141,1,True,1,HIGH
H1,1,m84137_260214_004236_s1/38735497/ccs,141,1,True,1,HIGH
H1,1,m84137_260214_004236_s1/93917539/ccs,141,1,True,1,HIGH
H1,1,m84137_260214_004236_s1/99750727/ccs,141,1,True,1,HIGH
H1,1,m84137_260214_004236_s1/124325547/ccs,141,1,True,1,HIGH
H1,1,m84137_260214_004236_s1/189010669/ccs,141,1,True,1,HIGH
H1,1,m84137_260214_004236_s1/172758357/ccs,141,1,True,1,HIGH
H1,1,m84137_260214_004236_s1/219614966/ccs,141,1,True,1,HIGH
H1,1,m84137_260214_004236_s1/7014947/ccs,141,1,True,1,HIGH
H1,1,m84137_260214_004236_s1/15599225/ccs,141,1,True,1,HIGH
H1,1,m84137_260214_004236_s1/32705486/ccs,141,1,True,1,HIGH
H1,1,m84137_260214_004236_s1/53085900/ccs,141,1,True,1,HIGH
H1,1,m84137_260214_004236_s1/43123029/ccs,141,1,True,1,HIGH
H1,1,m84137_260214_004236_s1/43977328/ccs,141,1,True,1,HIGH
H1,1,m84137_260214_004236_s1/64948183/ccs,141,1,True,1,HIGH
H1,1,m84137_260214_004236_s1/68092328/ccs,141,1,True,1,HIGH
H1,1,m84137_260214_004236_s1/102171783/ccs,141,1,True,1,HIGH
H1,1,m84137_260214_004236_s1/98897437/ccs,141,1,True,1,HIGH
H1,1,m84137_260214_004236_s1/120066811/ccs,141,1,True,1,HIGH
H1,1,m84137_260214_004236_s1/84478402/ccs,141,1,True,1,HIGH
H1,1,m84137_260214_004236_s1/194514421/ccs,141,1,True,1,HIGH
H1,1,m84137_260214_004236_s1/211030703/ccs,141,1,True,1,HIGH
H1,1,m84137_260214_004236_s1/183176780/ccs,138,1,True,1,HIGH
H1,1,m84137_260214_004236_s1/253235517/ccs,141,1,True,1,HIGH
H1,1,m84137_260214_004236_s1/261100798/ccs,141,1,True,1,HIGH
H1,1,m84137_260214_004236_s1/74581365/ccs,141,1,True,1,HIGH
H1,1,m84137_260214_004236_s1/219089911/ccs,141,1,True,1,HIGH
H1,1,m84137_260214_004236_s1/153751481/ccs,141,1,True,1,HIGH
H1,1,m84137_260214_004236_s1/157814182/ccs,141,1,True,1,HIGH
H1,1,m84137_260214_004236_s1/161353218/ccs,141,1,True,1,HIGH
H1,1,m84137_260214_004236_s1/191305048/ccs,141,1,True,1,HIGH
H1,1,m84137_260214_004236_s1/256510021/ccs,141,1,True,1,HIGH
H1,1,m84137_260214_004236_s1/238488467/ccs,141,1,True,1,HIGH
H1,1,m84137_260214_004236_s1/102371326/ccs,141,1,True,1,HIGH
H1,1,m84137_260214_004236_s1/107023974/ccs,141,1,True,1,HIGH
H1,1,m84137_260214_004236_s1/200545765/ccs,141,1,True,1,HIGH
H1,1,m84137_260214_004236_s1/233639198/ccs,141,1,True,1,HIGH
H1,1,m84137_260214_004236_s1/150210552/ccs,141,1,True,1,HIGH
H1,1,m84137_260214_004236_s1/240059396/ccs,141,1,True,1,HIGH
H1,1,m84137_260214_004236_s1/42209843/ccs,141,1,True,1,HIGH
H1,1,m84137_260214_004236_s1/89985393/ccs,141,1,True,1,HIGH
H1,1,m84137_260214_004236_s1/49484528/ccs,141,1,True,1,HIGH
H1,1,m84137_260214_004236_s1/179113152/ccs,141,1,True,1,HIGH
H1,1,m84137_260214_004236_s1/217779313/ccs,141,1,True,1,HIGH
H1,1,m84137_260214_004236_s1/247860991/ccs,141,1,True,1,HIGH
H1,1,m84137_260214_004236_s1/265552786/ccs,141,1,True,1,HIGH
H1,1,m84137_260214_004236_s1/29361070/ccs,137,1,True,1,HIGH
H1,1,m84137_260214_004236_s1/252512990/ccs,141,1,True,1,HIGH
H1,1,m84137_260214_004236_s1/166855901/ccs,141,1,True,1,HIGH
H1,1,m84137_260214_004236_s1/174195278/ccs,141,1,True,1,HIGH
H1,1,m84137_260214_004236_s1/189401818/ccs,141,1,True,1,HIGH
H1,1,m84137_260214_004236_s1/246285285/ccs,141,1,True,1,HIGH
H1,1,m84137_260214_004236_s1/16979077/ccs,141,1,True,1,HIGH
H1,1,m84137_260214_004236_s1/38999405/ccs,141,1,True,1,HIGH
H1,1,m84137_260214_004236_s1/193921484/ccs,141,1,True,1,HIGH
H1,1,m84137_260214_004236_s1/194054140/ccs,141,1,True,1,HIGH
H1,1,m84137_260214_004236_s1/177866934/ccs,141,1,True,1,HIGH
H1,1,m84137_260214_004236_s1/218955948/ccs,141,1,True,1,HIGH
H1,1,m84137_260214_004236_s1/224069560/ccs,141,1,True,1,HIGH
H1,1,m84137_260214_004236_s1/131663848/ccs,141,1,True,1,HIGH
H1,1,m84137_260214_004236_s1/115279183/ccs,141,1,True,1,HIGH
H1,1,m84137_260214_004236_s1/158532745/ccs,141,1,True,1,HIGH
H1,1,m84137_260214_004236_s1/154272435/ccs,141,1,True,1,HIGH
H1,1,m84137_260214_004236_s1/159517547/ccs,141,1,True,1,HIGH
H1,1,m84137_260214_004236_s1/260571518/ccs,141,1,True,1,HIGH
H1,1,m84137_260214_004236_s1/58001187/ccs,142,2,True,2,HIGH
H1,1,m84137_260214_004236_s1/210502992/ccs,142,2,True,2,HIGH
H1,1,m84137_260214_004236_s1/187961858/ccs,141,2,True,2,HIGH
H1,1,m84137_260214_004236_s1/246549615/ccs,142,2,True,2,HIGH
H1,1,m84137_260214_004236_s1/51188803/ccs,140,2,True,2,HIGH
H1,1,m84137_260214_004236_s1/248055668/ccs,142,2,True,2,HIGH
H1,1,m84137_260214_004236_s1/215092105/ccs,143,0,False,0,HIGH
H1,1,m84137_260214_004236_s1/127796077/ccs,142,0,False,0,HIGH
H1,1,m84137_260214_004236_s1/144179296/ccs,143,0,False,0,HIGH
H1,1,m84137_260214_004236_s1/259916217/ccs,143,0,False,0,HIGH
H1,1,m84137_260214_004236_s1/58917024/ccs,144,1,True,1,HIGH
H1,1,m84137_260214_004236_s1/95815360/ccs,144,1,True,1,HIGH
H1,1,m84137_260214_004236_s1/97714672/ccs,144,1,True,1,HIGH
H1,1,m84137_260214_004236_s1/118163686/ccs,144,1,True,1,HIGH
H1,1,m84137_260214_004236_s1/122486855/ccs,144,1,True,1,HIGH
H1,1,m84137_260214_004236_s1/132907321/ccs,144,1,True,1,HIGH
H1,1,m84137_260214_004236_s1/159975764/ccs,144,1,True,1,HIGH
H1,1,m84137_260214_004236_s1/168691807/ccs,144,1,True,1,HIGH
H1,1,m84137_260214_004236_s1/258869427/ccs,144,1,True,1,HIGH
H1,1,m84137_260214_004236_s1/73469604/ccs,144,1,True,1,HIGH
H1,1,m84137_260214_004236_s1/89001080/ccs,144,1,True,1,HIGH
H1,1,m84137_260214_004236_s1/49812889/ccs,144,1,True,1,HIGH
H1,1,m84137_260214_004236_s1/141170582/ccs,144,1,True,1,HIGH
H1,1,m84137_260214_004236_s1/222630022/ccs,144,1,True,1,HIGH
H1,1,m84137_260214_004236_s1/253760568/ccs,144,1,True,1,HIGH
H1,1,m84137_260214_004236_s1/241700300/ccs,144,1,True,1,HIGH
H1,1,m84137_260214_004236_s1/243142702/ccs,144,1,True,1,HIGH
H1,1,m84137_260214_004236_s1/159909028/ccs,144,1,True,1,HIGH
H1,1,m84137_260214_004236_s1/207360519/ccs,144,1,True,1,HIGH
H1,1,m84137_260214_004236_s1/27726106/ccs,144,1,True,1,HIGH
H1,1,m84137_260214_004236_s1/147002651/ccs,144,1,True,1,HIGH
H1,1,m84137_260214_004236_s1/138807717/ccs,144,1,True,1,HIGH
H1,1,m84137_260214_004236_s1/19727929/ccs,144,1,True,1,HIGH
H1,1,m84137_260214_004236_s1/25106175/ccs,144,1,True,1,HIGH
H1,1,m84137_260214_004236_s1/42600230/ccs,144,1,True,1,HIGH
H1,1,m84137_260214_004236_s1/96273464/ccs,144,1,True,1,HIGH
H1,1,m84137_260214_004236_s1/97717215/ccs,144,1,True,1,HIGH
H1,1,m84137_260214_004236_s1/199819333/ccs,144,1,True,1,HIGH
H1,1,m84137_260214_004236_s1/238291751/ccs,144,1,True,1,HIGH
H1,1,m84137_260214_004236_s1/246743758/ccs,144,1,True,1,HIGH
H1,1,m84137_260214_004236_s1/5575726/ccs,144,1,True,1,HIGH
H1,1,m84137_260214_004236_s1/67243197/ccs,144,1,True,1,HIGH
H1,1,m84137_260214_004236_s1/63442676/ccs,144,1,True,1,HIGH
H1,1,m84137_260214_004236_s1/73338926/ccs,144,1,True,1,HIGH
H1,1,m84137_260214_004236_s1/109120661/ccs,144,1,True,1,HIGH
H1,1,m84137_260214_004236_s1/82120348/ccs,144,1,True,1,HIGH
H1,1,m84137_260214_004236_s1/174331597/ccs,144,1,True,1,HIGH
H1,1,m84137_260214_004236_s1/187501775/ccs,144,1,True,1,HIGH
H1,1,m84137_260214_004236_s1/170331709/ccs,144,1,True,1,HIGH
H1,1,m84137_260214_004236_s1/71895353/ccs,144,1,True,1,HIGH
H1,1,m84137_260214_004236_s1/187829571/ccs,144,1,True,1,HIGH
H1,1,m84137_260214_004236_s1/13109242/ccs,144,1,True,1,HIGH
H1,1,m84137_260214_004236_s1/67174545/ccs,144,1,True,1,HIGH
H1,1,m84137_260214_004236_s1/118686922/ccs,144,1,True,1,HIGH
H1,1,m84137_260214_004236_s1/77401543/ccs,144,1,True,1,HIGH
H1,1,m84137_260214_004236_s1/99751037/ccs,144,1,True,1,HIGH
H1,1,m84137_260214_004236_s1/110432872/ccs,144,1,True,1,HIGH
H1,1,m84137_260214_004236_s1/130944532/ccs,144,1,True,1,HIGH
H1,1,m84137_260214_004236_s1/85526963/ccs,144,1,True,1,HIGH
H1,1,m84137_260214_004236_s1/95618647/ccs,144,1,True,1,HIGH
H1,1,m84137_260214_004236_s1/208736082/ccs,144,1,True,1,HIGH
H1,1,m84137_260214_004236_s1/223416916/ccs,144,1,True,1,HIGH
H1,1,m84137_260214_004236_s1/140972715/ccs,144,1,True,1,HIGH
H1,1,m84137_260214_004236_s1/159978422/ccs,144,1,True,1,HIGH
H1,1,m84137_260214_004236_s1/241961016/ccs,144,1,True,1,HIGH
H1,1,m84137_260214_004236_s1/13112935/ccs,144,1,True,1,HIGH
H1,1,m84137_260214_004236_s1/67375679/ccs,144,1,True,1,HIGH
H1,1,m84137_260214_004236_s1/49092123/ccs,144,1,True,1,HIGH
H1,1,m84137_260214_004236_s1/202837950/ccs,144,1,True,1,HIGH
H1,1,m84137_260214_004236_s1/16843679/ccs,144,1,True,1,HIGH
H1,1,m84137_260214_004236_s1/217781456/ccs,144,1,True,1,HIGH
H1,1,m84137_260214_004236_s1/250940119/ccs,144,1,True,1,HIGH
H1,1,m84137_260214_004236_s1/231867876/ccs,144,1,True,1,HIGH
H1,1,m84137_260214_004236_s1/215679499/ccs,144,1,True,1,HIGH
H1,1,m84137_260214_004236_s1/32443860/ccs,144,1,True,1,HIGH
H1,1,m84137_260214_004236_s1/37424967/ccs,144,1,True,1,HIGH
H1,1,m84137_260214_004236_s1/151585521/ccs,144,1,True,1,HIGH
H1,1,m84137_260214_004236_s1/132514541/ccs,144,1,True,1,HIGH
H1,1,m84137_260214_004236_s1/159648017/ccs,144,1,True,1,HIGH
H1,1,m84137_260214_004236_s1/159844377/ccs,144,1,True,1,HIGH
H1,1,m84137_260214_004236_s1/48107367/ccs,148,2,True,2,HIGH
H1,1,m84137_260214_004236_s1/122228535/ccs,145,2,True,2,HIGH
H1,1,m84137_260214_004236_s1/85396443/ccs,145,2,True,2,HIGH
H1,1,m84137_260214_004236_s1/222823179/ccs,146,0,False,0,HIGH
H1,1,m84137_260214_004236_s1/170133944/ccs,147,1,True,1,HIGH
H1,1,m84137_260214_004236_s1/192807715/ccs,147,1,True,1,HIGH
H1,1,m84137_260214_004236_s1/219809893/ccs,147,1,True,1,HIGH
H1,1,m84137_260214_004236_s1/183765826/ccs,147,1,True,1,HIGH
H1,1,m84137_260214_004236_s1/226495165/ccs,147,1,True,1,HIGH
H1,1,m84137_260214_004236_s1/244057703/ccs,147,1,True,1,HIGH
H1,1,m84137_260214_004236_s1/245892249/ccs,147,1,True,1,HIGH
H1,1,m84137_260214_004236_s1/105912217/ccs,147,1,True,1,HIGH
H1,1,m84137_260214_004236_s1/114037989/ccs,147,1,True,1,HIGH
H1,1,m84137_260214_004236_s1/181866109/ccs,147,1,True,1,HIGH
H1,1,m84137_260214_004236_s1/7276842/ccs,147,1,True,1,HIGH
H1,1,m84137_260214_004236_s1/124847032/ccs,147,1,True,1,HIGH
H1,1,m84137_260214_004236_s1/110037479/ccs,147,1,True,1,HIGH
H1,1,m84137_260214_004236_s1/106037406/ccs,147,1,True,1,HIGH
H1,1,m84137_260214_004236_s1/169019635/ccs,147,1,True,1,HIGH
H1,1,m84137_260214_004236_s1/86574085/ccs,147,1,True,1,HIGH
H1,1,m84137_260214_004236_s1/124848876/ccs,147,1,True,1,HIGH
H1,1,m84137_260214_004236_s1/208144364/ccs,147,1,True,1,HIGH
H1,1,m84137_260214_004236_s1/216727690/ccs,147,1,True,1,HIGH
H1,1,m84137_260214_004236_s1/17960680/ccs,147,1,True,1,HIGH
H1,1,m84137_260214_004236_s1/155651201/ccs,147,1,True,1,HIGH
H1,1,m84137_260214_004236_s1/164302323/ccs,147,1,True,1,HIGH
H1,1,m84137_260214_004236_s1/201398114/ccs,147,1,True,1,HIGH
H1,1,m84137_260214_004236_s1/15406400/ccs,147,1,True,1,HIGH
H1,1,m84137_260214_004236_s1/164957721/ccs,147,1,True,1,HIGH
H1,1,m84137_260214_004236_s1/196875800/ccs,147,1,True,1,HIGH
H1,1,m84137_260214_004236_s1/262933585/ccs,147,1,True,1,HIGH
H1,1,m84137_260214_004236_s1/153620385/ccs,147,1,True,1,HIGH
H1,1,m84137_260214_004236_s1/247728292/ccs,147,1,True,1,HIGH
H1,1,m84137_260214_004236_s1/20776537/ccs,147,1,True,1,HIGH
H1,1,m84137_260214_004236_s1/183305166/ccs,147,1,True,1,HIGH
H1,1,m84137_260214_004236_s1/246352330/ccs,147,1,True,1,HIGH
H1,1,m84137_260214_004236_s1/89592364/ccs,147,1,True,1,HIGH
H1,1,m84137_260214_004236_s1/101192349/ccs,147,1,True,1,HIGH
H1,1,m84137_260214_004236_s1/211222682/ccs,147,1,True,1,HIGH
H1,1,m84137_260214_004236_s1/232916713/ccs,147,1,True,1,HIGH
H1,1,m84137_260214_004236_s1/262932707/ccs,147,1,True,1,HIGH
H1,1,m84137_260214_004236_s1/24448376/ccs,147,1,True,1,HIGH
H1,1,m84137_260214_004236_s1/35328195/ccs,147,1,True,1,HIGH
H1,1,m84137_260214_004236_s1/132645965/ccs,146,1,True,1,HIGH
H1,1,m84137_260214_004236_s1/190517085/ccs,147,1,True,1,HIGH
H1,1,m84137_260214_004236_s1/79301494/ccs,147,1,True,1,HIGH
H1,1,m84137_260214_004236_s1/170919416/ccs,148,2,True,2,HIGH
H1,1,m84137_260214_004236_s1/179896535/ccs,147,2,True,2,HIGH
H1,1,m84137_260214_004236_s1/114032910/ccs,147,2,True,2,HIGH
H1,1,m84137_260214_004236_s1/114888128/ccs,149,0,False,0,HIGH
H1,1,m84137_260214_004236_s1/239277779/ccs,149,0,False,0,HIGH
H1,1,m84137_260214_004236_s1/149163875/ccs,150,1,True,1,HIGH
H1,1,m84137_260214_004236_s1/218044106/ccs,150,1,True,1,HIGH
H1,1,m84137_260214_004236_s1/209061709/ccs,150,1,True,1,HIGH
H1,1,m84137_260214_004236_s1/22679633/ccs,150,1,True,1,HIGH
H1,1,m84137_260214_004236_s1/68747694/ccs,150,1,True,1,HIGH
H1,1,m84137_260214_004236_s1/168562762/ccs,150,1,True,1,HIGH
H1,1,m84137_260214_004236_s1/190714527/ccs,150,1,True,1,HIGH
H1,1,m84137_260214_004236_s1/154801993/ccs,150,1,True,1,HIGH
H1,1,m84137_260214_004236_s1/196742301/ccs,150,1,True,1,HIGH
H1,1,m84137_260214_004236_s1/105515865/ccs,150,1,True,1,HIGH
H1,1,m84137_260214_004236_s1/22217113/ccs,150,1,True,1,HIGH
H1,1,m84137_260214_004236_s1/59442083/ccs,150,1,True,1,HIGH
H1,1,m84137_260214_004236_s1/157354219/ccs,150,1,True,1,HIGH
H1,1,m84137_260214_004236_s1/179896798/ccs,150,1,True,1,HIGH
H1,1,m84137_260214_004236_s1/242423585/ccs,150,1,True,1,HIGH
H1,1,m84137_260214_004236_s1/29233346/ccs,150,1,True,1,HIGH
H1,1,m84137_260214_004236_s1/217055297/ccs,150,1,True,1,HIGH
H1,1,m84137_260214_004236_s1/243272618/ccs,150,1,True,1,HIGH
H1,1,m84137_260214_004236_s1/189729527/ccs,150,1,True,1,HIGH
H1,1,m84137_260214_004236_s1/190056661/ccs,150,1,True,1,HIGH
H1,1,m84137_260214_004236_s1/134087511/ccs,150,1,True,1,HIGH
H1,1,m84137_260214_004236_s1/155454121/ccs,150,1,True,1,HIGH
H1,1,m84137_260214_004236_s1/54658940/ccs,155,0,False,0,HIGH
H1,1,m84137_260214_004236_s1/101123072/ccs,153,1,True,1,HIGH
H1,1,m84137_260214_004236_s1/133956790/ccs,153,1,True,1,HIGH
H1,1,m84137_260214_004236_s1/206570842/ccs,153,1,True,1,HIGH
H1,1,m84137_260214_004236_s1/91621886/ccs,153,1,True,1,HIGH
H1,1,m84137_260214_004236_s1/14353829/ccs,153,1,True,1,HIGH
H1,1,m84137_260214_004236_s1/185602569/ccs,153,1,True,1,HIGH
H1,1,m84137_260214_004236_s1/205262422/ccs,153,1,True,1,HIGH
H1,1,m84137_260214_004236_s1/211816571/ccs,153,1,True,1,HIGH
H1,1,m84137_260214_004236_s1/39191433/ccs,153,1,True,1,HIGH
H1,1,m84137_260214_004236_s1/32506978/ccs,153,1,True,1,HIGH
H1,1,m84137_260214_004236_s1/102106136/ccs,153,1,True,1,HIGH
H1,1,m84137_260214_004236_s1/176559753/ccs,153,1,True,1,HIGH
H1,1,m84137_260214_004236_s1/181278591/ccs,153,1,True,1,HIGH
H1,1,m84137_260214_004236_s1/165217508/ccs,153,1,True,1,HIGH
H1,1,m84137_260214_004236_s1/8393918/ccs,153,1,True,1,HIGH
H1,1,m84137_260214_004236_s1/159778438/ccs,153,1,True,1,HIGH
H1,1,m84137_260214_004236_s1/257556669/ccs,156,1,True,1,HIGH
H1,1,m84137_260214_004236_s1/96671436/ccs,156,1,True,1,HIGH
H1,1,m84137_260214_004236_s1/3671121/ccs,156,1,True,1,HIGH
H1,1,m84137_260214_004236_s1/65471590/ccs,156,1,True,1,HIGH
H1,1,m84137_260214_004236_s1/170198496/ccs,156,1,True,1,HIGH
H1,1,m84137_260214_004236_s1/208213157/ccs,156,1,True,1,HIGH
H1,1,m84137_260214_004236_s1/225444517/ccs,159,1,True,1,HIGH
H1,1,m84137_260214_004236_s1/83757873/ccs,156,1,True,1,HIGH
H1,1,m84137_260214_004236_s1/261559210/ccs,156,1,True,1,HIGH
H1,1,m84137_260214_004236_s1/221776574/ccs,156,0,False,0,HIGH
H1,1,m84137_260214_004236_s1/46338104/ccs,159,1,True,1,HIGH
H1,1,m84137_260214_004236_s1/259916488/ccs,159,1,True,1,HIGH
H1,1,m84137_260214_004236_s1/62657461/ccs,159,1,True,1,HIGH
H1,1,m84137_260214_004236_s1/174654623/ccs,159,1,True,1,HIGH
H1,1,m84137_260214_004236_s1/255265395/ccs,159,1,True,1,HIGH
H1,1,m84137_260214_004236_s1/237962102/ccs,159,1,True,1,HIGH
H1,1,m84137_260214_004236_s1/6424872/ccs,159,1,True,1,HIGH
H1,1,m84137_260214_004236_s1/212402453/ccs,159,1,True,1,HIGH
H1,1,m84137_260214_004236_s1/240912638/ccs,159,1,True,1,HIGH
H1,1,m84137_260214_004236_s1/173475439/ccs,165,1,True,1,HIGH
H1,1,m84137_260214_004236_s1/176751271/ccs,162,1,True,1,HIGH
H1,1,m84137_260214_004236_s1/41423883/ccs,162,1,True,1,HIGH
H1,1,m84137_260214_004236_s1/92013145/ccs,162,1,True,1,HIGH
H1,1,m84137_260214_004236_s1/28050490/ccs,162,1,True,1,HIGH
H1,1,m84137_260214_004236_s1/97455138/ccs,163,2,True,2,HIGH
H1,1,m84137_260214_004236_s1/88083311/ccs,165,1,True,1,HIGH
H1,1,m84137_260214_004236_s1/22153139/ccs,165,1,True,1,HIGH
H1,1,m84137_260214_004236_s1/177475171/ccs,165,1,True,1,HIGH
H1,1,m84137_260214_004236_s1/24641605/ccs,165,1,True,1,HIGH
H1,1,m84137_260214_004236_s1/63902426/ccs,165,1,True,1,HIGH
H1,1,m84137_260214_004236_s1/202441886/ccs,165,1,True,1,HIGH
H1,1,m84137_260214_004236_s1/175440691/ccs,165,1,True,1,HIGH
H1,1,m84137_260214_004236_s1/37884391/ccs,165,1,True,1,HIGH
H1,1,m84137_260214_004236_s1/214963691/ccs,168,1,True,1,HIGH
H1,1,m84137_260214_004236_s1/113577497/ccs,168,1,True,1,HIGH
H1,1,m84137_260214_004236_s1/236586249/ccs,168,1,True,1,HIGH
H1,1,m84137_260214_004236_s1/224592426/ccs,168,1,True,1,HIGH
H1,1,m84137_260214_004236_s1/80414486/ccs,171,1,True,1,HIGH
H1,1,m84137_260214_004236_s1/157615597/ccs,171,1,True,1,HIGH
H1,1,m84137_260214_004236_s1/249628542/ccs,174,1,True,1,HIGH
H1,1,m84137_260214_004236_s1/82575632/ccs,174,1,True,1,HIGH
H1,1,m84137_260214_004236_s1/83561904/ccs,174,1,True,1,HIGH
H1,1,m84137_260214_004236_s1/168886499/ccs,174,1,True,1,HIGH
H1,1,m84137_260214_004236_s1/54529664/ccs,177,1,True,1,HIGH
H1,1,m84137_260214_004236_s1/67046103/ccs,180,1,True,1,HIGH
H1,1,m84137_260214_004236_s1/176818591/ccs,183,1,True,1,HIGH
H1,1,m84137_260214_004236_s1/47519525/ccs,183,1,True,1,HIGH
H1,1,m84137_260214_004236_s1/78906890/ccs,183,1,True,1,HIGH
H1,1,m84137_260214_004236_s1/172297771/ccs,189,1,True,1,HIGH
H1,1,m84137_260214_004236_s1/10228671/ccs,189,1,True,1,HIGH
H1,1,m84137_260214_004236_s1/8000119/ccs,194,0,False,0,HIGH
H1,1,m84137_260214_004236_s1/113314807/ccs,195,1,True,1,HIGH
H1,1,m84137_260214_004236_s1/251923651/ccs,195,1,True,1,HIGH
H1,1,m84137_260214_004236_s1/176101061/ccs,198,1,True,1,HIGH
H1,1,m84137_260214_004236_s1/208078379/ccs,201,1,True,1,HIGH
H1,1,m84137_260214_004236_s1/160891309/ccs,210,1,True,1,HIGH
H1,1,m84137_260214_004236_s1/6162102/ccs,207,1,True,1,HIGH
H1,1,m84137_260214_004236_s1/57610105/ccs,209,0,False,0,HIGH
H1,1,m84137_260214_004236_s1/85524946/ccs,210,1,True,1,HIGH
H1,1,m84137_260214_004236_s1/153884483/ccs,210,1,True,1,HIGH
H1,1,m84137_260214_004236_s1/158666114/ccs,213,1,True,1,HIGH
H1,1,m84137_260214_004236_s1/108659750/ccs,216,1,True,1,HIGH
H1,1,m84137_260214_004236_s1/84020030/ccs,219,1,True,1,HIGH
H1,1,m84137_260214_004236_s1/124388431/ccs,219,1,True,1,HIGH
H1,1,m84137_260214_004236_s1/178918639/ccs,219,1,True,1,HIGH
H1,1,m84137_260214_004236_s1/96472366/ccs,222,1,True,1,HIGH
H1,1,m84137_260214_004236_s1/195954729/ccs,234,1,True,1,HIGH
H1,1,m84137_260214_004236_s1/79432687/ccs,237,1,True,1,HIGH
H1,1,m84137_260214_004236_s1/257294861/ccs,249,1,True,1,HIGH
H1,1,m84137_260214_004236_s1/78709776/ccs,254,0,False,0,HIGH
H1,1,m84137_260214_004236_s1/27657538/ccs,258,1,True,1,HIGH
H1,1,m84137_260214_004236_s1/131337929/ccs,303,1,True,1,HIGH
H1,1,m84137_260214_004236_s1/256642587/ccs,309,1,True,1,HIGH
H1,1,m84137_260214_004236_s1/139198596/ccs,309,1,True,1,HIGH
H1,1,m84137_260214_004236_s1/183830876/ccs,321,1,True,1,HIGH
H1,1,m84137_260214_004236_s1/144575666/ccs,318,1,True,1,HIGH
H1,1,m84137_260214_004236_s1/57413295/ccs,327,1,True,1,HIGH
H1,1,m84137_260214_004236_s1/88670823/ccs,403,2,True,2,HIGH
H1,1,m84137_260214_004236_s1/3801430/ccs,403,0,False,0,HIGH
H1,1,m84137_260214_004236_s1/84022521/ccs,450,1,True,1,HIGH
H1,1,m84137_260214_004236_s1/241959986/ccs,462,1,True,1,HIGH
H1,1,m84137_260214_004236_s1/142213184/ccs,513,1,True,1,HIGH
H1,1,m84137_260214_004236_s1/179175680/ccs,522,1,True,1,HIGH
H1,1,m84137_260214_004236_s1/32508660/ccs,546,1,True,1,HIGH
H1,1,m84137_260214_004236_s1/144051991/ccs,543,1,True,1,HIGH
H1,1,m84137_260214_004236_s1/199759472/ccs,561,1,True,1,HIGH
H1,1,m84137_260214_004236_s1/32115799/ccs,598,2,True,2,HIGH
H1,1,m84137_260214_004236_s1/158142075/ccs,726,1,True,1,HIGH
H1,1,m84137_260214_004236_s1/18746332/ccs,756,1,True,1,HIGH
H1,1,m84137_260214_004236_s1/206772061/ccs,831,0,False,0,HIGH
H1,1,m84137_260214_004236_s1/244846053/ccs,146,0,False,0,HIGH
H1,1,m84137_260214_004236_s1/24707220/ccs,137,1,True,1,HIGH
H1,1,m84137_260214_004236_s1/24973954/ccs,126,2,True,2,HIGH
H1,1,m84137_260214_004236_s1/66456893/ccs,149,0,False,0,HIGH
H1,1,m84137_260214_004236_s1/28448361/ccs,128,0,False,0,HIGH
H1,1,m84137_260214_004236_s1/210373844/ccs,134,2,True,2,HIGH
H1,1,m84137_260214_004236_s1/62455949/ccs,138,0,False,0,HIGH
H1,1,m84137_260214_004236_s1/211618343/ccs,141,2,True,2,HIGH
H1,1,m84137_260214_004236_s1/130089564/ccs,127,2,True,2,HIGH
H1,1,m84137_260214_004236_s1/250678192/ccs,129,1,True,1,HIGH
H1,1,m84137_260214_004236_s1/98305599/ccs,132,1,True,1,HIGH
H1,1,m84137_260214_004236_s1/241304137/ccs,132,2,True,2,HIGH
H1,1,m84137_260214_004236_s1/49022945/ccs,134,0,False,0,HIGH
H1,1,m84137_260214_004236_s1/257426610/ccs,138,1,True,1,HIGH
H1,1,m84137_260214_004236_s1/236258827/ccs,141,1,True,1,HIGH
H1,1,m84137_260214_004236_s1/238027421/ccs,134,0,False,0,HIGH
H1,1,m84137_260214_004236_s1/220924998/ccs,132,1,True,1,HIGH
H1,1,m84137_260214_004236_s1/133629481/ccs,138,0,False,0,HIGH
H1,1,m84137_260214_004236_s1/81726905/ccs,136,0,False,0,HIGH
H1,1,m84137_260214_004236_s1/176691003/ccs,133,2,True,2,HIGH
H1,1,m84137_260214_004236_s1/189076938/ccs,139,0,False,0,HIGH
H1,1,m84137_260214_004236_s1/140054346/ccs,128,1,True,1,HIGH
H1,1,m84137_260214_004236_s1/103743936/ccs,136,2,True,2,HIGH
H1,1,m84137_260214_004236_s1/210111181/ccs,141,1,True,1,HIGH
H1,1,m84137_260214_004236_s1/191824292/ccs,141,1,True,1,HIGH
H1,1,m84137_260214_004236_s1/52168236/ccs,143,0,False,0,HIGH
H1,1,m84137_260214_004236_s1/67572995/ccs,144,1,True,1,HIGH
H1,1,m84137_260214_004236_s1/25956351/ccs,147,1,True,1,HIGH
H1,1,m84137_260214_004236_s1/214046295/ccs,129,0,False,0,HIGH
H1,1,m84137_260214_004236_s1/21235525/ccs,137,1,True,1,HIGH
H1,1,m84137_260214_004236_s1/118948087/ccs,135,1,True,1,HIGH
H1,1,m84137_260214_004236_s1/67047853/ccs,129,1,True,1,HIGH
H1,1,m84137_260214_004236_s1/251663037/ccs,133,2,True,2,HIGH
H1,1,m84137_260214_004236_s1/192484013/ccs,184,0,False,0,HIGH
H1,1,m84137_260214_004236_s1/143983967/ccs,151,0,False,0,HIGH
H1,1,m84137_260214_004236_s1/88347683/ccs,167,1,True,1,HIGH
H1,1,m84137_260214_004236_s1/23461955/ccs,139,0,False,0,HIGH
H1,1,m84137_260214_004236_s1/232657864/ccs,135,2,True,2,HIGH
H1,1,m84137_260214_004236_s1/51642455/ccs,138,2,True,2,HIGH
H1,1,m84137_260214_004236_s1/8065739/ccs,132,1,True,1,HIGH
H1,1,m84137_260214_004236_s1/168761067/ccs,131,1,True,1,HIGH
H1,1,m84137_260214_004236_s1/12977343/ccs,163,2,True,2,HIGH
H1,1,m84137_260214_004236_s1/33165736/ccs,138,1,True,1,HIGH
H1,1,m84137_260214_004236_s1/197858916/ccs,156,2,True,2,HIGH
H3,1,m84137_260214_004236_s1/73401810/ccs,166,0,False,0,HIGH
H3,1,m84137_260214_004236_s1/23791630/ccs,176,1,True,1,HIGH
H3,1,m84137_260214_004236_s1/146281875/ccs,169,2,True,2,HIGH
H3,1,m84137_260214_004236_s1/218040069/ccs,169,0,False,0,HIGH
H3,1,m84137_260214_004236_s1/191040490/ccs,157,0,False,0,HIGH
H3,1,m84137_260214_004236_s1/48890556/ccs,160,2,True,2,HIGH
H3,1,m84137_260214_004236_s1/99095255/ccs,184,0,False,0,HIGH
H3,1,m84137_260214_004236_s1/2097690/ccs,2958,2,True,2,HIGH
H3,1,m84137_260214_004236_s1/22481974/ccs,181,1,True,1,HIGH
H3,1,m84137_260214_004236_s1/169809764/ccs,172,2,True,2,HIGH
H3,1,m84137_260214_004236_s1/82051943/ccs,171,1,True,1,HIGH
H3,1,m84137_260214_004236_s1/150342062/ccs,231,0,False,0,HIGH
H3,1,m84137_260214_004236_s1/121768635/ccs,171,0,False,0,HIGH
H3,1,m84137_260214_004236_s1/206443279/ccs,183,1,True,1,HIGH
H3,1,m84137_260214_004236_s1/237175291/ccs,159,0,False,0,HIGH
H3,1,m84137_260214_004236_s1/256443416/ccs,159,2,True,2,HIGH
H3,1,m84137_260214_004236_s1/90835560/ccs,188,1,True,1,HIGH
H3,1,m84137_260214_004236_s1/6491893/ccs,185,1,True,1,HIGH
H3,1,m84137_260214_004236_s1/3015164/ccs,173,1,True,1,HIGH
H3,1,m84137_260214_004236_s1/133431570/ccs,168,0,False,0,HIGH
H3,1,m84137_260214_004236_s1/31721716/ccs,170,0,False,0,HIGH
H3,1,m84137_260214_004236_s1/195825563/ccs,185,0,False,0,HIGH
H3,1,m84137_260214_004236_s1/5636598/ccs,171,0,False,0,HIGH
H3,1,m84137_260214_004236_s1/23397850/ccs,158,0,False,0,HIGH
H3,1,m84137_260214_004236_s1/92604325/ccs,153,1,True,1,HIGH
H3,1,m84137_260214_004236_s1/105713116/ccs,253,2,True,2,HIGH
H3,1,m84137_260214_004236_s1/67307854/ccs,169,1,True,1,HIGH
H3,1,m84137_260214_004236_s1/93783117/ccs,174,2,True,2,HIGH
H3,1,m84137_260214_004236_s1/45353303/ccs,170,1,True,1,HIGH
H3,1,m84137_260214_004236_s1/134611907/ccs,155,2,True,2,HIGH
H3,1,m84137_260214_004236_s1/111151212/ccs,166,0,False,0,HIGH
H3,1,m84137_260214_004236_s1/193528650/ccs,160,1,True,1,HIGH
H3,1,m84137_260214_004236_s1/55250196/ccs,159,2,True,2,HIGH
H3,1,m84137_260214_004236_s1/29754227/ccs,159,1,True,1,HIGH
H3,1,m84137_260214_004236_s1/82576222/ccs,162,1,True,1,HIGH
H3,1,m84137_260214_004236_s1/124060981/ccs,189,0,False,0,HIGH
H3,1,m84137_260214_004236_s1/44239220/ccs,166,2,True,2,HIGH
H3,1,m84137_260214_004236_s1/71243245/ccs,160,1,True,1,HIGH
H3,1,m84137_260214_004236_s1/225772416/ccs,163,0,False,0,HIGH
H3,1,m84137_260214_004236_s1/75433019/ccs,168,1,True,1,HIGH
H3,1,m84137_260214_004236_s1/44634773/ccs,177,2,True,2,HIGH
H3,1,m84137_260214_004236_s1/217254596/ccs,138,1,True,1,HIGH
H3,1,m84137_260214_004236_s1/51773497/ccs,141,1,True,1,HIGH
H3,1,m84137_260214_004236_s1/261095949/ccs,138,1,True,1,HIGH
H3,1,m84137_260214_004236_s1/24184301/ccs,141,1,True,1,HIGH
H3,1,m84137_260214_004236_s1/68029288/ccs,144,1,True,1,HIGH
H3,1,m84137_260214_004236_s1/195821875/ccs,148,2,True,2,HIGH
H3,1,m84137_260214_004236_s1/247727227/ccs,150,1,True,1,HIGH
H3,1,m84137_260214_004236_s1/30082508/ccs,150,1,True,1,HIGH
H3,1,m84137_260214_004236_s1/224265639/ccs,153,1,True,1,HIGH
H3,1,m84137_260214_004236_s1/185599331/ccs,153,1,True,1,HIGH
H3,1,m84137_260214_004236_s1/45613289/ccs,156,1,True,1,HIGH
H3,1,m84137_260214_004236_s1/266798767/ccs,156,1,True,1,HIGH
H3,1,m84137_260214_004236_s1/6687077/ccs,156,1,True,1,HIGH
H3,1,m84137_260214_004236_s1/114361072/ccs,156,1,True,1,HIGH
H3,1,m84137_260214_004236_s1/238751456/ccs,156,1,True,1,HIGH
H3,1,m84137_260214_004236_s1/232133251/ccs,159,1,True,1,HIGH
H3,1,m84137_260214_004236_s1/187237133/ccs,159,1,True,1,HIGH
H3,1,m84137_260214_004236_s1/11732585/ccs,159,1,True,1,HIGH
H3,1,m84137_260214_004236_s1/165086798/ccs,159,1,True,1,HIGH
H3,1,m84137_260214_004236_s1/89523600/ccs,159,1,True,1,HIGH
H3,1,m84137_260214_004236_s1/210769771/ccs,159,1,True,1,HIGH
H3,1,m84137_260214_004236_s1/206180510/ccs,159,1,True,1,HIGH
H3,1,m84137_260214_004236_s1/205195298/ccs,159,1,True,1,HIGH
H3,1,m84137_260214_004236_s1/215287799/ccs,159,1,True,1,HIGH
H3,1,m84137_260214_004236_s1/92341325/ccs,159,1,True,1,HIGH
H3,1,m84137_260214_004236_s1/73930144/ccs,159,1,True,1,HIGH
H3,1,m84137_260214_004236_s1/245172464/ccs,159,1,True,1,HIGH
H3,1,m84137_260214_004236_s1/87822514/ccs,159,2,True,2,HIGH
H3,1,m84137_260214_004236_s1/85333922/ccs,161,2,True,2,HIGH
H3,1,m84137_260214_004236_s1/27852949/ccs,163,0,False,0,HIGH
H3,1,m84137_260214_004236_s1/141431157/ccs,162,1,True,1,HIGH
H3,1,m84137_260214_004236_s1/39457451/ccs,162,1,True,1,HIGH
H3,1,m84137_260214_004236_s1/64885333/ccs,162,1,True,1,HIGH
H3,1,m84137_260214_004236_s1/60363441/ccs,162,1,True,1,HIGH
H3,1,m84137_260214_004236_s1/89986797/ccs,162,1,True,1,HIGH
H3,1,m84137_260214_004236_s1/89329791/ccs,162,1,True,1,HIGH
H3,1,m84137_260214_004236_s1/97718585/ccs,162,1,True,1,HIGH
H3,1,m84137_260214_004236_s1/92669949/ccs,162,1,True,1,HIGH
H3,1,m84137_260214_004236_s1/105255509/ccs,162,1,True,1,HIGH
H3,1,m84137_260214_004236_s1/156440202/ccs,162,1,True,1,HIGH
H3,1,m84137_260214_004236_s1/240783293/ccs,162,1,True,1,HIGH
H3,1,m84137_260214_004236_s1/235147206/ccs,162,1,True,1,HIGH
H3,1,m84137_260214_004236_s1/264506498/ccs,162,1,True,1,HIGH
H3,1,m84137_260214_004236_s1/262344064/ccs,162,1,True,1,HIGH
H3,1,m84137_260214_004236_s1/247336852/ccs,162,1,True,1,HIGH
H3,1,m84137_260214_004236_s1/247992649/ccs,162,1,True,1,HIGH
H3,1,m84137_260214_004236_s1/225249982/ccs,162,1,True,1,HIGH
H3,1,m84137_260214_004236_s1/184420848/ccs,162,1,True,1,HIGH
H3,1,m84137_260214_004236_s1/252249744/ccs,162,1,True,1,HIGH
H3,1,m84137_260214_004236_s1/237242579/ccs,162,1,True,1,HIGH
H3,1,m84137_260214_004236_s1/238420347/ccs,162,1,True,1,HIGH
H3,1,m84137_260214_004236_s1/238685130/ccs,162,1,True,1,HIGH
H3,1,m84137_260214_004236_s1/198378060/ccs,159,1,True,1,HIGH
H3,1,m84137_260214_004236_s1/199491970/ccs,162,1,True,1,HIGH
H3,1,m84137_260214_004236_s1/203489901/ccs,162,1,True,1,HIGH
H3,1,m84137_260214_004236_s1/266404490/ccs,162,1,True,1,HIGH
H3,1,m84137_260214_004236_s1/4200183/ccs,162,1,True,1,HIGH
H3,1,m84137_260214_004236_s1/11866030/ccs,162,1,True,1,HIGH
H3,1,m84137_260214_004236_s1/35917382/ccs,162,1,True,1,HIGH
H3,1,m84137_260214_004236_s1/36441208/ccs,162,1,True,1,HIGH
H3,1,m84137_260214_004236_s1/17500894/ccs,162,1,True,1,HIGH
H3,1,m84137_260214_004236_s1/25363739/ccs,162,1,True,1,HIGH
H3,1,m84137_260214_004236_s1/32311896/ccs,162,1,True,1,HIGH
H3,1,m84137_260214_004236_s1/139855028/ccs,162,1,True,1,HIGH
H3,1,m84137_260214_004236_s1/249696837/ccs,162,1,True,1,HIGH
H3,1,m84137_260214_004236_s1/54201934/ccs,162,1,True,1,HIGH
H3,1,m84137_260214_004236_s1/46859059/ccs,159,1,True,1,HIGH
H3,1,m84137_260214_004236_s1/17826975/ccs,162,1,True,1,HIGH
H3,1,m84137_260214_004236_s1/112662292/ccs,162,1,True,1,HIGH
H3,1,m84137_260214_004236_s1/24971444/ccs,162,1,True,1,HIGH
H3,1,m84137_260214_004236_s1/143983218/ccs,162,1,True,1,HIGH
H3,1,m84137_260214_004236_s1/20055636/ccs,162,1,True,1,HIGH
H3,1,m84137_260214_004236_s1/14352597/ccs,162,1,True,1,HIGH
H3,1,m84137_260214_004236_s1/34670597/ccs,162,1,True,1,HIGH
H3,1,m84137_260214_004236_s1/32115190/ccs,162,1,True,1,HIGH
H3,1,m84137_260214_004236_s1/61671239/ccs,162,1,True,1,HIGH
H3,1,m84137_260214_004236_s1/60687520/ccs,162,1,True,1,HIGH
H3,1,m84137_260214_004236_s1/47057563/ccs,162,1,True,1,HIGH
H3,1,m84137_260214_004236_s1/249304111/ccs,162,1,True,1,HIGH
H3,1,m84137_260214_004236_s1/151782396/ccs,162,1,True,1,HIGH
H3,1,m84137_260214_004236_s1/224398555/ccs,162,1,True,1,HIGH
H3,1,m84137_260214_004236_s1/208672517/ccs,162,1,True,1,HIGH
H3,1,m84137_260214_004236_s1/254874761/ccs,162,1,True,1,HIGH
H3,1,m84137_260214_004236_s1/225773075/ccs,165,1,True,1,HIGH
H3,1,m84137_260214_004236_s1/228066312/ccs,162,1,True,1,HIGH
H3,1,m84137_260214_004236_s1/145035739/ccs,162,1,True,1,HIGH
H3,1,m84137_260214_004236_s1/170987746/ccs,162,1,True,1,HIGH
H3,1,m84137_260214_004236_s1/32248104/ccs,162,1,True,1,HIGH
H3,1,m84137_260214_004236_s1/69080195/ccs,162,1,True,1,HIGH
H3,1,m84137_260214_004236_s1/93722451/ccs,162,1,True,1,HIGH
H3,1,m84137_260214_004236_s1/121639132/ccs,162,1,True,1,HIGH
H3,1,m84137_260214_004236_s1/246089701/ccs,162,1,True,1,HIGH
H3,1,m84137_260214_004236_s1/264178143/ccs,162,1,True,1,HIGH
H3,1,m84137_260214_004236_s1/28906067/ccs,162,1,True,1,HIGH
H3,1,m84137_260214_004236_s1/183895240/ccs,163,2,True,2,HIGH
H3,1,m84137_260214_004236_s1/99549643/ccs,163,2,True,2,HIGH
H3,1,m84137_260214_004236_s1/245699750/ccs,163,2,True,2,HIGH
H3,1,m84137_260214_004236_s1/250154048/ccs,164,0,False,0,HIGH
H3,1,m84137_260214_004236_s1/45220451/ccs,165,0,False,0,HIGH
H3,1,m84137_260214_004236_s1/253756039/ccs,161,0,False,0,HIGH
H3,1,m84137_260214_004236_s1/28903921/ccs,165,1,True,1,HIGH
H3,1,m84137_260214_004236_s1/112918972/ccs,165,1,True,1,HIGH
H3,1,m84137_260214_004236_s1/56885300/ccs,165,1,True,1,HIGH
H3,1,m84137_260214_004236_s1/51774200/ccs,165,1,True,1,HIGH
H3,1,m84137_260214_004236_s1/47319316/ccs,165,1,True,1,HIGH
H3,1,m84137_260214_004236_s1/43385542/ccs,165,1,True,1,HIGH
H3,1,m84137_260214_004236_s1/74122983/ccs,165,1,True,1,HIGH
H3,1,m84137_260214_004236_s1/85393666/ccs,165,1,True,1,HIGH
H3,1,m84137_260214_004236_s1/121378444/ccs,165,1,True,1,HIGH
H3,1,m84137_260214_004236_s1/140512981/ccs,165,1,True,1,HIGH
H3,1,m84137_260214_004236_s1/163908853/ccs,165,1,True,1,HIGH
H3,1,m84137_260214_004236_s1/54464598/ccs,165,1,True,1,HIGH
H3,1,m84137_260214_004236_s1/75238954/ccs,165,1,True,1,HIGH
H3,1,m84137_260214_004236_s1/47977374/ccs,165,1,True,1,HIGH
H3,1,m84137_260214_004236_s1/91886058/ccs,165,1,True,1,HIGH
H3,1,m84137_260214_004236_s1/48566841/ccs,165,1,True,1,HIGH
H3,1,m84137_260214_004236_s1/49156763/ccs,165,1,True,1,HIGH
H3,1,m84137_260214_004236_s1/57544573/ccs,165,1,True,1,HIGH
H3,1,m84137_260214_004236_s1/216402020/ccs,165,1,True,1,HIGH
H3,1,m84137_260214_004236_s1/237568453/ccs,165,1,True,1,HIGH
H3,1,m84137_260214_004236_s1/184751519/ccs,165,1,True,1,HIGH
H3,1,m84137_260214_004236_s1/191696344/ccs,165,1,True,1,HIGH
H3,1,m84137_260214_004236_s1/228265797/ccs,165,1,True,1,HIGH
H3,1,m84137_260214_004236_s1/218042680/ccs,165,1,True,1,HIGH
H3,1,m84137_260214_004236_s1/248843948/ccs,165,1,True,1,HIGH
H3,1,m84137_260214_004236_s1/229771163/ccs,165,1,True,1,HIGH
H3,1,m84137_260214_004236_s1/226100492/ccs,165,1,True,1,HIGH
H3,1,m84137_260214_004236_s1/237307627/ccs,165,1,True,1,HIGH
H3,1,m84137_260214_004236_s1/81333178/ccs,165,1,True,1,HIGH
H3,1,m84137_260214_004236_s1/120127603/ccs,165,1,True,1,HIGH
H3,1,m84137_260214_004236_s1/121310103/ccs,165,1,True,1,HIGH
H3,1,m84137_260214_004236_s1/126682364/ccs,165,1,True,1,HIGH
H3,1,m84137_260214_004236_s1/173936551/ccs,165,1,True,1,HIGH
H3,1,m84137_260214_004236_s1/203100135/ccs,165,1,True,1,HIGH
H3,1,m84137_260214_004236_s1/180622897/ccs,165,1,True,1,HIGH
H3,1,m84137_260214_004236_s1/204149597/ccs,165,1,True,1,HIGH
H3,1,m84137_260214_004236_s1/210111602/ccs,165,1,True,1,HIGH
H3,1,m84137_260214_004236_s1/182194812/ccs,165,1,True,1,HIGH
H3,1,m84137_260214_004236_s1/170330030/ccs,165,1,True,1,HIGH
H3,1,m84137_260214_004236_s1/189728938/ccs,165,1,True,1,HIGH
H3,1,m84137_260214_004236_s1/221317738/ccs,165,1,True,1,HIGH
H3,1,m84137_260214_004236_s1/183437325/ccs,165,1,True,1,HIGH
H3,1,m84137_260214_004236_s1/239011175/ccs,165,1,True,1,HIGH
H3,1,m84137_260214_004236_s1/8394011/ccs,165,1,True,1,HIGH
H3,1,m84137_260214_004236_s1/31199121/ccs,165,1,True,1,HIGH
H3,1,m84137_260214_004236_s1/5638423/ccs,165,1,True,1,HIGH
H3,1,m84137_260214_004236_s1/2425216/ccs,165,1,True,1,HIGH
H3,1,m84137_260214_004236_s1/50464547/ccs,165,1,True,1,HIGH
H3,1,m84137_260214_004236_s1/159449172/ccs,165,1,True,1,HIGH
H3,1,m84137_260214_004236_s1/163644139/ccs,165,1,True,1,HIGH
H3,1,m84137_260214_004236_s1/143720984/ccs,165,1,True,1,HIGH
H3,1,m84137_260214_004236_s1/223480655/ccs,165,1,True,1,HIGH
H3,1,m84137_260214_004236_s1/191567744/ccs,165,1,True,1,HIGH
H3,1,m84137_260214_004236_s1/243077047/ccs,165,1,True,1,HIGH
H3,1,m84137_260214_004236_s1/217584914/ccs,165,1,True,1,HIGH
H3,1,m84137_260214_004236_s1/135660978/ccs,165,1,True,1,HIGH
H3,1,m84137_260214_004236_s1/155780317/ccs,165,1,True,1,HIGH
H3,1,m84137_260214_004236_s1/19862810/ccs,153,1,True,1,HIGH
H3,1,m84137_260214_004236_s1/230557570/ccs,165,1,True,1,HIGH
H3,1,m84137_260214_004236_s1/77992416/ccs,165,1,True,1,HIGH
H3,1,m84137_260214_004236_s1/112725401/ccs,165,1,True,1,HIGH
H3,1,m84137_260214_004236_s1/115675037/ccs,165,1,True,1,HIGH
H3,1,m84137_260214_004236_s1/143593688/ccs,165,1,True,1,HIGH
H3,1,m84137_260214_004236_s1/226628968/ccs,165,1,True,1,HIGH
H3,1,m84137_260214_004236_s1/127731897/ccs,165,1,True,1,HIGH
H3,1,m84137_260214_004236_s1/25690201/ccs,165,1,True,1,HIGH
H3,1,m84137_260214_004236_s1/51446058/ccs,165,1,True,1,HIGH
H3,1,m84137_260214_004236_s1/46008797/ccs,165,1,True,1,HIGH
H3,1,m84137_260214_004236_s1/60229245/ccs,165,1,True,1,HIGH
H3,1,m84137_260214_004236_s1/223872119/ccs,165,1,True,1,HIGH
H3,1,m84137_260214_004236_s1/11342462/ccs,165,1,True,1,HIGH
H3,1,m84137_260214_004236_s1/158799648/ccs,165,1,True,1,HIGH
H3,1,m84137_260214_004236_s1/176165649/ccs,165,1,True,1,HIGH
H3,1,m84137_260214_004236_s1/90245014/ccs,165,1,True,1,HIGH
H3,1,m84137_260214_004236_s1/78318474/ccs,165,1,True,1,HIGH
H3,1,m84137_260214_004236_s1/264245635/ccs,165,1,True,1,HIGH
H3,1,m84137_260214_004236_s1/48759372/ccs,165,1,True,1,HIGH
H3,1,m84137_260214_004236_s1/121048046/ccs,165,1,True,1,HIGH
H3,1,m84137_260214_004236_s1/142345959/ccs,165,1,True,1,HIGH
H3,1,m84137_260214_004236_s1/173410822/ccs,165,1,True,1,HIGH
H3,1,m84137_260214_004236_s1/225187467/ccs,165,1,True,1,HIGH
H3,1,m84137_260214_004236_s1/180751472/ccs,165,1,True,1,HIGH
H3,1,m84137_260214_004236_s1/235018013/ccs,165,1,True,1,HIGH
H3,1,m84137_260214_004236_s1/209126632/ccs,165,1,True,1,HIGH
H3,1,m84137_260214_004236_s1/204210778/ccs,165,1,True,1,HIGH
H3,1,m84137_260214_004236_s1/252708142/ccs,165,1,True,1,HIGH
H3,1,m84137_260214_004236_s1/235735598/ccs,165,1,True,1,HIGH
H3,1,m84137_260214_004236_s1/217057578/ccs,165,1,True,1,HIGH
H3,1,m84137_260214_004236_s1/68747864/ccs,165,1,True,1,HIGH
H3,1,m84137_260214_004236_s1/93324906/ccs,165,1,True,1,HIGH
H3,1,m84137_260214_004236_s1/89261503/ccs,165,1,True,1,HIGH
H3,1,m84137_260214_004236_s1/89129808/ccs,165,1,True,1,HIGH
H3,1,m84137_260214_004236_s1/102566758/ccs,165,1,True,1,HIGH
H3,1,m84137_260214_004236_s1/149687737/ccs,165,1,True,1,HIGH
H3,1,m84137_260214_004236_s1/169019368/ccs,165,1,True,1,HIGH
H3,1,m84137_260214_004236_s1/171378773/ccs,165,1,True,1,HIGH
H3,1,m84137_260214_004236_s1/175901639/ccs,165,1,True,1,HIGH
H3,1,m84137_260214_004236_s1/179569167/ccs,165,1,True,1,HIGH
H3,1,m84137_260214_004236_s1/193987699/ccs,165,1,True,1,HIGH
H3,1,m84137_260214_004236_s1/53285839/ccs,165,1,True,1,HIGH
H3,1,m84137_260214_004236_s1/15013544/ccs,165,1,True,1,HIGH
H3,1,m84137_260214_004236_s1/60036661/ccs,165,1,True,1,HIGH
H3,1,m84137_260214_004236_s1/45092350/ccs,165,1,True,1,HIGH
H3,1,m84137_260214_004236_s1/46402564/ccs,165,1,True,1,HIGH
H3,1,m84137_260214_004236_s1/90051989/ccs,165,1,True,1,HIGH
H3,1,m84137_260214_004236_s1/128717403/ccs,165,1,True,1,HIGH
H3,1,m84137_260214_004236_s1/246153983/ccs,165,1,True,1,HIGH
H3,1,m84137_260214_004236_s1/21042168/ccs,165,1,True,1,HIGH
H3,1,m84137_260214_004236_s1/208470355/ccs,165,1,True,1,HIGH
H3,1,m84137_260214_004236_s1/227543207/ccs,165,1,True,1,HIGH
H3,1,m84137_260214_004236_s1/176098164/ccs,165,2,True,2,HIGH
H3,1,m84137_260214_004236_s1/25103157/ccs,166,2,True,2,HIGH
H3,1,m84137_260214_004236_s1/184156653/ccs,166,2,True,2,HIGH
H3,1,m84137_260214_004236_s1/113642496/ccs,166,2,True,2,HIGH
H3,1,m84137_260214_004236_s1/262016849/ccs,167,0,False,0,HIGH
H3,1,m84137_260214_004236_s1/79432680/ccs,167,0,False,0,HIGH
H3,1,m84137_260214_004236_s1/54332150/ccs,167,0,False,0,HIGH
H3,1,m84137_260214_004236_s1/35455540/ccs,168,1,True,1,HIGH
H3,1,m84137_260214_004236_s1/97980808/ccs,168,1,True,1,HIGH
H3,1,m84137_260214_004236_s1/107679918/ccs,168,1,True,1,HIGH
H3,1,m84137_260214_004236_s1/108925348/ccs,168,1,True,1,HIGH
H3,1,m84137_260214_004236_s1/135991679/ccs,168,1,True,1,HIGH
H3,1,m84137_260214_004236_s1/52695139/ccs,168,1,True,1,HIGH
H3,1,m84137_260214_004236_s1/69998201/ccs,168,1,True,1,HIGH
H3,1,m84137_260214_004236_s1/65803955/ccs,168,1,True,1,HIGH
H3,1,m84137_260214_004236_s1/100929839/ccs,168,1,True,1,HIGH
H3,1,m84137_260214_004236_s1/252056632/ccs,168,1,True,1,HIGH
H3,1,m84137_260214_004236_s1/240520555/ccs,168,1,True,1,HIGH
H3,1,m84137_260214_004236_s1/183963572/ccs,168,1,True,1,HIGH
H3,1,m84137_260214_004236_s1/230625115/ccs,168,1,True,1,HIGH
H3,1,m84137_260214_004236_s1/239867431/ccs,168,1,True,1,HIGH
H3,1,m84137_260214_004236_s1/231933860/ccs,168,1,True,1,HIGH
H3,1,m84137_260214_004236_s1/240715012/ccs,168,1,True,1,HIGH
H3,1,m84137_260214_004236_s1/259459094/ccs,168,1,True,1,HIGH
H3,1,m84137_260214_004236_s1/92932871/ccs,168,1,True,1,HIGH
H3,1,m84137_260214_004236_s1/93325621/ccs,168,1,True,1,HIGH
H3,1,m84137_260214_004236_s1/99221964/ccs,168,1,True,1,HIGH
H3,1,m84137_260214_004236_s1/102237854/ccs,168,1,True,1,HIGH
H3,1,m84137_260214_004236_s1/185931036/ccs,168,1,True,1,HIGH
H3,1,m84137_260214_004236_s1/199103220/ccs,168,1,True,1,HIGH
H3,1,m84137_260214_004236_s1/209259818/ccs,168,1,True,1,HIGH
H3,1,m84137_260214_004236_s1/188810166/ccs,168,1,True,1,HIGH
H3,1,m84137_260214_004236_s1/197723083/ccs,168,1,True,1,HIGH
H3,1,m84137_260214_004236_s1/246612289/ccs,168,1,True,1,HIGH
H3,1,m84137_260214_004236_s1/250020046/ccs,168,1,True,1,HIGH
H3,1,m84137_260214_004236_s1/251528512/ccs,168,1,True,1,HIGH
H3,1,m84137_260214_004236_s1/27858272/ccs,168,1,True,1,HIGH
H3,1,m84137_260214_004236_s1/52433770/ccs,168,1,True,1,HIGH
H3,1,m84137_260214_004236_s1/5702060/ccs,168,1,True,1,HIGH
H3,1,m84137_260214_004236_s1/20186068/ccs,168,1,True,1,HIGH
H3,1,m84137_260214_004236_s1/30475322/ccs,168,1,True,1,HIGH
H3,1,m84137_260214_004236_s1/56756206/ccs,168,1,True,1,HIGH
H3,1,m84137_260214_004236_s1/190843697/ccs,168,1,True,1,HIGH
H3,1,m84137_260214_004236_s1/187041453/ccs,168,1,True,1,HIGH
H3,1,m84137_260214_004236_s1/23265843/ccs,168,1,True,1,HIGH
H3,1,m84137_260214_004236_s1/94307844/ccs,168,1,True,1,HIGH
H3,1,m84137_260214_004236_s1/264834270/ccs,168,1,True,1,HIGH
H3,1,m84137_260214_004236_s1/253039935/ccs,168,1,True,1,HIGH
H3,1,m84137_260214_004236_s1/171708565/ccs,168,1,True,1,HIGH
H3,1,m84137_260214_004236_s1/102370132/ccs,168,1,True,1,HIGH
H3,1,m84137_260214_004236_s1/134088261/ccs,168,1,True,1,HIGH
H3,1,m84137_260214_004236_s1/5703351/ccs,168,1,True,1,HIGH
H3,1,m84137_260214_004236_s1/11273563/ccs,168,1,True,1,HIGH
H3,1,m84137_260214_004236_s1/12519626/ccs,168,1,True,1,HIGH
H3,1,m84137_260214_004236_s1/141888136/ccs,168,1,True,1,HIGH
H3,1,m84137_260214_004236_s1/217646338/ccs,168,1,True,1,HIGH
H3,1,m84137_260214_004236_s1/74779775/ccs,168,1,True,1,HIGH
H3,1,m84137_260214_004236_s1/50272033/ccs,168,1,True,1,HIGH
H3,1,m84137_260214_004236_s1/171445877/ccs,168,1,True,1,HIGH
H3,1,m84137_260214_004236_s1/261297224/ccs,168,1,True,1,HIGH
H3,1,m84137_260214_004236_s1/129892889/ccs,168,1,True,1,HIGH
H3,1,m84137_260214_004236_s1/127010702/ccs,168,1,True,1,HIGH
H3,1,m84137_260214_004236_s1/111280290/ccs,168,1,True,1,HIGH
H3,1,m84137_260214_004236_s1/160040455/ccs,168,1,True,1,HIGH
H3,1,m84137_260214_004236_s1/160629072/ccs,168,1,True,1,HIGH
H3,1,m84137_260214_004236_s1/156565699/ccs,168,1,True,1,HIGH
H3,1,m84137_260214_004236_s1/147917212/ccs,168,1,True,1,HIGH
H3,1,m84137_260214_004236_s1/8323455/ccs,168,1,True,1,HIGH
H3,1,m84137_260214_004236_s1/5310439/ccs,168,1,True,1,HIGH
H3,1,m84137_260214_004236_s1/56231339/ccs,168,1,True,1,HIGH
H3,1,m84137_260214_004236_s1/51119468/ccs,168,1,True,1,HIGH
H3,1,m84137_260214_004236_s1/58854107/ccs,168,1,True,1,HIGH
H3,1,m84137_260214_004236_s1/4590775/ccs,168,1,True,1,HIGH
H3,1,m84137_260214_004236_s1/8915910/ccs,168,1,True,1,HIGH
H3,1,m84137_260214_004236_s1/43124703/ccs,168,1,True,1,HIGH
H3,1,m84137_260214_004236_s1/216338099/ccs,168,1,True,1,HIGH
H3,1,m84137_260214_004236_s1/217190457/ccs,168,1,True,1,HIGH
H3,1,m84137_260214_004236_s1/51381547/ccs,168,1,True,1,HIGH
H3,1,m84137_260214_004236_s1/95751111/ccs,168,1,True,1,HIGH
H3,1,m84137_260214_004236_s1/183833413/ccs,168,1,True,1,HIGH
H3,1,m84137_260214_004236_s1/182716100/ccs,168,1,True,1,HIGH
H3,1,m84137_260214_004236_s1/237111114/ccs,168,1,True,1,HIGH
H3,1,m84137_260214_004236_s1/70451486/ccs,168,1,True,1,HIGH
H3,1,m84137_260214_004236_s1/92668080/ccs,168,1,True,1,HIGH
H3,1,m84137_260214_004236_s1/80807825/ccs,168,1,True,1,HIGH
H3,1,m84137_260214_004236_s1/98435941/ccs,168,1,True,1,HIGH
H3,1,m84137_260214_004236_s1/106890637/ccs,168,1,True,1,HIGH
H3,1,m84137_260214_004236_s1/122359796/ccs,168,1,True,1,HIGH
H3,1,m84137_260214_004236_s1/153686014/ccs,168,1,True,1,HIGH
H3,1,m84137_260214_004236_s1/114625792/ccs,168,1,True,1,HIGH
H3,1,m84137_260214_004236_s1/163647881/ccs,168,1,True,1,HIGH
H3,1,m84137_260214_004236_s1/170135352/ccs,168,1,True,1,HIGH
H3,1,m84137_260214_004236_s1/190317709/ccs,168,1,True,1,HIGH
H3,1,m84137_260214_004236_s1/170461269/ccs,168,1,True,1,HIGH
H3,1,m84137_260214_004236_s1/150471391/ccs,165,1,True,1,HIGH
H3,1,m84137_260214_004236_s1/52958925/ccs,168,1,True,1,HIGH
H3,1,m84137_260214_004236_s1/14553918/ccs,168,1,True,1,HIGH
H3,1,m84137_260214_004236_s1/15210274/ccs,168,1,True,1,HIGH
H3,1,m84137_260214_004236_s1/69537529/ccs,168,1,True,1,HIGH
H3,1,m84137_260214_004236_s1/60953100/ccs,168,1,True,1,HIGH
H3,1,m84137_260214_004236_s1/46533878/ccs,168,1,True,1,HIGH
H3,1,m84137_260214_004236_s1/71374634/ccs,168,1,True,1,HIGH
H3,1,m84137_260214_004236_s1/97980373/ccs,168,1,True,1,HIGH
H3,1,m84137_260214_004236_s1/104272635/ccs,168,1,True,1,HIGH
H3,1,m84137_260214_004236_s1/245629383/ccs,168,1,True,1,HIGH
H3,1,m84137_260214_004236_s1/24515372/ccs,168,1,True,1,HIGH
H3,1,m84137_260214_004236_s1/21827201/ccs,168,1,True,1,HIGH
H3,1,m84137_260214_004236_s1/173477782/ccs,168,1,True,1,HIGH
H3,1,m84137_260214_004236_s1/55576535/ccs,165,1,True,1,HIGH
H3,1,m84137_260214_004236_s1/99813753/ccs,168,1,True,1,HIGH
H3,1,m84137_260214_004236_s1/202572532/ccs,168,1,True,1,HIGH
H3,1,m84137_260214_004236_s1/5832890/ccs,168,1,True,1,HIGH
H3,1,m84137_260214_004236_s1/37554346/ccs,169,2,True,2,HIGH
H3,1,m84137_260214_004236_s1/237503577/ccs,169,2,True,2,HIGH
H3,1,m84137_260214_004236_s1/229377706/ccs,169,2,True,2,HIGH
H3,1,m84137_260214_004236_s1/20715056/ccs,169,2,True,2,HIGH
H3,1,m84137_260214_004236_s1/17696659/ccs,169,2,True,2,HIGH
H3,1,m84137_260214_004236_s1/163121397/ccs,168,2,True,2,HIGH
H3,1,m84137_260214_004236_s1/34996878/ccs,170,0,False,0,HIGH
H3,1,m84137_260214_004236_s1/122094743/ccs,171,1,True,1,HIGH
H3,1,m84137_260214_004236_s1/60424584/ccs,171,1,True,1,HIGH
H3,1,m84137_260214_004236_s1/90048535/ccs,171,1,True,1,HIGH
H3,1,m84137_260214_004236_s1/73861587/ccs,171,1,True,1,HIGH
H3,1,m84137_260214_004236_s1/118755722/ccs,171,1,True,1,HIGH
H3,1,m84137_260214_004236_s1/124719123/ccs,171,1,True,1,HIGH
H3,1,m84137_260214_004236_s1/82318718/ccs,171,1,True,1,HIGH
H3,1,m84137_260214_004236_s1/83759607/ccs,171,1,True,1,HIGH
H3,1,m84137_260214_004236_s1/37754058/ccs,171,1,True,1,HIGH
H3,1,m84137_260214_004236_s1/31199734/ccs,171,1,True,1,HIGH
H3,1,m84137_260214_004236_s1/259591484/ccs,171,1,True,1,HIGH
H3,1,m84137_260214_004236_s1/210044016/ccs,171,1,True,1,HIGH
H3,1,m84137_260214_004236_s1/259195100/ccs,171,1,True,1,HIGH
H3,1,m84137_260214_004236_s1/120588859/ccs,171,1,True,1,HIGH
H3,1,m84137_260214_004236_s1/191498600/ccs,171,1,True,1,HIGH
H3,1,m84137_260214_004236_s1/198182047/ccs,171,1,True,1,HIGH
H3,1,m84137_260214_004236_s1/201524674/ccs,171,1,True,1,HIGH
H3,1,m84137_260214_004236_s1/219875076/ccs,171,1,True,1,HIGH
H3,1,m84137_260214_004236_s1/195298156/ccs,171,1,True,1,HIGH
H3,1,m84137_260214_004236_s1/203293282/ccs,171,1,True,1,HIGH
H3,1,m84137_260214_004236_s1/18093556/ccs,171,1,True,1,HIGH
H3,1,m84137_260214_004236_s1/5637327/ccs,171,1,True,1,HIGH
H3,1,m84137_260214_004236_s1/18678618/ccs,171,1,True,1,HIGH
H3,1,m84137_260214_004236_s1/29886819/ccs,171,1,True,1,HIGH
H3,1,m84137_260214_004236_s1/141558878/ccs,171,1,True,1,HIGH
H3,1,m84137_260214_004236_s1/143656738/ccs,171,1,True,1,HIGH
H3,1,m84137_260214_004236_s1/141427762/ccs,171,1,True,1,HIGH
H3,1,m84137_260214_004236_s1/158335973/ccs,171,1,True,1,HIGH
H3,1,m84137_260214_004236_s1/230233120/ccs,171,1,True,1,HIGH
H3,1,m84137_260214_004236_s1/117378279/ccs,171,1,True,1,HIGH
H3,1,m84137_260214_004236_s1/27921114/ccs,171,1,True,1,HIGH
H3,1,m84137_260214_004236_s1/240784957/ccs,171,1,True,1,HIGH
H3,1,m84137_260214_004236_s1/217584199/ccs,171,1,True,1,HIGH
H3,1,m84137_260214_004236_s1/119080409/ccs,171,1,True,1,HIGH
H3,1,m84137_260214_004236_s1/108331114/ccs,171,1,True,1,HIGH
H3,1,m84137_260214_004236_s1/119996748/ccs,171,1,True,1,HIGH
H3,1,m84137_260214_004236_s1/109250873/ccs,171,1,True,1,HIGH
H3,1,m84137_260214_004236_s1/110824328/ccs,171,1,True,1,HIGH
H3,1,m84137_260214_004236_s1/134679365/ccs,171,1,True,1,HIGH
H3,1,m84137_260214_004236_s1/158533973/ccs,171,1,True,1,HIGH
H3,1,m84137_260214_004236_s1/57870011/ccs,171,1,True,1,HIGH
H3,1,m84137_260214_004236_s1/52627230/ccs,171,1,True,1,HIGH
H3,1,m84137_260214_004236_s1/231408954/ccs,171,1,True,1,HIGH
H3,1,m84137_260214_004236_s1/241044274/ccs,171,1,True,1,HIGH
H3,1,m84137_260214_004236_s1/204017279/ccs,168,1,True,1,HIGH
H3,1,m84137_260214_004236_s1/260837077/ccs,171,1,True,1,HIGH
H3,1,m84137_260214_004236_s1/216470060/ccs,171,1,True,1,HIGH
H3,1,m84137_260214_004236_s1/217321567/ccs,171,1,True,1,HIGH
H3,1,m84137_260214_004236_s1/250613810/ccs,171,1,True,1,HIGH
H3,1,m84137_260214_004236_s1/221384621/ccs,171,1,True,1,HIGH
H3,1,m84137_260214_004236_s1/221320462/ccs,171,1,True,1,HIGH
H3,1,m84137_260214_004236_s1/201068774/ccs,171,1,True,1,HIGH
H3,1,m84137_260214_004236_s1/253432797/ccs,171,1,True,1,HIGH
H3,1,m84137_260214_004236_s1/221381869/ccs,171,1,True,1,HIGH
H3,1,m84137_260214_004236_s1/182911339/ccs,171,1,True,1,HIGH
H3,1,m84137_260214_004236_s1/224921447/ccs,171,1,True,1,HIGH
H3,1,m84137_260214_004236_s1/225314206/ccs,171,1,True,1,HIGH
H3,1,m84137_260214_004236_s1/230032333/ccs,171,1,True,1,HIGH
H3,1,m84137_260214_004236_s1/211878398/ccs,171,1,True,1,HIGH
H3,1,m84137_260214_004236_s1/214695978/ccs,171,1,True,1,HIGH
H3,1,m84137_260214_004236_s1/235145714/ccs,171,1,True,1,HIGH
H3,1,m84137_260214_004236_s1/48497324/ccs,171,1,True,1,HIGH
H3,1,m84137_260214_004236_s1/73466687/ccs,171,1,True,1,HIGH
H3,1,m84137_260214_004236_s1/66062883/ccs,171,1,True,1,HIGH
H3,1,m84137_260214_004236_s1/91293275/ccs,171,1,True,1,HIGH
H3,1,m84137_260214_004236_s1/97192316/ccs,171,1,True,1,HIGH
H3,1,m84137_260214_004236_s1/118161460/ccs,171,1,True,1,HIGH
H3,1,m84137_260214_004236_s1/185274008/ccs,171,1,True,1,HIGH
H3,1,m84137_260214_004236_s1/169609050/ccs,171,1,True,1,HIGH
H3,1,m84137_260214_004236_s1/197722807/ccs,171,1,True,1,HIGH
H3,1,m84137_260214_004236_s1/193660339/ccs,171,1,True,1,HIGH
H3,1,m84137_260214_004236_s1/202310264/ccs,171,1,True,1,HIGH
H3,1,m84137_260214_004236_s1/202572925/ccs,171,1,True,1,HIGH
H3,1,m84137_260214_004236_s1/57807484/ccs,171,1,True,1,HIGH
H3,1,m84137_260214_004236_s1/15732836/ccs,171,1,True,1,HIGH
H3,1,m84137_260214_004236_s1/72881996/ccs,171,1,True,1,HIGH
H3,1,m84137_260214_004236_s1/96670811/ccs,171,1,True,1,HIGH
H3,1,m84137_260214_004236_s1/18355475/ccs,171,1,True,1,HIGH
H3,1,m84137_260214_004236_s1/265814309/ccs,171,1,True,1,HIGH
H3,1,m84137_260214_004236_s1/39389482/ccs,171,2,True,2,HIGH
H3,1,m84137_260214_004236_s1/264307431/ccs,172,2,True,2,HIGH
H3,1,m84137_260214_004236_s1/39650847/ccs,174,2,True,2,HIGH
H3,1,m84137_260214_004236_s1/39654076/ccs,178,2,True,2,HIGH
H3,1,m84137_260214_004236_s1/150930623/ccs,172,2,True,2,HIGH
H3,1,m84137_260214_004236_s1/250282363/ccs,171,2,True,2,HIGH
H3,1,m84137_260214_004236_s1/263260574/ccs,173,0,False,0,HIGH
H3,1,m84137_260214_004236_s1/60033788/ccs,174,1,True,1,HIGH
H3,1,m84137_260214_004236_s1/64028982/ccs,174,1,True,1,HIGH
H3,1,m84137_260214_004236_s1/65144054/ccs,174,1,True,1,HIGH
H3,1,m84137_260214_004236_s1/70124182/ccs,174,1,True,1,HIGH
H3,1,m84137_260214_004236_s1/120787480/ccs,174,1,True,1,HIGH
H3,1,m84137_260214_004236_s1/42864202/ccs,174,1,True,1,HIGH
H3,1,m84137_260214_004236_s1/206508202/ccs,174,1,True,1,HIGH
H3,1,m84137_260214_004236_s1/212667567/ccs,174,1,True,1,HIGH
H3,1,m84137_260214_004236_s1/232789747/ccs,174,1,True,1,HIGH
H3,1,m84137_260214_004236_s1/222495458/ccs,174,1,True,1,HIGH
H3,1,m84137_260214_004236_s1/212533415/ccs,174,1,True,1,HIGH
H3,1,m84137_260214_004236_s1/236784078/ccs,174,1,True,1,HIGH
H3,1,m84137_260214_004236_s1/71435561/ccs,174,1,True,1,HIGH
H3,1,m84137_260214_004236_s1/106955038/ccs,174,1,True,1,HIGH
H3,1,m84137_260214_004236_s1/144970601/ccs,174,1,True,1,HIGH
H3,1,m84137_260214_004236_s1/225056489/ccs,174,1,True,1,HIGH
H3,1,m84137_260214_004236_s1/191301872/ccs,174,1,True,1,HIGH
H3,1,m84137_260214_004236_s1/175114686/ccs,174,1,True,1,HIGH
H3,1,m84137_260214_004236_s1/196675084/ccs,174,1,True,1,HIGH
H3,1,m84137_260214_004236_s1/178847856/ccs,174,1,True,1,HIGH
H3,1,m84137_260214_004236_s1/208012393/ccs,174,1,True,1,HIGH
H3,1,m84137_260214_004236_s1/266142156/ccs,174,1,True,1,HIGH
H3,1,m84137_260214_004236_s1/12259361/ccs,174,1,True,1,HIGH
H3,1,m84137_260214_004236_s1/251073007/ccs,174,1,True,1,HIGH
H3,1,m84137_260214_004236_s1/23266782/ccs,174,1,True,1,HIGH
H3,1,m84137_260214_004236_s1/136775189/ccs,174,1,True,1,HIGH
H3,1,m84137_260214_004236_s1/155713618/ccs,174,1,True,1,HIGH
H3,1,m84137_260214_004236_s1/146868373/ccs,174,1,True,1,HIGH
H3,1,m84137_260214_004236_s1/158205084/ccs,174,1,True,1,HIGH
H3,1,m84137_260214_004236_s1/232855293/ccs,174,1,True,1,HIGH
H3,1,m84137_260214_004236_s1/8588260/ccs,174,1,True,1,HIGH
H3,1,m84137_260214_004236_s1/127206611/ccs,174,1,True,1,HIGH
H3,1,m84137_260214_004236_s1/188809452/ccs,174,1,True,1,HIGH
H3,1,m84137_260214_004236_s1/35328235/ccs,174,1,True,1,HIGH
H3,1,m84137_260214_004236_s1/49747841/ccs,174,1,True,1,HIGH
H3,1,m84137_260214_004236_s1/108265989/ccs,174,1,True,1,HIGH
H3,1,m84137_260214_004236_s1/137626695/ccs,174,1,True,1,HIGH
H3,1,m84137_260214_004236_s1/167905531/ccs,174,1,True,1,HIGH
H3,1,m84137_260214_004236_s1/161875234/ccs,174,1,True,1,HIGH
H3,1,m84137_260214_004236_s1/21367287/ccs,174,1,True,1,HIGH
H3,1,m84137_260214_004236_s1/54788277/ccs,174,1,True,1,HIGH
H3,1,m84137_260214_004236_s1/68359143/ccs,174,1,True,1,HIGH
H3,1,m84137_260214_004236_s1/18088468/ccs,174,1,True,1,HIGH
H3,1,m84137_260214_004236_s1/29559076/ccs,174,1,True,1,HIGH
H3,1,m84137_260214_004236_s1/100075025/ccs,174,1,True,1,HIGH
H3,1,m84137_260214_004236_s1/16648644/ccs,174,1,True,1,HIGH
H3,1,m84137_260214_004236_s1/84741104/ccs,174,1,True,1,HIGH
H3,1,m84137_260214_004236_s1/219611974/ccs,171,1,True,1,HIGH
H3,1,m84137_260214_004236_s1/213320448/ccs,174,1,True,1,HIGH
H3,1,m84137_260214_004236_s1/76285350/ccs,174,1,True,1,HIGH
H3,1,m84137_260214_004236_s1/82184204/ccs,174,1,True,1,HIGH
H3,1,m84137_260214_004236_s1/115018753/ccs,174,1,True,1,HIGH
H3,1,m84137_260214_004236_s1/116397770/ccs,174,1,True,1,HIGH
H3,1,m84137_260214_004236_s1/185144373/ccs,174,1,True,1,HIGH
H3,1,m84137_260214_004236_s1/161746201/ccs,174,1,True,1,HIGH
H3,1,m84137_260214_004236_s1/165613348/ccs,174,1,True,1,HIGH
H3,1,m84137_260214_004236_s1/149815814/ccs,174,1,True,1,HIGH
H3,1,m84137_260214_004236_s1/243204472/ccs,174,1,True,1,HIGH
H3,1,m84137_260214_004236_s1/33756858/ccs,174,1,True,1,HIGH
H3,1,m84137_260214_004236_s1/25890193/ccs,174,1,True,1,HIGH
H3,1,m84137_260214_004236_s1/31134866/ccs,174,1,True,1,HIGH
H3,1,m84137_260214_004236_s1/126621267/ccs,174,1,True,1,HIGH
H3,1,m84137_260214_004236_s1/102695411/ccs,174,1,True,1,HIGH
H3,1,m84137_260214_004236_s1/218562922/ccs,170,2,True,2,HIGH
H3,1,m84137_260214_004236_s1/210637471/ccs,175,2,True,2,HIGH
H3,1,m84137_260214_004236_s1/13763422/ccs,171,2,True,2,HIGH
H3,1,m84137_260214_004236_s1/150013122/ccs,171,2,True,2,HIGH
H3,1,m84137_260214_004236_s1/235999814/ccs,175,2,True,2,HIGH
H3,1,m84137_260214_004236_s1/148834804/ccs,175,2,True,2,HIGH
H3,1,m84137_260214_004236_s1/124718254/ccs,172,2,True,2,HIGH
H3,1,m84137_260214_004236_s1/122684957/ccs,176,0,False,0,HIGH
H3,1,m84137_260214_004236_s1/166201476/ccs,176,0,False,0,HIGH
H3,1,m84137_260214_004236_s1/96209443/ccs,176,0,False,0,HIGH
H3,1,m84137_260214_004236_s1/54198538/ccs,177,1,True,1,HIGH
H3,1,m84137_260214_004236_s1/61277888/ccs,177,1,True,1,HIGH
H3,1,m84137_260214_004236_s1/50071590/ccs,177,1,True,1,HIGH
H3,1,m84137_260214_004236_s1/78123581/ccs,177,1,True,1,HIGH
H3,1,m84137_260214_004236_s1/89593210/ccs,177,1,True,1,HIGH
H3,1,m84137_260214_004236_s1/234948245/ccs,177,1,True,1,HIGH
H3,1,m84137_260214_004236_s1/121835408/ccs,177,1,True,1,HIGH
H3,1,m84137_260214_004236_s1/212472349/ccs,177,1,True,1,HIGH
H3,1,m84137_260214_004236_s1/242881768/ccs,177,1,True,1,HIGH
H3,1,m84137_260214_004236_s1/248843878/ccs,177,1,True,1,HIGH
H3,1,m84137_260214_004236_s1/79300620/ccs,177,1,True,1,HIGH
H3,1,m84137_260214_004236_s1/86770354/ccs,177,1,True,1,HIGH
H3,1,m84137_260214_004236_s1/100796709/ccs,177,1,True,1,HIGH
H3,1,m84137_260214_004236_s1/168562679/ccs,177,1,True,1,HIGH
H3,1,m84137_260214_004236_s1/189666020/ccs,177,1,True,1,HIGH
H3,1,m84137_260214_004236_s1/172560742/ccs,177,1,True,1,HIGH
H3,1,m84137_260214_004236_s1/199624674/ccs,177,1,True,1,HIGH
H3,1,m84137_260214_004236_s1/11212208/ccs,177,1,True,1,HIGH
H3,1,m84137_260214_004236_s1/35197443/ccs,177,1,True,1,HIGH
H3,1,m84137_260214_004236_s1/25036313/ccs,177,1,True,1,HIGH
H3,1,m84137_260214_004236_s1/137692739/ccs,177,1,True,1,HIGH
H3,1,m84137_260214_004236_s1/80805934/ccs,177,1,True,1,HIGH
H3,1,m84137_260214_004236_s1/201785927/ccs,177,1,True,1,HIGH
H3,1,m84137_260214_004236_s1/60689476/ccs,177,1,True,1,HIGH
H3,1,m84137_260214_004236_s1/24052364/ccs,177,1,True,1,HIGH
H3,1,m84137_260214_004236_s1/166069676/ccs,177,1,True,1,HIGH
H3,1,m84137_260214_004236_s1/172950616/ccs,177,1,True,1,HIGH
H3,1,m84137_260214_004236_s1/133631005/ccs,177,1,True,1,HIGH
H3,1,m84137_260214_004236_s1/125239780/ccs,177,1,True,1,HIGH
H3,1,m84137_260214_004236_s1/115671585/ccs,177,1,True,1,HIGH
H3,1,m84137_260214_004236_s1/62325471/ccs,177,1,True,1,HIGH
H3,1,m84137_260214_004236_s1/48038836/ccs,177,1,True,1,HIGH
H3,1,m84137_260214_004236_s1/46272493/ccs,177,1,True,1,HIGH
H3,1,m84137_260214_004236_s1/41356252/ccs,177,1,True,1,HIGH
H3,1,m84137_260214_004236_s1/223352242/ccs,177,1,True,1,HIGH
H3,1,m84137_260214_004236_s1/183437644/ccs,177,1,True,1,HIGH
H3,1,m84137_260214_004236_s1/80478684/ccs,177,1,True,1,HIGH
H3,1,m84137_260214_004236_s1/246744346/ccs,177,1,True,1,HIGH
H3,1,m84137_260214_004236_s1/224003995/ccs,178,2,True,2,HIGH
H3,1,m84137_260214_004236_s1/29557749/ccs,179,0,False,0,HIGH
H3,1,m84137_260214_004236_s1/183699241/ccs,179,0,False,0,HIGH
H3,1,m84137_260214_004236_s1/170135144/ccs,179,0,False,0,HIGH
H3,1,m84137_260214_004236_s1/92735229/ccs,180,1,True,1,HIGH
H3,1,m84137_260214_004236_s1/43192506/ccs,180,1,True,1,HIGH
H3,1,m84137_260214_004236_s1/45553026/ccs,177,1,True,1,HIGH
H3,1,m84137_260214_004236_s1/248780223/ccs,180,1,True,1,HIGH
H3,1,m84137_260214_004236_s1/188223104/ccs,180,1,True,1,HIGH
H3,1,m84137_260214_004236_s1/207815787/ccs,180,1,True,1,HIGH
H3,1,m84137_260214_004236_s1/247401231/ccs,180,1,True,1,HIGH
H3,1,m84137_260214_004236_s1/245173170/ccs,177,1,True,1,HIGH
H3,1,m84137_260214_004236_s1/133958366/ccs,180,1,True,1,HIGH
H3,1,m84137_260214_004236_s1/169937083/ccs,180,1,True,1,HIGH
H3,1,m84137_260214_004236_s1/116065214/ccs,180,1,True,1,HIGH
H3,1,m84137_260214_004236_s1/117184014/ccs,180,1,True,1,HIGH
H3,1,m84137_260214_004236_s1/27984070/ccs,180,1,True,1,HIGH
H3,1,m84137_260214_004236_s1/18024962/ccs,180,1,True,1,HIGH
H3,1,m84137_260214_004236_s1/215616524/ccs,180,1,True,1,HIGH
H3,1,m84137_260214_004236_s1/21104029/ccs,180,1,True,1,HIGH
H3,1,m84137_260214_004236_s1/98567638/ccs,180,1,True,1,HIGH
H3,1,m84137_260214_004236_s1/265688341/ccs,180,1,True,1,HIGH
H3,1,m84137_260214_004236_s1/200802407/ccs,180,1,True,1,HIGH
H3,1,m84137_260214_004236_s1/223347070/ccs,180,1,True,1,HIGH
H3,1,m84137_260214_004236_s1/140646145/ccs,180,1,True,1,HIGH
H3,1,m84137_260214_004236_s1/197526803/ccs,180,1,True,1,HIGH
H3,1,m84137_260214_004236_s1/207880309/ccs,180,1,True,1,HIGH
H3,1,m84137_260214_004236_s1/41880590/ccs,180,1,True,1,HIGH
H3,1,m84137_260214_004236_s1/12653279/ccs,180,1,True,1,HIGH
H3,1,m84137_260214_004236_s1/135730152/ccs,180,1,True,1,HIGH
H3,1,m84137_260214_004236_s1/177734066/ccs,181,2,True,2,HIGH
H3,1,m84137_260214_004236_s1/120916783/ccs,177,0,False,0,HIGH
H3,1,m84137_260214_004236_s1/41948010/ccs,182,0,False,0,HIGH
H3,1,m84137_260214_004236_s1/40045955/ccs,189,1,True,1,HIGH
H3,1,m84137_260214_004236_s1/89593020/ccs,183,1,True,1,HIGH
H3,1,m84137_260214_004236_s1/262148911/ccs,183,1,True,1,HIGH
H3,1,m84137_260214_004236_s1/103416184/ccs,183,1,True,1,HIGH
H3,1,m84137_260214_004236_s1/134613680/ccs,183,1,True,1,HIGH
H3,1,m84137_260214_004236_s1/221839900/ccs,183,1,True,1,HIGH
H3,1,m84137_260214_004236_s1/26806695/ccs,183,1,True,1,HIGH
H3,1,m84137_260214_004236_s1/113052018/ccs,183,1,True,1,HIGH
H3,1,m84137_260214_004236_s1/207424070/ccs,183,1,True,1,HIGH
H3,1,m84137_260214_004236_s1/46208187/ccs,183,1,True,1,HIGH
H3,1,m84137_260214_004236_s1/190382432/ccs,183,1,True,1,HIGH
H3,1,m84137_260214_004236_s1/183632186/ccs,183,1,True,1,HIGH
H3,1,m84137_260214_004236_s1/79303064/ccs,183,1,True,1,HIGH
H3,1,m84137_260214_004236_s1/50270666/ccs,183,1,True,1,HIGH
H3,1,m84137_260214_004236_s1/57148721/ccs,186,1,True,1,HIGH
H3,1,m84137_260214_004236_s1/38405478/ccs,186,1,True,1,HIGH
H3,1,m84137_260214_004236_s1/138352462/ccs,186,1,True,1,HIGH
H3,1,m84137_260214_004236_s1/255071961/ccs,186,1,True,1,HIGH
H3,1,m84137_260214_004236_s1/109906901/ccs,186,1,True,1,HIGH
H3,1,m84137_260214_004236_s1/132581747/ccs,186,1,True,1,HIGH
H3,1,m84137_260214_004236_s1/132253918/ccs,186,1,True,1,HIGH
H3,1,m84137_260214_004236_s1/177997942/ccs,186,1,True,1,HIGH
H3,1,m84137_260214_004236_s1/64685173/ccs,186,1,True,1,HIGH
H3,1,m84137_260214_004236_s1/77728220/ccs,186,1,True,1,HIGH
H3,1,m84137_260214_004236_s1/196411719/ccs,186,1,True,1,HIGH
H3,1,m84137_260214_004236_s1/19861923/ccs,186,1,True,1,HIGH
H3,1,m84137_260214_004236_s1/128388647/ccs,188,0,False,0,HIGH
H3,1,m84137_260214_004236_s1/48498471/ccs,189,1,True,1,HIGH
H3,1,m84137_260214_004236_s1/100339008/ccs,189,1,True,1,HIGH
H3,1,m84137_260214_004236_s1/262538269/ccs,189,1,True,1,HIGH
H3,1,m84137_260214_004236_s1/98567840/ccs,189,1,True,1,HIGH
H3,1,m84137_260214_004236_s1/29753750/ccs,189,1,True,1,HIGH
H3,1,m84137_260214_004236_s1/216142826/ccs,189,1,True,1,HIGH
H3,1,m84137_260214_004236_s1/138807831/ccs,189,1,True,1,HIGH
H3,1,m84137_260214_004236_s1/204279003/ccs,189,1,True,1,HIGH
H3,1,m84137_260214_004236_s1/228396329/ccs,189,1,True,1,HIGH
H3,1,m84137_260214_004236_s1/218955966/ccs,189,1,True,1,HIGH
H3,1,m84137_260214_004236_s1/51252705/ccs,189,1,True,1,HIGH
H3,1,m84137_260214_004236_s1/204669053/ccs,191,0,False,0,HIGH
H3,1,m84137_260214_004236_s1/135006993/ccs,192,1,True,1,HIGH
H3,1,m84137_260214_004236_s1/160501347/ccs,192,1,True,1,HIGH
H3,1,m84137_260214_004236_s1/148379041/ccs,192,1,True,1,HIGH
H3,1,m84137_260214_004236_s1/134551144/ccs,195,1,True,1,HIGH
H3,1,m84137_260214_004236_s1/156304268/ccs,195,1,True,1,HIGH
H3,1,m84137_260214_004236_s1/97783617/ccs,195,1,True,1,HIGH
H3,1,m84137_260214_004236_s1/126225772/ccs,195,2,True,2,HIGH
H3,1,m84137_260214_004236_s1/75434731/ccs,198,1,True,1,HIGH
H3,1,m84137_260214_004236_s1/107677684/ccs,198,1,True,1,HIGH
H3,1,m84137_260214_004236_s1/45811393/ccs,198,1,True,1,HIGH
H3,1,m84137_260214_004236_s1/212534559/ccs,198,1,True,1,HIGH
H3,1,m84137_260214_004236_s1/167578569/ccs,198,1,True,1,HIGH
H3,1,m84137_260214_004236_s1/189335868/ccs,201,1,True,1,HIGH
H3,1,m84137_260214_004236_s1/127599668/ccs,201,1,True,1,HIGH
H3,1,m84137_260214_004236_s1/24515774/ccs,201,1,True,1,HIGH
H3,1,m84137_260214_004236_s1/113183505/ccs,201,1,True,1,HIGH
H3,1,m84137_260214_004236_s1/18354966/ccs,206,0,False,0,HIGH
H3,1,m84137_260214_004236_s1/212861367/ccs,204,1,True,1,HIGH
H3,1,m84137_260214_004236_s1/3413356/ccs,207,1,True,1,HIGH
H3,1,m84137_260214_004236_s1/97583242/ccs,208,2,True,2,HIGH
H3,1,m84137_260214_004236_s1/140116111/ccs,209,0,False,0,HIGH
H3,1,m84137_260214_004236_s1/156762182/ccs,210,1,True,1,HIGH
H3,1,m84137_260214_004236_s1/163777077/ccs,210,1,True,1,HIGH
H3,1,m84137_260214_004236_s1/59643371/ccs,210,1,True,1,HIGH
H3,1,m84137_260214_004236_s1/221386164/ccs,210,1,True,1,HIGH
H3,1,m84137_260214_004236_s1/58525692/ccs,213,1,True,1,HIGH
H3,1,m84137_260214_004236_s1/106631347/ccs,213,1,True,1,HIGH
H3,1,m84137_260214_004236_s1/6296187/ccs,213,1,True,1,HIGH
H3,1,m84137_260214_004236_s1/229904154/ccs,213,1,True,1,HIGH
H3,1,m84137_260214_004236_s1/240588043/ccs,219,1,True,1,HIGH
H3,1,m84137_260214_004236_s1/179177189/ccs,213,1,True,1,HIGH
H3,1,m84137_260214_004236_s1/20384177/ccs,219,1,True,1,HIGH
H3,1,m84137_260214_004236_s1/116197537/ccs,219,1,True,1,HIGH
H3,1,m84137_260214_004236_s1/234557284/ccs,219,1,True,1,HIGH
H3,1,m84137_260214_004236_s1/117970048/ccs,219,1,True,1,HIGH
H3,1,m84137_260214_004236_s1/251073170/ccs,221,0,False,0,HIGH
H3,1,m84137_260214_004236_s1/74452739/ccs,222,1,True,1,HIGH
H3,1,m84137_260214_004236_s1/133631169/ccs,225,1,True,1,HIGH
H3,1,m84137_260214_004236_s1/192677533/ccs,225,1,True,1,HIGH
H3,1,m84137_260214_004236_s1/185797610/ccs,225,1,True,1,HIGH
H3,1,m84137_260214_004236_s1/105452458/ccs,231,1,True,1,HIGH
H3,1,m84137_260214_004236_s1/127599881/ccs,231,1,True,1,HIGH
H3,1,m84137_260214_004236_s1/264243223/ccs,234,1,True,1,HIGH
H3,1,m84137_260214_004236_s1/6100355/ccs,231,1,True,1,HIGH
H3,1,m84137_260214_004236_s1/199823393/ccs,231,1,True,1,HIGH
H3,1,m84137_260214_004236_s1/152245665/ccs,231,1,True,1,HIGH
H3,1,m84137_260214_004236_s1/37686539/ccs,231,1,True,1,HIGH
H3,1,m84137_260214_004236_s1/148964628/ccs,234,1,True,1,HIGH
H3,1,m84137_260214_004236_s1/46929418/ccs,234,1,True,1,HIGH
H3,1,m84137_260214_004236_s1/54268987/ccs,235,2,True,2,HIGH
H3,1,m84137_260214_004236_s1/142019108/ccs,240,1,True,1,HIGH
H3,1,m84137_260214_004236_s1/9242481/ccs,240,1,True,1,HIGH
H3,1,m84137_260214_004236_s1/188481767/ccs,240,1,True,1,HIGH
H3,1,m84137_260214_004236_s1/116261403/ccs,249,1,True,1,HIGH
H3,1,m84137_260214_004236_s1/215157149/ccs,249,1,True,1,HIGH
H3,1,m84137_260214_004236_s1/201069480/ccs,252,1,True,1,HIGH
H3,1,m84137_260214_004236_s1/52301647/ccs,261,1,True,1,HIGH
H3,1,m84137_260214_004236_s1/227934557/ccs,273,1,True,1,HIGH
H3,1,m84137_260214_004236_s1/189009428/ccs,276,1,True,1,HIGH
H3,1,m84137_260214_004236_s1/110560463/ccs,288,1,True,1,HIGH
H3,1,m84137_260214_004236_s1/87819391/ccs,300,1,True,1,HIGH
H3,1,m84137_260214_004236_s1/65213815/ccs,339,1,True,1,HIGH
H3,1,m84137_260214_004236_s1/151062356/ccs,348,1,True,1,HIGH
H3,1,m84137_260214_004236_s1/196608667/ccs,378,1,True,1,HIGH
H3,1,m84137_260214_004236_s1/256970128/ccs,387,1,True,1,HIGH
H3,1,m84137_260214_004236_s1/254804426/ccs,396,1,True,1,HIGH
H3,1,m84137_260214_004236_s1/241634792/ccs,456,1,True,1,HIGH
H3,1,m84137_260214_004236_s1/192089354/ccs,528,1,True,1,HIGH
H3,1,m84137_260214_004236_s1/40372646/ccs,722,0,False,0,HIGH
H3,1,m84137_260214_004236_s1/83953386/ccs,1029,0,False,0,HIGH
H3,1,m84137_260214_004236_s1/65142949/ccs,1688,2,True,2,HIGH
H3,1,m84137_260214_004236_s1/114360859/ccs,3235,1,True,1,HIGH
H3,1,m84137_260214_004236_s1/153878978/ccs,154,2,True,2,HIGH
H3,1,m84137_260214_004236_s1/20579296/ccs,171,2,True,2,HIGH
H3,1,m84137_260214_004236_s1/17175118/ccs,176,1,True,1,HIGH
H3,1,m84137_260214_004236_s1/104403178/ccs,144,1,True,1,HIGH
H3,1,m84137_260214_004236_s1/40963177/ccs,147,1,True,1,HIGH
H3,1,m84137_260214_004236_s1/92868675/ccs,147,1,True,1,HIGH
H3,1,m84137_260214_004236_s1/239081164/ccs,147,1,True,1,HIGH
H3,1,m84137_260214_004236_s1/51448297/ccs,149,1,True,1,HIGH
H3,1,m84137_260214_004236_s1/29819964/ccs,150,1,True,1,HIGH
H3,1,m84137_260214_004236_s1/85721411/ccs,153,1,True,1,HIGH
H3,1,m84137_260214_004236_s1/120194744/ccs,156,1,True,1,HIGH
H3,1,m84137_260214_004236_s1/250549630/ccs,156,1,True,1,HIGH
H3,1,m84137_260214_004236_s1/29362581/ccs,156,1,True,1,HIGH
H3,1,m84137_260214_004236_s1/137104882/ccs,156,1,True,1,HIGH
H3,1,m84137_260214_004236_s1/96540593/ccs,163,1,True,1,HIGH
H3,1,m84137_260214_004236_s1/198247231/ccs,159,1,True,1,HIGH
H3,1,m84137_260214_004236_s1/119149569/ccs,159,1,True,1,HIGH
H3,1,m84137_260214_004236_s1/133370706/ccs,159,1,True,1,HIGH
H3,1,m84137_260214_004236_s1/173740034/ccs,159,1,True,1,HIGH
H3,1,m84137_260214_004236_s1/246681936/ccs,159,1,True,1,HIGH
H3,1,m84137_260214_004236_s1/261161625/ccs,159,1,True,1,HIGH
H3,1,m84137_260214_004236_s1/245498727/ccs,159,1,True,1,HIGH
H3,1,m84137_260214_004236_s1/168367505/ccs,159,1,True,1,HIGH
H3,1,m84137_260214_004236_s1/53872846/ccs,159,1,True,1,HIGH
H3,1,m84137_260214_004236_s1/208864378/ccs,159,1,True,1,HIGH
H3,1,m84137_260214_004236_s1/104991813/ccs,159,1,True,1,HIGH
H3,1,m84137_260214_004236_s1/239666621/ccs,159,2,True,2,HIGH
H3,1,m84137_260214_004236_s1/159584607/ccs,160,2,True,2,HIGH
H3,1,m84137_260214_004236_s1/55248880/ccs,161,0,False,0,HIGH
H3,1,m84137_260214_004236_s1/208340909/ccs,162,1,True,1,HIGH
H3,1,m84137_260214_004236_s1/76742916/ccs,162,1,True,1,HIGH
H3,1,m84137_260214_004236_s1/238489142/ccs,162,1,True,1,HIGH
H3,1,m84137_260214_004236_s1/11995052/ccs,162,1,True,1,HIGH
H3,1,m84137_260214_004236_s1/8063210/ccs,162,1,True,1,HIGH
H3,1,m84137_260214_004236_s1/8719306/ccs,162,1,True,1,HIGH
H3,1,m84137_260214_004236_s1/50464937/ccs,162,1,True,1,HIGH
H3,1,m84137_260214_004236_s1/62324842/ccs,162,1,True,1,HIGH
H3,1,m84137_260214_004236_s1/41223703/ccs,162,1,True,1,HIGH
H3,1,m84137_260214_004236_s1/59967306/ccs,162,1,True,1,HIGH
H3,1,m84137_260214_004236_s1/42795053/ccs,162,1,True,1,HIGH
H3,1,m84137_260214_004236_s1/66192284/ccs,162,1,True,1,HIGH
H3,1,m84137_260214_004236_s1/66388946/ccs,162,1,True,1,HIGH
H3,1,m84137_260214_004236_s1/91949946/ccs,162,1,True,1,HIGH
H3,1,m84137_260214_004236_s1/74711094/ccs,162,1,True,1,HIGH
H3,1,m84137_260214_004236_s1/123210096/ccs,162,1,True,1,HIGH
H3,1,m84137_260214_004236_s1/117770975/ccs,162,1,True,1,HIGH
H3,1,m84137_260214_004236_s1/130353464/ccs,162,1,True,1,HIGH
H3,1,m84137_260214_004236_s1/105579414/ccs,162,1,True,1,HIGH
H3,1,m84137_260214_004236_s1/122553781/ccs,162,1,True,1,HIGH
H3,1,m84137_260214_004236_s1/137167264/ccs,162,1,True,1,HIGH
H3,1,m84137_260214_004236_s1/163056592/ccs,162,1,True,1,HIGH
H3,1,m84137_260214_004236_s1/154863668/ccs,162,1,True,1,HIGH
H3,1,m84137_260214_004236_s1/185993209/ccs,162,1,True,1,HIGH
H3,1,m84137_260214_004236_s1/176095961/ccs,162,1,True,1,HIGH
H3,1,m84137_260214_004236_s1/178717714/ccs,162,1,True,1,HIGH
H3,1,m84137_260214_004236_s1/225771740/ccs,162,1,True,1,HIGH
H3,1,m84137_260214_004236_s1/205786021/ccs,162,1,True,1,HIGH
H3,1,m84137_260214_004236_s1/11015950/ccs,162,1,True,1,HIGH
H3,1,m84137_260214_004236_s1/59118415/ccs,162,1,True,1,HIGH
H3,1,m84137_260214_004236_s1/110235444/ccs,162,1,True,1,HIGH
H3,1,m84137_260214_004236_s1/111415959/ccs,162,1,True,1,HIGH
H3,1,m84137_260214_004236_s1/234755659/ccs,162,1,True,1,HIGH
H3,1,m84137_260214_004236_s1/216732954/ccs,162,1,True,1,HIGH
H3,1,m84137_260214_004236_s1/217911782/ccs,162,1,True,1,HIGH
H3,1,m84137_260214_004236_s1/1966770/ccs,162,1,True,1,HIGH
H3,1,m84137_260214_004236_s1/131991022/ccs,162,1,True,1,HIGH
H3,1,m84137_260214_004236_s1/190058049/ccs,162,1,True,1,HIGH
H3,1,m84137_260214_004236_s1/256641536/ccs,162,1,True,1,HIGH
H3,1,m84137_260214_004236_s1/209519009/ccs,162,1,True,1,HIGH
H3,1,m84137_260214_004236_s1/28706544/ccs,162,1,True,1,HIGH
H3,1,m84137_260214_004236_s1/143987338/ccs,162,1,True,1,HIGH
H3,1,m84137_260214_004236_s1/6553743/ccs,162,1,True,1,HIGH
H3,1,m84137_260214_004236_s1/12323039/ccs,162,1,True,1,HIGH
H3,1,m84137_260214_004236_s1/30212574/ccs,162,1,True,1,HIGH
H3,1,m84137_260214_004236_s1/33819570/ccs,162,1,True,1,HIGH
H3,1,m84137_260214_004236_s1/42731563/ccs,159,1,True,1,HIGH
H3,1,m84137_260214_004236_s1/94896979/ccs,162,1,True,1,HIGH
H3,1,m84137_260214_004236_s1/125962956/ccs,162,1,True,1,HIGH
H3,1,m84137_260214_004236_s1/121439755/ccs,162,1,True,1,HIGH
H3,1,m84137_260214_004236_s1/111282642/ccs,162,1,True,1,HIGH
H3,1,m84137_260214_004236_s1/190449001/ccs,162,1,True,1,HIGH
H3,1,m84137_260214_004236_s1/173673140/ccs,162,1,True,1,HIGH
H3,1,m84137_260214_004236_s1/176357485/ccs,162,1,True,1,HIGH
H3,1,m84137_260214_004236_s1/184289946/ccs,162,1,True,1,HIGH
H3,1,m84137_260214_004236_s1/234357774/ccs,162,1,True,1,HIGH
H3,1,m84137_260214_004236_s1/266208409/ccs,162,1,True,1,HIGH
H3,1,m84137_260214_004236_s1/4133159/ccs,162,1,True,1,HIGH
H3,1,m84137_260214_004236_s1/6098763/ccs,162,1,True,1,HIGH
H3,1,m84137_260214_004236_s1/7148043/ccs,162,1,True,1,HIGH
H3,1,m84137_260214_004236_s1/35065025/ccs,162,1,True,1,HIGH
H3,1,m84137_260214_004236_s1/31199707/ccs,162,1,True,1,HIGH
H3,1,m84137_260214_004236_s1/62394459/ccs,162,1,True,1,HIGH
H3,1,m84137_260214_004236_s1/46599939/ccs,162,1,True,1,HIGH
H3,1,m84137_260214_004236_s1/92409685/ccs,162,1,True,1,HIGH
H3,1,m84137_260214_004236_s1/93916423/ccs,162,1,True,1,HIGH
H3,1,m84137_260214_004236_s1/118952465/ccs,162,1,True,1,HIGH
H3,1,m84137_260214_004236_s1/177147700/ccs,162,1,True,1,HIGH
H3,1,m84137_260214_004236_s1/177934104/ccs,162,1,True,1,HIGH
H3,1,m84137_260214_004236_s1/203493907/ccs,162,1,True,1,HIGH
H3,1,m84137_260214_004236_s1/181737392/ccs,162,1,True,1,HIGH
H3,1,m84137_260214_004236_s1/237769739/ccs,162,1,True,1,HIGH
H3,1,m84137_260214_004236_s1/243470522/ccs,162,1,True,1,HIGH
H3,1,m84137_260214_004236_s1/147719005/ccs,162,1,True,1,HIGH
H3,1,m84137_260214_004236_s1/19404247/ccs,162,1,True,1,HIGH
H3,1,m84137_260214_004236_s1/266929061/ccs,162,1,True,1,HIGH
H3,1,m84137_260214_004236_s1/221189122/ccs,162,1,True,1,HIGH
H3,1,m84137_260214_004236_s1/105776674/ccs,162,1,True,1,HIGH
H3,1,m84137_260214_004236_s1/135662008/ccs,162,1,True,1,HIGH
H3,1,m84137_260214_004236_s1/108598240/ccs,162,1,True,1,HIGH
H3,1,m84137_260214_004236_s1/174654245/ccs,162,1,True,1,HIGH
H3,1,m84137_260214_004236_s1/35719052/ccs,162,1,True,1,HIGH
H3,1,m84137_260214_004236_s1/124721028/ccs,162,1,True,1,HIGH
H3,1,m84137_260214_004236_s1/35590920/ccs,162,1,True,1,HIGH
H3,1,m84137_260214_004236_s1/137038643/ccs,162,1,True,1,HIGH
H3,1,m84137_260214_004236_s1/245303393/ccs,162,2,True,2,HIGH
H3,1,m84137_260214_004236_s1/206571163/ccs,163,2,True,2,HIGH
H3,1,m84137_260214_004236_s1/9241287/ccs,168,0,False,0,HIGH
H3,1,m84137_260214_004236_s1/39063667/ccs,159,0,False,0,HIGH
H3,1,m84137_260214_004236_s1/11605208/ccs,164,0,False,0,HIGH
H3,1,m84137_260214_004236_s1/101387795/ccs,165,1,True,1,HIGH
H3,1,m84137_260214_004236_s1/61014672/ccs,165,1,True,1,HIGH
H3,1,m84137_260214_004236_s1/49218146/ccs,165,1,True,1,HIGH
H3,1,m84137_260214_004236_s1/182060327/ccs,165,1,True,1,HIGH
H3,1,m84137_260214_004236_s1/258739134/ccs,165,1,True,1,HIGH
H3,1,m84137_260214_004236_s1/204805146/ccs,165,1,True,1,HIGH
H3,1,m84137_260214_004236_s1/34866722/ccs,165,1,True,1,HIGH
H3,1,m84137_260214_004236_s1/58525630/ccs,165,1,True,1,HIGH
H3,1,m84137_260214_004236_s1/46467991/ccs,165,1,True,1,HIGH
H3,1,m84137_260214_004236_s1/46795274/ccs,165,1,True,1,HIGH
H3,1,m84137_260214_004236_s1/91621794/ccs,165,1,True,1,HIGH
H3,1,m84137_260214_004236_s1/99748696/ccs,165,1,True,1,HIGH
H3,1,m84137_260214_004236_s1/240194285/ccs,165,1,True,1,HIGH
H3,1,m84137_260214_004236_s1/128974986/ccs,165,1,True,1,HIGH
H3,1,m84137_260214_004236_s1/141165303/ccs,165,1,True,1,HIGH
H3,1,m84137_260214_004236_s1/161942256/ccs,165,1,True,1,HIGH
H3,1,m84137_260214_004236_s1/188219443/ccs,165,1,True,1,HIGH
H3,1,m84137_260214_004236_s1/191955118/ccs,165,1,True,1,HIGH
H3,1,m84137_260214_004236_s1/197918876/ccs,165,1,True,1,HIGH
H3,1,m84137_260214_004236_s1/177408124/ccs,165,1,True,1,HIGH
H3,1,m84137_260214_004236_s1/198313326/ccs,165,1,True,1,HIGH
H3,1,m84137_260214_004236_s1/207555176/ccs,165,1,True,1,HIGH
H3,1,m84137_260214_004236_s1/208669587/ccs,165,1,True,1,HIGH
H3,1,m84137_260214_004236_s1/209126825/ccs,165,1,True,1,HIGH
H3,1,m84137_260214_004236_s1/230820423/ccs,165,1,True,1,HIGH
H3,1,m84137_260214_004236_s1/252577592/ccs,165,1,True,1,HIGH
H3,1,m84137_260214_004236_s1/236980126/ccs,165,1,True,1,HIGH
H3,1,m84137_260214_004236_s1/239076144/ccs,165,1,True,1,HIGH
H3,1,m84137_260214_004236_s1/246220495/ccs,165,1,True,1,HIGH
H3,1,m84137_260214_004236_s1/12063961/ccs,165,1,True,1,HIGH
H3,1,m84137_260214_004236_s1/53613755/ccs,165,1,True,1,HIGH
H3,1,m84137_260214_004236_s1/45946094/ccs,165,1,True,1,HIGH
H3,1,m84137_260214_004236_s1/96996872/ccs,165,1,True,1,HIGH
H3,1,m84137_260214_004236_s1/111874529/ccs,165,1,True,1,HIGH
H3,1,m84137_260214_004236_s1/113383297/ccs,165,1,True,1,HIGH
H3,1,m84137_260214_004236_s1/137434470/ccs,165,1,True,1,HIGH
H3,1,m84137_260214_004236_s1/226430040/ccs,165,1,True,1,HIGH
H3,1,m84137_260214_004236_s1/183112346/ccs,165,1,True,1,HIGH
H3,1,m84137_260214_004236_s1/183243612/ccs,165,1,True,1,HIGH
H3,1,m84137_260214_004236_s1/228396738/ccs,165,1,True,1,HIGH
H3,1,m84137_260214_004236_s1/230887872/ccs,165,1,True,1,HIGH
H3,1,m84137_260214_004236_s1/231478789/ccs,165,1,True,1,HIGH
H3,1,m84137_260214_004236_s1/244845892/ccs,165,1,True,1,HIGH
H3,1,m84137_260214_004236_s1/248190641/ccs,165,1,True,1,HIGH
H3,1,m84137_260214_004236_s1/249893694/ccs,165,1,True,1,HIGH
H3,1,m84137_260214_004236_s1/74516161/ccs,165,1,True,1,HIGH
H3,1,m84137_260214_004236_s1/85395624/ccs,165,1,True,1,HIGH
H3,1,m84137_260214_004236_s1/75696202/ccs,165,1,True,1,HIGH
H3,1,m84137_260214_004236_s1/179438909/ccs,165,1,True,1,HIGH
H3,1,m84137_260214_004236_s1/72748226/ccs,165,1,True,1,HIGH
H3,1,m84137_260214_004236_s1/168301844/ccs,165,1,True,1,HIGH
H3,1,m84137_260214_004236_s1/207230057/ccs,165,1,True,1,HIGH
H3,1,m84137_260214_004236_s1/214110615/ccs,165,1,True,1,HIGH
H3,1,m84137_260214_004236_s1/88346624/ccs,165,1,True,1,HIGH
H3,1,m84137_260214_004236_s1/137561439/ccs,165,1,True,1,HIGH
H3,1,m84137_260214_004236_s1/144774814/ccs,165,1,True,1,HIGH
H3,1,m84137_260214_004236_s1/92344121/ccs,165,1,True,1,HIGH
H3,1,m84137_260214_004236_s1/134746391/ccs,165,1,True,1,HIGH
H3,1,m84137_260214_004236_s1/238229184/ccs,165,1,True,1,HIGH
H3,1,m84137_260214_004236_s1/142279923/ccs,164,1,True,1,HIGH
H3,1,m84137_260214_004236_s1/196806554/ccs,165,1,True,1,HIGH
H3,1,m84137_260214_004236_s1/195429818/ccs,165,1,True,1,HIGH
H3,1,m84137_260214_004236_s1/21173168/ccs,165,1,True,1,HIGH
H3,1,m84137_260214_004236_s1/14816379/ccs,165,1,True,1,HIGH
H3,1,m84137_260214_004236_s1/78122151/ccs,165,1,True,1,HIGH
H3,1,m84137_260214_004236_s1/18220557/ccs,165,1,True,1,HIGH
H3,1,m84137_260214_004236_s1/29230213/ccs,165,1,True,1,HIGH
H3,1,m84137_260214_004236_s1/13697340/ccs,165,1,True,1,HIGH
H3,1,m84137_260214_004236_s1/8981106/ccs,165,1,True,1,HIGH
H3,1,m84137_260214_004236_s1/66718450/ccs,165,1,True,1,HIGH
H3,1,m84137_260214_004236_s1/85918283/ccs,165,1,True,1,HIGH
H3,1,m84137_260214_004236_s1/78643515/ccs,165,1,True,1,HIGH
H3,1,m84137_260214_004236_s1/93652830/ccs,165,1,True,1,HIGH
H3,1,m84137_260214_004236_s1/108857600/ccs,165,1,True,1,HIGH
H3,1,m84137_260214_004236_s1/115081421/ccs,165,1,True,1,HIGH
H3,1,m84137_260214_004236_s1/115869254/ccs,165,1,True,1,HIGH
H3,1,m84137_260214_004236_s1/168167950/ccs,165,1,True,1,HIGH
H3,1,m84137_260214_004236_s1/218302460/ccs,165,1,True,1,HIGH
H3,1,m84137_260214_004236_s1/220398392/ccs,165,1,True,1,HIGH
H3,1,m84137_260214_004236_s1/221447608/ccs,165,1,True,1,HIGH
H3,1,m84137_260214_004236_s1/264111250/ccs,165,1,True,1,HIGH
H3,1,m84137_260214_004236_s1/246285223/ccs,165,1,True,1,HIGH
H3,1,m84137_260214_004236_s1/264963614/ccs,165,1,True,1,HIGH
H3,1,m84137_260214_004236_s1/24975125/ccs,165,1,True,1,HIGH
H3,1,m84137_260214_004236_s1/9245169/ccs,165,1,True,1,HIGH
H3,1,m84137_260214_004236_s1/72882047/ccs,165,1,True,1,HIGH
H3,1,m84137_260214_004236_s1/76223213/ccs,165,1,True,1,HIGH
H3,1,m84137_260214_004236_s1/96604863/ccs,165,1,True,1,HIGH
H3,1,m84137_260214_004236_s1/125702498/ccs,165,1,True,1,HIGH
H3,1,m84137_260214_004236_s1/126029736/ccs,165,1,True,1,HIGH
H3,1,m84137_260214_004236_s1/141955557/ccs,165,1,True,1,HIGH
H3,1,m84137_260214_004236_s1/143397354/ccs,165,1,True,1,HIGH
H3,1,m84137_260214_004236_s1/143199557/ccs,165,1,True,1,HIGH
H3,1,m84137_260214_004236_s1/220665136/ccs,165,1,True,1,HIGH
H3,1,m84137_260214_004236_s1/224072303/ccs,165,1,True,1,HIGH
H3,1,m84137_260214_004236_s1/224727302/ccs,165,1,True,1,HIGH
H3,1,m84137_260214_004236_s1/181932328/ccs,165,1,True,1,HIGH
H3,1,m84137_260214_004236_s1/243077455/ccs,165,1,True,1,HIGH
H3,1,m84137_260214_004236_s1/99224524/ccs,165,1,True,1,HIGH
H3,1,m84137_260214_004236_s1/169739575/ccs,165,1,True,1,HIGH
H3,1,m84137_260214_004236_s1/129504081/ccs,165,1,True,1,HIGH
H3,1,m84137_260214_004236_s1/201330678/ccs,165,1,True,1,HIGH
H3,1,m84137_260214_004236_s1/211422977/ccs,165,1,True,1,HIGH
H3,1,m84137_260214_004236_s1/209652480/ccs,165,1,True,1,HIGH
H3,1,m84137_260214_004236_s1/253428658/ccs,160,1,True,1,HIGH
H3,1,m84137_260214_004236_s1/170919652/ccs,165,1,True,1,HIGH
H3,1,m84137_260214_004236_s1/133104628/ccs,165,1,True,1,HIGH
H3,1,m84137_260214_004236_s1/66849233/ccs,165,1,True,1,HIGH
H3,1,m84137_260214_004236_s1/77793647/ccs,165,1,True,1,HIGH
H3,1,m84137_260214_004236_s1/253952346/ccs,165,1,True,1,HIGH
H3,1,m84137_260214_004236_s1/178128936/ccs,165,1,True,1,HIGH
H3,1,m84137_260214_004236_s1/228331482/ccs,165,1,True,1,HIGH
H3,1,m84137_260214_004236_s1/73139697/ccs,166,2,True,2,HIGH
H3,1,m84137_260214_004236_s1/66127677/ccs,166,2,True,2,HIGH
H3,1,m84137_260214_004236_s1/33361263/ccs,166,2,True,2,HIGH
H3,1,m84137_260214_004236_s1/52102251/ccs,166,2,True,2,HIGH
H3,1,m84137_260214_004236_s1/155520328/ccs,166,2,True,2,HIGH
H3,1,m84137_260214_004236_s1/267256524/ccs,167,0,False,0,HIGH
H3,1,m84137_260214_004236_s1/120853670/ccs,167,0,False,0,HIGH
H3,1,m84137_260214_004236_s1/131928063/ccs,168,1,True,1,HIGH
H3,1,m84137_260214_004236_s1/83629820/ccs,168,1,True,1,HIGH
H3,1,m84137_260214_004236_s1/70714020/ccs,168,1,True,1,HIGH
H3,1,m84137_260214_004236_s1/89129790/ccs,168,1,True,1,HIGH
H3,1,m84137_260214_004236_s1/102433371/ccs,168,1,True,1,HIGH
H3,1,m84137_260214_004236_s1/109250625/ccs,168,1,True,1,HIGH
H3,1,m84137_260214_004236_s1/105579940/ccs,168,1,True,1,HIGH
H3,1,m84137_260214_004236_s1/113444533/ccs,168,1,True,1,HIGH
H3,1,m84137_260214_004236_s1/151849857/ccs,168,1,True,1,HIGH
H3,1,m84137_260214_004236_s1/140575530/ccs,168,1,True,1,HIGH
H3,1,m84137_260214_004236_s1/162595348/ccs,168,1,True,1,HIGH
H3,1,m84137_260214_004236_s1/222625999/ccs,168,1,True,1,HIGH
H3,1,m84137_260214_004236_s1/213778685/ccs,168,1,True,1,HIGH
H3,1,m84137_260214_004236_s1/244713401/ccs,168,1,True,1,HIGH
H3,1,m84137_260214_004236_s1/3477617/ccs,168,1,True,1,HIGH
H3,1,m84137_260214_004236_s1/249365034/ccs,168,1,True,1,HIGH
H3,1,m84137_260214_004236_s1/250743647/ccs,168,1,True,1,HIGH
H3,1,m84137_260214_004236_s1/11408685/ccs,168,1,True,1,HIGH
H3,1,m84137_260214_004236_s1/68294507/ccs,168,1,True,1,HIGH
H3,1,m84137_260214_004236_s1/73470875/ccs,168,1,True,1,HIGH
H3,1,m84137_260214_004236_s1/125703539/ccs,168,1,True,1,HIGH
H3,1,m84137_260214_004236_s1/110236700/ccs,168,1,True,1,HIGH
H3,1,m84137_260214_004236_s1/137169964/ccs,168,1,True,1,HIGH
H3,1,m84137_260214_004236_s1/144643218/ccs,168,1,True,1,HIGH
H3,1,m84137_260214_004236_s1/174789944/ccs,168,1,True,1,HIGH
H3,1,m84137_260214_004236_s1/178523241/ccs,168,1,True,1,HIGH
H3,1,m84137_260214_004236_s1/220859829/ccs,168,1,True,1,HIGH
H3,1,m84137_260214_004236_s1/206114347/ccs,168,1,True,1,HIGH
H3,1,m84137_260214_004236_s1/253891911/ccs,168,1,True,1,HIGH
H3,1,m84137_260214_004236_s1/215487321/ccs,168,1,True,1,HIGH
H3,1,m84137_260214_004236_s1/210763869/ccs,168,1,True,1,HIGH
H3,1,m84137_260214_004236_s1/246418003/ccs,168,1,True,1,HIGH
H3,1,m84137_260214_004236_s1/152768599/ccs,168,1,True,1,HIGH
H3,1,m84137_260214_004236_s1/47321151/ccs,168,1,True,1,HIGH
H3,1,m84137_260214_004236_s1/77533705/ccs,168,1,True,1,HIGH
H3,1,m84137_260214_004236_s1/265815010/ccs,171,1,True,1,HIGH
H3,1,m84137_260214_004236_s1/63444072/ccs,168,1,True,1,HIGH
H3,1,m84137_260214_004236_s1/25690722/ccs,168,1,True,1,HIGH
H3,1,m84137_260214_004236_s1/57082055/ccs,168,1,True,1,HIGH
H3,1,m84137_260214_004236_s1/44173289/ccs,168,1,True,1,HIGH
H3,1,m84137_260214_004236_s1/75432748/ccs,168,1,True,1,HIGH
H3,1,m84137_260214_004236_s1/197395930/ccs,168,1,True,1,HIGH
H3,1,m84137_260214_004236_s1/162928083/ccs,168,1,True,1,HIGH
H3,1,m84137_260214_004236_s1/23790099/ccs,168,1,True,1,HIGH
H3,1,m84137_260214_004236_s1/24053802/ccs,168,1,True,1,HIGH
H3,1,m84137_260214_004236_s1/50397737/ccs,165,1,True,1,HIGH
H3,1,m84137_260214_004236_s1/59769514/ccs,168,1,True,1,HIGH
H3,1,m84137_260214_004236_s1/44368322/ccs,168,1,True,1,HIGH
H3,1,m84137_260214_004236_s1/73662647/ccs,168,1,True,1,HIGH
H3,1,m84137_260214_004236_s1/83165595/ccs,168,1,True,1,HIGH
H3,1,m84137_260214_004236_s1/202115982/ccs,168,1,True,1,HIGH
H3,1,m84137_260214_004236_s1/12521611/ccs,168,1,True,1,HIGH
H3,1,m84137_260214_004236_s1/235280173/ccs,168,1,True,1,HIGH
H3,1,m84137_260214_004236_s1/151851683/ccs,168,1,True,1,HIGH
H3,1,m84137_260214_004236_s1/115150992/ccs,168,1,True,1,HIGH
H3,1,m84137_260214_004236_s1/166203175/ccs,168,1,True,1,HIGH
H3,1,m84137_260214_004236_s1/237572508/ccs,168,1,True,1,HIGH
H3,1,m84137_260214_004236_s1/237769504/ccs,168,1,True,1,HIGH
H3,1,m84137_260214_004236_s1/233116119/ccs,168,1,True,1,HIGH
H3,1,m84137_260214_004236_s1/234163790/ccs,168,1,True,1,HIGH
H3,1,m84137_260214_004236_s1/217519902/ccs,168,1,True,1,HIGH
H3,1,m84137_260214_004236_s1/159321981/ccs,168,1,True,1,HIGH
H3,1,m84137_260214_004236_s1/166924015/ccs,168,1,True,1,HIGH
H3,1,m84137_260214_004236_s1/148900728/ccs,168,1,True,1,HIGH
H3,1,m84137_260214_004236_s1/249038310/ccs,168,1,True,1,HIGH
H3,1,m84137_260214_004236_s1/253627492/ccs,168,1,True,1,HIGH
H3,1,m84137_260214_004236_s1/224002635/ccs,168,1,True,1,HIGH
H3,1,m84137_260214_004236_s1/246879617/ccs,168,1,True,1,HIGH
H3,1,m84137_260214_004236_s1/14615532/ccs,168,1,True,1,HIGH
H3,1,m84137_260214_004236_s1/68616481/ccs,168,1,True,1,HIGH
H3,1,m84137_260214_004236_s1/97651186/ccs,168,1,True,1,HIGH
H3,1,m84137_260214_004236_s1/190449792/ccs,168,1,True,1,HIGH
H3,1,m84137_260214_004236_s1/207095814/ccs,168,1,True,1,HIGH
H3,1,m84137_260214_004236_s1/237964250/ccs,168,1,True,1,HIGH
H3,1,m84137_260214_004236_s1/105647659/ccs,168,1,True,1,HIGH
H3,1,m84137_260214_004236_s1/225121335/ccs,168,1,True,1,HIGH
H3,1,m84137_260214_004236_s1/266145484/ccs,168,1,True,1,HIGH
H3,1,m84137_260214_004236_s1/22940192/ccs,168,1,True,1,HIGH
H3,1,m84137_260214_004236_s1/26871481/ccs,168,1,True,1,HIGH
H3,1,m84137_260214_004236_s1/34997219/ccs,168,1,True,1,HIGH
H3,1,m84137_260214_004236_s1/33161889/ccs,168,1,True,1,HIGH
H3,1,m84137_260214_004236_s1/57805427/ccs,168,1,True,1,HIGH
H3,1,m84137_260214_004236_s1/85789095/ccs,168,1,True,1,HIGH
H3,1,m84137_260214_004236_s1/109054587/ccs,168,1,True,1,HIGH
H3,1,m84137_260214_004236_s1/110364148/ccs,168,1,True,1,HIGH
H3,1,m84137_260214_004236_s1/158598698/ccs,168,1,True,1,HIGH
H3,1,m84137_260214_004236_s1/154600198/ccs,168,1,True,1,HIGH
H3,1,m84137_260214_004236_s1/190186193/ccs,168,1,True,1,HIGH
H3,1,m84137_260214_004236_s1/150143533/ccs,168,1,True,1,HIGH
H3,1,m84137_260214_004236_s1/209519873/ccs,168,1,True,1,HIGH
H3,1,m84137_260214_004236_s1/227476204/ccs,168,1,True,1,HIGH
H3,1,m84137_260214_004236_s1/243532218/ccs,168,1,True,1,HIGH
H3,1,m84137_260214_004236_s1/5640660/ccs,168,1,True,1,HIGH
H3,1,m84137_260214_004236_s1/20255036/ccs,168,1,True,1,HIGH
H3,1,m84137_260214_004236_s1/250282078/ccs,168,1,True,1,HIGH
H3,1,m84137_260214_004236_s1/21958407/ccs,168,1,True,1,HIGH
H3,1,m84137_260214_004236_s1/11078980/ccs,168,1,True,1,HIGH
H3,1,m84137_260214_004236_s1/55448456/ccs,168,1,True,1,HIGH
H3,1,m84137_260214_004236_s1/90180677/ccs,168,1,True,1,HIGH
H3,1,m84137_260214_004236_s1/78777898/ccs,168,1,True,1,HIGH
H3,1,m84137_260214_004236_s1/121639165/ccs,168,1,True,1,HIGH
H3,1,m84137_260214_004236_s1/159057336/ccs,168,1,True,1,HIGH
H3,1,m84137_260214_004236_s1/136319382/ccs,169,2,True,2,HIGH
H3,1,m84137_260214_004236_s1/65601626/ccs,168,2,True,2,HIGH
H3,1,m84137_260214_004236_s1/106890583/ccs,171,2,True,2,HIGH
H3,1,m84137_260214_004236_s1/94177653/ccs,169,2,True,2,HIGH
H3,1,m84137_260214_004236_s1/220201284/ccs,169,2,True,2,HIGH
H3,1,m84137_260214_004236_s1/72419124/ccs,168,2,True,2,HIGH
H3,1,m84137_260214_004236_s1/68751211/ccs,170,0,False,0,HIGH
H3,1,m84137_260214_004236_s1/218172527/ccs,170,0,False,0,HIGH
H3,1,m84137_260214_004236_s1/147195519/ccs,171,1,True,1,HIGH
H3,1,m84137_260214_004236_s1/217189933/ccs,174,1,True,1,HIGH
H3,1,m84137_260214_004236_s1/42468910/ccs,171,1,True,1,HIGH
H3,1,m84137_260214_004236_s1/258084312/ccs,171,1,True,1,HIGH
H3,1,m84137_260214_004236_s1/202704595/ccs,171,1,True,1,HIGH
H3,1,m84137_260214_004236_s1/229771790/ccs,171,1,True,1,HIGH
H3,1,m84137_260214_004236_s1/231211394/ccs,171,1,True,1,HIGH
H3,1,m84137_260214_004236_s1/216468442/ccs,171,1,True,1,HIGH
H3,1,m84137_260214_004236_s1/265226476/ccs,171,1,True,1,HIGH
H3,1,m84137_260214_004236_s1/18945360/ccs,171,1,True,1,HIGH
H3,1,m84137_260214_004236_s1/5640016/ccs,171,1,True,1,HIGH
H3,1,m84137_260214_004236_s1/8394369/ccs,171,1,True,1,HIGH
H3,1,m84137_260214_004236_s1/26415487/ccs,171,1,True,1,HIGH
H3,1,m84137_260214_004236_s1/27137011/ccs,171,1,True,1,HIGH
H3,1,m84137_260214_004236_s1/52761593/ccs,171,1,True,1,HIGH
H3,1,m84137_260214_004236_s1/38210713/ccs,171,1,True,1,HIGH
H3,1,m84137_260214_004236_s1/109974937/ccs,171,1,True,1,HIGH
H3,1,m84137_260214_004236_s1/134876971/ccs,171,1,True,1,HIGH
H3,1,m84137_260214_004236_s1/136908233/ccs,171,1,True,1,HIGH
H3,1,m84137_260214_004236_s1/173807386/ccs,171,1,True,1,HIGH
H3,1,m84137_260214_004236_s1/189862247/ccs,171,1,True,1,HIGH
H3,1,m84137_260214_004236_s1/172953526/ccs,171,1,True,1,HIGH
H3,1,m84137_260214_004236_s1/203361898/ccs,171,1,True,1,HIGH
H3,1,m84137_260214_004236_s1/201134123/ccs,171,1,True,1,HIGH
H3,1,m84137_260214_004236_s1/182521595/ccs,171,1,True,1,HIGH
H3,1,m84137_260214_004236_s1/254021213/ccs,171,1,True,1,HIGH
H3,1,m84137_260214_004236_s1/262017007/ccs,171,1,True,1,HIGH
H3,1,m84137_260214_004236_s1/264965451/ccs,171,1,True,1,HIGH
H3,1,m84137_260214_004236_s1/111477960/ccs,171,1,True,1,HIGH
H3,1,m84137_260214_004236_s1/133169740/ccs,171,1,True,1,HIGH
H3,1,m84137_260214_004236_s1/233114266/ccs,171,1,True,1,HIGH
H3,1,m84137_260214_004236_s1/252841093/ccs,171,1,True,1,HIGH
H3,1,m84137_260214_004236_s1/136251559/ccs,171,1,True,1,HIGH
H3,1,m84137_260214_004236_s1/180683035/ccs,171,1,True,1,HIGH
H3,1,m84137_260214_004236_s1/116130984/ccs,171,1,True,1,HIGH
H3,1,m84137_260214_004236_s1/212469820/ccs,171,1,True,1,HIGH
H3,1,m84137_260214_004236_s1/266012388/ccs,171,1,True,1,HIGH
H3,1,m84137_260214_004236_s1/51187189/ccs,171,1,True,1,HIGH
H3,1,m84137_260214_004236_s1/69799830/ccs,171,1,True,1,HIGH
H3,1,m84137_260214_004236_s1/61150492/ccs,171,1,True,1,HIGH
H3,1,m84137_260214_004236_s1/11207414/ccs,171,1,True,1,HIGH
H3,1,m84137_260214_004236_s1/12255356/ccs,171,1,True,1,HIGH
H3,1,m84137_260214_004236_s1/29492721/ccs,171,1,True,1,HIGH
H3,1,m84137_260214_004236_s1/21038837/ccs,171,1,True,1,HIGH
H3,1,m84137_260214_004236_s1/10946814/ccs,171,1,True,1,HIGH
H3,1,m84137_260214_004236_s1/15663643/ccs,171,1,True,1,HIGH
H3,1,m84137_260214_004236_s1/16580804/ccs,168,1,True,1,HIGH
H3,1,m84137_260214_004236_s1/57999647/ccs,171,1,True,1,HIGH
H3,1,m84137_260214_004236_s1/63112922/ccs,171,1,True,1,HIGH
H3,1,m84137_260214_004236_s1/84806407/ccs,171,1,True,1,HIGH
H3,1,m84137_260214_004236_s1/92800931/ccs,171,1,True,1,HIGH
H3,1,m84137_260214_004236_s1/101058713/ccs,171,1,True,1,HIGH
H3,1,m84137_260214_004236_s1/88801417/ccs,171,1,True,1,HIGH
H3,1,m84137_260214_004236_s1/117834430/ccs,171,1,True,1,HIGH
H3,1,m84137_260214_004236_s1/83297377/ccs,171,1,True,1,HIGH
H3,1,m84137_260214_004236_s1/107282631/ccs,171,1,True,1,HIGH
H3,1,m84137_260214_004236_s1/113771717/ccs,171,1,True,1,HIGH
H3,1,m84137_260214_004236_s1/132055458/ccs,171,1,True,1,HIGH
H3,1,m84137_260214_004236_s1/167773301/ccs,171,1,True,1,HIGH
H3,1,m84137_260214_004236_s1/165349883/ccs,171,1,True,1,HIGH
H3,1,m84137_260214_004236_s1/190121133/ccs,171,1,True,1,HIGH
H3,1,m84137_260214_004236_s1/169148804/ccs,171,1,True,1,HIGH
H3,1,m84137_260214_004236_s1/188744229/ccs,171,1,True,1,HIGH
H3,1,m84137_260214_004236_s1/18153680/ccs,171,1,True,1,HIGH
H3,1,m84137_260214_004236_s1/48891676/ccs,171,1,True,1,HIGH
H3,1,m84137_260214_004236_s1/98765689/ccs,171,1,True,1,HIGH
H3,1,m84137_260214_004236_s1/167576450/ccs,171,1,True,1,HIGH
H3,1,m84137_260214_004236_s1/208013983/ccs,171,1,True,1,HIGH
H3,1,m84137_260214_004236_s1/52826035/ccs,171,1,True,1,HIGH
H3,1,m84137_260214_004236_s1/156241188/ccs,171,1,True,1,HIGH
H3,1,m84137_260214_004236_s1/194581134/ccs,171,1,True,1,HIGH
H3,1,m84137_260214_004236_s1/266275999/ccs,171,1,True,1,HIGH
H3,1,m84137_260214_004236_s1/17369550/ccs,171,1,True,1,HIGH
H3,1,m84137_260214_004236_s1/36046756/ccs,171,1,True,1,HIGH
H3,1,m84137_260214_004236_s1/61407744/ccs,171,1,True,1,HIGH
H3,1,m84137_260214_004236_s1/76547133/ccs,171,1,True,1,HIGH
H3,1,m84137_260214_004236_s1/102501046/ccs,171,1,True,1,HIGH
H3,1,m84137_260214_004236_s1/105121051/ccs,171,1,True,1,HIGH
H3,1,m84137_260214_004236_s1/156633846/ccs,171,1,True,1,HIGH
H3,1,m84137_260214_004236_s1/117050119/ccs,171,1,True,1,HIGH
H3,1,m84137_260214_004236_s1/143526568/ccs,171,1,True,1,HIGH
H3,1,m84137_260214_004236_s1/192086737/ccs,171,1,True,1,HIGH
H3,1,m84137_260214_004236_s1/193463868/ccs,171,1,True,1,HIGH
H3,1,m84137_260214_004236_s1/197853414/ccs,171,1,True,1,HIGH
H3,1,m84137_260214_004236_s1/182845793/ccs,171,1,True,1,HIGH
H3,1,m84137_260214_004236_s1/226822933/ccs,171,1,True,1,HIGH
H3,1,m84137_260214_004236_s1/211289962/ccs,171,1,True,1,HIGH
H3,1,m84137_260214_004236_s1/257558759/ccs,171,1,True,1,HIGH
H3,1,m84137_260214_004236_s1/248054921/ccs,171,1,True,1,HIGH
H3,1,m84137_260214_004236_s1/9440969/ccs,167,1,True,1,HIGH
H3,1,m84137_260214_004236_s1/212080047/ccs,171,1,True,1,HIGH
H3,1,m84137_260214_004236_s1/248186735/ccs,171,1,True,1,HIGH
H3,1,m84137_260214_004236_s1/201720604/ccs,171,1,True,1,HIGH
H3,1,m84137_260214_004236_s1/92015823/ccs,171,1,True,1,HIGH
H3,1,m84137_260214_004236_s1/79564869/ccs,171,1,True,1,HIGH
H3,1,m84137_260214_004236_s1/127012267/ccs,171,1,True,1,HIGH
H3,1,m84137_260214_004236_s1/154538284/ccs,171,1,True,1,HIGH
H3,1,m84137_260214_004236_s1/160044701/ccs,171,1,True,1,HIGH
H3,1,m84137_260214_004236_s1/146280939/ccs,171,1,True,1,HIGH
H3,1,m84137_260214_004236_s1/177344114/ccs,171,1,True,1,HIGH
H3,1,m84137_260214_004236_s1/255792082/ccs,171,1,True,1,HIGH
H3,1,m84137_260214_004236_s1/259987287/ccs,171,1,True,1,HIGH
H3,1,m84137_260214_004236_s1/242946763/ccs,168,1,True,1,HIGH
H3,1,m84137_260214_004236_s1/30475403/ccs,171,1,True,1,HIGH
H3,1,m84137_260214_004236_s1/254546574/ccs,171,1,True,1,HIGH
H3,1,m84137_260214_004236_s1/114361671/ccs,171,1,True,1,HIGH
H3,1,m84137_260214_004236_s1/60428197/ccs,171,1,True,1,HIGH
H3,1,m84137_260214_004236_s1/234230203/ccs,172,2,True,2,HIGH
H3,1,m84137_260214_004236_s1/266145193/ccs,172,2,True,2,HIGH
H3,1,m84137_260214_004236_s1/103946042/ccs,172,2,True,2,HIGH
H3,1,m84137_260214_004236_s1/61079987/ccs,174,2,True,2,HIGH
H3,1,m84137_260214_004236_s1/239472432/ccs,175,2,True,2,HIGH
H3,1,m84137_260214_004236_s1/241566692/ccs,173,0,False,0,HIGH
H3,1,m84137_260214_004236_s1/126421802/ccs,173,0,False,0,HIGH
H3,1,m84137_260214_004236_s1/5244971/ccs,174,1,True,1,HIGH
H3,1,m84137_260214_004236_s1/217909657/ccs,174,1,True,1,HIGH
H3,1,m84137_260214_004236_s1/148112388/ccs,174,1,True,1,HIGH
H3,1,m84137_260214_004236_s1/262805243/ccs,174,1,True,1,HIGH
H3,1,m84137_260214_004236_s1/265356549/ccs,174,1,True,1,HIGH
H3,1,m84137_260214_004236_s1/27333164/ccs,174,1,True,1,HIGH
H3,1,m84137_260214_004236_s1/153161290/ccs,174,1,True,1,HIGH
H3,1,m84137_260214_004236_s1/191370619/ccs,174,1,True,1,HIGH
H3,1,m84137_260214_004236_s1/23003217/ccs,174,1,True,1,HIGH
H3,1,m84137_260214_004236_s1/56754633/ccs,174,1,True,1,HIGH
H3,1,m84137_260214_004236_s1/51119737/ccs,174,1,True,1,HIGH
H3,1,m84137_260214_004236_s1/35914803/ccs,174,1,True,1,HIGH
H3,1,m84137_260214_004236_s1/43516991/ccs,174,1,True,1,HIGH
H3,1,m84137_260214_004236_s1/93586587/ccs,174,1,True,1,HIGH
H3,1,m84137_260214_004236_s1/82708444/ccs,174,1,True,1,HIGH
H3,1,m84137_260214_004236_s1/136119960/ccs,174,1,True,1,HIGH
H3,1,m84137_260214_004236_s1/136841824/ccs,174,1,True,1,HIGH
H3,1,m84137_260214_004236_s1/141494721/ccs,171,1,True,1,HIGH
H3,1,m84137_260214_004236_s1/150339922/ccs,174,1,True,1,HIGH
H3,1,m84137_260214_004236_s1/179505506/ccs,174,1,True,1,HIGH
H3,1,m84137_260214_004236_s1/207291044/ccs,174,1,True,1,HIGH
H3,1,m84137_260214_004236_s1/221447583/ccs,174,1,True,1,HIGH
H3,1,m84137_260214_004236_s1/183961510/ccs,174,1,True,1,HIGH
H3,1,m84137_260214_004236_s1/226559511/ccs,174,1,True,1,HIGH
H3,1,m84137_260214_004236_s1/211879388/ccs,174,1,True,1,HIGH
H3,1,m84137_260214_004236_s1/244843036/ccs,174,1,True,1,HIGH
H3,1,m84137_260214_004236_s1/23203838/ccs,174,1,True,1,HIGH
H3,1,m84137_260214_004236_s1/11408841/ccs,174,1,True,1,HIGH
H3,1,m84137_260214_004236_s1/68162403/ccs,174,1,True,1,HIGH
H3,1,m84137_260214_004236_s1/191760254/ccs,174,1,True,1,HIGH
H3,1,m84137_260214_004236_s1/62263779/ccs,174,1,True,1,HIGH
H3,1,m84137_260214_004236_s1/245170319/ccs,173,1,True,1,HIGH
H3,1,m84137_260214_004236_s1/223545251/ccs,174,1,True,1,HIGH
H3,1,m84137_260214_004236_s1/224526641/ccs,174,1,True,1,HIGH
H3,1,m84137_260214_004236_s1/43715746/ccs,174,1,True,1,HIGH
H3,1,m84137_260214_004236_s1/127013402/ccs,174,1,True,1,HIGH
H3,1,m84137_260214_004236_s1/135597423/ccs,174,1,True,1,HIGH
H3,1,m84137_260214_004236_s1/187569014/ccs,174,1,True,1,HIGH
H3,1,m84137_260214_004236_s1/149164876/ccs,174,1,True,1,HIGH
H3,1,m84137_260214_004236_s1/220007594/ccs,174,1,True,1,HIGH
H3,1,m84137_260214_004236_s1/235017925/ccs,174,1,True,1,HIGH
H3,1,m84137_260214_004236_s1/213586409/ccs,174,1,True,1,HIGH
H3,1,m84137_260214_004236_s1/248778855/ccs,174,1,True,1,HIGH
H3,1,m84137_260214_004236_s1/34669779/ccs,174,1,True,1,HIGH
H3,1,m84137_260214_004236_s1/161810441/ccs,174,1,True,1,HIGH
H3,1,m84137_260214_004236_s1/18420049/ccs,174,1,True,1,HIGH
H3,1,m84137_260214_004236_s1/21039579/ccs,174,1,True,1,HIGH
H3,1,m84137_260214_004236_s1/23332266/ccs,174,1,True,1,HIGH
H3,1,m84137_260214_004236_s1/15532833/ccs,174,1,True,1,HIGH
H3,1,m84137_260214_004236_s1/126422099/ccs,174,1,True,1,HIGH
H3,1,m84137_260214_004236_s1/16714278/ccs,174,1,True,1,HIGH
H3,1,m84137_260214_004236_s1/18284717/ccs,174,1,True,1,HIGH
H3,1,m84137_260214_004236_s1/19401281/ccs,174,1,True,1,HIGH
H3,1,m84137_260214_004236_s1/27002620/ccs,174,1,True,1,HIGH
H3,1,m84137_260214_004236_s1/120653770/ccs,174,1,True,1,HIGH
H3,1,m84137_260214_004236_s1/131794520/ccs,174,1,True,1,HIGH
H3,1,m84137_260214_004236_s1/155059399/ccs,174,1,True,1,HIGH
H3,1,m84137_260214_004236_s1/143460761/ccs,174,1,True,1,HIGH
H3,1,m84137_260214_004236_s1/173867794/ccs,174,1,True,1,HIGH
H3,1,m84137_260214_004236_s1/191104917/ccs,174,1,True,1,HIGH
H3,1,m84137_260214_004236_s1/180815569/ccs,174,1,True,1,HIGH
H3,1,m84137_260214_004236_s1/234031421/ccs,174,1,True,1,HIGH
H3,1,m84137_260214_004236_s1/22156239/ccs,174,1,True,1,HIGH
H3,1,m84137_260214_004236_s1/32641855/ccs,174,1,True,1,HIGH
H3,1,m84137_260214_004236_s1/40572110/ccs,174,1,True,1,HIGH
H3,1,m84137_260214_004236_s1/68685388/ccs,174,1,True,1,HIGH
H3,1,m84137_260214_004236_s1/65080804/ccs,174,1,True,1,HIGH
H3,1,m84137_260214_004236_s1/96604004/ccs,174,1,True,1,HIGH
H3,1,m84137_260214_004236_s1/102108762/ccs,174,1,True,1,HIGH
H3,1,m84137_260214_004236_s1/108926550/ccs,174,1,True,1,HIGH
H3,1,m84137_260214_004236_s1/159651749/ccs,174,1,True,1,HIGH
H3,1,m84137_260214_004236_s1/55968683/ccs,174,1,True,1,HIGH
H3,1,m84137_260214_004236_s1/22480023/ccs,174,1,True,1,HIGH
H3,1,m84137_260214_004236_s1/117376175/ccs,174,1,True,1,HIGH
H3,1,m84137_260214_004236_s1/249105181/ccs,174,1,True,1,HIGH
H3,1,m84137_260214_004236_s1/11472381/ccs,174,1,True,1,HIGH
H3,1,m84137_260214_004236_s1/12522489/ccs,174,1,True,1,HIGH
H3,1,m84137_260214_004236_s1/134222316/ccs,174,1,True,1,HIGH
H3,1,m84137_260214_004236_s1/154998618/ccs,174,1,True,1,HIGH
H3,1,m84137_260214_004236_s1/44501009/ccs,174,1,True,1,HIGH
H3,1,m84137_260214_004236_s1/62591823/ccs,174,1,True,1,HIGH
H3,1,m84137_260214_004236_s1/14815624/ccs,174,1,True,1,HIGH
H3,1,m84137_260214_004236_s1/51249233/ccs,174,1,True,1,HIGH
H3,1,m84137_260214_004236_s1/14812041/ccs,175,2,True,2,HIGH
H3,1,m84137_260214_004236_s1/72878342/ccs,175,2,True,2,HIGH
H3,1,m84137_260214_004236_s1/38274281/ccs,174,2,True,2,HIGH
H3,1,m84137_260214_004236_s1/21433032/ccs,176,0,False,0,HIGH
H3,1,m84137_260214_004236_s1/251071208/ccs,176,0,False,0,HIGH
H3,1,m84137_260214_004236_s1/188025622/ccs,177,0,False,0,HIGH
H3,1,m84137_260214_004236_s1/224726416/ccs,176,0,False,0,HIGH
H3,1,m84137_260214_004236_s1/146148112/ccs,175,1,True,1,HIGH
H3,1,m84137_260214_004236_s1/23333273/ccs,177,1,True,1,HIGH
H3,1,m84137_260214_004236_s1/162662894/ccs,177,1,True,1,HIGH
H3,1,m84137_260214_004236_s1/143330363/ccs,177,1,True,1,HIGH
H3,1,m84137_260214_004236_s1/217058809/ccs,177,1,True,1,HIGH
H3,1,m84137_260214_004236_s1/19267672/ccs,177,1,True,1,HIGH
H3,1,m84137_260214_004236_s1/38082304/ccs,177,1,True,1,HIGH
H3,1,m84137_260214_004236_s1/26084431/ccs,177,1,True,1,HIGH
H3,1,m84137_260214_004236_s1/5310681/ccs,177,1,True,1,HIGH
H3,1,m84137_260214_004236_s1/36113131/ccs,177,1,True,1,HIGH
H3,1,m84137_260214_004236_s1/96733747/ccs,177,1,True,1,HIGH
H3,1,m84137_260214_004236_s1/135858962/ccs,177,1,True,1,HIGH
H3,1,m84137_260214_004236_s1/159449331/ccs,177,1,True,1,HIGH
H3,1,m84137_260214_004236_s1/144771502/ccs,177,1,True,1,HIGH
H3,1,m84137_260214_004236_s1/148964733/ccs,177,1,True,1,HIGH
H3,1,m84137_260214_004236_s1/193200245/ccs,177,1,True,1,HIGH
H3,1,m84137_260214_004236_s1/242876585/ccs,177,1,True,1,HIGH
H3,1,m84137_260214_004236_s1/75829409/ccs,177,1,True,1,HIGH
H3,1,m84137_260214_004236_s1/154998178/ccs,177,1,True,1,HIGH
H3,1,m84137_260214_004236_s1/216798585/ccs,177,1,True,1,HIGH
H3,1,m84137_260214_004236_s1/14484610/ccs,177,1,True,1,HIGH
H3,1,m84137_260214_004236_s1/63178883/ccs,177,1,True,1,HIGH
H3,1,m84137_260214_004236_s1/37098965/ccs,177,1,True,1,HIGH
H3,1,m84137_260214_004236_s1/180555793/ccs,177,1,True,1,HIGH
H3,1,m84137_260214_004236_s1/227673029/ccs,177,1,True,1,HIGH
H3,1,m84137_260214_004236_s1/8849429/ccs,177,1,True,1,HIGH
H3,1,m84137_260214_004236_s1/63635995/ccs,177,1,True,1,HIGH
H3,1,m84137_260214_004236_s1/165611382/ccs,177,1,True,1,HIGH
H3,1,m84137_260214_004236_s1/219222855/ccs,177,1,True,1,HIGH
H3,1,m84137_260214_004236_s1/265622255/ccs,177,1,True,1,HIGH
H3,1,m84137_260214_004236_s1/61473830/ccs,177,1,True,1,HIGH
H3,1,m84137_260214_004236_s1/84675419/ccs,177,1,True,1,HIGH
H3,1,m84137_260214_004236_s1/119931687/ccs,177,1,True,1,HIGH
H3,1,m84137_260214_004236_s1/162663312/ccs,177,1,True,1,HIGH
H3,1,m84137_260214_004236_s1/163774657/ccs,177,1,True,1,HIGH
H3,1,m84137_260214_004236_s1/147325189/ccs,177,1,True,1,HIGH
H3,1,m84137_260214_004236_s1/182125434/ccs,177,1,True,1,HIGH
H3,1,m84137_260214_004236_s1/225576074/ccs,177,1,True,1,HIGH
H3,1,m84137_260214_004236_s1/229900829/ccs,177,1,True,1,HIGH
H3,1,m84137_260214_004236_s1/258408881/ccs,177,1,True,1,HIGH
H3,1,m84137_260214_004236_s1/262932357/ccs,177,1,True,1,HIGH
H3,1,m84137_260214_004236_s1/127538234/ccs,177,1,True,1,HIGH
H3,1,m84137_260214_004236_s1/186322344/ccs,177,1,True,1,HIGH
H3,1,m84137_260214_004236_s1/226104804/ccs,177,1,True,1,HIGH
H3,1,m84137_260214_004236_s1/246615175/ccs,177,1,True,1,HIGH
H3,1,m84137_260214_004236_s1/17569222/ccs,177,1,True,1,HIGH
H3,1,m84137_260214_004236_s1/15142507/ccs,177,1,True,1,HIGH
H3,1,m84137_260214_004236_s1/98441074/ccs,177,1,True,1,HIGH
H3,1,m84137_260214_004236_s1/228395109/ccs,177,1,True,1,HIGH
H3,1,m84137_260214_004236_s1/216732432/ccs,174,1,True,1,HIGH
H3,1,m84137_260214_004236_s1/35525426/ccs,177,1,True,1,HIGH
H3,1,m84137_260214_004236_s1/94636808/ccs,179,2,True,2,HIGH
H3,1,m84137_260214_004236_s1/75435054/ccs,178,2,True,2,HIGH
H3,1,m84137_260214_004236_s1/199431951/ccs,180,1,True,1,HIGH
H3,1,m84137_260214_004236_s1/190910477/ccs,180,1,True,1,HIGH
H3,1,m84137_260214_004236_s1/222757056/ccs,180,1,True,1,HIGH
H3,1,m84137_260214_004236_s1/27198040/ccs,180,1,True,1,HIGH
H3,1,m84137_260214_004236_s1/56164717/ccs,180,1,True,1,HIGH
H3,1,m84137_260214_004236_s1/56033736/ccs,180,1,True,1,HIGH
H3,1,m84137_260214_004236_s1/77465094/ccs,180,1,True,1,HIGH
H3,1,m84137_260214_004236_s1/168363375/ccs,180,1,True,1,HIGH
H3,1,m84137_260214_004236_s1/216533655/ccs,180,1,True,1,HIGH
H3,1,m84137_260214_004236_s1/246416036/ccs,180,1,True,1,HIGH
H3,1,m84137_260214_004236_s1/4067169/ccs,180,1,True,1,HIGH
H3,1,m84137_260214_004236_s1/4853442/ccs,180,1,True,1,HIGH
H3,1,m84137_260214_004236_s1/35655286/ccs,180,1,True,1,HIGH
H3,1,m84137_260214_004236_s1/56234377/ccs,180,1,True,1,HIGH
H3,1,m84137_260214_004236_s1/198251173/ccs,180,1,True,1,HIGH
H3,1,m84137_260214_004236_s1/243340342/ccs,180,1,True,1,HIGH
H3,1,m84137_260214_004236_s1/231342264/ccs,180,1,True,1,HIGH
H3,1,m84137_260214_004236_s1/17371646/ccs,180,1,True,1,HIGH
H3,1,m84137_260214_004236_s1/40637391/ccs,180,1,True,1,HIGH
H3,1,m84137_260214_004236_s1/139464282/ccs,180,1,True,1,HIGH
H3,1,m84137_260214_004236_s1/149164497/ccs,180,1,True,1,HIGH
H3,1,m84137_260214_004236_s1/178458052/ccs,180,1,True,1,HIGH
H3,1,m84137_260214_004236_s1/208344686/ccs,180,1,True,1,HIGH
H3,1,m84137_260214_004236_s1/260445404/ccs,180,1,True,1,HIGH
H3,1,m84137_260214_004236_s1/249041579/ccs,180,1,True,1,HIGH
H3,1,m84137_260214_004236_s1/215942388/ccs,180,1,True,1,HIGH
H3,1,m84137_260214_004236_s1/7410649/ccs,180,1,True,1,HIGH
H3,1,m84137_260214_004236_s1/24446870/ccs,180,1,True,1,HIGH
H3,1,m84137_260214_004236_s1/205390081/ccs,180,1,True,1,HIGH
H3,1,m84137_260214_004236_s1/29166205/ccs,180,1,True,1,HIGH
H3,1,m84137_260214_004236_s1/25692468/ccs,180,1,True,1,HIGH
H3,1,m84137_260214_004236_s1/56033958/ccs,180,1,True,1,HIGH
H3,1,m84137_260214_004236_s1/151127178/ccs,180,1,True,1,HIGH
H3,1,m84137_260214_004236_s1/138216948/ccs,180,1,True,1,HIGH
H3,1,m84137_260214_004236_s1/219415971/ccs,180,1,True,1,HIGH
H3,1,m84137_260214_004236_s1/198968169/ccs,180,1,True,1,HIGH
H3,1,m84137_260214_004236_s1/78252938/ccs,181,2,True,2,HIGH
H3,1,m84137_260214_004236_s1/231016930/ccs,181,2,True,2,HIGH
H3,1,m84137_260214_004236_s1/57215776/ccs,182,0,False,0,HIGH
H3,1,m84137_260214_004236_s1/243532547/ccs,182,0,False,0,HIGH
H3,1,m84137_260214_004236_s1/102957688/ccs,183,1,True,1,HIGH
H3,1,m84137_260214_004236_s1/95491734/ccs,183,1,True,1,HIGH
H3,1,m84137_260214_004236_s1/27265232/ccs,183,1,True,1,HIGH
H3,1,m84137_260214_004236_s1/85789388/ccs,183,1,True,1,HIGH
H3,1,m84137_260214_004236_s1/116458633/ccs,183,1,True,1,HIGH
H3,1,m84137_260214_004236_s1/255396252/ccs,183,1,True,1,HIGH
H3,1,m84137_260214_004236_s1/4591426/ccs,183,1,True,1,HIGH
H3,1,m84137_260214_004236_s1/87626359/ccs,183,1,True,1,HIGH
H3,1,m84137_260214_004236_s1/7343619/ccs,183,1,True,1,HIGH
H3,1,m84137_260214_004236_s1/259329274/ccs,183,1,True,1,HIGH
H3,1,m84137_260214_004236_s1/121049240/ccs,183,1,True,1,HIGH
H3,1,m84137_260214_004236_s1/19204086/ccs,183,1,True,1,HIGH
H3,1,m84137_260214_004236_s1/15925676/ccs,183,1,True,1,HIGH
H3,1,m84137_260214_004236_s1/64226028/ccs,183,1,True,1,HIGH
H3,1,m84137_260214_004236_s1/75040885/ccs,183,1,True,1,HIGH
H3,1,m84137_260214_004236_s1/77267283/ccs,183,1,True,1,HIGH
H3,1,m84137_260214_004236_s1/140378669/ccs,183,1,True,1,HIGH
H3,1,m84137_260214_004236_s1/137691290/ccs,183,1,True,1,HIGH
H3,1,m84137_260214_004236_s1/26744344/ccs,183,1,True,1,HIGH
H3,1,m84137_260214_004236_s1/130814429/ccs,183,1,True,1,HIGH
H3,1,m84137_260214_004236_s1/220141349/ccs,183,1,True,1,HIGH
H3,1,m84137_260214_004236_s1/248711085/ccs,183,1,True,1,HIGH
H3,1,m84137_260214_004236_s1/231216011/ccs,183,1,True,1,HIGH
H3,1,m84137_260214_004236_s1/104858596/ccs,183,1,True,1,HIGH
H3,1,m84137_260214_004236_s1/241830857/ccs,183,1,True,1,HIGH
H3,1,m84137_260214_004236_s1/245238028/ccs,183,1,True,1,HIGH
H3,1,m84137_260214_004236_s1/31920446/ccs,186,1,True,1,HIGH
H3,1,m84137_260214_004236_s1/100734285/ccs,186,1,True,1,HIGH
H3,1,m84137_260214_004236_s1/74976021/ccs,186,1,True,1,HIGH
H3,1,m84137_260214_004236_s1/176357418/ccs,186,1,True,1,HIGH
H3,1,m84137_260214_004236_s1/19270902/ccs,186,1,True,1,HIGH
H3,1,m84137_260214_004236_s1/49549153/ccs,186,1,True,1,HIGH
H3,1,m84137_260214_004236_s1/184357911/ccs,186,1,True,1,HIGH
H3,1,m84137_260214_004236_s1/159320747/ccs,186,1,True,1,HIGH
H3,1,m84137_260214_004236_s1/196347666/ccs,186,1,True,1,HIGH
H3,1,m84137_260214_004236_s1/205261181/ccs,183,1,True,1,HIGH
H3,1,m84137_260214_004236_s1/162862705/ccs,186,1,True,1,HIGH
H3,1,m84137_260214_004236_s1/109052071/ccs,186,1,True,1,HIGH
H3,1,m84137_260214_004236_s1/254804342/ccs,188,0,False,0,HIGH
H3,1,m84137_260214_004236_s1/39327259/ccs,189,1,True,1,HIGH
H3,1,m84137_260214_004236_s1/50664076/ccs,189,1,True,1,HIGH
H3,1,m84137_260214_004236_s1/113444613/ccs,189,1,True,1,HIGH
H3,1,m84137_260214_004236_s1/163842574/ccs,189,1,True,1,HIGH
H3,1,m84137_260214_004236_s1/194055625/ccs,189,1,True,1,HIGH
H3,1,m84137_260214_004236_s1/182255827/ccs,189,1,True,1,HIGH
H3,1,m84137_260214_004236_s1/17895588/ccs,189,1,True,1,HIGH
H3,1,m84137_260214_004236_s1/244978811/ccs,189,1,True,1,HIGH
H3,1,m84137_260214_004236_s1/133894264/ccs,192,1,True,1,HIGH
H3,1,m84137_260214_004236_s1/187764094/ccs,192,1,True,1,HIGH
H3,1,m84137_260214_004236_s1/211157874/ccs,192,1,True,1,HIGH
H3,1,m84137_260214_004236_s1/17499563/ccs,192,1,True,1,HIGH
H3,1,m84137_260214_004236_s1/227935609/ccs,192,1,True,1,HIGH
H3,1,m84137_260214_004236_s1/206113943/ccs,192,1,True,1,HIGH
H3,1,m84137_260214_004236_s1/40307265/ccs,192,1,True,1,HIGH
H3,1,m84137_260214_004236_s1/62068222/ccs,192,1,True,1,HIGH
H3,1,m84137_260214_004236_s1/138283156/ccs,193,2,True,2,HIGH
H3,1,m84137_260214_004236_s1/208864850/ccs,195,1,True,1,HIGH
H3,1,m84137_260214_004236_s1/138875953/ccs,195,1,True,1,HIGH
H3,1,m84137_260214_004236_s1/247401642/ccs,195,1,True,1,HIGH
H3,1,m84137_260214_004236_s1/200867925/ccs,195,1,True,1,HIGH
H3,1,m84137_260214_004236_s1/192417475/ccs,195,1,True,1,HIGH
H3,1,m84137_260214_004236_s1/221055859/ccs,196,2,True,2,HIGH
H3,1,m84137_260214_004236_s1/140247326/ccs,198,1,True,1,HIGH
H3,1,m84137_260214_004236_s1/154796731/ccs,198,1,True,1,HIGH
H3,1,m84137_260214_004236_s1/139532194/ccs,199,2,True,2,HIGH
H3,1,m84137_260214_004236_s1/265947573/ccs,210,0,False,0,HIGH
H3,1,m84137_260214_004236_s1/188154622/ccs,201,1,True,1,HIGH
H3,1,m84137_260214_004236_s1/49615639/ccs,201,1,True,1,HIGH
H3,1,m84137_260214_004236_s1/162598205/ccs,201,1,True,1,HIGH
H3,1,m84137_260214_004236_s1/249631417/ccs,200,1,True,1,HIGH
H3,1,m84137_260214_004236_s1/85328247/ccs,202,2,True,2,HIGH
H3,1,m84137_260214_004236_s1/93717506/ccs,204,1,True,1,HIGH
H3,1,m84137_260214_004236_s1/181669799/ccs,204,1,True,1,HIGH
H3,1,m84137_260214_004236_s1/125176432/ccs,204,1,True,1,HIGH
H3,1,m84137_260214_004236_s1/239010234/ccs,204,1,True,1,HIGH
H3,1,m84137_260214_004236_s1/145690109/ccs,205,0,False,0,HIGH
H3,1,m84137_260214_004236_s1/241635108/ccs,207,1,True,1,HIGH
H3,1,m84137_260214_004236_s1/223872103/ccs,210,1,True,1,HIGH
H3,1,m84137_260214_004236_s1/172758307/ccs,213,1,True,1,HIGH
H3,1,m84137_260214_004236_s1/56493843/ccs,213,1,True,1,HIGH
H3,1,m84137_260214_004236_s1/237897542/ccs,213,1,True,1,HIGH
H3,1,m84137_260214_004236_s1/230427364/ccs,213,1,True,1,HIGH
H3,1,m84137_260214_004236_s1/72617644/ccs,214,2,True,2,HIGH
H3,1,m84137_260214_004236_s1/137299290/ccs,216,1,True,1,HIGH
H3,1,m84137_260214_004236_s1/183568928/ccs,218,0,False,0,HIGH
H3,1,m84137_260214_004236_s1/121507921/ccs,219,1,True,1,HIGH
H3,1,m84137_260214_004236_s1/79758998/ccs,228,1,True,1,HIGH
H3,1,m84137_260214_004236_s1/144246212/ccs,222,1,True,1,HIGH
H3,1,m84137_260214_004236_s1/2167627/ccs,222,1,True,1,HIGH
H3,1,m84137_260214_004236_s1/244844443/ccs,228,1,True,1,HIGH
H3,1,m84137_260214_004236_s1/21956594/ccs,231,1,True,1,HIGH
H3,1,m84137_260214_004236_s1/266143159/ccs,231,1,True,1,HIGH
H3,1,m84137_260214_004236_s1/93257919/ccs,234,1,True,1,HIGH
H3,1,m84137_260214_004236_s1/255263426/ccs,234,1,True,1,HIGH
H3,1,m84137_260214_004236_s1/78840334/ccs,237,1,True,1,HIGH
H3,1,m84137_260214_004236_s1/171381322/ccs,243,1,True,1,HIGH
H3,1,m84137_260214_004236_s1/42667354/ccs,248,0,False,0,HIGH
H3,1,m84137_260214_004236_s1/206048291/ccs,249,1,True,1,HIGH
H3,1,m84137_260214_004236_s1/166003128/ccs,255,1,True,1,HIGH
H3,1,m84137_260214_004236_s1/122423258/ccs,252,1,True,1,HIGH
H3,1,m84137_260214_004236_s1/125372765/ccs,255,1,True,1,HIGH
H3,1,m84137_260214_004236_s1/161153616/ccs,255,1,True,1,HIGH
H3,1,m84137_260214_004236_s1/171508622/ccs,262,2,True,2,HIGH
H3,1,m84137_260214_004236_s1/83891473/ccs,269,0,False,0,HIGH
H3,1,m84137_260214_004236_s1/235340827/ccs,277,2,True,2,HIGH
H3,1,m84137_260214_004236_s1/219351965/ccs,282,1,True,1,HIGH
H3,1,m84137_260214_004236_s1/38536812/ccs,327,1,True,1,HIGH
H3,1,m84137_260214_004236_s1/183178679/ccs,333,1,True,1,HIGH
H3,1,m84137_260214_004236_s1/81199936/ccs,339,1,True,1,HIGH
H3,1,m84137_260214_004236_s1/9962720/ccs,399,1,True,1,HIGH
H3,1,m84137_260214_004236_s1/17828471/ccs,682,2,True,2,HIGH
H3,1,m84137_260214_004236_s1/247596557/ccs,166,0,False,0,HIGH
H3,1,m84137_260214_004236_s1/221054463/ccs,174,1,True,1,HIGH
H3,1,m84137_260214_004236_s1/227150282/ccs,189,2,True,2,HIGH
H3,1,m84137_260214_004236_s1/248254640/ccs,170,1,True,1,HIGH
H3,1,m84137_260214_004236_s1/133171230/ccs,157,2,True,2,HIGH
H3,1,m84137_260214_004236_s1/240718566/ccs,171,1,True,1,HIGH
H3,1,m84137_260214_004236_s1/239142069/ccs,171,1,True,1,HIGH
H3,1,m84137_260214_004236_s1/126161763/ccs,178,2,True,2,HIGH
H3,1,m84137_260214_004236_s1/108793603/ccs,237,1,True,1,HIGH
H3,1,m84137_260214_004236_s1/237900931/ccs,195,2,True,2,HIGH
H3,1,m84137_260214_004236_s1/83366220/ccs,156,1,True,1,HIGH
H3,1,m84137_260214_004236_s1/175377855/ccs,162,1,True,1,HIGH
H3,1,m84137_260214_004236_s1/179308480/ccs,165,1,True,1,HIGH
H3,1,m84137_260214_004236_s1/106236253/ccs,171,1,True,1,HIGH
H3,1,m84137_260214_004236_s1/131007270/ccs,177,1,True,1,HIGH
H3,1,m84137_260214_004236_s1/229511567/ccs,179,0,False,0,HIGH
H3,1,m84137_260214_004236_s1/37164372/ccs,200,1,True,1,HIGH
H3,1,m84137_260214_004236_s1/39063316/ccs,165,0,False,0,HIGH
H3,1,m84137_260214_004236_s1/197526954/ccs,177,1,True,1,HIGH
H3,1,m84137_260214_004236_s1/236191908/ccs,164,1,True,1,HIGH
H3,1,m84137_260214_004236_s1/256775240/ccs,185,0,False,0,HIGH
H3,1,m84137_260214_004236_s1/94897451/ccs,162,2,True,2,HIGH
H3,1,m84137_260214_004236_s1/185272993/ccs,175,2,True,2,HIGH
H3,1,m84137_260214_004236_s1/198509662/ccs,198,2,True,2,HIGH
H3,1,m84137_260214_004236_s1/61871305/ccs,182,0,False,0,HIGH
H3,1,m84137_260214_004236_s1/202310876/ccs,153,2,True,2,HIGH
H3,1,m84137_260214_004236_s1/59966251/ccs,168,1,True,1,HIGH
H3,1,m84137_260214_004236_s1/81137636/ccs,170,1,True,1,HIGH
H3,1,m84137_260214_004236_s1/156833228/ccs,249,0,False,0,HIGH
