sample,read_id,allele,CAG_count,CAA_interruptions,Num_cigar_ops,Matches_bp,Insertions_bp,Deletions_bp,Skips_bp,Complexity_score,Complexity_class,Read_length,Mapping_quality,Is_reverse
H1,m84137_260214_004236_s1/162267981/ccs,1,15,3,30,0,89,6,0,1.0,Complex,285,60,True
H1,m84137_260214_004236_s1/136841514/ccs,0,8,2,21,0,1,8,0,1.0,Complex,192,60,False
H1,m84137_260214_004236_s1/95225004/ccs,1,13,4,25,0,79,6,0,1.0,Complex,271,60,False
H1,m84137_260214_004236_s1/102106442/ccs,0,7,3,18,0,4,7,0,1.0,Complex,193,60,False
H1,m84137_260214_004236_s1/199362014/ccs,0,7,2,27,0,6,7,0,1.0,Complex,197,60,False
H1,m84137_260214_004236_s1/174391453/ccs,0,7,6,31,0,15,6,0,1.0,Complex,202,60,False
H1,m84137_260214_004236_s1/64096710/ccs,0,8,2,23,0,3,7,0,1.0,Complex,192,60,False
H1,m84137_260214_004236_s1/97257404/ccs,0,7,3,23,0,3,6,0,1.0,Complex,195,60,False
H1,m84137_260214_004236_s1/56890984/ccs,0,7,2,21,0,3,3,0,1.0,Complex,195,60,False
H1,m84137_260214_004236_s1/69670462/ccs,1,15,2,28,0,87,3,0,1.0,Complex,272,60,False
H1,m84137_260214_004236_s1/216926021/ccs,0,7,3,27,0,3,8,0,1.0,Complex,190,60,True
H1,m84137_260214_004236_s1/93131077/ccs,1,46,9,31,0,459,9,0,1.0,Complex,644,60,True
H1,m84137_260214_004236_s1/83038465/ccs,1,15,3,22,0,84,8,0,1.0,Complex,277,60,True
H1,m84137_260214_004236_s1/78121582/ccs,0,8,2,19,0,4,6,0,1.0,Complex,193,60,True
H1,m84137_260214_004236_s1/38208760/ccs,1,14,2,25,0,71,3,0,1.0,Complex,263,60,True
H1,m84137_260214_004236_s1/86840975/ccs,1,14,4,23,0,81,6,0,1.0,Complex,272,60,True
H1,m84137_260214_004236_s1/5509772/ccs,0,8,2,15,0,3,4,0,1.0,Complex,196,60,True
H1,m84137_260214_004236_s1/18155229/ccs,1,14,3,15,0,84,2,0,1.0,Complex,277,60,False
H1,m84137_260214_004236_s1/103746222/ccs,1,14,3,26,0,82,3,0,1.0,Complex,272,60,False
H1,m84137_260214_004236_s1/234357145/ccs,1,13,3,24,0,70,4,0,1.0,Complex,261,60,False
H1,m84137_260214_004236_s1/96736268/ccs,0,8,2,15,0,5,2,0,1.0,Complex,198,60,False
H1,m84137_260214_004236_s1/88211602/ccs,0,7,3,33,0,9,9,0,1.0,Complex,196,60,True
H1,m84137_260214_004236_s1/125699964/ccs,0,8,2,25,0,5,5,0,1.0,Complex,196,60,True
H1,m84137_260214_004236_s1/29166930/ccs,0,8,3,15,0,7,3,0,1.0,Complex,198,60,True
H1,m84137_260214_004236_s1/247600646/ccs,1,14,2,25,0,78,5,0,1.0,Complex,269,60,True
H1,m84137_260214_004236_s1/82643903/ccs,0,8,2,6,0,4,1,0,1.0,Complex,198,60,True
H1,m84137_260214_004236_s1/198447940/ccs,1,16,2,7,0,74,2,0,1.0,Complex,267,60,True
H1,m84137_260214_004236_s1/28576275/ccs,1,18,2,9,0,92,1,0,1.0,Complex,286,60,True
H1,m84137_260214_004236_s1/239730876/ccs,0,7,2,18,0,7,3,0,1.0,Complex,199,60,False
H1,m84137_260214_004236_s1/55837768/ccs,0,8,2,19,0,10,2,0,1.0,Complex,203,60,False
H1,m84137_260214_004236_s1/99222547/ccs,0,8,1,18,0,8,2,0,1.0,Complex,198,60,False
H1,m84137_260214_004236_s1/256117830/ccs,1,15,5,23,0,88,5,0,1.0,Complex,278,60,False
H1,m84137_260214_004236_s1/109905298/ccs,1,15,3,20,0,86,4,0,1.0,Complex,278,60,False
H1,m84137_260214_004236_s1/85529778/ccs,0,7,2,18,0,4,4,0,1.0,Complex,195,60,False
H1,m84137_260214_004236_s1/229574403/ccs,0,8,2,17,0,5,4,0,1.0,Complex,196,60,False
H1,m84137_260214_004236_s1/227807918/ccs,1,14,3,23,0,79,3,0,1.0,Complex,270,60,False
H1,m84137_260214_004236_s1/105582282/ccs,1,17,5,23,0,116,2,0,1.0,Complex,302,60,False
H1,m84137_260214_004236_s1/259458396/ccs,1,16,4,22,0,96,3,0,1.0,Complex,286,60,False
H1,m84137_260214_004236_s1/107286205/ccs,1,17,3,19,0,98,1,0,1.0,Complex,289,60,False
H1,m84137_260214_004236_s1/111348476/ccs,1,15,4,18,0,80,2,0,1.0,Complex,271,60,False
H1,m84137_260214_004236_s1/46334743/ccs,0,8,4,15,0,8,1,0,1.0,Complex,198,60,False
H1,m84137_260214_004236_s1/4984945/ccs,0,8,2,13,0,8,1,0,1.0,Complex,198,60,False
H1,m84137_260214_004236_s1/80544472/ccs,0,8,2,7,0,2,2,0,1.0,Complex,194,60,False
H1,m84137_260214_004236_s1/170525871/ccs,0,8,2,7,0,3,2,0,1.0,Complex,196,60,False
H1,m84137_260214_004236_s1/235078634/ccs,0,8,2,7,0,4,1,0,1.0,Complex,197,60,False
H1,m84137_260214_004236_s1/124257026/ccs,1,17,0,29,0,41,1,0,1.0,Complex,235,60,False
H1,m84137_260214_004236_s1/182256607/ccs,1,15,2,9,0,64,3,0,1.0,Complex,256,60,False
H1,m84137_260214_004236_s1/191627508/ccs,1,15,1,11,0,66,1,0,1.0,Complex,259,60,False
H1,m84137_260214_004236_s1/96207896/ccs,1,16,1,5,0,69,1,0,1.0,Complex,262,60,False
H1,m84137_260214_004236_s1/31655549/ccs,1,17,2,5,0,78,1,0,1.0,Complex,271,60,False
H1,m84137_260214_004236_s1/166921949/ccs,1,17,2,5,0,78,1,0,1.0,Complex,271,60,False
H1,m84137_260214_004236_s1/123537945/ccs,1,17,1,5,0,80,1,0,1.0,Complex,273,60,False
H1,m84137_260214_004236_s1/64624544/ccs,1,20,1,5,0,108,1,0,1.0,Complex,301,60,False
H1,m84137_260214_004236_s1/236978756/ccs,1,15,4,22,0,93,4,0,1.0,Complex,285,60,True
H1,m84137_260214_004236_s1/133891398/ccs,0,7,3,23,0,8,2,0,1.0,Complex,198,60,True
H1,m84137_260214_004236_s1/85071146/ccs,1,14,6,20,0,85,3,0,1.0,Complex,271,60,True
H1,m84137_260214_004236_s1/103748745/ccs,0,8,2,33,0,8,8,0,1.0,Complex,196,60,True
H1,m84137_260214_004236_s1/166596147/ccs,1,15,2,23,0,82,6,0,1.0,Complex,270,60,True
H1,m84137_260214_004236_s1/118293766/ccs,1,14,3,26,0,73,8,0,1.0,Complex,263,60,True
H1,m84137_260214_004236_s1/176883994/ccs,0,8,2,19,0,4,4,0,1.0,Complex,195,60,True
H1,m84137_260214_004236_s1/40567950/ccs,1,23,5,19,0,165,5,0,1.0,Complex,356,60,True
H1,m84137_260214_004236_s1/6949673/ccs,0,8,2,5,0,3,1,0,1.0,Complex,196,60,True
H1,m84137_260214_004236_s1/28250082/ccs,1,16,2,5,0,72,1,0,1.0,Complex,265,60,True
H1,m84137_260214_004236_s1/177476285/ccs,1,16,2,5,0,72,1,0,1.0,Complex,265,60,True
H1,m84137_260214_004236_s1/59183988/ccs,1,17,2,5,0,78,1,0,1.0,Complex,271,60,True
H1,m84137_260214_004236_s1/263591227/ccs,1,16,4,5,0,81,1,0,1.0,Complex,274,60,True
H1,m84137_260214_004236_s1/165613471/ccs,1,17,3,5,0,88,1,0,1.0,Complex,281,60,True
H1,m84137_260214_004236_s1/18547753/ccs,1,13,5,26,0,90,4,0,1.0,Complex,278,60,False
H1,m84137_260214_004236_s1/121899753/ccs,0,6,4,25,0,10,5,0,1.0,Complex,199,60,False
H1,m84137_260214_004236_s1/128320429/ccs,1,14,4,22,0,84,2,0,1.0,Complex,274,60,False
H1,m84137_260214_004236_s1/195695427/ccs,0,7,4,13,0,11,0,0,1.0,Complex,200,60,False
H1,m84137_260214_004236_s1/66585042/ccs,1,15,2,13,0,85,2,0,1.0,Complex,275,60,False
H1,m84137_260214_004236_s1/51119989/ccs,1,15,5,17,0,87,2,0,1.0,Complex,278,60,False
H1,m84137_260214_004236_s1/130942037/ccs,0,8,1,21,0,4,6,0,1.0,Complex,193,60,False
H1,m84137_260214_004236_s1/45875392/ccs,1,15,3,17,0,87,1,0,1.0,Complex,279,60,False
H1,m84137_260214_004236_s1/228988176/ccs,1,13,6,25,0,77,3,0,1.0,Complex,269,60,False
H1,m84137_260214_004236_s1/235540159/ccs,0,7,2,17,0,4,3,0,1.0,Complex,195,60,False
H1,m84137_260214_004236_s1/26940418/ccs,1,14,4,24,0,79,1,0,1.0,Complex,266,60,False
H1,m84137_260214_004236_s1/163188232/ccs,1,17,2,33,0,92,3,0,1.0,Complex,284,60,False
H1,m84137_260214_004236_s1/126553081/ccs,0,8,2,16,0,5,3,0,1.0,Complex,195,60,False
H1,m84137_260214_004236_s1/89656532/ccs,0,8,1,10,0,4,1,0,1.0,Complex,197,60,False
H1,m84137_260214_004236_s1/174266215/ccs,1,15,4,21,0,86,2,0,1.0,Complex,278,60,False
H1,m84137_260214_004236_s1/10358159/ccs,1,14,2,9,0,72,1,0,1.0,Complex,265,60,False
H1,m84137_260214_004236_s1/30543021/ccs,1,15,2,17,0,84,1,0,1.0,Complex,275,60,False
H1,m84137_260214_004236_s1/177996547/ccs,0,7,0,18,0,5,3,0,1.0,Complex,194,60,False
H1,m84137_260214_004236_s1/154797405/ccs,0,8,3,15,0,4,1,0,1.0,Complex,195,60,False
H1,m84137_260214_004236_s1/201328142/ccs,0,8,2,21,0,9,2,0,1.0,Complex,196,60,False
H1,m84137_260214_004236_s1/220793943/ccs,1,14,4,19,0,89,1,0,1.0,Complex,273,60,False
H1,m84137_260214_004236_s1/209785784/ccs,1,16,2,21,0,83,3,0,1.0,Complex,273,60,False
H1,m84137_260214_004236_s1/47912489/ccs,1,18,4,19,0,103,4,0,1.0,Complex,292,60,False
H1,m84137_260214_004236_s1/62850644/ccs,1,14,3,10,0,70,0,0,1.0,Complex,261,60,False
H1,m84137_260214_004236_s1/223874342/ccs,0,7,2,3,0,0,6,0,1.0,Complex,187,60,False
H1,m84137_260214_004236_s1/126422667/ccs,0,7,2,9,0,2,5,0,1.0,Complex,190,60,False
H1,m84137_260214_004236_s1/11670117/ccs,0,8,2,3,0,0,3,0,1.0,Complex,190,60,False
H1,m84137_260214_004236_s1/69275628/ccs,0,8,2,3,0,0,1,0,1.0,Complex,192,60,False
H1,m84137_260214_004236_s1/100340817/ccs,0,8,2,11,0,4,2,0,1.0,Complex,193,60,False
H1,m84137_260214_004236_s1/94438014/ccs,0,8,2,3,0,0,0,0,0.0,Simple,193,60,False
H1,m84137_260214_004236_s1/25035314/ccs,0,8,2,1,0,0,0,0,0.0,Simple,193,60,False
H1,m84137_260214_004236_s1/37554435/ccs,0,8,2,1,0,0,0,0,0.0,Simple,193,60,False
H1,m84137_260214_004236_s1/216534532/ccs,0,8,2,1,0,0,0,0,0.0,Simple,193,60,False
H1,m84137_260214_004236_s1/236585865/ccs,0,8,2,11,0,0,0,0,0.0,Simple,193,60,False
H1,m84137_260214_004236_s1/226690627/ccs,0,8,2,1,0,0,0,0,0.0,Simple,193,60,False
H1,m84137_260214_004236_s1/254937933/ccs,0,8,2,1,0,0,0,0,0.0,Simple,193,60,False
H1,m84137_260214_004236_s1/40110022/ccs,0,8,2,1,0,0,0,0,0.0,Simple,193,60,False
H1,m84137_260214_004236_s1/38404354/ccs,0,8,2,1,0,0,0,0,0.0,Simple,193,60,False
H1,m84137_260214_004236_s1/60950133/ccs,0,8,2,1,0,0,0,0,0.0,Simple,193,60,False
H1,m84137_260214_004236_s1/89396223/ccs,0,8,2,1,0,0,0,0,0.0,Simple,193,60,False
H1,m84137_260214_004236_s1/125572668/ccs,0,8,2,1,0,0,0,0,0.0,Simple,193,60,False
H1,m84137_260214_004236_s1/210766636/ccs,0,8,2,1,0,0,0,0,0.0,Simple,193,60,False
H1,m84137_260214_004236_s1/227869050/ccs,0,8,2,11,0,0,0,0,0.0,Simple,193,60,False
H1,m84137_260214_004236_s1/259457728/ccs,0,8,2,1,0,0,0,0,0.0,Simple,193,60,False
H1,m84137_260214_004236_s1/193269645/ccs,0,8,2,1,0,0,0,0,0.0,Simple,193,60,False
H1,m84137_260214_004236_s1/94570016/ccs,0,8,2,1,0,0,0,0,0.0,Simple,193,60,False
H1,m84137_260214_004236_s1/118164028/ccs,0,8,2,1,0,0,0,0,0.0,Simple,193,60,False
H1,m84137_260214_004236_s1/254022228/ccs,0,8,2,1,0,0,0,0,0.0,Simple,193,60,False
H1,m84137_260214_004236_s1/245698453/ccs,0,8,2,11,0,0,0,0,0.0,Simple,193,60,False
H1,m84137_260214_004236_s1/226296224/ccs,0,8,2,1,0,0,0,0,0.0,Simple,193,60,False
H1,m84137_260214_004236_s1/251921486/ccs,0,8,2,1,0,0,0,0,0.0,Simple,193,60,False
H1,m84137_260214_004236_s1/24056103/ccs,0,8,2,1,0,0,0,0,0.0,Simple,193,60,False
H1,m84137_260214_004236_s1/145033936/ccs,0,8,2,1,0,0,0,0,0.0,Simple,193,60,False
H1,m84137_260214_004236_s1/254280318/ccs,0,8,2,1,0,0,0,0,0.0,Simple,193,60,False
H1,m84137_260214_004236_s1/265093786/ccs,0,8,2,1,0,0,0,0,0.0,Simple,193,60,False
H1,m84137_260214_004236_s1/167642912/ccs,0,8,2,1,0,0,0,0,0.0,Simple,193,60,False
H1,m84137_260214_004236_s1/189269035/ccs,0,8,2,1,0,0,0,0,0.0,Simple,193,60,False
H1,m84137_260214_004236_s1/94438361/ccs,0,8,2,1,0,0,0,0,0.0,Simple,193,60,False
H1,m84137_260214_004236_s1/260376557/ccs,0,8,2,1,0,0,0,0,0.0,Simple,193,60,False
H1,m84137_260214_004236_s1/22025252/ccs,0,8,2,1,0,0,0,0,0.0,Simple,193,60,False
H1,m84137_260214_004236_s1/57414433/ccs,0,8,2,1,0,0,0,0,0.0,Simple,193,60,False
H1,m84137_260214_004236_s1/58986042/ccs,0,8,2,1,0,0,0,0,0.0,Simple,193,60,False
H1,m84137_260214_004236_s1/249171420/ccs,0,8,3,3,0,1,0,0,1.0,Complex,194,60,False
H1,m84137_260214_004236_s1/85530081/ccs,0,8,2,3,0,1,0,0,1.0,Complex,194,60,False
H1,m84137_260214_004236_s1/113118904/ccs,0,8,3,3,0,1,0,0,1.0,Complex,194,60,False
H1,m84137_260214_004236_s1/8716759/ccs,0,8,2,3,0,1,0,0,1.0,Complex,194,60,False
H1,m84137_260214_004236_s1/124784221/ccs,0,8,2,7,0,1,5,0,1.0,Complex,194,60,False
H1,m84137_260214_004236_s1/28251359/ccs,0,8,2,9,0,2,0,0,1.0,Complex,195,60,False
H1,m84137_260214_004236_s1/44368154/ccs,0,8,2,7,0,3,1,0,1.0,Complex,195,60,False
H1,m84137_260214_004236_s1/43519215/ccs,0,8,2,5,0,2,0,0,1.0,Complex,195,60,False
H1,m84137_260214_004236_s1/16914109/ccs,0,8,2,3,0,2,0,0,1.0,Complex,195,60,False
H1,m84137_260214_004236_s1/102039728/ccs,0,8,2,3,0,2,0,0,1.0,Complex,195,60,False
H1,m84137_260214_004236_s1/5638267/ccs,0,8,2,7,0,2,0,0,1.0,Complex,195,60,False
H1,m84137_260214_004236_s1/39847910/ccs,0,8,2,3,0,3,0,0,1.0,Complex,196,60,False
H1,m84137_260214_004236_s1/231213681/ccs,0,8,2,3,0,3,0,0,1.0,Complex,196,60,False
H1,m84137_260214_004236_s1/7670614/ccs,0,8,2,3,0,3,0,0,1.0,Complex,196,60,False
H1,m84137_260214_004236_s1/135400275/ccs,0,8,2,5,0,4,0,0,1.0,Complex,196,60,False
H1,m84137_260214_004236_s1/6160976/ccs,0,8,2,3,0,3,0,0,1.0,Complex,196,60,False
H1,m84137_260214_004236_s1/23069570/ccs,0,8,2,3,0,3,0,0,1.0,Complex,196,60,False
H1,m84137_260214_004236_s1/18090811/ccs,0,8,2,3,0,3,0,0,1.0,Complex,196,60,False
H1,m84137_260214_004236_s1/3212872/ccs,0,8,2,3,0,3,0,0,1.0,Complex,196,60,False
H1,m84137_260214_004236_s1/12716705/ccs,0,8,2,3,0,3,0,0,1.0,Complex,196,60,False
H1,m84137_260214_004236_s1/13697959/ccs,0,8,2,3,0,3,0,0,1.0,Complex,196,60,False
H1,m84137_260214_004236_s1/30867652/ccs,0,8,2,3,0,3,0,0,1.0,Complex,196,60,False
H1,m84137_260214_004236_s1/30607620/ccs,0,8,2,3,0,3,0,0,1.0,Complex,196,60,False
H1,m84137_260214_004236_s1/21627104/ccs,0,8,2,3,0,3,0,0,1.0,Complex,196,60,False
H1,m84137_260214_004236_s1/34996793/ccs,0,8,2,3,0,3,0,0,1.0,Complex,196,60,False
H1,m84137_260214_004236_s1/256901735/ccs,0,8,2,3,0,3,0,0,1.0,Complex,196,60,False
H1,m84137_260214_004236_s1/238619241/ccs,0,8,2,3,0,3,0,0,1.0,Complex,196,60,False
H1,m84137_260214_004236_s1/260049621/ccs,0,8,2,3,0,3,0,0,1.0,Complex,196,60,False
H1,m84137_260214_004236_s1/217843997/ccs,0,8,2,3,0,3,0,0,1.0,Complex,196,60,False
H1,m84137_260214_004236_s1/246154016/ccs,0,8,2,3,0,3,0,0,1.0,Complex,196,60,False
H1,m84137_260214_004236_s1/17176416/ccs,0,8,2,3,0,3,0,0,1.0,Complex,196,60,False
H1,m84137_260214_004236_s1/17831723/ccs,0,8,2,3,0,3,0,0,1.0,Complex,196,60,False
H1,m84137_260214_004236_s1/19927765/ccs,0,8,2,3,0,3,0,0,1.0,Complex,196,60,False
H1,m84137_260214_004236_s1/24776945/ccs,0,8,2,3,0,3,0,0,1.0,Complex,196,60,False
H1,m84137_260214_004236_s1/7869416/ccs,0,8,2,3,0,3,0,0,1.0,Complex,196,60,False
H1,m84137_260214_004236_s1/8458941/ccs,0,8,2,3,0,3,0,0,1.0,Complex,196,60,False
H1,m84137_260214_004236_s1/11474285/ccs,0,8,2,3,0,3,0,0,1.0,Complex,196,60,False
H1,m84137_260214_004236_s1/26941089/ccs,0,8,2,3,0,3,0,0,1.0,Complex,196,60,False
H1,m84137_260214_004236_s1/26875467/ccs,0,8,2,3,0,3,0,0,1.0,Complex,196,60,False
H1,m84137_260214_004236_s1/6882916/ccs,0,8,2,3,0,3,0,0,1.0,Complex,196,60,False
H1,m84137_260214_004236_s1/96010874/ccs,0,8,2,3,0,3,0,0,1.0,Complex,196,60,False
H1,m84137_260214_004236_s1/76349960/ccs,0,8,2,3,0,3,0,0,1.0,Complex,196,60,False
H1,m84137_260214_004236_s1/145033843/ccs,0,8,2,3,0,3,0,0,1.0,Complex,196,60,False
H1,m84137_260214_004236_s1/237045154/ccs,0,8,2,3,0,3,0,0,1.0,Complex,196,60,False
H1,m84137_260214_004236_s1/3937286/ccs,0,8,2,3,0,3,0,0,1.0,Complex,196,60,False
H1,m84137_260214_004236_s1/46862037/ccs,0,8,2,3,0,3,0,0,1.0,Complex,196,60,False
H1,m84137_260214_004236_s1/102239791/ccs,0,8,2,3,0,3,0,0,1.0,Complex,196,60,False
H1,m84137_260214_004236_s1/192352993/ccs,0,8,2,3,0,3,0,0,1.0,Complex,196,60,False
H1,m84137_260214_004236_s1/122557921/ccs,0,8,2,7,0,4,0,0,1.0,Complex,196,60,False
H1,m84137_260214_004236_s1/75041077/ccs,0,8,2,3,0,3,0,0,1.0,Complex,196,60,False
H1,m84137_260214_004236_s1/75563481/ccs,0,8,2,3,0,3,0,0,1.0,Complex,196,60,False
H1,m84137_260214_004236_s1/79561406/ccs,0,8,2,3,0,3,0,0,1.0,Complex,196,60,False
H1,m84137_260214_004236_s1/96273273/ccs,0,8,2,3,0,3,0,0,1.0,Complex,196,60,False
H1,m84137_260214_004236_s1/87689374/ccs,0,8,2,3,0,3,0,0,1.0,Complex,196,60,False
H1,m84137_260214_004236_s1/76678353/ccs,0,8,2,3,0,3,0,0,1.0,Complex,196,60,False
H1,m84137_260214_004236_s1/100927070/ccs,0,8,2,3,0,3,0,0,1.0,Complex,196,60,False
H1,m84137_260214_004236_s1/94371956/ccs,0,8,2,3,0,3,0,0,1.0,Complex,196,60,False
H1,m84137_260214_004236_s1/88802443/ccs,0,8,2,3,0,3,0,0,1.0,Complex,196,60,False
H1,m84137_260214_004236_s1/99222009/ccs,0,8,2,3,0,3,0,0,1.0,Complex,196,60,False
H1,m84137_260214_004236_s1/123667664/ccs,0,8,2,3,0,3,0,0,1.0,Complex,196,60,False
H1,m84137_260214_004236_s1/107087906/ccs,0,8,2,3,0,3,0,0,1.0,Complex,196,60,False
H1,m84137_260214_004236_s1/119734849/ccs,0,8,2,3,0,3,0,0,1.0,Complex,196,60,False
H1,m84137_260214_004236_s1/112591084/ccs,0,8,2,3,0,3,0,0,1.0,Complex,196,60,False
H1,m84137_260214_004236_s1/52495023/ccs,0,8,2,3,0,3,0,0,1.0,Complex,196,60,False
H1,m84137_260214_004236_s1/36964638/ccs,0,8,2,3,0,3,0,0,1.0,Complex,196,60,False
H1,m84137_260214_004236_s1/53021292/ccs,0,8,2,3,0,3,0,0,1.0,Complex,196,60,False
H1,m84137_260214_004236_s1/52955938/ccs,0,8,2,3,0,3,0,0,1.0,Complex,196,60,False
H1,m84137_260214_004236_s1/41878802/ccs,0,8,2,3,0,3,0,0,1.0,Complex,196,60,False
H1,m84137_260214_004236_s1/42010849/ccs,0,8,2,3,0,3,0,0,1.0,Complex,196,60,False
H1,m84137_260214_004236_s1/60885649/ccs,0,8,2,3,0,3,0,0,1.0,Complex,196,60,False
H1,m84137_260214_004236_s1/43319424/ccs,0,8,2,3,0,3,0,0,1.0,Complex,196,60,False
H1,m84137_260214_004236_s1/47646128/ccs,0,8,2,3,0,3,0,0,1.0,Complex,196,60,False
H1,m84137_260214_004236_s1/64685336/ccs,0,8,2,3,0,3,0,0,1.0,Complex,196,60,False
H1,m84137_260214_004236_s1/69468930/ccs,0,8,2,3,0,3,0,0,1.0,Complex,196,60,False
H1,m84137_260214_004236_s1/84871708/ccs,0,8,2,3,0,3,0,0,1.0,Complex,196,60,False
H1,m84137_260214_004236_s1/91685192/ccs,0,8,2,3,0,3,0,0,1.0,Complex,196,60,False
H1,m84137_260214_004236_s1/143525189/ccs,0,8,2,3,0,3,0,0,1.0,Complex,196,60,False
H1,m84137_260214_004236_s1/164629189/ccs,0,8,2,3,0,3,0,0,1.0,Complex,196,60,False
H1,m84137_260214_004236_s1/168166690/ccs,0,8,2,3,0,3,0,0,1.0,Complex,196,60,False
H1,m84137_260214_004236_s1/184747901/ccs,0,8,2,3,0,3,0,0,1.0,Complex,196,60,False
H1,m84137_260214_004236_s1/144181430/ccs,0,8,2,3,0,3,0,0,1.0,Complex,196,60,False
H1,m84137_260214_004236_s1/173344095/ccs,0,8,2,3,0,3,0,0,1.0,Complex,196,60,False
H1,m84137_260214_004236_s1/185860236/ccs,0,8,2,3,0,3,0,0,1.0,Complex,196,60,False
H1,m84137_260214_004236_s1/149357778/ccs,0,8,2,3,0,3,0,0,1.0,Complex,196,60,False
H1,m84137_260214_004236_s1/149553266/ccs,0,8,2,3,0,3,0,0,1.0,Complex,196,60,False
H1,m84137_260214_004236_s1/188286084/ccs,0,8,2,3,0,3,0,0,1.0,Complex,196,60,False
H1,m84137_260214_004236_s1/179634318/ccs,0,8,2,3,0,3,0,0,1.0,Complex,196,60,False
H1,m84137_260214_004236_s1/104793826/ccs,0,8,2,3,0,3,0,0,1.0,Complex,196,60,False
H1,m84137_260214_004236_s1/105841197/ccs,0,8,2,3,0,3,0,0,1.0,Complex,196,60,False
H1,m84137_260214_004236_s1/134349844/ccs,0,8,2,3,0,3,0,0,1.0,Complex,196,60,False
H1,m84137_260214_004236_s1/128189159/ccs,0,8,2,3,0,3,0,0,1.0,Complex,196,60,False
H1,m84137_260214_004236_s1/132514487/ccs,0,8,2,3,0,3,0,0,1.0,Complex,196,60,False
H1,m84137_260214_004236_s1/136053608/ccs,0,8,2,3,0,3,0,0,1.0,Complex,196,60,False
H1,m84137_260214_004236_s1/136511660/ccs,0,8,2,3,0,3,0,0,1.0,Complex,196,60,False
H1,m84137_260214_004236_s1/158141315/ccs,0,8,2,3,0,3,0,0,1.0,Complex,196,60,False
H1,m84137_260214_004236_s1/117245420/ccs,0,8,2,3,0,3,0,0,1.0,Complex,196,60,False
H1,m84137_260214_004236_s1/117243967/ccs,0,8,2,3,0,3,0,0,1.0,Complex,196,60,False
H1,m84137_260214_004236_s1/145622600/ccs,0,8,2,3,0,3,0,0,1.0,Complex,196,60,False
H1,m84137_260214_004236_s1/154796656/ccs,0,8,2,3,0,3,0,0,1.0,Complex,196,60,False
H1,m84137_260214_004236_s1/154929693/ccs,0,8,2,3,0,3,0,0,1.0,Complex,196,60,False
H1,m84137_260214_004236_s1/27399552/ccs,0,8,2,3,0,3,0,0,1.0,Complex,196,60,False
H1,m84137_260214_004236_s1/11079365/ccs,0,8,2,3,0,3,0,0,1.0,Complex,196,60,False
H1,m84137_260214_004236_s1/52237678/ccs,0,8,2,3,0,3,0,0,1.0,Complex,196,60,False
H1,m84137_260214_004236_s1/52958294/ccs,0,8,2,3,0,3,0,0,1.0,Complex,196,60,False
H1,m84137_260214_004236_s1/32313446/ccs,0,8,2,3,0,3,0,0,1.0,Complex,196,60,False
H1,m84137_260214_004236_s1/14815174/ccs,0,8,2,3,0,3,0,0,1.0,Complex,196,60,False
H1,m84137_260214_004236_s1/62657661/ccs,0,8,2,3,0,3,0,0,1.0,Complex,196,60,False
H1,m84137_260214_004236_s1/59184498/ccs,0,8,2,3,0,3,0,0,1.0,Complex,196,60,False
H1,m84137_260214_004236_s1/15537785/ccs,0,8,2,3,0,3,0,0,1.0,Complex,196,60,False
H1,m84137_260214_004236_s1/42667344/ccs,0,8,2,3,0,3,0,0,1.0,Complex,196,60,False
H1,m84137_260214_004236_s1/15929710/ccs,0,8,2,3,0,3,0,0,1.0,Complex,196,60,False
H1,m84137_260214_004236_s1/16387423/ccs,0,8,2,3,0,3,0,0,1.0,Complex,196,60,False
H1,m84137_260214_004236_s1/16715165/ccs,0,8,2,3,0,3,0,0,1.0,Complex,196,60,False
H1,m84137_260214_004236_s1/64557619/ccs,0,8,2,3,0,3,0,0,1.0,Complex,196,60,False
H1,m84137_260214_004236_s1/65410846/ccs,0,8,2,3,0,3,0,0,1.0,Complex,196,60,False
H1,m84137_260214_004236_s1/47583112/ccs,0,8,2,3,0,3,0,0,1.0,Complex,196,60,False
H1,m84137_260214_004236_s1/180029691/ccs,0,8,2,3,0,3,0,0,1.0,Complex,196,60,False
H1,m84137_260214_004236_s1/219808863/ccs,0,8,2,3,0,3,0,0,1.0,Complex,196,60,False
H1,m84137_260214_004236_s1/219809690/ccs,0,8,2,3,0,3,0,0,1.0,Complex,196,60,False
H1,m84137_260214_004236_s1/199229868/ccs,0,8,2,3,0,3,0,0,1.0,Complex,196,60,False
H1,m84137_260214_004236_s1/221250358/ccs,0,8,2,3,0,3,0,0,1.0,Complex,196,60,False
H1,m84137_260214_004236_s1/224267063/ccs,0,8,2,3,0,3,0,0,1.0,Complex,196,60,False
H1,m84137_260214_004236_s1/182650457/ccs,0,8,2,3,0,3,0,0,1.0,Complex,196,60,False
H1,m84137_260214_004236_s1/221773883/ccs,0,8,2,3,0,3,0,0,1.0,Complex,196,60,False
H1,m84137_260214_004236_s1/222038433/ccs,0,8,2,3,0,3,0,0,1.0,Complex,196,60,False
H1,m84137_260214_004236_s1/208865337/ccs,0,8,2,3,0,3,0,0,1.0,Complex,196,60,False
H1,m84137_260214_004236_s1/222299367/ccs,0,8,2,3,0,3,0,0,1.0,Complex,196,60,False
H1,m84137_260214_004236_s1/229247671/ccs,0,8,2,3,0,3,0,0,1.0,Complex,196,60,False
H1,m84137_260214_004236_s1/222561984/ccs,0,8,2,3,0,3,0,0,1.0,Complex,196,60,False
H1,m84137_260214_004236_s1/209387616/ccs,0,8,2,3,0,3,0,0,1.0,Complex,196,60,False
H1,m84137_260214_004236_s1/76091975/ccs,0,8,2,3,0,3,0,0,1.0,Complex,196,60,False
H1,m84137_260214_004236_s1/102044935/ccs,0,8,2,3,0,3,0,0,1.0,Complex,196,60,False
H1,m84137_260214_004236_s1/77207012/ccs,0,8,2,3,0,3,0,0,1.0,Complex,196,60,False
H1,m84137_260214_004236_s1/77467498/ccs,0,8,2,3,0,3,0,0,1.0,Complex,196,60,False
H1,m84137_260214_004236_s1/77664851/ccs,0,8,2,3,0,3,0,0,1.0,Complex,196,60,False
H1,m84137_260214_004236_s1/98307947/ccs,0,8,2,3,0,3,0,0,1.0,Complex,196,60,False
H1,m84137_260214_004236_s1/100077183/ccs,0,8,2,3,0,3,0,0,1.0,Complex,196,60,False
H1,m84137_260214_004236_s1/107679952/ccs,0,8,2,3,0,3,0,0,1.0,Complex,196,60,False
H1,m84137_260214_004236_s1/108532088/ccs,0,8,2,3,0,3,0,0,1.0,Complex,196,60,False
H1,m84137_260214_004236_s1/127012800/ccs,0,8,2,3,0,3,0,0,1.0,Complex,196,60,False
H1,m84137_260214_004236_s1/83365986/ccs,0,8,2,3,0,3,0,0,1.0,Complex,196,60,False
H1,m84137_260214_004236_s1/111940586/ccs,0,8,2,3,0,3,0,0,1.0,Complex,196,60,False
H1,m84137_260214_004236_s1/140119913/ccs,0,8,2,3,0,3,0,0,1.0,Complex,196,60,False
H1,m84137_260214_004236_s1/136973746/ccs,0,8,2,3,0,3,0,0,1.0,Complex,196,60,False
H1,m84137_260214_004236_s1/140906563/ccs,0,8,2,3,0,3,0,0,1.0,Complex,196,60,False
H1,m84137_260214_004236_s1/158275365/ccs,0,8,2,3,0,3,0,0,1.0,Complex,196,60,False
H1,m84137_260214_004236_s1/162796821/ccs,0,8,2,3,0,3,0,0,1.0,Complex,196,60,False
H1,m84137_260214_004236_s1/184552682/ccs,0,8,2,3,0,3,0,0,1.0,Complex,196,60,False
H1,m84137_260214_004236_s1/144249924/ccs,0,8,2,3,0,3,0,0,1.0,Complex,196,60,False
H1,m84137_260214_004236_s1/187438383/ccs,0,8,2,3,0,3,0,0,1.0,Complex,196,60,False
H1,m84137_260214_004236_s1/188747950/ccs,0,8,2,3,0,3,0,0,1.0,Complex,196,60,False
H1,m84137_260214_004236_s1/19204506/ccs,0,8,2,3,0,3,0,0,1.0,Complex,196,60,False
H1,m84137_260214_004236_s1/165609745/ccs,0,8,2,3,0,3,0,0,1.0,Complex,196,60,False
H1,m84137_260214_004236_s1/189140358/ccs,0,8,2,3,0,3,0,0,1.0,Complex,196,60,False
H1,m84137_260214_004236_s1/176033092/ccs,0,8,2,3,0,3,0,0,1.0,Complex,196,60,False
H1,m84137_260214_004236_s1/172428393/ccs,0,8,2,3,0,3,0,0,1.0,Complex,196,60,False
H1,m84137_260214_004236_s1/218893526/ccs,0,8,2,3,0,3,0,0,1.0,Complex,196,60,False
H1,m84137_260214_004236_s1/197660442/ccs,0,8,2,3,0,3,0,0,1.0,Complex,196,60,False
H1,m84137_260214_004236_s1/179114636/ccs,0,8,2,3,0,3,0,0,1.0,Complex,196,60,False
H1,m84137_260214_004236_s1/179246067/ccs,0,8,2,3,0,3,0,0,1.0,Complex,196,60,False
H1,m84137_260214_004236_s1/179703541/ccs,0,8,2,3,0,3,0,0,1.0,Complex,196,60,False
H1,m84137_260214_004236_s1/221255395/ccs,0,8,2,3,0,3,0,0,1.0,Complex,196,60,False
H1,m84137_260214_004236_s1/179901680/ccs,0,8,2,3,0,3,0,0,1.0,Complex,196,60,False
H1,m84137_260214_004236_s1/180097278/ccs,0,8,2,3,0,3,0,0,1.0,Complex,196,60,False
H1,m84137_260214_004236_s1/204869051/ccs,0,8,2,3,0,3,0,0,1.0,Complex,196,60,False
H1,m84137_260214_004236_s1/201003243/ccs,0,8,2,3,0,3,0,0,1.0,Complex,196,60,False
H1,m84137_260214_004236_s1/206114963/ccs,0,8,2,3,0,3,0,0,1.0,Complex,196,60,False
H1,m84137_260214_004236_s1/230430500/ccs,0,8,2,3,0,3,0,0,1.0,Complex,196,60,False
H1,m84137_260214_004236_s1/79890844/ccs,0,8,2,3,0,3,0,0,1.0,Complex,196,60,False
H1,m84137_260214_004236_s1/98043063/ccs,0,8,2,3,0,3,0,0,1.0,Complex,196,60,False
H1,m84137_260214_004236_s1/101452777/ccs,0,8,2,3,0,3,0,0,1.0,Complex,196,60,False
H1,m84137_260214_004236_s1/105906383/ccs,0,8,2,3,0,3,0,0,1.0,Complex,196,60,False
H1,m84137_260214_004236_s1/169347202/ccs,0,8,2,3,0,3,0,0,1.0,Complex,196,60,False
H1,m84137_260214_004236_s1/187697188/ccs,0,8,2,3,0,3,0,0,1.0,Complex,196,60,False
H1,m84137_260214_004236_s1/174916217/ccs,0,8,2,3,0,3,0,0,1.0,Complex,196,60,False
H1,m84137_260214_004236_s1/225707750/ccs,0,8,2,3,0,3,0,0,1.0,Complex,196,60,False
H1,m84137_260214_004236_s1/204998369/ccs,0,8,2,3,0,3,0,0,1.0,Complex,196,60,False
H1,m84137_260214_004236_s1/258147269/ccs,0,8,2,3,0,3,0,0,1.0,Complex,196,60,False
H1,m84137_260214_004236_s1/242944176/ccs,0,8,2,3,0,3,0,0,1.0,Complex,196,60,False
H1,m84137_260214_004236_s1/266601279/ccs,0,8,2,3,0,3,0,0,1.0,Complex,196,60,False
H1,m84137_260214_004236_s1/29166958/ccs,0,8,2,3,0,3,0,0,1.0,Complex,196,60,False
H1,m84137_260214_004236_s1/38802731/ccs,0,8,2,3,0,3,0,0,1.0,Complex,196,60,False
H1,m84137_260214_004236_s1/69537492/ccs,0,8,2,3,0,3,0,0,1.0,Complex,196,60,False
H1,m84137_260214_004236_s1/88084238/ccs,0,8,2,3,0,3,0,0,1.0,Complex,196,60,False
H1,m84137_260214_004236_s1/88740214/ccs,0,8,2,3,0,3,0,0,1.0,Complex,196,60,False
H1,m84137_260214_004236_s1/228135493/ccs,0,8,2,3,0,3,0,0,1.0,Complex,196,60,False
H1,m84137_260214_004236_s1/228987366/ccs,0,8,2,3,0,3,0,0,1.0,Complex,196,60,False
H1,m84137_260214_004236_s1/254219988/ccs,0,8,2,3,0,3,0,0,1.0,Complex,196,60,False
H1,m84137_260214_004236_s1/214765384/ccs,0,8,2,3,0,3,0,0,1.0,Complex,196,60,False
H1,m84137_260214_004236_s1/233770660/ccs,0,8,2,3,0,3,0,0,1.0,Complex,196,60,False
H1,m84137_260214_004236_s1/260118046/ccs,0,8,2,3,0,3,0,0,1.0,Complex,196,60,False
H1,m84137_260214_004236_s1/216143233/ccs,0,8,2,3,0,3,0,0,1.0,Complex,196,60,False
H1,m84137_260214_004236_s1/216468515/ccs,0,8,2,3,0,3,0,0,1.0,Complex,196,60,False
H1,m84137_260214_004236_s1/261428671/ccs,0,8,2,3,0,3,0,0,1.0,Complex,196,60,False
H1,m84137_260214_004236_s1/264180309/ccs,0,8,2,3,0,3,0,0,1.0,Complex,196,60,False
H1,m84137_260214_004236_s1/262476089/ccs,0,8,2,3,0,3,0,0,1.0,Complex,196,60,False
H1,m84137_260214_004236_s1/250943349/ccs,0,8,2,3,0,3,0,0,1.0,Complex,196,60,False
H1,m84137_260214_004236_s1/41354904/ccs,0,8,2,3,0,3,0,0,1.0,Complex,196,60,False
H1,m84137_260214_004236_s1/37815314/ccs,0,8,2,3,0,3,0,0,1.0,Complex,196,60,False
H1,m84137_260214_004236_s1/95618667/ccs,0,8,2,3,0,3,0,0,1.0,Complex,196,60,False
H1,m84137_260214_004236_s1/115346779/ccs,0,8,2,3,0,3,0,0,1.0,Complex,196,60,False
H1,m84137_260214_004236_s1/174591474/ccs,0,8,2,3,0,3,0,0,1.0,Complex,196,60,False
H1,m84137_260214_004236_s1/30476759/ccs,0,8,2,3,0,3,0,0,1.0,Complex,196,60,False
H1,m84137_260214_004236_s1/61800907/ccs,0,8,2,3,0,3,0,0,1.0,Complex,196,60,False
H1,m84137_260214_004236_s1/71567543/ccs,0,8,2,3,0,3,0,0,1.0,Complex,196,60,False
H1,m84137_260214_004236_s1/152177132/ccs,0,8,2,3,0,3,0,0,1.0,Complex,196,60,False
H1,m84137_260214_004236_s1/154666352/ccs,0,8,2,3,0,3,0,0,1.0,Complex,196,60,False
H1,m84137_260214_004236_s1/179176406/ccs,0,8,2,3,0,3,0,0,1.0,Complex,196,60,False
H1,m84137_260214_004236_s1/165220118/ccs,0,8,2,3,0,3,0,0,1.0,Complex,196,60,False
H1,m84137_260214_004236_s1/251860124/ccs,0,8,2,3,0,3,0,0,1.0,Complex,196,60,False
H1,m84137_260214_004236_s1/264246990/ccs,0,8,2,3,0,3,0,0,1.0,Complex,196,60,False
H1,m84137_260214_004236_s1/180882322/ccs,0,8,2,3,0,3,0,0,1.0,Complex,196,60,False
H1,m84137_260214_004236_s1/213124219/ccs,0,8,2,3,0,3,0,0,1.0,Complex,196,60,False
H1,m84137_260214_004236_s1/227804049/ccs,0,8,2,3,0,3,0,0,1.0,Complex,196,60,False
H1,m84137_260214_004236_s1/252838325/ccs,0,8,2,3,0,3,0,0,1.0,Complex,196,60,False
H1,m84137_260214_004236_s1/228133855/ccs,0,8,2,3,0,3,0,0,1.0,Complex,196,60,False
H1,m84137_260214_004236_s1/232587447/ccs,0,8,2,3,0,3,0,0,1.0,Complex,196,60,False
H1,m84137_260214_004236_s1/233244041/ccs,0,8,2,3,0,3,0,0,1.0,Complex,196,60,False
H1,m84137_260214_004236_s1/254544503/ccs,0,8,2,3,0,3,0,0,1.0,Complex,196,60,False
H1,m84137_260214_004236_s1/254609192/ccs,0,8,2,3,0,3,0,0,1.0,Complex,196,60,False
H1,m84137_260214_004236_s1/236191810/ccs,0,8,2,3,0,3,0,0,1.0,Complex,196,60,False
H1,m84137_260214_004236_s1/216073221/ccs,0,8,2,3,0,3,0,0,1.0,Complex,196,60,False
H1,m84137_260214_004236_s1/241568192/ccs,0,8,2,3,0,3,0,0,1.0,Complex,196,60,False
H1,m84137_260214_004236_s1/216533881/ccs,0,8,2,3,0,3,0,0,1.0,Complex,196,60,False
H1,m84137_260214_004236_s1/255853596/ccs,0,8,2,3,0,3,0,0,1.0,Complex,196,60,False
H1,m84137_260214_004236_s1/199558453/ccs,0,8,2,3,0,3,0,0,1.0,Complex,196,60,False
H1,m84137_260214_004236_s1/116655877/ccs,0,8,2,3,0,3,0,0,1.0,Complex,196,60,False
H1,m84137_260214_004236_s1/220861244/ccs,0,8,2,3,0,3,0,0,1.0,Complex,196,60,False
H1,m84137_260214_004236_s1/98764524/ccs,0,8,2,3,0,3,0,0,1.0,Complex,196,60,False
H1,m84137_260214_004236_s1/9834262/ccs,0,8,2,3,0,3,0,0,1.0,Complex,196,60,False
H1,m84137_260214_004236_s1/30608993/ccs,0,8,2,3,0,3,0,0,1.0,Complex,196,60,False
H1,m84137_260214_004236_s1/7340658/ccs,0,8,2,3,0,3,0,0,1.0,Complex,196,60,False
H1,m84137_260214_004236_s1/18547552/ccs,0,8,2,3,0,3,0,0,1.0,Complex,196,60,False
H1,m84137_260214_004236_s1/5179811/ccs,0,8,2,3,0,3,0,0,1.0,Complex,196,60,False
H1,m84137_260214_004236_s1/14158313/ccs,0,8,2,3,0,3,0,0,1.0,Complex,196,60,False
H1,m84137_260214_004236_s1/20907781/ccs,0,8,2,3,0,3,0,0,1.0,Complex,196,60,False
H1,m84137_260214_004236_s1/26935419/ccs,0,8,2,3,0,3,0,0,1.0,Complex,196,60,False
H1,m84137_260214_004236_s1/30935930/ccs,0,8,2,3,0,3,0,0,1.0,Complex,196,60,False
H1,m84137_260214_004236_s1/33620476/ccs,0,8,2,3,0,3,0,0,1.0,Complex,196,60,False
H1,m84137_260214_004236_s1/21364985/ccs,0,8,2,3,0,3,0,0,1.0,Complex,196,60,False
H1,m84137_260214_004236_s1/15271598/ccs,0,8,2,3,0,3,0,0,1.0,Complex,196,60,False
H1,m84137_260214_004236_s1/31983229/ccs,0,8,2,3,0,3,0,0,1.0,Complex,196,60,False
H1,m84137_260214_004236_s1/15729892/ccs,0,8,2,3,0,3,0,0,1.0,Complex,196,60,False
H1,m84137_260214_004236_s1/138741057/ccs,0,8,2,3,0,3,0,0,1.0,Complex,196,60,False
H1,m84137_260214_004236_s1/145754582/ccs,0,8,2,3,0,3,0,0,1.0,Complex,196,60,False
H1,m84137_260214_004236_s1/142609387/ccs,0,8,2,3,0,3,0,0,1.0,Complex,196,60,False
H1,m84137_260214_004236_s1/146867234/ccs,0,8,2,3,0,3,0,0,1.0,Complex,196,60,False
H1,m84137_260214_004236_s1/143526874/ccs,0,8,2,3,0,3,0,0,1.0,Complex,196,60,False
H1,m84137_260214_004236_s1/147194027/ccs,0,8,2,3,0,3,0,0,1.0,Complex,196,60,False
H1,m84137_260214_004236_s1/161352325/ccs,0,8,2,3,0,3,0,0,1.0,Complex,196,60,False
H1,m84137_260214_004236_s1/190121876/ccs,0,8,2,3,0,3,0,0,1.0,Complex,196,60,False
H1,m84137_260214_004236_s1/174459277/ccs,0,8,2,3,0,3,0,0,1.0,Complex,196,60,False
H1,m84137_260214_004236_s1/167512980/ccs,0,8,2,3,0,3,0,0,1.0,Complex,196,60,False
H1,m84137_260214_004236_s1/195822742/ccs,0,8,2,3,0,3,0,0,1.0,Complex,196,60,False
H1,m84137_260214_004236_s1/196021115/ccs,0,8,2,3,0,3,0,0,1.0,Complex,196,60,False
H1,m84137_260214_004236_s1/171117383/ccs,0,8,2,3,0,3,0,0,1.0,Complex,196,60,False
H1,m84137_260214_004236_s1/188416844/ccs,0,8,2,3,0,3,0,0,1.0,Complex,196,60,False
H1,m84137_260214_004236_s1/150866344/ccs,0,8,2,3,0,3,0,0,1.0,Complex,196,60,False
H1,m84137_260214_004236_s1/175507728/ccs,0,8,2,3,0,3,0,0,1.0,Complex,196,60,False
H1,m84137_260214_004236_s1/196870203/ccs,0,8,2,3,0,3,0,0,1.0,Complex,196,60,False
H1,m84137_260214_004236_s1/192218767/ccs,0,8,2,3,0,3,0,0,1.0,Complex,196,60,False
H1,m84137_260214_004236_s1/176227263/ccs,0,8,2,3,0,3,0,0,1.0,Complex,196,60,False
H1,m84137_260214_004236_s1/51185307/ccs,0,8,2,3,0,3,0,0,1.0,Complex,196,60,False
H1,m84137_260214_004236_s1/35916155/ccs,0,8,2,3,0,3,0,0,1.0,Complex,196,60,False
H1,m84137_260214_004236_s1/36307541/ccs,0,8,2,3,0,3,0,0,1.0,Complex,196,60,False
H1,m84137_260214_004236_s1/45745627/ccs,0,8,2,3,0,3,0,0,1.0,Complex,196,60,False
H1,m84137_260214_004236_s1/46073667/ccs,0,8,2,3,0,3,0,0,1.0,Complex,196,60,False
H1,m84137_260214_004236_s1/58723158/ccs,0,8,2,3,0,3,0,0,1.0,Complex,196,60,False
H1,m84137_260214_004236_s1/59441977/ccs,0,8,2,3,0,3,0,0,1.0,Complex,196,60,False
H1,m84137_260214_004236_s1/42795783/ccs,0,8,2,3,0,3,0,0,1.0,Complex,196,60,False
H1,m84137_260214_004236_s1/43517778/ccs,0,8,2,3,0,3,0,0,1.0,Complex,196,60,False
H1,m84137_260214_004236_s1/43648043/ccs,0,8,2,3,0,3,0,0,1.0,Complex,196,60,False
H1,m84137_260214_004236_s1/61410035/ccs,0,8,2,3,0,3,0,0,1.0,Complex,196,60,False
H1,m84137_260214_004236_s1/64162217/ccs,0,8,2,3,0,3,0,0,1.0,Complex,196,60,False
H1,m84137_260214_004236_s1/48694929/ccs,0,8,2,3,0,3,0,0,1.0,Complex,196,60,False
H1,m84137_260214_004236_s1/67699145/ccs,0,8,2,3,0,3,0,0,1.0,Complex,196,60,False
H1,m84137_260214_004236_s1/67699829/ccs,0,8,2,3,0,3,0,0,1.0,Complex,196,60,False
H1,m84137_260214_004236_s1/65143397/ccs,0,8,2,3,0,3,0,0,1.0,Complex,196,60,False
H1,m84137_260214_004236_s1/68289235/ccs,0,8,2,3,0,3,0,0,1.0,Complex,196,60,False
H1,m84137_260214_004236_s1/73204238/ccs,0,8,2,3,0,3,0,0,1.0,Complex,196,60,False
H1,m84137_260214_004236_s1/49021710/ccs,0,8,2,3,0,3,0,0,1.0,Complex,196,60,False
H1,m84137_260214_004236_s1/90704745/ccs,0,8,2,3,0,3,0,0,1.0,Complex,196,60,False
H1,m84137_260214_004236_s1/68878985/ccs,0,8,2,3,0,3,0,0,1.0,Complex,196,60,False
H1,m84137_260214_004236_s1/66062868/ccs,0,8,2,3,0,3,0,0,1.0,Complex,196,60,False
H1,m84137_260214_004236_s1/66126172/ccs,0,8,2,3,0,3,0,0,1.0,Complex,196,60,False
H1,m84137_260214_004236_s1/107350022/ccs,0,8,2,3,0,3,0,0,1.0,Complex,196,60,False
H1,m84137_260214_004236_s1/83625644/ccs,0,8,2,3,0,3,0,0,1.0,Complex,196,60,False
H1,m84137_260214_004236_s1/83757596/ccs,0,8,2,3,0,3,0,0,1.0,Complex,196,60,False
H1,m84137_260214_004236_s1/100598678/ccs,0,8,2,3,0,3,0,0,1.0,Complex,196,60,False
H1,m84137_260214_004236_s1/108071722/ccs,0,8,2,3,0,3,0,0,1.0,Complex,196,60,False
H1,m84137_260214_004236_s1/119931378/ccs,0,8,2,3,0,3,0,0,1.0,Complex,196,60,False
H1,m84137_260214_004236_s1/105120085/ccs,0,8,2,3,0,3,0,0,1.0,Complex,196,60,False
H1,m84137_260214_004236_s1/113183300/ccs,0,8,2,3,0,3,0,0,1.0,Complex,196,60,False
H1,m84137_260214_004236_s1/105644218/ccs,0,8,2,3,0,3,0,0,1.0,Complex,196,60,False
H1,m84137_260214_004236_s1/126683979/ccs,0,8,2,3,0,3,0,0,1.0,Complex,196,60,False
H1,m84137_260214_004236_s1/106168868/ccs,0,8,2,3,0,3,0,0,1.0,Complex,196,60,False
H1,m84137_260214_004236_s1/130875758/ccs,0,8,2,3,0,3,0,0,1.0,Complex,196,60,False
H1,m84137_260214_004236_s1/126814997/ccs,0,8,2,3,0,3,0,0,1.0,Complex,196,60,False
H1,m84137_260214_004236_s1/134284520/ccs,0,8,2,3,0,3,0,0,1.0,Complex,196,60,False
H1,m84137_260214_004236_s1/127338724/ccs,0,8,2,3,0,3,0,0,1.0,Complex,196,60,False
H1,m84137_260214_004236_s1/135334197/ccs,0,8,2,3,0,3,0,0,1.0,Complex,196,60,False
H1,m84137_260214_004236_s1/156631251/ccs,0,8,2,3,0,3,0,0,1.0,Complex,196,60,False
H1,m84137_260214_004236_s1/152372143/ccs,0,8,2,3,0,3,0,0,1.0,Complex,196,60,False
H1,m84137_260214_004236_s1/135792605/ccs,0,8,2,3,0,3,0,0,1.0,Complex,196,60,False
H1,m84137_260214_004236_s1/152767274/ccs,0,8,2,3,0,3,0,0,1.0,Complex,196,60,False
H1,m84137_260214_004236_s1/153029260/ccs,0,8,2,3,0,3,0,0,1.0,Complex,196,60,False
H1,m84137_260214_004236_s1/132646924/ccs,0,8,2,3,0,3,0,0,1.0,Complex,196,60,False
H1,m84137_260214_004236_s1/157287633/ccs,0,8,2,3,0,3,0,0,1.0,Complex,196,60,False
H1,m84137_260214_004236_s1/116129955/ccs,0,8,2,3,0,3,0,0,1.0,Complex,196,60,False
H1,m84137_260214_004236_s1/37951187/ccs,0,8,2,3,0,3,0,0,1.0,Complex,196,60,False
H1,m84137_260214_004236_s1/58725543/ccs,0,8,2,3,0,3,0,0,1.0,Complex,196,60,False
H1,m84137_260214_004236_s1/63248127/ccs,0,8,2,3,0,3,0,0,1.0,Complex,196,60,False
H1,m84137_260214_004236_s1/42931628/ccs,0,8,2,3,0,3,0,0,1.0,Complex,196,60,False
H1,m84137_260214_004236_s1/16586096/ccs,0,8,2,3,0,3,0,0,1.0,Complex,196,60,False
H1,m84137_260214_004236_s1/64097941/ccs,0,8,2,3,0,3,0,0,1.0,Complex,196,60,False
H1,m84137_260214_004236_s1/43913481/ccs,0,8,2,3,0,3,0,0,1.0,Complex,196,60,False
H1,m84137_260214_004236_s1/84676753/ccs,0,8,2,3,0,3,0,0,1.0,Complex,196,60,False
H1,m84137_260214_004236_s1/44241072/ccs,0,8,2,3,0,3,0,0,1.0,Complex,196,60,False
H1,m84137_260214_004236_s1/61477200/ccs,0,8,2,3,0,3,0,0,1.0,Complex,196,60,False
H1,m84137_260214_004236_s1/66260284/ccs,0,8,2,3,0,3,0,0,1.0,Complex,196,60,False
H1,m84137_260214_004236_s1/73862626/ccs,0,8,2,3,0,3,0,0,1.0,Complex,196,60,False
H1,m84137_260214_004236_s1/74452281/ccs,0,8,2,3,0,3,0,0,1.0,Complex,196,60,False
H1,m84137_260214_004236_s1/100798221/ccs,0,8,2,3,0,3,0,0,1.0,Complex,196,60,False
H1,m84137_260214_004236_s1/78580856/ccs,0,8,2,3,0,3,0,0,1.0,Complex,196,60,False
H1,m84137_260214_004236_s1/94377226/ccs,0,8,2,3,0,3,0,0,1.0,Complex,196,60,False
H1,m84137_260214_004236_s1/119083743/ccs,0,8,2,3,0,3,0,0,1.0,Complex,196,60,False
H1,m84137_260214_004236_s1/106500325/ccs,0,8,2,3,0,3,0,0,1.0,Complex,196,60,False
H1,m84137_260214_004236_s1/80154091/ccs,0,8,2,3,0,3,0,0,1.0,Complex,196,60,False
H1,m84137_260214_004236_s1/79957114/ccs,0,8,2,3,0,3,0,0,1.0,Complex,196,60,False
H1,m84137_260214_004236_s1/80285520/ccs,0,8,2,3,0,3,0,0,1.0,Complex,196,60,False
H1,m84137_260214_004236_s1/120656322/ccs,0,8,2,3,0,3,0,0,1.0,Complex,196,60,False
H1,m84137_260214_004236_s1/121180444/ccs,0,8,2,3,0,3,0,0,1.0,Complex,196,60,False
H1,m84137_260214_004236_s1/108598491/ccs,0,8,2,3,0,3,0,0,1.0,Complex,196,60,False
H1,m84137_260214_004236_s1/105845250/ccs,0,8,2,3,0,3,0,0,1.0,Complex,196,60,False
H1,m84137_260214_004236_s1/122426471/ccs,0,8,2,3,0,3,0,0,1.0,Complex,196,60,False
H1,m84137_260214_004236_s1/135073923/ccs,0,8,2,3,0,3,0,0,1.0,Complex,196,60,False
H1,m84137_260214_004236_s1/111807966/ccs,0,8,2,3,0,3,0,0,1.0,Complex,196,60,False
H1,m84137_260214_004236_s1/140251126/ccs,0,8,2,3,0,3,0,0,1.0,Complex,196,60,False
H1,m84137_260214_004236_s1/136449860/ccs,0,8,2,3,0,3,0,0,1.0,Complex,196,60,False
H1,m84137_260214_004236_s1/157225359/ccs,0,8,2,3,0,3,0,0,1.0,Complex,196,60,False
H1,m84137_260214_004236_s1/157552456/ccs,0,8,2,3,0,3,0,0,1.0,Complex,196,60,False
H1,m84137_260214_004236_s1/113710287/ccs,0,8,2,3,0,3,0,0,1.0,Complex,196,60,False
H1,m84137_260214_004236_s1/158011644/ccs,0,8,2,3,0,3,0,0,1.0,Complex,196,60,False
H1,m84137_260214_004236_s1/141626425/ccs,0,8,2,3,0,3,0,0,1.0,Complex,196,60,False
H1,m84137_260214_004236_s1/141562876/ccs,0,8,2,3,0,3,0,0,1.0,Complex,196,60,False
H1,m84137_260214_004236_s1/138088902/ccs,0,8,2,3,0,3,0,0,1.0,Complex,196,60,False
H1,m84137_260214_004236_s1/141888568/ccs,0,8,2,3,0,3,0,0,1.0,Complex,196,60,False
H1,m84137_260214_004236_s1/142151492/ccs,0,8,2,3,0,3,0,0,1.0,Complex,196,60,False
H1,m84137_260214_004236_s1/138415449/ccs,0,8,2,3,0,3,0,0,1.0,Complex,196,60,False
H1,m84137_260214_004236_s1/114955048/ccs,0,8,2,3,0,3,0,0,1.0,Complex,196,60,False
H1,m84137_260214_004236_s1/158797007/ccs,0,8,2,3,0,3,0,0,1.0,Complex,196,60,False
H1,m84137_260214_004236_s1/162206575/ccs,0,8,2,3,0,3,0,0,1.0,Complex,196,60,False
H1,m84137_260214_004236_s1/115218297/ccs,0,8,2,3,0,3,0,0,1.0,Complex,196,60,False
H1,m84137_260214_004236_s1/184619616/ccs,0,8,2,3,0,3,0,0,1.0,Complex,196,60,False
H1,m84137_260214_004236_s1/139531701/ccs,0,8,2,3,0,3,0,0,1.0,Complex,196,60,False
H1,m84137_260214_004236_s1/143855629/ccs,0,8,2,3,0,3,0,0,1.0,Complex,196,60,False
H1,m84137_260214_004236_s1/185274103/ccs,0,8,2,3,0,3,0,0,1.0,Complex,196,60,False
H1,m84137_260214_004236_s1/210372578/ccs,0,8,2,3,0,3,0,0,1.0,Complex,196,60,False
H1,m84137_260214_004236_s1/211028823/ccs,0,8,2,3,0,3,0,0,1.0,Complex,196,60,False
H1,m84137_260214_004236_s1/252380885/ccs,0,8,2,3,0,3,0,0,1.0,Complex,196,60,False
H1,m84137_260214_004236_s1/213648253/ccs,0,8,2,3,0,3,0,0,1.0,Complex,196,60,False
H1,m84137_260214_004236_s1/231541013/ccs,0,8,2,3,0,3,0,0,1.0,Complex,196,60,False
H1,m84137_260214_004236_s1/232653490/ccs,0,8,2,3,0,3,0,0,1.0,Complex,196,60,False
H1,m84137_260214_004236_s1/235538511/ccs,0,8,2,3,0,3,0,0,1.0,Complex,196,60,False
H1,m84137_260214_004236_s1/235931433/ccs,0,8,2,3,0,3,0,0,1.0,Complex,196,60,False
H1,m84137_260214_004236_s1/233963575/ccs,0,8,2,3,0,3,0,0,1.0,Complex,196,60,False
H1,m84137_260214_004236_s1/258149205/ccs,0,8,2,3,0,3,0,0,1.0,Complex,196,60,False
H1,m84137_260214_004236_s1/255527020/ccs,0,8,2,3,0,3,0,0,1.0,Complex,196,60,False
H1,m84137_260214_004236_s1/258934827/ccs,0,8,2,3,0,3,0,0,1.0,Complex,196,60,False
H1,m84137_260214_004236_s1/237439488/ccs,0,8,2,3,0,3,0,0,1.0,Complex,196,60,False
H1,m84137_260214_004236_s1/238027463/ccs,0,8,2,3,0,3,0,0,1.0,Complex,196,60,False
H1,m84137_260214_004236_s1/259458746/ccs,0,8,2,3,0,3,0,0,1.0,Complex,196,60,False
H1,m84137_260214_004236_s1/256640697/ccs,0,8,2,3,0,3,0,0,1.0,Complex,196,60,False
H1,m84137_260214_004236_s1/257099704/ccs,0,8,2,3,0,3,0,0,1.0,Complex,196,60,False
H1,m84137_260214_004236_s1/217711645/ccs,0,8,2,3,0,3,0,0,1.0,Complex,196,60,False
H1,m84137_260214_004236_s1/243665361/ccs,0,8,2,3,0,3,0,0,1.0,Complex,196,60,False
H1,m84137_260214_004236_s1/239469330/ccs,0,8,2,3,0,3,0,0,1.0,Complex,196,60,False
H1,m84137_260214_004236_s1/261229160/ccs,0,8,2,3,0,3,0,0,1.0,Complex,196,60,False
H1,m84137_260214_004236_s1/240058537/ccs,0,8,2,3,0,3,0,0,1.0,Complex,196,60,False
H1,m84137_260214_004236_s1/185603999/ccs,0,8,2,3,0,3,0,0,1.0,Complex,196,60,False
H1,m84137_260214_004236_s1/164498603/ccs,0,8,2,3,0,3,0,0,1.0,Complex,196,60,False
H1,m84137_260214_004236_s1/169086769/ccs,0,8,2,3,0,3,0,0,1.0,Complex,196,60,False
H1,m84137_260214_004236_s1/187567182/ccs,0,8,2,3,0,3,0,0,1.0,Complex,196,60,False
H1,m84137_260214_004236_s1/170661455/ccs,0,8,2,3,0,3,0,0,1.0,Complex,196,60,False
H1,m84137_260214_004236_s1/192878138/ccs,0,8,2,3,0,3,0,0,1.0,Complex,196,60,False
H1,m84137_260214_004236_s1/171708174/ccs,0,8,2,3,0,3,0,0,1.0,Complex,196,60,False
H1,m84137_260214_004236_s1/193858639/ccs,0,8,2,3,0,3,0,0,1.0,Complex,196,60,False
H1,m84137_260214_004236_s1/197662023/ccs,0,8,2,3,0,3,0,0,1.0,Complex,196,60,False
H1,m84137_260214_004236_s1/219745686/ccs,0,8,2,3,0,3,0,0,1.0,Complex,196,60,False
H1,m84137_260214_004236_s1/179178576/ccs,0,8,2,3,0,3,0,0,1.0,Complex,196,60,False
H1,m84137_260214_004236_s1/180425560/ccs,0,8,2,3,0,3,0,0,1.0,Complex,196,60,False
H1,m84137_260214_004236_s1/209391754/ccs,0,8,2,3,0,3,0,0,1.0,Complex,196,60,False
H1,m84137_260214_004236_s1/181147370/ccs,0,8,2,3,0,3,0,0,1.0,Complex,196,60,False
H1,m84137_260214_004236_s1/181212055/ccs,0,8,2,3,0,3,0,0,1.0,Complex,196,60,False
H1,m84137_260214_004236_s1/204279214/ccs,0,8,2,3,0,3,0,0,1.0,Complex,196,60,False
H1,m84137_260214_004236_s1/210898928/ccs,0,8,2,3,0,3,0,0,1.0,Complex,196,60,False
H1,m84137_260214_004236_s1/66388460/ccs,0,8,2,3,0,3,0,0,1.0,Complex,196,60,False
H1,m84137_260214_004236_s1/91228879/ccs,0,8,2,3,0,3,0,0,1.0,Complex,196,60,False
H1,m84137_260214_004236_s1/74320855/ccs,0,8,2,3,0,3,0,0,1.0,Complex,196,60,False
H1,m84137_260214_004236_s1/66716155/ccs,0,8,2,3,0,3,0,0,1.0,Complex,196,60,False
H1,m84137_260214_004236_s1/85265107/ccs,0,8,2,3,0,3,0,0,1.0,Complex,196,60,False
H1,m84137_260214_004236_s1/70191704/ccs,0,8,2,3,0,3,0,0,1.0,Complex,196,60,False
H1,m84137_260214_004236_s1/85328043/ccs,0,8,2,3,0,3,0,0,1.0,Complex,196,60,False
H1,m84137_260214_004236_s1/70387077/ccs,0,8,2,3,0,3,0,0,1.0,Complex,196,60,False
H1,m84137_260214_004236_s1/70517575/ccs,0,8,2,3,0,3,0,0,1.0,Complex,196,60,False
H1,m84137_260214_004236_s1/85658285/ccs,0,8,2,3,0,3,0,0,1.0,Complex,196,60,False
H1,m84137_260214_004236_s1/74713295/ccs,0,8,2,3,0,3,0,0,1.0,Complex,196,60,False
H1,m84137_260214_004236_s1/70519264/ccs,0,8,2,3,0,3,0,0,1.0,Complex,196,60,False
H1,m84137_260214_004236_s1/79561857/ccs,0,8,2,3,0,3,0,0,1.0,Complex,196,60,False
H1,m84137_260214_004236_s1/86573194/ccs,0,8,2,3,0,3,0,0,1.0,Complex,196,60,False
H1,m84137_260214_004236_s1/72157203/ccs,0,8,2,3,0,3,0,0,1.0,Complex,196,60,False
H1,m84137_260214_004236_s1/96731643/ccs,0,8,2,3,0,3,0,0,1.0,Complex,196,60,False
H1,m84137_260214_004236_s1/97517811/ccs,0,8,2,3,0,3,0,0,1.0,Complex,196,60,False
H1,m84137_260214_004236_s1/97780786/ccs,0,8,2,3,0,3,0,0,1.0,Complex,196,60,False
H1,m84137_260214_004236_s1/76941523/ccs,0,8,2,3,0,3,0,0,1.0,Complex,196,60,False
H1,m84137_260214_004236_s1/94373383/ccs,0,8,2,3,0,3,0,0,1.0,Complex,196,60,False
H1,m84137_260214_004236_s1/94308802/ccs,0,8,2,3,0,3,0,0,1.0,Complex,196,60,False
H1,m84137_260214_004236_s1/81462201/ccs,0,8,2,3,0,3,0,0,1.0,Complex,196,60,False
H1,m84137_260214_004236_s1/81266471/ccs,0,8,2,3,0,3,0,0,1.0,Complex,196,60,False
H1,m84137_260214_004236_s1/123734140/ccs,0,8,2,3,0,3,0,0,1.0,Complex,196,60,False
H1,m84137_260214_004236_s1/118228060/ccs,0,8,2,3,0,3,0,0,1.0,Complex,196,60,False
H1,m84137_260214_004236_s1/82380445/ccs,0,8,2,3,0,3,0,0,1.0,Complex,196,60,False
H1,m84137_260214_004236_s1/118295355/ccs,0,8,2,3,0,3,0,0,1.0,Complex,196,60,False
H1,m84137_260214_004236_s1/106759146/ccs,0,8,2,3,0,3,0,0,1.0,Complex,196,60,False
H1,m84137_260214_004236_s1/83428684/ccs,0,8,2,3,0,3,0,0,1.0,Complex,196,60,False
H1,m84137_260214_004236_s1/235277765/ccs,0,8,2,3,0,3,0,0,1.0,Complex,196,60,False
H1,m84137_260214_004236_s1/235344076/ccs,0,8,2,3,0,3,0,0,1.0,Complex,196,60,False
H1,m84137_260214_004236_s1/235934156/ccs,0,8,2,3,0,3,0,0,1.0,Complex,196,60,False
H1,m84137_260214_004236_s1/228333029/ccs,0,8,2,3,0,3,0,0,1.0,Complex,196,60,False
H1,m84137_260214_004236_s1/241241626/ccs,0,8,2,3,0,3,0,0,1.0,Complex,196,60,False
H1,m84137_260214_004236_s1/236197748/ccs,0,8,2,3,0,3,0,0,1.0,Complex,196,60,False
H1,m84137_260214_004236_s1/229183610/ccs,0,8,2,3,0,3,0,0,1.0,Complex,196,60,False
H1,m84137_260214_004236_s1/236719852/ccs,0,8,2,3,0,3,0,0,1.0,Complex,196,60,False
H1,m84137_260214_004236_s1/213192019/ccs,0,8,2,3,0,3,0,0,1.0,Complex,196,60,False
H1,m84137_260214_004236_s1/212931717/ccs,0,8,2,3,0,3,0,0,1.0,Complex,196,60,False
H1,m84137_260214_004236_s1/259526661/ccs,0,8,2,3,0,3,0,0,1.0,Complex,196,60,False
H1,m84137_260214_004236_s1/260902352/ccs,0,8,2,3,0,3,0,0,1.0,Complex,196,60,False
H1,m84137_260214_004236_s1/263458896/ccs,0,8,2,3,0,3,0,0,1.0,Complex,196,60,False
H1,m84137_260214_004236_s1/261491927/ccs,0,8,2,3,0,3,0,0,1.0,Complex,196,60,False
H1,m84137_260214_004236_s1/217388739/ccs,0,8,2,3,0,3,0,0,1.0,Complex,196,60,False
H1,m84137_260214_004236_s1/262605852/ccs,0,8,2,3,0,3,0,0,1.0,Complex,196,60,False
H1,m84137_260214_004236_s1/265096475/ccs,0,8,2,3,0,3,0,0,1.0,Complex,196,60,False
H1,m84137_260214_004236_s1/246158783/ccs,0,8,2,3,0,3,0,0,1.0,Complex,196,60,False
H1,m84137_260214_004236_s1/247926090/ccs,0,8,2,3,0,3,0,0,1.0,Complex,196,60,False
H1,m84137_260214_004236_s1/248581137/ccs,0,8,2,3,0,3,0,0,1.0,Complex,196,60,False
H1,m84137_260214_004236_s1/248976996/ccs,0,8,2,3,0,3,0,0,1.0,Complex,196,60,False
H1,m84137_260214_004236_s1/251531898/ccs,0,8,2,3,0,3,0,0,1.0,Complex,196,60,False
H1,m84137_260214_004236_s1/89852784/ccs,0,8,2,3,0,3,0,0,1.0,Complex,196,60,False
H1,m84137_260214_004236_s1/27002968/ccs,0,8,2,3,0,3,0,0,1.0,Complex,196,60,False
H1,m84137_260214_004236_s1/51120994/ccs,0,8,2,3,0,3,0,0,1.0,Complex,196,60,False
H1,m84137_260214_004236_s1/64225987/ccs,0,8,2,3,0,3,0,0,1.0,Complex,196,60,False
H1,m84137_260214_004236_s1/44630163/ccs,0,8,2,3,0,3,0,0,1.0,Complex,196,60,False
H1,m84137_260214_004236_s1/65079665/ccs,0,8,2,3,0,3,0,0,1.0,Complex,196,60,False
H1,m84137_260214_004236_s1/90377160/ccs,0,8,2,3,0,3,0,0,1.0,Complex,196,60,False
H1,m84137_260214_004236_s1/98240021/ccs,0,8,2,3,0,3,0,0,1.0,Complex,196,60,False
H1,m84137_260214_004236_s1/81854601/ccs,0,8,2,3,0,3,0,0,1.0,Complex,196,60,False
H1,m84137_260214_004236_s1/83364579/ccs,0,8,2,3,0,3,0,0,1.0,Complex,196,60,False
H1,m84137_260214_004236_s1/120784008/ccs,0,8,2,3,0,3,0,0,1.0,Complex,196,60,False
H1,m84137_260214_004236_s1/116262918/ccs,0,8,2,3,0,3,0,0,1.0,Complex,196,60,False
H1,m84137_260214_004236_s1/116788111/ccs,0,8,2,3,0,3,0,0,1.0,Complex,196,60,False
H1,m84137_260214_004236_s1/164563421/ccs,0,8,2,3,0,3,0,0,1.0,Complex,196,60,False
H1,m84137_260214_004236_s1/174653529/ccs,0,8,2,3,0,3,0,0,1.0,Complex,196,60,False
H1,m84137_260214_004236_s1/208865826/ccs,0,8,2,3,0,3,0,0,1.0,Complex,196,60,False
H1,m84137_260214_004236_s1/230165289/ccs,0,8,2,3,0,3,0,0,1.0,Complex,196,60,False
H1,m84137_260214_004236_s1/231473746/ccs,0,8,2,3,0,3,0,0,1.0,Complex,196,60,False
H1,m84137_260214_004236_s1/263979482/ccs,0,8,2,3,0,3,0,0,1.0,Complex,196,60,False
H1,m84137_260214_004236_s1/18749085/ccs,0,8,2,3,0,3,0,0,1.0,Complex,196,60,False
H1,m84137_260214_004236_s1/248579559/ccs,0,8,2,3,0,3,0,0,1.0,Complex,196,60,False
H1,m84137_260214_004236_s1/26741890/ccs,0,8,2,3,0,3,0,0,1.0,Complex,196,60,False
H1,m84137_260214_004236_s1/172099780/ccs,0,8,2,3,0,3,0,0,1.0,Complex,196,60,False
H1,m84137_260214_004236_s1/176949513/ccs,0,8,2,3,0,3,0,0,1.0,Complex,196,60,False
H1,m84137_260214_004236_s1/193530253/ccs,0,8,2,3,0,3,0,0,1.0,Complex,196,60,False
H1,m84137_260214_004236_s1/180029084/ccs,0,8,2,3,0,3,0,0,1.0,Complex,196,60,False
H1,m84137_260214_004236_s1/173343590/ccs,0,8,2,3,0,3,0,0,1.0,Complex,196,60,False
H1,m84137_260214_004236_s1/199098415/ccs,0,8,2,3,0,3,0,0,1.0,Complex,196,60,False
H1,m84137_260214_004236_s1/201787178/ccs,0,8,2,3,0,3,0,0,1.0,Complex,196,60,False
H1,m84137_260214_004236_s1/202311802/ccs,0,8,2,3,0,3,0,0,1.0,Complex,196,60,False
H1,m84137_260214_004236_s1/181863861/ccs,0,8,2,3,0,3,0,0,1.0,Complex,196,60,False
H1,m84137_260214_004236_s1/207685227/ccs,0,8,2,3,0,3,0,0,1.0,Complex,196,60,False
H1,m84137_260214_004236_s1/200279322/ccs,0,8,2,3,0,3,0,0,1.0,Complex,196,60,False
H1,m84137_260214_004236_s1/224068768/ccs,0,8,2,3,0,3,0,0,1.0,Complex,196,60,False
H1,m84137_260214_004236_s1/182913903/ccs,0,8,2,5,0,3,1,0,1.0,Complex,196,60,False
H1,m84137_260214_004236_s1/221907172/ccs,0,8,2,3,0,3,0,0,1.0,Complex,196,60,False
H1,m84137_260214_004236_s1/183371912/ccs,0,8,2,3,0,3,0,0,1.0,Complex,196,60,False
H1,m84137_260214_004236_s1/225249958/ccs,0,8,2,3,0,3,0,0,1.0,Complex,196,60,False
H1,m84137_260214_004236_s1/209062164/ccs,0,8,2,3,0,3,0,0,1.0,Complex,196,60,False
H1,m84137_260214_004236_s1/229509395/ccs,0,8,2,3,0,3,0,0,1.0,Complex,196,60,False
H1,m84137_260214_004236_s1/209454333/ccs,0,8,2,3,0,3,0,0,1.0,Complex,196,60,False
H1,m84137_260214_004236_s1/204604481/ccs,0,8,2,3,0,3,0,0,1.0,Complex,196,60,False
H1,m84137_260214_004236_s1/209781926/ccs,0,8,2,3,0,3,0,0,1.0,Complex,196,60,False
H1,m84137_260214_004236_s1/230426458/ccs,0,8,2,3,0,3,0,0,1.0,Complex,196,60,False
H1,m84137_260214_004236_s1/75499290/ccs,0,8,2,3,0,3,0,0,1.0,Complex,196,60,False
H1,m84137_260214_004236_s1/88015958/ccs,0,8,2,3,0,3,0,0,1.0,Complex,196,60,False
H1,m84137_260214_004236_s1/123732087/ccs,0,8,2,3,0,3,0,0,1.0,Complex,196,60,False
H1,m84137_260214_004236_s1/151979451/ccs,0,8,2,3,0,3,0,0,1.0,Complex,196,60,False
H1,m84137_260214_004236_s1/140836974/ccs,0,8,2,3,0,3,0,0,1.0,Complex,196,60,False
H1,m84137_260214_004236_s1/145490230/ccs,0,8,2,3,0,3,0,0,1.0,Complex,196,60,False
H1,m84137_260214_004236_s1/155387935/ccs,0,8,2,3,0,3,0,0,1.0,Complex,196,60,False
H1,m84137_260214_004236_s1/163644217/ccs,0,8,2,3,0,3,0,0,1.0,Complex,196,60,False
H1,m84137_260214_004236_s1/147719499/ccs,0,8,2,3,0,3,0,0,1.0,Complex,196,60,False
H1,m84137_260214_004236_s1/186254811/ccs,0,8,2,3,0,3,0,0,1.0,Complex,196,60,False
H1,m84137_260214_004236_s1/188482679/ccs,0,8,2,3,0,3,0,0,1.0,Complex,196,60,False
H1,m84137_260214_004236_s1/192282967/ccs,0,8,2,3,0,3,0,0,1.0,Complex,196,60,False
H1,m84137_260214_004236_s1/177800613/ccs,0,8,2,3,0,3,0,0,1.0,Complex,196,60,False
H1,m84137_260214_004236_s1/219022829/ccs,0,8,2,3,0,3,0,0,1.0,Complex,196,60,False
H1,m84137_260214_004236_s1/180553088/ccs,0,8,2,3,0,3,0,0,1.0,Complex,196,60,False
H1,m84137_260214_004236_s1/195297819/ccs,0,8,2,3,0,3,0,0,1.0,Complex,196,60,False
H1,m84137_260214_004236_s1/202506730/ccs,0,8,2,3,0,3,0,0,1.0,Complex,196,60,False
H1,m84137_260214_004236_s1/51058232/ccs,0,8,2,3,0,3,0,0,1.0,Complex,196,60,False
H1,m84137_260214_004236_s1/11932527/ccs,0,8,2,3,0,3,0,0,1.0,Complex,196,60,False
H1,m84137_260214_004236_s1/39327044/ccs,0,8,2,3,0,3,0,0,1.0,Complex,196,60,False
H1,m84137_260214_004236_s1/32509772/ccs,0,8,2,3,0,3,0,0,1.0,Complex,196,60,False
H1,m84137_260214_004236_s1/88215259/ccs,0,8,2,3,0,3,0,0,1.0,Complex,196,60,False
H1,m84137_260214_004236_s1/136647251/ccs,0,8,2,3,0,3,0,0,1.0,Complex,196,60,False
H1,m84137_260214_004236_s1/142152270/ccs,0,8,2,3,0,3,0,0,1.0,Complex,196,60,False
H1,m84137_260214_004236_s1/164171121/ccs,0,8,2,3,0,3,0,0,1.0,Complex,196,60,False
H1,m84137_260214_004236_s1/225777569/ccs,0,8,2,3,0,3,0,0,1.0,Complex,196,60,False
H1,m84137_260214_004236_s1/255660919/ccs,0,8,2,3,0,3,0,0,1.0,Complex,196,60,False
H1,m84137_260214_004236_s1/243273724/ccs,0,8,2,3,0,3,0,0,1.0,Complex,196,60,False
H1,m84137_260214_004236_s1/5965288/ccs,0,8,2,3,0,3,0,0,1.0,Complex,196,60,False
H1,m84137_260214_004236_s1/30150785/ccs,0,8,2,3,0,3,0,0,1.0,Complex,196,60,False
H1,m84137_260214_004236_s1/30674373/ccs,0,8,2,3,0,3,0,0,1.0,Complex,196,60,False
H1,m84137_260214_004236_s1/54006591/ccs,0,8,2,3,0,3,0,0,1.0,Complex,196,60,False
H1,m84137_260214_004236_s1/61475988/ccs,0,8,2,3,0,3,0,0,1.0,Complex,196,60,False
H1,m84137_260214_004236_s1/72225071/ccs,0,8,2,3,0,3,0,0,1.0,Complex,196,60,False
H1,m84137_260214_004236_s1/93722306/ccs,0,8,2,3,0,3,0,0,1.0,Complex,196,60,False
H1,m84137_260214_004236_s1/82252044/ccs,0,8,2,3,0,3,0,0,1.0,Complex,196,60,False
H1,m84137_260214_004236_s1/144970566/ccs,0,8,2,3,0,3,0,0,1.0,Complex,196,60,False
H1,m84137_260214_004236_s1/166663633/ccs,0,8,2,3,0,3,0,0,1.0,Complex,196,60,False
H1,m84137_260214_004236_s1/172560777/ccs,0,8,2,3,0,3,0,0,1.0,Complex,196,60,False
H1,m84137_260214_004236_s1/179637405/ccs,0,8,2,3,0,3,0,0,1.0,Complex,196,60,False
H1,m84137_260214_004236_s1/208082580/ccs,0,8,2,3,0,3,0,0,1.0,Complex,196,60,False
H1,m84137_260214_004236_s1/244125722/ccs,0,8,2,3,0,3,0,0,1.0,Complex,196,60,False
H1,m84137_260214_004236_s1/259853949/ccs,0,8,2,3,0,3,0,0,1.0,Complex,196,60,False
H1,m84137_260214_004236_s1/32573846/ccs,0,8,2,3,0,3,0,0,1.0,Complex,196,60,False
H1,m84137_260214_004236_s1/54986811/ccs,0,8,2,3,0,3,0,0,1.0,Complex,196,60,False
H1,m84137_260214_004236_s1/87034634/ccs,0,8,2,3,0,3,0,0,1.0,Complex,196,60,False
H1,m84137_260214_004236_s1/245104807/ccs,0,8,2,3,0,3,0,0,1.0,Complex,196,60,False
H1,m84137_260214_004236_s1/54529425/ccs,0,8,2,3,0,3,0,0,1.0,Complex,196,60,False
H1,m84137_260214_004236_s1/63378309/ccs,0,8,2,3,0,3,0,0,1.0,Complex,196,60,False
H1,m84137_260214_004236_s1/88543452/ccs,0,8,2,3,0,3,0,0,1.0,Complex,196,60,False
H1,m84137_260214_004236_s1/120393557/ccs,0,8,2,3,0,3,0,0,1.0,Complex,196,60,False
H1,m84137_260214_004236_s1/130945211/ccs,0,8,2,3,0,3,0,0,1.0,Complex,196,60,False
H1,m84137_260214_004236_s1/177082012/ccs,0,8,2,3,0,3,0,0,1.0,Complex,196,60,False
H1,m84137_260214_004236_s1/249499004/ccs,0,8,2,3,0,3,0,0,1.0,Complex,196,60,False
H1,m84137_260214_004236_s1/16910503/ccs,0,8,2,3,0,3,0,0,1.0,Complex,196,60,False
H1,m84137_260214_004236_s1/17498327/ccs,0,8,2,3,0,3,0,0,1.0,Complex,196,60,False
H1,m84137_260214_004236_s1/18285177/ccs,0,8,2,3,0,3,0,0,1.0,Complex,196,60,False
H1,m84137_260214_004236_s1/29166006/ccs,0,8,2,3,0,3,0,0,1.0,Complex,196,60,False
H1,m84137_260214_004236_s1/3868234/ccs,0,8,2,3,0,3,0,0,1.0,Complex,196,60,False
H1,m84137_260214_004236_s1/3932420/ccs,0,8,2,3,0,3,0,0,1.0,Complex,196,60,False
H1,m84137_260214_004236_s1/3804020/ccs,0,8,2,3,0,3,0,0,1.0,Complex,196,60,False
H1,m84137_260214_004236_s1/19595813/ccs,0,8,2,3,0,3,0,0,1.0,Complex,196,60,False
H1,m84137_260214_004236_s1/215286235/ccs,0,8,2,3,0,3,0,0,1.0,Complex,196,60,False
H1,m84137_260214_004236_s1/210834983/ccs,0,8,2,3,0,3,0,0,1.0,Complex,196,60,False
H1,m84137_260214_004236_s1/102567411/ccs,0,8,1,3,0,3,0,0,1.0,Complex,196,60,False
H1,m84137_260214_004236_s1/48498419/ccs,0,8,2,3,0,3,0,0,1.0,Complex,196,60,False
H1,m84137_260214_004236_s1/92735770/ccs,0,8,2,3,0,3,0,0,1.0,Complex,196,60,False
H1,m84137_260214_004236_s1/75762317/ccs,0,8,2,3,0,3,0,0,1.0,Complex,196,60,False
H1,m84137_260214_004236_s1/76940079/ccs,0,8,2,3,0,3,0,0,1.0,Complex,196,60,False
H1,m84137_260214_004236_s1/106761038/ccs,0,8,2,3,0,3,0,0,1.0,Complex,196,60,False
H1,m84137_260214_004236_s1/99683300/ccs,0,8,2,3,0,3,0,0,1.0,Complex,196,60,False
H1,m84137_260214_004236_s1/186124262/ccs,0,8,2,3,0,3,0,0,1.0,Complex,196,60,False
H1,m84137_260214_004236_s1/20055214/ccs,0,8,2,3,0,3,0,0,1.0,Complex,196,60,False
H1,m84137_260214_004236_s1/5507485/ccs,0,8,2,3,0,3,0,0,1.0,Complex,196,60,False
H1,m84137_260214_004236_s1/9177874/ccs,0,8,2,3,0,3,0,0,1.0,Complex,196,60,False
H1,m84137_260214_004236_s1/21955409/ccs,0,8,2,3,0,3,0,0,1.0,Complex,196,60,False
H1,m84137_260214_004236_s1/34671278/ccs,0,8,2,3,0,3,0,0,1.0,Complex,196,60,False
H1,m84137_260214_004236_s1/31916604/ccs,0,8,2,3,0,3,0,0,1.0,Complex,196,60,False
H1,m84137_260214_004236_s1/35259391/ccs,0,8,2,3,0,3,0,0,1.0,Complex,196,60,False
H1,m84137_260214_004236_s1/50727890/ccs,0,8,2,3,0,3,0,0,1.0,Complex,196,60,False
H1,m84137_260214_004236_s1/35914534/ccs,0,8,2,3,0,3,0,0,1.0,Complex,196,60,False
H1,m84137_260214_004236_s1/40306430/ccs,0,8,2,3,0,3,0,0,1.0,Complex,196,60,False
H1,m84137_260214_004236_s1/61866760/ccs,0,8,2,3,0,3,0,0,1.0,Complex,196,60,False
H1,m84137_260214_004236_s1/52363855/ccs,0,8,2,3,0,3,0,0,1.0,Complex,196,60,False
H1,m84137_260214_004236_s1/59507764/ccs,0,8,2,3,0,3,0,0,1.0,Complex,196,60,False
H1,m84137_260214_004236_s1/38274325/ccs,0,8,2,3,0,3,0,0,1.0,Complex,196,60,False
H1,m84137_260214_004236_s1/54265274/ccs,0,8,2,3,0,3,0,0,1.0,Complex,196,60,False
H1,m84137_260214_004236_s1/38800189/ccs,0,8,2,3,0,3,0,0,1.0,Complex,196,60,False
H1,m84137_260214_004236_s1/54396442/ccs,0,8,2,3,0,3,0,0,1.0,Complex,196,60,False
H1,m84137_260214_004236_s1/115476360/ccs,0,8,2,3,0,3,0,0,1.0,Complex,196,60,False
H1,m84137_260214_004236_s1/115606956/ccs,0,8,2,3,0,3,0,0,1.0,Complex,196,60,False
H1,m84137_260214_004236_s1/133498539/ccs,0,8,2,3,0,3,0,0,1.0,Complex,196,60,False
H1,m84137_260214_004236_s1/140969060/ccs,0,8,2,3,0,3,0,0,1.0,Complex,196,60,False
H1,m84137_260214_004236_s1/141296563/ccs,0,8,2,3,0,3,0,0,1.0,Complex,196,60,False
H1,m84137_260214_004236_s1/154404867/ccs,0,8,2,3,0,3,0,0,1.0,Complex,196,60,False
H1,m84137_260214_004236_s1/138741753/ccs,0,8,2,3,0,3,0,0,1.0,Complex,196,60,False
H1,m84137_260214_004236_s1/146017060/ccs,0,8,2,3,0,3,0,0,1.0,Complex,196,60,False
H1,m84137_260214_004236_s1/146081150/ccs,0,8,2,3,0,3,0,0,1.0,Complex,196,60,False
H1,m84137_260214_004236_s1/164365961/ccs,0,8,2,3,0,3,0,0,1.0,Complex,196,60,False
H1,m84137_260214_004236_s1/184617783/ccs,0,8,2,3,0,3,0,0,1.0,Complex,196,60,False
H1,m84137_260214_004236_s1/165282313/ccs,0,8,2,3,0,3,0,0,1.0,Complex,196,60,False
H1,m84137_260214_004236_s1/168428662/ccs,0,8,2,3,0,3,0,0,1.0,Complex,196,60,False
H1,m84137_260214_004236_s1/147784732/ccs,0,8,2,3,0,3,0,0,1.0,Complex,196,60,False
H1,m84137_260214_004236_s1/169411888/ccs,0,8,2,3,0,3,0,0,1.0,Complex,196,60,False
H1,m84137_260214_004236_s1/166528094/ccs,0,8,2,3,0,3,0,0,1.0,Complex,196,60,False
H1,m84137_260214_004236_s1/186124562/ccs,0,8,2,3,0,3,0,0,1.0,Complex,196,60,False
H1,m84137_260214_004236_s1/148900286/ccs,0,8,2,3,0,3,0,0,1.0,Complex,196,60,False
H1,m84137_260214_004236_s1/237376273/ccs,0,8,2,3,0,3,0,0,1.0,Complex,196,60,False
H1,m84137_260214_004236_s1/258150411/ccs,0,8,2,3,0,3,0,0,1.0,Complex,196,60,False
H1,m84137_260214_004236_s1/255725200/ccs,0,8,2,3,0,3,0,0,1.0,Complex,196,60,False
H1,m84137_260214_004236_s1/258806674/ccs,0,8,2,3,0,3,0,0,1.0,Complex,196,60,False
H1,m84137_260214_004236_s1/216207470/ccs,0,8,2,3,0,3,0,0,1.0,Complex,196,60,False
H1,m84137_260214_004236_s1/262934501/ccs,0,8,2,3,0,3,0,0,1.0,Complex,196,60,False
H1,m84137_260214_004236_s1/245699426/ccs,0,8,2,3,0,3,0,0,1.0,Complex,196,60,False
H1,m84137_260214_004236_s1/247011091/ccs,0,8,2,3,0,3,0,0,1.0,Complex,196,60,False
H1,m84137_260214_004236_s1/251399706/ccs,0,8,2,3,0,3,0,0,1.0,Complex,196,60,False
H1,m84137_260214_004236_s1/251465316/ccs,0,8,2,3,0,3,0,0,1.0,Complex,196,60,False
H1,m84137_260214_004236_s1/15663639/ccs,0,8,2,3,0,3,0,0,1.0,Complex,196,60,False
H1,m84137_260214_004236_s1/51119791/ccs,0,8,2,3,0,3,0,0,1.0,Complex,196,60,False
H1,m84137_260214_004236_s1/40110215/ccs,0,8,2,3,0,3,0,0,1.0,Complex,196,60,False
H1,m84137_260214_004236_s1/52693524/ccs,0,8,2,3,0,3,0,0,1.0,Complex,196,60,False
H1,m84137_260214_004236_s1/73532148/ccs,0,8,2,3,0,3,0,0,1.0,Complex,196,60,False
H1,m84137_260214_004236_s1/115214719/ccs,0,8,2,3,0,3,0,0,1.0,Complex,196,60,False
H1,m84137_260214_004236_s1/172622536/ccs,0,8,2,3,0,3,0,0,1.0,Complex,196,60,False
H1,m84137_260214_004236_s1/172950308/ccs,0,8,2,3,0,3,0,0,1.0,Complex,196,60,False
H1,m84137_260214_004236_s1/225969039/ccs,0,8,2,3,0,3,0,0,1.0,Complex,196,60,False
H1,m84137_260214_004236_s1/240845311/ccs,0,8,2,3,0,3,0,0,1.0,Complex,196,60,False
H1,m84137_260214_004236_s1/263326390/ccs,0,8,2,3,0,3,0,0,1.0,Complex,196,60,False
H1,m84137_260214_004236_s1/245369066/ccs,0,8,2,3,0,3,0,0,1.0,Complex,196,60,False
H1,m84137_260214_004236_s1/167511269/ccs,0,8,2,3,0,3,0,0,1.0,Complex,196,60,False
H1,m84137_260214_004236_s1/191366382/ccs,0,8,2,3,0,3,0,0,1.0,Complex,196,60,False
H1,m84137_260214_004236_s1/191170919/ccs,0,8,2,3,0,3,0,0,1.0,Complex,196,60,False
H1,m84137_260214_004236_s1/149947267/ccs,0,8,2,3,0,3,0,0,1.0,Complex,196,60,False
H1,m84137_260214_004236_s1/195757744/ccs,0,8,2,3,0,3,0,0,1.0,Complex,196,60,False
H1,m84137_260214_004236_s1/187958101/ccs,0,8,2,3,0,3,0,0,1.0,Complex,196,60,False
H1,m84137_260214_004236_s1/191432551/ccs,0,8,2,3,0,3,0,0,1.0,Complex,196,60,False
H1,m84137_260214_004236_s1/188287881/ccs,0,8,2,3,0,3,0,0,1.0,Complex,196,60,False
H1,m84137_260214_004236_s1/175637488/ccs,0,8,2,3,0,3,0,0,1.0,Complex,196,60,False
H1,m84137_260214_004236_s1/188942149/ccs,0,8,2,3,0,3,0,0,1.0,Complex,196,60,False
H1,m84137_260214_004236_s1/175899511/ccs,0,8,2,3,0,3,0,0,1.0,Complex,196,60,False
H1,m84137_260214_004236_s1/175898938/ccs,0,8,2,3,0,3,0,0,1.0,Complex,196,60,False
H1,m84137_260214_004236_s1/193267087/ccs,0,8,2,3,0,3,0,0,1.0,Complex,196,60,False
H1,m84137_260214_004236_s1/177144500/ccs,0,8,2,3,0,3,0,0,1.0,Complex,196,60,False
H1,m84137_260214_004236_s1/218564888/ccs,0,8,2,3,0,3,0,0,1.0,Complex,196,60,False
H1,m84137_260214_004236_s1/181141852/ccs,0,8,2,3,0,3,0,0,1.0,Complex,196,60,False
H1,m84137_260214_004236_s1/202179249/ccs,0,8,2,3,0,3,0,0,1.0,Complex,196,60,False
H1,m84137_260214_004236_s1/207880566/ccs,0,8,2,3,0,3,0,0,1.0,Complex,196,60,False
H1,m84137_260214_004236_s1/207947503/ccs,0,8,2,3,0,3,0,0,1.0,Complex,196,60,False
H1,m84137_260214_004236_s1/224658113/ccs,0,8,2,3,0,3,0,0,1.0,Complex,196,60,False
H1,m84137_260214_004236_s1/183306961/ccs,0,8,2,3,0,3,0,0,1.0,Complex,196,60,False
H1,m84137_260214_004236_s1/209980115/ccs,0,8,2,3,0,3,0,0,1.0,Complex,196,60,False
H1,m84137_260214_004236_s1/212534336/ccs,0,8,2,3,0,3,0,0,1.0,Complex,196,60,False
H1,m84137_260214_004236_s1/205129574/ccs,0,8,2,3,0,3,0,0,1.0,Complex,196,60,False
H1,m84137_260214_004236_s1/205193636/ccs,0,8,2,3,0,3,0,0,1.0,Complex,196,60,False
H1,m84137_260214_004236_s1/205587950/ccs,0,8,2,3,0,3,0,0,1.0,Complex,196,60,False
H1,m84137_260214_004236_s1/227345132/ccs,0,8,2,3,0,3,0,0,1.0,Complex,196,60,False
H1,m84137_260214_004236_s1/231148509/ccs,0,8,2,3,0,3,0,0,1.0,Complex,196,60,False
H1,m84137_260214_004236_s1/206111186/ccs,0,8,2,3,0,3,0,0,1.0,Complex,196,60,False
H1,m84137_260214_004236_s1/231540037/ccs,0,8,2,3,0,3,0,0,1.0,Complex,196,60,False
H1,m84137_260214_004236_s1/211880152/ccs,0,8,2,3,0,3,0,0,1.0,Complex,196,60,False
H1,m84137_260214_004236_s1/233179913/ccs,0,8,2,3,0,3,0,0,1.0,Complex,196,60,False
H1,m84137_260214_004236_s1/236456663/ccs,0,8,2,3,0,3,0,0,1.0,Complex,196,60,False
H1,m84137_260214_004236_s1/241502732/ccs,0,8,2,3,0,3,0,0,1.0,Complex,196,60,False
H1,m84137_260214_004236_s1/236980683/ccs,0,8,2,3,0,3,0,0,1.0,Complex,196,60,False
H1,m84137_260214_004236_s1/121049028/ccs,0,8,2,3,0,3,0,0,1.0,Complex,196,60,False
H1,m84137_260214_004236_s1/108662218/ccs,0,8,2,3,0,3,0,0,1.0,Complex,196,60,False
H1,m84137_260214_004236_s1/125637528/ccs,0,8,2,3,0,3,0,0,1.0,Complex,196,60,False
H1,m84137_260214_004236_s1/109581782/ccs,0,8,2,3,0,3,0,0,1.0,Complex,196,60,False
H1,m84137_260214_004236_s1/83037218/ccs,0,8,2,3,0,3,0,0,1.0,Complex,196,60,False
H1,m84137_260214_004236_s1/127014816/ccs,0,8,2,3,0,3,0,0,1.0,Complex,196,60,False
H1,m84137_260214_004236_s1/111283589/ccs,0,8,2,3,0,3,0,0,1.0,Complex,196,60,False
H1,m84137_260214_004236_s1/83693178/ccs,0,8,2,3,0,3,0,0,1.0,Complex,196,60,False
H1,m84137_260214_004236_s1/128520706/ccs,0,8,2,3,0,3,0,0,1.0,Complex,196,60,False
H1,m84137_260214_004236_s1/111939670/ccs,0,8,2,3,0,3,0,0,1.0,Complex,196,60,False
H1,m84137_260214_004236_s1/140054814/ccs,0,8,2,3,0,3,0,0,1.0,Complex,196,60,False
H1,m84137_260214_004236_s1/112266618/ccs,0,8,2,5,0,4,0,0,1.0,Complex,196,60,False
H1,m84137_260214_004236_s1/153619860/ccs,0,8,2,3,0,3,0,0,1.0,Complex,196,60,False
H1,m84137_260214_004236_s1/157881319/ccs,0,8,2,3,0,3,0,0,1.0,Complex,196,60,False
H1,m84137_260214_004236_s1/114757860/ccs,0,8,2,3,0,3,0,0,1.0,Complex,196,60,False
H1,m84137_260214_004236_s1/158733860/ccs,0,8,2,3,0,3,0,0,1.0,Complex,196,60,False
H1,m84137_260214_004236_s1/138808991/ccs,0,8,2,3,0,3,0,0,1.0,Complex,196,60,False
H1,m84137_260214_004236_s1/144248431/ccs,0,8,2,3,0,3,0,0,1.0,Complex,196,60,False
H1,m84137_260214_004236_s1/164236840/ccs,0,8,2,3,0,3,0,0,1.0,Complex,196,60,False
H1,m84137_260214_004236_s1/161615240/ccs,0,8,2,3,0,3,0,0,1.0,Complex,196,60,False
H1,m84137_260214_004236_s1/69015063/ccs,0,8,2,3,0,3,0,0,1.0,Complex,196,60,False
H1,m84137_260214_004236_s1/16258790/ccs,0,8,2,3,0,3,0,0,1.0,Complex,196,60,False
H1,m84137_260214_004236_s1/43323801/ccs,0,8,2,3,0,3,0,0,1.0,Complex,196,60,False
H1,m84137_260214_004236_s1/60361729/ccs,0,8,2,3,0,3,0,0,1.0,Complex,196,60,False
H1,m84137_260214_004236_s1/44438200/ccs,0,8,2,3,0,3,0,0,1.0,Complex,196,60,False
H1,m84137_260214_004236_s1/85922684/ccs,0,8,2,3,0,3,0,0,1.0,Complex,196,60,False
H1,m84137_260214_004236_s1/46075258/ccs,0,8,2,3,0,3,0,0,1.0,Complex,196,60,False
H1,m84137_260214_004236_s1/46274264/ccs,0,8,2,3,0,3,0,0,1.0,Complex,196,60,False
H1,m84137_260214_004236_s1/46732555/ccs,0,8,2,3,0,3,0,0,1.0,Complex,196,60,False
H1,m84137_260214_004236_s1/90443360/ccs,0,8,2,3,0,3,0,0,1.0,Complex,196,60,False
H1,m84137_260214_004236_s1/87234036/ccs,0,8,2,3,0,3,0,0,1.0,Complex,196,60,False
H1,m84137_260214_004236_s1/88280969/ccs,0,8,2,3,0,3,0,0,1.0,Complex,196,60,False
H1,m84137_260214_004236_s1/75762978/ccs,0,8,2,3,0,3,0,0,1.0,Complex,196,60,False
H1,m84137_260214_004236_s1/101454567/ccs,0,8,2,3,0,3,0,0,1.0,Complex,196,60,False
H1,m84137_260214_004236_s1/118690503/ccs,0,8,2,3,0,3,0,0,1.0,Complex,196,60,False
H1,m84137_260214_004236_s1/119345366/ccs,0,8,2,3,0,3,0,0,1.0,Complex,196,60,False
H1,m84137_260214_004236_s1/98964949/ccs,0,8,2,3,0,3,0,0,1.0,Complex,196,60,False
H1,m84137_260214_004236_s1/32969205/ccs,0,8,2,3,0,3,0,0,1.0,Complex,196,60,False
H1,m84137_260214_004236_s1/79761548/ccs,0,8,2,3,0,3,0,0,1.0,Complex,196,60,False
H1,m84137_260214_004236_s1/152048002/ccs,0,8,2,3,0,3,0,0,1.0,Complex,196,60,False
H1,m84137_260214_004236_s1/133699250/ccs,0,8,2,3,0,3,0,0,1.0,Complex,196,60,False
H1,m84137_260214_004236_s1/142675649/ccs,0,8,2,3,0,3,0,0,1.0,Complex,196,60,False
H1,m84137_260214_004236_s1/169481439/ccs,0,8,2,3,0,3,0,0,1.0,Complex,196,60,False
H1,m84137_260214_004236_s1/194056842/ccs,0,8,2,3,0,3,0,0,1.0,Complex,196,60,False
H1,m84137_260214_004236_s1/231216131/ccs,0,8,2,3,0,3,0,0,1.0,Complex,196,60,False
H1,m84137_260214_004236_s1/242749555/ccs,0,8,2,3,0,3,0,0,1.0,Complex,196,60,False
H1,m84137_260214_004236_s1/36963248/ccs,0,8,2,3,0,3,0,0,1.0,Complex,196,60,False
H1,m84137_260214_004236_s1/87229654/ccs,0,8,2,3,0,3,0,0,1.0,Complex,196,60,False
H1,m84137_260214_004236_s1/246482913/ccs,0,8,2,3,0,3,0,0,1.0,Complex,196,60,False
H1,m84137_260214_004236_s1/125441491/ccs,0,8,2,3,0,3,0,0,1.0,Complex,196,60,False
H1,m84137_260214_004236_s1/80020630/ccs,0,8,2,3,0,3,0,0,1.0,Complex,196,60,False
H1,m84137_260214_004236_s1/67437809/ccs,0,8,2,3,0,3,0,0,1.0,Complex,196,60,False
H1,m84137_260214_004236_s1/64293524/ccs,0,8,2,3,0,3,0,0,1.0,Complex,196,60,False
H1,m84137_260214_004236_s1/67895751/ccs,0,8,2,3,0,3,0,0,1.0,Complex,196,60,False
H1,m84137_260214_004236_s1/55444945/ccs,0,8,2,3,0,3,0,0,1.0,Complex,196,60,False
H1,m84137_260214_004236_s1/68617071/ccs,0,8,2,3,0,3,0,0,1.0,Complex,196,60,False
H1,m84137_260214_004236_s1/73534045/ccs,0,8,2,3,0,3,0,0,1.0,Complex,196,60,False
H1,m84137_260214_004236_s1/50069737/ccs,0,8,2,3,0,3,0,0,1.0,Complex,196,60,False
H1,m84137_260214_004236_s1/70060497/ccs,0,8,2,3,0,3,0,0,1.0,Complex,196,60,False
H1,m84137_260214_004236_s1/78514307/ccs,0,8,2,3,0,3,0,0,1.0,Complex,196,60,False
H1,m84137_260214_004236_s1/70452165/ccs,0,8,2,3,0,3,0,0,1.0,Complex,196,60,False
H1,m84137_260214_004236_s1/95291001/ccs,0,8,2,3,0,3,0,0,1.0,Complex,196,60,False
H1,m84137_260214_004236_s1/92931640/ccs,0,8,2,3,0,3,0,0,1.0,Complex,196,60,False
H1,m84137_260214_004236_s1/79430602/ccs,0,8,2,3,0,3,0,0,1.0,Complex,196,60,False
H1,m84137_260214_004236_s1/71763430/ccs,0,8,2,3,0,3,0,0,1.0,Complex,196,60,False
H1,m84137_260214_004236_s1/93522716/ccs,0,8,2,3,0,3,0,0,1.0,Complex,196,60,False
H1,m84137_260214_004236_s1/117638119/ccs,0,8,2,3,0,3,0,0,1.0,Complex,196,60,False
H1,m84137_260214_004236_s1/102042390/ccs,0,8,2,3,0,3,0,0,1.0,Complex,196,60,False
H1,m84137_260214_004236_s1/101976857/ccs,0,8,2,3,0,3,0,0,1.0,Complex,196,60,False
H1,m84137_260214_004236_s1/237240358/ccs,0,8,2,3,0,3,0,0,1.0,Complex,196,60,False
H1,m84137_260214_004236_s1/258868107/ccs,0,8,2,3,0,3,0,0,1.0,Complex,196,60,False
H1,m84137_260214_004236_s1/255920585/ccs,0,8,2,3,0,3,0,0,1.0,Complex,196,60,False
H1,m84137_260214_004236_s1/237701132/ccs,0,8,2,3,0,3,0,0,1.0,Complex,196,60,False
H1,m84137_260214_004236_s1/242811946/ccs,0,8,2,3,0,3,0,0,1.0,Complex,196,60,False
H1,m84137_260214_004236_s1/239337564/ccs,0,8,2,3,0,3,0,0,1.0,Complex,196,60,False
H1,m84137_260214_004236_s1/260901780/ccs,0,8,2,3,0,3,0,0,1.0,Complex,196,60,False
H1,m84137_260214_004236_s1/23859478/ccs,0,8,2,3,0,3,0,0,1.0,Complex,196,60,False
H1,m84137_260214_004236_s1/6099551/ccs,0,8,2,3,0,3,0,0,1.0,Complex,196,60,False
H1,m84137_260214_004236_s1/4394598/ccs,0,8,2,5,0,4,0,0,1.0,Complex,196,60,False
H1,m84137_260214_004236_s1/25628414/ccs,0,8,2,3,0,3,0,0,1.0,Complex,196,60,False
H1,m84137_260214_004236_s1/50729111/ccs,0,8,2,3,0,3,0,0,1.0,Complex,196,60,False
H1,m84137_260214_004236_s1/50861991/ccs,0,8,2,3,0,3,0,0,1.0,Complex,196,60,False
H1,m84137_260214_004236_s1/10816632/ccs,0,8,2,3,0,3,0,0,1.0,Complex,196,60,False
H1,m84137_260214_004236_s1/36441535/ccs,0,8,2,3,0,3,0,0,1.0,Complex,196,60,False
H1,m84137_260214_004236_s1/56365098/ccs,0,8,2,3,0,3,0,0,1.0,Complex,196,60,False
H1,m84137_260214_004236_s1/13438749/ccs,0,8,2,3,0,3,0,0,1.0,Complex,196,60,False
H1,m84137_260214_004236_s1/106497358/ccs,0,8,2,3,0,3,0,0,1.0,Complex,196,60,False
H1,m84137_260214_004236_s1/83100556/ccs,0,8,2,3,0,3,0,0,1.0,Complex,196,60,False
H1,m84137_260214_004236_s1/102827498/ccs,0,8,2,3,0,3,0,0,1.0,Complex,196,60,False
H1,m84137_260214_004236_s1/100010155/ccs,0,8,2,3,0,3,0,0,1.0,Complex,196,60,False
H1,m84137_260214_004236_s1/124323835/ccs,0,8,2,3,0,3,0,0,1.0,Complex,196,60,False
H1,m84137_260214_004236_s1/119343499/ccs,0,8,2,3,0,3,0,0,1.0,Complex,196,60,False
H1,m84137_260214_004236_s1/119408604/ccs,0,8,2,3,0,3,0,0,1.0,Complex,196,60,False
H1,m84137_260214_004236_s1/119933833/ccs,0,8,2,3,0,3,0,0,1.0,Complex,196,60,False
H1,m84137_260214_004236_s1/120915775/ccs,0,8,2,3,0,3,0,0,1.0,Complex,196,60,False
H1,m84137_260214_004236_s1/109185568/ccs,0,8,2,3,0,3,0,0,1.0,Complex,196,60,False
H1,m84137_260214_004236_s1/105121857/ccs,0,8,2,3,0,3,0,0,1.0,Complex,196,60,False
H1,m84137_260214_004236_s1/113181296/ccs,0,8,2,3,0,3,0,0,1.0,Complex,196,60,False
H1,m84137_260214_004236_s1/126945821/ccs,0,8,2,3,0,3,0,0,1.0,Complex,196,60,False
H1,m84137_260214_004236_s1/110824048/ccs,0,8,2,3,0,3,0,0,1.0,Complex,196,60,False
H1,m84137_260214_004236_s1/127470522/ccs,0,8,2,3,0,3,0,0,1.0,Complex,196,60,False
H1,m84137_260214_004236_s1/131727974/ccs,0,8,2,3,0,3,0,0,1.0,Complex,196,60,False
H1,m84137_260214_004236_s1/127994013/ccs,0,8,2,3,0,3,0,0,1.0,Complex,196,60,False
H1,m84137_260214_004236_s1/135726319/ccs,0,8,2,3,0,3,0,0,1.0,Complex,196,60,False
H1,m84137_260214_004236_s1/190778583/ccs,0,8,2,3,0,3,0,0,1.0,Complex,196,60,False
H1,m84137_260214_004236_s1/175443212/ccs,0,8,2,3,0,3,0,0,1.0,Complex,196,60,False
H1,m84137_260214_004236_s1/192615216/ccs,0,8,2,3,0,3,0,0,1.0,Complex,196,60,False
H1,m84137_260214_004236_s1/177540298/ccs,0,8,2,3,0,3,0,0,1.0,Complex,196,60,False
H1,m84137_260214_004236_s1/172561498/ccs,0,8,2,3,0,3,0,0,1.0,Complex,196,60,False
H1,m84137_260214_004236_s1/149624244/ccs,0,8,2,3,0,3,0,0,1.0,Complex,196,60,False
H1,m84137_260214_004236_s1/193989808/ccs,0,8,2,3,0,3,0,0,1.0,Complex,196,60,False
H1,m84137_260214_004236_s1/219289350/ccs,0,8,2,3,0,3,0,0,1.0,Complex,196,60,False
H1,m84137_260214_004236_s1/224006506/ccs,0,8,2,3,0,3,0,0,1.0,Complex,196,60,False
H1,m84137_260214_004236_s1/224267680/ccs,0,8,2,3,0,3,0,0,1.0,Complex,196,60,False
H1,m84137_260214_004236_s1/198839526/ccs,0,8,2,3,0,3,0,0,1.0,Complex,196,60,False
H1,m84137_260214_004236_s1/221452039/ccs,0,8,2,3,0,3,0,0,1.0,Complex,196,60,False
H1,m84137_260214_004236_s1/209849588/ccs,0,8,2,3,0,3,0,0,1.0,Complex,196,60,False
H1,m84137_260214_004236_s1/200544644/ccs,0,8,2,3,0,3,0,0,1.0,Complex,196,60,False
H1,m84137_260214_004236_s1/181540363/ccs,0,8,2,3,0,3,0,0,1.0,Complex,196,60,False
H1,m84137_260214_004236_s1/223549187/ccs,0,8,2,3,0,3,0,0,1.0,Complex,196,60,False
H1,m84137_260214_004236_s1/205329958/ccs,0,8,2,3,0,3,0,0,1.0,Complex,196,60,False
H1,m84137_260214_004236_s1/229314773/ccs,0,8,2,3,0,3,0,0,1.0,Complex,196,60,False
H1,m84137_260214_004236_s1/236262845/ccs,0,8,2,3,0,3,0,0,1.0,Complex,196,60,False
H1,m84137_260214_004236_s1/261751863/ccs,0,8,2,3,0,3,0,0,1.0,Complex,196,60,False
H1,m84137_260214_004236_s1/244779456/ccs,0,8,2,3,0,3,0,0,1.0,Complex,196,60,False
H1,m84137_260214_004236_s1/262278040/ccs,0,8,2,3,0,3,0,0,1.0,Complex,196,60,False
H1,m84137_260214_004236_s1/248318767/ccs,0,8,2,3,0,3,0,0,1.0,Complex,196,60,False
H1,m84137_260214_004236_s1/266207526/ccs,0,8,2,3,0,3,0,0,1.0,Complex,196,60,False
H1,m84137_260214_004236_s1/248514956/ccs,0,8,2,3,0,3,0,0,1.0,Complex,196,60,False
H1,m84137_260214_004236_s1/23335207/ccs,0,8,2,3,0,3,0,0,1.0,Complex,196,60,False
H1,m84137_260214_004236_s1/20516263/ccs,0,8,2,3,0,3,0,0,1.0,Complex,196,60,False
H1,m84137_260214_004236_s1/20255168/ccs,0,8,2,3,0,3,0,0,1.0,Complex,196,60,False
H1,m84137_260214_004236_s1/249563365/ccs,0,8,2,3,0,3,0,0,1.0,Complex,196,60,False
H1,m84137_260214_004236_s1/27924332/ccs,0,8,2,3,0,3,0,0,1.0,Complex,196,60,False
H1,m84137_260214_004236_s1/28709904/ccs,0,8,2,3,0,3,0,0,1.0,Complex,196,60,False
H1,m84137_260214_004236_s1/34214956/ccs,0,8,2,3,0,3,0,0,1.0,Complex,196,60,False
H1,m84137_260214_004236_s1/29365627/ccs,0,8,2,3,0,3,0,0,1.0,Complex,196,60,False
H1,m84137_260214_004236_s1/51646479/ccs,0,8,2,3,0,3,0,0,1.0,Complex,196,60,False
H1,m84137_260214_004236_s1/27332726/ccs,0,8,2,3,0,3,0,0,1.0,Complex,196,60,False
H1,m84137_260214_004236_s1/9966353/ccs,0,8,2,3,0,3,0,0,1.0,Complex,196,60,False
H1,m84137_260214_004236_s1/35788710/ccs,0,8,2,3,0,3,0,0,1.0,Complex,196,60,False
H1,m84137_260214_004236_s1/12848965/ccs,0,8,2,3,0,3,0,0,1.0,Complex,196,60,False
H1,m84137_260214_004236_s1/53284739/ccs,0,8,2,3,0,3,0,0,1.0,Complex,196,60,False
H1,m84137_260214_004236_s1/32445622/ccs,0,8,2,3,0,3,0,0,1.0,Complex,196,60,False
H1,m84137_260214_004236_s1/37753107/ccs,0,8,2,3,0,3,0,0,1.0,Complex,196,60,False
H1,m84137_260214_004236_s1/54073200/ccs,0,8,2,3,0,3,0,0,1.0,Complex,196,60,False
H1,m84137_260214_004236_s1/134419533/ccs,0,8,2,3,0,3,0,0,1.0,Complex,196,60,False
H1,m84137_260214_004236_s1/125637313/ccs,0,8,2,3,0,3,0,0,1.0,Complex,196,60,False
H1,m84137_260214_004236_s1/125569091/ccs,0,8,2,3,0,3,0,0,1.0,Complex,196,60,False
H1,m84137_260214_004236_s1/8392753/ccs,0,8,2,3,0,3,0,0,1.0,Complex,196,60,False
H1,m84137_260214_004236_s1/258086654/ccs,0,8,2,3,0,3,0,0,1.0,Complex,196,60,False
H1,m84137_260214_004236_s1/252184299/ccs,0,8,2,3,0,3,0,0,1.0,Complex,196,60,False
H1,m84137_260214_004236_s1/8719289/ccs,0,8,2,3,0,3,0,0,1.0,Complex,196,60,False
H1,m84137_260214_004236_s1/187106526/ccs,0,8,2,3,0,3,0,0,1.0,Complex,196,60,False
H1,m84137_260214_004236_s1/236655901/ccs,0,8,2,3,0,3,0,0,1.0,Complex,196,60,False
H1,m84137_260214_004236_s1/22349522/ccs,0,8,2,3,0,3,0,0,1.0,Complex,196,60,False
H1,m84137_260214_004236_s1/193464625/ccs,0,8,2,3,0,3,0,0,1.0,Complex,196,60,False
H1,m84137_260214_004236_s1/96144941/ccs,0,8,2,3,0,3,0,0,1.0,Complex,196,60,False
H1,m84137_260214_004236_s1/186845939/ccs,0,8,2,3,0,3,0,0,1.0,Complex,196,60,False
H1,m84137_260214_004236_s1/101321702/ccs,0,8,2,7,0,4,1,0,1.0,Complex,196,60,False
H1,m84137_260214_004236_s1/183503632/ccs,0,8,2,5,0,4,0,0,1.0,Complex,197,60,False
H1,m84137_260214_004236_s1/217388877/ccs,0,8,2,5,0,4,0,0,1.0,Complex,197,60,False
H1,m84137_260214_004236_s1/8653103/ccs,0,8,2,5,0,4,0,0,1.0,Complex,197,60,False
H1,m84137_260214_004236_s1/155780829/ccs,0,8,2,5,0,4,0,0,1.0,Complex,197,60,False
H1,m84137_260214_004236_s1/18484083/ccs,0,8,2,3,0,4,0,0,1.0,Complex,197,60,False
H1,m84137_260214_004236_s1/62718561/ccs,0,8,2,5,0,4,0,0,1.0,Complex,197,60,False
H1,m84137_260214_004236_s1/213517694/ccs,0,8,1,5,0,6,0,0,1.0,Complex,197,60,False
H1,m84137_260214_004236_s1/254739782/ccs,0,8,2,5,0,4,0,0,1.0,Complex,197,60,False
H1,m84137_260214_004236_s1/95294824/ccs,0,8,3,3,0,4,0,0,1.0,Complex,197,60,False
H1,m84137_260214_004236_s1/260968849/ccs,0,8,2,5,0,4,0,0,1.0,Complex,197,60,False
H1,m84137_260214_004236_s1/192413863/ccs,0,8,2,3,0,4,0,0,1.0,Complex,197,60,False
H1,m84137_260214_004236_s1/266800737/ccs,0,8,3,9,0,7,1,0,1.0,Complex,198,60,False
H1,m84137_260214_004236_s1/194711210/ccs,0,8,2,3,0,5,0,0,1.0,Complex,198,60,False
H1,m84137_260214_004236_s1/146212540/ccs,0,9,2,3,0,5,0,0,1.0,Complex,198,60,False
H1,m84137_260214_004236_s1/250090102/ccs,0,8,2,5,0,5,0,0,1.0,Complex,198,60,False
H1,m84137_260214_004236_s1/229639097/ccs,0,8,2,3,0,5,0,0,1.0,Complex,198,60,False
H1,m84137_260214_004236_s1/30480083/ccs,0,8,2,7,0,5,0,0,1.0,Complex,198,60,False
H1,m84137_260214_004236_s1/18548830/ccs,0,9,2,3,0,6,0,0,1.0,Complex,199,60,False
H1,m84137_260214_004236_s1/33817339/ccs,0,9,2,3,0,6,0,0,1.0,Complex,199,60,False
H1,m84137_260214_004236_s1/51839314/ccs,0,9,2,3,0,6,0,0,1.0,Complex,199,60,False
H1,m84137_260214_004236_s1/121373243/ccs,0,9,2,3,0,6,0,0,1.0,Complex,199,60,False
H1,m84137_260214_004236_s1/229705614/ccs,0,9,2,3,0,6,0,0,1.0,Complex,199,60,False
H1,m84137_260214_004236_s1/79041496/ccs,0,9,2,3,0,6,0,0,1.0,Complex,199,60,False
H1,m84137_260214_004236_s1/123997683/ccs,0,9,2,3,0,6,0,0,1.0,Complex,199,60,False
H1,m84137_260214_004236_s1/101320819/ccs,0,9,2,3,0,6,0,0,1.0,Complex,199,60,False
H1,m84137_260214_004236_s1/107283056/ccs,0,9,2,3,0,6,0,0,1.0,Complex,199,60,False
H1,m84137_260214_004236_s1/147458156/ccs,0,9,2,3,0,6,0,0,1.0,Complex,199,60,False
H1,m84137_260214_004236_s1/113246990/ccs,0,9,2,3,0,6,0,0,1.0,Complex,199,60,False
H1,m84137_260214_004236_s1/229507226/ccs,0,9,2,3,0,6,0,0,1.0,Complex,199,60,False
H1,m84137_260214_004236_s1/94113577/ccs,0,9,2,3,0,6,0,0,1.0,Complex,199,60,False
H1,m84137_260214_004236_s1/98965234/ccs,0,9,2,3,0,6,0,0,1.0,Complex,199,60,False
H1,m84137_260214_004236_s1/124195546/ccs,0,9,2,3,0,6,0,0,1.0,Complex,199,60,False
H1,m84137_260214_004236_s1/122752059/ccs,0,9,2,3,0,6,0,0,1.0,Complex,199,60,False
H1,m84137_260214_004236_s1/109645686/ccs,0,9,2,3,0,6,0,0,1.0,Complex,199,60,False
H1,m84137_260214_004236_s1/112135649/ccs,0,9,2,3,0,6,0,0,1.0,Complex,199,60,False
H1,m84137_260214_004236_s1/170201059/ccs,0,9,2,3,0,6,0,0,1.0,Complex,199,60,False
H1,m84137_260214_004236_s1/200737290/ccs,0,9,2,3,0,6,0,0,1.0,Complex,199,60,False
H1,m84137_260214_004236_s1/212992797/ccs,0,8,2,5,0,6,0,0,1.0,Complex,199,60,False
H1,m84137_260214_004236_s1/258474913/ccs,0,9,2,3,0,6,0,0,1.0,Complex,199,60,False
H1,m84137_260214_004236_s1/217781934/ccs,0,9,2,3,0,6,0,0,1.0,Complex,199,60,False
H1,m84137_260214_004236_s1/264900522/ccs,0,9,2,3,0,6,0,0,1.0,Complex,199,60,False
H1,m84137_260214_004236_s1/141824596/ccs,0,9,2,3,0,6,0,0,1.0,Complex,199,60,False
H1,m84137_260214_004236_s1/211944441/ccs,0,9,2,3,0,6,0,0,1.0,Complex,199,60,False
H1,m84137_260214_004236_s1/138870924/ccs,0,9,2,3,0,6,0,0,1.0,Complex,199,60,False
H1,m84137_260214_004236_s1/160301360/ccs,0,9,2,3,0,6,0,0,1.0,Complex,199,60,False
H1,m84137_260214_004236_s1/147916979/ccs,0,8,2,9,0,6,0,0,1.0,Complex,199,60,False
H1,m84137_260214_004236_s1/166789494/ccs,0,9,2,3,0,6,0,0,1.0,Complex,199,60,False
H1,m84137_260214_004236_s1/167446004/ccs,0,9,2,3,0,6,0,0,1.0,Complex,199,60,False
H1,m84137_260214_004236_s1/57934433/ccs,0,9,2,3,0,6,0,0,1.0,Complex,199,60,False
H1,m84137_260214_004236_s1/58656311/ccs,0,9,2,3,0,6,0,0,1.0,Complex,199,60,False
H1,m84137_260214_004236_s1/62458035/ccs,0,8,2,5,0,6,0,0,1.0,Complex,199,60,False
H1,m84137_260214_004236_s1/46662653/ccs,0,9,2,3,0,6,0,0,1.0,Complex,199,60,False
H1,m84137_260214_004236_s1/110297128/ccs,0,9,2,3,0,6,0,0,1.0,Complex,199,60,False
H1,m84137_260214_004236_s1/135071332/ccs,0,9,2,3,0,6,0,0,1.0,Complex,199,60,False
H1,m84137_260214_004236_s1/135333001/ccs,0,9,2,3,0,6,0,0,1.0,Complex,199,60,False
H1,m84137_260214_004236_s1/132712273/ccs,0,9,2,3,0,6,0,0,1.0,Complex,199,60,False
H1,m84137_260214_004236_s1/42865844/ccs,0,8,2,9,0,6,0,0,1.0,Complex,199,60,False
H1,m84137_260214_004236_s1/257886904/ccs,0,9,2,3,0,6,0,0,1.0,Complex,199,60,False
H1,m84137_260214_004236_s1/239340203/ccs,0,8,2,5,0,6,0,0,1.0,Complex,199,60,False
H1,m84137_260214_004236_s1/197072372/ccs,0,9,2,3,0,6,0,0,1.0,Complex,199,60,False
H1,m84137_260214_004236_s1/88933584/ccs,0,9,2,3,0,6,0,0,1.0,Complex,199,60,False
H1,m84137_260214_004236_s1/232722805/ccs,0,9,2,3,0,6,0,0,1.0,Complex,199,60,False
H1,m84137_260214_004236_s1/262149021/ccs,0,8,2,5,0,6,0,0,1.0,Complex,199,60,False
H1,m84137_260214_004236_s1/34473591/ccs,0,9,2,3,0,6,0,0,1.0,Complex,199,60,False
H1,m84137_260214_004236_s1/198379768/ccs,0,9,2,3,0,6,0,0,1.0,Complex,199,60,False
H1,m84137_260214_004236_s1/207356427/ccs,0,9,2,3,0,6,0,0,1.0,Complex,199,60,False
H1,m84137_260214_004236_s1/16519354/ccs,0,9,2,3,0,6,0,0,1.0,Complex,199,60,False
H1,m84137_260214_004236_s1/164500575/ccs,0,9,2,3,0,6,0,0,1.0,Complex,199,60,False
H1,m84137_260214_004236_s1/159452222/ccs,0,9,2,3,0,6,0,0,1.0,Complex,199,60,False
H1,m84137_260214_004236_s1/13238557/ccs,0,9,2,3,0,6,0,0,1.0,Complex,199,60,False
H1,m84137_260214_004236_s1/159646869/ccs,0,9,2,3,0,6,0,0,1.0,Complex,199,60,False
H1,m84137_260214_004236_s1/138938226/ccs,0,9,2,3,0,6,0,0,1.0,Complex,199,60,False
H1,m84137_260214_004236_s1/168427721/ccs,0,9,2,3,0,6,0,0,1.0,Complex,199,60,False
H1,m84137_260214_004236_s1/186583544/ccs,0,9,2,3,0,6,0,0,1.0,Complex,199,60,False
H1,m84137_260214_004236_s1/149554262/ccs,0,9,2,3,0,6,0,0,1.0,Complex,199,60,False
H1,m84137_260214_004236_s1/211879469/ccs,0,8,2,5,0,6,0,0,1.0,Complex,199,60,False
H1,m84137_260214_004236_s1/228721424/ccs,0,9,2,3,0,6,0,0,1.0,Complex,199,60,False
H1,m84137_260214_004236_s1/236390995/ccs,0,9,2,3,0,6,0,0,1.0,Complex,199,60,False
H1,m84137_260214_004236_s1/121900468/ccs,0,9,2,3,0,6,0,0,1.0,Complex,199,60,False
H1,m84137_260214_004236_s1/136713050/ccs,0,9,2,3,0,6,0,0,1.0,Complex,199,60,False
H1,m84137_260214_004236_s1/116135655/ccs,0,9,2,3,0,6,0,0,1.0,Complex,199,60,False
H1,m84137_260214_004236_s1/93459475/ccs,0,8,2,5,0,6,0,0,1.0,Complex,199,60,False
H1,m84137_260214_004236_s1/180098135/ccs,0,9,2,3,0,6,0,0,1.0,Complex,199,60,False
H1,m84137_260214_004236_s1/89655873/ccs,0,9,2,3,0,6,0,0,1.0,Complex,199,60,False
H1,m84137_260214_004236_s1/69929527/ccs,0,9,2,3,0,6,0,0,1.0,Complex,199,60,False
H1,m84137_260214_004236_s1/244975783/ccs,0,8,2,5,0,6,0,0,1.0,Complex,199,60,False
H1,m84137_260214_004236_s1/265356976/ccs,0,8,2,5,0,6,0,0,1.0,Complex,199,60,False
H1,m84137_260214_004236_s1/267388735/ccs,0,9,2,3,0,6,0,0,1.0,Complex,199,60,False
H1,m84137_260214_004236_s1/83034537/ccs,0,9,2,3,0,6,0,0,1.0,Complex,199,60,False
H1,m84137_260214_004236_s1/105120367/ccs,0,9,2,3,0,6,0,0,1.0,Complex,199,60,False
H1,m84137_260214_004236_s1/10948608/ccs,0,9,2,3,0,6,0,0,1.0,Complex,199,60,False
H1,m84137_260214_004236_s1/168298128/ccs,0,9,2,3,0,6,0,0,1.0,Complex,199,60,False
H1,m84137_260214_004236_s1/233440304/ccs,0,8,2,5,0,7,0,0,1.0,Complex,200,60,False
H1,m84137_260214_004236_s1/127013329/ccs,0,9,2,3,0,8,0,0,1.0,Complex,201,60,False
H1,m84137_260214_004236_s1/77595183/ccs,0,9,2,3,0,9,0,0,1.0,Complex,202,60,False
H1,m84137_260214_004236_s1/137756705/ccs,0,9,2,5,0,9,0,0,1.0,Complex,202,60,False
H1,m84137_260214_004236_s1/192809091/ccs,0,9,2,3,0,9,0,0,1.0,Complex,202,60,False
H1,m84137_260214_004236_s1/46077007/ccs,0,9,2,3,0,9,0,0,1.0,Complex,202,60,False
H1,m84137_260214_004236_s1/186454614/ccs,1,14,2,3,0,54,0,0,1.0,Complex,247,60,False
H1,m84137_260214_004236_s1/137693253/ccs,1,14,2,3,0,54,0,0,1.0,Complex,247,60,False
H1,m84137_260214_004236_s1/52104799/ccs,1,15,2,5,0,63,2,0,1.0,Complex,253,60,False
H1,m84137_260214_004236_s1/175965561/ccs,1,15,2,3,0,62,0,0,1.0,Complex,255,60,False
H1,m84137_260214_004236_s1/146014906/ccs,1,16,2,7,0,75,15,0,1.0,Complex,256,60,False
H1,m84137_260214_004236_s1/155977499/ccs,1,15,2,3,0,63,0,0,1.0,Complex,256,60,False
H1,m84137_260214_004236_s1/184288848/ccs,1,15,2,3,0,65,0,0,1.0,Complex,258,60,False
H1,m84137_260214_004236_s1/136643493/ccs,1,15,1,7,0,66,1,0,1.0,Complex,258,60,False
H1,m84137_260214_004236_s1/263918396/ccs,1,15,3,3,0,65,0,0,1.0,Complex,258,60,False
H1,m84137_260214_004236_s1/175309057/ccs,1,15,2,3,0,66,0,0,1.0,Complex,259,60,False
H1,m84137_260214_004236_s1/182718345/ccs,1,15,3,7,0,69,2,0,1.0,Complex,260,60,False
H1,m84137_260214_004236_s1/91557831/ccs,1,15,2,3,0,68,0,0,1.0,Complex,261,60,False
H1,m84137_260214_004236_s1/180553028/ccs,1,16,2,5,0,68,0,0,1.0,Complex,261,60,False
H1,m84137_260214_004236_s1/254348396/ccs,1,16,2,3,0,69,0,0,1.0,Complex,262,60,False
H1,m84137_260214_004236_s1/112593208/ccs,1,16,2,3,0,69,0,0,1.0,Complex,262,60,False
H1,m84137_260214_004236_s1/197984369/ccs,1,16,2,3,0,69,0,0,1.0,Complex,262,60,False
H1,m84137_260214_004236_s1/251532441/ccs,1,16,2,3,0,69,0,0,1.0,Complex,262,60,False
H1,m84137_260214_004236_s1/30474472/ccs,1,16,2,3,0,69,0,0,1.0,Complex,262,60,False
H1,m84137_260214_004236_s1/36768335/ccs,1,16,2,3,0,69,0,0,1.0,Complex,262,60,False
H1,m84137_260214_004236_s1/253035345/ccs,1,16,2,3,0,69,0,0,1.0,Complex,262,60,False
H1,m84137_260214_004236_s1/254411387/ccs,1,16,2,3,0,69,0,0,1.0,Complex,262,60,False
H1,m84137_260214_004236_s1/128324941/ccs,1,16,2,3,0,69,0,0,1.0,Complex,262,60,False
H1,m84137_260214_004236_s1/82971476/ccs,1,16,2,3,0,69,0,0,1.0,Complex,262,60,False
H1,m84137_260214_004236_s1/200740447/ccs,1,16,2,3,0,69,0,0,1.0,Complex,262,60,False
H1,m84137_260214_004236_s1/69731813/ccs,1,16,2,3,0,69,0,0,1.0,Complex,262,60,False
H1,m84137_260214_004236_s1/250350614/ccs,1,16,2,3,0,70,0,0,1.0,Complex,263,60,False
H1,m84137_260214_004236_s1/117704475/ccs,1,15,2,3,0,71,0,0,1.0,Complex,264,60,False
H1,m84137_260214_004236_s1/24515463/ccs,1,16,2,7,0,72,1,0,1.0,Complex,264,60,False
H1,m84137_260214_004236_s1/35457686/ccs,1,16,2,3,0,72,0,0,1.0,Complex,265,60,False
H1,m84137_260214_004236_s1/163254329/ccs,1,16,2,3,0,72,0,0,1.0,Complex,265,60,False
H1,m84137_260214_004236_s1/98309898/ccs,1,16,2,3,0,72,0,0,1.0,Complex,265,60,False
H1,m84137_260214_004236_s1/32835890/ccs,1,16,2,3,0,72,0,0,1.0,Complex,265,60,False
H1,m84137_260214_004236_s1/78973501/ccs,1,16,2,3,0,72,0,0,1.0,Complex,265,60,False
H1,m84137_260214_004236_s1/63636349/ccs,1,16,2,3,0,72,0,0,1.0,Complex,265,60,False
H1,m84137_260214_004236_s1/48302450/ccs,1,16,2,3,0,72,0,0,1.0,Complex,265,60,False
H1,m84137_260214_004236_s1/189729667/ccs,1,16,2,3,0,72,0,0,1.0,Complex,265,60,False
H1,m84137_260214_004236_s1/105188080/ccs,1,16,2,3,0,72,0,0,1.0,Complex,265,60,False
H1,m84137_260214_004236_s1/154665122/ccs,1,16,2,3,0,72,0,0,1.0,Complex,265,60,False
H1,m84137_260214_004236_s1/225510124/ccs,1,16,2,3,0,72,0,0,1.0,Complex,265,60,False
H1,m84137_260214_004236_s1/80680288/ccs,1,16,2,5,0,73,0,0,1.0,Complex,265,60,False
H1,m84137_260214_004236_s1/163123464/ccs,1,16,2,3,0,72,0,0,1.0,Complex,265,60,False
H1,m84137_260214_004236_s1/216599389/ccs,1,16,2,3,0,72,0,0,1.0,Complex,265,60,False
H1,m84137_260214_004236_s1/224923129/ccs,1,16,2,3,0,72,0,0,1.0,Complex,265,60,False
H1,m84137_260214_004236_s1/205853150/ccs,1,16,2,3,0,72,0,0,1.0,Complex,265,60,False
H1,m84137_260214_004236_s1/252251904/ccs,1,16,2,3,0,72,0,0,1.0,Complex,265,60,False
H1,m84137_260214_004236_s1/234229998/ccs,1,16,2,3,0,72,0,0,1.0,Complex,265,60,False
H1,m84137_260214_004236_s1/232783975/ccs,1,16,2,3,0,72,0,0,1.0,Complex,265,60,False
H1,m84137_260214_004236_s1/147003199/ccs,1,16,2,3,0,72,0,0,1.0,Complex,265,60,False
H1,m84137_260214_004236_s1/262736952/ccs,1,16,2,3,0,72,0,0,1.0,Complex,265,60,False
H1,m84137_260214_004236_s1/9702322/ccs,1,16,2,3,0,72,0,0,1.0,Complex,265,60,False
H1,m84137_260214_004236_s1/169739002/ccs,1,16,2,3,0,72,0,0,1.0,Complex,265,60,False
H1,m84137_260214_004236_s1/59507579/ccs,1,16,2,3,0,72,0,0,1.0,Complex,265,60,False
H1,m84137_260214_004236_s1/154801305/ccs,1,16,2,3,0,72,0,0,1.0,Complex,265,60,False
H1,m84137_260214_004236_s1/144182633/ccs,1,16,2,3,0,72,0,0,1.0,Complex,265,60,False
H1,m84137_260214_004236_s1/186256886/ccs,1,16,2,3,0,72,0,0,1.0,Complex,265,60,False
H1,m84137_260214_004236_s1/87165700/ccs,1,16,2,3,0,72,0,0,1.0,Complex,265,60,False
H1,m84137_260214_004236_s1/88869636/ccs,1,16,3,17,0,71,0,0,1.0,Complex,265,60,False
H1,m84137_260214_004236_s1/248189588/ccs,1,16,2,3,0,72,0,0,1.0,Complex,265,60,False
H1,m84137_260214_004236_s1/190710677/ccs,1,16,2,3,0,72,0,0,1.0,Complex,265,60,False
H1,m84137_260214_004236_s1/230951802/ccs,1,16,2,3,0,72,0,0,1.0,Complex,265,60,False
H1,m84137_260214_004236_s1/156243753/ccs,1,16,2,3,0,72,0,0,1.0,Complex,265,60,False
H1,m84137_260214_004236_s1/93914567/ccs,1,16,2,3,0,72,0,0,1.0,Complex,265,60,False
H1,m84137_260214_004236_s1/207946704/ccs,1,16,2,3,0,72,0,0,1.0,Complex,265,60,False
H1,m84137_260214_004236_s1/95292667/ccs,1,16,2,3,0,72,0,0,1.0,Complex,265,60,False
H1,m84137_260214_004236_s1/31197751/ccs,1,16,2,3,0,72,0,0,1.0,Complex,265,60,False
H1,m84137_260214_004236_s1/158402119/ccs,1,16,2,3,0,72,0,0,1.0,Complex,265,60,False
H1,m84137_260214_004236_s1/171968358/ccs,1,16,2,3,0,72,0,0,1.0,Complex,265,60,False
H1,m84137_260214_004236_s1/232786481/ccs,1,16,2,3,0,72,0,0,1.0,Complex,265,60,False
H1,m84137_260214_004236_s1/108728536/ccs,1,16,2,3,0,72,0,0,1.0,Complex,265,60,False
H1,m84137_260214_004236_s1/133895988/ccs,1,16,2,3,0,72,0,0,1.0,Complex,265,60,False
H1,m84137_260214_004236_s1/160633913/ccs,1,16,2,3,0,72,0,0,1.0,Complex,265,60,False
H1,m84137_260214_004236_s1/125703149/ccs,1,16,2,3,0,72,0,0,1.0,Complex,265,60,False
H1,m84137_260214_004236_s1/83564162/ccs,1,16,2,3,0,72,0,0,1.0,Complex,265,60,False
H1,m84137_260214_004236_s1/109903953/ccs,1,16,2,3,0,72,0,0,1.0,Complex,265,60,False
H1,m84137_260214_004236_s1/131400173/ccs,1,16,2,3,0,72,0,0,1.0,Complex,265,60,False
H1,m84137_260214_004236_s1/114492855/ccs,1,16,2,3,0,72,0,0,1.0,Complex,265,60,False
H1,m84137_260214_004236_s1/9112820/ccs,1,16,2,3,0,72,0,0,1.0,Complex,265,60,False
H1,m84137_260214_004236_s1/155193049/ccs,1,16,2,3,0,72,0,0,1.0,Complex,265,60,False
H1,m84137_260214_004236_s1/224663430/ccs,1,16,2,5,0,73,0,0,1.0,Complex,266,60,False
H1,m84137_260214_004236_s1/80153931/ccs,1,16,2,3,0,73,0,0,1.0,Complex,266,60,False
H1,m84137_260214_004236_s1/160303238/ccs,1,16,2,3,0,74,0,0,1.0,Complex,267,60,False
H1,m84137_260214_004236_s1/132252623/ccs,1,16,2,5,0,74,0,0,1.0,Complex,267,60,False
H1,m84137_260214_004236_s1/176032352/ccs,1,16,2,3,0,74,0,0,1.0,Complex,267,60,False
H1,m84137_260214_004236_s1/114102493/ccs,1,16,2,3,0,74,0,0,1.0,Complex,267,60,False
H1,m84137_260214_004236_s1/239666375/ccs,1,16,2,3,0,74,0,0,1.0,Complex,267,60,False
H1,m84137_260214_004236_s1/174197092/ccs,1,16,2,3,0,75,0,0,1.0,Complex,268,60,False
H1,m84137_260214_004236_s1/203359391/ccs,1,16,2,3,0,75,0,0,1.0,Complex,268,60,False
H1,m84137_260214_004236_s1/184419220/ccs,1,16,2,3,0,75,0,0,1.0,Complex,268,60,False
H1,m84137_260214_004236_s1/161547740/ccs,1,16,2,5,0,75,0,0,1.0,Complex,268,60,False
H1,m84137_260214_004236_s1/130483882/ccs,1,16,3,7,0,75,0,0,1.0,Complex,268,60,False
H1,m84137_260214_004236_s1/7342248/ccs,1,16,2,3,0,75,0,0,1.0,Complex,268,60,False
H1,m84137_260214_004236_s1/18285339/ccs,1,16,2,3,0,75,0,0,1.0,Complex,268,60,False
H1,m84137_260214_004236_s1/4522630/ccs,1,16,2,3,0,75,0,0,1.0,Complex,268,60,False
H1,m84137_260214_004236_s1/31064881/ccs,1,16,2,3,0,75,0,0,1.0,Complex,268,60,False
H1,m84137_260214_004236_s1/15008411/ccs,1,16,2,3,0,75,0,0,1.0,Complex,268,60,False
H1,m84137_260214_004236_s1/52168401/ccs,1,16,2,3,0,75,0,0,1.0,Complex,268,60,False
H1,m84137_260214_004236_s1/217186472/ccs,1,16,2,3,0,75,0,0,1.0,Complex,268,60,False
H1,m84137_260214_004236_s1/256247212/ccs,1,16,2,3,0,75,0,0,1.0,Complex,268,60,False
H1,m84137_260214_004236_s1/7475840/ccs,1,16,2,3,0,75,0,0,1.0,Complex,268,60,False
H1,m84137_260214_004236_s1/25694180/ccs,1,16,2,3,0,75,0,0,1.0,Complex,268,60,False
H1,m84137_260214_004236_s1/130815131/ccs,1,16,2,3,0,75,0,0,1.0,Complex,268,60,False
H1,m84137_260214_004236_s1/172036631/ccs,1,16,3,3,0,75,0,0,1.0,Complex,268,60,False
H1,m84137_260214_004236_s1/11010869/ccs,1,16,2,3,0,75,0,0,1.0,Complex,268,60,False
H1,m84137_260214_004236_s1/106365791/ccs,1,16,2,3,0,75,0,0,1.0,Complex,268,60,False
H1,m84137_260214_004236_s1/9310615/ccs,1,17,2,5,0,78,3,0,1.0,Complex,268,60,False
H1,m84137_260214_004236_s1/79497926/ccs,1,16,2,3,0,75,0,0,1.0,Complex,268,60,False
H1,m84137_260214_004236_s1/123275745/ccs,1,16,2,3,0,75,0,0,1.0,Complex,268,60,False
H1,m84137_260214_004236_s1/108790730/ccs,1,16,2,3,0,75,0,0,1.0,Complex,268,60,False
H1,m84137_260214_004236_s1/121045357/ccs,1,16,2,3,0,75,0,0,1.0,Complex,268,60,False
H1,m84137_260214_004236_s1/60163935/ccs,1,16,2,3,0,75,0,0,1.0,Complex,268,60,False
H1,m84137_260214_004236_s1/46729114/ccs,1,16,2,3,0,75,0,0,1.0,Complex,268,60,False
H1,m84137_260214_004236_s1/38274924/ccs,1,16,2,3,0,75,0,0,1.0,Complex,268,60,False
H1,m84137_260214_004236_s1/64947794/ccs,1,16,2,3,0,75,0,0,1.0,Complex,268,60,False
H1,m84137_260214_004236_s1/164432081/ccs,1,16,2,3,0,75,0,0,1.0,Complex,268,60,False
H1,m84137_260214_004236_s1/148439768/ccs,1,16,2,3,0,75,0,0,1.0,Complex,268,60,False
H1,m84137_260214_004236_s1/186910657/ccs,1,16,2,3,0,75,0,0,1.0,Complex,268,60,False
H1,m84137_260214_004236_s1/189989302/ccs,1,16,2,3,0,75,0,0,1.0,Complex,268,60,False
H1,m84137_260214_004236_s1/172755422/ccs,1,16,2,3,0,75,0,0,1.0,Complex,268,60,False
H1,m84137_260214_004236_s1/172818548/ccs,1,16,2,3,0,75,0,0,1.0,Complex,268,60,False
H1,m84137_260214_004236_s1/152962428/ccs,1,16,2,3,0,75,0,0,1.0,Complex,268,60,False
H1,m84137_260214_004236_s1/115607861/ccs,1,16,2,3,0,75,0,0,1.0,Complex,268,60,False
H1,m84137_260214_004236_s1/158075193/ccs,1,16,2,3,0,75,0,0,1.0,Complex,268,60,False
H1,m84137_260214_004236_s1/51909219/ccs,1,16,2,3,0,75,0,0,1.0,Complex,268,60,False
H1,m84137_260214_004236_s1/13112080/ccs,1,16,2,3,0,75,0,0,1.0,Complex,268,60,False
H1,m84137_260214_004236_s1/39851510/ccs,1,16,2,3,0,75,0,0,1.0,Complex,268,60,False
H1,m84137_260214_004236_s1/14422579/ccs,1,16,2,3,0,75,0,0,1.0,Complex,268,60,False
H1,m84137_260214_004236_s1/46141221/ccs,1,16,2,3,0,75,0,0,1.0,Complex,268,60,False
H1,m84137_260214_004236_s1/66653640/ccs,1,16,2,3,0,75,0,0,1.0,Complex,268,60,False
H1,m84137_260214_004236_s1/194184660/ccs,1,16,2,3,0,75,0,0,1.0,Complex,268,60,False
H1,m84137_260214_004236_s1/219742852/ccs,1,16,2,3,0,75,0,0,1.0,Complex,268,60,False
H1,m84137_260214_004236_s1/208013495/ccs,1,16,2,3,0,75,0,0,1.0,Complex,268,60,False
H1,m84137_260214_004236_s1/224199709/ccs,1,16,2,3,0,75,0,0,1.0,Complex,268,60,False
H1,m84137_260214_004236_s1/222300391/ccs,1,16,2,3,0,75,0,0,1.0,Complex,268,60,False
H1,m84137_260214_004236_s1/184353213/ccs,1,16,2,3,0,75,0,0,1.0,Complex,268,60,False
H1,m84137_260214_004236_s1/118363276/ccs,1,16,2,3,0,75,0,0,1.0,Complex,268,60,False
H1,m84137_260214_004236_s1/100471374/ccs,1,16,2,3,0,75,0,0,1.0,Complex,268,60,False
H1,m84137_260214_004236_s1/81072207/ccs,1,16,2,3,0,75,0,0,1.0,Complex,268,60,False
H1,m84137_260214_004236_s1/108269654/ccs,1,16,2,3,0,75,0,0,1.0,Complex,268,60,False
H1,m84137_260214_004236_s1/151850272/ccs,1,16,2,3,0,75,0,0,1.0,Complex,268,60,False
H1,m84137_260214_004236_s1/142940077/ccs,1,16,2,3,0,75,0,0,1.0,Complex,268,60,False
H1,m84137_260214_004236_s1/166269950/ccs,1,16,2,3,0,75,0,0,1.0,Complex,268,60,False
H1,m84137_260214_004236_s1/188027035/ccs,1,16,2,3,0,75,0,0,1.0,Complex,268,60,False
H1,m84137_260214_004236_s1/84808456/ccs,1,17,2,11,0,75,0,0,1.0,Complex,268,60,False
H1,m84137_260214_004236_s1/107483187/ccs,1,16,2,3,0,75,0,0,1.0,Complex,268,60,False
H1,m84137_260214_004236_s1/193204969/ccs,1,16,2,3,0,75,0,0,1.0,Complex,268,60,False
H1,m84137_260214_004236_s1/172496381/ccs,1,16,2,3,0,75,0,0,1.0,Complex,268,60,False
H1,m84137_260214_004236_s1/113705472/ccs,1,16,2,3,0,75,0,0,1.0,Complex,268,60,False
H1,m84137_260214_004236_s1/193923899/ccs,1,16,2,3,0,75,0,0,1.0,Complex,268,60,False
H1,m84137_260214_004236_s1/234553620/ccs,1,16,2,3,0,75,0,0,1.0,Complex,268,60,False
H1,m84137_260214_004236_s1/258408654/ccs,1,16,2,3,0,75,0,0,1.0,Complex,268,60,False
H1,m84137_260214_004236_s1/212538218/ccs,1,16,2,3,0,75,0,0,1.0,Complex,268,60,False
H1,m84137_260214_004236_s1/215029581/ccs,1,16,2,3,0,75,0,0,1.0,Complex,268,60,False
H1,m84137_260214_004236_s1/215682376/ccs,1,16,2,3,0,75,0,0,1.0,Complex,268,60,False
H1,m84137_260214_004236_s1/37160389/ccs,1,16,2,3,0,75,0,0,1.0,Complex,268,60,False
H1,m84137_260214_004236_s1/140186191/ccs,1,16,2,3,0,75,0,0,1.0,Complex,268,60,False
H1,m84137_260214_004236_s1/38798205/ccs,1,16,2,3,0,75,0,0,1.0,Complex,268,60,False
H1,m84137_260214_004236_s1/213582072/ccs,1,16,2,3,0,75,0,0,1.0,Complex,268,60,False
H1,m84137_260214_004236_s1/231343865/ccs,1,16,2,3,0,75,0,0,1.0,Complex,268,60,False
H1,m84137_260214_004236_s1/240584796/ccs,1,16,2,3,0,75,0,0,1.0,Complex,268,60,False
H1,m84137_260214_004236_s1/257754166/ccs,1,16,2,3,0,75,0,0,1.0,Complex,268,60,False
H1,m84137_260214_004236_s1/236455814/ccs,1,16,2,3,0,75,0,0,1.0,Complex,268,60,False
H1,m84137_260214_004236_s1/258411430/ccs,1,16,2,3,0,75,0,0,1.0,Complex,268,60,False
H1,m84137_260214_004236_s1/130944174/ccs,1,16,2,3,0,75,0,0,1.0,Complex,268,60,False
H1,m84137_260214_004236_s1/12256451/ccs,1,16,2,3,0,75,0,0,1.0,Complex,268,60,False
H1,m84137_260214_004236_s1/15207405/ccs,1,16,2,3,0,75,0,0,1.0,Complex,268,60,False
H1,m84137_260214_004236_s1/159450999/ccs,1,16,2,3,0,75,0,0,1.0,Complex,268,60,False
H1,m84137_260214_004236_s1/146081838/ccs,1,16,2,3,0,75,0,0,1.0,Complex,268,60,False
H1,m84137_260214_004236_s1/164431493/ccs,1,16,2,3,0,75,0,0,1.0,Complex,268,60,False
H1,m84137_260214_004236_s1/161023320/ccs,1,16,2,3,0,75,0,0,1.0,Complex,268,60,False
H1,m84137_260214_004236_s1/148570395/ccs,1,16,2,3,0,75,0,0,1.0,Complex,268,60,False
H1,m84137_260214_004236_s1/150276490/ccs,1,16,2,3,0,75,0,0,1.0,Complex,268,60,False
H1,m84137_260214_004236_s1/192351228/ccs,1,16,2,3,0,75,0,0,1.0,Complex,268,60,False
H1,m84137_260214_004236_s1/57279995/ccs,1,16,2,3,0,75,0,0,1.0,Complex,268,60,False
H1,m84137_260214_004236_s1/39913671/ccs,1,16,2,3,0,75,0,0,1.0,Complex,268,60,False
H1,m84137_260214_004236_s1/37224535/ccs,1,16,2,3,0,75,0,0,1.0,Complex,268,60,False
H1,m84137_260214_004236_s1/53543548/ccs,1,16,2,3,0,75,0,0,1.0,Complex,268,60,False
H1,m84137_260214_004236_s1/64686239/ccs,1,16,2,3,0,75,0,0,1.0,Complex,268,60,False
H1,m84137_260214_004236_s1/65668822/ccs,1,16,2,3,0,75,0,0,1.0,Complex,268,60,False
H1,m84137_260214_004236_s1/108725314/ccs,1,16,2,3,0,75,0,0,1.0,Complex,268,60,False
H1,m84137_260214_004236_s1/121897199/ccs,1,16,2,3,0,75,0,0,1.0,Complex,268,60,False
H1,m84137_260214_004236_s1/157156628/ccs,1,16,2,3,0,75,0,0,1.0,Complex,268,60,False
H1,m84137_260214_004236_s1/137366045/ccs,1,16,2,3,0,75,0,0,1.0,Complex,268,60,False
H1,m84137_260214_004236_s1/137560590/ccs,1,16,2,3,0,75,0,0,1.0,Complex,268,60,False
H1,m84137_260214_004236_s1/42012193/ccs,1,16,2,3,0,75,0,0,1.0,Complex,268,60,False
H1,m84137_260214_004236_s1/59379440/ccs,1,16,2,3,0,75,0,0,1.0,Complex,268,60,False
H1,m84137_260214_004236_s1/44963252/ccs,1,16,2,3,0,75,0,0,1.0,Complex,268,60,False
H1,m84137_260214_004236_s1/45552009/ccs,1,17,2,5,0,78,3,0,1.0,Complex,268,60,False
H1,m84137_260214_004236_s1/71963575/ccs,1,16,2,3,0,75,0,0,1.0,Complex,268,60,False
H1,m84137_260214_004236_s1/87233487/ccs,1,16,2,3,0,75,0,0,1.0,Complex,268,60,False
H1,m84137_260214_004236_s1/100732930/ccs,1,16,2,3,0,75,0,0,1.0,Complex,268,60,False
H1,m84137_260214_004236_s1/91820406/ccs,1,16,2,3,0,75,0,0,1.0,Complex,268,60,False
H1,m84137_260214_004236_s1/92608343/ccs,1,16,2,3,0,75,0,0,1.0,Complex,268,60,False
H1,m84137_260214_004236_s1/101977613/ccs,1,16,2,3,0,75,0,0,1.0,Complex,268,60,False
H1,m84137_260214_004236_s1/77730077/ccs,1,16,2,3,0,75,0,0,1.0,Complex,268,60,False
H1,m84137_260214_004236_s1/98244117/ccs,1,16,2,3,0,75,0,0,1.0,Complex,268,60,False
H1,m84137_260214_004236_s1/94441199/ccs,1,16,2,3,0,75,0,0,1.0,Complex,268,60,False
H1,m84137_260214_004236_s1/108795828/ccs,1,16,2,3,0,75,0,0,1.0,Complex,268,60,False
H1,m84137_260214_004236_s1/138480752/ccs,1,16,2,3,0,75,0,0,1.0,Complex,268,60,False
H1,m84137_260214_004236_s1/213715410/ccs,1,16,2,3,0,75,0,0,1.0,Complex,268,60,False
H1,m84137_260214_004236_s1/235669334/ccs,1,16,2,3,0,75,0,0,1.0,Complex,268,60,False
H1,m84137_260214_004236_s1/215680791/ccs,1,16,2,5,0,75,0,0,1.0,Complex,268,60,False
H1,m84137_260214_004236_s1/217580832/ccs,1,16,2,3,0,75,0,0,1.0,Complex,268,60,False
H1,m84137_260214_004236_s1/243599124/ccs,1,16,2,3,0,75,0,0,1.0,Complex,268,60,False
H1,m84137_260214_004236_s1/146017508/ccs,1,16,2,3,0,75,0,0,1.0,Complex,268,60,False
H1,m84137_260214_004236_s1/165680841/ccs,1,16,2,3,0,75,0,0,1.0,Complex,268,60,False
H1,m84137_260214_004236_s1/173151046/ccs,1,16,2,3,0,75,0,0,1.0,Complex,268,60,False
H1,m84137_260214_004236_s1/173151728/ccs,1,16,2,3,0,75,0,0,1.0,Complex,268,60,False
H1,m84137_260214_004236_s1/225054528/ccs,1,16,2,3,0,75,0,0,1.0,Complex,268,60,False
H1,m84137_260214_004236_s1/182128136/ccs,1,16,2,3,0,75,0,0,1.0,Complex,268,60,False
H1,m84137_260214_004236_s1/75759698/ccs,1,16,2,3,0,75,0,0,1.0,Complex,268,60,False
H1,m84137_260214_004236_s1/86574605/ccs,1,16,2,3,0,75,0,0,1.0,Complex,268,60,False
H1,m84137_260214_004236_s1/255334046/ccs,1,16,2,3,0,75,0,0,1.0,Complex,268,60,False
H1,m84137_260214_004236_s1/263001831/ccs,1,16,2,3,0,75,0,0,1.0,Complex,268,60,False
H1,m84137_260214_004236_s1/265360071/ccs,1,16,2,3,0,75,0,0,1.0,Complex,268,60,False
H1,m84137_260214_004236_s1/246617139/ccs,1,16,2,3,0,75,0,0,1.0,Complex,268,60,False
H1,m84137_260214_004236_s1/247468797/ccs,1,16,2,3,0,75,0,0,1.0,Complex,268,60,False
H1,m84137_260214_004236_s1/21694424/ccs,1,16,2,3,0,75,0,0,1.0,Complex,268,60,False
H1,m84137_260214_004236_s1/47055020/ccs,1,16,2,3,0,75,0,0,1.0,Complex,268,60,False
H1,m84137_260214_004236_s1/63900478/ccs,1,16,2,3,0,75,0,0,1.0,Complex,268,60,False
H1,m84137_260214_004236_s1/108265975/ccs,1,16,2,3,0,75,0,0,1.0,Complex,268,60,False
H1,m84137_260214_004236_s1/126814013/ccs,1,16,2,3,0,75,0,0,1.0,Complex,268,60,False
H1,m84137_260214_004236_s1/132450483/ccs,1,16,2,3,0,75,0,0,1.0,Complex,268,60,False
H1,m84137_260214_004236_s1/34411565/ccs,1,16,2,3,0,75,0,0,1.0,Complex,268,60,False
H1,m84137_260214_004236_s1/51384138/ccs,1,16,2,3,0,75,0,0,1.0,Complex,268,60,False
H1,m84137_260214_004236_s1/190055726/ccs,1,16,2,3,0,75,0,0,1.0,Complex,268,60,False
H1,m84137_260214_004236_s1/180683579/ccs,1,16,2,3,0,75,0,0,1.0,Complex,268,60,False
H1,m84137_260214_004236_s1/219152701/ccs,1,16,2,3,0,75,0,0,1.0,Complex,268,60,False
H1,m84137_260214_004236_s1/219547121/ccs,1,16,2,3,0,75,0,0,1.0,Complex,268,60,False
H1,m84137_260214_004236_s1/201917336/ccs,1,16,2,3,0,75,0,0,1.0,Complex,268,60,False
H1,m84137_260214_004236_s1/181865169/ccs,1,16,2,3,0,75,0,0,1.0,Complex,268,60,False
H1,m84137_260214_004236_s1/207751231/ccs,1,16,2,3,0,75,0,0,1.0,Complex,268,60,False
H1,m84137_260214_004236_s1/183568912/ccs,1,16,2,3,0,75,0,0,1.0,Complex,268,60,False
H1,m84137_260214_004236_s1/212664856/ccs,1,16,2,3,0,75,0,0,1.0,Complex,268,60,False
H1,m84137_260214_004236_s1/106496612/ccs,1,16,2,3,0,75,0,0,1.0,Complex,268,60,False
H1,m84137_260214_004236_s1/165282664/ccs,1,16,2,3,0,75,0,0,1.0,Complex,268,60,False
H1,m84137_260214_004236_s1/246153845/ccs,1,16,2,3,0,75,0,0,1.0,Complex,268,60,False
H1,m84137_260214_004236_s1/204805247/ccs,1,16,2,3,0,75,0,0,1.0,Complex,268,60,False
H1,m84137_260214_004236_s1/266276938/ccs,1,16,2,3,0,75,0,0,1.0,Complex,268,60,False
H1,m84137_260214_004236_s1/28115265/ccs,1,16,2,3,0,75,0,0,1.0,Complex,268,60,False
H1,m84137_260214_004236_s1/76158593/ccs,1,16,2,3,0,75,0,0,1.0,Complex,268,60,False
H1,m84137_260214_004236_s1/228922804/ccs,1,16,2,3,0,75,0,0,1.0,Complex,268,60,False
H1,m84137_260214_004236_s1/234359949/ccs,1,16,2,3,0,75,0,0,1.0,Complex,268,60,False
H1,m84137_260214_004236_s1/234229541/ccs,1,16,2,3,0,75,0,0,1.0,Complex,268,60,False
H1,m84137_260214_004236_s1/263393481/ccs,1,16,2,3,0,75,0,0,1.0,Complex,268,60,False
H1,m84137_260214_004236_s1/250282710/ccs,1,16,2,3,0,75,0,0,1.0,Complex,268,60,False
H1,m84137_260214_004236_s1/39063203/ccs,1,16,2,3,0,75,0,0,1.0,Complex,268,60,False
H1,m84137_260214_004236_s1/115283479/ccs,1,16,2,3,0,75,0,0,1.0,Complex,268,60,False
H1,m84137_260214_004236_s1/16777541/ccs,1,16,2,3,0,75,0,0,1.0,Complex,268,60,False
H1,m84137_260214_004236_s1/17042398/ccs,1,16,2,3,0,75,0,0,1.0,Complex,268,60,False
H1,m84137_260214_004236_s1/18548809/ccs,1,16,2,3,0,75,0,0,1.0,Complex,268,60,False
H1,m84137_260214_004236_s1/19663737/ccs,1,16,2,3,0,75,0,0,1.0,Complex,268,60,False
H1,m84137_260214_004236_s1/189990577/ccs,1,16,2,3,0,75,0,0,1.0,Complex,268,60,False
H1,m84137_260214_004236_s1/30868993/ccs,1,16,2,3,0,75,0,0,1.0,Complex,268,60,False
H1,m84137_260214_004236_s1/39913039/ccs,1,16,2,3,0,75,0,0,1.0,Complex,268,60,False
H1,m84137_260214_004236_s1/58002332/ccs,1,16,2,3,0,75,0,0,1.0,Complex,268,60,False
H1,m84137_260214_004236_s1/38603766/ccs,1,16,2,3,0,75,0,0,1.0,Complex,268,60,False
H1,m84137_260214_004236_s1/115541243/ccs,1,16,2,3,0,75,0,0,1.0,Complex,268,60,False
H1,m84137_260214_004236_s1/133499509/ccs,1,16,2,3,0,75,0,0,1.0,Complex,268,60,False
H1,m84137_260214_004236_s1/163447260/ccs,1,16,2,3,0,75,0,0,1.0,Complex,268,60,False
H1,m84137_260214_004236_s1/168232779/ccs,1,16,2,3,0,75,0,0,1.0,Complex,268,60,False
H1,m84137_260214_004236_s1/144377599/ccs,1,16,2,3,0,75,0,0,1.0,Complex,268,60,False
H1,m84137_260214_004236_s1/148572726/ccs,1,16,2,3,0,75,0,0,1.0,Complex,268,60,False
H1,m84137_260214_004236_s1/233706722/ccs,1,16,2,3,0,75,0,0,1.0,Complex,268,60,False
H1,m84137_260214_004236_s1/24840167/ccs,1,16,2,3,0,75,0,0,1.0,Complex,268,60,False
H1,m84137_260214_004236_s1/60162843/ccs,1,16,2,3,0,75,0,0,1.0,Complex,268,60,False
H1,m84137_260214_004236_s1/150143865/ccs,1,16,2,3,0,75,0,0,1.0,Complex,268,60,False
H1,m84137_260214_004236_s1/179831896/ccs,1,16,2,3,0,75,0,0,1.0,Complex,268,60,False
H1,m84137_260214_004236_s1/198312008/ccs,1,16,2,3,0,75,0,0,1.0,Complex,268,60,False
H1,m84137_260214_004236_s1/201656223/ccs,1,16,2,3,0,75,0,0,1.0,Complex,268,60,False
H1,m84137_260214_004236_s1/199885099/ccs,1,16,2,3,0,75,0,0,1.0,Complex,268,60,False
H1,m84137_260214_004236_s1/207555519/ccs,1,16,2,3,0,75,0,0,1.0,Complex,268,60,False
H1,m84137_260214_004236_s1/222233526/ccs,1,16,2,3,0,75,0,0,1.0,Complex,268,60,False
H1,m84137_260214_004236_s1/183699274/ccs,1,16,2,3,0,75,0,0,1.0,Complex,268,60,False
H1,m84137_260214_004236_s1/205457509/ccs,1,16,2,3,0,75,0,0,1.0,Complex,268,60,False
H1,m84137_260214_004236_s1/206505306/ccs,1,16,2,3,0,75,0,0,1.0,Complex,268,60,False
H1,m84137_260214_004236_s1/252970335/ccs,1,16,2,3,0,75,0,0,1.0,Complex,268,60,False
H1,m84137_260214_004236_s1/129111574/ccs,1,16,2,3,0,75,0,0,1.0,Complex,268,60,False
H1,m84137_260214_004236_s1/129307018/ccs,1,16,2,3,0,75,0,0,1.0,Complex,268,60,False
H1,m84137_260214_004236_s1/140186346/ccs,1,16,2,3,0,75,0,0,1.0,Complex,268,60,False
H1,m84137_260214_004236_s1/157421121/ccs,1,16,2,3,0,75,0,0,1.0,Complex,268,60,False
H1,m84137_260214_004236_s1/43716880/ccs,1,16,2,3,0,75,0,0,1.0,Complex,268,60,False
H1,m84137_260214_004236_s1/71831591/ccs,1,16,2,3,0,75,0,0,1.0,Complex,268,60,False
H1,m84137_260214_004236_s1/66784623/ccs,1,16,2,3,0,75,0,0,1.0,Complex,268,60,False
H1,m84137_260214_004236_s1/96473404/ccs,1,16,2,3,0,75,0,0,1.0,Complex,268,60,False
H1,m84137_260214_004236_s1/78779175/ccs,1,16,2,3,0,75,0,0,1.0,Complex,268,60,False
H1,m84137_260214_004236_s1/98963723/ccs,1,16,2,3,0,75,0,0,1.0,Complex,268,60,False
H1,m84137_260214_004236_s1/227282126/ccs,1,16,2,3,0,75,0,0,1.0,Complex,268,60,False
H1,m84137_260214_004236_s1/184488650/ccs,1,16,2,3,0,75,0,0,1.0,Complex,268,60,False
H1,m84137_260214_004236_s1/48694340/ccs,1,16,2,3,0,75,0,0,1.0,Complex,268,60,False
H1,m84137_260214_004236_s1/49086687/ccs,1,16,2,3,0,75,0,0,1.0,Complex,268,60,False
H1,m84137_260214_004236_s1/69140892/ccs,1,16,2,3,0,75,0,0,1.0,Complex,268,60,False
H1,m84137_260214_004236_s1/70452662/ccs,1,16,2,3,0,75,0,0,1.0,Complex,268,60,False
H1,m84137_260214_004236_s1/78774375/ccs,1,16,2,3,0,75,0,0,1.0,Complex,268,60,False
H1,m84137_260214_004236_s1/86115932/ccs,1,16,2,3,0,75,0,0,1.0,Complex,268,60,False
H1,m84137_260214_004236_s1/96865146/ccs,1,16,2,3,0,75,0,0,1.0,Complex,268,60,False
H1,m84137_260214_004236_s1/72551260/ccs,1,16,2,3,0,75,0,0,1.0,Complex,268,60,False
H1,m84137_260214_004236_s1/88213764/ccs,1,16,2,3,0,75,0,0,1.0,Complex,268,60,False
H1,m84137_260214_004236_s1/101254390/ccs,1,16,2,3,0,75,0,0,1.0,Complex,268,60,False
H1,m84137_260214_004236_s1/216663140/ccs,1,16,2,3,0,75,0,0,1.0,Complex,268,60,False
H1,m84137_260214_004236_s1/260113642/ccs,1,16,2,3,0,75,0,0,1.0,Complex,268,60,False
H1,m84137_260214_004236_s1/246481457/ccs,1,16,2,3,0,75,0,0,1.0,Complex,268,60,False
H1,m84137_260214_004236_s1/260900573/ccs,1,16,2,3,0,75,0,0,1.0,Complex,268,60,False
H1,m84137_260214_004236_s1/264634820/ccs,1,16,2,3,0,75,0,0,1.0,Complex,268,60,False
H1,m84137_260214_004236_s1/18746653/ccs,1,16,2,3,0,75,0,0,1.0,Complex,268,60,False
H1,m84137_260214_004236_s1/23792678/ccs,1,16,2,3,0,75,0,0,1.0,Complex,268,60,False
H1,m84137_260214_004236_s1/27922790/ccs,1,16,2,3,0,75,0,0,1.0,Complex,268,60,False
H1,m84137_260214_004236_s1/38736097/ccs,1,16,2,3,0,75,0,0,1.0,Complex,268,60,False
H1,m84137_260214_004236_s1/42275935/ccs,1,16,2,3,0,75,0,0,1.0,Complex,268,60,False
H1,m84137_260214_004236_s1/99878842/ccs,1,16,2,3,0,75,0,0,1.0,Complex,268,60,False
H1,m84137_260214_004236_s1/103484250/ccs,1,16,2,5,0,75,0,0,1.0,Complex,268,60,False
H1,m84137_260214_004236_s1/113050344/ccs,1,16,2,3,0,75,0,0,1.0,Complex,268,60,False
H1,m84137_260214_004236_s1/121700931/ccs,1,16,2,3,0,75,0,0,1.0,Complex,268,60,False
H1,m84137_260214_004236_s1/110166443/ccs,1,16,2,3,0,75,0,0,1.0,Complex,268,60,False
H1,m84137_260214_004236_s1/122487975/ccs,1,16,2,3,0,75,0,0,1.0,Complex,268,60,False
H1,m84137_260214_004236_s1/126878702/ccs,1,16,2,3,0,75,0,0,1.0,Complex,268,60,False
H1,m84137_260214_004236_s1/151062361/ccs,1,16,2,3,0,75,0,0,1.0,Complex,268,60,False
H1,m84137_260214_004236_s1/131729793/ccs,1,16,2,3,0,75,0,0,1.0,Complex,268,60,False
H1,m84137_260214_004236_s1/135790773/ccs,1,16,2,3,0,75,0,0,1.0,Complex,268,60,False
H1,m84137_260214_004236_s1/192287125/ccs,1,16,2,3,0,75,0,0,1.0,Complex,268,60,False
H1,m84137_260214_004236_s1/178720973/ccs,1,16,2,3,0,75,0,0,1.0,Complex,268,60,False
H1,m84137_260214_004236_s1/222237834/ccs,1,16,2,3,0,75,0,0,1.0,Complex,268,60,False
H1,m84137_260214_004236_s1/225383519/ccs,1,16,2,3,0,75,0,0,1.0,Complex,268,60,False
H1,m84137_260214_004236_s1/182259996/ccs,1,16,2,5,0,75,0,0,1.0,Complex,268,60,False
H1,m84137_260214_004236_s1/253367178/ccs,1,16,2,3,0,75,0,0,1.0,Complex,268,60,False
H1,m84137_260214_004236_s1/240457491/ccs,1,16,2,3,0,75,0,0,1.0,Complex,268,60,False
H1,m84137_260214_004236_s1/18353430/ccs,1,16,2,3,0,75,0,0,1.0,Complex,268,60,False
H1,m84137_260214_004236_s1/248580755/ccs,1,16,2,3,0,75,0,0,1.0,Complex,268,60,False
H1,m84137_260214_004236_s1/3084364/ccs,1,16,2,3,0,75,0,0,1.0,Complex,268,60,False
H1,m84137_260214_004236_s1/267453780/ccs,1,16,2,3,0,75,0,0,1.0,Complex,268,60,False
H1,m84137_260214_004236_s1/9507799/ccs,1,16,2,3,0,75,0,0,1.0,Complex,268,60,False
H1,m84137_260214_004236_s1/39259150/ccs,1,16,2,3,0,75,0,0,1.0,Complex,268,60,False
H1,m84137_260214_004236_s1/100860539/ccs,1,16,2,3,0,75,0,0,1.0,Complex,268,60,False
H1,m84137_260214_004236_s1/2296100/ccs,1,16,2,3,0,75,0,0,1.0,Complex,268,60,False
H1,m84137_260214_004236_s1/202376432/ccs,1,16,2,5,0,75,0,0,1.0,Complex,268,60,False
H1,m84137_260214_004236_s1/80023722/ccs,1,16,2,5,0,76,1,0,1.0,Complex,269,60,False
H1,m84137_260214_004236_s1/115411417/ccs,1,16,2,5,0,76,0,0,1.0,Complex,269,60,False
H1,m84137_260214_004236_s1/142152429/ccs,1,16,2,3,0,76,0,0,1.0,Complex,269,60,False
H1,m84137_260214_004236_s1/212336748/ccs,1,16,2,7,0,77,0,0,1.0,Complex,269,60,False
H1,m84137_260214_004236_s1/217126320/ccs,1,16,3,5,0,76,0,0,1.0,Complex,269,60,False
H1,m84137_260214_004236_s1/232589002/ccs,1,16,2,5,0,76,0,0,1.0,Complex,269,60,False
H1,m84137_260214_004236_s1/249629939/ccs,1,16,3,3,0,76,0,0,1.0,Complex,269,60,False
H1,m84137_260214_004236_s1/70651301/ccs,1,17,1,7,0,76,0,0,1.0,Complex,269,60,False
H1,m84137_260214_004236_s1/4525167/ccs,1,16,2,3,0,76,0,0,1.0,Complex,269,60,False
H1,m84137_260214_004236_s1/192086480/ccs,1,16,2,5,0,77,0,0,1.0,Complex,270,60,False
H1,m84137_260214_004236_s1/198379457/ccs,1,16,2,3,0,77,0,0,1.0,Complex,270,60,False
H1,m84137_260214_004236_s1/32508929/ccs,1,16,2,3,0,77,0,0,1.0,Complex,270,60,False
H1,m84137_260214_004236_s1/259983398/ccs,1,16,2,5,0,77,0,0,1.0,Complex,270,60,False
H1,m84137_260214_004236_s1/241567400/ccs,1,17,2,3,0,78,0,0,1.0,Complex,271,60,False
H1,m84137_260214_004236_s1/230493487/ccs,1,17,2,3,0,78,0,0,1.0,Complex,271,60,False
H1,m84137_260214_004236_s1/19925720/ccs,1,17,2,3,0,78,0,0,1.0,Complex,271,60,False
H1,m84137_260214_004236_s1/34014159/ccs,1,17,2,3,0,78,0,0,1.0,Complex,271,60,False
H1,m84137_260214_004236_s1/51512193/ccs,1,17,2,3,0,78,0,0,1.0,Complex,271,60,False
H1,m84137_260214_004236_s1/259392520/ccs,1,17,2,3,0,78,0,0,1.0,Complex,271,60,False
H1,m84137_260214_004236_s1/266405471/ccs,1,17,2,3,0,78,0,0,1.0,Complex,271,60,False
H1,m84137_260214_004236_s1/266601473/ccs,1,17,2,3,0,78,0,0,1.0,Complex,271,60,False
H1,m84137_260214_004236_s1/66522272/ccs,1,17,2,3,0,78,0,0,1.0,Complex,271,60,False
H1,m84137_260214_004236_s1/99485528/ccs,1,17,2,3,0,78,0,0,1.0,Complex,271,60,False
H1,m84137_260214_004236_s1/108792770/ccs,1,17,2,3,0,78,0,0,1.0,Complex,271,60,False
H1,m84137_260214_004236_s1/52560796/ccs,1,17,2,3,0,78,0,0,1.0,Complex,271,60,False
H1,m84137_260214_004236_s1/36899037/ccs,1,17,2,3,0,78,0,0,1.0,Complex,271,60,False
H1,m84137_260214_004236_s1/59573249/ccs,1,17,2,3,0,78,0,0,1.0,Complex,271,60,False
H1,m84137_260214_004236_s1/60556462/ccs,1,17,2,3,0,78,0,0,1.0,Complex,271,60,False
H1,m84137_260214_004236_s1/85787792/ccs,1,17,2,3,0,78,0,0,1.0,Complex,271,60,False
H1,m84137_260214_004236_s1/188155880/ccs,1,17,2,3,0,78,0,0,1.0,Complex,271,60,False
H1,m84137_260214_004236_s1/175638049/ccs,1,17,2,3,0,78,0,0,1.0,Complex,271,60,False
H1,m84137_260214_004236_s1/175835425/ccs,1,17,2,3,0,78,0,0,1.0,Complex,271,60,False
H1,m84137_260214_004236_s1/189204166/ccs,1,17,2,3,0,78,0,0,1.0,Complex,271,60,False
H1,m84137_260214_004236_s1/189923876/ccs,1,17,2,3,0,78,0,0,1.0,Complex,271,60,False
H1,m84137_260214_004236_s1/218499131/ccs,1,17,2,3,0,78,0,0,1.0,Complex,271,60,False
H1,m84137_260214_004236_s1/109970180/ccs,1,17,2,3,0,78,0,0,1.0,Complex,271,60,False
H1,m84137_260214_004236_s1/127469145/ccs,1,17,2,3,0,78,0,0,1.0,Complex,271,60,False
H1,m84137_260214_004236_s1/164169114/ccs,1,17,2,3,0,78,0,0,1.0,Complex,271,60,False
H1,m84137_260214_004236_s1/68031103/ccs,1,17,2,3,0,78,0,0,1.0,Complex,271,60,False
H1,m84137_260214_004236_s1/71109966/ccs,1,17,2,3,0,78,0,0,1.0,Complex,271,60,False
H1,m84137_260214_004236_s1/172950952/ccs,1,17,2,3,0,78,0,0,1.0,Complex,271,60,False
H1,m84137_260214_004236_s1/208864857/ccs,1,17,2,3,0,78,0,0,1.0,Complex,271,60,False
H1,m84137_260214_004236_s1/209257148/ccs,1,17,2,3,0,78,0,0,1.0,Complex,271,60,False
H1,m84137_260214_004236_s1/222628608/ccs,1,17,2,3,0,78,0,0,1.0,Complex,271,60,False
H1,m84137_260214_004236_s1/48631855/ccs,1,17,2,3,0,78,0,0,1.0,Complex,271,60,False
H1,m84137_260214_004236_s1/92215070/ccs,1,17,2,3,0,78,0,0,1.0,Complex,271,60,False
H1,m84137_260214_004236_s1/97259308/ccs,1,17,2,3,0,78,0,0,1.0,Complex,271,60,False
H1,m84137_260214_004236_s1/76682693/ccs,1,17,2,3,0,78,0,0,1.0,Complex,271,60,False
H1,m84137_260214_004236_s1/99422763/ccs,1,17,2,3,0,78,0,0,1.0,Complex,271,60,False
H1,m84137_260214_004236_s1/122950082/ccs,1,17,2,3,0,78,0,0,1.0,Complex,271,60,False
H1,m84137_260214_004236_s1/82840988/ccs,1,17,2,3,0,78,0,0,1.0,Complex,271,60,False
H1,m84137_260214_004236_s1/152702064/ccs,1,17,2,3,0,78,0,0,1.0,Complex,271,60,False
H1,m84137_260214_004236_s1/190713578/ccs,1,17,2,3,0,78,0,0,1.0,Complex,271,60,False
H1,m84137_260214_004236_s1/147198879/ccs,1,17,2,3,0,78,0,0,1.0,Complex,271,60,False
H1,m84137_260214_004236_s1/218107296/ccs,1,17,2,3,0,78,0,0,1.0,Complex,271,60,False
H1,m84137_260214_004236_s1/219289299/ccs,1,17,2,3,0,78,0,0,1.0,Complex,271,60,False
H1,m84137_260214_004236_s1/217518111/ccs,1,17,2,3,0,78,0,0,1.0,Complex,271,60,False
H1,m84137_260214_004236_s1/70975567/ccs,1,16,2,5,0,78,0,0,1.0,Complex,271,60,False
H1,m84137_260214_004236_s1/146019725/ccs,1,17,2,3,0,78,0,0,1.0,Complex,271,60,False
H1,m84137_260214_004236_s1/176951751/ccs,1,17,2,3,0,78,0,0,1.0,Complex,271,60,False
H1,m84137_260214_004236_s1/86050297/ccs,1,17,2,3,0,78,0,0,1.0,Complex,271,60,False
H1,m84137_260214_004236_s1/259658142/ccs,1,17,2,3,0,78,0,0,1.0,Complex,271,60,False
H1,m84137_260214_004236_s1/205915285/ccs,1,17,2,5,0,78,0,0,1.0,Complex,271,60,False
H1,m84137_260214_004236_s1/212272157/ccs,1,17,2,3,0,78,0,0,1.0,Complex,271,60,False
H1,m84137_260214_004236_s1/254937259/ccs,1,17,2,3,0,78,0,0,1.0,Complex,271,60,False
H1,m84137_260214_004236_s1/18615963/ccs,1,17,2,3,0,78,0,0,1.0,Complex,271,60,False
H1,m84137_260214_004236_s1/66916842/ccs,1,17,2,3,0,78,0,0,1.0,Complex,271,60,False
H1,m84137_260214_004236_s1/7801535/ccs,1,17,2,3,0,78,0,0,1.0,Complex,271,60,False
H1,m84137_260214_004236_s1/34146957/ccs,1,17,2,3,0,78,0,0,1.0,Complex,271,60,False
H1,m84137_260214_004236_s1/147065328/ccs,1,17,2,3,0,78,0,0,1.0,Complex,271,60,False
H1,m84137_260214_004236_s1/185272956/ccs,1,17,2,3,0,78,0,0,1.0,Complex,271,60,False
H1,m84137_260214_004236_s1/45746039/ccs,1,17,2,3,0,78,0,0,1.0,Complex,271,60,False
H1,m84137_260214_004236_s1/53085256/ccs,1,17,2,3,0,78,0,0,1.0,Complex,271,60,False
H1,m84137_260214_004236_s1/53086004/ccs,1,17,2,3,0,78,0,0,1.0,Complex,271,60,False
H1,m84137_260214_004236_s1/53413135/ccs,1,17,2,3,0,78,0,0,1.0,Complex,271,60,False
H1,m84137_260214_004236_s1/55641277/ccs,1,17,2,3,0,78,0,0,1.0,Complex,271,60,False
H1,m84137_260214_004236_s1/124323669/ccs,1,16,2,5,0,78,0,0,1.0,Complex,271,60,False
H1,m84137_260214_004236_s1/107940213/ccs,1,17,2,3,0,78,0,0,1.0,Complex,271,60,False
H1,m84137_260214_004236_s1/127208005/ccs,1,17,2,3,0,78,0,0,1.0,Complex,271,60,False
H1,m84137_260214_004236_s1/38672108/ccs,1,17,2,3,0,78,0,0,1.0,Complex,271,60,False
H1,m84137_260214_004236_s1/68621603/ccs,1,17,2,3,0,78,0,0,1.0,Complex,271,60,False
H1,m84137_260214_004236_s1/44831124/ccs,1,17,2,3,0,78,0,0,1.0,Complex,271,60,False
H1,m84137_260214_004236_s1/87756980/ccs,1,17,2,3,0,78,0,0,1.0,Complex,271,60,False
H1,m84137_260214_004236_s1/75632994/ccs,1,17,2,3,0,78,0,0,1.0,Complex,271,60,False
H1,m84137_260214_004236_s1/77665144/ccs,1,17,2,3,0,78,0,0,1.0,Complex,271,60,False
H1,m84137_260214_004236_s1/119803786/ccs,1,17,2,3,0,78,0,0,1.0,Complex,271,60,False
H1,m84137_260214_004236_s1/122950902/ccs,1,17,2,3,0,78,0,0,1.0,Complex,271,60,False
H1,m84137_260214_004236_s1/115807529/ccs,1,17,2,3,0,78,0,0,1.0,Complex,271,60,False
H1,m84137_260214_004236_s1/184817087/ccs,1,17,2,3,0,78,0,0,1.0,Complex,271,60,False
H1,m84137_260214_004236_s1/116594367/ccs,1,17,2,3,0,78,0,0,1.0,Complex,271,60,False
H1,m84137_260214_004236_s1/211551287/ccs,1,17,2,3,0,78,0,0,1.0,Complex,271,60,False
H1,m84137_260214_004236_s1/212009435/ccs,1,17,2,3,0,78,0,0,1.0,Complex,271,60,False
H1,m84137_260214_004236_s1/242747272/ccs,1,17,2,3,0,78,0,0,1.0,Complex,271,60,False
H1,m84137_260214_004236_s1/239012154/ccs,1,17,2,3,0,78,0,0,1.0,Complex,271,60,False
H1,m84137_260214_004236_s1/260376265/ccs,1,17,2,3,0,78,0,0,1.0,Complex,271,60,False
H1,m84137_260214_004236_s1/161420349/ccs,1,17,2,3,0,78,0,0,1.0,Complex,271,60,False
H1,m84137_260214_004236_s1/164432985/ccs,1,17,2,3,0,78,0,0,1.0,Complex,271,60,False
H1,m84137_260214_004236_s1/165025074/ccs,1,17,2,3,0,78,0,0,1.0,Complex,271,60,False
H1,m84137_260214_004236_s1/146082978/ccs,1,17,2,3,0,78,0,0,1.0,Complex,271,60,False
H1,m84137_260214_004236_s1/186783533/ccs,1,17,2,3,0,78,0,0,1.0,Complex,271,60,False
H1,m84137_260214_004236_s1/177869395/ccs,1,17,2,3,0,78,0,0,1.0,Complex,271,60,False
H1,m84137_260214_004236_s1/197201429/ccs,1,17,2,3,0,78,0,0,1.0,Complex,271,60,False
H1,m84137_260214_004236_s1/197856831/ccs,1,17,2,3,0,78,0,0,1.0,Complex,271,60,False
H1,m84137_260214_004236_s1/123340723/ccs,1,17,2,3,0,78,0,0,1.0,Complex,271,60,False
H1,m84137_260214_004236_s1/78186641/ccs,1,17,2,3,0,78,0,0,1.0,Complex,271,60,False
H1,m84137_260214_004236_s1/124127564/ccs,1,17,2,3,0,78,0,0,1.0,Complex,271,60,False
H1,m84137_260214_004236_s1/245829630/ccs,1,17,2,3,0,78,0,0,1.0,Complex,271,60,False
H1,m84137_260214_004236_s1/247730601/ccs,1,17,2,3,0,78,0,0,1.0,Complex,271,60,False
H1,m84137_260214_004236_s1/247860881/ccs,1,17,2,3,0,78,0,0,1.0,Complex,271,60,False
H1,m84137_260214_004236_s1/51904977/ccs,1,17,2,3,0,78,0,0,1.0,Complex,271,60,False
H1,m84137_260214_004236_s1/123535729/ccs,1,17,2,3,0,78,0,0,1.0,Complex,271,60,False
H1,m84137_260214_004236_s1/133628448/ccs,1,17,2,3,0,78,0,0,1.0,Complex,271,60,False
H1,m84137_260214_004236_s1/166791229/ccs,1,17,2,3,0,78,0,0,1.0,Complex,271,60,False
H1,m84137_260214_004236_s1/197788827/ccs,1,17,2,3,0,78,0,0,1.0,Complex,271,60,False
H1,m84137_260214_004236_s1/219283717/ccs,1,17,2,3,0,78,0,0,1.0,Complex,271,60,False
H1,m84137_260214_004236_s1/199690560/ccs,1,17,2,3,0,78,0,0,1.0,Complex,271,60,False
H1,m84137_260214_004236_s1/183962030/ccs,1,17,2,3,0,78,0,0,1.0,Complex,271,60,False
H1,m84137_260214_004236_s1/123667517/ccs,1,17,2,3,0,78,0,0,1.0,Complex,271,60,False
H1,m84137_260214_004236_s1/125703973/ccs,1,17,2,3,0,78,0,0,1.0,Complex,271,60,False
H1,m84137_260214_004236_s1/116264773/ccs,1,17,2,3,0,78,0,0,1.0,Complex,271,60,False
H1,m84137_260214_004236_s1/228792025/ccs,1,17,2,3,0,78,0,0,1.0,Complex,271,60,False
H1,m84137_260214_004236_s1/194644611/ccs,1,17,2,3,0,78,0,0,1.0,Complex,271,60,False
H1,m84137_260214_004236_s1/11995168/ccs,1,17,2,3,0,78,0,0,1.0,Complex,271,60,False
H1,m84137_260214_004236_s1/24511154/ccs,1,17,2,5,0,79,0,0,1.0,Complex,271,60,False
H1,m84137_260214_004236_s1/24709622/ccs,1,17,2,3,0,78,0,0,1.0,Complex,271,60,False
H1,m84137_260214_004236_s1/33625095/ccs,1,17,2,3,0,78,0,0,1.0,Complex,271,60,False
H1,m84137_260214_004236_s1/123341454/ccs,1,17,2,3,0,78,0,0,1.0,Complex,271,60,False
H1,m84137_260214_004236_s1/178980673/ccs,1,17,2,3,0,78,0,0,1.0,Complex,271,60,False
H1,m84137_260214_004236_s1/20777852/ccs,1,17,2,3,0,78,0,0,1.0,Complex,271,60,False
H1,m84137_260214_004236_s1/21234484/ccs,1,17,2,3,0,78,0,0,1.0,Complex,271,60,False
H1,m84137_260214_004236_s1/16647679/ccs,1,17,2,3,0,78,0,0,1.0,Complex,271,60,False
H1,m84137_260214_004236_s1/40043050/ccs,1,17,2,3,0,78,0,0,1.0,Complex,271,60,False
H1,m84137_260214_004236_s1/133496927/ccs,1,17,2,3,0,78,0,0,1.0,Complex,271,60,False
H1,m84137_260214_004236_s1/139528234/ccs,1,17,2,3,0,78,0,0,1.0,Complex,271,60,False
H1,m84137_260214_004236_s1/164167715/ccs,1,17,2,3,0,78,0,0,1.0,Complex,271,60,False
H1,m84137_260214_004236_s1/160761616/ccs,1,17,2,3,0,78,0,0,1.0,Complex,271,60,False
H1,m84137_260214_004236_s1/146868989/ccs,1,17,2,3,0,78,0,0,1.0,Complex,271,60,False
H1,m84137_260214_004236_s1/147785492/ccs,1,17,2,3,0,78,0,0,1.0,Complex,271,60,False
H1,m84137_260214_004236_s1/186319009/ccs,1,17,2,3,0,78,0,0,1.0,Complex,271,60,False
H1,m84137_260214_004236_s1/255660769/ccs,1,17,2,3,0,78,0,0,1.0,Complex,271,60,False
H1,m84137_260214_004236_s1/259593823/ccs,1,17,2,3,0,78,0,0,1.0,Complex,271,60,False
H1,m84137_260214_004236_s1/245503346/ccs,1,17,2,3,0,78,0,0,1.0,Complex,271,60,False
H1,m84137_260214_004236_s1/246944682/ccs,1,17,2,3,0,78,0,0,1.0,Complex,271,60,False
H1,m84137_260214_004236_s1/247141973/ccs,1,17,2,3,0,78,0,0,1.0,Complex,271,60,False
H1,m84137_260214_004236_s1/249631805/ccs,1,17,2,3,0,78,0,0,1.0,Complex,271,60,False
H1,m84137_260214_004236_s1/26346655/ccs,1,17,2,3,0,78,0,0,1.0,Complex,271,60,False
H1,m84137_260214_004236_s1/156369642/ccs,1,17,2,3,0,78,0,0,1.0,Complex,271,60,False
H1,m84137_260214_004236_s1/226690316/ccs,1,17,2,3,0,78,0,0,1.0,Complex,271,60,False
H1,m84137_260214_004236_s1/170264839/ccs,1,17,2,3,0,78,0,0,1.0,Complex,271,60,False
H1,m84137_260214_004236_s1/149946612/ccs,1,17,2,3,0,78,0,0,1.0,Complex,271,60,False
H1,m84137_260214_004236_s1/176686266/ccs,1,17,2,3,0,78,0,0,1.0,Complex,271,60,False
H1,m84137_260214_004236_s1/218432603/ccs,1,17,2,3,0,78,0,0,1.0,Complex,271,60,False
H1,m84137_260214_004236_s1/199819370/ccs,1,17,2,3,0,78,0,0,1.0,Complex,271,60,False
H1,m84137_260214_004236_s1/221512531/ccs,1,17,2,3,0,78,0,0,1.0,Complex,271,60,False
H1,m84137_260214_004236_s1/222889414/ccs,1,17,2,3,0,78,0,0,1.0,Complex,271,60,False
H1,m84137_260214_004236_s1/253692781/ccs,1,17,2,3,0,78,0,0,1.0,Complex,271,60,False
H1,m84137_260214_004236_s1/254806103/ccs,1,17,2,3,0,78,0,0,1.0,Complex,271,60,False
H1,m84137_260214_004236_s1/237045377/ccs,1,17,2,3,0,78,0,0,1.0,Complex,271,60,False
H1,m84137_260214_004236_s1/234488546/ccs,1,17,2,3,0,78,0,0,1.0,Complex,271,60,False
H1,m84137_260214_004236_s1/134483988/ccs,1,17,2,3,0,78,0,0,1.0,Complex,271,60,False
H1,m84137_260214_004236_s1/82579190/ccs,1,17,2,3,0,78,0,0,1.0,Complex,271,60,False
H1,m84137_260214_004236_s1/112136322/ccs,1,17,2,3,0,78,0,0,1.0,Complex,271,60,False
H1,m84137_260214_004236_s1/112922920/ccs,1,17,2,3,0,78,0,0,1.0,Complex,271,60,False
H1,m84137_260214_004236_s1/133764071/ccs,1,17,2,3,0,78,0,0,1.0,Complex,271,60,False
H1,m84137_260214_004236_s1/162926095/ccs,1,17,2,3,0,78,0,0,1.0,Complex,271,60,False
H1,m84137_260214_004236_s1/186127320/ccs,1,17,2,3,0,78,0,0,1.0,Complex,271,60,False
H1,m84137_260214_004236_s1/43849452/ccs,1,17,2,3,0,78,0,0,1.0,Complex,271,60,False
H1,m84137_260214_004236_s1/60691123/ccs,1,17,2,3,0,78,0,0,1.0,Complex,271,60,False
H1,m84137_260214_004236_s1/89790244/ccs,1,17,2,3,0,78,0,0,1.0,Complex,271,60,False
H1,m84137_260214_004236_s1/75567519/ccs,1,17,2,3,0,78,0,0,1.0,Complex,271,60,False
H1,m84137_260214_004236_s1/101715856/ccs,1,17,2,3,0,78,0,0,1.0,Complex,271,60,False
H1,m84137_260214_004236_s1/78843993/ccs,1,17,2,3,0,78,0,0,1.0,Complex,271,60,False
H1,m84137_260214_004236_s1/98834193/ccs,1,17,2,3,0,78,0,0,1.0,Complex,271,60,False
H1,m84137_260214_004236_s1/106829647/ccs,1,17,2,3,0,78,0,0,1.0,Complex,271,60,False
H1,m84137_260214_004236_s1/74252469/ccs,1,17,2,3,0,78,0,0,1.0,Complex,271,60,False
H1,m84137_260214_004236_s1/71830263/ccs,1,17,2,3,0,78,0,0,1.0,Complex,271,60,False
H1,m84137_260214_004236_s1/67374852/ccs,1,17,2,3,0,78,0,0,1.0,Complex,271,60,False
H1,m84137_260214_004236_s1/42930539/ccs,1,17,2,3,0,78,0,0,1.0,Complex,271,60,False
H1,m84137_260214_004236_s1/118555579/ccs,1,17,2,3,0,78,0,0,1.0,Complex,271,60,False
H1,m84137_260214_004236_s1/126421382/ccs,1,17,2,3,0,78,0,0,1.0,Complex,271,60,False
H1,m84137_260214_004236_s1/122292219/ccs,1,17,2,3,0,78,0,0,1.0,Complex,271,60,False
H1,m84137_260214_004236_s1/153159804/ccs,1,17,2,3,0,78,0,0,1.0,Complex,271,60,False
H1,m84137_260214_004236_s1/177082298/ccs,1,17,2,3,0,78,0,0,1.0,Complex,271,60,False
H1,m84137_260214_004236_s1/221582023/ccs,1,17,2,3,0,78,0,0,1.0,Complex,271,60,False
H1,m84137_260214_004236_s1/252383231/ccs,1,17,2,3,0,78,0,0,1.0,Complex,271,60,False
H1,m84137_260214_004236_s1/183179041/ccs,1,17,2,3,0,78,0,0,1.0,Complex,271,60,False
H1,m84137_260214_004236_s1/247138207/ccs,1,17,2,3,0,78,0,0,1.0,Complex,271,60,False
H1,m84137_260214_004236_s1/2561451/ccs,1,17,2,3,0,78,0,0,1.0,Complex,271,60,False
H1,m84137_260214_004236_s1/5247955/ccs,1,17,2,3,0,78,0,0,1.0,Complex,271,60,False
H1,m84137_260214_004236_s1/27726076/ccs,1,17,2,3,0,78,0,0,1.0,Complex,271,60,False
H1,m84137_260214_004236_s1/196284785/ccs,1,17,2,3,0,78,0,0,1.0,Complex,271,60,False
H1,m84137_260214_004236_s1/92736609/ccs,1,17,2,3,0,78,0,0,1.0,Complex,271,60,False
H1,m84137_260214_004236_s1/141627208/ccs,1,17,2,3,0,78,0,0,1.0,Complex,271,60,False
H1,m84137_260214_004236_s1/213322757/ccs,1,16,3,3,0,79,0,0,1.0,Complex,272,60,False
H1,m84137_260214_004236_s1/203951261/ccs,1,17,2,3,0,79,0,0,1.0,Complex,272,60,False
H1,m84137_260214_004236_s1/175835292/ccs,1,17,2,5,0,79,0,0,1.0,Complex,272,60,False
H1,m84137_260214_004236_s1/134414511/ccs,1,16,3,3,0,79,0,0,1.0,Complex,272,60,False
H1,m84137_260214_004236_s1/197724236/ccs,1,17,2,3,0,79,0,0,1.0,Complex,272,60,False
H1,m84137_260214_004236_s1/188748173/ccs,1,17,2,5,0,79,0,0,1.0,Complex,272,60,False
H1,m84137_260214_004236_s1/35458849/ccs,1,16,3,3,0,79,0,0,1.0,Complex,272,60,False
H1,m84137_260214_004236_s1/212011154/ccs,1,17,2,3,0,79,0,0,1.0,Complex,272,60,False
H1,m84137_260214_004236_s1/114889712/ccs,1,16,3,3,0,79,0,0,1.0,Complex,272,60,False
H1,m84137_260214_004236_s1/233181095/ccs,1,16,3,3,0,79,0,0,1.0,Complex,272,60,False
H1,m84137_260214_004236_s1/232263470/ccs,1,16,3,3,0,79,0,0,1.0,Complex,272,60,False
H1,m84137_260214_004236_s1/35586570/ccs,1,17,2,3,0,80,0,0,1.0,Complex,273,60,False
H1,m84137_260214_004236_s1/92999905/ccs,1,16,3,5,0,81,0,0,1.0,Complex,273,60,False
H1,m84137_260214_004236_s1/127534761/ccs,1,17,2,3,0,80,0,0,1.0,Complex,273,60,False
H1,m84137_260214_004236_s1/129504884/ccs,1,17,2,3,0,80,0,0,1.0,Complex,273,60,False
H1,m84137_260214_004236_s1/56756248/ccs,1,17,2,3,0,80,0,0,1.0,Complex,273,60,False
H1,m84137_260214_004236_s1/143065962/ccs,1,17,2,3,0,80,0,0,1.0,Complex,273,60,False
H1,m84137_260214_004236_s1/183697456/ccs,1,17,2,5,0,81,1,0,1.0,Complex,273,60,False
H1,m84137_260214_004236_s1/200410448/ccs,1,17,2,3,0,81,0,0,1.0,Complex,274,60,False
H1,m84137_260214_004236_s1/1901874/ccs,1,17,2,3,0,81,0,0,1.0,Complex,274,60,False
H1,m84137_260214_004236_s1/29753793/ccs,1,17,2,3,0,81,0,0,1.0,Complex,274,60,False
H1,m84137_260214_004236_s1/5113477/ccs,1,17,2,5,0,81,0,0,1.0,Complex,274,60,False
H1,m84137_260214_004236_s1/27658474/ccs,1,17,2,3,0,81,0,0,1.0,Complex,274,60,False
H1,m84137_260214_004236_s1/31982189/ccs,1,17,2,3,0,81,0,0,1.0,Complex,274,60,False
H1,m84137_260214_004236_s1/27924264/ccs,1,17,2,3,0,81,0,0,1.0,Complex,274,60,False
H1,m84137_260214_004236_s1/27004305/ccs,1,17,2,3,0,81,0,0,1.0,Complex,274,60,False
H1,m84137_260214_004236_s1/71369790/ccs,1,17,1,5,0,81,0,0,1.0,Complex,274,60,False
H1,m84137_260214_004236_s1/92800906/ccs,1,17,2,3,0,81,0,0,1.0,Complex,274,60,False
H1,m84137_260214_004236_s1/77333527/ccs,1,17,2,3,0,81,0,0,1.0,Complex,274,60,False
H1,m84137_260214_004236_s1/102105575/ccs,1,17,2,3,0,81,0,0,1.0,Complex,274,60,False
H1,m84137_260214_004236_s1/100337084/ccs,1,17,2,3,0,81,0,0,1.0,Complex,274,60,False
H1,m84137_260214_004236_s1/103548130/ccs,1,17,2,3,0,81,0,0,1.0,Complex,274,60,False
H1,m84137_260214_004236_s1/61409055/ccs,1,17,2,3,0,81,0,0,1.0,Complex,274,60,False
H1,m84137_260214_004236_s1/69535672/ccs,1,17,2,3,0,81,0,0,1.0,Complex,274,60,False
H1,m84137_260214_004236_s1/70256013/ccs,1,17,2,3,0,81,0,0,1.0,Complex,274,60,False
H1,m84137_260214_004236_s1/161219867/ccs,1,17,2,3,0,81,0,0,1.0,Complex,274,60,False
H1,m84137_260214_004236_s1/128188633/ccs,1,17,2,3,0,81,0,0,1.0,Complex,274,60,False
H1,m84137_260214_004236_s1/132253372/ccs,1,17,2,5,0,81,0,0,1.0,Complex,274,60,False
H1,m84137_260214_004236_s1/52171083/ccs,1,17,2,3,0,81,0,0,1.0,Complex,274,60,False
H1,m84137_260214_004236_s1/32052716/ccs,1,17,2,3,0,81,0,0,1.0,Complex,274,60,False
H1,m84137_260214_004236_s1/55449488/ccs,1,17,2,3,0,81,0,0,1.0,Complex,274,60,False
H1,m84137_260214_004236_s1/55840542/ccs,1,17,2,3,0,81,0,0,1.0,Complex,274,60,False
H1,m84137_260214_004236_s1/69604600/ccs,1,17,2,3,0,81,0,0,1.0,Complex,274,60,False
H1,m84137_260214_004236_s1/194249365/ccs,1,17,3,3,0,81,0,0,1.0,Complex,274,60,False
H1,m84137_260214_004236_s1/194579272/ccs,1,17,2,3,0,81,0,0,1.0,Complex,274,60,False
H1,m84137_260214_004236_s1/208078366/ccs,1,17,2,3,0,81,0,0,1.0,Complex,274,60,False
H1,m84137_260214_004236_s1/93525321/ccs,1,17,2,3,0,81,0,0,1.0,Complex,274,60,False
H1,m84137_260214_004236_s1/151000178/ccs,1,17,2,3,0,81,0,0,1.0,Complex,274,60,False
H1,m84137_260214_004236_s1/113514120/ccs,1,17,2,3,0,81,0,0,1.0,Complex,274,60,False
H1,m84137_260214_004236_s1/163122710/ccs,1,17,2,3,0,81,0,0,1.0,Complex,274,60,False
H1,m84137_260214_004236_s1/183635492/ccs,1,17,2,3,0,81,0,0,1.0,Complex,274,60,False
H1,m84137_260214_004236_s1/191958062/ccs,1,17,2,3,0,81,0,0,1.0,Complex,274,60,False
H1,m84137_260214_004236_s1/197071678/ccs,1,17,2,3,0,81,0,0,1.0,Complex,274,60,False
H1,m84137_260214_004236_s1/180163499/ccs,1,17,2,3,0,81,0,0,1.0,Complex,274,60,False
H1,m84137_260214_004236_s1/90508976/ccs,1,17,2,3,0,81,0,0,1.0,Complex,274,60,False
H1,m84137_260214_004236_s1/99882127/ccs,1,17,2,3,0,81,0,0,1.0,Complex,274,60,False
H1,m84137_260214_004236_s1/49348972/ccs,1,17,2,3,0,81,0,0,1.0,Complex,274,60,False
H1,m84137_260214_004236_s1/132254879/ccs,1,17,2,3,0,81,0,0,1.0,Complex,274,60,False
H1,m84137_260214_004236_s1/178395000/ccs,1,17,2,3,0,81,0,0,1.0,Complex,274,60,False
H1,m84137_260214_004236_s1/34867567/ccs,1,17,2,3,0,81,0,0,1.0,Complex,274,60,False
H1,m84137_260214_004236_s1/36241879/ccs,1,17,2,3,0,81,0,0,1.0,Complex,274,60,False
H1,m84137_260214_004236_s1/80612624/ccs,1,17,2,3,0,81,0,0,1.0,Complex,274,60,False
H1,m84137_260214_004236_s1/253428357/ccs,1,17,2,3,0,81,0,0,1.0,Complex,274,60,False
H1,m84137_260214_004236_s1/28049861/ccs,1,17,2,3,0,81,0,0,1.0,Complex,274,60,False
H1,m84137_260214_004236_s1/29884922/ccs,1,17,2,3,0,81,0,0,1.0,Complex,274,60,False
H1,m84137_260214_004236_s1/13305063/ccs,1,17,2,3,0,81,0,0,1.0,Complex,274,60,False
H1,m84137_260214_004236_s1/142279265/ccs,1,17,2,3,0,81,0,0,1.0,Complex,274,60,False
H1,m84137_260214_004236_s1/173409315/ccs,1,17,2,3,0,81,0,0,1.0,Complex,274,60,False
H1,m84137_260214_004236_s1/190383791/ccs,1,17,2,3,0,81,0,0,1.0,Complex,274,60,False
H1,m84137_260214_004236_s1/149226537/ccs,1,17,2,3,0,81,0,0,1.0,Complex,274,60,False
H1,m84137_260214_004236_s1/41419683/ccs,1,17,2,3,0,81,0,0,1.0,Complex,274,60,False
H1,m84137_260214_004236_s1/59705012/ccs,1,17,2,3,0,81,0,0,1.0,Complex,274,60,False
H1,m84137_260214_004236_s1/63505565/ccs,1,17,2,3,0,81,0,0,1.0,Complex,274,60,False
H1,m84137_260214_004236_s1/38996441/ccs,1,17,2,3,0,81,0,0,1.0,Complex,274,60,False
H1,m84137_260214_004236_s1/73926359/ccs,1,17,2,3,0,81,0,0,1.0,Complex,274,60,False
H1,m84137_260214_004236_s1/119343131/ccs,1,17,2,3,0,81,0,0,1.0,Complex,274,60,False
H1,m84137_260214_004236_s1/103941217/ccs,1,17,2,3,0,81,0,0,1.0,Complex,274,60,False
H1,m84137_260214_004236_s1/133434315/ccs,1,17,2,3,0,81,0,0,1.0,Complex,274,60,False
H1,m84137_260214_004236_s1/62592104/ccs,1,17,2,3,0,81,0,0,1.0,Complex,274,60,False
H1,m84137_260214_004236_s1/85267709/ccs,1,17,2,3,0,81,0,0,1.0,Complex,274,60,False
H1,m84137_260214_004236_s1/48042809/ccs,1,17,2,3,0,81,0,0,1.0,Complex,274,60,False
H1,m84137_260214_004236_s1/137303726/ccs,1,17,2,3,0,81,0,0,1.0,Complex,274,60,False
H1,m84137_260214_004236_s1/139791782/ccs,1,17,2,3,0,81,0,0,1.0,Complex,274,60,False
H1,m84137_260214_004236_s1/160568041/ccs,1,17,2,3,0,81,0,0,1.0,Complex,274,60,False
H1,m84137_260214_004236_s1/167776519/ccs,1,17,2,3,0,81,0,0,1.0,Complex,274,60,False
H1,m84137_260214_004236_s1/144641838/ccs,1,17,2,3,0,81,0,0,1.0,Complex,274,60,False
H1,m84137_260214_004236_s1/255984261/ccs,1,17,2,3,0,81,0,0,1.0,Complex,274,60,False
H1,m84137_260214_004236_s1/259784826/ccs,1,17,2,3,0,81,0,0,1.0,Complex,274,60,False
H1,m84137_260214_004236_s1/173414180/ccs,1,17,2,3,0,81,0,0,1.0,Complex,274,60,False
H1,m84137_260214_004236_s1/170659429/ccs,1,17,2,3,0,81,0,0,1.0,Complex,274,60,False
H1,m84137_260214_004236_s1/179637538/ccs,1,17,2,3,0,81,0,0,1.0,Complex,274,60,False
H1,m84137_260214_004236_s1/199365468/ccs,1,17,2,3,0,81,0,0,1.0,Complex,274,60,False
H1,m84137_260214_004236_s1/250091373/ccs,1,17,2,3,0,81,0,0,1.0,Complex,274,60,False
H1,m84137_260214_004236_s1/42796318/ccs,1,17,2,3,0,81,0,0,1.0,Complex,274,60,False
H1,m84137_260214_004236_s1/61408130/ccs,1,17,2,3,0,81,0,0,1.0,Complex,274,60,False
H1,m84137_260214_004236_s1/71633669/ccs,1,17,2,3,0,81,0,0,1.0,Complex,274,60,False
H1,m84137_260214_004236_s1/77463741/ccs,1,17,2,3,0,81,0,0,1.0,Complex,274,60,False
H1,m84137_260214_004236_s1/130352286/ccs,1,17,2,3,0,81,0,0,1.0,Complex,274,60,False
H1,m84137_260214_004236_s1/202180114/ccs,1,17,2,3,0,81,0,0,1.0,Complex,274,60,False
H1,m84137_260214_004236_s1/24383783/ccs,1,17,2,3,0,81,0,0,1.0,Complex,274,60,False
H1,m84137_260214_004236_s1/26088516/ccs,1,17,2,3,0,81,0,0,1.0,Complex,274,60,False
H1,m84137_260214_004236_s1/190120536/ccs,1,17,2,3,0,81,0,0,1.0,Complex,274,60,False
H1,m84137_260214_004236_s1/182258448/ccs,1,17,2,3,0,81,0,0,1.0,Complex,274,60,False
H1,m84137_260214_004236_s1/204669361/ccs,1,17,2,3,0,81,0,0,1.0,Complex,274,60,False
H1,m84137_260214_004236_s1/214631362/ccs,1,17,2,3,0,81,0,0,1.0,Complex,274,60,False
H1,m84137_260214_004236_s1/244384603/ccs,1,17,2,3,0,81,0,0,1.0,Complex,274,60,False
H1,m84137_260214_004236_s1/180753871/ccs,1,17,2,3,0,81,0,0,1.0,Complex,274,60,False
H1,m84137_260214_004236_s1/62983556/ccs,1,17,2,5,0,81,0,0,1.0,Complex,274,60,False
H1,m84137_260214_004236_s1/231542975/ccs,1,17,2,3,0,81,0,0,1.0,Complex,274,60,False
H1,m84137_260214_004236_s1/124387441/ccs,1,17,2,3,0,81,0,0,1.0,Complex,274,60,False
H1,m84137_260214_004236_s1/265224885/ccs,1,17,2,3,0,81,0,0,1.0,Complex,274,60,False
H1,m84137_260214_004236_s1/202901800/ccs,1,17,2,3,0,81,0,0,1.0,Complex,274,60,False
H1,m84137_260214_004236_s1/231997726/ccs,1,17,2,3,0,81,0,0,1.0,Complex,274,60,False
H1,m84137_260214_004236_s1/9180477/ccs,1,17,2,3,0,81,0,0,1.0,Complex,274,60,False
H1,m84137_260214_004236_s1/101648252/ccs,1,17,2,3,0,81,0,0,1.0,Complex,274,60,False
H1,m84137_260214_004236_s1/25954235/ccs,1,17,2,3,0,81,0,0,1.0,Complex,274,60,False
H1,m84137_260214_004236_s1/45220517/ccs,1,17,2,3,0,81,0,0,1.0,Complex,274,60,False
H1,m84137_260214_004236_s1/138412618/ccs,1,17,2,3,0,81,0,0,1.0,Complex,274,60,False
H1,m84137_260214_004236_s1/258609796/ccs,1,17,2,3,0,81,0,0,1.0,Complex,274,60,False
H1,m84137_260214_004236_s1/73990835/ccs,1,17,2,3,0,81,0,0,1.0,Complex,274,60,False
H1,m84137_260214_004236_s1/188614447/ccs,1,17,2,3,0,81,0,0,1.0,Complex,274,60,False
H1,m84137_260214_004236_s1/225577169/ccs,1,17,2,3,0,81,0,0,1.0,Complex,274,60,False
H1,m84137_260214_004236_s1/223021452/ccs,1,17,2,3,0,81,0,0,1.0,Complex,274,60,False
H1,m84137_260214_004236_s1/226232053/ccs,1,17,2,3,0,81,0,0,1.0,Complex,274,60,False
H1,m84137_260214_004236_s1/232194439/ccs,1,17,2,3,0,81,0,0,1.0,Complex,274,60,False
H1,m84137_260214_004236_s1/253887305/ccs,1,17,2,3,0,81,0,0,1.0,Complex,274,60,False
H1,m84137_260214_004236_s1/241566747/ccs,1,17,2,3,0,81,0,0,1.0,Complex,274,60,False
H1,m84137_260214_004236_s1/105975909/ccs,1,17,2,3,0,81,0,0,1.0,Complex,274,60,False
H1,m84137_260214_004236_s1/135139632/ccs,1,17,2,3,0,81,0,0,1.0,Complex,274,60,False
H1,m84137_260214_004236_s1/152178217/ccs,1,17,2,3,0,81,0,0,1.0,Complex,274,60,False
H1,m84137_260214_004236_s1/142085547/ccs,1,17,2,3,0,81,0,0,1.0,Complex,274,60,False
H1,m84137_260214_004236_s1/16651053/ccs,1,17,2,3,0,81,0,0,1.0,Complex,274,60,False
H1,m84137_260214_004236_s1/65409873/ccs,1,17,2,3,0,81,0,0,1.0,Complex,274,60,False
H1,m84137_260214_004236_s1/78778472/ccs,1,17,2,3,0,81,0,0,1.0,Complex,274,60,False
H1,m84137_260214_004236_s1/51253480/ccs,1,17,2,3,0,81,0,0,1.0,Complex,274,60,False
H1,m84137_260214_004236_s1/76092805/ccs,1,17,2,3,0,81,0,0,1.0,Complex,274,60,False
H1,m84137_260214_004236_s1/254939619/ccs,1,17,2,3,0,81,0,0,1.0,Complex,274,60,False
H1,m84137_260214_004236_s1/39062625/ccs,1,17,2,3,0,81,0,0,1.0,Complex,274,60,False
H1,m84137_260214_004236_s1/39061797/ccs,1,17,2,3,0,81,0,0,1.0,Complex,274,60,False
H1,m84137_260214_004236_s1/66258659/ccs,1,17,2,3,0,81,0,0,1.0,Complex,274,60,False
H1,m84137_260214_004236_s1/85524586/ccs,1,17,2,3,0,81,0,0,1.0,Complex,274,60,False
H1,m84137_260214_004236_s1/86966340/ccs,1,17,2,3,0,81,0,0,1.0,Complex,274,60,False
H1,m84137_260214_004236_s1/87884865/ccs,1,17,2,3,0,81,0,0,1.0,Complex,274,60,False
H1,m84137_260214_004236_s1/20778813/ccs,1,17,2,3,0,81,0,0,1.0,Complex,274,60,False
H1,m84137_260214_004236_s1/127338556/ccs,1,17,2,3,0,81,0,0,1.0,Complex,274,60,False
H1,m84137_260214_004236_s1/132317851/ccs,1,17,2,3,0,81,0,0,1.0,Complex,274,60,False
H1,m84137_260214_004236_s1/165287164/ccs,1,17,2,3,0,81,0,0,1.0,Complex,274,60,False
H1,m84137_260214_004236_s1/167647069/ccs,1,17,2,3,0,81,0,0,1.0,Complex,274,60,False
H1,m84137_260214_004236_s1/149231129/ccs,1,17,2,5,0,81,0,0,1.0,Complex,274,60,False
H1,m84137_260214_004236_s1/179638131/ccs,1,17,2,3,0,81,0,0,1.0,Complex,274,60,False
H1,m84137_260214_004236_s1/180424668/ccs,1,17,2,3,0,81,0,0,1.0,Complex,274,60,False
H1,m84137_260214_004236_s1/225185361/ccs,1,17,2,3,0,81,0,0,1.0,Complex,274,60,False
H1,m84137_260214_004236_s1/184489540/ccs,1,17,2,3,0,81,0,0,1.0,Complex,274,60,False
H1,m84137_260214_004236_s1/266536699/ccs,1,17,2,3,0,81,0,0,1.0,Complex,274,60,False
H1,m84137_260214_004236_s1/7673338/ccs,1,17,2,3,0,81,0,0,1.0,Complex,274,60,False
H1,m84137_260214_004236_s1/30019347/ccs,1,17,2,3,0,81,0,0,1.0,Complex,274,60,False
H1,m84137_260214_004236_s1/135988489/ccs,1,17,2,3,0,81,0,0,1.0,Complex,274,60,False
H1,m84137_260214_004236_s1/69010308/ccs,1,17,2,3,0,81,0,0,1.0,Complex,274,60,False
H1,m84137_260214_004236_s1/255591533/ccs,1,17,2,11,0,84,3,0,1.0,Complex,275,60,False
H1,m84137_260214_004236_s1/82445391/ccs,1,17,2,3,0,82,0,0,1.0,Complex,275,60,False
H1,m84137_260214_004236_s1/95159073/ccs,1,17,2,3,0,82,0,0,1.0,Complex,275,60,False
H1,m84137_260214_004236_s1/27267594/ccs,1,17,2,3,0,82,0,0,1.0,Complex,275,60,False
H1,m84137_260214_004236_s1/115736643/ccs,1,17,2,3,0,83,0,0,1.0,Complex,276,60,False
H1,m84137_260214_004236_s1/220141216/ccs,1,17,2,3,0,83,0,0,1.0,Complex,276,60,False
H1,m84137_260214_004236_s1/31588605/ccs,1,16,3,3,0,83,0,0,1.0,Complex,276,60,False
H1,m84137_260214_004236_s1/145099371/ccs,1,17,3,5,0,84,0,0,1.0,Complex,276,60,False
H1,m84137_260214_004236_s1/18418609/ccs,1,17,2,3,0,84,0,0,1.0,Complex,277,60,False
H1,m84137_260214_004236_s1/229771135/ccs,1,16,3,7,0,84,0,0,1.0,Complex,277,60,False
H1,m84137_260214_004236_s1/95420685/ccs,1,17,2,3,0,84,0,0,1.0,Complex,277,60,False
H1,m84137_260214_004236_s1/125763633/ccs,1,17,2,3,0,84,0,0,1.0,Complex,277,60,False
H1,m84137_260214_004236_s1/46531824/ccs,1,17,2,3,0,84,0,0,1.0,Complex,277,60,False
H1,m84137_260214_004236_s1/43256449/ccs,1,17,2,3,0,84,0,0,1.0,Complex,277,60,False
H1,m84137_260214_004236_s1/192546363/ccs,1,17,2,3,0,84,0,0,1.0,Complex,277,60,False
H1,m84137_260214_004236_s1/176882077/ccs,1,17,2,3,0,84,0,0,1.0,Complex,277,60,False
H1,m84137_260214_004236_s1/114491665/ccs,1,17,2,3,0,84,0,0,1.0,Complex,277,60,False
H1,m84137_260214_004236_s1/37623475/ccs,1,17,2,3,0,84,0,0,1.0,Complex,277,60,False
H1,m84137_260214_004236_s1/225512388/ccs,1,17,2,3,0,84,0,0,1.0,Complex,277,60,False
H1,m84137_260214_004236_s1/126029477/ccs,1,17,2,3,0,84,0,0,1.0,Complex,277,60,False
H1,m84137_260214_004236_s1/146018784/ccs,1,17,2,5,0,84,0,0,1.0,Complex,277,60,False
H1,m84137_260214_004236_s1/218959428/ccs,1,17,2,3,0,84,0,0,1.0,Complex,277,60,False
H1,m84137_260214_004236_s1/189009832/ccs,1,17,2,3,0,84,0,0,1.0,Complex,277,60,False
H1,m84137_260214_004236_s1/206507424/ccs,1,17,2,3,0,84,0,0,1.0,Complex,277,60,False
H1,m84137_260214_004236_s1/248776177/ccs,1,17,2,3,0,84,0,0,1.0,Complex,277,60,False
H1,m84137_260214_004236_s1/258543060/ccs,1,17,2,3,0,84,0,0,1.0,Complex,277,60,False
H1,m84137_260214_004236_s1/14551545/ccs,1,17,2,3,0,84,0,0,1.0,Complex,277,60,False
H1,m84137_260214_004236_s1/139984935/ccs,1,17,2,3,0,84,0,0,1.0,Complex,277,60,False
H1,m84137_260214_004236_s1/205262444/ccs,1,17,2,3,0,84,0,0,1.0,Complex,277,60,False
H1,m84137_260214_004236_s1/210698528/ccs,1,17,2,3,0,84,0,0,1.0,Complex,277,60,False
H1,m84137_260214_004236_s1/212142436/ccs,1,17,2,3,0,84,0,0,1.0,Complex,277,60,False
H1,m84137_260214_004236_s1/28443823/ccs,1,17,2,3,0,84,0,0,1.0,Complex,277,60,False
H1,m84137_260214_004236_s1/11274218/ccs,1,17,2,3,0,84,0,0,1.0,Complex,277,60,False
H1,m84137_260214_004236_s1/6424062/ccs,1,17,2,3,0,84,0,0,1.0,Complex,277,60,False
H1,m84137_260214_004236_s1/3278597/ccs,1,17,2,3,0,84,0,0,1.0,Complex,277,60,False
H1,m84137_260214_004236_s1/29557764/ccs,1,17,2,3,0,84,0,0,1.0,Complex,277,60,False
H1,m84137_260214_004236_s1/55968319/ccs,1,17,2,3,0,84,0,0,1.0,Complex,277,60,False
H1,m84137_260214_004236_s1/34734297/ccs,1,17,2,3,0,84,0,0,1.0,Complex,277,60,False
H1,m84137_260214_004236_s1/34735283/ccs,1,17,2,3,0,84,0,0,1.0,Complex,277,60,False
H1,m84137_260214_004236_s1/162529321/ccs,1,17,2,3,0,84,0,0,1.0,Complex,277,60,False
H1,m84137_260214_004236_s1/159253770/ccs,1,17,2,3,0,84,0,0,1.0,Complex,277,60,False
H1,m84137_260214_004236_s1/147391598/ccs,1,17,2,3,0,84,0,0,1.0,Complex,277,60,False
H1,m84137_260214_004236_s1/174457877/ccs,1,17,2,3,0,84,0,0,1.0,Complex,277,60,False
H1,m84137_260214_004236_s1/112656901/ccs,1,17,2,3,0,84,0,0,1.0,Complex,277,60,False
H1,m84137_260214_004236_s1/122817241/ccs,1,17,2,3,0,84,0,0,1.0,Complex,277,60,False
H1,m84137_260214_004236_s1/152109343/ccs,1,17,2,3,0,84,0,0,1.0,Complex,277,60,False
H1,m84137_260214_004236_s1/115214234/ccs,1,17,2,3,0,84,0,0,1.0,Complex,277,60,False
H1,m84137_260214_004236_s1/72224267/ccs,1,17,2,3,0,84,0,0,1.0,Complex,277,60,False
H1,m84137_260214_004236_s1/124849622/ccs,1,17,2,3,0,84,0,0,1.0,Complex,277,60,False
H1,m84137_260214_004236_s1/113578564/ccs,1,17,2,3,0,84,0,0,1.0,Complex,277,60,False
H1,m84137_260214_004236_s1/154932700/ccs,1,17,2,3,0,84,0,0,1.0,Complex,277,60,False
H1,m84137_260214_004236_s1/163843886/ccs,1,17,2,3,0,84,0,0,1.0,Complex,277,60,False
H1,m84137_260214_004236_s1/235997582/ccs,1,17,2,3,0,84,0,0,1.0,Complex,277,60,False
H1,m84137_260214_004236_s1/150736036/ccs,1,17,2,3,0,84,0,0,1.0,Complex,277,60,False
H1,m84137_260214_004236_s1/207097128/ccs,1,17,2,3,0,84,0,0,1.0,Complex,277,60,False
H1,m84137_260214_004236_s1/199364055/ccs,1,17,2,3,0,84,0,0,1.0,Complex,277,60,False
H1,m84137_260214_004236_s1/182390466/ccs,1,17,2,3,0,84,0,0,1.0,Complex,277,60,False
H1,m84137_260214_004236_s1/226367007/ccs,1,17,2,3,0,84,0,0,1.0,Complex,277,60,False
H1,m84137_260214_004236_s1/92275690/ccs,1,17,2,3,0,84,0,0,1.0,Complex,277,60,False
H1,m84137_260214_004236_s1/89457200/ccs,1,17,2,3,0,84,0,0,1.0,Complex,277,60,False
H1,m84137_260214_004236_s1/259396447/ccs,1,17,2,3,0,84,0,0,1.0,Complex,277,60,False
H1,m84137_260214_004236_s1/239078683/ccs,1,17,2,3,0,84,0,0,1.0,Complex,277,60,False
H1,m84137_260214_004236_s1/266603523/ccs,1,17,2,3,0,84,0,0,1.0,Complex,277,60,False
H1,m84137_260214_004236_s1/225380074/ccs,1,17,2,3,0,84,0,0,1.0,Complex,277,60,False
H1,m84137_260214_004236_s1/184420070/ccs,1,17,2,3,0,84,0,0,1.0,Complex,277,60,False
H1,m84137_260214_004236_s1/65540549/ccs,1,17,2,3,0,84,0,0,1.0,Complex,277,60,False
H1,m84137_260214_004236_s1/74715065/ccs,1,17,2,3,0,84,0,0,1.0,Complex,277,60,False
H1,m84137_260214_004236_s1/111939829/ccs,1,17,2,3,0,84,0,0,1.0,Complex,277,60,False
H1,m84137_260214_004236_s1/133042652/ccs,1,17,2,3,0,84,0,0,1.0,Complex,277,60,False
H1,m84137_260214_004236_s1/156112648/ccs,1,17,2,3,0,84,0,0,1.0,Complex,277,60,False
H1,m84137_260214_004236_s1/139199888/ccs,1,17,2,3,0,84,0,0,1.0,Complex,277,60,False
H1,m84137_260214_004236_s1/247270138/ccs,1,17,2,3,0,84,0,0,1.0,Complex,277,60,False
H1,m84137_260214_004236_s1/34341773/ccs,1,17,2,3,0,84,0,0,1.0,Complex,277,60,False
H1,m84137_260214_004236_s1/34933115/ccs,1,17,2,3,0,84,0,0,1.0,Complex,277,60,False
H1,m84137_260214_004236_s1/15402681/ccs,1,17,2,3,0,84,0,0,1.0,Complex,277,60,False
H1,m84137_260214_004236_s1/35128254/ccs,1,17,2,3,0,84,0,0,1.0,Complex,277,60,False
H1,m84137_260214_004236_s1/59310395/ccs,1,17,2,3,0,84,0,0,1.0,Complex,277,60,False
H1,m84137_260214_004236_s1/41877627/ccs,1,17,2,5,0,84,0,0,1.0,Complex,277,60,False
H1,m84137_260214_004236_s1/64095270/ccs,1,17,2,5,0,84,0,0,1.0,Complex,277,60,False
H1,m84137_260214_004236_s1/132907429/ccs,1,17,2,3,0,84,0,0,1.0,Complex,277,60,False
H1,m84137_260214_004236_s1/162662742/ccs,1,17,2,3,0,84,0,0,1.0,Complex,277,60,False
H1,m84137_260214_004236_s1/143917292/ccs,1,17,2,3,0,84,0,0,1.0,Complex,277,60,False
H1,m84137_260214_004236_s1/232983647/ccs,1,17,2,3,0,84,0,0,1.0,Complex,277,60,False
H1,m84137_260214_004236_s1/237967123/ccs,1,17,2,3,0,84,0,0,1.0,Complex,277,60,False
H1,m84137_260214_004236_s1/181668390/ccs,1,17,2,3,0,84,0,0,1.0,Complex,277,60,False
H1,m84137_260214_004236_s1/186450370/ccs,1,17,2,3,0,84,0,0,1.0,Complex,277,60,False
H1,m84137_260214_004236_s1/149358576/ccs,1,17,2,3,0,84,0,0,1.0,Complex,277,60,False
H1,m84137_260214_004236_s1/149489930/ccs,1,17,2,3,0,84,0,0,1.0,Complex,277,60,False
H1,m84137_260214_004236_s1/150667750/ccs,1,17,2,3,0,84,0,0,1.0,Complex,277,60,False
H1,m84137_260214_004236_s1/151983777/ccs,1,17,2,3,0,84,0,0,1.0,Complex,277,60,False
H1,m84137_260214_004236_s1/59773776/ccs,1,17,2,3,0,84,0,0,1.0,Complex,277,60,False
H1,m84137_260214_004236_s1/70653543/ccs,1,17,2,3,0,84,0,0,1.0,Complex,277,60,False
H1,m84137_260214_004236_s1/96931581/ccs,1,17,2,3,0,84,0,0,1.0,Complex,277,60,False
H1,m84137_260214_004236_s1/80089308/ccs,1,17,2,3,0,84,0,0,1.0,Complex,277,60,False
H1,m84137_260214_004236_s1/267584470/ccs,1,17,2,3,0,84,0,0,1.0,Complex,277,60,False
H1,m84137_260214_004236_s1/175900655/ccs,1,17,2,3,0,84,0,0,1.0,Complex,277,60,False
H1,m84137_260214_004236_s1/50267049/ccs,1,17,2,3,0,84,0,0,1.0,Complex,277,60,False
H1,m84137_260214_004236_s1/96994509/ccs,1,17,2,3,0,84,0,0,1.0,Complex,277,60,False
H1,m84137_260214_004236_s1/237175966/ccs,1,17,2,3,0,84,0,0,1.0,Complex,277,60,False
H1,m84137_260214_004236_s1/264505082/ccs,1,17,2,3,0,84,0,0,1.0,Complex,277,60,False
H1,m84137_260214_004236_s1/24710840/ccs,1,17,2,3,0,84,0,0,1.0,Complex,277,60,False
H1,m84137_260214_004236_s1/136645230/ccs,1,17,2,3,0,84,0,0,1.0,Complex,277,60,False
H1,m84137_260214_004236_s1/147068641/ccs,1,17,2,3,0,84,0,0,1.0,Complex,277,60,False
H1,m84137_260214_004236_s1/207163793/ccs,1,17,2,3,0,84,0,0,1.0,Complex,277,60,False
H1,m84137_260214_004236_s1/11671227/ccs,1,17,2,3,0,84,0,0,1.0,Complex,277,60,False
H1,m84137_260214_004236_s1/56170373/ccs,1,17,2,3,0,84,0,0,1.0,Complex,277,60,False
H1,m84137_260214_004236_s1/231543989/ccs,1,17,2,3,0,84,0,0,1.0,Complex,277,60,False
H1,m84137_260214_004236_s1/181602433/ccs,1,17,2,3,0,84,0,0,1.0,Complex,277,60,False
H1,m84137_260214_004236_s1/60102338/ccs,1,17,2,3,0,84,0,0,1.0,Complex,277,60,False
H1,m84137_260214_004236_s1/192153773/ccs,1,17,2,3,0,85,0,0,1.0,Complex,278,60,False
H1,m84137_260214_004236_s1/97517751/ccs,1,17,3,5,0,85,0,0,1.0,Complex,278,60,False
H1,m84137_260214_004236_s1/197657054/ccs,1,17,2,3,0,85,0,0,1.0,Complex,278,60,False
H1,m84137_260214_004236_s1/236656562/ccs,1,17,3,3,0,85,0,0,1.0,Complex,278,60,False
H1,m84137_260214_004236_s1/55773683/ccs,1,17,2,3,0,86,0,0,1.0,Complex,279,60,False
H1,m84137_260214_004236_s1/255787545/ccs,1,18,2,3,0,87,0,0,1.0,Complex,280,60,False
H1,m84137_260214_004236_s1/237568582/ccs,1,18,2,3,0,87,0,0,1.0,Complex,280,60,False
H1,m84137_260214_004236_s1/239143531/ccs,1,18,2,3,0,87,0,0,1.0,Complex,280,60,False
H1,m84137_260214_004236_s1/249168733/ccs,1,18,2,3,0,87,0,0,1.0,Complex,280,60,False
H1,m84137_260214_004236_s1/79562720/ccs,1,18,2,3,0,87,0,0,1.0,Complex,280,60,False
H1,m84137_260214_004236_s1/188155693/ccs,1,18,2,3,0,87,0,0,1.0,Complex,280,60,False
H1,m84137_260214_004236_s1/162597198/ccs,1,18,2,3,0,87,0,0,1.0,Complex,280,60,False
H1,m84137_260214_004236_s1/163250272/ccs,1,18,2,3,0,87,0,0,1.0,Complex,280,60,False
H1,m84137_260214_004236_s1/180684952/ccs,1,18,2,3,0,87,0,0,1.0,Complex,280,60,False
H1,m84137_260214_004236_s1/75895523/ccs,1,18,2,3,0,87,0,0,1.0,Complex,280,60,False
H1,m84137_260214_004236_s1/129830964/ccs,1,18,2,3,0,87,0,0,1.0,Complex,280,60,False
H1,m84137_260214_004236_s1/241110072/ccs,1,18,2,3,0,87,0,0,1.0,Complex,280,60,False
H1,m84137_260214_004236_s1/135727482/ccs,1,18,2,3,0,87,0,0,1.0,Complex,280,60,False
H1,m84137_260214_004236_s1/259135289/ccs,1,18,2,3,0,87,0,0,1.0,Complex,280,60,False
H1,m84137_260214_004236_s1/235013196/ccs,1,18,2,3,0,87,0,0,1.0,Complex,280,60,False
H1,m84137_260214_004236_s1/204407265/ccs,1,18,2,3,0,87,0,0,1.0,Complex,280,60,False
H1,m84137_260214_004236_s1/5898744/ccs,1,18,2,3,0,87,0,0,1.0,Complex,280,60,False
H1,m84137_260214_004236_s1/38667776/ccs,1,18,2,3,0,87,0,0,1.0,Complex,280,60,False
H1,m84137_260214_004236_s1/151848780/ccs,1,18,2,3,0,87,0,0,1.0,Complex,280,60,False
H1,m84137_260214_004236_s1/75435087/ccs,1,18,2,3,0,87,0,0,1.0,Complex,280,60,False
H1,m84137_260214_004236_s1/159978415/ccs,1,18,2,3,0,87,0,0,1.0,Complex,280,60,False
H1,m84137_260214_004236_s1/228657724/ccs,1,18,2,3,0,87,0,0,1.0,Complex,280,60,False
H1,m84137_260214_004236_s1/194189138/ccs,1,18,2,3,0,87,0,0,1.0,Complex,280,60,False
H1,m84137_260214_004236_s1/205919183/ccs,1,18,2,3,0,87,0,0,1.0,Complex,280,60,False
H1,m84137_260214_004236_s1/28445762/ccs,1,18,2,3,0,87,0,0,1.0,Complex,280,60,False
H1,m84137_260214_004236_s1/221906781/ccs,1,18,2,3,0,87,0,0,1.0,Complex,280,60,False
H1,m84137_260214_004236_s1/74779696/ccs,1,18,2,3,0,87,0,0,1.0,Complex,280,60,False
H1,m84137_260214_004236_s1/13112426/ccs,1,18,2,3,0,87,0,0,1.0,Complex,280,60,False
H1,m84137_260214_004236_s1/97982240/ccs,1,18,2,3,0,87,0,0,1.0,Complex,280,60,False
H1,m84137_260214_004236_s1/19006249/ccs,1,18,2,3,0,87,0,0,1.0,Complex,280,60,False
H1,m84137_260214_004236_s1/4587663/ccs,1,18,2,3,0,87,0,0,1.0,Complex,280,60,False
H1,m84137_260214_004236_s1/108137071/ccs,1,18,2,3,0,87,0,0,1.0,Complex,280,60,False
H1,m84137_260214_004236_s1/13764158/ccs,1,18,2,3,0,87,0,0,1.0,Complex,280,60,False
H1,m84137_260214_004236_s1/20513553/ccs,1,18,2,3,0,87,0,0,1.0,Complex,280,60,False
H1,m84137_260214_004236_s1/9898965/ccs,1,18,2,3,0,87,0,0,1.0,Complex,280,60,False
H1,m84137_260214_004236_s1/45613367/ccs,1,18,2,3,0,87,0,0,1.0,Complex,280,60,False
H1,m84137_260214_004236_s1/191825574/ccs,1,18,2,3,0,87,0,0,1.0,Complex,280,60,False
H1,m84137_260214_004236_s1/264243362/ccs,1,18,2,3,0,87,0,0,1.0,Complex,280,60,False
H1,m84137_260214_004236_s1/189794754/ccs,1,18,2,3,0,87,0,0,1.0,Complex,280,60,False
H1,m84137_260214_004236_s1/128849304/ccs,1,18,2,3,0,87,0,0,1.0,Complex,280,60,False
H1,m84137_260214_004236_s1/250020694/ccs,1,18,2,3,0,87,0,0,1.0,Complex,280,60,False
H1,m84137_260214_004236_s1/67962097/ccs,1,18,2,3,0,87,0,0,1.0,Complex,280,60,False
H1,m84137_260214_004236_s1/73531984/ccs,1,18,2,3,0,87,0,0,1.0,Complex,280,60,False
H1,m84137_260214_004236_s1/95554286/ccs,1,18,2,3,0,87,0,0,1.0,Complex,280,60,False
H1,m84137_260214_004236_s1/247924297/ccs,1,18,2,3,0,87,0,0,1.0,Complex,280,60,False
H1,m84137_260214_004236_s1/245891756/ccs,1,18,2,3,0,87,0,0,1.0,Complex,280,60,False
H1,m84137_260214_004236_s1/32706623/ccs,1,18,2,3,0,87,0,0,1.0,Complex,280,60,False
H1,m84137_260214_004236_s1/106498684/ccs,1,18,2,3,0,87,0,0,1.0,Complex,280,60,False
H1,m84137_260214_004236_s1/103549766/ccs,1,18,2,3,0,87,0,0,1.0,Complex,280,60,False
H1,m84137_260214_004236_s1/111283050/ccs,1,18,2,3,0,87,0,0,1.0,Complex,280,60,False
H1,m84137_260214_004236_s1/111545299/ccs,1,18,2,3,0,87,0,0,1.0,Complex,280,60,False
H1,m84137_260214_004236_s1/191499713/ccs,1,18,2,3,0,87,0,0,1.0,Complex,280,60,False
H1,m84137_260214_004236_s1/189207506/ccs,1,18,2,3,0,87,0,0,1.0,Complex,280,60,False
H1,m84137_260214_004236_s1/20779624/ccs,1,18,2,3,0,87,0,0,1.0,Complex,280,60,False
H1,m84137_260214_004236_s1/214631406/ccs,1,18,2,3,0,87,0,0,1.0,Complex,280,60,False
H1,m84137_260214_004236_s1/182061009/ccs,1,18,2,3,0,88,0,0,1.0,Complex,281,60,False
H1,m84137_260214_004236_s1/238027499/ccs,1,18,2,3,0,89,0,0,1.0,Complex,282,60,False
H1,m84137_260214_004236_s1/234881600/ccs,1,18,1,5,0,92,3,0,1.0,Complex,282,60,False
H1,m84137_260214_004236_s1/4985741/ccs,1,17,2,5,0,89,0,0,1.0,Complex,282,60,False
H1,m84137_260214_004236_s1/217448607/ccs,1,18,2,3,0,90,0,0,1.0,Complex,283,60,False
H1,m84137_260214_004236_s1/237700405/ccs,1,18,2,3,0,90,0,0,1.0,Complex,283,60,False
H1,m84137_260214_004236_s1/244189391/ccs,1,18,2,3,0,90,0,0,1.0,Complex,283,60,False
H1,m84137_260214_004236_s1/261358310/ccs,1,18,2,3,0,90,0,0,1.0,Complex,283,60,False
H1,m84137_260214_004236_s1/163579829/ccs,1,18,2,3,0,90,0,0,1.0,Complex,283,60,False
H1,m84137_260214_004236_s1/35458412/ccs,1,18,2,3,0,90,0,0,1.0,Complex,283,60,False
H1,m84137_260214_004236_s1/76811705/ccs,1,18,2,3,0,90,0,0,1.0,Complex,283,60,False
H1,m84137_260214_004236_s1/131469412/ccs,1,18,2,3,0,90,0,0,1.0,Complex,283,60,False
H1,m84137_260214_004236_s1/157226466/ccs,1,18,2,3,0,90,0,0,1.0,Complex,283,60,False
H1,m84137_260214_004236_s1/209850769/ccs,1,18,2,3,0,90,0,0,1.0,Complex,283,60,False
H1,m84137_260214_004236_s1/239865344/ccs,1,18,1,5,0,90,0,0,1.0,Complex,283,60,False
H1,m84137_260214_004236_s1/213517304/ccs,1,18,2,3,0,90,0,0,1.0,Complex,283,60,False
H1,m84137_260214_004236_s1/15008098/ccs,1,18,2,3,0,90,0,0,1.0,Complex,283,60,False
H1,m84137_260214_004236_s1/16386035/ccs,1,18,2,3,0,90,0,0,1.0,Complex,283,60,False
H1,m84137_260214_004236_s1/155190184/ccs,1,18,2,3,0,90,0,0,1.0,Complex,283,60,False
H1,m84137_260214_004236_s1/147260281/ccs,1,18,2,3,0,90,0,0,1.0,Complex,283,60,False
H1,m84137_260214_004236_s1/58526341/ccs,1,18,2,3,0,90,0,0,1.0,Complex,283,60,False
H1,m84137_260214_004236_s1/104270571/ccs,1,18,2,5,0,89,0,0,1.0,Complex,283,60,False
H1,m84137_260214_004236_s1/103355889/ccs,1,18,2,3,0,90,0,0,1.0,Complex,283,60,False
H1,m84137_260214_004236_s1/210306724/ccs,1,18,2,3,0,90,0,0,1.0,Complex,283,60,False
H1,m84137_260214_004236_s1/117901732/ccs,1,18,2,3,0,90,0,0,1.0,Complex,283,60,False
H1,m84137_260214_004236_s1/72615394/ccs,1,18,2,3,0,90,0,0,1.0,Complex,283,60,False
H1,m84137_260214_004236_s1/148111401/ccs,1,17,3,7,0,91,0,0,1.0,Complex,283,60,False
H1,m84137_260214_004236_s1/205128380/ccs,1,18,2,3,0,90,0,0,1.0,Complex,283,60,False
H1,m84137_260214_004236_s1/169742388/ccs,1,18,2,3,0,90,0,0,1.0,Complex,283,60,False
H1,m84137_260214_004236_s1/19990367/ccs,1,18,2,3,0,90,0,0,1.0,Complex,283,60,False
H1,m84137_260214_004236_s1/30540174/ccs,1,18,2,3,0,90,0,0,1.0,Complex,283,60,False
H1,m84137_260214_004236_s1/51645014/ccs,1,18,2,3,0,90,0,0,1.0,Complex,283,60,False
H1,m84137_260214_004236_s1/163645725/ccs,1,18,2,3,0,90,0,0,1.0,Complex,283,60,False
H1,m84137_260214_004236_s1/166725714/ccs,1,18,2,3,0,90,0,0,1.0,Complex,283,60,False
H1,m84137_260214_004236_s1/191037773/ccs,1,18,2,3,0,90,0,0,1.0,Complex,283,60,False
H1,m84137_260214_004236_s1/253037187/ccs,1,18,2,3,0,90,0,0,1.0,Complex,283,60,False
H1,m84137_260214_004236_s1/235734115/ccs,1,18,2,3,0,90,0,0,1.0,Complex,283,60,False
H1,m84137_260214_004236_s1/137171973/ccs,1,18,2,3,0,90,0,0,1.0,Complex,283,60,False
H1,m84137_260214_004236_s1/95882850/ccs,1,18,2,3,0,90,0,0,1.0,Complex,283,60,False
H1,m84137_260214_004236_s1/172822366/ccs,1,18,2,3,0,90,0,0,1.0,Complex,283,60,False
H1,m84137_260214_004236_s1/254283631/ccs,1,18,2,3,0,90,0,0,1.0,Complex,283,60,False
H1,m84137_260214_004236_s1/102301922/ccs,1,18,2,3,0,90,0,0,1.0,Complex,283,60,False
H1,m84137_260214_004236_s1/261030667/ccs,1,18,2,3,0,90,0,0,1.0,Complex,283,60,False
H1,m84137_260214_004236_s1/127076380/ccs,1,18,2,3,0,90,0,0,1.0,Complex,283,60,False
H1,m84137_260214_004236_s1/224726198/ccs,1,18,2,3,0,90,0,0,1.0,Complex,283,60,False
H1,m84137_260214_004236_s1/210046931/ccs,1,18,2,3,0,90,0,0,1.0,Complex,283,60,False
H1,m84137_260214_004236_s1/211750067/ccs,1,18,2,3,0,90,0,0,1.0,Complex,283,60,False
H1,m84137_260214_004236_s1/266929637/ccs,1,18,2,3,0,90,0,0,1.0,Complex,283,60,False
H1,m84137_260214_004236_s1/9310186/ccs,1,18,2,3,0,90,0,0,1.0,Complex,283,60,False
H1,m84137_260214_004236_s1/123473865/ccs,1,18,2,3,0,90,0,0,1.0,Complex,283,60,False
H1,m84137_260214_004236_s1/207423415/ccs,1,18,2,3,0,91,0,0,1.0,Complex,284,60,False
H1,m84137_260214_004236_s1/224855079/ccs,1,18,2,3,0,92,0,0,1.0,Complex,285,60,False
H1,m84137_260214_004236_s1/4982489/ccs,1,18,2,3,0,93,0,0,1.0,Complex,286,60,False
H1,m84137_260214_004236_s1/156829517/ccs,1,18,2,3,0,93,0,0,1.0,Complex,286,60,False
H1,m84137_260214_004236_s1/158926969/ccs,1,18,2,3,0,93,0,0,1.0,Complex,286,60,False
H1,m84137_260214_004236_s1/61937241/ccs,1,18,2,3,0,93,0,0,1.0,Complex,286,60,False
H1,m84137_260214_004236_s1/110171377/ccs,1,18,2,3,0,93,0,0,1.0,Complex,286,60,False
H1,m84137_260214_004236_s1/210767423/ccs,1,18,2,3,0,93,0,0,1.0,Complex,286,60,False
H1,m84137_260214_004236_s1/131269015/ccs,1,18,2,3,0,93,0,0,1.0,Complex,286,60,False
H1,m84137_260214_004236_s1/144379663/ccs,1,18,2,3,0,93,0,0,1.0,Complex,286,60,False
H1,m84137_260214_004236_s1/210829693/ccs,1,18,2,3,0,93,0,0,1.0,Complex,286,60,False
H1,m84137_260214_004236_s1/166597609/ccs,1,18,2,3,0,93,0,0,1.0,Complex,286,60,False
H1,m84137_260214_004236_s1/99550031/ccs,1,18,2,3,0,93,0,0,1.0,Complex,286,60,False
H1,m84137_260214_004236_s1/245632758/ccs,1,18,2,3,0,93,0,0,1.0,Complex,286,60,False
H1,m84137_260214_004236_s1/198574195/ccs,1,18,2,3,0,93,0,0,1.0,Complex,286,60,False
H1,m84137_260214_004236_s1/184025856/ccs,1,19,1,5,0,93,0,0,1.0,Complex,286,60,False
H1,m84137_260214_004236_s1/201789951/ccs,1,18,2,3,0,93,0,0,1.0,Complex,286,60,False
H1,m84137_260214_004236_s1/214111466/ccs,1,18,2,5,0,93,0,0,1.0,Complex,286,60,False
H1,m84137_260214_004236_s1/171706802/ccs,1,18,2,3,0,93,0,0,1.0,Complex,286,60,False
H1,m84137_260214_004236_s1/210504691/ccs,1,18,2,3,0,93,0,0,1.0,Complex,286,60,False
H1,m84137_260214_004236_s1/212797107/ccs,1,18,2,3,0,93,0,0,1.0,Complex,286,60,False
H1,m84137_260214_004236_s1/229050764/ccs,1,18,2,3,0,93,0,0,1.0,Complex,286,60,False
H1,m84137_260214_004236_s1/90639563/ccs,1,18,2,3,0,93,0,0,1.0,Complex,286,60,False
H1,m84137_260214_004236_s1/95424756/ccs,1,18,2,3,0,93,0,0,1.0,Complex,286,60,False
H1,m84137_260214_004236_s1/76549576/ccs,1,18,2,3,0,93,0,0,1.0,Complex,286,60,False
H1,m84137_260214_004236_s1/120130535/ccs,1,18,2,3,0,93,0,0,1.0,Complex,286,60,False
H1,m84137_260214_004236_s1/72679784/ccs,1,18,2,3,0,94,0,0,1.0,Complex,287,60,False
H1,m84137_260214_004236_s1/96273784/ccs,1,17,3,11,0,96,2,0,1.0,Complex,288,60,False
H1,m84137_260214_004236_s1/123931052/ccs,1,18,2,3,0,95,0,0,1.0,Complex,288,60,False
H1,m84137_260214_004236_s1/94180800/ccs,1,19,2,3,0,96,0,0,1.0,Complex,289,60,False
H1,m84137_260214_004236_s1/58655608/ccs,1,18,2,5,0,96,0,0,1.0,Complex,289,60,False
H1,m84137_260214_004236_s1/240916127/ccs,1,19,2,3,0,96,0,0,1.0,Complex,289,60,False
H1,m84137_260214_004236_s1/54595351/ccs,1,19,2,3,0,96,0,0,1.0,Complex,289,60,False
H1,m84137_260214_004236_s1/235539299/ccs,1,19,2,3,0,96,0,0,1.0,Complex,289,60,False
H1,m84137_260214_004236_s1/226099303/ccs,1,19,2,3,0,96,0,0,1.0,Complex,289,60,False
H1,m84137_260214_004236_s1/13239724/ccs,1,19,2,3,0,96,0,0,1.0,Complex,289,60,False
H1,m84137_260214_004236_s1/138217597/ccs,1,19,2,3,0,96,0,0,1.0,Complex,289,60,False
H1,m84137_260214_004236_s1/99160043/ccs,1,19,2,3,0,96,0,0,1.0,Complex,289,60,False
H1,m84137_260214_004236_s1/86640789/ccs,1,19,2,3,0,96,0,0,1.0,Complex,289,60,False
H1,m84137_260214_004236_s1/264374194/ccs,1,19,2,3,0,96,0,0,1.0,Complex,289,60,False
H1,m84137_260214_004236_s1/37884285/ccs,1,19,2,3,0,96,0,0,1.0,Complex,289,60,False
H1,m84137_260214_004236_s1/239602079/ccs,1,18,2,3,0,97,0,0,1.0,Complex,290,60,False
H1,m84137_260214_004236_s1/43912421/ccs,1,19,2,3,0,99,0,0,1.0,Complex,292,60,False
H1,m84137_260214_004236_s1/142610643/ccs,1,19,2,3,0,99,0,0,1.0,Complex,292,60,False
H1,m84137_260214_004236_s1/199824611/ccs,1,19,2,3,0,99,0,0,1.0,Complex,292,60,False
H1,m84137_260214_004236_s1/265557155/ccs,1,19,2,3,0,99,0,0,1.0,Complex,292,60,False
H1,m84137_260214_004236_s1/176886649/ccs,1,19,2,3,0,99,0,0,1.0,Complex,292,60,False
H1,m84137_260214_004236_s1/171247610/ccs,1,19,2,3,0,99,0,0,1.0,Complex,292,60,False
H1,m84137_260214_004236_s1/172163802/ccs,1,19,2,3,0,99,0,0,1.0,Complex,292,60,False
H1,m84137_260214_004236_s1/22085776/ccs,1,19,2,3,0,99,0,0,1.0,Complex,292,60,False
H1,m84137_260214_004236_s1/15927958/ccs,1,19,2,3,0,99,0,0,1.0,Complex,292,60,False
H1,m84137_260214_004236_s1/241109075/ccs,1,19,2,3,0,99,0,0,1.0,Complex,292,60,False
H1,m84137_260214_004236_s1/72025769/ccs,1,19,2,3,0,99,0,0,1.0,Complex,292,60,False
H1,m84137_260214_004236_s1/14817036/ccs,1,19,2,3,0,99,0,0,1.0,Complex,292,60,False
H1,m84137_260214_004236_s1/29824513/ccs,1,19,2,3,0,102,0,0,1.0,Complex,295,60,False
H1,m84137_260214_004236_s1/61539542/ccs,1,19,2,3,0,102,0,0,1.0,Complex,295,60,False
H1,m84137_260214_004236_s1/25428765/ccs,1,19,2,3,0,102,0,0,1.0,Complex,295,60,False
H1,m84137_260214_004236_s1/163317875/ccs,1,19,2,3,0,102,0,0,1.0,Complex,295,60,False
H1,m84137_260214_004236_s1/53609406/ccs,1,19,2,3,0,102,0,0,1.0,Complex,295,60,False
H1,m84137_260214_004236_s1/145560408/ccs,1,19,2,3,0,102,0,0,1.0,Complex,295,60,False
H1,m84137_260214_004236_s1/78974894/ccs,1,19,2,5,0,102,0,0,1.0,Complex,295,60,False
H1,m84137_260214_004236_s1/81003231/ccs,1,19,2,3,0,102,0,0,1.0,Complex,295,60,False
H1,m84137_260214_004236_s1/126552328/ccs,1,18,4,5,0,103,0,0,1.0,Complex,296,60,False
H1,m84137_260214_004236_s1/58199146/ccs,1,19,2,5,0,105,0,0,1.0,Complex,298,60,False
H1,m84137_260214_004236_s1/190580559/ccs,1,20,2,3,0,105,0,0,1.0,Complex,298,60,False
H1,m84137_260214_004236_s1/227411215/ccs,1,20,2,3,0,105,0,0,1.0,Complex,298,60,False
H1,m84137_260214_004236_s1/160044805/ccs,1,20,2,3,0,105,0,0,1.0,Complex,298,60,False
H1,m84137_260214_004236_s1/93195118/ccs,1,20,2,3,0,105,0,0,1.0,Complex,298,60,False
H1,m84137_260214_004236_s1/203756170/ccs,1,20,2,3,0,105,0,0,1.0,Complex,298,60,False
H1,m84137_260214_004236_s1/35656043/ccs,1,20,2,3,0,105,0,0,1.0,Complex,298,60,False
H1,m84137_260214_004236_s1/44238429/ccs,1,20,2,3,0,108,0,0,1.0,Complex,301,60,False
H1,m84137_260214_004236_s1/118165713/ccs,1,20,2,3,0,108,0,0,1.0,Complex,301,60,False
H1,m84137_260214_004236_s1/198118315/ccs,1,20,2,3,0,108,0,0,1.0,Complex,301,60,False
H1,m84137_260214_004236_s1/255394037/ccs,1,20,2,3,0,108,0,0,1.0,Complex,301,60,False
H1,m84137_260214_004236_s1/103157687/ccs,1,20,2,3,0,108,0,0,1.0,Complex,301,60,False
H1,m84137_260214_004236_s1/232588853/ccs,1,20,2,3,0,109,0,0,1.0,Complex,302,60,False
H1,m84137_260214_004236_s1/112463268/ccs,1,20,2,5,0,112,0,0,1.0,Complex,305,60,False
H1,m84137_260214_004236_s1/168362965/ccs,1,21,2,3,0,114,0,0,1.0,Complex,307,60,False
H1,m84137_260214_004236_s1/128648160/ccs,1,21,2,3,0,114,0,0,1.0,Complex,307,60,False
H1,m84137_260214_004236_s1/118887540/ccs,1,21,2,3,0,114,0,0,1.0,Complex,307,60,False
H1,m84137_260214_004236_s1/174262461/ccs,1,21,2,3,0,117,0,0,1.0,Complex,310,60,False
H1,m84137_260214_004236_s1/40175216/ccs,1,21,2,3,0,117,0,0,1.0,Complex,310,60,False
H1,m84137_260214_004236_s1/81528138/ccs,1,21,2,3,0,117,0,0,1.0,Complex,310,60,False
H1,m84137_260214_004236_s1/34149804/ccs,1,21,2,3,0,122,0,0,1.0,Complex,315,60,False
H1,m84137_260214_004236_s1/139793119/ccs,1,22,2,3,0,129,0,0,1.0,Complex,322,60,False
H1,m84137_260214_004236_s1/184026940/ccs,1,22,2,3,0,129,0,0,1.0,Complex,322,60,False
H1,m84137_260214_004236_s1/72221613/ccs,1,23,2,3,0,132,0,0,1.0,Complex,325,60,False
H1,m84137_260214_004236_s1/111216390/ccs,1,23,2,3,0,132,0,0,1.0,Complex,325,60,False
H1,m84137_260214_004236_s1/148051734/ccs,1,23,2,3,0,135,0,0,1.0,Complex,328,60,False
H1,m84137_260214_004236_s1/246090609/ccs,1,24,1,5,0,138,0,0,1.0,Complex,331,60,False
H1,m84137_260214_004236_s1/101455502/ccs,1,23,2,3,0,138,0,0,1.0,Complex,331,60,False
H1,m84137_260214_004236_s1/171508354/ccs,1,23,2,3,0,138,0,0,1.0,Complex,331,60,False
H1,m84137_260214_004236_s1/180095781/ccs,1,23,2,3,0,138,0,0,1.0,Complex,331,60,False
H1,m84137_260214_004236_s1/186255284/ccs,1,23,2,5,0,141,0,0,1.0,Complex,334,60,False
H1,m84137_260214_004236_s1/18285712/ccs,1,24,2,3,0,141,0,0,1.0,Complex,334,60,False
H1,m84137_260214_004236_s1/98042151/ccs,1,24,2,3,0,141,0,0,1.0,Complex,334,60,False
H1,m84137_260214_004236_s1/97976905/ccs,1,24,2,3,0,141,0,0,1.0,Complex,334,60,False
H1,m84137_260214_004236_s1/22744906/ccs,1,24,2,3,0,144,0,0,1.0,Complex,337,60,False
H1,m84137_260214_004236_s1/55378685/ccs,1,24,1,9,0,146,0,0,1.0,Complex,339,60,False
H1,m84137_260214_004236_s1/79170850/ccs,1,24,2,3,0,147,0,0,1.0,Complex,340,60,False
H1,m84137_260214_004236_s1/257038192/ccs,1,24,2,3,0,148,0,0,1.0,Complex,341,60,False
H1,m84137_260214_004236_s1/169148885/ccs,1,25,2,3,0,150,0,0,1.0,Complex,343,60,False
H1,m84137_260214_004236_s1/61216631/ccs,1,25,1,5,0,150,0,0,1.0,Complex,343,60,False
H1,m84137_260214_004236_s1/49155605/ccs,1,25,2,3,0,150,0,0,1.0,Complex,343,60,False
H1,m84137_260214_004236_s1/202378601/ccs,1,25,2,3,0,152,0,0,1.0,Complex,345,60,False
H1,m84137_260214_004236_s1/138739807/ccs,1,25,2,3,0,153,0,0,1.0,Complex,346,60,False
H1,m84137_260214_004236_s1/145883270/ccs,1,26,2,3,0,159,0,0,1.0,Complex,352,60,False
H1,m84137_260214_004236_s1/124715337/ccs,1,26,2,3,0,159,0,0,1.0,Complex,352,60,False
H1,m84137_260214_004236_s1/171115530/ccs,1,26,2,3,0,165,0,0,1.0,Complex,358,60,False
H1,m84137_260214_004236_s1/170787022/ccs,1,26,2,3,0,167,0,0,1.0,Complex,360,60,False
H1,m84137_260214_004236_s1/237572297/ccs,1,28,2,5,0,178,0,0,1.0,Complex,371,60,False
H1,m84137_260214_004236_s1/149557566/ccs,1,28,2,3,0,183,0,0,1.0,Complex,376,60,False
H1,m84137_260214_004236_s1/52235762/ccs,1,28,2,3,0,183,0,0,1.0,Complex,376,60,False
H1,m84137_260214_004236_s1/143852257/ccs,1,29,2,3,0,186,0,0,1.0,Complex,379,60,False
H1,m84137_260214_004236_s1/21565468/ccs,1,29,3,3,0,192,0,0,1.0,Complex,385,60,False
H1,m84137_260214_004236_s1/32442017/ccs,1,31,2,3,0,210,0,0,1.0,Complex,403,60,False
H1,m84137_260214_004236_s1/189466735/ccs,1,33,2,3,0,228,0,0,1.0,Complex,421,60,False
H1,m84137_260214_004236_s1/84415457/ccs,1,33,2,3,0,228,0,0,1.0,Complex,421,60,False
H1,m84137_260214_004236_s1/90637324/ccs,1,35,2,11,0,234,0,0,1.0,Complex,427,60,False
H1,m84137_260214_004236_s1/65077752/ccs,1,34,2,3,0,237,0,0,1.0,Complex,430,60,False
H1,m84137_260214_004236_s1/135272232/ccs,1,36,2,3,0,249,0,0,1.0,Complex,442,60,False
H1,m84137_260214_004236_s1/58261655/ccs,1,39,2,3,0,276,0,0,1.0,Complex,469,60,False
H1,m84137_260214_004236_s1/101454288/ccs,1,46,3,5,0,348,0,0,1.0,Complex,541,60,False
H1,m84137_260214_004236_s1/194384599/ccs,1,50,1,5,0,375,0,0,1.0,Complex,568,60,False
H1,m84137_260214_004236_s1/124651419/ccs,1,50,2,3,0,378,0,0,1.0,Complex,571,60,False
H1,m84137_260214_004236_s1/33427283/ccs,1,54,2,3,0,414,0,0,1.0,Complex,607,60,False
H1,m84137_260214_004236_s1/35262710/ccs,1,55,1,5,0,420,0,0,1.0,Complex,613,60,False
H1,m84137_260214_004236_s1/129632088/ccs,1,58,2,3,0,447,0,0,1.0,Complex,640,60,False
H1,m84137_260214_004236_s1/165548065/ccs,1,61,2,3,0,480,0,0,1.0,Complex,673,60,False
H1,m84137_260214_004236_s1/171575776/ccs,1,63,2,3,0,492,0,0,1.0,Complex,685,60,False
H1,m84137_260214_004236_s1/166464690/ccs,1,70,2,3,0,567,0,0,1.0,Complex,760,60,False
H1,m84137_260214_004236_s1/207750403/ccs,1,80,2,7,0,654,0,0,1.0,Complex,844,60,False
H1,m84137_260214_004236_s1/109253695/ccs,1,80,3,5,0,654,0,0,1.0,Complex,847,60,False
H1,m84137_260214_004236_s1/254807744/ccs,1,90,2,2,0,0,0,0,0.0,Simple,943,60,False
H1,m84137_260214_004236_s1/250480546/ccs,1,92,2,2,0,0,0,0,0.0,Simple,973,60,False
H1,m84137_260214_004236_s1/188743725/ccs,1,97,1,2,0,0,0,0,0.0,Simple,1000,60,False
H1,m84137_260214_004236_s1/142083520/ccs,1,107,1,4,0,0,1,0,1.0,Complex,1114,60,False
H1,m84137_260214_004236_s1/26479609/ccs,1,112,1,2,0,0,0,0,0.0,Simple,1132,60,False
H1,m84137_260214_004236_s1/29885912/ccs,1,132,2,2,0,0,0,0,0.0,Simple,1315,60,False
H1,m84137_260214_004236_s1/246026174/ccs,1,205,2,2,0,0,0,0,0.0,Simple,1973,60,False
H1,m84137_260214_004236_s1/124125631/ccs,1,335,2,2,0,0,0,0,0.0,Simple,3144,60,False
H1,m84137_260214_004236_s1/222167530/ccs,1,464,1,2,0,0,0,0,0.0,Simple,4304,60,False
H1,m84137_260214_004236_s1/14815194/ccs,1,20,5,26,0,141,6,0,1.0,Complex,330,60,True
H1,m84137_260214_004236_s1/55115834/ccs,1,13,4,26,0,84,6,0,1.0,Complex,273,60,True
H1,m84137_260214_004236_s1/76615118/ccs,1,14,1,24,0,90,4,0,1.0,Complex,277,60,True
H1,m84137_260214_004236_s1/113316916/ccs,0,8,3,21,0,7,4,0,1.0,Complex,198,60,True
H1,m84137_260214_004236_s1/165347999/ccs,0,8,2,21,0,5,6,0,1.0,Complex,194,60,True
H1,m84137_260214_004236_s1/91491464/ccs,0,6,3,27,0,6,5,0,1.0,Complex,197,60,True
H1,m84137_260214_004236_s1/26677939/ccs,1,14,6,23,0,78,3,0,1.0,Complex,269,60,True
H1,m84137_260214_004236_s1/217191038/ccs,1,14,2,15,0,76,3,0,1.0,Complex,267,60,True
H1,m84137_260214_004236_s1/135991485/ccs,1,14,1,25,0,80,3,0,1.0,Complex,270,60,True
H1,m84137_260214_004236_s1/34018995/ccs,1,15,2,14,0,77,4,0,1.0,Complex,269,60,True
H1,m84137_260214_004236_s1/42340541/ccs,0,7,1,9,0,1,11,0,1.0,Complex,186,60,True
H1,m84137_260214_004236_s1/6359973/ccs,0,8,2,5,0,3,9,0,1.0,Complex,187,60,True
H1,m84137_260214_004236_s1/258344193/ccs,0,7,2,11,0,1,4,0,1.0,Complex,190,60,True
H1,m84137_260214_004236_s1/25494885/ccs,0,8,1,4,0,0,2,0,1.0,Complex,191,60,True
H1,m84137_260214_004236_s1/102106122/ccs,0,8,2,5,0,2,3,0,1.0,Complex,192,60,True
H1,m84137_260214_004236_s1/126484853/ccs,0,8,2,3,0,0,1,0,1.0,Complex,192,60,True
H1,m84137_260214_004236_s1/41681131/ccs,0,8,2,3,0,0,0,0,0.0,Simple,193,60,True
H1,m84137_260214_004236_s1/81007367/ccs,0,8,2,1,0,0,0,0,0.0,Simple,193,60,True
H1,m84137_260214_004236_s1/143592876/ccs,0,8,2,1,0,0,0,0,0.0,Simple,193,60,True
H1,m84137_260214_004236_s1/9963639/ccs,0,8,2,1,0,0,0,0,0.0,Simple,193,60,True
H1,m84137_260214_004236_s1/92734866/ccs,0,8,2,1,0,0,0,0,0.0,Simple,193,60,True
H1,m84137_260214_004236_s1/75371458/ccs,0,8,2,1,0,0,0,0,0.0,Simple,193,60,True
H1,m84137_260214_004236_s1/105909052/ccs,0,8,2,1,0,0,0,0,0.0,Simple,193,60,True
H1,m84137_260214_004236_s1/70320186/ccs,0,8,2,1,0,0,0,0,0.0,Simple,193,60,True
H1,m84137_260214_004236_s1/250545760/ccs,0,8,2,11,0,0,0,0,0.0,Simple,193,60,True
H1,m84137_260214_004236_s1/227082812/ccs,0,8,2,1,0,0,0,0,0.0,Simple,193,60,True
H1,m84137_260214_004236_s1/98700063/ccs,0,8,2,1,0,0,0,0,0.0,Simple,193,60,True
H1,m84137_260214_004236_s1/152962584/ccs,0,8,2,1,0,0,0,0,0.0,Simple,193,60,True
H1,m84137_260214_004236_s1/245826194/ccs,0,8,2,1,0,0,0,0,0.0,Simple,193,60,True
H1,m84137_260214_004236_s1/140511456/ccs,0,8,2,1,0,0,0,0,0.0,Simple,193,60,True
H1,m84137_260214_004236_s1/172884355/ccs,0,8,2,1,0,0,0,0,0.0,Simple,193,60,True
H1,m84137_260214_004236_s1/195039009/ccs,0,8,2,1,0,0,0,0,0.0,Simple,193,60,True
H1,m84137_260214_004236_s1/72024371/ccs,0,8,2,1,0,0,0,0,0.0,Simple,193,60,True
H1,m84137_260214_004236_s1/45613140/ccs,0,8,2,1,0,0,0,0,0.0,Simple,193,60,True
H1,m84137_260214_004236_s1/257430964/ccs,0,8,2,1,0,0,0,0,0.0,Simple,193,60,True
H1,m84137_260214_004236_s1/25954891/ccs,0,8,2,1,0,0,0,0,0.0,Simple,193,60,True
H1,m84137_260214_004236_s1/136908347/ccs,0,8,2,1,0,0,0,0,0.0,Simple,193,60,True
H1,m84137_260214_004236_s1/229835367/ccs,0,8,2,1,0,0,0,0,0.0,Simple,193,60,True
H1,m84137_260214_004236_s1/214302947/ccs,0,8,2,1,0,0,0,0,0.0,Simple,193,60,True
H1,m84137_260214_004236_s1/250872241/ccs,0,8,2,1,0,0,0,0,0.0,Simple,193,60,True
H1,m84137_260214_004236_s1/136184396/ccs,0,8,2,1,0,0,0,0,0.0,Simple,193,60,True
H1,m84137_260214_004236_s1/117115757/ccs,0,8,2,1,0,0,0,0,0.0,Simple,193,60,True
H1,m84137_260214_004236_s1/99877547/ccs,0,8,2,3,0,1,0,0,1.0,Complex,194,60,True
H1,m84137_260214_004236_s1/220991137/ccs,0,8,3,5,0,2,0,0,1.0,Complex,195,60,True
H1,m84137_260214_004236_s1/245826196/ccs,0,8,2,3,0,2,0,0,1.0,Complex,195,60,True
H1,m84137_260214_004236_s1/29628172/ccs,0,8,2,3,0,2,0,0,1.0,Complex,195,60,True
H1,m84137_260214_004236_s1/227086205/ccs,0,8,2,5,0,3,1,0,1.0,Complex,195,60,True
H1,m84137_260214_004236_s1/55445989/ccs,0,8,2,3,0,3,0,0,1.0,Complex,196,60,True
H1,m84137_260214_004236_s1/173476456/ccs,0,8,2,3,0,3,0,0,1.0,Complex,196,60,True
H1,m84137_260214_004236_s1/198641830/ccs,0,8,2,3,0,3,0,0,1.0,Complex,196,60,True
H1,m84137_260214_004236_s1/127926934/ccs,0,8,2,3,0,3,0,0,1.0,Complex,196,60,True
H1,m84137_260214_004236_s1/238552642/ccs,0,8,2,3,0,3,0,0,1.0,Complex,196,60,True
H1,m84137_260214_004236_s1/94113604/ccs,0,8,2,3,0,3,0,0,1.0,Complex,196,60,True
H1,m84137_260214_004236_s1/142344309/ccs,0,8,2,3,0,3,0,0,1.0,Complex,196,60,True
H1,m84137_260214_004236_s1/133499607/ccs,0,8,2,3,0,3,0,0,1.0,Complex,196,60,True
H1,m84137_260214_004236_s1/256315659/ccs,0,8,2,3,0,3,0,0,1.0,Complex,196,60,True
H1,m84137_260214_004236_s1/144573244/ccs,0,8,2,3,0,3,0,0,1.0,Complex,196,60,True
H1,m84137_260214_004236_s1/109381076/ccs,0,8,2,3,0,3,0,0,1.0,Complex,196,60,True
H1,m84137_260214_004236_s1/129565644/ccs,0,8,2,3,0,3,0,0,1.0,Complex,196,60,True
H1,m84137_260214_004236_s1/109579216/ccs,0,8,2,3,0,3,0,0,1.0,Complex,196,60,True
H1,m84137_260214_004236_s1/126616134/ccs,0,8,2,3,0,3,0,0,1.0,Complex,196,60,True
H1,m84137_260214_004236_s1/106038366/ccs,0,8,2,3,0,3,0,0,1.0,Complex,196,60,True
H1,m84137_260214_004236_s1/122486822/ccs,0,8,2,3,0,3,0,0,1.0,Complex,196,60,True
H1,m84137_260214_004236_s1/122356750/ccs,0,8,2,3,0,3,0,0,1.0,Complex,196,60,True
H1,m84137_260214_004236_s1/122554881/ccs,0,8,2,3,0,3,0,0,1.0,Complex,196,60,True
H1,m84137_260214_004236_s1/131006699/ccs,0,8,2,3,0,3,0,0,1.0,Complex,196,60,True
H1,m84137_260214_004236_s1/128124859/ccs,0,8,2,3,0,3,0,0,1.0,Complex,196,60,True
H1,m84137_260214_004236_s1/135463922/ccs,0,8,2,3,0,3,0,0,1.0,Complex,196,60,True
H1,m84137_260214_004236_s1/131795065/ccs,0,8,2,3,0,3,0,0,1.0,Complex,196,60,True
H1,m84137_260214_004236_s1/136905698/ccs,0,8,2,3,0,3,0,0,1.0,Complex,196,60,True
H1,m84137_260214_004236_s1/140641402/ccs,0,8,2,3,0,3,0,0,1.0,Complex,196,60,True
H1,m84137_260214_004236_s1/116656927/ccs,0,8,2,3,0,3,0,0,1.0,Complex,196,60,True
H1,m84137_260214_004236_s1/137822777/ccs,0,8,2,3,0,3,0,0,1.0,Complex,196,60,True
H1,m84137_260214_004236_s1/138084667/ccs,0,8,2,3,0,3,0,0,1.0,Complex,196,60,True
H1,m84137_260214_004236_s1/138150053/ccs,0,8,2,3,0,3,0,0,1.0,Complex,196,60,True
H1,m84137_260214_004236_s1/162857167/ccs,0,8,2,3,0,3,0,0,1.0,Complex,196,60,True
H1,m84137_260214_004236_s1/159581568/ccs,0,8,2,3,0,3,0,0,1.0,Complex,196,60,True
H1,m84137_260214_004236_s1/142216050/ccs,0,8,2,3,0,3,0,0,1.0,Complex,196,60,True
H1,m84137_260214_004236_s1/155321345/ccs,0,8,2,3,0,3,0,0,1.0,Complex,196,60,True
H1,m84137_260214_004236_s1/160105541/ccs,0,8,2,3,0,3,0,0,1.0,Complex,196,60,True
H1,m84137_260214_004236_s1/145951585/ccs,0,8,2,3,0,3,0,0,1.0,Complex,196,60,True
H1,m84137_260214_004236_s1/163777315/ccs,0,8,2,3,0,3,0,0,1.0,Complex,196,60,True
H1,m84137_260214_004236_s1/160235590/ccs,0,8,2,3,0,3,0,0,1.0,Complex,196,60,True
H1,m84137_260214_004236_s1/139397958/ccs,0,8,2,3,0,3,0,0,1.0,Complex,196,60,True
H1,m84137_260214_004236_s1/156042425/ccs,0,8,2,3,0,3,0,0,1.0,Complex,196,60,True
H1,m84137_260214_004236_s1/156238497/ccs,0,8,2,3,0,3,0,0,1.0,Complex,196,60,True
H1,m84137_260214_004236_s1/143460994/ccs,0,8,2,3,0,3,0,0,1.0,Complex,196,60,True
H1,m84137_260214_004236_s1/168102386/ccs,0,8,2,3,0,3,0,0,1.0,Complex,196,60,True
H1,m84137_260214_004236_s1/168296803/ccs,0,8,2,3,0,3,0,0,1.0,Complex,196,60,True
H1,m84137_260214_004236_s1/148703586/ccs,0,8,2,3,0,3,0,0,1.0,Complex,196,60,True
H1,m84137_260214_004236_s1/71631797/ccs,0,8,2,3,0,3,0,0,1.0,Complex,196,60,True
H1,m84137_260214_004236_s1/115278195/ccs,0,8,2,3,0,3,0,0,1.0,Complex,196,60,True
H1,m84137_260214_004236_s1/147260267/ccs,0,8,2,3,0,3,0,0,1.0,Complex,196,60,True
H1,m84137_260214_004236_s1/170066380/ccs,0,8,2,3,0,3,0,0,1.0,Complex,196,60,True
H1,m84137_260214_004236_s1/195560821/ccs,0,8,2,3,0,3,0,0,1.0,Complex,196,60,True
H1,m84137_260214_004236_s1/224136019/ccs,0,8,2,3,0,3,0,0,1.0,Complex,196,60,True
H1,m84137_260214_004236_s1/226427806/ccs,0,8,2,3,0,3,0,0,1.0,Complex,196,60,True
H1,m84137_260214_004236_s1/226690164/ccs,0,8,2,3,0,3,0,0,1.0,Complex,196,60,True
H1,m84137_260214_004236_s1/230688488/ccs,0,8,2,3,0,3,0,0,1.0,Complex,196,60,True
H1,m84137_260214_004236_s1/252512063/ccs,0,8,2,3,0,3,0,0,1.0,Complex,196,60,True
H1,m84137_260214_004236_s1/254216656/ccs,0,8,2,3,0,3,0,0,1.0,Complex,196,60,True
H1,m84137_260214_004236_s1/236126529/ccs,0,8,2,3,0,3,0,0,1.0,Complex,196,60,True
H1,m84137_260214_004236_s1/242026901/ccs,0,8,2,3,0,3,0,0,1.0,Complex,196,60,True
H1,m84137_260214_004236_s1/242746727/ccs,0,8,2,3,0,3,0,0,1.0,Complex,196,60,True
H1,m84137_260214_004236_s1/70193298/ccs,0,8,2,3,0,3,0,0,1.0,Complex,196,60,True
H1,m84137_260214_004236_s1/77205569/ccs,0,8,2,3,0,3,0,0,1.0,Complex,196,60,True
H1,m84137_260214_004236_s1/165351526/ccs,0,8,2,3,0,3,0,0,1.0,Complex,196,60,True
H1,m84137_260214_004236_s1/253826209/ccs,0,8,2,3,0,3,0,0,1.0,Complex,196,60,True
H1,m84137_260214_004236_s1/260379415/ccs,0,8,2,3,0,3,0,0,1.0,Complex,196,60,True
H1,m84137_260214_004236_s1/22741514/ccs,0,8,2,3,0,3,0,0,1.0,Complex,196,60,True
H1,m84137_260214_004236_s1/17629859/ccs,0,8,2,3,0,3,0,0,1.0,Complex,196,60,True
H1,m84137_260214_004236_s1/19991348/ccs,0,8,2,3,0,3,0,0,1.0,Complex,196,60,True
H1,m84137_260214_004236_s1/30410076/ccs,0,8,2,3,0,3,0,0,1.0,Complex,196,60,True
H1,m84137_260214_004236_s1/30673394/ccs,0,8,2,3,0,3,0,0,1.0,Complex,196,60,True
H1,m84137_260214_004236_s1/31000542/ccs,0,8,2,3,0,3,0,0,1.0,Complex,196,60,True
H1,m84137_260214_004236_s1/33620033/ccs,0,8,2,3,0,3,0,0,1.0,Complex,196,60,True
H1,m84137_260214_004236_s1/27396683/ccs,0,8,2,3,0,3,0,0,1.0,Complex,196,60,True
H1,m84137_260214_004236_s1/27787708/ccs,0,8,2,3,0,3,0,0,1.0,Complex,196,60,True
H1,m84137_260214_004236_s1/34212633/ccs,0,8,2,3,0,3,0,0,1.0,Complex,196,60,True
H1,m84137_260214_004236_s1/34930736/ccs,0,8,2,3,0,3,0,0,1.0,Complex,196,60,True
H1,m84137_260214_004236_s1/56494981/ccs,0,8,2,3,0,3,0,0,1.0,Complex,196,60,True
H1,m84137_260214_004236_s1/32966699/ccs,0,8,2,3,0,3,0,0,1.0,Complex,196,60,True
H1,m84137_260214_004236_s1/62328606/ccs,0,8,2,3,0,3,0,0,1.0,Complex,196,60,True
H1,m84137_260214_004236_s1/75305175/ccs,0,8,2,3,0,3,0,0,1.0,Complex,196,60,True
H1,m84137_260214_004236_s1/35325514/ccs,0,8,2,3,0,3,0,0,1.0,Complex,196,60,True
H1,m84137_260214_004236_s1/156697530/ccs,0,8,2,3,0,3,0,0,1.0,Complex,196,60,True
H1,m84137_260214_004236_s1/151326541/ccs,0,8,2,3,0,3,0,0,1.0,Complex,196,60,True
H1,m84137_260214_004236_s1/4325548/ccs,0,8,2,3,0,3,0,0,1.0,Complex,196,60,True
H1,m84137_260214_004236_s1/30804769/ccs,0,8,2,3,0,3,0,0,1.0,Complex,196,60,True
H1,m84137_260214_004236_s1/22348006/ccs,0,8,2,3,0,3,0,0,1.0,Complex,196,60,True
H1,m84137_260214_004236_s1/51511778/ccs,0,8,2,3,0,3,0,0,1.0,Complex,196,60,True
H1,m84137_260214_004236_s1/40568498/ccs,0,8,2,3,0,3,0,0,1.0,Complex,196,60,True
H1,m84137_260214_004236_s1/61082115/ccs,0,8,2,3,0,3,0,0,1.0,Complex,196,60,True
H1,m84137_260214_004236_s1/105842775/ccs,0,8,2,3,0,3,0,0,1.0,Complex,196,60,True
H1,m84137_260214_004236_s1/173737957/ccs,0,8,2,3,0,3,0,0,1.0,Complex,196,60,True
H1,m84137_260214_004236_s1/186581022/ccs,0,8,2,3,0,3,0,0,1.0,Complex,196,60,True
H1,m84137_260214_004236_s1/190775952/ccs,0,8,2,3,0,3,0,0,1.0,Complex,196,60,True
H1,m84137_260214_004236_s1/149490144/ccs,0,8,2,3,0,3,0,0,1.0,Complex,196,60,True
H1,m84137_260214_004236_s1/170132989/ccs,0,8,2,3,0,3,0,0,1.0,Complex,196,60,True
H1,m84137_260214_004236_s1/170199935/ccs,0,8,2,3,0,3,0,0,1.0,Complex,196,60,True
H1,m84137_260214_004236_s1/170591982/ccs,0,8,2,3,0,3,0,0,1.0,Complex,196,60,True
H1,m84137_260214_004236_s1/195758910/ccs,0,8,2,3,0,3,0,0,1.0,Complex,196,60,True
H1,m84137_260214_004236_s1/196085994/ccs,0,8,2,3,0,3,0,0,1.0,Complex,196,60,True
H1,m84137_260214_004236_s1/171115220/ccs,0,8,2,3,0,3,0,0,1.0,Complex,196,60,True
H1,m84137_260214_004236_s1/194774655/ccs,0,8,2,3,0,3,0,0,1.0,Complex,196,60,True
H1,m84137_260214_004236_s1/202179006/ccs,0,8,2,3,0,3,0,0,1.0,Complex,196,60,True
H1,m84137_260214_004236_s1/220269459/ccs,0,8,2,3,0,3,0,0,1.0,Complex,196,60,True
H1,m84137_260214_004236_s1/203228996/ccs,0,8,2,3,0,3,0,0,1.0,Complex,196,60,True
H1,m84137_260214_004236_s1/221381787/ccs,0,8,2,3,0,3,0,0,1.0,Complex,196,60,True
H1,m84137_260214_004236_s1/224527818/ccs,0,8,2,3,0,3,0,0,1.0,Complex,196,60,True
H1,m84137_260214_004236_s1/184486491/ccs,0,8,2,3,0,3,0,0,1.0,Complex,196,60,True
H1,m84137_260214_004236_s1/230099067/ccs,0,8,2,3,0,3,0,0,1.0,Complex,196,60,True
H1,m84137_260214_004236_s1/226298159/ccs,0,8,2,3,0,3,0,0,1.0,Complex,196,60,True
H1,m84137_260214_004236_s1/212534553/ccs,0,8,2,3,0,3,0,0,1.0,Complex,196,60,True
H1,m84137_260214_004236_s1/230295150/ccs,0,8,2,3,0,3,0,0,1.0,Complex,196,60,True
H1,m84137_260214_004236_s1/230427015/ccs,0,8,2,3,0,3,0,0,1.0,Complex,196,60,True
H1,m84137_260214_004236_s1/226887086/ccs,0,8,2,3,0,3,0,0,1.0,Complex,196,60,True
H1,m84137_260214_004236_s1/252117103/ccs,0,8,2,3,0,3,0,0,1.0,Complex,196,60,True
H1,m84137_260214_004236_s1/228001235/ccs,0,8,2,3,0,3,0,0,1.0,Complex,196,60,True
H1,m84137_260214_004236_s1/206833511/ccs,0,8,2,3,0,3,0,0,1.0,Complex,196,60,True
H1,m84137_260214_004236_s1/206768830/ccs,0,8,2,3,0,3,0,0,1.0,Complex,196,60,True
H1,m84137_260214_004236_s1/212338149/ccs,0,8,2,3,0,3,0,0,1.0,Complex,196,60,True
H1,m84137_260214_004236_s1/228459312/ccs,0,8,2,3,0,3,0,0,1.0,Complex,196,60,True
H1,m84137_260214_004236_s1/228527040/ccs,0,8,2,3,0,3,0,0,1.0,Complex,196,60,True
H1,m84137_260214_004236_s1/235473866/ccs,0,8,2,3,0,3,0,0,1.0,Complex,196,60,True
H1,m84137_260214_004236_s1/257361510/ccs,0,8,2,3,0,3,0,0,1.0,Complex,196,60,True
H1,m84137_260214_004236_s1/215680854/ccs,0,8,2,3,0,3,0,0,1.0,Complex,196,60,True
H1,m84137_260214_004236_s1/61604168/ccs,0,8,2,3,0,3,0,0,1.0,Complex,196,60,True
H1,m84137_260214_004236_s1/57607825/ccs,0,8,2,3,0,3,0,0,1.0,Complex,196,60,True
H1,m84137_260214_004236_s1/40371042/ccs,0,8,2,3,0,3,0,0,1.0,Complex,196,60,True
H1,m84137_260214_004236_s1/61800553/ccs,0,8,2,3,0,3,0,0,1.0,Complex,196,60,True
H1,m84137_260214_004236_s1/46072561/ccs,0,8,2,3,0,3,0,0,1.0,Complex,196,60,True
H1,m84137_260214_004236_s1/52756525/ccs,0,8,2,3,0,3,0,0,1.0,Complex,196,60,True
H1,m84137_260214_004236_s1/62521481/ccs,0,8,2,3,0,3,0,0,1.0,Complex,196,60,True
H1,m84137_260214_004236_s1/41485537/ccs,0,8,2,3,0,3,0,0,1.0,Complex,196,60,True
H1,m84137_260214_004236_s1/38209994/ccs,0,8,2,3,0,3,0,0,1.0,Complex,196,60,True
H1,m84137_260214_004236_s1/42862108/ccs,0,8,2,3,0,3,0,0,1.0,Complex,196,60,True
H1,m84137_260214_004236_s1/42732099/ccs,0,8,2,3,0,3,0,0,1.0,Complex,196,60,True
H1,m84137_260214_004236_s1/53806366/ccs,0,8,2,3,0,3,0,0,1.0,Complex,196,60,True
H1,m84137_260214_004236_s1/67110175/ccs,0,8,2,3,0,3,0,0,1.0,Complex,196,60,True
H1,m84137_260214_004236_s1/64094511/ccs,0,8,2,3,0,3,0,0,1.0,Complex,196,60,True
H1,m84137_260214_004236_s1/54986902/ccs,0,8,2,3,0,3,0,0,1.0,Complex,196,60,True
H1,m84137_260214_004236_s1/44499412/ccs,0,8,2,3,0,3,0,0,1.0,Complex,196,60,True
H1,m84137_260214_004236_s1/91292880/ccs,0,8,2,3,0,3,0,0,1.0,Complex,196,60,True
H1,m84137_260214_004236_s1/92604968/ccs,0,8,2,3,0,3,0,0,1.0,Complex,196,60,True
H1,m84137_260214_004236_s1/95554553/ccs,0,8,2,3,0,3,0,0,1.0,Complex,196,60,True
H1,m84137_260214_004236_s1/93062936/ccs,0,8,2,3,0,3,0,0,1.0,Complex,196,60,True
H1,m84137_260214_004236_s1/93192235/ccs,0,8,2,3,0,3,0,0,1.0,Complex,196,60,True
H1,m84137_260214_004236_s1/96209264/ccs,0,8,2,3,0,3,0,0,1.0,Complex,196,60,True
H1,m84137_260214_004236_s1/96994426/ccs,0,8,2,3,0,3,0,0,1.0,Complex,196,60,True
H1,m84137_260214_004236_s1/80609482/ccs,0,8,2,3,0,3,0,0,1.0,Complex,196,60,True
H1,m84137_260214_004236_s1/94832465/ccs,0,8,2,3,0,3,0,0,1.0,Complex,196,60,True
H1,m84137_260214_004236_s1/99223264/ccs,0,8,2,3,0,3,0,0,1.0,Complex,196,60,True
H1,m84137_260214_004236_s1/117704931/ccs,0,8,2,3,0,3,0,0,1.0,Complex,196,60,True
H1,m84137_260214_004236_s1/107283295/ccs,0,8,2,3,0,3,0,0,1.0,Complex,196,60,True
H1,m84137_260214_004236_s1/119013509/ccs,0,8,2,3,0,3,0,0,1.0,Complex,196,60,True
H1,m84137_260214_004236_s1/119406994/ccs,0,8,2,3,0,3,0,0,1.0,Complex,196,60,True
H1,m84137_260214_004236_s1/124387560/ccs,0,8,2,3,0,3,0,0,1.0,Complex,196,60,True
H1,m84137_260214_004236_s1/128647947/ccs,0,8,2,3,0,3,0,0,1.0,Complex,196,60,True
H1,m84137_260214_004236_s1/124715227/ccs,0,8,2,3,0,3,0,0,1.0,Complex,196,60,True
H1,m84137_260214_004236_s1/52694942/ccs,0,8,2,3,0,3,0,0,1.0,Complex,196,60,True
H1,m84137_260214_004236_s1/32183490/ccs,0,8,2,3,0,3,0,0,1.0,Complex,196,60,True
H1,m84137_260214_004236_s1/13307368/ccs,0,8,2,3,0,3,0,0,1.0,Complex,196,60,True
H1,m84137_260214_004236_s1/57348118/ccs,0,8,2,3,0,3,0,0,1.0,Complex,196,60,True
H1,m84137_260214_004236_s1/58004729/ccs,0,8,2,3,0,3,0,0,1.0,Complex,196,60,True
H1,m84137_260214_004236_s1/41620054/ccs,0,8,2,3,0,3,0,0,1.0,Complex,196,60,True
H1,m84137_260214_004236_s1/62330509/ccs,0,8,2,3,0,3,0,0,1.0,Complex,196,60,True
H1,m84137_260214_004236_s1/67966361/ccs,0,8,2,3,0,3,0,0,1.0,Complex,196,60,True
H1,m84137_260214_004236_s1/16650898/ccs,0,8,2,3,0,3,0,0,1.0,Complex,196,60,True
H1,m84137_260214_004236_s1/84807122/ccs,0,8,2,3,0,3,0,0,1.0,Complex,196,60,True
H1,m84137_260214_004236_s1/45356453/ccs,0,8,2,3,0,3,0,0,1.0,Complex,196,60,True
H1,m84137_260214_004236_s1/86642570/ccs,0,8,2,3,0,3,0,0,1.0,Complex,196,60,True
H1,m84137_260214_004236_s1/47125269/ccs,0,8,2,3,0,3,0,0,1.0,Complex,196,60,True
H1,m84137_260214_004236_s1/95555058/ccs,0,8,2,3,0,3,0,0,1.0,Complex,196,60,True
H1,m84137_260214_004236_s1/75437836/ccs,0,8,2,3,0,3,0,0,1.0,Complex,196,60,True
H1,m84137_260214_004236_s1/117707287/ccs,0,8,2,3,0,3,0,0,1.0,Complex,196,60,True
H1,m84137_260214_004236_s1/92607007/ccs,0,8,2,3,0,3,0,0,1.0,Complex,196,60,True
H1,m84137_260214_004236_s1/92410712/ccs,0,8,2,3,0,3,0,0,1.0,Complex,196,60,True
H1,m84137_260214_004236_s1/97128897/ccs,0,8,2,3,0,3,0,0,1.0,Complex,196,60,True
H1,m84137_260214_004236_s1/97979421/ccs,0,8,2,3,0,3,0,0,1.0,Complex,196,60,True
H1,m84137_260214_004236_s1/93260995/ccs,0,8,2,3,0,3,0,0,1.0,Complex,196,60,True
H1,m84137_260214_004236_s1/93852006/ccs,0,8,2,3,0,3,0,0,1.0,Complex,196,60,True
H1,m84137_260214_004236_s1/78647546/ccs,0,8,2,3,0,3,0,0,1.0,Complex,196,60,True
H1,m84137_260214_004236_s1/79368720/ccs,0,8,2,3,0,3,0,0,1.0,Complex,196,60,True
H1,m84137_260214_004236_s1/104008721/ccs,0,8,2,3,0,3,0,0,1.0,Complex,196,60,True
H1,m84137_260214_004236_s1/123473103/ccs,0,8,2,3,0,3,0,0,1.0,Complex,196,60,True
H1,m84137_260214_004236_s1/81333717/ccs,0,8,2,3,0,3,0,0,1.0,Complex,196,60,True
H1,m84137_260214_004236_s1/122492145/ccs,0,8,2,3,0,3,0,0,1.0,Complex,196,60,True
H1,m84137_260214_004236_s1/151260252/ccs,0,8,2,3,0,3,0,0,1.0,Complex,196,60,True
H1,m84137_260214_004236_s1/151066443/ccs,0,8,2,3,0,3,0,0,1.0,Complex,196,60,True
H1,m84137_260214_004236_s1/110170076/ccs,0,8,2,3,0,3,0,0,1.0,Complex,196,60,True
H1,m84137_260214_004236_s1/127471951/ccs,0,8,2,3,0,3,0,0,1.0,Complex,196,60,True
H1,m84137_260214_004236_s1/152508272/ccs,0,8,2,3,0,3,0,0,1.0,Complex,196,60,True
H1,m84137_260214_004236_s1/32769290/ccs,0,8,2,3,0,3,0,0,1.0,Complex,196,60,True
H1,m84137_260214_004236_s1/245239229/ccs,0,8,2,3,0,3,0,0,1.0,Complex,196,60,True
H1,m84137_260214_004236_s1/260706959/ccs,0,8,2,3,0,3,0,0,1.0,Complex,196,60,True
H1,m84137_260214_004236_s1/264048900/ccs,0,8,2,3,0,3,0,0,1.0,Complex,196,60,True
H1,m84137_260214_004236_s1/261690041/ccs,0,8,2,3,0,3,0,0,1.0,Complex,196,60,True
H1,m84137_260214_004236_s1/262803844/ccs,0,8,2,3,0,3,0,0,1.0,Complex,196,60,True
H1,m84137_260214_004236_s1/10290743/ccs,0,8,2,3,0,3,0,0,1.0,Complex,196,60,True
H1,m84137_260214_004236_s1/52102219/ccs,0,8,2,3,0,3,0,0,1.0,Complex,196,60,True
H1,m84137_260214_004236_s1/89064582/ccs,0,8,2,3,0,3,0,0,1.0,Complex,196,60,True
H1,m84137_260214_004236_s1/98369783/ccs,0,8,2,3,0,3,0,0,1.0,Complex,196,60,True
H1,m84137_260214_004236_s1/102040962/ccs,0,8,2,3,0,3,0,0,1.0,Complex,196,60,True
H1,m84137_260214_004236_s1/112658321/ccs,0,8,2,3,0,3,0,0,1.0,Complex,196,60,True
H1,m84137_260214_004236_s1/127992682/ccs,0,8,2,3,0,3,0,0,1.0,Complex,196,60,True
H1,m84137_260214_004236_s1/153748553/ccs,0,8,2,3,0,3,0,0,1.0,Complex,196,60,True
H1,m84137_260214_004236_s1/177538490/ccs,0,8,2,3,0,3,0,0,1.0,Complex,196,60,True
H1,m84137_260214_004236_s1/201064669/ccs,0,8,2,3,0,3,0,0,1.0,Complex,196,60,True
H1,m84137_260214_004236_s1/227280122/ccs,0,8,2,3,0,3,0,0,1.0,Complex,196,60,True
H1,m84137_260214_004236_s1/263848714/ccs,0,8,2,3,0,3,0,0,1.0,Complex,196,60,True
H1,m84137_260214_004236_s1/261817143/ccs,0,8,2,3,0,3,0,0,1.0,Complex,196,60,True
H1,m84137_260214_004236_s1/11277841/ccs,0,8,2,3,0,3,0,0,1.0,Complex,196,60,True
H1,m84137_260214_004236_s1/54793512/ccs,0,8,2,3,0,3,0,0,1.0,Complex,196,60,True
H1,m84137_260214_004236_s1/121180492/ccs,0,8,2,3,0,3,0,0,1.0,Complex,196,60,True
H1,m84137_260214_004236_s1/105582811/ccs,0,8,2,3,0,3,0,0,1.0,Complex,196,60,True
H1,m84137_260214_004236_s1/122492796/ccs,0,8,2,3,0,3,0,0,1.0,Complex,196,60,True
H1,m84137_260214_004236_s1/110038538/ccs,0,8,2,3,0,3,0,0,1.0,Complex,196,60,True
H1,m84137_260214_004236_s1/131667844/ccs,0,8,2,3,0,3,0,0,1.0,Complex,196,60,True
H1,m84137_260214_004236_s1/136712750/ccs,0,8,2,3,0,3,0,0,1.0,Complex,196,60,True
H1,m84137_260214_004236_s1/163909678/ccs,0,8,2,3,0,3,0,0,1.0,Complex,196,60,True
H1,m84137_260214_004236_s1/190517882/ccs,0,8,2,3,0,3,0,0,1.0,Complex,196,60,True
H1,m84137_260214_004236_s1/166137292/ccs,0,8,2,3,0,3,0,0,1.0,Complex,196,60,True
H1,m84137_260214_004236_s1/175180864/ccs,0,8,2,3,0,3,0,0,1.0,Complex,196,60,True
H1,m84137_260214_004236_s1/257561831/ccs,0,8,2,3,0,3,0,0,1.0,Complex,196,60,True
H1,m84137_260214_004236_s1/242749153/ccs,0,8,2,3,0,3,0,0,1.0,Complex,196,60,True
H1,m84137_260214_004236_s1/234753699/ccs,0,8,2,3,0,3,0,0,1.0,Complex,196,60,True
H1,m84137_260214_004236_s1/239930769/ccs,0,8,2,3,0,3,0,0,1.0,Complex,196,60,True
H1,m84137_260214_004236_s1/4720618/ccs,0,8,2,3,0,3,0,0,1.0,Complex,196,60,True
H1,m84137_260214_004236_s1/55050864/ccs,0,8,2,3,0,3,0,0,1.0,Complex,196,60,True
H1,m84137_260214_004236_s1/122422574/ccs,0,8,2,3,0,3,0,0,1.0,Complex,196,60,True
H1,m84137_260214_004236_s1/106103889/ccs,0,8,2,3,0,3,0,0,1.0,Complex,196,60,True
H1,m84137_260214_004236_s1/207488291/ccs,0,8,2,3,0,3,0,0,1.0,Complex,196,60,True
H1,m84137_260214_004236_s1/35327098/ccs,0,8,2,3,0,3,0,0,1.0,Complex,196,60,True
H1,m84137_260214_004236_s1/91098553/ccs,0,8,2,3,0,3,0,0,1.0,Complex,196,60,True
H1,m84137_260214_004236_s1/125244384/ccs,0,8,2,3,0,3,0,0,1.0,Complex,196,60,True
H1,m84137_260214_004236_s1/191762266/ccs,0,8,2,3,0,3,0,0,1.0,Complex,196,60,True
H1,m84137_260214_004236_s1/232264155/ccs,0,8,2,3,0,3,0,0,1.0,Complex,196,60,True
H1,m84137_260214_004236_s1/236589378/ccs,0,8,2,3,0,3,0,0,1.0,Complex,196,60,True
H1,m84137_260214_004236_s1/94833233/ccs,0,8,2,3,0,3,0,0,1.0,Complex,196,60,True
H1,m84137_260214_004236_s1/255262776/ccs,0,8,2,3,0,3,0,0,1.0,Complex,196,60,True
H1,m84137_260214_004236_s1/173999844/ccs,0,8,2,3,0,3,0,0,1.0,Complex,196,60,True
H1,m84137_260214_004236_s1/132716073/ccs,0,8,2,3,0,3,0,0,1.0,Complex,196,60,True
H1,m84137_260214_004236_s1/152639417/ccs,0,8,2,3,0,3,0,0,1.0,Complex,196,60,True
H1,m84137_260214_004236_s1/136384615/ccs,0,8,2,3,0,3,0,0,1.0,Complex,196,60,True
H1,m84137_260214_004236_s1/112989365/ccs,0,8,2,3,0,3,0,0,1.0,Complex,196,60,True
H1,m84137_260214_004236_s1/157619198/ccs,0,8,2,3,0,3,0,0,1.0,Complex,196,60,True
H1,m84137_260214_004236_s1/132780623/ccs,0,8,2,3,0,3,0,0,1.0,Complex,196,60,True
H1,m84137_260214_004236_s1/156241156/ccs,0,8,2,3,0,3,0,0,1.0,Complex,196,60,True
H1,m84137_260214_004236_s1/142677087/ccs,0,8,2,3,0,3,0,0,1.0,Complex,196,60,True
H1,m84137_260214_004236_s1/156439084/ccs,0,8,2,3,0,3,0,0,1.0,Complex,196,60,True
H1,m84137_260214_004236_s1/162663952/ccs,0,8,2,3,0,3,0,0,1.0,Complex,196,60,True
H1,m84137_260214_004236_s1/163122546/ccs,0,8,2,3,0,3,0,0,1.0,Complex,196,60,True
H1,m84137_260214_004236_s1/160960565/ccs,0,8,2,3,0,3,0,0,1.0,Complex,196,60,True
H1,m84137_260214_004236_s1/186389595/ccs,0,8,2,3,0,3,0,0,1.0,Complex,196,60,True
H1,m84137_260214_004236_s1/187110075/ccs,0,8,2,3,0,3,0,0,1.0,Complex,196,60,True
H1,m84137_260214_004236_s1/190778457/ccs,0,8,2,3,0,3,0,0,1.0,Complex,196,60,True
H1,m84137_260214_004236_s1/175312716/ccs,0,8,2,3,0,3,0,0,1.0,Complex,196,60,True
H1,m84137_260214_004236_s1/192026064/ccs,0,8,2,3,0,3,0,0,1.0,Complex,196,60,True
H1,m84137_260214_004236_s1/190058435/ccs,0,8,2,3,0,3,0,0,1.0,Complex,196,60,True
H1,m84137_260214_004236_s1/193138155/ccs,0,8,2,3,0,3,0,0,1.0,Complex,196,60,True
H1,m84137_260214_004236_s1/173282871/ccs,0,8,2,3,0,3,0,0,1.0,Complex,196,60,True
H1,m84137_260214_004236_s1/219876883/ccs,0,8,2,3,0,3,0,0,1.0,Complex,196,60,True
H1,m84137_260214_004236_s1/220467478/ccs,0,8,2,3,0,3,0,0,1.0,Complex,196,60,True
H1,m84137_260214_004236_s1/179902323/ccs,0,8,2,3,0,3,0,0,1.0,Complex,196,60,True
H1,m84137_260214_004236_s1/199429698/ccs,0,8,2,3,0,3,0,0,1.0,Complex,196,60,True
H1,m84137_260214_004236_s1/210310421/ccs,0,8,2,3,0,3,0,0,1.0,Complex,196,60,True
H1,m84137_260214_004236_s1/205330093/ccs,0,8,2,3,0,3,0,0,1.0,Complex,196,60,True
H1,m84137_260214_004236_s1/212930583/ccs,0,8,2,3,0,3,0,0,1.0,Complex,196,60,True
H1,m84137_260214_004236_s1/213258538/ccs,0,8,2,3,0,3,0,0,1.0,Complex,196,60,True
H1,m84137_260214_004236_s1/213257783/ccs,0,8,2,3,0,3,0,0,1.0,Complex,196,60,True
H1,m84137_260214_004236_s1/237375723/ccs,0,8,2,3,0,3,0,0,1.0,Complex,196,60,True
H1,m84137_260214_004236_s1/233838419/ccs,0,8,2,3,0,3,0,0,1.0,Complex,196,60,True
H1,m84137_260214_004236_s1/259396907/ccs,0,8,2,3,0,3,0,0,1.0,Complex,196,60,True
H1,m84137_260214_004236_s1/239014232/ccs,0,8,2,3,0,3,0,0,1.0,Complex,196,60,True
H1,m84137_260214_004236_s1/239800622/ccs,0,8,2,3,0,3,0,0,1.0,Complex,196,60,True
H1,m84137_260214_004236_s1/215941554/ccs,0,8,2,3,0,3,0,0,1.0,Complex,196,60,True
H1,m84137_260214_004236_s1/241305544/ccs,0,8,2,3,0,3,0,0,1.0,Complex,196,60,True
H1,m84137_260214_004236_s1/258737690/ccs,0,8,2,3,0,3,0,0,1.0,Complex,196,60,True
H1,m84137_260214_004236_s1/216924516/ccs,0,8,2,3,0,3,0,0,1.0,Complex,196,60,True
H1,m84137_260214_004236_s1/255985419/ccs,0,8,2,3,0,3,0,0,1.0,Complex,196,60,True
H1,m84137_260214_004236_s1/217319003/ccs,0,8,2,3,0,3,0,0,1.0,Complex,196,60,True
H1,m84137_260214_004236_s1/259721472/ccs,0,8,2,3,0,3,0,0,1.0,Complex,196,60,True
H1,m84137_260214_004236_s1/239797284/ccs,0,8,2,3,0,3,0,0,1.0,Complex,196,60,True
H1,m84137_260214_004236_s1/261884901/ccs,0,8,2,3,0,3,0,0,1.0,Complex,196,60,True
H1,m84137_260214_004236_s1/265618505/ccs,0,8,2,3,0,3,0,0,1.0,Complex,196,60,True
H1,m84137_260214_004236_s1/23663347/ccs,0,8,2,3,0,3,0,0,1.0,Complex,196,60,True
H1,m84137_260214_004236_s1/23661786/ccs,0,8,2,3,0,3,0,0,1.0,Complex,196,60,True
H1,m84137_260214_004236_s1/20385113/ccs,0,8,2,3,0,3,0,0,1.0,Complex,196,60,True
H1,m84137_260214_004236_s1/249627874/ccs,0,8,2,3,0,3,0,0,1.0,Complex,196,60,True
H1,m84137_260214_004236_s1/249890528/ccs,0,8,2,3,0,3,0,0,1.0,Complex,196,60,True
H1,m84137_260214_004236_s1/237832918/ccs,0,8,2,3,0,3,0,0,1.0,Complex,196,60,True
H1,m84137_260214_004236_s1/25104891/ccs,0,8,2,3,0,3,0,0,1.0,Complex,196,60,True
H1,m84137_260214_004236_s1/21698166/ccs,0,8,2,3,0,3,0,0,1.0,Complex,196,60,True
H1,m84137_260214_004236_s1/250808074/ccs,0,8,2,3,0,3,0,0,1.0,Complex,196,60,True
H1,m84137_260214_004236_s1/22090039/ccs,0,8,2,3,0,3,0,0,1.0,Complex,196,60,True
H1,m84137_260214_004236_s1/8458000/ccs,0,8,2,3,0,3,0,0,1.0,Complex,196,60,True
H1,m84137_260214_004236_s1/251462296/ccs,0,8,2,3,0,3,0,0,1.0,Complex,196,60,True
H1,m84137_260214_004236_s1/26414214/ccs,0,8,2,3,0,3,0,0,1.0,Complex,196,60,True
H1,m84137_260214_004236_s1/50991392/ccs,0,8,2,3,0,3,0,0,1.0,Complex,196,60,True
H1,m84137_260214_004236_s1/29756641/ccs,0,8,2,3,0,3,0,0,1.0,Complex,196,60,True
H1,m84137_260214_004236_s1/51516879/ccs,0,8,2,3,0,3,0,0,1.0,Complex,196,60,True
H1,m84137_260214_004236_s1/11800247/ccs,0,8,2,3,0,3,0,0,1.0,Complex,196,60,True
H1,m84137_260214_004236_s1/9770247/ccs,0,8,2,3,0,3,0,0,1.0,Complex,196,60,True
H1,m84137_260214_004236_s1/35591462/ccs,0,8,2,3,0,3,0,0,1.0,Complex,196,60,True
H1,m84137_260214_004236_s1/35395135/ccs,0,8,2,3,0,3,0,0,1.0,Complex,196,60,True
H1,m84137_260214_004236_s1/10817943/ccs,0,8,2,3,0,3,0,0,1.0,Complex,196,60,True
H1,m84137_260214_004236_s1/12785434/ccs,0,8,2,3,0,3,0,0,1.0,Complex,196,60,True
H1,m84137_260214_004236_s1/36508875/ccs,0,8,2,3,0,3,0,0,1.0,Complex,196,60,True
H1,m84137_260214_004236_s1/52759661/ccs,0,8,2,3,0,3,0,0,1.0,Complex,196,60,True
H1,m84137_260214_004236_s1/125961952/ccs,0,8,2,3,0,3,0,0,1.0,Complex,196,60,True
H1,m84137_260214_004236_s1/132188468/ccs,0,8,2,3,0,3,0,0,1.0,Complex,196,60,True
H1,m84137_260214_004236_s1/167643726/ccs,0,8,2,3,0,3,0,0,1.0,Complex,196,60,True
H1,m84137_260214_004236_s1/159717067/ccs,0,8,2,3,0,3,0,0,1.0,Complex,196,60,True
H1,m84137_260214_004236_s1/164828070/ccs,0,8,2,3,0,3,0,0,1.0,Complex,196,60,True
H1,m84137_260214_004236_s1/197660558/ccs,0,8,2,3,0,3,0,0,1.0,Complex,196,60,True
H1,m84137_260214_004236_s1/42078626/ccs,0,8,2,3,0,3,0,0,1.0,Complex,196,60,True
H1,m84137_260214_004236_s1/226164857/ccs,0,8,2,3,0,3,0,0,1.0,Complex,196,60,True
H1,m84137_260214_004236_s1/185794762/ccs,0,8,2,3,0,3,0,0,1.0,Complex,196,60,True
H1,m84137_260214_004236_s1/204866823/ccs,0,8,2,3,0,3,0,0,1.0,Complex,196,60,True
H1,m84137_260214_004236_s1/252774506/ccs,0,8,2,3,0,3,0,0,1.0,Complex,196,60,True
H1,m84137_260214_004236_s1/259982650/ccs,0,8,2,3,0,3,0,0,1.0,Complex,196,60,True
H1,m84137_260214_004236_s1/28383122/ccs,0,8,2,3,0,3,0,0,1.0,Complex,196,60,True
H1,m84137_260214_004236_s1/13569507/ccs,0,8,2,3,0,3,0,0,1.0,Complex,196,60,True
H1,m84137_260214_004236_s1/66851846/ccs,0,8,2,3,0,3,0,0,1.0,Complex,196,60,True
H1,m84137_260214_004236_s1/102176210/ccs,0,8,2,3,0,3,0,0,1.0,Complex,196,60,True
H1,m84137_260214_004236_s1/78059142/ccs,0,8,2,3,0,3,0,0,1.0,Complex,196,60,True
H1,m84137_260214_004236_s1/188815107/ccs,0,8,2,3,0,3,0,0,1.0,Complex,196,60,True
H1,m84137_260214_004236_s1/150802504/ccs,0,8,2,3,0,3,0,0,1.0,Complex,196,60,True
H1,m84137_260214_004236_s1/242291897/ccs,0,8,2,3,0,3,0,0,1.0,Complex,196,60,True
H1,m84137_260214_004236_s1/260444523/ccs,0,8,2,3,0,3,0,0,1.0,Complex,196,60,True
H1,m84137_260214_004236_s1/22806697/ccs,0,8,2,3,0,3,0,0,1.0,Complex,196,60,True
H1,m84137_260214_004236_s1/28510194/ccs,0,8,2,3,0,3,0,0,1.0,Complex,196,60,True
H1,m84137_260214_004236_s1/22938610/ccs,0,8,2,3,0,3,0,0,1.0,Complex,196,60,True
H1,m84137_260214_004236_s1/6227643/ccs,0,8,2,3,0,3,0,0,1.0,Complex,196,60,True
H1,m84137_260214_004236_s1/3475567/ccs,0,8,2,3,0,3,0,0,1.0,Complex,196,60,True
H1,m84137_260214_004236_s1/25363291/ccs,0,8,2,3,0,3,0,0,1.0,Complex,196,60,True
H1,m84137_260214_004236_s1/30475311/ccs,0,8,2,3,0,3,0,0,1.0,Complex,196,60,True
H1,m84137_260214_004236_s1/5178719/ccs,0,8,2,3,0,3,0,0,1.0,Complex,196,60,True
H1,m84137_260214_004236_s1/26215116/ccs,0,8,2,3,0,3,0,0,1.0,Complex,196,60,True
H1,m84137_260214_004236_s1/8915292/ccs,0,8,2,3,0,3,0,0,1.0,Complex,196,60,True
H1,m84137_260214_004236_s1/26805396/ccs,0,8,2,3,0,3,0,0,1.0,Complex,196,60,True
H1,m84137_260214_004236_s1/27133565/ccs,0,8,2,3,0,3,0,0,1.0,Complex,196,60,True
H1,m84137_260214_004236_s1/33884503/ccs,0,8,2,3,0,3,0,0,1.0,Complex,196,60,True
H1,m84137_260214_004236_s1/27591109/ccs,0,8,2,3,0,3,0,0,1.0,Complex,196,60,True
H1,m84137_260214_004236_s1/50332901/ccs,0,8,2,3,0,3,0,0,1.0,Complex,196,60,True
H1,m84137_260214_004236_s1/39323041/ccs,0,8,2,3,0,3,0,0,1.0,Complex,196,60,True
H1,m84137_260214_004236_s1/56557774/ccs,0,8,2,3,0,3,0,0,1.0,Complex,196,60,True
H1,m84137_260214_004236_s1/56822303/ccs,0,8,2,3,0,3,0,0,1.0,Complex,196,60,True
H1,m84137_260214_004236_s1/50793068/ccs,0,8,2,3,0,3,0,0,1.0,Complex,196,60,True
H1,m84137_260214_004236_s1/118821507/ccs,0,8,2,3,0,3,0,0,1.0,Complex,196,60,True
H1,m84137_260214_004236_s1/80549037/ccs,0,8,2,3,0,3,0,0,1.0,Complex,196,60,True
H1,m84137_260214_004236_s1/100013970/ccs,0,8,2,3,0,3,0,0,1.0,Complex,196,60,True
H1,m84137_260214_004236_s1/100275915/ccs,0,8,2,3,0,3,0,0,1.0,Complex,196,60,True
H1,m84137_260214_004236_s1/100471320/ccs,0,8,2,3,0,3,0,0,1.0,Complex,196,60,True
H1,m84137_260214_004236_s1/150999578/ccs,0,8,2,3,0,3,0,0,1.0,Complex,196,60,True
H1,m84137_260214_004236_s1/82907811/ccs,0,8,2,3,0,3,0,0,1.0,Complex,196,60,True
H1,m84137_260214_004236_s1/83365663/ccs,0,8,2,3,0,3,0,0,1.0,Complex,196,60,True
H1,m84137_260214_004236_s1/83235575/ccs,0,8,2,3,0,3,0,0,1.0,Complex,196,60,True
H1,m84137_260214_004236_s1/83759896/ccs,0,8,2,3,0,3,0,0,1.0,Complex,196,60,True
H1,m84137_260214_004236_s1/112137285/ccs,0,8,2,3,0,3,0,0,1.0,Complex,196,60,True
H1,m84137_260214_004236_s1/131994539/ccs,0,8,2,3,0,3,0,0,1.0,Complex,196,60,True
H1,m84137_260214_004236_s1/153424034/ccs,0,8,2,3,0,3,0,0,1.0,Complex,196,60,True
H1,m84137_260214_004236_s1/136645757/ccs,0,8,2,3,0,3,0,0,1.0,Complex,196,60,True
H1,m84137_260214_004236_s1/113249487/ccs,0,8,2,3,0,3,0,0,1.0,Complex,196,60,True
H1,m84137_260214_004236_s1/153949303/ccs,0,8,2,3,0,3,0,0,1.0,Complex,196,60,True
H1,m84137_260214_004236_s1/154670271/ccs,0,8,2,3,0,3,0,0,1.0,Complex,196,60,True
H1,m84137_260214_004236_s1/113973116/ccs,0,8,2,3,0,3,0,0,1.0,Complex,196,60,True
H1,m84137_260214_004236_s1/141760263/ccs,0,8,2,3,0,3,0,0,1.0,Complex,196,60,True
H1,m84137_260214_004236_s1/155128359/ccs,0,8,2,3,0,3,0,0,1.0,Complex,196,60,True
H1,m84137_260214_004236_s1/138088841/ccs,0,8,2,3,0,3,0,0,1.0,Complex,196,60,True
H1,m84137_260214_004236_s1/155914802/ccs,0,8,2,3,0,3,0,0,1.0,Complex,196,60,True
H1,m84137_260214_004236_s1/156178069/ccs,0,8,2,3,0,3,0,0,1.0,Complex,196,60,True
H1,m84137_260214_004236_s1/143135738/ccs,0,8,2,3,0,3,0,0,1.0,Complex,196,60,True
H1,m84137_260214_004236_s1/160567205/ccs,0,8,2,3,0,3,0,0,1.0,Complex,196,60,True
H1,m84137_260214_004236_s1/117248242/ccs,0,8,2,3,0,3,0,0,1.0,Complex,196,60,True
H1,m84137_260214_004236_s1/168300003/ccs,0,8,2,3,0,3,0,0,1.0,Complex,196,60,True
H1,m84137_260214_004236_s1/161877045/ccs,0,8,2,3,0,3,0,0,1.0,Complex,196,60,True
H1,m84137_260214_004236_s1/190255208/ccs,0,8,2,3,0,3,0,0,1.0,Complex,196,60,True
H1,m84137_260214_004236_s1/190911162/ccs,0,8,2,3,0,3,0,0,1.0,Complex,196,60,True
H1,m84137_260214_004236_s1/166728530/ccs,0,8,2,3,0,3,0,0,1.0,Complex,196,60,True
H1,m84137_260214_004236_s1/239406579/ccs,0,8,2,3,0,3,0,0,1.0,Complex,196,60,True
H1,m84137_260214_004236_s1/263130680/ccs,0,8,2,3,0,3,0,0,1.0,Complex,196,60,True
H1,m84137_260214_004236_s1/245503076/ccs,0,8,2,3,0,3,0,0,1.0,Complex,196,60,True
H1,m84137_260214_004236_s1/261558802/ccs,0,8,2,3,0,3,0,0,1.0,Complex,196,60,True
H1,m84137_260214_004236_s1/265556076/ccs,0,8,2,3,0,3,0,0,1.0,Complex,196,60,True
H1,m84137_260214_004236_s1/265358673/ccs,0,8,2,3,0,3,0,0,1.0,Complex,196,60,True
H1,m84137_260214_004236_s1/246158065/ccs,0,8,2,3,0,3,0,0,1.0,Complex,196,60,True
H1,m84137_260214_004236_s1/250482185/ccs,0,8,2,3,0,3,0,0,1.0,Complex,196,60,True
H1,m84137_260214_004236_s1/250156952/ccs,0,8,2,3,0,3,0,0,1.0,Complex,196,60,True
H1,m84137_260214_004236_s1/124781559/ccs,0,8,2,3,0,3,0,0,1.0,Complex,196,60,True
H1,m84137_260214_004236_s1/144769341/ccs,0,8,2,3,0,3,0,0,1.0,Complex,196,60,True
H1,m84137_260214_004236_s1/190841355/ccs,0,8,2,3,0,3,0,0,1.0,Complex,196,60,True
H1,m84137_260214_004236_s1/226887040/ccs,0,8,2,3,0,3,0,0,1.0,Complex,196,60,True
H1,m84137_260214_004236_s1/260309096/ccs,0,8,2,3,0,3,0,0,1.0,Complex,196,60,True
H1,m84137_260214_004236_s1/250611437/ccs,0,8,2,3,0,3,0,0,1.0,Complex,196,60,True
H1,m84137_260214_004236_s1/9311473/ccs,0,8,2,3,0,3,0,0,1.0,Complex,196,60,True
H1,m84137_260214_004236_s1/95162652/ccs,0,8,2,3,0,3,0,0,1.0,Complex,196,60,True
H1,m84137_260214_004236_s1/106564610/ccs,0,8,2,3,0,3,0,0,1.0,Complex,196,60,True
H1,m84137_260214_004236_s1/122688928/ccs,0,8,2,3,0,3,0,0,1.0,Complex,196,60,True
H1,m84137_260214_004236_s1/163125055/ccs,0,8,2,3,0,3,0,0,1.0,Complex,196,60,True
H1,m84137_260214_004236_s1/190518959/ccs,0,8,2,3,0,3,0,0,1.0,Complex,196,60,True
H1,m84137_260214_004236_s1/196482178/ccs,0,8,2,3,0,3,0,0,1.0,Complex,196,60,True
H1,m84137_260214_004236_s1/233508697/ccs,0,8,2,3,0,3,0,0,1.0,Complex,196,60,True
H1,m84137_260214_004236_s1/234818873/ccs,0,8,2,3,0,3,0,0,1.0,Complex,196,60,True
H1,m84137_260214_004236_s1/266342535/ccs,0,8,2,3,0,3,0,0,1.0,Complex,196,60,True
H1,m84137_260214_004236_s1/54855306/ccs,0,8,2,3,0,3,0,0,1.0,Complex,196,60,True
H1,m84137_260214_004236_s1/96732492/ccs,0,8,2,3,0,3,0,0,1.0,Complex,196,60,True
H1,m84137_260214_004236_s1/164563252/ccs,0,8,2,3,0,3,0,0,1.0,Complex,196,60,True
H1,m84137_260214_004236_s1/200672439/ccs,0,8,2,3,0,3,0,0,1.0,Complex,196,60,True
H1,m84137_260214_004236_s1/263652267/ccs,0,8,2,3,0,3,0,0,1.0,Complex,196,60,True
H1,m84137_260214_004236_s1/191762065/ccs,0,8,2,3,0,3,0,0,1.0,Complex,196,60,True
H1,m84137_260214_004236_s1/167120819/ccs,0,8,2,3,0,3,0,0,1.0,Complex,196,60,True
H1,m84137_260214_004236_s1/189075745/ccs,0,8,2,3,0,3,0,0,1.0,Complex,196,60,True
H1,m84137_260214_004236_s1/171446534/ccs,0,8,2,3,0,3,0,0,1.0,Complex,196,60,True
H1,m84137_260214_004236_s1/195826676/ccs,0,8,2,3,0,3,0,0,1.0,Complex,196,60,True
H1,m84137_260214_004236_s1/177606042/ccs,0,8,2,3,0,3,0,0,1.0,Complex,196,60,True
H1,m84137_260214_004236_s1/172102857/ccs,0,8,2,3,0,3,0,0,1.0,Complex,196,60,True
H1,m84137_260214_004236_s1/218500340/ccs,0,8,2,3,0,3,0,0,1.0,Complex,196,60,True
H1,m84137_260214_004236_s1/196809589/ccs,0,8,2,3,0,3,0,0,1.0,Complex,196,60,True
H1,m84137_260214_004236_s1/150802876/ccs,0,8,2,3,0,3,0,0,1.0,Complex,196,60,True
H1,m84137_260214_004236_s1/195499807/ccs,0,8,2,3,0,3,0,0,1.0,Complex,196,60,True
H1,m84137_260214_004236_s1/207557588/ccs,0,8,2,3,0,3,0,0,1.0,Complex,196,60,True
H1,m84137_260214_004236_s1/202184035/ccs,0,8,2,3,0,3,0,0,1.0,Complex,196,60,True
H1,m84137_260214_004236_s1/179704098/ccs,0,8,2,3,0,3,0,0,1.0,Complex,196,60,True
H1,m84137_260214_004236_s1/179965084/ccs,0,8,2,3,0,3,0,0,1.0,Complex,196,60,True
H1,m84137_260214_004236_s1/221319801/ccs,0,8,2,3,0,3,0,0,1.0,Complex,196,60,True
H1,m84137_260214_004236_s1/203364238/ccs,0,8,2,3,0,3,0,0,1.0,Complex,196,60,True
H1,m84137_260214_004236_s1/199626667/ccs,0,8,2,3,0,3,0,0,1.0,Complex,196,60,True
H1,m84137_260214_004236_s1/181537958/ccs,0,8,2,3,0,3,0,0,1.0,Complex,196,60,True
H1,m84137_260214_004236_s1/199890588/ccs,0,8,2,3,0,3,0,0,1.0,Complex,196,60,True
H1,m84137_260214_004236_s1/222957988/ccs,0,8,2,3,0,3,0,0,1.0,Complex,196,60,True
H1,m84137_260214_004236_s1/181735423/ccs,0,8,2,3,0,3,0,0,1.0,Complex,196,60,True
H1,m84137_260214_004236_s1/210703896/ccs,0,8,2,3,0,3,0,0,1.0,Complex,196,60,True
H1,m84137_260214_004236_s1/226038205/ccs,0,8,2,3,0,3,0,0,1.0,Complex,196,60,True
H1,m84137_260214_004236_s1/182521769/ccs,0,8,2,3,0,3,0,0,1.0,Complex,196,60,True
H1,m84137_260214_004236_s1/226760531/ccs,0,8,2,3,0,3,0,0,1.0,Complex,196,60,True
H1,m84137_260214_004236_s1/253432359/ccs,0,8,2,3,0,3,0,0,1.0,Complex,196,60,True
H1,m84137_260214_004236_s1/212996126/ccs,0,8,2,3,0,3,0,0,1.0,Complex,196,60,True
H1,m84137_260214_004236_s1/232525791/ccs,0,8,2,3,0,3,0,0,1.0,Complex,196,60,True
H1,m84137_260214_004236_s1/258282854/ccs,0,8,2,3,0,3,0,0,1.0,Complex,196,60,True
H1,m84137_260214_004236_s1/232918730/ccs,0,8,2,3,0,3,0,0,1.0,Complex,196,60,True
H1,m84137_260214_004236_s1/255921659/ccs,0,8,2,3,0,3,0,0,1.0,Complex,196,60,True
H1,m84137_260214_004236_s1/259987145/ccs,0,8,2,3,0,3,0,0,1.0,Complex,196,60,True
H1,m84137_260214_004236_s1/31461567/ccs,0,8,2,3,0,3,0,0,1.0,Complex,196,60,True
H1,m84137_260214_004236_s1/31527429/ccs,0,8,2,3,0,3,0,0,1.0,Complex,196,60,True
H1,m84137_260214_004236_s1/55906818/ccs,0,8,2,3,0,3,0,0,1.0,Complex,196,60,True
H1,m84137_260214_004236_s1/32052284/ccs,0,8,2,3,0,3,0,0,1.0,Complex,196,60,True
H1,m84137_260214_004236_s1/32116696/ccs,0,8,2,3,0,3,0,0,1.0,Complex,196,60,True
H1,m84137_260214_004236_s1/36704742/ccs,0,8,2,3,0,3,0,0,1.0,Complex,196,60,True
H1,m84137_260214_004236_s1/37031977/ccs,0,8,2,3,0,3,0,0,1.0,Complex,196,60,True
H1,m84137_260214_004236_s1/13111800/ccs,0,8,2,3,0,3,0,0,1.0,Complex,196,60,True
H1,m84137_260214_004236_s1/53548304/ccs,0,8,2,3,0,3,0,0,1.0,Complex,196,60,True
H1,m84137_260214_004236_s1/53482402/ccs,0,8,2,3,0,3,0,0,1.0,Complex,196,60,True
H1,m84137_260214_004236_s1/40178670/ccs,0,8,2,3,0,3,0,0,1.0,Complex,196,60,True
H1,m84137_260214_004236_s1/13766694/ccs,0,8,2,3,0,3,0,0,1.0,Complex,196,60,True
H1,m84137_260214_004236_s1/57087810/ccs,0,8,2,3,0,3,0,0,1.0,Complex,196,60,True
H1,m84137_260214_004236_s1/14553872/ccs,0,8,2,3,0,3,0,0,1.0,Complex,196,60,True
H1,m84137_260214_004236_s1/62132517/ccs,0,8,2,3,0,3,0,0,1.0,Complex,196,60,True
H1,m84137_260214_004236_s1/67178341/ccs,0,8,2,3,0,3,0,0,1.0,Complex,196,60,True
H1,m84137_260214_004236_s1/62590980/ccs,0,8,2,3,0,3,0,0,1.0,Complex,196,60,True
H1,m84137_260214_004236_s1/68422957/ccs,0,8,2,3,0,3,0,0,1.0,Complex,196,60,True
H1,m84137_260214_004236_s1/84413803/ccs,0,8,2,3,0,3,0,0,1.0,Complex,196,60,True
H1,m84137_260214_004236_s1/68882203/ccs,0,8,2,3,0,3,0,0,1.0,Complex,196,60,True
H1,m84137_260214_004236_s1/59773491/ccs,0,8,2,3,0,3,0,0,1.0,Complex,196,60,True
H1,m84137_260214_004236_s1/84808884/ccs,0,8,2,3,0,3,0,0,1.0,Complex,196,60,True
H1,m84137_260214_004236_s1/64885008/ccs,0,8,2,3,0,3,0,0,1.0,Complex,196,60,True
H1,m84137_260214_004236_s1/60493234/ccs,0,8,2,3,0,3,0,0,1.0,Complex,196,60,True
H1,m84137_260214_004236_s1/69997805/ccs,0,8,2,3,0,3,0,0,1.0,Complex,196,60,True
H1,m84137_260214_004236_s1/73996107/ccs,0,8,2,3,0,3,0,0,1.0,Complex,196,60,True
H1,m84137_260214_004236_s1/71962759/ccs,0,8,2,3,0,3,0,0,1.0,Complex,196,60,True
H1,m84137_260214_004236_s1/90508437/ccs,0,8,2,3,0,3,0,0,1.0,Complex,196,60,True
H1,m84137_260214_004236_s1/96539124/ccs,0,8,2,3,0,3,0,0,1.0,Complex,196,60,True
H1,m84137_260214_004236_s1/117446295/ccs,0,8,2,3,0,3,0,0,1.0,Complex,196,60,True
H1,m84137_260214_004236_s1/49812113/ccs,0,8,2,3,0,3,0,0,1.0,Complex,196,60,True
H1,m84137_260214_004236_s1/118297621/ccs,0,8,2,3,0,3,0,0,1.0,Complex,196,60,True
H1,m84137_260214_004236_s1/201853927/ccs,0,8,2,3,0,3,0,0,1.0,Complex,196,60,True
H1,m84137_260214_004236_s1/44696524/ccs,0,8,2,3,0,3,0,0,1.0,Complex,196,60,True
H1,m84137_260214_004236_s1/170133632/ccs,0,8,2,3,0,3,0,0,1.0,Complex,196,60,True
H1,m84137_260214_004236_s1/16910179/ccs,0,8,2,3,0,3,0,0,1.0,Complex,196,60,True
H1,m84137_260214_004236_s1/23593179/ccs,0,8,2,3,0,3,0,0,1.0,Complex,196,60,True
H1,m84137_260214_004236_s1/30410168/ccs,0,8,2,3,0,3,0,0,1.0,Complex,196,60,True
H1,m84137_260214_004236_s1/49547517/ccs,0,8,2,3,0,3,0,0,1.0,Complex,196,60,True
H1,m84137_260214_004236_s1/66980851/ccs,0,8,2,3,0,3,0,0,1.0,Complex,196,60,True
H1,m84137_260214_004236_s1/97323572/ccs,0,8,2,3,0,3,0,0,1.0,Complex,196,60,True
H1,m84137_260214_004236_s1/105448384/ccs,0,8,2,3,0,3,0,0,1.0,Complex,196,60,True
H1,m84137_260214_004236_s1/106104058/ccs,0,8,2,3,0,3,0,0,1.0,Complex,196,60,True
H1,m84137_260214_004236_s1/137102432/ccs,0,8,2,3,0,3,0,0,1.0,Complex,196,60,True
H1,m84137_260214_004236_s1/154207151/ccs,0,8,2,3,0,3,0,0,1.0,Complex,196,60,True
H1,m84137_260214_004236_s1/161743359/ccs,0,8,2,3,0,3,0,0,1.0,Complex,196,60,True
H1,m84137_260214_004236_s1/228131798/ccs,0,8,2,3,0,3,0,0,1.0,Complex,196,60,True
H1,m84137_260214_004236_s1/140643188/ccs,0,8,2,3,0,3,0,0,1.0,Complex,196,60,True
H1,m84137_260214_004236_s1/133630173/ccs,0,8,2,3,0,3,0,0,1.0,Complex,196,60,True
H1,m84137_260214_004236_s1/199299473/ccs,0,8,2,3,0,3,0,0,1.0,Complex,196,60,True
H1,m84137_260214_004236_s1/66783704/ccs,0,8,2,3,0,3,0,0,1.0,Complex,196,60,True
H1,m84137_260214_004236_s1/60231824/ccs,0,8,2,3,0,3,0,0,1.0,Complex,196,60,True
H1,m84137_260214_004236_s1/205129202/ccs,0,8,2,3,0,3,0,0,1.0,Complex,196,60,True
H1,m84137_260214_004236_s1/244581958/ccs,0,8,2,3,0,3,0,0,1.0,Complex,196,60,True
H1,m84137_260214_004236_s1/56825657/ccs,0,8,2,3,0,3,0,0,1.0,Complex,196,60,True
H1,m84137_260214_004236_s1/79891480/ccs,0,8,2,3,0,3,0,0,1.0,Complex,196,60,True
H1,m84137_260214_004236_s1/153289480/ccs,0,8,2,3,0,3,0,0,1.0,Complex,196,60,True
H1,m84137_260214_004236_s1/161678238/ccs,0,8,2,3,0,3,0,0,1.0,Complex,196,60,True
H1,m84137_260214_004236_s1/249367962/ccs,0,8,2,3,0,3,0,0,1.0,Complex,196,60,True
H1,m84137_260214_004236_s1/126094046/ccs,0,8,2,3,0,3,0,0,1.0,Complex,196,60,True
H1,m84137_260214_004236_s1/15929449/ccs,0,8,2,5,0,3,1,0,1.0,Complex,196,60,True
H1,m84137_260214_004236_s1/225902956/ccs,0,8,2,3,0,3,0,0,1.0,Complex,196,60,True
H1,m84137_260214_004236_s1/9241905/ccs,0,8,2,3,0,3,0,0,1.0,Complex,196,60,True
H1,m84137_260214_004236_s1/198249210/ccs,0,8,2,3,0,3,0,0,1.0,Complex,196,60,True
H1,m84137_260214_004236_s1/177670299/ccs,0,8,2,3,0,3,0,0,1.0,Complex,196,60,True
H1,m84137_260214_004236_s1/177864891/ccs,0,8,2,3,0,3,0,0,1.0,Complex,196,60,True
H1,m84137_260214_004236_s1/178061909/ccs,0,8,2,3,0,3,0,0,1.0,Complex,196,60,True
H1,m84137_260214_004236_s1/198772299/ccs,0,8,2,3,0,3,0,0,1.0,Complex,196,60,True
H1,m84137_260214_004236_s1/198969476/ccs,0,8,2,3,0,3,0,0,1.0,Complex,196,60,True
H1,m84137_260214_004236_s1/181340457/ccs,0,8,2,3,0,3,0,0,1.0,Complex,196,60,True
H1,m84137_260214_004236_s1/199690029/ccs,0,8,2,3,0,3,0,0,1.0,Complex,196,60,True
H1,m84137_260214_004236_s1/199952717/ccs,0,8,2,3,0,3,0,0,1.0,Complex,196,60,True
H1,m84137_260214_004236_s1/200148862/ccs,0,8,2,3,0,3,0,0,1.0,Complex,196,60,True
H1,m84137_260214_004236_s1/203096133/ccs,0,8,2,3,0,3,0,0,1.0,Complex,196,60,True
H1,m84137_260214_004236_s1/224528960/ccs,0,8,2,3,0,3,0,0,1.0,Complex,196,60,True
H1,m84137_260214_004236_s1/224791135/ccs,0,8,2,3,0,3,0,0,1.0,Complex,196,60,True
H1,m84137_260214_004236_s1/222429940/ccs,0,8,2,3,0,3,0,0,1.0,Complex,196,60,True
H1,m84137_260214_004236_s1/209259295/ccs,0,8,2,3,0,3,0,0,1.0,Complex,196,60,True
H1,m84137_260214_004236_s1/230163898/ccs,0,8,2,3,0,3,0,0,1.0,Complex,196,60,True
H1,m84137_260214_004236_s1/212730335/ccs,0,8,2,3,0,3,0,0,1.0,Complex,196,60,True
H1,m84137_260214_004236_s1/211616451/ccs,0,8,2,3,0,3,0,0,1.0,Complex,196,60,True
H1,m84137_260214_004236_s1/212009804/ccs,0,8,2,3,0,3,0,0,1.0,Complex,196,60,True
H1,m84137_260214_004236_s1/212009198/ccs,0,8,2,3,0,3,0,0,1.0,Complex,196,60,True
H1,m84137_260214_004236_s1/252446150/ccs,0,8,2,3,0,3,0,0,1.0,Complex,196,60,True
H1,m84137_260214_004236_s1/252512869/ccs,0,8,2,3,0,3,0,0,1.0,Complex,196,60,True
H1,m84137_260214_004236_s1/252644088/ccs,0,8,2,3,0,3,0,0,1.0,Complex,196,60,True
H1,m84137_260214_004236_s1/214041477/ccs,0,8,2,3,0,3,0,0,1.0,Complex,196,60,True
H1,m84137_260214_004236_s1/234882982/ccs,0,8,2,3,0,3,0,0,1.0,Complex,196,60,True
H1,m84137_260214_004236_s1/232852463/ccs,0,8,2,3,0,3,0,0,1.0,Complex,196,60,True
H1,m84137_260214_004236_s1/215288607/ccs,0,8,2,3,0,3,0,0,1.0,Complex,196,60,True
H1,m84137_260214_004236_s1/215616085/ccs,0,8,2,3,0,3,0,0,1.0,Complex,196,60,True
H1,m84137_260214_004236_s1/233440226/ccs,0,8,2,3,0,3,0,0,1.0,Complex,196,60,True
H1,m84137_260214_004236_s1/233505870/ccs,0,8,2,3,0,3,0,0,1.0,Complex,196,60,True
H1,m84137_260214_004236_s1/61538952/ccs,0,8,2,3,0,3,0,0,1.0,Complex,196,60,True
H1,m84137_260214_004236_s1/61604746/ccs,0,8,2,3,0,3,0,0,1.0,Complex,196,60,True
H1,m84137_260214_004236_s1/61540713/ccs,0,8,2,3,0,3,0,0,1.0,Complex,196,60,True
H1,m84137_260214_004236_s1/57804075/ccs,0,8,2,3,0,3,0,0,1.0,Complex,196,60,True
H1,m84137_260214_004236_s1/40110326/ccs,0,8,2,3,0,3,0,0,1.0,Complex,196,60,True
H1,m84137_260214_004236_s1/45090018/ccs,0,8,2,3,0,3,0,0,1.0,Complex,196,60,True
H1,m84137_260214_004236_s1/57870765/ccs,0,8,2,3,0,3,0,0,1.0,Complex,196,60,True
H1,m84137_260214_004236_s1/36308708/ccs,0,8,2,3,0,3,0,0,1.0,Complex,196,60,True
H1,m84137_260214_004236_s1/36767556/ccs,0,8,2,3,0,3,0,0,1.0,Complex,196,60,True
H1,m84137_260214_004236_s1/36963341/ccs,0,8,2,3,0,3,0,0,1.0,Complex,196,60,True
H1,m84137_260214_004236_s1/36833820/ccs,0,8,2,3,0,3,0,0,1.0,Complex,196,60,True
H1,m84137_260214_004236_s1/59179866/ccs,0,8,2,3,0,3,0,0,1.0,Complex,196,60,True
H1,m84137_260214_004236_s1/59443895/ccs,0,8,2,3,0,3,0,0,1.0,Complex,196,60,True
H1,m84137_260214_004236_s1/38144136/ccs,0,8,2,3,0,3,0,0,1.0,Complex,196,60,True
H1,m84137_260214_004236_s1/46402201/ccs,0,8,2,3,0,3,0,0,1.0,Complex,196,60,True
H1,m84137_260214_004236_s1/46926765/ccs,0,8,2,3,0,3,0,0,1.0,Complex,196,60,True
H1,m84137_260214_004236_s1/46991593/ccs,0,8,2,3,0,3,0,0,1.0,Complex,196,60,True
H1,m84137_260214_004236_s1/38535951/ccs,0,8,2,3,0,3,0,0,1.0,Complex,196,60,True
H1,m84137_260214_004236_s1/47515675/ccs,0,8,2,3,0,3,0,0,1.0,Complex,196,60,True
H1,m84137_260214_004236_s1/48104584/ccs,0,8,2,3,0,3,0,0,1.0,Complex,196,60,True
H1,m84137_260214_004236_s1/68158841/ccs,0,8,2,3,0,3,0,0,1.0,Complex,196,60,True
H1,m84137_260214_004236_s1/73467996/ccs,0,8,2,3,0,3,0,0,1.0,Complex,196,60,True
H1,m84137_260214_004236_s1/74581463/ccs,0,8,2,3,0,3,0,0,1.0,Complex,196,60,True
H1,m84137_260214_004236_s1/70386206/ccs,0,8,2,3,0,3,0,0,1.0,Complex,196,60,True
H1,m84137_260214_004236_s1/85787531/ccs,0,8,2,3,0,3,0,0,1.0,Complex,196,60,True
H1,m84137_260214_004236_s1/85853170/ccs,0,8,2,3,0,3,0,0,1.0,Complex,196,60,True
H1,m84137_260214_004236_s1/85852725/ccs,0,8,2,3,0,3,0,0,1.0,Complex,196,60,True
H1,m84137_260214_004236_s1/100925589/ccs,0,8,2,3,0,3,0,0,1.0,Complex,196,60,True
H1,m84137_260214_004236_s1/80676749/ccs,0,8,2,3,0,3,0,0,1.0,Complex,196,60,True
H1,m84137_260214_004236_s1/77006182/ccs,0,8,2,3,0,3,0,0,1.0,Complex,196,60,True
H1,m84137_260214_004236_s1/98437206/ccs,0,8,2,3,0,3,0,0,1.0,Complex,196,60,True
H1,m84137_260214_004236_s1/101387040/ccs,0,8,2,3,0,3,0,0,1.0,Complex,196,60,True
H1,m84137_260214_004236_s1/152439646/ccs,0,8,2,3,0,3,0,0,1.0,Complex,196,60,True
H1,m84137_260214_004236_s1/21957030/ccs,0,8,2,5,0,3,1,0,1.0,Complex,196,60,True
H1,m84137_260214_004236_s1/79036819/ccs,0,8,2,3,0,3,0,0,1.0,Complex,196,60,True
H1,m84137_260214_004236_s1/234621391/ccs,0,8,2,3,0,3,0,0,1.0,Complex,196,60,True
H1,m84137_260214_004236_s1/241829957/ccs,0,8,2,3,0,3,0,0,1.0,Complex,196,60,True
H1,m84137_260214_004236_s1/258934206/ccs,0,8,2,3,0,3,0,0,1.0,Complex,196,60,True
H1,m84137_260214_004236_s1/216925743/ccs,0,8,2,3,0,3,0,0,1.0,Complex,196,60,True
H1,m84137_260214_004236_s1/237503845/ccs,0,8,2,3,0,3,0,0,1.0,Complex,196,60,True
H1,m84137_260214_004236_s1/237503308/ccs,0,8,2,3,0,3,0,0,1.0,Complex,196,60,True
H1,m84137_260214_004236_s1/242354017/ccs,0,8,2,3,0,3,0,0,1.0,Complex,196,60,True
H1,m84137_260214_004236_s1/256181609/ccs,0,8,2,3,0,3,0,0,1.0,Complex,196,60,True
H1,m84137_260214_004236_s1/237897225/ccs,0,8,2,3,0,3,0,0,1.0,Complex,196,60,True
H1,m84137_260214_004236_s1/259459509/ccs,0,8,2,3,0,3,0,0,1.0,Complex,196,60,True
H1,m84137_260214_004236_s1/259853138/ccs,0,8,2,3,0,3,0,0,1.0,Complex,196,60,True
H1,m84137_260214_004236_s1/243598096/ccs,0,8,2,3,0,3,0,0,1.0,Complex,196,60,True
H1,m84137_260214_004236_s1/246548395/ccs,0,8,2,3,0,3,0,0,1.0,Complex,196,60,True
H1,m84137_260214_004236_s1/17109188/ccs,0,8,2,3,0,3,0,0,1.0,Complex,196,60,True
H1,m84137_260214_004236_s1/261488809/ccs,0,8,2,3,0,3,0,0,1.0,Complex,196,60,True
H1,m84137_260214_004236_s1/17764623/ccs,0,8,2,3,0,3,0,0,1.0,Complex,196,60,True
H1,m84137_260214_004236_s1/240191976/ccs,0,8,2,3,0,3,0,0,1.0,Complex,196,60,True
H1,m84137_260214_004236_s1/248580096/ccs,0,8,2,3,0,3,0,0,1.0,Complex,196,60,True
H1,m84137_260214_004236_s1/266930873/ccs,0,8,2,3,0,3,0,0,1.0,Complex,196,60,True
H1,m84137_260214_004236_s1/249890025/ccs,0,8,2,3,0,3,0,0,1.0,Complex,196,60,True
H1,m84137_260214_004236_s1/4723676/ccs,0,8,2,3,0,3,0,0,1.0,Complex,196,60,True
H1,m84137_260214_004236_s1/24515420/ccs,0,8,2,3,0,3,0,0,1.0,Complex,196,60,True
H1,m84137_260214_004236_s1/5510336/ccs,0,8,2,3,0,3,0,0,1.0,Complex,196,60,True
H1,m84137_260214_004236_s1/5509247/ccs,0,8,2,3,0,3,0,0,1.0,Complex,196,60,True
H1,m84137_260214_004236_s1/251594600/ccs,0,8,2,3,0,3,0,0,1.0,Complex,196,60,True
H1,m84137_260214_004236_s1/26217915/ccs,0,8,2,3,0,3,0,0,1.0,Complex,196,60,True
H1,m84137_260214_004236_s1/34803267/ccs,0,8,2,3,0,3,0,0,1.0,Complex,196,60,True
H1,m84137_260214_004236_s1/35329583/ccs,0,8,2,3,0,3,0,0,1.0,Complex,196,60,True
H1,m84137_260214_004236_s1/11930851/ccs,0,8,2,3,0,3,0,0,1.0,Complex,196,60,True
H1,m84137_260214_004236_s1/9965531/ccs,0,8,2,3,0,3,0,0,1.0,Complex,196,60,True
H1,m84137_260214_004236_s1/27856779/ccs,0,8,2,3,0,3,0,0,1.0,Complex,196,60,True
H1,m84137_260214_004236_s1/101779020/ccs,0,8,2,3,0,3,0,0,1.0,Complex,196,60,True
H1,m84137_260214_004236_s1/102041834/ccs,0,8,2,3,0,3,0,0,1.0,Complex,196,60,True
H1,m84137_260214_004236_s1/82052848/ccs,0,8,2,3,0,3,0,0,1.0,Complex,196,60,True
H1,m84137_260214_004236_s1/106629738/ccs,0,8,2,3,0,3,0,0,1.0,Complex,196,60,True
H1,m84137_260214_004236_s1/102564061/ccs,0,8,2,3,0,3,0,0,1.0,Complex,196,60,True
H1,m84137_260214_004236_s1/106693381/ccs,0,8,2,3,0,3,0,0,1.0,Complex,196,60,True
H1,m84137_260214_004236_s1/119013917/ccs,0,8,2,3,0,3,0,0,1.0,Complex,196,60,True
H1,m84137_260214_004236_s1/100468722/ccs,0,8,2,3,0,3,0,0,1.0,Complex,196,60,True
H1,m84137_260214_004236_s1/107743886/ccs,0,8,2,3,0,3,0,0,1.0,Complex,196,60,True
H1,m84137_260214_004236_s1/107675905/ccs,0,8,2,3,0,3,0,0,1.0,Complex,196,60,True
H1,m84137_260214_004236_s1/124388659/ccs,0,8,2,3,0,3,0,0,1.0,Complex,196,60,True
H1,m84137_260214_004236_s1/112001235/ccs,0,8,2,3,0,3,0,0,1.0,Complex,196,60,True
H1,m84137_260214_004236_s1/124715656/ccs,0,8,2,3,0,3,0,0,1.0,Complex,196,60,True
H1,m84137_260214_004236_s1/119933467/ccs,0,8,2,3,0,3,0,0,1.0,Complex,196,60,True
H1,m84137_260214_004236_s1/125371580/ccs,0,8,2,3,0,3,0,0,1.0,Complex,196,60,True
H1,m84137_260214_004236_s1/104203298/ccs,0,8,2,3,0,3,0,0,1.0,Complex,196,60,True
H1,m84137_260214_004236_s1/112789509/ccs,0,8,2,3,0,3,0,0,1.0,Complex,196,60,True
H1,m84137_260214_004236_s1/129827407/ccs,0,8,2,3,0,3,0,0,1.0,Complex,196,60,True
H1,m84137_260214_004236_s1/105450104/ccs,0,8,2,3,0,3,0,0,1.0,Complex,196,60,True
H1,m84137_260214_004236_s1/130549083/ccs,0,8,2,3,0,3,0,0,1.0,Complex,196,60,True
H1,m84137_260214_004236_s1/130681523/ccs,0,8,2,3,0,3,0,0,1.0,Complex,196,60,True
H1,m84137_260214_004236_s1/122489264/ccs,0,8,2,3,0,3,0,0,1.0,Complex,196,60,True
H1,m84137_260214_004236_s1/122487559/ccs,0,8,2,3,0,3,0,0,1.0,Complex,196,60,True
H1,m84137_260214_004236_s1/126945532/ccs,0,8,2,3,0,3,0,0,1.0,Complex,196,60,True
H1,m84137_260214_004236_s1/127536053/ccs,0,8,2,3,0,3,0,0,1.0,Complex,196,60,True
H1,m84137_260214_004236_s1/111478506/ccs,0,8,2,3,0,3,0,0,1.0,Complex,196,60,True
H1,m84137_260214_004236_s1/131599055/ccs,0,8,2,3,0,3,0,0,1.0,Complex,196,60,True
H1,m84137_260214_004236_s1/128060313/ccs,0,8,2,3,0,3,0,0,1.0,Complex,196,60,True
H1,m84137_260214_004236_s1/128385670/ccs,0,8,2,3,0,3,0,0,1.0,Complex,196,60,True
H1,m84137_260214_004236_s1/156763910/ccs,0,8,2,3,0,3,0,0,1.0,Complex,196,60,True
H1,m84137_260214_004236_s1/140052475/ccs,0,8,2,3,0,3,0,0,1.0,Complex,196,60,True
H1,m84137_260214_004236_s1/140182602/ccs,0,8,2,3,0,3,0,0,1.0,Complex,196,60,True
H1,m84137_260214_004236_s1/28248343/ccs,0,8,2,3,0,3,0,0,1.0,Complex,196,60,True
H1,m84137_260214_004236_s1/6425274/ccs,0,8,2,3,0,3,0,0,1.0,Complex,196,60,True
H1,m84137_260214_004236_s1/29688682/ccs,0,8,2,3,0,3,0,0,1.0,Complex,196,60,True
H1,m84137_260214_004236_s1/24118059/ccs,0,8,2,3,0,3,0,0,1.0,Complex,196,60,True
H1,m84137_260214_004236_s1/19071120/ccs,0,8,2,3,0,3,0,0,1.0,Complex,196,60,True
H1,m84137_260214_004236_s1/8126673/ccs,0,8,2,3,0,3,0,0,1.0,Complex,196,60,True
H1,m84137_260214_004236_s1/30278114/ccs,0,8,2,3,0,3,0,0,1.0,Complex,196,60,True
H1,m84137_260214_004236_s1/13502346/ccs,0,8,2,3,0,3,0,0,1.0,Complex,196,60,True
H1,m84137_260214_004236_s1/30149138/ccs,0,8,2,3,0,3,0,0,1.0,Complex,196,60,True
H1,m84137_260214_004236_s1/8913423/ccs,0,8,2,3,0,3,0,0,1.0,Complex,196,60,True
H1,m84137_260214_004236_s1/14158621/ccs,0,8,2,3,0,3,0,0,1.0,Complex,196,60,True
H1,m84137_260214_004236_s1/20645192/ccs,0,8,2,3,0,3,0,0,1.0,Complex,196,60,True
H1,m84137_260214_004236_s1/14156339/ccs,0,8,2,3,0,3,0,0,1.0,Complex,196,60,True
H1,m84137_260214_004236_s1/9177419/ccs,0,8,2,3,0,3,0,0,1.0,Complex,196,60,True
H1,m84137_260214_004236_s1/9503311/ccs,0,8,2,3,0,3,0,0,1.0,Complex,196,60,True
H1,m84137_260214_004236_s1/9568431/ccs,0,8,2,3,0,3,0,0,1.0,Complex,196,60,True
H1,m84137_260214_004236_s1/20908109/ccs,0,8,2,3,0,3,0,0,1.0,Complex,196,60,True
H1,m84137_260214_004236_s1/20906167/ccs,0,8,2,3,0,3,0,0,1.0,Complex,196,60,True
H1,m84137_260214_004236_s1/9765048/ccs,0,8,2,3,0,3,0,0,1.0,Complex,196,60,True
H1,m84137_260214_004236_s1/27068951/ccs,0,8,2,3,0,3,0,0,1.0,Complex,196,60,True
H1,m84137_260214_004236_s1/33950379/ccs,0,8,2,3,0,3,0,0,1.0,Complex,196,60,True
H1,m84137_260214_004236_s1/15009833/ccs,0,8,2,3,0,3,0,0,1.0,Complex,196,60,True
H1,m84137_260214_004236_s1/32047399/ccs,0,8,2,3,0,3,0,0,1.0,Complex,196,60,True
H1,m84137_260214_004236_s1/32048501/ccs,0,8,2,3,0,3,0,0,1.0,Complex,196,60,True
H1,m84137_260214_004236_s1/10880863/ccs,0,8,2,3,0,3,0,0,1.0,Complex,196,60,True
H1,m84137_260214_004236_s1/34933524/ccs,0,8,2,3,0,3,0,0,1.0,Complex,196,60,True
H1,m84137_260214_004236_s1/56428858/ccs,0,8,2,3,0,3,0,0,1.0,Complex,196,60,True
H1,m84137_260214_004236_s1/15862267/ccs,0,8,2,3,0,3,0,0,1.0,Complex,196,60,True
H1,m84137_260214_004236_s1/56951396/ccs,0,8,2,3,0,3,0,0,1.0,Complex,196,60,True
H1,m84137_260214_004236_s1/56820427/ccs,0,8,2,3,0,3,0,0,1.0,Complex,196,60,True
H1,m84137_260214_004236_s1/35719231/ccs,0,8,2,3,0,3,0,0,1.0,Complex,196,60,True
H1,m84137_260214_004236_s1/36176845/ccs,0,8,2,3,0,3,0,0,1.0,Complex,196,60,True
H1,m84137_260214_004236_s1/58264518/ccs,0,8,2,3,0,3,0,0,1.0,Complex,196,60,True
H1,m84137_260214_004236_s1/53346818/ccs,0,8,2,3,0,3,0,0,1.0,Complex,196,60,True
H1,m84137_260214_004236_s1/53545301/ccs,0,8,2,3,0,3,0,0,1.0,Complex,196,60,True
H1,m84137_260214_004236_s1/42535377/ccs,0,8,2,3,0,3,0,0,1.0,Complex,196,60,True
H1,m84137_260214_004236_s1/60295964/ccs,0,8,2,3,0,3,0,0,1.0,Complex,196,60,True
H1,m84137_260214_004236_s1/47645690/ccs,0,8,2,3,0,3,0,0,1.0,Complex,196,60,True
H1,m84137_260214_004236_s1/60951536/ccs,0,8,2,3,0,3,0,0,1.0,Complex,196,60,True
H1,m84137_260214_004236_s1/67307008/ccs,0,8,2,3,0,3,0,0,1.0,Complex,196,60,True
H1,m84137_260214_004236_s1/47974954/ccs,0,8,2,3,0,3,0,0,1.0,Complex,196,60,True
H1,m84137_260214_004236_s1/61213648/ccs,0,8,2,3,0,3,0,0,1.0,Complex,196,60,True
H1,m84137_260214_004236_s1/44041471/ccs,0,8,2,3,0,3,0,0,1.0,Complex,196,60,True
H1,m84137_260214_004236_s1/89589438/ccs,0,8,2,3,0,3,0,0,1.0,Complex,196,60,True
H1,m84137_260214_004236_s1/89655899/ccs,0,8,2,3,0,3,0,0,1.0,Complex,196,60,True
H1,m84137_260214_004236_s1/44501593/ccs,0,8,2,3,0,3,0,0,1.0,Complex,196,60,True
H1,m84137_260214_004236_s1/73203851/ccs,0,8,2,3,0,3,0,0,1.0,Complex,196,60,True
H1,m84137_260214_004236_s1/65536240/ccs,0,8,2,3,0,3,0,0,1.0,Complex,196,60,True
H1,m84137_260214_004236_s1/69076737/ccs,0,8,2,3,0,3,0,0,1.0,Complex,196,60,True
H1,m84137_260214_004236_s1/123733042/ccs,0,8,2,3,0,3,0,0,1.0,Complex,196,60,True
H1,m84137_260214_004236_s1/123996892/ccs,0,8,2,3,0,3,0,0,1.0,Complex,196,60,True
H1,m84137_260214_004236_s1/82969095/ccs,0,8,2,3,0,3,0,0,1.0,Complex,196,60,True
H1,m84137_260214_004236_s1/83232024/ccs,0,8,2,3,0,3,0,0,1.0,Complex,196,60,True
H1,m84137_260214_004236_s1/102826036/ccs,0,8,2,3,0,3,0,0,1.0,Complex,196,60,True
H1,m84137_260214_004236_s1/83755339/ccs,0,8,2,3,0,3,0,0,1.0,Complex,196,60,True
H1,m84137_260214_004236_s1/119342665/ccs,0,8,2,3,0,3,0,0,1.0,Complex,196,60,True
H1,m84137_260214_004236_s1/124521362/ccs,0,8,2,3,0,3,0,0,1.0,Complex,196,60,True
H1,m84137_260214_004236_s1/119799889/ccs,0,8,2,3,0,3,0,0,1.0,Complex,196,60,True
H1,m84137_260214_004236_s1/125435945/ccs,0,8,2,3,0,3,0,0,1.0,Complex,196,60,True
H1,m84137_260214_004236_s1/109316567/ccs,0,8,2,3,0,3,0,0,1.0,Complex,196,60,True
H1,m84137_260214_004236_s1/113115731/ccs,0,8,2,3,0,3,0,0,1.0,Complex,196,60,True
H1,m84137_260214_004236_s1/130089311/ccs,0,8,2,3,0,3,0,0,1.0,Complex,196,60,True
H1,m84137_260214_004236_s1/130220130/ccs,0,8,2,3,0,3,0,0,1.0,Complex,196,60,True
H1,m84137_260214_004236_s1/130091365/ccs,0,8,2,3,0,3,0,0,1.0,Complex,196,60,True
H1,m84137_260214_004236_s1/130090705/ccs,0,8,2,3,0,3,0,0,1.0,Complex,196,60,True
H1,m84137_260214_004236_s1/126684116/ccs,0,8,2,3,0,3,0,0,1.0,Complex,196,60,True
H1,m84137_260214_004236_s1/130547820/ccs,0,8,2,3,0,3,0,0,1.0,Complex,196,60,True
H1,m84137_260214_004236_s1/113510725/ccs,0,8,2,3,0,3,0,0,1.0,Complex,196,60,True
H1,m84137_260214_004236_s1/110953635/ccs,0,8,2,3,0,3,0,0,1.0,Complex,196,60,True
H1,m84137_260214_004236_s1/131204810/ccs,0,8,2,3,0,3,0,0,1.0,Complex,196,60,True
H1,m84137_260214_004236_s1/151325022/ccs,0,8,2,3,0,3,0,0,1.0,Complex,196,60,True
H1,m84137_260214_004236_s1/151390648/ccs,0,8,2,3,0,3,0,0,1.0,Complex,196,60,True
H1,m84137_260214_004236_s1/102437508/ccs,0,8,2,3,0,3,0,0,1.0,Complex,196,60,True
H1,m84137_260214_004236_s1/103224641/ccs,0,8,2,3,0,3,0,0,1.0,Complex,196,60,True
H1,m84137_260214_004236_s1/79236723/ccs,0,8,2,3,0,3,0,0,1.0,Complex,196,60,True
H1,m84137_260214_004236_s1/94835721/ccs,0,8,2,3,0,3,0,0,1.0,Complex,196,60,True
H1,m84137_260214_004236_s1/80220191/ccs,0,8,2,3,0,3,0,0,1.0,Complex,196,60,True
H1,m84137_260214_004236_s1/123278329/ccs,0,8,2,3,0,3,0,0,1.0,Complex,196,60,True
H1,m84137_260214_004236_s1/124194547/ccs,0,8,2,3,0,3,0,0,1.0,Complex,196,60,True
H1,m84137_260214_004236_s1/124456084/ccs,0,8,2,3,0,3,0,0,1.0,Complex,196,60,True
H1,m84137_260214_004236_s1/108596614/ccs,0,8,2,3,0,3,0,0,1.0,Complex,196,60,True
H1,m84137_260214_004236_s1/125179791/ccs,0,8,2,3,0,3,0,0,1.0,Complex,196,60,True
H1,m84137_260214_004236_s1/129832324/ccs,0,8,2,3,0,3,0,0,1.0,Complex,196,60,True
H1,m84137_260214_004236_s1/126226377/ccs,0,8,2,3,0,3,0,0,1.0,Complex,196,60,True
H1,m84137_260214_004236_s1/130157774/ccs,0,8,2,3,0,3,0,0,1.0,Complex,196,60,True
H1,m84137_260214_004236_s1/151260908/ccs,0,8,2,3,0,3,0,0,1.0,Complex,196,60,True
H1,m84137_260214_004236_s1/82908957/ccs,0,8,2,3,0,3,0,0,1.0,Complex,196,60,True
H1,m84137_260214_004236_s1/83169214/ccs,0,8,2,3,0,3,0,0,1.0,Complex,196,60,True
H1,m84137_260214_004236_s1/126554505/ccs,0,8,2,3,0,3,0,0,1.0,Complex,196,60,True
H1,m84137_260214_004236_s1/130551763/ccs,0,8,2,3,0,3,0,0,1.0,Complex,196,60,True
H1,m84137_260214_004236_s1/130419856/ccs,0,8,2,3,0,3,0,0,1.0,Complex,196,60,True
H1,m84137_260214_004236_s1/110760999/ccs,0,8,2,3,0,3,0,0,1.0,Complex,196,60,True
H1,m84137_260214_004236_s1/127144478/ccs,0,8,2,3,0,3,0,0,1.0,Complex,196,60,True
H1,m84137_260214_004236_s1/127995049/ccs,0,8,2,3,0,3,0,0,1.0,Complex,196,60,True
H1,m84137_260214_004236_s1/152572426/ccs,0,8,2,3,0,3,0,0,1.0,Complex,196,60,True
H1,m84137_260214_004236_s1/152638399/ccs,0,8,2,3,0,3,0,0,1.0,Complex,196,60,True
H1,m84137_260214_004236_s1/156636094/ccs,0,8,2,3,0,3,0,0,1.0,Complex,196,60,True
H1,m84137_260214_004236_s1/153162375/ccs,0,8,2,3,0,3,0,0,1.0,Complex,196,60,True
H1,m84137_260214_004236_s1/156963625/ccs,0,8,2,3,0,3,0,0,1.0,Complex,196,60,True
H1,m84137_260214_004236_s1/84674311/ccs,0,8,2,3,0,3,0,0,1.0,Complex,196,60,True
H1,m84137_260214_004236_s1/70254840/ccs,0,8,2,3,0,3,0,0,1.0,Complex,196,60,True
H1,m84137_260214_004236_s1/67045569/ccs,0,8,2,3,0,3,0,0,1.0,Complex,196,60,True
H1,m84137_260214_004236_s1/95290250/ccs,0,8,2,3,0,3,0,0,1.0,Complex,196,60,True
H1,m84137_260214_004236_s1/92407330/ccs,0,8,2,3,0,3,0,0,1.0,Complex,196,60,True
H1,m84137_260214_004236_s1/70648345/ccs,0,8,2,3,0,3,0,0,1.0,Complex,196,60,True
H1,m84137_260214_004236_s1/70716283/ccs,0,8,2,3,0,3,0,0,1.0,Complex,196,60,True
H1,m84137_260214_004236_s1/79497137/ccs,0,8,2,3,0,3,0,0,1.0,Complex,196,60,True
H1,m84137_260214_004236_s1/86574647/ccs,0,8,2,3,0,3,0,0,1.0,Complex,196,60,True
H1,m84137_260214_004236_s1/79889570/ccs,0,8,2,3,0,3,0,0,1.0,Complex,196,60,True
H1,m84137_260214_004236_s1/93522898/ccs,0,8,2,3,0,3,0,0,1.0,Complex,196,60,True
H1,m84137_260214_004236_s1/87294331/ccs,0,8,2,3,0,3,0,0,1.0,Complex,196,60,True
H1,m84137_260214_004236_s1/76352241/ccs,0,8,2,3,0,3,0,0,1.0,Complex,196,60,True
H1,m84137_260214_004236_s1/76221332/ccs,0,8,2,3,0,3,0,0,1.0,Complex,196,60,True
H1,m84137_260214_004236_s1/80283597/ccs,0,8,2,3,0,3,0,0,1.0,Complex,196,60,True
H1,m84137_260214_004236_s1/94438494/ccs,0,8,2,3,0,3,0,0,1.0,Complex,196,60,True
H1,m84137_260214_004236_s1/81136223/ccs,0,8,2,3,0,3,0,0,1.0,Complex,196,60,True
H1,m84137_260214_004236_s1/88476192/ccs,0,8,2,3,0,3,0,0,1.0,Complex,196,60,True
H1,m84137_260214_004236_s1/166794177/ccs,0,8,2,3,0,3,0,0,1.0,Complex,196,60,True
H1,m84137_260214_004236_s1/191892693/ccs,0,8,2,3,0,3,0,0,1.0,Complex,196,60,True
H1,m84137_260214_004236_s1/188879880/ccs,0,8,2,3,0,3,0,0,1.0,Complex,196,60,True
H1,m84137_260214_004236_s1/189402753/ccs,0,8,2,3,0,3,0,0,1.0,Complex,196,60,True
H1,m84137_260214_004236_s1/192222734/ccs,0,8,2,3,0,3,0,0,1.0,Complex,196,60,True
H1,m84137_260214_004236_s1/171185709/ccs,0,8,2,3,0,3,0,0,1.0,Complex,196,60,True
H1,m84137_260214_004236_s1/189862475/ccs,0,8,2,3,0,3,0,0,1.0,Complex,196,60,True
H1,m84137_260214_004236_s1/189927483/ccs,0,8,2,3,0,3,0,0,1.0,Complex,196,60,True
H1,m84137_260214_004236_s1/195890902/ccs,0,8,2,3,0,3,0,0,1.0,Complex,196,60,True
H1,m84137_260214_004236_s1/177605658/ccs,0,8,2,3,0,3,0,0,1.0,Complex,196,60,True
H1,m84137_260214_004236_s1/218828417/ccs,0,8,2,3,0,3,0,0,1.0,Complex,196,60,True
H1,m84137_260214_004236_s1/173215354/ccs,0,8,2,3,0,3,0,0,1.0,Complex,196,60,True
H1,m84137_260214_004236_s1/193795154/ccs,0,8,2,3,0,3,0,0,1.0,Complex,196,60,True
H1,m84137_260214_004236_s1/196612183/ccs,0,8,2,3,0,3,0,0,1.0,Complex,196,60,True
H1,m84137_260214_004236_s1/178525374/ccs,0,8,2,3,0,3,0,0,1.0,Complex,196,60,True
H1,m84137_260214_004236_s1/194579476/ccs,0,8,2,3,0,3,0,0,1.0,Complex,196,60,True
H1,m84137_260214_004236_s1/195498662/ccs,0,8,2,3,0,3,0,0,1.0,Complex,196,60,True
H1,m84137_260214_004236_s1/207490243/ccs,0,8,2,3,0,3,0,0,1.0,Complex,196,60,True
H1,m84137_260214_004236_s1/220729369/ccs,0,8,2,3,0,3,0,0,1.0,Complex,196,60,True
H1,m84137_260214_004236_s1/220729934/ccs,0,8,2,3,0,3,0,0,1.0,Complex,196,60,True
H1,m84137_260214_004236_s1/208016150/ccs,0,8,2,3,0,3,0,0,1.0,Complex,196,60,True
H1,m84137_260214_004236_s1/179508721/ccs,0,8,2,3,0,3,0,0,1.0,Complex,196,60,True
H1,m84137_260214_004236_s1/208342198/ccs,0,8,2,3,0,3,0,0,1.0,Complex,196,60,True
H1,m84137_260214_004236_s1/208539438/ccs,0,8,2,3,0,3,0,0,1.0,Complex,196,60,True
H1,m84137_260214_004236_s1/199560266/ccs,0,8,2,3,0,3,0,0,1.0,Complex,196,60,True
H1,m84137_260214_004236_s1/204149077/ccs,0,8,2,3,0,3,0,0,1.0,Complex,196,60,True
H1,m84137_260214_004236_s1/223024908/ccs,0,8,2,3,0,3,0,0,1.0,Complex,196,60,True
H1,m84137_260214_004236_s1/223418278/ccs,0,8,2,3,0,3,0,0,1.0,Complex,196,60,True
H1,m84137_260214_004236_s1/204871584/ccs,0,8,2,3,0,3,0,0,1.0,Complex,196,60,True
H1,m84137_260214_004236_s1/205393851/ccs,0,8,2,3,0,3,0,0,1.0,Complex,196,60,True
H1,m84137_260214_004236_s1/205458474/ccs,0,8,2,3,0,3,0,0,1.0,Complex,196,60,True
H1,m84137_260214_004236_s1/182653781/ccs,0,8,2,3,0,3,0,0,1.0,Complex,196,60,True
H1,m84137_260214_004236_s1/206311727/ccs,0,8,2,3,0,3,0,0,1.0,Complex,196,60,True
H1,m84137_260214_004236_s1/183441009/ccs,0,8,2,3,0,3,0,0,1.0,Complex,196,60,True
H1,m84137_260214_004236_s1/253367102/ccs,0,8,2,3,0,3,0,0,1.0,Complex,196,60,True
H1,m84137_260214_004236_s1/228396209/ccs,0,8,2,3,0,3,0,0,1.0,Complex,196,60,True
H1,m84137_260214_004236_s1/241242164/ccs,0,8,2,3,0,3,0,0,1.0,Complex,196,60,True
H1,m84137_260214_004236_s1/236195193/ccs,0,8,2,3,0,3,0,0,1.0,Complex,196,60,True
H1,m84137_260214_004236_s1/233902798/ccs,0,8,2,3,0,3,0,0,1.0,Complex,196,60,True
H1,m84137_260214_004236_s1/238883162/ccs,0,8,2,3,0,3,0,0,1.0,Complex,196,60,True
H1,m84137_260214_004236_s1/234362615/ccs,0,8,2,3,0,3,0,0,1.0,Complex,196,60,True
H1,m84137_260214_004236_s1/260444020/ccs,0,8,2,3,0,3,0,0,1.0,Complex,196,60,True
H1,m84137_260214_004236_s1/263198035/ccs,0,8,2,3,0,3,0,0,1.0,Complex,196,60,True
H1,m84137_260214_004236_s1/240390591/ccs,0,8,2,3,0,3,0,0,1.0,Complex,196,60,True
H1,m84137_260214_004236_s1/260967716/ccs,0,8,2,3,0,3,0,0,1.0,Complex,196,60,True
H1,m84137_260214_004236_s1/263654925/ccs,0,8,2,3,0,3,0,0,1.0,Complex,196,60,True
H1,m84137_260214_004236_s1/217125773/ccs,0,8,2,3,0,3,0,0,1.0,Complex,196,60,True
H1,m84137_260214_004236_s1/261493592/ccs,0,8,2,3,0,3,0,0,1.0,Complex,196,60,True
H1,m84137_260214_004236_s1/231084169/ccs,0,8,2,3,0,3,0,0,1.0,Complex,196,60,True
H1,m84137_260214_004236_s1/242947334/ccs,0,8,2,3,0,3,0,0,1.0,Complex,196,60,True
H1,m84137_260214_004236_s1/6488706/ccs,0,8,2,3,0,3,0,0,1.0,Complex,196,60,True
H1,m84137_260214_004236_s1/4851624/ccs,0,8,2,3,0,3,0,0,1.0,Complex,196,60,True
H1,m84137_260214_004236_s1/26411880/ccs,0,8,2,3,0,3,0,0,1.0,Complex,196,60,True
H1,m84137_260214_004236_s1/40961262/ccs,0,8,2,3,0,3,0,0,1.0,Complex,196,60,True
H1,m84137_260214_004236_s1/96077058/ccs,0,8,2,3,0,3,0,0,1.0,Complex,196,60,True
H1,m84137_260214_004236_s1/86770279/ccs,0,8,2,3,0,3,0,0,1.0,Complex,196,60,True
H1,m84137_260214_004236_s1/94176185/ccs,0,8,2,3,0,3,0,0,1.0,Complex,196,60,True
H1,m84137_260214_004236_s1/94833182/ccs,0,8,2,3,0,3,0,0,1.0,Complex,196,60,True
H1,m84137_260214_004236_s1/123013348/ccs,0,8,2,3,0,3,0,0,1.0,Complex,196,60,True
H1,m84137_260214_004236_s1/103679323/ccs,0,8,2,3,0,3,0,0,1.0,Complex,196,60,True
H1,m84137_260214_004236_s1/137954465/ccs,0,8,2,3,0,3,0,0,1.0,Complex,196,60,True
H1,m84137_260214_004236_s1/167904704/ccs,0,8,2,3,0,3,0,0,1.0,Complex,196,60,True
H1,m84137_260214_004236_s1/148244120/ccs,0,8,2,3,0,3,0,0,1.0,Complex,196,60,True
H1,m84137_260214_004236_s1/186385073/ccs,0,8,2,3,0,3,0,0,1.0,Complex,196,60,True
H1,m84137_260214_004236_s1/188220905/ccs,0,8,2,3,0,3,0,0,1.0,Complex,196,60,True
H1,m84137_260214_004236_s1/177474156/ccs,0,8,2,3,0,3,0,0,1.0,Complex,196,60,True
H1,m84137_260214_004236_s1/219613751/ccs,0,8,2,3,0,3,0,0,1.0,Complex,196,60,True
H1,m84137_260214_004236_s1/181143377/ccs,0,8,2,3,0,3,0,0,1.0,Complex,196,60,True
H1,m84137_260214_004236_s1/202572855/ccs,0,8,2,3,0,3,0,0,1.0,Complex,196,60,True
H1,m84137_260214_004236_s1/207553180/ccs,0,8,2,3,0,3,0,0,1.0,Complex,196,60,True
H1,m84137_260214_004236_s1/203229670/ccs,0,8,2,3,0,3,0,0,1.0,Complex,196,60,True
H1,m84137_260214_004236_s1/229507735/ccs,0,8,2,3,0,3,0,0,1.0,Complex,196,60,True
H1,m84137_260214_004236_s1/230754462/ccs,0,8,2,3,0,3,0,0,1.0,Complex,196,60,True
H1,m84137_260214_004236_s1/136517395/ccs,0,8,2,3,0,3,0,0,1.0,Complex,196,60,True
H1,m84137_260214_004236_s1/153619954/ccs,0,8,2,3,0,3,0,0,1.0,Complex,196,60,True
H1,m84137_260214_004236_s1/132780999/ccs,0,8,2,3,0,3,0,0,1.0,Complex,196,60,True
H1,m84137_260214_004236_s1/113512297/ccs,0,8,2,3,0,3,0,0,1.0,Complex,196,60,True
H1,m84137_260214_004236_s1/137762003/ccs,0,8,2,3,0,3,0,0,1.0,Complex,196,60,True
H1,m84137_260214_004236_s1/155259694/ccs,0,8,2,3,0,3,0,0,1.0,Complex,196,60,True
H1,m84137_260214_004236_s1/142282265/ccs,0,8,2,3,0,3,0,0,1.0,Complex,196,60,True
H1,m84137_260214_004236_s1/142742341/ccs,0,8,2,3,0,3,0,0,1.0,Complex,196,60,True
H1,m84137_260214_004236_s1/159258375/ccs,0,8,2,3,0,3,0,0,1.0,Complex,196,60,True
H1,m84137_260214_004236_s1/162666175/ccs,0,8,2,3,0,3,0,0,1.0,Complex,196,60,True
H1,m84137_260214_004236_s1/163518094/ccs,0,8,2,3,0,3,0,0,1.0,Complex,196,60,True
H1,m84137_260214_004236_s1/143922632/ccs,0,8,2,3,0,3,0,0,1.0,Complex,196,60,True
H1,m84137_260214_004236_s1/144840425/ccs,0,8,2,3,0,3,0,0,1.0,Complex,196,60,True
H1,m84137_260214_004236_s1/145036856/ccs,0,8,2,3,0,3,0,0,1.0,Complex,196,60,True
H1,m84137_260214_004236_s1/145429744/ccs,0,8,2,3,0,3,0,0,1.0,Complex,196,60,True
H1,m84137_260214_004236_s1/186651485/ccs,0,8,2,3,0,3,0,0,1.0,Complex,196,60,True
H1,m84137_260214_004236_s1/146739112/ccs,0,8,2,3,0,3,0,0,1.0,Complex,196,60,True
H1,m84137_260214_004236_s1/147262754/ccs,0,8,2,3,0,3,0,0,1.0,Complex,196,60,True
H1,m84137_260214_004236_s1/169873636/ccs,0,8,2,3,0,3,0,0,1.0,Complex,196,60,True
H1,m84137_260214_004236_s1/170596057/ccs,0,8,2,3,0,3,0,0,1.0,Complex,196,60,True
H1,m84137_260214_004236_s1/256704604/ccs,0,8,2,3,0,3,0,0,1.0,Complex,196,60,True
H1,m84137_260214_004236_s1/243993204/ccs,0,8,2,3,0,3,0,0,1.0,Complex,196,60,True
H1,m84137_260214_004236_s1/246941130/ccs,0,8,2,3,0,3,0,0,1.0,Complex,196,60,True
H1,m84137_260214_004236_s1/5181952/ccs,0,8,2,3,0,3,0,0,1.0,Complex,196,60,True
H1,m84137_260214_004236_s1/13635799/ccs,0,8,2,3,0,3,0,0,1.0,Complex,196,60,True
H1,m84137_260214_004236_s1/57873072/ccs,0,8,2,3,0,3,0,0,1.0,Complex,196,60,True
H1,m84137_260214_004236_s1/68031907/ccs,0,8,2,3,0,3,0,0,1.0,Complex,196,60,True
H1,m84137_260214_004236_s1/100928651/ccs,0,8,2,3,0,3,0,0,1.0,Complex,196,60,True
H1,m84137_260214_004236_s1/162860924/ccs,0,8,2,3,0,3,0,0,1.0,Complex,196,60,True
H1,m84137_260214_004236_s1/144446986/ccs,0,8,2,3,0,3,0,0,1.0,Complex,196,60,True
H1,m84137_260214_004236_s1/176885080/ccs,0,8,2,3,0,3,0,0,1.0,Complex,196,60,True
H1,m84137_260214_004236_s1/173086229/ccs,0,8,2,3,0,3,0,0,1.0,Complex,196,60,True
H1,m84137_260214_004236_s1/179901624/ccs,0,8,2,3,0,3,0,0,1.0,Complex,196,60,True
H1,m84137_260214_004236_s1/242028978/ccs,0,8,2,3,0,3,0,0,1.0,Complex,196,60,True
H1,m84137_260214_004236_s1/258608980/ccs,0,8,2,3,0,3,0,0,1.0,Complex,196,60,True
H1,m84137_260214_004236_s1/219677075/ccs,0,8,2,3,0,3,0,0,1.0,Complex,196,60,True
H1,m84137_260214_004236_s1/257557648/ccs,0,8,2,3,0,3,0,0,1.0,Complex,196,60,True
H1,m84137_260214_004236_s1/27263305/ccs,0,8,2,3,0,3,0,0,1.0,Complex,196,60,True
H1,m84137_260214_004236_s1/57345503/ccs,0,8,2,3,0,3,0,0,1.0,Complex,196,60,True
H1,m84137_260214_004236_s1/96666495/ccs,0,8,2,3,0,3,0,0,1.0,Complex,196,60,True
H1,m84137_260214_004236_s1/120915848/ccs,0,8,2,3,0,3,0,0,1.0,Complex,196,60,True
H1,m84137_260214_004236_s1/116655459/ccs,0,8,2,3,0,3,0,0,1.0,Complex,196,60,True
H1,m84137_260214_004236_s1/23138533/ccs,0,8,2,3,0,3,0,0,1.0,Complex,196,60,True
H1,m84137_260214_004236_s1/8852388/ccs,0,8,2,3,0,3,0,0,1.0,Complex,196,60,True
H1,m84137_260214_004236_s1/145756897/ccs,0,8,2,3,0,3,0,0,1.0,Complex,196,60,True
H1,m84137_260214_004236_s1/265491968/ccs,0,8,2,3,0,3,0,0,1.0,Complex,196,60,True
H1,m84137_260214_004236_s1/246354413/ccs,0,8,2,3,0,3,0,0,1.0,Complex,196,60,True
H1,m84137_260214_004236_s1/247468778/ccs,0,8,2,3,0,3,0,0,1.0,Complex,196,60,True
H1,m84137_260214_004236_s1/248387190/ccs,0,8,2,3,0,3,0,0,1.0,Complex,196,60,True
H1,m84137_260214_004236_s1/251203176/ccs,0,8,2,3,0,3,0,0,1.0,Complex,196,60,True
H1,m84137_260214_004236_s1/8718216/ccs,0,8,2,3,0,3,0,0,1.0,Complex,196,60,True
H1,m84137_260214_004236_s1/21694762/ccs,0,8,2,3,0,3,0,0,1.0,Complex,196,60,True
H1,m84137_260214_004236_s1/47515957/ccs,0,8,2,3,0,3,0,0,1.0,Complex,196,60,True
H1,m84137_260214_004236_s1/82642249/ccs,0,8,2,3,0,3,0,0,1.0,Complex,196,60,True
H1,m84137_260214_004236_s1/152764681/ccs,0,8,2,3,0,3,0,0,1.0,Complex,196,60,True
H1,m84137_260214_004236_s1/160697214/ccs,0,8,2,3,0,3,0,0,1.0,Complex,196,60,True
H1,m84137_260214_004236_s1/182257726/ccs,0,8,2,3,0,3,0,0,1.0,Complex,196,60,True
H1,m84137_260214_004236_s1/208144689/ccs,0,8,2,3,0,3,0,0,1.0,Complex,196,60,True
H1,m84137_260214_004236_s1/211748356/ccs,0,8,2,3,0,3,0,0,1.0,Complex,196,60,True
H1,m84137_260214_004236_s1/16979152/ccs,0,8,2,3,0,3,0,0,1.0,Complex,196,60,True
H1,m84137_260214_004236_s1/50532469/ccs,0,8,2,3,0,3,0,0,1.0,Complex,196,60,True
H1,m84137_260214_004236_s1/68815889/ccs,0,8,2,3,0,3,0,0,1.0,Complex,196,60,True
H1,m84137_260214_004236_s1/43453954/ccs,0,8,2,3,0,3,0,0,1.0,Complex,196,60,True
H1,m84137_260214_004236_s1/45225608/ccs,0,8,2,3,0,3,0,0,1.0,Complex,196,60,True
H1,m84137_260214_004236_s1/134549855/ccs,0,8,2,3,0,3,0,0,1.0,Complex,196,60,True
H1,m84137_260214_004236_s1/155390728/ccs,0,8,2,3,0,3,0,0,1.0,Complex,196,60,True
H1,m84137_260214_004236_s1/115021217/ccs,0,8,2,3,0,3,0,0,1.0,Complex,196,60,True
H1,m84137_260214_004236_s1/111024019/ccs,0,8,2,3,0,3,0,0,1.0,Complex,196,60,True
H1,m84137_260214_004236_s1/67245214/ccs,0,8,2,3,0,3,0,0,1.0,Complex,196,60,True
H1,m84137_260214_004236_s1/15142978/ccs,0,8,2,3,0,3,0,0,1.0,Complex,196,60,True
H1,m84137_260214_004236_s1/68229022/ccs,0,8,2,3,0,3,0,0,1.0,Complex,196,60,True
H1,m84137_260214_004236_s1/42340535/ccs,0,8,2,3,0,3,0,0,1.0,Complex,196,60,True
H1,m84137_260214_004236_s1/68424300/ccs,0,8,2,3,0,3,0,0,1.0,Complex,196,60,True
H1,m84137_260214_004236_s1/84873894/ccs,0,8,2,3,0,3,0,0,1.0,Complex,196,60,True
H1,m84137_260214_004236_s1/64951977/ccs,0,8,2,3,0,3,0,0,1.0,Complex,196,60,True
H1,m84137_260214_004236_s1/44897989/ccs,0,8,2,3,0,3,0,0,1.0,Complex,196,60,True
H1,m84137_260214_004236_s1/60297453/ccs,0,8,2,3,0,3,0,0,1.0,Complex,196,60,True
H1,m84137_260214_004236_s1/65408870/ccs,0,8,2,3,0,3,0,0,1.0,Complex,196,60,True
H1,m84137_260214_004236_s1/60690343/ccs,0,8,2,3,0,3,0,0,1.0,Complex,196,60,True
H1,m84137_260214_004236_s1/73600857/ccs,0,8,2,3,0,3,0,0,1.0,Complex,196,60,True
H1,m84137_260214_004236_s1/66260974/ccs,0,8,2,3,0,3,0,0,1.0,Complex,196,60,True
H1,m84137_260214_004236_s1/87035323/ccs,0,8,2,3,0,3,0,0,1.0,Complex,196,60,True
H1,m84137_260214_004236_s1/48435327/ccs,0,8,2,3,0,3,0,0,1.0,Complex,196,60,True
H1,m84137_260214_004236_s1/89396744/ccs,0,8,2,3,0,3,0,0,1.0,Complex,196,60,True
H1,m84137_260214_004236_s1/48631432/ccs,0,8,2,3,0,3,0,0,1.0,Complex,196,60,True
H1,m84137_260214_004236_s1/102045380/ccs,0,8,2,3,0,3,0,0,1.0,Complex,196,60,True
H1,m84137_260214_004236_s1/93065528/ccs,0,8,2,3,0,3,0,0,1.0,Complex,196,60,True
H1,m84137_260214_004236_s1/48370126/ccs,0,8,2,3,0,3,0,0,1.0,Complex,196,60,True
H1,m84137_260214_004236_s1/204211667/ccs,0,8,2,3,0,3,0,0,1.0,Complex,196,60,True
H1,m84137_260214_004236_s1/74451227/ccs,0,8,2,3,0,3,0,0,1.0,Complex,196,60,True
H1,m84137_260214_004236_s1/140312717/ccs,0,8,2,3,0,3,0,0,1.0,Complex,196,60,True
H1,m84137_260214_004236_s1/152895707/ccs,0,8,2,3,0,3,0,0,1.0,Complex,196,60,True
H1,m84137_260214_004236_s1/132645921/ccs,0,8,2,3,0,3,0,0,1.0,Complex,196,60,True
H1,m84137_260214_004236_s1/136776217/ccs,0,8,2,3,0,3,0,0,1.0,Complex,196,60,True
H1,m84137_260214_004236_s1/115541109/ccs,0,8,2,3,0,3,0,0,1.0,Complex,196,60,True
H1,m84137_260214_004236_s1/115935274/ccs,0,8,2,3,0,3,0,0,1.0,Complex,196,60,True
H1,m84137_260214_004236_s1/153684822/ccs,0,8,2,3,0,3,0,0,1.0,Complex,196,60,True
H1,m84137_260214_004236_s1/153684627/ccs,0,8,2,3,0,3,0,0,1.0,Complex,196,60,True
H1,m84137_260214_004236_s1/153619119/ccs,0,8,2,3,0,3,0,0,1.0,Complex,196,60,True
H1,m84137_260214_004236_s1/133433657/ccs,0,8,2,3,0,3,0,0,1.0,Complex,196,60,True
H1,m84137_260214_004236_s1/145426211/ccs,0,8,2,3,0,3,0,0,1.0,Complex,196,60,True
H1,m84137_260214_004236_s1/139067797/ccs,0,8,2,3,0,3,0,0,1.0,Complex,196,60,True
H1,m84137_260214_004236_s1/160104701/ccs,0,8,2,3,0,3,0,0,1.0,Complex,196,60,True
H1,m84137_260214_004236_s1/139264063/ccs,0,8,2,3,0,3,0,0,1.0,Complex,196,60,True
H1,m84137_260214_004236_s1/146343111/ccs,0,8,2,3,0,3,0,0,1.0,Complex,196,60,True
H1,m84137_260214_004236_s1/143133005/ccs,0,8,2,3,0,3,0,0,1.0,Complex,196,60,True
H1,m84137_260214_004236_s1/143133369/ccs,0,8,2,3,0,3,0,0,1.0,Complex,196,60,True
H1,m84137_260214_004236_s1/143065733/ccs,0,8,2,3,0,3,0,0,1.0,Complex,196,60,True
H1,m84137_260214_004236_s1/146671008/ccs,0,8,2,3,0,3,0,0,1.0,Complex,196,60,True
H1,m84137_260214_004236_s1/164103865/ccs,0,8,2,3,0,3,0,0,1.0,Complex,196,60,True
H1,m84137_260214_004236_s1/164760423/ccs,0,8,2,3,0,3,0,0,1.0,Complex,196,60,True
H1,m84137_260214_004236_s1/184747506/ccs,0,8,2,3,0,3,0,0,1.0,Complex,196,60,True
H1,m84137_260214_004236_s1/144247198/ccs,0,8,2,3,0,3,0,0,1.0,Complex,196,60,True
H1,m84137_260214_004236_s1/144968483/ccs,0,8,2,3,0,3,0,0,1.0,Complex,196,60,True
H1,m84137_260214_004236_s1/169084571/ccs,0,8,2,3,0,3,0,0,1.0,Complex,196,60,True
H1,m84137_260214_004236_s1/185731017/ccs,0,8,2,3,0,3,0,0,1.0,Complex,196,60,True
H1,m84137_260214_004236_s1/190385139/ccs,0,8,2,3,0,3,0,0,1.0,Complex,196,60,True
H1,m84137_260214_004236_s1/166726568/ccs,0,8,2,3,0,3,0,0,1.0,Complex,196,60,True
H1,m84137_260214_004236_s1/191103973/ccs,0,8,2,3,0,3,0,0,1.0,Complex,196,60,True
H1,m84137_260214_004236_s1/188023706/ccs,0,8,2,3,0,3,0,0,1.0,Complex,196,60,True
H1,m84137_260214_004236_s1/192088593/ccs,0,8,2,3,0,3,0,0,1.0,Complex,196,60,True
H1,m84137_260214_004236_s1/175834594/ccs,0,8,2,3,0,3,0,0,1.0,Complex,196,60,True
H1,m84137_260214_004236_s1/172099693/ccs,0,8,2,3,0,3,0,0,1.0,Complex,196,60,True
H1,m84137_260214_004236_s1/197919994/ccs,0,8,2,3,0,3,0,0,1.0,Complex,196,60,True
H1,m84137_260214_004236_s1/229310755/ccs,0,8,2,3,0,3,0,0,1.0,Complex,196,60,True
H1,m84137_260214_004236_s1/222235159/ccs,0,8,2,3,0,3,0,0,1.0,Complex,196,60,True
H1,m84137_260214_004236_s1/208931383/ccs,0,8,2,3,0,3,0,0,1.0,Complex,196,60,True
H1,m84137_260214_004236_s1/209191040/ccs,0,8,2,3,0,3,0,0,1.0,Complex,196,60,True
H1,m84137_260214_004236_s1/183566719/ccs,0,8,2,3,0,3,0,0,1.0,Complex,196,60,True
H1,m84137_260214_004236_s1/229770245/ccs,0,8,2,3,0,3,0,0,1.0,Complex,196,60,True
H1,m84137_260214_004236_s1/229704532/ccs,0,8,2,3,0,3,0,0,1.0,Complex,196,60,True
H1,m84137_260214_004236_s1/229968117/ccs,0,8,2,3,0,3,0,0,1.0,Complex,196,60,True
H1,m84137_260214_004236_s1/222757483/ccs,0,8,2,3,0,3,0,0,1.0,Complex,196,60,True
H1,m84137_260214_004236_s1/210045163/ccs,0,8,2,3,0,3,0,0,1.0,Complex,196,60,True
H1,m84137_260214_004236_s1/205064323/ccs,0,8,2,3,0,3,0,0,1.0,Complex,196,60,True
H1,m84137_260214_004236_s1/223412352/ccs,0,8,2,3,0,3,0,0,1.0,Complex,196,60,True
H1,m84137_260214_004236_s1/230490804/ccs,0,8,2,3,0,3,0,0,1.0,Complex,196,60,True
H1,m84137_260214_004236_s1/210504377/ccs,0,8,2,3,0,3,0,0,1.0,Complex,196,60,True
H1,m84137_260214_004236_s1/210635753/ccs,0,8,2,3,0,3,0,0,1.0,Complex,196,60,True
H1,m84137_260214_004236_s1/210829894/ccs,0,8,2,3,0,3,0,0,1.0,Complex,196,60,True
H1,m84137_260214_004236_s1/251725178/ccs,0,8,2,3,0,3,0,0,1.0,Complex,196,60,True
H1,m84137_260214_004236_s1/227019263/ccs,0,8,2,3,0,3,0,0,1.0,Complex,196,60,True
H1,m84137_260214_004236_s1/227019490/ccs,0,8,2,3,0,3,0,0,1.0,Complex,196,60,True
H1,m84137_260214_004236_s1/211158549/ccs,0,8,2,3,0,3,0,0,1.0,Complex,196,60,True
H1,m84137_260214_004236_s1/206178412/ccs,0,8,2,3,0,3,0,0,1.0,Complex,196,60,True
H1,m84137_260214_004236_s1/214172051/ccs,0,8,2,3,0,3,0,0,1.0,Complex,196,60,True
H1,m84137_260214_004236_s1/212207824/ccs,0,8,2,3,0,3,0,0,1.0,Complex,196,60,True
H1,m84137_260214_004236_s1/212467865/ccs,0,8,2,3,0,3,0,0,1.0,Complex,196,60,True
H1,m84137_260214_004236_s1/214567051/ccs,0,8,2,3,0,3,0,0,1.0,Complex,196,60,True
H1,m84137_260214_004236_s1/253821277/ccs,0,8,2,3,0,3,0,0,1.0,Complex,196,60,True
H1,m84137_260214_004236_s1/146408315/ccs,0,8,2,3,0,3,0,0,1.0,Complex,196,60,True
H1,m84137_260214_004236_s1/160564593/ccs,0,8,2,3,0,3,0,0,1.0,Complex,196,60,True
H1,m84137_260214_004236_s1/167903621/ccs,0,8,2,3,0,3,0,0,1.0,Complex,196,60,True
H1,m84137_260214_004236_s1/168100113/ccs,0,8,2,3,0,3,0,0,1.0,Complex,196,60,True
H1,m84137_260214_004236_s1/185009367/ccs,0,8,2,3,0,3,0,0,1.0,Complex,196,60,True
H1,m84137_260214_004236_s1/162137129/ccs,0,8,2,3,0,3,0,0,1.0,Complex,196,60,True
H1,m84137_260214_004236_s1/148047036/ccs,0,8,2,3,0,3,0,0,1.0,Complex,196,60,True
H1,m84137_260214_004236_s1/185927532/ccs,0,8,2,3,0,3,0,0,1.0,Complex,196,60,True
H1,m84137_260214_004236_s1/166661086/ccs,0,8,2,3,0,3,0,0,1.0,Complex,196,60,True
H1,m84137_260214_004236_s1/186583276/ccs,0,8,2,3,0,3,0,0,1.0,Complex,196,60,True
H1,m84137_260214_004236_s1/169674854/ccs,0,8,2,3,0,3,0,0,1.0,Complex,196,60,True
H1,m84137_260214_004236_s1/169738437/ccs,0,8,2,3,0,3,0,0,1.0,Complex,196,60,True
H1,m84137_260214_004236_s1/149096180/ccs,0,8,2,3,0,3,0,0,1.0,Complex,196,60,True
H1,m84137_260214_004236_s1/149291176/ccs,0,8,2,3,0,3,0,0,1.0,Complex,196,60,True
H1,m84137_260214_004236_s1/187105558/ccs,0,8,2,3,0,3,0,0,1.0,Complex,196,60,True
H1,m84137_260214_004236_s1/149358582/ccs,0,8,2,3,0,3,0,0,1.0,Complex,196,60,True
H1,m84137_260214_004236_s1/149555649/ccs,0,8,2,3,0,3,0,0,1.0,Complex,196,60,True
H1,m84137_260214_004236_s1/149553382/ccs,0,8,2,3,0,3,0,0,1.0,Complex,196,60,True
H1,m84137_260214_004236_s1/191235379/ccs,0,8,2,3,0,3,0,0,1.0,Complex,196,60,True
H1,m84137_260214_004236_s1/170787307/ccs,0,8,2,3,0,3,0,0,1.0,Complex,196,60,True
H1,m84137_260214_004236_s1/150144369/ccs,0,8,2,3,0,3,0,0,1.0,Complex,196,60,True
H1,m84137_260214_004236_s1/191892204/ccs,0,8,2,3,0,3,0,0,1.0,Complex,196,60,True
H1,m84137_260214_004236_s1/196479074/ccs,0,8,2,3,0,3,0,0,1.0,Complex,196,60,True
H1,m84137_260214_004236_s1/171508005/ccs,0,8,2,3,0,3,0,0,1.0,Complex,196,60,True
H1,m84137_260214_004236_s1/233244408/ccs,0,8,2,3,0,3,0,0,1.0,Complex,196,60,True
H1,m84137_260214_004236_s1/257297036/ccs,0,8,2,3,0,3,0,0,1.0,Complex,196,60,True
H1,m84137_260214_004236_s1/215485136/ccs,0,8,2,3,0,3,0,0,1.0,Complex,196,60,True
H1,m84137_260214_004236_s1/240977944/ccs,0,8,2,3,0,3,0,0,1.0,Complex,196,60,True
H1,m84137_260214_004236_s1/216203586/ccs,0,8,2,3,0,3,0,0,1.0,Complex,196,60,True
H1,m84137_260214_004236_s1/234291365/ccs,0,8,2,3,0,3,0,0,1.0,Complex,196,60,True
H1,m84137_260214_004236_s1/216532209/ccs,0,8,2,3,0,3,0,0,1.0,Complex,196,60,True
H1,m84137_260214_004236_s1/256311823/ccs,0,8,2,3,0,3,0,0,1.0,Complex,196,60,True
H1,m84137_260214_004236_s1/242944010/ccs,0,8,2,3,0,3,0,0,1.0,Complex,196,60,True
H1,m84137_260214_004236_s1/238616644/ccs,0,8,2,3,0,3,0,0,1.0,Complex,196,60,True
H1,m84137_260214_004236_s1/238617346/ccs,0,8,2,3,0,3,0,0,1.0,Complex,196,60,True
H1,m84137_260214_004236_s1/244777720/ccs,0,8,2,3,0,3,0,0,1.0,Complex,196,60,True
H1,m84137_260214_004236_s1/265093853/ccs,0,8,2,3,0,3,0,0,1.0,Complex,196,60,True
H1,m84137_260214_004236_s1/240320850/ccs,0,8,2,3,0,3,0,0,1.0,Complex,196,60,True
H1,m84137_260214_004236_s1/247465386/ccs,0,8,2,3,0,3,0,0,1.0,Complex,196,60,True
H1,m84137_260214_004236_s1/17960125/ccs,0,8,2,3,0,3,0,0,1.0,Complex,196,60,True
H1,m84137_260214_004236_s1/247858819/ccs,0,8,2,3,0,3,0,0,1.0,Complex,196,60,True
H1,m84137_260214_004236_s1/22548608/ccs,0,8,2,3,0,3,0,0,1.0,Complex,196,60,True
H1,m84137_260214_004236_s1/23597436/ccs,0,8,2,3,0,3,0,0,1.0,Complex,196,60,True
H1,m84137_260214_004236_s1/23858453/ccs,0,8,2,3,0,3,0,0,1.0,Complex,196,60,True
H1,m84137_260214_004236_s1/23989625/ccs,0,8,2,3,0,3,0,0,1.0,Complex,196,60,True
H1,m84137_260214_004236_s1/249693346/ccs,0,8,2,3,0,3,0,0,1.0,Complex,196,60,True
H1,m84137_260214_004236_s1/4264303/ccs,0,8,2,3,0,3,0,0,1.0,Complex,196,60,True
H1,m84137_260214_004236_s1/250152210/ccs,0,8,2,3,0,3,0,0,1.0,Complex,196,60,True
H1,m84137_260214_004236_s1/250284615/ccs,0,8,2,3,0,3,0,0,1.0,Complex,196,60,True
H1,m84137_260214_004236_s1/21173500/ccs,0,8,2,3,0,3,0,0,1.0,Complex,196,60,True
H1,m84137_260214_004236_s1/7344747/ccs,0,8,2,3,0,3,0,0,1.0,Complex,196,60,True
H1,m84137_260214_004236_s1/33688579/ccs,0,8,2,3,0,3,0,0,1.0,Complex,196,60,True
H1,m84137_260214_004236_s1/7540473/ccs,0,8,2,3,0,3,0,0,1.0,Complex,196,60,True
H1,m84137_260214_004236_s1/7802172/ccs,0,8,2,3,0,3,0,0,1.0,Complex,196,60,True
H1,m84137_260214_004236_s1/7607297/ccs,0,8,2,3,0,3,0,0,1.0,Complex,196,60,True
H1,m84137_260214_004236_s1/7869374/ccs,0,8,2,3,0,3,0,0,1.0,Complex,196,60,True
H1,m84137_260214_004236_s1/34476101/ccs,0,8,2,3,0,3,0,0,1.0,Complex,196,60,True
H1,m84137_260214_004236_s1/30019850/ccs,0,8,2,3,0,3,0,0,1.0,Complex,196,60,True
H1,m84137_260214_004236_s1/9309193/ccs,0,8,2,3,0,3,0,0,1.0,Complex,196,60,True
H1,m84137_260214_004236_s1/51253513/ccs,0,8,2,3,0,3,0,0,1.0,Complex,196,60,True
H1,m84137_260214_004236_s1/11539915/ccs,0,8,2,3,0,3,0,0,1.0,Complex,196,60,True
H1,m84137_260214_004236_s1/10488845/ccs,0,8,2,3,0,3,0,0,1.0,Complex,196,60,True
H1,m84137_260214_004236_s1/31527201/ccs,0,8,2,3,0,3,0,0,1.0,Complex,196,60,True
H1,m84137_260214_004236_s1/36770564/ccs,0,8,2,3,0,3,0,0,1.0,Complex,196,60,True
H1,m84137_260214_004236_s1/32575533/ccs,0,8,2,3,0,3,0,0,1.0,Complex,196,60,True
H1,m84137_260214_004236_s1/37621136/ccs,0,8,2,3,0,3,0,0,1.0,Complex,196,60,True
H1,m84137_260214_004236_s1/37949464/ccs,0,8,2,3,0,3,0,0,1.0,Complex,196,60,True
H1,m84137_260214_004236_s1/40373274/ccs,0,8,2,3,0,3,0,0,1.0,Complex,196,60,True
H1,m84137_260214_004236_s1/57218182/ccs,0,8,2,3,0,3,0,0,1.0,Complex,196,60,True
H1,m84137_260214_004236_s1/176228054/ccs,0,8,2,3,0,3,0,0,1.0,Complex,196,60,True
H1,m84137_260214_004236_s1/189793354/ccs,0,8,2,3,0,3,0,0,1.0,Complex,196,60,True
H1,m84137_260214_004236_s1/179570447/ccs,0,8,2,3,0,3,0,0,1.0,Complex,196,60,True
H1,m84137_260214_004236_s1/179635670/ccs,0,8,2,3,0,3,0,0,1.0,Complex,196,60,True
H1,m84137_260214_004236_s1/218106684/ccs,0,8,2,3,0,3,0,0,1.0,Complex,196,60,True
H1,m84137_260214_004236_s1/172493048/ccs,0,8,2,3,0,3,0,0,1.0,Complex,196,60,True
H1,m84137_260214_004236_s1/179963314/ccs,0,8,2,3,0,3,0,0,1.0,Complex,196,60,True
H1,m84137_260214_004236_s1/179898377/ccs,0,8,2,3,0,3,0,0,1.0,Complex,196,60,True
H1,m84137_260214_004236_s1/218564218/ccs,0,8,2,3,0,3,0,0,1.0,Complex,196,60,True
H1,m84137_260214_004236_s1/193923247/ccs,0,8,2,3,0,3,0,0,1.0,Complex,196,60,True
H1,m84137_260214_004236_s1/198248832/ccs,0,8,2,3,0,3,0,0,1.0,Complex,196,60,True
H1,m84137_260214_004236_s1/180093406/ccs,0,8,2,3,0,3,0,0,1.0,Complex,196,60,True
H1,m84137_260214_004236_s1/177802170/ccs,0,8,2,3,0,3,0,0,1.0,Complex,196,60,True
H1,m84137_260214_004236_s1/180684588/ccs,0,8,2,3,0,3,0,0,1.0,Complex,196,60,True
H1,m84137_260214_004236_s1/198576576/ccs,0,8,2,3,0,3,0,0,1.0,Complex,196,60,True
H1,m84137_260214_004236_s1/178455241/ccs,0,8,2,3,0,3,0,0,1.0,Complex,196,60,True
H1,m84137_260214_004236_s1/201589890/ccs,0,8,2,3,0,3,0,0,1.0,Complex,196,60,True
H1,m84137_260214_004236_s1/195101498/ccs,0,8,2,3,0,3,0,0,1.0,Complex,196,60,True
H1,m84137_260214_004236_s1/178719077/ccs,0,8,2,3,0,3,0,0,1.0,Complex,196,60,True
H1,m84137_260214_004236_s1/219677936/ccs,0,8,2,3,0,3,0,0,1.0,Complex,196,60,True
H1,m84137_260214_004236_s1/201984733/ccs,0,8,2,3,0,3,0,0,1.0,Complex,196,60,True
H1,m84137_260214_004236_s1/201788388/ccs,0,8,2,3,0,3,0,0,1.0,Complex,196,60,True
H1,m84137_260214_004236_s1/195691188/ccs,0,8,2,3,0,3,0,0,1.0,Complex,196,60,True
H1,m84137_260214_004236_s1/202507563/ccs,0,8,2,3,0,3,0,0,1.0,Complex,196,60,True
H1,m84137_260214_004236_s1/182125272/ccs,0,8,2,3,0,3,0,0,1.0,Complex,196,60,True
H1,m84137_260214_004236_s1/202704616/ccs,0,8,2,3,0,3,0,0,1.0,Complex,196,60,True
H1,m84137_260214_004236_s1/182190952/ccs,0,8,2,3,0,3,0,0,1.0,Complex,196,60,True
H1,m84137_260214_004236_s1/220922833/ccs,0,8,2,3,0,3,0,0,1.0,Complex,196,60,True
H1,m84137_260214_004236_s1/221119188/ccs,0,8,2,3,0,3,0,0,1.0,Complex,196,60,True
H1,m84137_260214_004236_s1/127928824/ccs,0,8,2,3,0,3,0,0,1.0,Complex,196,60,True
H1,m84137_260214_004236_s1/132056145/ccs,0,8,2,3,0,3,0,0,1.0,Complex,196,60,True
H1,m84137_260214_004236_s1/156959826/ccs,0,8,2,3,0,3,0,0,1.0,Complex,196,60,True
H1,m84137_260214_004236_s1/136448671/ccs,0,8,2,3,0,3,0,0,1.0,Complex,196,60,True
H1,m84137_260214_004236_s1/115867832/ccs,0,8,2,3,0,3,0,0,1.0,Complex,196,60,True
H1,m84137_260214_004236_s1/153683719/ccs,0,8,2,3,0,3,0,0,1.0,Complex,196,60,True
H1,m84137_260214_004236_s1/133300396/ccs,0,8,2,3,0,3,0,0,1.0,Complex,196,60,True
H1,m84137_260214_004236_s1/154208222/ccs,0,8,2,3,0,3,0,0,1.0,Complex,196,60,True
H1,m84137_260214_004236_s1/154468796/ccs,0,8,2,3,0,3,0,0,1.0,Complex,196,60,True
H1,m84137_260214_004236_s1/154667668/ccs,0,8,2,3,0,3,0,0,1.0,Complex,196,60,True
H1,m84137_260214_004236_s1/145558047/ccs,0,8,2,3,0,3,0,0,1.0,Complex,196,60,True
H1,m84137_260214_004236_s1/154994658/ccs,0,8,2,3,0,3,0,0,1.0,Complex,196,60,True
H1,m84137_260214_004236_s1/142542840/ccs,0,8,2,3,0,3,0,0,1.0,Complex,196,60,True
H1,m84137_260214_004236_s1/160368982/ccs,0,8,2,3,0,3,0,0,1.0,Complex,196,60,True
H1,m84137_260214_004236_s1/143001524/ccs,0,8,2,3,0,3,0,0,1.0,Complex,196,60,True
H1,m84137_260214_004236_s1/216139219/ccs,0,8,2,3,0,3,0,0,1.0,Complex,196,60,True
H1,m84137_260214_004236_s1/7276821/ccs,0,8,2,3,0,3,0,0,1.0,Complex,196,60,True
H1,m84137_260214_004236_s1/184158435/ccs,0,8,2,3,0,3,0,0,1.0,Complex,196,60,True
H1,m84137_260214_004236_s1/12457104/ccs,0,8,2,3,0,3,0,0,1.0,Complex,196,60,True
H1,m84137_260214_004236_s1/102502248/ccs,0,8,2,3,0,3,0,0,1.0,Complex,196,60,True
H1,m84137_260214_004236_s1/29821883/ccs,0,8,2,3,0,3,0,0,1.0,Complex,196,60,True
H1,m84137_260214_004236_s1/252249254/ccs,0,8,2,3,0,3,0,0,1.0,Complex,196,60,True
H1,m84137_260214_004236_s1/99747624/ccs,0,8,2,3,0,3,0,0,1.0,Complex,196,60,True
H1,m84137_260214_004236_s1/78516651/ccs,0,8,2,3,0,3,0,0,1.0,Complex,196,60,True
H1,m84137_260214_004236_s1/227672727/ccs,0,8,2,3,0,3,0,0,1.0,Complex,196,60,True
H1,m84137_260214_004236_s1/163712195/ccs,0,8,2,3,0,3,0,0,1.0,Complex,196,60,True
H1,m84137_260214_004236_s1/120916370/ccs,0,8,2,3,0,3,0,0,1.0,Complex,196,60,True
H1,m84137_260214_004236_s1/239993721/ccs,0,8,2,3,0,4,0,0,1.0,Complex,197,60,True
H1,m84137_260214_004236_s1/223742350/ccs,0,8,2,5,0,4,0,0,1.0,Complex,197,60,True
H1,m84137_260214_004236_s1/68487500/ccs,0,8,2,5,0,4,0,0,1.0,Complex,197,60,True
H1,m84137_260214_004236_s1/152963400/ccs,0,8,2,3,0,4,0,0,1.0,Complex,197,60,True
H1,m84137_260214_004236_s1/177014433/ccs,0,8,2,7,0,4,1,0,1.0,Complex,197,60,True
H1,m84137_260214_004236_s1/87296611/ccs,0,8,2,5,0,4,0,0,1.0,Complex,197,60,True
H1,m84137_260214_004236_s1/193597947/ccs,0,8,2,5,0,4,0,0,1.0,Complex,197,60,True
H1,m84137_260214_004236_s1/212011805/ccs,0,8,2,5,0,4,0,0,1.0,Complex,197,60,True
H1,m84137_260214_004236_s1/136776537/ccs,0,8,2,5,0,4,0,0,1.0,Complex,197,60,True
H1,m84137_260214_004236_s1/68752737/ccs,0,8,2,7,0,6,0,0,1.0,Complex,198,60,True
H1,m84137_260214_004236_s1/164102454/ccs,0,8,2,3,0,5,0,0,1.0,Complex,198,60,True
H1,m84137_260214_004236_s1/198771051/ccs,0,8,2,5,0,5,0,0,1.0,Complex,198,60,True
H1,m84137_260214_004236_s1/143591764/ccs,0,9,2,7,0,7,1,0,1.0,Complex,199,60,True
H1,m84137_260214_004236_s1/221188336/ccs,0,9,2,3,0,6,0,0,1.0,Complex,199,60,True
H1,m84137_260214_004236_s1/181015949/ccs,0,9,2,3,0,6,0,0,1.0,Complex,199,60,True
H1,m84137_260214_004236_s1/30280649/ccs,0,9,2,3,0,6,0,0,1.0,Complex,199,60,True
H1,m84137_260214_004236_s1/183372566/ccs,0,9,2,3,0,6,0,0,1.0,Complex,199,60,True
H1,m84137_260214_004236_s1/121574532/ccs,0,9,2,3,0,6,0,0,1.0,Complex,199,60,True
H1,m84137_260214_004236_s1/110432085/ccs,0,9,2,3,0,6,0,0,1.0,Complex,199,60,True
H1,m84137_260214_004236_s1/163648958/ccs,0,9,2,3,0,6,0,0,1.0,Complex,199,60,True
H1,m84137_260214_004236_s1/33883187/ccs,0,9,2,3,0,6,0,0,1.0,Complex,199,60,True
H1,m84137_260214_004236_s1/39584700/ccs,0,9,2,3,0,6,0,0,1.0,Complex,199,60,True
H1,m84137_260214_004236_s1/55510966/ccs,0,9,2,3,0,6,0,0,1.0,Complex,199,60,True
H1,m84137_260214_004236_s1/118164183/ccs,0,9,2,3,0,6,0,0,1.0,Complex,199,60,True
H1,m84137_260214_004236_s1/108068990/ccs,0,9,2,3,0,6,0,0,1.0,Complex,199,60,True
H1,m84137_260214_004236_s1/156764162/ccs,0,9,2,3,0,6,0,0,1.0,Complex,199,60,True
H1,m84137_260214_004236_s1/138086887/ccs,0,9,2,3,0,6,0,0,1.0,Complex,199,60,True
H1,m84137_260214_004236_s1/192479458/ccs,0,9,2,3,0,6,0,0,1.0,Complex,199,60,True
H1,m84137_260214_004236_s1/233376073/ccs,0,9,2,3,0,6,0,0,1.0,Complex,199,60,True
H1,m84137_260214_004236_s1/19074643/ccs,0,9,2,3,0,6,0,0,1.0,Complex,199,60,True
H1,m84137_260214_004236_s1/69275546/ccs,0,9,2,3,0,6,0,0,1.0,Complex,199,60,True
H1,m84137_260214_004236_s1/76549214/ccs,0,9,2,3,0,6,0,0,1.0,Complex,199,60,True
H1,m84137_260214_004236_s1/108073977/ccs,0,9,2,3,0,6,0,0,1.0,Complex,199,60,True
H1,m84137_260214_004236_s1/158209670/ccs,0,9,2,3,0,6,0,0,1.0,Complex,199,60,True
H1,m84137_260214_004236_s1/186650165/ccs,0,9,2,3,0,6,0,0,1.0,Complex,199,60,True
H1,m84137_260214_004236_s1/189731028/ccs,0,9,2,3,0,6,0,0,1.0,Complex,199,60,True
H1,m84137_260214_004236_s1/239080662/ccs,0,9,2,3,0,6,0,0,1.0,Complex,199,60,True
H1,m84137_260214_004236_s1/107678227/ccs,0,9,2,3,0,6,0,0,1.0,Complex,199,60,True
H1,m84137_260214_004236_s1/242484400/ccs,0,9,2,3,0,6,0,0,1.0,Complex,199,60,True
H1,m84137_260214_004236_s1/260115579/ccs,0,9,2,3,0,6,0,0,1.0,Complex,199,60,True
H1,m84137_260214_004236_s1/57672499/ccs,0,9,2,3,0,6,0,0,1.0,Complex,199,60,True
H1,m84137_260214_004236_s1/59508697/ccs,0,9,2,3,0,6,0,0,1.0,Complex,199,60,True
H1,m84137_260214_004236_s1/139138528/ccs,0,8,2,5,0,6,0,0,1.0,Complex,199,60,True
H1,m84137_260214_004236_s1/226295951/ccs,0,9,2,3,0,6,0,0,1.0,Complex,199,60,True
H1,m84137_260214_004236_s1/82182185/ccs,0,9,2,3,0,6,0,0,1.0,Complex,199,60,True
H1,m84137_260214_004236_s1/119341963/ccs,0,9,2,3,0,6,0,0,1.0,Complex,199,60,True
H1,m84137_260214_004236_s1/126354786/ccs,0,8,2,5,0,6,0,0,1.0,Complex,199,60,True
H1,m84137_260214_004236_s1/168559471/ccs,0,9,2,3,0,6,0,0,1.0,Complex,199,60,True
H1,m84137_260214_004236_s1/197855169/ccs,0,8,2,5,0,6,0,0,1.0,Complex,199,60,True
H1,m84137_260214_004236_s1/173278066/ccs,0,9,2,3,0,6,0,0,1.0,Complex,199,60,True
H1,m84137_260214_004236_s1/210109376/ccs,0,9,2,3,0,6,0,0,1.0,Complex,199,60,True
H1,m84137_260214_004236_s1/206636971/ccs,0,9,2,3,0,6,0,0,1.0,Complex,199,60,True
H1,m84137_260214_004236_s1/243598755/ccs,0,9,2,3,0,6,0,0,1.0,Complex,199,60,True
H1,m84137_260214_004236_s1/247269648/ccs,0,9,2,3,0,6,0,0,1.0,Complex,199,60,True
H1,m84137_260214_004236_s1/245238263/ccs,0,9,2,3,0,6,0,0,1.0,Complex,199,60,True
H1,m84137_260214_004236_s1/37162658/ccs,0,9,2,3,0,6,0,0,1.0,Complex,199,60,True
H1,m84137_260214_004236_s1/110826685/ccs,0,9,2,3,0,6,0,0,1.0,Complex,199,60,True
H1,m84137_260214_004236_s1/218174833/ccs,0,9,2,3,0,6,0,0,1.0,Complex,199,60,True
H1,m84137_260214_004236_s1/209719360/ccs,0,9,2,3,0,6,0,0,1.0,Complex,199,60,True
H1,m84137_260214_004236_s1/204344431/ccs,0,9,2,3,0,6,0,0,1.0,Complex,199,60,True
H1,m84137_260214_004236_s1/37750344/ccs,0,9,2,3,0,6,0,0,1.0,Complex,199,60,True
H1,m84137_260214_004236_s1/24056346/ccs,0,9,2,3,0,6,0,0,1.0,Complex,199,60,True
H1,m84137_260214_004236_s1/169017480/ccs,0,8,2,5,0,6,0,0,1.0,Complex,199,60,True
H1,m84137_260214_004236_s1/92607940/ccs,0,9,2,3,0,6,0,0,1.0,Complex,199,60,True
H1,m84137_260214_004236_s1/27399985/ccs,0,9,2,3,0,6,0,0,1.0,Complex,199,60,True
H1,m84137_260214_004236_s1/125637305/ccs,0,8,2,5,0,6,0,0,1.0,Complex,199,60,True
H1,m84137_260214_004236_s1/150672120/ccs,0,8,2,5,0,6,0,0,1.0,Complex,199,60,True
H1,m84137_260214_004236_s1/66259711/ccs,0,9,2,3,0,6,0,0,1.0,Complex,199,60,True
H1,m84137_260214_004236_s1/243140409/ccs,0,9,2,3,0,6,0,0,1.0,Complex,199,60,True
H1,m84137_260214_004236_s1/53152030/ccs,0,9,2,3,0,6,0,0,1.0,Complex,199,60,True
H1,m84137_260214_004236_s1/67503201/ccs,0,9,2,3,0,6,0,0,1.0,Complex,199,60,True
H1,m84137_260214_004236_s1/104924410/ccs,0,9,2,3,0,6,0,0,1.0,Complex,199,60,True
H1,m84137_260214_004236_s1/127932280/ccs,0,9,2,3,0,6,0,0,1.0,Complex,199,60,True
H1,m84137_260214_004236_s1/95486260/ccs,0,8,2,5,0,6,0,0,1.0,Complex,199,60,True
H1,m84137_260214_004236_s1/149689404/ccs,0,9,2,3,0,6,0,0,1.0,Complex,199,60,True
H1,m84137_260214_004236_s1/198970837/ccs,0,9,2,3,0,6,0,0,1.0,Complex,199,60,True
H1,m84137_260214_004236_s1/139006945/ccs,0,9,2,3,0,6,0,0,1.0,Complex,199,60,True
H1,m84137_260214_004236_s1/261883145/ccs,0,9,2,3,0,6,0,0,1.0,Complex,199,60,True
H1,m84137_260214_004236_s1/92477052/ccs,0,9,2,3,0,6,0,0,1.0,Complex,199,60,True
H1,m84137_260214_004236_s1/261820509/ccs,0,9,2,3,0,6,0,0,1.0,Complex,199,60,True
H1,m84137_260214_004236_s1/43913811/ccs,0,8,2,5,0,6,0,0,1.0,Complex,199,60,True
H1,m84137_260214_004236_s1/100733230/ccs,0,9,2,3,0,6,0,0,1.0,Complex,199,60,True
H1,m84137_260214_004236_s1/77141093/ccs,0,9,2,3,0,6,0,0,1.0,Complex,199,60,True
H1,m84137_260214_004236_s1/228066053/ccs,0,9,2,3,0,6,0,0,1.0,Complex,199,60,True
H1,m84137_260214_004236_s1/229114691/ccs,0,9,2,3,0,6,0,0,1.0,Complex,199,60,True
H1,m84137_260214_004236_s1/168165476/ccs,0,9,2,3,0,6,0,0,1.0,Complex,199,60,True
H1,m84137_260214_004236_s1/148767899/ccs,0,9,2,3,0,6,0,0,1.0,Complex,199,60,True
H1,m84137_260214_004236_s1/190515502/ccs,0,9,2,3,0,6,0,0,1.0,Complex,199,60,True
H1,m84137_260214_004236_s1/251265267/ccs,0,9,2,3,0,6,0,0,1.0,Complex,199,60,True
H1,m84137_260214_004236_s1/177998785/ccs,0,9,2,3,0,6,0,0,1.0,Complex,199,60,True
H1,m84137_260214_004236_s1/202115455/ccs,0,9,2,3,0,6,0,0,1.0,Complex,199,60,True
H1,m84137_260214_004236_s1/199756109/ccs,0,9,2,3,0,6,0,0,1.0,Complex,199,60,True
H1,m84137_260214_004236_s1/137365779/ccs,0,9,2,3,0,6,0,0,1.0,Complex,199,60,True
H1,m84137_260214_004236_s1/261953096/ccs,0,9,2,3,0,6,0,0,1.0,Complex,199,60,True
H1,m84137_260214_004236_s1/260443181/ccs,0,9,2,3,0,6,0,0,1.0,Complex,199,60,True
H1,m84137_260214_004236_s1/9442839/ccs,0,9,2,5,0,7,0,0,1.0,Complex,200,60,True
H1,m84137_260214_004236_s1/95224686/ccs,0,8,2,5,0,7,0,0,1.0,Complex,200,60,True
H1,m84137_260214_004236_s1/62657722/ccs,0,8,4,12,0,8,1,0,1.0,Complex,200,60,True
H1,m84137_260214_004236_s1/4917684/ccs,0,9,2,5,0,8,0,0,1.0,Complex,201,60,True
H1,m84137_260214_004236_s1/111149353/ccs,0,9,2,3,0,8,0,0,1.0,Complex,201,60,True
H1,m84137_260214_004236_s1/97193432/ccs,0,9,2,3,0,9,0,0,1.0,Complex,202,60,True
H1,m84137_260214_004236_s1/134153177/ccs,0,9,2,3,0,9,0,0,1.0,Complex,202,60,True
H1,m84137_260214_004236_s1/204211695/ccs,0,9,2,3,0,9,0,0,1.0,Complex,202,60,True
H1,m84137_260214_004236_s1/59771295/ccs,0,9,2,5,0,9,0,0,1.0,Complex,202,60,True
H1,m84137_260214_004236_s1/170791034/ccs,0,9,2,3,0,9,0,0,1.0,Complex,202,60,True
H1,m84137_260214_004236_s1/252119492/ccs,0,9,2,3,0,9,0,0,1.0,Complex,202,60,True
H1,m84137_260214_004236_s1/128453550/ccs,0,9,2,5,0,10,0,0,1.0,Complex,203,60,True
H1,m84137_260214_004236_s1/160956493/ccs,0,9,3,3,0,10,0,0,1.0,Complex,203,60,True
H1,m84137_260214_004236_s1/254150886/ccs,0,9,2,5,0,11,0,0,1.0,Complex,204,60,True
H1,m84137_260214_004236_s1/116394742/ccs,0,9,2,3,0,12,0,0,1.0,Complex,205,60,True
H1,m84137_260214_004236_s1/80612642/ccs,1,15,2,3,0,66,0,0,1.0,Complex,259,60,True
H1,m84137_260214_004236_s1/114888134/ccs,1,15,2,3,0,66,0,0,1.0,Complex,259,60,True
H1,m84137_260214_004236_s1/138084631/ccs,1,15,2,3,0,66,0,0,1.0,Complex,259,60,True
H1,m84137_260214_004236_s1/27199347/ccs,1,16,2,3,0,69,0,0,1.0,Complex,262,60,True
H1,m84137_260214_004236_s1/199493021/ccs,1,16,2,3,0,69,0,0,1.0,Complex,262,60,True
H1,m84137_260214_004236_s1/71307148/ccs,1,16,2,3,0,69,0,0,1.0,Complex,262,60,True
H1,m84137_260214_004236_s1/185078584/ccs,1,16,2,3,0,69,0,0,1.0,Complex,262,60,True
H1,m84137_260214_004236_s1/82316317/ccs,1,16,2,3,0,69,0,0,1.0,Complex,262,60,True
H1,m84137_260214_004236_s1/70128889/ccs,1,16,2,3,0,69,0,0,1.0,Complex,262,60,True
H1,m84137_260214_004236_s1/166201623/ccs,1,16,2,3,0,69,0,0,1.0,Complex,262,60,True
H1,m84137_260214_004236_s1/189268028/ccs,1,16,2,3,0,69,0,0,1.0,Complex,262,60,True
H1,m84137_260214_004236_s1/41031017/ccs,1,16,2,3,0,69,0,0,1.0,Complex,262,60,True
H1,m84137_260214_004236_s1/80088059/ccs,1,16,2,3,0,69,0,0,1.0,Complex,262,60,True
H1,m84137_260214_004236_s1/168826227/ccs,1,15,3,3,0,70,0,0,1.0,Complex,263,60,True
H1,m84137_260214_004236_s1/40043989/ccs,1,15,3,9,0,72,1,0,1.0,Complex,264,60,True
H1,m84137_260214_004236_s1/55577609/ccs,1,16,2,5,0,72,1,0,1.0,Complex,264,60,True
H1,m84137_260214_004236_s1/175965990/ccs,1,16,3,5,0,73,0,0,1.0,Complex,265,60,True
H1,m84137_260214_004236_s1/17105220/ccs,1,16,2,3,0,72,0,0,1.0,Complex,265,60,True
H1,m84137_260214_004236_s1/6687640/ccs,1,16,2,3,0,72,0,0,1.0,Complex,265,60,True
H1,m84137_260214_004236_s1/55445247/ccs,1,16,2,3,0,72,0,0,1.0,Complex,265,60,True
H1,m84137_260214_004236_s1/88017102/ccs,1,16,2,3,0,72,0,0,1.0,Complex,265,60,True
H1,m84137_260214_004236_s1/206831994/ccs,1,16,2,3,0,72,0,0,1.0,Complex,265,60,True
H1,m84137_260214_004236_s1/174002728/ccs,1,16,2,3,0,72,0,0,1.0,Complex,265,60,True
H1,m84137_260214_004236_s1/205000706/ccs,1,16,2,3,0,72,0,0,1.0,Complex,265,60,True
H1,m84137_260214_004236_s1/80481785/ccs,1,16,2,3,0,72,0,0,1.0,Complex,265,60,True
H1,m84137_260214_004236_s1/168887915/ccs,1,16,2,5,0,73,0,0,1.0,Complex,265,60,True
H1,m84137_260214_004236_s1/138482656/ccs,1,16,2,3,0,72,0,0,1.0,Complex,265,60,True
H1,m84137_260214_004236_s1/173477186/ccs,1,16,2,3,0,72,0,0,1.0,Complex,265,60,True
H1,m84137_260214_004236_s1/26477619/ccs,1,16,2,3,0,72,0,0,1.0,Complex,265,60,True
H1,m84137_260214_004236_s1/101975608/ccs,1,16,2,3,0,72,0,0,1.0,Complex,265,60,True
H1,m84137_260214_004236_s1/164694708/ccs,1,16,2,3,0,72,0,0,1.0,Complex,265,60,True
H1,m84137_260214_004236_s1/192153308/ccs,1,16,2,3,0,72,0,0,1.0,Complex,265,60,True
H1,m84137_260214_004236_s1/221380722/ccs,1,16,2,3,0,72,0,0,1.0,Complex,265,60,True
H1,m84137_260214_004236_s1/256835933/ccs,1,16,2,3,0,72,0,0,1.0,Complex,265,60,True
H1,m84137_260214_004236_s1/243599088/ccs,1,16,1,5,0,72,0,0,1.0,Complex,265,60,True
H1,m84137_260214_004236_s1/245826613/ccs,1,16,2,3,0,72,0,0,1.0,Complex,265,60,True
H1,m84137_260214_004236_s1/23269266/ccs,1,16,2,3,0,72,0,0,1.0,Complex,265,60,True
H1,m84137_260214_004236_s1/100798642/ccs,1,16,2,3,0,72,0,0,1.0,Complex,265,60,True
H1,m84137_260214_004236_s1/246747110/ccs,1,16,2,3,0,72,0,0,1.0,Complex,265,60,True
H1,m84137_260214_004236_s1/229575430/ccs,1,16,2,3,0,72,0,0,1.0,Complex,265,60,True
H1,m84137_260214_004236_s1/6096321/ccs,1,16,2,3,0,72,0,0,1.0,Complex,265,60,True
H1,m84137_260214_004236_s1/30933600/ccs,1,16,2,3,0,72,0,0,1.0,Complex,265,60,True
H1,m84137_260214_004236_s1/32311900/ccs,1,16,2,3,0,72,0,0,1.0,Complex,265,60,True
H1,m84137_260214_004236_s1/16646617/ccs,1,16,2,3,0,72,0,0,1.0,Complex,265,60,True
H1,m84137_260214_004236_s1/98371020/ccs,1,16,2,3,0,72,0,0,1.0,Complex,265,60,True
H1,m84137_260214_004236_s1/122294332/ccs,1,16,2,3,0,72,0,0,1.0,Complex,265,60,True
H1,m84137_260214_004236_s1/96470075/ccs,1,16,2,3,0,72,0,0,1.0,Complex,265,60,True
H1,m84137_260214_004236_s1/213257961/ccs,1,17,2,11,0,72,0,0,1.0,Complex,265,60,True
H1,m84137_260214_004236_s1/116594182/ccs,1,16,2,3,0,72,0,0,1.0,Complex,265,60,True
H1,m84137_260214_004236_s1/168824151/ccs,1,16,2,3,0,72,0,0,1.0,Complex,265,60,True
H1,m84137_260214_004236_s1/44765640/ccs,1,16,2,3,0,72,0,0,1.0,Complex,265,60,True
H1,m84137_260214_004236_s1/220073212/ccs,1,16,2,3,0,72,0,0,1.0,Complex,265,60,True
H1,m84137_260214_004236_s1/151456185/ccs,1,16,2,3,0,72,0,0,1.0,Complex,265,60,True
H1,m84137_260214_004236_s1/26743897/ccs,1,16,2,3,0,72,0,0,1.0,Complex,265,60,True
H1,m84137_260214_004236_s1/59249210/ccs,1,16,2,3,0,72,0,0,1.0,Complex,265,60,True
H1,m84137_260214_004236_s1/16389280/ccs,1,16,2,3,0,72,0,0,1.0,Complex,265,60,True
H1,m84137_260214_004236_s1/204801270/ccs,1,16,2,3,0,72,0,0,1.0,Complex,265,60,True
H1,m84137_260214_004236_s1/169215906/ccs,1,16,2,3,0,72,0,0,1.0,Complex,265,60,True
H1,m84137_260214_004236_s1/259851344/ccs,1,16,2,3,0,72,0,0,1.0,Complex,265,60,True
H1,m84137_260214_004236_s1/243141568/ccs,1,16,2,3,0,72,0,0,1.0,Complex,265,60,True
H1,m84137_260214_004236_s1/248056695/ccs,1,16,2,3,0,72,0,0,1.0,Complex,265,60,True
H1,m84137_260214_004236_s1/37293541/ccs,1,16,2,3,0,72,0,0,1.0,Complex,265,60,True
H1,m84137_260214_004236_s1/202835413/ccs,1,16,2,3,0,72,0,0,1.0,Complex,265,60,True
H1,m84137_260214_004236_s1/115736821/ccs,1,16,2,3,0,72,0,0,1.0,Complex,265,60,True
H1,m84137_260214_004236_s1/103878621/ccs,1,16,2,3,0,73,0,0,1.0,Complex,266,60,True
H1,m84137_260214_004236_s1/6883629/ccs,1,16,2,3,0,73,0,0,1.0,Complex,266,60,True
H1,m84137_260214_004236_s1/71765527/ccs,1,16,2,3,0,75,0,0,1.0,Complex,268,60,True
H1,m84137_260214_004236_s1/161022792/ccs,1,16,2,3,0,75,0,0,1.0,Complex,268,60,True
H1,m84137_260214_004236_s1/16847697/ccs,1,16,2,3,0,75,0,0,1.0,Complex,268,60,True
H1,m84137_260214_004236_s1/47846329/ccs,1,16,2,3,0,75,0,0,1.0,Complex,268,60,True
H1,m84137_260214_004236_s1/167054464/ccs,1,16,2,3,0,75,0,0,1.0,Complex,268,60,True
H1,m84137_260214_004236_s1/196482578/ccs,1,16,2,3,0,75,0,0,1.0,Complex,268,60,True
H1,m84137_260214_004236_s1/100601335/ccs,1,16,2,3,0,75,0,0,1.0,Complex,268,60,True
H1,m84137_260214_004236_s1/146478953/ccs,1,16,2,3,0,75,0,0,1.0,Complex,268,60,True
H1,m84137_260214_004236_s1/202509383/ccs,1,16,2,3,0,75,0,0,1.0,Complex,268,60,True
H1,m84137_260214_004236_s1/226886398/ccs,1,16,2,3,0,75,0,0,1.0,Complex,268,60,True
H1,m84137_260214_004236_s1/142284490/ccs,1,16,2,3,0,75,0,0,1.0,Complex,268,60,True
H1,m84137_260214_004236_s1/112002225/ccs,1,16,2,3,0,75,0,0,1.0,Complex,268,60,True
H1,m84137_260214_004236_s1/243272495/ccs,1,16,2,3,0,75,0,0,1.0,Complex,268,60,True
H1,m84137_260214_004236_s1/220072613/ccs,1,16,2,3,0,75,0,0,1.0,Complex,268,60,True
H1,m84137_260214_004236_s1/121374686/ccs,1,16,2,3,0,75,0,0,1.0,Complex,268,60,True
H1,m84137_260214_004236_s1/59837241/ccs,1,16,2,3,0,75,0,0,1.0,Complex,268,60,True
H1,m84137_260214_004236_s1/114166323/ccs,1,16,2,3,0,75,0,0,1.0,Complex,268,60,True
H1,m84137_260214_004236_s1/231145600/ccs,1,16,2,3,0,75,0,0,1.0,Complex,268,60,True
H1,m84137_260214_004236_s1/258212457/ccs,1,16,2,3,0,75,0,0,1.0,Complex,268,60,True
H1,m84137_260214_004236_s1/67177663/ccs,1,16,2,3,0,75,0,0,1.0,Complex,268,60,True
H1,m84137_260214_004236_s1/70652331/ccs,1,16,2,3,0,75,0,0,1.0,Complex,268,60,True
H1,m84137_260214_004236_s1/135926056/ccs,1,16,2,3,0,75,0,0,1.0,Complex,268,60,True
H1,m84137_260214_004236_s1/148507654/ccs,1,16,2,3,0,75,0,0,1.0,Complex,268,60,True
H1,m84137_260214_004236_s1/11666638/ccs,1,16,2,3,0,75,0,0,1.0,Complex,268,60,True
H1,m84137_260214_004236_s1/18678954/ccs,1,16,2,3,0,75,0,0,1.0,Complex,268,60,True
H1,m84137_260214_004236_s1/55904843/ccs,1,16,2,3,0,75,0,0,1.0,Complex,268,60,True
H1,m84137_260214_004236_s1/36309388/ccs,1,16,2,3,0,75,0,0,1.0,Complex,268,60,True
H1,m84137_260214_004236_s1/58328634/ccs,1,16,2,3,0,75,0,0,1.0,Complex,268,60,True
H1,m84137_260214_004236_s1/60556127/ccs,1,16,2,3,0,75,0,0,1.0,Complex,268,60,True
H1,m84137_260214_004236_s1/55380398/ccs,1,16,2,3,0,75,0,0,1.0,Complex,268,60,True
H1,m84137_260214_004236_s1/68289351/ccs,1,16,2,3,0,75,0,0,1.0,Complex,268,60,True
H1,m84137_260214_004236_s1/49612635/ccs,1,16,2,3,0,75,0,0,1.0,Complex,268,60,True
H1,m84137_260214_004236_s1/87622735/ccs,1,16,2,3,0,75,0,0,1.0,Complex,268,60,True
H1,m84137_260214_004236_s1/94635608/ccs,1,16,2,3,0,75,0,0,1.0,Complex,268,60,True
H1,m84137_260214_004236_s1/77728732/ccs,1,16,2,3,0,75,0,0,1.0,Complex,268,60,True
H1,m84137_260214_004236_s1/123602688/ccs,1,16,2,3,0,75,0,0,1.0,Complex,268,60,True
H1,m84137_260214_004236_s1/107743801/ccs,1,16,2,3,0,75,0,0,1.0,Complex,268,60,True
H1,m84137_260214_004236_s1/111871952/ccs,1,16,2,3,0,75,0,0,1.0,Complex,268,60,True
H1,m84137_260214_004236_s1/103415923/ccs,1,16,2,3,0,75,0,0,1.0,Complex,268,60,True
H1,m84137_260214_004236_s1/105645019/ccs,1,16,2,3,0,75,0,0,1.0,Complex,268,60,True
H1,m84137_260214_004236_s1/152372560/ccs,1,16,2,3,0,75,0,0,1.0,Complex,268,60,True
H1,m84137_260214_004236_s1/142674856/ccs,1,16,2,3,0,75,0,0,1.0,Complex,268,60,True
H1,m84137_260214_004236_s1/139593683/ccs,1,16,2,3,0,75,0,0,1.0,Complex,268,60,True
H1,m84137_260214_004236_s1/161350538/ccs,1,16,2,3,0,75,0,0,1.0,Complex,268,60,True
H1,m84137_260214_004236_s1/147652902/ccs,1,16,2,3,0,75,0,0,1.0,Complex,268,60,True
H1,m84137_260214_004236_s1/196019675/ccs,1,16,2,3,0,75,0,0,1.0,Complex,268,60,True
H1,m84137_260214_004236_s1/150798503/ccs,1,16,2,3,0,75,0,0,1.0,Complex,268,60,True
H1,m84137_260214_004236_s1/193135964/ccs,1,16,2,3,0,75,0,0,1.0,Complex,268,60,True
H1,m84137_260214_004236_s1/200280745/ccs,1,16,2,3,0,75,0,0,1.0,Complex,268,60,True
H1,m84137_260214_004236_s1/221053389/ccs,1,16,2,3,0,75,0,0,1.0,Complex,268,60,True
H1,m84137_260214_004236_s1/221774785/ccs,1,16,2,3,0,75,0,0,1.0,Complex,268,60,True
H1,m84137_260214_004236_s1/209519927/ccs,1,16,2,3,0,75,0,0,1.0,Complex,268,60,True
H1,m84137_260214_004236_s1/251660171/ccs,1,16,2,3,0,75,0,0,1.0,Complex,268,60,True
H1,m84137_260214_004236_s1/227737833/ccs,1,16,2,3,0,75,0,0,1.0,Complex,268,60,True
H1,m84137_260214_004236_s1/234947671/ccs,1,16,2,3,0,75,0,0,1.0,Complex,268,60,True
H1,m84137_260214_004236_s1/238814719/ccs,1,16,2,3,0,75,0,0,1.0,Complex,268,60,True
H1,m84137_260214_004236_s1/264438385/ccs,1,16,2,3,0,75,0,0,1.0,Complex,268,60,True
H1,m84137_260214_004236_s1/18028111/ccs,1,16,2,3,0,75,0,0,1.0,Complex,268,60,True
H1,m84137_260214_004236_s1/249169494/ccs,1,16,2,3,0,75,0,0,1.0,Complex,268,60,True
H1,m84137_260214_004236_s1/3935559/ccs,1,16,2,3,0,75,0,0,1.0,Complex,268,60,True
H1,m84137_260214_004236_s1/28447296/ccs,1,16,2,3,0,75,0,0,1.0,Complex,268,60,True
H1,m84137_260214_004236_s1/28511381/ccs,1,16,2,3,0,75,0,0,1.0,Complex,268,60,True
H1,m84137_260214_004236_s1/39130424/ccs,1,16,2,3,0,75,0,0,1.0,Complex,268,60,True
H1,m84137_260214_004236_s1/41031198/ccs,1,16,2,3,0,75,0,0,1.0,Complex,268,60,True
H1,m84137_260214_004236_s1/44175699/ccs,1,16,2,3,0,75,0,0,1.0,Complex,268,60,True
H1,m84137_260214_004236_s1/45749933/ccs,1,16,2,3,0,75,0,0,1.0,Complex,268,60,True
H1,m84137_260214_004236_s1/72815072/ccs,1,16,2,3,0,75,0,0,1.0,Complex,268,60,True
H1,m84137_260214_004236_s1/61411153/ccs,1,16,2,3,0,75,0,0,1.0,Complex,268,60,True
H1,m84137_260214_004236_s1/70978933/ccs,1,16,2,3,0,75,0,0,1.0,Complex,268,60,True
H1,m84137_260214_004236_s1/89461445/ccs,1,16,2,3,0,75,0,0,1.0,Complex,268,60,True
H1,m84137_260214_004236_s1/92344549/ccs,1,16,2,3,0,75,0,0,1.0,Complex,268,60,True
H1,m84137_260214_004236_s1/76944233/ccs,1,16,2,3,0,75,0,0,1.0,Complex,268,60,True
H1,m84137_260214_004236_s1/118888097/ccs,1,16,2,3,0,75,0,0,1.0,Complex,268,60,True
H1,m84137_260214_004236_s1/78451723/ccs,1,16,2,3,0,75,0,0,1.0,Complex,268,60,True
H1,m84137_260214_004236_s1/81203010/ccs,1,16,2,3,0,75,0,0,1.0,Complex,268,60,True
H1,m84137_260214_004236_s1/129177404/ccs,1,16,2,3,0,75,0,0,1.0,Complex,268,60,True
H1,m84137_260214_004236_s1/109711284/ccs,1,16,2,3,0,75,0,0,1.0,Complex,268,60,True
H1,m84137_260214_004236_s1/130878787/ccs,1,16,2,3,0,75,0,0,1.0,Complex,268,60,True
H1,m84137_260214_004236_s1/136646144/ccs,1,16,2,3,0,75,0,0,1.0,Complex,268,60,True
H1,m84137_260214_004236_s1/142218169/ccs,1,16,2,3,0,75,0,0,1.0,Complex,268,60,True
H1,m84137_260214_004236_s1/159387871/ccs,1,16,2,3,0,75,0,0,1.0,Complex,268,60,True
H1,m84137_260214_004236_s1/185797657/ccs,1,17,2,5,0,78,3,0,1.0,Complex,268,60,True
H1,m84137_260214_004236_s1/147918626/ccs,1,16,2,3,0,75,0,0,1.0,Complex,268,60,True
H1,m84137_260214_004236_s1/198315185/ccs,1,16,2,3,0,75,0,0,1.0,Complex,268,60,True
H1,m84137_260214_004236_s1/203951116/ccs,1,16,2,3,0,75,0,0,1.0,Complex,268,60,True
H1,m84137_260214_004236_s1/184028970/ccs,1,16,2,3,0,75,0,0,1.0,Complex,268,60,True
H1,m84137_260214_004236_s1/216535333/ccs,1,16,2,3,0,75,0,0,1.0,Complex,268,60,True
H1,m84137_260214_004236_s1/265949195/ccs,1,16,2,3,0,75,0,0,1.0,Complex,268,60,True
H1,m84137_260214_004236_s1/72420348/ccs,1,16,2,3,0,75,0,0,1.0,Complex,268,60,True
H1,m84137_260214_004236_s1/100993297/ccs,1,16,2,3,0,75,0,0,1.0,Complex,268,60,True
H1,m84137_260214_004236_s1/25497665/ccs,1,16,2,5,0,76,0,0,1.0,Complex,268,60,True
H1,m84137_260214_004236_s1/2949741/ccs,1,16,2,3,0,75,0,0,1.0,Complex,268,60,True
H1,m84137_260214_004236_s1/191629008/ccs,1,16,2,3,0,75,0,0,1.0,Complex,268,60,True
H1,m84137_260214_004236_s1/150471507/ccs,1,16,2,3,0,75,0,0,1.0,Complex,268,60,True
H1,m84137_260214_004236_s1/182060921/ccs,1,16,2,3,0,75,0,0,1.0,Complex,268,60,True
H1,m84137_260214_004236_s1/208143394/ccs,1,16,2,3,0,75,0,0,1.0,Complex,268,60,True
H1,m84137_260214_004236_s1/206506769/ccs,1,16,2,3,0,75,0,0,1.0,Complex,268,60,True
H1,m84137_260214_004236_s1/233242918/ccs,1,16,2,3,0,75,0,0,1.0,Complex,268,60,True
H1,m84137_260214_004236_s1/257362862/ccs,1,16,2,3,0,75,0,0,1.0,Complex,268,60,True
H1,m84137_260214_004236_s1/254938031/ccs,1,16,2,3,0,75,0,0,1.0,Complex,268,60,True
H1,m84137_260214_004236_s1/256510242/ccs,1,16,2,3,0,75,0,0,1.0,Complex,268,60,True
H1,m84137_260214_004236_s1/264505186/ccs,1,16,2,3,0,75,0,0,1.0,Complex,268,60,True
H1,m84137_260214_004236_s1/245827621/ccs,1,16,2,3,0,75,0,0,1.0,Complex,268,60,True
H1,m84137_260214_004236_s1/19403256/ccs,1,16,2,3,0,75,0,0,1.0,Complex,268,60,True
H1,m84137_260214_004236_s1/6033774/ccs,1,16,2,3,0,75,0,0,1.0,Complex,268,60,True
H1,m84137_260214_004236_s1/28969988/ccs,1,16,2,3,0,75,0,0,1.0,Complex,268,60,True
H1,m84137_260214_004236_s1/29496548/ccs,1,16,2,3,0,75,0,0,1.0,Complex,268,60,True
H1,m84137_260214_004236_s1/29888647/ccs,1,16,2,3,0,75,0,0,1.0,Complex,268,60,True
H1,m84137_260214_004236_s1/31003949/ccs,1,16,2,3,0,75,0,0,1.0,Complex,268,60,True
H1,m84137_260214_004236_s1/31198603/ccs,1,16,2,3,0,75,0,0,1.0,Complex,268,60,True
H1,m84137_260214_004236_s1/13637029/ccs,1,16,2,3,0,75,0,0,1.0,Complex,268,60,True
H1,m84137_260214_004236_s1/14028723/ccs,1,16,2,3,0,75,0,0,1.0,Complex,268,60,True
H1,m84137_260214_004236_s1/14487669/ccs,1,16,2,3,0,75,0,0,1.0,Complex,268,60,True
H1,m84137_260214_004236_s1/15668585/ccs,1,16,2,3,0,75,0,0,1.0,Complex,268,60,True
H1,m84137_260214_004236_s1/64032564/ccs,1,16,2,3,0,75,0,0,1.0,Complex,268,60,True
H1,m84137_260214_004236_s1/72814228/ccs,1,16,2,3,0,75,0,0,1.0,Complex,268,60,True
H1,m84137_260214_004236_s1/91098421/ccs,1,16,2,3,0,75,0,0,1.0,Complex,268,60,True
H1,m84137_260214_004236_s1/47649012/ccs,1,16,2,3,0,75,0,0,1.0,Complex,268,60,True
H1,m84137_260214_004236_s1/101322726/ccs,1,16,2,3,0,75,0,0,1.0,Complex,268,60,True
H1,m84137_260214_004236_s1/101715675/ccs,1,16,2,3,0,75,0,0,1.0,Complex,268,60,True
H1,m84137_260214_004236_s1/97588595/ccs,1,16,2,3,0,75,0,0,1.0,Complex,268,60,True
H1,m84137_260214_004236_s1/118362062/ccs,1,16,2,3,0,75,0,0,1.0,Complex,268,60,True
H1,m84137_260214_004236_s1/98505310/ccs,1,16,2,3,0,75,0,0,1.0,Complex,268,60,True
H1,m84137_260214_004236_s1/103550851/ccs,1,16,2,3,0,75,0,0,1.0,Complex,268,60,True
H1,m84137_260214_004236_s1/121179583/ccs,1,16,2,3,0,75,0,0,1.0,Complex,268,60,True
H1,m84137_260214_004236_s1/128127057/ccs,1,16,2,3,0,75,0,0,1.0,Complex,268,60,True
H1,m84137_260214_004236_s1/157683119/ccs,1,16,2,3,0,75,0,0,1.0,Complex,268,60,True
H1,m84137_260214_004236_s1/158208830/ccs,1,16,2,3,0,75,0,0,1.0,Complex,268,60,True
H1,m84137_260214_004236_s1/189336744/ccs,1,16,2,3,0,75,0,0,1.0,Complex,268,60,True
H1,m84137_260214_004236_s1/189272378/ccs,1,16,2,3,0,75,0,0,1.0,Complex,268,60,True
H1,m84137_260214_004236_s1/148770456/ccs,1,16,2,3,0,75,0,0,1.0,Complex,268,60,True
H1,m84137_260214_004236_s1/180492102/ccs,1,16,2,3,0,75,0,0,1.0,Complex,268,60,True
H1,m84137_260214_004236_s1/211817010/ccs,1,16,2,3,0,75,0,0,1.0,Complex,268,60,True
H1,m84137_260214_004236_s1/253365959/ccs,1,16,2,3,0,75,0,0,1.0,Complex,268,60,True
H1,m84137_260214_004236_s1/184356266/ccs,1,16,2,3,0,75,0,0,1.0,Complex,268,60,True
H1,m84137_260214_004236_s1/239211810/ccs,1,16,2,3,0,75,0,0,1.0,Complex,268,60,True
H1,m84137_260214_004236_s1/241369742/ccs,1,16,2,3,0,75,0,0,1.0,Complex,268,60,True
H1,m84137_260214_004236_s1/72947411/ccs,1,16,2,3,0,75,0,0,1.0,Complex,268,60,True
H1,m84137_260214_004236_s1/96867809/ccs,1,16,2,3,0,75,0,0,1.0,Complex,268,60,True
H1,m84137_260214_004236_s1/223220850/ccs,1,16,2,3,0,75,0,0,1.0,Complex,268,60,True
H1,m84137_260214_004236_s1/106365933/ccs,1,16,2,3,0,75,0,0,1.0,Complex,268,60,True
H1,m84137_260214_004236_s1/155584497/ccs,1,16,2,3,0,75,0,0,1.0,Complex,268,60,True
H1,m84137_260214_004236_s1/89787962/ccs,1,16,2,3,0,75,0,0,1.0,Complex,268,60,True
H1,m84137_260214_004236_s1/147198470/ccs,1,16,2,3,0,75,0,0,1.0,Complex,268,60,True
H1,m84137_260214_004236_s1/78714627/ccs,1,16,2,3,0,75,0,0,1.0,Complex,268,60,True
H1,m84137_260214_004236_s1/255133139/ccs,1,16,2,3,0,75,0,0,1.0,Complex,268,60,True
H1,m84137_260214_004236_s1/42341611/ccs,1,16,2,3,0,75,0,0,1.0,Complex,268,60,True
H1,m84137_260214_004236_s1/99358149/ccs,1,16,2,3,0,75,0,0,1.0,Complex,268,60,True
H1,m84137_260214_004236_s1/107155470/ccs,1,16,2,3,0,75,0,0,1.0,Complex,268,60,True
H1,m84137_260214_004236_s1/145299137/ccs,1,16,2,3,0,75,0,0,1.0,Complex,268,60,True
H1,m84137_260214_004236_s1/170135564/ccs,1,16,2,3,0,75,0,0,1.0,Complex,268,60,True
H1,m84137_260214_004236_s1/33555561/ccs,1,16,2,3,0,75,0,0,1.0,Complex,268,60,True
H1,m84137_260214_004236_s1/9831239/ccs,1,16,2,3,0,75,0,0,1.0,Complex,268,60,True
H1,m84137_260214_004236_s1/34144540/ccs,1,16,2,3,0,75,0,0,1.0,Complex,268,60,True
H1,m84137_260214_004236_s1/10879518/ccs,1,16,2,3,0,75,0,0,1.0,Complex,268,60,True
H1,m84137_260214_004236_s1/53807786/ccs,1,16,2,3,0,75,0,0,1.0,Complex,268,60,True
H1,m84137_260214_004236_s1/48300900/ccs,1,16,2,3,0,75,0,0,1.0,Complex,268,60,True
H1,m84137_260214_004236_s1/89655347/ccs,1,16,2,3,0,75,0,0,1.0,Complex,268,60,True
H1,m84137_260214_004236_s1/90505553/ccs,1,16,2,3,0,75,0,0,1.0,Complex,268,60,True
H1,m84137_260214_004236_s1/69141000/ccs,1,16,2,3,0,75,0,0,1.0,Complex,268,60,True
H1,m84137_260214_004236_s1/78514787/ccs,1,16,2,3,0,75,0,0,1.0,Complex,268,60,True
H1,m84137_260214_004236_s1/95224625/ccs,1,16,2,3,0,75,0,0,1.0,Complex,268,60,True
H1,m84137_260214_004236_s1/92932659/ccs,1,16,2,3,0,75,0,0,1.0,Complex,268,60,True
H1,m84137_260214_004236_s1/72155969/ccs,1,16,2,3,0,75,0,0,1.0,Complex,268,60,True
H1,m84137_260214_004236_s1/123012294/ccs,1,16,2,3,0,75,0,0,1.0,Complex,268,60,True
H1,m84137_260214_004236_s1/78121460/ccs,1,16,2,3,0,75,0,0,1.0,Complex,268,60,True
H1,m84137_260214_004236_s1/126812420/ccs,1,16,2,3,0,75,0,0,1.0,Complex,268,60,True
H1,m84137_260214_004236_s1/126681972/ccs,1,16,2,3,0,75,0,0,1.0,Complex,268,60,True
H1,m84137_260214_004236_s1/132320241/ccs,1,16,2,3,0,75,0,0,1.0,Complex,268,60,True
H1,m84137_260214_004236_s1/159451869/ccs,1,16,2,3,0,75,0,0,1.0,Complex,268,60,True
H1,m84137_260214_004236_s1/160499775/ccs,1,16,2,3,0,75,0,0,1.0,Complex,268,60,True
H1,m84137_260214_004236_s1/164823394/ccs,1,16,2,3,0,75,0,0,1.0,Complex,268,60,True
H1,m84137_260214_004236_s1/168560245/ccs,1,16,2,3,0,75,0,0,1.0,Complex,268,60,True
H1,m84137_260214_004236_s1/168821649/ccs,1,16,2,3,0,75,0,0,1.0,Complex,268,60,True
H1,m84137_260214_004236_s1/190122655/ccs,1,16,2,3,0,75,0,0,1.0,Complex,268,60,True
H1,m84137_260214_004236_s1/186321705/ccs,1,16,2,3,0,75,0,0,1.0,Complex,268,60,True
H1,m84137_260214_004236_s1/227934480/ccs,1,16,2,3,0,75,0,0,1.0,Complex,268,60,True
H1,m84137_260214_004236_s1/259326945/ccs,1,16,2,3,0,75,0,0,1.0,Complex,268,60,True
H1,m84137_260214_004236_s1/20316747/ccs,1,16,2,3,0,75,0,0,1.0,Complex,268,60,True
H1,m84137_260214_004236_s1/90507948/ccs,1,16,2,3,0,75,0,0,1.0,Complex,268,60,True
H1,m84137_260214_004236_s1/159515083/ccs,1,16,2,3,0,75,0,0,1.0,Complex,268,60,True
H1,m84137_260214_004236_s1/146014812/ccs,1,16,2,3,0,75,0,0,1.0,Complex,268,60,True
H1,m84137_260214_004236_s1/229575472/ccs,1,16,2,3,0,75,0,0,1.0,Complex,268,60,True
H1,m84137_260214_004236_s1/19859578/ccs,1,16,2,3,0,75,0,0,1.0,Complex,268,60,True
H1,m84137_260214_004236_s1/9962824/ccs,1,16,2,3,0,75,0,0,1.0,Complex,268,60,True
H1,m84137_260214_004236_s1/35522136/ccs,1,16,2,3,0,75,0,0,1.0,Complex,268,60,True
H1,m84137_260214_004236_s1/45680068/ccs,1,16,2,3,0,75,0,0,1.0,Complex,268,60,True
H1,m84137_260214_004236_s1/41419160/ccs,1,16,2,3,0,75,0,0,1.0,Complex,268,60,True
H1,m84137_260214_004236_s1/53479737/ccs,1,16,2,3,0,75,0,0,1.0,Complex,268,60,True
H1,m84137_260214_004236_s1/43780852/ccs,1,16,2,3,0,75,0,0,1.0,Complex,268,60,True
H1,m84137_260214_004236_s1/48170866/ccs,1,16,2,3,0,75,0,0,1.0,Complex,268,60,True
H1,m84137_260214_004236_s1/90047402/ccs,1,16,2,3,0,75,0,0,1.0,Complex,268,60,True
H1,m84137_260214_004236_s1/101451633/ccs,1,16,2,3,0,75,0,0,1.0,Complex,268,60,True
H1,m84137_260214_004236_s1/101580918/ccs,1,16,2,3,0,75,0,0,1.0,Complex,268,60,True
H1,m84137_260214_004236_s1/120980774/ccs,1,16,2,3,0,75,0,0,1.0,Complex,268,60,True
H1,m84137_260214_004236_s1/129566943/ccs,1,16,2,3,0,75,0,0,1.0,Complex,268,60,True
H1,m84137_260214_004236_s1/121242579/ccs,1,16,2,3,0,75,0,0,1.0,Complex,268,60,True
H1,m84137_260214_004236_s1/113115365/ccs,1,16,2,3,0,75,0,0,1.0,Complex,268,60,True
H1,m84137_260214_004236_s1/122619271/ccs,1,16,2,3,0,75,0,0,1.0,Complex,268,60,True
H1,m84137_260214_004236_s1/78188126/ccs,1,16,2,3,0,75,0,0,1.0,Complex,268,60,True
H1,m84137_260214_004236_s1/79563955/ccs,1,16,2,3,0,75,0,0,1.0,Complex,268,60,True
H1,m84137_260214_004236_s1/123081831/ccs,1,16,2,3,0,75,0,0,1.0,Complex,268,60,True
H1,m84137_260214_004236_s1/152572149/ccs,1,16,2,3,0,75,0,0,1.0,Complex,268,60,True
H1,m84137_260214_004236_s1/85786771/ccs,1,16,2,3,0,75,0,0,1.0,Complex,268,60,True
H1,m84137_260214_004236_s1/79300067/ccs,1,16,2,3,0,75,0,0,1.0,Complex,268,60,True
H1,m84137_260214_004236_s1/95881625/ccs,1,16,2,3,0,75,0,0,1.0,Complex,268,60,True
H1,m84137_260214_004236_s1/93388900/ccs,1,16,2,3,0,75,0,0,1.0,Complex,268,60,True
H1,m84137_260214_004236_s1/76482069/ccs,1,16,2,3,0,75,0,0,1.0,Complex,268,60,True
H1,m84137_260214_004236_s1/97584905/ccs,1,16,2,3,0,75,0,0,1.0,Complex,268,60,True
H1,m84137_260214_004236_s1/81003270/ccs,1,16,2,3,0,75,0,0,1.0,Complex,268,60,True
H1,m84137_260214_004236_s1/81135830/ccs,1,16,2,3,0,75,0,0,1.0,Complex,268,60,True
H1,m84137_260214_004236_s1/97979338/ccs,1,16,2,3,0,75,0,0,1.0,Complex,268,60,True
H1,m84137_260214_004236_s1/179573678/ccs,1,16,2,3,0,75,0,0,1.0,Complex,268,60,True
H1,m84137_260214_004236_s1/203361999/ccs,1,16,2,3,0,75,0,0,1.0,Complex,268,60,True
H1,m84137_260214_004236_s1/209589343/ccs,1,16,2,3,0,75,0,0,1.0,Complex,268,60,True
H1,m84137_260214_004236_s1/210703449/ccs,1,16,2,3,0,75,0,0,1.0,Complex,268,60,True
H1,m84137_260214_004236_s1/212340217/ccs,1,16,2,3,0,75,0,0,1.0,Complex,268,60,True
H1,m84137_260214_004236_s1/212734872/ccs,1,16,2,3,0,75,0,0,1.0,Complex,268,60,True
H1,m84137_260214_004236_s1/232199922/ccs,1,16,2,3,0,75,0,0,1.0,Complex,268,60,True
H1,m84137_260214_004236_s1/239343387/ccs,1,16,2,3,0,75,0,0,1.0,Complex,268,60,True
H1,m84137_260214_004236_s1/215944816/ccs,1,16,2,3,0,75,0,0,1.0,Complex,268,60,True
H1,m84137_260214_004236_s1/245436724/ccs,1,16,2,3,0,75,0,0,1.0,Complex,268,60,True
H1,m84137_260214_004236_s1/163451729/ccs,1,16,2,3,0,75,0,0,1.0,Complex,268,60,True
H1,m84137_260214_004236_s1/2360453/ccs,1,16,2,3,0,75,0,0,1.0,Complex,268,60,True
H1,m84137_260214_004236_s1/25167272/ccs,1,16,2,3,0,75,0,0,1.0,Complex,268,60,True
H1,m84137_260214_004236_s1/8454489/ccs,1,16,2,3,0,75,0,0,1.0,Complex,268,60,True
H1,m84137_260214_004236_s1/32244637/ccs,1,16,2,3,0,75,0,0,1.0,Complex,268,60,True
H1,m84137_260214_004236_s1/65470754/ccs,1,16,2,3,0,75,0,0,1.0,Complex,268,60,True
H1,m84137_260214_004236_s1/93586267/ccs,1,16,2,3,0,75,0,0,1.0,Complex,268,60,True
H1,m84137_260214_004236_s1/82183116/ccs,1,16,2,3,0,75,0,0,1.0,Complex,268,60,True
H1,m84137_260214_004236_s1/204736830/ccs,1,16,2,3,0,75,0,0,1.0,Complex,268,60,True
H1,m84137_260214_004236_s1/154212171/ccs,1,16,2,3,0,75,0,0,1.0,Complex,268,60,True
H1,m84137_260214_004236_s1/142480569/ccs,1,16,2,3,0,75,0,0,1.0,Complex,268,60,True
H1,m84137_260214_004236_s1/159780433/ccs,1,16,2,3,0,75,0,0,1.0,Complex,268,60,True
H1,m84137_260214_004236_s1/259129687/ccs,1,16,2,3,0,75,0,0,1.0,Complex,268,60,True
H1,m84137_260214_004236_s1/238946520/ccs,1,16,2,3,0,75,0,0,1.0,Complex,268,60,True
H1,m84137_260214_004236_s1/36049362/ccs,1,16,2,3,0,75,0,0,1.0,Complex,268,60,True
H1,m84137_260214_004236_s1/146937602/ccs,1,16,2,3,0,75,0,0,1.0,Complex,268,60,True
H1,m84137_260214_004236_s1/175641608/ccs,1,16,2,3,0,75,0,0,1.0,Complex,268,60,True
H1,m84137_260214_004236_s1/192417951/ccs,1,16,2,3,0,75,0,0,1.0,Complex,268,60,True
H1,m84137_260214_004236_s1/224857715/ccs,1,16,2,3,0,75,0,0,1.0,Complex,268,60,True
H1,m84137_260214_004236_s1/215158316/ccs,1,16,2,3,0,75,0,0,1.0,Complex,268,60,True
H1,m84137_260214_004236_s1/22806944/ccs,1,16,2,3,0,75,0,0,1.0,Complex,268,60,True
H1,m84137_260214_004236_s1/66652050/ccs,1,16,2,3,0,75,0,0,1.0,Complex,268,60,True
H1,m84137_260214_004236_s1/21696791/ccs,1,16,2,3,0,75,0,0,1.0,Complex,268,60,True
H1,m84137_260214_004236_s1/34543467/ccs,1,16,2,3,0,75,0,0,1.0,Complex,268,60,True
H1,m84137_260214_004236_s1/81989699/ccs,1,16,2,3,0,75,0,0,1.0,Complex,268,60,True
H1,m84137_260214_004236_s1/247730216/ccs,1,16,2,3,0,75,0,0,1.0,Complex,268,60,True
H1,m84137_260214_004236_s1/249042413/ccs,1,16,2,3,0,75,0,0,1.0,Complex,268,60,True
H1,m84137_260214_004236_s1/6755692/ccs,1,16,2,3,0,75,0,0,1.0,Complex,268,60,True
H1,m84137_260214_004236_s1/89330752/ccs,1,16,2,3,0,75,0,0,1.0,Complex,268,60,True
H1,m84137_260214_004236_s1/80351405/ccs,1,16,2,3,0,75,0,0,1.0,Complex,268,60,True
H1,m84137_260214_004236_s1/52497400/ccs,1,16,2,3,0,75,0,0,1.0,Complex,268,60,True
H1,m84137_260214_004236_s1/68621248/ccs,1,16,2,3,0,75,0,0,1.0,Complex,268,60,True
H1,m84137_260214_004236_s1/65278665/ccs,1,16,2,3,0,75,0,0,1.0,Complex,268,60,True
H1,m84137_260214_004236_s1/66063395/ccs,1,16,2,3,0,75,0,0,1.0,Complex,268,60,True
H1,m84137_260214_004236_s1/71505163/ccs,1,16,2,3,0,75,0,0,1.0,Complex,268,60,True
H1,m84137_260214_004236_s1/66718771/ccs,1,16,2,3,0,75,0,0,1.0,Complex,268,60,True
H1,m84137_260214_004236_s1/66850184/ccs,1,16,2,3,0,75,0,0,1.0,Complex,268,60,True
H1,m84137_260214_004236_s1/95620986/ccs,1,16,2,3,0,75,0,0,1.0,Complex,268,60,True
H1,m84137_260214_004236_s1/93066022/ccs,1,16,2,5,0,75,0,0,1.0,Complex,268,60,True
H1,m84137_260214_004236_s1/82184649/ccs,1,16,2,3,0,75,0,0,1.0,Complex,268,60,True
H1,m84137_260214_004236_s1/243210008/ccs,1,16,2,3,0,75,0,0,1.0,Complex,268,60,True
H1,m84137_260214_004236_s1/203621869/ccs,1,16,2,3,0,75,0,0,1.0,Complex,268,60,True
H1,m84137_260214_004236_s1/209191557/ccs,1,16,2,3,0,75,0,0,1.0,Complex,268,60,True
H1,m84137_260214_004236_s1/226887989/ccs,1,16,2,3,0,75,0,0,1.0,Complex,268,60,True
H1,m84137_260214_004236_s1/205588239/ccs,1,16,2,3,0,75,0,0,1.0,Complex,268,60,True
H1,m84137_260214_004236_s1/231276705/ccs,1,16,2,3,0,75,0,0,1.0,Complex,268,60,True
H1,m84137_260214_004236_s1/253560975/ccs,1,16,2,3,0,75,0,0,1.0,Complex,268,60,True
H1,m84137_260214_004236_s1/165216933/ccs,1,16,2,3,0,75,0,0,1.0,Complex,268,60,True
H1,m84137_260214_004236_s1/186057951/ccs,1,16,2,3,0,75,0,0,1.0,Complex,268,60,True
H1,m84137_260214_004236_s1/149815501/ccs,1,16,2,3,0,75,0,0,1.0,Complex,268,60,True
H1,m84137_260214_004236_s1/191300544/ccs,1,16,2,3,0,75,0,0,1.0,Complex,268,60,True
H1,m84137_260214_004236_s1/191563194/ccs,1,16,2,3,0,75,0,0,1.0,Complex,268,60,True
H1,m84137_260214_004236_s1/240845580/ccs,1,16,2,3,0,75,0,0,1.0,Complex,268,60,True
H1,m84137_260214_004236_s1/215615651/ccs,1,16,2,3,0,75,0,0,1.0,Complex,268,60,True
H1,m84137_260214_004236_s1/237241753/ccs,1,16,2,3,0,75,0,0,1.0,Complex,268,60,True
H1,m84137_260214_004236_s1/256115158/ccs,1,16,2,3,0,75,0,0,1.0,Complex,268,60,True
H1,m84137_260214_004236_s1/238879214/ccs,1,16,2,3,0,75,0,0,1.0,Complex,268,60,True
H1,m84137_260214_004236_s1/247662410/ccs,1,16,2,3,0,75,0,0,1.0,Complex,268,60,True
H1,m84137_260214_004236_s1/5706902/ccs,1,16,2,3,0,75,0,0,1.0,Complex,268,60,True
H1,m84137_260214_004236_s1/28577830/ccs,1,16,2,3,0,75,0,0,1.0,Complex,268,60,True
H1,m84137_260214_004236_s1/28577903/ccs,1,16,2,3,0,75,0,0,1.0,Complex,268,60,True
H1,m84137_260214_004236_s1/29102820/ccs,1,16,2,3,0,75,0,0,1.0,Complex,268,60,True
H1,m84137_260214_004236_s1/54924681/ccs,1,16,2,3,0,75,0,0,1.0,Complex,268,60,True
H1,m84137_260214_004236_s1/58068195/ccs,1,16,2,3,0,75,0,0,1.0,Complex,268,60,True
H1,m84137_260214_004236_s1/189990926/ccs,1,16,2,3,0,75,0,0,1.0,Complex,268,60,True
H1,m84137_260214_004236_s1/178455350/ccs,1,16,2,3,0,75,0,0,1.0,Complex,268,60,True
H1,m84137_260214_004236_s1/180946537/ccs,1,16,2,3,0,75,0,0,1.0,Complex,268,60,True
H1,m84137_260214_004236_s1/220267340/ccs,1,16,2,3,0,75,0,0,1.0,Complex,268,60,True
H1,m84137_260214_004236_s1/200082839/ccs,1,16,2,3,0,75,0,0,1.0,Complex,268,60,True
H1,m84137_260214_004236_s1/131532928/ccs,1,16,2,3,0,75,0,0,1.0,Complex,268,60,True
H1,m84137_260214_004236_s1/135531459/ccs,1,16,2,3,0,75,0,0,1.0,Complex,268,60,True
H1,m84137_260214_004236_s1/152371559/ccs,1,16,2,3,0,75,0,0,1.0,Complex,268,60,True
H1,m84137_260214_004236_s1/115409418/ccs,1,16,2,3,0,75,0,0,1.0,Complex,268,60,True
H1,m84137_260214_004236_s1/136840761/ccs,1,16,2,3,0,75,0,0,1.0,Complex,268,60,True
H1,m84137_260214_004236_s1/117114021/ccs,1,16,2,3,0,75,0,0,1.0,Complex,268,60,True
H1,m84137_260214_004236_s1/137889796/ccs,1,16,2,3,0,75,0,0,1.0,Complex,268,60,True
H1,m84137_260214_004236_s1/159319163/ccs,1,16,2,3,0,75,0,0,1.0,Complex,268,60,True
H1,m84137_260214_004236_s1/159582129/ccs,1,16,2,3,0,75,0,0,1.0,Complex,268,60,True
H1,m84137_260214_004236_s1/163971140/ccs,1,16,2,3,0,75,0,0,1.0,Complex,268,60,True
H1,m84137_260214_004236_s1/139854393/ccs,1,16,2,3,0,75,0,0,1.0,Complex,268,60,True
H1,m84137_260214_004236_s1/117378108/ccs,1,16,2,3,0,75,0,0,1.0,Complex,268,60,True
H1,m84137_260214_004236_s1/127863529/ccs,1,16,2,3,0,75,0,0,1.0,Complex,268,60,True
H1,m84137_260214_004236_s1/138152893/ccs,1,16,3,3,0,76,0,0,1.0,Complex,269,60,True
H1,m84137_260214_004236_s1/79039453/ccs,1,16,2,5,0,76,0,0,1.0,Complex,269,60,True
H1,m84137_260214_004236_s1/7081195/ccs,1,16,2,3,0,76,0,0,1.0,Complex,269,60,True
H1,m84137_260214_004236_s1/140905229/ccs,1,16,3,5,0,77,0,0,1.0,Complex,270,60,True
H1,m84137_260214_004236_s1/111678615/ccs,1,16,2,3,0,77,0,0,1.0,Complex,270,60,True
H1,m84137_260214_004236_s1/146739008/ccs,1,16,2,3,0,77,0,0,1.0,Complex,270,60,True
H1,m84137_260214_004236_s1/124849190/ccs,1,16,2,3,0,77,0,0,1.0,Complex,270,60,True
H1,m84137_260214_004236_s1/242356119/ccs,1,17,2,3,0,78,0,0,1.0,Complex,271,60,True
H1,m84137_260214_004236_s1/228264682/ccs,1,15,5,9,0,80,2,0,1.0,Complex,271,60,True
H1,m84137_260214_004236_s1/46334390/ccs,1,17,2,3,0,78,0,0,1.0,Complex,271,60,True
H1,m84137_260214_004236_s1/225316789/ccs,1,17,2,3,0,78,0,0,1.0,Complex,271,60,True
H1,m84137_260214_004236_s1/28378487/ccs,1,17,2,3,0,78,0,0,1.0,Complex,271,60,True
H1,m84137_260214_004236_s1/21760072/ccs,1,17,2,3,0,78,0,0,1.0,Complex,271,60,True
H1,m84137_260214_004236_s1/143198674/ccs,1,17,2,3,0,78,0,0,1.0,Complex,271,60,True
H1,m84137_260214_004236_s1/101324484/ccs,1,17,2,3,0,78,0,0,1.0,Complex,271,60,True
H1,m84137_260214_004236_s1/105058135/ccs,1,17,2,3,0,78,0,0,1.0,Complex,271,60,True
H1,m84137_260214_004236_s1/130290099/ccs,1,17,2,3,0,78,0,0,1.0,Complex,271,60,True
H1,m84137_260214_004236_s1/188223344/ccs,1,17,2,3,0,78,0,0,1.0,Complex,271,60,True
H1,m84137_260214_004236_s1/189861584/ccs,1,17,2,3,0,78,0,0,1.0,Complex,271,60,True
H1,m84137_260214_004236_s1/218828978/ccs,1,17,2,3,0,78,0,0,1.0,Complex,271,60,True
H1,m84137_260214_004236_s1/204543353/ccs,1,17,2,3,0,78,0,0,1.0,Complex,271,60,True
H1,m84137_260214_004236_s1/216665402/ccs,1,17,2,3,0,78,0,0,1.0,Complex,271,60,True
H1,m84137_260214_004236_s1/263393854/ccs,1,17,2,3,0,78,0,0,1.0,Complex,271,60,True
H1,m84137_260214_004236_s1/250745729/ccs,1,17,2,3,0,78,0,0,1.0,Complex,271,60,True
H1,m84137_260214_004236_s1/54920672/ccs,1,17,2,3,0,78,0,0,1.0,Complex,271,60,True
H1,m84137_260214_004236_s1/184943046/ccs,1,17,2,3,0,78,0,0,1.0,Complex,271,60,True
H1,m84137_260214_004236_s1/223020128/ccs,1,17,2,3,0,78,0,0,1.0,Complex,271,60,True
H1,m84137_260214_004236_s1/210829914/ccs,1,17,2,3,0,78,0,0,1.0,Complex,271,60,True
H1,m84137_260214_004236_s1/68883982/ccs,1,17,2,3,0,78,0,0,1.0,Complex,271,60,True
H1,m84137_260214_004236_s1/65145994/ccs,1,17,2,3,0,78,0,0,1.0,Complex,271,60,True
H1,m84137_260214_004236_s1/134086906/ccs,1,17,2,3,0,78,0,0,1.0,Complex,271,60,True
H1,m84137_260214_004236_s1/260639466/ccs,1,17,2,3,0,78,0,0,1.0,Complex,271,60,True
H1,m84137_260214_004236_s1/4131979/ccs,1,17,2,3,0,78,0,0,1.0,Complex,271,60,True
H1,m84137_260214_004236_s1/16651781/ccs,1,17,2,3,0,78,0,0,1.0,Complex,271,60,True
H1,m84137_260214_004236_s1/5964828/ccs,1,17,2,3,0,78,0,0,1.0,Complex,271,60,True
H1,m84137_260214_004236_s1/29950487/ccs,1,17,2,3,0,78,0,0,1.0,Complex,271,60,True
H1,m84137_260214_004236_s1/39518592/ccs,1,17,2,3,0,78,0,0,1.0,Complex,271,60,True
H1,m84137_260214_004236_s1/51577806/ccs,1,17,2,3,0,78,0,0,1.0,Complex,271,60,True
H1,m84137_260214_004236_s1/44106538/ccs,1,17,2,3,0,78,0,0,1.0,Complex,271,60,True
H1,m84137_260214_004236_s1/90440105/ccs,1,17,2,3,0,78,0,0,1.0,Complex,271,60,True
H1,m84137_260214_004236_s1/91555837/ccs,1,17,2,3,0,78,0,0,1.0,Complex,271,60,True
H1,m84137_260214_004236_s1/70452051/ccs,1,17,2,3,0,78,0,0,1.0,Complex,271,60,True
H1,m84137_260214_004236_s1/71631558/ccs,1,17,2,3,0,78,0,0,1.0,Complex,271,60,True
H1,m84137_260214_004236_s1/88408175/ccs,1,17,2,3,0,78,0,0,1.0,Complex,271,60,True
H1,m84137_260214_004236_s1/88540323/ccs,1,17,2,3,0,78,0,0,1.0,Complex,271,60,True
H1,m84137_260214_004236_s1/106826407/ccs,1,17,2,3,0,78,0,0,1.0,Complex,271,60,True
H1,m84137_260214_004236_s1/83495569/ccs,1,17,2,3,0,78,0,0,1.0,Complex,271,60,True
H1,m84137_260214_004236_s1/108135540/ccs,1,17,2,3,0,78,0,0,1.0,Complex,271,60,True
H1,m84137_260214_004236_s1/129303577/ccs,1,17,2,3,0,78,0,0,1.0,Complex,271,60,True
H1,m84137_260214_004236_s1/121636669/ccs,1,17,2,3,0,78,0,0,1.0,Complex,271,60,True
H1,m84137_260214_004236_s1/154535699/ccs,1,17,2,3,0,78,0,0,1.0,Complex,271,60,True
H1,m84137_260214_004236_s1/166005364/ccs,1,17,2,3,0,78,0,0,1.0,Complex,271,60,True
H1,m84137_260214_004236_s1/149228499/ccs,1,17,2,3,0,78,0,0,1.0,Complex,271,60,True
H1,m84137_260214_004236_s1/188089030/ccs,1,17,2,3,0,78,0,0,1.0,Complex,271,60,True
H1,m84137_260214_004236_s1/200084387/ccs,1,17,2,3,0,78,0,0,1.0,Complex,271,60,True
H1,m84137_260214_004236_s1/206045301/ccs,1,17,2,3,0,78,0,0,1.0,Complex,271,60,True
H1,m84137_260214_004236_s1/231934561/ccs,1,17,2,3,0,78,0,0,1.0,Complex,271,60,True
H1,m84137_260214_004236_s1/31919239/ccs,1,17,2,3,0,78,0,0,1.0,Complex,271,60,True
H1,m84137_260214_004236_s1/15405454/ccs,1,17,2,3,0,78,0,0,1.0,Complex,271,60,True
H1,m84137_260214_004236_s1/59248884/ccs,1,17,2,3,0,78,0,0,1.0,Complex,271,60,True
H1,m84137_260214_004236_s1/60231607/ccs,1,17,2,3,0,78,0,0,1.0,Complex,271,60,True
H1,m84137_260214_004236_s1/85201085/ccs,1,17,2,3,0,78,0,0,1.0,Complex,271,60,True
H1,m84137_260214_004236_s1/91032971/ccs,1,17,2,3,0,78,0,0,1.0,Complex,271,60,True
H1,m84137_260214_004236_s1/9832435/ccs,1,17,2,3,0,78,0,0,1.0,Complex,271,60,True
H1,m84137_260214_004236_s1/85918560/ccs,1,17,2,3,0,78,0,0,1.0,Complex,271,60,True
H1,m84137_260214_004236_s1/210306481/ccs,1,17,2,5,0,81,3,0,1.0,Complex,271,60,True
H1,m84137_260214_004236_s1/46010283/ccs,1,17,2,3,0,78,0,0,1.0,Complex,271,60,True
H1,m84137_260214_004236_s1/169546006/ccs,1,17,2,3,0,78,0,0,1.0,Complex,271,60,True
H1,m84137_260214_004236_s1/11604099/ccs,1,17,2,3,0,78,0,0,1.0,Complex,271,60,True
H1,m84137_260214_004236_s1/5834903/ccs,1,17,2,3,0,78,0,0,1.0,Complex,271,60,True
H1,m84137_260214_004236_s1/11600155/ccs,1,17,2,3,0,78,0,0,1.0,Complex,271,60,True
H1,m84137_260214_004236_s1/23069417/ccs,1,17,2,3,0,78,0,0,1.0,Complex,271,60,True
H1,m84137_260214_004236_s1/29229940/ccs,1,17,2,3,0,78,0,0,1.0,Complex,271,60,True
H1,m84137_260214_004236_s1/18941322/ccs,1,17,2,3,0,78,0,0,1.0,Complex,271,60,True
H1,m84137_260214_004236_s1/34146022/ccs,1,17,2,3,0,78,0,0,1.0,Complex,271,60,True
H1,m84137_260214_004236_s1/52626052/ccs,1,17,2,3,0,78,0,0,1.0,Complex,271,60,True
H1,m84137_260214_004236_s1/42795192/ccs,1,17,2,3,0,78,0,0,1.0,Complex,271,60,True
H1,m84137_260214_004236_s1/54265600/ccs,1,17,2,3,0,78,0,0,1.0,Complex,271,60,True
H1,m84137_260214_004236_s1/60885409/ccs,1,17,2,3,0,78,0,0,1.0,Complex,271,60,True
H1,m84137_260214_004236_s1/69274278/ccs,1,17,2,3,0,78,0,0,1.0,Complex,271,60,True
H1,m84137_260214_004236_s1/70322715/ccs,1,17,2,3,0,78,0,0,1.0,Complex,271,60,True
H1,m84137_260214_004236_s1/71829997/ccs,1,17,2,3,0,78,0,0,1.0,Complex,271,60,True
H1,m84137_260214_004236_s1/97059291/ccs,1,17,2,3,0,78,0,0,1.0,Complex,271,60,True
H1,m84137_260214_004236_s1/123406523/ccs,1,17,2,3,0,78,0,0,1.0,Complex,271,60,True
H1,m84137_260214_004236_s1/102501108/ccs,1,17,2,3,0,78,0,0,1.0,Complex,271,60,True
H1,m84137_260214_004236_s1/107088808/ccs,1,17,2,3,0,78,0,0,1.0,Complex,271,60,True
H1,m84137_260214_004236_s1/129304702/ccs,1,17,2,3,0,78,0,0,1.0,Complex,271,60,True
H1,m84137_260214_004236_s1/112723384/ccs,1,17,2,3,0,78,0,0,1.0,Complex,271,60,True
H1,m84137_260214_004236_s1/126093246/ccs,1,17,2,3,0,78,0,0,1.0,Complex,271,60,True
H1,m84137_260214_004236_s1/115671264/ccs,1,17,2,3,0,78,0,0,1.0,Complex,271,60,True
H1,m84137_260214_004236_s1/137298515/ccs,1,17,2,3,0,78,0,0,1.0,Complex,271,60,True
H1,m84137_260214_004236_s1/145883901/ccs,1,17,2,3,0,78,0,0,1.0,Complex,271,60,True
H1,m84137_260214_004236_s1/147915935/ccs,1,17,2,3,0,78,0,0,1.0,Complex,271,60,True
H1,m84137_260214_004236_s1/188418020/ccs,1,17,2,3,0,78,0,0,1.0,Complex,271,60,True
H1,m84137_260214_004236_s1/197396932/ccs,1,17,2,3,0,78,0,0,1.0,Complex,271,60,True
H1,m84137_260214_004236_s1/194906994/ccs,1,16,2,5,0,78,0,0,1.0,Complex,271,60,True
H1,m84137_260214_004236_s1/207882627/ccs,1,17,2,3,0,78,0,0,1.0,Complex,271,60,True
H1,m84137_260214_004236_s1/252379187/ccs,1,17,2,3,0,78,0,0,1.0,Complex,271,60,True
H1,m84137_260214_004236_s1/238092486/ccs,1,17,2,3,0,78,0,0,1.0,Complex,271,60,True
H1,m84137_260214_004236_s1/242745837/ccs,1,17,2,3,0,78,0,0,1.0,Complex,271,60,True
H1,m84137_260214_004236_s1/172364837/ccs,1,17,2,3,0,78,0,0,1.0,Complex,271,60,True
H1,m84137_260214_004236_s1/239077166/ccs,1,17,2,3,0,78,0,0,1.0,Complex,271,60,True
H1,m84137_260214_004236_s1/248449299/ccs,1,17,2,3,0,78,0,0,1.0,Complex,271,60,True
H1,m84137_260214_004236_s1/21696531/ccs,1,17,2,3,0,78,0,0,1.0,Complex,271,60,True
H1,m84137_260214_004236_s1/8195096/ccs,1,17,2,3,0,78,0,0,1.0,Complex,271,60,True
H1,m84137_260214_004236_s1/11472963/ccs,1,17,2,3,0,78,0,0,1.0,Complex,271,60,True
H1,m84137_260214_004236_s1/36638300/ccs,1,17,2,3,0,78,0,0,1.0,Complex,271,60,True
H1,m84137_260214_004236_s1/40244571/ccs,1,17,2,3,0,78,0,0,1.0,Complex,271,60,True
H1,m84137_260214_004236_s1/68491102/ccs,1,17,2,3,0,78,0,0,1.0,Complex,271,60,True
H1,m84137_260214_004236_s1/43192874/ccs,1,17,2,3,0,78,0,0,1.0,Complex,271,60,True
H1,m84137_260214_004236_s1/95751302/ccs,1,17,2,3,0,78,0,0,1.0,Complex,271,60,True
H1,m84137_260214_004236_s1/75698705/ccs,1,17,2,3,0,78,0,0,1.0,Complex,271,60,True
H1,m84137_260214_004236_s1/130552407/ccs,1,17,2,3,0,78,0,0,1.0,Complex,271,60,True
H1,m84137_260214_004236_s1/110761297/ccs,1,17,2,3,0,78,0,0,1.0,Complex,271,60,True
H1,m84137_260214_004236_s1/130946807/ccs,1,17,2,3,0,78,0,0,1.0,Complex,271,60,True
H1,m84137_260214_004236_s1/83694990/ccs,1,17,2,3,0,78,0,0,1.0,Complex,271,60,True
H1,m84137_260214_004236_s1/137891886/ccs,1,17,2,3,0,78,0,0,1.0,Complex,271,60,True
H1,m84137_260214_004236_s1/147656827/ccs,1,17,2,3,0,78,0,0,1.0,Complex,271,60,True
H1,m84137_260214_004236_s1/197989748/ccs,1,17,2,3,0,78,0,0,1.0,Complex,271,60,True
H1,m84137_260214_004236_s1/209391260/ccs,1,17,2,3,0,78,0,0,1.0,Complex,271,60,True
H1,m84137_260214_004236_s1/228463285/ccs,1,17,2,3,0,78,0,0,1.0,Complex,271,60,True
H1,m84137_260214_004236_s1/239210335/ccs,1,17,2,3,0,78,0,0,1.0,Complex,271,60,True
H1,m84137_260214_004236_s1/249369255/ccs,1,17,2,3,0,78,0,0,1.0,Complex,271,60,True
H1,m84137_260214_004236_s1/19006702/ccs,1,17,2,3,0,78,0,0,1.0,Complex,271,60,True
H1,m84137_260214_004236_s1/236847854/ccs,1,17,2,3,0,78,0,0,1.0,Complex,271,60,True
H1,m84137_260214_004236_s1/136320028/ccs,1,17,2,3,0,78,0,0,1.0,Complex,271,60,True
H1,m84137_260214_004236_s1/147456514/ccs,1,17,2,3,0,78,0,0,1.0,Complex,271,60,True
H1,m84137_260214_004236_s1/19005998/ccs,1,17,2,3,0,78,0,0,1.0,Complex,271,60,True
H1,m84137_260214_004236_s1/7995493/ccs,1,17,2,3,0,78,0,0,1.0,Complex,271,60,True
H1,m84137_260214_004236_s1/9112415/ccs,1,17,2,3,0,78,0,0,1.0,Complex,271,60,True
H1,m84137_260214_004236_s1/20842527/ccs,1,17,2,3,0,78,0,0,1.0,Complex,271,60,True
H1,m84137_260214_004236_s1/31458220/ccs,1,17,2,3,0,78,0,0,1.0,Complex,271,60,True
H1,m84137_260214_004236_s1/10094401/ccs,1,17,2,3,0,78,0,0,1.0,Complex,271,60,True
H1,m84137_260214_004236_s1/34276680/ccs,1,17,2,3,0,78,0,0,1.0,Complex,271,60,True
H1,m84137_260214_004236_s1/27918912/ccs,1,17,2,3,0,78,0,0,1.0,Complex,271,60,True
H1,m84137_260214_004236_s1/39911995/ccs,1,17,2,3,0,78,0,0,1.0,Complex,271,60,True
H1,m84137_260214_004236_s1/47972569/ccs,1,17,2,3,0,78,0,0,1.0,Complex,271,60,True
H1,m84137_260214_004236_s1/64292810/ccs,1,17,2,3,0,78,0,0,1.0,Complex,271,60,True
H1,m84137_260214_004236_s1/123339954/ccs,1,17,2,3,0,78,0,0,1.0,Complex,271,60,True
H1,m84137_260214_004236_s1/77859050/ccs,1,17,2,3,0,78,0,0,1.0,Complex,271,60,True
H1,m84137_260214_004236_s1/78119791/ccs,1,17,2,3,0,78,0,0,1.0,Complex,271,60,True
H1,m84137_260214_004236_s1/99681889/ccs,1,17,2,3,0,78,0,0,1.0,Complex,271,60,True
H1,m84137_260214_004236_s1/83167754/ccs,1,17,2,3,0,78,0,0,1.0,Complex,271,60,True
H1,m84137_260214_004236_s1/103025065/ccs,1,17,2,3,0,78,0,0,1.0,Complex,271,60,True
H1,m84137_260214_004236_s1/108528587/ccs,1,17,2,3,0,78,0,0,1.0,Complex,271,60,True
H1,m84137_260214_004236_s1/120392541/ccs,1,17,2,3,0,78,0,0,1.0,Complex,271,60,True
H1,m84137_260214_004236_s1/113116702/ccs,1,17,2,3,0,78,0,0,1.0,Complex,271,60,True
H1,m84137_260214_004236_s1/130547787/ccs,1,17,2,3,0,78,0,0,1.0,Complex,271,60,True
H1,m84137_260214_004236_s1/97914902/ccs,1,17,2,3,0,78,0,0,1.0,Complex,271,60,True
H1,m84137_260214_004236_s1/106762894/ccs,1,17,2,3,0,78,0,0,1.0,Complex,271,60,True
H1,m84137_260214_004236_s1/125244170/ccs,1,17,2,3,0,78,0,0,1.0,Complex,271,60,True
H1,m84137_260214_004236_s1/82775993/ccs,1,17,2,3,0,78,0,0,1.0,Complex,271,60,True
H1,m84137_260214_004236_s1/131207073/ccs,1,17,2,3,0,78,0,0,1.0,Complex,271,60,True
H1,m84137_260214_004236_s1/92209344/ccs,1,17,2,3,0,78,0,0,1.0,Complex,271,60,True
H1,m84137_260214_004236_s1/79036740/ccs,1,17,2,3,0,78,0,0,1.0,Complex,271,60,True
H1,m84137_260214_004236_s1/80020809/ccs,1,17,2,3,0,78,0,0,1.0,Complex,271,60,True
H1,m84137_260214_004236_s1/76480572/ccs,1,17,2,3,0,78,0,0,1.0,Complex,271,60,True
H1,m84137_260214_004236_s1/80676543/ccs,1,17,2,3,0,78,0,0,1.0,Complex,271,60,True
H1,m84137_260214_004236_s1/148966493/ccs,1,17,2,3,0,78,0,0,1.0,Complex,271,60,True
H1,m84137_260214_004236_s1/201593557/ccs,1,17,2,3,0,78,0,0,1.0,Complex,271,60,True
H1,m84137_260214_004236_s1/219811123/ccs,1,17,2,3,0,78,0,0,1.0,Complex,271,60,True
H1,m84137_260214_004236_s1/198578377/ccs,1,17,2,3,0,78,0,0,1.0,Complex,271,60,True
H1,m84137_260214_004236_s1/203428756/ccs,1,17,2,3,0,78,0,0,1.0,Complex,271,60,True
H1,m84137_260214_004236_s1/205657296/ccs,1,17,2,3,0,78,0,0,1.0,Complex,271,60,True
H1,m84137_260214_004236_s1/229250608/ccs,1,17,2,3,0,78,0,0,1.0,Complex,271,60,True
H1,m84137_260214_004236_s1/252908090/ccs,1,17,2,3,0,78,0,0,1.0,Complex,271,60,True
H1,m84137_260214_004236_s1/242684535/ccs,1,17,2,3,0,78,0,0,1.0,Complex,271,60,True
H1,m84137_260214_004236_s1/214962803/ccs,1,17,2,3,0,78,0,0,1.0,Complex,271,60,True
H1,m84137_260214_004236_s1/238883373/ccs,1,17,2,3,0,78,0,0,1.0,Complex,271,60,True
H1,m84137_260214_004236_s1/216994932/ccs,1,17,2,3,0,78,0,0,1.0,Complex,271,60,True
H1,m84137_260214_004236_s1/230822130/ccs,1,17,2,3,0,78,0,0,1.0,Complex,271,60,True
H1,m84137_260214_004236_s1/87360950/ccs,1,17,2,3,0,78,0,0,1.0,Complex,271,60,True
H1,m84137_260214_004236_s1/97650579/ccs,1,17,2,3,0,78,0,0,1.0,Complex,271,60,True
H1,m84137_260214_004236_s1/130221003/ccs,1,17,2,3,0,78,0,0,1.0,Complex,271,60,True
H1,m84137_260214_004236_s1/152765018/ccs,1,17,2,3,0,78,0,0,1.0,Complex,271,60,True
H1,m84137_260214_004236_s1/207749434/ccs,1,17,2,3,0,78,0,0,1.0,Complex,271,60,True
H1,m84137_260214_004236_s1/133043452/ccs,1,17,2,3,0,78,0,0,1.0,Complex,271,60,True
H1,m84137_260214_004236_s1/137498065/ccs,1,17,2,3,0,78,0,0,1.0,Complex,271,60,True
H1,m84137_260214_004236_s1/158535615/ccs,1,17,2,3,0,78,0,0,1.0,Complex,271,60,True
H1,m84137_260214_004236_s1/138024433/ccs,1,17,2,3,0,78,0,0,1.0,Complex,271,60,True
H1,m84137_260214_004236_s1/174788491/ccs,1,17,2,3,0,78,0,0,1.0,Complex,271,60,True
H1,m84137_260214_004236_s1/175050431/ccs,1,17,2,3,0,78,0,0,1.0,Complex,271,60,True
H1,m84137_260214_004236_s1/147656995/ccs,1,17,2,3,0,78,0,0,1.0,Complex,271,60,True
H1,m84137_260214_004236_s1/231475137/ccs,1,17,2,3,0,78,0,0,1.0,Complex,271,60,True
H1,m84137_260214_004236_s1/22811029/ccs,1,17,2,3,0,78,0,0,1.0,Complex,271,60,True
H1,m84137_260214_004236_s1/65736443/ccs,1,17,2,3,0,78,0,0,1.0,Complex,271,60,True
H1,m84137_260214_004236_s1/120657835/ccs,1,17,2,3,0,78,0,0,1.0,Complex,271,60,True
H1,m84137_260214_004236_s1/176488791/ccs,1,17,2,3,0,78,0,0,1.0,Complex,271,60,True
H1,m84137_260214_004236_s1/14091820/ccs,1,17,2,3,0,78,0,0,1.0,Complex,271,60,True
H1,m84137_260214_004236_s1/43780371/ccs,1,17,2,3,0,78,0,0,1.0,Complex,271,60,True
H1,m84137_260214_004236_s1/246027453/ccs,1,17,2,3,0,78,0,0,1.0,Complex,271,60,True
H1,m84137_260214_004236_s1/249238595/ccs,1,17,2,3,0,78,0,0,1.0,Complex,271,60,True
H1,m84137_260214_004236_s1/54265776/ccs,1,17,2,3,0,78,0,0,1.0,Complex,271,60,True
H1,m84137_260214_004236_s1/160303623/ccs,1,17,2,3,0,78,0,0,1.0,Complex,271,60,True
H1,m84137_260214_004236_s1/82842207/ccs,1,17,2,3,0,78,0,0,1.0,Complex,271,60,True
H1,m84137_260214_004236_s1/227606686/ccs,1,17,2,3,0,78,0,0,1.0,Complex,271,60,True
H1,m84137_260214_004236_s1/202834373/ccs,1,17,2,3,0,78,0,0,1.0,Complex,271,60,True
H1,m84137_260214_004236_s1/104137620/ccs,1,17,2,3,0,78,0,0,1.0,Complex,271,60,True
H1,m84137_260214_004236_s1/169673539/ccs,1,17,2,3,0,78,0,0,1.0,Complex,271,60,True
H1,m84137_260214_004236_s1/194773494/ccs,1,17,2,3,0,78,0,0,1.0,Complex,271,60,True
H1,m84137_260214_004236_s1/257625250/ccs,1,17,2,3,0,78,0,0,1.0,Complex,271,60,True
H1,m84137_260214_004236_s1/63968440/ccs,1,17,2,3,0,78,0,0,1.0,Complex,271,60,True
H1,m84137_260214_004236_s1/60691920/ccs,1,17,2,3,0,78,0,0,1.0,Complex,271,60,True
H1,m84137_260214_004236_s1/71110872/ccs,1,17,2,3,0,78,0,0,1.0,Complex,271,60,True
H1,m84137_260214_004236_s1/90705653/ccs,1,17,2,3,0,78,0,0,1.0,Complex,271,60,True
H1,m84137_260214_004236_s1/231343255/ccs,1,17,2,3,0,78,0,0,1.0,Complex,271,60,True
H1,m84137_260214_004236_s1/144376546/ccs,1,17,2,3,0,78,0,0,1.0,Complex,271,60,True
H1,m84137_260214_004236_s1/253822071/ccs,1,17,2,3,0,78,0,0,1.0,Complex,271,60,True
H1,m84137_260214_004236_s1/143262117/ccs,1,17,2,3,0,78,0,0,1.0,Complex,271,60,True
H1,m84137_260214_004236_s1/161546383/ccs,1,17,2,3,0,78,0,0,1.0,Complex,271,60,True
H1,m84137_260214_004236_s1/191432878/ccs,1,17,2,3,0,78,0,0,1.0,Complex,271,60,True
H1,m84137_260214_004236_s1/175506081/ccs,1,17,2,3,0,78,0,0,1.0,Complex,271,60,True
H1,m84137_260214_004236_s1/240978190/ccs,1,16,2,5,0,79,0,0,1.0,Complex,271,60,True
H1,m84137_260214_004236_s1/238552975/ccs,1,17,2,3,0,78,0,0,1.0,Complex,271,60,True
H1,m84137_260214_004236_s1/259852661/ccs,1,17,2,3,0,78,0,0,1.0,Complex,271,60,True
H1,m84137_260214_004236_s1/11998446/ccs,1,17,2,3,0,78,0,0,1.0,Complex,271,60,True
H1,m84137_260214_004236_s1/33231375/ccs,1,17,2,3,0,78,0,0,1.0,Complex,271,60,True
H1,m84137_260214_004236_s1/14356673/ccs,1,17,2,3,0,78,0,0,1.0,Complex,271,60,True
H1,m84137_260214_004236_s1/198773162/ccs,1,17,2,3,0,78,0,0,1.0,Complex,271,60,True
H1,m84137_260214_004236_s1/136512419/ccs,1,17,2,3,0,78,0,0,1.0,Complex,271,60,True
H1,m84137_260214_004236_s1/154142121/ccs,1,17,2,3,0,78,0,0,1.0,Complex,271,60,True
H1,m84137_260214_004236_s1/146146586/ccs,1,17,2,3,0,78,0,0,1.0,Complex,271,60,True
H1,m84137_260214_004236_s1/19335775/ccs,1,17,2,3,0,78,0,0,1.0,Complex,271,60,True
H1,m84137_260214_004236_s1/18481593/ccs,1,17,2,3,0,78,0,0,1.0,Complex,271,60,True
H1,m84137_260214_004236_s1/114429841/ccs,1,17,2,3,0,78,0,0,1.0,Complex,271,60,True
H1,m84137_260214_004236_s1/100731305/ccs,1,16,3,3,0,79,0,0,1.0,Complex,272,60,True
H1,m84137_260214_004236_s1/10688263/ccs,1,16,3,3,0,79,0,0,1.0,Complex,272,60,True
H1,m84137_260214_004236_s1/19529960/ccs,1,16,3,7,0,79,0,0,1.0,Complex,272,60,True
H1,m84137_260214_004236_s1/150278678/ccs,1,17,2,5,0,79,0,0,1.0,Complex,272,60,True
H1,m84137_260214_004236_s1/29562334/ccs,1,17,2,3,0,79,0,0,1.0,Complex,272,60,True
H1,m84137_260214_004236_s1/213718607/ccs,1,17,2,3,0,79,0,0,1.0,Complex,272,60,True
H1,m84137_260214_004236_s1/170983547/ccs,1,16,3,3,0,79,0,0,1.0,Complex,272,60,True
H1,m84137_260214_004236_s1/184550078/ccs,1,16,3,3,0,79,0,0,1.0,Complex,272,60,True
H1,m84137_260214_004236_s1/111018508/ccs,1,17,2,3,0,80,0,0,1.0,Complex,273,60,True
H1,m84137_260214_004236_s1/238944689/ccs,1,16,4,3,0,80,0,0,1.0,Complex,273,60,True
H1,m84137_260214_004236_s1/159713175/ccs,1,17,2,3,0,80,0,0,1.0,Complex,273,60,True
H1,m84137_260214_004236_s1/97846105/ccs,1,17,2,3,0,80,0,0,1.0,Complex,273,60,True
H1,m84137_260214_004236_s1/115802615/ccs,1,17,2,3,0,80,0,0,1.0,Complex,273,60,True
H1,m84137_260214_004236_s1/29754839/ccs,1,16,3,8,0,80,0,0,1.0,Complex,273,60,True
H1,m84137_260214_004236_s1/77136270/ccs,1,17,2,5,0,80,0,0,1.0,Complex,273,60,True
H1,m84137_260214_004236_s1/148247064/ccs,1,17,3,11,0,80,0,0,1.0,Complex,273,60,True
H1,m84137_260214_004236_s1/26149168/ccs,1,16,3,3,0,80,0,0,1.0,Complex,273,60,True
H1,m84137_260214_004236_s1/85528373/ccs,1,17,2,3,0,80,0,0,1.0,Complex,273,60,True
H1,m84137_260214_004236_s1/204345494/ccs,1,17,2,3,0,81,0,0,1.0,Complex,274,60,True
H1,m84137_260214_004236_s1/186385495/ccs,1,17,2,5,0,81,1,0,1.0,Complex,274,60,True
H1,m84137_260214_004236_s1/54528878/ccs,1,17,2,3,0,81,0,0,1.0,Complex,274,60,True
H1,m84137_260214_004236_s1/93195090/ccs,1,17,2,3,0,81,0,0,1.0,Complex,274,60,True
H1,m84137_260214_004236_s1/82575911/ccs,1,17,2,3,0,81,0,0,1.0,Complex,274,60,True
H1,m84137_260214_004236_s1/100599573/ccs,1,17,2,3,0,81,0,0,1.0,Complex,274,60,True
H1,m84137_260214_004236_s1/130679017/ccs,1,17,2,3,0,81,0,0,1.0,Complex,274,60,True
H1,m84137_260214_004236_s1/127929239/ccs,1,17,2,3,0,81,0,0,1.0,Complex,274,60,True
H1,m84137_260214_004236_s1/132385236/ccs,1,17,2,3,0,81,0,0,1.0,Complex,274,60,True
H1,m84137_260214_004236_s1/143132507/ccs,1,17,2,3,0,81,0,0,1.0,Complex,274,60,True
H1,m84137_260214_004236_s1/166396259/ccs,1,17,2,3,0,81,0,0,1.0,Complex,274,60,True
H1,m84137_260214_004236_s1/204080175/ccs,1,17,2,3,0,81,0,0,1.0,Complex,274,60,True
H1,m84137_260214_004236_s1/183765807/ccs,1,17,2,3,0,81,0,0,1.0,Complex,274,60,True
H1,m84137_260214_004236_s1/238421814/ccs,1,17,2,3,0,81,0,0,1.0,Complex,274,60,True
H1,m84137_260214_004236_s1/259916628/ccs,1,17,2,3,0,81,0,0,1.0,Complex,274,60,True
H1,m84137_260214_004236_s1/238880322/ccs,1,17,2,3,0,81,0,0,1.0,Complex,274,60,True
H1,m84137_260214_004236_s1/250085660/ccs,1,17,2,3,0,81,0,0,1.0,Complex,274,60,True
H1,m84137_260214_004236_s1/34147588/ccs,1,17,2,3,0,81,0,0,1.0,Complex,274,60,True
H1,m84137_260214_004236_s1/81793027/ccs,1,17,2,3,0,81,0,0,1.0,Complex,274,60,True
H1,m84137_260214_004236_s1/160962288/ccs,1,17,2,3,0,81,0,0,1.0,Complex,274,60,True
H1,m84137_260214_004236_s1/202184555/ccs,1,17,2,3,0,81,0,0,1.0,Complex,274,60,True
H1,m84137_260214_004236_s1/231017517/ccs,1,17,2,3,0,81,0,0,1.0,Complex,274,60,True
H1,m84137_260214_004236_s1/82184075/ccs,1,17,2,3,0,81,0,0,1.0,Complex,274,60,True
H1,m84137_260214_004236_s1/118818998/ccs,1,17,2,3,0,81,0,0,1.0,Complex,274,60,True
H1,m84137_260214_004236_s1/133039698/ccs,1,17,2,3,0,81,0,0,1.0,Complex,274,60,True
H1,m84137_260214_004236_s1/161218998/ccs,1,17,2,3,0,81,0,0,1.0,Complex,274,60,True
H1,m84137_260214_004236_s1/217254442/ccs,1,17,2,3,0,81,0,0,1.0,Complex,274,60,True
H1,m84137_260214_004236_s1/119935574/ccs,1,17,2,3,0,81,0,0,1.0,Complex,274,60,True
H1,m84137_260214_004236_s1/31394914/ccs,1,17,2,3,0,81,0,0,1.0,Complex,274,60,True
H1,m84137_260214_004236_s1/147394774/ccs,1,17,2,3,0,81,0,0,1.0,Complex,274,60,True
H1,m84137_260214_004236_s1/247992158/ccs,1,17,2,3,0,81,0,0,1.0,Complex,274,60,True
H1,m84137_260214_004236_s1/20449725/ccs,1,17,2,3,0,81,0,0,1.0,Complex,274,60,True
H1,m84137_260214_004236_s1/33360630/ccs,1,17,2,3,0,81,0,0,1.0,Complex,274,60,True
H1,m84137_260214_004236_s1/59639042/ccs,1,17,2,3,0,81,0,0,1.0,Complex,274,60,True
H1,m84137_260214_004236_s1/60686746/ccs,1,17,2,3,0,81,0,0,1.0,Complex,274,60,True
H1,m84137_260214_004236_s1/73860566/ccs,1,17,2,3,0,81,0,0,1.0,Complex,274,60,True
H1,m84137_260214_004236_s1/84935614/ccs,1,17,2,3,0,81,0,0,1.0,Complex,274,60,True
H1,m84137_260214_004236_s1/95421772/ccs,1,17,2,3,0,81,0,0,1.0,Complex,274,60,True
H1,m84137_260214_004236_s1/211554275/ccs,1,17,2,3,0,81,0,0,1.0,Complex,274,60,True
H1,m84137_260214_004236_s1/23598590/ccs,1,17,2,3,0,81,0,0,1.0,Complex,274,60,True
H1,m84137_260214_004236_s1/149555625/ccs,1,17,2,3,0,81,0,0,1.0,Complex,274,60,True
H1,m84137_260214_004236_s1/220792155/ccs,1,17,2,3,0,81,0,0,1.0,Complex,274,60,True
H1,m84137_260214_004236_s1/191825981/ccs,1,17,2,3,0,81,0,0,1.0,Complex,274,60,True
H1,m84137_260214_004236_s1/184686469/ccs,1,17,2,3,0,81,0,0,1.0,Complex,274,60,True
H1,m84137_260214_004236_s1/28705704/ccs,1,17,2,3,0,81,0,0,1.0,Complex,274,60,True
H1,m84137_260214_004236_s1/32901731/ccs,1,17,2,3,0,81,0,0,1.0,Complex,274,60,True
H1,m84137_260214_004236_s1/59574288/ccs,1,17,2,3,0,81,0,0,1.0,Complex,274,60,True
H1,m84137_260214_004236_s1/72943667/ccs,1,17,2,3,0,81,0,0,1.0,Complex,274,60,True
H1,m84137_260214_004236_s1/89260803/ccs,1,17,2,3,0,81,0,0,1.0,Complex,274,60,True
H1,m84137_260214_004236_s1/117637884/ccs,1,17,2,3,0,81,0,0,1.0,Complex,274,60,True
H1,m84137_260214_004236_s1/106956160/ccs,1,17,2,3,0,81,0,0,1.0,Complex,274,60,True
H1,m84137_260214_004236_s1/112395322/ccs,1,17,2,3,0,81,0,0,1.0,Complex,274,60,True
H1,m84137_260214_004236_s1/93460079/ccs,1,17,2,3,0,81,0,0,1.0,Complex,274,60,True
H1,m84137_260214_004236_s1/104731879/ccs,1,17,2,3,0,81,0,0,1.0,Complex,274,60,True
H1,m84137_260214_004236_s1/66586931/ccs,1,17,2,3,0,81,0,0,1.0,Complex,274,60,True
H1,m84137_260214_004236_s1/70713422/ccs,1,17,2,3,0,81,0,0,1.0,Complex,274,60,True
H1,m84137_260214_004236_s1/95882013/ccs,1,17,2,3,0,81,0,0,1.0,Complex,274,60,True
H1,m84137_260214_004236_s1/93127230/ccs,1,17,2,3,0,81,0,0,1.0,Complex,274,60,True
H1,m84137_260214_004236_s1/96011826/ccs,1,17,2,3,0,81,0,0,1.0,Complex,274,60,True
H1,m84137_260214_004236_s1/176427840/ccs,1,17,2,3,0,81,0,0,1.0,Complex,274,60,True
H1,m84137_260214_004236_s1/222563683/ccs,1,17,2,3,0,81,0,0,1.0,Complex,274,60,True
H1,m84137_260214_004236_s1/205591276/ccs,1,17,2,3,0,81,0,0,1.0,Complex,274,60,True
H1,m84137_260214_004236_s1/258739724/ccs,1,17,2,3,0,81,0,0,1.0,Complex,274,60,True
H1,m84137_260214_004236_s1/243667092/ccs,1,17,2,3,0,81,0,0,1.0,Complex,274,60,True
H1,m84137_260214_004236_s1/214962994/ccs,1,17,2,3,0,81,0,0,1.0,Complex,274,60,True
H1,m84137_260214_004236_s1/216141460/ccs,1,17,2,3,0,81,0,0,1.0,Complex,274,60,True
H1,m84137_260214_004236_s1/107544824/ccs,1,17,2,3,0,81,0,0,1.0,Complex,274,60,True
H1,m84137_260214_004236_s1/157417860/ccs,1,17,2,3,0,81,0,0,1.0,Complex,274,60,True
H1,m84137_260214_004236_s1/211421615/ccs,1,17,2,3,0,81,0,0,1.0,Complex,274,60,True
H1,m84137_260214_004236_s1/141039437/ccs,1,17,2,3,0,81,0,0,1.0,Complex,274,60,True
H1,m84137_260214_004236_s1/114955850/ccs,1,17,2,3,0,81,0,0,1.0,Complex,274,60,True
H1,m84137_260214_004236_s1/116264240/ccs,1,17,2,3,0,81,0,0,1.0,Complex,274,60,True
H1,m84137_260214_004236_s1/173741805/ccs,1,17,2,3,0,81,0,0,1.0,Complex,274,60,True
H1,m84137_260214_004236_s1/104926420/ccs,1,17,2,3,0,81,0,0,1.0,Complex,274,60,True
H1,m84137_260214_004236_s1/114494813/ccs,1,17,2,3,0,81,0,0,1.0,Complex,274,60,True
H1,m84137_260214_004236_s1/148443411/ccs,1,17,2,3,0,81,0,0,1.0,Complex,274,60,True
H1,m84137_260214_004236_s1/258606365/ccs,1,17,2,3,0,81,0,0,1.0,Complex,274,60,True
H1,m84137_260214_004236_s1/16779268/ccs,1,17,2,3,0,81,0,0,1.0,Complex,274,60,True
H1,m84137_260214_004236_s1/217585463/ccs,1,17,2,3,0,81,0,0,1.0,Complex,274,60,True
H1,m84137_260214_004236_s1/21563299/ccs,1,17,2,3,0,81,0,0,1.0,Complex,274,60,True
H1,m84137_260214_004236_s1/27396471/ccs,1,17,2,3,0,81,0,0,1.0,Complex,274,60,True
H1,m84137_260214_004236_s1/134810252/ccs,1,17,2,3,0,81,0,0,1.0,Complex,274,60,True
H1,m84137_260214_004236_s1/114886369/ccs,1,17,2,3,0,81,0,0,1.0,Complex,274,60,True
H1,m84137_260214_004236_s1/220858414/ccs,1,17,2,3,0,81,0,0,1.0,Complex,274,60,True
H1,m84137_260214_004236_s1/203818871/ccs,1,17,2,3,0,81,0,0,1.0,Complex,274,60,True
H1,m84137_260214_004236_s1/228852795/ccs,1,17,2,3,0,81,0,0,1.0,Complex,274,60,True
H1,m84137_260214_004236_s1/236784353/ccs,1,17,2,3,0,81,0,0,1.0,Complex,274,60,True
H1,m84137_260214_004236_s1/2624773/ccs,1,17,2,3,0,81,0,0,1.0,Complex,274,60,True
H1,m84137_260214_004236_s1/26350357/ccs,1,17,2,3,0,81,0,0,1.0,Complex,274,60,True
H1,m84137_260214_004236_s1/26744241/ccs,1,17,2,3,0,81,0,0,1.0,Complex,274,60,True
H1,m84137_260214_004236_s1/15799828/ccs,1,17,2,3,0,81,0,0,1.0,Complex,274,60,True
H1,m84137_260214_004236_s1/69276197/ccs,1,17,2,3,0,81,0,0,1.0,Complex,274,60,True
H1,m84137_260214_004236_s1/47189874/ccs,1,17,2,3,0,81,0,0,1.0,Complex,274,60,True
H1,m84137_260214_004236_s1/100732863/ccs,1,17,2,3,0,81,0,0,1.0,Complex,274,60,True
H1,m84137_260214_004236_s1/101454881/ccs,1,17,2,3,0,81,0,0,1.0,Complex,274,60,True
H1,m84137_260214_004236_s1/99552800/ccs,1,17,2,3,0,81,0,0,1.0,Complex,274,60,True
H1,m84137_260214_004236_s1/129242202/ccs,1,17,2,3,0,81,0,0,1.0,Complex,274,60,True
H1,m84137_260214_004236_s1/164302520/ccs,1,17,2,3,0,81,0,0,1.0,Complex,274,60,True
H1,m84137_260214_004236_s1/145690083/ccs,1,17,2,3,0,81,0,0,1.0,Complex,274,60,True
H1,m84137_260214_004236_s1/174593956/ccs,1,17,2,3,0,81,0,0,1.0,Complex,274,60,True
H1,m84137_260214_004236_s1/198381320/ccs,1,17,2,3,0,81,0,0,1.0,Complex,274,60,True
H1,m84137_260214_004236_s1/224203942/ccs,1,17,2,3,0,81,0,0,1.0,Complex,274,60,True
H1,m84137_260214_004236_s1/206704592/ccs,1,17,2,3,0,81,0,0,1.0,Complex,274,60,True
H1,m84137_260214_004236_s1/241178206/ccs,1,17,2,3,0,81,0,0,1.0,Complex,274,60,True
H1,m84137_260214_004236_s1/261362032/ccs,1,17,2,3,0,81,0,0,1.0,Complex,274,60,True
H1,m84137_260214_004236_s1/36898622/ccs,1,17,2,3,0,81,0,0,1.0,Complex,274,60,True
H1,m84137_260214_004236_s1/88020262/ccs,1,17,2,3,0,81,0,0,1.0,Complex,274,60,True
H1,m84137_260214_004236_s1/90770440/ccs,1,17,2,3,0,81,0,0,1.0,Complex,274,60,True
H1,m84137_260214_004236_s1/91098970/ccs,1,17,2,3,0,81,0,0,1.0,Complex,274,60,True
H1,m84137_260214_004236_s1/148374792/ccs,1,17,2,3,0,81,0,0,1.0,Complex,274,60,True
H1,m84137_260214_004236_s1/213453852/ccs,1,17,2,3,0,81,0,0,1.0,Complex,274,60,True
H1,m84137_260214_004236_s1/49681745/ccs,1,17,2,3,0,81,0,0,1.0,Complex,274,60,True
H1,m84137_260214_004236_s1/165610171/ccs,1,17,2,3,0,81,0,0,1.0,Complex,274,60,True
H1,m84137_260214_004236_s1/218696622/ccs,1,17,2,3,0,81,0,0,1.0,Complex,274,60,True
H1,m84137_260214_004236_s1/46993790/ccs,1,17,2,3,0,81,0,0,1.0,Complex,274,60,True
H1,m84137_260214_004236_s1/142872344/ccs,1,17,2,3,0,81,0,0,1.0,Complex,274,60,True
H1,m84137_260214_004236_s1/145558948/ccs,1,17,2,3,0,81,0,0,1.0,Complex,274,60,True
H1,m84137_260214_004236_s1/169414771/ccs,1,17,2,3,0,81,0,0,1.0,Complex,274,60,True
H1,m84137_260214_004236_s1/18154050/ccs,1,17,2,3,0,81,0,0,1.0,Complex,274,60,True
H1,m84137_260214_004236_s1/5571523/ccs,1,17,2,3,0,81,0,0,1.0,Complex,274,60,True
H1,m84137_260214_004236_s1/50727800/ccs,1,17,2,3,0,81,0,0,1.0,Complex,274,60,True
H1,m84137_260214_004236_s1/59902857/ccs,1,17,2,3,0,81,0,0,1.0,Complex,274,60,True
H1,m84137_260214_004236_s1/93847606/ccs,1,17,2,3,0,81,0,0,1.0,Complex,274,60,True
H1,m84137_260214_004236_s1/124322352/ccs,1,17,2,3,0,81,0,0,1.0,Complex,274,60,True
H1,m84137_260214_004236_s1/124586428/ccs,1,17,2,3,0,81,0,0,1.0,Complex,274,60,True
H1,m84137_260214_004236_s1/124650207/ccs,1,17,2,3,0,81,0,0,1.0,Complex,274,60,True
H1,m84137_260214_004236_s1/104728460/ccs,1,17,2,3,0,81,0,0,1.0,Complex,274,60,True
H1,m84137_260214_004236_s1/126551224/ccs,1,17,2,3,0,81,0,0,1.0,Complex,274,60,True
H1,m84137_260214_004236_s1/151325300/ccs,1,17,2,3,0,81,0,0,1.0,Complex,274,60,True
H1,m84137_260214_004236_s1/163055820/ccs,1,17,2,3,0,81,0,0,1.0,Complex,274,60,True
H1,m84137_260214_004236_s1/190840932/ccs,1,17,2,3,0,81,0,0,1.0,Complex,274,60,True
H1,m84137_260214_004236_s1/194970872/ccs,1,17,2,3,0,81,0,0,1.0,Complex,274,60,True
H1,m84137_260214_004236_s1/209781724/ccs,1,17,2,3,0,81,0,0,1.0,Complex,274,60,True
H1,m84137_260214_004236_s1/213583800/ccs,1,16,3,5,0,81,0,0,1.0,Complex,274,60,True
H1,m84137_260214_004236_s1/213713100/ccs,1,17,2,3,0,81,0,0,1.0,Complex,274,60,True
H1,m84137_260214_004236_s1/233047933/ccs,1,17,2,3,0,81,0,0,1.0,Complex,274,60,True
H1,m84137_260214_004236_s1/160563932/ccs,1,17,2,3,0,81,0,0,1.0,Complex,274,60,True
H1,m84137_260214_004236_s1/185599384/ccs,1,17,2,3,0,81,0,0,1.0,Complex,274,60,True
H1,m84137_260214_004236_s1/170263576/ccs,1,17,2,3,0,81,0,0,1.0,Complex,274,60,True
H1,m84137_260214_004236_s1/188943160/ccs,1,17,2,3,0,81,0,0,1.0,Complex,274,60,True
H1,m84137_260214_004236_s1/215484037/ccs,1,17,2,3,0,81,0,0,1.0,Complex,274,60,True
H1,m84137_260214_004236_s1/242158166/ccs,1,17,2,3,0,81,0,0,1.0,Complex,274,60,True
H1,m84137_260214_004236_s1/217646101/ccs,1,17,2,3,0,81,0,0,1.0,Complex,274,60,True
H1,m84137_260214_004236_s1/265291667/ccs,1,17,2,3,0,81,0,0,1.0,Complex,274,60,True
H1,m84137_260214_004236_s1/9375423/ccs,1,17,2,3,0,81,0,0,1.0,Complex,274,60,True
H1,m84137_260214_004236_s1/221514308/ccs,1,17,2,3,0,81,0,0,1.0,Complex,274,60,True
H1,m84137_260214_004236_s1/137298868/ccs,1,17,2,3,0,81,0,0,1.0,Complex,274,60,True
H1,m84137_260214_004236_s1/159517434/ccs,1,17,2,3,0,81,0,0,1.0,Complex,274,60,True
H1,m84137_260214_004236_s1/219419956/ccs,1,17,2,3,0,81,0,0,1.0,Complex,274,60,True
H1,m84137_260214_004236_s1/87887721/ccs,1,17,2,3,0,81,0,0,1.0,Complex,274,60,True
H1,m84137_260214_004236_s1/165283876/ccs,1,17,3,3,0,82,0,0,1.0,Complex,275,60,True
H1,m84137_260214_004236_s1/12845417/ccs,1,17,2,5,0,82,0,0,1.0,Complex,275,60,True
H1,m84137_260214_004236_s1/103418312/ccs,1,17,2,3,0,82,0,0,1.0,Complex,275,60,True
H1,m84137_260214_004236_s1/250550042/ccs,1,17,2,5,0,84,2,0,1.0,Complex,275,60,True
H1,m84137_260214_004236_s1/14225739/ccs,1,17,3,3,0,82,0,0,1.0,Complex,275,60,True
H1,m84137_260214_004236_s1/80872229/ccs,1,17,2,3,0,83,0,0,1.0,Complex,276,60,True
H1,m84137_260214_004236_s1/244385214/ccs,1,17,2,3,0,83,0,0,1.0,Complex,276,60,True
H1,m84137_260214_004236_s1/225510444/ccs,1,17,2,3,0,84,0,0,1.0,Complex,277,60,True
H1,m84137_260214_004236_s1/191694447/ccs,1,17,2,3,0,84,0,0,1.0,Complex,277,60,True
H1,m84137_260214_004236_s1/70978212/ccs,1,17,2,3,0,84,0,0,1.0,Complex,277,60,True
H1,m84137_260214_004236_s1/3016697/ccs,1,17,2,5,0,85,0,0,1.0,Complex,277,60,True
H1,m84137_260214_004236_s1/27398405/ccs,1,17,2,7,0,84,0,0,1.0,Complex,277,60,True
H1,m84137_260214_004236_s1/177997498/ccs,1,17,2,3,0,84,0,0,1.0,Complex,277,60,True
H1,m84137_260214_004236_s1/13369415/ccs,1,17,2,3,0,84,0,0,1.0,Complex,277,60,True
H1,m84137_260214_004236_s1/53086332/ccs,1,17,2,3,0,84,0,0,1.0,Complex,277,60,True
H1,m84137_260214_004236_s1/75434301/ccs,1,17,2,3,0,84,0,0,1.0,Complex,277,60,True
H1,m84137_260214_004236_s1/100729519/ccs,1,17,2,3,0,84,0,0,1.0,Complex,277,60,True
H1,m84137_260214_004236_s1/122486880/ccs,1,17,2,3,0,84,0,0,1.0,Complex,277,60,True
H1,m84137_260214_004236_s1/146934610/ccs,1,17,2,3,0,84,0,0,1.0,Complex,277,60,True
H1,m84137_260214_004236_s1/164432760/ccs,1,17,2,3,0,84,0,0,1.0,Complex,277,60,True
H1,m84137_260214_004236_s1/203817941/ccs,1,17,2,3,0,84,0,0,1.0,Complex,277,60,True
H1,m84137_260214_004236_s1/235341033/ccs,1,17,2,3,0,84,0,0,1.0,Complex,277,60,True
H1,m84137_260214_004236_s1/239142996/ccs,1,17,2,3,0,84,0,0,1.0,Complex,277,60,True
H1,m84137_260214_004236_s1/34739112/ccs,1,17,2,5,0,84,0,0,1.0,Complex,277,60,True
H1,m84137_260214_004236_s1/58593374/ccs,1,17,2,3,0,84,0,0,1.0,Complex,277,60,True
H1,m84137_260214_004236_s1/117772419/ccs,1,17,2,3,0,84,0,0,1.0,Complex,277,60,True
H1,m84137_260214_004236_s1/208540238/ccs,1,17,2,3,0,84,0,0,1.0,Complex,277,60,True
H1,m84137_260214_004236_s1/204806012/ccs,1,17,2,3,0,84,0,0,1.0,Complex,277,60,True
H1,m84137_260214_004236_s1/206115486/ccs,1,17,2,3,0,84,0,0,1.0,Complex,277,60,True
H1,m84137_260214_004236_s1/183569978/ccs,1,17,2,3,0,84,0,0,1.0,Complex,277,60,True
H1,m84137_260214_004236_s1/238228047/ccs,1,17,2,3,0,84,0,0,1.0,Complex,277,60,True
H1,m84137_260214_004236_s1/245371419/ccs,1,17,2,3,0,84,0,0,1.0,Complex,277,60,True
H1,m84137_260214_004236_s1/226955678/ccs,1,17,2,3,0,84,0,0,1.0,Complex,277,60,True
H1,m84137_260214_004236_s1/103946073/ccs,1,17,2,3,0,84,0,0,1.0,Complex,277,60,True
H1,m84137_260214_004236_s1/158140653/ccs,1,17,2,3,0,84,0,0,1.0,Complex,277,60,True
H1,m84137_260214_004236_s1/245634505/ccs,1,17,2,3,0,84,0,0,1.0,Complex,277,60,True
H1,m84137_260214_004236_s1/56036325/ccs,1,17,2,3,0,84,0,0,1.0,Complex,277,60,True
H1,m84137_260214_004236_s1/33426129/ccs,1,17,2,3,0,84,0,0,1.0,Complex,277,60,True
H1,m84137_260214_004236_s1/153619070/ccs,1,17,2,3,0,84,0,0,1.0,Complex,277,60,True
H1,m84137_260214_004236_s1/64489370/ccs,1,17,2,3,0,84,0,0,1.0,Complex,277,60,True
H1,m84137_260214_004236_s1/94306882/ccs,1,17,2,3,0,84,0,0,1.0,Complex,277,60,True
H1,m84137_260214_004236_s1/23134529/ccs,1,17,2,3,0,84,0,0,1.0,Complex,277,60,True
H1,m84137_260214_004236_s1/2623112/ccs,1,17,2,3,0,84,0,0,1.0,Complex,277,60,True
H1,m84137_260214_004236_s1/37487796/ccs,1,17,2,3,0,84,0,0,1.0,Complex,277,60,True
H1,m84137_260214_004236_s1/42009268/ccs,1,17,2,3,0,84,0,0,1.0,Complex,277,60,True
H1,m84137_260214_004236_s1/95553077/ccs,1,17,2,3,0,84,0,0,1.0,Complex,277,60,True
H1,m84137_260214_004236_s1/95749562/ccs,1,17,2,3,0,84,0,0,1.0,Complex,277,60,True
H1,m84137_260214_004236_s1/129632287/ccs,1,17,2,3,0,84,0,0,1.0,Complex,277,60,True
H1,m84137_260214_004236_s1/146800992/ccs,1,17,2,3,0,84,0,0,1.0,Complex,277,60,True
H1,m84137_260214_004236_s1/147327994/ccs,1,17,2,3,0,84,0,0,1.0,Complex,277,60,True
H1,m84137_260214_004236_s1/184944595/ccs,1,17,2,3,0,84,0,0,1.0,Complex,277,60,True
H1,m84137_260214_004236_s1/168887993/ccs,1,17,2,3,0,84,0,0,1.0,Complex,277,60,True
H1,m84137_260214_004236_s1/185600210/ccs,1,17,2,3,0,84,0,0,1.0,Complex,277,60,True
H1,m84137_260214_004236_s1/193594530/ccs,1,17,2,3,0,84,0,0,1.0,Complex,277,60,True
H1,m84137_260214_004236_s1/221775681/ccs,1,17,2,3,0,84,0,0,1.0,Complex,277,60,True
H1,m84137_260214_004236_s1/215875711/ccs,1,17,2,3,0,84,0,0,1.0,Complex,277,60,True
H1,m84137_260214_004236_s1/216205162/ccs,1,17,2,3,0,84,0,0,1.0,Complex,277,60,True
H1,m84137_260214_004236_s1/217777147/ccs,1,17,2,3,0,84,0,0,1.0,Complex,277,60,True
H1,m84137_260214_004236_s1/18289121/ccs,1,17,2,3,0,84,0,0,1.0,Complex,277,60,True
H1,m84137_260214_004236_s1/11736694/ccs,1,17,2,3,0,84,0,0,1.0,Complex,277,60,True
H1,m84137_260214_004236_s1/39261265/ccs,1,17,2,3,0,84,0,0,1.0,Complex,277,60,True
H1,m84137_260214_004236_s1/38735497/ccs,1,17,2,3,0,84,0,0,1.0,Complex,277,60,True
H1,m84137_260214_004236_s1/93917539/ccs,1,17,2,3,0,84,0,0,1.0,Complex,277,60,True
H1,m84137_260214_004236_s1/99750727/ccs,1,17,2,3,0,84,0,0,1.0,Complex,277,60,True
H1,m84137_260214_004236_s1/124325547/ccs,1,17,2,3,0,84,0,0,1.0,Complex,277,60,True
H1,m84137_260214_004236_s1/189010669/ccs,1,17,2,3,0,84,0,0,1.0,Complex,277,60,True
H1,m84137_260214_004236_s1/172758357/ccs,1,17,2,3,0,84,0,0,1.0,Complex,277,60,True
H1,m84137_260214_004236_s1/219614966/ccs,1,17,2,3,0,84,0,0,1.0,Complex,277,60,True
H1,m84137_260214_004236_s1/7014947/ccs,1,17,2,3,0,84,0,0,1.0,Complex,277,60,True
H1,m84137_260214_004236_s1/15599225/ccs,1,17,2,3,0,84,0,0,1.0,Complex,277,60,True
H1,m84137_260214_004236_s1/32705486/ccs,1,17,2,3,0,84,0,0,1.0,Complex,277,60,True
H1,m84137_260214_004236_s1/53085900/ccs,1,17,2,3,0,84,0,0,1.0,Complex,277,60,True
H1,m84137_260214_004236_s1/43123029/ccs,1,17,2,3,0,84,0,0,1.0,Complex,277,60,True
H1,m84137_260214_004236_s1/43977328/ccs,1,17,2,3,0,84,0,0,1.0,Complex,277,60,True
H1,m84137_260214_004236_s1/64948183/ccs,1,17,2,3,0,84,0,0,1.0,Complex,277,60,True
H1,m84137_260214_004236_s1/68092328/ccs,1,17,2,3,0,84,0,0,1.0,Complex,277,60,True
H1,m84137_260214_004236_s1/102171783/ccs,1,17,2,3,0,84,0,0,1.0,Complex,277,60,True
H1,m84137_260214_004236_s1/98897437/ccs,1,17,2,3,0,84,0,0,1.0,Complex,277,60,True
H1,m84137_260214_004236_s1/120066811/ccs,1,17,2,3,0,84,0,0,1.0,Complex,277,60,True
H1,m84137_260214_004236_s1/84478402/ccs,1,17,2,3,0,84,0,0,1.0,Complex,277,60,True
H1,m84137_260214_004236_s1/194514421/ccs,1,17,2,3,0,84,0,0,1.0,Complex,277,60,True
H1,m84137_260214_004236_s1/211030703/ccs,1,17,2,3,0,84,0,0,1.0,Complex,277,60,True
H1,m84137_260214_004236_s1/183176780/ccs,1,17,2,5,0,84,0,0,1.0,Complex,277,60,True
H1,m84137_260214_004236_s1/253235517/ccs,1,17,2,3,0,84,0,0,1.0,Complex,277,60,True
H1,m84137_260214_004236_s1/261100798/ccs,1,17,2,3,0,84,0,0,1.0,Complex,277,60,True
H1,m84137_260214_004236_s1/74581365/ccs,1,17,2,5,0,85,0,0,1.0,Complex,277,60,True
H1,m84137_260214_004236_s1/219089911/ccs,1,17,2,3,0,84,0,0,1.0,Complex,277,60,True
H1,m84137_260214_004236_s1/153751481/ccs,1,17,2,3,0,84,0,0,1.0,Complex,277,60,True
H1,m84137_260214_004236_s1/157814182/ccs,1,17,2,3,0,84,0,0,1.0,Complex,277,60,True
H1,m84137_260214_004236_s1/161353218/ccs,1,17,2,3,0,84,0,0,1.0,Complex,277,60,True
H1,m84137_260214_004236_s1/191305048/ccs,1,17,2,3,0,84,0,0,1.0,Complex,277,60,True
H1,m84137_260214_004236_s1/256510021/ccs,1,17,2,3,0,84,0,0,1.0,Complex,277,60,True
H1,m84137_260214_004236_s1/238488467/ccs,1,17,2,3,0,84,0,0,1.0,Complex,277,60,True
H1,m84137_260214_004236_s1/102371326/ccs,1,17,2,3,0,84,0,0,1.0,Complex,277,60,True
H1,m84137_260214_004236_s1/107023974/ccs,1,17,2,3,0,84,0,0,1.0,Complex,277,60,True
H1,m84137_260214_004236_s1/200545765/ccs,1,17,2,3,0,84,0,0,1.0,Complex,277,60,True
H1,m84137_260214_004236_s1/233639198/ccs,1,17,2,3,0,84,0,0,1.0,Complex,277,60,True
H1,m84137_260214_004236_s1/150210552/ccs,1,17,2,3,0,84,0,0,1.0,Complex,277,60,True
H1,m84137_260214_004236_s1/240059396/ccs,1,17,2,3,0,84,0,0,1.0,Complex,277,60,True
H1,m84137_260214_004236_s1/42209843/ccs,1,17,2,3,0,84,0,0,1.0,Complex,277,60,True
H1,m84137_260214_004236_s1/89985393/ccs,1,17,2,3,0,84,0,0,1.0,Complex,277,60,True
H1,m84137_260214_004236_s1/49484528/ccs,1,17,2,3,0,84,0,0,1.0,Complex,277,60,True
H1,m84137_260214_004236_s1/179113152/ccs,1,17,2,3,0,84,0,0,1.0,Complex,277,60,True
H1,m84137_260214_004236_s1/217779313/ccs,1,17,2,3,0,84,0,0,1.0,Complex,277,60,True
H1,m84137_260214_004236_s1/247860991/ccs,1,17,2,3,0,84,0,0,1.0,Complex,277,60,True
H1,m84137_260214_004236_s1/265552786/ccs,1,17,2,3,0,84,0,0,1.0,Complex,277,60,True
H1,m84137_260214_004236_s1/29361070/ccs,1,16,5,5,0,84,0,0,1.0,Complex,277,60,True
H1,m84137_260214_004236_s1/252512990/ccs,1,17,2,3,0,84,0,0,1.0,Complex,277,60,True
H1,m84137_260214_004236_s1/166855901/ccs,1,17,2,3,0,84,0,0,1.0,Complex,277,60,True
H1,m84137_260214_004236_s1/174195278/ccs,1,17,2,3,0,84,0,0,1.0,Complex,277,60,True
H1,m84137_260214_004236_s1/189401818/ccs,1,17,2,3,0,84,0,0,1.0,Complex,277,60,True
H1,m84137_260214_004236_s1/246285285/ccs,1,17,2,3,0,84,0,0,1.0,Complex,277,60,True
H1,m84137_260214_004236_s1/16979077/ccs,1,17,2,3,0,84,0,0,1.0,Complex,277,60,True
H1,m84137_260214_004236_s1/38999405/ccs,1,17,2,3,0,84,0,0,1.0,Complex,277,60,True
H1,m84137_260214_004236_s1/193921484/ccs,1,17,2,3,0,84,0,0,1.0,Complex,277,60,True
H1,m84137_260214_004236_s1/194054140/ccs,1,17,2,3,0,84,0,0,1.0,Complex,277,60,True
H1,m84137_260214_004236_s1/177866934/ccs,1,17,2,3,0,84,0,0,1.0,Complex,277,60,True
H1,m84137_260214_004236_s1/218955948/ccs,1,17,2,3,0,84,0,0,1.0,Complex,277,60,True
H1,m84137_260214_004236_s1/224069560/ccs,1,17,2,3,0,84,0,0,1.0,Complex,277,60,True
H1,m84137_260214_004236_s1/131663848/ccs,1,17,2,3,0,84,0,0,1.0,Complex,277,60,True
H1,m84137_260214_004236_s1/115279183/ccs,1,17,2,3,0,84,0,0,1.0,Complex,277,60,True
H1,m84137_260214_004236_s1/158532745/ccs,1,17,2,3,0,84,0,0,1.0,Complex,277,60,True
H1,m84137_260214_004236_s1/154272435/ccs,1,17,2,3,0,84,0,0,1.0,Complex,277,60,True
H1,m84137_260214_004236_s1/159517547/ccs,1,17,2,3,0,84,0,0,1.0,Complex,277,60,True
H1,m84137_260214_004236_s1/260571518/ccs,1,17,2,3,0,84,0,0,1.0,Complex,277,60,True
H1,m84137_260214_004236_s1/58001187/ccs,1,17,3,5,0,86,0,0,1.0,Complex,278,60,True
H1,m84137_260214_004236_s1/210502992/ccs,1,17,2,3,0,85,0,0,1.0,Complex,278,60,True
H1,m84137_260214_004236_s1/187961858/ccs,1,17,2,3,0,85,0,0,1.0,Complex,278,60,True
H1,m84137_260214_004236_s1/246549615/ccs,1,17,2,3,0,85,0,0,1.0,Complex,278,60,True
H1,m84137_260214_004236_s1/51188803/ccs,1,17,3,7,0,85,0,0,1.0,Complex,278,60,True
H1,m84137_260214_004236_s1/248055668/ccs,1,16,4,3,0,85,0,0,1.0,Complex,278,60,True
H1,m84137_260214_004236_s1/215092105/ccs,1,17,2,3,0,86,0,0,1.0,Complex,279,60,True
H1,m84137_260214_004236_s1/127796077/ccs,1,17,3,5,0,86,0,0,1.0,Complex,279,60,True
H1,m84137_260214_004236_s1/144179296/ccs,1,17,2,3,0,86,0,0,1.0,Complex,279,60,True
H1,m84137_260214_004236_s1/259916217/ccs,1,17,3,7,0,87,1,0,1.0,Complex,279,60,True
H1,m84137_260214_004236_s1/58917024/ccs,1,18,2,3,0,87,0,0,1.0,Complex,280,60,True
H1,m84137_260214_004236_s1/95815360/ccs,1,18,2,3,0,87,0,0,1.0,Complex,280,60,True
H1,m84137_260214_004236_s1/97714672/ccs,1,18,2,3,0,87,0,0,1.0,Complex,280,60,True
H1,m84137_260214_004236_s1/118163686/ccs,1,18,2,3,0,87,0,0,1.0,Complex,280,60,True
H1,m84137_260214_004236_s1/122486855/ccs,1,18,2,3,0,87,0,0,1.0,Complex,280,60,True
H1,m84137_260214_004236_s1/132907321/ccs,1,18,2,3,0,87,0,0,1.0,Complex,280,60,True
H1,m84137_260214_004236_s1/159975764/ccs,1,18,2,3,0,87,0,0,1.0,Complex,280,60,True
H1,m84137_260214_004236_s1/168691807/ccs,1,18,2,3,0,87,0,0,1.0,Complex,280,60,True
H1,m84137_260214_004236_s1/258869427/ccs,1,18,2,3,0,87,0,0,1.0,Complex,280,60,True
H1,m84137_260214_004236_s1/73469604/ccs,1,18,2,3,0,87,0,0,1.0,Complex,280,60,True
H1,m84137_260214_004236_s1/89001080/ccs,1,18,2,3,0,87,0,0,1.0,Complex,280,60,True
H1,m84137_260214_004236_s1/49812889/ccs,1,18,2,3,0,87,0,0,1.0,Complex,280,60,True
H1,m84137_260214_004236_s1/141170582/ccs,1,18,2,3,0,87,0,0,1.0,Complex,280,60,True
H1,m84137_260214_004236_s1/222630022/ccs,1,18,2,3,0,87,0,0,1.0,Complex,280,60,True
H1,m84137_260214_004236_s1/253760568/ccs,1,18,2,3,0,87,0,0,1.0,Complex,280,60,True
H1,m84137_260214_004236_s1/241700300/ccs,1,18,2,3,0,87,0,0,1.0,Complex,280,60,True
H1,m84137_260214_004236_s1/243142702/ccs,1,18,2,3,0,87,0,0,1.0,Complex,280,60,True
H1,m84137_260214_004236_s1/159909028/ccs,1,18,2,3,0,87,0,0,1.0,Complex,280,60,True
H1,m84137_260214_004236_s1/207360519/ccs,1,18,2,3,0,87,0,0,1.0,Complex,280,60,True
H1,m84137_260214_004236_s1/27726106/ccs,1,18,2,3,0,87,0,0,1.0,Complex,280,60,True
H1,m84137_260214_004236_s1/147002651/ccs,1,18,2,3,0,87,0,0,1.0,Complex,280,60,True
H1,m84137_260214_004236_s1/138807717/ccs,1,18,2,3,0,87,0,0,1.0,Complex,280,60,True
H1,m84137_260214_004236_s1/19727929/ccs,1,18,2,3,0,87,0,0,1.0,Complex,280,60,True
H1,m84137_260214_004236_s1/25106175/ccs,1,18,2,3,0,87,0,0,1.0,Complex,280,60,True
H1,m84137_260214_004236_s1/42600230/ccs,1,18,2,3,0,87,0,0,1.0,Complex,280,60,True
H1,m84137_260214_004236_s1/96273464/ccs,1,18,2,3,0,87,0,0,1.0,Complex,280,60,True
H1,m84137_260214_004236_s1/97717215/ccs,1,18,2,3,0,87,0,0,1.0,Complex,280,60,True
H1,m84137_260214_004236_s1/199819333/ccs,1,18,2,3,0,87,0,0,1.0,Complex,280,60,True
H1,m84137_260214_004236_s1/238291751/ccs,1,18,2,3,0,87,0,0,1.0,Complex,280,60,True
H1,m84137_260214_004236_s1/246743758/ccs,1,18,2,3,0,87,0,0,1.0,Complex,280,60,True
H1,m84137_260214_004236_s1/5575726/ccs,1,18,2,3,0,87,0,0,1.0,Complex,280,60,True
H1,m84137_260214_004236_s1/67243197/ccs,1,18,2,3,0,87,0,0,1.0,Complex,280,60,True
H1,m84137_260214_004236_s1/63442676/ccs,1,18,2,3,0,87,0,0,1.0,Complex,280,60,True
H1,m84137_260214_004236_s1/73338926/ccs,1,18,2,3,0,87,0,0,1.0,Complex,280,60,True
H1,m84137_260214_004236_s1/109120661/ccs,1,18,2,3,0,87,0,0,1.0,Complex,280,60,True
H1,m84137_260214_004236_s1/82120348/ccs,1,18,2,3,0,87,0,0,1.0,Complex,280,60,True
H1,m84137_260214_004236_s1/174331597/ccs,1,18,2,3,0,87,0,0,1.0,Complex,280,60,True
H1,m84137_260214_004236_s1/187501775/ccs,1,18,2,3,0,87,0,0,1.0,Complex,280,60,True
H1,m84137_260214_004236_s1/170331709/ccs,1,18,2,3,0,87,0,0,1.0,Complex,280,60,True
H1,m84137_260214_004236_s1/71895353/ccs,1,18,2,3,0,87,0,0,1.0,Complex,280,60,True
H1,m84137_260214_004236_s1/187829571/ccs,1,18,2,3,0,87,0,0,1.0,Complex,280,60,True
H1,m84137_260214_004236_s1/13109242/ccs,1,18,2,3,0,87,0,0,1.0,Complex,280,60,True
H1,m84137_260214_004236_s1/67174545/ccs,1,18,2,3,0,87,0,0,1.0,Complex,280,60,True
H1,m84137_260214_004236_s1/118686922/ccs,1,18,2,3,0,87,0,0,1.0,Complex,280,60,True
H1,m84137_260214_004236_s1/77401543/ccs,1,18,2,3,0,87,0,0,1.0,Complex,280,60,True
H1,m84137_260214_004236_s1/99751037/ccs,1,18,2,3,0,87,0,0,1.0,Complex,280,60,True
H1,m84137_260214_004236_s1/110432872/ccs,1,18,2,3,0,87,0,0,1.0,Complex,280,60,True
H1,m84137_260214_004236_s1/130944532/ccs,1,18,2,3,0,87,0,0,1.0,Complex,280,60,True
H1,m84137_260214_004236_s1/85526963/ccs,1,18,2,3,0,87,0,0,1.0,Complex,280,60,True
H1,m84137_260214_004236_s1/95618647/ccs,1,18,2,3,0,87,0,0,1.0,Complex,280,60,True
H1,m84137_260214_004236_s1/208736082/ccs,1,18,2,3,0,87,0,0,1.0,Complex,280,60,True
H1,m84137_260214_004236_s1/223416916/ccs,1,18,2,3,0,87,0,0,1.0,Complex,280,60,True
H1,m84137_260214_004236_s1/140972715/ccs,1,18,2,3,0,87,0,0,1.0,Complex,280,60,True
H1,m84137_260214_004236_s1/159978422/ccs,1,18,2,3,0,87,0,0,1.0,Complex,280,60,True
H1,m84137_260214_004236_s1/241961016/ccs,1,18,2,3,0,87,0,0,1.0,Complex,280,60,True
H1,m84137_260214_004236_s1/13112935/ccs,1,18,2,3,0,87,0,0,1.0,Complex,280,60,True
H1,m84137_260214_004236_s1/67375679/ccs,1,18,2,3,0,87,0,0,1.0,Complex,280,60,True
H1,m84137_260214_004236_s1/49092123/ccs,1,18,2,3,0,87,0,0,1.0,Complex,280,60,True
H1,m84137_260214_004236_s1/202837950/ccs,1,18,2,3,0,87,0,0,1.0,Complex,280,60,True
H1,m84137_260214_004236_s1/16843679/ccs,1,18,2,3,0,87,0,0,1.0,Complex,280,60,True
H1,m84137_260214_004236_s1/217781456/ccs,1,18,2,3,0,87,0,0,1.0,Complex,280,60,True
H1,m84137_260214_004236_s1/250940119/ccs,1,17,2,5,0,87,0,0,1.0,Complex,280,60,True
H1,m84137_260214_004236_s1/231867876/ccs,1,18,2,3,0,87,0,0,1.0,Complex,280,60,True
H1,m84137_260214_004236_s1/215679499/ccs,1,18,2,3,0,87,0,0,1.0,Complex,280,60,True
H1,m84137_260214_004236_s1/32443860/ccs,1,18,2,3,0,87,0,0,1.0,Complex,280,60,True
H1,m84137_260214_004236_s1/37424967/ccs,1,18,2,3,0,87,0,0,1.0,Complex,280,60,True
H1,m84137_260214_004236_s1/151585521/ccs,1,18,2,3,0,87,0,0,1.0,Complex,280,60,True
H1,m84137_260214_004236_s1/132514541/ccs,1,18,2,3,0,87,0,0,1.0,Complex,280,60,True
H1,m84137_260214_004236_s1/159648017/ccs,1,18,2,3,0,87,0,0,1.0,Complex,280,60,True
H1,m84137_260214_004236_s1/159844377/ccs,1,18,2,3,0,87,0,0,1.0,Complex,280,60,True
H1,m84137_260214_004236_s1/48107367/ccs,1,18,2,7,0,93,3,0,1.0,Complex,281,60,True
H1,m84137_260214_004236_s1/122228535/ccs,1,17,3,3,0,88,0,0,1.0,Complex,281,60,True
H1,m84137_260214_004236_s1/85396443/ccs,1,17,3,3,0,88,0,0,1.0,Complex,281,60,True
H1,m84137_260214_004236_s1/222823179/ccs,1,18,2,3,0,89,0,0,1.0,Complex,282,60,True
H1,m84137_260214_004236_s1/170133944/ccs,1,18,2,3,0,90,0,0,1.0,Complex,283,60,True
H1,m84137_260214_004236_s1/192807715/ccs,1,18,2,3,0,90,0,0,1.0,Complex,283,60,True
H1,m84137_260214_004236_s1/219809893/ccs,1,18,2,3,0,90,0,0,1.0,Complex,283,60,True
H1,m84137_260214_004236_s1/183765826/ccs,1,18,2,3,0,90,0,0,1.0,Complex,283,60,True
H1,m84137_260214_004236_s1/226495165/ccs,1,18,2,3,0,90,0,0,1.0,Complex,283,60,True
H1,m84137_260214_004236_s1/244057703/ccs,1,18,2,3,0,90,0,0,1.0,Complex,283,60,True
H1,m84137_260214_004236_s1/245892249/ccs,1,18,2,3,0,90,0,0,1.0,Complex,283,60,True
H1,m84137_260214_004236_s1/105912217/ccs,1,18,2,3,0,90,0,0,1.0,Complex,283,60,True
H1,m84137_260214_004236_s1/114037989/ccs,1,18,2,3,0,90,0,0,1.0,Complex,283,60,True
H1,m84137_260214_004236_s1/181866109/ccs,1,18,2,3,0,90,0,0,1.0,Complex,283,60,True
H1,m84137_260214_004236_s1/7276842/ccs,1,18,2,3,0,90,0,0,1.0,Complex,283,60,True
H1,m84137_260214_004236_s1/124847032/ccs,1,18,2,3,0,90,0,0,1.0,Complex,283,60,True
H1,m84137_260214_004236_s1/110037479/ccs,1,18,2,3,0,90,0,0,1.0,Complex,283,60,True
H1,m84137_260214_004236_s1/106037406/ccs,1,18,2,3,0,90,0,0,1.0,Complex,283,60,True
H1,m84137_260214_004236_s1/169019635/ccs,1,18,2,3,0,90,0,0,1.0,Complex,283,60,True
H1,m84137_260214_004236_s1/86574085/ccs,1,18,2,3,0,90,0,0,1.0,Complex,283,60,True
H1,m84137_260214_004236_s1/124848876/ccs,1,18,2,3,0,90,0,0,1.0,Complex,283,60,True
H1,m84137_260214_004236_s1/208144364/ccs,1,18,2,3,0,90,0,0,1.0,Complex,283,60,True
H1,m84137_260214_004236_s1/216727690/ccs,1,18,2,3,0,90,0,0,1.0,Complex,283,60,True
H1,m84137_260214_004236_s1/17960680/ccs,1,18,2,3,0,90,0,0,1.0,Complex,283,60,True
H1,m84137_260214_004236_s1/155651201/ccs,1,18,2,3,0,90,0,0,1.0,Complex,283,60,True
H1,m84137_260214_004236_s1/164302323/ccs,1,18,2,3,0,90,0,0,1.0,Complex,283,60,True
H1,m84137_260214_004236_s1/201398114/ccs,1,18,2,3,0,90,0,0,1.0,Complex,283,60,True
H1,m84137_260214_004236_s1/15406400/ccs,1,18,2,3,0,90,0,0,1.0,Complex,283,60,True
H1,m84137_260214_004236_s1/164957721/ccs,1,18,2,3,0,90,0,0,1.0,Complex,283,60,True
H1,m84137_260214_004236_s1/196875800/ccs,1,18,2,3,0,90,0,0,1.0,Complex,283,60,True
H1,m84137_260214_004236_s1/262933585/ccs,1,18,2,3,0,90,0,0,1.0,Complex,283,60,True
H1,m84137_260214_004236_s1/153620385/ccs,1,18,2,3,0,90,0,0,1.0,Complex,283,60,True
H1,m84137_260214_004236_s1/247728292/ccs,1,18,2,3,0,90,0,0,1.0,Complex,283,60,True
H1,m84137_260214_004236_s1/20776537/ccs,1,18,2,3,0,90,0,0,1.0,Complex,283,60,True
H1,m84137_260214_004236_s1/183305166/ccs,1,18,2,3,0,90,0,0,1.0,Complex,283,60,True
H1,m84137_260214_004236_s1/246352330/ccs,1,18,2,3,0,90,0,0,1.0,Complex,283,60,True
H1,m84137_260214_004236_s1/89592364/ccs,1,18,2,3,0,90,0,0,1.0,Complex,283,60,True
H1,m84137_260214_004236_s1/101192349/ccs,1,18,2,3,0,90,0,0,1.0,Complex,283,60,True
H1,m84137_260214_004236_s1/211222682/ccs,1,18,2,3,0,90,0,0,1.0,Complex,283,60,True
H1,m84137_260214_004236_s1/232916713/ccs,1,18,2,3,0,90,0,0,1.0,Complex,283,60,True
H1,m84137_260214_004236_s1/262932707/ccs,1,18,2,3,0,90,0,0,1.0,Complex,283,60,True
H1,m84137_260214_004236_s1/24448376/ccs,1,18,2,3,0,90,0,0,1.0,Complex,283,60,True
H1,m84137_260214_004236_s1/35328195/ccs,1,18,2,3,0,90,0,0,1.0,Complex,283,60,True
H1,m84137_260214_004236_s1/132645965/ccs,1,18,2,5,0,90,0,0,1.0,Complex,283,60,True
H1,m84137_260214_004236_s1/190517085/ccs,1,18,2,3,0,90,0,0,1.0,Complex,283,60,True
H1,m84137_260214_004236_s1/79301494/ccs,1,18,2,3,0,90,0,0,1.0,Complex,283,60,True
H1,m84137_260214_004236_s1/170919416/ccs,1,18,2,11,0,93,2,0,1.0,Complex,284,60,True
H1,m84137_260214_004236_s1/179896535/ccs,1,18,2,5,0,91,0,0,1.0,Complex,284,60,True
H1,m84137_260214_004236_s1/114032910/ccs,1,18,2,5,0,91,0,0,1.0,Complex,284,60,True
H1,m84137_260214_004236_s1/114888128/ccs,1,18,2,3,0,92,0,0,1.0,Complex,285,60,True
H1,m84137_260214_004236_s1/239277779/ccs,1,18,2,3,0,92,0,0,1.0,Complex,285,60,True
H1,m84137_260214_004236_s1/149163875/ccs,1,18,2,3,0,93,0,0,1.0,Complex,286,60,True
H1,m84137_260214_004236_s1/218044106/ccs,1,18,2,3,0,93,0,0,1.0,Complex,286,60,True
H1,m84137_260214_004236_s1/209061709/ccs,1,18,2,3,0,93,0,0,1.0,Complex,286,60,True
H1,m84137_260214_004236_s1/22679633/ccs,1,18,2,3,0,93,0,0,1.0,Complex,286,60,True
H1,m84137_260214_004236_s1/68747694/ccs,1,18,2,3,0,93,0,0,1.0,Complex,286,60,True
H1,m84137_260214_004236_s1/168562762/ccs,1,18,2,3,0,93,0,0,1.0,Complex,286,60,True
H1,m84137_260214_004236_s1/190714527/ccs,1,18,2,3,0,93,0,0,1.0,Complex,286,60,True
H1,m84137_260214_004236_s1/154801993/ccs,1,18,2,3,0,93,0,0,1.0,Complex,286,60,True
H1,m84137_260214_004236_s1/196742301/ccs,1,18,2,3,0,93,0,0,1.0,Complex,286,60,True
H1,m84137_260214_004236_s1/105515865/ccs,1,18,2,3,0,93,0,0,1.0,Complex,286,60,True
H1,m84137_260214_004236_s1/22217113/ccs,1,18,2,3,0,93,0,0,1.0,Complex,286,60,True
H1,m84137_260214_004236_s1/59442083/ccs,1,18,2,3,0,93,0,0,1.0,Complex,286,60,True
H1,m84137_260214_004236_s1/157354219/ccs,1,18,2,3,0,93,0,0,1.0,Complex,286,60,True
H1,m84137_260214_004236_s1/179896798/ccs,1,18,2,3,0,93,0,0,1.0,Complex,286,60,True
H1,m84137_260214_004236_s1/242423585/ccs,1,18,2,3,0,93,0,0,1.0,Complex,286,60,True
H1,m84137_260214_004236_s1/29233346/ccs,1,18,2,3,0,93,0,0,1.0,Complex,286,60,True
H1,m84137_260214_004236_s1/217055297/ccs,1,18,2,3,0,93,0,0,1.0,Complex,286,60,True
H1,m84137_260214_004236_s1/243272618/ccs,1,18,2,3,0,93,0,0,1.0,Complex,286,60,True
H1,m84137_260214_004236_s1/189729527/ccs,1,18,2,3,0,93,0,0,1.0,Complex,286,60,True
H1,m84137_260214_004236_s1/190056661/ccs,1,18,2,3,0,93,0,0,1.0,Complex,286,60,True
H1,m84137_260214_004236_s1/134087511/ccs,1,18,2,3,0,93,0,0,1.0,Complex,286,60,True
H1,m84137_260214_004236_s1/155454121/ccs,1,18,2,3,0,93,0,0,1.0,Complex,286,60,True
H1,m84137_260214_004236_s1/54658940/ccs,1,19,2,9,0,101,4,0,1.0,Complex,288,60,True
H1,m84137_260214_004236_s1/101123072/ccs,1,19,2,3,0,96,0,0,1.0,Complex,289,60,True
H1,m84137_260214_004236_s1/133956790/ccs,1,19,2,3,0,96,0,0,1.0,Complex,289,60,True
H1,m84137_260214_004236_s1/206570842/ccs,1,19,2,3,0,96,0,0,1.0,Complex,289,60,True
H1,m84137_260214_004236_s1/91621886/ccs,1,19,2,3,0,96,0,0,1.0,Complex,289,60,True
H1,m84137_260214_004236_s1/14353829/ccs,1,19,2,3,0,96,0,0,1.0,Complex,289,60,True
H1,m84137_260214_004236_s1/185602569/ccs,1,19,2,3,0,96,0,0,1.0,Complex,289,60,True
H1,m84137_260214_004236_s1/205262422/ccs,1,19,2,3,0,96,0,0,1.0,Complex,289,60,True
H1,m84137_260214_004236_s1/211816571/ccs,1,19,2,3,0,96,0,0,1.0,Complex,289,60,True
H1,m84137_260214_004236_s1/39191433/ccs,1,19,2,3,0,96,0,0,1.0,Complex,289,60,True
H1,m84137_260214_004236_s1/32506978/ccs,1,19,2,3,0,96,0,0,1.0,Complex,289,60,True
H1,m84137_260214_004236_s1/102106136/ccs,1,19,2,3,0,96,0,0,1.0,Complex,289,60,True
H1,m84137_260214_004236_s1/176559753/ccs,1,19,2,3,0,96,0,0,1.0,Complex,289,60,True
H1,m84137_260214_004236_s1/181278591/ccs,1,19,2,3,0,96,0,0,1.0,Complex,289,60,True
H1,m84137_260214_004236_s1/165217508/ccs,1,19,2,3,0,96,0,0,1.0,Complex,289,60,True
H1,m84137_260214_004236_s1/8393918/ccs,1,19,2,3,0,96,0,0,1.0,Complex,289,60,True
H1,m84137_260214_004236_s1/159778438/ccs,1,19,2,3,0,96,0,0,1.0,Complex,289,60,True
H1,m84137_260214_004236_s1/257556669/ccs,1,19,2,3,0,99,0,0,1.0,Complex,292,60,True
H1,m84137_260214_004236_s1/96671436/ccs,1,19,2,3,0,99,0,0,1.0,Complex,292,60,True
H1,m84137_260214_004236_s1/3671121/ccs,1,19,2,3,0,99,0,0,1.0,Complex,292,60,True
H1,m84137_260214_004236_s1/65471590/ccs,1,19,2,3,0,99,0,0,1.0,Complex,292,60,True
H1,m84137_260214_004236_s1/170198496/ccs,1,19,2,3,0,99,0,0,1.0,Complex,292,60,True
H1,m84137_260214_004236_s1/208213157/ccs,1,19,2,3,0,99,0,0,1.0,Complex,292,60,True
H1,m84137_260214_004236_s1/225444517/ccs,1,19,2,5,0,102,3,0,1.0,Complex,292,60,True
H1,m84137_260214_004236_s1/83757873/ccs,1,19,2,3,0,99,0,0,1.0,Complex,292,60,True
H1,m84137_260214_004236_s1/261559210/ccs,1,19,2,3,0,99,0,0,1.0,Complex,292,60,True
H1,m84137_260214_004236_s1/221776574/ccs,1,17,5,5,0,101,0,0,1.0,Complex,294,60,True
H1,m84137_260214_004236_s1/46338104/ccs,1,19,2,3,0,102,0,0,1.0,Complex,295,60,True
H1,m84137_260214_004236_s1/259916488/ccs,1,19,2,3,0,102,0,0,1.0,Complex,295,60,True
H1,m84137_260214_004236_s1/62657461/ccs,1,19,2,3,0,102,0,0,1.0,Complex,295,60,True
H1,m84137_260214_004236_s1/174654623/ccs,1,19,2,3,0,102,0,0,1.0,Complex,295,60,True
H1,m84137_260214_004236_s1/255265395/ccs,1,19,2,3,0,102,0,0,1.0,Complex,295,60,True
H1,m84137_260214_004236_s1/237962102/ccs,1,19,2,7,0,102,0,0,1.0,Complex,295,60,True
H1,m84137_260214_004236_s1/6424872/ccs,1,19,2,3,0,102,0,0,1.0,Complex,295,60,True
H1,m84137_260214_004236_s1/212402453/ccs,1,19,2,3,0,102,0,0,1.0,Complex,295,60,True
H1,m84137_260214_004236_s1/240912638/ccs,1,19,2,3,0,102,0,0,1.0,Complex,295,60,True
H1,m84137_260214_004236_s1/173475439/ccs,1,20,2,11,0,102,0,0,1.0,Complex,295,60,True
H1,m84137_260214_004236_s1/176751271/ccs,1,20,2,3,0,105,0,0,1.0,Complex,298,60,True
H1,m84137_260214_004236_s1/41423883/ccs,1,20,2,3,0,105,0,0,1.0,Complex,298,60,True
H1,m84137_260214_004236_s1/92013145/ccs,1,20,2,3,0,105,0,0,1.0,Complex,298,60,True
H1,m84137_260214_004236_s1/28050490/ccs,1,20,2,3,0,105,0,0,1.0,Complex,298,60,True
H1,m84137_260214_004236_s1/97455138/ccs,1,20,2,3,0,106,0,0,1.0,Complex,299,60,True
H1,m84137_260214_004236_s1/88083311/ccs,1,20,2,3,0,108,0,0,1.0,Complex,301,60,True
H1,m84137_260214_004236_s1/22153139/ccs,1,20,2,3,0,108,0,0,1.0,Complex,301,60,True
H1,m84137_260214_004236_s1/177475171/ccs,1,20,2,3,0,108,0,0,1.0,Complex,301,60,True
H1,m84137_260214_004236_s1/24641605/ccs,1,20,2,3,0,108,0,0,1.0,Complex,301,60,True
H1,m84137_260214_004236_s1/63902426/ccs,1,20,2,3,0,108,0,0,1.0,Complex,301,60,True
H1,m84137_260214_004236_s1/202441886/ccs,1,20,2,3,0,108,0,0,1.0,Complex,301,60,True
H1,m84137_260214_004236_s1/175440691/ccs,1,20,2,3,0,108,0,0,1.0,Complex,301,60,True
H1,m84137_260214_004236_s1/37884391/ccs,1,20,2,3,0,108,0,0,1.0,Complex,301,60,True
H1,m84137_260214_004236_s1/214963691/ccs,1,20,2,3,0,111,0,0,1.0,Complex,304,60,True
H1,m84137_260214_004236_s1/113577497/ccs,1,20,2,3,0,111,0,0,1.0,Complex,304,60,True
H1,m84137_260214_004236_s1/236586249/ccs,1,20,2,3,0,111,0,0,1.0,Complex,304,60,True
H1,m84137_260214_004236_s1/224592426/ccs,1,20,2,3,0,111,0,0,1.0,Complex,304,60,True
H1,m84137_260214_004236_s1/80414486/ccs,1,21,2,3,0,114,0,0,1.0,Complex,307,60,True
H1,m84137_260214_004236_s1/157615597/ccs,1,21,2,3,0,114,0,0,1.0,Complex,307,60,True
H1,m84137_260214_004236_s1/249628542/ccs,1,21,2,3,0,117,0,0,1.0,Complex,310,60,True
H1,m84137_260214_004236_s1/82575632/ccs,1,21,2,3,0,117,0,0,1.0,Complex,310,60,True
H1,m84137_260214_004236_s1/83561904/ccs,1,21,2,3,0,117,0,0,1.0,Complex,310,60,True
H1,m84137_260214_004236_s1/168886499/ccs,1,21,2,3,0,117,0,0,1.0,Complex,310,60,True
H1,m84137_260214_004236_s1/54529664/ccs,1,21,2,3,0,120,0,0,1.0,Complex,313,60,True
H1,m84137_260214_004236_s1/67046103/ccs,1,22,2,3,0,123,0,0,1.0,Complex,316,60,True
H1,m84137_260214_004236_s1/176818591/ccs,1,22,2,3,0,126,0,0,1.0,Complex,319,60,True
H1,m84137_260214_004236_s1/47519525/ccs,1,22,2,3,0,126,0,0,1.0,Complex,319,60,True
H1,m84137_260214_004236_s1/78906890/ccs,1,22,2,3,0,126,0,0,1.0,Complex,319,60,True
H1,m84137_260214_004236_s1/172297771/ccs,1,23,2,3,0,132,0,0,1.0,Complex,325,60,True
H1,m84137_260214_004236_s1/10228671/ccs,1,23,2,3,0,132,0,0,1.0,Complex,325,60,True
H1,m84137_260214_004236_s1/8000119/ccs,1,23,2,3,0,137,0,0,1.0,Complex,330,60,True
H1,m84137_260214_004236_s1/113314807/ccs,1,23,2,3,0,138,0,0,1.0,Complex,331,60,True
H1,m84137_260214_004236_s1/251923651/ccs,1,23,2,3,0,138,0,0,1.0,Complex,331,60,True
H1,m84137_260214_004236_s1/176101061/ccs,1,24,2,3,0,141,0,0,1.0,Complex,334,60,True
H1,m84137_260214_004236_s1/208078379/ccs,1,24,2,3,0,144,0,0,1.0,Complex,337,60,True
H1,m84137_260214_004236_s1/160891309/ccs,1,25,1,5,0,147,0,0,1.0,Complex,340,60,True
H1,m84137_260214_004236_s1/6162102/ccs,1,25,2,3,0,150,0,0,1.0,Complex,343,60,True
H1,m84137_260214_004236_s1/57610105/ccs,1,25,2,3,0,152,0,0,1.0,Complex,345,60,True
H1,m84137_260214_004236_s1/85524946/ccs,1,25,2,3,0,153,0,0,1.0,Complex,346,60,True
H1,m84137_260214_004236_s1/153884483/ccs,1,25,2,3,0,153,0,0,1.0,Complex,346,60,True
H1,m84137_260214_004236_s1/158666114/ccs,1,25,2,3,0,156,0,0,1.0,Complex,349,60,True
H1,m84137_260214_004236_s1/108659750/ccs,1,26,2,3,0,159,0,0,1.0,Complex,352,60,True
H1,m84137_260214_004236_s1/84020030/ccs,1,26,2,3,0,162,0,0,1.0,Complex,355,60,True
H1,m84137_260214_004236_s1/124388431/ccs,1,26,2,3,0,162,0,0,1.0,Complex,355,60,True
H1,m84137_260214_004236_s1/178918639/ccs,1,26,2,3,0,162,0,0,1.0,Complex,355,60,True
H1,m84137_260214_004236_s1/96472366/ccs,1,26,2,5,0,165,0,0,1.0,Complex,358,60,True
H1,m84137_260214_004236_s1/195954729/ccs,1,28,2,3,0,177,0,0,1.0,Complex,370,60,True
H1,m84137_260214_004236_s1/79432687/ccs,1,28,2,3,0,180,0,0,1.0,Complex,373,60,True
H1,m84137_260214_004236_s1/257294861/ccs,1,29,2,3,0,192,0,0,1.0,Complex,385,60,True
H1,m84137_260214_004236_s1/78709776/ccs,1,30,2,3,0,197,0,0,1.0,Complex,390,60,True
H1,m84137_260214_004236_s1/27657538/ccs,1,30,2,3,0,201,0,0,1.0,Complex,394,60,True
H1,m84137_260214_004236_s1/131337929/ccs,1,35,2,3,0,246,0,0,1.0,Complex,439,60,True
H1,m84137_260214_004236_s1/256642587/ccs,1,36,2,3,0,252,0,0,1.0,Complex,445,60,True
H1,m84137_260214_004236_s1/139198596/ccs,1,36,2,3,0,252,0,0,1.0,Complex,445,60,True
H1,m84137_260214_004236_s1/183830876/ccs,1,37,1,7,0,258,0,0,1.0,Complex,451,60,True
H1,m84137_260214_004236_s1/144575666/ccs,1,37,2,7,0,264,0,0,1.0,Complex,457,60,True
H1,m84137_260214_004236_s1/57413295/ccs,1,38,2,7,0,267,0,0,1.0,Complex,460,60,True
H1,m84137_260214_004236_s1/88670823/ccs,1,46,2,3,0,346,0,0,1.0,Complex,539,60,True
H1,m84137_260214_004236_s1/3801430/ccs,1,43,10,9,0,347,0,0,1.0,Complex,540,60,True
H1,m84137_260214_004236_s1/84022521/ccs,1,51,1,5,0,387,0,0,1.0,Complex,580,60,True
H1,m84137_260214_004236_s1/241959986/ccs,1,53,2,3,0,405,0,0,1.0,Complex,598,60,True
H1,m84137_260214_004236_s1/142213184/ccs,1,59,2,3,0,456,0,0,1.0,Complex,649,60,True
H1,m84137_260214_004236_s1/179175680/ccs,1,60,2,5,0,465,0,0,1.0,Complex,658,60,True
H1,m84137_260214_004236_s1/32508660/ccs,1,62,1,7,0,483,0,0,1.0,Complex,676,60,True
H1,m84137_260214_004236_s1/144051991/ccs,1,62,2,3,0,486,0,0,1.0,Complex,679,60,True
H1,m84137_260214_004236_s1/199759472/ccs,1,64,3,5,0,504,0,0,1.0,Complex,697,60,True
H1,m84137_260214_004236_s1/32115799/ccs,1,67,2,7,0,544,0,0,1.0,Complex,737,60,True
H1,m84137_260214_004236_s1/158142075/ccs,1,82,2,3,0,669,0,0,1.0,Complex,862,60,True
H1,m84137_260214_004236_s1/18746332/ccs,1,86,2,13,0,687,0,0,1.0,Complex,880,60,True
H1,m84137_260214_004236_s1/206772061/ccs,1,93,1,2,0,0,0,0,0.0,Simple,955,60,True
H1,m84137_260214_004236_s1/244846053/ccs,1,15,4,23,0,92,3,0,1.0,Complex,282,60,False
H1,m84137_260214_004236_s1/193924699/ccs,0,7,3,16,0,8,1,0,1.0,Complex,198,60,False
H1,m84137_260214_004236_s1/24707220/ccs,1,15,1,20,0,86,2,0,1.0,Complex,274,60,False
H1,m84137_260214_004236_s1/24973954/ccs,1,13,3,15,0,72,0,0,1.0,Complex,263,60,False
H1,m84137_260214_004236_s1/66456893/ccs,1,17,6,33,0,109,3,0,1.0,Complex,297,60,False
H1,m84137_260214_004236_s1/180818806/ccs,0,8,3,26,0,12,3,0,1.0,Complex,200,60,False
H1,m84137_260214_004236_s1/28448361/ccs,1,14,2,21,0,75,3,0,1.0,Complex,267,60,False
H1,m84137_260214_004236_s1/210373844/ccs,1,15,3,17,0,81,1,0,1.0,Complex,272,60,False
H1,m84137_260214_004236_s1/62455949/ccs,1,15,3,13,0,86,1,0,1.0,Complex,273,60,False
H1,m84137_260214_004236_s1/211618343/ccs,1,15,4,19,0,100,2,0,1.0,Complex,281,60,False
H1,m84137_260214_004236_s1/204736480/ccs,0,8,2,5,0,4,0,0,1.0,Complex,196,60,False
H1,m84137_260214_004236_s1/148245751/ccs,0,8,2,5,0,4,0,0,1.0,Complex,196,60,False
H1,m84137_260214_004236_s1/187569136/ccs,0,8,2,5,0,4,0,0,1.0,Complex,196,60,False
H1,m84137_260214_004236_s1/243468587/ccs,0,8,2,5,0,4,0,0,1.0,Complex,196,60,False
H1,m84137_260214_004236_s1/81199930/ccs,0,8,3,4,0,5,0,0,1.0,Complex,197,60,False
H1,m84137_260214_004236_s1/130089564/ccs,1,15,3,5,0,71,0,0,1.0,Complex,263,60,False
H1,m84137_260214_004236_s1/250678192/ccs,1,16,2,5,0,73,0,0,1.0,Complex,265,60,False
H1,m84137_260214_004236_s1/98305599/ccs,1,16,2,5,0,76,0,0,1.0,Complex,268,60,False
H1,m84137_260214_004236_s1/241304137/ccs,1,16,2,7,0,77,0,0,1.0,Complex,269,60,False
H1,m84137_260214_004236_s1/49022945/ccs,1,16,2,5,0,78,0,0,1.0,Complex,270,60,False
H1,m84137_260214_004236_s1/257426610/ccs,1,17,2,5,0,82,0,0,1.0,Complex,274,60,False
H1,m84137_260214_004236_s1/236258827/ccs,1,17,2,5,0,85,0,0,1.0,Complex,277,60,False
H1,m84137_260214_004236_s1/3671239/ccs,0,7,2,23,0,6,2,0,1.0,Complex,197,60,True
H1,m84137_260214_004236_s1/238027421/ccs,1,14,3,24,0,81,4,0,1.0,Complex,273,60,True
H1,m84137_260214_004236_s1/133895356/ccs,0,7,3,22,0,4,8,0,1.0,Complex,193,60,True
H1,m84137_260214_004236_s1/220924998/ccs,1,14,3,31,0,83,4,0,1.0,Complex,271,60,True
H1,m84137_260214_004236_s1/133629481/ccs,1,16,3,30,0,87,7,0,1.0,Complex,270,60,True
H1,m84137_260214_004236_s1/81726905/ccs,1,15,2,17,0,83,3,0,1.0,Complex,273,60,True
H1,m84137_260214_004236_s1/176691003/ccs,1,15,2,23,0,78,5,0,1.0,Complex,266,60,True
H1,m84137_260214_004236_s1/189076938/ccs,1,16,3,21,0,84,4,0,1.0,Complex,273,60,True
H1,m84137_260214_004236_s1/138809261/ccs,0,8,2,13,0,6,1,0,1.0,Complex,197,60,True
H1,m84137_260214_004236_s1/130158962/ccs,0,8,2,15,0,3,4,0,1.0,Complex,194,60,True
H1,m84137_260214_004236_s1/140054346/ccs,1,15,2,19,0,72,3,0,1.0,Complex,262,60,True
H1,m84137_260214_004236_s1/211615945/ccs,0,8,2,5,0,1,3,0,1.0,Complex,190,60,True
H1,m84137_260214_004236_s1/104007862/ccs,0,8,1,11,0,6,2,0,1.0,Complex,194,60,True
H1,m84137_260214_004236_s1/131203974/ccs,0,8,2,5,0,4,0,0,1.0,Complex,196,60,True
H1,m84137_260214_004236_s1/138152378/ccs,0,8,2,5,0,4,0,0,1.0,Complex,196,60,True
H1,m84137_260214_004236_s1/142347398/ccs,0,8,2,5,0,4,0,0,1.0,Complex,196,60,True
H1,m84137_260214_004236_s1/64493122/ccs,0,8,2,5,0,4,0,0,1.0,Complex,196,60,True
H1,m84137_260214_004236_s1/130092926/ccs,0,8,2,5,0,4,0,0,1.0,Complex,196,60,True
H1,m84137_260214_004236_s1/28049760/ccs,0,8,2,7,0,4,0,0,1.0,Complex,196,60,True
H1,m84137_260214_004236_s1/60621943/ccs,0,8,2,7,0,6,0,0,1.0,Complex,197,60,True
H1,m84137_260214_004236_s1/211947970/ccs,0,8,2,7,0,7,0,0,1.0,Complex,199,60,True
H1,m84137_260214_004236_s1/66061990/ccs,0,9,2,5,0,7,0,0,1.0,Complex,199,60,True
H1,m84137_260214_004236_s1/103743936/ccs,1,17,2,5,0,80,0,0,1.0,Complex,272,60,True
H1,m84137_260214_004236_s1/210111181/ccs,1,17,2,5,0,85,0,0,1.0,Complex,277,60,True
H1,m84137_260214_004236_s1/191824292/ccs,1,17,2,5,0,85,0,0,1.0,Complex,277,60,True
H1,m84137_260214_004236_s1/52168236/ccs,1,17,4,5,0,87,0,0,1.0,Complex,279,60,True
H1,m84137_260214_004236_s1/67572995/ccs,1,18,2,5,0,88,0,0,1.0,Complex,280,60,True
H1,m84137_260214_004236_s1/25956351/ccs,1,18,2,5,0,91,0,0,1.0,Complex,283,60,True
H1,m84137_260214_004236_s1/214046295/ccs,1,14,3,23,0,81,4,0,1.0,Complex,270,60,False
H1,m84137_260214_004236_s1/96142095/ccs,0,8,2,7,0,5,0,0,1.0,Complex,196,60,False
H1,m84137_260214_004236_s1/21235525/ccs,1,16,4,12,0,88,0,0,1.0,Complex,277,60,False
H1,m84137_260214_004236_s1/140968052/ccs,0,6,4,27,0,9,3,0,1.0,Complex,194,60,True
H1,m84137_260214_004236_s1/118948087/ccs,1,15,2,24,0,83,3,0,1.0,Complex,268,60,True
H1,m84137_260214_004236_s1/6099556/ccs,0,8,2,20,0,6,4,0,1.0,Complex,192,60,True
H1,m84137_260214_004236_s1/233116200/ccs,0,7,2,25,0,6,2,0,1.0,Complex,194,60,True
H1,m84137_260214_004236_s1/217581519/ccs,0,8,3,23,0,8,3,0,1.0,Complex,197,60,True
H1,m84137_260214_004236_s1/180880903/ccs,0,6,4,27,0,6,3,0,1.0,Complex,193,60,True
H1,m84137_260214_004236_s1/134481370/ccs,0,7,2,27,0,5,5,0,1.0,Complex,194,60,True
H1,m84137_260214_004236_s1/262673765/ccs,0,7,3,20,0,8,2,0,1.0,Complex,195,60,True
H1,m84137_260214_004236_s1/67047853/ccs,1,14,2,19,0,81,3,0,1.0,Complex,268,60,True
H1,m84137_260214_004236_s1/251663037/ccs,1,16,3,15,0,79,2,0,1.0,Complex,269,60,True
H1,m84137_260214_004236_s1/16454007/ccs,0,8,2,8,0,5,1,0,1.0,Complex,196,60,True
H1,m84137_260214_004236_s1/169743002/ccs,0,8,5,11,0,12,1,0,1.0,Complex,202,60,True
H1,m84137_260214_004236_s1/79628726/ccs,0,8,2,15,0,12,0,0,1.0,Complex,203,60,True
H1,m84137_260214_004236_s1/220922641/ccs,0,8,4,12,0,15,0,0,1.0,Complex,206,60,True
H1,m84137_260214_004236_s1/192484013/ccs,1,21,3,9,0,130,0,0,1.0,Complex,321,60,True
H1,m84137_260214_004236_s1/149096674/ccs,0,8,3,22,0,8,3,0,1.0,Complex,195,60,False
H1,m84137_260214_004236_s1/143983967/ccs,1,16,5,18,0,100,1,0,1.0,Complex,288,60,True
H1,m84137_260214_004236_s1/60557951/ccs,0,8,5,18,0,13,0,0,1.0,Complex,202,60,True
H1,m84137_260214_004236_s1/88347683/ccs,1,16,7,23,0,124,1,0,1.0,Complex,310,60,False
H1,m84137_260214_004236_s1/217517150/ccs,0,7,4,15,0,15,0,0,1.0,Complex,203,60,False
H1,m84137_260214_004236_s1/23461955/ccs,1,15,3,29,0,97,1,0,1.0,Complex,282,60,False
H1,m84137_260214_004236_s1/232657864/ccs,1,14,5,35,0,86,3,0,1.0,Complex,272,60,True
H1,m84137_260214_004236_s1/51642455/ccs,1,15,2,30,0,93,3,0,1.0,Complex,278,60,True
H1,m84137_260214_004236_s1/8065739/ccs,1,14,3,21,0,83,1,0,1.0,Complex,271,60,True
H1,m84137_260214_004236_s1/168761067/ccs,1,15,3,26,0,88,2,0,1.0,Complex,274,60,True
H1,m84137_260214_004236_s1/12977343/ccs,1,17,7,9,0,111,0,0,1.0,Complex,299,60,True
H1,m84137_260214_004236_s1/33165736/ccs,1,13,2,33,0,92,2,0,1.0,Complex,274,60,False
H1,m84137_260214_004236_s1/197858916/ccs,1,17,1,26,0,110,1,0,1.0,Complex,293,60,True
