sample,read_id,allele,CAG_count,CAA_count,CCG_count,repeat_length_bp,classification,mapq
H3,m84137_260214_004236_s1/73401810/ccs,1,55,3,14,309,CAA_interrupted,60
H3,m84137_260214_004236_s1/23791630/ccs,1,59,5,11,313,CAA_interrupted,60
H3,m84137_260214_004236_s1/241568636/ccs,0,22,2,9,184,CAA_interrupted,60
H3,m84137_260214_004236_s1/166266081/ccs,0,21,1,10,185,CAA_interrupted,60
H3,m84137_260214_004236_s1/146281875/ccs,1,51,5,13,305,CAA_interrupted,60
H3,m84137_260214_004236_s1/247072969/ccs,0,19,1,13,187,CAA_interrupted,60
H3,m84137_260214_004236_s1/218040069/ccs,1,55,5,11,306,CAA_interrupted,60
H3,m84137_260214_004236_s1/191040490/ccs,1,49,6,10,303,CAA_interrupted,60
H3,m84137_260214_004236_s1/48890556/ccs,1,44,5,14,296,CAA_interrupted,60
H3,m84137_260214_004236_s1/91425604/ccs,0,24,2,10,188,CAA_interrupted,60
H3,m84137_260214_004236_s1/254415485/ccs,0,23,2,13,186,CAA_interrupted,60
H3,m84137_260214_004236_s1/99095255/ccs,1,54,3,14,321,CAA_interrupted,60
H3,m84137_260214_004236_s1/2097690/ccs,1,827,35,19,3068,CAA_interrupted,60
H3,m84137_260214_004236_s1/95686302/ccs,0,23,3,11,192,CAA_interrupted,60
H3,m84137_260214_004236_s1/22481974/ccs,1,55,4,11,319,CAA_interrupted,60
H3,m84137_260214_004236_s1/169809764/ccs,1,55,4,13,320,CAA_interrupted,60
H3,m84137_260214_004236_s1/82051943/ccs,1,53,4,16,313,CAA_interrupted,60
H3,m84137_260214_004236_s1/150342062/ccs,1,77,4,10,366,CAA_interrupted,60
H3,m84137_260214_004236_s1/121768635/ccs,1,60,2,12,306,CAA_interrupted,60
H3,m84137_260214_004236_s1/206443279/ccs,1,67,2,12,319,CAA_interrupted,60
H3,m84137_260214_004236_s1/237175291/ccs,1,52,5,13,318,CAA_interrupted,60
H3,m84137_260214_004236_s1/256443416/ccs,1,51,4,13,305,CAA_interrupted,60
H3,m84137_260214_004236_s1/90835560/ccs,1,58,6,11,328,CAA_interrupted,60
H3,m84137_260214_004236_s1/6491893/ccs,1,57,5,11,322,CAA_interrupted,60
H3,m84137_260214_004236_s1/3015164/ccs,1,54,4,12,313,CAA_interrupted,60
H3,m84137_260214_004236_s1/133431570/ccs,1,52,4,12,303,CAA_interrupted,60
H3,m84137_260214_004236_s1/31721716/ccs,1,54,4,14,312,CAA_interrupted,60
H3,m84137_260214_004236_s1/195825563/ccs,1,59,3,11,318,CAA_interrupted,60
H3,m84137_260214_004236_s1/5636598/ccs,1,60,2,10,309,CAA_interrupted,60
H3,m84137_260214_004236_s1/23397850/ccs,1,53,2,11,297,CAA_interrupted,60
H3,m84137_260214_004236_s1/238814623/ccs,0,23,2,12,187,CAA_interrupted,60
H3,m84137_260214_004236_s1/63705161/ccs,0,22,2,12,187,CAA_interrupted,60
H3,m84137_260214_004236_s1/92604325/ccs,1,56,1,12,283,CAA_interrupted,60
H3,m84137_260214_004236_s1/105713116/ccs,1,89,2,13,389,CAA_interrupted,60
H3,m84137_260214_004236_s1/263981381/ccs,0,21,1,8,188,CAA_interrupted,60
H3,m84137_260214_004236_s1/67307854/ccs,1,52,7,12,319,CAA_interrupted,60
H3,m84137_260214_004236_s1/63968787/ccs,0,20,2,12,184,CAA_interrupted,60
H3,m84137_260214_004236_s1/93783117/ccs,1,51,5,10,314,CAA_interrupted,60
H3,m84137_260214_004236_s1/45353303/ccs,1,56,3,9,313,CAA_interrupted,60
H3,m84137_260214_004236_s1/4852462/ccs,0,22,3,12,191,CAA_interrupted,60
H3,m84137_260214_004236_s1/134611907/ccs,1,52,4,14,302,CAA_interrupted,60
H3,m84137_260214_004236_s1/111151212/ccs,1,54,5,9,309,CAA_interrupted,60
H3,m84137_260214_004236_s1/193528650/ccs,1,50,3,11,295,CAA_interrupted,60
H3,m84137_260214_004236_s1/55250196/ccs,1,53,2,13,302,CAA_interrupted,60
H3,m84137_260214_004236_s1/88673887/ccs,0,23,1,11,183,CAA_interrupted,60
H3,m84137_260214_004236_s1/138611555/ccs,0,23,2,11,185,CAA_interrupted,60
H3,m84137_260214_004236_s1/99682434/ccs,0,23,2,12,187,CAA_interrupted,60
H3,m84137_260214_004236_s1/262212714/ccs,0,23,2,12,187,CAA_interrupted,60
H3,m84137_260214_004236_s1/19139528/ccs,0,23,2,12,187,CAA_interrupted,60
H3,m84137_260214_004236_s1/29754227/ccs,1,59,1,11,295,CAA_interrupted,60
H3,m84137_260214_004236_s1/82576222/ccs,1,60,2,12,298,CAA_interrupted,60
H3,m84137_260214_004236_s1/124060981/ccs,1,69,2,11,324,CAA_interrupted,60
H3,m84137_260214_004236_s1/85594730/ccs,0,21,3,10,192,CAA_interrupted,60
H3,m84137_260214_004236_s1/44239220/ccs,1,49,5,13,305,CAA_interrupted,60
H3,m84137_260214_004236_s1/71243245/ccs,1,51,6,12,310,CAA_interrupted,60
H3,m84137_260214_004236_s1/225772416/ccs,1,52,7,12,312,CAA_interrupted,60
H3,m84137_260214_004236_s1/75433019/ccs,1,49,5,11,304,CAA_interrupted,60
H3,m84137_260214_004236_s1/44634773/ccs,1,57,6,12,320,CAA_interrupted,60
H3,m84137_260214_004236_s1/251925193/ccs,0,21,2,12,181,CAA_interrupted,60
H3,m84137_260214_004236_s1/237505681/ccs,0,21,2,12,181,CAA_interrupted,60
H3,m84137_260214_004236_s1/98501541/ccs,0,21,2,12,181,CAA_interrupted,60
H3,m84137_260214_004236_s1/107217377/ccs,0,21,2,12,181,CAA_interrupted,60
H3,m84137_260214_004236_s1/31331288/ccs,0,22,2,11,183,CAA_interrupted,60
H3,m84137_260214_004236_s1/33293072/ccs,0,22,2,12,184,CAA_interrupted,60
H3,m84137_260214_004236_s1/40174584/ccs,0,22,2,12,184,CAA_interrupted,60
H3,m84137_260214_004236_s1/42469165/ccs,0,22,2,12,184,CAA_interrupted,60
H3,m84137_260214_004236_s1/163777877/ccs,0,22,2,12,184,CAA_interrupted,60
H3,m84137_260214_004236_s1/85791945/ccs,0,22,2,12,184,CAA_interrupted,60
H3,m84137_260214_004236_s1/263722356/ccs,0,22,2,12,184,CAA_interrupted,60
H3,m84137_260214_004236_s1/265621193/ccs,0,22,2,12,184,CAA_interrupted,60
H3,m84137_260214_004236_s1/213516674/ccs,0,22,2,12,184,CAA_interrupted,60
H3,m84137_260214_004236_s1/216663185/ccs,0,22,2,12,184,CAA_interrupted,60
H3,m84137_260214_004236_s1/161878533/ccs,0,22,2,12,184,CAA_interrupted,60
H3,m84137_260214_004236_s1/150670671/ccs,0,22,2,12,184,CAA_interrupted,60
H3,m84137_260214_004236_s1/25038087/ccs,0,22,2,12,184,CAA_interrupted,60
H3,m84137_260214_004236_s1/29888385/ccs,0,22,2,12,184,CAA_interrupted,60
H3,m84137_260214_004236_s1/56558646/ccs,0,22,2,12,184,CAA_interrupted,60
H3,m84137_260214_004236_s1/83427556/ccs,0,22,2,12,184,CAA_interrupted,60
H3,m84137_260214_004236_s1/3607304/ccs,0,22,2,12,184,CAA_interrupted,60
H3,m84137_260214_004236_s1/21497553/ccs,0,20,3,12,184,CAA_interrupted,60
H3,m84137_260214_004236_s1/37880546/ccs,0,22,2,12,184,CAA_interrupted,60
H3,m84137_260214_004236_s1/60949300/ccs,0,22,2,12,184,CAA_interrupted,60
H3,m84137_260214_004236_s1/259654534/ccs,0,22,2,12,184,CAA_interrupted,60
H3,m84137_260214_004236_s1/96012407/ccs,0,22,2,12,184,CAA_interrupted,60
H3,m84137_260214_004236_s1/195759114/ccs,0,22,2,12,184,CAA_interrupted,60
H3,m84137_260214_004236_s1/197788500/ccs,0,22,2,12,184,CAA_interrupted,60
H3,m84137_260214_004236_s1/80940710/ccs,0,22,2,12,184,CAA_interrupted,60
H3,m84137_260214_004236_s1/17108450/ccs,0,22,2,12,184,CAA_interrupted,60
H3,m84137_260214_004236_s1/114165780/ccs,0,22,2,12,184,CAA_interrupted,60
H3,m84137_260214_004236_s1/212601112/ccs,0,22,2,12,186,CAA_interrupted,60
H3,m84137_260214_004236_s1/193333932/ccs,0,23,2,12,187,CAA_interrupted,60
H3,m84137_260214_004236_s1/223019936/ccs,0,23,2,12,187,CAA_interrupted,60
H3,m84137_260214_004236_s1/129698705/ccs,0,23,2,12,187,CAA_interrupted,60
H3,m84137_260214_004236_s1/50792682/ccs,0,23,2,12,187,CAA_interrupted,60
H3,m84137_260214_004236_s1/36113341/ccs,0,23,2,12,187,CAA_interrupted,60
H3,m84137_260214_004236_s1/45418717/ccs,0,23,2,12,187,CAA_interrupted,60
H3,m84137_260214_004236_s1/40567924/ccs,0,23,2,12,187,CAA_interrupted,60
H3,m84137_260214_004236_s1/36634781/ccs,0,23,2,12,187,CAA_interrupted,60
H3,m84137_260214_004236_s1/52299753/ccs,0,23,2,12,187,CAA_interrupted,60
H3,m84137_260214_004236_s1/41027660/ccs,0,23,2,12,187,CAA_interrupted,60
H3,m84137_260214_004236_s1/46006337/ccs,0,23,2,12,187,CAA_interrupted,60
H3,m84137_260214_004236_s1/40960669/ccs,0,23,2,12,187,CAA_interrupted,60
H3,m84137_260214_004236_s1/41419647/ccs,0,23,2,12,187,CAA_interrupted,60
H3,m84137_260214_004236_s1/37487797/ccs,0,23,2,12,187,CAA_interrupted,60
H3,m84137_260214_004236_s1/59377541/ccs,0,23,2,12,187,CAA_interrupted,60
H3,m84137_260214_004236_s1/59638743/ccs,0,23,2,12,187,CAA_interrupted,60
H3,m84137_260214_004236_s1/53413729/ccs,0,23,2,12,187,CAA_interrupted,60
H3,m84137_260214_004236_s1/62982271/ccs,0,23,2,12,187,CAA_interrupted,60
H3,m84137_260214_004236_s1/47908601/ccs,0,23,2,12,187,CAA_interrupted,60
H3,m84137_260214_004236_s1/67372284/ccs,0,23,2,12,187,CAA_interrupted,60
H3,m84137_260214_004236_s1/55181763/ccs,0,23,2,12,187,CAA_interrupted,60
H3,m84137_260214_004236_s1/68552586/ccs,0,23,2,12,187,CAA_interrupted,60
H3,m84137_260214_004236_s1/74320745/ccs,0,23,2,12,187,CAA_interrupted,60
H3,m84137_260214_004236_s1/92080078/ccs,0,23,2,12,187,CAA_interrupted,60
H3,m84137_260214_004236_s1/103092219/ccs,0,23,2,12,187,CAA_interrupted,60
H3,m84137_260214_004236_s1/103355462/ccs,0,23,2,12,187,CAA_interrupted,60
H3,m84137_260214_004236_s1/104666210/ccs,0,23,2,12,187,CAA_interrupted,60
H3,m84137_260214_004236_s1/120263083/ccs,0,23,2,12,187,CAA_interrupted,60
H3,m84137_260214_004236_s1/120589337/ccs,0,23,2,12,187,CAA_interrupted,60
H3,m84137_260214_004236_s1/120722908/ccs,0,23,2,12,187,CAA_interrupted,60
H3,m84137_260214_004236_s1/81268213/ccs,0,23,2,12,187,CAA_interrupted,60
H3,m84137_260214_004236_s1/108335461/ccs,0,23,2,12,187,CAA_interrupted,60
H3,m84137_260214_004236_s1/121902392/ccs,0,23,2,12,187,CAA_interrupted,60
H3,m84137_260214_004236_s1/128914774/ccs,0,23,2,12,187,CAA_interrupted,60
H3,m84137_260214_004236_s1/129567777/ccs,0,23,2,12,187,CAA_interrupted,60
H3,m84137_260214_004236_s1/134418177/ccs,0,23,2,12,187,CAA_interrupted,60
H3,m84137_260214_004236_s1/127929637/ccs,0,23,2,12,187,CAA_interrupted,60
H3,m84137_260214_004236_s1/131403206/ccs,0,23,2,12,187,CAA_interrupted,60
H3,m84137_260214_004236_s1/131665461/ccs,0,23,2,12,187,CAA_interrupted,60
H3,m84137_260214_004236_s1/157093294/ccs,0,23,2,12,187,CAA_interrupted,60
H3,m84137_260214_004236_s1/113579885/ccs,0,23,2,12,187,CAA_interrupted,60
H3,m84137_260214_004236_s1/141562660/ccs,0,23,2,12,187,CAA_interrupted,60
H3,m84137_260214_004236_s1/158404593/ccs,0,23,2,12,187,CAA_interrupted,60
H3,m84137_260214_004236_s1/141825921/ccs,0,23,2,12,187,CAA_interrupted,60
H3,m84137_260214_004236_s1/115413032/ccs,0,23,2,12,187,CAA_interrupted,60
H3,m84137_260214_004236_s1/159979205/ccs,0,23,2,12,187,CAA_interrupted,60
H3,m84137_260214_004236_s1/163581618/ccs,0,23,2,12,187,CAA_interrupted,60
H3,m84137_260214_004236_s1/161157336/ccs,0,23,2,12,187,CAA_interrupted,60
H3,m84137_260214_004236_s1/144708667/ccs,0,23,2,12,187,CAA_interrupted,60
H3,m84137_260214_004236_s1/39654350/ccs,0,23,2,12,187,CAA_interrupted,60
H3,m84137_260214_004236_s1/57086511/ccs,0,23,2,12,187,CAA_interrupted,60
H3,m84137_260214_004236_s1/62065989/ccs,0,23,2,12,187,CAA_interrupted,60
H3,m84137_260214_004236_s1/62002805/ccs,0,23,2,12,187,CAA_interrupted,60
H3,m84137_260214_004236_s1/64688512/ccs,0,23,2,12,187,CAA_interrupted,60
H3,m84137_260214_004236_s1/65408643/ccs,0,23,2,12,187,CAA_interrupted,60
H3,m84137_260214_004236_s1/45157787/ccs,0,23,2,12,187,CAA_interrupted,60
H3,m84137_260214_004236_s1/46075670/ccs,0,23,2,12,187,CAA_interrupted,60
H3,m84137_260214_004236_s1/61216376/ccs,0,23,2,12,187,CAA_interrupted,60
H3,m84137_260214_004236_s1/46207999/ccs,0,23,2,12,187,CAA_interrupted,60
H3,m84137_260214_004236_s1/71241811/ccs,0,23,2,12,187,CAA_interrupted,60
H3,m84137_260214_004236_s1/46797258/ccs,0,23,2,12,187,CAA_interrupted,60
H3,m84137_260214_004236_s1/73994067/ccs,0,23,2,12,187,CAA_interrupted,60
H3,m84137_260214_004236_s1/72160736/ccs,0,23,2,12,187,CAA_interrupted,60
H3,m84137_260214_004236_s1/72094051/ccs,0,23,2,12,187,CAA_interrupted,60
H3,m84137_260214_004236_s1/88085614/ccs,0,23,2,12,187,CAA_interrupted,60
H3,m84137_260214_004236_s1/89002320/ccs,0,23,2,12,187,CAA_interrupted,60
H3,m84137_260214_004236_s1/48567024/ccs,0,23,2,12,187,CAA_interrupted,60
H3,m84137_260214_004236_s1/49614419/ccs,0,23,2,12,187,CAA_interrupted,60
H3,m84137_260214_004236_s1/117970342/ccs,0,23,2,12,187,CAA_interrupted,60
H3,m84137_260214_004236_s1/77665049/ccs,0,23,2,12,187,CAA_interrupted,60
H3,m84137_260214_004236_s1/190383326/ccs,0,23,2,12,187,CAA_interrupted,60
H3,m84137_260214_004236_s1/67568217/ccs,0,23,2,12,187,CAA_interrupted,60
H3,m84137_260214_004236_s1/68880768/ccs,0,23,2,12,187,CAA_interrupted,60
H3,m84137_260214_004236_s1/190974450/ccs,0,23,2,12,187,CAA_interrupted,60
H3,m84137_260214_004236_s1/216270416/ccs,0,23,2,12,187,CAA_interrupted,60
H3,m84137_260214_004236_s1/80285042/ccs,0,23,2,12,187,CAA_interrupted,60
H3,m84137_260214_004236_s1/213522211/ccs,0,23,2,12,187,CAA_interrupted,60
H3,m84137_260214_004236_s1/211162725/ccs,0,23,2,12,187,CAA_interrupted,60
H3,m84137_260214_004236_s1/212342388/ccs,0,23,2,12,187,CAA_interrupted,60
H3,m84137_260214_004236_s1/228594481/ccs,0,23,2,12,187,CAA_interrupted,60
H3,m84137_260214_004236_s1/212536597/ccs,0,23,2,12,187,CAA_interrupted,60
H3,m84137_260214_004236_s1/254545809/ccs,0,23,2,12,187,CAA_interrupted,60
H3,m84137_260214_004236_s1/254546759/ccs,0,23,2,12,187,CAA_interrupted,60
H3,m84137_260214_004236_s1/255332319/ccs,0,23,2,12,187,CAA_interrupted,60
H3,m84137_260214_004236_s1/237636897/ccs,0,23,2,12,187,CAA_interrupted,60
H3,m84137_260214_004236_s1/256381388/ccs,0,23,2,12,187,CAA_interrupted,60
H3,m84137_260214_004236_s1/256971565/ccs,0,23,2,12,187,CAA_interrupted,60
H3,m84137_260214_004236_s1/239212013/ccs,0,23,2,12,187,CAA_interrupted,60
H3,m84137_260214_004236_s1/216141263/ccs,0,23,2,12,187,CAA_interrupted,60
H3,m84137_260214_004236_s1/262933956/ccs,0,23,2,12,187,CAA_interrupted,60
H3,m84137_260214_004236_s1/246093521/ccs,0,23,2,12,187,CAA_interrupted,60
H3,m84137_260214_004236_s1/247206457/ccs,0,23,2,12,187,CAA_interrupted,60
H3,m84137_260214_004236_s1/229311774/ccs,0,23,2,12,187,CAA_interrupted,60
H3,m84137_260214_004236_s1/229310898/ccs,0,23,2,12,187,CAA_interrupted,60
H3,m84137_260214_004236_s1/229442029/ccs,0,23,2,12,187,CAA_interrupted,60
H3,m84137_260214_004236_s1/209257982/ccs,0,23,2,12,187,CAA_interrupted,60
H3,m84137_260214_004236_s1/183961014/ccs,0,23,2,12,187,CAA_interrupted,60
H3,m84137_260214_004236_s1/222693802/ccs,0,23,2,12,187,CAA_interrupted,60
H3,m84137_260214_004236_s1/229835652/ccs,0,23,2,12,187,CAA_interrupted,60
H3,m84137_260214_004236_s1/204669835/ccs,0,23,2,12,187,CAA_interrupted,60
H3,m84137_260214_004236_s1/212664901/ccs,0,23,2,12,187,CAA_interrupted,60
H3,m84137_260214_004236_s1/223412293/ccs,0,23,2,12,187,CAA_interrupted,60
H3,m84137_260214_004236_s1/212862404/ccs,0,23,2,12,187,CAA_interrupted,60
H3,m84137_260214_004236_s1/205652693/ccs,0,23,2,12,187,CAA_interrupted,60
H3,m84137_260214_004236_s1/251726532/ccs,0,23,2,12,187,CAA_interrupted,60
H3,m84137_260214_004236_s1/230884510/ccs,0,23,2,12,187,CAA_interrupted,60
H3,m84137_260214_004236_s1/227607382/ccs,0,23,2,12,187,CAA_interrupted,60
H3,m84137_260214_004236_s1/231997581/ccs,0,23,2,12,187,CAA_interrupted,60
H3,m84137_260214_004236_s1/252969487/ccs,0,23,2,12,187,CAA_interrupted,60
H3,m84137_260214_004236_s1/214500444/ccs,0,23,2,12,187,CAA_interrupted,60
H3,m84137_260214_004236_s1/254346096/ccs,0,23,2,12,187,CAA_interrupted,60
H3,m84137_260214_004236_s1/241041777/ccs,0,23,2,12,187,CAA_interrupted,60
H3,m84137_260214_004236_s1/258083671/ccs,0,23,2,12,187,CAA_interrupted,60
H3,m84137_260214_004236_s1/234621744/ccs,0,23,2,12,187,CAA_interrupted,60
H3,m84137_260214_004236_s1/237241129/ccs,0,23,2,12,187,CAA_interrupted,60
H3,m84137_260214_004236_s1/237176882/ccs,0,23,2,12,187,CAA_interrupted,60
H3,m84137_260214_004236_s1/255983699/ccs,0,23,2,12,187,CAA_interrupted,60
H3,m84137_260214_004236_s1/217579971/ccs,0,23,2,12,187,CAA_interrupted,60
H3,m84137_260214_004236_s1/238618365/ccs,0,23,2,12,187,CAA_interrupted,60
H3,m84137_260214_004236_s1/238617107/ccs,0,23,2,12,187,CAA_interrupted,60
H3,m84137_260214_004236_s1/75694518/ccs,0,23,2,12,187,CAA_interrupted,60
H3,m84137_260214_004236_s1/96011585/ccs,0,23,2,12,187,CAA_interrupted,60
H3,m84137_260214_004236_s1/96077436/ccs,0,23,2,12,187,CAA_interrupted,60
H3,m84137_260214_004236_s1/79757946/ccs,0,23,2,12,187,CAA_interrupted,60
H3,m84137_260214_004236_s1/97190739/ccs,0,23,2,12,187,CAA_interrupted,60
H3,m84137_260214_004236_s1/76547659/ccs,0,23,2,12,187,CAA_interrupted,60
H3,m84137_260214_004236_s1/81069692/ccs,0,23,2,12,187,CAA_interrupted,60
H3,m84137_260214_004236_s1/77398698/ccs,0,23,2,12,187,CAA_interrupted,60
H3,m84137_260214_004236_s1/81659947/ccs,0,23,2,12,187,CAA_interrupted,60
H3,m84137_260214_004236_s1/81593481/ccs,0,23,2,12,187,CAA_interrupted,60
H3,m84137_260214_004236_s1/99026284/ccs,0,23,2,12,187,CAA_interrupted,60
H3,m84137_260214_004236_s1/100008243/ccs,0,23,2,12,187,CAA_interrupted,60
H3,m84137_260214_004236_s1/107086096/ccs,0,23,2,12,187,CAA_interrupted,60
H3,m84137_260214_004236_s1/119408579/ccs,0,23,2,12,187,CAA_interrupted,60
H3,m84137_260214_004236_s1/112068256/ccs,0,23,2,12,187,CAA_interrupted,60
H3,m84137_260214_004236_s1/128648068/ccs,0,23,2,12,187,CAA_interrupted,60
H3,m84137_260214_004236_s1/109052893/ccs,0,23,2,12,187,CAA_interrupted,60
H3,m84137_260214_004236_s1/104597779/ccs,0,23,2,12,187,CAA_interrupted,60
H3,m84137_260214_004236_s1/121111044/ccs,0,23,2,12,187,CAA_interrupted,60
H3,m84137_260214_004236_s1/129829879/ccs,0,23,2,12,187,CAA_interrupted,60
H3,m84137_260214_004236_s1/126355206/ccs,0,23,2,12,187,CAA_interrupted,60
H3,m84137_260214_004236_s1/105580806/ccs,0,23,2,12,187,CAA_interrupted,60
H3,m84137_260214_004236_s1/134283998/ccs,0,23,2,12,187,CAA_interrupted,60
H3,m84137_260214_004236_s1/185602821/ccs,0,23,2,12,187,CAA_interrupted,60
H3,m84137_260214_004236_s1/174001236/ccs,0,23,2,12,187,CAA_interrupted,60
H3,m84137_260214_004236_s1/187044123/ccs,0,23,2,12,187,CAA_interrupted,60
H3,m84137_260214_004236_s1/174986062/ccs,0,23,2,12,187,CAA_interrupted,60
H3,m84137_260214_004236_s1/147721630/ccs,0,23,2,12,187,CAA_interrupted,60
H3,m84137_260214_004236_s1/167580767/ccs,0,23,2,12,187,CAA_interrupted,60
H3,m84137_260214_004236_s1/189468468/ccs,0,23,2,12,187,CAA_interrupted,60
H3,m84137_260214_004236_s1/192482516/ccs,0,23,2,12,187,CAA_interrupted,60
H3,m84137_260214_004236_s1/172101898/ccs,0,23,2,12,187,CAA_interrupted,60
H3,m84137_260214_004236_s1/193729088/ccs,0,23,2,12,187,CAA_interrupted,60
H3,m84137_260214_004236_s1/196939630/ccs,0,23,2,12,187,CAA_interrupted,60
H3,m84137_260214_004236_s1/150015511/ccs,0,23,2,12,187,CAA_interrupted,60
H3,m84137_260214_004236_s1/150280054/ccs,0,23,2,12,187,CAA_interrupted,60
H3,m84137_260214_004236_s1/197464093/ccs,0,23,2,12,187,CAA_interrupted,60
H3,m84137_260214_004236_s1/194778908/ccs,0,23,2,12,187,CAA_interrupted,60
H3,m84137_260214_004236_s1/195433777/ccs,0,23,2,12,187,CAA_interrupted,60
H3,m84137_260214_004236_s1/202380480/ccs,0,23,2,12,187,CAA_interrupted,60
H3,m84137_260214_004236_s1/179442056/ccs,0,23,2,12,187,CAA_interrupted,60
H3,m84137_260214_004236_s1/179509133/ccs,0,23,2,12,187,CAA_interrupted,60
H3,m84137_260214_004236_s1/203296306/ccs,0,23,2,12,187,CAA_interrupted,60
H3,m84137_260214_004236_s1/208801410/ccs,0,23,2,12,187,CAA_interrupted,60
H3,m84137_260214_004236_s1/180949138/ccs,0,23,2,12,187,CAA_interrupted,60
H3,m84137_260214_004236_s1/203820246/ccs,0,23,2,12,187,CAA_interrupted,60
H3,m84137_260214_004236_s1/209784965/ccs,0,23,2,12,187,CAA_interrupted,60
H3,m84137_260214_004236_s1/222762087/ccs,0,23,2,12,187,CAA_interrupted,60
H3,m84137_260214_004236_s1/205197659/ccs,0,23,2,12,187,CAA_interrupted,60
H3,m84137_260214_004236_s1/205787316/ccs,0,23,2,12,187,CAA_interrupted,60
H3,m84137_260214_004236_s1/187959671/ccs,0,23,2,12,187,CAA_interrupted,60
H3,m84137_260214_004236_s1/196283185/ccs,0,23,2,12,187,CAA_interrupted,60
H3,m84137_260214_004236_s1/175572934/ccs,0,23,2,12,187,CAA_interrupted,60
H3,m84137_260214_004236_s1/175506426/ccs,0,23,2,12,187,CAA_interrupted,60
H3,m84137_260214_004236_s1/171968453/ccs,0,23,2,12,187,CAA_interrupted,60
H3,m84137_260214_004236_s1/197460271/ccs,0,23,2,12,187,CAA_interrupted,60
H3,m84137_260214_004236_s1/176950117/ccs,0,23,2,12,187,CAA_interrupted,60
H3,m84137_260214_004236_s1/193660141/ccs,0,23,2,12,187,CAA_interrupted,60
H3,m84137_260214_004236_s1/180030128/ccs,0,23,2,12,187,CAA_interrupted,60
H3,m84137_260214_004236_s1/194251394/ccs,0,23,2,12,187,CAA_interrupted,60
H3,m84137_260214_004236_s1/198380351/ccs,0,23,2,12,187,CAA_interrupted,60
H3,m84137_260214_004236_s1/219745116/ccs,0,23,2,12,187,CAA_interrupted,60
H3,m84137_260214_004236_s1/199820342/ccs,0,23,2,12,187,CAA_interrupted,60
H3,m84137_260214_004236_s1/220793748/ccs,0,23,2,12,187,CAA_interrupted,60
H3,m84137_260214_004236_s1/208012113/ccs,0,23,2,12,187,CAA_interrupted,60
H3,m84137_260214_004236_s1/224264890/ccs,0,23,2,12,187,CAA_interrupted,60
H3,m84137_260214_004236_s1/183110302/ccs,0,23,2,12,187,CAA_interrupted,60
H3,m84137_260214_004236_s1/243139408/ccs,0,23,2,12,187,CAA_interrupted,60
H3,m84137_260214_004236_s1/16913257/ccs,0,23,2,12,187,CAA_interrupted,60
H3,m84137_260214_004236_s1/264438125/ccs,0,23,2,12,187,CAA_interrupted,60
H3,m84137_260214_004236_s1/246940870/ccs,0,23,2,12,187,CAA_interrupted,60
H3,m84137_260214_004236_s1/261425912/ccs,0,23,2,12,187,CAA_interrupted,60
H3,m84137_260214_004236_s1/264963214/ccs,0,23,2,12,187,CAA_interrupted,60
H3,m84137_260214_004236_s1/265355928/ccs,0,23,2,12,187,CAA_interrupted,60
H3,m84137_260214_004236_s1/2167176/ccs,0,23,2,12,187,CAA_interrupted,60
H3,m84137_260214_004236_s1/4000776/ccs,0,23,2,12,187,CAA_interrupted,60
H3,m84137_260214_004236_s1/20909843/ccs,0,23,2,12,187,CAA_interrupted,60
H3,m84137_260214_004236_s1/24907406/ccs,0,23,2,12,187,CAA_interrupted,60
H3,m84137_260214_004236_s1/25694698/ccs,0,23,2,12,187,CAA_interrupted,60
H3,m84137_260214_004236_s1/29299014/ccs,0,23,2,12,187,CAA_interrupted,60
H3,m84137_260214_004236_s1/26807557/ccs,0,23,2,12,187,CAA_interrupted,60
H3,m84137_260214_004236_s1/35524782/ccs,0,23,2,12,187,CAA_interrupted,60
H3,m84137_260214_004236_s1/35654896/ccs,0,23,2,12,187,CAA_interrupted,60
H3,m84137_260214_004236_s1/52039316/ccs,0,23,2,12,187,CAA_interrupted,60
H3,m84137_260214_004236_s1/216075388/ccs,0,23,2,12,187,CAA_interrupted,60
H3,m84137_260214_004236_s1/266539846/ccs,0,23,2,12,187,CAA_interrupted,60
H3,m84137_260214_004236_s1/11272338/ccs,0,23,2,12,187,CAA_interrupted,60
H3,m84137_260214_004236_s1/5833571/ccs,0,23,2,12,187,CAA_interrupted,60
H3,m84137_260214_004236_s1/22873953/ccs,0,23,2,12,187,CAA_interrupted,60
H3,m84137_260214_004236_s1/5963939/ccs,0,23,2,12,187,CAA_interrupted,60
H3,m84137_260214_004236_s1/6228699/ccs,0,23,2,12,187,CAA_interrupted,60
H3,m84137_260214_004236_s1/12126193/ccs,0,23,2,12,187,CAA_interrupted,60
H3,m84137_260214_004236_s1/29360637/ccs,0,23,2,12,187,CAA_interrupted,60
H3,m84137_260214_004236_s1/24249509/ccs,0,23,2,12,187,CAA_interrupted,60
H3,m84137_260214_004236_s1/12715722/ccs,0,23,2,12,187,CAA_interrupted,60
H3,m84137_260214_004236_s1/12782209/ccs,0,23,2,12,187,CAA_interrupted,60
H3,m84137_260214_004236_s1/29755217/ccs,0,23,2,12,187,CAA_interrupted,60
H3,m84137_260214_004236_s1/29887479/ccs,0,23,2,12,187,CAA_interrupted,60
H3,m84137_260214_004236_s1/29820705/ccs,0,23,2,12,187,CAA_interrupted,60
H3,m84137_260214_004236_s1/19137133/ccs,0,23,2,12,187,CAA_interrupted,60
H3,m84137_260214_004236_s1/8324233/ccs,0,23,2,12,187,CAA_interrupted,60
H3,m84137_260214_004236_s1/5114627/ccs,0,23,2,12,187,CAA_interrupted,60
H3,m84137_260214_004236_s1/26478565/ccs,0,23,2,12,187,CAA_interrupted,60
H3,m84137_260214_004236_s1/26674908/ccs,0,23,2,12,187,CAA_interrupted,60
H3,m84137_260214_004236_s1/10291523/ccs,0,23,2,12,187,CAA_interrupted,60
H3,m84137_260214_004236_s1/32049614/ccs,0,23,2,12,187,CAA_interrupted,60
H3,m84137_260214_004236_s1/10947299/ccs,0,23,2,12,187,CAA_interrupted,60
H3,m84137_260214_004236_s1/111151773/ccs,0,23,2,12,187,CAA_interrupted,60
H3,m84137_260214_004236_s1/114295260/ccs,0,23,2,12,187,CAA_interrupted,60
H3,m84137_260214_004236_s1/114361314/ccs,0,23,2,12,187,CAA_interrupted,60
H3,m84137_260214_004236_s1/114623144/ccs,0,23,2,12,187,CAA_interrupted,60
H3,m84137_260214_004236_s1/114624986/ccs,0,23,2,12,187,CAA_interrupted,60
H3,m84137_260214_004236_s1/153815093/ccs,0,23,2,12,187,CAA_interrupted,60
H3,m84137_260214_004236_s1/137233583/ccs,0,23,2,12,187,CAA_interrupted,60
H3,m84137_260214_004236_s1/134087068/ccs,0,23,2,12,187,CAA_interrupted,60
H3,m84137_260214_004236_s1/137757413/ccs,0,23,2,12,187,CAA_interrupted,60
H3,m84137_260214_004236_s1/162660662/ccs,0,23,2,12,187,CAA_interrupted,60
H3,m84137_260214_004236_s1/154601908/ccs,0,23,2,12,187,CAA_interrupted,60
H3,m84137_260214_004236_s1/142017268/ccs,0,23,2,12,187,CAA_interrupted,60
H3,m84137_260214_004236_s1/154863910/ccs,0,23,2,12,187,CAA_interrupted,60
H3,m84137_260214_004236_s1/159517188/ccs,0,23,2,12,187,CAA_interrupted,60
H3,m84137_260214_004236_s1/145688054/ccs,0,23,2,12,187,CAA_interrupted,60
H3,m84137_260214_004236_s1/143065444/ccs,0,23,2,12,187,CAA_interrupted,60
H3,m84137_260214_004236_s1/160630412/ccs,0,23,2,12,187,CAA_interrupted,60
H3,m84137_260214_004236_s1/155976044/ccs,0,23,2,12,187,CAA_interrupted,60
H3,m84137_260214_004236_s1/143853828/ccs,0,23,2,12,187,CAA_interrupted,60
H3,m84137_260214_004236_s1/147915749/ccs,0,23,2,12,187,CAA_interrupted,60
H3,m84137_260214_004236_s1/169215527/ccs,0,23,2,12,187,CAA_interrupted,60
H3,m84137_260214_004236_s1/169280141/ccs,0,23,2,12,187,CAA_interrupted,60
H3,m84137_260214_004236_s1/173803119/ccs,0,23,2,12,187,CAA_interrupted,60
H3,m84137_260214_004236_s1/149097221/ccs,0,23,2,12,187,CAA_interrupted,60
H3,m84137_260214_004236_s1/167250649/ccs,0,22,2,12,187,CAA_interrupted,60
H3,m84137_260214_004236_s1/167379674/ccs,0,23,2,12,187,CAA_interrupted,60
H3,m84137_260214_004236_s1/167380093/ccs,0,23,2,12,187,CAA_interrupted,60
H3,m84137_260214_004236_s1/248909844/ccs,0,23,2,12,187,CAA_interrupted,60
H3,m84137_260214_004236_s1/250876769/ccs,0,23,2,12,187,CAA_interrupted,60
H3,m84137_260214_004236_s1/29756252/ccs,0,23,2,12,187,CAA_interrupted,60
H3,m84137_260214_004236_s1/45091161/ccs,0,23,2,12,187,CAA_interrupted,60
H3,m84137_260214_004236_s1/50071169/ccs,0,23,2,12,187,CAA_interrupted,60
H3,m84137_260214_004236_s1/86444106/ccs,0,23,2,12,187,CAA_interrupted,60
H3,m84137_260214_004236_s1/79497155/ccs,0,23,2,12,187,CAA_interrupted,60
H3,m84137_260214_004236_s1/130286420/ccs,0,23,2,12,187,CAA_interrupted,60
H3,m84137_260214_004236_s1/111282838/ccs,0,23,2,12,187,CAA_interrupted,60
H3,m84137_260214_004236_s1/163184988/ccs,0,23,2,12,187,CAA_interrupted,60
H3,m84137_260214_004236_s1/162138072/ccs,0,23,2,12,187,CAA_interrupted,60
H3,m84137_260214_004236_s1/179570197/ccs,0,23,2,12,187,CAA_interrupted,60
H3,m84137_260214_004236_s1/194381838/ccs,0,23,2,12,187,CAA_interrupted,60
H3,m84137_260214_004236_s1/209259197/ccs,0,23,2,12,187,CAA_interrupted,60
H3,m84137_260214_004236_s1/68425600/ccs,0,23,2,12,187,CAA_interrupted,60
H3,m84137_260214_004236_s1/191434124/ccs,0,23,2,12,187,CAA_interrupted,60
H3,m84137_260214_004236_s1/243667529/ccs,0,23,2,12,187,CAA_interrupted,60
H3,m84137_260214_004236_s1/266473791/ccs,0,23,2,12,187,CAA_interrupted,60
H3,m84137_260214_004236_s1/21954715/ccs,0,23,2,12,187,CAA_interrupted,60
H3,m84137_260214_004236_s1/196151129/ccs,0,23,2,12,187,CAA_interrupted,60
H3,m84137_260214_004236_s1/189336323/ccs,0,23,2,12,187,CAA_interrupted,60
H3,m84137_260214_004236_s1/195037451/ccs,0,23,2,12,187,CAA_interrupted,60
H3,m84137_260214_004236_s1/52237080/ccs,0,23,2,12,187,CAA_interrupted,60
H3,m84137_260214_004236_s1/99814727/ccs,0,23,2,12,187,CAA_interrupted,60
H3,m84137_260214_004236_s1/147916060/ccs,0,23,2,12,187,CAA_interrupted,60
H3,m84137_260214_004236_s1/164960023/ccs,0,23,2,12,187,CAA_interrupted,60
H3,m84137_260214_004236_s1/225905400/ccs,0,23,2,12,187,CAA_interrupted,60
H3,m84137_260214_004236_s1/154404372/ccs,0,23,2,12,187,CAA_interrupted,60
H3,m84137_260214_004236_s1/22283820/ccs,0,23,2,12,187,CAA_interrupted,60
H3,m84137_260214_004236_s1/16516053/ccs,0,23,2,12,187,CAA_interrupted,60
H3,m84137_260214_004236_s1/41879268/ccs,0,23,2,12,187,CAA_interrupted,60
H3,m84137_260214_004236_s1/85197610/ccs,0,23,2,12,187,CAA_interrupted,60
H3,m84137_260214_004236_s1/66847676/ccs,0,23,2,12,187,CAA_interrupted,60
H3,m84137_260214_004236_s1/111412461/ccs,0,23,2,12,187,CAA_interrupted,60
H3,m84137_260214_004236_s1/176622502/ccs,0,23,2,12,187,CAA_interrupted,60
H3,m84137_260214_004236_s1/215679792/ccs,0,23,2,12,187,CAA_interrupted,60
H3,m84137_260214_004236_s1/17174881/ccs,0,23,2,12,187,CAA_interrupted,60
H3,m84137_260214_004236_s1/235540935/ccs,0,23,2,12,187,CAA_interrupted,60
H3,m84137_260214_004236_s1/256971251/ccs,0,23,2,12,187,CAA_interrupted,60
H3,m84137_260214_004236_s1/261952897/ccs,0,23,2,12,187,CAA_interrupted,60
H3,m84137_260214_004236_s1/23005658/ccs,0,23,2,12,187,CAA_interrupted,60
H3,m84137_260214_004236_s1/18284938/ccs,0,23,2,12,187,CAA_interrupted,60
H3,m84137_260214_004236_s1/18220021/ccs,0,23,2,12,187,CAA_interrupted,60
H3,m84137_260214_004236_s1/7211704/ccs,0,23,2,12,187,CAA_interrupted,60
H3,m84137_260214_004236_s1/23989097/ccs,0,23,2,12,187,CAA_interrupted,60
H3,m84137_260214_004236_s1/3869688/ccs,0,23,2,12,187,CAA_interrupted,60
H3,m84137_260214_004236_s1/24316162/ccs,0,23,2,12,187,CAA_interrupted,60
H3,m84137_260214_004236_s1/115541458/ccs,0,23,2,12,187,CAA_interrupted,60
H3,m84137_260214_004236_s1/172622983/ccs,0,23,2,12,187,CAA_interrupted,60
H3,m84137_260214_004236_s1/206898390/ccs,0,23,2,12,187,CAA_interrupted,60
H3,m84137_260214_004236_s1/207685255/ccs,0,23,2,12,187,CAA_interrupted,60
H3,m84137_260214_004236_s1/222496212/ccs,0,23,2,12,187,CAA_interrupted,60
H3,m84137_260214_004236_s1/260113373/ccs,0,23,2,12,187,CAA_interrupted,60
H3,m84137_260214_004236_s1/100537473/ccs,0,23,2,12,187,CAA_interrupted,60
H3,m84137_260214_004236_s1/156373406/ccs,0,23,2,12,187,CAA_interrupted,60
H3,m84137_260214_004236_s1/200152853/ccs,0,23,2,12,187,CAA_interrupted,60
H3,m84137_260214_004236_s1/246877218/ccs,0,23,2,12,187,CAA_interrupted,60
H3,m84137_260214_004236_s1/149688063/ccs,0,23,2,12,187,CAA_interrupted,60
H3,m84137_260214_004236_s1/103614428/ccs,0,23,2,12,187,CAA_interrupted,60
H3,m84137_260214_004236_s1/125830637/ccs,0,23,2,12,187,CAA_interrupted,60
H3,m84137_260214_004236_s1/130090735/ccs,0,23,2,12,187,CAA_interrupted,60
H3,m84137_260214_004236_s1/122423329/ccs,0,23,2,12,187,CAA_interrupted,60
H3,m84137_260214_004236_s1/122750429/ccs,0,23,2,12,187,CAA_interrupted,60
H3,m84137_260214_004236_s1/151323852/ccs,0,23,2,12,187,CAA_interrupted,60
H3,m84137_260214_004236_s1/157352054/ccs,0,23,2,12,187,CAA_interrupted,60
H3,m84137_260214_004236_s1/140707879/ccs,0,23,2,12,187,CAA_interrupted,60
H3,m84137_260214_004236_s1/115868958/ccs,0,23,2,12,187,CAA_interrupted,60
H3,m84137_260214_004236_s1/140902746/ccs,0,23,2,12,187,CAA_interrupted,60
H3,m84137_260214_004236_s1/133955623/ccs,0,23,2,12,187,CAA_interrupted,60
H3,m84137_260214_004236_s1/134089218/ccs,0,23,2,12,187,CAA_interrupted,60
H3,m84137_260214_004236_s1/154601980/ccs,0,23,2,12,187,CAA_interrupted,60
H3,m84137_260214_004236_s1/159580312/ccs,0,23,2,12,187,CAA_interrupted,60
H3,m84137_260214_004236_s1/163316306/ccs,0,23,2,12,187,CAA_interrupted,60
H3,m84137_260214_004236_s1/163381557/ccs,0,23,2,12,187,CAA_interrupted,60
H3,m84137_260214_004236_s1/138936605/ccs,0,23,2,12,187,CAA_interrupted,60
H3,m84137_260214_004236_s1/145818457/ccs,0,23,2,12,187,CAA_interrupted,60
H3,m84137_260214_004236_s1/155519840/ccs,0,23,2,12,187,CAA_interrupted,60
H3,m84137_260214_004236_s1/156173971/ccs,0,23,2,12,187,CAA_interrupted,60
H3,m84137_260214_004236_s1/161156061/ccs,0,23,2,12,187,CAA_interrupted,60
H3,m84137_260214_004236_s1/161548793/ccs,0,23,2,12,187,CAA_interrupted,60
H3,m84137_260214_004236_s1/161941551/ccs,0,23,2,12,187,CAA_interrupted,60
H3,m84137_260214_004236_s1/165807628/ccs,0,23,2,12,187,CAA_interrupted,60
H3,m84137_260214_004236_s1/20843207/ccs,0,23,2,12,187,CAA_interrupted,60
H3,m84137_260214_004236_s1/21366722/ccs,0,23,2,12,187,CAA_interrupted,60
H3,m84137_260214_004236_s1/35194296/ccs,0,23,2,12,187,CAA_interrupted,60
H3,m84137_260214_004236_s1/39256172/ccs,0,23,2,12,187,CAA_interrupted,60
H3,m84137_260214_004236_s1/36374758/ccs,0,23,2,12,187,CAA_interrupted,60
H3,m84137_260214_004236_s1/36569501/ccs,0,23,2,12,187,CAA_interrupted,60
H3,m84137_260214_004236_s1/36701638/ccs,0,23,2,12,187,CAA_interrupted,60
H3,m84137_260214_004236_s1/37093743/ccs,0,23,2,12,187,CAA_interrupted,60
H3,m84137_260214_004236_s1/59050242/ccs,0,23,2,12,187,CAA_interrupted,60
H3,m84137_260214_004236_s1/59181092/ccs,0,23,2,12,187,CAA_interrupted,60
H3,m84137_260214_004236_s1/46336917/ccs,0,23,2,12,187,CAA_interrupted,60
H3,m84137_260214_004236_s1/37683925/ccs,0,23,2,12,187,CAA_interrupted,60
H3,m84137_260214_004236_s1/46925310/ccs,0,23,2,12,187,CAA_interrupted,60
H3,m84137_260214_004236_s1/54003708/ccs,0,23,2,12,187,CAA_interrupted,60
H3,m84137_260214_004236_s1/43190394/ccs,0,23,2,12,187,CAA_interrupted,60
H3,m84137_260214_004236_s1/248711242/ccs,0,23,2,12,187,CAA_interrupted,60
H3,m84137_260214_004236_s1/111808313/ccs,0,23,2,12,187,CAA_interrupted,60
H3,m84137_260214_004236_s1/156634251/ccs,0,23,2,12,187,CAA_interrupted,60
H3,m84137_260214_004236_s1/138153001/ccs,0,23,2,12,187,CAA_interrupted,60
H3,m84137_260214_004236_s1/165221242/ccs,0,23,2,12,187,CAA_interrupted,60
H3,m84137_260214_004236_s1/251925614/ccs,0,23,2,12,187,CAA_interrupted,60
H3,m84137_260214_004236_s1/226823998/ccs,0,23,2,12,187,CAA_interrupted,60
H3,m84137_260214_004236_s1/247468802/ccs,0,23,2,12,187,CAA_interrupted,60
H3,m84137_260214_004236_s1/12189803/ccs,0,23,2,12,187,CAA_interrupted,60
H3,m84137_260214_004236_s1/16123858/ccs,0,23,2,12,187,CAA_interrupted,60
H3,m84137_260214_004236_s1/36637499/ccs,0,23,2,12,187,CAA_interrupted,60
H3,m84137_260214_004236_s1/58461096/ccs,0,23,2,12,187,CAA_interrupted,60
H3,m84137_260214_004236_s1/78448112/ccs,0,23,2,12,187,CAA_interrupted,60
H3,m84137_260214_004236_s1/85855093/ccs,0,23,2,12,187,CAA_interrupted,60
H3,m84137_260214_004236_s1/97323990/ccs,0,23,2,12,187,CAA_interrupted,60
H3,m84137_260214_004236_s1/98764328/ccs,0,23,2,12,187,CAA_interrupted,60
H3,m84137_260214_004236_s1/99025246/ccs,0,23,2,12,187,CAA_interrupted,60
H3,m84137_260214_004236_s1/83231474/ccs,0,23,2,12,187,CAA_interrupted,60
H3,m84137_260214_004236_s1/119408367/ccs,0,23,2,12,187,CAA_interrupted,60
H3,m84137_260214_004236_s1/234427492/ccs,0,23,2,12,187,CAA_interrupted,60
H3,m84137_260214_004236_s1/257168015/ccs,0,23,2,12,187,CAA_interrupted,60
H3,m84137_260214_004236_s1/216078017/ccs,0,23,2,12,187,CAA_interrupted,60
H3,m84137_260214_004236_s1/261165075/ccs,0,23,2,12,187,CAA_interrupted,60
H3,m84137_260214_004236_s1/264312472/ccs,0,23,2,12,187,CAA_interrupted,60
H3,m84137_260214_004236_s1/250220848/ccs,0,23,2,12,187,CAA_interrupted,60
H3,m84137_260214_004236_s1/249434194/ccs,0,23,2,12,187,CAA_interrupted,60
H3,m84137_260214_004236_s1/250418958/ccs,0,23,2,12,187,CAA_interrupted,60
H3,m84137_260214_004236_s1/250877514/ccs,0,23,2,12,187,CAA_interrupted,60
H3,m84137_260214_004236_s1/27918389/ccs,0,23,2,12,187,CAA_interrupted,60
H3,m84137_260214_004236_s1/41746544/ccs,0,23,2,12,187,CAA_interrupted,60
H3,m84137_260214_004236_s1/63374378/ccs,0,23,2,12,187,CAA_interrupted,60
H3,m84137_260214_004236_s1/85329442/ccs,0,23,2,12,187,CAA_interrupted,60
H3,m84137_260214_004236_s1/123274458/ccs,0,23,2,12,187,CAA_interrupted,60
H3,m84137_260214_004236_s1/111936507/ccs,0,23,2,12,187,CAA_interrupted,60
H3,m84137_260214_004236_s1/157878195/ccs,0,23,2,12,187,CAA_interrupted,60
H3,m84137_260214_004236_s1/116262714/ccs,0,23,2,12,187,CAA_interrupted,60
H3,m84137_260214_004236_s1/190318902/ccs,0,23,2,12,187,CAA_interrupted,60
H3,m84137_260214_004236_s1/192742594/ccs,0,23,2,12,187,CAA_interrupted,60
H3,m84137_260214_004236_s1/172099359/ccs,0,23,2,12,187,CAA_interrupted,60
H3,m84137_260214_004236_s1/219025544/ccs,0,23,2,12,187,CAA_interrupted,60
H3,m84137_260214_004236_s1/149886790/ccs,0,23,2,12,187,CAA_interrupted,60
H3,m84137_260214_004236_s1/150737643/ccs,0,23,2,12,187,CAA_interrupted,60
H3,m84137_260214_004236_s1/195366442/ccs,0,23,2,12,187,CAA_interrupted,60
H3,m84137_260214_004236_s1/220336307/ccs,0,23,2,12,187,CAA_interrupted,60
H3,m84137_260214_004236_s1/201919987/ccs,0,23,2,12,187,CAA_interrupted,60
H3,m84137_260214_004236_s1/207948862/ccs,0,23,2,12,187,CAA_interrupted,60
H3,m84137_260214_004236_s1/179508096/ccs,0,23,2,12,187,CAA_interrupted,60
H3,m84137_260214_004236_s1/202771920/ccs,0,23,2,12,187,CAA_interrupted,60
H3,m84137_260214_004236_s1/208541056/ccs,0,23,2,12,187,CAA_interrupted,60
H3,m84137_260214_004236_s1/209653980/ccs,0,23,2,12,187,CAA_interrupted,60
H3,m84137_260214_004236_s1/209719867/ccs,0,23,2,12,187,CAA_interrupted,60
H3,m84137_260214_004236_s1/209850055/ccs,0,23,2,12,187,CAA_interrupted,60
H3,m84137_260214_004236_s1/200873213/ccs,0,23,2,12,187,CAA_interrupted,60
H3,m84137_260214_004236_s1/184159692/ccs,0,23,2,12,187,CAA_interrupted,60
H3,m84137_260214_004236_s1/235670581/ccs,0,23,2,12,187,CAA_interrupted,60
H3,m84137_260214_004236_s1/230888572/ccs,0,23,2,12,187,CAA_interrupted,60
H3,m84137_260214_004236_s1/254020736/ccs,0,23,2,12,187,CAA_interrupted,60
H3,m84137_260214_004236_s1/228723925/ccs,0,23,2,12,187,CAA_interrupted,60
H3,m84137_260214_004236_s1/231478007/ccs,0,23,2,12,187,CAA_interrupted,60
H3,m84137_260214_004236_s1/254348956/ccs,0,23,2,12,187,CAA_interrupted,60
H3,m84137_260214_004236_s1/255137209/ccs,0,23,2,12,187,CAA_interrupted,60
H3,m84137_260214_004236_s1/232461515/ccs,0,23,2,12,187,CAA_interrupted,60
H3,m84137_260214_004236_s1/255135652/ccs,0,23,2,12,187,CAA_interrupted,60
H3,m84137_260214_004236_s1/242749291/ccs,0,23,2,12,187,CAA_interrupted,60
H3,m84137_260214_004236_s1/259134500/ccs,0,23,2,12,187,CAA_interrupted,60
H3,m84137_260214_004236_s1/234098115/ccs,0,23,2,12,187,CAA_interrupted,60
H3,m84137_260214_004236_s1/203426584/ccs,0,23,2,12,187,CAA_interrupted,60
H3,m84137_260214_004236_s1/221841739/ccs,0,23,2,12,187,CAA_interrupted,60
H3,m84137_260214_004236_s1/225248645/ccs,0,23,2,12,187,CAA_interrupted,60
H3,m84137_260214_004236_s1/222691395/ccs,0,23,2,12,187,CAA_interrupted,60
H3,m84137_260214_004236_s1/209977529/ccs,0,23,2,12,187,CAA_interrupted,60
H3,m84137_260214_004236_s1/230163970/ccs,0,23,2,12,187,CAA_interrupted,60
H3,m84137_260214_004236_s1/213123578/ccs,0,23,2,12,187,CAA_interrupted,60
H3,m84137_260214_004236_s1/211158260/ccs,0,23,2,12,187,CAA_interrupted,60
H3,m84137_260214_004236_s1/206176643/ccs,0,23,2,12,187,CAA_interrupted,60
H3,m84137_260214_004236_s1/227738561/ccs,0,23,2,12,187,CAA_interrupted,60
H3,m84137_260214_004236_s1/240649504/ccs,0,23,2,12,187,CAA_interrupted,60
H3,m84137_260214_004236_s1/258934879/ccs,0,23,2,12,187,CAA_interrupted,60
H3,m84137_260214_004236_s1/255920942/ccs,0,23,2,12,187,CAA_interrupted,60
H3,m84137_260214_004236_s1/259195237/ccs,0,23,2,12,187,CAA_interrupted,60
H3,m84137_260214_004236_s1/217385701/ccs,0,23,2,12,187,CAA_interrupted,60
H3,m84137_260214_004236_s1/48891240/ccs,0,23,2,12,187,CAA_interrupted,60
H3,m84137_260214_004236_s1/67962059/ccs,0,23,2,12,187,CAA_interrupted,60
H3,m84137_260214_004236_s1/83888600/ccs,0,23,2,12,187,CAA_interrupted,60
H3,m84137_260214_004236_s1/95356393/ccs,0,23,2,12,187,CAA_interrupted,60
H3,m84137_260214_004236_s1/70713831/ccs,0,23,2,12,187,CAA_interrupted,60
H3,m84137_260214_004236_s1/92473482/ccs,0,23,2,12,187,CAA_interrupted,60
H3,m84137_260214_004236_s1/79167966/ccs,0,23,2,12,187,CAA_interrupted,60
H3,m84137_260214_004236_s1/86508137/ccs,0,23,2,12,187,CAA_interrupted,60
H3,m84137_260214_004236_s1/75563441/ccs,0,23,2,12,187,CAA_interrupted,60
H3,m84137_260214_004236_s1/79561440/ccs,0,23,2,12,187,CAA_interrupted,60
H3,m84137_260214_004236_s1/96666711/ccs,0,23,2,12,187,CAA_interrupted,60
H3,m84137_260214_004236_s1/98437117/ccs,0,23,2,12,187,CAA_interrupted,60
H3,m84137_260214_004236_s1/89000728/ccs,0,23,2,12,187,CAA_interrupted,60
H3,m84137_260214_004236_s1/77989755/ccs,0,23,2,12,187,CAA_interrupted,60
H3,m84137_260214_004236_s1/82379853/ccs,0,23,2,12,187,CAA_interrupted,60
H3,m84137_260214_004236_s1/82838470/ccs,0,23,2,12,187,CAA_interrupted,60
H3,m84137_260214_004236_s1/107023151/ccs,0,23,2,12,187,CAA_interrupted,60
H3,m84137_260214_004236_s1/100599703/ccs,0,23,2,12,187,CAA_interrupted,60
H3,m84137_260214_004236_s1/119408315/ccs,0,23,2,12,187,CAA_interrupted,60
H3,m84137_260214_004236_s1/128844125/ccs,0,23,2,12,187,CAA_interrupted,60
H3,m84137_260214_004236_s1/81924534/ccs,0,23,2,12,187,CAA_interrupted,60
H3,m84137_260214_004236_s1/134354411/ccs,0,23,2,12,187,CAA_interrupted,60
H3,m84137_260214_004236_s1/110039666/ccs,0,23,2,12,187,CAA_interrupted,60
H3,m84137_260214_004236_s1/135204032/ccs,0,23,2,12,187,CAA_interrupted,60
H3,m84137_260214_004236_s1/152180076/ccs,0,23,2,12,187,CAA_interrupted,60
H3,m84137_260214_004236_s1/127997373/ccs,0,23,2,12,187,CAA_interrupted,60
H3,m84137_260214_004236_s1/111875516/ccs,0,23,2,12,187,CAA_interrupted,60
H3,m84137_260214_004236_s1/156832928/ccs,0,23,2,12,187,CAA_interrupted,60
H3,m84137_260214_004236_s1/137040562/ccs,0,23,2,12,187,CAA_interrupted,60
H3,m84137_260214_004236_s1/137433102/ccs,0,23,2,12,187,CAA_interrupted,60
H3,m84137_260214_004236_s1/113578238/ccs,0,23,2,12,187,CAA_interrupted,60
H3,m84137_260214_004236_s1/137630895/ccs,0,23,2,12,187,CAA_interrupted,60
H3,m84137_260214_004236_s1/154341101/ccs,0,23,2,12,187,CAA_interrupted,60
H3,m84137_260214_004236_s1/133566520/ccs,0,23,2,12,187,CAA_interrupted,60
H3,m84137_260214_004236_s1/138154493/ccs,0,23,2,12,187,CAA_interrupted,60
H3,m84137_260214_004236_s1/142808832/ccs,0,23,2,12,187,CAA_interrupted,60
H3,m84137_260214_004236_s1/139005216/ccs,0,23,2,12,187,CAA_interrupted,60
H3,m84137_260214_004236_s1/159127133/ccs,0,23,2,12,187,CAA_interrupted,60
H3,m84137_260214_004236_s1/156505526/ccs,0,23,2,12,187,CAA_interrupted,60
H3,m84137_260214_004236_s1/115873396/ccs,0,23,2,12,187,CAA_interrupted,60
H3,m84137_260214_004236_s1/160044677/ccs,0,23,2,12,187,CAA_interrupted,60
H3,m84137_260214_004236_s1/143724035/ccs,0,23,2,12,187,CAA_interrupted,60
H3,m84137_260214_004236_s1/143855918/ccs,0,23,2,12,187,CAA_interrupted,60
H3,m84137_260214_004236_s1/163976878/ccs,0,23,2,12,187,CAA_interrupted,60
H3,m84137_260214_004236_s1/144445148/ccs,0,23,2,12,187,CAA_interrupted,60
H3,m84137_260214_004236_s1/186387937/ccs,0,23,2,12,187,CAA_interrupted,60
H3,m84137_260214_004236_s1/170661697/ccs,0,23,2,12,187,CAA_interrupted,60
H3,m84137_260214_004236_s1/148049093/ccs,0,23,2,12,187,CAA_interrupted,60
H3,m84137_260214_004236_s1/149491191/ccs,0,23,2,12,187,CAA_interrupted,60
H3,m84137_260214_004236_s1/173216411/ccs,0,23,2,12,187,CAA_interrupted,60
H3,m84137_260214_004236_s1/169148647/ccs,0,23,2,12,187,CAA_interrupted,60
H3,m84137_260214_004236_s1/173802109/ccs,0,23,2,12,187,CAA_interrupted,60
H3,m84137_260214_004236_s1/173998277/ccs,0,23,2,12,187,CAA_interrupted,60
H3,m84137_260214_004236_s1/149161896/ccs,0,23,2,12,187,CAA_interrupted,60
H3,m84137_260214_004236_s1/167578001/ccs,0,23,2,12,187,CAA_interrupted,60
H3,m84137_260214_004236_s1/149947079/ccs,0,23,2,12,187,CAA_interrupted,60
H3,m84137_260214_004236_s1/150339901/ccs,0,23,2,12,187,CAA_interrupted,60
H3,m84137_260214_004236_s1/150801145/ccs,0,23,2,12,187,CAA_interrupted,60
H3,m84137_260214_004236_s1/189006053/ccs,0,23,2,12,187,CAA_interrupted,60
H3,m84137_260214_004236_s1/176359347/ccs,0,23,2,12,187,CAA_interrupted,60
H3,m84137_260214_004236_s1/176491042/ccs,0,23,2,12,187,CAA_interrupted,60
H3,m84137_260214_004236_s1/193333535/ccs,0,23,2,12,187,CAA_interrupted,60
H3,m84137_260214_004236_s1/218366825/ccs,0,23,2,12,187,CAA_interrupted,60
H3,m84137_260214_004236_s1/180028772/ccs,0,23,2,12,187,CAA_interrupted,60
H3,m84137_260214_004236_s1/201523435/ccs,0,23,2,12,187,CAA_interrupted,60
H3,m84137_260214_004236_s1/219087052/ccs,0,23,2,12,187,CAA_interrupted,60
H3,m84137_260214_004236_s1/178520133/ccs,0,23,2,12,187,CAA_interrupted,60
H3,m84137_260214_004236_s1/219285753/ccs,0,23,2,12,187,CAA_interrupted,60
H3,m84137_260214_004236_s1/181013161/ccs,0,23,2,12,187,CAA_interrupted,60
H3,m84137_260214_004236_s1/220725989/ccs,0,23,2,12,187,CAA_interrupted,60
H3,m84137_260214_004236_s1/200083354/ccs,0,23,2,12,187,CAA_interrupted,60
H3,m84137_260214_004236_s1/208143700/ccs,0,23,2,12,187,CAA_interrupted,60
H3,m84137_260214_004236_s1/69406997/ccs,0,23,2,12,187,CAA_interrupted,60
H3,m84137_260214_004236_s1/44373569/ccs,0,23,2,12,187,CAA_interrupted,60
H3,m84137_260214_004236_s1/72750874/ccs,0,23,2,12,187,CAA_interrupted,60
H3,m84137_260214_004236_s1/73142101/ccs,0,23,2,12,187,CAA_interrupted,60
H3,m84137_260214_004236_s1/73536435/ccs,0,23,2,12,187,CAA_interrupted,60
H3,m84137_260214_004236_s1/71177047/ccs,0,23,2,12,187,CAA_interrupted,60
H3,m84137_260214_004236_s1/66982838/ccs,0,23,2,12,187,CAA_interrupted,60
H3,m84137_260214_004236_s1/48041539/ccs,0,23,2,12,187,CAA_interrupted,60
H3,m84137_260214_004236_s1/89459866/ccs,0,23,2,12,187,CAA_interrupted,60
H3,m84137_260214_004236_s1/101389915/ccs,0,23,2,12,187,CAA_interrupted,60
H3,m84137_260214_004236_s1/117905197/ccs,0,23,2,12,187,CAA_interrupted,60
H3,m84137_260214_004236_s1/117970212/ccs,0,23,2,12,187,CAA_interrupted,60
H3,m84137_260214_004236_s1/118559005/ccs,0,23,2,12,187,CAA_interrupted,60
H3,m84137_260214_004236_s1/78187632/ccs,0,23,2,12,187,CAA_interrupted,60
H3,m84137_260214_004236_s1/103748895/ccs,0,23,2,12,187,CAA_interrupted,60
H3,m84137_260214_004236_s1/247464809/ccs,0,23,2,12,187,CAA_interrupted,60
H3,m84137_260214_004236_s1/245105344/ccs,0,23,2,12,187,CAA_interrupted,60
H3,m84137_260214_004236_s1/265292458/ccs,0,23,2,12,187,CAA_interrupted,60
H3,m84137_260214_004236_s1/18091962/ccs,0,23,2,12,187,CAA_interrupted,60
H3,m84137_260214_004236_s1/19404089/ccs,0,23,2,12,187,CAA_interrupted,60
H3,m84137_260214_004236_s1/23335362/ccs,0,23,2,12,187,CAA_interrupted,60
H3,m84137_260214_004236_s1/3542085/ccs,0,23,2,12,187,CAA_interrupted,60
H3,m84137_260214_004236_s1/19860877/ccs,0,23,2,12,187,CAA_interrupted,60
H3,m84137_260214_004236_s1/24645450/ccs,0,23,2,12,187,CAA_interrupted,60
H3,m84137_260214_004236_s1/20909748/ccs,0,23,2,12,187,CAA_interrupted,60
H3,m84137_260214_004236_s1/7605550/ccs,0,23,2,12,187,CAA_interrupted,60
H3,m84137_260214_004236_s1/22025215/ccs,0,23,2,12,187,CAA_interrupted,60
H3,m84137_260214_004236_s1/250871928/ccs,0,23,2,12,187,CAA_interrupted,60
H3,m84137_260214_004236_s1/251135448/ccs,0,23,2,12,187,CAA_interrupted,60
H3,m84137_260214_004236_s1/50925591/ccs,0,23,2,12,187,CAA_interrupted,60
H3,m84137_260214_004236_s1/29757523/ccs,0,23,2,12,187,CAA_interrupted,60
H3,m84137_260214_004236_s1/11538103/ccs,0,23,2,12,187,CAA_interrupted,60
H3,m84137_260214_004236_s1/30282302/ccs,0,23,2,12,187,CAA_interrupted,60
H3,m84137_260214_004236_s1/11800552/ccs,0,23,2,12,187,CAA_interrupted,60
H3,m84137_260214_004236_s1/52039098/ccs,0,23,2,12,187,CAA_interrupted,60
H3,m84137_260214_004236_s1/52104603/ccs,0,23,2,12,187,CAA_interrupted,60
H3,m84137_260214_004236_s1/31264218/ccs,0,23,2,12,187,CAA_interrupted,60
H3,m84137_260214_004236_s1/36180702/ccs,0,23,2,12,187,CAA_interrupted,60
H3,m84137_260214_004236_s1/36179118/ccs,0,23,2,12,187,CAA_interrupted,60
H3,m84137_260214_004236_s1/12718422/ccs,0,23,2,12,187,CAA_interrupted,60
H3,m84137_260214_004236_s1/149098527/ccs,0,23,2,12,187,CAA_interrupted,60
H3,m84137_260214_004236_s1/62130977/ccs,0,23,2,12,187,CAA_interrupted,60
H3,m84137_260214_004236_s1/230033231/ccs,0,23,2,12,187,CAA_interrupted,60
H3,m84137_260214_004236_s1/68813246/ccs,0,23,2,12,187,CAA_interrupted,60
H3,m84137_260214_004236_s1/136451143/ccs,0,23,2,12,187,CAA_interrupted,60
H3,m84137_260214_004236_s1/8917584/ccs,0,23,2,12,188,CAA_interrupted,60
H3,m84137_260214_004236_s1/259984430/ccs,0,23,2,12,188,CAA_interrupted,60
H3,m84137_260214_004236_s1/35982822/ccs,0,23,2,12,188,CAA_interrupted,60
H3,m84137_260214_004236_s1/144049209/ccs,0,23,2,12,188,CAA_interrupted,60
H3,m84137_260214_004236_s1/192348633/ccs,0,23,2,12,188,CAA_interrupted,60
H3,m84137_260214_004236_s1/179832018/ccs,0,23,2,13,188,CAA_interrupted,60
H3,m84137_260214_004236_s1/134284941/ccs,0,22,3,12,188,CAA_interrupted,60
H3,m84137_260214_004236_s1/197266255/ccs,0,24,2,11,189,CAA_interrupted,60
H3,m84137_260214_004236_s1/245957295/ccs,0,23,2,12,189,CAA_interrupted,60
H3,m84137_260214_004236_s1/74191799/ccs,0,23,2,12,189,CAA_interrupted,60
H3,m84137_260214_004236_s1/99090680/ccs,0,23,2,12,189,CAA_interrupted,60
H3,m84137_260214_004236_s1/92537278/ccs,0,24,2,12,190,CAA_interrupted,60
H3,m84137_260214_004236_s1/104599563/ccs,0,24,2,12,190,CAA_interrupted,60
H3,m84137_260214_004236_s1/157880058/ccs,0,24,2,12,190,CAA_interrupted,60
H3,m84137_260214_004236_s1/138613124/ccs,0,24,2,12,190,CAA_interrupted,60
H3,m84137_260214_004236_s1/62133506/ccs,0,24,2,12,190,CAA_interrupted,60
H3,m84137_260214_004236_s1/66457870/ccs,0,24,2,12,190,CAA_interrupted,60
H3,m84137_260214_004236_s1/122028295/ccs,0,24,2,12,190,CAA_interrupted,60
H3,m84137_260214_004236_s1/182849932/ccs,0,24,2,12,190,CAA_interrupted,60
H3,m84137_260214_004236_s1/244650507/ccs,0,23,2,13,190,CAA_interrupted,60
H3,m84137_260214_004236_s1/265492139/ccs,0,23,2,13,190,CAA_interrupted,60
H3,m84137_260214_004236_s1/225577657/ccs,0,24,2,12,190,CAA_interrupted,60
H3,m84137_260214_004236_s1/170921368/ccs,0,23,2,13,190,CAA_interrupted,60
H3,m84137_260214_004236_s1/219222670/ccs,0,24,2,12,190,CAA_interrupted,60
H3,m84137_260214_004236_s1/208278712/ccs,0,24,2,12,190,CAA_interrupted,60
H3,m84137_260214_004236_s1/208212642/ccs,0,24,2,12,190,CAA_interrupted,60
H3,m84137_260214_004236_s1/198772255/ccs,0,23,2,13,190,CAA_interrupted,60
H3,m84137_260214_004236_s1/208404616/ccs,0,23,2,13,190,CAA_interrupted,60
H3,m84137_260214_004236_s1/224724465/ccs,0,24,2,12,190,CAA_interrupted,60
H3,m84137_260214_004236_s1/18746695/ccs,0,24,2,12,190,CAA_interrupted,60
H3,m84137_260214_004236_s1/248840288/ccs,0,24,2,12,190,CAA_interrupted,60
H3,m84137_260214_004236_s1/25040182/ccs,0,24,2,12,190,CAA_interrupted,60
H3,m84137_260214_004236_s1/29295045/ccs,0,24,2,12,190,CAA_interrupted,60
H3,m84137_260214_004236_s1/8783696/ccs,0,23,2,13,190,CAA_interrupted,60
H3,m84137_260214_004236_s1/144181543/ccs,0,24,2,12,190,CAA_interrupted,60
H3,m84137_260214_004236_s1/10095641/ccs,0,24,2,12,190,CAA_interrupted,60
H3,m84137_260214_004236_s1/207886100/ccs,0,24,2,12,190,CAA_interrupted,60
H3,m84137_260214_004236_s1/261623346/ccs,0,24,2,12,190,CAA_interrupted,60
H3,m84137_260214_004236_s1/68946611/ccs,0,23,2,13,190,CAA_interrupted,60
H3,m84137_260214_004236_s1/54266090/ccs,0,24,2,12,190,CAA_interrupted,60
H3,m84137_260214_004236_s1/138152573/ccs,0,24,2,12,190,CAA_interrupted,60
H3,m84137_260214_004236_s1/20447437/ccs,0,24,2,12,190,CAA_interrupted,60
H3,m84137_260214_004236_s1/9636639/ccs,0,23,2,13,190,CAA_interrupted,60
H3,m84137_260214_004236_s1/51250378/ccs,0,24,2,12,190,CAA_interrupted,60
H3,m84137_260214_004236_s1/96536605/ccs,0,24,2,12,190,CAA_interrupted,60
H3,m84137_260214_004236_s1/32243821/ccs,0,24,2,12,190,CAA_interrupted,60
H3,m84137_260214_004236_s1/95749908/ccs,0,23,2,13,190,CAA_interrupted,60
H3,m84137_260214_004236_s1/178260473/ccs,0,24,2,12,190,CAA_interrupted,60
H3,m84137_260214_004236_s1/242095676/ccs,0,23,2,13,190,CAA_interrupted,60
H3,m84137_260214_004236_s1/82051679/ccs,0,24,2,12,190,CAA_interrupted,60
H3,m84137_260214_004236_s1/151130750/ccs,0,24,2,12,190,CAA_interrupted,60
H3,m84137_260214_004236_s1/171574379/ccs,0,24,2,12,190,CAA_interrupted,60
H3,m84137_260214_004236_s1/180093618/ccs,0,23,2,13,190,CAA_interrupted,60
H3,m84137_260214_004236_s1/238356709/ccs,0,24,2,12,190,CAA_interrupted,60
H3,m84137_260214_004236_s1/11409068/ccs,0,24,2,12,190,CAA_interrupted,60
H3,m84137_260214_004236_s1/40894521/ccs,0,24,2,12,192,CAA_interrupted,60
H3,m84137_260214_004236_s1/16455341/ccs,0,25,2,12,193,CAA_interrupted,60
H3,m84137_260214_004236_s1/126226959/ccs,0,25,2,12,193,CAA_interrupted,60
H3,m84137_260214_004236_s1/134351866/ccs,0,23,2,14,194,CAA_interrupted,60
H3,m84137_260214_004236_s1/110298915/ccs,0,37,2,12,229,CAA_interrupted,60
H3,m84137_260214_004236_s1/9702403/ccs,0,37,2,12,229,CAA_interrupted,60
H3,m84137_260214_004236_s1/247202970/ccs,0,37,2,12,229,CAA_interrupted,60
H3,m84137_260214_004236_s1/217254596/ccs,1,52,2,12,274,CAA_interrupted,60
H3,m84137_260214_004236_s1/51773497/ccs,1,53,2,12,277,CAA_interrupted,60
H3,m84137_260214_004236_s1/261095949/ccs,1,52,2,13,277,CAA_interrupted,60
H3,m84137_260214_004236_s1/24184301/ccs,1,53,2,12,277,CAA_interrupted,60
H3,m84137_260214_004236_s1/68029288/ccs,1,54,2,12,280,CAA_interrupted,60
H3,m84137_260214_004236_s1/195821875/ccs,1,54,3,12,284,CAA_interrupted,60
H3,m84137_260214_004236_s1/247727227/ccs,1,55,2,12,286,CAA_interrupted,60
H3,m84137_260214_004236_s1/30082508/ccs,1,56,2,12,286,CAA_interrupted,60
H3,m84137_260214_004236_s1/224265639/ccs,1,57,2,12,289,CAA_interrupted,60
H3,m84137_260214_004236_s1/185599331/ccs,1,57,2,12,289,CAA_interrupted,60
H3,m84137_260214_004236_s1/45613289/ccs,1,58,2,12,292,CAA_interrupted,60
H3,m84137_260214_004236_s1/266798767/ccs,1,58,2,12,292,CAA_interrupted,60
H3,m84137_260214_004236_s1/6687077/ccs,1,58,2,12,292,CAA_interrupted,60
H3,m84137_260214_004236_s1/114361072/ccs,1,58,2,12,292,CAA_interrupted,60
H3,m84137_260214_004236_s1/238751456/ccs,1,58,2,12,292,CAA_interrupted,60
H3,m84137_260214_004236_s1/232133251/ccs,1,59,2,12,295,CAA_interrupted,60
H3,m84137_260214_004236_s1/187237133/ccs,1,59,2,12,295,CAA_interrupted,60
H3,m84137_260214_004236_s1/11732585/ccs,1,59,2,12,295,CAA_interrupted,60
H3,m84137_260214_004236_s1/165086798/ccs,1,59,2,12,295,CAA_interrupted,60
H3,m84137_260214_004236_s1/89523600/ccs,1,59,2,12,295,CAA_interrupted,60
H3,m84137_260214_004236_s1/210769771/ccs,1,59,2,12,295,CAA_interrupted,60
H3,m84137_260214_004236_s1/206180510/ccs,1,59,2,12,295,CAA_interrupted,60
H3,m84137_260214_004236_s1/205195298/ccs,1,59,2,12,295,CAA_interrupted,60
H3,m84137_260214_004236_s1/215287799/ccs,1,59,2,12,295,CAA_interrupted,60
H3,m84137_260214_004236_s1/92341325/ccs,1,59,2,12,295,CAA_interrupted,60
H3,m84137_260214_004236_s1/73930144/ccs,1,59,2,12,295,CAA_interrupted,60
H3,m84137_260214_004236_s1/245172464/ccs,1,59,2,12,295,CAA_interrupted,60
H3,m84137_260214_004236_s1/87822514/ccs,1,59,2,12,296,CAA_interrupted,60
H3,m84137_260214_004236_s1/85333922/ccs,1,59,2,11,296,CAA_interrupted,60
H3,m84137_260214_004236_s1/27852949/ccs,1,58,2,13,297,CAA_interrupted,60
H3,m84137_260214_004236_s1/141431157/ccs,1,60,2,12,298,CAA_interrupted,60
H3,m84137_260214_004236_s1/39457451/ccs,1,60,2,12,298,CAA_interrupted,60
H3,m84137_260214_004236_s1/64885333/ccs,1,60,2,12,298,CAA_interrupted,60
H3,m84137_260214_004236_s1/60363441/ccs,1,60,2,12,298,CAA_interrupted,60
H3,m84137_260214_004236_s1/89986797/ccs,1,60,2,12,298,CAA_interrupted,60
H3,m84137_260214_004236_s1/89329791/ccs,1,60,2,12,298,CAA_interrupted,60
H3,m84137_260214_004236_s1/97718585/ccs,1,60,2,12,298,CAA_interrupted,60
H3,m84137_260214_004236_s1/92669949/ccs,1,60,2,12,298,CAA_interrupted,60
H3,m84137_260214_004236_s1/105255509/ccs,1,60,2,12,298,CAA_interrupted,60
H3,m84137_260214_004236_s1/156440202/ccs,1,60,2,12,298,CAA_interrupted,60
H3,m84137_260214_004236_s1/240783293/ccs,1,60,2,12,298,CAA_interrupted,60
H3,m84137_260214_004236_s1/235147206/ccs,1,60,2,12,298,CAA_interrupted,60
H3,m84137_260214_004236_s1/264506498/ccs,1,60,2,12,298,CAA_interrupted,60
H3,m84137_260214_004236_s1/262344064/ccs,1,60,2,12,298,CAA_interrupted,60
H3,m84137_260214_004236_s1/247336852/ccs,1,60,2,12,298,CAA_interrupted,60
H3,m84137_260214_004236_s1/247992649/ccs,1,60,2,12,298,CAA_interrupted,60
H3,m84137_260214_004236_s1/225249982/ccs,1,60,2,12,298,CAA_interrupted,60
H3,m84137_260214_004236_s1/184420848/ccs,1,60,2,12,298,CAA_interrupted,60
H3,m84137_260214_004236_s1/252249744/ccs,1,60,2,12,298,CAA_interrupted,60
H3,m84137_260214_004236_s1/237242579/ccs,1,60,2,12,298,CAA_interrupted,60
H3,m84137_260214_004236_s1/238420347/ccs,1,60,2,12,298,CAA_interrupted,60
H3,m84137_260214_004236_s1/238685130/ccs,1,60,2,12,298,CAA_interrupted,60
H3,m84137_260214_004236_s1/198378060/ccs,1,59,2,13,298,CAA_interrupted,60
H3,m84137_260214_004236_s1/199491970/ccs,1,60,2,12,298,CAA_interrupted,60
H3,m84137_260214_004236_s1/203489901/ccs,1,60,2,12,298,CAA_interrupted,60
H3,m84137_260214_004236_s1/266404490/ccs,1,60,2,12,298,CAA_interrupted,60
H3,m84137_260214_004236_s1/4200183/ccs,1,60,2,12,298,CAA_interrupted,60
H3,m84137_260214_004236_s1/11866030/ccs,1,60,2,12,298,CAA_interrupted,60
H3,m84137_260214_004236_s1/35917382/ccs,1,60,2,12,298,CAA_interrupted,60
H3,m84137_260214_004236_s1/36441208/ccs,1,60,2,12,298,CAA_interrupted,60
H3,m84137_260214_004236_s1/17500894/ccs,1,60,2,12,298,CAA_interrupted,60
H3,m84137_260214_004236_s1/25363739/ccs,1,60,2,12,298,CAA_interrupted,60
H3,m84137_260214_004236_s1/32311896/ccs,1,60,2,12,298,CAA_interrupted,60
H3,m84137_260214_004236_s1/139855028/ccs,1,60,2,12,298,CAA_interrupted,60
H3,m84137_260214_004236_s1/249696837/ccs,1,60,2,12,298,CAA_interrupted,60
H3,m84137_260214_004236_s1/54201934/ccs,1,60,2,12,298,CAA_interrupted,60
H3,m84137_260214_004236_s1/46859059/ccs,1,59,2,13,298,CAA_interrupted,60
H3,m84137_260214_004236_s1/17826975/ccs,1,60,2,12,298,CAA_interrupted,60
H3,m84137_260214_004236_s1/112662292/ccs,1,60,2,12,298,CAA_interrupted,60
H3,m84137_260214_004236_s1/24971444/ccs,1,60,2,12,298,CAA_interrupted,60
H3,m84137_260214_004236_s1/143983218/ccs,1,60,2,12,298,CAA_interrupted,60
H3,m84137_260214_004236_s1/20055636/ccs,1,60,2,12,298,CAA_interrupted,60
H3,m84137_260214_004236_s1/14352597/ccs,1,60,2,12,298,CAA_interrupted,60
H3,m84137_260214_004236_s1/34670597/ccs,1,60,2,12,298,CAA_interrupted,60
H3,m84137_260214_004236_s1/32115190/ccs,1,60,2,12,298,CAA_interrupted,60
H3,m84137_260214_004236_s1/61671239/ccs,1,60,2,12,298,CAA_interrupted,60
H3,m84137_260214_004236_s1/60687520/ccs,1,60,2,12,298,CAA_interrupted,60
H3,m84137_260214_004236_s1/47057563/ccs,1,60,2,12,298,CAA_interrupted,60
H3,m84137_260214_004236_s1/249304111/ccs,1,60,2,12,298,CAA_interrupted,60
H3,m84137_260214_004236_s1/151782396/ccs,1,60,2,12,298,CAA_interrupted,60
H3,m84137_260214_004236_s1/224398555/ccs,1,60,2,12,298,CAA_interrupted,60
H3,m84137_260214_004236_s1/208672517/ccs,1,60,2,12,298,CAA_interrupted,60
H3,m84137_260214_004236_s1/254874761/ccs,1,57,3,12,298,CAA_interrupted,60
H3,m84137_260214_004236_s1/225773075/ccs,1,59,3,11,298,CAA_interrupted,60
H3,m84137_260214_004236_s1/228066312/ccs,1,60,2,12,298,CAA_interrupted,60
H3,m84137_260214_004236_s1/145035739/ccs,1,60,2,12,298,CAA_interrupted,60
H3,m84137_260214_004236_s1/170987746/ccs,1,60,2,12,298,CAA_interrupted,60
H3,m84137_260214_004236_s1/32248104/ccs,1,60,2,12,298,CAA_interrupted,60
H3,m84137_260214_004236_s1/69080195/ccs,1,60,2,12,298,CAA_interrupted,60
H3,m84137_260214_004236_s1/93722451/ccs,1,60,2,12,298,CAA_interrupted,60
H3,m84137_260214_004236_s1/121639132/ccs,1,60,2,12,298,CAA_interrupted,60
H3,m84137_260214_004236_s1/246089701/ccs,1,60,2,12,298,CAA_interrupted,60
H3,m84137_260214_004236_s1/264178143/ccs,1,60,2,12,298,CAA_interrupted,60
H3,m84137_260214_004236_s1/28906067/ccs,1,60,2,12,298,CAA_interrupted,60
H3,m84137_260214_004236_s1/183895240/ccs,1,60,2,12,299,CAA_interrupted,60
H3,m84137_260214_004236_s1/99549643/ccs,1,60,2,12,299,CAA_interrupted,60
H3,m84137_260214_004236_s1/245699750/ccs,1,59,3,12,299,CAA_interrupted,60
H3,m84137_260214_004236_s1/250154048/ccs,1,60,2,12,300,CAA_interrupted,60
H3,m84137_260214_004236_s1/45220451/ccs,1,59,1,12,300,CAA_interrupted,60
H3,m84137_260214_004236_s1/253756039/ccs,1,59,2,13,300,CAA_interrupted,60
H3,m84137_260214_004236_s1/28903921/ccs,1,61,2,12,301,CAA_interrupted,60
H3,m84137_260214_004236_s1/112918972/ccs,1,61,2,12,301,CAA_interrupted,60
H3,m84137_260214_004236_s1/56885300/ccs,1,61,2,12,301,CAA_interrupted,60
H3,m84137_260214_004236_s1/51774200/ccs,1,61,2,12,301,CAA_interrupted,60
H3,m84137_260214_004236_s1/47319316/ccs,1,61,2,12,301,CAA_interrupted,60
H3,m84137_260214_004236_s1/43385542/ccs,1,61,2,12,301,CAA_interrupted,60
H3,m84137_260214_004236_s1/74122983/ccs,1,61,2,12,301,CAA_interrupted,60
H3,m84137_260214_004236_s1/85393666/ccs,1,61,2,12,301,CAA_interrupted,60
H3,m84137_260214_004236_s1/121378444/ccs,1,61,2,12,301,CAA_interrupted,60
H3,m84137_260214_004236_s1/140512981/ccs,1,61,2,12,301,CAA_interrupted,60
H3,m84137_260214_004236_s1/163908853/ccs,1,61,2,12,301,CAA_interrupted,60
H3,m84137_260214_004236_s1/54464598/ccs,1,61,2,12,301,CAA_interrupted,60
H3,m84137_260214_004236_s1/75238954/ccs,1,61,2,12,301,CAA_interrupted,60
H3,m84137_260214_004236_s1/47977374/ccs,1,61,2,12,301,CAA_interrupted,60
H3,m84137_260214_004236_s1/91886058/ccs,1,61,2,12,301,CAA_interrupted,60
H3,m84137_260214_004236_s1/48566841/ccs,1,61,2,12,301,CAA_interrupted,60
H3,m84137_260214_004236_s1/49156763/ccs,1,61,2,12,301,CAA_interrupted,60
H3,m84137_260214_004236_s1/57544573/ccs,1,61,2,12,301,CAA_interrupted,60
H3,m84137_260214_004236_s1/216402020/ccs,1,61,2,12,301,CAA_interrupted,60
H3,m84137_260214_004236_s1/237568453/ccs,1,61,2,12,301,CAA_interrupted,60
H3,m84137_260214_004236_s1/184751519/ccs,1,61,2,12,301,CAA_interrupted,60
H3,m84137_260214_004236_s1/191696344/ccs,1,61,2,12,301,CAA_interrupted,60
H3,m84137_260214_004236_s1/228265797/ccs,1,61,2,12,301,CAA_interrupted,60
H3,m84137_260214_004236_s1/218042680/ccs,1,61,2,12,301,CAA_interrupted,60
H3,m84137_260214_004236_s1/248843948/ccs,1,61,2,12,301,CAA_interrupted,60
H3,m84137_260214_004236_s1/229771163/ccs,1,61,2,12,301,CAA_interrupted,60
H3,m84137_260214_004236_s1/226100492/ccs,1,61,2,12,301,CAA_interrupted,60
H3,m84137_260214_004236_s1/237307627/ccs,1,61,2,12,301,CAA_interrupted,60
H3,m84137_260214_004236_s1/81333178/ccs,1,61,2,12,301,CAA_interrupted,60
H3,m84137_260214_004236_s1/120127603/ccs,1,61,2,12,301,CAA_interrupted,60
H3,m84137_260214_004236_s1/121310103/ccs,1,61,2,12,301,CAA_interrupted,60
H3,m84137_260214_004236_s1/126682364/ccs,1,61,2,12,301,CAA_interrupted,60
H3,m84137_260214_004236_s1/173936551/ccs,1,61,2,12,301,CAA_interrupted,60
H3,m84137_260214_004236_s1/203100135/ccs,1,61,2,12,301,CAA_interrupted,60
H3,m84137_260214_004236_s1/180622897/ccs,1,61,2,12,301,CAA_interrupted,60
H3,m84137_260214_004236_s1/204149597/ccs,1,61,2,12,301,CAA_interrupted,60
H3,m84137_260214_004236_s1/210111602/ccs,1,61,2,12,301,CAA_interrupted,60
H3,m84137_260214_004236_s1/182194812/ccs,1,61,2,12,301,CAA_interrupted,60
H3,m84137_260214_004236_s1/170330030/ccs,1,61,2,12,301,CAA_interrupted,60
H3,m84137_260214_004236_s1/189728938/ccs,1,61,2,12,301,CAA_interrupted,60
H3,m84137_260214_004236_s1/221317738/ccs,1,61,2,12,301,CAA_interrupted,60
H3,m84137_260214_004236_s1/183437325/ccs,1,61,2,12,301,CAA_interrupted,60
H3,m84137_260214_004236_s1/239011175/ccs,1,61,2,12,301,CAA_interrupted,60
H3,m84137_260214_004236_s1/8394011/ccs,1,61,2,12,301,CAA_interrupted,60
H3,m84137_260214_004236_s1/31199121/ccs,1,61,2,12,301,CAA_interrupted,60
H3,m84137_260214_004236_s1/5638423/ccs,1,61,2,12,301,CAA_interrupted,60
H3,m84137_260214_004236_s1/2425216/ccs,1,61,2,12,301,CAA_interrupted,60
H3,m84137_260214_004236_s1/50464547/ccs,1,61,2,12,301,CAA_interrupted,60
H3,m84137_260214_004236_s1/159449172/ccs,1,61,2,12,301,CAA_interrupted,60
H3,m84137_260214_004236_s1/163644139/ccs,1,61,2,12,301,CAA_interrupted,60
H3,m84137_260214_004236_s1/143720984/ccs,1,61,2,12,301,CAA_interrupted,60
H3,m84137_260214_004236_s1/223480655/ccs,1,61,2,12,301,CAA_interrupted,60
H3,m84137_260214_004236_s1/191567744/ccs,1,61,2,12,301,CAA_interrupted,60
H3,m84137_260214_004236_s1/243077047/ccs,1,61,2,12,301,CAA_interrupted,60
H3,m84137_260214_004236_s1/217584914/ccs,1,61,2,12,301,CAA_interrupted,60
H3,m84137_260214_004236_s1/135660978/ccs,1,61,2,12,301,CAA_interrupted,60
H3,m84137_260214_004236_s1/155780317/ccs,1,61,2,12,301,CAA_interrupted,60
H3,m84137_260214_004236_s1/19862810/ccs,1,57,5,12,301,CAA_interrupted,60
H3,m84137_260214_004236_s1/230557570/ccs,1,61,2,12,301,CAA_interrupted,60
H3,m84137_260214_004236_s1/77992416/ccs,1,61,2,12,301,CAA_interrupted,60
H3,m84137_260214_004236_s1/112725401/ccs,1,61,2,12,301,CAA_interrupted,60
H3,m84137_260214_004236_s1/115675037/ccs,1,61,2,12,301,CAA_interrupted,60
H3,m84137_260214_004236_s1/143593688/ccs,1,61,2,12,301,CAA_interrupted,60
H3,m84137_260214_004236_s1/226628968/ccs,1,61,2,12,301,CAA_interrupted,60
H3,m84137_260214_004236_s1/127731897/ccs,1,61,2,12,301,CAA_interrupted,60
H3,m84137_260214_004236_s1/25690201/ccs,1,61,2,12,301,CAA_interrupted,60
H3,m84137_260214_004236_s1/51446058/ccs,1,61,2,12,301,CAA_interrupted,60
H3,m84137_260214_004236_s1/46008797/ccs,1,61,2,12,301,CAA_interrupted,60
H3,m84137_260214_004236_s1/60229245/ccs,1,61,2,12,301,CAA_interrupted,60
H3,m84137_260214_004236_s1/223872119/ccs,1,61,2,12,301,CAA_interrupted,60
H3,m84137_260214_004236_s1/11342462/ccs,1,61,2,12,301,CAA_interrupted,60
H3,m84137_260214_004236_s1/158799648/ccs,1,61,2,12,301,CAA_interrupted,60
H3,m84137_260214_004236_s1/176165649/ccs,1,61,2,12,301,CAA_interrupted,60
H3,m84137_260214_004236_s1/90245014/ccs,1,61,2,12,301,CAA_interrupted,60
H3,m84137_260214_004236_s1/78318474/ccs,1,61,2,12,301,CAA_interrupted,60
H3,m84137_260214_004236_s1/264245635/ccs,1,61,2,12,301,CAA_interrupted,60
H3,m84137_260214_004236_s1/48759372/ccs,1,61,2,12,301,CAA_interrupted,60
H3,m84137_260214_004236_s1/121048046/ccs,1,61,2,12,301,CAA_interrupted,60
H3,m84137_260214_004236_s1/142345959/ccs,1,61,2,12,301,CAA_interrupted,60
H3,m84137_260214_004236_s1/173410822/ccs,1,61,2,12,301,CAA_interrupted,60
H3,m84137_260214_004236_s1/225187467/ccs,1,61,2,12,301,CAA_interrupted,60
H3,m84137_260214_004236_s1/180751472/ccs,1,61,2,12,301,CAA_interrupted,60
H3,m84137_260214_004236_s1/235018013/ccs,1,61,2,12,301,CAA_interrupted,60
H3,m84137_260214_004236_s1/209126632/ccs,1,61,2,12,301,CAA_interrupted,60
H3,m84137_260214_004236_s1/204210778/ccs,1,61,2,12,301,CAA_interrupted,60
H3,m84137_260214_004236_s1/252708142/ccs,1,61,2,12,301,CAA_interrupted,60
H3,m84137_260214_004236_s1/235735598/ccs,1,61,2,12,301,CAA_interrupted,60
H3,m84137_260214_004236_s1/217057578/ccs,1,61,2,12,301,CAA_interrupted,60
H3,m84137_260214_004236_s1/68747864/ccs,1,61,2,12,301,CAA_interrupted,60
H3,m84137_260214_004236_s1/93324906/ccs,1,61,2,12,301,CAA_interrupted,60
H3,m84137_260214_004236_s1/89261503/ccs,1,61,2,12,301,CAA_interrupted,60
H3,m84137_260214_004236_s1/89129808/ccs,1,61,2,12,301,CAA_interrupted,60
H3,m84137_260214_004236_s1/102566758/ccs,1,61,2,12,301,CAA_interrupted,60
H3,m84137_260214_004236_s1/149687737/ccs,1,61,2,12,301,CAA_interrupted,60
H3,m84137_260214_004236_s1/169019368/ccs,1,61,2,12,301,CAA_interrupted,60
H3,m84137_260214_004236_s1/171378773/ccs,1,61,2,12,301,CAA_interrupted,60
H3,m84137_260214_004236_s1/175901639/ccs,1,61,2,12,301,CAA_interrupted,60
H3,m84137_260214_004236_s1/179569167/ccs,1,61,2,12,301,CAA_interrupted,60
H3,m84137_260214_004236_s1/193987699/ccs,1,61,2,12,301,CAA_interrupted,60
H3,m84137_260214_004236_s1/53285839/ccs,1,61,2,12,301,CAA_interrupted,60
H3,m84137_260214_004236_s1/15013544/ccs,1,61,2,12,301,CAA_interrupted,60
H3,m84137_260214_004236_s1/60036661/ccs,1,61,2,12,301,CAA_interrupted,60
H3,m84137_260214_004236_s1/45092350/ccs,1,61,2,12,301,CAA_interrupted,60
H3,m84137_260214_004236_s1/46402564/ccs,1,61,2,12,301,CAA_interrupted,60
H3,m84137_260214_004236_s1/90051989/ccs,1,61,2,12,301,CAA_interrupted,60
H3,m84137_260214_004236_s1/128717403/ccs,1,61,2,12,301,CAA_interrupted,60
H3,m84137_260214_004236_s1/246153983/ccs,1,61,2,12,301,CAA_interrupted,60
H3,m84137_260214_004236_s1/21042168/ccs,1,61,2,12,301,CAA_interrupted,60
H3,m84137_260214_004236_s1/208470355/ccs,1,61,2,12,301,CAA_interrupted,60
H3,m84137_260214_004236_s1/227543207/ccs,1,61,2,12,301,CAA_interrupted,60
H3,m84137_260214_004236_s1/176098164/ccs,1,61,2,12,302,CAA_interrupted,60
H3,m84137_260214_004236_s1/25103157/ccs,1,60,3,12,302,CAA_interrupted,60
H3,m84137_260214_004236_s1/184156653/ccs,1,60,3,12,302,CAA_interrupted,60
H3,m84137_260214_004236_s1/113642496/ccs,1,60,3,12,302,CAA_interrupted,60
H3,m84137_260214_004236_s1/262016849/ccs,1,61,2,12,303,CAA_interrupted,60
H3,m84137_260214_004236_s1/79432680/ccs,1,61,2,12,303,CAA_interrupted,60
H3,m84137_260214_004236_s1/54332150/ccs,1,61,2,12,303,CAA_interrupted,60
H3,m84137_260214_004236_s1/35455540/ccs,1,62,2,12,304,CAA_interrupted,60
H3,m84137_260214_004236_s1/97980808/ccs,1,62,2,12,304,CAA_interrupted,60
H3,m84137_260214_004236_s1/107679918/ccs,1,62,2,12,304,CAA_interrupted,60
H3,m84137_260214_004236_s1/108925348/ccs,1,62,2,12,304,CAA_interrupted,60
H3,m84137_260214_004236_s1/135991679/ccs,1,62,2,12,304,CAA_interrupted,60
H3,m84137_260214_004236_s1/52695139/ccs,1,62,2,12,304,CAA_interrupted,60
H3,m84137_260214_004236_s1/69998201/ccs,1,62,2,12,304,CAA_interrupted,60
H3,m84137_260214_004236_s1/65803955/ccs,1,62,2,12,304,CAA_interrupted,60
H3,m84137_260214_004236_s1/100929839/ccs,1,62,2,12,304,CAA_interrupted,60
H3,m84137_260214_004236_s1/252056632/ccs,1,62,2,12,304,CAA_interrupted,60
H3,m84137_260214_004236_s1/240520555/ccs,1,62,2,12,304,CAA_interrupted,60
H3,m84137_260214_004236_s1/183963572/ccs,1,62,2,12,304,CAA_interrupted,60
H3,m84137_260214_004236_s1/230625115/ccs,1,62,2,12,304,CAA_interrupted,60
H3,m84137_260214_004236_s1/239867431/ccs,1,62,2,12,304,CAA_interrupted,60
H3,m84137_260214_004236_s1/231933860/ccs,1,62,2,12,304,CAA_interrupted,60
H3,m84137_260214_004236_s1/240715012/ccs,1,62,2,12,304,CAA_interrupted,60
H3,m84137_260214_004236_s1/259459094/ccs,1,62,2,12,304,CAA_interrupted,60
H3,m84137_260214_004236_s1/92932871/ccs,1,62,2,12,304,CAA_interrupted,60
H3,m84137_260214_004236_s1/93325621/ccs,1,62,2,12,304,CAA_interrupted,60
H3,m84137_260214_004236_s1/99221964/ccs,1,62,2,12,304,CAA_interrupted,60
H3,m84137_260214_004236_s1/102237854/ccs,1,62,2,12,304,CAA_interrupted,60
H3,m84137_260214_004236_s1/185931036/ccs,1,62,2,12,304,CAA_interrupted,60
H3,m84137_260214_004236_s1/199103220/ccs,1,62,2,12,304,CAA_interrupted,60
H3,m84137_260214_004236_s1/209259818/ccs,1,62,2,12,304,CAA_interrupted,60
H3,m84137_260214_004236_s1/188810166/ccs,1,62,2,12,304,CAA_interrupted,60
H3,m84137_260214_004236_s1/197723083/ccs,1,62,2,12,304,CAA_interrupted,60
H3,m84137_260214_004236_s1/246612289/ccs,1,62,2,12,304,CAA_interrupted,60
H3,m84137_260214_004236_s1/250020046/ccs,1,62,2,12,304,CAA_interrupted,60
H3,m84137_260214_004236_s1/251528512/ccs,1,62,2,12,304,CAA_interrupted,60
H3,m84137_260214_004236_s1/27858272/ccs,1,62,2,12,304,CAA_interrupted,60
H3,m84137_260214_004236_s1/52433770/ccs,1,62,2,12,304,CAA_interrupted,60
H3,m84137_260214_004236_s1/5702060/ccs,1,62,2,12,304,CAA_interrupted,60
H3,m84137_260214_004236_s1/20186068/ccs,1,62,2,12,304,CAA_interrupted,60
H3,m84137_260214_004236_s1/30475322/ccs,1,62,2,12,304,CAA_interrupted,60
H3,m84137_260214_004236_s1/56756206/ccs,1,62,2,12,304,CAA_interrupted,60
H3,m84137_260214_004236_s1/190843697/ccs,1,62,2,12,304,CAA_interrupted,60
H3,m84137_260214_004236_s1/187041453/ccs,1,62,2,12,304,CAA_interrupted,60
H3,m84137_260214_004236_s1/23265843/ccs,1,62,2,12,304,CAA_interrupted,60
H3,m84137_260214_004236_s1/94307844/ccs,1,62,2,12,304,CAA_interrupted,60
H3,m84137_260214_004236_s1/264834270/ccs,1,62,2,12,304,CAA_interrupted,60
H3,m84137_260214_004236_s1/253039935/ccs,1,62,2,12,304,CAA_interrupted,60
H3,m84137_260214_004236_s1/171708565/ccs,1,62,2,12,304,CAA_interrupted,60
H3,m84137_260214_004236_s1/102370132/ccs,1,62,2,12,304,CAA_interrupted,60
H3,m84137_260214_004236_s1/134088261/ccs,1,62,2,12,304,CAA_interrupted,60
H3,m84137_260214_004236_s1/5703351/ccs,1,62,2,12,304,CAA_interrupted,60
H3,m84137_260214_004236_s1/11273563/ccs,1,62,2,12,304,CAA_interrupted,60
H3,m84137_260214_004236_s1/12519626/ccs,1,62,2,12,304,CAA_interrupted,60
H3,m84137_260214_004236_s1/141888136/ccs,1,62,2,12,304,CAA_interrupted,60
H3,m84137_260214_004236_s1/217646338/ccs,1,62,2,12,304,CAA_interrupted,60
H3,m84137_260214_004236_s1/74779775/ccs,1,62,2,12,304,CAA_interrupted,60
H3,m84137_260214_004236_s1/50272033/ccs,1,62,2,12,304,CAA_interrupted,60
H3,m84137_260214_004236_s1/171445877/ccs,1,62,2,12,304,CAA_interrupted,60
H3,m84137_260214_004236_s1/261297224/ccs,1,62,2,12,304,CAA_interrupted,60
H3,m84137_260214_004236_s1/129892889/ccs,1,62,2,12,304,CAA_interrupted,60
H3,m84137_260214_004236_s1/127010702/ccs,1,62,2,12,304,CAA_interrupted,60
H3,m84137_260214_004236_s1/111280290/ccs,1,62,2,12,304,CAA_interrupted,60
H3,m84137_260214_004236_s1/160040455/ccs,1,62,2,12,304,CAA_interrupted,60
H3,m84137_260214_004236_s1/160629072/ccs,1,62,2,12,304,CAA_interrupted,60
H3,m84137_260214_004236_s1/156565699/ccs,1,62,2,12,304,CAA_interrupted,60
H3,m84137_260214_004236_s1/147917212/ccs,1,62,2,12,304,CAA_interrupted,60
H3,m84137_260214_004236_s1/8323455/ccs,1,62,2,12,304,CAA_interrupted,60
H3,m84137_260214_004236_s1/5310439/ccs,1,62,2,12,304,CAA_interrupted,60
H3,m84137_260214_004236_s1/56231339/ccs,1,62,2,12,304,CAA_interrupted,60
H3,m84137_260214_004236_s1/51119468/ccs,1,62,2,12,304,CAA_interrupted,60
H3,m84137_260214_004236_s1/58854107/ccs,1,62,2,12,304,CAA_interrupted,60
H3,m84137_260214_004236_s1/4590775/ccs,1,62,2,12,304,CAA_interrupted,60
H3,m84137_260214_004236_s1/8915910/ccs,1,62,2,12,304,CAA_interrupted,60
H3,m84137_260214_004236_s1/43124703/ccs,1,62,2,12,304,CAA_interrupted,60
H3,m84137_260214_004236_s1/216338099/ccs,1,62,2,12,304,CAA_interrupted,60
H3,m84137_260214_004236_s1/217190457/ccs,1,62,2,12,304,CAA_interrupted,60
H3,m84137_260214_004236_s1/51381547/ccs,1,62,2,12,304,CAA_interrupted,60
H3,m84137_260214_004236_s1/95751111/ccs,1,62,2,12,304,CAA_interrupted,60
H3,m84137_260214_004236_s1/183833413/ccs,1,62,2,12,304,CAA_interrupted,60
H3,m84137_260214_004236_s1/182716100/ccs,1,62,2,12,304,CAA_interrupted,60
H3,m84137_260214_004236_s1/237111114/ccs,1,62,2,12,304,CAA_interrupted,60
H3,m84137_260214_004236_s1/70451486/ccs,1,62,2,12,304,CAA_interrupted,60
H3,m84137_260214_004236_s1/92668080/ccs,1,62,2,12,304,CAA_interrupted,60
H3,m84137_260214_004236_s1/80807825/ccs,1,62,2,12,304,CAA_interrupted,60
H3,m84137_260214_004236_s1/98435941/ccs,1,62,2,12,304,CAA_interrupted,60
H3,m84137_260214_004236_s1/106890637/ccs,1,62,2,12,304,CAA_interrupted,60
H3,m84137_260214_004236_s1/122359796/ccs,1,62,2,12,304,CAA_interrupted,60
H3,m84137_260214_004236_s1/153686014/ccs,1,62,2,12,304,CAA_interrupted,60
H3,m84137_260214_004236_s1/114625792/ccs,1,62,2,12,304,CAA_interrupted,60
H3,m84137_260214_004236_s1/163647881/ccs,1,62,2,12,304,CAA_interrupted,60
H3,m84137_260214_004236_s1/170135352/ccs,1,62,2,12,304,CAA_interrupted,60
H3,m84137_260214_004236_s1/190317709/ccs,1,62,2,12,304,CAA_interrupted,60
H3,m84137_260214_004236_s1/170461269/ccs,1,62,2,12,304,CAA_interrupted,60
H3,m84137_260214_004236_s1/150471391/ccs,1,61,2,13,304,CAA_interrupted,60
H3,m84137_260214_004236_s1/52958925/ccs,1,62,2,12,304,CAA_interrupted,60
H3,m84137_260214_004236_s1/14553918/ccs,1,62,2,12,304,CAA_interrupted,60
H3,m84137_260214_004236_s1/15210274/ccs,1,62,2,12,304,CAA_interrupted,60
H3,m84137_260214_004236_s1/69537529/ccs,1,62,2,12,304,CAA_interrupted,60
H3,m84137_260214_004236_s1/60953100/ccs,1,62,2,12,304,CAA_interrupted,60
H3,m84137_260214_004236_s1/46533878/ccs,1,62,2,12,304,CAA_interrupted,60
H3,m84137_260214_004236_s1/71374634/ccs,1,62,2,12,304,CAA_interrupted,60
H3,m84137_260214_004236_s1/97980373/ccs,1,62,2,12,304,CAA_interrupted,60
H3,m84137_260214_004236_s1/104272635/ccs,1,62,2,12,304,CAA_interrupted,60
H3,m84137_260214_004236_s1/245629383/ccs,1,62,2,12,304,CAA_interrupted,60
H3,m84137_260214_004236_s1/24515372/ccs,1,62,2,12,304,CAA_interrupted,60
H3,m84137_260214_004236_s1/21827201/ccs,1,62,2,12,304,CAA_interrupted,60
H3,m84137_260214_004236_s1/173477782/ccs,1,62,2,12,304,CAA_interrupted,60
H3,m84137_260214_004236_s1/55576535/ccs,1,61,2,13,304,CAA_interrupted,60
H3,m84137_260214_004236_s1/99813753/ccs,1,62,2,12,304,CAA_interrupted,60
H3,m84137_260214_004236_s1/202572532/ccs,1,62,2,12,304,CAA_interrupted,60
H3,m84137_260214_004236_s1/5832890/ccs,1,60,3,12,304,CAA_interrupted,60
H3,m84137_260214_004236_s1/37554346/ccs,1,61,3,12,305,CAA_interrupted,60
H3,m84137_260214_004236_s1/237503577/ccs,1,61,2,12,305,CAA_interrupted,60
H3,m84137_260214_004236_s1/229377706/ccs,1,62,2,13,305,CAA_interrupted,60
H3,m84137_260214_004236_s1/20715056/ccs,1,63,2,11,305,CAA_interrupted,60
H3,m84137_260214_004236_s1/17696659/ccs,1,61,3,12,305,CAA_interrupted,60
H3,m84137_260214_004236_s1/163121397/ccs,1,62,2,12,305,CAA_interrupted,60
H3,m84137_260214_004236_s1/34996878/ccs,1,62,2,12,306,CAA_interrupted,60
H3,m84137_260214_004236_s1/122094743/ccs,1,63,2,12,307,CAA_interrupted,60
H3,m84137_260214_004236_s1/60424584/ccs,1,63,2,12,307,CAA_interrupted,60
H3,m84137_260214_004236_s1/90048535/ccs,1,63,2,12,307,CAA_interrupted,60
H3,m84137_260214_004236_s1/73861587/ccs,1,63,2,12,307,CAA_interrupted,60
H3,m84137_260214_004236_s1/118755722/ccs,1,63,2,12,307,CAA_interrupted,60
H3,m84137_260214_004236_s1/124719123/ccs,1,63,2,12,307,CAA_interrupted,60
H3,m84137_260214_004236_s1/82318718/ccs,1,63,2,12,307,CAA_interrupted,60
H3,m84137_260214_004236_s1/83759607/ccs,1,63,2,12,307,CAA_interrupted,60
H3,m84137_260214_004236_s1/37754058/ccs,1,63,2,12,307,CAA_interrupted,60
H3,m84137_260214_004236_s1/31199734/ccs,1,63,2,12,307,CAA_interrupted,60
H3,m84137_260214_004236_s1/259591484/ccs,1,63,2,12,307,CAA_interrupted,60
H3,m84137_260214_004236_s1/210044016/ccs,1,63,2,12,307,CAA_interrupted,60
H3,m84137_260214_004236_s1/259195100/ccs,1,63,2,12,307,CAA_interrupted,60
H3,m84137_260214_004236_s1/120588859/ccs,1,63,2,12,307,CAA_interrupted,60
H3,m84137_260214_004236_s1/191498600/ccs,1,63,2,12,307,CAA_interrupted,60
H3,m84137_260214_004236_s1/198182047/ccs,1,63,2,12,307,CAA_interrupted,60
H3,m84137_260214_004236_s1/201524674/ccs,1,63,2,12,307,CAA_interrupted,60
H3,m84137_260214_004236_s1/219875076/ccs,1,63,2,12,307,CAA_interrupted,60
H3,m84137_260214_004236_s1/195298156/ccs,1,63,2,12,307,CAA_interrupted,60
H3,m84137_260214_004236_s1/203293282/ccs,1,63,2,12,307,CAA_interrupted,60
H3,m84137_260214_004236_s1/18093556/ccs,1,63,2,12,307,CAA_interrupted,60
H3,m84137_260214_004236_s1/5637327/ccs,1,63,2,12,307,CAA_interrupted,60
H3,m84137_260214_004236_s1/18678618/ccs,1,63,2,12,307,CAA_interrupted,60
H3,m84137_260214_004236_s1/29886819/ccs,1,63,2,12,307,CAA_interrupted,60
H3,m84137_260214_004236_s1/141558878/ccs,1,63,2,12,307,CAA_interrupted,60
H3,m84137_260214_004236_s1/143656738/ccs,1,63,2,12,307,CAA_interrupted,60
H3,m84137_260214_004236_s1/141427762/ccs,1,63,2,12,307,CAA_interrupted,60
H3,m84137_260214_004236_s1/158335973/ccs,1,63,2,12,307,CAA_interrupted,60
H3,m84137_260214_004236_s1/230233120/ccs,1,63,2,12,307,CAA_interrupted,60
H3,m84137_260214_004236_s1/117378279/ccs,1,63,2,12,307,CAA_interrupted,60
H3,m84137_260214_004236_s1/27921114/ccs,1,63,2,12,307,CAA_interrupted,60
H3,m84137_260214_004236_s1/240784957/ccs,1,63,2,12,307,CAA_interrupted,60
H3,m84137_260214_004236_s1/217584199/ccs,1,63,2,12,307,CAA_interrupted,60
H3,m84137_260214_004236_s1/119080409/ccs,1,63,2,12,307,CAA_interrupted,60
H3,m84137_260214_004236_s1/108331114/ccs,1,63,2,12,307,CAA_interrupted,60
H3,m84137_260214_004236_s1/119996748/ccs,1,63,2,12,307,CAA_interrupted,60
H3,m84137_260214_004236_s1/109250873/ccs,1,63,2,12,307,CAA_interrupted,60
H3,m84137_260214_004236_s1/110824328/ccs,1,63,2,12,307,CAA_interrupted,60
H3,m84137_260214_004236_s1/134679365/ccs,1,63,2,12,307,CAA_interrupted,60
H3,m84137_260214_004236_s1/158533973/ccs,1,63,2,12,307,CAA_interrupted,60
H3,m84137_260214_004236_s1/57870011/ccs,1,63,2,12,307,CAA_interrupted,60
H3,m84137_260214_004236_s1/52627230/ccs,1,63,2,12,307,CAA_interrupted,60
H3,m84137_260214_004236_s1/231408954/ccs,1,63,2,12,307,CAA_interrupted,60
H3,m84137_260214_004236_s1/241044274/ccs,1,63,2,12,307,CAA_interrupted,60
H3,m84137_260214_004236_s1/204017279/ccs,1,62,2,13,307,CAA_interrupted,60
H3,m84137_260214_004236_s1/260837077/ccs,1,63,2,12,307,CAA_interrupted,60
H3,m84137_260214_004236_s1/216470060/ccs,1,63,2,12,307,CAA_interrupted,60
H3,m84137_260214_004236_s1/217321567/ccs,1,63,2,12,307,CAA_interrupted,60
H3,m84137_260214_004236_s1/250613810/ccs,1,63,2,12,307,CAA_interrupted,60
H3,m84137_260214_004236_s1/221384621/ccs,1,63,2,12,307,CAA_interrupted,60
H3,m84137_260214_004236_s1/221320462/ccs,1,63,2,12,307,CAA_interrupted,60
H3,m84137_260214_004236_s1/201068774/ccs,1,63,2,12,307,CAA_interrupted,60
H3,m84137_260214_004236_s1/253432797/ccs,1,63,2,12,307,CAA_interrupted,60
H3,m84137_260214_004236_s1/221381869/ccs,1,63,2,12,307,CAA_interrupted,60
H3,m84137_260214_004236_s1/182911339/ccs,1,63,2,12,307,CAA_interrupted,60
H3,m84137_260214_004236_s1/224921447/ccs,1,63,2,12,307,CAA_interrupted,60
H3,m84137_260214_004236_s1/225314206/ccs,1,63,2,12,307,CAA_interrupted,60
H3,m84137_260214_004236_s1/230032333/ccs,1,63,2,12,307,CAA_interrupted,60
H3,m84137_260214_004236_s1/211878398/ccs,1,63,2,12,307,CAA_interrupted,60
H3,m84137_260214_004236_s1/214695978/ccs,1,63,2,12,307,CAA_interrupted,60
H3,m84137_260214_004236_s1/235145714/ccs,1,63,2,12,307,CAA_interrupted,60
H3,m84137_260214_004236_s1/48497324/ccs,1,63,2,12,307,CAA_interrupted,60
H3,m84137_260214_004236_s1/73466687/ccs,1,63,2,12,307,CAA_interrupted,60
H3,m84137_260214_004236_s1/66062883/ccs,1,63,2,12,307,CAA_interrupted,60
H3,m84137_260214_004236_s1/91293275/ccs,1,63,2,12,307,CAA_interrupted,60
H3,m84137_260214_004236_s1/97192316/ccs,1,63,2,12,307,CAA_interrupted,60
H3,m84137_260214_004236_s1/118161460/ccs,1,63,2,12,307,CAA_interrupted,60
H3,m84137_260214_004236_s1/185274008/ccs,1,63,2,12,307,CAA_interrupted,60
H3,m84137_260214_004236_s1/169609050/ccs,1,63,2,12,307,CAA_interrupted,60
H3,m84137_260214_004236_s1/197722807/ccs,1,63,2,12,307,CAA_interrupted,60
H3,m84137_260214_004236_s1/193660339/ccs,1,63,2,12,307,CAA_interrupted,60
H3,m84137_260214_004236_s1/202310264/ccs,1,63,2,12,307,CAA_interrupted,60
H3,m84137_260214_004236_s1/202572925/ccs,1,63,2,12,307,CAA_interrupted,60
H3,m84137_260214_004236_s1/57807484/ccs,1,63,2,12,307,CAA_interrupted,60
H3,m84137_260214_004236_s1/15732836/ccs,1,63,2,12,307,CAA_interrupted,60
H3,m84137_260214_004236_s1/72881996/ccs,1,63,2,12,307,CAA_interrupted,60
H3,m84137_260214_004236_s1/96670811/ccs,1,63,2,12,307,CAA_interrupted,60
H3,m84137_260214_004236_s1/18355475/ccs,1,63,2,12,307,CAA_interrupted,60
H3,m84137_260214_004236_s1/265814309/ccs,1,63,2,12,307,CAA_interrupted,60
H3,m84137_260214_004236_s1/39389482/ccs,1,63,2,12,308,CAA_interrupted,60
H3,m84137_260214_004236_s1/264307431/ccs,1,63,2,12,308,CAA_interrupted,60
H3,m84137_260214_004236_s1/39650847/ccs,1,64,2,11,308,CAA_interrupted,60
H3,m84137_260214_004236_s1/39654076/ccs,1,62,2,11,308,CAA_interrupted,60
H3,m84137_260214_004236_s1/150930623/ccs,1,63,2,12,308,CAA_interrupted,60
H3,m84137_260214_004236_s1/250282363/ccs,1,63,2,12,308,CAA_interrupted,60
H3,m84137_260214_004236_s1/263260574/ccs,1,63,2,12,309,CAA_interrupted,60
H3,m84137_260214_004236_s1/60033788/ccs,1,64,2,12,310,CAA_interrupted,60
H3,m84137_260214_004236_s1/64028982/ccs,1,64,2,12,310,CAA_interrupted,60
H3,m84137_260214_004236_s1/65144054/ccs,1,64,2,12,310,CAA_interrupted,60
H3,m84137_260214_004236_s1/70124182/ccs,1,64,2,12,310,CAA_interrupted,60
H3,m84137_260214_004236_s1/120787480/ccs,1,64,2,12,310,CAA_interrupted,60
H3,m84137_260214_004236_s1/42864202/ccs,1,64,2,12,310,CAA_interrupted,60
H3,m84137_260214_004236_s1/206508202/ccs,1,64,2,12,310,CAA_interrupted,60
H3,m84137_260214_004236_s1/212667567/ccs,1,64,2,12,310,CAA_interrupted,60
H3,m84137_260214_004236_s1/232789747/ccs,1,64,2,12,310,CAA_interrupted,60
H3,m84137_260214_004236_s1/222495458/ccs,1,64,2,12,310,CAA_interrupted,60
H3,m84137_260214_004236_s1/212533415/ccs,1,64,2,12,310,CAA_interrupted,60
H3,m84137_260214_004236_s1/236784078/ccs,1,64,2,12,310,CAA_interrupted,60
H3,m84137_260214_004236_s1/71435561/ccs,1,64,2,12,310,CAA_interrupted,60
H3,m84137_260214_004236_s1/106955038/ccs,1,64,2,12,310,CAA_interrupted,60
H3,m84137_260214_004236_s1/144970601/ccs,1,64,2,12,310,CAA_interrupted,60
H3,m84137_260214_004236_s1/225056489/ccs,1,64,2,12,310,CAA_interrupted,60
H3,m84137_260214_004236_s1/191301872/ccs,1,64,2,12,310,CAA_interrupted,60
H3,m84137_260214_004236_s1/175114686/ccs,1,64,2,12,310,CAA_interrupted,60
H3,m84137_260214_004236_s1/196675084/ccs,1,64,2,12,310,CAA_interrupted,60
H3,m84137_260214_004236_s1/178847856/ccs,1,64,2,12,310,CAA_interrupted,60
H3,m84137_260214_004236_s1/208012393/ccs,1,64,2,12,310,CAA_interrupted,60
H3,m84137_260214_004236_s1/266142156/ccs,1,64,2,12,310,CAA_interrupted,60
H3,m84137_260214_004236_s1/12259361/ccs,1,64,2,12,310,CAA_interrupted,60
H3,m84137_260214_004236_s1/251073007/ccs,1,64,2,12,310,CAA_interrupted,60
H3,m84137_260214_004236_s1/23266782/ccs,1,64,2,12,310,CAA_interrupted,60
H3,m84137_260214_004236_s1/136775189/ccs,1,64,2,12,310,CAA_interrupted,60
H3,m84137_260214_004236_s1/155713618/ccs,1,64,2,12,310,CAA_interrupted,60
H3,m84137_260214_004236_s1/146868373/ccs,1,64,2,12,310,CAA_interrupted,60
H3,m84137_260214_004236_s1/158205084/ccs,1,64,2,12,310,CAA_interrupted,60
H3,m84137_260214_004236_s1/232855293/ccs,1,64,2,12,310,CAA_interrupted,60
H3,m84137_260214_004236_s1/8588260/ccs,1,64,2,12,310,CAA_interrupted,60
H3,m84137_260214_004236_s1/127206611/ccs,1,64,2,12,310,CAA_interrupted,60
H3,m84137_260214_004236_s1/188809452/ccs,1,64,2,12,310,CAA_interrupted,60
H3,m84137_260214_004236_s1/35328235/ccs,1,64,2,12,310,CAA_interrupted,60
H3,m84137_260214_004236_s1/49747841/ccs,1,64,2,12,310,CAA_interrupted,60
H3,m84137_260214_004236_s1/108265989/ccs,1,64,2,12,310,CAA_interrupted,60
H3,m84137_260214_004236_s1/137626695/ccs,1,64,2,12,310,CAA_interrupted,60
H3,m84137_260214_004236_s1/167905531/ccs,1,64,2,12,310,CAA_interrupted,60
H3,m84137_260214_004236_s1/161875234/ccs,1,64,2,12,310,CAA_interrupted,60
H3,m84137_260214_004236_s1/21367287/ccs,1,64,2,12,310,CAA_interrupted,60
H3,m84137_260214_004236_s1/54788277/ccs,1,64,2,13,310,CAA_interrupted,60
H3,m84137_260214_004236_s1/68359143/ccs,1,64,2,12,310,CAA_interrupted,60
H3,m84137_260214_004236_s1/18088468/ccs,1,64,2,12,310,CAA_interrupted,60
H3,m84137_260214_004236_s1/29559076/ccs,1,64,2,12,310,CAA_interrupted,60
H3,m84137_260214_004236_s1/100075025/ccs,1,64,2,12,310,CAA_interrupted,60
H3,m84137_260214_004236_s1/16648644/ccs,1,64,2,12,310,CAA_interrupted,60
H3,m84137_260214_004236_s1/84741104/ccs,1,64,2,12,310,CAA_interrupted,60
H3,m84137_260214_004236_s1/219611974/ccs,1,63,2,13,310,CAA_interrupted,60
H3,m84137_260214_004236_s1/213320448/ccs,1,64,2,12,310,CAA_interrupted,60
H3,m84137_260214_004236_s1/76285350/ccs,1,64,2,12,310,CAA_interrupted,60
H3,m84137_260214_004236_s1/82184204/ccs,1,64,2,12,310,CAA_interrupted,60
H3,m84137_260214_004236_s1/115018753/ccs,1,64,2,12,310,CAA_interrupted,60
H3,m84137_260214_004236_s1/116397770/ccs,1,64,2,12,310,CAA_interrupted,60
H3,m84137_260214_004236_s1/185144373/ccs,1,64,2,12,310,CAA_interrupted,60
H3,m84137_260214_004236_s1/161746201/ccs,1,64,2,12,310,CAA_interrupted,60
H3,m84137_260214_004236_s1/165613348/ccs,1,64,2,12,310,CAA_interrupted,60
H3,m84137_260214_004236_s1/149815814/ccs,1,64,2,12,310,CAA_interrupted,60
H3,m84137_260214_004236_s1/243204472/ccs,1,64,2,12,310,CAA_interrupted,60
H3,m84137_260214_004236_s1/33756858/ccs,1,64,2,12,310,CAA_interrupted,60
H3,m84137_260214_004236_s1/25890193/ccs,1,64,2,12,310,CAA_interrupted,60
H3,m84137_260214_004236_s1/31134866/ccs,1,64,2,12,310,CAA_interrupted,60
H3,m84137_260214_004236_s1/126621267/ccs,1,64,2,12,310,CAA_interrupted,60
H3,m84137_260214_004236_s1/102695411/ccs,1,64,2,12,310,CAA_interrupted,60
H3,m84137_260214_004236_s1/218562922/ccs,1,61,3,13,311,CAA_interrupted,60
H3,m84137_260214_004236_s1/210637471/ccs,1,63,2,12,311,CAA_interrupted,60
H3,m84137_260214_004236_s1/13763422/ccs,1,64,2,12,311,CAA_interrupted,60
H3,m84137_260214_004236_s1/150013122/ccs,1,63,2,12,311,CAA_interrupted,60
H3,m84137_260214_004236_s1/235999814/ccs,1,64,2,12,311,CAA_interrupted,60
H3,m84137_260214_004236_s1/148834804/ccs,1,63,3,12,311,CAA_interrupted,60
H3,m84137_260214_004236_s1/124718254/ccs,1,63,2,13,311,CAA_interrupted,60
H3,m84137_260214_004236_s1/122684957/ccs,1,64,2,12,312,CAA_interrupted,60
H3,m84137_260214_004236_s1/166201476/ccs,1,62,4,12,312,CAA_interrupted,60
H3,m84137_260214_004236_s1/96209443/ccs,1,64,2,12,312,CAA_interrupted,60
H3,m84137_260214_004236_s1/54198538/ccs,1,65,2,12,313,CAA_interrupted,60
H3,m84137_260214_004236_s1/61277888/ccs,1,65,2,12,313,CAA_interrupted,60
H3,m84137_260214_004236_s1/50071590/ccs,1,65,2,12,313,CAA_interrupted,60
H3,m84137_260214_004236_s1/78123581/ccs,1,65,2,12,313,CAA_interrupted,60
H3,m84137_260214_004236_s1/89593210/ccs,1,65,2,12,313,CAA_interrupted,60
H3,m84137_260214_004236_s1/234948245/ccs,1,65,2,12,313,CAA_interrupted,60
H3,m84137_260214_004236_s1/121835408/ccs,1,65,2,12,313,CAA_interrupted,60
H3,m84137_260214_004236_s1/212472349/ccs,1,65,2,12,313,CAA_interrupted,60
H3,m84137_260214_004236_s1/242881768/ccs,1,65,2,12,313,CAA_interrupted,60
H3,m84137_260214_004236_s1/248843878/ccs,1,65,2,12,313,CAA_interrupted,60
H3,m84137_260214_004236_s1/79300620/ccs,1,65,2,12,313,CAA_interrupted,60
H3,m84137_260214_004236_s1/86770354/ccs,1,65,2,12,313,CAA_interrupted,60
H3,m84137_260214_004236_s1/100796709/ccs,1,65,2,12,313,CAA_interrupted,60
H3,m84137_260214_004236_s1/168562679/ccs,1,65,2,12,313,CAA_interrupted,60
H3,m84137_260214_004236_s1/189666020/ccs,1,65,2,12,313,CAA_interrupted,60
H3,m84137_260214_004236_s1/172560742/ccs,1,65,2,12,313,CAA_interrupted,60
H3,m84137_260214_004236_s1/199624674/ccs,1,65,2,12,313,CAA_interrupted,60
H3,m84137_260214_004236_s1/11212208/ccs,1,65,2,12,313,CAA_interrupted,60
H3,m84137_260214_004236_s1/35197443/ccs,1,65,2,12,313,CAA_interrupted,60
H3,m84137_260214_004236_s1/25036313/ccs,1,65,2,12,313,CAA_interrupted,60
H3,m84137_260214_004236_s1/137692739/ccs,1,65,2,12,313,CAA_interrupted,60
H3,m84137_260214_004236_s1/80805934/ccs,1,65,2,12,313,CAA_interrupted,60
H3,m84137_260214_004236_s1/201785927/ccs,1,65,2,12,313,CAA_interrupted,60
H3,m84137_260214_004236_s1/60689476/ccs,1,65,2,12,313,CAA_interrupted,60
H3,m84137_260214_004236_s1/24052364/ccs,1,65,2,12,313,CAA_interrupted,60
H3,m84137_260214_004236_s1/166069676/ccs,1,65,2,12,313,CAA_interrupted,60
H3,m84137_260214_004236_s1/172950616/ccs,1,65,2,12,313,CAA_interrupted,60
H3,m84137_260214_004236_s1/133631005/ccs,1,65,2,12,313,CAA_interrupted,60
H3,m84137_260214_004236_s1/125239780/ccs,1,65,2,12,313,CAA_interrupted,60
H3,m84137_260214_004236_s1/115671585/ccs,1,65,2,12,313,CAA_interrupted,60
H3,m84137_260214_004236_s1/62325471/ccs,1,65,2,12,313,CAA_interrupted,60
H3,m84137_260214_004236_s1/48038836/ccs,1,65,2,12,313,CAA_interrupted,60
H3,m84137_260214_004236_s1/46272493/ccs,1,65,2,12,313,CAA_interrupted,60
H3,m84137_260214_004236_s1/41356252/ccs,1,65,2,12,313,CAA_interrupted,60
H3,m84137_260214_004236_s1/223352242/ccs,1,65,2,12,313,CAA_interrupted,60
H3,m84137_260214_004236_s1/183437644/ccs,1,65,2,12,313,CAA_interrupted,60
H3,m84137_260214_004236_s1/80478684/ccs,1,65,2,12,313,CAA_interrupted,60
H3,m84137_260214_004236_s1/246744346/ccs,1,65,2,12,313,CAA_interrupted,60
H3,m84137_260214_004236_s1/224003995/ccs,1,64,3,12,314,CAA_interrupted,60
H3,m84137_260214_004236_s1/29557749/ccs,1,65,2,12,315,CAA_interrupted,60
H3,m84137_260214_004236_s1/183699241/ccs,1,63,4,12,315,CAA_interrupted,60
H3,m84137_260214_004236_s1/170135144/ccs,1,61,5,12,315,CAA_interrupted,60
H3,m84137_260214_004236_s1/92735229/ccs,1,66,2,12,316,CAA_interrupted,60
H3,m84137_260214_004236_s1/43192506/ccs,1,66,2,12,316,CAA_interrupted,60
H3,m84137_260214_004236_s1/45553026/ccs,1,65,2,13,316,CAA_interrupted,60
H3,m84137_260214_004236_s1/248780223/ccs,1,66,2,12,316,CAA_interrupted,60
H3,m84137_260214_004236_s1/188223104/ccs,1,66,2,12,316,CAA_interrupted,60
H3,m84137_260214_004236_s1/207815787/ccs,1,66,2,12,316,CAA_interrupted,60
H3,m84137_260214_004236_s1/247401231/ccs,1,66,2,12,316,CAA_interrupted,60
H3,m84137_260214_004236_s1/245173170/ccs,1,65,2,13,316,CAA_interrupted,60
H3,m84137_260214_004236_s1/133958366/ccs,1,66,2,12,316,CAA_interrupted,60
H3,m84137_260214_004236_s1/169937083/ccs,1,66,2,12,316,CAA_interrupted,60
H3,m84137_260214_004236_s1/116065214/ccs,1,66,2,12,316,CAA_interrupted,60
H3,m84137_260214_004236_s1/117184014/ccs,1,66,2,12,316,CAA_interrupted,60
H3,m84137_260214_004236_s1/27984070/ccs,1,66,2,12,316,CAA_interrupted,60
H3,m84137_260214_004236_s1/18024962/ccs,1,66,2,12,316,CAA_interrupted,60
H3,m84137_260214_004236_s1/215616524/ccs,1,66,2,12,316,CAA_interrupted,60
H3,m84137_260214_004236_s1/21104029/ccs,1,66,2,12,316,CAA_interrupted,60
H3,m84137_260214_004236_s1/98567638/ccs,1,66,2,12,316,CAA_interrupted,60
H3,m84137_260214_004236_s1/265688341/ccs,1,66,2,12,316,CAA_interrupted,60
H3,m84137_260214_004236_s1/200802407/ccs,1,66,2,12,316,CAA_interrupted,60
H3,m84137_260214_004236_s1/223347070/ccs,1,66,2,12,316,CAA_interrupted,60
H3,m84137_260214_004236_s1/140646145/ccs,1,66,2,12,316,CAA_interrupted,60
H3,m84137_260214_004236_s1/197526803/ccs,1,66,2,12,316,CAA_interrupted,60
H3,m84137_260214_004236_s1/207880309/ccs,1,66,2,12,316,CAA_interrupted,60
H3,m84137_260214_004236_s1/41880590/ccs,1,66,2,12,316,CAA_interrupted,60
H3,m84137_260214_004236_s1/12653279/ccs,1,66,2,12,316,CAA_interrupted,60
H3,m84137_260214_004236_s1/135730152/ccs,1,66,2,12,316,CAA_interrupted,60
H3,m84137_260214_004236_s1/177734066/ccs,1,65,3,12,317,CAA_interrupted,60
H3,m84137_260214_004236_s1/120916783/ccs,1,66,2,12,318,CAA_interrupted,60
H3,m84137_260214_004236_s1/41948010/ccs,1,64,4,12,318,CAA_interrupted,60
H3,m84137_260214_004236_s1/40045955/ccs,1,68,1,12,319,CAA_interrupted,60
H3,m84137_260214_004236_s1/89593020/ccs,1,67,2,12,319,CAA_interrupted,60
H3,m84137_260214_004236_s1/262148911/ccs,1,67,2,12,319,CAA_interrupted,60
H3,m84137_260214_004236_s1/103416184/ccs,1,67,2,12,319,CAA_interrupted,60
H3,m84137_260214_004236_s1/134613680/ccs,1,67,2,12,319,CAA_interrupted,60
H3,m84137_260214_004236_s1/221839900/ccs,1,67,2,12,319,CAA_interrupted,60
H3,m84137_260214_004236_s1/26806695/ccs,1,67,2,12,319,CAA_interrupted,60
H3,m84137_260214_004236_s1/113052018/ccs,1,67,2,12,319,CAA_interrupted,60
H3,m84137_260214_004236_s1/207424070/ccs,1,67,2,12,319,CAA_interrupted,60
H3,m84137_260214_004236_s1/46208187/ccs,1,67,2,12,319,CAA_interrupted,60
H3,m84137_260214_004236_s1/190382432/ccs,1,67,2,12,319,CAA_interrupted,60
H3,m84137_260214_004236_s1/183632186/ccs,1,67,2,12,319,CAA_interrupted,60
H3,m84137_260214_004236_s1/79303064/ccs,1,67,2,12,319,CAA_interrupted,60
H3,m84137_260214_004236_s1/50270666/ccs,1,67,2,12,319,CAA_interrupted,60
H3,m84137_260214_004236_s1/57148721/ccs,1,68,2,12,322,CAA_interrupted,60
H3,m84137_260214_004236_s1/38405478/ccs,1,68,2,12,322,CAA_interrupted,60
H3,m84137_260214_004236_s1/138352462/ccs,1,68,2,12,322,CAA_interrupted,60
H3,m84137_260214_004236_s1/255071961/ccs,1,68,2,12,322,CAA_interrupted,60
H3,m84137_260214_004236_s1/109906901/ccs,1,68,2,12,322,CAA_interrupted,60
H3,m84137_260214_004236_s1/132581747/ccs,1,68,2,12,322,CAA_interrupted,60
H3,m84137_260214_004236_s1/132253918/ccs,1,68,2,12,322,CAA_interrupted,60
H3,m84137_260214_004236_s1/177997942/ccs,1,68,2,12,322,CAA_interrupted,60
H3,m84137_260214_004236_s1/64685173/ccs,1,68,2,12,322,CAA_interrupted,60
H3,m84137_260214_004236_s1/77728220/ccs,1,68,2,12,322,CAA_interrupted,60
H3,m84137_260214_004236_s1/196411719/ccs,1,68,2,12,322,CAA_interrupted,60
H3,m84137_260214_004236_s1/19861923/ccs,1,68,2,12,322,CAA_interrupted,60
H3,m84137_260214_004236_s1/128388647/ccs,1,68,2,12,324,CAA_interrupted,60
H3,m84137_260214_004236_s1/48498471/ccs,1,69,2,12,325,CAA_interrupted,60
H3,m84137_260214_004236_s1/100339008/ccs,1,69,2,12,325,CAA_interrupted,60
H3,m84137_260214_004236_s1/262538269/ccs,1,69,2,12,325,CAA_interrupted,60
H3,m84137_260214_004236_s1/98567840/ccs,1,69,2,12,325,CAA_interrupted,60
H3,m84137_260214_004236_s1/29753750/ccs,1,69,2,12,325,CAA_interrupted,60
H3,m84137_260214_004236_s1/216142826/ccs,1,69,2,12,325,CAA_interrupted,60
H3,m84137_260214_004236_s1/138807831/ccs,1,69,2,12,325,CAA_interrupted,60
H3,m84137_260214_004236_s1/204279003/ccs,1,69,2,12,325,CAA_interrupted,60
H3,m84137_260214_004236_s1/228396329/ccs,1,69,2,12,325,CAA_interrupted,60
H3,m84137_260214_004236_s1/218955966/ccs,1,69,2,12,325,CAA_interrupted,60
H3,m84137_260214_004236_s1/51252705/ccs,1,69,2,12,325,CAA_interrupted,60
H3,m84137_260214_004236_s1/204669053/ccs,1,69,2,12,327,CAA_interrupted,60
H3,m84137_260214_004236_s1/135006993/ccs,1,70,2,12,328,CAA_interrupted,60
H3,m84137_260214_004236_s1/160501347/ccs,1,70,2,12,328,CAA_interrupted,60
H3,m84137_260214_004236_s1/148379041/ccs,1,70,2,12,328,CAA_interrupted,60
H3,m84137_260214_004236_s1/134551144/ccs,1,71,2,12,331,CAA_interrupted,60
H3,m84137_260214_004236_s1/156304268/ccs,1,71,2,12,331,CAA_interrupted,60
H3,m84137_260214_004236_s1/97783617/ccs,1,71,2,12,331,CAA_interrupted,60
H3,m84137_260214_004236_s1/126225772/ccs,1,71,2,12,332,CAA_interrupted,60
H3,m84137_260214_004236_s1/75434731/ccs,1,71,2,12,334,CAA_interrupted,60
H3,m84137_260214_004236_s1/107677684/ccs,1,72,2,12,334,CAA_interrupted,60
H3,m84137_260214_004236_s1/45811393/ccs,1,72,2,12,334,CAA_interrupted,60
H3,m84137_260214_004236_s1/212534559/ccs,1,72,2,12,334,CAA_interrupted,60
H3,m84137_260214_004236_s1/167578569/ccs,1,72,2,12,334,CAA_interrupted,60
H3,m84137_260214_004236_s1/189335868/ccs,1,73,2,12,337,CAA_interrupted,60
H3,m84137_260214_004236_s1/127599668/ccs,1,73,2,12,337,CAA_interrupted,60
H3,m84137_260214_004236_s1/24515774/ccs,1,73,2,12,337,CAA_interrupted,60
H3,m84137_260214_004236_s1/113183505/ccs,1,73,2,12,337,CAA_interrupted,60
H3,m84137_260214_004236_s1/18354966/ccs,1,74,2,11,339,CAA_interrupted,60
H3,m84137_260214_004236_s1/212861367/ccs,1,74,2,12,340,CAA_interrupted,60
H3,m84137_260214_004236_s1/3413356/ccs,1,75,2,12,343,CAA_interrupted,60
H3,m84137_260214_004236_s1/97583242/ccs,1,75,2,12,344,CAA_interrupted,60
H3,m84137_260214_004236_s1/140116111/ccs,1,73,2,12,345,CAA_interrupted,60
H3,m84137_260214_004236_s1/156762182/ccs,1,76,2,12,346,CAA_interrupted,60
H3,m84137_260214_004236_s1/163777077/ccs,1,76,2,12,346,CAA_interrupted,60
H3,m84137_260214_004236_s1/59643371/ccs,1,76,2,12,346,CAA_interrupted,60
H3,m84137_260214_004236_s1/221386164/ccs,1,76,2,12,346,CAA_interrupted,60
H3,m84137_260214_004236_s1/58525692/ccs,1,77,2,12,349,CAA_interrupted,60
H3,m84137_260214_004236_s1/106631347/ccs,1,77,2,12,349,CAA_interrupted,60
H3,m84137_260214_004236_s1/6296187/ccs,1,77,2,12,349,CAA_interrupted,60
H3,m84137_260214_004236_s1/229904154/ccs,1,77,2,12,349,CAA_interrupted,60
H3,m84137_260214_004236_s1/240588043/ccs,1,78,1,12,349,CAA_interrupted,60
H3,m84137_260214_004236_s1/179177189/ccs,1,77,2,12,349,CAA_interrupted,60
H3,m84137_260214_004236_s1/20384177/ccs,1,79,2,12,355,CAA_interrupted,60
H3,m84137_260214_004236_s1/116197537/ccs,1,79,2,12,355,CAA_interrupted,60
H3,m84137_260214_004236_s1/234557284/ccs,1,79,2,12,355,CAA_interrupted,60
H3,m84137_260214_004236_s1/117970048/ccs,1,79,2,12,355,CAA_interrupted,60
H3,m84137_260214_004236_s1/251073170/ccs,1,79,2,12,357,CAA_interrupted,60
H3,m84137_260214_004236_s1/74452739/ccs,1,80,2,12,358,CAA_interrupted,60
H3,m84137_260214_004236_s1/133631169/ccs,1,81,2,12,361,CAA_interrupted,60
H3,m84137_260214_004236_s1/192677533/ccs,1,81,2,12,361,CAA_interrupted,60
H3,m84137_260214_004236_s1/185797610/ccs,1,81,2,12,361,CAA_interrupted,60
H3,m84137_260214_004236_s1/105452458/ccs,1,83,2,12,367,CAA_interrupted,60
H3,m84137_260214_004236_s1/127599881/ccs,1,83,2,12,367,CAA_interrupted,60
H3,m84137_260214_004236_s1/264243223/ccs,1,83,1,13,367,CAA_interrupted,60
H3,m84137_260214_004236_s1/6100355/ccs,1,83,2,12,367,CAA_interrupted,60
H3,m84137_260214_004236_s1/199823393/ccs,1,83,2,12,367,CAA_interrupted,60
H3,m84137_260214_004236_s1/152245665/ccs,1,83,2,12,367,CAA_interrupted,60
H3,m84137_260214_004236_s1/37686539/ccs,1,83,2,12,367,CAA_interrupted,60
H3,m84137_260214_004236_s1/148964628/ccs,1,84,2,12,370,CAA_interrupted,60
H3,m84137_260214_004236_s1/46929418/ccs,1,84,2,12,370,CAA_interrupted,60
H3,m84137_260214_004236_s1/54268987/ccs,1,83,3,12,371,CAA_interrupted,60
H3,m84137_260214_004236_s1/142019108/ccs,1,86,2,12,376,CAA_interrupted,60
H3,m84137_260214_004236_s1/9242481/ccs,1,86,2,12,376,CAA_interrupted,60
H3,m84137_260214_004236_s1/188481767/ccs,1,86,2,12,376,CAA_interrupted,60
H3,m84137_260214_004236_s1/116261403/ccs,1,89,2,12,385,CAA_interrupted,60
H3,m84137_260214_004236_s1/215157149/ccs,1,89,2,12,385,CAA_interrupted,60
H3,m84137_260214_004236_s1/201069480/ccs,1,90,2,12,388,CAA_interrupted,60
H3,m84137_260214_004236_s1/52301647/ccs,1,93,2,12,397,CAA_interrupted,60
H3,m84137_260214_004236_s1/227934557/ccs,1,97,2,12,409,CAA_interrupted,60
H3,m84137_260214_004236_s1/189009428/ccs,1,98,2,12,412,CAA_interrupted,60
H3,m84137_260214_004236_s1/110560463/ccs,1,102,2,12,424,CAA_interrupted,60
H3,m84137_260214_004236_s1/87819391/ccs,1,106,2,12,436,CAA_interrupted,60
H3,m84137_260214_004236_s1/65213815/ccs,1,119,2,12,475,CAA_interrupted,60
H3,m84137_260214_004236_s1/151062356/ccs,1,122,2,12,484,CAA_interrupted,60
H3,m84137_260214_004236_s1/196608667/ccs,1,132,2,12,514,CAA_interrupted,60
H3,m84137_260214_004236_s1/256970128/ccs,1,135,2,12,523,CAA_interrupted,60
H3,m84137_260214_004236_s1/254804426/ccs,1,138,2,12,532,CAA_interrupted,60
H3,m84137_260214_004236_s1/241634792/ccs,1,158,2,12,592,CAA_interrupted,60
H3,m84137_260214_004236_s1/192089354/ccs,1,181,1,12,658,CAA_interrupted,60
H3,m84137_260214_004236_s1/40372646/ccs,1,242,3,12,858,CAA_interrupted,60
H3,m84137_260214_004236_s1/83953386/ccs,1,345,1,8,1125,CAA_interrupted,60
H3,m84137_260214_004236_s1/65142949/ccs,1,564,1,9,1784,CAA_interrupted,60
H3,m84137_260214_004236_s1/114360859/ccs,1,1078,2,8,3337,CAA_interrupted,60
H3,m84137_260214_004236_s1/160438149/ccs,0,21,2,12,188,CAA_interrupted,60
H3,m84137_260214_004236_s1/61541496/ccs,0,23,2,10,188,CAA_interrupted,60
H3,m84137_260214_004236_s1/233771449/ccs,0,22,2,10,182,CAA_interrupted,60
H3,m84137_260214_004236_s1/153878978/ccs,1,52,3,11,302,CAA_interrupted,60
H3,m84137_260214_004236_s1/142869763/ccs,0,21,2,10,184,CAA_interrupted,60
H3,m84137_260214_004236_s1/20579296/ccs,1,55,4,14,314,CAA_interrupted,60
H3,m84137_260214_004236_s1/17175118/ccs,1,59,2,12,316,CAA_interrupted,60
H3,m84137_260214_004236_s1/107222728/ccs,0,21,2,12,187,CAA_interrupted,60
H3,m84137_260214_004236_s1/176358601/ccs,0,21,3,12,188,CAA_interrupted,60
H3,m84137_260214_004236_s1/50463295/ccs,0,20,2,12,182,CAA_interrupted,60
H3,m84137_260214_004236_s1/224136202/ccs,0,22,2,12,184,CAA_interrupted,60
H3,m84137_260214_004236_s1/122224686/ccs,0,22,2,12,184,CAA_interrupted,60
H3,m84137_260214_004236_s1/5180006/ccs,0,22,2,12,184,CAA_interrupted,60
H3,m84137_260214_004236_s1/46336004/ccs,0,22,2,12,184,CAA_interrupted,60
H3,m84137_260214_004236_s1/100664130/ccs,0,22,2,12,184,CAA_interrupted,60
H3,m84137_260214_004236_s1/252840854/ccs,0,22,2,12,184,CAA_interrupted,60
H3,m84137_260214_004236_s1/73535799/ccs,0,22,2,12,184,CAA_interrupted,60
H3,m84137_260214_004236_s1/131076013/ccs,0,22,2,12,184,CAA_interrupted,60
H3,m84137_260214_004236_s1/213260068/ccs,0,23,2,11,184,CAA_interrupted,60
H3,m84137_260214_004236_s1/48236850/ccs,0,22,2,12,184,CAA_interrupted,60
H3,m84137_260214_004236_s1/211552219/ccs,0,22,2,12,184,CAA_interrupted,60
H3,m84137_260214_004236_s1/235804583/ccs,0,22,2,12,184,CAA_interrupted,60
H3,m84137_260214_004236_s1/164824491/ccs,0,22,2,12,184,CAA_interrupted,60
H3,m84137_260214_004236_s1/210111031/ccs,0,22,2,12,184,CAA_interrupted,60
H3,m84137_260214_004236_s1/236459490/ccs,0,22,2,12,184,CAA_interrupted,60
H3,m84137_260214_004236_s1/264637600/ccs,0,22,2,12,184,CAA_interrupted,60
H3,m84137_260214_004236_s1/68029169/ccs,0,22,2,12,184,CAA_interrupted,60
H3,m84137_260214_004236_s1/46075946/ccs,0,21,2,12,184,CAA_interrupted,60
H3,m84137_260214_004236_s1/152437016/ccs,0,21,1,13,185,CAA_interrupted,60
H3,m84137_260214_004236_s1/135659577/ccs,0,21,3,11,185,CAA_interrupted,60
H3,m84137_260214_004236_s1/213455904/ccs,0,22,2,12,185,CAA_interrupted,60
H3,m84137_260214_004236_s1/14878583/ccs,0,22,2,12,186,CAA_interrupted,60
H3,m84137_260214_004236_s1/133041938/ccs,0,23,2,11,186,CAA_interrupted,60
H3,m84137_260214_004236_s1/8130021/ccs,0,23,2,12,187,CAA_interrupted,60
H3,m84137_260214_004236_s1/159777947/ccs,0,23,2,12,187,CAA_interrupted,60
H3,m84137_260214_004236_s1/74061122/ccs,0,23,2,12,187,CAA_interrupted,60
H3,m84137_260214_004236_s1/254476544/ccs,0,23,2,12,187,CAA_interrupted,60
H3,m84137_260214_004236_s1/144704918/ccs,0,23,2,12,187,CAA_interrupted,60
H3,m84137_260214_004236_s1/103941909/ccs,0,23,2,12,187,CAA_interrupted,60
H3,m84137_260214_004236_s1/97389332/ccs,0,23,2,12,187,CAA_interrupted,60
H3,m84137_260214_004236_s1/145754691/ccs,0,23,2,12,187,CAA_interrupted,60
H3,m84137_260214_004236_s1/165546179/ccs,0,23,2,12,187,CAA_interrupted,60
H3,m84137_260214_004236_s1/221512331/ccs,0,23,2,12,187,CAA_interrupted,60
H3,m84137_260214_004236_s1/229638756/ccs,0,23,2,12,187,CAA_interrupted,60
H3,m84137_260214_004236_s1/84020660/ccs,0,23,2,12,187,CAA_interrupted,60
H3,m84137_260214_004236_s1/89984476/ccs,0,23,2,12,187,CAA_interrupted,60
H3,m84137_260214_004236_s1/177278051/ccs,0,23,2,12,187,CAA_interrupted,60
H3,m84137_260214_004236_s1/226430840/ccs,0,23,2,12,187,CAA_interrupted,60
H3,m84137_260214_004236_s1/80283783/ccs,0,23,2,12,187,CAA_interrupted,60
H3,m84137_260214_004236_s1/143000809/ccs,0,23,2,12,187,CAA_interrupted,60
H3,m84137_260214_004236_s1/190448951/ccs,0,23,2,12,187,CAA_interrupted,60
H3,m84137_260214_004236_s1/149620919/ccs,0,23,2,12,187,CAA_interrupted,60
H3,m84137_260214_004236_s1/209454645/ccs,0,23,2,12,187,CAA_interrupted,60
H3,m84137_260214_004236_s1/211879958/ccs,0,23,2,12,187,CAA_interrupted,60
H3,m84137_260214_004236_s1/207032564/ccs,0,23,2,12,187,CAA_interrupted,60
H3,m84137_260214_004236_s1/217910597/ccs,0,23,2,12,187,CAA_interrupted,60
H3,m84137_260214_004236_s1/180487049/ccs,0,23,2,12,187,CAA_interrupted,60
H3,m84137_260214_004236_s1/178130509/ccs,0,23,2,12,187,CAA_interrupted,60
H3,m84137_260214_004236_s1/45942252/ccs,0,23,2,12,187,CAA_interrupted,60
H3,m84137_260214_004236_s1/144379481/ccs,0,23,2,12,187,CAA_interrupted,60
H3,m84137_260214_004236_s1/169940652/ccs,0,23,2,12,187,CAA_interrupted,60
H3,m84137_260214_004236_s1/193134679/ccs,0,23,2,12,187,CAA_interrupted,60
H3,m84137_260214_004236_s1/193661722/ccs,0,23,2,12,187,CAA_interrupted,60
H3,m84137_260214_004236_s1/218563636/ccs,0,23,2,12,187,CAA_interrupted,60
H3,m84137_260214_004236_s1/197987031/ccs,0,23,2,12,187,CAA_interrupted,60
H3,m84137_260214_004236_s1/193855713/ccs,0,23,2,12,187,CAA_interrupted,60
H3,m84137_260214_004236_s1/201591322/ccs,0,23,2,12,187,CAA_interrupted,60
H3,m84137_260214_004236_s1/195102159/ccs,0,23,2,12,187,CAA_interrupted,60
H3,m84137_260214_004236_s1/178849736/ccs,0,23,2,12,187,CAA_interrupted,60
H3,m84137_260214_004236_s1/202638148/ccs,0,23,2,12,187,CAA_interrupted,60
H3,m84137_260214_004236_s1/200279718/ccs,0,23,2,12,187,CAA_interrupted,60
H3,m84137_260214_004236_s1/224134369/ccs,0,23,2,12,187,CAA_interrupted,60
H3,m84137_260214_004236_s1/224723345/ccs,0,23,2,12,187,CAA_interrupted,60
H3,m84137_260214_004236_s1/208732953/ccs,0,23,2,12,187,CAA_interrupted,60
H3,m84137_260214_004236_s1/209191120/ccs,0,23,2,12,187,CAA_interrupted,60
H3,m84137_260214_004236_s1/209192396/ccs,0,23,2,12,187,CAA_interrupted,60
H3,m84137_260214_004236_s1/222823818/ccs,0,23,2,12,187,CAA_interrupted,60
H3,m84137_260214_004236_s1/204802348/ccs,0,23,2,12,187,CAA_interrupted,60
H3,m84137_260214_004236_s1/210110220/ccs,0,23,2,12,187,CAA_interrupted,60
H3,m84137_260214_004236_s1/230032329/ccs,0,23,2,12,187,CAA_interrupted,60
H3,m84137_260214_004236_s1/204997067/ccs,0,23,2,12,187,CAA_interrupted,60
H3,m84137_260214_004236_s1/223347373/ccs,0,23,2,12,187,CAA_interrupted,60
H3,m84137_260214_004236_s1/230949066/ccs,0,23,2,12,187,CAA_interrupted,60
H3,m84137_260214_004236_s1/227281652/ccs,0,23,2,12,187,CAA_interrupted,60
H3,m84137_260214_004236_s1/211683084/ccs,0,23,2,12,187,CAA_interrupted,60
H3,m84137_260214_004236_s1/227607228/ccs,0,23,2,12,187,CAA_interrupted,60
H3,m84137_260214_004236_s1/206635692/ccs,0,23,2,12,187,CAA_interrupted,60
H3,m84137_260214_004236_s1/212141857/ccs,0,23,2,12,187,CAA_interrupted,60
H3,m84137_260214_004236_s1/232390930/ccs,0,23,2,12,187,CAA_interrupted,60
H3,m84137_260214_004236_s1/235471961/ccs,0,23,2,12,187,CAA_interrupted,60
H3,m84137_260214_004236_s1/215876545/ccs,0,23,2,12,187,CAA_interrupted,60
H3,m84137_260214_004236_s1/254937242/ccs,0,23,2,12,187,CAA_interrupted,60
H3,m84137_260214_004236_s1/258474897/ccs,0,23,2,12,187,CAA_interrupted,60
H3,m84137_260214_004236_s1/259132330/ccs,0,23,2,12,187,CAA_interrupted,60
H3,m84137_260214_004236_s1/242222046/ccs,0,23,2,12,187,CAA_interrupted,60
H3,m84137_260214_004236_s1/256117600/ccs,0,23,2,12,187,CAA_interrupted,60
H3,m84137_260214_004236_s1/256445406/ccs,0,23,2,12,187,CAA_interrupted,60
H3,m84137_260214_004236_s1/259852159/ccs,0,23,2,12,187,CAA_interrupted,60
H3,m84137_260214_004236_s1/263719166/ccs,0,23,2,12,187,CAA_interrupted,60
H3,m84137_260214_004236_s1/243600089/ccs,0,23,2,12,187,CAA_interrupted,60
H3,m84137_260214_004236_s1/16847414/ccs,0,23,2,12,187,CAA_interrupted,60
H3,m84137_260214_004236_s1/243795462/ccs,0,23,2,12,187,CAA_interrupted,60
H3,m84137_260214_004236_s1/260900519/ccs,0,23,2,12,187,CAA_interrupted,60
H3,m84137_260214_004236_s1/265225445/ccs,0,23,2,12,187,CAA_interrupted,60
H3,m84137_260214_004236_s1/265356731/ccs,0,23,2,12,187,CAA_interrupted,60
H3,m84137_260214_004236_s1/248119617/ccs,0,23,2,12,187,CAA_interrupted,60
H3,m84137_260214_004236_s1/265749665/ccs,0,23,2,12,187,CAA_interrupted,60
H3,m84137_260214_004236_s1/2297535/ccs,0,23,2,12,187,CAA_interrupted,60
H3,m84137_260214_004236_s1/22745897/ccs,0,23,2,12,187,CAA_interrupted,60
H3,m84137_260214_004236_s1/23139468/ccs,0,23,2,12,187,CAA_interrupted,60
H3,m84137_260214_004236_s1/23269495/ccs,0,23,2,12,187,CAA_interrupted,60
H3,m84137_260214_004236_s1/70388356/ccs,0,23,2,12,187,CAA_interrupted,60
H3,m84137_260214_004236_s1/95554079/ccs,0,23,2,12,187,CAA_interrupted,60
H3,m84137_260214_004236_s1/79039121/ccs,0,23,2,12,187,CAA_interrupted,60
H3,m84137_260214_004236_s1/71696624/ccs,0,23,2,12,187,CAA_interrupted,60
H3,m84137_260214_004236_s1/96535700/ccs,0,23,2,12,187,CAA_interrupted,60
H3,m84137_260214_004236_s1/87295811/ccs,0,23,2,12,187,CAA_interrupted,60
H3,m84137_260214_004236_s1/97190175/ccs,0,23,2,12,187,CAA_interrupted,60
H3,m84137_260214_004236_s1/87818442/ccs,0,23,2,12,187,CAA_interrupted,60
H3,m84137_260214_004236_s1/97453501/ccs,0,23,2,12,187,CAA_interrupted,60
H3,m84137_260214_004236_s1/76680084/ccs,0,23,2,12,187,CAA_interrupted,60
H3,m84137_260214_004236_s1/87951892/ccs,0,23,2,12,187,CAA_interrupted,60
H3,m84137_260214_004236_s1/94306471/ccs,0,23,2,12,187,CAA_interrupted,60
H3,m84137_260214_004236_s1/81133966/ccs,0,23,2,12,187,CAA_interrupted,60
H3,m84137_260214_004236_s1/101254822/ccs,0,23,2,12,187,CAA_interrupted,60
H3,m84137_260214_004236_s1/123207785/ccs,0,23,2,12,187,CAA_interrupted,60
H3,m84137_260214_004236_s1/99419303/ccs,0,23,2,12,187,CAA_interrupted,60
H3,m84137_260214_004236_s1/82314487/ccs,0,23,2,12,187,CAA_interrupted,60
H3,m84137_260214_004236_s1/100598427/ccs,0,23,2,12,187,CAA_interrupted,60
H3,m84137_260214_004236_s1/125241425/ccs,0,23,2,12,187,CAA_interrupted,60
H3,m84137_260214_004236_s1/104071969/ccs,0,23,2,12,187,CAA_interrupted,60
H3,m84137_260214_004236_s1/120719886/ccs,0,23,2,12,187,CAA_interrupted,60
H3,m84137_260214_004236_s1/125896821/ccs,0,23,2,12,187,CAA_interrupted,60
H3,m84137_260214_004236_s1/104728600/ccs,0,23,2,12,187,CAA_interrupted,60
H3,m84137_260214_004236_s1/130878407/ccs,0,23,2,12,187,CAA_interrupted,60
H3,m84137_260214_004236_s1/122751534/ccs,0,23,2,12,187,CAA_interrupted,60
H3,m84137_260214_004236_s1/110889659/ccs,0,23,2,12,187,CAA_interrupted,60
H3,m84137_260214_004236_s1/114034181/ccs,0,23,2,12,187,CAA_interrupted,60
H3,m84137_260214_004236_s1/127533162/ccs,0,23,2,12,187,CAA_interrupted,60
H3,m84137_260214_004236_s1/128058398/ccs,0,23,2,12,187,CAA_interrupted,60
H3,m84137_260214_004236_s1/127992156/ccs,0,23,2,12,187,CAA_interrupted,60
H3,m84137_260214_004236_s1/135465703/ccs,0,23,2,12,187,CAA_interrupted,60
H3,m84137_260214_004236_s1/132057096/ccs,0,23,2,12,187,CAA_interrupted,60
H3,m84137_260214_004236_s1/157157518/ccs,0,23,2,12,187,CAA_interrupted,60
H3,m84137_260214_004236_s1/115869321/ccs,0,23,2,12,187,CAA_interrupted,60
H3,m84137_260214_004236_s1/133433328/ccs,0,23,2,12,187,CAA_interrupted,60
H3,m84137_260214_004236_s1/158140829/ccs,0,23,2,12,187,CAA_interrupted,60
H3,m84137_260214_004236_s1/117309724/ccs,0,23,2,12,187,CAA_interrupted,60
H3,m84137_260214_004236_s1/162463778/ccs,0,23,2,12,187,CAA_interrupted,60
H3,m84137_260214_004236_s1/143394928/ccs,0,23,2,12,187,CAA_interrupted,60
H3,m84137_260214_004236_s1/143853397/ccs,0,23,2,12,187,CAA_interrupted,60
H3,m84137_260214_004236_s1/144703712/ccs,0,23,2,12,187,CAA_interrupted,60
H3,m84137_260214_004236_s1/169083043/ccs,0,23,2,12,187,CAA_interrupted,60
H3,m84137_260214_004236_s1/185925841/ccs,0,23,2,12,187,CAA_interrupted,60
H3,m84137_260214_004236_s1/186190145/ccs,0,23,2,12,187,CAA_interrupted,60
H3,m84137_260214_004236_s1/166921802/ccs,0,23,2,12,187,CAA_interrupted,60
H3,m84137_260214_004236_s1/186977019/ccs,0,23,2,12,187,CAA_interrupted,60
H3,m84137_260214_004236_s1/170459171/ccs,0,23,2,12,187,CAA_interrupted,60
H3,m84137_260214_004236_s1/150080393/ccs,0,23,2,12,187,CAA_interrupted,60
H3,m84137_260214_004236_s1/170920101/ccs,0,23,2,12,187,CAA_interrupted,60
H3,m84137_260214_004236_s1/24511542/ccs,0,23,2,12,187,CAA_interrupted,60
H3,m84137_260214_004236_s1/8128519/ccs,0,23,2,12,187,CAA_interrupted,60
H3,m84137_260214_004236_s1/13240891/ccs,0,23,2,12,187,CAA_interrupted,60
H3,m84137_260214_004236_s1/19531093/ccs,0,23,2,12,187,CAA_interrupted,60
H3,m84137_260214_004236_s1/30279895/ccs,0,23,2,12,187,CAA_interrupted,60
H3,m84137_260214_004236_s1/4850414/ccs,0,23,2,12,187,CAA_interrupted,60
H3,m84137_260214_004236_s1/20252204/ccs,0,23,2,12,187,CAA_interrupted,60
H3,m84137_260214_004236_s1/20513120/ccs,0,23,2,12,187,CAA_interrupted,60
H3,m84137_260214_004236_s1/5507976/ccs,0,23,2,12,187,CAA_interrupted,60
H3,m84137_260214_004236_s1/31459251/ccs,0,23,2,12,187,CAA_interrupted,60
H3,m84137_260214_004236_s1/15008063/ccs,0,23,2,12,187,CAA_interrupted,60
H3,m84137_260214_004236_s1/22283349/ccs,0,23,2,12,187,CAA_interrupted,60
H3,m84137_260214_004236_s1/22282435/ccs,0,23,2,12,187,CAA_interrupted,60
H3,m84137_260214_004236_s1/32377739/ccs,0,23,2,12,187,CAA_interrupted,60
H3,m84137_260214_004236_s1/56887120/ccs,0,23,2,12,187,CAA_interrupted,60
H3,m84137_260214_004236_s1/50725995/ccs,0,23,2,12,187,CAA_interrupted,60
H3,m84137_260214_004236_s1/35521103/ccs,0,23,2,12,187,CAA_interrupted,60
H3,m84137_260214_004236_s1/57215880/ccs,0,23,2,12,187,CAA_interrupted,60
H3,m84137_260214_004236_s1/57543395/ccs,0,23,2,12,187,CAA_interrupted,60
H3,m84137_260214_004236_s1/35916068/ccs,0,23,2,12,187,CAA_interrupted,60
H3,m84137_260214_004236_s1/36110618/ccs,0,23,2,12,187,CAA_interrupted,60
H3,m84137_260214_004236_s1/40240496/ccs,0,23,2,12,187,CAA_interrupted,60
H3,m84137_260214_004236_s1/40241240/ccs,0,23,2,12,187,CAA_interrupted,60
H3,m84137_260214_004236_s1/58130524/ccs,0,23,2,12,187,CAA_interrupted,60
H3,m84137_260214_004236_s1/36504635/ccs,0,23,2,12,187,CAA_interrupted,60
H3,m84137_260214_004236_s1/52364660/ccs,0,23,2,12,187,CAA_interrupted,60
H3,m84137_260214_004236_s1/45876575/ccs,0,23,2,12,187,CAA_interrupted,60
H3,m84137_260214_004236_s1/46137585/ccs,0,23,2,12,187,CAA_interrupted,60
H3,m84137_260214_004236_s1/38078824/ccs,0,23,2,12,187,CAA_interrupted,60
H3,m84137_260214_004236_s1/62784818/ccs,0,23,2,12,187,CAA_interrupted,60
H3,m84137_260214_004236_s1/42142063/ccs,0,23,2,12,187,CAA_interrupted,60
H3,m84137_260214_004236_s1/63113574/ccs,0,23,2,12,187,CAA_interrupted,60
H3,m84137_260214_004236_s1/53479824/ccs,0,23,2,12,187,CAA_interrupted,60
H3,m84137_260214_004236_s1/60228947/ccs,0,23,2,12,187,CAA_interrupted,60
H3,m84137_260214_004236_s1/42664016/ccs,0,23,2,12,187,CAA_interrupted,60
H3,m84137_260214_004236_s1/42861709/ccs,0,23,2,12,187,CAA_interrupted,60
H3,m84137_260214_004236_s1/54198819/ccs,0,23,2,12,187,CAA_interrupted,60
H3,m84137_260214_004236_s1/63505497/ccs,0,23,2,12,187,CAA_interrupted,60
H3,m84137_260214_004236_s1/63572601/ccs,0,23,2,12,187,CAA_interrupted,60
H3,m84137_260214_004236_s1/54395849/ccs,0,23,2,12,187,CAA_interrupted,60
H3,m84137_260214_004236_s1/55249359/ccs,0,23,2,12,187,CAA_interrupted,60
H3,m84137_260214_004236_s1/65341960/ccs,0,23,2,12,187,CAA_interrupted,60
H3,m84137_260214_004236_s1/73204185/ccs,0,23,2,12,187,CAA_interrupted,60
H3,m84137_260214_004236_s1/90703660/ccs,0,23,2,12,187,CAA_interrupted,60
H3,m84137_260214_004236_s1/83953901/ccs,0,23,2,12,187,CAA_interrupted,60
H3,m84137_260214_004236_s1/69075497/ccs,0,23,2,12,187,CAA_interrupted,60
H3,m84137_260214_004236_s1/66978433/ccs,0,23,2,12,187,CAA_interrupted,60
H3,m84137_260214_004236_s1/78577848/ccs,0,23,2,12,187,CAA_interrupted,60
H3,m84137_260214_004236_s1/78448633/ccs,0,23,2,12,187,CAA_interrupted,60
H3,m84137_260214_004236_s1/196544549/ccs,0,23,2,12,187,CAA_interrupted,60
H3,m84137_260214_004236_s1/235607282/ccs,0,23,2,12,187,CAA_interrupted,60
H3,m84137_260214_004236_s1/159255207/ccs,0,23,2,12,187,CAA_interrupted,60
H3,m84137_260214_004236_s1/190120097/ccs,0,23,2,12,187,CAA_interrupted,60
H3,m84137_260214_004236_s1/224920013/ccs,0,23,2,12,187,CAA_interrupted,60
H3,m84137_260214_004236_s1/83891199/ccs,0,23,2,12,187,CAA_interrupted,60
H3,m84137_260214_004236_s1/188024282/ccs,0,23,2,12,187,CAA_interrupted,60
H3,m84137_260214_004236_s1/106959851/ccs,0,23,2,12,187,CAA_interrupted,60
H3,m84137_260214_004236_s1/19139402/ccs,0,23,2,12,187,CAA_interrupted,60
H3,m84137_260214_004236_s1/34800756/ccs,0,23,2,12,187,CAA_interrupted,60
H3,m84137_260214_004236_s1/60687768/ccs,0,23,2,12,187,CAA_interrupted,60
H3,m84137_260214_004236_s1/55774159/ccs,0,23,2,12,187,CAA_interrupted,60
H3,m84137_260214_004236_s1/243599613/ccs,0,23,2,12,187,CAA_interrupted,60
H3,m84137_260214_004236_s1/246547311/ccs,0,23,2,12,187,CAA_interrupted,60
H3,m84137_260214_004236_s1/157684919/ccs,0,23,2,12,187,CAA_interrupted,60
H3,m84137_260214_004236_s1/232658105/ccs,0,23,2,12,187,CAA_interrupted,60
H3,m84137_260214_004236_s1/5835362/ccs,0,23,2,12,187,CAA_interrupted,60
H3,m84137_260214_004236_s1/17106710/ccs,0,23,2,12,187,CAA_interrupted,60
H3,m84137_260214_004236_s1/29296037/ccs,0,23,2,12,187,CAA_interrupted,60
H3,m84137_260214_004236_s1/13370623/ccs,0,23,2,12,187,CAA_interrupted,60
H3,m84137_260214_004236_s1/15532113/ccs,0,23,2,12,187,CAA_interrupted,60
H3,m84137_260214_004236_s1/44826965/ccs,0,23,2,12,187,CAA_interrupted,60
H3,m84137_260214_004236_s1/45090632/ccs,0,23,2,12,187,CAA_interrupted,60
H3,m84137_260214_004236_s1/36438168/ccs,0,23,2,12,187,CAA_interrupted,60
H3,m84137_260214_004236_s1/41550761/ccs,0,23,2,12,187,CAA_interrupted,60
H3,m84137_260214_004236_s1/63570591/ccs,0,23,2,12,187,CAA_interrupted,60
H3,m84137_260214_004236_s1/64359376/ccs,0,23,2,12,187,CAA_interrupted,60
H3,m84137_260214_004236_s1/73531570/ccs,0,23,2,12,187,CAA_interrupted,60
H3,m84137_260214_004236_s1/78381966/ccs,0,23,2,12,187,CAA_interrupted,60
H3,m84137_260214_004236_s1/71107867/ccs,0,23,2,12,187,CAA_interrupted,60
H3,m84137_260214_004236_s1/80414032/ccs,0,23,2,12,187,CAA_interrupted,60
H3,m84137_260214_004236_s1/77268987/ccs,0,23,2,12,187,CAA_interrupted,60
H3,m84137_260214_004236_s1/99420620/ccs,0,23,2,12,187,CAA_interrupted,60
H3,m84137_260214_004236_s1/121177183/ccs,0,23,2,12,187,CAA_interrupted,60
H3,m84137_260214_004236_s1/104793000/ccs,0,23,2,12,187,CAA_interrupted,60
H3,m84137_260214_004236_s1/109906294/ccs,0,23,2,12,187,CAA_interrupted,60
H3,m84137_260214_004236_s1/145490243/ccs,0,23,2,12,187,CAA_interrupted,60
H3,m84137_260214_004236_s1/159580725/ccs,0,23,2,12,187,CAA_interrupted,60
H3,m84137_260214_004236_s1/155912094/ccs,0,23,2,12,187,CAA_interrupted,60
H3,m84137_260214_004236_s1/169214972/ccs,0,23,2,12,187,CAA_interrupted,60
H3,m84137_260214_004236_s1/191694117/ccs,0,23,2,12,187,CAA_interrupted,60
H3,m84137_260214_004236_s1/196739899/ccs,0,23,2,12,187,CAA_interrupted,60
H3,m84137_260214_004236_s1/226560005/ccs,0,23,2,12,187,CAA_interrupted,60
H3,m84137_260214_004236_s1/231147241/ccs,0,23,2,12,187,CAA_interrupted,60
H3,m84137_260214_004236_s1/52629852/ccs,0,23,2,12,187,CAA_interrupted,60
H3,m84137_260214_004236_s1/53874309/ccs,0,23,2,12,187,CAA_interrupted,60
H3,m84137_260214_004236_s1/42472210/ccs,0,23,2,12,187,CAA_interrupted,60
H3,m84137_260214_004236_s1/70913214/ccs,0,23,2,12,187,CAA_interrupted,60
H3,m84137_260214_004236_s1/46403159/ccs,0,23,2,12,187,CAA_interrupted,60
H3,m84137_260214_004236_s1/77861970/ccs,0,23,2,12,187,CAA_interrupted,60
H3,m84137_260214_004236_s1/107613704/ccs,0,23,2,12,187,CAA_interrupted,60
H3,m84137_260214_004236_s1/108596366/ccs,0,23,2,12,187,CAA_interrupted,60
H3,m84137_260214_004236_s1/115413005/ccs,0,23,2,12,187,CAA_interrupted,60
H3,m84137_260214_004236_s1/144182769/ccs,0,23,2,12,187,CAA_interrupted,60
H3,m84137_260214_004236_s1/146805143/ccs,0,23,2,12,187,CAA_interrupted,60
H3,m84137_260214_004236_s1/166727751/ccs,0,23,2,12,187,CAA_interrupted,60
H3,m84137_260214_004236_s1/219158387/ccs,0,23,2,12,187,CAA_interrupted,60
H3,m84137_260214_004236_s1/223350169/ccs,0,23,2,12,187,CAA_interrupted,60
H3,m84137_260214_004236_s1/252513907/ccs,0,23,2,12,187,CAA_interrupted,60
H3,m84137_260214_004236_s1/232526161/ccs,0,23,2,12,187,CAA_interrupted,60
H3,m84137_260214_004236_s1/213454814/ccs,0,23,2,12,187,CAA_interrupted,60
H3,m84137_260214_004236_s1/237506788/ccs,0,23,2,12,187,CAA_interrupted,60
H3,m84137_260214_004236_s1/258149749/ccs,0,23,2,12,187,CAA_interrupted,60
H3,m84137_260214_004236_s1/22873100/ccs,0,23,2,12,187,CAA_interrupted,60
H3,m84137_260214_004236_s1/6554713/ccs,0,23,2,12,187,CAA_interrupted,60
H3,m84137_260214_004236_s1/18287299/ccs,0,23,2,12,187,CAA_interrupted,60
H3,m84137_260214_004236_s1/24117491/ccs,0,23,2,12,187,CAA_interrupted,60
H3,m84137_260214_004236_s1/23533397/ccs,0,23,2,12,187,CAA_interrupted,60
H3,m84137_260214_004236_s1/266930007/ccs,0,23,2,12,187,CAA_interrupted,60
H3,m84137_260214_004236_s1/4067602/ccs,0,23,2,12,187,CAA_interrupted,60
H3,m84137_260214_004236_s1/24122379/ccs,0,23,2,12,187,CAA_interrupted,60
H3,m84137_260214_004236_s1/24122406/ccs,0,23,2,12,187,CAA_interrupted,60
H3,m84137_260214_004236_s1/21171972/ccs,0,23,2,12,187,CAA_interrupted,60
H3,m84137_260214_004236_s1/6821500/ccs,0,23,2,12,187,CAA_interrupted,60
H3,m84137_260214_004236_s1/25236778/ccs,0,23,2,12,187,CAA_interrupted,60
H3,m84137_260214_004236_s1/33886124/ccs,0,23,2,12,187,CAA_interrupted,60
H3,m84137_260214_004236_s1/7738329/ccs,0,23,2,12,187,CAA_interrupted,60
H3,m84137_260214_004236_s1/25629661/ccs,0,23,2,12,187,CAA_interrupted,60
H3,m84137_260214_004236_s1/8197358/ccs,0,23,2,12,187,CAA_interrupted,60
H3,m84137_260214_004236_s1/29888222/ccs,0,23,2,12,187,CAA_interrupted,60
H3,m84137_260214_004236_s1/11474065/ccs,0,23,2,12,187,CAA_interrupted,60
H3,m84137_260214_004236_s1/26613223/ccs,0,23,2,12,187,CAA_interrupted,60
H3,m84137_260214_004236_s1/9440330/ccs,0,23,2,12,187,CAA_interrupted,60
H3,m84137_260214_004236_s1/31067525/ccs,0,23,2,12,187,CAA_interrupted,60
H3,m84137_260214_004236_s1/52104417/ccs,0,23,2,12,187,CAA_interrupted,60
H3,m84137_260214_004236_s1/32050794/ccs,0,23,2,12,187,CAA_interrupted,60
H3,m84137_260214_004236_s1/36768822/ccs,0,23,2,12,187,CAA_interrupted,60
H3,m84137_260214_004236_s1/13374145/ccs,0,23,2,12,187,CAA_interrupted,60
H3,m84137_260214_004236_s1/53677853/ccs,0,23,2,12,187,CAA_interrupted,60
H3,m84137_260214_004236_s1/33166889/ccs,0,23,2,12,187,CAA_interrupted,60
H3,m84137_260214_004236_s1/38866274/ccs,0,23,2,12,187,CAA_interrupted,60
H3,m84137_260214_004236_s1/41291086/ccs,0,23,2,12,187,CAA_interrupted,60
H3,m84137_260214_004236_s1/62000131/ccs,0,23,2,12,187,CAA_interrupted,60
H3,m84137_260214_004236_s1/62986068/ccs,0,23,2,12,187,CAA_interrupted,60
H3,m84137_260214_004236_s1/16256586/ccs,0,23,2,12,187,CAA_interrupted,60
H3,m84137_260214_004236_s1/45028051/ccs,0,23,2,12,187,CAA_interrupted,60
H3,m84137_260214_004236_s1/45093046/ccs,0,23,2,12,187,CAA_interrupted,60
H3,m84137_260214_004236_s1/66130555/ccs,0,23,2,12,187,CAA_interrupted,60
H3,m84137_260214_004236_s1/46272178/ccs,0,23,2,12,187,CAA_interrupted,60
H3,m84137_260214_004236_s1/87035571/ccs,0,23,2,12,187,CAA_interrupted,60
H3,m84137_260214_004236_s1/90049623/ccs,0,23,2,12,187,CAA_interrupted,60
H3,m84137_260214_004236_s1/71962742/ccs,0,23,2,12,187,CAA_interrupted,60
H3,m84137_260214_004236_s1/90181040/ccs,0,23,2,12,187,CAA_interrupted,60
H3,m84137_260214_004236_s1/72552573/ccs,0,23,2,12,187,CAA_interrupted,60
H3,m84137_260214_004236_s1/91231501/ccs,0,23,2,12,187,CAA_interrupted,60
H3,m84137_260214_004236_s1/95622743/ccs,0,23,2,12,187,CAA_interrupted,60
H3,m84137_260214_004236_s1/48434496/ccs,0,23,2,12,187,CAA_interrupted,60
H3,m84137_260214_004236_s1/89199360/ccs,0,23,2,12,187,CAA_interrupted,60
H3,m84137_260214_004236_s1/96343079/ccs,0,23,2,12,187,CAA_interrupted,60
H3,m84137_260214_004236_s1/96669128/ccs,0,23,2,12,187,CAA_interrupted,60
H3,m84137_260214_004236_s1/91952215/ccs,0,23,2,12,187,CAA_interrupted,60
H3,m84137_260214_004236_s1/97063765/ccs,0,23,2,12,187,CAA_interrupted,60
H3,m84137_260214_004236_s1/118166909/ccs,0,23,2,12,187,CAA_interrupted,60
H3,m84137_260214_004236_s1/49681351/ccs,0,23,2,12,187,CAA_interrupted,60
H3,m84137_260214_004236_s1/97654694/ccs,0,23,2,12,187,CAA_interrupted,60
H3,m84137_260214_004236_s1/98243761/ccs,0,23,2,12,187,CAA_interrupted,60
H3,m84137_260214_004236_s1/103092742/ccs,0,23,2,12,187,CAA_interrupted,60
H3,m84137_260214_004236_s1/78976619/ccs,0,23,2,12,187,CAA_interrupted,60
H3,m84137_260214_004236_s1/79499460/ccs,0,23,2,12,187,CAA_interrupted,60
H3,m84137_260214_004236_s1/99225607/ccs,0,23,2,12,187,CAA_interrupted,60
H3,m84137_260214_004236_s1/107548618/ccs,0,23,2,12,187,CAA_interrupted,60
H3,m84137_260214_004236_s1/108008276/ccs,0,23,2,12,187,CAA_interrupted,60
H3,m84137_260214_004236_s1/108533683/ccs,0,23,2,12,187,CAA_interrupted,60
H3,m84137_260214_004236_s1/129503344/ccs,0,23,2,12,187,CAA_interrupted,60
H3,m84137_260214_004236_s1/109712925/ccs,0,23,2,12,187,CAA_interrupted,60
H3,m84137_260214_004236_s1/127407234/ccs,0,23,2,12,187,CAA_interrupted,60
H3,m84137_260214_004236_s1/111021530/ccs,0,23,2,12,187,CAA_interrupted,60
H3,m84137_260214_004236_s1/128257481/ccs,0,23,2,12,187,CAA_interrupted,60
H3,m84137_260214_004236_s1/135728403/ccs,0,23,2,12,187,CAA_interrupted,60
H3,m84137_260214_004236_s1/135795089/ccs,0,23,2,12,187,CAA_interrupted,60
H3,m84137_260214_004236_s1/153685307/ccs,0,23,2,12,187,CAA_interrupted,60
H3,m84137_260214_004236_s1/157749301/ccs,0,23,2,12,187,CAA_interrupted,60
H3,m84137_260214_004236_s1/113840791/ccs,0,23,2,12,187,CAA_interrupted,60
H3,m84137_260214_004236_s1/154602689/ccs,0,23,2,12,187,CAA_interrupted,60
H3,m84137_260214_004236_s1/137956841/ccs,0,23,2,12,187,CAA_interrupted,60
H3,m84137_260214_004236_s1/156176178/ccs,0,23,2,12,187,CAA_interrupted,60
H3,m84137_260214_004236_s1/159780787/ccs,0,23,2,12,187,CAA_interrupted,60
H3,m84137_260214_004236_s1/143463890/ccs,0,23,2,12,187,CAA_interrupted,60
H3,m84137_260214_004236_s1/163646514/ccs,0,23,2,12,187,CAA_interrupted,60
H3,m84137_260214_004236_s1/163583849/ccs,0,23,2,12,187,CAA_interrupted,60
H3,m84137_260214_004236_s1/144512008/ccs,0,23,2,12,187,CAA_interrupted,60
H3,m84137_260214_004236_s1/185667559/ccs,0,23,2,12,187,CAA_interrupted,60
H3,m84137_260214_004236_s1/164695406/ccs,0,23,2,12,187,CAA_interrupted,60
H3,m84137_260214_004236_s1/161943401/ccs,0,23,2,12,187,CAA_interrupted,60
H3,m84137_260214_004236_s1/169348750/ccs,0,23,2,12,187,CAA_interrupted,60
H3,m84137_260214_004236_s1/169283842/ccs,0,23,2,12,187,CAA_interrupted,60
H3,m84137_260214_004236_s1/190715229/ccs,0,23,2,12,187,CAA_interrupted,60
H3,m84137_260214_004236_s1/166333713/ccs,0,23,2,12,187,CAA_interrupted,60
H3,m84137_260214_004236_s1/174855734/ccs,0,23,2,12,187,CAA_interrupted,60
H3,m84137_260214_004236_s1/147395155/ccs,0,23,2,12,187,CAA_interrupted,60
H3,m84137_260214_004236_s1/170136821/ccs,0,23,2,12,187,CAA_interrupted,60
H3,m84137_260214_004236_s1/191761702/ccs,0,23,2,12,187,CAA_interrupted,60
H3,m84137_260214_004236_s1/177083375/ccs,0,23,2,12,187,CAA_interrupted,60
H3,m84137_260214_004236_s1/171578911/ccs,0,23,2,12,187,CAA_interrupted,60
H3,m84137_260214_004236_s1/149359770/ccs,0,23,2,12,187,CAA_interrupted,60
H3,m84137_260214_004236_s1/196218042/ccs,0,23,2,12,187,CAA_interrupted,60
H3,m84137_260214_004236_s1/172822077/ccs,0,23,2,12,187,CAA_interrupted,60
H3,m84137_260214_004236_s1/178721057/ccs,0,23,2,12,187,CAA_interrupted,60
H3,m84137_260214_004236_s1/150214529/ccs,0,23,2,12,187,CAA_interrupted,60
H3,m84137_260214_004236_s1/219354643/ccs,0,23,2,12,187,CAA_interrupted,60
H3,m84137_260214_004236_s1/194581737/ccs,0,23,2,12,187,CAA_interrupted,60
H3,m84137_260214_004236_s1/194843455/ccs,0,23,2,12,187,CAA_interrupted,60
H3,m84137_260214_004236_s1/201854866/ccs,0,23,2,12,187,CAA_interrupted,60
H3,m84137_260214_004236_s1/179378001/ccs,0,23,2,12,187,CAA_interrupted,60
H3,m84137_260214_004236_s1/180033396/ccs,0,23,2,12,187,CAA_interrupted,60
H3,m84137_260214_004236_s1/224531258/ccs,0,23,2,12,187,CAA_interrupted,60
H3,m84137_260214_004236_s1/180948804/ccs,0,23,2,12,187,CAA_interrupted,60
H3,m84137_260214_004236_s1/199825109/ccs,0,23,2,12,187,CAA_interrupted,60
H3,m84137_260214_004236_s1/200020076/ccs,0,23,2,12,187,CAA_interrupted,60
H3,m84137_260214_004236_s1/225711502/ccs,0,23,2,12,187,CAA_interrupted,60
H3,m84137_260214_004236_s1/200740872/ccs,0,23,2,12,187,CAA_interrupted,60
H3,m84137_260214_004236_s1/205461316/ccs,0,23,2,12,187,CAA_interrupted,60
H3,m84137_260214_004236_s1/182652584/ccs,0,23,2,12,187,CAA_interrupted,60
H3,m84137_260214_004236_s1/229708634/ccs,0,23,2,12,187,CAA_interrupted,60
H3,m84137_260214_004236_s1/230362222/ccs,0,23,2,12,187,CAA_interrupted,60
H3,m84137_260214_004236_s1/183440924/ccs,0,23,2,12,187,CAA_interrupted,60
H3,m84137_260214_004236_s1/240457174/ccs,0,23,2,12,187,CAA_interrupted,60
H3,m84137_260214_004236_s1/235672959/ccs,0,23,2,12,187,CAA_interrupted,60
H3,m84137_260214_004236_s1/237245360/ccs,0,23,2,12,187,CAA_interrupted,60
H3,m84137_260214_004236_s1/258282893/ccs,0,23,2,12,187,CAA_interrupted,60
H3,m84137_260214_004236_s1/233117551/ccs,0,23,2,12,187,CAA_interrupted,60
H3,m84137_260214_004236_s1/233115633/ccs,0,23,2,12,187,CAA_interrupted,60
H3,m84137_260214_004236_s1/243275668/ccs,0,23,2,12,187,CAA_interrupted,60
H3,m84137_260214_004236_s1/243929204/ccs,0,23,2,12,187,CAA_interrupted,60
H3,m84137_260214_004236_s1/214502848/ccs,0,23,2,12,187,CAA_interrupted,60
H3,m84137_260214_004236_s1/256513634/ccs,0,23,2,12,187,CAA_interrupted,60
H3,m84137_260214_004236_s1/257232604/ccs,0,23,2,12,187,CAA_interrupted,60
H3,m84137_260214_004236_s1/244781644/ccs,0,23,2,12,187,CAA_interrupted,60
H3,m84137_260214_004236_s1/240259436/ccs,0,23,2,12,187,CAA_interrupted,60
H3,m84137_260214_004236_s1/263263897/ccs,0,23,2,12,187,CAA_interrupted,60
H3,m84137_260214_004236_s1/262410097/ccs,0,23,2,12,187,CAA_interrupted,60
H3,m84137_260214_004236_s1/265361156/ccs,0,23,2,12,187,CAA_interrupted,60
H3,m84137_260214_004236_s1/247535184/ccs,0,23,2,12,187,CAA_interrupted,60
H3,m84137_260214_004236_s1/249500155/ccs,0,23,2,12,187,CAA_interrupted,60
H3,m84137_260214_004236_s1/12388249/ccs,0,23,2,12,187,CAA_interrupted,60
H3,m84137_260214_004236_s1/8850205/ccs,0,23,2,12,187,CAA_interrupted,60
H3,m84137_260214_004236_s1/50726486/ccs,0,23,2,12,187,CAA_interrupted,60
H3,m84137_260214_004236_s1/60687842/ccs,0,23,2,12,187,CAA_interrupted,60
H3,m84137_260214_004236_s1/65471307/ccs,0,23,2,12,187,CAA_interrupted,60
H3,m84137_260214_004236_s1/86706198/ccs,0,23,2,12,187,CAA_interrupted,60
H3,m84137_260214_004236_s1/103678971/ccs,0,23,2,12,187,CAA_interrupted,60
H3,m84137_260214_004236_s1/145621485/ccs,0,23,2,12,187,CAA_interrupted,60
H3,m84137_260214_004236_s1/142737559/ccs,0,23,2,12,187,CAA_interrupted,60
H3,m84137_260214_004236_s1/161483311/ccs,0,23,2,12,187,CAA_interrupted,60
H3,m84137_260214_004236_s1/254610126/ccs,0,23,2,12,187,CAA_interrupted,60
H3,m84137_260214_004236_s1/217254382/ccs,0,23,2,12,187,CAA_interrupted,60
H3,m84137_260214_004236_s1/218039148/ccs,0,23,2,12,187,CAA_interrupted,60
H3,m84137_260214_004236_s1/70324392/ccs,0,23,2,12,187,CAA_interrupted,60
H3,m84137_260214_004236_s1/96604138/ccs,0,23,2,12,187,CAA_interrupted,60
H3,m84137_260214_004236_s1/122884259/ccs,0,23,2,12,187,CAA_interrupted,60
H3,m84137_260214_004236_s1/187370934/ccs,0,23,2,12,187,CAA_interrupted,60
H3,m84137_260214_004236_s1/196021610/ccs,0,23,2,12,187,CAA_interrupted,60
H3,m84137_260214_004236_s1/237702752/ccs,0,23,2,12,187,CAA_interrupted,60
H3,m84137_260214_004236_s1/247797479/ccs,0,23,2,12,187,CAA_interrupted,60
H3,m84137_260214_004236_s1/184947633/ccs,0,23,2,12,187,CAA_interrupted,60
H3,m84137_260214_004236_s1/66457730/ccs,0,23,2,12,187,CAA_interrupted,60
H3,m84137_260214_004236_s1/55511169/ccs,0,23,2,12,187,CAA_interrupted,60
H3,m84137_260214_004236_s1/150866591/ccs,0,23,2,12,187,CAA_interrupted,60
H3,m84137_260214_004236_s1/154206815/ccs,0,23,2,12,187,CAA_interrupted,60
H3,m84137_260214_004236_s1/185272526/ccs,0,23,2,12,187,CAA_interrupted,60
H3,m84137_260214_004236_s1/195100987/ccs,0,23,2,12,187,CAA_interrupted,60
H3,m84137_260214_004236_s1/195431206/ccs,0,23,2,12,187,CAA_interrupted,60
H3,m84137_260214_004236_s1/220988051/ccs,0,23,2,12,187,CAA_interrupted,60
H3,m84137_260214_004236_s1/183436972/ccs,0,23,2,12,187,CAA_interrupted,60
H3,m84137_260214_004236_s1/251723960/ccs,0,23,2,12,187,CAA_interrupted,60
H3,m84137_260214_004236_s1/230884509/ccs,0,23,2,12,187,CAA_interrupted,60
H3,m84137_260214_004236_s1/254609249/ccs,0,23,2,12,187,CAA_interrupted,60
H3,m84137_260214_004236_s1/241240648/ccs,0,23,2,12,187,CAA_interrupted,60
H3,m84137_260214_004236_s1/242418601/ccs,0,23,2,12,187,CAA_interrupted,60
H3,m84137_260214_004236_s1/19141680/ccs,0,23,2,12,187,CAA_interrupted,60
H3,m84137_260214_004236_s1/24450611/ccs,0,23,2,12,187,CAA_interrupted,60
H3,m84137_260214_004236_s1/84874517/ccs,0,23,2,12,187,CAA_interrupted,60
H3,m84137_260214_004236_s1/65277418/ccs,0,23,2,12,187,CAA_interrupted,60
H3,m84137_260214_004236_s1/44372039/ccs,0,23,2,12,187,CAA_interrupted,60
H3,m84137_260214_004236_s1/66326885/ccs,0,23,2,12,187,CAA_interrupted,60
H3,m84137_260214_004236_s1/131666997/ccs,0,23,2,12,187,CAA_interrupted,60
H3,m84137_260214_004236_s1/154864768/ccs,0,23,2,12,187,CAA_interrupted,60
H3,m84137_260214_004236_s1/176494180/ccs,0,23,2,12,187,CAA_interrupted,60
H3,m84137_260214_004236_s1/201594170/ccs,0,23,2,12,187,CAA_interrupted,60
H3,m84137_260214_004236_s1/203101770/ccs,0,23,2,12,187,CAA_interrupted,60
H3,m84137_260214_004236_s1/211749889/ccs,0,23,2,12,187,CAA_interrupted,60
H3,m84137_260214_004236_s1/206705922/ccs,0,23,2,12,187,CAA_interrupted,60
H3,m84137_260214_004236_s1/255463706/ccs,0,23,2,12,187,CAA_interrupted,60
H3,m84137_260214_004236_s1/255922106/ccs,0,23,2,12,187,CAA_interrupted,60
H3,m84137_260214_004236_s1/244911169/ccs,0,23,2,12,187,CAA_interrupted,60
H3,m84137_260214_004236_s1/2294462/ccs,0,23,2,12,187,CAA_interrupted,60
H3,m84137_260214_004236_s1/3081911/ccs,0,23,2,12,187,CAA_interrupted,60
H3,m84137_260214_004236_s1/2885366/ccs,0,23,2,12,187,CAA_interrupted,60
H3,m84137_260214_004236_s1/7538801/ccs,0,23,2,12,187,CAA_interrupted,60
H3,m84137_260214_004236_s1/3541461/ccs,0,23,2,12,187,CAA_interrupted,60
H3,m84137_260214_004236_s1/19530975/ccs,0,23,2,12,187,CAA_interrupted,60
H3,m84137_260214_004236_s1/5376766/ccs,0,23,2,12,187,CAA_interrupted,60
H3,m84137_260214_004236_s1/27723038/ccs,0,23,2,12,187,CAA_interrupted,60
H3,m84137_260214_004236_s1/34539490/ccs,0,23,2,12,187,CAA_interrupted,60
H3,m84137_260214_004236_s1/34932598/ccs,0,23,2,12,187,CAA_interrupted,60
H3,m84137_260214_004236_s1/15664166/ccs,0,23,2,12,187,CAA_interrupted,60
H3,m84137_260214_004236_s1/35521354/ccs,0,23,2,12,187,CAA_interrupted,60
H3,m84137_260214_004236_s1/61671389/ccs,0,23,2,12,187,CAA_interrupted,60
H3,m84137_260214_004236_s1/51773787/ccs,0,23,2,12,187,CAA_interrupted,60
H3,m84137_260214_004236_s1/36703081/ccs,0,23,2,12,187,CAA_interrupted,60
H3,m84137_260214_004236_s1/37882043/ccs,0,23,2,12,187,CAA_interrupted,60
H3,m84137_260214_004236_s1/53477793/ccs,0,23,2,12,187,CAA_interrupted,60
H3,m84137_260214_004236_s1/62915164/ccs,0,23,2,12,187,CAA_interrupted,60
H3,m84137_260214_004236_s1/42860946/ccs,0,23,2,12,187,CAA_interrupted,60
H3,m84137_260214_004236_s1/63768170/ccs,0,23,2,12,187,CAA_interrupted,60
H3,m84137_260214_004236_s1/222167075/ccs,0,23,2,12,187,CAA_interrupted,60
H3,m84137_260214_004236_s1/43454889/ccs,0,23,2,12,187,CAA_interrupted,60
H3,m84137_260214_004236_s1/6882058/ccs,0,23,2,12,187,CAA_interrupted,60
H3,m84137_260214_004236_s1/60031960/ccs,0,23,2,12,187,CAA_interrupted,60
H3,m84137_260214_004236_s1/82777203/ccs,0,23,2,12,187,CAA_interrupted,60
H3,m84137_260214_004236_s1/115935001/ccs,0,23,2,12,187,CAA_interrupted,60
H3,m84137_260214_004236_s1/157747466/ccs,0,23,2,12,187,CAA_interrupted,60
H3,m84137_260214_004236_s1/153945022/ccs,0,23,2,12,187,CAA_interrupted,60
H3,m84137_260214_004236_s1/154273465/ccs,0,23,2,12,187,CAA_interrupted,60
H3,m84137_260214_004236_s1/162269045/ccs,0,23,2,12,187,CAA_interrupted,60
H3,m84137_260214_004236_s1/163120422/ccs,0,23,2,12,187,CAA_interrupted,60
H3,m84137_260214_004236_s1/156173518/ccs,0,23,2,12,187,CAA_interrupted,60
H3,m84137_260214_004236_s1/156303498/ccs,0,23,2,12,187,CAA_interrupted,60
H3,m84137_260214_004236_s1/164562644/ccs,0,23,2,12,187,CAA_interrupted,60
H3,m84137_260214_004236_s1/147063024/ccs,0,23,2,12,187,CAA_interrupted,60
H3,m84137_260214_004236_s1/168166172/ccs,0,23,2,12,187,CAA_interrupted,60
H3,m84137_260214_004236_s1/147653615/ccs,0,23,2,12,187,CAA_interrupted,60
H3,m84137_260214_004236_s1/165809066/ccs,0,23,2,12,187,CAA_interrupted,60
H3,m84137_260214_004236_s1/190122810/ccs,0,23,2,12,187,CAA_interrupted,60
H3,m84137_260214_004236_s1/169476288/ccs,0,23,2,12,187,CAA_interrupted,60
H3,m84137_260214_004236_s1/167512484/ccs,0,23,2,12,187,CAA_interrupted,60
H3,m84137_260214_004236_s1/187631869/ccs,0,23,2,12,187,CAA_interrupted,60
H3,m84137_260214_004236_s1/188024946/ccs,0,23,2,12,187,CAA_interrupted,60
H3,m84137_260214_004236_s1/188286745/ccs,0,23,2,12,187,CAA_interrupted,60
H3,m84137_260214_004236_s1/189269726/ccs,0,23,2,12,187,CAA_interrupted,60
H3,m84137_260214_004236_s1/192414871/ccs,0,23,2,12,187,CAA_interrupted,60
H3,m84137_260214_004236_s1/171966608/ccs,0,23,2,12,187,CAA_interrupted,60
H3,m84137_260214_004236_s1/172229527/ccs,0,23,2,12,187,CAA_interrupted,60
H3,m84137_260214_004236_s1/197395649/ccs,0,23,2,12,187,CAA_interrupted,60
H3,m84137_260214_004236_s1/172230889/ccs,0,23,2,12,187,CAA_interrupted,60
H3,m84137_260214_004236_s1/176753445/ccs,0,23,2,12,187,CAA_interrupted,60
H3,m84137_260214_004236_s1/197788271/ccs,0,23,2,12,187,CAA_interrupted,60
H3,m84137_260214_004236_s1/179766630/ccs,0,23,2,12,187,CAA_interrupted,60
H3,m84137_260214_004236_s1/197985064/ccs,0,23,2,12,187,CAA_interrupted,60
H3,m84137_260214_004236_s1/177341613/ccs,0,23,2,12,187,CAA_interrupted,60
H3,m84137_260214_004236_s1/194315841/ccs,0,23,2,12,187,CAA_interrupted,60
H3,m84137_260214_004236_s1/177931716/ccs,0,23,2,12,187,CAA_interrupted,60
H3,m84137_260214_004236_s1/180289948/ccs,0,23,2,12,187,CAA_interrupted,60
H3,m84137_260214_004236_s1/219021481/ccs,0,23,2,12,187,CAA_interrupted,60
H3,m84137_260214_004236_s1/180750409/ccs,0,23,2,12,187,CAA_interrupted,60
H3,m84137_260214_004236_s1/201722229/ccs,0,23,2,12,187,CAA_interrupted,60
H3,m84137_260214_004236_s1/202048485/ccs,0,23,2,12,187,CAA_interrupted,60
H3,m84137_260214_004236_s1/181734087/ccs,0,23,2,12,187,CAA_interrupted,60
H3,m84137_260214_004236_s1/221118933/ccs,0,23,2,12,187,CAA_interrupted,60
H3,m84137_260214_004236_s1/224331248/ccs,0,23,2,12,187,CAA_interrupted,60
H3,m84137_260214_004236_s1/221578117/ccs,0,23,2,12,187,CAA_interrupted,60
H3,m84137_260214_004236_s1/224789887/ccs,0,23,2,12,187,CAA_interrupted,60
H3,m84137_260214_004236_s1/183435768/ccs,0,23,2,12,187,CAA_interrupted,60
H3,m84137_260214_004236_s1/183961641/ccs,0,23,2,12,187,CAA_interrupted,60
H3,m84137_260214_004236_s1/230097777/ccs,0,23,2,12,187,CAA_interrupted,60
H3,m84137_260214_004236_s1/226232936/ccs,0,23,2,12,187,CAA_interrupted,60
H3,m84137_260214_004236_s1/230294073/ccs,0,23,2,12,187,CAA_interrupted,60
H3,m84137_260214_004236_s1/230491223/ccs,0,23,2,12,187,CAA_interrupted,60
H3,m84137_260214_004236_s1/227017869/ccs,0,23,2,12,187,CAA_interrupted,60
H3,m84137_260214_004236_s1/205981207/ccs,0,23,2,12,187,CAA_interrupted,60
H3,m84137_260214_004236_s1/213846354/ccs,0,23,2,12,187,CAA_interrupted,60
H3,m84137_260214_004236_s1/233179928/ccs,0,23,2,12,187,CAA_interrupted,60
H3,m84137_260214_004236_s1/215352545/ccs,0,23,2,12,187,CAA_interrupted,60
H3,m84137_260214_004236_s1/241042293/ccs,0,23,2,12,187,CAA_interrupted,60
H3,m84137_260214_004236_s1/254410888/ccs,0,23,2,12,187,CAA_interrupted,60
H3,m84137_260214_004236_s1/257754375/ccs,0,23,2,12,187,CAA_interrupted,60
H3,m84137_260214_004236_s1/241500450/ccs,0,23,2,12,187,CAA_interrupted,60
H3,m84137_260214_004236_s1/258671712/ccs,0,23,2,12,187,CAA_interrupted,60
H3,m84137_260214_004236_s1/258736195/ccs,0,23,2,12,187,CAA_interrupted,60
H3,m84137_260214_004236_s1/217187205/ccs,0,23,2,12,187,CAA_interrupted,60
H3,m84137_260214_004236_s1/260178114/ccs,0,23,2,12,187,CAA_interrupted,60
H3,m84137_260214_004236_s1/239208620/ccs,0,23,2,12,187,CAA_interrupted,60
H3,m84137_260214_004236_s1/239862971/ccs,0,23,2,12,187,CAA_interrupted,60
H3,m84137_260214_004236_s1/245696140/ccs,0,23,2,12,187,CAA_interrupted,60
H3,m84137_260214_004236_s1/265881692/ccs,0,23,2,12,187,CAA_interrupted,60
H3,m84137_260214_004236_s1/18550498/ccs,0,23,2,12,187,CAA_interrupted,60
H3,m84137_260214_004236_s1/19273350/ccs,0,23,2,12,187,CAA_interrupted,60
H3,m84137_260214_004236_s1/19207420/ccs,0,23,2,12,187,CAA_interrupted,60
H3,m84137_260214_004236_s1/24121564/ccs,0,23,2,12,187,CAA_interrupted,60
H3,m84137_260214_004236_s1/28447570/ccs,0,23,2,12,187,CAA_interrupted,60
H3,m84137_260214_004236_s1/28774524/ccs,0,23,2,12,187,CAA_interrupted,60
H3,m84137_260214_004236_s1/22025243/ccs,0,23,2,12,187,CAA_interrupted,60
H3,m84137_260214_004236_s1/251528017/ccs,0,23,2,12,187,CAA_interrupted,60
H3,m84137_260214_004236_s1/34608621/ccs,0,23,2,12,187,CAA_interrupted,60
H3,m84137_260214_004236_s1/27202308/ccs,0,23,2,12,187,CAA_interrupted,60
H3,m84137_260214_004236_s1/30216271/ccs,0,23,2,12,187,CAA_interrupted,60
H3,m84137_260214_004236_s1/51842087/ccs,0,23,2,12,187,CAA_interrupted,60
H3,m84137_260214_004236_s1/12194406/ccs,0,23,2,12,187,CAA_interrupted,60
H3,m84137_260214_004236_s1/10620043/ccs,0,23,2,12,187,CAA_interrupted,60
H3,m84137_260214_004236_s1/31854598/ccs,0,23,2,12,187,CAA_interrupted,60
H3,m84137_260214_004236_s1/12784875/ccs,0,23,2,12,187,CAA_interrupted,60
H3,m84137_260214_004236_s1/39326757/ccs,0,23,2,12,187,CAA_interrupted,60
H3,m84137_260214_004236_s1/53220251/ccs,0,23,2,12,187,CAA_interrupted,60
H3,m84137_260214_004236_s1/37033883/ccs,0,23,2,12,187,CAA_interrupted,60
H3,m84137_260214_004236_s1/37754452/ccs,0,23,2,12,187,CAA_interrupted,60
H3,m84137_260214_004236_s1/37754175/ccs,0,23,2,12,187,CAA_interrupted,60
H3,m84137_260214_004236_s1/38015769/ccs,0,23,2,12,187,CAA_interrupted,60
H3,m84137_260214_004236_s1/38342013/ccs,0,23,2,12,187,CAA_interrupted,60
H3,m84137_260214_004236_s1/38408797/ccs,0,23,2,12,187,CAA_interrupted,60
H3,m84137_260214_004236_s1/54399235/ccs,0,23,2,12,187,CAA_interrupted,60
H3,m84137_260214_004236_s1/54201618/ccs,0,23,2,12,187,CAA_interrupted,60
H3,m84137_260214_004236_s1/14028782/ccs,0,23,2,12,187,CAA_interrupted,60
H3,m84137_260214_004236_s1/61804003/ccs,0,23,2,12,187,CAA_interrupted,60
H3,m84137_260214_004236_s1/55119001/ccs,0,23,2,12,187,CAA_interrupted,60
H3,m84137_260214_004236_s1/41293584/ccs,0,23,2,12,187,CAA_interrupted,60
H3,m84137_260214_004236_s1/62590811/ccs,0,23,2,12,187,CAA_interrupted,60
H3,m84137_260214_004236_s1/62723744/ccs,0,23,2,12,187,CAA_interrupted,60
H3,m84137_260214_004236_s1/42602915/ccs,0,23,2,12,187,CAA_interrupted,60
H3,m84137_260214_004236_s1/59838220/ccs,0,23,2,12,187,CAA_interrupted,60
H3,m84137_260214_004236_s1/48172029/ccs,0,23,2,12,187,CAA_interrupted,60
H3,m84137_260214_004236_s1/149163462/ccs,0,23,2,12,187,CAA_interrupted,60
H3,m84137_260214_004236_s1/254018289/ccs,0,23,2,12,187,CAA_interrupted,60
H3,m84137_260214_004236_s1/237241954/ccs,0,23,2,12,187,CAA_interrupted,60
H3,m84137_260214_004236_s1/174785400/ccs,0,23,2,12,187,CAA_interrupted,60
H3,m84137_260214_004236_s1/243466426/ccs,0,23,2,12,187,CAA_interrupted,60
H3,m84137_260214_004236_s1/23073869/ccs,0,23,2,12,187,CAA_interrupted,60
H3,m84137_260214_004236_s1/16192174/ccs,0,23,2,12,187,CAA_interrupted,60
H3,m84137_260214_004236_s1/128194487/ccs,0,23,2,12,187,CAA_interrupted,60
H3,m84137_260214_004236_s1/182652049/ccs,0,23,2,12,187,CAA_interrupted,60
H3,m84137_260214_004236_s1/13895181/ccs,0,23,2,12,187,CAA_interrupted,60
H3,m84137_260214_004236_s1/10879597/ccs,0,23,2,12,187,CAA_interrupted,60
H3,m84137_260214_004236_s1/35062091/ccs,0,23,2,12,187,CAA_interrupted,60
H3,m84137_260214_004236_s1/35979846/ccs,0,23,2,12,187,CAA_interrupted,60
H3,m84137_260214_004236_s1/36833385/ccs,0,23,2,12,187,CAA_interrupted,60
H3,m84137_260214_004236_s1/46268750/ccs,0,23,2,12,187,CAA_interrupted,60
H3,m84137_260214_004236_s1/75826425/ccs,0,23,2,12,187,CAA_interrupted,60
H3,m84137_260214_004236_s1/118228198/ccs,0,23,2,12,187,CAA_interrupted,60
H3,m84137_260214_004236_s1/128713017/ccs,0,23,2,12,187,CAA_interrupted,60
H3,m84137_260214_004236_s1/105119906/ccs,0,23,2,12,187,CAA_interrupted,60
H3,m84137_260214_004236_s1/131599111/ccs,0,23,2,12,187,CAA_interrupted,60
H3,m84137_260214_004236_s1/156697376/ccs,0,23,2,12,187,CAA_interrupted,60
H3,m84137_260214_004236_s1/157288870/ccs,0,23,2,12,187,CAA_interrupted,60
H3,m84137_260214_004236_s1/48105523/ccs,0,23,2,12,187,CAA_interrupted,60
H3,m84137_260214_004236_s1/61473487/ccs,0,23,2,12,187,CAA_interrupted,60
H3,m84137_260214_004236_s1/67570594/ccs,0,23,2,12,187,CAA_interrupted,60
H3,m84137_260214_004236_s1/67634126/ccs,0,23,2,12,187,CAA_interrupted,60
H3,m84137_260214_004236_s1/48301866/ccs,0,23,2,12,187,CAA_interrupted,60
H3,m84137_260214_004236_s1/44434846/ccs,0,23,2,12,187,CAA_interrupted,60
H3,m84137_260214_004236_s1/64817299/ccs,0,23,2,12,187,CAA_interrupted,60
H3,m84137_260214_004236_s1/65077447/ccs,0,23,2,12,187,CAA_interrupted,60
H3,m84137_260214_004236_s1/90571528/ccs,0,23,2,12,187,CAA_interrupted,60
H3,m84137_260214_004236_s1/49351056/ccs,0,23,2,12,187,CAA_interrupted,60
H3,m84137_260214_004236_s1/66128028/ccs,0,23,2,12,187,CAA_interrupted,60
H3,m84137_260214_004236_s1/74516796/ccs,0,23,2,12,187,CAA_interrupted,60
H3,m84137_260214_004236_s1/74384972/ccs,0,23,2,12,187,CAA_interrupted,60
H3,m84137_260214_004236_s1/95552799/ccs,0,23,2,12,187,CAA_interrupted,60
H3,m84137_260214_004236_s1/71107395/ccs,0,23,2,12,187,CAA_interrupted,60
H3,m84137_260214_004236_s1/75498740/ccs,0,23,2,12,187,CAA_interrupted,60
H3,m84137_260214_004236_s1/76023470/ccs,0,23,2,12,187,CAA_interrupted,60
H3,m84137_260214_004236_s1/86770602/ccs,0,23,2,12,187,CAA_interrupted,60
H3,m84137_260214_004236_s1/94177135/ccs,0,23,2,12,187,CAA_interrupted,60
H3,m84137_260214_004236_s1/81593105/ccs,0,23,2,12,187,CAA_interrupted,60
H3,m84137_260214_004236_s1/123210571/ccs,0,23,2,12,187,CAA_interrupted,60
H3,m84137_260214_004236_s1/118361057/ccs,0,23,2,12,187,CAA_interrupted,60
H3,m84137_260214_004236_s1/118688536/ccs,0,23,2,12,187,CAA_interrupted,60
H3,m84137_260214_004236_s1/83625718/ccs,0,23,2,12,187,CAA_interrupted,60
H3,m84137_260214_004236_s1/119540583/ccs,0,23,2,12,187,CAA_interrupted,60
H3,m84137_260214_004236_s1/103483541/ccs,0,23,2,12,187,CAA_interrupted,60
H3,m84137_260214_004236_s1/124715458/ccs,0,23,2,12,187,CAA_interrupted,60
H3,m84137_260214_004236_s1/112528051/ccs,0,23,2,12,187,CAA_interrupted,60
H3,m84137_260214_004236_s1/112853464/ccs,0,23,2,12,187,CAA_interrupted,60
H3,m84137_260214_004236_s1/104792938/ccs,0,23,2,12,187,CAA_interrupted,60
H3,m84137_260214_004236_s1/105057105/ccs,0,23,2,12,187,CAA_interrupted,60
H3,m84137_260214_004236_s1/109903952/ccs,0,23,2,12,187,CAA_interrupted,60
H3,m84137_260214_004236_s1/110036888/ccs,0,23,2,12,187,CAA_interrupted,60
H3,m84137_260214_004236_s1/126812512/ccs,0,23,2,12,187,CAA_interrupted,60
H3,m84137_260214_004236_s1/113641892/ccs,0,23,2,12,187,CAA_interrupted,60
H3,m84137_260214_004236_s1/150997402/ccs,0,23,2,12,187,CAA_interrupted,60
H3,m84137_260214_004236_s1/114361058/ccs,0,23,2,12,187,CAA_interrupted,60
H3,m84137_260214_004236_s1/135201587/ccs,0,23,2,12,187,CAA_interrupted,60
H3,m84137_260214_004236_s1/151847075/ccs,0,23,2,12,187,CAA_interrupted,60
H3,m84137_260214_004236_s1/131925350/ccs,0,23,2,12,187,CAA_interrupted,60
H3,m84137_260214_004236_s1/131991921/ccs,0,23,2,12,187,CAA_interrupted,60
H3,m84137_260214_004236_s1/132056902/ccs,0,23,2,12,187,CAA_interrupted,60
H3,m84137_260214_004236_s1/156893389/ccs,0,23,2,12,187,CAA_interrupted,60
H3,m84137_260214_004236_s1/136578353/ccs,0,23,2,12,187,CAA_interrupted,60
H3,m84137_260214_004236_s1/136839808/ccs,0,23,2,12,187,CAA_interrupted,60
H3,m84137_260214_004236_s1/115869439/ccs,0,23,2,12,187,CAA_interrupted,60
H3,m84137_260214_004236_s1/115868656/ccs,0,23,2,12,187,CAA_interrupted,60
H3,m84137_260214_004236_s1/115935037/ccs,0,23,2,12,187,CAA_interrupted,60
H3,m84137_260214_004236_s1/45159419/ccs,0,23,2,12,187,CAA_interrupted,60
H3,m84137_260214_004236_s1/66129006/ccs,0,23,2,12,187,CAA_interrupted,60
H3,m84137_260214_004236_s1/46404101/ccs,0,23,2,12,187,CAA_interrupted,60
H3,m84137_260214_004236_s1/86380454/ccs,0,23,2,12,187,CAA_interrupted,60
H3,m84137_260214_004236_s1/90181448/ccs,0,23,2,12,187,CAA_interrupted,60
H3,m84137_260214_004236_s1/67047451/ccs,0,23,2,12,187,CAA_interrupted,60
H3,m84137_260214_004236_s1/72160663/ccs,0,23,2,12,187,CAA_interrupted,60
H3,m84137_260214_004236_s1/92344417/ccs,0,23,2,12,187,CAA_interrupted,60
H3,m84137_260214_004236_s1/117643091/ccs,0,23,2,12,187,CAA_interrupted,60
H3,m84137_260214_004236_s1/92736525/ccs,0,23,2,12,187,CAA_interrupted,60
H3,m84137_260214_004236_s1/92608387/ccs,0,23,2,12,187,CAA_interrupted,60
H3,m84137_260214_004236_s1/97587724/ccs,0,23,2,12,187,CAA_interrupted,60
H3,m84137_260214_004236_s1/118492164/ccs,0,23,2,12,187,CAA_interrupted,60
H3,m84137_260214_004236_s1/103552661/ccs,0,23,2,12,187,CAA_interrupted,60
H3,m84137_260214_004236_s1/104993125/ccs,0,23,2,12,187,CAA_interrupted,60
H3,m84137_260214_004236_s1/151065898/ccs,0,23,2,12,187,CAA_interrupted,60
H3,m84137_260214_004236_s1/135007310/ccs,0,23,2,12,187,CAA_interrupted,60
H3,m84137_260214_004236_s1/135335532/ccs,0,23,2,12,187,CAA_interrupted,60
H3,m84137_260214_004236_s1/137500370/ccs,0,23,2,12,187,CAA_interrupted,60
H3,m84137_260214_004236_s1/141104684/ccs,0,23,2,12,187,CAA_interrupted,60
H3,m84137_260214_004236_s1/141823778/ccs,0,23,2,12,187,CAA_interrupted,60
H3,m84137_260214_004236_s1/156110164/ccs,0,23,2,12,187,CAA_interrupted,60
H3,m84137_260214_004236_s1/143725346/ccs,0,23,2,12,187,CAA_interrupted,60
H3,m84137_260214_004236_s1/117052484/ccs,0,23,2,12,187,CAA_interrupted,60
H3,m84137_260214_004236_s1/185012138/ccs,0,23,2,12,187,CAA_interrupted,60
H3,m84137_260214_004236_s1/165285299/ccs,0,23,2,12,187,CAA_interrupted,60
H3,m84137_260214_004236_s1/169416466/ccs,0,23,2,12,187,CAA_interrupted,60
H3,m84137_260214_004236_s1/187306642/ccs,0,23,2,12,187,CAA_interrupted,60
H3,m84137_260214_004236_s1/174788963/ccs,0,23,2,12,187,CAA_interrupted,60
H3,m84137_260214_004236_s1/187765786/ccs,0,23,2,12,187,CAA_interrupted,60
H3,m84137_260214_004236_s1/175247831/ccs,0,23,2,12,187,CAA_interrupted,60
H3,m84137_260214_004236_s1/192157372/ccs,0,23,2,12,187,CAA_interrupted,60
H3,m84137_260214_004236_s1/189730324/ccs,0,23,2,12,187,CAA_interrupted,60
H3,m84137_260214_004236_s1/177738171/ccs,0,23,2,12,187,CAA_interrupted,60
H3,m84137_260214_004236_s1/218633669/ccs,0,23,2,12,187,CAA_interrupted,60
H3,m84137_260214_004236_s1/150409943/ccs,0,23,2,12,187,CAA_interrupted,60
H3,m84137_260214_004236_s1/198971751/ccs,0,23,2,12,187,CAA_interrupted,60
H3,m84137_260214_004236_s1/202969496/ccs,0,23,2,12,187,CAA_interrupted,60
H3,m84137_260214_004236_s1/203166839/ccs,0,23,2,12,187,CAA_interrupted,60
H3,m84137_260214_004236_s1/222237998/ccs,0,23,2,12,187,CAA_interrupted,60
H3,m84137_260214_004236_s1/200151238/ccs,0,23,2,12,187,CAA_interrupted,60
H3,m84137_260214_004236_s1/223416043/ccs,0,23,2,12,187,CAA_interrupted,60
H3,m84137_260214_004236_s1/229446495/ccs,0,23,2,12,187,CAA_interrupted,60
H3,m84137_260214_004236_s1/252580128/ccs,0,23,2,12,187,CAA_interrupted,60
H3,m84137_260214_004236_s1/183113448/ccs,0,23,2,12,187,CAA_interrupted,60
H3,m84137_260214_004236_s1/184160346/ccs,0,23,2,12,187,CAA_interrupted,60
H3,m84137_260214_004236_s1/236915924/ccs,0,23,2,12,187,CAA_interrupted,60
H3,m84137_260214_004236_s1/254611807/ccs,0,23,2,12,187,CAA_interrupted,60
H3,m84137_260214_004236_s1/255072123/ccs,0,23,2,12,187,CAA_interrupted,60
H3,m84137_260214_004236_s1/237900527/ccs,0,23,2,12,187,CAA_interrupted,60
H3,m84137_260214_004236_s1/256053555/ccs,0,23,2,12,187,CAA_interrupted,60
H3,m84137_260214_004236_s1/234033108/ccs,0,23,2,12,187,CAA_interrupted,60
H3,m84137_260214_004236_s1/234230974/ccs,0,23,2,12,187,CAA_interrupted,60
H3,m84137_260214_004236_s1/239538253/ccs,0,23,2,12,187,CAA_interrupted,60
H3,m84137_260214_004236_s1/240063773/ccs,0,23,2,12,187,CAA_interrupted,60
H3,m84137_260214_004236_s1/263721808/ccs,0,23,2,12,187,CAA_interrupted,60
H3,m84137_260214_004236_s1/266671716/ccs,0,23,2,12,187,CAA_interrupted,60
H3,m84137_260214_004236_s1/247731446/ccs,0,23,2,12,187,CAA_interrupted,60
H3,m84137_260214_004236_s1/250286536/ccs,0,23,2,12,187,CAA_interrupted,60
H3,m84137_260214_004236_s1/12913317/ccs,0,23,2,12,187,CAA_interrupted,60
H3,m84137_260214_004236_s1/10290039/ccs,0,23,2,12,187,CAA_interrupted,60
H3,m84137_260214_004236_s1/41223683/ccs,0,23,2,12,187,CAA_interrupted,60
H3,m84137_260214_004236_s1/47385494/ccs,0,23,2,12,187,CAA_interrupted,60
H3,m84137_260214_004236_s1/64292232/ccs,0,23,2,12,187,CAA_interrupted,60
H3,m84137_260214_004236_s1/93914959/ccs,0,23,2,12,187,CAA_interrupted,60
H3,m84137_260214_004236_s1/122159464/ccs,0,23,2,12,187,CAA_interrupted,60
H3,m84137_260214_004236_s1/122227432/ccs,0,23,2,12,187,CAA_interrupted,60
H3,m84137_260214_004236_s1/150996599/ccs,0,23,2,12,187,CAA_interrupted,60
H3,m84137_260214_004236_s1/131400566/ccs,0,23,2,12,187,CAA_interrupted,60
H3,m84137_260214_004236_s1/145883598/ccs,0,23,2,12,187,CAA_interrupted,60
H3,m84137_260214_004236_s1/144836085/ccs,0,23,2,12,187,CAA_interrupted,60
H3,m84137_260214_004236_s1/185991944/ccs,0,23,2,12,187,CAA_interrupted,60
H3,m84137_260214_004236_s1/185992764/ccs,0,23,2,12,187,CAA_interrupted,60
H3,m84137_260214_004236_s1/150408138/ccs,0,23,2,12,187,CAA_interrupted,60
H3,m84137_260214_004236_s1/202835827/ccs,0,23,2,12,187,CAA_interrupted,60
H3,m84137_260214_004236_s1/221185860/ccs,0,23,2,12,187,CAA_interrupted,60
H3,m84137_260214_004236_s1/226165635/ccs,0,23,2,12,187,CAA_interrupted,60
H3,m84137_260214_004236_s1/255199798/ccs,0,22,2,13,187,CAA_interrupted,60
H3,m84137_260214_004236_s1/265749315/ccs,0,23,2,12,187,CAA_interrupted,60
H3,m84137_260214_004236_s1/266930711/ccs,0,23,2,12,187,CAA_interrupted,60
H3,m84137_260214_004236_s1/250022291/ccs,0,23,2,12,187,CAA_interrupted,60
H3,m84137_260214_004236_s1/30150729/ccs,0,23,2,12,187,CAA_interrupted,60
H3,m84137_260214_004236_s1/57087566/ccs,0,23,2,12,187,CAA_interrupted,60
H3,m84137_260214_004236_s1/104796025/ccs,0,23,2,12,187,CAA_interrupted,60
H3,m84137_260214_004236_s1/116331171/ccs,0,23,2,12,187,CAA_interrupted,60
H3,m84137_260214_004236_s1/192353189/ccs,0,23,2,12,187,CAA_interrupted,60
H3,m84137_260214_004236_s1/189992235/ccs,0,23,2,12,187,CAA_interrupted,60
H3,m84137_260214_004236_s1/262868856/ccs,0,23,2,12,187,CAA_interrupted,60
H3,m84137_260214_004236_s1/2426545/ccs,0,23,2,12,187,CAA_interrupted,60
H3,m84137_260214_004236_s1/37947721/ccs,0,23,2,12,187,CAA_interrupted,60
H3,m84137_260214_004236_s1/92405988/ccs,0,23,2,12,187,CAA_interrupted,60
H3,m84137_260214_004236_s1/93520090/ccs,0,23,2,12,187,CAA_interrupted,60
H3,m84137_260214_004236_s1/86902559/ccs,0,23,2,12,187,CAA_interrupted,60
H3,m84137_260214_004236_s1/118490563/ccs,0,23,2,12,187,CAA_interrupted,60
H3,m84137_260214_004236_s1/82969284/ccs,0,23,2,12,187,CAA_interrupted,60
H3,m84137_260214_004236_s1/107808358/ccs,0,23,2,12,187,CAA_interrupted,60
H3,m84137_260214_004236_s1/245042488/ccs,0,23,2,12,187,CAA_interrupted,60
H3,m84137_260214_004236_s1/208406931/ccs,0,23,2,12,187,CAA_interrupted,60
H3,m84137_260214_004236_s1/227608563/ccs,0,23,2,12,187,CAA_interrupted,60
H3,m84137_260214_004236_s1/234095201/ccs,0,23,2,12,187,CAA_interrupted,60
H3,m84137_260214_004236_s1/234684677/ccs,0,23,2,12,187,CAA_interrupted,60
H3,m84137_260214_004236_s1/248578979/ccs,0,23,2,12,187,CAA_interrupted,60
H3,m84137_260214_004236_s1/5705227/ccs,0,23,2,12,187,CAA_interrupted,60
H3,m84137_260214_004236_s1/53743163/ccs,0,23,2,12,187,CAA_interrupted,60
H3,m84137_260214_004236_s1/119870664/ccs,0,23,2,12,187,CAA_interrupted,60
H3,m84137_260214_004236_s1/138875146/ccs,0,23,2,12,187,CAA_interrupted,60
H3,m84137_260214_004236_s1/144575929/ccs,0,23,2,12,187,CAA_interrupted,60
H3,m84137_260214_004236_s1/191238204/ccs,0,23,2,12,187,CAA_interrupted,60
H3,m84137_260214_004236_s1/171447800/ccs,0,23,2,12,187,CAA_interrupted,60
H3,m84137_260214_004236_s1/149752850/ccs,0,23,2,12,187,CAA_interrupted,60
H3,m84137_260214_004236_s1/201986512/ccs,0,23,2,12,187,CAA_interrupted,60
H3,m84137_260214_004236_s1/182326582/ccs,0,23,2,12,187,CAA_interrupted,60
H3,m84137_260214_004236_s1/227151491/ccs,0,23,2,12,187,CAA_interrupted,60
H3,m84137_260214_004236_s1/242224281/ccs,0,23,2,12,187,CAA_interrupted,60
H3,m84137_260214_004236_s1/234558740/ccs,0,23,2,12,187,CAA_interrupted,60
H3,m84137_260214_004236_s1/215421272/ccs,0,23,2,12,187,CAA_interrupted,60
H3,m84137_260214_004236_s1/215748937/ccs,0,23,2,12,187,CAA_interrupted,60
H3,m84137_260214_004236_s1/157745422/ccs,0,23,2,12,187,CAA_interrupted,60
H3,m84137_260214_004236_s1/193005368/ccs,0,23,2,12,187,CAA_interrupted,60
H3,m84137_260214_004236_s1/34739866/ccs,0,23,2,12,187,CAA_interrupted,60
H3,m84137_260214_004236_s1/99227242/ccs,0,23,2,12,187,CAA_interrupted,60
H3,m84137_260214_004236_s1/259130549/ccs,0,23,2,12,187,CAA_interrupted,60
H3,m84137_260214_004236_s1/174986336/ccs,0,23,2,12,187,CAA_interrupted,60
H3,m84137_260214_004236_s1/34145767/ccs,0,22,2,13,187,CAA_interrupted,60
H3,m84137_260214_004236_s1/90439988/ccs,0,23,2,12,187,CAA_interrupted,60
H3,m84137_260214_004236_s1/167511931/ccs,0,23,2,12,187,CAA_interrupted,60
H3,m84137_260214_004236_s1/178522504/ccs,0,23,2,12,187,CAA_interrupted,60
H3,m84137_260214_004236_s1/263587057/ccs,0,23,2,12,187,CAA_interrupted,60
H3,m84137_260214_004236_s1/30804075/ccs,0,23,2,12,187,CAA_interrupted,60
H3,m84137_260214_004236_s1/214960263/ccs,0,23,2,12,187,CAA_interrupted,60
H3,m84137_260214_004236_s1/126878742/ccs,0,23,2,12,187,CAA_interrupted,60
H3,m84137_260214_004236_s1/206636075/ccs,0,23,2,12,187,CAA_interrupted,60
H3,m84137_260214_004236_s1/87755713/ccs,0,23,2,12,187,CAA_interrupted,60
H3,m84137_260214_004236_s1/114299858/ccs,0,23,2,12,187,CAA_interrupted,60
H3,m84137_260214_004236_s1/244389198/ccs,0,23,2,12,187,CAA_interrupted,60
H3,m84137_260214_004236_s1/187960021/ccs,0,23,2,12,187,CAA_interrupted,60
H3,m84137_260214_004236_s1/107222451/ccs,0,23,2,12,187,CAA_interrupted,60
H3,m84137_260214_004236_s1/92801053/ccs,0,23,2,12,187,CAA_interrupted,60
H3,m84137_260214_004236_s1/158597600/ccs,0,22,2,12,188,CAA_interrupted,60
H3,m84137_260214_004236_s1/20583417/ccs,0,23,2,12,188,CAA_interrupted,60
H3,m84137_260214_004236_s1/63638796/ccs,0,23,2,12,188,CAA_interrupted,60
H3,m84137_260214_004236_s1/4916990/ccs,0,23,2,12,188,CAA_interrupted,60
H3,m84137_260214_004236_s1/183504666/ccs,0,23,2,12,188,CAA_interrupted,60
H3,m84137_260214_004236_s1/50465563/ccs,0,23,2,12,188,CAA_interrupted,60
H3,m84137_260214_004236_s1/62983115/ccs,0,23,2,12,188,CAA_interrupted,60
H3,m84137_260214_004236_s1/65276086/ccs,0,23,2,12,188,CAA_interrupted,60
H3,m84137_260214_004236_s1/76353710/ccs,0,23,2,12,188,CAA_interrupted,60
H3,m84137_260214_004236_s1/191366709/ccs,0,23,2,12,189,CAA_interrupted,60
H3,m84137_260214_004236_s1/185467238/ccs,0,23,2,12,189,CAA_interrupted,60
H3,m84137_260214_004236_s1/193856426/ccs,0,23,2,12,189,CAA_interrupted,60
H3,m84137_260214_004236_s1/168099933/ccs,0,24,2,12,190,CAA_interrupted,60
H3,m84137_260214_004236_s1/239995588/ccs,0,24,2,12,190,CAA_interrupted,60
H3,m84137_260214_004236_s1/3539425/ccs,0,24,2,12,190,CAA_interrupted,60
H3,m84137_260214_004236_s1/199821036/ccs,0,24,2,12,190,CAA_interrupted,60
H3,m84137_260214_004236_s1/181274104/ccs,0,24,2,12,190,CAA_interrupted,60
H3,m84137_260214_004236_s1/221774256/ccs,0,24,2,12,190,CAA_interrupted,60
H3,m84137_260214_004236_s1/242352878/ccs,0,23,2,13,190,CAA_interrupted,60
H3,m84137_260214_004236_s1/262210176/ccs,0,24,2,12,190,CAA_interrupted,60
H3,m84137_260214_004236_s1/224989944/ccs,0,24,2,12,190,CAA_interrupted,60
H3,m84137_260214_004236_s1/184225054/ccs,0,23,2,13,190,CAA_interrupted,60
H3,m84137_260214_004236_s1/260640125/ccs,0,24,2,12,190,CAA_interrupted,60
H3,m84137_260214_004236_s1/261164132/ccs,0,24,2,12,190,CAA_interrupted,60
H3,m84137_260214_004236_s1/8852736/ccs,0,24,2,12,190,CAA_interrupted,60
H3,m84137_260214_004236_s1/38736214/ccs,0,24,2,12,190,CAA_interrupted,60
H3,m84137_260214_004236_s1/131466482/ccs,0,23,2,13,190,CAA_interrupted,60
H3,m84137_260214_004236_s1/184287699/ccs,0,24,2,12,190,CAA_interrupted,60
H3,m84137_260214_004236_s1/166857951/ccs,0,24,2,12,190,CAA_interrupted,60
H3,m84137_260214_004236_s1/217318899/ccs,0,24,2,12,190,CAA_interrupted,60
H3,m84137_260214_004236_s1/5772686/ccs,0,24,2,12,190,CAA_interrupted,60
H3,m84137_260214_004236_s1/107351986/ccs,0,24,2,12,190,CAA_interrupted,60
H3,m84137_260214_004236_s1/225186857/ccs,0,24,2,12,190,CAA_interrupted,60
H3,m84137_260214_004236_s1/200349594/ccs,0,24,2,12,190,CAA_interrupted,60
H3,m84137_260214_004236_s1/43974722/ccs,0,24,2,12,190,CAA_interrupted,60
H3,m84137_260214_004236_s1/99158183/ccs,0,24,2,12,190,CAA_interrupted,60
H3,m84137_260214_004236_s1/118163795/ccs,0,24,2,12,190,CAA_interrupted,60
H3,m84137_260214_004236_s1/130154668/ccs,0,24,2,12,190,CAA_interrupted,60
H3,m84137_260214_004236_s1/197200457/ccs,0,24,2,12,190,CAA_interrupted,60
H3,m84137_260214_004236_s1/12390069/ccs,0,24,2,12,190,CAA_interrupted,60
H3,m84137_260214_004236_s1/106632746/ccs,0,24,2,12,190,CAA_interrupted,60
H3,m84137_260214_004236_s1/79891594/ccs,0,24,2,12,190,CAA_interrupted,60
H3,m84137_260214_004236_s1/81139252/ccs,0,24,2,12,190,CAA_interrupted,60
H3,m84137_260214_004236_s1/116725690/ccs,0,24,2,12,190,CAA_interrupted,60
H3,m84137_260214_004236_s1/148508943/ccs,0,24,2,12,190,CAA_interrupted,60
H3,m84137_260214_004236_s1/214897944/ccs,0,24,2,12,190,CAA_interrupted,60
H3,m84137_260214_004236_s1/251399644/ccs,0,24,2,12,190,CAA_interrupted,60
H3,m84137_260214_004236_s1/54463361/ccs,0,24,2,12,190,CAA_interrupted,60
H3,m84137_260214_004236_s1/99878954/ccs,0,24,2,12,190,CAA_interrupted,60
H3,m84137_260214_004236_s1/203164622/ccs,0,24,2,12,190,CAA_interrupted,60
H3,m84137_260214_004236_s1/249431655/ccs,0,24,2,12,190,CAA_interrupted,60
H3,m84137_260214_004236_s1/44040597/ccs,0,24,2,12,190,CAA_interrupted,60
H3,m84137_260214_004236_s1/128257659/ccs,0,19,5,13,191,CAA_interrupted,60
H3,m84137_260214_004236_s1/266081191/ccs,0,24,2,12,191,CAA_interrupted,60
H3,m84137_260214_004236_s1/33427632/ccs,0,24,2,12,191,CAA_interrupted,60
H3,m84137_260214_004236_s1/211424078/ccs,0,24,2,12,191,CAA_interrupted,60
H3,m84137_260214_004236_s1/153288896/ccs,0,23,2,13,192,CAA_interrupted,60
H3,m84137_260214_004236_s1/243996167/ccs,0,25,2,12,193,CAA_interrupted,60
H3,m84137_260214_004236_s1/186189627/ccs,0,25,2,12,193,CAA_interrupted,60
H3,m84137_260214_004236_s1/148836716/ccs,0,24,2,13,193,CAA_interrupted,60
H3,m84137_260214_004236_s1/208408378/ccs,0,24,2,12,193,CAA_interrupted,60
H3,m84137_260214_004236_s1/106631169/ccs,0,25,2,12,194,CAA_interrupted,60
H3,m84137_260214_004236_s1/41882806/ccs,0,37,2,12,229,CAA_interrupted,60
H3,m84137_260214_004236_s1/13439814/ccs,0,37,2,12,229,CAA_interrupted,60
H3,m84137_260214_004236_s1/261951455/ccs,0,37,2,12,229,CAA_interrupted,60
H3,m84137_260214_004236_s1/203161758/ccs,0,38,2,12,232,CAA_interrupted,60
H3,m84137_260214_004236_s1/93653989/ccs,0,39,2,12,235,CAA_interrupted,60
H3,m84137_260214_004236_s1/104403178/ccs,1,54,2,12,280,CAA_interrupted,60
H3,m84137_260214_004236_s1/40963177/ccs,1,55,2,12,283,CAA_interrupted,60
H3,m84137_260214_004236_s1/92868675/ccs,1,55,2,12,283,CAA_interrupted,60
H3,m84137_260214_004236_s1/239081164/ccs,1,55,2,12,283,CAA_interrupted,60
H3,m84137_260214_004236_s1/51448297/ccs,1,55,2,12,286,CAA_interrupted,60
H3,m84137_260214_004236_s1/29819964/ccs,1,56,2,12,286,CAA_interrupted,60
H3,m84137_260214_004236_s1/85721411/ccs,1,57,2,12,289,CAA_interrupted,60
H3,m84137_260214_004236_s1/120194744/ccs,1,58,2,12,292,CAA_interrupted,60
H3,m84137_260214_004236_s1/250549630/ccs,1,58,2,12,292,CAA_interrupted,60
H3,m84137_260214_004236_s1/29362581/ccs,1,58,2,12,292,CAA_interrupted,60
H3,m84137_260214_004236_s1/137104882/ccs,1,58,2,12,292,CAA_interrupted,60
H3,m84137_260214_004236_s1/96540593/ccs,1,58,1,10,295,CAA_interrupted,60
H3,m84137_260214_004236_s1/198247231/ccs,1,59,2,12,295,CAA_interrupted,60
H3,m84137_260214_004236_s1/119149569/ccs,1,59,2,12,295,CAA_interrupted,60
H3,m84137_260214_004236_s1/133370706/ccs,1,59,2,12,295,CAA_interrupted,60
H3,m84137_260214_004236_s1/173740034/ccs,1,59,2,12,295,CAA_interrupted,60
H3,m84137_260214_004236_s1/246681936/ccs,1,59,2,12,295,CAA_interrupted,60
H3,m84137_260214_004236_s1/261161625/ccs,1,59,2,12,295,CAA_interrupted,60
H3,m84137_260214_004236_s1/245498727/ccs,1,59,2,12,295,CAA_interrupted,60
H3,m84137_260214_004236_s1/168367505/ccs,1,59,2,12,295,CAA_interrupted,60
H3,m84137_260214_004236_s1/53872846/ccs,1,59,2,12,295,CAA_interrupted,60
H3,m84137_260214_004236_s1/208864378/ccs,1,59,2,12,295,CAA_interrupted,60
H3,m84137_260214_004236_s1/104991813/ccs,1,59,2,12,295,CAA_interrupted,60
H3,m84137_260214_004236_s1/239666621/ccs,1,59,2,12,296,CAA_interrupted,60
H3,m84137_260214_004236_s1/159584607/ccs,1,59,2,12,296,CAA_interrupted,60
H3,m84137_260214_004236_s1/55248880/ccs,1,58,3,12,297,CAA_interrupted,60
H3,m84137_260214_004236_s1/208340909/ccs,1,60,2,12,298,CAA_interrupted,60
H3,m84137_260214_004236_s1/76742916/ccs,1,60,2,12,298,CAA_interrupted,60
H3,m84137_260214_004236_s1/238489142/ccs,1,60,2,12,298,CAA_interrupted,60
H3,m84137_260214_004236_s1/11995052/ccs,1,60,2,12,298,CAA_interrupted,60
H3,m84137_260214_004236_s1/8063210/ccs,1,60,2,12,298,CAA_interrupted,60
H3,m84137_260214_004236_s1/8719306/ccs,1,60,2,12,298,CAA_interrupted,60
H3,m84137_260214_004236_s1/50464937/ccs,1,60,2,12,298,CAA_interrupted,60
H3,m84137_260214_004236_s1/62324842/ccs,1,60,2,12,298,CAA_interrupted,60
H3,m84137_260214_004236_s1/41223703/ccs,1,60,2,12,298,CAA_interrupted,60
H3,m84137_260214_004236_s1/59967306/ccs,1,60,2,12,298,CAA_interrupted,60
H3,m84137_260214_004236_s1/42795053/ccs,1,60,2,12,298,CAA_interrupted,60
H3,m84137_260214_004236_s1/66192284/ccs,1,60,2,12,298,CAA_interrupted,60
H3,m84137_260214_004236_s1/66388946/ccs,1,60,2,12,298,CAA_interrupted,60
H3,m84137_260214_004236_s1/91949946/ccs,1,60,2,12,298,CAA_interrupted,60
H3,m84137_260214_004236_s1/74711094/ccs,1,60,2,12,298,CAA_interrupted,60
H3,m84137_260214_004236_s1/123210096/ccs,1,60,2,12,298,CAA_interrupted,60
H3,m84137_260214_004236_s1/117770975/ccs,1,60,2,12,298,CAA_interrupted,60
H3,m84137_260214_004236_s1/130353464/ccs,1,60,2,12,298,CAA_interrupted,60
H3,m84137_260214_004236_s1/105579414/ccs,1,60,2,12,298,CAA_interrupted,60
H3,m84137_260214_004236_s1/122553781/ccs,1,60,2,12,298,CAA_interrupted,60
H3,m84137_260214_004236_s1/137167264/ccs,1,60,2,12,298,CAA_interrupted,60
H3,m84137_260214_004236_s1/163056592/ccs,1,60,2,12,298,CAA_interrupted,60
H3,m84137_260214_004236_s1/154863668/ccs,1,60,2,12,298,CAA_interrupted,60
H3,m84137_260214_004236_s1/185993209/ccs,1,60,2,12,298,CAA_interrupted,60
H3,m84137_260214_004236_s1/176095961/ccs,1,60,2,12,298,CAA_interrupted,60
H3,m84137_260214_004236_s1/178717714/ccs,1,60,2,12,298,CAA_interrupted,60
H3,m84137_260214_004236_s1/225771740/ccs,1,60,2,12,298,CAA_interrupted,60
H3,m84137_260214_004236_s1/205786021/ccs,1,60,2,12,298,CAA_interrupted,60
H3,m84137_260214_004236_s1/11015950/ccs,1,60,2,12,298,CAA_interrupted,60
H3,m84137_260214_004236_s1/59118415/ccs,1,60,2,12,298,CAA_interrupted,60
H3,m84137_260214_004236_s1/110235444/ccs,1,60,2,12,298,CAA_interrupted,60
H3,m84137_260214_004236_s1/111415959/ccs,1,60,2,12,298,CAA_interrupted,60
H3,m84137_260214_004236_s1/234755659/ccs,1,60,2,12,298,CAA_interrupted,60
H3,m84137_260214_004236_s1/216732954/ccs,1,60,2,12,298,CAA_interrupted,60
H3,m84137_260214_004236_s1/217911782/ccs,1,60,2,12,298,CAA_interrupted,60
H3,m84137_260214_004236_s1/1966770/ccs,1,60,2,12,298,CAA_interrupted,60
H3,m84137_260214_004236_s1/131991022/ccs,1,60,2,12,298,CAA_interrupted,60
H3,m84137_260214_004236_s1/190058049/ccs,1,60,2,12,298,CAA_interrupted,60
H3,m84137_260214_004236_s1/256641536/ccs,1,60,2,12,298,CAA_interrupted,60
H3,m84137_260214_004236_s1/209519009/ccs,1,60,2,12,298,CAA_interrupted,60
H3,m84137_260214_004236_s1/28706544/ccs,1,60,2,12,298,CAA_interrupted,60
H3,m84137_260214_004236_s1/143987338/ccs,1,60,2,12,298,CAA_interrupted,60
H3,m84137_260214_004236_s1/6553743/ccs,1,60,2,12,298,CAA_interrupted,60
H3,m84137_260214_004236_s1/12323039/ccs,1,60,2,12,298,CAA_interrupted,60
H3,m84137_260214_004236_s1/30212574/ccs,1,60,2,12,298,CAA_interrupted,60
H3,m84137_260214_004236_s1/33819570/ccs,1,60,2,12,298,CAA_interrupted,60
H3,m84137_260214_004236_s1/42731563/ccs,1,59,2,13,298,CAA_interrupted,60
H3,m84137_260214_004236_s1/94896979/ccs,1,60,2,12,298,CAA_interrupted,60
H3,m84137_260214_004236_s1/125962956/ccs,1,60,2,12,298,CAA_interrupted,60
H3,m84137_260214_004236_s1/121439755/ccs,1,60,2,12,298,CAA_interrupted,60
H3,m84137_260214_004236_s1/111282642/ccs,1,60,2,12,298,CAA_interrupted,60
H3,m84137_260214_004236_s1/190449001/ccs,1,60,2,12,298,CAA_interrupted,60
H3,m84137_260214_004236_s1/173673140/ccs,1,60,2,12,298,CAA_interrupted,60
H3,m84137_260214_004236_s1/176357485/ccs,1,60,2,12,298,CAA_interrupted,60
H3,m84137_260214_004236_s1/184289946/ccs,1,60,2,12,298,CAA_interrupted,60
H3,m84137_260214_004236_s1/234357774/ccs,1,60,2,12,298,CAA_interrupted,60
H3,m84137_260214_004236_s1/266208409/ccs,1,60,2,12,298,CAA_interrupted,60
H3,m84137_260214_004236_s1/4133159/ccs,1,60,2,12,298,CAA_interrupted,60
H3,m84137_260214_004236_s1/6098763/ccs,1,60,2,12,298,CAA_interrupted,60
H3,m84137_260214_004236_s1/7148043/ccs,1,60,2,12,298,CAA_interrupted,60
H3,m84137_260214_004236_s1/35065025/ccs,1,60,2,12,298,CAA_interrupted,60
H3,m84137_260214_004236_s1/31199707/ccs,1,60,2,12,298,CAA_interrupted,60
H3,m84137_260214_004236_s1/62394459/ccs,1,60,2,12,298,CAA_interrupted,60
H3,m84137_260214_004236_s1/46599939/ccs,1,60,2,12,298,CAA_interrupted,60
H3,m84137_260214_004236_s1/92409685/ccs,1,60,2,12,298,CAA_interrupted,60
H3,m84137_260214_004236_s1/93916423/ccs,1,60,2,12,298,CAA_interrupted,60
H3,m84137_260214_004236_s1/118952465/ccs,1,60,2,12,298,CAA_interrupted,60
H3,m84137_260214_004236_s1/177147700/ccs,1,60,2,12,298,CAA_interrupted,60
H3,m84137_260214_004236_s1/177934104/ccs,1,60,2,12,298,CAA_interrupted,60
H3,m84137_260214_004236_s1/203493907/ccs,1,60,2,12,298,CAA_interrupted,60
H3,m84137_260214_004236_s1/181737392/ccs,1,60,2,12,298,CAA_interrupted,60
H3,m84137_260214_004236_s1/237769739/ccs,1,60,2,12,298,CAA_interrupted,60
H3,m84137_260214_004236_s1/243470522/ccs,1,60,2,12,298,CAA_interrupted,60
H3,m84137_260214_004236_s1/147719005/ccs,1,60,2,12,298,CAA_interrupted,60
H3,m84137_260214_004236_s1/19404247/ccs,1,60,2,12,298,CAA_interrupted,60
H3,m84137_260214_004236_s1/266929061/ccs,1,60,2,12,298,CAA_interrupted,60
H3,m84137_260214_004236_s1/221189122/ccs,1,60,2,12,298,CAA_interrupted,60
H3,m84137_260214_004236_s1/105776674/ccs,1,60,2,12,298,CAA_interrupted,60
H3,m84137_260214_004236_s1/135662008/ccs,1,60,2,12,298,CAA_interrupted,60
H3,m84137_260214_004236_s1/108598240/ccs,1,60,2,12,298,CAA_interrupted,60
H3,m84137_260214_004236_s1/174654245/ccs,1,60,2,12,298,CAA_interrupted,60
H3,m84137_260214_004236_s1/35719052/ccs,1,60,2,12,298,CAA_interrupted,60
H3,m84137_260214_004236_s1/124721028/ccs,1,60,2,12,298,CAA_interrupted,60
H3,m84137_260214_004236_s1/35590920/ccs,1,60,2,12,298,CAA_interrupted,60
H3,m84137_260214_004236_s1/137038643/ccs,1,60,2,12,298,CAA_interrupted,60
H3,m84137_260214_004236_s1/245303393/ccs,1,60,2,12,299,CAA_interrupted,60
H3,m84137_260214_004236_s1/206571163/ccs,1,59,3,12,299,CAA_interrupted,60
H3,m84137_260214_004236_s1/9241287/ccs,1,60,1,11,300,CAA_interrupted,60
H3,m84137_260214_004236_s1/39063667/ccs,1,60,2,12,300,CAA_interrupted,60
H3,m84137_260214_004236_s1/11605208/ccs,1,60,2,12,300,CAA_interrupted,60
H3,m84137_260214_004236_s1/101387795/ccs,1,61,2,12,301,CAA_interrupted,60
H3,m84137_260214_004236_s1/61014672/ccs,1,61,2,12,301,CAA_interrupted,60
H3,m84137_260214_004236_s1/49218146/ccs,1,61,2,12,301,CAA_interrupted,60
H3,m84137_260214_004236_s1/182060327/ccs,1,61,2,12,301,CAA_interrupted,60
H3,m84137_260214_004236_s1/258739134/ccs,1,61,2,12,301,CAA_interrupted,60
H3,m84137_260214_004236_s1/204805146/ccs,1,61,2,12,301,CAA_interrupted,60
H3,m84137_260214_004236_s1/34866722/ccs,1,61,2,12,301,CAA_interrupted,60
H3,m84137_260214_004236_s1/58525630/ccs,1,61,2,12,301,CAA_interrupted,60
H3,m84137_260214_004236_s1/46467991/ccs,1,61,2,12,301,CAA_interrupted,60
H3,m84137_260214_004236_s1/46795274/ccs,1,61,2,12,301,CAA_interrupted,60
H3,m84137_260214_004236_s1/91621794/ccs,1,61,2,12,301,CAA_interrupted,60
H3,m84137_260214_004236_s1/99748696/ccs,1,61,2,12,301,CAA_interrupted,60
H3,m84137_260214_004236_s1/240194285/ccs,1,61,2,12,301,CAA_interrupted,60
H3,m84137_260214_004236_s1/128974986/ccs,1,61,2,12,301,CAA_interrupted,60
H3,m84137_260214_004236_s1/141165303/ccs,1,61,2,12,301,CAA_interrupted,60
H3,m84137_260214_004236_s1/161942256/ccs,1,61,2,12,301,CAA_interrupted,60
H3,m84137_260214_004236_s1/188219443/ccs,1,61,2,12,301,CAA_interrupted,60
H3,m84137_260214_004236_s1/191955118/ccs,1,61,2,12,301,CAA_interrupted,60
H3,m84137_260214_004236_s1/197918876/ccs,1,61,2,12,301,CAA_interrupted,60
H3,m84137_260214_004236_s1/177408124/ccs,1,61,2,12,301,CAA_interrupted,60
H3,m84137_260214_004236_s1/198313326/ccs,1,61,2,12,301,CAA_interrupted,60
H3,m84137_260214_004236_s1/207555176/ccs,1,61,2,12,301,CAA_interrupted,60
H3,m84137_260214_004236_s1/208669587/ccs,1,61,2,12,301,CAA_interrupted,60
H3,m84137_260214_004236_s1/209126825/ccs,1,61,2,12,301,CAA_interrupted,60
H3,m84137_260214_004236_s1/230820423/ccs,1,61,2,12,301,CAA_interrupted,60
H3,m84137_260214_004236_s1/252577592/ccs,1,61,2,12,301,CAA_interrupted,60
H3,m84137_260214_004236_s1/236980126/ccs,1,61,2,12,301,CAA_interrupted,60
H3,m84137_260214_004236_s1/239076144/ccs,1,61,2,12,301,CAA_interrupted,60
H3,m84137_260214_004236_s1/246220495/ccs,1,61,2,12,301,CAA_interrupted,60
H3,m84137_260214_004236_s1/12063961/ccs,1,61,2,12,301,CAA_interrupted,60
H3,m84137_260214_004236_s1/53613755/ccs,1,61,2,12,301,CAA_interrupted,60
H3,m84137_260214_004236_s1/45946094/ccs,1,61,2,12,301,CAA_interrupted,60
H3,m84137_260214_004236_s1/96996872/ccs,1,61,2,12,301,CAA_interrupted,60
H3,m84137_260214_004236_s1/111874529/ccs,1,61,2,12,301,CAA_interrupted,60
H3,m84137_260214_004236_s1/113383297/ccs,1,61,2,12,301,CAA_interrupted,60
H3,m84137_260214_004236_s1/137434470/ccs,1,61,2,12,301,CAA_interrupted,60
H3,m84137_260214_004236_s1/226430040/ccs,1,61,2,12,301,CAA_interrupted,60
H3,m84137_260214_004236_s1/183112346/ccs,1,61,2,12,301,CAA_interrupted,60
H3,m84137_260214_004236_s1/183243612/ccs,1,61,2,12,301,CAA_interrupted,60
H3,m84137_260214_004236_s1/228396738/ccs,1,61,2,12,301,CAA_interrupted,60
H3,m84137_260214_004236_s1/230887872/ccs,1,61,2,12,301,CAA_interrupted,60
H3,m84137_260214_004236_s1/231478789/ccs,1,61,2,12,301,CAA_interrupted,60
H3,m84137_260214_004236_s1/244845892/ccs,1,61,2,12,301,CAA_interrupted,60
H3,m84137_260214_004236_s1/248190641/ccs,1,61,2,12,301,CAA_interrupted,60
H3,m84137_260214_004236_s1/249893694/ccs,1,61,2,12,301,CAA_interrupted,60
H3,m84137_260214_004236_s1/74516161/ccs,1,61,2,12,301,CAA_interrupted,60
H3,m84137_260214_004236_s1/85395624/ccs,1,61,2,12,301,CAA_interrupted,60
H3,m84137_260214_004236_s1/75696202/ccs,1,61,2,12,301,CAA_interrupted,60
H3,m84137_260214_004236_s1/179438909/ccs,1,61,2,12,301,CAA_interrupted,60
H3,m84137_260214_004236_s1/72748226/ccs,1,61,2,12,301,CAA_interrupted,60
H3,m84137_260214_004236_s1/168301844/ccs,1,61,2,12,301,CAA_interrupted,60
H3,m84137_260214_004236_s1/207230057/ccs,1,61,2,12,301,CAA_interrupted,60
H3,m84137_260214_004236_s1/214110615/ccs,1,61,2,12,301,CAA_interrupted,60
H3,m84137_260214_004236_s1/88346624/ccs,1,61,2,12,301,CAA_interrupted,60
H3,m84137_260214_004236_s1/137561439/ccs,1,61,2,12,301,CAA_interrupted,60
H3,m84137_260214_004236_s1/144774814/ccs,1,61,2,12,301,CAA_interrupted,60
H3,m84137_260214_004236_s1/92344121/ccs,1,61,2,12,301,CAA_interrupted,60
H3,m84137_260214_004236_s1/134746391/ccs,1,61,2,12,301,CAA_interrupted,60
H3,m84137_260214_004236_s1/238229184/ccs,1,61,2,12,301,CAA_interrupted,60
H3,m84137_260214_004236_s1/142279923/ccs,1,60,2,12,301,CAA_interrupted,60
H3,m84137_260214_004236_s1/196806554/ccs,1,61,2,12,301,CAA_interrupted,60
H3,m84137_260214_004236_s1/195429818/ccs,1,61,2,12,301,CAA_interrupted,60
H3,m84137_260214_004236_s1/21173168/ccs,1,61,2,12,301,CAA_interrupted,60
H3,m84137_260214_004236_s1/14816379/ccs,1,61,2,12,301,CAA_interrupted,60
H3,m84137_260214_004236_s1/78122151/ccs,1,61,2,12,301,CAA_interrupted,60
H3,m84137_260214_004236_s1/18220557/ccs,1,61,2,12,301,CAA_interrupted,60
H3,m84137_260214_004236_s1/29230213/ccs,1,61,2,12,301,CAA_interrupted,60
H3,m84137_260214_004236_s1/13697340/ccs,1,61,2,12,301,CAA_interrupted,60
H3,m84137_260214_004236_s1/8981106/ccs,1,61,2,12,301,CAA_interrupted,60
H3,m84137_260214_004236_s1/66718450/ccs,1,61,2,12,301,CAA_interrupted,60
H3,m84137_260214_004236_s1/85918283/ccs,1,61,2,12,301,CAA_interrupted,60
H3,m84137_260214_004236_s1/78643515/ccs,1,61,2,12,301,CAA_interrupted,60
H3,m84137_260214_004236_s1/93652830/ccs,1,61,2,12,301,CAA_interrupted,60
H3,m84137_260214_004236_s1/108857600/ccs,1,61,2,12,301,CAA_interrupted,60
H3,m84137_260214_004236_s1/115081421/ccs,1,61,2,12,301,CAA_interrupted,60
H3,m84137_260214_004236_s1/115869254/ccs,1,61,2,12,301,CAA_interrupted,60
H3,m84137_260214_004236_s1/168167950/ccs,1,61,2,12,301,CAA_interrupted,60
H3,m84137_260214_004236_s1/218302460/ccs,1,61,2,12,301,CAA_interrupted,60
H3,m84137_260214_004236_s1/220398392/ccs,1,61,2,12,301,CAA_interrupted,60
H3,m84137_260214_004236_s1/221447608/ccs,1,61,2,12,301,CAA_interrupted,60
H3,m84137_260214_004236_s1/264111250/ccs,1,61,2,12,301,CAA_interrupted,60
H3,m84137_260214_004236_s1/246285223/ccs,1,61,2,12,301,CAA_interrupted,60
H3,m84137_260214_004236_s1/264963614/ccs,1,61,2,12,301,CAA_interrupted,60
H3,m84137_260214_004236_s1/24975125/ccs,1,61,2,12,301,CAA_interrupted,60
H3,m84137_260214_004236_s1/9245169/ccs,1,61,2,12,301,CAA_interrupted,60
H3,m84137_260214_004236_s1/72882047/ccs,1,61,2,12,301,CAA_interrupted,60
H3,m84137_260214_004236_s1/76223213/ccs,1,61,2,12,301,CAA_interrupted,60
H3,m84137_260214_004236_s1/96604863/ccs,1,61,2,12,301,CAA_interrupted,60
H3,m84137_260214_004236_s1/125702498/ccs,1,61,2,12,301,CAA_interrupted,60
H3,m84137_260214_004236_s1/126029736/ccs,1,61,2,12,301,CAA_interrupted,60
H3,m84137_260214_004236_s1/141955557/ccs,1,61,2,12,301,CAA_interrupted,60
H3,m84137_260214_004236_s1/143397354/ccs,1,61,2,12,301,CAA_interrupted,60
H3,m84137_260214_004236_s1/143199557/ccs,1,61,2,12,301,CAA_interrupted,60
H3,m84137_260214_004236_s1/220665136/ccs,1,61,2,12,301,CAA_interrupted,60
H3,m84137_260214_004236_s1/224072303/ccs,1,61,2,12,301,CAA_interrupted,60
H3,m84137_260214_004236_s1/224727302/ccs,1,61,2,12,301,CAA_interrupted,60
H3,m84137_260214_004236_s1/181932328/ccs,1,61,2,12,301,CAA_interrupted,60
H3,m84137_260214_004236_s1/243077455/ccs,1,61,2,12,301,CAA_interrupted,60
H3,m84137_260214_004236_s1/99224524/ccs,1,61,2,12,301,CAA_interrupted,60
H3,m84137_260214_004236_s1/169739575/ccs,1,61,2,12,301,CAA_interrupted,60
H3,m84137_260214_004236_s1/129504081/ccs,1,61,2,12,301,CAA_interrupted,60
H3,m84137_260214_004236_s1/201330678/ccs,1,61,2,12,301,CAA_interrupted,60
H3,m84137_260214_004236_s1/211422977/ccs,1,61,2,12,301,CAA_interrupted,60
H3,m84137_260214_004236_s1/209652480/ccs,1,61,2,12,301,CAA_interrupted,60
H3,m84137_260214_004236_s1/253428658/ccs,1,59,2,12,301,CAA_interrupted,60
H3,m84137_260214_004236_s1/170919652/ccs,1,61,2,12,301,CAA_interrupted,60
H3,m84137_260214_004236_s1/133104628/ccs,1,61,2,12,301,CAA_interrupted,60
H3,m84137_260214_004236_s1/66849233/ccs,1,61,2,12,301,CAA_interrupted,60
H3,m84137_260214_004236_s1/77793647/ccs,1,61,2,12,301,CAA_interrupted,60
H3,m84137_260214_004236_s1/253952346/ccs,1,61,2,12,301,CAA_interrupted,60
H3,m84137_260214_004236_s1/178128936/ccs,1,61,2,12,301,CAA_interrupted,60
H3,m84137_260214_004236_s1/228331482/ccs,1,61,2,12,301,CAA_interrupted,60
H3,m84137_260214_004236_s1/73139697/ccs,1,61,2,12,302,CAA_interrupted,60
H3,m84137_260214_004236_s1/66127677/ccs,1,60,3,12,302,CAA_interrupted,60
H3,m84137_260214_004236_s1/33361263/ccs,1,60,3,12,302,CAA_interrupted,60
H3,m84137_260214_004236_s1/52102251/ccs,1,60,2,12,302,CAA_interrupted,60
H3,m84137_260214_004236_s1/155520328/ccs,1,61,2,12,302,CAA_interrupted,60
H3,m84137_260214_004236_s1/267256524/ccs,1,61,2,12,303,CAA_interrupted,60
H3,m84137_260214_004236_s1/120853670/ccs,1,61,2,12,303,CAA_interrupted,60
H3,m84137_260214_004236_s1/131928063/ccs,1,62,2,12,304,CAA_interrupted,60
H3,m84137_260214_004236_s1/83629820/ccs,1,62,2,12,304,CAA_interrupted,60
H3,m84137_260214_004236_s1/70714020/ccs,1,62,2,12,304,CAA_interrupted,60
H3,m84137_260214_004236_s1/89129790/ccs,1,62,2,12,304,CAA_interrupted,60
H3,m84137_260214_004236_s1/102433371/ccs,1,62,2,12,304,CAA_interrupted,60
H3,m84137_260214_004236_s1/109250625/ccs,1,62,2,12,304,CAA_interrupted,60
H3,m84137_260214_004236_s1/105579940/ccs,1,62,2,12,304,CAA_interrupted,60
H3,m84137_260214_004236_s1/113444533/ccs,1,62,2,12,304,CAA_interrupted,60
H3,m84137_260214_004236_s1/151849857/ccs,1,62,2,12,304,CAA_interrupted,60
H3,m84137_260214_004236_s1/140575530/ccs,1,62,2,12,304,CAA_interrupted,60
H3,m84137_260214_004236_s1/162595348/ccs,1,62,2,12,304,CAA_interrupted,60
H3,m84137_260214_004236_s1/222625999/ccs,1,62,2,12,304,CAA_interrupted,60
H3,m84137_260214_004236_s1/213778685/ccs,1,62,2,12,304,CAA_interrupted,60
H3,m84137_260214_004236_s1/244713401/ccs,1,62,2,12,304,CAA_interrupted,60
H3,m84137_260214_004236_s1/3477617/ccs,1,62,2,12,304,CAA_interrupted,60
H3,m84137_260214_004236_s1/249365034/ccs,1,62,2,12,304,CAA_interrupted,60
H3,m84137_260214_004236_s1/250743647/ccs,1,62,2,12,304,CAA_interrupted,60
H3,m84137_260214_004236_s1/11408685/ccs,1,62,2,12,304,CAA_interrupted,60
H3,m84137_260214_004236_s1/68294507/ccs,1,62,2,12,304,CAA_interrupted,60
H3,m84137_260214_004236_s1/73470875/ccs,1,62,2,12,304,CAA_interrupted,60
H3,m84137_260214_004236_s1/125703539/ccs,1,62,2,12,304,CAA_interrupted,60
H3,m84137_260214_004236_s1/110236700/ccs,1,62,2,12,304,CAA_interrupted,60
H3,m84137_260214_004236_s1/137169964/ccs,1,62,2,12,304,CAA_interrupted,60
H3,m84137_260214_004236_s1/144643218/ccs,1,62,2,12,304,CAA_interrupted,60
H3,m84137_260214_004236_s1/174789944/ccs,1,62,2,12,304,CAA_interrupted,60
H3,m84137_260214_004236_s1/178523241/ccs,1,62,2,12,304,CAA_interrupted,60
H3,m84137_260214_004236_s1/220859829/ccs,1,62,2,12,304,CAA_interrupted,60
H3,m84137_260214_004236_s1/206114347/ccs,1,62,2,12,304,CAA_interrupted,60
H3,m84137_260214_004236_s1/253891911/ccs,1,62,2,12,304,CAA_interrupted,60
H3,m84137_260214_004236_s1/215487321/ccs,1,62,2,12,304,CAA_interrupted,60
H3,m84137_260214_004236_s1/210763869/ccs,1,62,2,12,304,CAA_interrupted,60
H3,m84137_260214_004236_s1/246418003/ccs,1,62,2,12,304,CAA_interrupted,60
H3,m84137_260214_004236_s1/152768599/ccs,1,62,2,12,304,CAA_interrupted,60
H3,m84137_260214_004236_s1/47321151/ccs,1,62,2,12,304,CAA_interrupted,60
H3,m84137_260214_004236_s1/77533705/ccs,1,62,2,12,304,CAA_interrupted,60
H3,m84137_260214_004236_s1/265815010/ccs,1,63,2,11,304,CAA_interrupted,60
H3,m84137_260214_004236_s1/63444072/ccs,1,62,2,12,304,CAA_interrupted,60
H3,m84137_260214_004236_s1/25690722/ccs,1,62,2,12,304,CAA_interrupted,60
H3,m84137_260214_004236_s1/57082055/ccs,1,62,2,12,304,CAA_interrupted,60
H3,m84137_260214_004236_s1/44173289/ccs,1,62,2,12,304,CAA_interrupted,60
H3,m84137_260214_004236_s1/75432748/ccs,1,62,2,12,304,CAA_interrupted,60
H3,m84137_260214_004236_s1/197395930/ccs,1,62,2,12,304,CAA_interrupted,60
H3,m84137_260214_004236_s1/162928083/ccs,1,62,2,12,304,CAA_interrupted,60
H3,m84137_260214_004236_s1/23790099/ccs,1,62,2,12,304,CAA_interrupted,60
H3,m84137_260214_004236_s1/24053802/ccs,1,62,2,12,304,CAA_interrupted,60
H3,m84137_260214_004236_s1/50397737/ccs,1,61,2,13,304,CAA_interrupted,60
H3,m84137_260214_004236_s1/59769514/ccs,1,62,2,12,304,CAA_interrupted,60
H3,m84137_260214_004236_s1/44368322/ccs,1,62,2,12,304,CAA_interrupted,60
H3,m84137_260214_004236_s1/73662647/ccs,1,62,2,12,304,CAA_interrupted,60
H3,m84137_260214_004236_s1/83165595/ccs,1,62,2,12,304,CAA_interrupted,60
H3,m84137_260214_004236_s1/202115982/ccs,1,62,2,12,304,CAA_interrupted,60
H3,m84137_260214_004236_s1/12521611/ccs,1,61,2,12,304,CAA_interrupted,60
H3,m84137_260214_004236_s1/235280173/ccs,1,62,2,12,304,CAA_interrupted,60
H3,m84137_260214_004236_s1/151851683/ccs,1,62,2,12,304,CAA_interrupted,60
H3,m84137_260214_004236_s1/115150992/ccs,1,62,2,12,304,CAA_interrupted,60
H3,m84137_260214_004236_s1/166203175/ccs,1,62,2,12,304,CAA_interrupted,60
H3,m84137_260214_004236_s1/237572508/ccs,1,62,2,12,304,CAA_interrupted,60
H3,m84137_260214_004236_s1/237769504/ccs,1,62,2,12,304,CAA_interrupted,60
H3,m84137_260214_004236_s1/233116119/ccs,1,62,2,12,304,CAA_interrupted,60
H3,m84137_260214_004236_s1/234163790/ccs,1,62,2,12,304,CAA_interrupted,60
H3,m84137_260214_004236_s1/217519902/ccs,1,62,2,12,304,CAA_interrupted,60
H3,m84137_260214_004236_s1/159321981/ccs,1,62,2,12,304,CAA_interrupted,60
H3,m84137_260214_004236_s1/166924015/ccs,1,62,2,12,304,CAA_interrupted,60
H3,m84137_260214_004236_s1/148900728/ccs,1,62,2,12,304,CAA_interrupted,60
H3,m84137_260214_004236_s1/249038310/ccs,1,62,2,12,304,CAA_interrupted,60
H3,m84137_260214_004236_s1/253627492/ccs,1,62,2,12,304,CAA_interrupted,60
H3,m84137_260214_004236_s1/224002635/ccs,1,62,2,12,304,CAA_interrupted,60
H3,m84137_260214_004236_s1/246879617/ccs,1,62,2,12,304,CAA_interrupted,60
H3,m84137_260214_004236_s1/14615532/ccs,1,62,2,12,304,CAA_interrupted,60
H3,m84137_260214_004236_s1/68616481/ccs,1,62,2,12,304,CAA_interrupted,60
H3,m84137_260214_004236_s1/97651186/ccs,1,62,2,12,304,CAA_interrupted,60
H3,m84137_260214_004236_s1/190449792/ccs,1,62,2,12,304,CAA_interrupted,60
H3,m84137_260214_004236_s1/207095814/ccs,1,62,2,12,304,CAA_interrupted,60
H3,m84137_260214_004236_s1/237964250/ccs,1,62,2,12,304,CAA_interrupted,60
H3,m84137_260214_004236_s1/105647659/ccs,1,62,2,12,304,CAA_interrupted,60
H3,m84137_260214_004236_s1/225121335/ccs,1,62,2,12,304,CAA_interrupted,60
H3,m84137_260214_004236_s1/266145484/ccs,1,62,2,12,304,CAA_interrupted,60
H3,m84137_260214_004236_s1/22940192/ccs,1,62,2,12,304,CAA_interrupted,60
H3,m84137_260214_004236_s1/26871481/ccs,1,62,2,12,304,CAA_interrupted,60
H3,m84137_260214_004236_s1/34997219/ccs,1,62,2,12,304,CAA_interrupted,60
H3,m84137_260214_004236_s1/33161889/ccs,1,62,2,12,304,CAA_interrupted,60
H3,m84137_260214_004236_s1/57805427/ccs,1,62,2,12,304,CAA_interrupted,60
H3,m84137_260214_004236_s1/85789095/ccs,1,62,2,12,304,CAA_interrupted,60
H3,m84137_260214_004236_s1/109054587/ccs,1,62,2,12,304,CAA_interrupted,60
H3,m84137_260214_004236_s1/110364148/ccs,1,62,2,12,304,CAA_interrupted,60
H3,m84137_260214_004236_s1/158598698/ccs,1,62,2,12,304,CAA_interrupted,60
H3,m84137_260214_004236_s1/154600198/ccs,1,62,2,12,304,CAA_interrupted,60
H3,m84137_260214_004236_s1/190186193/ccs,1,62,2,12,304,CAA_interrupted,60
H3,m84137_260214_004236_s1/150143533/ccs,1,62,2,12,304,CAA_interrupted,60
H3,m84137_260214_004236_s1/209519873/ccs,1,62,2,12,304,CAA_interrupted,60
H3,m84137_260214_004236_s1/227476204/ccs,1,62,2,12,304,CAA_interrupted,60
H3,m84137_260214_004236_s1/243532218/ccs,1,62,2,12,304,CAA_interrupted,60
H3,m84137_260214_004236_s1/5640660/ccs,1,62,2,12,304,CAA_interrupted,60
H3,m84137_260214_004236_s1/20255036/ccs,1,62,2,12,304,CAA_interrupted,60
H3,m84137_260214_004236_s1/250282078/ccs,1,62,2,12,304,CAA_interrupted,60
H3,m84137_260214_004236_s1/21958407/ccs,1,62,2,12,304,CAA_interrupted,60
H3,m84137_260214_004236_s1/11078980/ccs,1,62,2,12,304,CAA_interrupted,60
H3,m84137_260214_004236_s1/55448456/ccs,1,62,2,12,304,CAA_interrupted,60
H3,m84137_260214_004236_s1/90180677/ccs,1,62,2,12,304,CAA_interrupted,60
H3,m84137_260214_004236_s1/78777898/ccs,1,62,2,12,304,CAA_interrupted,60
H3,m84137_260214_004236_s1/121639165/ccs,1,62,2,12,304,CAA_interrupted,60
H3,m84137_260214_004236_s1/159057336/ccs,1,60,2,13,304,CAA_interrupted,60
H3,m84137_260214_004236_s1/136319382/ccs,1,62,2,12,305,CAA_interrupted,60
H3,m84137_260214_004236_s1/65601626/ccs,1,62,2,12,305,CAA_interrupted,60
H3,m84137_260214_004236_s1/106890583/ccs,1,63,2,10,305,CAA_interrupted,60
H3,m84137_260214_004236_s1/94177653/ccs,1,61,3,12,305,CAA_interrupted,60
H3,m84137_260214_004236_s1/220201284/ccs,1,62,2,12,305,CAA_interrupted,60
H3,m84137_260214_004236_s1/72419124/ccs,1,62,2,12,305,CAA_interrupted,60
H3,m84137_260214_004236_s1/68751211/ccs,1,62,2,12,306,CAA_interrupted,60
H3,m84137_260214_004236_s1/218172527/ccs,1,62,2,12,306,CAA_interrupted,60
H3,m84137_260214_004236_s1/147195519/ccs,1,63,2,12,307,CAA_interrupted,60
H3,m84137_260214_004236_s1/217189933/ccs,1,64,2,11,307,CAA_interrupted,60
H3,m84137_260214_004236_s1/42468910/ccs,1,63,2,12,307,CAA_interrupted,60
H3,m84137_260214_004236_s1/258084312/ccs,1,63,2,12,307,CAA_interrupted,60
H3,m84137_260214_004236_s1/202704595/ccs,1,63,2,12,307,CAA_interrupted,60
H3,m84137_260214_004236_s1/229771790/ccs,1,63,2,12,307,CAA_interrupted,60
H3,m84137_260214_004236_s1/231211394/ccs,1,63,2,12,307,CAA_interrupted,60
H3,m84137_260214_004236_s1/216468442/ccs,1,63,2,12,307,CAA_interrupted,60
H3,m84137_260214_004236_s1/265226476/ccs,1,63,2,12,307,CAA_interrupted,60
H3,m84137_260214_004236_s1/18945360/ccs,1,63,2,12,307,CAA_interrupted,60
H3,m84137_260214_004236_s1/5640016/ccs,1,63,2,12,307,CAA_interrupted,60
H3,m84137_260214_004236_s1/8394369/ccs,1,63,2,12,307,CAA_interrupted,60
H3,m84137_260214_004236_s1/26415487/ccs,1,63,2,12,307,CAA_interrupted,60
H3,m84137_260214_004236_s1/27137011/ccs,1,63,2,12,307,CAA_interrupted,60
H3,m84137_260214_004236_s1/52761593/ccs,1,63,2,12,307,CAA_interrupted,60
H3,m84137_260214_004236_s1/38210713/ccs,1,63,2,12,307,CAA_interrupted,60
H3,m84137_260214_004236_s1/109974937/ccs,1,63,2,12,307,CAA_interrupted,60
H3,m84137_260214_004236_s1/134876971/ccs,1,63,2,12,307,CAA_interrupted,60
H3,m84137_260214_004236_s1/136908233/ccs,1,63,2,12,307,CAA_interrupted,60
H3,m84137_260214_004236_s1/173807386/ccs,1,63,2,12,307,CAA_interrupted,60
H3,m84137_260214_004236_s1/189862247/ccs,1,63,2,12,307,CAA_interrupted,60
H3,m84137_260214_004236_s1/172953526/ccs,1,63,2,12,307,CAA_interrupted,60
H3,m84137_260214_004236_s1/203361898/ccs,1,63,2,12,307,CAA_interrupted,60
H3,m84137_260214_004236_s1/201134123/ccs,1,63,2,12,307,CAA_interrupted,60
H3,m84137_260214_004236_s1/182521595/ccs,1,63,2,12,307,CAA_interrupted,60
H3,m84137_260214_004236_s1/254021213/ccs,1,63,2,12,307,CAA_interrupted,60
H3,m84137_260214_004236_s1/262017007/ccs,1,63,2,12,307,CAA_interrupted,60
H3,m84137_260214_004236_s1/264965451/ccs,1,63,2,12,307,CAA_interrupted,60
H3,m84137_260214_004236_s1/111477960/ccs,1,63,2,12,307,CAA_interrupted,60
H3,m84137_260214_004236_s1/133169740/ccs,1,63,2,12,307,CAA_interrupted,60
H3,m84137_260214_004236_s1/233114266/ccs,1,63,2,12,307,CAA_interrupted,60
H3,m84137_260214_004236_s1/252841093/ccs,1,63,2,12,307,CAA_interrupted,60
H3,m84137_260214_004236_s1/136251559/ccs,1,63,2,12,307,CAA_interrupted,60
H3,m84137_260214_004236_s1/180683035/ccs,1,63,2,12,307,CAA_interrupted,60
H3,m84137_260214_004236_s1/116130984/ccs,1,63,2,12,307,CAA_interrupted,60
H3,m84137_260214_004236_s1/212469820/ccs,1,63,2,12,307,CAA_interrupted,60
H3,m84137_260214_004236_s1/266012388/ccs,1,63,2,12,307,CAA_interrupted,60
H3,m84137_260214_004236_s1/51187189/ccs,1,63,2,12,307,CAA_interrupted,60
H3,m84137_260214_004236_s1/69799830/ccs,1,63,2,12,307,CAA_interrupted,60
H3,m84137_260214_004236_s1/61150492/ccs,1,63,2,12,307,CAA_interrupted,60
H3,m84137_260214_004236_s1/11207414/ccs,1,63,2,12,307,CAA_interrupted,60
H3,m84137_260214_004236_s1/12255356/ccs,1,63,2,12,307,CAA_interrupted,60
H3,m84137_260214_004236_s1/29492721/ccs,1,63,2,12,307,CAA_interrupted,60
H3,m84137_260214_004236_s1/21038837/ccs,1,63,2,12,307,CAA_interrupted,60
H3,m84137_260214_004236_s1/10946814/ccs,1,63,2,12,307,CAA_interrupted,60
H3,m84137_260214_004236_s1/15663643/ccs,1,63,2,12,307,CAA_interrupted,60
H3,m84137_260214_004236_s1/16580804/ccs,1,62,2,13,307,CAA_interrupted,60
H3,m84137_260214_004236_s1/57999647/ccs,1,63,2,12,307,CAA_interrupted,60
H3,m84137_260214_004236_s1/63112922/ccs,1,63,2,12,307,CAA_interrupted,60
H3,m84137_260214_004236_s1/84806407/ccs,1,63,2,12,307,CAA_interrupted,60
H3,m84137_260214_004236_s1/92800931/ccs,1,63,2,12,307,CAA_interrupted,60
H3,m84137_260214_004236_s1/101058713/ccs,1,63,2,12,307,CAA_interrupted,60
H3,m84137_260214_004236_s1/88801417/ccs,1,63,2,12,307,CAA_interrupted,60
H3,m84137_260214_004236_s1/117834430/ccs,1,63,2,12,307,CAA_interrupted,60
H3,m84137_260214_004236_s1/83297377/ccs,1,63,2,12,307,CAA_interrupted,60
H3,m84137_260214_004236_s1/107282631/ccs,1,63,2,12,307,CAA_interrupted,60
H3,m84137_260214_004236_s1/113771717/ccs,1,63,2,12,307,CAA_interrupted,60
H3,m84137_260214_004236_s1/132055458/ccs,1,63,2,12,307,CAA_interrupted,60
H3,m84137_260214_004236_s1/167773301/ccs,1,63,2,12,307,CAA_interrupted,60
H3,m84137_260214_004236_s1/165349883/ccs,1,63,2,12,307,CAA_interrupted,60
H3,m84137_260214_004236_s1/190121133/ccs,1,63,2,12,307,CAA_interrupted,60
H3,m84137_260214_004236_s1/169148804/ccs,1,63,2,12,307,CAA_interrupted,60
H3,m84137_260214_004236_s1/188744229/ccs,1,63,2,12,307,CAA_interrupted,60
H3,m84137_260214_004236_s1/18153680/ccs,1,63,2,12,307,CAA_interrupted,60
H3,m84137_260214_004236_s1/48891676/ccs,1,63,2,12,307,CAA_interrupted,60
H3,m84137_260214_004236_s1/98765689/ccs,1,63,2,12,307,CAA_interrupted,60
H3,m84137_260214_004236_s1/167576450/ccs,1,63,2,12,307,CAA_interrupted,60
H3,m84137_260214_004236_s1/208013983/ccs,1,63,2,12,307,CAA_interrupted,60
H3,m84137_260214_004236_s1/52826035/ccs,1,63,2,12,307,CAA_interrupted,60
H3,m84137_260214_004236_s1/156241188/ccs,1,63,2,12,307,CAA_interrupted,60
H3,m84137_260214_004236_s1/194581134/ccs,1,63,2,12,307,CAA_interrupted,60
H3,m84137_260214_004236_s1/266275999/ccs,1,63,2,12,307,CAA_interrupted,60
H3,m84137_260214_004236_s1/17369550/ccs,1,63,2,12,307,CAA_interrupted,60
H3,m84137_260214_004236_s1/36046756/ccs,1,63,2,12,307,CAA_interrupted,60
H3,m84137_260214_004236_s1/61407744/ccs,1,63,2,12,307,CAA_interrupted,60
H3,m84137_260214_004236_s1/76547133/ccs,1,63,2,12,307,CAA_interrupted,60
H3,m84137_260214_004236_s1/102501046/ccs,1,63,2,12,307,CAA_interrupted,60
H3,m84137_260214_004236_s1/105121051/ccs,1,63,2,12,307,CAA_interrupted,60
H3,m84137_260214_004236_s1/156633846/ccs,1,63,2,12,307,CAA_interrupted,60
H3,m84137_260214_004236_s1/117050119/ccs,1,63,2,12,307,CAA_interrupted,60
H3,m84137_260214_004236_s1/143526568/ccs,1,63,2,12,307,CAA_interrupted,60
H3,m84137_260214_004236_s1/192086737/ccs,1,63,2,12,307,CAA_interrupted,60
H3,m84137_260214_004236_s1/193463868/ccs,1,63,2,12,307,CAA_interrupted,60
H3,m84137_260214_004236_s1/197853414/ccs,1,63,2,12,307,CAA_interrupted,60
H3,m84137_260214_004236_s1/182845793/ccs,1,63,2,12,307,CAA_interrupted,60
H3,m84137_260214_004236_s1/226822933/ccs,1,63,2,13,307,CAA_interrupted,60
H3,m84137_260214_004236_s1/211289962/ccs,1,63,2,12,307,CAA_interrupted,60
H3,m84137_260214_004236_s1/257558759/ccs,1,63,2,12,307,CAA_interrupted,60
H3,m84137_260214_004236_s1/248054921/ccs,1,63,2,12,307,CAA_interrupted,60
H3,m84137_260214_004236_s1/9440969/ccs,1,61,2,13,307,CAA_interrupted,60
H3,m84137_260214_004236_s1/212080047/ccs,1,63,2,12,307,CAA_interrupted,60
H3,m84137_260214_004236_s1/248186735/ccs,1,63,2,12,307,CAA_interrupted,60
H3,m84137_260214_004236_s1/201720604/ccs,1,63,2,12,307,CAA_interrupted,60
H3,m84137_260214_004236_s1/92015823/ccs,1,63,2,12,307,CAA_interrupted,60
H3,m84137_260214_004236_s1/79564869/ccs,1,63,2,12,307,CAA_interrupted,60
H3,m84137_260214_004236_s1/127012267/ccs,1,63,2,12,307,CAA_interrupted,60
H3,m84137_260214_004236_s1/154538284/ccs,1,63,2,12,307,CAA_interrupted,60
H3,m84137_260214_004236_s1/160044701/ccs,1,63,2,12,307,CAA_interrupted,60
H3,m84137_260214_004236_s1/146280939/ccs,1,63,2,12,307,CAA_interrupted,60
H3,m84137_260214_004236_s1/177344114/ccs,1,63,2,12,307,CAA_interrupted,60
H3,m84137_260214_004236_s1/255792082/ccs,1,63,2,12,307,CAA_interrupted,60
H3,m84137_260214_004236_s1/259987287/ccs,1,63,2,12,307,CAA_interrupted,60
H3,m84137_260214_004236_s1/242946763/ccs,1,62,2,13,307,CAA_interrupted,60
H3,m84137_260214_004236_s1/30475403/ccs,1,63,2,12,307,CAA_interrupted,60
H3,m84137_260214_004236_s1/254546574/ccs,1,63,2,12,307,CAA_interrupted,60
H3,m84137_260214_004236_s1/114361671/ccs,1,63,2,12,307,CAA_interrupted,60
H3,m84137_260214_004236_s1/60428197/ccs,1,63,2,12,307,CAA_interrupted,60
H3,m84137_260214_004236_s1/234230203/ccs,1,62,3,12,308,CAA_interrupted,60
H3,m84137_260214_004236_s1/266145193/ccs,1,62,3,12,308,CAA_interrupted,60
H3,m84137_260214_004236_s1/103946042/ccs,1,63,2,12,308,CAA_interrupted,60
H3,m84137_260214_004236_s1/61079987/ccs,1,64,2,11,308,CAA_interrupted,60
H3,m84137_260214_004236_s1/239472432/ccs,1,64,2,11,308,CAA_interrupted,60
H3,m84137_260214_004236_s1/241566692/ccs,1,63,2,12,309,CAA_interrupted,60
H3,m84137_260214_004236_s1/126421802/ccs,1,61,4,12,309,CAA_interrupted,60
H3,m84137_260214_004236_s1/5244971/ccs,1,64,2,12,310,CAA_interrupted,60
H3,m84137_260214_004236_s1/217909657/ccs,1,64,2,12,310,CAA_interrupted,60
H3,m84137_260214_004236_s1/148112388/ccs,1,64,2,12,310,CAA_interrupted,60
H3,m84137_260214_004236_s1/262805243/ccs,1,62,3,12,310,CAA_interrupted,60
H3,m84137_260214_004236_s1/265356549/ccs,1,64,2,12,310,CAA_interrupted,60
H3,m84137_260214_004236_s1/27333164/ccs,1,64,2,12,310,CAA_interrupted,60
H3,m84137_260214_004236_s1/153161290/ccs,1,64,2,12,310,CAA_interrupted,60
H3,m84137_260214_004236_s1/191370619/ccs,1,64,2,12,310,CAA_interrupted,60
H3,m84137_260214_004236_s1/23003217/ccs,1,64,2,12,310,CAA_interrupted,60
H3,m84137_260214_004236_s1/56754633/ccs,1,64,2,12,310,CAA_interrupted,60
H3,m84137_260214_004236_s1/51119737/ccs,1,64,2,12,310,CAA_interrupted,60
H3,m84137_260214_004236_s1/35914803/ccs,1,64,2,12,310,CAA_interrupted,60
H3,m84137_260214_004236_s1/43516991/ccs,1,64,2,12,310,CAA_interrupted,60
H3,m84137_260214_004236_s1/93586587/ccs,1,64,2,12,310,CAA_interrupted,60
H3,m84137_260214_004236_s1/82708444/ccs,1,64,2,12,310,CAA_interrupted,60
H3,m84137_260214_004236_s1/136119960/ccs,1,64,2,12,310,CAA_interrupted,60
H3,m84137_260214_004236_s1/136841824/ccs,1,64,2,12,310,CAA_interrupted,60
H3,m84137_260214_004236_s1/141494721/ccs,1,63,2,13,310,CAA_interrupted,60
H3,m84137_260214_004236_s1/150339922/ccs,1,64,2,12,310,CAA_interrupted,60
H3,m84137_260214_004236_s1/179505506/ccs,1,64,2,12,310,CAA_interrupted,60
H3,m84137_260214_004236_s1/207291044/ccs,1,64,2,12,310,CAA_interrupted,60
H3,m84137_260214_004236_s1/221447583/ccs,1,64,2,12,310,CAA_interrupted,60
H3,m84137_260214_004236_s1/183961510/ccs,1,64,2,12,310,CAA_interrupted,60
H3,m84137_260214_004236_s1/226559511/ccs,1,64,2,12,310,CAA_interrupted,60
H3,m84137_260214_004236_s1/211879388/ccs,1,64,2,12,310,CAA_interrupted,60
H3,m84137_260214_004236_s1/244843036/ccs,1,64,2,12,310,CAA_interrupted,60
H3,m84137_260214_004236_s1/23203838/ccs,1,64,2,12,310,CAA_interrupted,60
H3,m84137_260214_004236_s1/11408841/ccs,1,64,2,12,310,CAA_interrupted,60
H3,m84137_260214_004236_s1/68162403/ccs,1,64,2,12,310,CAA_interrupted,60
H3,m84137_260214_004236_s1/191760254/ccs,1,64,2,12,310,CAA_interrupted,60
H3,m84137_260214_004236_s1/62263779/ccs,1,64,2,12,310,CAA_interrupted,60
H3,m84137_260214_004236_s1/245170319/ccs,1,63,2,12,310,CAA_interrupted,60
H3,m84137_260214_004236_s1/223545251/ccs,1,64,2,12,310,CAA_interrupted,60
H3,m84137_260214_004236_s1/224526641/ccs,1,64,2,12,310,CAA_interrupted,60
H3,m84137_260214_004236_s1/43715746/ccs,1,64,2,12,310,CAA_interrupted,60
H3,m84137_260214_004236_s1/127013402/ccs,1,64,2,12,310,CAA_interrupted,60
H3,m84137_260214_004236_s1/135597423/ccs,1,64,2,12,310,CAA_interrupted,60
H3,m84137_260214_004236_s1/187569014/ccs,1,64,2,12,310,CAA_interrupted,60
H3,m84137_260214_004236_s1/149164876/ccs,1,64,2,12,310,CAA_interrupted,60
H3,m84137_260214_004236_s1/220007594/ccs,1,64,2,12,310,CAA_interrupted,60
H3,m84137_260214_004236_s1/235017925/ccs,1,64,2,12,310,CAA_interrupted,60
H3,m84137_260214_004236_s1/213586409/ccs,1,64,2,12,310,CAA_interrupted,60
H3,m84137_260214_004236_s1/248778855/ccs,1,64,2,12,310,CAA_interrupted,60
H3,m84137_260214_004236_s1/34669779/ccs,1,64,2,12,310,CAA_interrupted,60
H3,m84137_260214_004236_s1/161810441/ccs,1,64,2,12,310,CAA_interrupted,60
H3,m84137_260214_004236_s1/18420049/ccs,1,64,2,12,310,CAA_interrupted,60
H3,m84137_260214_004236_s1/21039579/ccs,1,64,2,12,310,CAA_interrupted,60
H3,m84137_260214_004236_s1/23332266/ccs,1,64,2,12,310,CAA_interrupted,60
H3,m84137_260214_004236_s1/15532833/ccs,1,64,2,12,310,CAA_interrupted,60
H3,m84137_260214_004236_s1/126422099/ccs,1,64,2,12,310,CAA_interrupted,60
H3,m84137_260214_004236_s1/16714278/ccs,1,64,2,12,310,CAA_interrupted,60
H3,m84137_260214_004236_s1/18284717/ccs,1,64,2,12,310,CAA_interrupted,60
H3,m84137_260214_004236_s1/19401281/ccs,1,64,2,12,310,CAA_interrupted,60
H3,m84137_260214_004236_s1/27002620/ccs,1,64,2,12,310,CAA_interrupted,60
H3,m84137_260214_004236_s1/120653770/ccs,1,64,2,12,310,CAA_interrupted,60
H3,m84137_260214_004236_s1/131794520/ccs,1,64,2,12,310,CAA_interrupted,60
H3,m84137_260214_004236_s1/155059399/ccs,1,64,2,12,310,CAA_interrupted,60
H3,m84137_260214_004236_s1/143460761/ccs,1,64,2,12,310,CAA_interrupted,60
H3,m84137_260214_004236_s1/173867794/ccs,1,64,2,13,310,CAA_interrupted,60
H3,m84137_260214_004236_s1/191104917/ccs,1,64,2,12,310,CAA_interrupted,60
H3,m84137_260214_004236_s1/180815569/ccs,1,64,2,12,310,CAA_interrupted,60
H3,m84137_260214_004236_s1/234031421/ccs,1,64,2,12,310,CAA_interrupted,60
H3,m84137_260214_004236_s1/22156239/ccs,1,64,2,12,310,CAA_interrupted,60
H3,m84137_260214_004236_s1/32641855/ccs,1,64,2,12,310,CAA_interrupted,60
H3,m84137_260214_004236_s1/40572110/ccs,1,64,2,12,310,CAA_interrupted,60
H3,m84137_260214_004236_s1/68685388/ccs,1,64,2,12,310,CAA_interrupted,60
H3,m84137_260214_004236_s1/65080804/ccs,1,64,2,12,310,CAA_interrupted,60
H3,m84137_260214_004236_s1/96604004/ccs,1,64,2,12,310,CAA_interrupted,60
H3,m84137_260214_004236_s1/102108762/ccs,1,64,2,12,310,CAA_interrupted,60
H3,m84137_260214_004236_s1/108926550/ccs,1,64,2,12,310,CAA_interrupted,60
H3,m84137_260214_004236_s1/159651749/ccs,1,64,2,12,310,CAA_interrupted,60
H3,m84137_260214_004236_s1/55968683/ccs,1,64,2,12,310,CAA_interrupted,60
H3,m84137_260214_004236_s1/22480023/ccs,1,64,2,12,310,CAA_interrupted,60
H3,m84137_260214_004236_s1/117376175/ccs,1,64,2,12,310,CAA_interrupted,60
H3,m84137_260214_004236_s1/249105181/ccs,1,64,2,12,310,CAA_interrupted,60
H3,m84137_260214_004236_s1/11472381/ccs,1,64,2,12,310,CAA_interrupted,60
H3,m84137_260214_004236_s1/12522489/ccs,1,64,2,12,310,CAA_interrupted,60
H3,m84137_260214_004236_s1/134222316/ccs,1,64,2,12,310,CAA_interrupted,60
H3,m84137_260214_004236_s1/154998618/ccs,1,64,2,12,310,CAA_interrupted,60
H3,m84137_260214_004236_s1/44501009/ccs,1,64,2,12,310,CAA_interrupted,60
H3,m84137_260214_004236_s1/62591823/ccs,1,64,2,12,310,CAA_interrupted,60
H3,m84137_260214_004236_s1/14815624/ccs,1,64,2,12,310,CAA_interrupted,60
H3,m84137_260214_004236_s1/51249233/ccs,1,64,2,12,310,CAA_interrupted,60
H3,m84137_260214_004236_s1/14812041/ccs,1,63,3,12,311,CAA_interrupted,60
H3,m84137_260214_004236_s1/72878342/ccs,1,63,3,12,311,CAA_interrupted,60
H3,m84137_260214_004236_s1/38274281/ccs,1,64,2,12,311,CAA_interrupted,60
H3,m84137_260214_004236_s1/21433032/ccs,1,64,2,12,312,CAA_interrupted,60
H3,m84137_260214_004236_s1/251071208/ccs,1,63,2,13,312,CAA_interrupted,60
H3,m84137_260214_004236_s1/188025622/ccs,1,65,2,11,312,CAA_interrupted,60
H3,m84137_260214_004236_s1/224726416/ccs,1,64,2,12,312,CAA_interrupted,60
H3,m84137_260214_004236_s1/146148112/ccs,1,61,4,12,313,CAA_interrupted,60
H3,m84137_260214_004236_s1/23333273/ccs,1,65,2,12,313,CAA_interrupted,60
H3,m84137_260214_004236_s1/162662894/ccs,1,65,2,12,313,CAA_interrupted,60
H3,m84137_260214_004236_s1/143330363/ccs,1,65,2,12,313,CAA_interrupted,60
H3,m84137_260214_004236_s1/217058809/ccs,1,65,2,12,313,CAA_interrupted,60
H3,m84137_260214_004236_s1/19267672/ccs,1,65,2,12,313,CAA_interrupted,60
H3,m84137_260214_004236_s1/38082304/ccs,1,65,2,12,313,CAA_interrupted,60
H3,m84137_260214_004236_s1/26084431/ccs,1,65,2,12,313,CAA_interrupted,60
H3,m84137_260214_004236_s1/5310681/ccs,1,65,2,12,313,CAA_interrupted,60
H3,m84137_260214_004236_s1/36113131/ccs,1,65,2,12,313,CAA_interrupted,60
H3,m84137_260214_004236_s1/96733747/ccs,1,65,2,12,313,CAA_interrupted,60
H3,m84137_260214_004236_s1/135858962/ccs,1,65,2,12,313,CAA_interrupted,60
H3,m84137_260214_004236_s1/159449331/ccs,1,65,2,12,313,CAA_interrupted,60
H3,m84137_260214_004236_s1/144771502/ccs,1,65,2,12,313,CAA_interrupted,60
H3,m84137_260214_004236_s1/148964733/ccs,1,65,2,12,313,CAA_interrupted,60
H3,m84137_260214_004236_s1/193200245/ccs,1,65,2,12,313,CAA_interrupted,60
H3,m84137_260214_004236_s1/242876585/ccs,1,65,2,12,313,CAA_interrupted,60
H3,m84137_260214_004236_s1/75829409/ccs,1,65,2,12,313,CAA_interrupted,60
H3,m84137_260214_004236_s1/154998178/ccs,1,65,2,12,313,CAA_interrupted,60
H3,m84137_260214_004236_s1/216798585/ccs,1,65,2,12,313,CAA_interrupted,60
H3,m84137_260214_004236_s1/14484610/ccs,1,65,2,12,313,CAA_interrupted,60
H3,m84137_260214_004236_s1/63178883/ccs,1,65,2,12,313,CAA_interrupted,60
H3,m84137_260214_004236_s1/37098965/ccs,1,65,2,12,313,CAA_interrupted,60
H3,m84137_260214_004236_s1/180555793/ccs,1,65,2,12,313,CAA_interrupted,60
H3,m84137_260214_004236_s1/227673029/ccs,1,65,2,12,313,CAA_interrupted,60
H3,m84137_260214_004236_s1/8849429/ccs,1,65,2,12,313,CAA_interrupted,60
H3,m84137_260214_004236_s1/63635995/ccs,1,65,2,12,313,CAA_interrupted,60
H3,m84137_260214_004236_s1/165611382/ccs,1,65,2,12,313,CAA_interrupted,60
H3,m84137_260214_004236_s1/219222855/ccs,1,65,2,12,313,CAA_interrupted,60
H3,m84137_260214_004236_s1/265622255/ccs,1,65,2,12,313,CAA_interrupted,60
H3,m84137_260214_004236_s1/61473830/ccs,1,65,2,12,313,CAA_interrupted,60
H3,m84137_260214_004236_s1/84675419/ccs,1,65,2,12,313,CAA_interrupted,60
H3,m84137_260214_004236_s1/119931687/ccs,1,65,2,12,313,CAA_interrupted,60
H3,m84137_260214_004236_s1/162663312/ccs,1,65,2,12,313,CAA_interrupted,60
H3,m84137_260214_004236_s1/163774657/ccs,1,65,2,12,313,CAA_interrupted,60
H3,m84137_260214_004236_s1/147325189/ccs,1,65,2,12,313,CAA_interrupted,60
H3,m84137_260214_004236_s1/182125434/ccs,1,65,2,12,313,CAA_interrupted,60
H3,m84137_260214_004236_s1/225576074/ccs,1,65,2,12,313,CAA_interrupted,60
H3,m84137_260214_004236_s1/229900829/ccs,1,65,2,12,313,CAA_interrupted,60
H3,m84137_260214_004236_s1/258408881/ccs,1,65,2,12,313,CAA_interrupted,60
H3,m84137_260214_004236_s1/262932357/ccs,1,65,2,12,313,CAA_interrupted,60
H3,m84137_260214_004236_s1/127538234/ccs,1,65,2,12,313,CAA_interrupted,60
H3,m84137_260214_004236_s1/186322344/ccs,1,65,2,12,313,CAA_interrupted,60
H3,m84137_260214_004236_s1/226104804/ccs,1,65,2,12,313,CAA_interrupted,60
H3,m84137_260214_004236_s1/246615175/ccs,1,65,2,12,313,CAA_interrupted,60
H3,m84137_260214_004236_s1/17569222/ccs,1,65,2,12,313,CAA_interrupted,60
H3,m84137_260214_004236_s1/15142507/ccs,1,65,2,12,313,CAA_interrupted,60
H3,m84137_260214_004236_s1/98441074/ccs,1,65,2,12,313,CAA_interrupted,60
H3,m84137_260214_004236_s1/228395109/ccs,1,65,2,12,313,CAA_interrupted,60
H3,m84137_260214_004236_s1/216732432/ccs,1,64,2,13,313,CAA_interrupted,60
H3,m84137_260214_004236_s1/35525426/ccs,1,65,2,12,313,CAA_interrupted,60
H3,m84137_260214_004236_s1/94636808/ccs,1,65,2,12,314,CAA_interrupted,60
H3,m84137_260214_004236_s1/75435054/ccs,1,64,3,12,314,CAA_interrupted,60
H3,m84137_260214_004236_s1/199431951/ccs,1,66,2,12,316,CAA_interrupted,60
H3,m84137_260214_004236_s1/190910477/ccs,1,66,2,12,316,CAA_interrupted,60
H3,m84137_260214_004236_s1/222757056/ccs,1,66,2,12,316,CAA_interrupted,60
H3,m84137_260214_004236_s1/27198040/ccs,1,66,2,12,316,CAA_interrupted,60
H3,m84137_260214_004236_s1/56164717/ccs,1,66,2,12,316,CAA_interrupted,60
H3,m84137_260214_004236_s1/56033736/ccs,1,66,2,12,316,CAA_interrupted,60
H3,m84137_260214_004236_s1/77465094/ccs,1,66,2,12,316,CAA_interrupted,60
H3,m84137_260214_004236_s1/168363375/ccs,1,66,2,12,316,CAA_interrupted,60
H3,m84137_260214_004236_s1/216533655/ccs,1,66,2,12,316,CAA_interrupted,60
H3,m84137_260214_004236_s1/246416036/ccs,1,66,2,12,316,CAA_interrupted,60
H3,m84137_260214_004236_s1/4067169/ccs,1,66,2,12,316,CAA_interrupted,60
H3,m84137_260214_004236_s1/4853442/ccs,1,66,2,12,316,CAA_interrupted,60
H3,m84137_260214_004236_s1/35655286/ccs,1,66,2,12,316,CAA_interrupted,60
H3,m84137_260214_004236_s1/56234377/ccs,1,66,2,12,316,CAA_interrupted,60
H3,m84137_260214_004236_s1/198251173/ccs,1,66,2,12,316,CAA_interrupted,60
H3,m84137_260214_004236_s1/243340342/ccs,1,66,2,12,316,CAA_interrupted,60
H3,m84137_260214_004236_s1/231342264/ccs,1,66,2,12,316,CAA_interrupted,60
H3,m84137_260214_004236_s1/17371646/ccs,1,66,2,12,316,CAA_interrupted,60
H3,m84137_260214_004236_s1/40637391/ccs,1,66,2,12,316,CAA_interrupted,60
H3,m84137_260214_004236_s1/139464282/ccs,1,66,2,12,316,CAA_interrupted,60
H3,m84137_260214_004236_s1/149164497/ccs,1,66,2,12,316,CAA_interrupted,60
H3,m84137_260214_004236_s1/178458052/ccs,1,66,2,12,316,CAA_interrupted,60
H3,m84137_260214_004236_s1/208344686/ccs,1,66,2,12,316,CAA_interrupted,60
H3,m84137_260214_004236_s1/260445404/ccs,1,66,2,12,316,CAA_interrupted,60
H3,m84137_260214_004236_s1/249041579/ccs,1,66,2,12,316,CAA_interrupted,60
H3,m84137_260214_004236_s1/215942388/ccs,1,66,2,12,316,CAA_interrupted,60
H3,m84137_260214_004236_s1/7410649/ccs,1,66,2,12,316,CAA_interrupted,60
H3,m84137_260214_004236_s1/24446870/ccs,1,66,2,12,316,CAA_interrupted,60
H3,m84137_260214_004236_s1/205390081/ccs,1,66,2,12,316,CAA_interrupted,60
H3,m84137_260214_004236_s1/29166205/ccs,1,66,2,12,316,CAA_interrupted,60
H3,m84137_260214_004236_s1/25692468/ccs,1,66,2,12,316,CAA_interrupted,60
H3,m84137_260214_004236_s1/56033958/ccs,1,66,2,12,316,CAA_interrupted,60
H3,m84137_260214_004236_s1/151127178/ccs,1,66,2,12,316,CAA_interrupted,60
H3,m84137_260214_004236_s1/138216948/ccs,1,65,2,12,316,CAA_interrupted,60
H3,m84137_260214_004236_s1/219415971/ccs,1,66,2,12,316,CAA_interrupted,60
H3,m84137_260214_004236_s1/198968169/ccs,1,66,2,12,316,CAA_interrupted,60
H3,m84137_260214_004236_s1/78252938/ccs,1,65,3,12,317,CAA_interrupted,60
H3,m84137_260214_004236_s1/231016930/ccs,1,66,2,12,317,CAA_interrupted,60
H3,m84137_260214_004236_s1/57215776/ccs,1,66,2,12,318,CAA_interrupted,60
H3,m84137_260214_004236_s1/243532547/ccs,1,66,2,12,318,CAA_interrupted,60
H3,m84137_260214_004236_s1/102957688/ccs,1,67,2,12,319,CAA_interrupted,60
H3,m84137_260214_004236_s1/95491734/ccs,1,67,2,12,319,CAA_interrupted,60
H3,m84137_260214_004236_s1/27265232/ccs,1,67,2,12,319,CAA_interrupted,60
H3,m84137_260214_004236_s1/85789388/ccs,1,67,2,12,319,CAA_interrupted,60
H3,m84137_260214_004236_s1/116458633/ccs,1,67,2,12,319,CAA_interrupted,60
H3,m84137_260214_004236_s1/255396252/ccs,1,67,2,12,319,CAA_interrupted,60
H3,m84137_260214_004236_s1/4591426/ccs,1,67,2,12,319,CAA_interrupted,60
H3,m84137_260214_004236_s1/87626359/ccs,1,67,2,12,319,CAA_interrupted,60
H3,m84137_260214_004236_s1/7343619/ccs,1,67,2,12,319,CAA_interrupted,60
H3,m84137_260214_004236_s1/259329274/ccs,1,67,2,12,319,CAA_interrupted,60
H3,m84137_260214_004236_s1/121049240/ccs,1,67,2,12,319,CAA_interrupted,60
H3,m84137_260214_004236_s1/19204086/ccs,1,67,2,12,319,CAA_interrupted,60
H3,m84137_260214_004236_s1/15925676/ccs,1,67,2,12,319,CAA_interrupted,60
H3,m84137_260214_004236_s1/64226028/ccs,1,67,2,12,319,CAA_interrupted,60
H3,m84137_260214_004236_s1/75040885/ccs,1,67,2,12,319,CAA_interrupted,60
H3,m84137_260214_004236_s1/77267283/ccs,1,67,2,12,319,CAA_interrupted,60
H3,m84137_260214_004236_s1/140378669/ccs,1,67,2,12,319,CAA_interrupted,60
H3,m84137_260214_004236_s1/137691290/ccs,1,67,2,12,319,CAA_interrupted,60
H3,m84137_260214_004236_s1/26744344/ccs,1,67,2,12,319,CAA_interrupted,60
H3,m84137_260214_004236_s1/130814429/ccs,1,67,2,12,319,CAA_interrupted,60
H3,m84137_260214_004236_s1/220141349/ccs,1,67,2,12,319,CAA_interrupted,60
H3,m84137_260214_004236_s1/248711085/ccs,1,67,2,12,319,CAA_interrupted,60
H3,m84137_260214_004236_s1/231216011/ccs,1,67,2,12,319,CAA_interrupted,60
H3,m84137_260214_004236_s1/104858596/ccs,1,67,2,12,319,CAA_interrupted,60
H3,m84137_260214_004236_s1/241830857/ccs,1,67,2,12,319,CAA_interrupted,60
H3,m84137_260214_004236_s1/245238028/ccs,1,67,2,12,319,CAA_interrupted,60
H3,m84137_260214_004236_s1/31920446/ccs,1,68,2,12,322,CAA_interrupted,60
H3,m84137_260214_004236_s1/100734285/ccs,1,68,2,12,322,CAA_interrupted,60
H3,m84137_260214_004236_s1/74976021/ccs,1,68,2,12,322,CAA_interrupted,60
H3,m84137_260214_004236_s1/176357418/ccs,1,68,2,12,322,CAA_interrupted,60
H3,m84137_260214_004236_s1/19270902/ccs,1,68,2,12,322,CAA_interrupted,60
H3,m84137_260214_004236_s1/49549153/ccs,1,68,2,12,322,CAA_interrupted,60
H3,m84137_260214_004236_s1/184357911/ccs,1,68,2,12,322,CAA_interrupted,60
H3,m84137_260214_004236_s1/159320747/ccs,1,68,2,12,322,CAA_interrupted,60
H3,m84137_260214_004236_s1/196347666/ccs,1,68,2,12,322,CAA_interrupted,60
H3,m84137_260214_004236_s1/205261181/ccs,1,67,2,13,322,CAA_interrupted,60
H3,m84137_260214_004236_s1/162862705/ccs,1,68,2,12,322,CAA_interrupted,60
H3,m84137_260214_004236_s1/109052071/ccs,1,68,2,12,322,CAA_interrupted,60
H3,m84137_260214_004236_s1/254804342/ccs,1,68,2,12,324,CAA_interrupted,60
H3,m84137_260214_004236_s1/39327259/ccs,1,69,2,12,325,CAA_interrupted,60
H3,m84137_260214_004236_s1/50664076/ccs,1,69,2,12,325,CAA_interrupted,60
H3,m84137_260214_004236_s1/113444613/ccs,1,69,2,12,325,CAA_interrupted,60
H3,m84137_260214_004236_s1/163842574/ccs,1,69,2,12,325,CAA_interrupted,60
H3,m84137_260214_004236_s1/194055625/ccs,1,69,2,12,325,CAA_interrupted,60
H3,m84137_260214_004236_s1/182255827/ccs,1,69,2,12,325,CAA_interrupted,60
H3,m84137_260214_004236_s1/17895588/ccs,1,69,2,12,325,CAA_interrupted,60
H3,m84137_260214_004236_s1/244978811/ccs,1,69,2,12,325,CAA_interrupted,60
H3,m84137_260214_004236_s1/133894264/ccs,1,70,2,12,328,CAA_interrupted,60
H3,m84137_260214_004236_s1/187764094/ccs,1,70,2,12,328,CAA_interrupted,60
H3,m84137_260214_004236_s1/211157874/ccs,1,70,2,12,328,CAA_interrupted,60
H3,m84137_260214_004236_s1/17499563/ccs,1,70,2,12,328,CAA_interrupted,60
H3,m84137_260214_004236_s1/227935609/ccs,1,70,2,12,328,CAA_interrupted,60
H3,m84137_260214_004236_s1/206113943/ccs,1,70,2,12,328,CAA_interrupted,60
H3,m84137_260214_004236_s1/40307265/ccs,1,70,2,12,328,CAA_interrupted,60
H3,m84137_260214_004236_s1/62068222/ccs,1,70,2,12,328,CAA_interrupted,60
H3,m84137_260214_004236_s1/138283156/ccs,1,70,2,12,329,CAA_interrupted,60
H3,m84137_260214_004236_s1/208864850/ccs,1,71,2,12,331,CAA_interrupted,60
H3,m84137_260214_004236_s1/138875953/ccs,1,71,2,12,331,CAA_interrupted,60
H3,m84137_260214_004236_s1/247401642/ccs,1,71,2,12,331,CAA_interrupted,60
H3,m84137_260214_004236_s1/200867925/ccs,1,71,2,12,331,CAA_interrupted,60
H3,m84137_260214_004236_s1/192417475/ccs,1,71,2,12,331,CAA_interrupted,60
H3,m84137_260214_004236_s1/221055859/ccs,1,70,2,12,332,CAA_interrupted,60
H3,m84137_260214_004236_s1/140247326/ccs,1,72,2,12,334,CAA_interrupted,60
H3,m84137_260214_004236_s1/154796731/ccs,1,72,2,12,334,CAA_interrupted,60
H3,m84137_260214_004236_s1/139532194/ccs,1,71,3,12,335,CAA_interrupted,60
H3,m84137_260214_004236_s1/265947573/ccs,1,76,2,9,336,CAA_interrupted,60
H3,m84137_260214_004236_s1/188154622/ccs,1,73,2,12,337,CAA_interrupted,60
H3,m84137_260214_004236_s1/49615639/ccs,1,73,2,12,337,CAA_interrupted,60
H3,m84137_260214_004236_s1/162598205/ccs,1,73,2,12,337,CAA_interrupted,60
H3,m84137_260214_004236_s1/249631417/ccs,1,72,2,12,337,CAA_interrupted,60
H3,m84137_260214_004236_s1/85328247/ccs,1,72,3,12,338,CAA_interrupted,60
H3,m84137_260214_004236_s1/93717506/ccs,1,74,2,12,340,CAA_interrupted,60
H3,m84137_260214_004236_s1/181669799/ccs,1,74,2,12,340,CAA_interrupted,60
H3,m84137_260214_004236_s1/125176432/ccs,1,74,2,12,340,CAA_interrupted,60
H3,m84137_260214_004236_s1/239010234/ccs,1,74,2,12,340,CAA_interrupted,60
H3,m84137_260214_004236_s1/145690109/ccs,1,69,6,12,342,CAA_interrupted,60
H3,m84137_260214_004236_s1/241635108/ccs,1,75,2,12,343,CAA_interrupted,60
H3,m84137_260214_004236_s1/223872103/ccs,1,76,2,12,346,CAA_interrupted,60
H3,m84137_260214_004236_s1/172758307/ccs,1,77,2,12,349,CAA_interrupted,60
H3,m84137_260214_004236_s1/56493843/ccs,1,77,2,12,349,CAA_interrupted,60
H3,m84137_260214_004236_s1/237897542/ccs,1,77,2,12,349,CAA_interrupted,60
H3,m84137_260214_004236_s1/230427364/ccs,1,77,2,12,349,CAA_interrupted,60
H3,m84137_260214_004236_s1/72617644/ccs,1,77,2,12,350,CAA_interrupted,60
H3,m84137_260214_004236_s1/137299290/ccs,1,78,2,12,352,CAA_interrupted,60
H3,m84137_260214_004236_s1/183568928/ccs,1,78,2,12,354,CAA_interrupted,60
H3,m84137_260214_004236_s1/121507921/ccs,1,79,2,12,355,CAA_interrupted,60
H3,m84137_260214_004236_s1/79758998/ccs,1,81,1,12,358,CAA_interrupted,60
H3,m84137_260214_004236_s1/144246212/ccs,1,80,2,12,358,CAA_interrupted,60
H3,m84137_260214_004236_s1/2167627/ccs,1,80,2,12,358,CAA_interrupted,60
H3,m84137_260214_004236_s1/244844443/ccs,1,82,2,12,364,CAA_interrupted,60
H3,m84137_260214_004236_s1/21956594/ccs,1,83,2,12,367,CAA_interrupted,60
H3,m84137_260214_004236_s1/266143159/ccs,1,81,3,12,367,CAA_interrupted,60
H3,m84137_260214_004236_s1/93257919/ccs,1,84,2,12,370,CAA_interrupted,60
H3,m84137_260214_004236_s1/255263426/ccs,1,84,2,12,370,CAA_interrupted,60
H3,m84137_260214_004236_s1/78840334/ccs,1,85,2,12,373,CAA_interrupted,60
H3,m84137_260214_004236_s1/171381322/ccs,1,87,2,12,379,CAA_interrupted,60
H3,m84137_260214_004236_s1/42667354/ccs,1,86,4,12,384,CAA_interrupted,60
H3,m84137_260214_004236_s1/206048291/ccs,1,89,2,12,385,CAA_interrupted,60
H3,m84137_260214_004236_s1/166003128/ccs,1,90,1,12,385,CAA_interrupted,60
H3,m84137_260214_004236_s1/122423258/ccs,1,90,2,12,388,CAA_interrupted,60
H3,m84137_260214_004236_s1/125372765/ccs,1,91,2,12,391,CAA_interrupted,60
H3,m84137_260214_004236_s1/161153616/ccs,1,91,2,12,391,CAA_interrupted,60
H3,m84137_260214_004236_s1/171508622/ccs,1,93,2,12,398,CAA_interrupted,60
H3,m84137_260214_004236_s1/83891473/ccs,1,95,2,12,405,CAA_interrupted,60
H3,m84137_260214_004236_s1/235340827/ccs,1,98,2,12,413,CAA_interrupted,60
H3,m84137_260214_004236_s1/219351965/ccs,1,100,2,12,418,CAA_interrupted,60
H3,m84137_260214_004236_s1/38536812/ccs,1,115,2,12,463,CAA_interrupted,60
H3,m84137_260214_004236_s1/183178679/ccs,1,117,2,12,469,CAA_interrupted,60
H3,m84137_260214_004236_s1/81199936/ccs,1,119,2,12,475,CAA_interrupted,60
H3,m84137_260214_004236_s1/9962720/ccs,1,139,2,12,535,CAA_interrupted,60
H3,m84137_260214_004236_s1/17828471/ccs,1,232,2,13,818,CAA_interrupted,60
H3,m84137_260214_004236_s1/47579691/ccs,0,19,1,11,186,CAA_interrupted,60
H3,m84137_260214_004236_s1/247596557/ccs,1,53,5,12,303,CAA_interrupted,60
H3,m84137_260214_004236_s1/221054463/ccs,1,57,5,13,313,CAA_interrupted,60
H3,m84137_260214_004236_s1/227150282/ccs,1,60,4,16,326,CAA_interrupted,60
H3,m84137_260214_004236_s1/267649433/ccs,0,24,2,10,187,CAA_interrupted,60
H3,m84137_260214_004236_s1/105058616/ccs,0,20,3,12,188,CAA_interrupted,60
H3,m84137_260214_004236_s1/248254640/ccs,1,55,3,12,304,CAA_interrupted,60
H3,m84137_260214_004236_s1/2557275/ccs,0,21,2,11,186,CAA_interrupted,60
H3,m84137_260214_004236_s1/47321882/ccs,0,22,2,12,185,CAA_interrupted,60
H3,m84137_260214_004236_s1/148507406/ccs,0,23,2,12,187,CAA_interrupted,60
H3,m84137_260214_004236_s1/169018797/ccs,0,23,2,12,187,CAA_interrupted,60
H3,m84137_260214_004236_s1/52366985/ccs,0,23,2,12,187,CAA_interrupted,60
H3,m84137_260214_004236_s1/204212654/ccs,0,22,3,12,188,CAA_interrupted,60
H3,m84137_260214_004236_s1/197984359/ccs,0,23,2,12,188,CAA_interrupted,60
H3,m84137_260214_004236_s1/266474511/ccs,0,23,2,13,191,CAA_interrupted,60
H3,m84137_260214_004236_s1/133171230/ccs,1,58,2,12,293,CAA_interrupted,60
H3,m84137_260214_004236_s1/240718566/ccs,1,63,2,12,307,CAA_interrupted,60
H3,m84137_260214_004236_s1/239142069/ccs,1,63,2,12,307,CAA_interrupted,60
H3,m84137_260214_004236_s1/126161763/ccs,1,65,2,12,314,CAA_interrupted,60
H3,m84137_260214_004236_s1/108793603/ccs,1,85,2,12,373,CAA_interrupted,60
H3,m84137_260214_004236_s1/140314226/ccs,0,20,3,12,188,CAA_interrupted,60
H3,m84137_260214_004236_s1/228327559/ccs,0,20,3,11,189,CAA_interrupted,60
H3,m84137_260214_004236_s1/237900931/ccs,1,66,2,7,332,CAA_interrupted,60
H3,m84137_260214_004236_s1/120390364/ccs,0,24,2,11,187,CAA_interrupted,60
H3,m84137_260214_004236_s1/17173394/ccs,0,23,2,12,187,CAA_interrupted,60
H3,m84137_260214_004236_s1/262669043/ccs,0,23,2,12,187,CAA_interrupted,60
H3,m84137_260214_004236_s1/238817818/ccs,0,23,2,12,187,CAA_interrupted,60
H3,m84137_260214_004236_s1/188157851/ccs,0,23,2,13,190,CAA_interrupted,60
H3,m84137_260214_004236_s1/83366220/ccs,1,55,3,13,295,CAA_interrupted,60
H3,m84137_260214_004236_s1/175377855/ccs,1,60,2,12,298,CAA_interrupted,60
H3,m84137_260214_004236_s1/179308480/ccs,1,61,2,12,301,CAA_interrupted,60
H3,m84137_260214_004236_s1/106236253/ccs,1,59,3,12,307,CAA_interrupted,60
H3,m84137_260214_004236_s1/131007270/ccs,1,62,4,12,313,CAA_interrupted,60
H3,m84137_260214_004236_s1/229511567/ccs,1,63,4,12,315,CAA_interrupted,60
H3,m84137_260214_004236_s1/37164372/ccs,1,59,8,13,352,CAA_interrupted,60
H3,m84137_260214_004236_s1/240780529/ccs,0,21,2,11,184,CAA_interrupted,60
H3,m84137_260214_004236_s1/187568543/ccs,0,21,2,12,186,CAA_interrupted,60
H3,m84137_260214_004236_s1/39063316/ccs,1,54,1,13,303,CAA_interrupted,60
H3,m84137_260214_004236_s1/197526954/ccs,1,54,4,12,313,CAA_interrupted,60
H3,m84137_260214_004236_s1/103941966/ccs,0,20,2,15,186,CAA_interrupted,60
H3,m84137_260214_004236_s1/236191908/ccs,1,52,10,12,310,CAA_interrupted,60
H3,m84137_260214_004236_s1/256775240/ccs,1,64,2,12,321,CAA_interrupted,60
H3,m84137_260214_004236_s1/94897451/ccs,1,47,6,16,308,CAA_interrupted,60
H3,m84137_260214_004236_s1/112987334/ccs,0,20,5,13,193,CAA_interrupted,60
H3,m84137_260214_004236_s1/120458125/ccs,0,20,2,13,186,CAA_interrupted,60
H3,m84137_260214_004236_s1/185272993/ccs,1,59,2,12,311,CAA_interrupted,60
H3,m84137_260214_004236_s1/198509662/ccs,1,66,3,9,329,CAA_interrupted,60
H3,m84137_260214_004236_s1/61871305/ccs,1,63,4,12,318,CAA_interrupted,60
H3,m84137_260214_004236_s1/202310876/ccs,1,51,5,13,302,CAA_interrupted,60
H3,m84137_260214_004236_s1/59966251/ccs,1,56,2,13,310,CAA_interrupted,60
H3,m84137_260214_004236_s1/212338731/ccs,0,21,2,12,184,CAA_interrupted,60
H3,m84137_260214_004236_s1/81137636/ccs,1,60,4,12,307,CAA_interrupted,60
H3,m84137_260214_004236_s1/156833228/ccs,1,83,3,12,384,CAA_interrupted,60
H3,m84137_260214_004236_s1/171114763/ccs,0,21,2,14,188,CAA_interrupted,60
H3,m84137_260214_004236_s1/233048092/ccs,0,19,2,12,187,CAA_interrupted,60
