sample,read_id,allele,CAG_count,CAA_count,CCG_count,repeat_length_bp,classification,is_clean,is_interrupted,is_fragmented,mapq
Control_11,m84137_260214_004236_s1/18482317/ccs,0,192,4,15,206,CAA_interrupted,False,True,False,60
Control_11,m84137_260214_004236_s1/262277579/ccs,1,78,5,15,207,CAA_interrupted,False,True,False,60
Control_11,m84137_260214_004236_s1/59444425/ccs,0,88,2,14,201,CAA_interrupted,False,True,False,60
Control_11,m84137_260214_004236_s1/192810499/ccs,1,91,3,14,203,CAA_interrupted,False,True,False,60
Control_11,m84137_260214_004236_s1/42929735/ccs,1,72,2,15,204,CAA_interrupted,False,True,False,60
Control_11,m84137_260214_004236_s1/57610134/ccs,0,89,3,15,199,CAA_interrupted,False,True,False,60
Control_11,m84137_260214_004236_s1/100471491/ccs,1,92,4,14,206,CAA_interrupted,False,True,False,60
Control_11,m84137_260214_004236_s1/112332217/ccs,0,87,3,14,202,CAA_interrupted,False,True,False,60
Control_11,m84137_260214_004236_s1/187040585/ccs,0,93,2,15,205,CAA_interrupted,False,True,False,60
Control_11,m84137_260214_004236_s1/207814709/ccs,0,78,2,13,195,CAA_interrupted,False,True,False,60
Control_11,m84137_260214_004236_s1/257430289/ccs,0,94,2,15,196,CAA_interrupted,False,True,False,60
Control_11,m84137_260214_004236_s1/62919884/ccs,0,8,4,16,207,CAA_interrupted,False,True,False,60
Control_11,m84137_260214_004236_s1/52103836/ccs,1,92,2,13,210,CAA_interrupted,False,True,False,60
Control_11,m84137_260214_004236_s1/129504850/ccs,1,87,1,12,202,CAA_interrupted,False,True,False,60
Control_11,m84137_260214_004236_s1/42337483/ccs,1,172,4,12,208,CAA_interrupted,False,True,False,60
Control_11,m84137_260214_004236_s1/216667264/ccs,1,123,4,14,209,CAA_interrupted,False,True,False,60
Control_11,m84137_260214_004236_s1/50990672/ccs,0,76,2,12,196,CAA_interrupted,False,True,False,60
Control_11,m84137_260214_004236_s1/205850163/ccs,0,192,3,11,196,CAA_interrupted,False,True,False,43
Control_11,m84137_260214_004236_s1/6096585/ccs,1,67,2,14,208,CAA_interrupted,False,True,False,60
Control_11,m84137_260214_004236_s1/145886234/ccs,0,189,2,15,198,CAA_interrupted,False,True,False,60
Control_11,m84137_260214_004236_s1/14747362/ccs,0,106,2,13,201,CAA_interrupted,False,True,False,60
Control_11,m84137_260214_004236_s1/17109642/ccs,1,75,2,13,201,CAA_interrupted,False,True,False,60
Control_11,m84137_260214_004236_s1/64492558/ccs,0,2,2,15,199,CAA_interrupted,False,True,False,60
Control_11,m84137_260214_004236_s1/237110071/ccs,0,8,2,15,199,CAA_interrupted,False,True,False,60
Control_11,m84137_260214_004236_s1/200149272/ccs,0,88,1,14,199,CAA_interrupted,False,True,False,60
Control_11,m84137_260214_004236_s1/119277525/ccs,0,66,2,10,193,CAA_interrupted,False,True,False,60
Control_11,m84137_260214_004236_s1/123866742/ccs,0,99,3,15,202,CAA_interrupted,False,True,False,60
Control_11,m84137_260214_004236_s1/116851089/ccs,0,88,2,15,198,CAA_interrupted,False,True,False,60
Control_11,m84137_260214_004236_s1/154473071/ccs,1,87,3,14,205,CAA_interrupted,False,True,False,60
Control_11,m84137_260214_004236_s1/4984618/ccs,1,69,2,15,206,CAA_interrupted,False,True,False,60
Control_11,m84137_260214_004236_s1/202113161/ccs,0,69,2,15,200,CAA_interrupted,False,True,False,60
Control_11,m84137_260214_004236_s1/81005660/ccs,0,73,2,15,199,CAA_interrupted,False,True,False,60
Control_11,m84137_260214_004236_s1/267127044/ccs,0,14,2,13,194,CAA_interrupted,False,True,False,60
Control_11,m84137_260214_004236_s1/146998575/ccs,1,47,2,12,197,CAA_interrupted,False,True,False,60
Control_11,m84137_260214_004236_s1/149160565/ccs,0,2,2,14,197,CAA_interrupted,False,True,False,60
Control_11,m84137_260214_004236_s1/132582517/ccs,0,2,2,15,199,CAA_interrupted,False,True,False,60
Control_11,m84137_260214_004236_s1/157287560/ccs,0,6,2,15,199,CAA_interrupted,False,True,False,60
Control_11,m84137_260214_004236_s1/255725828/ccs,1,15,2,15,205,CAA_interrupted,False,True,False,60
Control_11,m84137_260214_004236_s1/246744829/ccs,1,13,2,15,205,CAA_interrupted,False,True,False,60
Control_11,m84137_260214_004236_s1/238555691/ccs,1,4,2,14,206,CAA_interrupted,False,True,False,60
Control_11,m84137_260214_004236_s1/205390462/ccs,1,77,4,13,203,CAA_interrupted,False,True,False,60
Control_11,m84137_260214_004236_s1/189729509/ccs,1,87,2,14,204,CAA_interrupted,False,True,False,60
Control_11,m84137_260214_004236_s1/183044924/ccs,0,108,4,14,198,CAA_interrupted,False,True,False,60
Control_11,m84137_260214_004236_s1/127604433/ccs,0,106,3,14,198,CAA_interrupted,False,True,False,60
Control_11,m84137_260214_004236_s1/220334394/ccs,1,108,2,14,210,CAA_interrupted,False,True,False,60
Control_11,m84137_260214_004236_s1/201263079/ccs,1,84,3,14,203,CAA_interrupted,False,True,False,60
Control_11,m84137_260214_004236_s1/12520037/ccs,1,83,3,13,205,CAA_interrupted,False,True,False,60
Control_11,m84137_260214_004236_s1/24972030/ccs,1,98,2,13,203,CAA_interrupted,False,True,False,60
Control_11,m84137_260214_004236_s1/110493832/ccs,0,88,2,13,202,CAA_interrupted,False,True,False,60
Control_11,m84137_260214_004236_s1/125502623/ccs,0,134,2,15,206,CAA_interrupted,False,True,False,60
Control_11,m84137_260214_004236_s1/120326493/ccs,0,84,3,15,199,CAA_interrupted,False,True,False,60
Control_11,m84137_260214_004236_s1/12322051/ccs,1,85,3,12,199,CAA_interrupted,False,True,False,60
Control_11,m84137_260214_004236_s1/54986644/ccs,0,65,3,16,201,CAA_interrupted,False,True,False,60
Control_11,m84137_260214_004236_s1/144441808/ccs,0,1,2,14,193,fragmented_noisy,False,False,True,60
Control_11,m84137_260214_004236_s1/135727978/ccs,0,8,2,14,197,CAA_interrupted,False,True,False,60
Control_11,m84137_260214_004236_s1/226495771/ccs,0,3,3,15,197,CAA_interrupted,False,True,False,60
Control_11,m84137_260214_004236_s1/52890727/ccs,0,6,2,15,198,CAA_interrupted,False,True,False,60
Control_11,m84137_260214_004236_s1/55513238/ccs,0,5,2,16,199,CAA_interrupted,False,True,False,60
Control_11,m84137_260214_004236_s1/236000159/ccs,0,2,2,15,199,CAA_interrupted,False,True,False,60
Control_11,m84137_260214_004236_s1/176817231/ccs,0,2,2,15,199,CAA_interrupted,False,True,False,60
Control_11,m84137_260214_004236_s1/11474691/ccs,0,2,2,15,200,CAA_interrupted,False,True,False,60
Control_11,m84137_260214_004236_s1/162665752/ccs,1,3,2,14,204,CAA_interrupted,False,True,False,60
Control_11,m84137_260214_004236_s1/118428891/ccs,1,5,2,15,205,CAA_interrupted,False,True,False,60
Control_11,m84137_260214_004236_s1/39126982/ccs,1,4,2,15,205,CAA_interrupted,False,True,False,60
Control_11,m84137_260214_004236_s1/235929893/ccs,1,5,2,15,208,CAA_interrupted,False,True,False,60
Control_11,m84137_260214_004236_s1/125042930/ccs,0,91,4,13,202,CAA_interrupted,False,True,False,60
Control_11,m84137_260214_004236_s1/219811698/ccs,1,92,3,14,193,CAA_interrupted,False,True,False,60
Control_11,m84137_260214_004236_s1/226955411/ccs,0,70,2,14,196,CAA_interrupted,False,True,False,60
Control_11,m84137_260214_004236_s1/251593963/ccs,0,111,3,14,207,CAA_interrupted,False,True,False,60
Control_11,m84137_260214_004236_s1/120916428/ccs,0,108,1,14,205,CAA_interrupted,False,True,False,60
Control_11,m84137_260214_004236_s1/83694156/ccs,1,84,2,15,204,CAA_interrupted,False,True,False,60
Control_11,m84137_260214_004236_s1/207361389/ccs,0,90,3,14,201,CAA_interrupted,False,True,False,60
Control_11,m84137_260214_004236_s1/94442842/ccs,0,102,2,15,199,CAA_interrupted,False,True,False,60
Control_11,m84137_260214_004236_s1/245042774/ccs,0,18,2,15,196,CAA_interrupted,False,True,False,60
Control_11,m84137_260214_004236_s1/264308862/ccs,1,4,2,15,172,CAA_interrupted,False,True,False,60
Control_11,m84137_260214_004236_s1/197332569/ccs,0,2,2,15,193,CAA_interrupted,False,True,False,60
Control_11,m84137_260214_004236_s1/195823385/ccs,0,2,2,15,194,CAA_interrupted,False,True,False,60
Control_11,m84137_260214_004236_s1/58527420/ccs,0,4,1,14,194,CAA_interrupted,False,True,False,60
Control_11,m84137_260214_004236_s1/36569412/ccs,0,2,2,14,194,CAA_interrupted,False,True,False,60
Control_11,m84137_260214_004236_s1/153750490/ccs,0,2,3,14,195,fragmented_noisy,False,False,True,60
Control_11,m84137_260214_004236_s1/28443556/ccs,0,2,2,14,195,CAA_interrupted,False,True,False,60
Control_11,m84137_260214_004236_s1/78514186/ccs,0,2,2,15,196,CAA_interrupted,False,True,False,60
Control_11,m84137_260214_004236_s1/258409317/ccs,0,2,2,15,196,CAA_interrupted,False,True,False,60
Control_11,m84137_260214_004236_s1/256968352/ccs,0,2,2,15,196,CAA_interrupted,False,True,False,60
Control_11,m84137_260214_004236_s1/61212326/ccs,0,2,2,14,196,CAA_interrupted,False,True,False,60
Control_11,m84137_260214_004236_s1/137693742/ccs,0,2,2,15,196,CAA_interrupted,False,True,False,60
Control_11,m84137_260214_004236_s1/243862741/ccs,0,2,2,15,196,CAA_interrupted,False,True,False,60
Control_11,m84137_260214_004236_s1/265031121/ccs,0,2,2,15,196,CAA_interrupted,False,True,False,60
Control_11,m84137_260214_004236_s1/266146388/ccs,0,2,2,15,196,CAA_interrupted,False,True,False,60
Control_11,m84137_260214_004236_s1/261884736/ccs,0,2,2,15,196,CAA_interrupted,False,True,False,60
Control_11,m84137_260214_004236_s1/216400813/ccs,0,2,2,15,196,CAA_interrupted,False,True,False,60
Control_11,m84137_260214_004236_s1/49941487/ccs,0,5,2,15,196,CAA_interrupted,False,True,False,60
Control_11,m84137_260214_004236_s1/108136048/ccs,0,2,2,15,196,CAA_interrupted,False,True,False,60
Control_11,m84137_260214_004236_s1/109054629/ccs,0,2,2,15,196,CAA_interrupted,False,True,False,60
Control_11,m84137_260214_004236_s1/232981326/ccs,0,2,2,15,196,CAA_interrupted,False,True,False,60
Control_11,m84137_260214_004236_s1/215290066/ccs,0,2,2,15,196,CAA_interrupted,False,True,False,60
Control_11,m84137_260214_004236_s1/123604141/ccs,0,1,2,15,196,fragmented_noisy,False,False,True,60
Control_11,m84137_260214_004236_s1/171246436/ccs,0,2,2,15,196,CAA_interrupted,False,True,False,60
Control_11,m84137_260214_004236_s1/247534427/ccs,0,2,2,14,196,CAA_interrupted,False,True,False,60
Control_11,m84137_260214_004236_s1/29624213/ccs,0,2,2,14,196,CAA_interrupted,False,True,False,60
Control_11,m84137_260214_004236_s1/196544349/ccs,0,2,2,15,196,CAA_interrupted,False,True,False,60
Control_11,m84137_260214_004236_s1/88081662/ccs,0,2,2,15,196,CAA_interrupted,False,True,False,60
Control_11,m84137_260214_004236_s1/19664790/ccs,0,2,2,15,196,CAA_interrupted,False,True,False,60
Control_11,m84137_260214_004236_s1/55053585/ccs,0,2,2,15,196,CAA_interrupted,False,True,False,60
Control_11,m84137_260214_004236_s1/127145533/ccs,0,2,2,15,196,CAA_interrupted,False,True,False,60
Control_11,m84137_260214_004236_s1/60821545/ccs,0,2,2,14,196,CAA_interrupted,False,True,False,60
Control_11,m84137_260214_004236_s1/21301394/ccs,0,2,2,15,196,CAA_interrupted,False,True,False,60
Control_11,m84137_260214_004236_s1/54069400/ccs,0,2,2,15,196,CAA_interrupted,False,True,False,60
Control_11,m84137_260214_004236_s1/187566777/ccs,0,2,2,14,196,CAA_interrupted,False,True,False,60
Control_11,m84137_260214_004236_s1/108008151/ccs,0,2,2,14,196,CAA_interrupted,False,True,False,60
Control_11,m84137_260214_004236_s1/83887757/ccs,0,2,2,14,196,CAA_interrupted,False,True,False,60
Control_11,m84137_260214_004236_s1/120783931/ccs,0,2,2,14,196,CAA_interrupted,False,True,False,60
Control_11,m84137_260214_004236_s1/46798742/ccs,0,2,2,16,197,CAA_interrupted,False,True,False,60
Control_11,m84137_260214_004236_s1/188547212/ccs,0,2,2,15,197,CAA_interrupted,False,True,False,60
Control_11,m84137_260214_004236_s1/20449836/ccs,0,2,2,14,197,CAA_interrupted,False,True,False,60
Control_11,m84137_260214_004236_s1/49547479/ccs,0,2,2,15,197,CAA_interrupted,False,True,False,60
Control_11,m84137_260214_004236_s1/155653352/ccs,0,5,2,14,197,CAA_interrupted,False,True,False,60
Control_11,m84137_260214_004236_s1/246481437/ccs,0,6,2,13,198,CAA_interrupted,False,True,False,60
Control_11,m84137_260214_004236_s1/115085606/ccs,0,1,2,15,198,fragmented_noisy,False,False,True,60
Control_11,m84137_260214_004236_s1/38079980/ccs,0,1,2,15,198,fragmented_noisy,False,False,True,60
Control_11,m84137_260214_004236_s1/170001532/ccs,0,2,2,14,198,CAA_interrupted,False,True,False,60
Control_11,m84137_260214_004236_s1/150081491/ccs,0,2,2,15,198,CAA_interrupted,False,True,False,60
Control_11,m84137_260214_004236_s1/26809126/ccs,0,3,2,14,198,CAA_interrupted,False,True,False,60
Control_11,m84137_260214_004236_s1/180684385/ccs,0,2,2,15,198,CAA_interrupted,False,True,False,60
Control_11,m84137_260214_004236_s1/217055661/ccs,0,2,2,15,198,CAA_interrupted,False,True,False,60
Control_11,m84137_260214_004236_s1/154338587/ccs,0,2,2,15,198,CAA_interrupted,False,True,False,60
Control_11,m84137_260214_004236_s1/227345642/ccs,0,2,2,15,199,CAA_interrupted,False,True,False,60
Control_11,m84137_260214_004236_s1/8389313/ccs,0,3,2,15,199,CAA_interrupted,False,True,False,60
Control_11,m84137_260214_004236_s1/257755755/ccs,0,2,2,15,199,CAA_interrupted,False,True,False,60
Control_11,m84137_260214_004236_s1/233833422/ccs,0,1,2,15,199,fragmented_noisy,False,False,True,60
Control_11,m84137_260214_004236_s1/72549876/ccs,0,5,2,15,199,CAA_interrupted,False,True,False,60
Control_11,m84137_260214_004236_s1/110821956/ccs,0,2,2,15,199,CAA_interrupted,False,True,False,60
Control_11,m84137_260214_004236_s1/109582043/ccs,0,11,2,15,199,CAA_interrupted,False,True,False,60
Control_11,m84137_260214_004236_s1/211293332/ccs,0,11,2,15,199,CAA_interrupted,False,True,False,60
Control_11,m84137_260214_004236_s1/49941169/ccs,0,2,2,15,199,CAA_interrupted,False,True,False,60
Control_11,m84137_260214_004236_s1/70847291/ccs,0,2,2,15,199,CAA_interrupted,False,True,False,60
Control_11,m84137_260214_004236_s1/75238392/ccs,0,2,2,15,199,CAA_interrupted,False,True,False,60
Control_11,m84137_260214_004236_s1/95816227/ccs,0,2,2,15,199,CAA_interrupted,False,True,False,60
Control_11,m84137_260214_004236_s1/93257895/ccs,0,2,2,15,199,CAA_interrupted,False,True,False,60
Control_11,m84137_260214_004236_s1/79627844/ccs,0,2,2,15,199,CAA_interrupted,False,True,False,60
Control_11,m84137_260214_004236_s1/79760099/ccs,0,2,2,15,199,CAA_interrupted,False,True,False,60
Control_11,m84137_260214_004236_s1/93981150/ccs,0,2,2,15,199,CAA_interrupted,False,True,False,60
Control_11,m84137_260214_004236_s1/88146797/ccs,0,2,2,15,199,CAA_interrupted,False,True,False,60
Control_11,m84137_260214_004236_s1/77203497/ccs,0,2,2,15,199,CAA_interrupted,False,True,False,60
Control_11,m84137_260214_004236_s1/88738184/ccs,0,2,2,15,199,CAA_interrupted,False,True,False,60
Control_11,m84137_260214_004236_s1/81790928/ccs,0,2,2,15,199,CAA_interrupted,False,True,False,60
Control_11,m84137_260214_004236_s1/99748153/ccs,0,2,2,15,199,CAA_interrupted,False,True,False,60
Control_11,m84137_260214_004236_s1/123863799/ccs,0,2,2,15,199,CAA_interrupted,False,True,False,60
Control_11,m84137_260214_004236_s1/231868528/ccs,0,2,2,15,199,CAA_interrupted,False,True,False,60
Control_11,m84137_260214_004236_s1/234882067/ccs,0,2,2,15,199,CAA_interrupted,False,True,False,60
Control_11,m84137_260214_004236_s1/232720014/ccs,0,2,2,15,199,CAA_interrupted,False,True,False,60
Control_11,m84137_260214_004236_s1/235405612/ccs,0,1,2,15,199,fragmented_noisy,False,False,True,60
Control_11,m84137_260214_004236_s1/215681732/ccs,0,2,2,15,199,CAA_interrupted,False,True,False,60
Control_11,m84137_260214_004236_s1/258344524/ccs,0,2,2,15,199,CAA_interrupted,False,True,False,60
Control_11,m84137_260214_004236_s1/234750617/ccs,0,2,2,15,199,CAA_interrupted,False,True,False,60
Control_11,m84137_260214_004236_s1/242486261/ccs,0,2,2,15,199,CAA_interrupted,False,True,False,60
Control_11,m84137_260214_004236_s1/242681735/ccs,0,2,2,15,199,CAA_interrupted,False,True,False,60
Control_11,m84137_260214_004236_s1/238224035/ccs,0,2,2,15,199,CAA_interrupted,False,True,False,60
Control_11,m84137_260214_004236_s1/243139208/ccs,0,2,2,15,199,CAA_interrupted,False,True,False,60
Control_11,m84137_260214_004236_s1/263848340/ccs,0,2,2,15,199,CAA_interrupted,False,True,False,60
Control_11,m84137_260214_004236_s1/239209038/ccs,0,2,2,15,199,CAA_interrupted,False,True,False,60
Control_11,m84137_260214_004236_s1/45943226/ccs,0,2,2,15,199,CAA_interrupted,False,True,False,60
Control_11,m84137_260214_004236_s1/53020943/ccs,0,2,2,15,199,CAA_interrupted,False,True,False,60
Control_11,m84137_260214_004236_s1/59506876/ccs,0,2,2,15,199,CAA_interrupted,False,True,False,60
Control_11,m84137_260214_004236_s1/46597246/ccs,0,2,2,15,199,CAA_interrupted,False,True,False,60
Control_11,m84137_260214_004236_s1/47122081/ccs,0,2,2,15,199,CAA_interrupted,False,True,False,60
Control_11,m84137_260214_004236_s1/43057337/ccs,0,2,2,15,199,CAA_interrupted,False,True,False,60
Control_11,m84137_260214_004236_s1/38734284/ccs,0,2,2,15,199,CAA_interrupted,False,True,False,60
Control_11,m84137_260214_004236_s1/60949284/ccs,0,2,2,15,199,CAA_interrupted,False,True,False,60
Control_11,m84137_260214_004236_s1/61081761/ccs,0,2,2,15,199,CAA_interrupted,False,True,False,60
Control_11,m84137_260214_004236_s1/43975673/ccs,0,2,2,15,199,CAA_interrupted,False,True,False,60
Control_11,m84137_260214_004236_s1/47974966/ccs,0,2,2,15,199,CAA_interrupted,False,True,False,60
Control_11,m84137_260214_004236_s1/61407281/ccs,0,2,2,15,199,CAA_interrupted,False,True,False,60
Control_11,m84137_260214_004236_s1/55052522/ccs,0,2,2,15,199,CAA_interrupted,False,True,False,60
Control_11,m84137_260214_004236_s1/65471233/ccs,0,2,2,15,199,CAA_interrupted,False,True,False,60
Control_11,m84137_260214_004236_s1/66128320/ccs,0,2,2,15,199,CAA_interrupted,False,True,False,60
Control_11,m84137_260214_004236_s1/142344431/ccs,0,2,2,15,199,CAA_interrupted,False,True,False,60
Control_11,m84137_260214_004236_s1/139463177/ccs,0,2,2,15,199,CAA_interrupted,False,True,False,60
Control_11,m84137_260214_004236_s1/160957706/ccs,0,2,2,15,199,CAA_interrupted,False,True,False,60
Control_11,m84137_260214_004236_s1/156304140/ccs,0,2,2,15,199,CAA_interrupted,False,True,False,60
Control_11,m84137_260214_004236_s1/161482829/ccs,0,2,2,15,199,CAA_interrupted,False,True,False,60
Control_11,m84137_260214_004236_s1/144901809/ccs,0,2,2,15,199,CAA_interrupted,False,True,False,60
Control_11,m84137_260214_004236_s1/144968588/ccs,0,2,2,15,199,CAA_interrupted,False,True,False,60
Control_11,m84137_260214_004236_s1/169085025/ccs,0,2,2,15,199,CAA_interrupted,False,True,False,60
Control_11,m84137_260214_004236_s1/169345487/ccs,0,2,2,15,199,CAA_interrupted,False,True,False,60
Control_11,m84137_260214_004236_s1/190972787/ccs,0,2,2,15,199,CAA_interrupted,False,True,False,60
Control_11,m84137_260214_004236_s1/174786024/ccs,0,2,2,15,199,CAA_interrupted,False,True,False,60
Control_11,m84137_260214_004236_s1/195822125/ccs,0,2,2,15,199,CAA_interrupted,False,True,False,60
Control_11,m84137_260214_004236_s1/127011200/ccs,0,2,2,15,199,CAA_interrupted,False,True,False,60
Control_11,m84137_260214_004236_s1/110822691/ccs,0,2,2,15,199,CAA_interrupted,False,True,False,60
Control_11,m84137_260214_004236_s1/134874166/ccs,0,2,2,15,199,CAA_interrupted,False,True,False,60
Control_11,m84137_260214_004236_s1/135332022/ccs,0,2,2,15,199,CAA_interrupted,False,True,False,60
Control_11,m84137_260214_004236_s1/135989677/ccs,0,3,2,15,199,CAA_interrupted,False,True,False,60
Control_11,m84137_260214_004236_s1/140183082/ccs,0,2,2,15,199,CAA_interrupted,False,True,False,60
Control_11,m84137_260214_004236_s1/115673036/ccs,0,2,2,15,199,CAA_interrupted,False,True,False,60
Control_11,m84137_260214_004236_s1/133169450/ccs,0,2,2,15,199,CAA_interrupted,False,True,False,60
Control_11,m84137_260214_004236_s1/158008939/ccs,0,2,2,15,199,CAA_interrupted,False,True,False,60
Control_11,m84137_260214_004236_s1/141167577/ccs,0,2,2,15,199,CAA_interrupted,False,True,False,60
Control_11,m84137_260214_004236_s1/117047818/ccs,0,2,2,15,199,CAA_interrupted,False,True,False,60
Control_11,m84137_260214_004236_s1/162333893/ccs,0,2,2,15,199,CAA_interrupted,False,True,False,60
Control_11,m84137_260214_004236_s1/154535533/ccs,0,2,2,15,199,CAA_interrupted,False,True,False,60
Control_11,m84137_260214_004236_s1/13308627/ccs,0,2,2,15,199,CAA_interrupted,False,True,False,60
Control_11,m84137_260214_004236_s1/39982661/ccs,0,2,2,15,199,CAA_interrupted,False,True,False,60
Control_11,m84137_260214_004236_s1/113575724/ccs,0,2,2,15,199,CAA_interrupted,False,True,False,60
Control_11,m84137_260214_004236_s1/179178407/ccs,0,2,2,15,199,CAA_interrupted,False,True,False,60
Control_11,m84137_260214_004236_s1/205850817/ccs,0,2,2,15,199,CAA_interrupted,False,True,False,60
Control_11,m84137_260214_004236_s1/233243095/ccs,0,2,2,15,199,CAA_interrupted,False,True,False,60
Control_11,m84137_260214_004236_s1/22479064/ccs,0,2,2,15,199,CAA_interrupted,False,True,False,60
Control_11,m84137_260214_004236_s1/12124479/ccs,0,2,2,15,199,CAA_interrupted,False,True,False,60
Control_11,m84137_260214_004236_s1/18155174/ccs,0,2,2,15,199,CAA_interrupted,False,True,False,60
Control_11,m84137_260214_004236_s1/7406403/ccs,0,2,2,15,199,CAA_interrupted,False,True,False,60
Control_11,m84137_260214_004236_s1/13303925/ccs,0,2,2,15,199,CAA_interrupted,False,True,False,60
Control_11,m84137_260214_004236_s1/19793277/ccs,0,2,2,15,199,CAA_interrupted,False,True,False,60
Control_11,m84137_260214_004236_s1/10226021/ccs,0,2,2,15,199,CAA_interrupted,False,True,False,60
Control_11,m84137_260214_004236_s1/55904824/ccs,0,2,2,15,199,CAA_interrupted,False,True,False,60
Control_11,m84137_260214_004236_s1/34865568/ccs,0,2,2,15,199,CAA_interrupted,False,True,False,60
Control_11,m84137_260214_004236_s1/32244303/ccs,0,2,2,15,199,CAA_interrupted,False,True,False,60
Control_11,m84137_260214_004236_s1/35258902/ccs,0,2,2,15,199,CAA_interrupted,False,True,False,60
Control_11,m84137_260214_004236_s1/56493494/ccs,0,2,2,15,199,CAA_interrupted,False,True,False,60
Control_11,m84137_260214_004236_s1/57409666/ccs,0,2,2,15,199,CAA_interrupted,False,True,False,60
Control_11,m84137_260214_004236_s1/45615806/ccs,0,2,2,15,199,CAA_interrupted,False,True,False,60
Control_11,m84137_260214_004236_s1/58525834/ccs,0,2,2,15,199,CAA_interrupted,False,True,False,60
Control_11,m84137_260214_004236_s1/106823751/ccs,0,2,2,15,199,CAA_interrupted,False,True,False,60
Control_11,m84137_260214_004236_s1/107020629/ccs,0,2,2,15,199,CAA_interrupted,False,True,False,60
Control_11,m84137_260214_004236_s1/118884140/ccs,0,2,2,15,199,CAA_interrupted,False,True,False,60
Control_11,m84137_260214_004236_s1/128779881/ccs,0,2,2,15,199,CAA_interrupted,False,True,False,60
Control_11,m84137_260214_004236_s1/129042632/ccs,0,2,2,15,199,CAA_interrupted,False,True,False,60
Control_11,m84137_260214_004236_s1/112134207/ccs,0,2,2,15,199,CAA_interrupted,False,True,False,60
Control_11,m84137_260214_004236_s1/112263352/ccs,0,2,2,15,199,CAA_interrupted,False,True,False,60
Control_11,m84137_260214_004236_s1/108921722/ccs,0,2,2,15,199,CAA_interrupted,False,True,False,60
Control_11,m84137_260214_004236_s1/129173773/ccs,0,2,2,15,199,CAA_interrupted,False,True,False,60
Control_11,m84137_260214_004236_s1/129368585/ccs,0,2,2,15,199,CAA_interrupted,False,True,False,60
Control_11,m84137_260214_004236_s1/112591887/ccs,0,2,2,15,199,CAA_interrupted,False,True,False,60
Control_11,m84137_260214_004236_s1/120850398/ccs,0,2,2,15,199,CAA_interrupted,False,True,False,60
Control_11,m84137_260214_004236_s1/104532435/ccs,0,2,2,15,199,CAA_interrupted,False,True,False,60
Control_11,m84137_260214_004236_s1/125962305/ccs,0,2,2,15,199,CAA_interrupted,False,True,False,60
Control_11,m84137_260214_004236_s1/15864567/ccs,0,2,2,15,199,CAA_interrupted,False,True,False,60
Control_11,m84137_260214_004236_s1/59774106/ccs,0,2,2,15,199,CAA_interrupted,False,True,False,60
Control_11,m84137_260214_004236_s1/16716951/ccs,0,2,2,15,199,CAA_interrupted,False,True,False,60
Control_11,m84137_260214_004236_s1/64296334/ccs,0,2,2,15,199,CAA_interrupted,False,True,False,60
Control_11,m84137_260214_004236_s1/60101084/ccs,0,2,2,15,199,CAA_interrupted,False,True,False,60
Control_11,m84137_260214_004236_s1/64753502/ccs,0,2,2,15,199,CAA_interrupted,False,True,False,60
Control_11,m84137_260214_004236_s1/70587557/ccs,0,2,2,15,199,CAA_interrupted,False,True,False,60
Control_11,m84137_260214_004236_s1/66129804/ccs,0,2,2,15,199,CAA_interrupted,False,True,False,60
Control_11,m84137_260214_004236_s1/70913291/ccs,0,2,2,15,199,CAA_interrupted,False,True,False,60
Control_11,m84137_260214_004236_s1/71045393/ccs,0,2,2,15,199,CAA_interrupted,False,True,False,60
Control_11,m84137_260214_004236_s1/89787428/ccs,0,2,2,15,199,CAA_interrupted,False,True,False,60
Control_11,m84137_260214_004236_s1/87692892/ccs,0,2,2,15,199,CAA_interrupted,False,True,False,60
Control_11,m84137_260214_004236_s1/91100347/ccs,0,2,2,15,199,CAA_interrupted,False,True,False,60
Control_11,m84137_260214_004236_s1/91230559/ccs,0,2,2,15,199,CAA_interrupted,False,True,False,60
Control_11,m84137_260214_004236_s1/95817304/ccs,0,2,2,15,199,CAA_interrupted,False,True,False,60
Control_11,m84137_260214_004236_s1/100996950/ccs,0,2,2,15,199,CAA_interrupted,False,True,False,60
Control_11,m84137_260214_004236_s1/96146711/ccs,0,2,2,15,199,CAA_interrupted,False,True,False,60
Control_11,m84137_260214_004236_s1/96210781/ccs,0,2,2,15,199,CAA_interrupted,False,True,False,60
Control_11,m84137_260214_004236_s1/34016924/ccs,0,2,2,15,199,CAA_interrupted,False,True,False,60
Control_11,m84137_260214_004236_s1/34147601/ccs,0,2,2,15,199,CAA_interrupted,False,True,False,60
Control_11,m84137_260214_004236_s1/50336791/ccs,0,2,2,15,199,CAA_interrupted,False,True,False,60
Control_11,m84137_260214_004236_s1/29625371/ccs,0,2,2,15,199,CAA_interrupted,False,True,False,60
Control_11,m84137_260214_004236_s1/29691026/ccs,0,2,2,15,199,CAA_interrupted,False,True,False,60
Control_11,m84137_260214_004236_s1/34804908/ccs,0,2,2,15,199,CAA_interrupted,False,True,False,60
Control_11,m84137_260214_004236_s1/11802432/ccs,0,2,2,15,199,CAA_interrupted,False,True,False,60
Control_11,m84137_260214_004236_s1/35655887/ccs,0,2,2,15,199,CAA_interrupted,False,True,False,60
Control_11,m84137_260214_004236_s1/52106094/ccs,0,2,2,15,199,CAA_interrupted,False,True,False,60
Control_11,m84137_260214_004236_s1/11078732/ccs,0,2,2,15,199,CAA_interrupted,False,True,False,60
Control_11,m84137_260214_004236_s1/56233753/ccs,0,2,2,15,199,CAA_interrupted,False,True,False,60
Control_11,m84137_260214_004236_s1/61543513/ccs,0,2,2,15,199,CAA_interrupted,False,True,False,60
Control_11,m84137_260214_004236_s1/221447619/ccs,0,2,2,15,199,CAA_interrupted,False,True,False,60
Control_11,m84137_260214_004236_s1/208536324/ccs,0,2,2,15,199,CAA_interrupted,False,True,False,60
Control_11,m84137_260214_004236_s1/209191780/ccs,0,2,2,15,199,CAA_interrupted,False,True,False,60
Control_11,m84137_260214_004236_s1/204147242/ccs,0,2,2,15,199,CAA_interrupted,False,True,False,60
Control_11,m84137_260214_004236_s1/229835005/ccs,0,2,2,15,199,CAA_interrupted,False,True,False,60
Control_11,m84137_260214_004236_s1/209782554/ccs,0,2,2,15,199,CAA_interrupted,False,True,False,60
Control_11,m84137_260214_004236_s1/184224156/ccs,0,2,2,15,199,CAA_interrupted,False,True,False,60
Control_11,m84137_260214_004236_s1/204800888/ccs,0,2,2,15,199,CAA_interrupted,False,True,False,60
Control_11,m84137_260214_004236_s1/223610666/ccs,0,2,2,15,199,CAA_interrupted,False,True,False,60
Control_11,m84137_260214_004236_s1/223545225/ccs,0,2,2,15,199,CAA_interrupted,False,True,False,60
Control_11,m84137_260214_004236_s1/212861323/ccs,0,2,2,15,199,CAA_interrupted,False,True,False,60
Control_11,m84137_260214_004236_s1/212993130/ccs,0,2,2,15,199,CAA_interrupted,False,True,False,60
Control_11,m84137_260214_004236_s1/227082508/ccs,0,2,2,15,199,CAA_interrupted,False,True,False,60
Control_11,m84137_260214_004236_s1/211419472/ccs,0,2,2,15,199,CAA_interrupted,False,True,False,60
Control_11,m84137_260214_004236_s1/211486229/ccs,0,2,2,15,199,CAA_interrupted,False,True,False,60
Control_11,m84137_260214_004236_s1/231279303/ccs,0,2,2,15,199,CAA_interrupted,False,True,False,60
Control_11,m84137_260214_004236_s1/227542061/ccs,0,2,2,15,199,CAA_interrupted,False,True,False,60
Control_11,m84137_260214_004236_s1/213518857/ccs,0,2,2,15,199,CAA_interrupted,False,True,False,60
Control_11,m84137_260214_004236_s1/206441072/ccs,0,2,2,15,199,CAA_interrupted,False,True,False,60
Control_11,m84137_260214_004236_s1/165810255/ccs,0,2,2,15,199,CAA_interrupted,False,True,False,60
Control_11,m84137_260214_004236_s1/166728059/ccs,0,2,2,15,199,CAA_interrupted,False,True,False,60
Control_11,m84137_260214_004236_s1/175839037/ccs,0,2,2,15,199,CAA_interrupted,False,True,False,60
Control_11,m84137_260214_004236_s1/167579278/ccs,0,2,2,15,199,CAA_interrupted,False,True,False,60
Control_11,m84137_260214_004236_s1/195696205/ccs,0,2,2,15,199,CAA_interrupted,False,True,False,60
Control_11,m84137_260214_004236_s1/177673205/ccs,0,2,2,15,199,CAA_interrupted,False,True,False,60
Control_11,m84137_260214_004236_s1/177803544/ccs,0,2,2,15,199,CAA_interrupted,False,True,False,60
Control_11,m84137_260214_004236_s1/150214410/ccs,0,2,2,15,199,CAA_interrupted,False,True,False,60
Control_11,m84137_260214_004236_s1/195564966/ccs,0,2,2,15,199,CAA_interrupted,False,True,False,60
Control_11,m84137_260214_004236_s1/179179770/ccs,0,2,2,15,199,CAA_interrupted,False,True,False,60
Control_11,m84137_260214_004236_s1/207885253/ccs,0,2,2,15,199,CAA_interrupted,False,True,False,60
Control_11,m84137_260214_004236_s1/224072445/ccs,0,2,2,15,199,CAA_interrupted,False,True,False,60
Control_11,m84137_260214_004236_s1/202904847/ccs,0,2,2,15,199,CAA_interrupted,False,True,False,60
Control_11,m84137_260214_004236_s1/208475278/ccs,0,2,2,15,199,CAA_interrupted,False,True,False,60
Control_11,m84137_260214_004236_s1/92476851/ccs,0,2,2,15,199,CAA_interrupted,False,True,False,60
Control_11,m84137_260214_004236_s1/117706095/ccs,0,2,2,15,199,CAA_interrupted,False,True,False,60
Control_11,m84137_260214_004236_s1/92803349/ccs,0,2,2,15,199,CAA_interrupted,False,True,False,60
Control_11,m84137_260214_004236_s1/97979915/ccs,0,2,2,15,199,CAA_interrupted,False,True,False,60
Control_11,m84137_260214_004236_s1/102897023/ccs,0,7,2,15,199,CAA_interrupted,False,True,False,60
Control_11,m84137_260214_004236_s1/103025867/ccs,0,2,2,15,199,CAA_interrupted,False,True,False,60
Control_11,m84137_260214_004236_s1/77993196/ccs,0,2,2,15,199,CAA_interrupted,False,True,False,60
Control_11,m84137_260214_004236_s1/106827724/ccs,0,2,2,15,199,CAA_interrupted,False,True,False,60
Control_11,m84137_260214_004236_s1/124194875/ccs,0,2,2,15,199,CAA_interrupted,False,True,False,60
Control_11,m84137_260214_004236_s1/125702453/ccs,0,2,2,15,199,CAA_interrupted,False,True,False,60
Control_11,m84137_260214_004236_s1/81989076/ccs,0,2,2,15,199,CAA_interrupted,False,True,False,60
Control_11,m84137_260214_004236_s1/126096818/ccs,0,2,2,15,199,CAA_interrupted,False,True,False,60
Control_11,m84137_260214_004236_s1/110431958/ccs,0,2,2,15,199,CAA_interrupted,False,True,False,60
Control_11,m84137_260214_004236_s1/175440545/ccs,0,2,2,15,199,CAA_interrupted,False,True,False,60
Control_11,m84137_260214_004236_s1/188810596/ccs,0,2,2,15,199,CAA_interrupted,False,True,False,60
Control_11,m84137_260214_004236_s1/192284203/ccs,0,2,2,15,199,CAA_interrupted,False,True,False,60
Control_11,m84137_260214_004236_s1/176294726/ccs,0,2,2,15,199,CAA_interrupted,False,True,False,60
Control_11,m84137_260214_004236_s1/177341778/ccs,0,2,2,15,199,CAA_interrupted,False,True,False,60
Control_11,m84137_260214_004236_s1/218695004/ccs,0,2,2,15,199,CAA_interrupted,False,True,False,60
Control_11,m84137_260214_004236_s1/178784013/ccs,0,2,2,15,199,CAA_interrupted,False,True,False,60
Control_11,m84137_260214_004236_s1/195494557/ccs,0,2,2,15,199,CAA_interrupted,False,True,False,60
Control_11,m84137_260214_004236_s1/207290729/ccs,0,2,2,15,199,CAA_interrupted,False,True,False,60
Control_11,m84137_260214_004236_s1/220725333/ccs,0,2,2,15,199,CAA_interrupted,False,True,False,60
Control_11,m84137_260214_004236_s1/182323265/ccs,0,2,2,15,199,CAA_interrupted,False,True,False,60
Control_11,m84137_260214_004236_s1/182650495/ccs,0,2,2,15,199,CAA_interrupted,False,True,False,60
Control_11,m84137_260214_004236_s1/243863697/ccs,0,2,2,15,199,CAA_interrupted,False,True,False,60
Control_11,m84137_260214_004236_s1/233837640/ccs,0,4,2,15,199,CAA_interrupted,False,True,False,60
Control_11,m84137_260214_004236_s1/238685415/ccs,0,3,2,15,199,CAA_interrupted,False,True,False,60
Control_11,m84137_260214_004236_s1/238950153/ccs,0,2,2,15,199,CAA_interrupted,False,True,False,60
Control_11,m84137_260214_004236_s1/259853537/ccs,0,2,2,15,199,CAA_interrupted,False,True,False,60
Control_11,m84137_260214_004236_s1/260246577/ccs,0,2,2,15,199,CAA_interrupted,False,True,False,60
Control_11,m84137_260214_004236_s1/245043086/ccs,0,2,2,15,199,CAA_interrupted,False,True,False,60
Control_11,m84137_260214_004236_s1/265818773/ccs,0,2,2,15,199,CAA_interrupted,False,True,False,60
Control_11,m84137_260214_004236_s1/266801570/ccs,0,3,2,15,199,CAA_interrupted,False,True,False,60
Control_11,m84137_260214_004236_s1/266868072/ccs,0,2,2,15,199,CAA_interrupted,False,True,False,60
Control_11,m84137_260214_004236_s1/247469831/ccs,0,2,2,15,199,CAA_interrupted,False,True,False,60
Control_11,m84137_260214_004236_s1/248451430/ccs,0,2,2,15,199,CAA_interrupted,False,True,False,60
Control_11,m84137_260214_004236_s1/246285343/ccs,0,2,2,15,199,CAA_interrupted,False,True,False,60
Control_11,m84137_260214_004236_s1/246351644/ccs,0,2,2,15,199,CAA_interrupted,False,True,False,60
Control_11,m84137_260214_004236_s1/243990874/ccs,0,2,2,15,199,CAA_interrupted,False,True,False,60
Control_11,m84137_260214_004236_s1/247399331/ccs,0,2,2,15,199,CAA_interrupted,False,True,False,60
Control_11,m84137_260214_004236_s1/247399392/ccs,0,2,2,15,199,CAA_interrupted,False,True,False,60
Control_11,m84137_260214_004236_s1/262801125/ccs,0,2,2,15,199,CAA_interrupted,False,True,False,60
Control_11,m84137_260214_004236_s1/248252490/ccs,0,2,2,15,199,CAA_interrupted,False,True,False,60
Control_11,m84137_260214_004236_s1/266667343/ccs,0,2,2,14,199,CAA_interrupted,False,True,False,60
Control_11,m84137_260214_004236_s1/4657390/ccs,0,2,2,15,199,CAA_interrupted,False,True,False,60
Control_11,m84137_260214_004236_s1/6426335/ccs,0,2,2,15,199,CAA_interrupted,False,True,False,60
Control_11,m84137_260214_004236_s1/250085961/ccs,0,2,2,15,199,CAA_interrupted,False,True,False,60
Control_11,m84137_260214_004236_s1/20974923/ccs,0,2,2,15,199,CAA_interrupted,False,True,False,60
Control_11,m84137_260214_004236_s1/21303908/ccs,0,2,2,15,199,CAA_interrupted,False,True,False,60
Control_11,m84137_260214_004236_s1/17370249/ccs,0,2,2,15,199,CAA_interrupted,False,True,False,60
Control_11,m84137_260214_004236_s1/210830685/ccs,0,5,2,15,199,CAA_interrupted,False,True,False,60
Control_11,m84137_260214_004236_s1/202968962/ccs,0,2,2,15,199,CAA_interrupted,False,True,False,60
Control_11,m84137_260214_004236_s1/180229406/ccs,0,2,2,15,199,CAA_interrupted,False,True,False,60
Control_11,m84137_260214_004236_s1/208606202/ccs,0,2,2,15,199,CAA_interrupted,False,True,False,60
Control_11,m84137_260214_004236_s1/203625855/ccs,0,2,2,15,199,CAA_interrupted,False,True,False,60
Control_11,m84137_260214_004236_s1/222696907/ccs,0,2,2,15,199,CAA_interrupted,False,True,False,60
Control_11,m84137_260214_004236_s1/225251318/ccs,0,2,2,15,199,CAA_interrupted,False,True,False,60
Control_11,m84137_260214_004236_s1/182718532/ccs,0,2,2,15,199,CAA_interrupted,False,True,False,60
Control_11,m84137_260214_004236_s1/211488867/ccs,0,2,2,15,199,CAA_interrupted,False,True,False,60
Control_11,m84137_260214_004236_s1/183045975/ccs,0,2,2,15,199,CAA_interrupted,False,True,False,60
Control_11,m84137_260214_004236_s1/206706024/ccs,0,2,2,15,199,CAA_interrupted,False,True,False,60
Control_11,m84137_260214_004236_s1/234951793/ccs,0,2,2,15,199,CAA_interrupted,False,True,False,60
Control_11,m84137_260214_004236_s1/253957921/ccs,0,2,2,15,199,CAA_interrupted,False,True,False,60
Control_11,m84137_260214_004236_s1/228922146/ccs,0,2,2,15,199,CAA_interrupted,False,True,False,60
Control_11,m84137_260214_004236_s1/237311121/ccs,0,2,2,15,199,CAA_interrupted,False,True,False,60
Control_11,m84137_260214_004236_s1/242751339/ccs,0,3,2,15,199,CAA_interrupted,False,True,False,60
Control_11,m84137_260214_004236_s1/243013454/ccs,0,2,2,15,199,CAA_interrupted,False,True,False,60
Control_11,m84137_260214_004236_s1/250091099/ccs,0,2,2,15,199,CAA_interrupted,False,True,False,60
Control_11,m84137_260214_004236_s1/250481902/ccs,0,2,2,15,199,CAA_interrupted,False,True,False,60
Control_11,m84137_260214_004236_s1/9242540/ccs,0,2,2,15,199,CAA_interrupted,False,True,False,60
Control_11,m84137_260214_004236_s1/48497171/ccs,0,2,2,15,199,CAA_interrupted,False,True,False,60
Control_11,m84137_260214_004236_s1/65864615/ccs,0,2,2,15,199,CAA_interrupted,False,True,False,60
Control_11,m84137_260214_004236_s1/125437983/ccs,0,2,2,15,199,CAA_interrupted,False,True,False,60
Control_11,m84137_260214_004236_s1/168689847/ccs,0,2,2,15,199,CAA_interrupted,False,True,False,60
Control_11,m84137_260214_004236_s1/167444898/ccs,0,2,2,15,199,CAA_interrupted,False,True,False,60
Control_11,m84137_260214_004236_s1/191433600/ccs,0,2,2,15,199,CAA_interrupted,False,True,False,60
Control_11,m84137_260214_004236_s1/245039223/ccs,0,2,2,15,199,CAA_interrupted,False,True,False,60
Control_11,m84137_260214_004236_s1/108008272/ccs,0,2,2,15,199,CAA_interrupted,False,True,False,60
Control_11,m84137_260214_004236_s1/165285060/ccs,0,2,2,15,199,CAA_interrupted,False,True,False,60
Control_11,m84137_260214_004236_s1/105450169/ccs,0,2,2,15,199,CAA_interrupted,False,True,False,60
Control_11,m84137_260214_004236_s1/130946873/ccs,0,2,2,15,199,CAA_interrupted,False,True,False,60
Control_11,m84137_260214_004236_s1/131206805/ccs,0,2,2,15,199,CAA_interrupted,False,True,False,60
Control_11,m84137_260214_004236_s1/131404690/ccs,0,2,2,15,199,CAA_interrupted,False,True,False,60
Control_11,m84137_260214_004236_s1/112201236/ccs,0,2,2,15,199,CAA_interrupted,False,True,False,60
Control_11,m84137_260214_004236_s1/139792523/ccs,0,2,2,15,199,CAA_interrupted,False,True,False,60
Control_11,m84137_260214_004236_s1/157944912/ccs,0,2,2,15,199,CAA_interrupted,False,True,False,60
Control_11,m84137_260214_004236_s1/154931238/ccs,0,2,2,15,199,CAA_interrupted,False,True,False,60
Control_11,m84137_260214_004236_s1/155718136/ccs,0,2,2,15,199,CAA_interrupted,False,True,False,60
Control_11,m84137_260214_004236_s1/142414304/ccs,0,2,2,15,199,CAA_interrupted,False,True,False,60
Control_11,m84137_260214_004236_s1/159519024/ccs,0,2,2,15,199,CAA_interrupted,False,True,False,60
Control_11,m84137_260214_004236_s1/163256035/ccs,0,2,2,15,199,CAA_interrupted,False,True,False,60
Control_11,m84137_260214_004236_s1/144643462/ccs,0,2,2,15,199,CAA_interrupted,False,True,False,60
Control_11,m84137_260214_004236_s1/168431932/ccs,0,2,2,15,199,CAA_interrupted,False,True,False,60
Control_11,m84137_260214_004236_s1/185865039/ccs,0,2,2,15,199,CAA_interrupted,False,True,False,60
Control_11,m84137_260214_004236_s1/23266137/ccs,0,2,2,15,199,CAA_interrupted,False,True,False,60
Control_11,m84137_260214_004236_s1/28706658/ccs,0,2,2,15,199,CAA_interrupted,False,True,False,60
Control_11,m84137_260214_004236_s1/18219249/ccs,0,2,2,15,199,CAA_interrupted,False,True,False,60
Control_11,m84137_260214_004236_s1/24577105/ccs,0,2,2,15,199,CAA_interrupted,False,True,False,60
Control_11,m84137_260214_004236_s1/9110389/ccs,0,2,2,15,199,CAA_interrupted,False,True,False,60
Control_11,m84137_260214_004236_s1/14223586/ccs,0,2,2,15,199,CAA_interrupted,False,True,False,60
Control_11,m84137_260214_004236_s1/21168535/ccs,0,2,2,15,199,CAA_interrupted,False,True,False,60
Control_11,m84137_260214_004236_s1/21168426/ccs,0,2,2,15,199,CAA_interrupted,False,True,False,60
Control_11,m84137_260214_004236_s1/15336391/ccs,0,2,2,15,199,CAA_interrupted,False,True,False,60
Control_11,m84137_260214_004236_s1/34802630/ccs,0,2,2,15,199,CAA_interrupted,False,True,False,60
Control_11,m84137_260214_004236_s1/56952180/ccs,0,2,2,15,199,CAA_interrupted,False,True,False,60
Control_11,m84137_260214_004236_s1/36572105/ccs,0,2,2,15,199,CAA_interrupted,False,True,False,60
Control_11,m84137_260214_004236_s1/36833668/ccs,0,2,2,15,199,CAA_interrupted,False,True,False,60
Control_11,m84137_260214_004236_s1/36899806/ccs,0,2,2,15,199,CAA_interrupted,False,True,False,60
Control_11,m84137_260214_004236_s1/52824454/ccs,0,2,2,15,199,CAA_interrupted,False,True,False,60
Control_11,m84137_260214_004236_s1/58788754/ccs,0,2,2,15,199,CAA_interrupted,False,True,False,60
Control_11,m84137_260214_004236_s1/53084374/ccs,0,2,2,15,199,CAA_interrupted,False,True,False,60
Control_11,m84137_260214_004236_s1/62455945/ccs,0,2,2,15,199,CAA_interrupted,False,True,False,60
Control_11,m84137_260214_004236_s1/37684272/ccs,0,2,2,15,199,CAA_interrupted,False,True,False,60
Control_11,m84137_260214_004236_s1/41486086/ccs,0,2,2,15,199,CAA_interrupted,False,True,False,60
Control_11,m84137_260214_004236_s1/59704503/ccs,0,2,2,15,199,CAA_interrupted,False,True,False,60
Control_11,m84137_260214_004236_s1/99290004/ccs,0,2,2,15,199,CAA_interrupted,False,True,False,60
Control_11,m84137_260214_004236_s1/117835984/ccs,0,2,2,15,199,CAA_interrupted,False,True,False,60
Control_11,m84137_260214_004236_s1/118424671/ccs,0,2,2,15,199,CAA_interrupted,False,True,False,60
Control_11,m84137_260214_004236_s1/83362115/ccs,0,2,2,15,199,CAA_interrupted,False,True,False,60
Control_11,m84137_260214_004236_s1/119014914/ccs,0,2,2,15,199,CAA_interrupted,False,True,False,60
Control_11,m84137_260214_004236_s1/100271700/ccs,0,2,2,15,199,CAA_interrupted,False,True,False,60
Control_11,m84137_260214_004236_s1/119734487/ccs,0,2,2,15,199,CAA_interrupted,False,True,False,60
Control_11,m84137_260214_004236_s1/120062641/ccs,0,2,2,15,199,CAA_interrupted,False,True,False,60
Control_11,m84137_260214_004236_s1/125503493/ccs,0,2,2,15,199,CAA_interrupted,False,True,False,60
Control_11,m84137_260214_004236_s1/120851269/ccs,0,2,2,15,199,CAA_interrupted,False,True,False,60
Control_11,m84137_260214_004236_s1/121700817/ccs,0,2,2,15,199,CAA_interrupted,False,True,False,60
Control_11,m84137_260214_004236_s1/113378389/ccs,0,2,2,15,199,CAA_interrupted,False,True,False,60
Control_11,m84137_260214_004236_s1/126880251/ccs,0,2,2,15,199,CAA_interrupted,False,True,False,60
Control_11,m84137_260214_004236_s1/127206516/ccs,0,2,2,15,199,CAA_interrupted,False,True,False,60
Control_11,m84137_260214_004236_s1/134744123/ccs,0,2,2,15,199,CAA_interrupted,False,True,False,60
Control_11,m84137_260214_004236_s1/230032808/ccs,0,2,2,15,199,CAA_interrupted,False,True,False,60
Control_11,m84137_260214_004236_s1/230359405/ccs,0,2,2,15,199,CAA_interrupted,False,True,False,60
Control_11,m84137_260214_004236_s1/212863652/ccs,0,2,2,15,199,CAA_interrupted,False,True,False,60
Control_11,m84137_260214_004236_s1/212861942/ccs,0,2,2,15,199,CAA_interrupted,False,True,False,60
Control_11,m84137_260214_004236_s1/211157799/ccs,0,2,2,15,199,CAA_interrupted,False,True,False,60
Control_11,m84137_260214_004236_s1/213451951/ccs,0,2,2,15,199,CAA_interrupted,False,True,False,60
Control_11,m84137_260214_004236_s1/211815083/ccs,0,2,2,15,199,CAA_interrupted,False,True,False,60
Control_11,m84137_260214_004236_s1/228721379/ccs,0,2,2,15,199,CAA_interrupted,False,True,False,60
Control_11,m84137_260214_004236_s1/240453168/ccs,0,2,2,15,199,CAA_interrupted,False,True,False,60
Control_11,m84137_260214_004236_s1/254019500/ccs,0,2,2,15,199,CAA_interrupted,False,True,False,60
Control_11,m84137_260214_004236_s1/240913245/ccs,0,2,2,15,199,CAA_interrupted,False,True,False,60
Control_11,m84137_260214_004236_s1/233375137/ccs,0,2,2,15,199,CAA_interrupted,False,True,False,60
Control_11,m84137_260214_004236_s1/235996985/ccs,0,2,2,15,199,CAA_interrupted,False,True,False,60
Control_11,m84137_260214_004236_s1/257492176/ccs,0,2,2,15,199,CAA_interrupted,False,True,False,60
Control_11,m84137_260214_004236_s1/241107089/ccs,0,2,2,15,199,CAA_interrupted,False,True,False,60
Control_11,m84137_260214_004236_s1/233572710/ccs,0,2,2,15,199,CAA_interrupted,False,True,False,60
Control_11,m84137_260214_004236_s1/237046144/ccs,0,2,2,15,199,CAA_interrupted,False,True,False,60
Control_11,m84137_260214_004236_s1/217645262/ccs,0,2,2,15,199,CAA_interrupted,False,True,False,60
Control_11,m84137_260214_004236_s1/263980550/ccs,0,2,2,15,199,CAA_interrupted,False,True,False,60
Control_11,m84137_260214_004236_s1/244190079/ccs,0,2,2,15,199,CAA_interrupted,False,True,False,60
Control_11,m84137_260214_004236_s1/244515070/ccs,0,1,2,15,199,fragmented_noisy,False,False,True,60
Control_11,m84137_260214_004236_s1/37945906/ccs,0,2,2,15,199,CAA_interrupted,False,True,False,60
Control_11,m84137_260214_004236_s1/53346429/ccs,0,2,2,15,199,CAA_interrupted,False,True,False,60
Control_11,m84137_260214_004236_s1/42270865/ccs,0,2,2,15,199,CAA_interrupted,False,True,False,60
Control_11,m84137_260214_004236_s1/38471599/ccs,1,4,2,15,199,CAA_interrupted,False,True,False,60
Control_11,m84137_260214_004236_s1/54132974/ccs,0,2,2,15,199,CAA_interrupted,False,True,False,60
Control_11,m84137_260214_004236_s1/54397882/ccs,0,2,2,15,199,CAA_interrupted,False,True,False,60
Control_11,m84137_260214_004236_s1/67242160/ccs,0,2,2,15,199,CAA_interrupted,False,True,False,60
Control_11,m84137_260214_004236_s1/48039391/ccs,0,2,2,15,199,CAA_interrupted,False,True,False,60
Control_11,m84137_260214_004236_s1/61474268/ccs,0,2,2,15,199,CAA_interrupted,False,True,False,60
Control_11,m84137_260214_004236_s1/48303031/ccs,0,2,2,15,199,CAA_interrupted,False,True,False,60
Control_11,m84137_260214_004236_s1/48826032/ccs,0,2,2,15,199,CAA_interrupted,False,True,False,60
Control_11,m84137_260214_004236_s1/90439890/ccs,0,2,2,15,199,CAA_interrupted,False,True,False,60
Control_11,m84137_260214_004236_s1/69271752/ccs,0,2,2,15,199,CAA_interrupted,False,True,False,60
Control_11,m84137_260214_004236_s1/69796361/ccs,0,2,2,15,199,CAA_interrupted,False,True,False,60
Control_11,m84137_260214_004236_s1/70255660/ccs,0,2,2,15,199,CAA_interrupted,False,True,False,60
Control_11,m84137_260214_004236_s1/95095759/ccs,0,2,2,15,199,CAA_interrupted,False,True,False,60
Control_11,m84137_260214_004236_s1/95356769/ccs,0,2,2,15,199,CAA_interrupted,False,True,False,60
Control_11,m84137_260214_004236_s1/92472423/ccs,0,2,2,15,199,CAA_interrupted,False,True,False,60
Control_11,m84137_260214_004236_s1/92736496/ccs,0,2,2,15,199,CAA_interrupted,False,True,False,60
Control_11,m84137_260214_004236_s1/96142247/ccs,0,2,2,15,199,CAA_interrupted,False,True,False,60
Control_11,m84137_260214_004236_s1/79758183/ccs,0,2,2,15,199,CAA_interrupted,False,True,False,60
Control_11,m84137_260214_004236_s1/72286349/ccs,0,2,2,15,199,CAA_interrupted,False,True,False,60
Control_11,m84137_260214_004236_s1/97323280/ccs,0,2,2,15,199,CAA_interrupted,False,True,False,60
Control_11,m84137_260214_004236_s1/87623425/ccs,0,2,2,15,199,CAA_interrupted,False,True,False,60
Control_11,m84137_260214_004236_s1/87623085/ccs,0,2,2,15,199,CAA_interrupted,False,True,False,60
Control_11,m84137_260214_004236_s1/81070150/ccs,0,2,2,15,199,CAA_interrupted,False,True,False,60
Control_11,m84137_260214_004236_s1/98240914/ccs,0,2,2,15,199,CAA_interrupted,False,True,False,60
Control_11,m84137_260214_004236_s1/201526856/ccs,0,2,2,15,199,CAA_interrupted,False,True,False,60
Control_11,m84137_260214_004236_s1/224203196/ccs,0,2,2,15,199,CAA_interrupted,False,True,False,60
Control_11,m84137_260214_004236_s1/209393265/ccs,0,2,2,15,199,CAA_interrupted,False,True,False,60
Control_11,m84137_260214_004236_s1/209327605/ccs,0,2,2,15,199,CAA_interrupted,False,True,False,60
Control_11,m84137_260214_004236_s1/209786794/ccs,0,2,2,15,199,CAA_interrupted,False,True,False,60
Control_11,m84137_260214_004236_s1/222827953/ccs,0,2,2,15,199,CAA_interrupted,False,True,False,60
Control_11,m84137_260214_004236_s1/223483053/ccs,0,2,2,15,199,CAA_interrupted,False,True,False,60
Control_11,m84137_260214_004236_s1/205264785/ccs,0,2,2,15,199,CAA_interrupted,False,True,False,60
Control_11,m84137_260214_004236_s1/226693609/ccs,0,2,2,15,199,CAA_interrupted,False,True,False,60
Control_11,m84137_260214_004236_s1/230231142/ccs,0,2,2,15,199,CAA_interrupted,False,True,False,60
Control_11,m84137_260214_004236_s1/240653060/ccs,0,2,2,15,199,CAA_interrupted,False,True,False,60
Control_11,m84137_260214_004236_s1/235214311/ccs,0,2,2,15,199,CAA_interrupted,False,True,False,60
Control_11,m84137_260214_004236_s1/183831614/ccs,0,2,2,15,199,CAA_interrupted,False,True,False,60
Control_11,m84137_260214_004236_s1/236000175/ccs,0,2,2,15,199,CAA_interrupted,False,True,False,60
Control_11,m84137_260214_004236_s1/229119676/ccs,0,2,2,15,199,CAA_interrupted,False,True,False,60
Control_11,m84137_260214_004236_s1/254873731/ccs,0,2,2,15,199,CAA_interrupted,False,True,False,60
Control_11,m84137_260214_004236_s1/257232933/ccs,0,2,2,15,199,CAA_interrupted,False,True,False,60
Control_11,m84137_260214_004236_s1/214305901/ccs,0,2,2,15,199,CAA_interrupted,False,True,False,60
Control_11,m84137_260214_004236_s1/233510833/ccs,0,2,2,15,199,CAA_interrupted,False,True,False,60
Control_11,m84137_260214_004236_s1/233247823/ccs,0,2,2,15,199,CAA_interrupted,False,True,False,60
Control_11,m84137_260214_004236_s1/260312866/ccs,0,2,2,15,199,CAA_interrupted,False,True,False,60
Control_11,m84137_260214_004236_s1/40763566/ccs,0,2,2,15,199,CAA_interrupted,False,True,False,60
Control_11,m84137_260214_004236_s1/116067093/ccs,0,2,2,15,199,CAA_interrupted,False,True,False,60
Control_11,m84137_260214_004236_s1/57999735/ccs,0,2,2,15,199,CAA_interrupted,False,True,False,60
Control_11,m84137_260214_004236_s1/90899253/ccs,0,2,2,15,199,CAA_interrupted,False,True,False,60
Control_11,m84137_260214_004236_s1/74058690/ccs,0,1,2,15,199,fragmented_noisy,False,False,True,60
Control_11,m84137_260214_004236_s1/80610408/ccs,0,2,2,15,199,CAA_interrupted,False,True,False,60
Control_11,m84137_260214_004236_s1/190972761/ccs,0,3,2,15,199,CAA_interrupted,False,True,False,60
Control_11,m84137_260214_004236_s1/218761432/ccs,0,2,2,15,199,CAA_interrupted,False,True,False,60
Control_11,m84137_260214_004236_s1/227672802/ccs,0,2,2,15,199,CAA_interrupted,False,True,False,60
Control_11,m84137_260214_004236_s1/238487399/ccs,0,2,2,15,199,CAA_interrupted,False,True,False,60
Control_11,m84137_260214_004236_s1/43651067/ccs,0,2,2,15,199,CAA_interrupted,False,True,False,60
Control_11,m84137_260214_004236_s1/175443252/ccs,0,2,2,15,199,CAA_interrupted,False,True,False,60
Control_11,m84137_260214_004236_s1/232985847/ccs,0,2,2,15,199,CAA_interrupted,False,True,False,60
Control_11,m84137_260214_004236_s1/28378296/ccs,0,2,2,15,199,CAA_interrupted,False,True,False,60
Control_11,m84137_260214_004236_s1/191629715/ccs,0,2,2,15,199,CAA_interrupted,False,True,False,60
Control_11,m84137_260214_004236_s1/175180408/ccs,0,2,2,15,199,CAA_interrupted,False,True,False,60
Control_11,m84137_260214_004236_s1/175311790/ccs,0,2,2,15,199,CAA_interrupted,False,True,False,60
Control_11,m84137_260214_004236_s1/150930112/ccs,0,2,2,15,199,CAA_interrupted,False,True,False,60
Control_11,m84137_260214_004236_s1/175638274/ccs,0,3,2,15,199,CAA_interrupted,False,True,False,60
Control_11,m84137_260214_004236_s1/188941826/ccs,0,2,2,15,199,CAA_interrupted,False,True,False,60
Control_11,m84137_260214_004236_s1/192283909/ccs,0,2,2,15,199,CAA_interrupted,False,True,False,60
Control_11,m84137_260214_004236_s1/218234982/ccs,0,2,2,15,199,CAA_interrupted,False,True,False,60
Control_11,m84137_260214_004236_s1/194120524/ccs,0,2,2,15,199,CAA_interrupted,False,True,False,60
Control_11,m84137_260214_004236_s1/219547004/ccs,0,2,2,15,199,CAA_interrupted,False,True,False,60
Control_11,m84137_260214_004236_s1/180880700/ccs,0,2,2,15,199,CAA_interrupted,False,True,False,60
Control_11,m84137_260214_004236_s1/199689807/ccs,0,2,2,15,199,CAA_interrupted,False,True,False,60
Control_11,m84137_260214_004236_s1/199885418/ccs,0,2,2,15,199,CAA_interrupted,False,True,False,60
Control_11,m84137_260214_004236_s1/224003830/ccs,0,2,2,15,199,CAA_interrupted,False,True,False,60
Control_11,m84137_260214_004236_s1/182649844/ccs,0,2,2,15,199,CAA_interrupted,False,True,False,60
Control_11,m84137_260214_004236_s1/183174361/ccs,0,2,2,15,199,CAA_interrupted,False,True,False,60
Control_11,m84137_260214_004236_s1/222232720/ccs,0,2,2,15,199,CAA_interrupted,False,True,False,60
Control_11,m84137_260214_004236_s1/204015512/ccs,0,2,2,15,199,CAA_interrupted,False,True,False,60
Control_11,m84137_260214_004236_s1/203883786/ccs,0,2,2,15,199,CAA_interrupted,False,True,False,60
Control_11,m84137_260214_004236_s1/229705123/ccs,0,2,2,15,199,CAA_interrupted,False,True,False,60
Control_11,m84137_260214_004236_s1/183895541/ccs,0,2,2,15,199,CAA_interrupted,False,True,False,60
Control_11,m84137_260214_004236_s1/184156912/ccs,0,2,2,15,199,CAA_interrupted,False,True,False,60
Control_11,m84137_260214_004236_s1/184420878/ccs,0,2,2,15,199,CAA_interrupted,False,True,False,60
Control_11,m84137_260214_004236_s1/240193060/ccs,0,2,2,15,199,CAA_interrupted,False,True,False,60
Control_11,m84137_260214_004236_s1/246486088/ccs,0,2,2,15,199,CAA_interrupted,False,True,False,60
Control_11,m84137_260214_004236_s1/7603736/ccs,0,2,2,15,199,CAA_interrupted,False,True,False,60
Control_11,m84137_260214_004236_s1/50398862/ccs,0,2,2,15,199,CAA_interrupted,False,True,False,60
Control_11,m84137_260214_004236_s1/47188829/ccs,0,2,2,15,199,CAA_interrupted,False,True,False,60
Control_11,m84137_260214_004236_s1/157157213/ccs,0,2,2,15,199,CAA_interrupted,False,True,False,60
Control_11,m84137_260214_004236_s1/209911901/ccs,0,2,2,15,199,CAA_interrupted,False,True,False,60
Control_11,m84137_260214_004236_s1/3935250/ccs,0,2,2,15,199,CAA_interrupted,False,True,False,60
Control_11,m84137_260214_004236_s1/41422700/ccs,0,2,2,15,199,CAA_interrupted,False,True,False,60
Control_11,m84137_260214_004236_s1/236721561/ccs,0,2,2,15,199,CAA_interrupted,False,True,False,60
Control_11,m84137_260214_004236_s1/3735876/ccs,0,2,2,15,199,CAA_interrupted,False,True,False,60
Control_11,m84137_260214_004236_s1/3999563/ccs,0,2,2,15,199,CAA_interrupted,False,True,False,60
Control_11,m84137_260214_004236_s1/50988068/ccs,0,2,2,15,199,CAA_interrupted,False,True,False,60
Control_11,m84137_260214_004236_s1/41421612/ccs,0,1,2,15,199,fragmented_noisy,False,False,True,60
Control_11,m84137_260214_004236_s1/97584261/ccs,0,1,2,15,199,fragmented_noisy,False,False,True,60
Control_11,m84137_260214_004236_s1/81135987/ccs,0,2,2,15,199,CAA_interrupted,False,True,False,60
Control_11,m84137_260214_004236_s1/77006060/ccs,0,2,2,15,199,CAA_interrupted,False,True,False,60
Control_11,m84137_260214_004236_s1/104007484/ccs,0,2,2,15,199,CAA_interrupted,False,True,False,60
Control_11,m84137_260214_004236_s1/133300841/ccs,0,2,2,15,199,CAA_interrupted,False,True,False,60
Control_11,m84137_260214_004236_s1/155191907/ccs,0,2,2,15,199,CAA_interrupted,False,True,False,60
Control_11,m84137_260214_004236_s1/165937214/ccs,0,2,2,15,199,CAA_interrupted,False,True,False,60
Control_11,m84137_260214_004236_s1/177605631/ccs,0,2,2,15,199,CAA_interrupted,False,True,False,60
Control_11,m84137_260214_004236_s1/201722131/ccs,0,2,2,15,199,CAA_interrupted,False,True,False,60
Control_11,m84137_260214_004236_s1/210698738/ccs,0,1,2,15,199,fragmented_noisy,False,False,True,60
Control_11,m84137_260214_004236_s1/213517763/ccs,0,2,2,15,199,CAA_interrupted,False,True,False,60
Control_11,m84137_260214_004236_s1/236586560/ccs,0,2,2,15,199,CAA_interrupted,False,True,False,60
Control_11,m84137_260214_004236_s1/257033131/ccs,0,2,2,15,199,CAA_interrupted,False,True,False,60
Control_11,m84137_260214_004236_s1/261097573/ccs,0,2,2,15,199,CAA_interrupted,False,True,False,60
Control_11,m84137_260214_004236_s1/17241289/ccs,0,2,2,15,199,CAA_interrupted,False,True,False,60
Control_11,m84137_260214_004236_s1/265750419/ccs,0,2,2,15,199,CAA_interrupted,False,True,False,60
Control_11,m84137_260214_004236_s1/3479191/ccs,0,2,2,15,199,CAA_interrupted,False,True,False,60
Control_11,m84137_260214_004236_s1/29758418/ccs,0,2,2,15,199,CAA_interrupted,False,True,False,60
Control_11,m84137_260214_004236_s1/40374541/ccs,0,2,2,15,199,CAA_interrupted,False,True,False,60
Control_11,m84137_260214_004236_s1/45682965/ccs,0,2,2,15,199,CAA_interrupted,False,True,False,60
Control_11,m84137_260214_004236_s1/45551522/ccs,0,2,2,15,199,CAA_interrupted,False,True,False,60
Control_11,m84137_260214_004236_s1/152245288/ccs,0,2,2,15,199,CAA_interrupted,False,True,False,60
Control_11,m84137_260214_004236_s1/153685127/ccs,0,3,2,15,199,CAA_interrupted,False,True,False,60
Control_11,m84137_260214_004236_s1/162861590/ccs,0,2,2,15,199,CAA_interrupted,False,True,False,60
Control_11,m84137_260214_004236_s1/194514894/ccs,0,2,2,15,199,CAA_interrupted,False,True,False,60
Control_11,m84137_260214_004236_s1/238884218/ccs,0,2,2,15,199,CAA_interrupted,False,True,False,60
Control_11,m84137_260214_004236_s1/256904404/ccs,0,2,2,15,199,CAA_interrupted,False,True,False,60
Control_11,m84137_260214_004236_s1/61737070/ccs,0,2,2,15,199,CAA_interrupted,False,True,False,60
Control_11,m84137_260214_004236_s1/76087384/ccs,0,2,2,15,199,CAA_interrupted,False,True,False,60
Control_11,m84137_260214_004236_s1/137628433/ccs,0,2,2,15,199,CAA_interrupted,False,True,False,60
Control_11,m84137_260214_004236_s1/163578971/ccs,0,2,2,15,199,CAA_interrupted,False,True,False,60
Control_11,m84137_260214_004236_s1/172950417/ccs,0,2,2,15,199,CAA_interrupted,False,True,False,60
Control_11,m84137_260214_004236_s1/182517906/ccs,0,2,2,15,199,CAA_interrupted,False,True,False,60
Control_11,m84137_260214_004236_s1/184292146/ccs,0,2,2,15,199,CAA_interrupted,False,True,False,60
Control_11,m84137_260214_004236_s1/42471296/ccs,0,2,2,15,199,CAA_interrupted,False,True,False,60
Control_11,m84137_260214_004236_s1/244516114/ccs,0,2,2,15,199,CAA_interrupted,False,True,False,60
Control_11,m84137_260214_004236_s1/240323097/ccs,0,2,2,15,199,CAA_interrupted,False,True,False,60
Control_11,m84137_260214_004236_s1/245434879/ccs,0,2,2,15,199,CAA_interrupted,False,True,False,60
Control_11,m84137_260214_004236_s1/247924339/ccs,0,2,2,15,199,CAA_interrupted,False,True,False,60
Control_11,m84137_260214_004236_s1/266404523/ccs,0,2,2,15,199,CAA_interrupted,False,True,False,60
Control_11,m84137_260214_004236_s1/19206338/ccs,0,2,2,15,199,CAA_interrupted,False,True,False,60
Control_11,m84137_260214_004236_s1/248513929/ccs,0,2,2,15,199,CAA_interrupted,False,True,False,60
Control_11,m84137_260214_004236_s1/248907613/ccs,0,2,2,15,199,CAA_interrupted,False,True,False,60
Control_11,m84137_260214_004236_s1/249233679/ccs,0,2,2,15,199,CAA_interrupted,False,True,False,60
Control_11,m84137_260214_004236_s1/267453193/ccs,0,2,2,15,199,CAA_interrupted,False,True,False,60
Control_11,m84137_260214_004236_s1/249496081/ccs,0,2,2,15,199,CAA_interrupted,False,True,False,60
Control_11,m84137_260214_004236_s1/24449654/ccs,0,2,2,15,199,CAA_interrupted,False,True,False,60
Control_11,m84137_260214_004236_s1/250216958/ccs,0,2,2,15,199,CAA_interrupted,False,True,False,60
Control_11,m84137_260214_004236_s1/25564109/ccs,0,2,2,15,199,CAA_interrupted,False,True,False,60
Control_11,m84137_260214_004236_s1/35982735/ccs,0,2,2,15,199,CAA_interrupted,False,True,False,60
Control_11,m84137_260214_004236_s1/10948566/ccs,0,2,2,15,199,CAA_interrupted,False,True,False,60
Control_11,m84137_260214_004236_s1/39783515/ccs,0,2,2,15,199,CAA_interrupted,False,True,False,60
Control_11,m84137_260214_004236_s1/56497392/ccs,0,2,2,15,199,CAA_interrupted,False,True,False,60
Control_11,m84137_260214_004236_s1/13505181/ccs,0,2,2,15,199,CAA_interrupted,False,True,False,60
Control_11,m84137_260214_004236_s1/56693398/ccs,0,2,2,15,199,CAA_interrupted,False,True,False,60
Control_11,m84137_260214_004236_s1/61672651/ccs,0,2,2,15,199,CAA_interrupted,False,True,False,60
Control_11,m84137_260214_004236_s1/152962115/ccs,0,2,2,15,199,CAA_interrupted,False,True,False,60
Control_11,m84137_260214_004236_s1/152896080/ccs,0,2,2,15,199,CAA_interrupted,False,True,False,60
Control_11,m84137_260214_004236_s1/154468725/ccs,0,2,2,15,199,CAA_interrupted,False,True,False,60
Control_11,m84137_260214_004236_s1/138282549/ccs,0,2,2,15,199,CAA_interrupted,False,True,False,60
Control_11,m84137_260214_004236_s1/159385786/ccs,0,2,2,15,199,CAA_interrupted,False,True,False,60
Control_11,m84137_260214_004236_s1/159320677/ccs,0,2,2,15,199,CAA_interrupted,False,True,False,60
Control_11,m84137_260214_004236_s1/142935393/ccs,0,2,2,15,199,CAA_interrupted,False,True,False,60
Control_11,m84137_260214_004236_s1/160565024/ccs,0,2,2,15,199,CAA_interrupted,False,True,False,60
Control_11,m84137_260214_004236_s1/164694887/ccs,0,2,2,15,199,CAA_interrupted,False,True,False,60
Control_11,m84137_260214_004236_s1/144050946/ccs,0,2,2,15,199,CAA_interrupted,False,True,False,60
Control_11,m84137_260214_004236_s1/184879940/ccs,0,2,2,15,199,CAA_interrupted,False,True,False,60
Control_11,m84137_260214_004236_s1/161679324/ccs,0,2,2,15,199,CAA_interrupted,False,True,False,60
Control_11,m84137_260214_004236_s1/165676541/ccs,0,2,2,15,199,CAA_interrupted,False,True,False,60
Control_11,m84137_260214_004236_s1/147915103/ccs,0,2,2,15,199,CAA_interrupted,False,True,False,60
Control_11,m84137_260214_004236_s1/145230490/ccs,0,2,2,15,199,CAA_interrupted,False,True,False,60
Control_11,m84137_260214_004236_s1/169019190/ccs,0,2,2,15,199,CAA_interrupted,False,True,False,60
Control_11,m84137_260214_004236_s1/168889091/ccs,0,2,2,15,199,CAA_interrupted,False,True,False,60
Control_11,m84137_260214_004236_s1/149094991/ccs,0,2,2,15,199,CAA_interrupted,False,True,False,60
Control_11,m84137_260214_004236_s1/186976082/ccs,0,2,2,15,199,CAA_interrupted,False,True,False,60
Control_11,m84137_260214_004236_s1/169936997/ccs,0,2,2,15,199,CAA_interrupted,False,True,False,60
Control_11,m84137_260214_004236_s1/149553651/ccs,0,2,2,15,199,CAA_interrupted,False,True,False,60
Control_11,m84137_260214_004236_s1/167381064/ccs,0,2,2,15,199,CAA_interrupted,False,True,False,60
Control_11,m84137_260214_004236_s1/30608480/ccs,0,2,2,15,199,CAA_interrupted,False,True,False,60
Control_11,m84137_260214_004236_s1/10359043/ccs,0,2,2,15,199,CAA_interrupted,False,True,False,60
Control_11,m84137_260214_004236_s1/31331433/ccs,0,2,2,15,199,CAA_interrupted,False,True,False,60
Control_11,m84137_260214_004236_s1/12652784/ccs,0,2,2,15,199,CAA_interrupted,False,True,False,60
Control_11,m84137_260214_004236_s1/12522623/ccs,0,2,2,15,199,CAA_interrupted,False,True,False,60
Control_11,m84137_260214_004236_s1/31985484/ccs,0,2,2,15,199,CAA_interrupted,False,True,False,60
Control_11,m84137_260214_004236_s1/39392080/ccs,0,2,2,15,199,CAA_interrupted,False,True,False,60
Control_11,m84137_260214_004236_s1/36706222/ccs,0,2,2,15,199,CAA_interrupted,False,True,False,60
Control_11,m84137_260214_004236_s1/53417669/ccs,0,2,2,15,199,CAA_interrupted,False,True,False,60
Control_11,m84137_260214_004236_s1/33100812/ccs,0,2,2,15,199,CAA_interrupted,False,True,False,60
Control_11,m84137_260214_004236_s1/38868597/ccs,0,2,2,15,199,CAA_interrupted,False,True,False,60
Control_11,m84137_260214_004236_s1/54530905/ccs,0,2,2,15,199,CAA_interrupted,False,True,False,60
Control_11,m84137_260214_004236_s1/67703809/ccs,0,2,2,15,199,CAA_interrupted,False,True,False,60
Control_11,m84137_260214_004236_s1/15535660/ccs,0,2,2,15,199,CAA_interrupted,False,True,False,60
Control_11,m84137_260214_004236_s1/59640883/ccs,0,2,2,15,199,CAA_interrupted,False,True,False,60
Control_11,m84137_260214_004236_s1/69079873/ccs,0,2,2,15,199,CAA_interrupted,False,True,False,60
Control_11,m84137_260214_004236_s1/44570543/ccs,0,2,2,15,199,CAA_interrupted,False,True,False,60
Control_11,m84137_260214_004236_s1/73731371/ccs,0,2,2,15,199,CAA_interrupted,False,True,False,60
Control_11,m84137_260214_004236_s1/73799468/ccs,0,2,2,15,199,CAA_interrupted,False,True,False,60
Control_11,m84137_260214_004236_s1/87560304/ccs,0,2,2,15,199,CAA_interrupted,False,True,False,60
Control_11,m84137_260214_004236_s1/95229324/ccs,0,2,2,15,199,CAA_interrupted,False,True,False,60
Control_11,m84137_260214_004236_s1/47453602/ccs,0,2,2,15,199,CAA_interrupted,False,True,False,60
Control_11,m84137_260214_004236_s1/101322384/ccs,0,2,2,15,199,CAA_interrupted,False,True,False,60
Control_11,m84137_260214_004236_s1/103153702/ccs,0,2,2,15,199,CAA_interrupted,False,True,False,60
Control_11,m84137_260214_004236_s1/107874137/ccs,0,2,2,15,199,CAA_interrupted,False,True,False,60
Control_11,m84137_260214_004236_s1/107807972/ccs,0,2,2,15,199,CAA_interrupted,False,True,False,60
Control_11,m84137_260214_004236_s1/119802211/ccs,0,2,2,15,199,CAA_interrupted,False,True,False,60
Control_11,m84137_260214_004236_s1/128648491/ccs,0,2,2,15,199,CAA_interrupted,False,True,False,60
Control_11,m84137_260214_004236_s1/103612491/ccs,0,2,2,15,199,CAA_interrupted,False,True,False,60
Control_11,m84137_260214_004236_s1/103809219/ccs,0,2,2,15,199,CAA_interrupted,False,True,False,60
Control_11,m84137_260214_004236_s1/125043142/ccs,0,2,2,15,199,CAA_interrupted,False,True,False,60
Control_11,m84137_260214_004236_s1/112197723/ccs,0,2,2,15,199,CAA_interrupted,False,True,False,60
Control_11,m84137_260214_004236_s1/108724408/ccs,0,2,2,15,199,CAA_interrupted,False,True,False,60
Control_11,m84137_260214_004236_s1/109119870/ccs,0,2,2,15,199,CAA_interrupted,False,True,False,60
Control_11,m84137_260214_004236_s1/112853163/ccs,0,2,2,15,199,CAA_interrupted,False,True,False,60
Control_11,m84137_260214_004236_s1/131664022/ccs,0,2,2,15,199,CAA_interrupted,False,True,False,60
Control_11,m84137_260214_004236_s1/131729721/ccs,0,2,2,15,199,CAA_interrupted,False,True,False,60
Control_11,m84137_260214_004236_s1/156698197/ccs,0,2,2,15,199,CAA_interrupted,False,True,False,60
Control_11,m84137_260214_004236_s1/132449175/ccs,0,2,2,15,199,CAA_interrupted,False,True,False,60
Control_11,m84137_260214_004236_s1/132385366/ccs,0,2,2,15,199,CAA_interrupted,False,True,False,60
Control_11,m84137_260214_004236_s1/136316415/ccs,0,2,2,15,199,CAA_interrupted,False,True,False,60
Control_11,m84137_260214_004236_s1/136383238/ccs,0,2,2,15,199,CAA_interrupted,False,True,False,60
Control_11,m84137_260214_004236_s1/153485809/ccs,0,2,2,15,199,CAA_interrupted,False,True,False,60
Control_11,m84137_260214_004236_s1/140903747/ccs,0,2,2,15,199,CAA_interrupted,False,True,False,60
Control_11,m84137_260214_004236_s1/137364374/ccs,0,2,2,15,199,CAA_interrupted,False,True,False,60
Control_11,m84137_260214_004236_s1/162333148/ccs,0,2,2,15,199,CAA_interrupted,False,True,False,60
Control_11,m84137_260214_004236_s1/117048015/ccs,0,2,2,15,199,CAA_interrupted,False,True,False,60
Control_11,m84137_260214_004236_s1/138282461/ccs,0,2,2,15,199,CAA_interrupted,False,True,False,60
Control_11,m84137_260214_004236_s1/121506944/ccs,0,2,2,15,199,CAA_interrupted,False,True,False,60
Control_11,m84137_260214_004236_s1/105779152/ccs,0,2,2,15,199,CAA_interrupted,False,True,False,60
Control_11,m84137_260214_004236_s1/105845175/ccs,0,2,2,15,199,CAA_interrupted,False,True,False,60
Control_11,m84137_260214_004236_s1/106042011/ccs,0,2,2,15,199,CAA_interrupted,False,True,False,60
Control_11,m84137_260214_004236_s1/130093267/ccs,0,2,2,15,199,CAA_interrupted,False,True,False,60
Control_11,m84137_260214_004236_s1/151130171/ccs,0,2,2,15,199,CAA_interrupted,False,True,False,60
Control_11,m84137_260214_004236_s1/111284219/ccs,0,2,2,15,199,CAA_interrupted,False,True,False,60
Control_11,m84137_260214_004236_s1/153359107/ccs,0,2,2,15,199,CAA_interrupted,False,True,False,60
Control_11,m84137_260214_004236_s1/113316182/ccs,0,2,2,15,199,CAA_interrupted,False,True,False,60
Control_11,m84137_260214_004236_s1/158601068/ccs,0,2,2,15,199,CAA_interrupted,False,True,False,60
Control_11,m84137_260214_004236_s1/155783993/ccs,0,2,2,15,199,CAA_interrupted,False,True,False,60
Control_11,m84137_260214_004236_s1/142545795/ccs,0,2,2,15,199,CAA_interrupted,False,True,False,60
Control_11,m84137_260214_004236_s1/139005032/ccs,0,2,2,15,199,CAA_interrupted,False,True,False,60
Control_11,m84137_260214_004236_s1/115873143/ccs,0,2,2,15,199,CAA_interrupted,False,True,False,60
Control_11,m84137_260214_004236_s1/116199437/ccs,0,2,2,15,199,CAA_interrupted,False,True,False,60
Control_11,m84137_260214_004236_s1/163515667/ccs,0,2,2,15,199,CAA_interrupted,False,True,False,60
Control_11,m84137_260214_004236_s1/116396991/ccs,0,2,2,15,199,CAA_interrupted,False,True,False,60
Control_11,m84137_260214_004236_s1/160699411/ccs,0,2,2,15,199,CAA_interrupted,False,True,False,60
Control_11,m84137_260214_004236_s1/160894487/ccs,0,2,2,15,199,CAA_interrupted,False,True,False,60
Control_11,m84137_260214_004236_s1/185930027/ccs,0,2,2,15,199,CAA_interrupted,False,True,False,60
Control_11,m84137_260214_004236_s1/174199519/ccs,0,2,2,15,199,CAA_interrupted,False,True,False,60
Control_11,m84137_260214_004236_s1/169743899/ccs,0,2,2,15,199,CAA_interrupted,False,True,False,60
Control_11,m84137_260214_004236_s1/147199780/ccs,0,2,2,15,199,CAA_interrupted,False,True,False,60
Control_11,m84137_260214_004236_s1/169938363/ccs,0,2,2,15,199,CAA_interrupted,False,True,False,60
Control_11,m84137_260214_004236_s1/189994648/ccs,0,2,2,15,199,CAA_interrupted,False,True,False,60
Control_11,m84137_260214_004236_s1/192943223/ccs,0,2,2,15,199,CAA_interrupted,False,True,False,60
Control_11,m84137_260214_004236_s1/150211605/ccs,0,2,2,15,199,CAA_interrupted,False,True,False,60
Control_11,m84137_260214_004236_s1/14880608/ccs,0,2,2,15,199,CAA_interrupted,False,True,False,60
Control_11,m84137_260214_004236_s1/14945470/ccs,0,2,2,15,199,CAA_interrupted,False,True,False,60
Control_11,m84137_260214_004236_s1/67767352/ccs,0,2,2,15,199,CAA_interrupted,False,True,False,60
Control_11,m84137_260214_004236_s1/58723817/ccs,0,2,2,15,199,CAA_interrupted,False,True,False,60
Control_11,m84137_260214_004236_s1/42470557/ccs,0,2,2,15,199,CAA_interrupted,False,True,False,60
Control_11,m84137_260214_004236_s1/59314468/ccs,0,2,2,15,199,CAA_interrupted,False,True,False,60
Control_11,m84137_260214_004236_s1/43193419/ccs,0,2,2,15,199,CAA_interrupted,False,True,False,60
Control_11,m84137_260214_004236_s1/68948227/ccs,0,2,2,15,199,CAA_interrupted,False,True,False,60
Control_11,m84137_260214_004236_s1/43650086/ccs,0,2,2,15,199,CAA_interrupted,False,True,False,60
Control_11,m84137_260214_004236_s1/44764871/ccs,0,2,2,15,199,CAA_interrupted,False,True,False,60
Control_11,m84137_260214_004236_s1/44242832/ccs,0,2,2,15,199,CAA_interrupted,False,True,False,60
Control_11,m84137_260214_004236_s1/69668772/ccs,0,2,2,15,199,CAA_interrupted,False,True,False,60
Control_11,m84137_260214_004236_s1/60953515/ccs,0,2,2,15,199,CAA_interrupted,False,True,False,60
Control_11,m84137_260214_004236_s1/46077748/ccs,0,2,2,15,199,CAA_interrupted,False,True,False,60
Control_11,m84137_260214_004236_s1/71309209/ccs,0,2,2,15,199,CAA_interrupted,False,True,False,60
Control_11,m84137_260214_004236_s1/87297956/ccs,0,2,2,15,199,CAA_interrupted,False,True,False,60
Control_11,m84137_260214_004236_s1/47386806/ccs,0,2,2,15,199,CAA_interrupted,False,True,False,60
Control_11,m84137_260214_004236_s1/48697745/ccs,0,2,2,15,199,CAA_interrupted,False,True,False,60
Control_11,m84137_260214_004236_s1/92802517/ccs,0,2,2,15,199,CAA_interrupted,False,True,False,60
Control_11,m84137_260214_004236_s1/102044742/ccs,0,2,2,15,199,CAA_interrupted,False,True,False,60
Control_11,m84137_260214_004236_s1/93262454/ccs,0,2,2,15,199,CAA_interrupted,False,True,False,60
Control_11,m84137_260214_004236_s1/93720444/ccs,0,2,2,15,199,CAA_interrupted,False,True,False,60
Control_11,m84137_260214_004236_s1/119215354/ccs,0,2,2,15,199,CAA_interrupted,False,True,False,60
Control_11,m84137_260214_004236_s1/119279554/ccs,0,2,2,15,199,CAA_interrupted,False,True,False,60
Control_11,m84137_260214_004236_s1/104140070/ccs,0,2,2,15,199,CAA_interrupted,False,True,False,60
Control_11,m84137_260214_004236_s1/99422888/ccs,0,2,2,15,199,CAA_interrupted,False,True,False,60
Control_11,m84137_260214_004236_s1/120067280/ccs,0,2,2,15,199,CAA_interrupted,False,True,False,60
Control_11,m84137_260214_004236_s1/104338122/ccs,0,2,2,15,199,CAA_interrupted,False,True,False,60
Control_11,m84137_260214_004236_s1/107549070/ccs,0,3,2,15,199,CAA_interrupted,False,True,False,60
Control_11,m84137_260214_004236_s1/81073519/ccs,0,2,2,15,199,CAA_interrupted,False,True,False,60
Control_11,m84137_260214_004236_s1/108205847/ccs,0,2,2,15,199,CAA_interrupted,False,True,False,60
Control_11,m84137_260214_004236_s1/34013453/ccs,0,2,2,15,199,CAA_interrupted,False,True,False,60
Control_11,m84137_260214_004236_s1/33882303/ccs,0,2,2,15,199,CAA_interrupted,False,True,False,60
Control_11,m84137_260214_004236_s1/34210113/ccs,0,2,2,15,199,CAA_interrupted,False,True,False,60
Control_11,m84137_260214_004236_s1/22022357/ccs,0,2,2,15,199,CAA_interrupted,False,True,False,60
Control_11,m84137_260214_004236_s1/32964883/ccs,0,2,2,15,199,CAA_interrupted,False,True,False,60
Control_11,m84137_260214_004236_s1/32965408/ccs,0,2,2,15,199,CAA_interrupted,False,True,False,60
Control_11,m84137_260214_004236_s1/50792178/ccs,0,2,2,15,199,CAA_interrupted,False,True,False,60
Control_11,m84137_260214_004236_s1/16517362/ccs,0,2,2,15,199,CAA_interrupted,False,True,False,60
Control_11,m84137_260214_004236_s1/36438758/ccs,0,2,2,15,199,CAA_interrupted,False,True,False,60
Control_11,m84137_260214_004236_s1/46204659/ccs,0,2,2,15,199,CAA_interrupted,False,True,False,60
Control_11,m84137_260214_004236_s1/41683401/ccs,0,2,2,15,199,CAA_interrupted,False,True,False,60
Control_11,m84137_260214_004236_s1/60229967/ccs,0,2,2,15,199,CAA_interrupted,False,True,False,60
Control_11,m84137_260214_004236_s1/38472703/ccs,0,2,2,15,199,CAA_interrupted,False,True,False,60
Control_11,m84137_260214_004236_s1/60427003/ccs,0,2,2,15,199,CAA_interrupted,False,True,False,60
Control_11,m84137_260214_004236_s1/38603609/ccs,0,2,2,15,199,CAA_interrupted,False,True,False,60
Control_11,m84137_260214_004236_s1/63768290/ccs,0,2,2,15,199,CAA_interrupted,False,True,False,60
Control_11,m84137_260214_004236_s1/43911508/ccs,0,2,2,15,199,CAA_interrupted,False,True,False,60
Control_11,m84137_260214_004236_s1/48627815/ccs,0,2,2,15,199,CAA_interrupted,False,True,False,60
Control_11,m84137_260214_004236_s1/48630781/ccs,0,2,2,15,199,CAA_interrupted,False,True,False,60
Control_11,m84137_260214_004236_s1/67897918/ccs,0,2,2,15,199,CAA_interrupted,False,True,False,60
Control_11,m84137_260214_004236_s1/224989022/ccs,0,2,2,15,199,CAA_interrupted,False,True,False,60
Control_11,m84137_260214_004236_s1/222367351/ccs,0,2,2,15,199,CAA_interrupted,False,True,False,60
Control_11,m84137_260214_004236_s1/267258960/ccs,0,2,2,15,199,CAA_interrupted,False,True,False,60
Control_11,m84137_260214_004236_s1/20644215/ccs,0,2,2,15,199,CAA_interrupted,False,True,False,60
Control_11,m84137_260214_004236_s1/36241873/ccs,0,2,2,15,199,CAA_interrupted,False,True,False,60
Control_11,m84137_260214_004236_s1/54462945/ccs,0,2,2,15,199,CAA_interrupted,False,True,False,60
Control_11,m84137_260214_004236_s1/131925219/ccs,0,2,2,15,199,CAA_interrupted,False,True,False,60
Control_11,m84137_260214_004236_s1/226361592/ccs,0,2,2,15,199,CAA_interrupted,False,True,False,60
Control_11,m84137_260214_004236_s1/194908510/ccs,0,2,2,15,199,CAA_interrupted,False,True,False,60
Control_11,m84137_260214_004236_s1/5835455/ccs,0,2,2,15,199,CAA_interrupted,False,True,False,60
Control_11,m84137_260214_004236_s1/11403749/ccs,0,2,2,15,199,CAA_interrupted,False,True,False,60
Control_11,m84137_260214_004236_s1/28837734/ccs,0,2,2,15,199,CAA_interrupted,False,True,False,60
Control_11,m84137_260214_004236_s1/6883476/ccs,0,2,2,15,199,CAA_interrupted,False,True,False,60
Control_11,m84137_260214_004236_s1/13109358/ccs,0,2,2,15,199,CAA_interrupted,False,True,False,60
Control_11,m84137_260214_004236_s1/24970887/ccs,0,2,2,15,199,CAA_interrupted,False,True,False,60
Control_11,m84137_260214_004236_s1/31198085/ccs,0,3,2,15,199,CAA_interrupted,False,True,False,60
Control_11,m84137_260214_004236_s1/87164279/ccs,0,2,2,15,199,CAA_interrupted,False,True,False,60
Control_11,m84137_260214_004236_s1/97716484/ccs,0,2,2,15,199,CAA_interrupted,False,True,False,60
Control_11,m84137_260214_004236_s1/23072518/ccs,0,2,2,15,199,CAA_interrupted,False,True,False,60
Control_11,m84137_260214_004236_s1/246416591/ccs,0,2,2,15,199,CAA_interrupted,False,True,False,60
Control_11,m84137_260214_004236_s1/245039684/ccs,0,2,2,15,199,CAA_interrupted,False,True,False,60
Control_11,m84137_260214_004236_s1/248250833/ccs,0,2,2,15,199,CAA_interrupted,False,True,False,60
Control_11,m84137_260214_004236_s1/248316913/ccs,0,2,2,15,199,CAA_interrupted,False,True,False,60
Control_11,m84137_260214_004236_s1/19207768/ccs,0,2,2,15,199,CAA_interrupted,False,True,False,60
Control_11,m84137_260214_004236_s1/5901912/ccs,0,2,2,15,199,CAA_interrupted,False,True,False,60
Control_11,m84137_260214_004236_s1/23465648/ccs,0,2,2,15,199,CAA_interrupted,False,True,False,60
Control_11,m84137_260214_004236_s1/3411210/ccs,0,2,2,15,199,CAA_interrupted,False,True,False,60
Control_11,m84137_260214_004236_s1/20058386/ccs,0,1,2,15,199,fragmented_noisy,False,False,True,60
Control_11,m84137_260214_004236_s1/267453212/ccs,0,2,2,15,199,CAA_interrupted,False,True,False,60
Control_11,m84137_260214_004236_s1/250219004/ccs,0,5,2,15,199,CAA_interrupted,False,True,False,60
Control_11,m84137_260214_004236_s1/21829110/ccs,0,2,2,15,199,CAA_interrupted,False,True,False,60
Control_11,m84137_260214_004236_s1/251069021/ccs,0,2,2,15,199,CAA_interrupted,False,True,False,60
Control_11,m84137_260214_004236_s1/25890472/ccs,0,2,2,15,199,CAA_interrupted,False,True,False,60
Control_11,m84137_260214_004236_s1/50794727/ccs,0,2,2,15,199,CAA_interrupted,False,True,False,60
Control_11,m84137_260214_004236_s1/35196179/ccs,0,2,2,15,199,CAA_interrupted,False,True,False,60
Control_11,m84137_260214_004236_s1/30346320/ccs,0,2,2,15,199,CAA_interrupted,False,True,False,60
Control_11,m84137_260214_004236_s1/30086356/ccs,0,2,2,15,199,CAA_interrupted,False,True,False,60
Control_11,m84137_260214_004236_s1/116003188/ccs,0,2,2,15,199,CAA_interrupted,False,True,False,60
Control_11,m84137_260214_004236_s1/116332035/ccs,0,2,2,15,199,CAA_interrupted,False,True,False,60
Control_11,m84137_260214_004236_s1/144576056/ccs,0,2,2,15,199,CAA_interrupted,False,True,False,60
Control_11,m84137_260214_004236_s1/144512648/ccs,0,2,2,15,199,CAA_interrupted,False,True,False,60
Control_11,m84137_260214_004236_s1/145034680/ccs,0,2,2,15,199,CAA_interrupted,False,True,False,60
Control_11,m84137_260214_004236_s1/169283441/ccs,0,2,2,15,199,CAA_interrupted,False,True,False,60
Control_11,m84137_260214_004236_s1/166335258/ccs,0,2,2,15,199,CAA_interrupted,False,True,False,60
Control_11,m84137_260214_004236_s1/166399748/ccs,0,2,2,15,199,CAA_interrupted,False,True,False,60
Control_11,m84137_260214_004236_s1/191370723/ccs,0,2,2,15,199,CAA_interrupted,False,True,False,60
Control_11,m84137_260214_004236_s1/192417684/ccs,0,2,2,15,199,CAA_interrupted,False,True,False,60
Control_11,m84137_260214_004236_s1/193007248/ccs,0,2,2,15,199,CAA_interrupted,False,True,False,60
Control_11,m84137_260214_004236_s1/176952105/ccs,0,2,2,15,199,CAA_interrupted,False,True,False,60
Control_11,m84137_260214_004236_s1/148838076/ccs,0,2,2,15,199,CAA_interrupted,False,True,False,60
Control_11,m84137_260214_004236_s1/193400771/ccs,0,2,2,15,199,CAA_interrupted,False,True,False,60
Control_11,m84137_260214_004236_s1/193795444/ccs,0,2,2,15,199,CAA_interrupted,False,True,False,60
Control_11,m84137_260214_004236_s1/178523365/ccs,0,2,2,15,199,CAA_interrupted,False,True,False,60
Control_11,m84137_260214_004236_s1/219222289/ccs,0,2,2,15,199,CAA_interrupted,False,True,False,60
Control_11,m84137_260214_004236_s1/150016396/ccs,0,2,2,15,199,CAA_interrupted,False,True,False,60
Control_11,m84137_260214_004236_s1/195302659/ccs,0,2,2,15,199,CAA_interrupted,False,True,False,60
Control_11,m84137_260214_004236_s1/178983128/ccs,0,2,2,15,199,CAA_interrupted,False,True,False,60
Control_11,m84137_260214_004236_s1/202380967/ccs,0,2,2,15,199,CAA_interrupted,False,True,False,60
Control_11,m84137_260214_004236_s1/202576776/ccs,0,2,2,15,199,CAA_interrupted,False,True,False,60
Control_11,m84137_260214_004236_s1/221252757/ccs,0,2,2,15,199,CAA_interrupted,False,True,False,60
Control_11,m84137_260214_004236_s1/224466262/ccs,0,2,2,15,199,CAA_interrupted,False,True,False,60
Control_11,m84137_260214_004236_s1/199365983/ccs,0,2,2,15,199,CAA_interrupted,False,True,False,60
Control_11,m84137_260214_004236_s1/194709760/ccs,0,2,2,15,199,CAA_interrupted,False,True,False,60
Control_11,m84137_260214_004236_s1/194709640/ccs,0,2,2,15,199,CAA_interrupted,False,True,False,60
Control_11,m84137_260214_004236_s1/219548496/ccs,0,2,2,15,199,CAA_interrupted,False,True,False,60
Control_11,m84137_260214_004236_s1/201721010/ccs,0,2,2,15,199,CAA_interrupted,False,True,False,60
Control_11,m84137_260214_004236_s1/201982251/ccs,0,2,2,15,199,CAA_interrupted,False,True,False,60
Control_11,m84137_260214_004236_s1/201982444/ccs,0,2,2,15,199,CAA_interrupted,False,True,False,60
Control_11,m84137_260214_004236_s1/202181172/ccs,0,2,2,15,199,CAA_interrupted,False,True,False,60
Control_11,m84137_260214_004236_s1/220530524/ccs,0,2,2,15,199,CAA_interrupted,False,True,False,60
Control_11,m84137_260214_004236_s1/223938206/ccs,0,3,2,15,199,CAA_interrupted,False,True,False,60
Control_11,m84137_260214_004236_s1/182585190/ccs,0,2,2,15,199,CAA_interrupted,False,True,False,60
Control_11,m84137_260214_004236_s1/224395994/ccs,0,2,2,15,199,CAA_interrupted,False,True,False,60
Control_11,m84137_260214_004236_s1/201132863/ccs,0,2,2,15,199,CAA_interrupted,False,True,False,60
Control_11,m84137_260214_004236_s1/201195836/ccs,0,2,2,15,199,CAA_interrupted,False,True,False,60
Control_11,m84137_260214_004236_s1/208995429/ccs,0,1,2,15,199,fragmented_noisy,False,False,True,60
Control_11,m84137_260214_004236_s1/183634171/ccs,0,2,2,15,199,CAA_interrupted,False,True,False,60
Control_11,m84137_260214_004236_s1/204211166/ccs,0,2,2,15,199,CAA_interrupted,False,True,False,60
Control_11,m84137_260214_004236_s1/209519765/ccs,0,2,2,15,199,CAA_interrupted,False,True,False,60
Control_11,m84137_260214_004236_s1/230031571/ccs,0,2,2,15,199,CAA_interrupted,False,True,False,60
Control_11,m84137_260214_004236_s1/204932023/ccs,0,2,2,15,199,CAA_interrupted,False,True,False,60
Control_11,m84137_260214_004236_s1/226296528/ccs,0,2,2,15,199,CAA_interrupted,False,True,False,60
Control_11,m84137_260214_004236_s1/204933750/ccs,0,2,2,15,199,CAA_interrupted,False,True,False,60
Control_11,m84137_260214_004236_s1/223611385/ccs,0,2,2,15,199,CAA_interrupted,False,True,False,60
Control_11,m84137_260214_004236_s1/210502708/ccs,0,2,2,15,199,CAA_interrupted,False,True,False,60
Control_11,m84137_260214_004236_s1/205457004/ccs,0,2,2,15,199,CAA_interrupted,False,True,False,60
Control_11,m84137_260214_004236_s1/227082500/ccs,0,2,2,15,199,CAA_interrupted,False,True,False,60
Control_11,m84137_260214_004236_s1/205850484/ccs,0,2,2,15,199,CAA_interrupted,False,True,False,60
Control_11,m84137_260214_004236_s1/252118191/ccs,0,2,2,15,199,CAA_interrupted,False,True,False,60
Control_11,m84137_260214_004236_s1/213647678/ccs,0,2,2,15,199,CAA_interrupted,False,True,False,60
Control_11,m84137_260214_004236_s1/231801228/ccs,0,2,2,15,199,CAA_interrupted,False,True,False,60
Control_11,m84137_260214_004236_s1/162857427/ccs,0,2,2,15,199,CAA_interrupted,False,True,False,60
Control_11,m84137_260214_004236_s1/162794101/ccs,0,2,2,15,199,CAA_interrupted,False,True,False,60
Control_11,m84137_260214_004236_s1/154602355/ccs,0,2,2,15,199,CAA_interrupted,False,True,False,60
Control_11,m84137_260214_004236_s1/159909862/ccs,0,2,2,15,199,CAA_interrupted,False,True,False,60
Control_11,m84137_260214_004236_s1/143132214/ccs,0,2,2,15,199,CAA_interrupted,False,True,False,60
Control_11,m84137_260214_004236_s1/161155472/ccs,0,2,2,15,199,CAA_interrupted,False,True,False,60
Control_11,m84137_260214_004236_s1/161219941/ccs,0,2,2,15,199,CAA_interrupted,False,True,False,60
Control_11,m84137_260214_004236_s1/168429871/ccs,0,2,2,15,199,CAA_interrupted,False,True,False,60
Control_11,m84137_260214_004236_s1/168363627/ccs,0,2,2,15,199,CAA_interrupted,False,True,False,60
Control_11,m84137_260214_004236_s1/166002994/ccs,0,2,2,15,199,CAA_interrupted,False,True,False,60
Control_11,m84137_260214_004236_s1/148898152/ccs,0,2,2,15,199,CAA_interrupted,False,True,False,60
Control_11,m84137_260214_004236_s1/170590804/ccs,0,2,2,15,199,CAA_interrupted,False,True,False,60
Control_11,m84137_260214_004236_s1/174851578/ccs,0,2,2,15,199,CAA_interrupted,False,True,False,60
Control_11,m84137_260214_004236_s1/187762626/ccs,0,2,2,15,199,CAA_interrupted,False,True,False,60
Control_11,m84137_260214_004236_s1/175376131/ccs,0,2,2,15,199,CAA_interrupted,False,True,False,60
Control_11,m84137_260214_004236_s1/191824230/ccs,0,3,2,15,199,CAA_interrupted,False,True,False,60
Control_11,m84137_260214_004236_s1/175508389/ccs,0,2,2,15,199,CAA_interrupted,False,True,False,60
Control_11,m84137_260214_004236_s1/171573736/ccs,0,2,2,15,199,CAA_interrupted,False,True,False,60
Control_11,m84137_260214_004236_s1/196741615/ccs,0,2,2,15,199,CAA_interrupted,False,True,False,60
Control_11,m84137_260214_004236_s1/189465695/ccs,0,2,2,15,199,CAA_interrupted,False,True,False,60
Control_11,m84137_260214_004236_s1/176031903/ccs,0,2,2,15,199,CAA_interrupted,False,True,False,60
Control_11,m84137_260214_004236_s1/192807397/ccs,0,2,2,15,199,CAA_interrupted,False,True,False,60
Control_11,m84137_260214_004236_s1/218300569/ccs,0,2,2,15,199,CAA_interrupted,False,True,False,60
Control_11,m84137_260214_004236_s1/193856478/ccs,0,2,2,15,199,CAA_interrupted,False,True,False,60
Control_11,m84137_260214_004236_s1/211748966/ccs,0,2,2,15,199,CAA_interrupted,False,True,False,60
Control_11,m84137_260214_004236_s1/206701571/ccs,0,2,2,15,199,CAA_interrupted,False,True,False,60
Control_11,m84137_260214_004236_s1/231867631/ccs,0,2,2,15,199,CAA_interrupted,False,True,False,60
Control_11,m84137_260214_004236_s1/212271749/ccs,0,2,2,15,199,CAA_interrupted,False,True,False,60
Control_11,m84137_260214_004236_s1/214369244/ccs,0,2,2,15,199,CAA_interrupted,False,True,False,60
Control_11,m84137_260214_004236_s1/253232670/ccs,0,2,2,15,199,CAA_interrupted,False,True,False,60
Control_11,m84137_260214_004236_s1/253035501/ccs,0,2,2,15,199,CAA_interrupted,False,True,False,60
Control_11,m84137_260214_004236_s1/234949359/ccs,0,2,2,15,199,CAA_interrupted,False,True,False,60
Control_11,m84137_260214_004236_s1/235211111/ccs,0,2,2,15,199,CAA_interrupted,False,True,False,60
Control_11,m84137_260214_004236_s1/253821295/ccs,0,2,2,15,199,CAA_interrupted,False,True,False,60
Control_11,m84137_260214_004236_s1/254084973/ccs,0,2,2,15,199,CAA_interrupted,False,True,False,60
Control_11,m84137_260214_004236_s1/241041771/ccs,0,2,2,15,199,CAA_interrupted,False,True,False,60
Control_11,m84137_260214_004236_s1/254869769/ccs,0,2,2,15,199,CAA_interrupted,False,True,False,60
Control_11,m84137_260214_004236_s1/234685098/ccs,0,2,2,15,199,CAA_interrupted,False,True,False,60
Control_11,m84137_260214_004236_s1/258540442/ccs,0,2,2,15,199,CAA_interrupted,False,True,False,60
Control_11,m84137_260214_004236_s1/241959200/ccs,0,2,2,15,199,CAA_interrupted,False,True,False,60
Control_11,m84137_260214_004236_s1/255527000/ccs,0,2,2,15,199,CAA_interrupted,False,True,False,60
Control_11,m84137_260214_004236_s1/242221555/ccs,0,2,2,15,199,CAA_interrupted,False,True,False,60
Control_11,m84137_260214_004236_s1/242156525/ccs,0,2,2,15,199,CAA_interrupted,False,True,False,60
Control_11,m84137_260214_004236_s1/258998952/ccs,0,2,2,15,199,CAA_interrupted,False,True,False,60
Control_11,m84137_260214_004236_s1/242551403/ccs,0,2,2,15,199,CAA_interrupted,False,True,False,60
Control_11,m84137_260214_004236_s1/263261136/ccs,0,2,2,15,199,CAA_interrupted,False,True,False,60
Control_11,m84137_260214_004236_s1/243335803/ccs,0,2,2,15,199,CAA_interrupted,False,True,False,60
Control_11,m84137_260214_004236_s1/77141182/ccs,0,2,2,15,199,CAA_interrupted,False,True,False,60
Control_11,m84137_260214_004236_s1/93262642/ccs,0,2,2,15,199,CAA_interrupted,False,True,False,60
Control_11,m84137_260214_004236_s1/118492628/ccs,0,2,2,15,199,CAA_interrupted,False,True,False,60
Control_11,m84137_260214_004236_s1/98767425/ccs,0,2,2,15,199,CAA_interrupted,False,True,False,60
Control_11,m84137_260214_004236_s1/119148396/ccs,0,2,2,15,199,CAA_interrupted,False,True,False,60
Control_11,m84137_260214_004236_s1/78713477/ccs,0,2,2,15,199,CAA_interrupted,False,True,False,60
Control_11,m84137_260214_004236_s1/94836146/ccs,0,2,2,15,199,CAA_interrupted,False,True,False,60
Control_11,m84137_260214_004236_s1/79828659/ccs,0,4,2,15,199,CAA_interrupted,False,True,False,60
Control_11,m84137_260214_004236_s1/79891793/ccs,0,2,2,15,199,CAA_interrupted,False,True,False,60
Control_11,m84137_260214_004236_s1/99356378/ccs,0,2,2,15,199,CAA_interrupted,False,True,False,60
Control_11,m84137_260214_004236_s1/124259386/ccs,0,2,2,15,199,CAA_interrupted,False,True,False,60
Control_11,m84137_260214_004236_s1/80744176/ccs,0,2,2,15,199,CAA_interrupted,False,True,False,60
Control_11,m84137_260214_004236_s1/108205021/ccs,0,3,2,15,199,CAA_interrupted,False,True,False,60
Control_11,m84137_260214_004236_s1/108270570/ccs,0,2,2,15,199,CAA_interrupted,False,True,False,60
Control_11,m84137_260214_004236_s1/125046630/ccs,0,2,2,15,199,CAA_interrupted,False,True,False,60
Control_11,m84137_260214_004236_s1/108662149/ccs,0,2,2,15,199,CAA_interrupted,False,True,False,60
Control_11,m84137_260214_004236_s1/125176851/ccs,0,2,2,15,199,CAA_interrupted,False,True,False,60
Control_11,m84137_260214_004236_s1/122490162/ccs,0,2,2,15,199,CAA_interrupted,False,True,False,60
Control_11,m84137_260214_004236_s1/125898402/ccs,0,2,2,15,199,CAA_interrupted,False,True,False,60
Control_11,m84137_260214_004236_s1/81989008/ccs,0,2,2,15,199,CAA_interrupted,False,True,False,60
Control_11,m84137_260214_004236_s1/130223380/ccs,0,2,2,15,199,CAA_interrupted,False,True,False,60
Control_11,m84137_260214_004236_s1/127079351/ccs,0,2,2,15,199,CAA_interrupted,False,True,False,60
Control_11,m84137_260214_004236_s1/128519507/ccs,0,2,2,15,199,CAA_interrupted,False,True,False,60
Control_11,m84137_260214_004236_s1/132714448/ccs,0,2,2,15,199,CAA_interrupted,False,True,False,60
Control_11,m84137_260214_004236_s1/133565883/ccs,0,2,2,15,199,CAA_interrupted,False,True,False,60
Control_11,m84137_260214_004236_s1/155129241/ccs,0,2,2,15,199,CAA_interrupted,False,True,False,60
Control_11,m84137_260214_004236_s1/114495482/ccs,0,2,2,15,199,CAA_interrupted,False,True,False,60
Control_11,m84137_260214_004236_s1/221711805/ccs,0,2,2,15,199,CAA_interrupted,False,True,False,60
Control_11,m84137_260214_004236_s1/180688339/ccs,0,2,2,15,199,CAA_interrupted,False,True,False,60
Control_11,m84137_260214_004236_s1/203821721/ccs,0,2,2,15,199,CAA_interrupted,False,True,False,60
Control_11,m84137_260214_004236_s1/199888619/ccs,0,2,2,15,199,CAA_interrupted,False,True,False,60
Control_11,m84137_260214_004236_s1/222825916/ccs,0,2,2,15,199,CAA_interrupted,False,True,False,60
Control_11,m84137_260214_004236_s1/205655348/ccs,0,2,2,15,199,CAA_interrupted,False,True,False,60
Control_11,m84137_260214_004236_s1/205786754/ccs,0,2,2,15,199,CAA_interrupted,False,True,False,60
Control_11,m84137_260214_004236_s1/226497962/ccs,0,2,2,15,199,CAA_interrupted,False,True,False,60
Control_11,m84137_260214_004236_s1/211816357/ccs,0,2,2,15,199,CAA_interrupted,False,True,False,60
Control_11,m84137_260214_004236_s1/252646356/ccs,0,2,2,15,199,CAA_interrupted,False,True,False,60
Control_11,m84137_260214_004236_s1/229642790/ccs,0,2,2,15,199,CAA_interrupted,False,True,False,60
Control_11,m84137_260214_004236_s1/253302658/ccs,0,2,2,15,199,CAA_interrupted,False,True,False,60
Control_11,m84137_260214_004236_s1/227611134/ccs,0,2,2,15,199,CAA_interrupted,False,True,False,60
Control_11,m84137_260214_004236_s1/253497798/ccs,0,2,2,15,199,CAA_interrupted,False,True,False,60
Control_11,m84137_260214_004236_s1/184292049/ccs,0,2,2,15,199,CAA_interrupted,False,True,False,60
Control_11,m84137_260214_004236_s1/253957919/ccs,0,2,2,15,199,CAA_interrupted,False,True,False,60
Control_11,m84137_260214_004236_s1/212733569/ccs,0,2,2,15,199,CAA_interrupted,False,True,False,60
Control_11,m84137_260214_004236_s1/236851431/ccs,0,2,2,15,199,CAA_interrupted,False,True,False,60
Control_11,m84137_260214_004236_s1/257364669/ccs,0,2,2,15,199,CAA_interrupted,False,True,False,60
Control_11,m84137_260214_004236_s1/232524921/ccs,0,2,2,15,199,CAA_interrupted,False,True,False,60
Control_11,m84137_260214_004236_s1/243142604/ccs,0,2,2,15,199,CAA_interrupted,False,True,False,60
Control_11,m84137_260214_004236_s1/233312282/ccs,0,2,2,15,199,CAA_interrupted,False,True,False,60
Control_11,m84137_260214_004236_s1/233576187/ccs,0,2,2,15,199,CAA_interrupted,False,True,False,60
Control_11,m84137_260214_004236_s1/256969866/ccs,0,2,2,15,199,CAA_interrupted,False,True,False,60
Control_11,m84137_260214_004236_s1/244912374/ccs,0,2,2,15,199,CAA_interrupted,False,True,False,60
Control_11,m84137_260214_004236_s1/260771697/ccs,0,2,2,15,199,CAA_interrupted,False,True,False,60
Control_11,m84137_260214_004236_s1/245372140/ccs,0,2,2,15,199,CAA_interrupted,False,True,False,60
Control_11,m84137_260214_004236_s1/262803769/ccs,0,2,2,15,199,CAA_interrupted,False,True,False,60
Control_11,m84137_260214_004236_s1/266015495/ccs,0,2,2,15,199,CAA_interrupted,False,True,False,60
Control_11,m84137_260214_004236_s1/55838132/ccs,0,2,2,15,199,CAA_interrupted,False,True,False,60
Control_11,m84137_260214_004236_s1/73009393/ccs,0,2,2,15,199,CAA_interrupted,False,True,False,60
Control_11,m84137_260214_004236_s1/84215281/ccs,0,2,2,15,199,CAA_interrupted,False,True,False,60
Control_11,m84137_260214_004236_s1/69075405/ccs,0,2,2,15,199,CAA_interrupted,False,True,False,60
Control_11,m84137_260214_004236_s1/49349143/ccs,0,2,2,14,199,CAA_interrupted,False,True,False,60
Control_11,m84137_260214_004236_s1/74319125/ccs,0,2,2,15,199,CAA_interrupted,False,True,False,60
Control_11,m84137_260214_004236_s1/66650542/ccs,0,2,2,15,199,CAA_interrupted,False,True,False,60
Control_11,m84137_260214_004236_s1/66652162/ccs,0,2,2,15,199,CAA_interrupted,False,True,False,60
Control_11,m84137_260214_004236_s1/70191958/ccs,0,2,2,15,199,CAA_interrupted,False,True,False,60
Control_11,m84137_260214_004236_s1/78644091/ccs,0,2,2,15,199,CAA_interrupted,False,True,False,60
Control_11,m84137_260214_004236_s1/71501403/ccs,0,2,2,15,199,CAA_interrupted,False,True,False,60
Control_11,m84137_260214_004236_s1/86903049/ccs,0,2,2,15,199,CAA_interrupted,False,True,False,60
Control_11,m84137_260214_004236_s1/87230426/ccs,0,2,2,15,199,CAA_interrupted,False,True,False,60
Control_11,m84137_260214_004236_s1/97060174/ccs,0,2,2,15,199,CAA_interrupted,False,True,False,60
Control_11,m84137_260214_004236_s1/97779788/ccs,0,2,2,15,199,CAA_interrupted,False,True,False,60
Control_11,m84137_260214_004236_s1/81265801/ccs,0,2,2,15,199,CAA_interrupted,False,True,False,60
Control_11,m84137_260214_004236_s1/101450880/ccs,0,2,2,15,199,CAA_interrupted,False,True,False,60
Control_11,m84137_260214_004236_s1/102106865/ccs,0,2,2,15,199,CAA_interrupted,False,True,False,60
Control_11,m84137_260214_004236_s1/106236147/ccs,0,2,2,15,199,CAA_interrupted,False,True,False,60
Control_11,m84137_260214_004236_s1/106364966/ccs,0,2,2,15,199,CAA_interrupted,False,True,False,60
Control_11,m84137_260214_004236_s1/100206015/ccs,0,2,2,15,199,CAA_interrupted,False,True,False,60
Control_11,m84137_260214_004236_s1/83559542/ccs,0,2,2,15,199,CAA_interrupted,False,True,False,60
Control_11,m84137_260214_004236_s1/107350901/ccs,0,2,2,15,199,CAA_interrupted,False,True,False,60
Control_11,m84137_260214_004236_s1/43844814/ccs,0,2,2,15,199,CAA_interrupted,False,True,False,60
Control_11,m84137_260214_004236_s1/48825606/ccs,0,2,2,15,199,CAA_interrupted,False,True,False,60
Control_11,m84137_260214_004236_s1/128715512/ccs,0,2,2,15,199,CAA_interrupted,False,True,False,60
Control_11,m84137_260214_004236_s1/198642175/ccs,0,2,2,15,199,CAA_interrupted,False,True,False,60
Control_11,m84137_260214_004236_s1/207555471/ccs,0,2,2,15,199,CAA_interrupted,False,True,False,60
Control_11,m84137_260214_004236_s1/240582805/ccs,0,2,2,15,199,CAA_interrupted,False,True,False,60
Control_11,m84137_260214_004236_s1/256378454/ccs,0,2,2,15,199,CAA_interrupted,False,True,False,60
Control_11,m84137_260214_004236_s1/239339616/ccs,0,2,2,15,199,CAA_interrupted,False,True,False,60
Control_11,m84137_260214_004236_s1/246481623/ccs,0,2,2,15,199,CAA_interrupted,False,True,False,60
Control_11,m84137_260214_004236_s1/2691066/ccs,0,2,2,15,199,CAA_interrupted,False,True,False,60
Control_11,m84137_260214_004236_s1/6755364/ccs,0,2,2,15,199,CAA_interrupted,False,True,False,60
Control_11,m84137_260214_004236_s1/28970153/ccs,0,2,2,15,199,CAA_interrupted,False,True,False,60
Control_11,m84137_260214_004236_s1/83955933/ccs,0,2,2,15,199,CAA_interrupted,False,True,False,60
Control_11,m84137_260214_004236_s1/45421713/ccs,0,2,2,15,199,CAA_interrupted,False,True,False,60
Control_11,m84137_260214_004236_s1/77731090/ccs,0,2,2,15,199,CAA_interrupted,False,True,False,60
Control_11,m84137_260214_004236_s1/124128868/ccs,0,2,2,15,199,CAA_interrupted,False,True,False,60
Control_11,m84137_260214_004236_s1/155063187/ccs,0,2,2,15,199,CAA_interrupted,False,True,False,60
Control_11,m84137_260214_004236_s1/166137321/ccs,0,2,2,15,199,CAA_interrupted,False,True,False,60
Control_11,m84137_260214_004236_s1/147919129/ccs,0,2,2,15,199,CAA_interrupted,False,True,False,60
Control_11,m84137_260214_004236_s1/200544298/ccs,0,2,2,15,199,CAA_interrupted,False,True,False,60
Control_11,m84137_260214_004236_s1/206377449/ccs,0,2,2,15,199,CAA_interrupted,False,True,False,60
Control_11,m84137_260214_004236_s1/260118086/ccs,0,2,2,15,199,CAA_interrupted,False,True,False,60
Control_11,m84137_260214_004236_s1/248124147/ccs,0,2,2,15,199,CAA_interrupted,False,True,False,60
Control_11,m84137_260214_004236_s1/22151296/ccs,0,3,2,16,199,CAA_interrupted,False,True,False,60
Control_11,m84137_260214_004236_s1/44040877/ccs,0,2,2,15,199,CAA_interrupted,False,True,False,60
Control_11,m84137_260214_004236_s1/83165339/ccs,0,2,2,15,199,CAA_interrupted,False,True,False,60
Control_11,m84137_260214_004236_s1/79235808/ccs,0,2,2,15,199,CAA_interrupted,False,True,False,60
Control_11,m84137_260214_004236_s1/201328030/ccs,0,9,2,15,199,CAA_interrupted,False,True,False,60
Control_11,m84137_260214_004236_s1/234094659/ccs,0,3,2,15,199,CAA_interrupted,False,True,False,60
Control_11,m84137_260214_004236_s1/47910945/ccs,1,4,2,14,199,CAA_interrupted,False,True,False,60
Control_11,m84137_260214_004236_s1/266078491/ccs,0,2,2,15,199,CAA_interrupted,False,True,False,60
Control_11,m84137_260214_004236_s1/30935249/ccs,0,2,2,15,199,CAA_interrupted,False,True,False,60
Control_11,m84137_260214_004236_s1/118752028/ccs,0,2,2,15,199,CAA_interrupted,False,True,False,60
Control_11,m84137_260214_004236_s1/133697303/ccs,0,2,2,15,199,CAA_interrupted,False,True,False,60
Control_11,m84137_260214_004236_s1/136121521/ccs,0,4,2,15,199,CAA_interrupted,False,True,False,60
Control_11,m84137_260214_004236_s1/55249013/ccs,0,2,2,15,199,CAA_interrupted,False,True,False,60
Control_11,m84137_260214_004236_s1/212339477/ccs,0,3,2,15,199,CAA_interrupted,False,True,False,60
Control_11,m84137_260214_004236_s1/146147265/ccs,0,2,2,16,199,CAA_interrupted,False,True,False,60
Control_11,m84137_260214_004236_s1/87886523/ccs,0,2,2,15,199,CAA_interrupted,False,True,False,60
Control_11,m84137_260214_004236_s1/112988092/ccs,0,2,2,15,199,CAA_interrupted,False,True,False,60
Control_11,m84137_260214_004236_s1/86442857/ccs,0,2,2,15,199,CAA_interrupted,False,True,False,60
Control_11,m84137_260214_004236_s1/252379998/ccs,0,2,2,15,199,CAA_interrupted,False,True,False,60
Control_11,m84137_260214_004236_s1/32507059/ccs,0,1,2,15,199,fragmented_noisy,False,False,True,60
Control_11,m84137_260214_004236_s1/20911939/ccs,0,1,2,15,199,fragmented_noisy,False,False,True,60
Control_11,m84137_260214_004236_s1/239211767/ccs,0,16,2,16,199,CAA_interrupted,False,True,False,60
Control_11,m84137_260214_004236_s1/55710170/ccs,0,1,2,15,199,fragmented_noisy,False,False,True,60
Control_11,m84137_260214_004236_s1/159190165/ccs,0,1,2,15,199,fragmented_noisy,False,False,True,60
Control_11,m84137_260214_004236_s1/68487019/ccs,0,2,2,15,200,CAA_interrupted,False,True,False,60
Control_11,m84137_260214_004236_s1/162203962/ccs,0,2,2,15,200,CAA_interrupted,False,True,False,60
Control_11,m84137_260214_004236_s1/257890097/ccs,0,2,2,15,200,CAA_interrupted,False,True,False,60
Control_11,m84137_260214_004236_s1/141432047/ccs,0,2,2,15,200,CAA_interrupted,False,True,False,60
Control_11,m84137_260214_004236_s1/61999000/ccs,0,2,2,15,200,CAA_interrupted,False,True,False,60
Control_11,m84137_260214_004236_s1/148312732/ccs,0,3,2,15,200,CAA_interrupted,False,True,False,60
Control_11,m84137_260214_004236_s1/69012014/ccs,0,2,3,15,200,fragmented_noisy,False,False,True,60
Control_11,m84137_260214_004236_s1/31788210/ccs,0,2,2,15,200,CAA_interrupted,False,True,False,60
Control_11,m84137_260214_004236_s1/224529511/ccs,0,2,2,15,200,CAA_interrupted,False,True,False,60
Control_11,m84137_260214_004236_s1/166202082/ccs,0,2,2,15,200,CAA_interrupted,False,True,False,60
Control_11,m84137_260214_004236_s1/96011374/ccs,0,2,2,15,200,CAA_interrupted,False,True,False,60
Control_11,m84137_260214_004236_s1/71305675/ccs,1,4,1,15,200,CAA_interrupted,False,True,False,60
Control_11,m84137_260214_004236_s1/59246426/ccs,1,7,2,15,201,CAA_interrupted,False,True,False,60
Control_11,m84137_260214_004236_s1/105841119/ccs,1,4,2,15,201,CAA_interrupted,False,True,False,60
Control_11,m84137_260214_004236_s1/21763606/ccs,0,3,2,15,201,CAA_interrupted,False,True,False,60
Control_11,m84137_260214_004236_s1/81925903/ccs,0,3,2,15,201,CAA_interrupted,False,True,False,60
Control_11,m84137_260214_004236_s1/103745542/ccs,0,2,2,15,201,CAA_interrupted,False,True,False,60
Control_11,m84137_260214_004236_s1/214369647/ccs,0,2,2,16,201,CAA_interrupted,False,True,False,60
Control_11,m84137_260214_004236_s1/236591016/ccs,1,3,1,14,201,CAA_interrupted,False,True,False,60
Control_11,m84137_260214_004236_s1/111151747/ccs,1,5,2,15,201,CAA_interrupted,False,True,False,60
Control_11,m84137_260214_004236_s1/172687452/ccs,0,2,2,15,201,CAA_interrupted,False,True,False,60
Control_11,m84137_260214_004236_s1/49873102/ccs,0,4,2,14,201,CAA_interrupted,False,True,False,60
Control_11,m84137_260214_004236_s1/127468200/ccs,1,4,2,15,202,CAA_interrupted,False,True,False,60
Control_11,m84137_260214_004236_s1/99159360/ccs,0,2,2,16,202,CAA_interrupted,False,True,False,60
Control_11,m84137_260214_004236_s1/185729781/ccs,1,3,2,15,202,CAA_interrupted,False,True,False,60
Control_11,m84137_260214_004236_s1/258539672/ccs,1,4,2,15,202,CAA_interrupted,False,True,False,60
Control_11,m84137_260214_004236_s1/256576210/ccs,0,2,2,15,202,CAA_interrupted,False,True,False,60
Control_11,m84137_260214_004236_s1/64947262/ccs,0,2,2,15,202,CAA_interrupted,False,True,False,60
Control_11,m84137_260214_004236_s1/65340584/ccs,1,4,2,15,202,CAA_interrupted,False,True,False,60
Control_11,m84137_260214_004236_s1/163579737/ccs,1,6,2,15,202,CAA_interrupted,False,True,False,60
Control_11,m84137_260214_004236_s1/190646686/ccs,0,2,2,15,202,CAA_interrupted,False,True,False,60
Control_11,m84137_260214_004236_s1/190908090/ccs,0,2,2,16,202,CAA_interrupted,False,True,False,60
Control_11,m84137_260214_004236_s1/156440323/ccs,0,2,2,16,202,CAA_interrupted,False,True,False,60
Control_11,m84137_260214_004236_s1/6687608/ccs,0,2,2,15,202,CAA_interrupted,False,True,False,60
Control_11,m84137_260214_004236_s1/18942242/ccs,0,2,2,15,202,CAA_interrupted,False,True,False,60
Control_11,m84137_260214_004236_s1/13174208/ccs,1,4,2,15,202,CAA_interrupted,False,True,False,60
Control_11,m84137_260214_004236_s1/9437348/ccs,0,2,2,15,202,CAA_interrupted,False,True,False,60
Control_11,m84137_260214_004236_s1/21364826/ccs,0,2,2,16,202,CAA_interrupted,False,True,False,60
Control_11,m84137_260214_004236_s1/118622751/ccs,0,2,2,16,202,CAA_interrupted,False,True,False,60
Control_11,m84137_260214_004236_s1/103352662/ccs,1,4,2,15,202,CAA_interrupted,False,True,False,60
Control_11,m84137_260214_004236_s1/125110076/ccs,0,2,2,16,202,CAA_interrupted,False,True,False,60
Control_11,m84137_260214_004236_s1/47584289/ccs,0,2,2,15,202,CAA_interrupted,False,True,False,60
Control_11,m84137_260214_004236_s1/251593884/ccs,0,2,2,15,202,CAA_interrupted,False,True,False,60
Control_11,m84137_260214_004236_s1/30413065/ccs,0,2,2,15,202,CAA_interrupted,False,True,False,60
Control_11,m84137_260214_004236_s1/146806579/ccs,0,2,2,15,202,CAA_interrupted,False,True,False,60
Control_11,m84137_260214_004236_s1/171707983/ccs,0,2,2,16,202,CAA_interrupted,False,True,False,60
Control_11,m84137_260214_004236_s1/97194433/ccs,0,2,2,15,202,CAA_interrupted,False,True,False,60
Control_11,m84137_260214_004236_s1/78384304/ccs,1,3,2,15,202,CAA_interrupted,False,True,False,60
Control_11,m84137_260214_004236_s1/188745058/ccs,0,2,2,15,202,CAA_interrupted,False,True,False,60
Control_11,m84137_260214_004236_s1/192219438/ccs,0,2,2,15,202,CAA_interrupted,False,True,False,60
Control_11,m84137_260214_004236_s1/176097175/ccs,0,2,2,16,202,CAA_interrupted,False,True,False,60
Control_11,m84137_260214_004236_s1/179701003/ccs,0,2,2,16,202,CAA_interrupted,False,True,False,60
Control_11,m84137_260214_004236_s1/173278087/ccs,0,2,2,15,202,CAA_interrupted,False,True,False,60
Control_11,m84137_260214_004236_s1/257232158/ccs,1,4,2,15,202,CAA_interrupted,False,True,False,60
Control_11,m84137_260214_004236_s1/226301423/ccs,1,4,2,15,202,CAA_interrupted,False,True,False,60
Control_11,m84137_260214_004236_s1/231412303/ccs,1,4,2,15,202,CAA_interrupted,False,True,False,60
Control_11,m84137_260214_004236_s1/242488697/ccs,0,2,2,15,202,CAA_interrupted,False,True,False,60
Control_11,m84137_260214_004236_s1/190644681/ccs,1,4,2,15,202,CAA_interrupted,False,True,False,60
Control_11,m84137_260214_004236_s1/255852787/ccs,0,2,2,15,202,CAA_interrupted,False,True,False,60
Control_11,m84137_260214_004236_s1/159978261/ccs,0,2,2,15,202,CAA_interrupted,False,True,False,60
Control_11,m84137_260214_004236_s1/42208773/ccs,0,2,2,15,202,CAA_interrupted,False,True,False,60
Control_11,m84137_260214_004236_s1/102568202/ccs,0,2,2,15,202,CAA_interrupted,False,True,False,60
Control_11,m84137_260214_004236_s1/11799409/ccs,1,4,2,15,202,CAA_interrupted,False,True,False,60
Control_11,m84137_260214_004236_s1/11995489/ccs,0,2,2,15,202,CAA_interrupted,False,True,False,60
Control_11,m84137_260214_004236_s1/23988866/ccs,1,4,2,15,202,CAA_interrupted,False,True,False,60
Control_11,m84137_260214_004236_s1/25299087/ccs,0,2,2,15,202,CAA_interrupted,False,True,False,60
Control_11,m84137_260214_004236_s1/26542836/ccs,1,6,1,15,202,CAA_interrupted,False,True,False,60
Control_11,m84137_260214_004236_s1/81660229/ccs,1,4,2,15,202,CAA_interrupted,False,True,False,60
Control_11,m84137_260214_004236_s1/81725058/ccs,0,2,2,15,202,CAA_interrupted,False,True,False,60
Control_11,m84137_260214_004236_s1/82576536/ccs,1,4,2,15,202,CAA_interrupted,False,True,False,60
Control_11,m84137_260214_004236_s1/108265597/ccs,0,2,2,15,202,CAA_interrupted,False,True,False,60
Control_11,m84137_260214_004236_s1/108331082/ccs,0,2,2,15,202,CAA_interrupted,False,True,False,60
Control_11,m84137_260214_004236_s1/108465010/ccs,0,2,2,15,202,CAA_interrupted,False,True,False,60
Control_11,m84137_260214_004236_s1/122031074/ccs,0,2,2,16,202,CAA_interrupted,False,True,False,60
Control_11,m84137_260214_004236_s1/122095023/ccs,0,2,2,15,202,CAA_interrupted,False,True,False,60
Control_11,m84137_260214_004236_s1/214698968/ccs,1,4,2,15,202,CAA_interrupted,False,True,False,60
Control_11,m84137_260214_004236_s1/232720782/ccs,0,2,2,15,202,CAA_interrupted,False,True,False,60
Control_11,m84137_260214_004236_s1/257230766/ccs,1,4,2,15,202,CAA_interrupted,False,True,False,60
Control_11,m84137_260214_004236_s1/65209350/ccs,0,2,2,15,202,CAA_interrupted,False,True,False,60
Control_11,m84137_260214_004236_s1/194973426/ccs,0,2,2,15,202,CAA_interrupted,False,True,False,60
Control_11,m84137_260214_004236_s1/181474850/ccs,0,2,2,16,202,CAA_interrupted,False,True,False,60
Control_11,m84137_260214_004236_s1/236392775/ccs,0,2,2,16,202,CAA_interrupted,False,True,False,60
Control_11,m84137_260214_004236_s1/242291587/ccs,1,4,2,14,202,CAA_interrupted,False,True,False,60
Control_11,m84137_260214_004236_s1/237571621/ccs,0,2,2,15,202,CAA_interrupted,False,True,False,60
Control_11,m84137_260214_004236_s1/58065194/ccs,1,4,2,15,202,CAA_interrupted,False,True,False,60
Control_11,m84137_260214_004236_s1/112722387/ccs,1,3,2,15,202,CAA_interrupted,False,True,False,60
Control_11,m84137_260214_004236_s1/238423503/ccs,1,6,2,15,202,CAA_interrupted,False,True,False,60
Control_11,m84137_260214_004236_s1/22350434/ccs,1,4,2,15,202,CAA_interrupted,False,True,False,60
Control_11,m84137_260214_004236_s1/11469115/ccs,0,2,2,16,202,CAA_interrupted,False,True,False,60
Control_11,m84137_260214_004236_s1/64620008/ccs,1,4,2,15,202,CAA_interrupted,False,True,False,60
Control_11,m84137_260214_004236_s1/237765869/ccs,1,6,2,15,202,CAA_interrupted,False,True,False,60
Control_11,m84137_260214_004236_s1/253300179/ccs,0,1,2,15,202,fragmented_noisy,False,False,True,60
Control_11,m84137_260214_004236_s1/70452188/ccs,0,2,2,15,202,CAA_interrupted,False,True,False,60
Control_11,m84137_260214_004236_s1/184484811/ccs,0,2,2,15,202,CAA_interrupted,False,True,False,60
Control_11,m84137_260214_004236_s1/258605770/ccs,1,4,2,15,202,CAA_interrupted,False,True,False,60
Control_11,m84137_260214_004236_s1/212865648/ccs,0,2,2,15,202,CAA_interrupted,False,True,False,60
Control_11,m84137_260214_004236_s1/265946977/ccs,1,4,2,15,202,CAA_interrupted,False,True,False,60
Control_11,m84137_260214_004236_s1/245760790/ccs,1,4,2,15,202,CAA_interrupted,False,True,False,60
Control_11,m84137_260214_004236_s1/24644613/ccs,0,2,2,15,202,CAA_interrupted,False,True,False,60
Control_11,m84137_260214_004236_s1/139853979/ccs,1,4,2,15,202,CAA_interrupted,False,True,False,60
Control_11,m84137_260214_004236_s1/153026744/ccs,0,2,2,15,202,CAA_interrupted,False,True,False,60
Control_11,m84137_260214_004236_s1/163513424/ccs,1,4,2,14,202,CAA_interrupted,False,True,False,60
Control_11,m84137_260214_004236_s1/164823442/ccs,0,2,2,15,202,CAA_interrupted,False,True,False,60
Control_11,m84137_260214_004236_s1/144574790/ccs,0,2,2,15,202,CAA_interrupted,False,True,False,60
Control_11,m84137_260214_004236_s1/74454188/ccs,0,2,2,16,202,CAA_interrupted,False,True,False,60
Control_11,m84137_260214_004236_s1/91624038/ccs,0,2,2,16,202,CAA_interrupted,False,True,False,60
Control_11,m84137_260214_004236_s1/119538920/ccs,1,4,2,15,202,CAA_interrupted,False,True,False,60
Control_11,m84137_260214_004236_s1/112067261/ccs,1,3,2,15,202,CAA_interrupted,False,True,False,60
Control_11,m84137_260214_004236_s1/133237522/ccs,1,4,2,15,202,CAA_interrupted,False,True,False,60
Control_11,m84137_260214_004236_s1/137628239/ccs,1,4,2,15,202,CAA_interrupted,False,True,False,60
Control_11,m84137_260214_004236_s1/138281048/ccs,1,4,2,15,202,CAA_interrupted,False,True,False,60
Control_11,m84137_260214_004236_s1/135335760/ccs,0,2,2,16,202,CAA_interrupted,False,True,False,60
Control_11,m84137_260214_004236_s1/161354113/ccs,0,2,2,15,202,CAA_interrupted,False,True,False,60
Control_11,m84137_260214_004236_s1/45223569/ccs,0,2,2,15,202,CAA_interrupted,False,True,False,60
Control_11,m84137_260214_004236_s1/46143063/ccs,0,2,2,15,202,CAA_interrupted,False,True,False,60
Control_11,m84137_260214_004236_s1/93195298/ccs,0,2,2,16,202,CAA_interrupted,False,True,False,60
Control_11,m84137_260214_004236_s1/65078246/ccs,0,2,2,15,202,CAA_interrupted,False,True,False,60
Control_11,m84137_260214_004236_s1/131468981/ccs,0,2,2,16,202,CAA_interrupted,False,True,False,60
Control_11,m84137_260214_004236_s1/91493051/ccs,1,4,2,15,202,CAA_interrupted,False,True,False,60
Control_11,m84137_260214_004236_s1/19595635/ccs,0,2,2,16,202,CAA_interrupted,False,True,False,60
Control_11,m84137_260214_004236_s1/246876716/ccs,0,2,2,15,202,CAA_interrupted,False,True,False,60
Control_11,m84137_260214_004236_s1/33755629/ccs,0,2,2,16,202,CAA_interrupted,False,True,False,60
Control_11,m84137_260214_004236_s1/144511833/ccs,0,2,2,16,202,CAA_interrupted,False,True,False,60
Control_11,m84137_260214_004236_s1/211092944/ccs,0,2,2,16,202,CAA_interrupted,False,True,False,60
Control_11,m84137_260214_004236_s1/139722970/ccs,0,2,2,15,202,CAA_interrupted,False,True,False,60
Control_11,m84137_260214_004236_s1/196610135/ccs,1,4,2,15,202,CAA_interrupted,False,True,False,60
Control_11,m84137_260214_004236_s1/228919285/ccs,0,2,2,15,202,CAA_interrupted,False,True,False,60
Control_11,m84137_260214_004236_s1/241370634/ccs,0,2,2,16,202,CAA_interrupted,False,True,False,60
Control_11,m84137_260214_004236_s1/98178407/ccs,0,2,2,15,202,CAA_interrupted,False,True,False,60
Control_11,m84137_260214_004236_s1/81595919/ccs,0,2,2,16,202,CAA_interrupted,False,True,False,60
Control_11,m84137_260214_004236_s1/83104756/ccs,1,4,2,14,202,CAA_interrupted,False,True,False,60
Control_11,m84137_260214_004236_s1/130814991/ccs,0,2,2,16,202,CAA_interrupted,False,True,False,60
Control_11,m84137_260214_004236_s1/235736612/ccs,0,2,2,15,202,CAA_interrupted,False,True,False,60
Control_11,m84137_260214_004236_s1/215420917/ccs,0,2,2,16,202,CAA_interrupted,False,True,False,60
Control_11,m84137_260214_004236_s1/16450447/ccs,0,4,2,15,202,CAA_interrupted,False,True,False,60
Control_11,m84137_260214_004236_s1/87689640/ccs,0,2,2,15,202,CAA_interrupted,False,True,False,60
Control_11,m84137_260214_004236_s1/149423134/ccs,1,4,2,15,202,CAA_interrupted,False,True,False,60
Control_11,m84137_260214_004236_s1/190191406/ccs,1,4,2,15,202,CAA_interrupted,False,True,False,60
Control_11,m84137_260214_004236_s1/44305192/ccs,0,2,2,15,202,CAA_interrupted,False,True,False,60
Control_11,m84137_260214_004236_s1/8131357/ccs,0,2,2,15,202,CAA_interrupted,False,True,False,60
Control_11,m84137_260214_004236_s1/195232811/ccs,0,8,4,16,203,CAA_interrupted,False,True,False,60
Control_11,m84137_260214_004236_s1/221381301/ccs,1,4,3,15,203,CAA_interrupted,False,True,False,60
Control_11,m84137_260214_004236_s1/215225629/ccs,0,2,2,16,203,CAA_interrupted,False,True,False,60
Control_11,m84137_260214_004236_s1/144118649/ccs,0,2,2,15,203,CAA_interrupted,False,True,False,60
Control_11,m84137_260214_004236_s1/59050330/ccs,1,4,2,13,203,CAA_interrupted,False,True,False,60
Control_11,m84137_260214_004236_s1/92868970/ccs,0,7,2,15,203,CAA_interrupted,False,True,False,60
Control_11,m84137_260214_004236_s1/197527014/ccs,1,2,2,14,203,CAA_interrupted,False,True,False,60
Control_11,m84137_260214_004236_s1/89785899/ccs,0,2,2,16,204,CAA_interrupted,False,True,False,60
Control_11,m84137_260214_004236_s1/49348755/ccs,1,4,2,15,204,CAA_interrupted,False,True,False,60
Control_11,m84137_260214_004236_s1/26543554/ccs,1,4,2,15,204,CAA_interrupted,False,True,False,60
Control_11,m84137_260214_004236_s1/44630923/ccs,1,3,2,14,204,CAA_interrupted,False,True,False,60
Control_11,m84137_260214_004236_s1/212469606/ccs,1,4,2,14,204,CAA_interrupted,False,True,False,60
Control_11,m84137_260214_004236_s1/158730485/ccs,1,4,2,14,204,CAA_interrupted,False,True,False,60
Control_11,m84137_260214_004236_s1/22811543/ccs,0,2,2,16,204,CAA_interrupted,False,True,False,60
Control_11,m84137_260214_004236_s1/238945334/ccs,1,3,2,15,204,CAA_interrupted,False,True,False,60
Control_11,m84137_260214_004236_s1/236720538/ccs,1,6,2,14,204,CAA_interrupted,False,True,False,60
Control_11,m84137_260214_004236_s1/66782430/ccs,1,4,2,15,205,CAA_interrupted,False,True,False,60
Control_11,m84137_260214_004236_s1/129303004/ccs,1,4,2,15,205,CAA_interrupted,False,True,False,60
Control_11,m84137_260214_004236_s1/171248104/ccs,1,4,2,15,205,CAA_interrupted,False,True,False,60
Control_11,m84137_260214_004236_s1/197922584/ccs,0,2,2,16,205,CAA_interrupted,False,True,False,60
Control_11,m84137_260214_004236_s1/172364569/ccs,1,4,2,15,205,CAA_interrupted,False,True,False,60
Control_11,m84137_260214_004236_s1/91423042/ccs,1,4,2,15,205,CAA_interrupted,False,True,False,60
Control_11,m84137_260214_004236_s1/50137705/ccs,1,4,2,15,205,CAA_interrupted,False,True,False,60
Control_11,m84137_260214_004236_s1/66915127/ccs,1,4,2,15,205,CAA_interrupted,False,True,False,60
Control_11,m84137_260214_004236_s1/74580286/ccs,1,4,2,15,205,CAA_interrupted,False,True,False,60
Control_11,m84137_260214_004236_s1/67045603/ccs,1,4,2,15,205,CAA_interrupted,False,True,False,60
Control_11,m84137_260214_004236_s1/71107752/ccs,1,4,2,15,205,CAA_interrupted,False,True,False,60
Control_11,m84137_260214_004236_s1/96012578/ccs,1,4,2,15,205,CAA_interrupted,False,True,False,60
Control_11,m84137_260214_004236_s1/93391421/ccs,1,4,2,15,205,CAA_interrupted,False,True,False,60
Control_11,m84137_260214_004236_s1/72025167/ccs,1,4,2,15,205,CAA_interrupted,False,True,False,60
Control_11,m84137_260214_004236_s1/97124519/ccs,1,4,2,15,205,CAA_interrupted,False,True,False,60
Control_11,m84137_260214_004236_s1/80087408/ccs,1,4,2,15,205,CAA_interrupted,False,True,False,60
Control_11,m84137_260214_004236_s1/77728027/ccs,1,4,2,15,205,CAA_interrupted,False,True,False,60
Control_11,m84137_260214_004236_s1/123339157/ccs,1,4,2,15,205,CAA_interrupted,False,True,False,60
Control_11,m84137_260214_004236_s1/117834338/ccs,1,4,2,15,205,CAA_interrupted,False,True,False,60
Control_11,m84137_260214_004236_s1/117967664/ccs,1,4,2,15,205,CAA_interrupted,False,True,False,60
Control_11,m84137_260214_004236_s1/106563251/ccs,1,4,2,15,205,CAA_interrupted,False,True,False,60
Control_11,m84137_260214_004236_s1/212074602/ccs,1,4,2,15,205,CAA_interrupted,False,True,False,60
Control_11,m84137_260214_004236_s1/228526063/ccs,1,4,2,15,205,CAA_interrupted,False,True,False,60
Control_11,m84137_260214_004236_s1/235079618/ccs,1,4,2,15,205,CAA_interrupted,False,True,False,60
Control_11,m84137_260214_004236_s1/235471911/ccs,1,4,2,15,205,CAA_interrupted,False,True,False,60
Control_11,m84137_260214_004236_s1/215156639/ccs,1,4,2,15,205,CAA_interrupted,False,True,False,60
Control_11,m84137_260214_004236_s1/254085224/ccs,1,4,2,15,205,CAA_interrupted,False,True,False,60
Control_11,m84137_260214_004236_s1/215550399/ccs,1,4,2,15,205,CAA_interrupted,False,True,False,60
Control_11,m84137_260214_004236_s1/215679912/ccs,1,4,2,15,205,CAA_interrupted,False,True,False,60
Control_11,m84137_260214_004236_s1/258803695/ccs,1,4,2,15,205,CAA_interrupted,False,True,False,60
Control_11,m84137_260214_004236_s1/241960923/ccs,1,4,2,15,205,CAA_interrupted,False,True,False,60
Control_11,m84137_260214_004236_s1/242157271/ccs,1,4,2,15,205,CAA_interrupted,False,True,False,60
Control_11,m84137_260214_004236_s1/237504526/ccs,1,4,2,15,205,CAA_interrupted,False,True,False,60
Control_11,m84137_260214_004236_s1/242747126/ccs,1,4,2,15,205,CAA_interrupted,False,True,False,60
Control_11,m84137_260214_004236_s1/243467700/ccs,1,4,2,15,205,CAA_interrupted,False,True,False,60
Control_11,m84137_260214_004236_s1/41028457/ccs,1,4,2,15,205,CAA_interrupted,False,True,False,60
Control_11,m84137_260214_004236_s1/42010864/ccs,1,4,2,15,205,CAA_interrupted,False,True,False,60
Control_11,m84137_260214_004236_s1/60489789/ccs,1,4,2,15,205,CAA_interrupted,False,True,False,60
Control_11,m84137_260214_004236_s1/47188448/ccs,1,4,2,15,205,CAA_interrupted,False,True,False,60
Control_11,m84137_260214_004236_s1/38537480/ccs,1,4,2,15,205,CAA_interrupted,False,True,False,60
Control_11,m84137_260214_004236_s1/47579903/ccs,1,4,2,15,205,CAA_interrupted,False,True,False,60
Control_11,m84137_260214_004236_s1/61015645/ccs,1,4,2,15,205,CAA_interrupted,False,True,False,60
Control_11,m84137_260214_004236_s1/63898459/ccs,1,4,2,15,205,CAA_interrupted,False,True,False,60
Control_11,m84137_260214_004236_s1/64357369/ccs,1,4,2,15,205,CAA_interrupted,False,True,False,60
Control_11,m84137_260214_004236_s1/89981299/ccs,1,4,2,15,205,CAA_interrupted,False,True,False,60
Control_11,m84137_260214_004236_s1/68747827/ccs,1,4,2,15,205,CAA_interrupted,False,True,False,60
Control_11,m84137_260214_004236_s1/66520732/ccs,1,4,2,15,205,CAA_interrupted,False,True,False,60
Control_11,m84137_260214_004236_s1/66456483/ccs,1,4,2,15,205,CAA_interrupted,False,True,False,60
Control_11,m84137_260214_004236_s1/142214331/ccs,1,4,2,15,205,CAA_interrupted,False,True,False,60
Control_11,m84137_260214_004236_s1/160104802/ccs,1,4,2,15,205,CAA_interrupted,False,True,False,60
Control_11,m84137_260214_004236_s1/147262172/ccs,1,4,2,15,205,CAA_interrupted,False,True,False,60
Control_11,m84137_260214_004236_s1/161547348/ccs,1,4,2,15,205,CAA_interrupted,False,True,False,60
Control_11,m84137_260214_004236_s1/145099773/ccs,1,4,2,15,205,CAA_interrupted,False,True,False,60
Control_11,m84137_260214_004236_s1/185337355/ccs,1,4,2,15,205,CAA_interrupted,False,True,False,60
Control_11,m84137_260214_004236_s1/185731247/ccs,1,4,2,15,205,CAA_interrupted,False,True,False,60
Control_11,m84137_260214_004236_s1/190383322/ccs,1,4,2,15,205,CAA_interrupted,False,True,False,60
Control_11,m84137_260214_004236_s1/173673357/ccs,1,4,2,15,205,CAA_interrupted,False,True,False,60
Control_11,m84137_260214_004236_s1/148899409/ccs,1,4,2,15,205,CAA_interrupted,False,True,False,60
Control_11,m84137_260214_004236_s1/186188119/ccs,1,4,2,15,205,CAA_interrupted,False,True,False,60
Control_11,m84137_260214_004236_s1/186647253/ccs,1,4,2,15,205,CAA_interrupted,False,True,False,60
Control_11,m84137_260214_004236_s1/186516497/ccs,1,4,2,15,205,CAA_interrupted,False,True,False,60
Control_11,m84137_260214_004236_s1/149227858/ccs,1,4,2,15,205,CAA_interrupted,False,True,False,60
Control_11,m84137_260214_004236_s1/169872045/ccs,1,4,2,15,205,CAA_interrupted,False,True,False,60
Control_11,m84137_260214_004236_s1/174655791/ccs,1,4,2,15,205,CAA_interrupted,False,True,False,60
Control_11,m84137_260214_004236_s1/113772680/ccs,1,4,2,15,205,CAA_interrupted,False,True,False,60
Control_11,m84137_260214_004236_s1/127075637/ccs,1,4,2,15,205,CAA_interrupted,False,True,False,60
Control_11,m84137_260214_004236_s1/114035316/ccs,1,4,2,15,205,CAA_interrupted,False,True,False,60
Control_11,m84137_260214_004236_s1/131139126/ccs,1,4,2,15,205,CAA_interrupted,False,True,False,60
Control_11,m84137_260214_004236_s1/111346348/ccs,1,4,2,15,205,CAA_interrupted,False,True,False,60
Control_11,m84137_260214_004236_s1/135005952/ccs,1,4,2,15,205,CAA_interrupted,False,True,False,60
Control_11,m84137_260214_004236_s1/131924227/ccs,1,5,2,15,205,CAA_interrupted,False,True,False,60
Control_11,m84137_260214_004236_s1/152374002/ccs,1,4,2,15,205,CAA_interrupted,False,True,False,60
Control_11,m84137_260214_004236_s1/152437467/ccs,1,4,2,15,205,CAA_interrupted,False,True,False,60
Control_11,m84137_260214_004236_s1/132319127/ccs,1,4,2,15,205,CAA_interrupted,False,True,False,60
Control_11,m84137_260214_004236_s1/115083791/ccs,1,4,2,15,205,CAA_interrupted,False,True,False,60
Control_11,m84137_260214_004236_s1/136841013/ccs,1,4,2,15,205,CAA_interrupted,False,True,False,60
Control_11,m84137_260214_004236_s1/158204386/ccs,1,4,2,15,205,CAA_interrupted,False,True,False,60
Control_11,m84137_260214_004236_s1/137955733/ccs,1,4,2,15,205,CAA_interrupted,False,True,False,60
Control_11,m84137_260214_004236_s1/138152861/ccs,1,4,2,15,205,CAA_interrupted,False,True,False,60
Control_11,m84137_260214_004236_s1/159318178/ccs,1,4,2,15,205,CAA_interrupted,False,True,False,60
Control_11,m84137_260214_004236_s1/163187581/ccs,1,4,2,15,205,CAA_interrupted,False,True,False,60
Control_11,m84137_260214_004236_s1/155255202/ccs,1,4,2,15,205,CAA_interrupted,False,True,False,60
Control_11,m84137_260214_004236_s1/26085256/ccs,1,4,2,15,205,CAA_interrupted,False,True,False,60
Control_11,m84137_260214_004236_s1/26150319/ccs,1,4,2,15,205,CAA_interrupted,False,True,False,60
Control_11,m84137_260214_004236_s1/103285987/ccs,1,4,2,15,205,CAA_interrupted,False,True,False,60
Control_11,m84137_260214_004236_s1/22479828/ccs,1,4,2,15,205,CAA_interrupted,False,True,False,60
Control_11,m84137_260214_004236_s1/22413724/ccs,1,4,2,15,205,CAA_interrupted,False,True,False,60
Control_11,m84137_260214_004236_s1/22479991/ccs,1,7,2,15,205,CAA_interrupted,False,True,False,60
Control_11,m84137_260214_004236_s1/17828804/ccs,1,4,2,15,205,CAA_interrupted,False,True,False,60
Control_11,m84137_260214_004236_s1/23659909/ccs,1,4,2,15,205,CAA_interrupted,False,True,False,60
Control_11,m84137_260214_004236_s1/18088093/ccs,1,4,2,15,205,CAA_interrupted,False,True,False,60
Control_11,m84137_260214_004236_s1/18089553/ccs,1,5,2,15,205,CAA_interrupted,False,True,False,60
Control_11,m84137_260214_004236_s1/29689392/ccs,1,4,2,15,205,CAA_interrupted,False,True,False,60
Control_11,m84137_260214_004236_s1/24316850/ccs,1,4,2,15,205,CAA_interrupted,False,True,False,60
Control_11,m84137_260214_004236_s1/8849818/ccs,1,6,2,15,205,CAA_interrupted,False,True,False,60
Control_11,m84137_260214_004236_s1/20644730/ccs,1,4,2,15,205,CAA_interrupted,False,True,False,60
Control_11,m84137_260214_004236_s1/21234988/ccs,1,4,2,15,205,CAA_interrupted,False,True,False,60
Control_11,m84137_260214_004236_s1/21498810/ccs,1,4,2,15,205,CAA_interrupted,False,True,False,60
Control_11,m84137_260214_004236_s1/34277072/ccs,1,4,2,15,205,CAA_interrupted,False,True,False,60
Control_11,m84137_260214_004236_s1/22086464/ccs,1,4,2,15,205,CAA_interrupted,False,True,False,60
Control_11,m84137_260214_004236_s1/22087521/ccs,1,4,2,15,205,CAA_interrupted,False,True,False,60
Control_11,m84137_260214_004236_s1/32900322/ccs,1,4,2,15,205,CAA_interrupted,False,True,False,60
Control_11,m84137_260214_004236_s1/50660570/ccs,1,4,2,15,205,CAA_interrupted,False,True,False,60
Control_11,m84137_260214_004236_s1/58264096/ccs,1,4,2,15,205,CAA_interrupted,False,True,False,60
Control_11,m84137_260214_004236_s1/45615048/ccs,1,4,2,15,205,CAA_interrupted,False,True,False,60
Control_11,m84137_260214_004236_s1/45745031/ccs,1,4,2,15,205,CAA_interrupted,False,True,False,60
Control_11,m84137_260214_004236_s1/108006355/ccs,1,4,2,15,205,CAA_interrupted,False,True,False,60
Control_11,m84137_260214_004236_s1/103942043/ccs,1,4,2,15,205,CAA_interrupted,False,True,False,60
Control_11,m84137_260214_004236_s1/108792188/ccs,1,4,2,15,205,CAA_interrupted,False,True,False,60
Control_11,m84137_260214_004236_s1/120783088/ccs,1,4,2,15,205,CAA_interrupted,False,True,False,60
Control_11,m84137_260214_004236_s1/120783663/ccs,1,4,2,15,205,CAA_interrupted,False,True,False,60
Control_11,m84137_260214_004236_s1/120717607/ccs,1,4,2,15,205,CAA_interrupted,False,True,False,60
Control_11,m84137_260214_004236_s1/109251095/ccs,1,4,2,15,205,CAA_interrupted,False,True,False,60
Control_11,m84137_260214_004236_s1/125896686/ccs,1,4,2,15,205,CAA_interrupted,False,True,False,60
Control_11,m84137_260214_004236_s1/121244509/ccs,1,4,2,15,205,CAA_interrupted,False,True,False,60
Control_11,m84137_260214_004236_s1/126157250/ccs,1,4,2,15,205,CAA_interrupted,False,True,False,60
Control_11,m84137_260214_004236_s1/113051882/ccs,1,4,2,15,205,CAA_interrupted,False,True,False,60
Control_11,m84137_260214_004236_s1/130287362/ccs,1,4,2,15,205,CAA_interrupted,False,True,False,60
Control_11,m84137_260214_004236_s1/126683285/ccs,1,4,2,15,205,CAA_interrupted,False,True,False,60
Control_11,m84137_260214_004236_s1/110233320/ccs,1,4,2,15,205,CAA_interrupted,False,True,False,60
Control_11,m84137_260214_004236_s1/130942631/ccs,1,4,2,15,205,CAA_interrupted,False,True,False,60
Control_11,m84137_260214_004236_s1/63902850/ccs,1,4,2,15,205,CAA_interrupted,False,True,False,60
Control_11,m84137_260214_004236_s1/85987245/ccs,1,4,2,15,205,CAA_interrupted,False,True,False,60
Control_11,m84137_260214_004236_s1/90052477/ccs,1,4,2,15,205,CAA_interrupted,False,True,False,60
Control_11,m84137_260214_004236_s1/75175124/ccs,1,4,2,15,205,CAA_interrupted,False,True,False,60
Control_11,m84137_260214_004236_s1/48304382/ccs,1,4,2,15,205,CAA_interrupted,False,True,False,60
Control_11,m84137_260214_004236_s1/89066571/ccs,1,4,2,15,205,CAA_interrupted,False,True,False,60
Control_11,m84137_260214_004236_s1/96407494/ccs,1,4,2,15,205,CAA_interrupted,False,True,False,60
Control_11,m84137_260214_004236_s1/91951382/ccs,1,4,2,15,205,CAA_interrupted,False,True,False,60
Control_11,m84137_260214_004236_s1/76353393/ccs,1,4,2,15,205,CAA_interrupted,False,True,False,60
Control_11,m84137_260214_004236_s1/117443781/ccs,1,4,2,15,205,CAA_interrupted,False,True,False,60
Control_11,m84137_260214_004236_s1/250939837/ccs,1,4,2,15,205,CAA_interrupted,False,True,False,60
Control_11,m84137_260214_004236_s1/34147932/ccs,1,4,2,15,205,CAA_interrupted,False,True,False,60
Control_11,m84137_260214_004236_s1/50663614/ccs,1,5,2,15,205,CAA_interrupted,False,True,False,60
Control_11,m84137_260214_004236_s1/29955064/ccs,1,4,2,15,205,CAA_interrupted,False,True,False,60
Control_11,m84137_260214_004236_s1/11342479/ccs,1,4,2,15,205,CAA_interrupted,False,True,False,60
Control_11,m84137_260214_004236_s1/27530145/ccs,1,4,2,15,205,CAA_interrupted,False,True,False,60
Control_11,m84137_260214_004236_s1/10424077/ccs,1,4,2,15,205,CAA_interrupted,False,True,False,60
Control_11,m84137_260214_004236_s1/36048535/ccs,1,4,2,15,205,CAA_interrupted,False,True,False,60
Control_11,m84137_260214_004236_s1/10949936/ccs,1,4,2,15,205,CAA_interrupted,False,True,False,60
Control_11,m84137_260214_004236_s1/12391328/ccs,1,4,2,15,205,CAA_interrupted,False,True,False,60
Control_11,m84137_260214_004236_s1/36377528/ccs,1,4,2,15,205,CAA_interrupted,False,True,False,60
Control_11,m84137_260214_004236_s1/52631060/ccs,1,4,2,15,205,CAA_interrupted,False,True,False,60
Control_11,m84137_260214_004236_s1/52891493/ccs,1,4,2,15,205,CAA_interrupted,False,True,False,60
Control_11,m84137_260214_004236_s1/37164556/ccs,1,4,2,15,205,CAA_interrupted,False,True,False,60
Control_11,m84137_260214_004236_s1/56430729/ccs,1,4,2,15,205,CAA_interrupted,False,True,False,60
Control_11,m84137_260214_004236_s1/53415952/ccs,1,4,2,15,205,CAA_interrupted,False,True,False,60
Control_11,m84137_260214_004236_s1/57283692/ccs,1,4,2,15,205,CAA_interrupted,False,True,False,60
Control_11,m84137_260214_004236_s1/67768319/ccs,1,4,2,15,205,CAA_interrupted,False,True,False,60
Control_11,m84137_260214_004236_s1/224854274/ccs,1,4,2,15,205,CAA_interrupted,False,True,False,60
Control_11,m84137_260214_004236_s1/183240732/ccs,1,4,2,15,205,CAA_interrupted,False,True,False,60
Control_11,m84137_260214_004236_s1/183568327/ccs,1,4,2,15,205,CAA_interrupted,False,True,False,60
Control_11,m84137_260214_004236_s1/183698585/ccs,1,4,2,15,205,CAA_interrupted,False,True,False,60
Control_11,m84137_260214_004236_s1/183698943/ccs,1,4,2,15,205,CAA_interrupted,False,True,False,60
Control_11,m84137_260214_004236_s1/225576822/ccs,1,4,2,15,205,CAA_interrupted,False,True,False,60
Control_11,m84137_260214_004236_s1/209520150/ccs,1,4,2,15,205,CAA_interrupted,False,True,False,60
Control_11,m84137_260214_004236_s1/209781610/ccs,1,4,2,15,205,CAA_interrupted,False,True,False,60
Control_11,m84137_260214_004236_s1/230165346/ccs,1,4,2,15,205,CAA_interrupted,False,True,False,60
Control_11,m84137_260214_004236_s1/230884158/ccs,1,4,2,15,205,CAA_interrupted,False,True,False,60
Control_11,m84137_260214_004236_s1/211224340/ccs,1,4,2,15,205,CAA_interrupted,False,True,False,60
Control_11,m84137_260214_004236_s1/211682779/ccs,1,4,2,15,205,CAA_interrupted,False,True,False,60
Control_11,m84137_260214_004236_s1/252382017/ccs,1,4,2,15,205,CAA_interrupted,False,True,False,60
Control_11,m84137_260214_004236_s1/174068488/ccs,1,4,2,15,205,CAA_interrupted,False,True,False,60
Control_11,m84137_260214_004236_s1/187242396/ccs,1,4,2,15,205,CAA_interrupted,False,True,False,60
Control_11,m84137_260214_004236_s1/187567504/ccs,1,4,2,15,205,CAA_interrupted,False,True,False,60
Control_11,m84137_260214_004236_s1/187568944/ccs,1,4,2,15,205,CAA_interrupted,False,True,False,60
Control_11,m84137_260214_004236_s1/147133302/ccs,1,4,2,15,205,CAA_interrupted,False,True,False,60
Control_11,m84137_260214_004236_s1/174986369/ccs,1,4,2,15,205,CAA_interrupted,False,True,False,60
Control_11,m84137_260214_004236_s1/191894308/ccs,1,4,2,15,205,CAA_interrupted,False,True,False,60
Control_11,m84137_260214_004236_s1/176624482/ccs,1,4,2,15,205,CAA_interrupted,False,True,False,60
Control_11,m84137_260214_004236_s1/171250137/ccs,1,4,2,15,205,CAA_interrupted,False,True,False,60
Control_11,m84137_260214_004236_s1/171513548/ccs,1,4,2,15,205,CAA_interrupted,False,True,False,60
Control_11,m84137_260214_004236_s1/173018738/ccs,1,4,2,15,205,CAA_interrupted,False,True,False,60
Control_11,m84137_260214_004236_s1/197661257/ccs,1,4,2,15,205,CAA_interrupted,False,True,False,60
Control_11,m84137_260214_004236_s1/194974645/ccs,1,4,2,15,205,CAA_interrupted,False,True,False,60
Control_11,m84137_260214_004236_s1/179901115/ccs,1,4,2,15,205,CAA_interrupted,False,True,False,60
Control_11,m84137_260214_004236_s1/117446400/ccs,1,4,2,15,205,CAA_interrupted,False,True,False,60
Control_11,m84137_260214_004236_s1/49548637/ccs,1,4,2,15,205,CAA_interrupted,False,True,False,60
Control_11,m84137_260214_004236_s1/101848034/ccs,1,4,2,15,205,CAA_interrupted,False,True,False,60
Control_11,m84137_260214_004236_s1/106370285/ccs,1,4,2,15,205,CAA_interrupted,False,True,False,60
Control_11,m84137_260214_004236_s1/79171857/ccs,1,4,2,15,205,CAA_interrupted,False,True,False,60
Control_11,m84137_260214_004236_s1/100144996/ccs,1,4,2,15,205,CAA_interrupted,False,True,False,60
Control_11,m84137_260214_004236_s1/107549687/ccs,1,4,2,15,205,CAA_interrupted,False,True,False,60
Control_11,m84137_260214_004236_s1/80810574/ccs,1,4,2,15,205,CAA_interrupted,False,True,False,60
Control_11,m84137_260214_004236_s1/121376420/ccs,1,4,2,15,205,CAA_interrupted,False,True,False,60
Control_11,m84137_260214_004236_s1/121966430/ccs,1,4,2,15,205,CAA_interrupted,False,True,False,60
Control_11,m84137_260214_004236_s1/125571235/ccs,1,4,2,15,205,CAA_interrupted,False,True,False,60
Control_11,m84137_260214_004236_s1/125833157/ccs,1,4,2,15,205,CAA_interrupted,False,True,False,60
Control_11,m84137_260214_004236_s1/82121420/ccs,1,4,2,15,205,CAA_interrupted,False,True,False,60
Control_11,m84137_260214_004236_s1/109646209/ccs,0,4,2,15,205,CAA_interrupted,False,True,False,60
Control_11,m84137_260214_004236_s1/109711539/ccs,1,4,2,15,205,CAA_interrupted,False,True,False,60
Control_11,m84137_260214_004236_s1/151066520/ccs,1,4,2,15,205,CAA_interrupted,False,True,False,60
Control_11,m84137_260214_004236_s1/171181176/ccs,1,4,2,15,205,CAA_interrupted,False,True,False,60
Control_11,m84137_260214_004236_s1/150865131/ccs,1,4,2,15,205,CAA_interrupted,False,True,False,60
Control_11,m84137_260214_004236_s1/189073082/ccs,1,5,2,15,205,CAA_interrupted,False,True,False,60
Control_11,m84137_260214_004236_s1/189793231/ccs,1,4,2,15,205,CAA_interrupted,False,True,False,60
Control_11,m84137_260214_004236_s1/176293770/ccs,1,4,2,15,205,CAA_interrupted,False,True,False,60
Control_11,m84137_260214_004236_s1/176358011/ccs,1,4,2,15,205,CAA_interrupted,False,True,False,60
Control_11,m84137_260214_004236_s1/176816342/ccs,1,4,2,15,205,CAA_interrupted,False,True,False,60
Control_11,m84137_260214_004236_s1/172559104/ccs,1,4,2,15,205,CAA_interrupted,False,True,False,60
Control_11,m84137_260214_004236_s1/195101095/ccs,1,4,2,15,205,CAA_interrupted,False,True,False,60
Control_11,m84137_260214_004236_s1/201982763/ccs,1,4,2,15,205,CAA_interrupted,False,True,False,60
Control_11,m84137_260214_004236_s1/199232432/ccs,1,4,2,15,205,CAA_interrupted,False,True,False,60
Control_11,m84137_260214_004236_s1/181798494/ccs,1,4,2,15,205,CAA_interrupted,False,True,False,60
Control_11,m84137_260214_004236_s1/202966720/ccs,1,4,2,15,205,CAA_interrupted,False,True,False,60
Control_11,m84137_260214_004236_s1/221251348/ccs,1,4,2,15,205,CAA_interrupted,False,True,False,60
Control_11,m84137_260214_004236_s1/233049542/ccs,1,4,2,15,205,CAA_interrupted,False,True,False,60
Control_11,m84137_260214_004236_s1/256578603/ccs,1,4,2,15,205,CAA_interrupted,False,True,False,60
Control_11,m84137_260214_004236_s1/238881949/ccs,1,4,2,15,205,CAA_interrupted,False,True,False,60
Control_11,m84137_260214_004236_s1/234427942/ccs,1,4,2,15,205,CAA_interrupted,False,True,False,60
Control_11,m84137_260214_004236_s1/244649486/ccs,1,5,2,15,205,CAA_interrupted,False,True,False,60
Control_11,m84137_260214_004236_s1/215619215/ccs,1,4,2,15,205,CAA_interrupted,False,True,False,60
Control_11,m84137_260214_004236_s1/217453064/ccs,1,4,2,15,205,CAA_interrupted,False,True,False,60
Control_11,m84137_260214_004236_s1/262082728/ccs,1,5,2,15,205,CAA_interrupted,False,True,False,60
Control_11,m84137_260214_004236_s1/264574278/ccs,1,4,2,15,205,CAA_interrupted,False,True,False,60
Control_11,m84137_260214_004236_s1/246288837/ccs,1,4,2,15,205,CAA_interrupted,False,True,False,60
Control_11,m84137_260214_004236_s1/247991894/ccs,1,4,2,15,205,CAA_interrupted,False,True,False,60
Control_11,m84137_260214_004236_s1/248515617/ccs,1,4,2,15,205,CAA_interrupted,False,True,False,60
Control_11,m84137_260214_004236_s1/243532063/ccs,1,4,2,15,205,CAA_interrupted,False,True,False,60
Control_11,m84137_260214_004236_s1/239535269/ccs,1,4,2,15,205,CAA_interrupted,False,True,False,60
Control_11,m84137_260214_004236_s1/264241567/ccs,1,4,2,15,205,CAA_interrupted,False,True,False,60
Control_11,m84137_260214_004236_s1/260770792/ccs,1,4,2,15,205,CAA_interrupted,False,True,False,60
Control_11,m84137_260214_004236_s1/239600141/ccs,1,4,2,15,205,CAA_interrupted,False,True,False,60
Control_11,m84137_260214_004236_s1/239929717/ccs,1,4,2,15,205,CAA_interrupted,False,True,False,60
Control_11,m84137_260214_004236_s1/240124129/ccs,1,4,2,15,205,CAA_interrupted,False,True,False,60
Control_11,m84137_260214_004236_s1/262537825/ccs,1,6,2,15,205,CAA_interrupted,False,True,False,60
Control_11,m84137_260214_004236_s1/245891381/ccs,1,3,2,15,205,CAA_interrupted,False,True,False,60
Control_11,m84137_260214_004236_s1/19991900/ccs,1,4,2,15,205,CAA_interrupted,False,True,False,60
Control_11,m84137_260214_004236_s1/249891281/ccs,1,4,2,15,205,CAA_interrupted,False,True,False,60
Control_11,m84137_260214_004236_s1/24383114/ccs,1,4,2,15,205,CAA_interrupted,False,True,False,60
Control_11,m84137_260214_004236_s1/20843566/ccs,1,4,2,15,205,CAA_interrupted,False,True,False,60
Control_11,m84137_260214_004236_s1/24579908/ccs,1,4,2,15,205,CAA_interrupted,False,True,False,60
Control_11,m84137_260214_004236_s1/250481535/ccs,1,4,2,15,205,CAA_interrupted,False,True,False,60
Control_11,m84137_260214_004236_s1/172427198/ccs,1,4,2,15,205,CAA_interrupted,False,True,False,60
Control_11,m84137_260214_004236_s1/183896683/ccs,1,5,2,15,205,CAA_interrupted,False,True,False,60
Control_11,m84137_260214_004236_s1/135074404/ccs,1,8,2,15,205,CAA_interrupted,False,True,False,60
Control_11,m84137_260214_004236_s1/218108080/ccs,1,4,2,15,205,CAA_interrupted,False,True,False,60
Control_11,m84137_260214_004236_s1/109054503/ccs,1,4,2,15,205,CAA_interrupted,False,True,False,60
Control_11,m84137_260214_004236_s1/199364059/ccs,1,4,2,15,205,CAA_interrupted,False,True,False,60
Control_11,m84137_260214_004236_s1/199102680/ccs,1,4,2,15,205,CAA_interrupted,False,True,False,60
Control_11,m84137_260214_004236_s1/199496396/ccs,1,8,2,15,205,CAA_interrupted,False,True,False,60
Control_11,m84137_260214_004236_s1/225907184/ccs,1,4,2,15,205,CAA_interrupted,False,True,False,60
Control_11,m84137_260214_004236_s1/226236282/ccs,1,4,2,15,205,CAA_interrupted,False,True,False,60
Control_11,m84137_260214_004236_s1/211817712/ccs,1,4,2,15,205,CAA_interrupted,False,True,False,60
Control_11,m84137_260214_004236_s1/230691209/ccs,0,2,2,16,205,CAA_interrupted,False,True,False,60
Control_11,m84137_260214_004236_s1/242028718/ccs,1,4,2,15,205,CAA_interrupted,False,True,False,60
Control_11,m84137_260214_004236_s1/236851446/ccs,1,4,2,15,205,CAA_interrupted,False,True,False,60
Control_11,m84137_260214_004236_s1/255135196/ccs,1,4,2,15,205,CAA_interrupted,False,True,False,60
Control_11,m84137_260214_004236_s1/237180527/ccs,1,4,2,15,205,CAA_interrupted,False,True,False,60
Control_11,m84137_260214_004236_s1/248058503/ccs,1,4,2,15,205,CAA_interrupted,False,True,False,60
Control_11,m84137_260214_004236_s1/249108076/ccs,1,4,2,15,205,CAA_interrupted,False,True,False,60
Control_11,m84137_260214_004236_s1/251269778/ccs,1,4,2,15,205,CAA_interrupted,False,True,False,60
Control_11,m84137_260214_004236_s1/33948491/ccs,1,4,2,15,205,CAA_interrupted,False,True,False,60
Control_11,m84137_260214_004236_s1/71107790/ccs,1,4,2,15,205,CAA_interrupted,False,True,False,60
Control_11,m84137_260214_004236_s1/125501831/ccs,1,4,2,15,205,CAA_interrupted,False,True,False,60
Control_11,m84137_260214_004236_s1/121767611/ccs,1,4,2,15,205,CAA_interrupted,False,True,False,60
Control_11,m84137_260214_004236_s1/203424565/ccs,1,4,2,15,205,CAA_interrupted,False,True,False,60
Control_11,m84137_260214_004236_s1/204670387/ccs,1,4,2,15,205,CAA_interrupted,False,True,False,60
Control_11,m84137_260214_004236_s1/19141095/ccs,1,4,2,15,205,CAA_interrupted,False,True,False,60
Control_11,m84137_260214_004236_s1/33033613/ccs,1,4,2,15,205,CAA_interrupted,False,True,False,60
Control_11,m84137_260214_004236_s1/141167890/ccs,1,4,2,15,205,CAA_interrupted,False,True,False,60
Control_11,m84137_260214_004236_s1/193269242/ccs,1,4,2,15,205,CAA_interrupted,False,True,False,60
Control_11,m84137_260214_004236_s1/240653162/ccs,1,4,2,15,205,CAA_interrupted,False,True,False,60
Control_11,m84137_260214_004236_s1/92211419/ccs,1,4,2,15,205,CAA_interrupted,False,True,False,60
Control_11,m84137_260214_004236_s1/82776963/ccs,1,4,2,15,205,CAA_interrupted,False,True,False,60
Control_11,m84137_260214_004236_s1/134616603/ccs,1,4,2,15,205,CAA_interrupted,False,True,False,60
Control_11,m84137_260214_004236_s1/126752029/ccs,1,4,2,15,205,CAA_interrupted,False,True,False,60
Control_11,m84137_260214_004236_s1/139794169/ccs,1,4,2,15,205,CAA_interrupted,False,True,False,60
Control_11,m84137_260214_004236_s1/153621242/ccs,1,4,2,15,205,CAA_interrupted,False,True,False,60
Control_11,m84137_260214_004236_s1/137172515/ccs,1,4,2,15,205,CAA_interrupted,False,True,False,60
Control_11,m84137_260214_004236_s1/141626669/ccs,1,4,2,15,205,CAA_interrupted,False,True,False,60
Control_11,m84137_260214_004236_s1/141496927/ccs,1,4,2,15,205,CAA_interrupted,False,True,False,60
Control_11,m84137_260214_004236_s1/158339508/ccs,1,4,2,15,205,CAA_interrupted,False,True,False,60
Control_11,m84137_260214_004236_s1/114627649/ccs,1,4,2,15,205,CAA_interrupted,False,True,False,60
Control_11,m84137_260214_004236_s1/156306888/ccs,1,4,2,15,205,CAA_interrupted,False,True,False,60
Control_11,m84137_260214_004236_s1/138941917/ccs,1,4,2,15,205,CAA_interrupted,False,True,False,60
Control_11,m84137_260214_004236_s1/139662085/ccs,1,4,2,15,205,CAA_interrupted,False,True,False,60
Control_11,m84137_260214_004236_s1/161224191/ccs,1,4,2,15,205,CAA_interrupted,False,True,False,60
Control_11,m84137_260214_004236_s1/161289673/ccs,1,4,2,15,205,CAA_interrupted,False,True,False,60
Control_11,m84137_260214_004236_s1/185603640/ccs,1,4,2,15,205,CAA_interrupted,False,True,False,60
Control_11,m84137_260214_004236_s1/102565080/ccs,1,4,2,15,205,CAA_interrupted,False,True,False,60
Control_11,m84137_260214_004236_s1/17499897/ccs,1,4,2,15,205,CAA_interrupted,False,True,False,60
Control_11,m84137_260214_004236_s1/22940330/ccs,1,3,2,15,205,CAA_interrupted,False,True,False,60
Control_11,m84137_260214_004236_s1/2361049/ccs,1,4,2,15,205,CAA_interrupted,False,True,False,60
Control_11,m84137_260214_004236_s1/4260749/ccs,1,4,2,15,205,CAA_interrupted,False,True,False,60
Control_11,m84137_260214_004236_s1/19138559/ccs,1,4,2,15,205,CAA_interrupted,False,True,False,60
Control_11,m84137_260214_004236_s1/20317011/ccs,1,4,2,15,205,CAA_interrupted,False,True,False,60
Control_11,m84137_260214_004236_s1/21038045/ccs,1,4,2,15,205,CAA_interrupted,False,True,False,60
Control_11,m84137_260214_004236_s1/26871556/ccs,1,4,2,15,205,CAA_interrupted,False,True,False,60
Control_11,m84137_260214_004236_s1/14550387/ccs,1,4,2,15,205,CAA_interrupted,False,True,False,60
Control_11,m84137_260214_004236_s1/31786068/ccs,1,4,2,15,205,CAA_interrupted,False,True,False,60
Control_11,m84137_260214_004236_s1/22284509/ccs,1,4,2,15,205,CAA_interrupted,False,True,False,60
Control_11,m84137_260214_004236_s1/50528930/ccs,1,4,2,15,205,CAA_interrupted,False,True,False,60
Control_11,m84137_260214_004236_s1/35457458/ccs,1,4,2,15,205,CAA_interrupted,False,True,False,60
Control_11,m84137_260214_004236_s1/51906000/ccs,1,4,2,15,205,CAA_interrupted,False,True,False,60
Control_11,m84137_260214_004236_s1/36309004/ccs,1,4,2,15,205,CAA_interrupted,False,True,False,60
Control_11,m84137_260214_004236_s1/58721995/ccs,1,4,2,15,205,CAA_interrupted,False,True,False,60
Control_11,m84137_260214_004236_s1/62390483/ccs,1,4,2,15,205,CAA_interrupted,False,True,False,60
Control_11,m84137_260214_004236_s1/62390945/ccs,1,4,2,15,205,CAA_interrupted,False,True,False,60
Control_11,m84137_260214_004236_s1/37750437/ccs,1,4,2,15,205,CAA_interrupted,False,True,False,60
Control_11,m84137_260214_004236_s1/59771809/ccs,1,4,2,15,205,CAA_interrupted,False,True,False,60
Control_11,m84137_260214_004236_s1/77531407/ccs,1,4,2,15,205,CAA_interrupted,False,True,False,60
Control_11,m84137_260214_004236_s1/89194749/ccs,1,4,2,15,205,CAA_interrupted,False,True,False,60
Control_11,m84137_260214_004236_s1/101450269/ccs,1,4,2,15,205,CAA_interrupted,False,True,False,60
Control_11,m84137_260214_004236_s1/99222338/ccs,1,4,2,15,205,CAA_interrupted,False,True,False,60
Control_11,m84137_260214_004236_s1/123537058/ccs,1,4,2,15,205,CAA_interrupted,False,True,False,60
Control_11,m84137_260214_004236_s1/102236754/ccs,1,4,2,15,205,CAA_interrupted,False,True,False,60
Control_11,m84137_260214_004236_s1/106301185/ccs,1,4,2,15,205,CAA_interrupted,False,True,False,60
Control_11,m84137_260214_004236_s1/83166779/ccs,1,4,2,15,205,CAA_interrupted,False,True,False,60
Control_11,m84137_260214_004236_s1/107086816/ccs,1,4,2,15,205,CAA_interrupted,False,True,False,60
Control_11,m84137_260214_004236_s1/107413891/ccs,1,4,2,15,205,CAA_interrupted,False,True,False,60
Control_11,m84137_260214_004236_s1/119407660/ccs,1,4,2,15,205,CAA_interrupted,False,True,False,60
Control_11,m84137_260214_004236_s1/112330623/ccs,1,4,2,15,205,CAA_interrupted,False,True,False,60
Control_11,m84137_260214_004236_s1/108790898/ccs,1,4,2,15,205,CAA_interrupted,False,True,False,60
Control_11,m84137_260214_004236_s1/104596027/ccs,1,4,2,15,205,CAA_interrupted,False,True,False,60
Control_11,m84137_260214_004236_s1/121045789/ccs,1,4,2,15,205,CAA_interrupted,False,True,False,60
Control_11,m84137_260214_004236_s1/121113058/ccs,1,4,2,15,205,CAA_interrupted,False,True,False,60
Control_11,m84137_260214_004236_s1/112854451/ccs,1,4,2,15,205,CAA_interrupted,False,True,False,60
Control_11,m84137_260214_004236_s1/126618473/ccs,1,4,2,15,205,CAA_interrupted,False,True,False,60
Control_11,m84137_260214_004236_s1/110234508/ccs,1,4,2,15,205,CAA_interrupted,False,True,False,60
Control_11,m84137_260214_004236_s1/122947586/ccs,1,4,2,15,205,CAA_interrupted,False,True,False,60
Control_11,m84137_260214_004236_s1/114493425/ccs,1,4,2,15,205,CAA_interrupted,False,True,False,60
Control_11,m84137_260214_004236_s1/111283086/ccs,1,4,2,15,205,CAA_interrupted,False,True,False,60
Control_11,m84137_260214_004236_s1/139854020/ccs,1,4,2,15,205,CAA_interrupted,False,True,False,60
Control_11,m84137_260214_004236_s1/204800045/ccs,1,4,2,15,205,CAA_interrupted,False,True,False,60
Control_11,m84137_260214_004236_s1/212666116/ccs,1,4,2,15,205,CAA_interrupted,False,True,False,60
Control_11,m84137_260214_004236_s1/230755005/ccs,1,4,2,15,205,CAA_interrupted,False,True,False,60
Control_11,m84137_260214_004236_s1/227412188/ccs,1,4,2,15,205,CAA_interrupted,False,True,False,60
Control_11,m84137_260214_004236_s1/205850727/ccs,1,4,2,15,205,CAA_interrupted,False,True,False,60
Control_11,m84137_260214_004236_s1/231801047/ccs,1,4,2,15,205,CAA_interrupted,False,True,False,60
Control_11,m84137_260214_004236_s1/227804271/ccs,1,4,2,15,205,CAA_interrupted,False,True,False,60
Control_11,m84137_260214_004236_s1/206569897/ccs,1,4,2,15,205,CAA_interrupted,False,True,False,60
Control_11,m84137_260214_004236_s1/253690650/ccs,1,4,2,15,205,CAA_interrupted,False,True,False,60
Control_11,m84137_260214_004236_s1/235405414/ccs,1,4,2,15,205,CAA_interrupted,False,True,False,60
Control_11,m84137_260214_004236_s1/229116189/ccs,1,4,2,15,205,CAA_interrupted,False,True,False,60
Control_11,m84137_260214_004236_s1/235669802/ccs,1,4,2,15,205,CAA_interrupted,False,True,False,60
Control_11,m84137_260214_004236_s1/215679846/ccs,1,4,2,15,205,CAA_interrupted,False,True,False,60
Control_11,m84137_260214_004236_s1/257755663/ccs,1,4,2,15,205,CAA_interrupted,False,True,False,60
Control_11,m84137_260214_004236_s1/258017295/ccs,1,4,2,15,205,CAA_interrupted,False,True,False,60
Control_11,m84137_260214_004236_s1/234423821/ccs,1,4,2,15,205,CAA_interrupted,False,True,False,60
Control_11,m84137_260214_004236_s1/237373557/ccs,1,4,2,15,205,CAA_interrupted,False,True,False,60
Control_11,m84137_260214_004236_s1/258803900/ccs,1,4,2,15,205,CAA_interrupted,False,True,False,60
Control_11,m84137_260214_004236_s1/216795455/ccs,1,4,2,15,205,CAA_interrupted,False,True,False,60
Control_11,m84137_260214_004236_s1/256117026/ccs,1,4,2,15,205,CAA_interrupted,False,True,False,60
Control_11,m84137_260214_004236_s1/237897916/ccs,1,4,2,15,205,CAA_interrupted,False,True,False,60
Control_11,m84137_260214_004236_s1/259590743/ccs,1,4,2,15,205,CAA_interrupted,False,True,False,60
Control_11,m84137_260214_004236_s1/263389744/ccs,1,4,2,15,205,CAA_interrupted,False,True,False,60
Control_11,m84137_260214_004236_s1/244320322/ccs,1,4,2,15,205,CAA_interrupted,False,True,False,60
Control_11,m84137_260214_004236_s1/59768941/ccs,1,4,2,15,205,CAA_interrupted,False,True,False,60
Control_11,m84137_260214_004236_s1/60294759/ccs,1,4,2,15,205,CAA_interrupted,False,True,False,60
Control_11,m84137_260214_004236_s1/60426397/ccs,1,4,2,15,205,CAA_interrupted,False,True,False,60
Control_11,m84137_260214_004236_s1/38536521/ccs,1,4,2,15,205,CAA_interrupted,False,True,False,60
Control_11,m84137_260214_004236_s1/64487762/ccs,1,4,2,15,205,CAA_interrupted,False,True,False,60
Control_11,m84137_260214_004236_s1/55183741/ccs,1,4,2,15,205,CAA_interrupted,False,True,False,60
Control_11,m84137_260214_004236_s1/64620389/ccs,1,4,2,15,205,CAA_interrupted,False,True,False,60
Control_11,m84137_260214_004236_s1/65013417/ccs,1,4,2,15,205,CAA_interrupted,False,True,False,60
Control_11,m84137_260214_004236_s1/84083008/ccs,1,4,2,15,205,CAA_interrupted,False,True,False,60
Control_11,m84137_260214_004236_s1/73532477/ccs,1,4,2,15,205,CAA_interrupted,False,True,False,60
Control_11,m84137_260214_004236_s1/69077989/ccs,1,4,2,15,205,CAA_interrupted,False,True,False,60
Control_11,m84137_260214_004236_s1/70388622/ccs,1,4,2,15,205,CAA_interrupted,False,True,False,60
Control_11,m84137_260214_004236_s1/92341512/ccs,1,4,2,15,205,CAA_interrupted,False,True,False,60
Control_11,m84137_260214_004236_s1/71566503/ccs,1,4,2,15,205,CAA_interrupted,False,True,False,60
Control_11,m84137_260214_004236_s1/93127173/ccs,1,4,2,15,205,CAA_interrupted,False,True,False,60
Control_11,m84137_260214_004236_s1/79626674/ccs,1,4,2,15,205,CAA_interrupted,False,True,False,60
Control_11,m84137_260214_004236_s1/87033345/ccs,1,4,2,15,205,CAA_interrupted,False,True,False,60
Control_11,m84137_260214_004236_s1/88342683/ccs,1,4,2,15,205,CAA_interrupted,False,True,False,60
Control_11,m84137_260214_004236_s1/94964594/ccs,1,4,2,15,205,CAA_interrupted,False,True,False,60
Control_11,m84137_260214_004236_s1/207099134/ccs,1,4,2,15,205,CAA_interrupted,False,True,False,60
Control_11,m84137_260214_004236_s1/195498086/ccs,1,4,2,15,205,CAA_interrupted,False,True,False,60
Control_11,m84137_260214_004236_s1/220400722/ccs,1,4,2,15,205,CAA_interrupted,False,True,False,60
Control_11,m84137_260214_004236_s1/195694965/ccs,1,4,2,15,205,CAA_interrupted,False,True,False,60
Control_11,m84137_260214_004236_s1/179310315/ccs,1,4,2,15,205,CAA_interrupted,False,True,False,60
Control_11,m84137_260214_004236_s1/179376262/ccs,1,4,2,15,205,CAA_interrupted,False,True,False,60
Control_11,m84137_260214_004236_s1/209129996/ccs,1,4,2,15,205,CAA_interrupted,False,True,False,60
Control_11,m84137_260214_004236_s1/203821646/ccs,1,4,2,15,205,CAA_interrupted,False,True,False,60
Control_11,m84137_260214_004236_s1/204542887/ccs,1,4,2,15,205,CAA_interrupted,False,True,False,60
Control_11,m84137_260214_004236_s1/182717564/ccs,1,4,2,15,205,CAA_interrupted,False,True,False,60
Control_11,m84137_260214_004236_s1/253040199/ccs,1,4,2,15,205,CAA_interrupted,False,True,False,60
Control_11,m84137_260214_004236_s1/253236221/ccs,1,4,2,15,205,CAA_interrupted,False,True,False,60
Control_11,m84137_260214_004236_s1/227612189/ccs,1,4,2,15,205,CAA_interrupted,False,True,False,60
Control_11,m84137_260214_004236_s1/228266478/ccs,1,4,2,15,205,CAA_interrupted,False,True,False,60
Control_11,m84137_260214_004236_s1/228659721/ccs,1,4,2,15,205,CAA_interrupted,False,True,False,60
Control_11,m84137_260214_004236_s1/236393027/ccs,1,4,2,15,205,CAA_interrupted,False,True,False,60
Control_11,m84137_260214_004236_s1/232066697/ccs,1,4,2,15,205,CAA_interrupted,False,True,False,60
Control_11,m84137_260214_004236_s1/257692292/ccs,1,4,2,15,205,CAA_interrupted,False,True,False,60
Control_11,m84137_260214_004236_s1/256643311/ccs,1,4,2,15,205,CAA_interrupted,False,True,False,60
Control_11,m84137_260214_004236_s1/244193131/ccs,1,4,2,15,205,CAA_interrupted,False,True,False,60
Control_11,m84137_260214_004236_s1/214897915/ccs,1,4,2,15,205,CAA_interrupted,False,True,False,60
Control_11,m84137_260214_004236_s1/244649481/ccs,1,4,2,15,205,CAA_interrupted,False,True,False,60
Control_11,m84137_260214_004236_s1/260377829/ccs,1,4,2,15,205,CAA_interrupted,False,True,False,60
Control_11,m84137_260214_004236_s1/2752980/ccs,0,3,2,15,205,CAA_interrupted,False,True,False,60
Control_11,m84137_260214_004236_s1/149357962/ccs,1,4,2,15,205,CAA_interrupted,False,True,False,60
Control_11,m84137_260214_004236_s1/85529970/ccs,1,4,2,15,205,CAA_interrupted,False,True,False,60
Control_11,m84137_260214_004236_s1/18350161/ccs,1,4,2,15,205,CAA_interrupted,False,True,False,60
Control_11,m84137_260214_004236_s1/16058324/ccs,1,4,2,15,205,CAA_interrupted,False,True,False,60
Control_11,m84137_260214_004236_s1/36965347/ccs,1,4,2,15,205,CAA_interrupted,False,True,False,60
Control_11,m84137_260214_004236_s1/38800331/ccs,1,4,2,15,205,CAA_interrupted,False,True,False,60
Control_11,m84137_260214_004236_s1/162071958/ccs,1,4,2,15,205,CAA_interrupted,False,True,False,60
Control_11,m84137_260214_004236_s1/214172023/ccs,1,4,2,15,205,CAA_interrupted,False,True,False,60
Control_11,m84137_260214_004236_s1/6297199/ccs,1,4,2,15,205,CAA_interrupted,False,True,False,60
Control_11,m84137_260214_004236_s1/67703041/ccs,1,4,2,15,205,CAA_interrupted,False,True,False,60
Control_11,m84137_260214_004236_s1/148705457/ccs,1,4,2,15,205,CAA_interrupted,False,True,False,60
Control_11,m84137_260214_004236_s1/22481255/ccs,1,4,2,15,205,CAA_interrupted,False,True,False,60
Control_11,m84137_260214_004236_s1/16976616/ccs,1,4,2,15,205,CAA_interrupted,False,True,False,60
Control_11,m84137_260214_004236_s1/11404488/ccs,1,4,2,15,205,CAA_interrupted,False,True,False,60
Control_11,m84137_260214_004236_s1/174588023/ccs,0,2,2,16,205,CAA_interrupted,False,True,False,60
Control_11,m84137_260214_004236_s1/187238160/ccs,1,4,2,15,205,CAA_interrupted,False,True,False,60
Control_11,m84137_260214_004236_s1/170591338/ccs,1,4,2,15,205,CAA_interrupted,False,True,False,60
Control_11,m84137_260214_004236_s1/188418695/ccs,1,4,2,15,205,CAA_interrupted,False,True,False,60
Control_11,m84137_260214_004236_s1/189597859/ccs,1,4,2,15,205,CAA_interrupted,False,True,False,60
Control_11,m84137_260214_004236_s1/176752919/ccs,1,4,2,15,205,CAA_interrupted,False,True,False,60
Control_11,m84137_260214_004236_s1/176751398/ccs,1,4,2,15,205,CAA_interrupted,False,True,False,60
Control_11,m84137_260214_004236_s1/197525711/ccs,1,4,2,15,205,CAA_interrupted,False,True,False,60
Control_11,m84137_260214_004236_s1/172490921/ccs,1,4,2,15,205,CAA_interrupted,False,True,False,60
Control_11,m84137_260214_004236_s1/172490871/ccs,1,4,2,15,205,CAA_interrupted,False,True,False,60
Control_11,m84137_260214_004236_s1/198576894/ccs,1,4,2,15,205,CAA_interrupted,False,True,False,60
Control_11,m84137_260214_004236_s1/181013099/ccs,1,4,2,15,205,CAA_interrupted,False,True,False,60
Control_11,m84137_260214_004236_s1/200018448/ccs,1,4,2,15,205,CAA_interrupted,False,True,False,60
Control_11,m84137_260214_004236_s1/182454067/ccs,1,4,2,15,205,CAA_interrupted,False,True,False,60
Control_11,m84137_260214_004236_s1/183240550/ccs,1,4,2,15,205,CAA_interrupted,False,True,False,60
Control_11,m84137_260214_004236_s1/183304909/ccs,1,4,2,15,205,CAA_interrupted,False,True,False,60
Control_11,m84137_260214_004236_s1/203754252/ccs,1,4,2,15,205,CAA_interrupted,False,True,False,60
Control_11,m84137_260214_004236_s1/224985270/ccs,1,4,2,15,205,CAA_interrupted,False,True,False,60
Control_11,m84137_260214_004236_s1/225051980/ccs,1,4,2,15,205,CAA_interrupted,False,True,False,60
Control_11,m84137_260214_004236_s1/229769427/ccs,1,4,2,15,205,CAA_interrupted,False,True,False,60
Control_11,m84137_260214_004236_s1/204605006/ccs,1,4,2,14,205,CAA_interrupted,False,True,False,60
Control_11,m84137_260214_004236_s1/216340227/ccs,1,4,2,15,205,CAA_interrupted,False,True,False,60
Control_11,m84137_260214_004236_s1/263525919/ccs,1,4,2,15,205,CAA_interrupted,False,True,False,60
Control_11,m84137_260214_004236_s1/266539609/ccs,1,4,2,15,205,CAA_interrupted,False,True,False,60
Control_11,m84137_260214_004236_s1/250154054/ccs,1,4,2,15,205,CAA_interrupted,False,True,False,60
Control_11,m84137_260214_004236_s1/250548569/ccs,1,4,2,15,205,CAA_interrupted,False,True,False,60
Control_11,m84137_260214_004236_s1/4326666/ccs,1,4,2,15,205,CAA_interrupted,False,True,False,60
Control_11,m84137_260214_004236_s1/52168056/ccs,1,4,2,15,205,CAA_interrupted,False,True,False,60
Control_11,m84137_260214_004236_s1/54855669/ccs,1,4,2,15,205,CAA_interrupted,False,True,False,60
Control_11,m84137_260214_004236_s1/105972844/ccs,1,4,2,15,205,CAA_interrupted,False,True,False,60
Control_11,m84137_260214_004236_s1/158335209/ccs,1,4,2,15,205,CAA_interrupted,False,True,False,60
Control_11,m84137_260214_004236_s1/147653654/ccs,1,4,2,15,205,CAA_interrupted,False,True,False,60
Control_11,m84137_260214_004236_s1/166331289/ccs,1,4,2,15,205,CAA_interrupted,False,True,False,60
Control_11,m84137_260214_004236_s1/188482419/ccs,1,4,2,15,205,CAA_interrupted,False,True,False,60
Control_11,m84137_260214_004236_s1/235014225/ccs,1,4,2,15,205,CAA_interrupted,False,True,False,60
Control_11,m84137_260214_004236_s1/259327735/ccs,1,4,2,15,205,CAA_interrupted,False,True,False,60
Control_11,m84137_260214_004236_s1/36967375/ccs,1,7,2,16,205,CAA_interrupted,False,True,False,60
Control_11,m84137_260214_004236_s1/69932088/ccs,1,4,2,15,205,CAA_interrupted,False,True,False,60
Control_11,m84137_260214_004236_s1/130225836/ccs,1,4,2,15,205,CAA_interrupted,False,True,False,60
Control_11,m84137_260214_004236_s1/130224413/ccs,1,4,2,15,205,CAA_interrupted,False,True,False,60
Control_11,m84137_260214_004236_s1/198775745/ccs,1,4,2,15,205,CAA_interrupted,False,True,False,60
Control_11,m84137_260214_004236_s1/206180551/ccs,1,4,2,15,205,CAA_interrupted,False,True,False,60
Control_11,m84137_260214_004236_s1/214241010/ccs,1,4,2,15,205,CAA_interrupted,False,True,False,60
Control_11,m84137_260214_004236_s1/249367622/ccs,1,4,2,15,205,CAA_interrupted,False,True,False,60
Control_11,m84137_260214_004236_s1/6948057/ccs,1,4,2,15,205,CAA_interrupted,False,True,False,60
Control_11,m84137_260214_004236_s1/34276964/ccs,1,4,2,15,205,CAA_interrupted,False,True,False,60
Control_11,m84137_260214_004236_s1/64883552/ccs,1,4,2,15,205,CAA_interrupted,False,True,False,60
Control_11,m84137_260214_004236_s1/73728967/ccs,1,4,2,15,205,CAA_interrupted,False,True,False,60
Control_11,m84137_260214_004236_s1/90964727/ccs,1,4,2,15,205,CAA_interrupted,False,True,False,60
Control_11,m84137_260214_004236_s1/86510244/ccs,1,4,2,15,205,CAA_interrupted,False,True,False,60
Control_11,m84137_260214_004236_s1/77529388/ccs,1,4,2,15,205,CAA_interrupted,False,True,False,60
Control_11,m84137_260214_004236_s1/160827338/ccs,1,4,2,15,205,CAA_interrupted,False,True,False,60
Control_11,m84137_260214_004236_s1/162072672/ccs,1,4,2,15,205,CAA_interrupted,False,True,False,60
Control_11,m84137_260214_004236_s1/196937777/ccs,1,4,2,15,205,CAA_interrupted,False,True,False,60
Control_11,m84137_260214_004236_s1/172950684/ccs,1,4,2,15,205,CAA_interrupted,False,True,False,60
Control_11,m84137_260214_004236_s1/207358147/ccs,1,4,2,15,205,CAA_interrupted,False,True,False,60
Control_11,m84137_260214_004236_s1/182780668/ccs,1,4,2,15,205,CAA_interrupted,False,True,False,60
Control_11,m84137_260214_004236_s1/206243435/ccs,1,4,2,15,205,CAA_interrupted,False,True,False,60
Control_11,m84137_260214_004236_s1/232458266/ccs,1,4,2,15,205,CAA_interrupted,False,True,False,60
Control_11,m84137_260214_004236_s1/236192273/ccs,1,4,2,15,205,CAA_interrupted,False,True,False,60
Control_11,m84137_260214_004236_s1/237962714/ccs,1,4,2,15,205,CAA_interrupted,False,True,False,60
Control_11,m84137_260214_004236_s1/7933956/ccs,1,4,2,15,205,CAA_interrupted,False,True,False,60
Control_11,m84137_260214_004236_s1/67243598/ccs,1,4,2,15,205,CAA_interrupted,False,True,False,60
Control_11,m84137_260214_004236_s1/59512225/ccs,1,4,2,15,205,CAA_interrupted,False,True,False,60
Control_11,m84137_260214_004236_s1/99424061/ccs,1,4,2,15,205,CAA_interrupted,False,True,False,60
Control_11,m84137_260214_004236_s1/138218657/ccs,1,5,2,15,205,CAA_interrupted,False,True,False,60
Control_11,m84137_260214_004236_s1/163124469/ccs,1,4,2,15,205,CAA_interrupted,False,True,False,60
Control_11,m84137_260214_004236_s1/232592369/ccs,1,4,2,15,205,CAA_interrupted,False,True,False,60
Control_11,m84137_260214_004236_s1/216402081/ccs,1,4,2,15,205,CAA_interrupted,False,True,False,60
Control_11,m84137_260214_004236_s1/97128419/ccs,1,3,2,15,205,CAA_interrupted,False,True,False,60
Control_11,m84137_260214_004236_s1/189076498/ccs,1,4,2,15,205,CAA_interrupted,False,True,False,60
Control_11,m84137_260214_004236_s1/67506894/ccs,1,4,2,15,205,CAA_interrupted,False,True,False,60
Control_11,m84137_260214_004236_s1/247726555/ccs,1,4,2,15,205,CAA_interrupted,False,True,False,60
Control_11,m84137_260214_004236_s1/266141880/ccs,1,4,2,15,205,CAA_interrupted,False,True,False,60
Control_11,m84137_260214_004236_s1/248775392/ccs,1,4,2,15,205,CAA_interrupted,False,True,False,60
Control_11,m84137_260214_004236_s1/23598681/ccs,1,4,2,15,205,CAA_interrupted,False,True,False,60
Control_11,m84137_260214_004236_s1/20123067/ccs,1,4,2,15,205,CAA_interrupted,False,True,False,60
Control_11,m84137_260214_004236_s1/23728663/ccs,1,4,2,15,205,CAA_interrupted,False,True,False,60
Control_11,m84137_260214_004236_s1/249692406/ccs,1,4,2,15,205,CAA_interrupted,False,True,False,60
Control_11,m84137_260214_004236_s1/250153131/ccs,1,4,2,15,205,CAA_interrupted,False,True,False,60
Control_11,m84137_260214_004236_s1/25431283/ccs,1,4,2,15,205,CAA_interrupted,False,True,False,60
Control_11,m84137_260214_004236_s1/250809249/ccs,1,4,2,15,205,CAA_interrupted,False,True,False,60
Control_11,m84137_260214_004236_s1/26676950/ccs,1,4,2,15,205,CAA_interrupted,False,True,False,60
Control_11,m84137_260214_004236_s1/9573434/ccs,1,4,2,15,205,CAA_interrupted,False,True,False,60
Control_11,m84137_260214_004236_s1/35525163/ccs,1,4,2,15,205,CAA_interrupted,False,True,False,60
Control_11,m84137_260214_004236_s1/10163556/ccs,1,4,2,15,205,CAA_interrupted,False,True,False,60
Control_11,m84137_260214_004236_s1/36441799/ccs,1,4,2,15,205,CAA_interrupted,False,True,False,60
Control_11,m84137_260214_004236_s1/39324824/ccs,1,4,2,15,205,CAA_interrupted,False,True,False,60
Control_11,m84137_260214_004236_s1/37753201/ccs,1,4,2,15,205,CAA_interrupted,False,True,False,60
Control_11,m84137_260214_004236_s1/58134699/ccs,1,4,2,15,205,CAA_interrupted,False,True,False,60
Control_11,m84137_260214_004236_s1/190515706/ccs,1,11,2,15,205,CAA_interrupted,False,True,False,60
Control_11,m84137_260214_004236_s1/152372720/ccs,1,4,2,15,205,CAA_interrupted,False,True,False,60
Control_11,m84137_260214_004236_s1/153027120/ccs,1,4,2,15,205,CAA_interrupted,False,True,False,60
Control_11,m84137_260214_004236_s1/153092644/ccs,1,4,2,15,205,CAA_interrupted,False,True,False,60
Control_11,m84137_260214_004236_s1/132711989/ccs,1,4,2,15,205,CAA_interrupted,False,True,False,60
Control_11,m84137_260214_004236_s1/115736916/ccs,1,4,2,15,205,CAA_interrupted,False,True,False,60
Control_11,m84137_260214_004236_s1/115737872/ccs,1,4,2,15,205,CAA_interrupted,False,True,False,60
Control_11,m84137_260214_004236_s1/115802273/ccs,1,4,2,15,205,CAA_interrupted,False,True,False,60
Control_11,m84137_260214_004236_s1/141101993/ccs,1,4,2,15,205,CAA_interrupted,False,True,False,60
Control_11,m84137_260214_004236_s1/116982359/ccs,1,4,2,15,205,CAA_interrupted,False,True,False,60
Control_11,m84137_260214_004236_s1/162661279/ccs,1,3,2,15,205,CAA_interrupted,False,True,False,60
Control_11,m84137_260214_004236_s1/155192302/ccs,1,4,2,15,205,CAA_interrupted,False,True,False,60
Control_11,m84137_260214_004236_s1/146868316/ccs,1,4,2,15,205,CAA_interrupted,False,True,False,60
Control_11,m84137_260214_004236_s1/143656968/ccs,1,4,2,15,205,CAA_interrupted,False,True,False,60
Control_11,m84137_260214_004236_s1/147391196/ccs,1,4,2,15,205,CAA_interrupted,False,True,False,60
Control_11,m84137_260214_004236_s1/144443917/ccs,1,4,2,15,205,CAA_interrupted,False,True,False,60
Control_11,m84137_260214_004236_s1/165348164/ccs,1,4,2,15,205,CAA_interrupted,False,True,False,60
Control_11,m84137_260214_004236_s1/162072322/ccs,1,4,2,15,205,CAA_interrupted,False,True,False,60
Control_11,m84137_260214_004236_s1/185730793/ccs,1,4,2,15,205,CAA_interrupted,False,True,False,60
Control_11,m84137_260214_004236_s1/173540865/ccs,1,4,2,15,205,CAA_interrupted,False,True,False,60
Control_11,m84137_260214_004236_s1/166398591/ccs,1,4,2,15,205,CAA_interrupted,False,True,False,60
Control_11,m84137_260214_004236_s1/173998283/ccs,1,4,2,15,205,CAA_interrupted,False,True,False,60
Control_11,m84137_260214_004236_s1/190973094/ccs,1,4,2,15,205,CAA_interrupted,False,True,False,60
Control_11,m84137_260214_004236_s1/27726394/ccs,1,4,2,15,205,CAA_interrupted,False,True,False,60
Control_11,m84137_260214_004236_s1/35785777/ccs,1,4,2,15,205,CAA_interrupted,False,True,False,60
Control_11,m84137_260214_004236_s1/32181274/ccs,1,4,2,15,205,CAA_interrupted,False,True,False,60
Control_11,m84137_260214_004236_s1/41227420/ccs,1,4,2,15,205,CAA_interrupted,False,True,False,60
Control_11,m84137_260214_004236_s1/41487957/ccs,1,4,2,15,205,CAA_interrupted,False,True,False,60
Control_11,m84137_260214_004236_s1/58463838/ccs,1,4,2,15,205,CAA_interrupted,False,True,False,60
Control_11,m84137_260214_004236_s1/15339560/ccs,1,4,2,15,205,CAA_interrupted,False,True,False,60
Control_11,m84137_260214_004236_s1/84088393/ccs,1,4,2,15,205,CAA_interrupted,False,True,False,60
Control_11,m84137_260214_004236_s1/59118182/ccs,1,4,2,15,205,CAA_interrupted,False,True,False,60
Control_11,m84137_260214_004236_s1/59510229/ccs,1,4,2,15,205,CAA_interrupted,False,True,False,60
Control_11,m84137_260214_004236_s1/59970242/ccs,1,4,2,15,205,CAA_interrupted,False,True,False,60
Control_11,m84137_260214_004236_s1/59838411/ccs,1,4,2,15,205,CAA_interrupted,False,True,False,60
Control_11,m84137_260214_004236_s1/44110561/ccs,1,4,2,15,205,CAA_interrupted,False,True,False,60
Control_11,m84137_260214_004236_s1/60363604/ccs,1,4,2,15,205,CAA_interrupted,False,True,False,60
Control_11,m84137_260214_004236_s1/65279393/ccs,1,4,2,15,205,CAA_interrupted,False,True,False,60
Control_11,m84137_260214_004236_s1/85265850/ccs,1,4,2,15,205,CAA_interrupted,False,True,False,60
Control_11,m84137_260214_004236_s1/73010861/ccs,1,4,2,15,205,CAA_interrupted,False,True,False,60
Control_11,m84137_260214_004236_s1/72486514/ccs,1,4,2,15,205,CAA_interrupted,False,True,False,60
Control_11,m84137_260214_004236_s1/91556874/ccs,1,4,2,15,205,CAA_interrupted,False,True,False,60
Control_11,m84137_260214_004236_s1/92213635/ccs,1,4,2,15,205,CAA_interrupted,False,True,False,60
Control_11,m84137_260214_004236_s1/48961138/ccs,1,4,2,15,205,CAA_interrupted,False,True,False,60
Control_11,m84137_260214_004236_s1/76288414/ccs,1,4,2,15,205,CAA_interrupted,False,True,False,60
Control_11,m84137_260214_004236_s1/76418094/ccs,1,4,2,15,205,CAA_interrupted,False,True,False,60
Control_11,m84137_260214_004236_s1/107610334/ccs,1,4,2,15,205,CAA_interrupted,False,True,False,60
Control_11,m84137_260214_004236_s1/124649965/ccs,1,4,2,15,205,CAA_interrupted,False,True,False,60
Control_11,m84137_260214_004236_s1/103744024/ccs,1,4,2,15,205,CAA_interrupted,False,True,False,60
Control_11,m84137_260214_004236_s1/120455250/ccs,1,4,2,15,205,CAA_interrupted,False,True,False,60
Control_11,m84137_260214_004236_s1/129565353/ccs,1,4,2,15,205,CAA_interrupted,False,True,False,60
Control_11,m84137_260214_004236_s1/121243073/ccs,1,4,2,15,205,CAA_interrupted,False,True,False,60
Control_11,m84137_260214_004236_s1/113117370/ccs,1,4,2,15,205,CAA_interrupted,False,True,False,60
Control_11,m84137_260214_004236_s1/105906438/ccs,1,4,2,15,205,CAA_interrupted,False,True,False,60
Control_11,m84137_260214_004236_s1/105972027/ccs,1,4,2,15,205,CAA_interrupted,False,True,False,60
Control_11,m84137_260214_004236_s1/106037431/ccs,1,4,2,15,205,CAA_interrupted,False,True,False,60
Control_11,m84137_260214_004236_s1/134285537/ccs,1,4,2,15,205,CAA_interrupted,False,True,False,60
Control_11,m84137_260214_004236_s1/134613790/ccs,1,4,2,15,205,CAA_interrupted,False,True,False,60
Control_11,m84137_260214_004236_s1/114230435/ccs,1,4,2,15,205,CAA_interrupted,False,True,False,60
Control_11,m84137_260214_004236_s1/135726780/ccs,1,4,2,15,205,CAA_interrupted,False,True,False,60
Control_11,m84137_260214_004236_s1/115147480/ccs,1,4,2,15,205,CAA_interrupted,False,True,False,60
Control_11,m84137_260214_004236_s1/115802267/ccs,1,4,2,15,205,CAA_interrupted,False,True,False,60
Control_11,m84137_260214_004236_s1/153749350/ccs,1,4,2,15,205,CAA_interrupted,False,True,False,60
Control_11,m84137_260214_004236_s1/128978012/ccs,1,4,2,15,205,CAA_interrupted,False,True,False,60
Control_11,m84137_260214_004236_s1/105909911/ccs,1,4,2,15,205,CAA_interrupted,False,True,False,60
Control_11,m84137_260214_004236_s1/82513909/ccs,1,4,2,15,205,CAA_interrupted,False,True,False,60
Control_11,m84137_260214_004236_s1/130290559/ccs,1,4,2,15,205,CAA_interrupted,False,True,False,60
Control_11,m84137_260214_004236_s1/110564295/ccs,1,4,2,15,205,CAA_interrupted,False,True,False,60
Control_11,m84137_260214_004236_s1/127211095/ccs,1,4,2,15,205,CAA_interrupted,False,True,False,60
Control_11,m84137_260214_004236_s1/135992290/ccs,1,4,2,15,205,CAA_interrupted,False,True,False,60
Control_11,m84137_260214_004236_s1/153032533/ccs,1,4,2,15,205,CAA_interrupted,False,True,False,60
Control_11,m84137_260214_004236_s1/156832576/ccs,1,4,2,15,205,CAA_interrupted,False,True,False,60
Control_11,m84137_260214_004236_s1/162861697/ccs,1,4,2,15,205,CAA_interrupted,False,True,False,60
Control_11,m84137_260214_004236_s1/160306047/ccs,0,3,2,15,205,CAA_interrupted,False,True,False,60
Control_11,m84137_260214_004236_s1/161418276/ccs,1,4,2,15,205,CAA_interrupted,False,True,False,60
Control_11,m84137_260214_004236_s1/185798644/ccs,1,4,2,15,205,CAA_interrupted,False,True,False,60
Control_11,m84137_260214_004236_s1/190322456/ccs,1,4,2,15,205,CAA_interrupted,False,True,False,60
Control_11,m84137_260214_004236_s1/167709817/ccs,1,4,2,15,205,CAA_interrupted,False,True,False,60
Control_11,m84137_260214_004236_s1/218108226/ccs,1,4,2,15,205,CAA_interrupted,False,True,False,60
Control_11,m84137_260214_004236_s1/172496636/ccs,1,4,2,15,205,CAA_interrupted,False,True,False,60
Control_11,m84137_260214_004236_s1/63116347/ccs,1,4,2,15,205,CAA_interrupted,False,True,False,60
Control_11,m84137_260214_004236_s1/69340893/ccs,1,4,2,15,205,CAA_interrupted,False,True,False,60
Control_11,m84137_260214_004236_s1/60363092/ccs,1,4,2,15,205,CAA_interrupted,False,True,False,60
Control_11,m84137_260214_004236_s1/60888589/ccs,1,4,2,15,205,CAA_interrupted,False,True,False,60
Control_11,m84137_260214_004236_s1/65605021/ccs,1,4,2,15,205,CAA_interrupted,False,True,False,60
Control_11,m84137_260214_004236_s1/73994525/ccs,1,4,2,15,205,CAA_interrupted,False,True,False,60
Control_11,m84137_260214_004236_s1/90509339/ccs,1,4,2,15,205,CAA_interrupted,False,True,False,60
Control_11,m84137_260214_004236_s1/88935780/ccs,1,4,2,15,205,CAA_interrupted,False,True,False,60
Control_11,m84137_260214_004236_s1/89329780/ccs,1,4,2,15,205,CAA_interrupted,False,True,False,60
Control_11,m84137_260214_004236_s1/48828949/ccs,1,4,2,15,205,CAA_interrupted,False,True,False,60
Control_11,m84137_260214_004236_s1/119607614/ccs,1,4,2,15,205,CAA_interrupted,False,True,False,60
Control_11,m84137_260214_004236_s1/81006081/ccs,1,4,2,15,205,CAA_interrupted,False,True,False,60
Control_11,m84137_260214_004236_s1/105387369/ccs,1,4,2,15,205,CAA_interrupted,False,True,False,60
Control_11,m84137_260214_004236_s1/81268255/ccs,1,4,2,15,205,CAA_interrupted,False,True,False,60
Control_11,m84137_260214_004236_s1/26741382/ccs,1,4,2,15,205,CAA_interrupted,False,True,False,60
Control_11,m84137_260214_004236_s1/30999232/ccs,1,4,2,15,205,CAA_interrupted,False,True,False,60
Control_11,m84137_260214_004236_s1/9830991/ccs,1,4,2,15,205,CAA_interrupted,False,True,False,60
Control_11,m84137_260214_004236_s1/21628655/ccs,1,4,2,15,205,CAA_interrupted,False,True,False,60
Control_11,m84137_260214_004236_s1/15598623/ccs,1,4,2,15,205,CAA_interrupted,False,True,False,60
Control_11,m84137_260214_004236_s1/50660778/ccs,1,4,2,16,205,CAA_interrupted,False,True,False,60
Control_11,m84137_260214_004236_s1/35718511/ccs,1,4,2,15,205,CAA_interrupted,False,True,False,60
Control_11,m84137_260214_004236_s1/51251416/ccs,1,4,2,15,205,CAA_interrupted,False,True,False,60
Control_11,m84137_260214_004236_s1/40306446/ccs,1,4,2,15,205,CAA_interrupted,False,True,False,60
Control_11,m84137_260214_004236_s1/40763505/ccs,1,4,2,15,205,CAA_interrupted,False,True,False,60
Control_11,m84137_260214_004236_s1/40700290/ccs,1,4,2,15,205,CAA_interrupted,False,True,False,60
Control_11,m84137_260214_004236_s1/37161436/ccs,1,4,2,15,205,CAA_interrupted,False,True,False,60
Control_11,m84137_260214_004236_s1/41421737/ccs,1,4,2,15,205,CAA_interrupted,False,True,False,60
Control_11,m84137_260214_004236_s1/59443737/ccs,1,4,2,15,205,CAA_interrupted,False,True,False,60
Control_11,m84137_260214_004236_s1/42142560/ccs,1,4,2,15,205,CAA_interrupted,False,True,False,60
Control_11,m84137_260214_004236_s1/42666346/ccs,1,4,2,15,205,CAA_interrupted,False,True,False,60
Control_11,m84137_260214_004236_s1/42861797/ccs,1,4,2,15,205,CAA_interrupted,False,True,False,60
Control_11,m84137_260214_004236_s1/60490695/ccs,1,4,2,15,205,CAA_interrupted,False,True,False,60
Control_11,m84137_260214_004236_s1/47317396/ccs,1,4,2,15,205,CAA_interrupted,False,True,False,60
Control_11,m84137_260214_004236_s1/54331485/ccs,1,4,2,15,205,CAA_interrupted,False,True,False,60
Control_11,m84137_260214_004236_s1/61016627/ccs,1,4,2,15,205,CAA_interrupted,False,True,False,60
Control_11,m84137_260214_004236_s1/44040559/ccs,1,4,2,15,205,CAA_interrupted,False,True,False,60
Control_11,m84137_260214_004236_s1/48366300/ccs,1,4,2,15,205,CAA_interrupted,False,True,False,60
Control_11,m84137_260214_004236_s1/64554361/ccs,1,3,2,15,205,CAA_interrupted,False,True,False,60
Control_11,m84137_260214_004236_s1/48432298/ccs,1,4,2,15,205,CAA_interrupted,False,True,False,60
Control_11,m84137_260214_004236_s1/51906655/ccs,1,4,2,15,205,CAA_interrupted,False,True,False,60
Control_11,m84137_260214_004236_s1/97387822/ccs,1,4,2,15,205,CAA_interrupted,False,True,False,60
Control_11,m84137_260214_004236_s1/77660655/ccs,1,4,2,15,205,CAA_interrupted,False,True,False,60
Control_11,m84137_260214_004236_s1/102761873/ccs,1,4,2,15,205,CAA_interrupted,False,True,False,60
Control_11,m84137_260214_004236_s1/220071778/ccs,1,4,2,15,205,CAA_interrupted,False,True,False,60
Control_11,m84137_260214_004236_s1/215482528/ccs,1,4,2,15,205,CAA_interrupted,False,True,False,60
Control_11,m84137_260214_004236_s1/43259339/ccs,1,4,2,15,205,CAA_interrupted,False,True,False,60
Control_11,m84137_260214_004236_s1/218763025/ccs,1,4,2,15,205,CAA_interrupted,False,True,False,60
Control_11,m84137_260214_004236_s1/252448794/ccs,1,4,2,15,205,CAA_interrupted,False,True,False,60
Control_11,m84137_260214_004236_s1/265229398/ccs,1,4,2,15,205,CAA_interrupted,False,True,False,60
Control_11,m84137_260214_004236_s1/28115629/ccs,1,4,2,15,205,CAA_interrupted,False,True,False,60
Control_11,m84137_260214_004236_s1/28051364/ccs,1,4,2,15,205,CAA_interrupted,False,True,False,60
Control_11,m84137_260214_004236_s1/23006177/ccs,1,4,2,15,205,CAA_interrupted,False,True,False,60
Control_11,m84137_260214_004236_s1/29426063/ccs,1,4,2,15,205,CAA_interrupted,False,True,False,60
Control_11,m84137_260214_004236_s1/29492745/ccs,1,4,2,15,205,CAA_interrupted,False,True,False,60
Control_11,m84137_260214_004236_s1/8061760/ccs,1,4,2,15,205,CAA_interrupted,False,True,False,60
Control_11,m84137_260214_004236_s1/30082276/ccs,1,4,2,15,205,CAA_interrupted,False,True,False,60
Control_11,m84137_260214_004236_s1/30147871/ccs,1,4,2,15,205,CAA_interrupted,False,True,False,60
Control_11,m84137_260214_004236_s1/25298108/ccs,1,4,2,15,205,CAA_interrupted,False,True,False,60
Control_11,m84137_260214_004236_s1/68945194/ccs,1,4,2,15,205,CAA_interrupted,False,True,False,60
Control_11,m84137_260214_004236_s1/62917919/ccs,1,4,2,15,205,CAA_interrupted,False,True,False,60
Control_11,m84137_260214_004236_s1/93066391/ccs,1,4,2,15,205,CAA_interrupted,False,True,False,60
Control_11,m84137_260214_004236_s1/40175962/ccs,1,5,2,15,205,CAA_interrupted,False,True,False,60
Control_11,m84137_260214_004236_s1/243992841/ccs,1,4,2,15,205,CAA_interrupted,False,True,False,60
Control_11,m84137_260214_004236_s1/239668159/ccs,1,4,2,15,205,CAA_interrupted,False,True,False,60
Control_11,m84137_260214_004236_s1/17306845/ccs,1,4,2,15,205,CAA_interrupted,False,True,False,60
Control_11,m84137_260214_004236_s1/261097951/ccs,1,4,2,15,205,CAA_interrupted,False,True,False,60
Control_11,m84137_260214_004236_s1/246942471/ccs,1,4,2,15,205,CAA_interrupted,False,True,False,60
Control_11,m84137_260214_004236_s1/240388789/ccs,1,4,2,15,205,CAA_interrupted,False,True,False,60
Control_11,m84137_260214_004236_s1/262603553/ccs,1,4,2,15,205,CAA_interrupted,False,True,False,60
Control_11,m84137_260214_004236_s1/18485122/ccs,1,4,2,15,205,CAA_interrupted,False,True,False,60
Control_11,m84137_260214_004236_s1/248580615/ccs,1,4,2,15,205,CAA_interrupted,False,True,False,60
Control_11,m84137_260214_004236_s1/23204956/ccs,1,4,2,15,205,CAA_interrupted,False,True,False,60
Control_11,m84137_260214_004236_s1/23466135/ccs,1,4,2,15,205,CAA_interrupted,False,True,False,60
Control_11,m84137_260214_004236_s1/267062150/ccs,1,4,2,15,205,CAA_interrupted,False,True,False,60
Control_11,m84137_260214_004236_s1/267059793/ccs,1,4,2,15,205,CAA_interrupted,False,True,False,60
Control_11,m84137_260214_004236_s1/24710272/ccs,1,4,2,15,205,CAA_interrupted,False,True,False,60
Control_11,m84137_260214_004236_s1/4789635/ccs,1,4,2,15,205,CAA_interrupted,False,True,False,60
Control_11,m84137_260214_004236_s1/24711897/ccs,1,4,2,15,205,CAA_interrupted,False,True,False,60
Control_11,m84137_260214_004236_s1/20974858/ccs,1,4,2,15,205,CAA_interrupted,False,True,False,60
Control_11,m84137_260214_004236_s1/28905502/ccs,1,4,2,15,205,CAA_interrupted,False,True,False,60
Control_11,m84137_260214_004236_s1/8327308/ccs,1,4,2,15,205,CAA_interrupted,False,True,False,60
Control_11,m84137_260214_004236_s1/29561680/ccs,1,4,2,15,205,CAA_interrupted,False,True,False,60
Control_11,m84137_260214_004236_s1/29429291/ccs,1,4,2,15,205,CAA_interrupted,False,True,False,60
Control_11,m84137_260214_004236_s1/51252877/ccs,1,4,2,15,205,CAA_interrupted,False,True,False,60
Control_11,m84137_260214_004236_s1/27003937/ccs,1,4,2,15,205,CAA_interrupted,False,True,False,60
Control_11,m84137_260214_004236_s1/35065175/ccs,1,4,2,15,205,CAA_interrupted,False,True,False,60
Control_11,m84137_260214_004236_s1/142612285/ccs,1,4,2,15,205,CAA_interrupted,False,True,False,60
Control_11,m84137_260214_004236_s1/138875875/ccs,1,4,2,15,205,CAA_interrupted,False,True,False,60
Control_11,m84137_260214_004236_s1/115281011/ccs,1,4,2,15,205,CAA_interrupted,False,True,False,60
Control_11,m84137_260214_004236_s1/116332000/ccs,1,4,2,15,205,CAA_interrupted,False,True,False,60
Control_11,m84137_260214_004236_s1/163778896/ccs,1,4,2,15,205,CAA_interrupted,False,True,False,60
Control_11,m84137_260214_004236_s1/143658502/ccs,1,4,2,15,205,CAA_interrupted,False,True,False,60
Control_11,m84137_260214_004236_s1/164171233/ccs,1,4,2,15,205,CAA_interrupted,False,True,False,60
Control_11,m84137_260214_004236_s1/185536673/ccs,1,4,2,15,205,CAA_interrupted,False,True,False,60
Control_11,m84137_260214_004236_s1/164631989/ccs,1,4,2,15,205,CAA_interrupted,False,True,False,60
Control_11,m84137_260214_004236_s1/174067262/ccs,1,4,2,15,205,CAA_interrupted,False,True,False,60
Control_11,m84137_260214_004236_s1/190189591/ccs,1,4,2,15,205,CAA_interrupted,False,True,False,60
Control_11,m84137_260214_004236_s1/147068275/ccs,1,4,2,15,205,CAA_interrupted,False,True,False,60
Control_11,m84137_260214_004236_s1/147920024/ccs,1,4,2,15,205,CAA_interrupted,False,True,False,60
Control_11,m84137_260214_004236_s1/177870583/ccs,1,4,2,15,205,CAA_interrupted,False,True,False,60
Control_11,m84137_260214_004236_s1/193860233/ccs,1,4,2,15,205,CAA_interrupted,False,True,False,60
Control_11,m84137_260214_004236_s1/193662695/ccs,1,4,2,15,205,CAA_interrupted,False,True,False,60
Control_11,m84137_260214_004236_s1/207097583/ccs,1,4,2,15,205,CAA_interrupted,False,True,False,60
Control_11,m84137_260214_004236_s1/220009171/ccs,1,4,2,15,205,CAA_interrupted,False,True,False,60
Control_11,m84137_260214_004236_s1/201788554/ccs,1,4,2,15,205,CAA_interrupted,False,True,False,60
Control_11,m84137_260214_004236_s1/198905780/ccs,1,4,2,15,205,CAA_interrupted,False,True,False,60
Control_11,m84137_260214_004236_s1/198905304/ccs,1,4,2,15,205,CAA_interrupted,False,True,False,60
Control_11,m84137_260214_004236_s1/194512668/ccs,1,4,2,16,205,CAA_interrupted,False,True,False,60
Control_11,m84137_260214_004236_s1/198314601/ccs,1,4,2,15,205,CAA_interrupted,False,True,False,60
Control_11,m84137_260214_004236_s1/201458920/ccs,1,4,2,15,205,CAA_interrupted,False,True,False,60
Control_11,m84137_260214_004236_s1/178325240/ccs,1,4,2,15,205,CAA_interrupted,False,True,False,60
Control_11,m84137_260214_004236_s1/180751254/ccs,1,4,2,15,205,CAA_interrupted,False,True,False,60
Control_11,m84137_260214_004236_s1/219809391/ccs,1,4,2,15,205,CAA_interrupted,False,True,False,60
Control_11,m84137_260214_004236_s1/202115084/ccs,1,4,2,15,205,CAA_interrupted,False,True,False,60
Control_11,m84137_260214_004236_s1/202311953/ccs,1,4,2,15,205,CAA_interrupted,False,True,False,60
Control_11,m84137_260214_004236_s1/202508827/ccs,1,4,2,15,205,CAA_interrupted,False,True,False,60
Control_11,m84137_260214_004236_s1/224199139/ccs,1,4,2,15,205,CAA_interrupted,False,True,False,60
Control_11,m84137_260214_004236_s1/204081454/ccs,1,4,2,15,205,CAA_interrupted,False,True,False,60
Control_11,m84137_260214_004236_s1/229704282/ccs,1,4,2,15,205,CAA_interrupted,False,True,False,60
Control_11,m84137_260214_004236_s1/230295595/ccs,1,4,2,15,205,CAA_interrupted,False,True,False,60
Control_11,m84137_260214_004236_s1/230819222/ccs,1,4,2,15,205,CAA_interrupted,False,True,False,60
Control_11,m84137_260214_004236_s1/231146258/ccs,1,4,2,15,205,CAA_interrupted,False,True,False,60
Control_11,m84137_260214_004236_s1/231276761/ccs,1,4,2,15,205,CAA_interrupted,False,True,False,60
Control_11,m84137_260214_004236_s1/252249622/ccs,1,4,2,15,205,CAA_interrupted,False,True,False,60
Control_11,m84137_260214_004236_s1/163119769/ccs,0,2,2,15,205,CAA_interrupted,False,True,False,60
Control_11,m84137_260214_004236_s1/146867851/ccs,1,4,2,15,205,CAA_interrupted,False,True,False,60
Control_11,m84137_260214_004236_s1/168232790/ccs,1,4,2,15,205,CAA_interrupted,False,True,False,60
Control_11,m84137_260214_004236_s1/144114238/ccs,1,4,2,15,205,CAA_interrupted,False,True,False,60
Control_11,m84137_260214_004236_s1/165085318/ccs,1,4,2,15,205,CAA_interrupted,False,True,False,60
Control_11,m84137_260214_004236_s1/147980931/ccs,1,4,2,15,205,CAA_interrupted,False,True,False,60
Control_11,m84137_260214_004236_s1/147851814/ccs,1,4,2,15,205,CAA_interrupted,False,True,False,60
Control_11,m84137_260214_004236_s1/168888080/ccs,1,4,2,15,205,CAA_interrupted,False,True,False,60
Control_11,m84137_260214_004236_s1/186780555/ccs,1,4,2,15,205,CAA_interrupted,False,True,False,60
Control_11,m84137_260214_004236_s1/190909006/ccs,1,4,2,15,205,CAA_interrupted,False,True,False,60
Control_11,m84137_260214_004236_s1/170524754/ccs,1,4,2,15,205,CAA_interrupted,False,True,False,60
Control_11,m84137_260214_004236_s1/174981717/ccs,1,4,2,15,205,CAA_interrupted,False,True,False,60
Control_11,m84137_260214_004236_s1/175900159/ccs,1,4,2,15,205,CAA_interrupted,False,True,False,60
Control_11,m84137_260214_004236_s1/189270021/ccs,1,4,2,15,205,CAA_interrupted,False,True,False,60
Control_11,m84137_260214_004236_s1/192545834/ccs,1,4,2,15,205,CAA_interrupted,False,True,False,60
Control_11,m84137_260214_004236_s1/197266428/ccs,1,4,2,15,205,CAA_interrupted,False,True,False,60
Control_11,m84137_260214_004236_s1/177211701/ccs,1,4,2,15,205,CAA_interrupted,False,True,False,60
Control_11,m84137_260214_004236_s1/218564364/ccs,1,4,2,15,205,CAA_interrupted,False,True,False,60
Control_11,m84137_260214_004236_s1/212142438/ccs,1,4,2,15,205,CAA_interrupted,False,True,False,60
Control_11,m84137_260214_004236_s1/214697226/ccs,1,4,2,15,205,CAA_interrupted,False,True,False,60
Control_11,m84137_260214_004236_s1/232784517/ccs,1,4,2,15,205,CAA_interrupted,False,True,False,60
Control_11,m84137_260214_004236_s1/253888491/ccs,1,4,2,15,205,CAA_interrupted,False,True,False,60
Control_11,m84137_260214_004236_s1/235995688/ccs,1,4,2,15,205,CAA_interrupted,False,True,False,60
Control_11,m84137_260214_004236_s1/233899220/ccs,1,4,2,15,205,CAA_interrupted,False,True,False,60
Control_11,m84137_260214_004236_s1/258082958/ccs,1,4,2,15,205,CAA_interrupted,False,True,False,60
Control_11,m84137_260214_004236_s1/258345295/ccs,1,4,2,15,205,CAA_interrupted,False,True,False,60
Control_11,m84137_260214_004236_s1/216793519/ccs,1,4,2,15,205,CAA_interrupted,False,True,False,60
Control_11,m84137_260214_004236_s1/234816736/ccs,1,4,2,15,205,CAA_interrupted,False,True,False,60
Control_11,m84137_260214_004236_s1/258737519/ccs,1,4,2,15,205,CAA_interrupted,False,True,False,60
Control_11,m84137_260214_004236_s1/255788286/ccs,1,4,2,15,205,CAA_interrupted,False,True,False,60
Control_11,m84137_260214_004236_s1/259130336/ccs,1,4,2,15,205,CAA_interrupted,False,True,False,60
Control_11,m84137_260214_004236_s1/259525067/ccs,1,4,2,15,205,CAA_interrupted,False,True,False,60
Control_11,m84137_260214_004236_s1/263129638/ccs,1,4,2,15,205,CAA_interrupted,False,True,False,60
Control_11,m84137_260214_004236_s1/238225078/ccs,1,4,2,15,205,CAA_interrupted,False,True,False,60
Control_11,m84137_260214_004236_s1/238290625/ccs,1,4,2,15,205,CAA_interrupted,False,True,False,60
Control_11,m84137_260214_004236_s1/256706850/ccs,1,4,2,15,205,CAA_interrupted,False,True,False,60
Control_11,m84137_260214_004236_s1/238617129/ccs,1,4,2,15,205,CAA_interrupted,False,True,False,60
Control_11,m84137_260214_004236_s1/263457610/ccs,1,4,2,15,205,CAA_interrupted,False,True,False,60
Control_11,m84137_260214_004236_s1/260441330/ccs,1,4,2,15,205,CAA_interrupted,False,True,False,60
Control_11,m84137_260214_004236_s1/264374021/ccs,1,4,2,15,205,CAA_interrupted,False,True,False,60
Control_11,m84137_260214_004236_s1/92802375/ccs,1,4,2,15,205,CAA_interrupted,False,True,False,60
Control_11,m84137_260214_004236_s1/94115698/ccs,1,5,2,15,205,CAA_interrupted,False,True,False,60
Control_11,m84137_260214_004236_s1/98570674/ccs,1,4,2,15,205,CAA_interrupted,False,True,False,60
Control_11,m84137_260214_004236_s1/79303422/ccs,1,4,2,15,205,CAA_interrupted,False,True,False,60
Control_11,m84137_260214_004236_s1/94901310/ccs,1,4,2,15,205,CAA_interrupted,False,True,False,60
Control_11,m84137_260214_004236_s1/104273052/ccs,1,4,2,15,205,CAA_interrupted,False,True,False,60
Control_11,m84137_260214_004236_s1/120854044/ccs,1,4,2,15,205,CAA_interrupted,False,True,False,60
Control_11,m84137_260214_004236_s1/80941841/ccs,1,4,2,15,205,CAA_interrupted,False,True,False,60
Control_11,m84137_260214_004236_s1/121771805/ccs,1,4,2,15,205,CAA_interrupted,False,True,False,60
Control_11,m84137_260214_004236_s1/105712690/ccs,1,4,2,15,205,CAA_interrupted,False,True,False,60
Control_11,m84137_260214_004236_s1/130618805/ccs,1,4,2,15,205,CAA_interrupted,False,True,False,60
Control_11,m84137_260214_004236_s1/130881091/ccs,1,4,2,15,205,CAA_interrupted,False,True,False,60
Control_11,m84137_260214_004236_s1/112399175/ccs,1,4,2,15,205,CAA_interrupted,False,True,False,60
Control_11,m84137_260214_004236_s1/137498658/ccs,1,4,2,15,205,CAA_interrupted,False,True,False,60
Control_11,m84137_260214_004236_s1/113773739/ccs,1,4,2,15,205,CAA_interrupted,False,True,False,60
Control_11,m84137_260214_004236_s1/181735117/ccs,1,4,2,15,205,CAA_interrupted,False,True,False,60
Control_11,m84137_260214_004236_s1/225840791/ccs,1,4,2,15,205,CAA_interrupted,False,True,False,60
Control_11,m84137_260214_004236_s1/225973518/ccs,1,4,2,15,205,CAA_interrupted,False,True,False,60
Control_11,m84137_260214_004236_s1/205720832/ccs,1,4,2,15,205,CAA_interrupted,False,True,False,60
Control_11,m84137_260214_004236_s1/206179505/ccs,1,4,2,15,205,CAA_interrupted,False,True,False,60
Control_11,m84137_260214_004236_s1/206770016/ccs,1,4,2,15,205,CAA_interrupted,False,True,False,60
Control_11,m84137_260214_004236_s1/252777193/ccs,1,4,2,15,205,CAA_interrupted,False,True,False,60
Control_11,m84137_260214_004236_s1/230102788/ccs,1,4,2,15,205,CAA_interrupted,False,True,False,60
Control_11,m84137_260214_004236_s1/183635974/ccs,1,4,2,15,205,CAA_interrupted,False,True,False,60
Control_11,m84137_260214_004236_s1/227939884/ccs,1,4,2,15,205,CAA_interrupted,False,True,False,60
Control_11,m84137_260214_004236_s1/231149104/ccs,1,4,2,15,205,CAA_interrupted,False,True,False,60
Control_11,m84137_260214_004236_s1/237178425/ccs,1,4,2,15,205,CAA_interrupted,False,True,False,60
Control_11,m84137_260214_004236_s1/237244657/ccs,1,4,2,15,205,CAA_interrupted,False,True,False,60
Control_11,m84137_260214_004236_s1/257823418/ccs,1,3,2,15,205,CAA_interrupted,False,True,False,60
Control_11,m84137_260214_004236_s1/239277604/ccs,1,4,2,15,205,CAA_interrupted,False,True,False,60
Control_11,m84137_260214_004236_s1/261166416/ccs,1,4,2,15,205,CAA_interrupted,False,True,False,60
Control_11,m84137_260214_004236_s1/265032381/ccs,1,4,2,15,205,CAA_interrupted,False,True,False,60
Control_11,m84137_260214_004236_s1/48956205/ccs,1,4,2,15,205,CAA_interrupted,False,True,False,60
Control_11,m84137_260214_004236_s1/72879051/ccs,1,4,2,15,205,CAA_interrupted,False,True,False,60
Control_11,m84137_260214_004236_s1/50005724/ccs,1,4,2,15,205,CAA_interrupted,False,True,False,60
Control_11,m84137_260214_004236_s1/74582337/ccs,1,4,2,15,205,CAA_interrupted,False,True,False,60
Control_11,m84137_260214_004236_s1/95291568/ccs,1,4,2,15,205,CAA_interrupted,False,True,False,60
Control_11,m84137_260214_004236_s1/95092811/ccs,1,4,2,15,205,CAA_interrupted,False,True,False,60
Control_11,m84137_260214_004236_s1/71306123/ccs,1,4,2,15,205,CAA_interrupted,False,True,False,60
Control_11,m84137_260214_004236_s1/79496212/ccs,1,4,2,15,205,CAA_interrupted,False,True,False,60
Control_11,m84137_260214_004236_s1/75893050/ccs,1,4,2,15,205,CAA_interrupted,False,True,False,60
Control_11,m84137_260214_004236_s1/96667264/ccs,1,4,2,15,205,CAA_interrupted,False,True,False,60
Control_11,m84137_260214_004236_s1/96993739/ccs,1,4,2,15,205,CAA_interrupted,False,True,False,60
Control_11,m84137_260214_004236_s1/76153056/ccs,1,4,2,15,205,CAA_interrupted,False,True,False,60
Control_11,m84137_260214_004236_s1/77267290/ccs,1,4,2,15,205,CAA_interrupted,False,True,False,60
Control_11,m84137_260214_004236_s1/81331316/ccs,1,4,2,15,205,CAA_interrupted,False,True,False,60
Control_11,m84137_260214_004236_s1/88804253/ccs,1,4,2,15,205,CAA_interrupted,False,True,False,60
Control_11,m84137_260214_004236_s1/101319774/ccs,1,4,2,15,205,CAA_interrupted,False,True,False,60
Control_11,m84137_260214_004236_s1/123208502/ccs,1,4,2,15,205,CAA_interrupted,False,True,False,60
Control_11,m84137_260214_004236_s1/78250808/ccs,1,4,2,15,205,CAA_interrupted,False,True,False,60
Control_11,m84137_260214_004236_s1/117967195/ccs,1,4,2,15,205,CAA_interrupted,False,True,False,60
Control_11,m84137_260214_004236_s1/82314961/ccs,1,4,2,15,205,CAA_interrupted,False,True,False,60
Control_11,m84137_260214_004236_s1/99811902/ccs,1,4,2,15,205,CAA_interrupted,False,True,False,60
Control_11,m84137_260214_004236_s1/124257249/ccs,1,4,2,15,205,CAA_interrupted,False,True,False,60
Control_11,m84137_260214_004236_s1/100205920/ccs,1,4,2,15,205,CAA_interrupted,False,True,False,60
Control_11,m84137_260214_004236_s1/124258505/ccs,1,4,2,15,205,CAA_interrupted,False,True,False,60
Control_11,m84137_260214_004236_s1/246944045/ccs,1,4,2,15,205,CAA_interrupted,False,True,False,60
Control_11,m84137_260214_004236_s1/267456605/ccs,1,4,2,15,205,CAA_interrupted,False,True,False,60
Control_11,m84137_260214_004236_s1/247991913/ccs,1,4,2,15,205,CAA_interrupted,False,True,False,60
Control_11,m84137_260214_004236_s1/251137626/ccs,1,4,2,15,205,CAA_interrupted,False,True,False,60
Control_11,m84137_260214_004236_s1/17957833/ccs,1,4,2,15,205,CAA_interrupted,False,True,False,60
Control_11,m84137_260214_004236_s1/30081249/ccs,1,4,2,15,205,CAA_interrupted,False,True,False,60
Control_11,m84137_260214_004236_s1/14221466/ccs,1,4,2,15,205,CAA_interrupted,False,True,False,60
Control_11,m84137_260214_004236_s1/39454528/ccs,1,4,2,15,205,CAA_interrupted,False,True,False,60
Control_11,m84137_260214_004236_s1/41290343/ccs,1,3,2,15,205,CAA_interrupted,False,True,False,60
Control_11,m84137_260214_004236_s1/63834446/ccs,1,4,2,15,205,CAA_interrupted,False,True,False,60
Control_11,m84137_260214_004236_s1/66847848/ccs,1,4,2,15,205,CAA_interrupted,False,True,False,60
Control_11,m84137_260214_004236_s1/162203664/ccs,1,4,2,15,205,CAA_interrupted,False,True,False,60
Control_11,m84137_260214_004236_s1/160957999/ccs,1,4,2,15,205,CAA_interrupted,False,True,False,60
Control_11,m84137_260214_004236_s1/178325083/ccs,0,3,2,15,205,CAA_interrupted,False,True,False,60
Control_11,m84137_260214_004236_s1/210175244/ccs,1,4,2,15,205,CAA_interrupted,False,True,False,60
Control_11,m84137_260214_004236_s1/212666993/ccs,1,4,2,15,205,CAA_interrupted,False,True,False,60
Control_11,m84137_260214_004236_s1/258148878/ccs,1,4,2,15,205,CAA_interrupted,False,True,False,60
Control_11,m84137_260214_004236_s1/246745736/ccs,1,3,2,15,205,CAA_interrupted,False,True,False,60
Control_11,m84137_260214_004236_s1/267125121/ccs,1,4,2,15,205,CAA_interrupted,False,True,False,60
Control_11,m84137_260214_004236_s1/4198818/ccs,1,4,2,15,205,CAA_interrupted,False,True,False,60
Control_11,m84137_260214_004236_s1/20582214/ccs,1,4,2,15,205,CAA_interrupted,False,True,False,60
Control_11,m84137_260214_004236_s1/52106656/ccs,1,4,2,15,205,CAA_interrupted,False,True,False,60
Control_11,m84137_260214_004236_s1/44044489/ccs,1,4,2,15,205,CAA_interrupted,False,True,False,60
Control_11,m84137_260214_004236_s1/48434352/ccs,1,4,2,15,205,CAA_interrupted,False,True,False,60
Control_11,m84137_260214_004236_s1/192024247/ccs,1,4,2,15,205,CAA_interrupted,False,True,False,60
Control_11,m84137_260214_004236_s1/176033983/ccs,1,4,2,15,205,CAA_interrupted,False,True,False,60
Control_11,m84137_260214_004236_s1/221123941/ccs,1,4,2,15,205,CAA_interrupted,False,True,False,60
Control_11,m84137_260214_004236_s1/199561777/ccs,1,4,2,15,205,CAA_interrupted,False,True,False,60
Control_11,m84137_260214_004236_s1/222368502/ccs,1,4,2,15,205,CAA_interrupted,False,True,False,60
Control_11,m84137_260214_004236_s1/181802192/ccs,1,5,2,15,205,CAA_interrupted,False,True,False,60
Control_11,m84137_260214_004236_s1/183766169/ccs,1,4,2,15,205,CAA_interrupted,False,True,False,60
Control_11,m84137_260214_004236_s1/67635083/ccs,1,5,2,15,205,CAA_interrupted,False,True,False,60
Control_11,m84137_260214_004236_s1/49546628/ccs,1,3,2,15,205,CAA_interrupted,False,True,False,60
Control_11,m84137_260214_004236_s1/185862607/ccs,1,12,2,14,205,CAA_interrupted,False,True,False,60
Control_11,m84137_260214_004236_s1/235409886/ccs,1,4,2,15,205,CAA_interrupted,False,True,False,60
Control_11,m84137_260214_004236_s1/47776007/ccs,1,4,2,15,205,CAA_interrupted,False,True,False,60
Control_11,m84137_260214_004236_s1/149754230/ccs,1,4,2,15,205,CAA_interrupted,False,True,False,60
Control_11,m84137_260214_004236_s1/8653061/ccs,1,4,2,15,205,CAA_interrupted,False,True,False,60
Control_11,m84137_260214_004236_s1/89392465/ccs,1,4,2,15,205,CAA_interrupted,False,True,False,60
Control_11,m84137_260214_004236_s1/137822345/ccs,1,4,2,15,205,CAA_interrupted,False,True,False,60
Control_11,m84137_260214_004236_s1/154928921/ccs,1,3,2,15,205,CAA_interrupted,False,True,False,60
Control_11,m84137_260214_004236_s1/93520526/ccs,1,4,2,15,205,CAA_interrupted,False,True,False,60
Control_11,m84137_260214_004236_s1/129696485/ccs,1,4,2,15,205,CAA_interrupted,False,True,False,60
Control_11,m84137_260214_004236_s1/68425593/ccs,1,3,2,15,205,CAA_interrupted,False,True,False,60
Control_11,m84137_260214_004236_s1/21824571/ccs,1,3,2,15,205,CAA_interrupted,False,True,False,60
Control_11,m84137_260214_004236_s1/215876813/ccs,1,2,2,15,205,CAA_interrupted,False,True,False,60
Control_11,m84137_260214_004236_s1/67898889/ccs,1,1,2,15,205,fragmented_noisy,False,False,True,60
Control_11,m84137_260214_004236_s1/255530135/ccs,0,3,2,15,206,CAA_interrupted,False,True,False,60
Control_11,m84137_260214_004236_s1/13633733/ccs,1,4,2,15,206,CAA_interrupted,False,True,False,60
Control_11,m84137_260214_004236_s1/262017181/ccs,1,4,2,15,206,CAA_interrupted,False,True,False,60
Control_11,m84137_260214_004236_s1/252843850/ccs,1,3,2,15,206,CAA_interrupted,False,True,False,60
Control_11,m84137_260214_004236_s1/72418042/ccs,1,4,3,15,206,CAA_interrupted,False,True,False,60
Control_11,m84137_260214_004236_s1/233181259/ccs,1,4,3,15,206,CAA_interrupted,False,True,False,60
Control_11,m84137_260214_004236_s1/190711092/ccs,1,4,2,15,206,CAA_interrupted,False,True,False,60
Control_11,m84137_260214_004236_s1/29492885/ccs,1,6,2,15,206,CAA_interrupted,False,True,False,60
Control_11,m84137_260214_004236_s1/188811753/ccs,0,2,2,15,206,CAA_interrupted,False,True,False,60
Control_11,m84137_260214_004236_s1/169478159/ccs,1,4,2,15,206,CAA_interrupted,False,True,False,60
Control_11,m84137_260214_004236_s1/232656082/ccs,1,4,2,15,206,CAA_interrupted,False,True,False,60
Control_11,m84137_260214_004236_s1/240321706/ccs,1,6,3,15,207,CAA_interrupted,False,True,False,60
Control_11,m84137_260214_004236_s1/260116199/ccs,1,4,2,15,207,CAA_interrupted,False,True,False,60
Control_11,m84137_260214_004236_s1/17371961/ccs,1,4,2,15,207,CAA_interrupted,False,True,False,60
Control_11,m84137_260214_004236_s1/92411154/ccs,1,6,2,15,207,CAA_interrupted,False,True,False,60
Control_11,m84137_260214_004236_s1/136711455/ccs,1,4,2,15,207,CAA_interrupted,False,True,False,60
Control_11,m84137_260214_004236_s1/186583334/ccs,1,13,1,13,208,CAA_interrupted,False,True,False,60
Control_11,m84137_260214_004236_s1/70582887/ccs,1,4,2,15,208,CAA_interrupted,False,True,False,60
Control_11,m84137_260214_004236_s1/78055081/ccs,1,4,2,15,208,CAA_interrupted,False,True,False,60
Control_11,m84137_260214_004236_s1/160235657/ccs,1,4,2,16,208,CAA_interrupted,False,True,False,60
Control_11,m84137_260214_004236_s1/5900435/ccs,1,4,2,15,208,CAA_interrupted,False,True,False,60
Control_11,m84137_260214_004236_s1/4197157/ccs,1,4,2,15,208,CAA_interrupted,False,True,False,60
Control_11,m84137_260214_004236_s1/56885668/ccs,1,4,2,16,208,CAA_interrupted,False,True,False,60
Control_11,m84137_260214_004236_s1/36438520/ccs,1,4,2,15,208,CAA_interrupted,False,True,False,60
Control_11,m84137_260214_004236_s1/36503763/ccs,1,4,2,15,208,CAA_interrupted,False,True,False,60
Control_11,m84137_260214_004236_s1/45552096/ccs,1,4,2,15,208,CAA_interrupted,False,True,False,60
Control_11,m84137_260214_004236_s1/72750229/ccs,1,4,2,15,208,CAA_interrupted,False,True,False,60
Control_11,m84137_260214_004236_s1/70848138/ccs,1,4,2,15,208,CAA_interrupted,False,True,False,60
Control_11,m84137_260214_004236_s1/212601729/ccs,1,4,2,15,208,CAA_interrupted,False,True,False,60
Control_11,m84137_260214_004236_s1/170464397/ccs,1,4,2,16,208,CAA_interrupted,False,True,False,60
Control_11,m84137_260214_004236_s1/149558802/ccs,1,4,2,16,208,CAA_interrupted,False,True,False,60
Control_11,m84137_260214_004236_s1/223941086/ccs,1,4,2,15,208,CAA_interrupted,False,True,False,60
Control_11,m84137_260214_004236_s1/107090830/ccs,1,4,2,15,208,CAA_interrupted,False,True,False,60
Control_11,m84137_260214_004236_s1/256709001/ccs,1,4,2,16,208,CAA_interrupted,False,True,False,60
Control_11,m84137_260214_004236_s1/216863266/ccs,1,4,2,15,208,CAA_interrupted,False,True,False,60
Control_11,m84137_260214_004236_s1/245039430/ccs,1,4,2,15,208,CAA_interrupted,False,True,False,60
Control_11,m84137_260214_004236_s1/262406819/ccs,1,4,2,16,208,CAA_interrupted,False,True,False,60
Control_11,m84137_260214_004236_s1/248644396/ccs,1,4,2,15,208,CAA_interrupted,False,True,False,60
Control_11,m84137_260214_004236_s1/205132650/ccs,1,4,2,15,208,CAA_interrupted,False,True,False,60
Control_11,m84137_260214_004236_s1/170137239/ccs,1,4,2,16,208,CAA_interrupted,False,True,False,60
Control_11,m84137_260214_004236_s1/23593515/ccs,1,4,2,15,208,CAA_interrupted,False,True,False,60
Control_11,m84137_260214_004236_s1/10290595/ccs,1,4,2,16,208,CAA_interrupted,False,True,False,60
Control_11,m84137_260214_004236_s1/16384388/ccs,1,4,2,16,208,CAA_interrupted,False,True,False,60
Control_11,m84137_260214_004236_s1/112263212/ccs,1,4,2,15,208,CAA_interrupted,False,True,False,60
Control_11,m84137_260214_004236_s1/114297467/ccs,1,4,2,15,208,CAA_interrupted,False,True,False,60
Control_11,m84137_260214_004236_s1/48891235/ccs,1,4,2,15,208,CAA_interrupted,False,True,False,60
Control_11,m84137_260214_004236_s1/88408750/ccs,1,7,2,15,208,CAA_interrupted,False,True,False,60
Control_11,m84137_260214_004236_s1/35524622/ccs,1,4,2,15,208,CAA_interrupted,False,True,False,60
Control_11,m84137_260214_004236_s1/174851337/ccs,1,4,2,15,208,CAA_interrupted,False,True,False,60
Control_11,m84137_260214_004236_s1/194578176/ccs,1,4,2,16,208,CAA_interrupted,False,True,False,60
Control_11,m84137_260214_004236_s1/201786115/ccs,1,4,2,16,208,CAA_interrupted,False,True,False,60
Control_11,m84137_260214_004236_s1/220136445/ccs,1,4,2,15,208,CAA_interrupted,False,True,False,60
Control_11,m84137_260214_004236_s1/183896516/ccs,1,4,2,15,208,CAA_interrupted,False,True,False,60
Control_11,m84137_260214_004236_s1/3343380/ccs,1,4,2,16,208,CAA_interrupted,False,True,False,60
Control_11,m84137_260214_004236_s1/17173836/ccs,1,4,2,16,208,CAA_interrupted,False,True,False,60
Control_11,m84137_260214_004236_s1/208213908/ccs,1,4,2,16,208,CAA_interrupted,False,True,False,60
Control_11,m84137_260214_004236_s1/99816089/ccs,1,4,2,15,208,CAA_interrupted,False,True,False,60
Control_11,m84137_260214_004236_s1/152570838/ccs,1,4,2,15,208,CAA_interrupted,False,True,False,60
Control_11,m84137_260214_004236_s1/248187799/ccs,1,4,2,15,208,CAA_interrupted,False,True,False,60
Control_11,m84137_260214_004236_s1/23402227/ccs,1,4,2,15,208,CAA_interrupted,False,True,False,60
Control_11,m84137_260214_004236_s1/8328224/ccs,1,4,2,15,208,CAA_interrupted,False,True,False,60
Control_11,m84137_260214_004236_s1/36573534/ccs,1,4,2,16,208,CAA_interrupted,False,True,False,60
Control_11,m84137_260214_004236_s1/42669582/ccs,1,4,2,15,208,CAA_interrupted,False,True,False,60
Control_11,m84137_260214_004236_s1/61214230/ccs,1,4,2,15,208,CAA_interrupted,False,True,False,60
Control_11,m84137_260214_004236_s1/102958721/ccs,1,4,2,15,208,CAA_interrupted,False,True,False,60
Control_11,m84137_260214_004236_s1/152110896/ccs,1,4,2,16,208,CAA_interrupted,False,True,False,60
Control_11,m84137_260214_004236_s1/131666192/ccs,1,4,2,15,208,CAA_interrupted,False,True,False,60
Control_11,m84137_260214_004236_s1/185145110/ccs,1,4,2,15,208,CAA_interrupted,False,True,False,60
Control_11,m84137_260214_004236_s1/48894230/ccs,1,4,2,15,208,CAA_interrupted,False,True,False,60
Control_11,m84137_260214_004236_s1/24905873/ccs,1,4,2,15,208,CAA_interrupted,False,True,False,60
Control_11,m84137_260214_004236_s1/246680306/ccs,1,4,2,16,208,CAA_interrupted,False,True,False,60
Control_11,m84137_260214_004236_s1/19010460/ccs,1,4,2,16,208,CAA_interrupted,False,True,False,60
Control_11,m84137_260214_004236_s1/266404686/ccs,1,4,2,16,208,CAA_interrupted,False,True,False,60
Control_11,m84137_260214_004236_s1/9506555/ccs,1,4,2,15,208,CAA_interrupted,False,True,False,60
Control_11,m84137_260214_004236_s1/172493852/ccs,1,4,2,15,208,CAA_interrupted,False,True,False,60
Control_11,m84137_260214_004236_s1/195104535/ccs,1,4,2,15,208,CAA_interrupted,False,True,False,60
Control_11,m84137_260214_004236_s1/200343947/ccs,1,4,2,16,208,CAA_interrupted,False,True,False,60
Control_11,m84137_260214_004236_s1/203293713/ccs,1,4,2,15,208,CAA_interrupted,False,True,False,60
Control_11,m84137_260214_004236_s1/168363534/ccs,1,4,2,16,208,CAA_interrupted,False,True,False,60
Control_11,m84137_260214_004236_s1/188549052/ccs,1,4,2,15,208,CAA_interrupted,False,True,False,60
Control_11,m84137_260214_004236_s1/172688225/ccs,1,4,2,15,208,CAA_interrupted,False,True,False,60
Control_11,m84137_260214_004236_s1/256772997/ccs,1,4,2,15,208,CAA_interrupted,False,True,False,60
Control_11,m84137_260214_004236_s1/49941641/ccs,1,4,2,16,208,CAA_interrupted,False,True,False,60
Control_11,m84137_260214_004236_s1/83564203/ccs,1,4,2,15,208,CAA_interrupted,False,True,False,60
Control_11,m84137_260214_004236_s1/215160338/ccs,1,4,2,16,208,CAA_interrupted,False,True,False,60
Control_11,m84137_260214_004236_s1/29098736/ccs,1,4,2,15,208,CAA_interrupted,False,True,False,60
Control_11,m84137_260214_004236_s1/152308382/ccs,1,4,2,16,208,CAA_interrupted,False,True,False,60
Control_11,m84137_260214_004236_s1/228983308/ccs,1,4,2,15,208,CAA_interrupted,False,True,False,60
Control_11,m84137_260214_004236_s1/231084257/ccs,0,2,2,15,208,CAA_interrupted,False,True,False,60
Control_11,m84137_260214_004236_s1/132059632/ccs,1,4,2,15,208,CAA_interrupted,False,True,False,60
Control_11,m84137_260214_004236_s1/215679590/ccs,1,4,2,15,208,CAA_interrupted,False,True,False,60
Control_11,m84137_260214_004236_s1/14813497/ccs,1,8,2,16,208,CAA_interrupted,False,True,False,60
Control_11,m84137_260214_004236_s1/208273552/ccs,1,25,2,16,209,CAA_interrupted,False,True,False,60
Control_11,m84137_260214_004236_s1/17434736/ccs,1,3,2,15,209,CAA_interrupted,False,True,False,60
Control_11,m84137_260214_004236_s1/147130755/ccs,1,4,2,15,209,CAA_interrupted,False,True,False,60
Control_11,m84137_260214_004236_s1/163250892/ccs,1,8,2,15,210,CAA_interrupted,False,True,False,60
Control_11,m84137_260214_004236_s1/211292396/ccs,1,4,2,16,210,CAA_interrupted,False,True,False,60
Control_11,m84137_260214_004236_s1/107810344/ccs,0,2,2,17,210,CAA_interrupted,False,True,False,60
Control_11,m84137_260214_004236_s1/66519687/ccs,1,4,2,17,211,CAA_interrupted,False,True,False,60
Control_11,m84137_260214_004236_s1/209261202/ccs,1,4,2,15,211,CAA_interrupted,False,True,False,60
Control_11,m84137_260214_004236_s1/84738711/ccs,1,4,2,16,213,CAA_interrupted,False,True,False,60
Control_11,m84137_260214_004236_s1/21695935/ccs,1,5,2,17,216,CAA_interrupted,False,True,False,60
Control_11,m84137_260214_004236_s1/209717582/ccs,0,96,1,14,195,CAA_interrupted,False,True,False,60
Control_11,m84137_260214_004236_s1/47515467/ccs,0,116,3,15,200,CAA_interrupted,False,True,False,60
Control_11,m84137_260214_004236_s1/48825940/ccs,1,77,2,15,214,CAA_interrupted,False,True,False,60
Control_11,m84137_260214_004236_s1/258605891/ccs,1,161,3,12,207,CAA_interrupted,False,True,False,60
Control_11,m84137_260214_004236_s1/76349914/ccs,1,82,1,12,207,CAA_interrupted,False,True,False,60
Control_11,m84137_260214_004236_s1/158600986/ccs,0,73,2,16,195,CAA_interrupted,False,True,False,60
Control_11,m84137_260214_004236_s1/71894206/ccs,0,77,3,12,199,CAA_interrupted,False,True,False,60
Control_11,m84137_260214_004236_s1/127142078/ccs,0,96,4,12,200,CAA_interrupted,False,True,False,60
Control_11,m84137_260214_004236_s1/245433152/ccs,0,81,2,14,202,CAA_interrupted,False,True,False,60
Control_11,m84137_260214_004236_s1/3084395/ccs,0,148,2,12,201,CAA_interrupted,False,True,False,60
Control_11,m84137_260214_004236_s1/244124983/ccs,1,102,2,15,205,CAA_interrupted,False,True,False,60
Control_11,m84137_260214_004236_s1/238158922/ccs,0,181,3,12,200,CAA_interrupted,False,True,False,60
Control_11,m84137_260214_004236_s1/157091837/ccs,0,96,2,14,197,CAA_interrupted,False,True,False,60
Control_11,m84137_260214_004236_s1/229903590/ccs,1,79,2,13,203,CAA_interrupted,False,True,False,60
Control_11,m84137_260214_004236_s1/65799310/ccs,1,91,2,16,205,CAA_interrupted,False,True,False,60
Control_11,m84137_260214_004236_s1/194711918/ccs,0,94,2,14,198,CAA_interrupted,False,True,False,60
Control_11,m84137_260214_004236_s1/47319852/ccs,0,5,2,15,199,CAA_interrupted,False,True,False,60
Control_11,m84137_260214_004236_s1/113052421/ccs,0,15,2,15,199,CAA_interrupted,False,True,False,60
Control_11,m84137_260214_004236_s1/95289979/ccs,0,13,2,14,193,CAA_interrupted,False,True,False,60
Control_11,m84137_260214_004236_s1/13238552/ccs,0,30,2,13,194,CAA_interrupted,False,True,False,60
Control_11,m84137_260214_004236_s1/5571165/ccs,0,2,2,15,194,CAA_interrupted,False,True,False,60
Control_11,m84137_260214_004236_s1/13238879/ccs,0,2,2,15,196,CAA_interrupted,False,True,False,60
Control_11,m84137_260214_004236_s1/14290944/ccs,0,2,2,14,196,CAA_interrupted,False,True,False,60
Control_11,m84137_260214_004236_s1/257426894/ccs,0,2,2,14,196,CAA_interrupted,False,True,False,60
Control_11,m84137_260214_004236_s1/4985016/ccs,0,2,2,15,196,CAA_interrupted,False,True,False,60
Control_11,m84137_260214_004236_s1/223352527/ccs,0,3,2,14,196,CAA_interrupted,False,True,False,60
Control_11,m84137_260214_004236_s1/251858850/ccs,0,8,2,15,196,CAA_interrupted,False,True,False,60
Control_11,m84137_260214_004236_s1/261164567/ccs,0,2,2,14,196,CAA_interrupted,False,True,False,60
Control_11,m84137_260214_004236_s1/173542648/ccs,0,2,2,15,196,CAA_interrupted,False,True,False,60
Control_11,m84137_260214_004236_s1/3411194/ccs,0,2,2,14,196,CAA_interrupted,False,True,False,60
Control_11,m84137_260214_004236_s1/19924096/ccs,0,2,2,15,196,CAA_interrupted,False,True,False,60
Control_11,m84137_260214_004236_s1/17173180/ccs,0,2,2,14,196,CAA_interrupted,False,True,False,60
Control_11,m84137_260214_004236_s1/5374965/ccs,0,2,2,14,196,CAA_interrupted,False,True,False,60
Control_11,m84137_260214_004236_s1/91687763/ccs,0,2,2,14,196,CAA_interrupted,False,True,False,60
Control_11,m84137_260214_004236_s1/87558789/ccs,0,2,2,15,196,CAA_interrupted,False,True,False,60
Control_11,m84137_260214_004236_s1/197266068/ccs,0,2,2,15,196,CAA_interrupted,False,True,False,60
Control_11,m84137_260214_004236_s1/200934378/ccs,0,2,2,15,196,CAA_interrupted,False,True,False,60
Control_11,m84137_260214_004236_s1/64295414/ccs,0,2,2,15,196,CAA_interrupted,False,True,False,60
Control_11,m84137_260214_004236_s1/155719049/ccs,0,2,2,14,196,CAA_interrupted,False,True,False,60
Control_11,m84137_260214_004236_s1/129172772/ccs,0,2,2,15,196,CAA_interrupted,False,True,False,60
Control_11,m84137_260214_004236_s1/172231151/ccs,0,2,2,15,196,CAA_interrupted,False,True,False,60
Control_11,m84137_260214_004236_s1/264178370/ccs,0,2,2,14,196,CAA_interrupted,False,True,False,60
Control_11,m84137_260214_004236_s1/156239682/ccs,0,2,2,14,196,CAA_interrupted,False,True,False,60
Control_11,m84137_260214_004236_s1/205455423/ccs,0,2,2,15,196,CAA_interrupted,False,True,False,60
Control_11,m84137_260214_004236_s1/236062517/ccs,0,2,2,15,196,CAA_interrupted,False,True,False,60
Control_11,m84137_260214_004236_s1/17109891/ccs,0,2,2,14,196,CAA_interrupted,False,True,False,60
Control_11,m84137_260214_004236_s1/35263025/ccs,0,2,2,15,196,CAA_interrupted,False,True,False,60
Control_11,m84137_260214_004236_s1/152639357/ccs,0,2,2,15,196,CAA_interrupted,False,True,False,60
Control_11,m84137_260214_004236_s1/170331420/ccs,0,2,2,14,196,CAA_interrupted,False,True,False,60
Control_11,m84137_260214_004236_s1/259198920/ccs,0,2,2,15,196,CAA_interrupted,False,True,False,60
Control_11,m84137_260214_004236_s1/138020045/ccs,0,2,2,14,196,CAA_interrupted,False,True,False,60
Control_11,m84137_260214_004236_s1/231670480/ccs,0,2,2,15,196,CAA_interrupted,False,True,False,60
Control_11,m84137_260214_004236_s1/23007614/ccs,0,1,2,15,196,fragmented_noisy,False,False,True,60
Control_11,m84137_260214_004236_s1/211555950/ccs,0,2,2,14,196,CAA_interrupted,False,True,False,60
Control_11,m84137_260214_004236_s1/241111984/ccs,0,2,2,15,196,CAA_interrupted,False,True,False,60
Control_11,m84137_260214_004236_s1/165481926/ccs,0,4,2,15,196,CAA_interrupted,False,True,False,60
Control_11,m84137_260214_004236_s1/84477579/ccs,0,9,2,15,196,CAA_interrupted,False,True,False,60
Control_11,m84137_260214_004236_s1/251987919/ccs,0,11,2,13,197,CAA_interrupted,False,True,False,60
Control_11,m84137_260214_004236_s1/103682488/ccs,0,2,2,15,197,CAA_interrupted,False,True,False,60
Control_11,m84137_260214_004236_s1/260116830/ccs,0,2,2,14,197,CAA_interrupted,False,True,False,60
Control_11,m84137_260214_004236_s1/51249371/ccs,0,2,2,13,197,CAA_interrupted,False,True,False,60
Control_11,m84137_260214_004236_s1/89328548/ccs,0,2,2,15,197,CAA_interrupted,False,True,False,60
Control_11,m84137_260214_004236_s1/4527844/ccs,0,2,2,14,197,CAA_interrupted,False,True,False,60
Control_11,m84137_260214_004236_s1/8654575/ccs,0,6,2,15,197,CAA_interrupted,False,True,False,60
Control_11,m84137_260214_004236_s1/64427790/ccs,0,3,2,14,198,CAA_interrupted,False,True,False,60
Control_11,m84137_260214_004236_s1/249300024/ccs,0,2,2,15,198,CAA_interrupted,False,True,False,60
Control_11,m84137_260214_004236_s1/186256787/ccs,0,3,2,14,198,CAA_interrupted,False,True,False,60
Control_11,m84137_260214_004236_s1/42795477/ccs,0,2,1,15,198,CAA_interrupted,False,True,False,60
Control_11,m84137_260214_004236_s1/80085927/ccs,0,2,2,14,198,CAA_interrupted,False,True,False,60
Control_11,m84137_260214_004236_s1/62982914/ccs,0,2,2,15,198,CAA_interrupted,False,True,False,60
Control_11,m84137_260214_004236_s1/224925057/ccs,0,7,1,15,198,CAA_interrupted,False,True,False,60
Control_11,m84137_260214_004236_s1/92079740/ccs,0,5,2,15,198,CAA_interrupted,False,True,False,60
Control_11,m84137_260214_004236_s1/26411515/ccs,0,2,2,14,198,CAA_interrupted,False,True,False,60
Control_11,m84137_260214_004236_s1/4458910/ccs,0,2,2,15,198,CAA_interrupted,False,True,False,60
Control_11,m84137_260214_004236_s1/102106349/ccs,0,2,2,15,198,CAA_interrupted,False,True,False,60
Control_11,m84137_260214_004236_s1/69075854/ccs,0,4,2,15,198,CAA_interrupted,False,True,False,60
Control_11,m84137_260214_004236_s1/263066150/ccs,0,22,2,15,199,CAA_interrupted,False,True,False,60
Control_11,m84137_260214_004236_s1/91030056/ccs,0,2,2,15,199,CAA_interrupted,False,True,False,60
Control_11,m84137_260214_004236_s1/76156948/ccs,0,6,2,15,199,CAA_interrupted,False,True,False,60
Control_11,m84137_260214_004236_s1/131403859/ccs,0,15,2,15,199,CAA_interrupted,False,True,False,60
Control_11,m84137_260214_004236_s1/152441691/ccs,0,3,2,15,199,CAA_interrupted,False,True,False,60
Control_11,m84137_260214_004236_s1/2821762/ccs,1,20,2,15,199,CAA_interrupted,False,True,False,60
Control_11,m84137_260214_004236_s1/4198184/ccs,0,9,2,15,199,CAA_interrupted,False,True,False,60
Control_11,m84137_260214_004236_s1/192152603/ccs,0,9,2,15,199,CAA_interrupted,False,True,False,60
Control_11,m84137_260214_004236_s1/120393624/ccs,0,4,2,15,199,CAA_interrupted,False,True,False,60
Control_11,m84137_260214_004236_s1/36438185/ccs,0,2,2,15,199,CAA_interrupted,False,True,False,60
Control_11,m84137_260214_004236_s1/83364772/ccs,0,2,2,15,199,CAA_interrupted,False,True,False,60
Control_11,m84137_260214_004236_s1/109707746/ccs,0,2,2,15,199,CAA_interrupted,False,True,False,60
Control_11,m84137_260214_004236_s1/142017638/ccs,0,2,2,15,199,CAA_interrupted,False,True,False,60
Control_11,m84137_260214_004236_s1/230951323/ccs,0,2,2,15,199,CAA_interrupted,False,True,False,60
Control_11,m84137_260214_004236_s1/201854725/ccs,0,2,2,15,199,CAA_interrupted,False,True,False,60
Control_11,m84137_260214_004236_s1/65536956/ccs,0,2,2,15,199,CAA_interrupted,False,True,False,60
Control_11,m84137_260214_004236_s1/40436477/ccs,0,2,2,15,199,CAA_interrupted,False,True,False,60
Control_11,m84137_260214_004236_s1/58199025/ccs,0,2,2,15,199,CAA_interrupted,False,True,False,60
Control_11,m84137_260214_004236_s1/62129616/ccs,0,2,2,15,199,CAA_interrupted,False,True,False,60
Control_11,m84137_260214_004236_s1/58854377/ccs,0,1,2,15,199,fragmented_noisy,False,False,True,60
Control_11,m84137_260214_004236_s1/37225453/ccs,0,2,2,15,199,CAA_interrupted,False,True,False,60
Control_11,m84137_260214_004236_s1/46466947/ccs,0,2,2,15,199,CAA_interrupted,False,True,False,60
Control_11,m84137_260214_004236_s1/53478743/ccs,0,2,2,15,199,CAA_interrupted,False,True,False,60
Control_11,m84137_260214_004236_s1/42468225/ccs,0,2,2,15,199,CAA_interrupted,False,True,False,60
Control_11,m84137_260214_004236_s1/42732497/ccs,0,2,2,15,199,CAA_interrupted,False,True,False,60
Control_11,m84137_260214_004236_s1/42797405/ccs,0,2,2,15,199,CAA_interrupted,False,True,False,60
Control_11,m84137_260214_004236_s1/63571091/ccs,0,2,2,15,199,CAA_interrupted,False,True,False,60
Control_11,m84137_260214_004236_s1/38863955/ccs,0,2,2,15,199,CAA_interrupted,False,True,False,60
Control_11,m84137_260214_004236_s1/47318428/ccs,0,2,2,15,199,CAA_interrupted,False,True,False,60
Control_11,m84137_260214_004236_s1/38863665/ccs,0,2,2,15,199,CAA_interrupted,False,True,False,60
Control_11,m84137_260214_004236_s1/23333217/ccs,0,2,2,15,199,CAA_interrupted,False,True,False,60
Control_11,m84137_260214_004236_s1/7145109/ccs,0,2,2,15,199,CAA_interrupted,False,True,False,60
Control_11,m84137_260214_004236_s1/18678273/ccs,0,2,2,15,199,CAA_interrupted,False,True,False,60
Control_11,m84137_260214_004236_s1/23987109/ccs,0,8,2,15,199,CAA_interrupted,False,True,False,60
Control_11,m84137_260214_004236_s1/8520272/ccs,0,2,2,15,199,CAA_interrupted,False,True,False,60
Control_11,m84137_260214_004236_s1/25822097/ccs,0,2,2,15,199,CAA_interrupted,False,True,False,60
Control_11,m84137_260214_004236_s1/4850606/ccs,0,2,2,15,199,CAA_interrupted,False,True,False,60
Control_11,m84137_260214_004236_s1/30868364/ccs,0,2,2,15,199,CAA_interrupted,False,True,False,60
Control_11,m84137_260214_004236_s1/26609161/ccs,0,2,2,15,199,CAA_interrupted,False,True,False,60
Control_11,m84137_260214_004236_s1/9240840/ccs,0,2,2,15,199,CAA_interrupted,False,True,False,60
Control_11,m84137_260214_004236_s1/9308345/ccs,0,2,2,15,199,CAA_interrupted,False,True,False,60
Control_11,m84137_260214_004236_s1/26871123/ccs,0,2,2,15,199,CAA_interrupted,False,True,False,60
Control_11,m84137_260214_004236_s1/9831217/ccs,0,2,2,15,199,CAA_interrupted,False,True,False,60
Control_11,m84137_260214_004236_s1/27066484/ccs,0,2,2,15,199,CAA_interrupted,False,True,False,60
Control_11,m84137_260214_004236_s1/40964819/ccs,0,2,2,15,199,CAA_interrupted,False,True,False,60
Control_11,m84137_260214_004236_s1/62984954/ccs,0,2,2,15,199,CAA_interrupted,False,True,False,60
Control_11,m84137_260214_004236_s1/42470416/ccs,0,2,2,15,199,CAA_interrupted,False,True,False,60
Control_11,m84137_260214_004236_s1/59119518/ccs,0,2,2,15,199,CAA_interrupted,False,True,False,60
Control_11,m84137_260214_004236_s1/44897188/ccs,0,2,2,15,199,CAA_interrupted,False,True,False,60
Control_11,m84137_260214_004236_s1/44242176/ccs,0,2,2,15,199,CAA_interrupted,False,True,False,60
Control_11,m84137_260214_004236_s1/85071035/ccs,0,2,2,15,199,CAA_interrupted,False,True,False,60
Control_11,m84137_260214_004236_s1/44634497/ccs,1,4,2,13,199,CAA_interrupted,False,True,False,60
Control_11,m84137_260214_004236_s1/70061196/ccs,0,2,2,15,199,CAA_interrupted,False,True,False,60
Control_11,m84137_260214_004236_s1/45223971/ccs,0,2,2,15,199,CAA_interrupted,False,True,False,60
Control_11,m84137_260214_004236_s1/85791194/ccs,0,2,2,15,199,CAA_interrupted,False,True,False,60
Control_11,m84137_260214_004236_s1/85858124/ccs,0,2,2,15,199,CAA_interrupted,False,True,False,60
Control_11,m84137_260214_004236_s1/100205686/ccs,0,2,2,15,199,CAA_interrupted,False,True,False,60
Control_11,m84137_260214_004236_s1/102959350/ccs,0,2,2,15,199,CAA_interrupted,False,True,False,60
Control_11,m84137_260214_004236_s1/119669911/ccs,0,2,2,15,199,CAA_interrupted,False,True,False,60
Control_11,m84137_260214_004236_s1/128779955/ccs,0,2,2,15,199,CAA_interrupted,False,True,False,60
Control_11,m84137_260214_004236_s1/128779639/ccs,0,2,2,15,199,CAA_interrupted,False,True,False,60
Control_11,m84137_260214_004236_s1/120325810/ccs,0,2,2,15,199,CAA_interrupted,False,True,False,60
Control_11,m84137_260214_004236_s1/103874649/ccs,0,2,2,15,199,CAA_interrupted,False,True,False,60
Control_11,m84137_260214_004236_s1/125305385/ccs,0,2,2,15,199,CAA_interrupted,False,True,False,60
Control_11,m84137_260214_004236_s1/120390601/ccs,0,2,2,15,199,CAA_interrupted,False,True,False,60
Control_11,m84137_260214_004236_s1/108987982/ccs,0,2,2,15,199,CAA_interrupted,False,True,False,60
Control_11,m84137_260214_004236_s1/108855571/ccs,0,2,2,15,199,CAA_interrupted,False,True,False,60
Control_11,m84137_260214_004236_s1/125567643/ccs,0,2,2,15,199,CAA_interrupted,False,True,False,60
Control_11,m84137_260214_004236_s1/112855939/ccs,0,2,2,15,199,CAA_interrupted,False,True,False,60
Control_11,m84137_260214_004236_s1/105382457/ccs,0,2,2,15,199,CAA_interrupted,False,True,False,60
Control_11,m84137_260214_004236_s1/105514653/ccs,0,2,2,15,199,CAA_interrupted,False,True,False,60
Control_11,m84137_260214_004236_s1/93195048/ccs,0,2,2,15,199,CAA_interrupted,False,True,False,60
Control_11,m84137_260214_004236_s1/71894004/ccs,0,2,2,15,199,CAA_interrupted,False,True,False,60
Control_11,m84137_260214_004236_s1/96668586/ccs,0,2,2,15,199,CAA_interrupted,False,True,False,60
Control_11,m84137_260214_004236_s1/80413616/ccs,0,2,2,15,199,CAA_interrupted,False,True,False,60
Control_11,m84137_260214_004236_s1/94045628/ccs,0,2,2,15,199,CAA_interrupted,False,True,False,60
Control_11,m84137_260214_004236_s1/76809419/ccs,0,2,2,15,199,CAA_interrupted,False,True,False,60
Control_11,m84137_260214_004236_s1/94765500/ccs,0,2,2,15,199,CAA_interrupted,False,True,False,60
Control_11,m84137_260214_004236_s1/94636496/ccs,0,2,2,15,199,CAA_interrupted,False,True,False,60
Control_11,m84137_260214_004236_s1/98763708/ccs,0,2,2,15,199,CAA_interrupted,False,True,False,60
Control_11,m84137_260214_004236_s1/77662094/ccs,0,2,2,15,199,CAA_interrupted,False,True,False,60
Control_11,m84137_260214_004236_s1/81789169/ccs,0,2,2,15,199,CAA_interrupted,False,True,False,60
Control_11,m84137_260214_004236_s1/117638224/ccs,0,2,2,15,199,CAA_interrupted,False,True,False,60
Control_11,m84137_260214_004236_s1/117836548/ccs,0,2,2,15,199,CAA_interrupted,False,True,False,60
Control_11,m84137_260214_004236_s1/82248957/ccs,0,2,2,15,199,CAA_interrupted,False,True,False,60
Control_11,m84137_260214_004236_s1/118555482/ccs,0,2,2,15,199,CAA_interrupted,False,True,False,60
Control_11,m84137_260214_004236_s1/14747821/ccs,0,2,2,15,199,CAA_interrupted,False,True,False,60
Control_11,m84137_260214_004236_s1/14615910/ccs,0,2,2,15,199,CAA_interrupted,False,True,False,60
Control_11,m84137_260214_004236_s1/10095016/ccs,0,2,2,15,199,CAA_interrupted,False,True,False,60
Control_11,m84137_260214_004236_s1/10160943/ccs,0,2,2,15,199,CAA_interrupted,False,True,False,60
Control_11,m84137_260214_004236_s1/31591384/ccs,0,2,2,15,199,CAA_interrupted,False,True,False,60
Control_11,m84137_260214_004236_s1/10289929/ccs,0,2,2,15,199,CAA_interrupted,False,True,False,60
Control_11,m84137_260214_004236_s1/34407422/ccs,0,2,2,15,199,CAA_interrupted,False,True,False,60
Control_11,m84137_260214_004236_s1/11012283/ccs,0,2,2,15,199,CAA_interrupted,False,True,False,60
Control_11,m84137_260214_004236_s1/10815938/ccs,0,2,2,15,199,CAA_interrupted,False,True,False,60
Control_11,m84137_260214_004236_s1/39127169/ccs,0,2,2,15,199,CAA_interrupted,False,True,False,60
Control_11,m84137_260214_004236_s1/16057635/ccs,0,2,2,15,199,CAA_interrupted,False,True,False,60
Control_11,m84137_260214_004236_s1/16649103/ccs,0,2,2,15,199,CAA_interrupted,False,True,False,60
Control_11,m84137_260214_004236_s1/57542043/ccs,0,2,2,15,199,CAA_interrupted,False,True,False,60
Control_11,m84137_260214_004236_s1/51382876/ccs,0,4,2,15,199,CAA_interrupted,False,True,False,60
Control_11,m84137_260214_004236_s1/57673098/ccs,0,2,2,15,199,CAA_interrupted,False,True,False,60
Control_11,m84137_260214_004236_s1/45091811/ccs,0,2,2,15,199,CAA_interrupted,False,True,False,60
Control_11,m84137_260214_004236_s1/54920145/ccs,0,2,2,15,199,CAA_interrupted,False,True,False,60
Control_11,m84137_260214_004236_s1/44370163/ccs,0,2,2,15,199,CAA_interrupted,False,True,False,60
Control_11,m84137_260214_004236_s1/48302782/ccs,0,2,2,15,199,CAA_interrupted,False,True,False,60
Control_11,m84137_260214_004236_s1/44566355/ccs,0,2,2,15,199,CAA_interrupted,False,True,False,60
Control_11,m84137_260214_004236_s1/64487644/ccs,0,2,2,15,199,CAA_interrupted,False,True,False,60
Control_11,m84137_260214_004236_s1/64685684/ccs,0,2,2,15,199,CAA_interrupted,False,True,False,60
Control_11,m84137_260214_004236_s1/64948264/ccs,0,2,2,15,199,CAA_interrupted,False,True,False,60
Control_11,m84137_260214_004236_s1/90898565/ccs,0,2,2,15,199,CAA_interrupted,False,True,False,60
Control_11,m84137_260214_004236_s1/73597853/ccs,0,2,2,15,199,CAA_interrupted,False,True,False,60
Control_11,m84137_260214_004236_s1/73534412/ccs,0,2,2,14,199,CAA_interrupted,False,True,False,60
Control_11,m84137_260214_004236_s1/84214168/ccs,0,2,2,15,199,CAA_interrupted,False,True,False,60
Control_11,m84137_260214_004236_s1/66585081/ccs,0,2,2,14,199,CAA_interrupted,False,True,False,60
Control_11,m84137_260214_004236_s1/85068514/ccs,0,2,2,15,199,CAA_interrupted,False,True,False,60
Control_11,m84137_260214_004236_s1/78448178/ccs,0,2,2,15,199,CAA_interrupted,False,True,False,60
Control_11,m84137_260214_004236_s1/78252807/ccs,0,2,2,15,199,CAA_interrupted,False,True,False,60
Control_11,m84137_260214_004236_s1/85789318/ccs,0,2,2,15,199,CAA_interrupted,False,True,False,60
Control_11,m84137_260214_004236_s1/161614186/ccs,0,2,2,15,199,CAA_interrupted,False,True,False,60
Control_11,m84137_260214_004236_s1/145294489/ccs,0,2,2,15,199,CAA_interrupted,False,True,False,60
Control_11,m84137_260214_004236_s1/165808365/ccs,0,2,2,15,199,CAA_interrupted,False,True,False,60
Control_11,m84137_260214_004236_s1/145227945/ccs,0,2,2,15,199,CAA_interrupted,False,True,False,60
Control_11,m84137_260214_004236_s1/166266954/ccs,0,2,2,15,199,CAA_interrupted,False,True,False,60
Control_11,m84137_260214_004236_s1/148637772/ccs,0,2,2,15,199,CAA_interrupted,False,True,False,60
Control_11,m84137_260214_004236_s1/169607667/ccs,0,2,2,15,199,CAA_interrupted,False,True,False,60
Control_11,m84137_260214_004236_s1/186254557/ccs,0,2,2,15,199,CAA_interrupted,False,True,False,60
Control_11,m84137_260214_004236_s1/167118387/ccs,0,2,2,15,199,CAA_interrupted,False,True,False,60
Control_11,m84137_260214_004236_s1/191368185/ccs,0,2,2,15,199,CAA_interrupted,False,True,False,60
Control_11,m84137_260214_004236_s1/170918257/ccs,0,2,2,15,199,CAA_interrupted,False,True,False,60
Control_11,m84137_260214_004236_s1/195758689/ccs,0,2,2,15,199,CAA_interrupted,False,True,False,60
Control_11,m84137_260214_004236_s1/110100851/ccs,0,2,2,15,199,CAA_interrupted,False,True,False,60
Control_11,m84137_260214_004236_s1/110166104/ccs,0,2,2,15,199,CAA_interrupted,False,True,False,60
Control_11,m84137_260214_004236_s1/110168626/ccs,0,2,2,15,199,CAA_interrupted,False,True,False,60
Control_11,m84137_260214_004236_s1/131007561/ccs,0,2,2,15,199,CAA_interrupted,False,True,False,60
Control_11,m84137_260214_004236_s1/131402288/ccs,0,2,2,15,199,CAA_interrupted,False,True,False,60
Control_11,m84137_260214_004236_s1/135137029/ccs,0,2,2,15,199,CAA_interrupted,False,True,False,60
Control_11,m84137_260214_004236_s1/152109667/ccs,0,2,2,15,199,CAA_interrupted,False,True,False,60
Control_11,m84137_260214_004236_s1/114691035/ccs,0,2,2,15,199,CAA_interrupted,False,True,False,60
Control_11,m84137_260214_004236_s1/139919495/ccs,0,2,2,15,199,CAA_interrupted,False,True,False,60
Control_11,m84137_260214_004236_s1/156567293/ccs,0,2,2,15,199,CAA_interrupted,False,True,False,60
Control_11,m84137_260214_004236_s1/140446507/ccs,0,2,2,15,199,CAA_interrupted,False,True,False,60
Control_11,m84137_260214_004236_s1/116786020/ccs,0,2,2,15,199,CAA_interrupted,False,True,False,60
Control_11,m84137_260214_004236_s1/158466662/ccs,0,3,2,15,199,CAA_interrupted,False,True,False,60
Control_11,m84137_260214_004236_s1/138019906/ccs,0,2,2,15,199,CAA_interrupted,False,True,False,60
Control_11,m84137_260214_004236_s1/117310349/ccs,0,2,2,15,199,CAA_interrupted,False,True,False,60
Control_11,m84137_260214_004236_s1/137890185/ccs,0,2,2,15,199,CAA_interrupted,False,True,False,60
Control_11,m84137_260214_004236_s1/141624965/ccs,0,2,2,15,199,CAA_interrupted,False,True,False,60
Control_11,m84137_260214_004236_s1/138741926/ccs,0,2,2,15,199,CAA_interrupted,False,True,False,60
Control_11,m84137_260214_004236_s1/159582245/ccs,0,2,2,15,199,CAA_interrupted,False,True,False,60
Control_11,m84137_260214_004236_s1/154994070/ccs,0,2,2,15,199,CAA_interrupted,False,True,False,60
Control_11,m84137_260214_004236_s1/155386922/ccs,0,2,2,15,199,CAA_interrupted,False,True,False,60
Control_11,m84137_260214_004236_s1/155517323/ccs,0,2,2,15,199,CAA_interrupted,False,True,False,60
Control_11,m84137_260214_004236_s1/146342225/ccs,0,2,2,15,199,CAA_interrupted,False,True,False,60
Control_11,m84137_260214_004236_s1/143132511/ccs,0,2,2,15,199,CAA_interrupted,False,True,False,60
Control_11,m84137_260214_004236_s1/164168944/ccs,0,2,2,15,199,CAA_interrupted,False,True,False,60
Control_11,m84137_260214_004236_s1/167774271/ccs,0,2,2,15,199,CAA_interrupted,False,True,False,60
Control_11,m84137_260214_004236_s1/160761758/ccs,0,2,2,15,199,CAA_interrupted,False,True,False,60
Control_11,m84137_260214_004236_s1/164300714/ccs,0,2,2,15,199,CAA_interrupted,False,True,False,60
Control_11,m84137_260214_004236_s1/164890642/ccs,0,2,2,15,199,CAA_interrupted,False,True,False,60
Control_11,m84137_260214_004236_s1/257950372/ccs,0,2,2,15,199,CAA_interrupted,False,True,False,60
Control_11,m84137_260214_004236_s1/257884885/ccs,0,2,2,15,199,CAA_interrupted,False,True,False,60
Control_11,m84137_260214_004236_s1/241697055/ccs,0,2,2,15,199,CAA_interrupted,False,True,False,60
Control_11,m84137_260214_004236_s1/234423507/ccs,0,2,2,15,199,CAA_interrupted,False,True,False,60
Control_11,m84137_260214_004236_s1/216465582/ccs,0,2,2,15,199,CAA_interrupted,False,True,False,60
Control_11,m84137_260214_004236_s1/237765266/ccs,0,2,2,15,199,CAA_interrupted,False,True,False,60
Control_11,m84137_260214_004236_s1/263326568/ccs,0,2,2,15,199,CAA_interrupted,False,True,False,60
Control_11,m84137_260214_004236_s1/256901412/ccs,0,2,2,15,199,CAA_interrupted,False,True,False,60
Control_11,m84137_260214_004236_s1/243466758/ccs,0,2,2,15,199,CAA_interrupted,False,True,False,60
Control_11,m84137_260214_004236_s1/260440884/ccs,0,2,2,15,199,CAA_interrupted,False,True,False,60
Control_11,m84137_260214_004236_s1/246285113/ccs,0,2,2,15,199,CAA_interrupted,False,True,False,60
Control_11,m84137_260214_004236_s1/264374931/ccs,0,2,2,15,199,CAA_interrupted,False,True,False,60
Control_11,m84137_260214_004236_s1/247204443/ccs,0,2,2,15,199,CAA_interrupted,False,True,False,60
Control_11,m84137_260214_004236_s1/187960285/ccs,0,2,2,15,199,CAA_interrupted,False,True,False,60
Control_11,m84137_260214_004236_s1/150536305/ccs,0,2,2,15,199,CAA_interrupted,False,True,False,60
Control_11,m84137_260214_004236_s1/178980886/ccs,0,2,2,15,199,CAA_interrupted,False,True,False,60
Control_11,m84137_260214_004236_s1/189596398/ccs,0,2,2,15,199,CAA_interrupted,False,True,False,60
Control_11,m84137_260214_004236_s1/197199631/ccs,0,2,2,15,199,CAA_interrupted,False,True,False,60
Control_11,m84137_260214_004236_s1/193202057/ccs,0,2,2,15,199,CAA_interrupted,False,True,False,60
Control_11,m84137_260214_004236_s1/176750753/ccs,0,2,2,15,199,CAA_interrupted,False,True,False,60
Control_11,m84137_260214_004236_s1/179635410/ccs,0,2,2,15,199,CAA_interrupted,False,True,False,60
Control_11,m84137_260214_004236_s1/179634338/ccs,0,2,2,15,199,CAA_interrupted,False,True,False,60
Control_11,m84137_260214_004236_s1/176948554/ccs,0,2,2,15,199,CAA_interrupted,False,True,False,60
Control_11,m84137_260214_004236_s1/193267941/ccs,0,2,2,15,199,CAA_interrupted,False,True,False,60
Control_11,m84137_260214_004236_s1/173146359/ccs,0,2,2,15,199,CAA_interrupted,False,True,False,60
Control_11,m84137_260214_004236_s1/194185765/ccs,0,2,2,15,199,CAA_interrupted,False,True,False,60
Control_11,m84137_260214_004236_s1/194512913/ccs,0,2,2,15,199,CAA_interrupted,False,True,False,60
Control_11,m84137_260214_004236_s1/194773624/ccs,0,2,2,15,199,CAA_interrupted,False,True,False,60
Control_11,m84137_260214_004236_s1/178389144/ccs,0,2,2,15,199,CAA_interrupted,False,True,False,60
Control_11,m84137_260214_004236_s1/178193919/ccs,0,2,2,15,199,CAA_interrupted,False,True,False,60
Control_11,m84137_260214_004236_s1/178456581/ccs,0,2,2,15,199,CAA_interrupted,False,True,False,60
Control_11,m84137_260214_004236_s1/219480811/ccs,0,2,2,15,199,CAA_interrupted,False,True,False,60
Control_11,m84137_260214_004236_s1/201720264/ccs,0,2,2,15,199,CAA_interrupted,False,True,False,60
Control_11,m84137_260214_004236_s1/181274064/ccs,0,2,2,15,199,CAA_interrupted,False,True,False,60
Control_11,m84137_260214_004236_s1/220005958/ccs,0,2,2,15,199,CAA_interrupted,False,True,False,60
Control_11,m84137_260214_004236_s1/202180925/ccs,0,2,2,15,199,CAA_interrupted,False,True,False,60
Control_11,m84137_260214_004236_s1/220530398/ccs,1,4,2,15,199,CAA_interrupted,False,True,False,60
Control_11,m84137_260214_004236_s1/207161721/ccs,0,2,2,15,199,CAA_interrupted,False,True,False,60
Control_11,m84137_260214_004236_s1/207750946/ccs,0,2,2,15,199,CAA_interrupted,False,True,False,60
Control_11,m84137_260214_004236_s1/203358459/ccs,0,2,2,15,199,CAA_interrupted,False,True,False,60
Control_11,m84137_260214_004236_s1/183043291/ccs,0,2,2,15,199,CAA_interrupted,False,True,False,60
Control_11,m84137_260214_004236_s1/183634460/ccs,0,2,2,15,199,CAA_interrupted,False,True,False,60
Control_11,m84137_260214_004236_s1/209912863/ccs,0,2,2,15,199,CAA_interrupted,False,True,False,60
Control_11,m84137_260214_004236_s1/230294588/ccs,0,2,2,15,199,CAA_interrupted,False,True,False,60
Control_11,m84137_260214_004236_s1/227019211/ccs,0,2,2,15,199,CAA_interrupted,False,True,False,60
Control_11,m84137_260214_004236_s1/211159814/ccs,0,1,2,15,199,fragmented_noisy,False,False,True,60
Control_11,m84137_260214_004236_s1/211092494/ccs,0,2,2,15,199,CAA_interrupted,False,True,False,60
Control_11,m84137_260214_004236_s1/206177986/ccs,0,1,2,15,199,fragmented_noisy,False,False,True,60
Control_11,m84137_260214_004236_s1/252512430/ccs,0,2,2,15,199,CAA_interrupted,False,True,False,60
Control_11,m84137_260214_004236_s1/252838667/ccs,0,2,2,15,199,CAA_interrupted,False,True,False,60
Control_11,m84137_260214_004236_s1/206766783/ccs,0,2,2,15,199,CAA_interrupted,False,True,False,60
Control_11,m84137_260214_004236_s1/232326592/ccs,0,2,2,15,199,CAA_interrupted,False,True,False,60
Control_11,m84137_260214_004236_s1/214501009/ccs,0,2,2,15,199,CAA_interrupted,False,True,False,60
Control_11,m84137_260214_004236_s1/228723452/ccs,0,2,2,15,199,CAA_interrupted,False,True,False,60
Control_11,m84137_260214_004236_s1/235342806/ccs,0,2,2,15,199,CAA_interrupted,False,True,False,60
Control_11,m84137_260214_004236_s1/240912720/ccs,0,1,2,15,199,fragmented_noisy,False,False,True,60
Control_11,m84137_260214_004236_s1/175970060/ccs,0,2,2,15,199,CAA_interrupted,False,True,False,60
Control_11,m84137_260214_004236_s1/189534785/ccs,0,2,2,15,199,CAA_interrupted,False,True,False,60
Control_11,m84137_260214_004236_s1/192616027/ccs,0,2,2,15,199,CAA_interrupted,False,True,False,60
Control_11,m84137_260214_004236_s1/196416860/ccs,0,2,2,15,199,CAA_interrupted,False,True,False,60
Control_11,m84137_260214_004236_s1/172888669/ccs,0,2,2,15,199,CAA_interrupted,False,True,False,60
Control_11,m84137_260214_004236_s1/194186341/ccs,0,2,2,15,199,CAA_interrupted,False,True,False,60
Control_11,m84137_260214_004236_s1/150540490/ccs,0,2,2,15,199,CAA_interrupted,False,True,False,60
Control_11,m84137_260214_004236_s1/198053451/ccs,0,2,2,15,199,CAA_interrupted,False,True,False,60
Control_11,m84137_260214_004236_s1/198118935/ccs,0,2,2,15,199,CAA_interrupted,False,True,False,60
Control_11,m84137_260214_004236_s1/208081428/ccs,0,2,2,15,199,CAA_interrupted,False,True,False,60
Control_11,m84137_260214_004236_s1/179836706/ccs,0,2,2,15,199,CAA_interrupted,False,True,False,60
Control_11,m84137_260214_004236_s1/224529499/ccs,0,2,2,15,199,CAA_interrupted,False,True,False,60
Control_11,m84137_260214_004236_s1/221517355/ccs,0,2,2,15,199,CAA_interrupted,False,True,False,60
Control_11,m84137_260214_004236_s1/262211285/ccs,0,2,2,15,199,CAA_interrupted,False,True,False,60
Control_11,m84137_260214_004236_s1/18091964/ccs,0,2,2,15,199,CAA_interrupted,False,True,False,60
Control_11,m84137_260214_004236_s1/262604873/ccs,0,2,2,15,199,CAA_interrupted,False,True,False,60
Control_11,m84137_260214_004236_s1/24056474/ccs,0,2,2,15,199,CAA_interrupted,False,True,False,60
Control_11,m84137_260214_004236_s1/4460611/ccs,0,2,2,15,199,CAA_interrupted,False,True,False,60
Control_11,m84137_260214_004236_s1/20780460/ccs,0,2,2,15,199,CAA_interrupted,False,True,False,60
Control_11,m84137_260214_004236_s1/27987417/ccs,0,1,2,15,199,fragmented_noisy,False,False,True,60
Control_11,m84137_260214_004236_s1/7016177/ccs,0,2,2,15,199,CAA_interrupted,False,True,False,60
Control_11,m84137_260214_004236_s1/250544836/ccs,0,2,2,15,199,CAA_interrupted,False,True,False,60
Control_11,m84137_260214_004236_s1/25433082/ccs,0,2,2,15,199,CAA_interrupted,False,True,False,60
Control_11,m84137_260214_004236_s1/70719366/ccs,0,2,2,15,199,CAA_interrupted,False,True,False,60
Control_11,m84137_260214_004236_s1/89787841/ccs,0,2,2,15,199,CAA_interrupted,False,True,False,60
Control_11,m84137_260214_004236_s1/74060927/ccs,0,2,2,15,199,CAA_interrupted,False,True,False,60
Control_11,m84137_260214_004236_s1/90379275/ccs,0,2,2,15,199,CAA_interrupted,False,True,False,60
Control_11,m84137_260214_004236_s1/47058795/ccs,0,2,2,15,199,CAA_interrupted,False,True,False,60
Control_11,m84137_260214_004236_s1/88543172/ccs,0,2,2,15,199,CAA_interrupted,False,True,False,60
Control_11,m84137_260214_004236_s1/89067921/ccs,0,2,2,15,199,CAA_interrupted,False,True,False,60
Control_11,m84137_260214_004236_s1/89198674/ccs,0,2,2,15,199,CAA_interrupted,False,True,False,60
Control_11,m84137_260214_004236_s1/101781674/ccs,0,2,2,15,199,CAA_interrupted,False,True,False,60
Control_11,m84137_260214_004236_s1/102109810/ccs,0,2,2,15,199,CAA_interrupted,False,True,False,60
Control_11,m84137_260214_004236_s1/77599308/ccs,0,2,2,15,199,CAA_interrupted,False,True,False,60
Control_11,m84137_260214_004236_s1/78515488/ccs,0,2,2,15,199,CAA_interrupted,False,True,False,60
Control_11,m84137_260214_004236_s1/119213347/ccs,0,2,2,15,199,CAA_interrupted,False,True,False,60
Control_11,m84137_260214_004236_s1/80614352/ccs,0,2,2,15,199,CAA_interrupted,False,True,False,60
Control_11,m84137_260214_004236_s1/107548210/ccs,0,2,2,15,199,CAA_interrupted,False,True,False,60
Control_11,m84137_260214_004236_s1/124652598/ccs,0,2,2,15,199,CAA_interrupted,False,True,False,60
Control_11,m84137_260214_004236_s1/109055713/ccs,0,2,2,15,199,CAA_interrupted,False,True,False,60
Control_11,m84137_260214_004236_s1/125833732/ccs,0,2,2,15,199,CAA_interrupted,False,True,False,60
Control_11,m84137_260214_004236_s1/110237389/ccs,0,2,2,15,199,CAA_interrupted,False,True,False,60
Control_11,m84137_260214_004236_s1/126947978/ccs,0,2,2,15,199,CAA_interrupted,False,True,False,60
Control_11,m84137_260214_004236_s1/135270046/ccs,0,2,2,15,199,CAA_interrupted,False,True,False,60
Control_11,m84137_260214_004236_s1/111743959/ccs,0,2,2,15,199,CAA_interrupted,False,True,False,60
Control_11,m84137_260214_004236_s1/128456428/ccs,0,2,2,15,199,CAA_interrupted,False,True,False,60
Control_11,m84137_260214_004236_s1/200151312/ccs,0,2,2,15,199,CAA_interrupted,False,True,False,60
Control_11,m84137_260214_004236_s1/210310825/ccs,0,2,2,15,199,CAA_interrupted,False,True,False,60
Control_11,m84137_260214_004236_s1/205263709/ccs,0,2,2,15,199,CAA_interrupted,False,True,False,60
Control_11,m84137_260214_004236_s1/229446454/ccs,0,2,2,15,199,CAA_interrupted,False,True,False,60
Control_11,m84137_260214_004236_s1/206050113/ccs,0,2,2,15,199,CAA_interrupted,False,True,False,60
Control_11,m84137_260214_004236_s1/227021512/ccs,0,2,2,15,199,CAA_interrupted,False,True,False,60
Control_11,m84137_260214_004236_s1/252973619/ccs,0,2,2,15,199,CAA_interrupted,False,True,False,60
Control_11,m84137_260214_004236_s1/253432450/ccs,0,2,2,15,199,CAA_interrupted,False,True,False,60
Control_11,m84137_260214_004236_s1/227742816/ccs,0,2,2,15,199,CAA_interrupted,False,True,False,60
Control_11,m84137_260214_004236_s1/228396705/ccs,0,2,2,15,199,CAA_interrupted,False,True,False,60
Control_11,m84137_260214_004236_s1/231151183/ccs,0,2,2,15,199,CAA_interrupted,False,True,False,60
Control_11,m84137_260214_004236_s1/228723716/ccs,0,2,2,15,199,CAA_interrupted,False,True,False,60
Control_11,m84137_260214_004236_s1/236260980/ccs,0,2,2,15,199,CAA_interrupted,False,True,False,60
Control_11,m84137_260214_004236_s1/254480528/ccs,0,2,2,15,199,CAA_interrupted,False,True,False,60
Control_11,m84137_260214_004236_s1/251070551/ccs,0,2,2,15,199,CAA_interrupted,False,True,False,60
Control_11,m84137_260214_004236_s1/50531595/ccs,0,2,2,15,199,CAA_interrupted,False,True,False,60
Control_11,m84137_260214_004236_s1/26154306/ccs,0,2,2,15,199,CAA_interrupted,False,True,False,60
Control_11,m84137_260214_004236_s1/26611426/ccs,0,2,2,15,199,CAA_interrupted,False,True,False,60
Control_11,m84137_260214_004236_s1/26612481/ccs,0,2,2,15,199,CAA_interrupted,False,True,False,60
Control_11,m84137_260214_004236_s1/34673161/ccs,0,2,2,15,199,CAA_interrupted,False,True,False,60
Control_11,m84137_260214_004236_s1/30282149/ccs,0,2,2,15,199,CAA_interrupted,False,True,False,60
Control_11,m84137_260214_004236_s1/30152602/ccs,0,3,2,15,199,CAA_interrupted,False,True,False,60
Control_11,m84137_260214_004236_s1/35917076/ccs,0,2,2,15,199,CAA_interrupted,False,True,False,60
Control_11,m84137_260214_004236_s1/12718946/ccs,0,3,2,15,199,CAA_interrupted,False,True,False,60
Control_11,m84137_260214_004236_s1/36573811/ccs,0,2,2,15,199,CAA_interrupted,False,True,False,60
Control_11,m84137_260214_004236_s1/52956965/ccs,0,2,2,15,199,CAA_interrupted,False,True,False,60
Control_11,m84137_260214_004236_s1/36900693/ccs,0,2,2,15,199,CAA_interrupted,False,True,False,60
Control_11,m84137_260214_004236_s1/53089249/ccs,0,2,2,15,199,CAA_interrupted,False,True,False,60
Control_11,m84137_260214_004236_s1/37358758/ccs,0,2,2,15,199,CAA_interrupted,False,True,False,60
Control_11,m84137_260214_004236_s1/53874857/ccs,0,2,2,15,199,CAA_interrupted,False,True,False,60
Control_11,m84137_260214_004236_s1/13636641/ccs,0,2,2,15,199,CAA_interrupted,False,True,False,60
Control_11,m84137_260214_004236_s1/40308579/ccs,0,2,2,15,199,CAA_interrupted,False,True,False,60
Control_11,m84137_260214_004236_s1/139529267/ccs,0,2,2,15,199,CAA_interrupted,False,True,False,60
Control_11,m84137_260214_004236_s1/143789342/ccs,0,2,2,15,199,CAA_interrupted,False,True,False,60
Control_11,m84137_260214_004236_s1/116526524/ccs,0,2,2,15,199,CAA_interrupted,False,True,False,60
Control_11,m84137_260214_004236_s1/164039845/ccs,0,2,2,15,199,CAA_interrupted,False,True,False,60
Control_11,m84137_260214_004236_s1/144446721/ccs,0,2,2,15,199,CAA_interrupted,False,True,False,60
Control_11,m84137_260214_004236_s1/145299158/ccs,0,2,2,15,199,CAA_interrupted,False,True,False,60
Control_11,m84137_260214_004236_s1/165088522/ccs,0,2,2,15,199,CAA_interrupted,False,True,False,60
Control_11,m84137_260214_004236_s1/164957769/ccs,0,2,2,15,199,CAA_interrupted,False,True,False,60
Control_11,m84137_260214_004236_s1/169413873/ccs,0,2,2,15,199,CAA_interrupted,False,True,False,60
Control_11,m84137_260214_004236_s1/186847795/ccs,0,2,2,15,199,CAA_interrupted,False,True,False,60
Control_11,m84137_260214_004236_s1/169676319/ccs,0,2,2,15,199,CAA_interrupted,False,True,False,60
Control_11,m84137_260214_004236_s1/187438738/ccs,0,2,2,15,199,CAA_interrupted,False,True,False,60
Control_11,m84137_260214_004236_s1/166204243/ccs,0,2,2,15,199,CAA_interrupted,False,True,False,60
Control_11,m84137_260214_004236_s1/187896654/ccs,0,2,2,15,199,CAA_interrupted,False,True,False,60
Control_11,m84137_260214_004236_s1/170725854/ccs,0,2,2,15,199,CAA_interrupted,False,True,False,60
Control_11,m84137_260214_004236_s1/147854934/ccs,0,3,2,15,199,CAA_interrupted,False,True,False,60
Control_11,m84137_260214_004236_s1/131667574/ccs,0,2,2,15,199,CAA_interrupted,False,True,False,60
Control_11,m84137_260214_004236_s1/112791273/ccs,0,2,2,15,199,CAA_interrupted,False,True,False,60
Control_11,m84137_260214_004236_s1/153751797/ccs,0,2,2,15,199,CAA_interrupted,False,True,False,60
Control_11,m84137_260214_004236_s1/154408813/ccs,0,2,2,15,199,CAA_interrupted,False,True,False,60
Control_11,m84137_260214_004236_s1/141038961/ccs,0,2,2,15,199,CAA_interrupted,False,True,False,60
Control_11,m84137_260214_004236_s1/114298700/ccs,0,2,2,15,199,CAA_interrupted,False,True,False,60
Control_11,m84137_260214_004236_s1/154799674/ccs,0,2,2,15,199,CAA_interrupted,False,True,False,60
Control_11,m84137_260214_004236_s1/155260667/ccs,0,2,2,15,199,CAA_interrupted,False,True,False,60
Control_11,m84137_260214_004236_s1/155654028/ccs,0,2,2,15,199,CAA_interrupted,False,True,False,60
Control_11,m84137_260214_004236_s1/155784362/ccs,0,2,2,15,199,CAA_interrupted,False,True,False,60
Control_11,m84137_260214_004236_s1/142544116/ccs,0,2,2,15,199,CAA_interrupted,False,True,False,60
Control_11,m84137_260214_004236_s1/142546581/ccs,0,2,2,15,199,CAA_interrupted,False,True,False,60
Control_11,m84137_260214_004236_s1/138941793/ccs,0,2,2,15,199,CAA_interrupted,False,True,False,60
Control_11,m84137_260214_004236_s1/46924243/ccs,0,2,2,15,199,CAA_interrupted,False,True,False,60
Control_11,m84137_260214_004236_s1/32834104/ccs,0,2,2,15,199,CAA_interrupted,False,True,False,60
Control_11,m84137_260214_004236_s1/227541662/ccs,0,2,2,15,199,CAA_interrupted,False,True,False,60
Control_11,m84137_260214_004236_s1/206243662/ccs,0,2,2,15,199,CAA_interrupted,False,True,False,60
Control_11,m84137_260214_004236_s1/4198570/ccs,0,2,2,15,199,CAA_interrupted,False,True,False,60
Control_11,m84137_260214_004236_s1/26677652/ccs,0,2,2,15,199,CAA_interrupted,False,True,False,60
Control_11,m84137_260214_004236_s1/209390822/ccs,0,2,2,15,199,CAA_interrupted,False,True,False,60
Control_11,m84137_260214_004236_s1/142413254/ccs,0,2,2,15,199,CAA_interrupted,False,True,False,60
Control_11,m84137_260214_004236_s1/216405552/ccs,0,2,2,15,199,CAA_interrupted,False,True,False,60
Control_11,m84137_260214_004236_s1/219152919/ccs,0,2,2,15,199,CAA_interrupted,False,True,False,60
Control_11,m84137_260214_004236_s1/236917987/ccs,0,2,2,15,199,CAA_interrupted,False,True,False,60
Control_11,m84137_260214_004236_s1/242290129/ccs,0,3,2,15,199,CAA_interrupted,False,True,False,60
Control_11,m84137_260214_004236_s1/243011770/ccs,0,2,2,15,199,CAA_interrupted,False,True,False,60
Control_11,m84137_260214_004236_s1/257822121/ccs,0,2,2,15,199,CAA_interrupted,False,True,False,60
Control_11,m84137_260214_004236_s1/255593518/ccs,0,2,2,15,199,CAA_interrupted,False,True,False,60
Control_11,m84137_260214_004236_s1/238554391/ccs,0,2,2,15,199,CAA_interrupted,False,True,False,60
Control_11,m84137_260214_004236_s1/215357326/ccs,0,2,2,15,199,CAA_interrupted,False,True,False,60
Control_11,m84137_260214_004236_s1/234753312/ccs,0,2,2,15,199,CAA_interrupted,False,True,False,60
Control_11,m84137_260214_004236_s1/216338975/ccs,0,2,2,15,199,CAA_interrupted,False,True,False,60
Control_11,m84137_260214_004236_s1/240195308/ccs,0,2,2,15,199,CAA_interrupted,False,True,False,60
Control_11,m84137_260214_004236_s1/245568704/ccs,0,2,2,15,199,CAA_interrupted,False,True,False,60
Control_11,m84137_260214_004236_s1/216730680/ccs,0,2,2,15,199,CAA_interrupted,False,True,False,60
Control_11,m84137_260214_004236_s1/217059054/ccs,0,2,2,15,199,CAA_interrupted,False,True,False,60
Control_11,m84137_260214_004236_s1/217060086/ccs,0,1,2,15,199,fragmented_noisy,False,False,True,60
Control_11,m84137_260214_004236_s1/217322442/ccs,0,2,2,15,199,CAA_interrupted,False,True,False,60
Control_11,m84137_260214_004236_s1/246615282/ccs,0,3,2,15,199,CAA_interrupted,False,True,False,60
Control_11,m84137_260214_004236_s1/266145257/ccs,0,2,2,15,199,CAA_interrupted,False,True,False,60
Control_11,m84137_260214_004236_s1/250155995/ccs,0,2,2,15,199,CAA_interrupted,False,True,False,60
Control_11,m84137_260214_004236_s1/14223859/ccs,0,2,2,15,199,CAA_interrupted,False,True,False,60
Control_11,m84137_260214_004236_s1/41092703/ccs,0,2,2,15,199,CAA_interrupted,False,True,False,60
Control_11,m84137_260214_004236_s1/217123059/ccs,0,2,2,15,199,CAA_interrupted,False,True,False,60
Control_11,m84137_260214_004236_s1/160240683/ccs,0,2,2,15,199,CAA_interrupted,False,True,False,60
Control_11,m84137_260214_004236_s1/175378315/ccs,0,2,2,15,199,CAA_interrupted,False,True,False,60
Control_11,m84137_260214_004236_s1/196612013/ccs,0,2,2,15,199,CAA_interrupted,False,True,False,60
Control_11,m84137_260214_004236_s1/22545403/ccs,0,2,2,15,199,CAA_interrupted,False,True,False,60
Control_11,m84137_260214_004236_s1/5636547/ccs,0,2,2,15,199,CAA_interrupted,False,True,False,60
Control_11,m84137_260214_004236_s1/28444151/ccs,0,2,2,15,199,CAA_interrupted,False,True,False,60
Control_11,m84137_260214_004236_s1/24446178/ccs,0,2,2,15,199,CAA_interrupted,False,True,False,60
Control_11,m84137_260214_004236_s1/63504426/ccs,0,2,2,15,199,CAA_interrupted,False,True,False,60
Control_11,m84137_260214_004236_s1/122159760/ccs,0,2,2,15,199,CAA_interrupted,False,True,False,60
Control_11,m84137_260214_004236_s1/175048313/ccs,0,2,2,15,199,CAA_interrupted,False,True,False,60
Control_11,m84137_260214_004236_s1/208535660/ccs,0,2,2,15,199,CAA_interrupted,False,True,False,60
Control_11,m84137_260214_004236_s1/211814275/ccs,0,2,2,15,199,CAA_interrupted,False,True,False,60
Control_11,m84137_260214_004236_s1/236587612/ccs,0,2,2,15,199,CAA_interrupted,False,True,False,60
Control_11,m84137_260214_004236_s1/258344705/ccs,0,2,2,15,199,CAA_interrupted,False,True,False,60
Control_11,m84137_260214_004236_s1/261097178/ccs,0,2,2,15,199,CAA_interrupted,False,True,False,60
Control_11,m84137_260214_004236_s1/111678993/ccs,0,2,2,15,199,CAA_interrupted,False,True,False,60
Control_11,m84137_260214_004236_s1/113119665/ccs,1,4,2,14,199,CAA_interrupted,False,True,False,60
Control_11,m84137_260214_004236_s1/162797500/ccs,0,2,2,15,199,CAA_interrupted,False,True,False,60
Control_11,m84137_260214_004236_s1/199366312/ccs,0,2,2,15,199,CAA_interrupted,False,True,False,60
Control_11,m84137_260214_004236_s1/53744971/ccs,0,2,2,15,199,CAA_interrupted,False,True,False,60
Control_11,m84137_260214_004236_s1/144577411/ccs,0,2,2,15,199,CAA_interrupted,False,True,False,60
Control_11,m84137_260214_004236_s1/175245043/ccs,0,2,2,15,199,CAA_interrupted,False,True,False,60
Control_11,m84137_260214_004236_s1/37885457/ccs,0,3,2,15,199,CAA_interrupted,False,True,False,60
Control_11,m84137_260214_004236_s1/55902899/ccs,0,3,2,15,199,CAA_interrupted,False,True,False,60
Control_11,m84137_260214_004236_s1/139859457/ccs,0,2,2,15,199,CAA_interrupted,False,True,False,60
Control_11,m84137_260214_004236_s1/132910592/ccs,0,2,2,15,199,CAA_interrupted,False,True,False,60
Control_11,m84137_260214_004236_s1/164041407/ccs,0,2,2,15,199,CAA_interrupted,False,True,False,60
Control_11,m84137_260214_004236_s1/200021187/ccs,0,2,2,15,199,CAA_interrupted,False,True,False,60
Control_11,m84137_260214_004236_s1/226825863/ccs,0,2,2,15,199,CAA_interrupted,False,True,False,60
Control_11,m84137_260214_004236_s1/241307200/ccs,0,2,2,15,199,CAA_interrupted,False,True,False,60
Control_11,m84137_260214_004236_s1/244322365/ccs,0,2,2,15,199,CAA_interrupted,False,True,False,60
Control_11,m84137_260214_004236_s1/250876581/ccs,0,2,2,15,199,CAA_interrupted,False,True,False,60
Control_11,m84137_260214_004236_s1/5703364/ccs,0,2,2,15,199,CAA_interrupted,False,True,False,60
Control_11,m84137_260214_004236_s1/17630268/ccs,0,2,2,15,199,CAA_interrupted,False,True,False,60
Control_11,m84137_260214_004236_s1/17827910/ccs,0,2,2,15,199,CAA_interrupted,False,True,False,60
Control_11,m84137_260214_004236_s1/18810364/ccs,0,2,2,15,199,CAA_interrupted,False,True,False,60
Control_11,m84137_260214_004236_s1/19204298/ccs,0,2,2,15,199,CAA_interrupted,False,True,False,60
Control_11,m84137_260214_004236_s1/8325471/ccs,0,2,2,15,199,CAA_interrupted,False,True,False,60
Control_11,m84137_260214_004236_s1/5180299/ccs,0,2,2,15,199,CAA_interrupted,False,True,False,60
Control_11,m84137_260214_004236_s1/14090885/ccs,0,2,2,15,199,CAA_interrupted,False,True,False,60
Control_11,m84137_260214_004236_s1/14223957/ccs,0,2,2,15,199,CAA_interrupted,False,True,False,60
Control_11,m84137_260214_004236_s1/26870026/ccs,0,2,2,15,199,CAA_interrupted,False,True,False,60
Control_11,m84137_260214_004236_s1/31066449/ccs,0,2,2,15,199,CAA_interrupted,False,True,False,60
Control_11,m84137_260214_004236_s1/33817081/ccs,0,2,2,15,199,CAA_interrupted,False,True,False,60
Control_11,m84137_260214_004236_s1/15010008/ccs,0,2,2,15,199,CAA_interrupted,False,True,False,60
Control_11,m84137_260214_004236_s1/10420434/ccs,0,2,2,15,199,CAA_interrupted,False,True,False,60
Control_11,m84137_260214_004236_s1/11011586/ccs,0,2,2,15,199,CAA_interrupted,False,True,False,60
Control_11,m84137_260214_004236_s1/32508881/ccs,0,2,2,15,199,CAA_interrupted,False,True,False,60
Control_11,m84137_260214_004236_s1/32704180/ccs,0,2,2,15,199,CAA_interrupted,False,True,False,60
Control_11,m84137_260214_004236_s1/32704708/ccs,0,2,2,15,199,CAA_interrupted,False,True,False,60
Control_11,m84137_260214_004236_s1/33097850/ccs,0,2,2,15,199,CAA_interrupted,False,True,False,60
Control_11,m84137_260214_004236_s1/16647079/ccs,0,2,2,15,199,CAA_interrupted,False,True,False,60
Control_11,m84137_260214_004236_s1/35782745/ccs,0,2,2,15,199,CAA_interrupted,False,True,False,60
Control_11,m84137_260214_004236_s1/58198351/ccs,0,2,2,15,199,CAA_interrupted,False,True,False,60
Control_11,m84137_260214_004236_s1/52235021/ccs,0,2,2,15,199,CAA_interrupted,False,True,False,60
Control_11,m84137_260214_004236_s1/37553251/ccs,0,2,2,15,199,CAA_interrupted,False,True,False,60
Control_11,m84137_260214_004236_s1/59442292/ccs,0,2,2,15,199,CAA_interrupted,False,True,False,60
Control_11,m84137_260214_004236_s1/162662376/ccs,0,2,2,15,199,CAA_interrupted,False,True,False,60
Control_11,m84137_260214_004236_s1/159188655/ccs,0,2,2,15,199,CAA_interrupted,False,True,False,60
Control_11,m84137_260214_004236_s1/145753367/ccs,0,2,2,15,199,CAA_interrupted,False,True,False,60
Control_11,m84137_260214_004236_s1/139135280/ccs,0,2,2,15,199,CAA_interrupted,False,True,False,60
Control_11,m84137_260214_004236_s1/143853538/ccs,0,2,2,15,199,CAA_interrupted,False,True,False,60
Control_11,m84137_260214_004236_s1/168364422/ccs,0,2,2,15,199,CAA_interrupted,False,True,False,60
Control_11,m84137_260214_004236_s1/166133822/ccs,0,2,2,15,199,CAA_interrupted,False,True,False,60
Control_11,m84137_260214_004236_s1/169412115/ccs,0,2,2,15,199,CAA_interrupted,False,True,False,60
Control_11,m84137_260214_004236_s1/186124670/ccs,0,2,2,15,199,CAA_interrupted,False,True,False,60
Control_11,m84137_260214_004236_s1/149160998/ccs,0,2,2,15,199,CAA_interrupted,False,True,False,60
Control_11,m84137_260214_004236_s1/174130695/ccs,0,2,2,15,199,CAA_interrupted,False,True,False,60
Control_11,m84137_260214_004236_s1/170265208/ccs,0,2,2,15,199,CAA_interrupted,False,True,False,60
Control_11,m84137_260214_004236_s1/191627850/ccs,0,2,2,15,199,CAA_interrupted,False,True,False,60
Control_11,m84137_260214_004236_s1/196280513/ccs,0,2,2,15,199,CAA_interrupted,False,True,False,60
Control_11,m84137_260214_004236_s1/179112609/ccs,0,2,2,15,199,CAA_interrupted,False,True,False,60
Control_11,m84137_260214_004236_s1/192547635/ccs,0,2,2,15,199,CAA_interrupted,False,True,False,60
Control_11,m84137_260214_004236_s1/192611367/ccs,0,2,2,15,199,CAA_interrupted,False,True,False,60
Control_11,m84137_260214_004236_s1/171836255/ccs,0,2,2,15,199,CAA_interrupted,False,True,False,60
Control_11,m84137_260214_004236_s1/189795268/ccs,0,2,2,15,199,CAA_interrupted,False,True,False,60
Control_11,m84137_260214_004236_s1/172428239/ccs,0,2,2,15,199,CAA_interrupted,False,True,False,60
Control_11,m84137_260214_004236_s1/179964210/ccs,0,2,2,15,199,CAA_interrupted,False,True,False,60
Control_11,m84137_260214_004236_s1/193921446/ccs,0,2,2,15,199,CAA_interrupted,False,True,False,60
Control_11,m84137_260214_004236_s1/193921621/ccs,0,2,2,15,199,CAA_interrupted,False,True,False,60
Control_11,m84137_260214_004236_s1/218891917/ccs,0,2,2,15,199,CAA_interrupted,False,True,False,60
Control_11,m84137_260214_004236_s1/201720569/ccs,0,2,2,15,199,CAA_interrupted,False,True,False,60
Control_11,m84137_260214_004236_s1/199166494/ccs,0,2,2,15,199,CAA_interrupted,False,True,False,60
Control_11,m84137_260214_004236_s1/181734260/ccs,0,2,2,15,199,CAA_interrupted,False,True,False,60
Control_11,m84137_260214_004236_s1/220726238/ccs,0,2,2,15,199,CAA_interrupted,False,True,False,60
Control_11,m84137_260214_004236_s1/200017676/ccs,0,2,2,15,199,CAA_interrupted,False,True,False,60
Control_11,m84137_260214_004236_s1/200410456/ccs,0,2,2,15,199,CAA_interrupted,False,True,False,60
Control_11,m84137_260214_004236_s1/182782359/ccs,0,2,2,15,199,CAA_interrupted,False,True,False,60
Control_11,m84137_260214_004236_s1/208208822/ccs,0,2,2,15,199,CAA_interrupted,False,True,False,60
Control_11,m84137_260214_004236_s1/36046369/ccs,1,4,2,14,199,CAA_interrupted,False,True,False,60
Control_11,m84137_260214_004236_s1/7213083/ccs,0,6,2,15,199,CAA_interrupted,False,True,False,60
Control_11,m84137_260214_004236_s1/198183471/ccs,0,2,2,15,199,CAA_interrupted,False,True,False,60
Control_11,m84137_260214_004236_s1/19202468/ccs,0,2,2,15,199,CAA_interrupted,False,True,False,60
Control_11,m84137_260214_004236_s1/19858242/ccs,0,2,2,15,199,CAA_interrupted,False,True,False,60
Control_11,m84137_260214_004236_s1/27918558/ccs,0,2,2,15,199,CAA_interrupted,False,True,False,60
Control_11,m84137_260214_004236_s1/32638536/ccs,0,2,2,15,199,CAA_interrupted,False,True,False,60
Control_11,m84137_260214_004236_s1/51315234/ccs,0,2,2,15,199,CAA_interrupted,False,True,False,60
Control_11,m84137_260214_004236_s1/61606504/ccs,0,2,2,15,199,CAA_interrupted,False,True,False,60
Control_11,m84137_260214_004236_s1/45286591/ccs,0,2,2,15,199,CAA_interrupted,False,True,False,60
Control_11,m84137_260214_004236_s1/52036700/ccs,0,2,2,15,199,CAA_interrupted,False,True,False,60
Control_11,m84137_260214_004236_s1/62587190/ccs,0,2,2,15,199,CAA_interrupted,False,True,False,60
Control_11,m84137_260214_004236_s1/59442449/ccs,0,2,2,15,199,CAA_interrupted,False,True,False,60
Control_11,m84137_260214_004236_s1/42402613/ccs,0,2,2,15,199,CAA_interrupted,False,True,False,60
Control_11,m84137_260214_004236_s1/87228563/ccs,0,2,2,15,199,CAA_interrupted,False,True,False,60
Control_11,m84137_260214_004236_s1/97126324/ccs,0,2,2,15,199,CAA_interrupted,False,True,False,60
Control_11,m84137_260214_004236_s1/82839042/ccs,0,2,2,15,199,CAA_interrupted,False,True,False,60
Control_11,m84137_260214_004236_s1/103810898/ccs,0,2,2,15,199,CAA_interrupted,False,True,False,60
Control_11,m84137_260214_004236_s1/120848790/ccs,0,2,2,15,199,CAA_interrupted,False,True,False,60
Control_11,m84137_260214_004236_s1/106038168/ccs,0,2,2,15,199,CAA_interrupted,False,True,False,60
Control_11,m84137_260214_004236_s1/135135412/ccs,0,2,2,15,199,CAA_interrupted,False,True,False,60
Control_11,m84137_260214_004236_s1/133235622/ccs,0,2,2,15,199,CAA_interrupted,False,True,False,60
Control_11,m84137_260214_004236_s1/141558357/ccs,0,2,2,15,199,CAA_interrupted,False,True,False,60
Control_11,m84137_260214_004236_s1/169935794/ccs,0,2,2,15,199,CAA_interrupted,False,True,False,60
Control_11,m84137_260214_004236_s1/191694786/ccs,0,2,2,15,199,CAA_interrupted,False,True,False,60
Control_11,m84137_260214_004236_s1/219481898/ccs,0,2,2,15,199,CAA_interrupted,False,True,False,60
Control_11,m84137_260214_004236_s1/212731574/ccs,0,2,2,15,199,CAA_interrupted,False,True,False,60
Control_11,m84137_260214_004236_s1/255066646/ccs,0,2,2,15,199,CAA_interrupted,False,True,False,60
Control_11,m84137_260214_004236_s1/29495086/ccs,0,2,2,15,199,CAA_interrupted,False,True,False,60
Control_11,m84137_260214_004236_s1/30477468/ccs,0,2,2,15,199,CAA_interrupted,False,True,False,60
Control_11,m84137_260214_004236_s1/78255341/ccs,0,2,2,15,199,CAA_interrupted,False,True,False,60
Control_11,m84137_260214_004236_s1/130552754/ccs,0,2,2,15,199,CAA_interrupted,False,True,False,60
Control_11,m84137_260214_004236_s1/126752276/ccs,0,2,2,15,199,CAA_interrupted,False,True,False,60
Control_11,m84137_260214_004236_s1/56694554/ccs,0,2,2,15,199,CAA_interrupted,False,True,False,60
Control_11,m84137_260214_004236_s1/54330510/ccs,0,2,2,15,199,CAA_interrupted,False,True,False,60
Control_11,m84137_260214_004236_s1/205521186/ccs,0,2,2,15,199,CAA_interrupted,False,True,False,60
Control_11,m84137_260214_004236_s1/212075323/ccs,0,2,2,15,199,CAA_interrupted,False,True,False,60
Control_11,m84137_260214_004236_s1/93260757/ccs,0,2,2,15,199,CAA_interrupted,False,True,False,60
Control_11,m84137_260214_004236_s1/71372551/ccs,0,1,2,15,199,fragmented_noisy,False,False,True,60
Control_11,m84137_260214_004236_s1/243733327/ccs,0,2,2,15,199,CAA_interrupted,False,True,False,60
Control_11,m84137_260214_004236_s1/243663996/ccs,0,2,2,15,199,CAA_interrupted,False,True,False,60
Control_11,m84137_260214_004236_s1/161547293/ccs,0,10,2,15,199,CAA_interrupted,False,True,False,60
Control_11,m84137_260214_004236_s1/230758213/ccs,0,2,2,15,199,CAA_interrupted,False,True,False,60
Control_11,m84137_260214_004236_s1/235607621/ccs,0,2,2,15,199,CAA_interrupted,False,True,False,60
Control_11,m84137_260214_004236_s1/231148645/ccs,0,2,2,15,199,CAA_interrupted,False,True,False,60
Control_11,m84137_260214_004236_s1/254546145/ccs,0,2,2,14,199,CAA_interrupted,False,True,False,60
Control_11,m84137_260214_004236_s1/236523500/ccs,0,2,2,15,199,CAA_interrupted,False,True,False,60
Control_11,m84137_260214_004236_s1/232788180/ccs,0,2,2,15,199,CAA_interrupted,False,True,False,60
Control_11,m84137_260214_004236_s1/243537659/ccs,0,2,2,15,199,CAA_interrupted,False,True,False,60
Control_11,m84137_260214_004236_s1/214373744/ccs,0,2,2,15,199,CAA_interrupted,False,True,False,60
Control_11,m84137_260214_004236_s1/255923252/ccs,0,2,2,15,199,CAA_interrupted,False,True,False,60
Control_11,m84137_260214_004236_s1/234491409/ccs,0,2,2,15,199,CAA_interrupted,False,True,False,60
Control_11,m84137_260214_004236_s1/259788432/ccs,0,2,2,15,199,CAA_interrupted,False,True,False,60
Control_11,m84137_260214_004236_s1/216208217/ccs,0,2,2,15,199,CAA_interrupted,False,True,False,60
Control_11,m84137_260214_004236_s1/264572433/ccs,0,3,2,15,199,CAA_interrupted,False,True,False,60
Control_11,m84137_260214_004236_s1/246353275/ccs,0,2,2,15,199,CAA_interrupted,False,True,False,60
Control_11,m84137_260214_004236_s1/250548334/ccs,0,2,2,15,199,CAA_interrupted,False,True,False,60
Control_11,m84137_260214_004236_s1/3672648/ccs,0,2,2,15,199,CAA_interrupted,False,True,False,60
Control_11,m84137_260214_004236_s1/43188289/ccs,0,2,2,15,199,CAA_interrupted,False,True,False,60
Control_11,m84137_260214_004236_s1/92670405/ccs,0,2,2,15,199,CAA_interrupted,False,True,False,60
Control_11,m84137_260214_004236_s1/124125297/ccs,0,2,2,15,199,CAA_interrupted,False,True,False,60
Control_11,m84137_260214_004236_s1/106103856/ccs,0,2,2,15,199,CAA_interrupted,False,True,False,60
Control_11,m84137_260214_004236_s1/126878027/ccs,0,2,2,15,199,CAA_interrupted,False,True,False,60
Control_11,m84137_260214_004236_s1/134875711/ccs,0,2,2,15,199,CAA_interrupted,False,True,False,60
Control_11,m84137_260214_004236_s1/156830279/ccs,0,2,2,15,199,CAA_interrupted,False,True,False,60
Control_11,m84137_260214_004236_s1/168889123/ccs,0,2,2,15,199,CAA_interrupted,False,True,False,60
Control_11,m84137_260214_004236_s1/6951252/ccs,0,1,2,15,199,fragmented_noisy,False,False,True,60
Control_11,m84137_260214_004236_s1/51188848/ccs,0,2,2,15,199,CAA_interrupted,False,True,False,60
Control_11,m84137_260214_004236_s1/27201163/ccs,0,1,2,15,199,fragmented_noisy,False,False,True,60
Control_11,m84137_260214_004236_s1/56102095/ccs,0,2,2,15,199,CAA_interrupted,False,True,False,60
Control_11,m84137_260214_004236_s1/36771148/ccs,0,2,2,15,199,CAA_interrupted,False,True,False,60
Control_11,m84137_260214_004236_s1/183174337/ccs,0,2,2,15,199,CAA_interrupted,False,True,False,60
Control_11,m84137_260214_004236_s1/183371658/ccs,0,2,2,15,199,CAA_interrupted,False,True,False,60
Control_11,m84137_260214_004236_s1/204145153/ccs,0,2,2,15,199,CAA_interrupted,False,True,False,60
Control_11,m84137_260214_004236_s1/229704472/ccs,0,2,2,15,199,CAA_interrupted,False,True,False,60
Control_11,m84137_260214_004236_s1/229836067/ccs,0,2,2,15,199,CAA_interrupted,False,True,False,60
Control_11,m84137_260214_004236_s1/226166057/ccs,0,2,2,15,199,CAA_interrupted,False,True,False,60
Control_11,m84137_260214_004236_s1/205457481/ccs,0,2,2,15,199,CAA_interrupted,False,True,False,60
Control_11,m84137_260214_004236_s1/205456723/ccs,0,2,2,15,199,CAA_interrupted,False,True,False,60
Control_11,m84137_260214_004236_s1/205914908/ccs,0,2,2,15,199,CAA_interrupted,False,True,False,60
Control_11,m84137_260214_004236_s1/252249650/ccs,0,2,2,15,199,CAA_interrupted,False,True,False,60
Control_11,m84137_260214_004236_s1/213517400/ccs,0,2,2,15,199,CAA_interrupted,False,True,False,60
Control_11,m84137_260214_004236_s1/206767186/ccs,0,2,2,15,199,CAA_interrupted,False,True,False,60
Control_11,m84137_260214_004236_s1/232718876/ccs,0,2,2,15,199,CAA_interrupted,False,True,False,60
Control_11,m84137_260214_004236_s1/233114037/ccs,0,2,2,15,199,CAA_interrupted,False,True,False,60
Control_11,m84137_260214_004236_s1/215354170/ccs,0,2,2,15,199,CAA_interrupted,False,True,False,60
Control_11,m84137_260214_004236_s1/241173902/ccs,0,2,2,15,199,CAA_interrupted,False,True,False,60
Control_11,m84137_260214_004236_s1/216270123/ccs,0,2,2,15,199,CAA_interrupted,False,True,False,60
Control_11,m84137_260214_004236_s1/241566924/ccs,0,2,2,15,199,CAA_interrupted,False,True,False,60
Control_11,m84137_260214_004236_s1/241567575/ccs,0,2,2,15,199,CAA_interrupted,False,True,False,60
Control_11,m84137_260214_004236_s1/234423478/ccs,0,2,2,15,199,CAA_interrupted,False,True,False,60
Control_11,m84137_260214_004236_s1/262866187/ccs,0,2,2,15,199,CAA_interrupted,False,True,False,60
Control_11,m84137_260214_004236_s1/237961428/ccs,0,2,2,15,199,CAA_interrupted,False,True,False,60
Control_11,m84137_260214_004236_s1/256837123/ccs,0,2,2,15,199,CAA_interrupted,False,True,False,60
Control_11,m84137_260214_004236_s1/238879915/ccs,0,2,2,15,199,CAA_interrupted,False,True,False,60
Control_11,m84137_260214_004236_s1/238749371/ccs,0,2,2,15,199,CAA_interrupted,False,True,False,60
Control_11,m84137_260214_004236_s1/243862038/ccs,0,2,2,15,199,CAA_interrupted,False,True,False,60
Control_11,m84137_260214_004236_s1/260833363/ccs,0,2,2,15,199,CAA_interrupted,False,True,False,60
Control_11,m84137_260214_004236_s1/246549013/ccs,0,2,2,15,199,CAA_interrupted,False,True,False,60
Control_11,m84137_260214_004236_s1/239732138/ccs,0,2,2,15,199,CAA_interrupted,False,True,False,60
Control_11,m84137_260214_004236_s1/239863129/ccs,0,2,2,15,199,CAA_interrupted,False,True,False,60
Control_11,m84137_260214_004236_s1/240321835/ccs,0,2,2,15,199,CAA_interrupted,False,True,False,60
Control_11,m84137_260214_004236_s1/18289422/ccs,0,2,2,15,199,CAA_interrupted,False,True,False,60
Control_11,m84137_260214_004236_s1/59902826/ccs,0,2,2,15,199,CAA_interrupted,False,True,False,60
Control_11,m84137_260214_004236_s1/53478745/ccs,0,2,2,15,199,CAA_interrupted,False,True,False,60
Control_11,m84137_260214_004236_s1/53872770/ccs,0,2,2,15,199,CAA_interrupted,False,True,False,60
Control_11,m84137_260214_004236_s1/54200117/ccs,0,2,2,15,199,CAA_interrupted,False,True,False,60
Control_11,m84137_260214_004236_s1/43583034/ccs,0,2,2,15,199,CAA_interrupted,False,True,False,60
Control_11,m84137_260214_004236_s1/43583472/ccs,0,2,2,15,199,CAA_interrupted,False,True,False,60
Control_11,m84137_260214_004236_s1/89590323/ccs,0,2,2,15,199,CAA_interrupted,False,True,False,60
Control_11,m84137_260214_004236_s1/90309305/ccs,0,2,2,15,199,CAA_interrupted,False,True,False,60
Control_11,m84137_260214_004236_s1/68290387/ccs,0,2,2,15,199,CAA_interrupted,False,True,False,60
Control_11,m84137_260214_004236_s1/68619204/ccs,0,2,2,15,199,CAA_interrupted,False,True,False,60
Control_11,m84137_260214_004236_s1/68945094/ccs,0,2,2,15,199,CAA_interrupted,False,True,False,60
Control_11,m84137_260214_004236_s1/69142762/ccs,0,2,2,15,199,CAA_interrupted,False,True,False,60
Control_11,m84137_260214_004236_s1/66453851/ccs,0,2,2,15,199,CAA_interrupted,False,True,False,60
Control_11,m84137_260214_004236_s1/91423704/ccs,0,2,2,15,199,CAA_interrupted,False,True,False,60
Control_11,m84137_260214_004236_s1/85000955/ccs,0,2,2,15,199,CAA_interrupted,False,True,False,60
Control_11,m84137_260214_004236_s1/95354950/ccs,0,2,2,15,199,CAA_interrupted,False,True,False,60
Control_11,m84137_260214_004236_s1/92209796/ccs,0,2,2,15,199,CAA_interrupted,False,True,False,60
Control_11,m84137_260214_004236_s1/71043710/ccs,0,2,2,15,199,CAA_interrupted,False,True,False,60
Control_11,m84137_260214_004236_s1/70648062/ccs,0,2,2,15,199,CAA_interrupted,False,True,False,60
Control_11,m84137_260214_004236_s1/71436639/ccs,0,2,2,15,199,CAA_interrupted,False,True,False,60
Control_11,m84137_260214_004236_s1/71501407/ccs,0,2,2,15,199,CAA_interrupted,False,True,False,60
Control_11,m84137_260214_004236_s1/79496832/ccs,0,2,2,15,199,CAA_interrupted,False,True,False,60
Control_11,m84137_260214_004236_s1/79825903/ccs,0,2,2,15,199,CAA_interrupted,False,True,False,60
Control_11,m84137_260214_004236_s1/72420085/ccs,0,2,2,15,199,CAA_interrupted,False,True,False,60
Control_11,m84137_260214_004236_s1/97323581/ccs,0,2,2,15,199,CAA_interrupted,False,True,False,60
Control_11,m84137_260214_004236_s1/94176623/ccs,0,2,2,15,199,CAA_interrupted,False,True,False,60
Control_11,m84137_260214_004236_s1/80676118/ccs,0,2,2,15,199,CAA_interrupted,False,True,False,60
Control_11,m84137_260214_004236_s1/88212489/ccs,0,2,2,15,199,CAA_interrupted,False,True,False,60
Control_11,m84137_260214_004236_s1/81199328/ccs,0,2,2,15,199,CAA_interrupted,False,True,False,60
Control_11,m84137_260214_004236_s1/101451967/ccs,0,2,2,15,199,CAA_interrupted,False,True,False,60
Control_11,m84137_260214_004236_s1/77597631/ccs,0,2,2,15,199,CAA_interrupted,False,True,False,60
Control_11,m84137_260214_004236_s1/265683976/ccs,0,2,2,15,199,CAA_interrupted,False,True,False,60
Control_11,m84137_260214_004236_s1/248251186/ccs,0,2,2,15,199,CAA_interrupted,False,True,False,60
Control_11,m84137_260214_004236_s1/19075378/ccs,0,2,2,15,199,CAA_interrupted,False,True,False,60
Control_11,m84137_260214_004236_s1/20385943/ccs,0,2,2,15,199,CAA_interrupted,False,True,False,60
Control_11,m84137_260214_004236_s1/6623723/ccs,0,2,2,15,199,CAA_interrupted,False,True,False,60
Control_11,m84137_260214_004236_s1/33756087/ccs,0,2,2,15,199,CAA_interrupted,False,True,False,60
Control_11,m84137_260214_004236_s1/7869047/ccs,0,2,2,15,199,CAA_interrupted,False,True,False,60
Control_11,m84137_260214_004236_s1/251593395/ccs,0,2,2,15,199,CAA_interrupted,False,True,False,60
Control_11,m84137_260214_004236_s1/34803827/ccs,0,2,2,15,199,CAA_interrupted,False,True,False,60
Control_11,m84137_260214_004236_s1/9835742/ccs,0,2,2,15,199,CAA_interrupted,False,True,False,60
Control_11,m84137_260214_004236_s1/9966389/ccs,0,2,2,15,199,CAA_interrupted,False,True,False,60
Control_11,m84137_260214_004236_s1/35721552/ccs,0,2,2,15,199,CAA_interrupted,False,True,False,60
Control_11,m84137_260214_004236_s1/10228768/ccs,0,2,2,15,199,CAA_interrupted,False,True,False,60
Control_11,m84137_260214_004236_s1/36113973/ccs,0,2,2,15,199,CAA_interrupted,False,True,False,60
Control_11,m84137_260214_004236_s1/12522083/ccs,0,2,2,15,199,CAA_interrupted,False,True,False,60
Control_11,m84137_260214_004236_s1/32444621/ccs,0,2,2,15,199,CAA_interrupted,False,True,False,60
Control_11,m84137_260214_004236_s1/13044991/ccs,0,2,2,15,199,CAA_interrupted,False,True,False,60
Control_11,m84137_260214_004236_s1/32575091/ccs,0,2,2,15,199,CAA_interrupted,False,True,False,60
Control_11,m84137_260214_004236_s1/58005286/ccs,0,2,2,15,199,CAA_interrupted,False,True,False,60
Control_11,m84137_260214_004236_s1/55382207/ccs,0,2,2,15,199,CAA_interrupted,False,True,False,60
Control_11,m84137_260214_004236_s1/58527797/ccs,0,2,2,15,199,CAA_interrupted,False,True,False,60
Control_11,m84137_260214_004236_s1/14947254/ccs,0,2,2,15,199,CAA_interrupted,False,True,False,60
Control_11,m84137_260214_004236_s1/67636583/ccs,0,2,2,15,199,CAA_interrupted,False,True,False,60
Control_11,m84137_260214_004236_s1/58987635/ccs,0,2,2,15,199,CAA_interrupted,False,True,False,60
Control_11,m84137_260214_004236_s1/42275145/ccs,0,2,2,15,199,CAA_interrupted,False,True,False,60
Control_11,m84137_260214_004236_s1/43061480/ccs,0,2,2,15,199,CAA_interrupted,False,True,False,60
Control_11,m84137_260214_004236_s1/43978000/ccs,0,2,2,15,199,CAA_interrupted,False,True,False,60
Control_11,m84137_260214_004236_s1/84940373/ccs,0,2,2,15,199,CAA_interrupted,False,True,False,60
Control_11,m84137_260214_004236_s1/85594188/ccs,0,2,2,15,199,CAA_interrupted,False,True,False,60
Control_11,m84137_260214_004236_s1/71437726/ccs,0,2,2,15,199,CAA_interrupted,False,True,False,60
Control_11,m84137_260214_004236_s1/66720506/ccs,0,2,2,15,199,CAA_interrupted,False,True,False,60
Control_11,m84137_260214_004236_s1/105775640/ccs,0,2,2,15,199,CAA_interrupted,False,True,False,60
Control_11,m84137_260214_004236_s1/48632210/ccs,0,2,2,15,199,CAA_interrupted,False,True,False,60
Control_11,m84137_260214_004236_s1/96472521/ccs,0,1,2,15,199,fragmented_noisy,False,False,True,60
Control_11,m84137_260214_004236_s1/112071053/ccs,0,5,2,15,199,CAA_interrupted,False,True,False,60
Control_11,m84137_260214_004236_s1/133567221/ccs,0,2,2,15,199,CAA_interrupted,False,True,False,60
Control_11,m84137_260214_004236_s1/148640228/ccs,0,2,2,15,199,CAA_interrupted,False,True,False,60
Control_11,m84137_260214_004236_s1/193072184/ccs,0,2,2,15,199,CAA_interrupted,False,True,False,60
Control_11,m84137_260214_004236_s1/194842386/ccs,0,2,2,15,199,CAA_interrupted,False,True,False,60
Control_11,m84137_260214_004236_s1/261428059/ccs,0,2,2,15,199,CAA_interrupted,False,True,False,60
Control_11,m84137_260214_004236_s1/247991840/ccs,0,2,2,15,199,CAA_interrupted,False,True,False,60
Control_11,m84137_260214_004236_s1/56887460/ccs,0,2,2,15,199,CAA_interrupted,False,True,False,60
Control_11,m84137_260214_004236_s1/58459180/ccs,0,2,2,15,199,CAA_interrupted,False,True,False,60
Control_11,m84137_260214_004236_s1/53020897/ccs,0,2,2,15,199,CAA_interrupted,False,True,False,60
Control_11,m84137_260214_004236_s1/97912987/ccs,0,2,2,15,199,CAA_interrupted,False,True,False,60
Control_11,m84137_260214_004236_s1/119343994/ccs,0,2,2,15,199,CAA_interrupted,False,True,False,60
Control_11,m84137_260214_004236_s1/225249915/ccs,0,2,2,15,199,CAA_interrupted,False,True,False,60
Control_11,m84137_260214_004236_s1/230032806/ccs,0,2,2,15,199,CAA_interrupted,False,True,False,60
Control_11,m84137_260214_004236_s1/234489364/ccs,0,2,2,15,199,CAA_interrupted,False,True,False,60
Control_11,m84137_260214_004236_s1/259260644/ccs,0,2,2,15,199,CAA_interrupted,False,True,False,60
Control_11,m84137_260214_004236_s1/240255011/ccs,0,2,2,15,199,CAA_interrupted,False,True,False,60
Control_11,m84137_260214_004236_s1/63247516/ccs,0,2,2,15,199,CAA_interrupted,False,True,False,60
Control_11,m84137_260214_004236_s1/45354597/ccs,0,2,2,15,199,CAA_interrupted,False,True,False,60
Control_11,m84137_260214_004236_s1/105320061/ccs,0,2,2,15,199,CAA_interrupted,False,True,False,60
Control_11,m84137_260214_004236_s1/83694951/ccs,0,2,2,15,199,CAA_interrupted,False,True,False,60
Control_11,m84137_260214_004236_s1/131470924/ccs,0,2,2,15,199,CAA_interrupted,False,True,False,60
Control_11,m84137_260214_004236_s1/185011238/ccs,0,2,2,15,199,CAA_interrupted,False,True,False,60
Control_11,m84137_260214_004236_s1/144380913/ccs,0,2,2,15,199,CAA_interrupted,False,True,False,60
Control_11,m84137_260214_004236_s1/146542110/ccs,0,2,2,15,199,CAA_interrupted,False,True,False,60
Control_11,m84137_260214_004236_s1/218238394/ccs,0,2,2,15,199,CAA_interrupted,False,True,False,60
Control_11,m84137_260214_004236_s1/150017575/ccs,0,2,2,15,199,CAA_interrupted,False,True,False,60
Control_11,m84137_260214_004236_s1/220729070/ccs,0,2,2,15,199,CAA_interrupted,False,True,False,60
Control_11,m84137_260214_004236_s1/143660847/ccs,0,2,2,15,199,CAA_interrupted,False,True,False,60
Control_11,m84137_260214_004236_s1/143854965/ccs,0,2,2,15,199,CAA_interrupted,False,True,False,60
Control_11,m84137_260214_004236_s1/116922155/ccs,0,2,2,15,199,CAA_interrupted,False,True,False,60
Control_11,m84137_260214_004236_s1/161159022/ccs,0,2,2,15,199,CAA_interrupted,False,True,False,60
Control_11,m84137_260214_004236_s1/161090566/ccs,0,2,2,15,199,CAA_interrupted,False,True,False,60
Control_11,m84137_260214_004236_s1/145100447/ccs,0,2,2,15,199,CAA_interrupted,False,True,False,60
Control_11,m84137_260214_004236_s1/165024931/ccs,0,2,2,15,199,CAA_interrupted,False,True,False,60
Control_11,m84137_260214_004236_s1/174133199/ccs,0,2,2,15,199,CAA_interrupted,False,True,False,60
Control_11,m84137_260214_004236_s1/174264205/ccs,0,2,2,15,199,CAA_interrupted,False,True,False,60
Control_11,m84137_260214_004236_s1/166400356/ccs,0,2,2,15,199,CAA_interrupted,False,True,False,60
Control_11,m84137_260214_004236_s1/166858172/ccs,0,2,2,15,199,CAA_interrupted,False,True,False,60
Control_11,m84137_260214_004236_s1/148378141/ccs,0,2,2,15,199,CAA_interrupted,False,True,False,60
Control_11,m84137_260214_004236_s1/218304479/ccs,0,2,2,15,199,CAA_interrupted,False,True,False,60
Control_11,m84137_260214_004236_s1/149362283/ccs,0,2,2,15,199,CAA_interrupted,False,True,False,60
Control_11,m84137_260214_004236_s1/218568178/ccs,0,2,2,15,199,CAA_interrupted,False,True,False,60
Control_11,m84137_260214_004236_s1/149950474/ccs,0,2,2,15,199,CAA_interrupted,False,True,False,60
Control_11,m84137_260214_004236_s1/178785867/ccs,0,2,2,15,199,CAA_interrupted,False,True,False,60
Control_11,m84137_260214_004236_s1/197792651/ccs,0,2,2,15,199,CAA_interrupted,False,True,False,60
Control_11,m84137_260214_004236_s1/220665673/ccs,0,2,2,15,199,CAA_interrupted,False,True,False,60
Control_11,m84137_260214_004236_s1/208213604/ccs,0,2,2,15,199,CAA_interrupted,False,True,False,60
Control_11,m84137_260214_004236_s1/202774208/ccs,0,4,2,15,199,CAA_interrupted,False,True,False,60
Control_11,m84137_260214_004236_s1/208933319/ccs,0,2,2,15,199,CAA_interrupted,False,True,False,60
Control_11,m84137_260214_004236_s1/224858869/ccs,0,3,2,15,199,CAA_interrupted,False,True,False,60
Control_11,m84137_260214_004236_s1/225840133/ccs,0,2,2,15,199,CAA_interrupted,False,True,False,60
Control_11,m84137_260214_004236_s1/205329249/ccs,0,2,2,15,199,CAA_interrupted,False,True,False,60
Control_11,m84137_260214_004236_s1/182064041/ccs,0,2,2,15,199,CAA_interrupted,False,True,False,60
Control_11,m84137_260214_004236_s1/251728321/ccs,0,2,2,15,199,CAA_interrupted,False,True,False,60
Control_11,m84137_260214_004236_s1/205852485/ccs,0,2,2,15,199,CAA_interrupted,False,True,False,60
Control_11,m84137_260214_004236_s1/206247665/ccs,0,2,2,15,199,CAA_interrupted,False,True,False,60
Control_11,m84137_260214_004236_s1/205919298/ccs,0,2,2,15,199,CAA_interrupted,False,True,False,60
Control_11,m84137_260214_004236_s1/235146689/ccs,0,2,2,15,199,CAA_interrupted,False,True,False,60
Control_11,m84137_260214_004236_s1/235148645/ccs,0,2,2,15,199,CAA_interrupted,False,True,False,60
Control_11,m84137_260214_004236_s1/235212266/ccs,0,2,2,15,199,CAA_interrupted,False,True,False,60
Control_11,m84137_260214_004236_s1/99289522/ccs,0,2,2,15,199,CAA_interrupted,False,True,False,60
Control_11,m84137_260214_004236_s1/78186197/ccs,0,2,2,15,199,CAA_interrupted,False,True,False,60
Control_11,m84137_260214_004236_s1/83167822/ccs,0,2,2,15,199,CAA_interrupted,False,True,False,60
Control_11,m84137_260214_004236_s1/99942658/ccs,0,2,2,15,199,CAA_interrupted,False,True,False,60
Control_11,m84137_260214_004236_s1/107217927/ccs,0,2,2,15,199,CAA_interrupted,False,True,False,60
Control_11,m84137_260214_004236_s1/107219845/ccs,0,2,2,15,199,CAA_interrupted,False,True,False,60
Control_11,m84137_260214_004236_s1/124584282/ccs,0,2,2,15,199,CAA_interrupted,False,True,False,60
Control_11,m84137_260214_004236_s1/119735118/ccs,0,4,2,15,199,CAA_interrupted,False,True,False,60
Control_11,m84137_260214_004236_s1/108988690/ccs,0,2,2,15,199,CAA_interrupted,False,True,False,60
Control_11,m84137_260214_004236_s1/121308334/ccs,0,2,2,15,199,CAA_interrupted,False,True,False,60
Control_11,m84137_260214_004236_s1/126485772/ccs,0,2,2,15,199,CAA_interrupted,False,True,False,60
Control_11,m84137_260214_004236_s1/105515259/ccs,0,2,2,15,199,CAA_interrupted,False,True,False,60
Control_11,m84137_260214_004236_s1/110102324/ccs,0,2,2,15,199,CAA_interrupted,False,True,False,60
Control_11,m84137_260214_004236_s1/134873267/ccs,0,2,2,15,199,CAA_interrupted,False,True,False,60
Control_11,m84137_260214_004236_s1/151388722/ccs,0,2,2,15,199,CAA_interrupted,False,True,False,60
Control_11,m84137_260214_004236_s1/127926644/ccs,0,2,2,15,199,CAA_interrupted,False,True,False,60
Control_11,m84137_260214_004236_s1/111610285/ccs,0,2,2,15,199,CAA_interrupted,False,True,False,60
Control_11,m84137_260214_004236_s1/139790093/ccs,0,2,2,15,199,CAA_interrupted,False,True,False,60
Control_11,m84137_260214_004236_s1/128518916/ccs,0,2,2,15,199,CAA_interrupted,False,True,False,60
Control_11,m84137_260214_004236_s1/152371340/ccs,0,2,2,15,199,CAA_interrupted,False,True,False,60
Control_11,m84137_260214_004236_s1/152503194/ccs,0,2,2,15,199,CAA_interrupted,False,True,False,60
Control_11,m84137_260214_004236_s1/152505045/ccs,0,2,2,15,199,CAA_interrupted,False,True,False,60
Control_11,m84137_260214_004236_s1/152898102/ccs,0,2,2,15,199,CAA_interrupted,False,True,False,60
Control_11,m84137_260214_004236_s1/136448725/ccs,0,2,2,15,199,CAA_interrupted,False,True,False,60
Control_11,m84137_260214_004236_s1/153553598/ccs,0,2,2,15,199,CAA_interrupted,False,True,False,60
Control_11,m84137_260214_004236_s1/133106245/ccs,0,2,2,15,199,CAA_interrupted,False,True,False,60
Control_11,m84137_260214_004236_s1/157811048/ccs,0,2,2,15,199,CAA_interrupted,False,True,False,60
Control_11,m84137_260214_004236_s1/141099674/ccs,0,2,2,15,199,CAA_interrupted,False,True,False,60
Control_11,m84137_260214_004236_s1/134089247/ccs,0,2,2,15,199,CAA_interrupted,False,True,False,60
Control_11,m84137_260214_004236_s1/134155260/ccs,0,2,2,15,199,CAA_interrupted,False,True,False,60
Control_11,m84137_260214_004236_s1/162267776/ccs,0,2,2,15,199,CAA_interrupted,False,True,False,60
Control_11,m84137_260214_004236_s1/116853485/ccs,0,2,2,15,199,CAA_interrupted,False,True,False,60
Control_11,m84137_260214_004236_s1/86905905/ccs,0,2,2,15,199,CAA_interrupted,False,True,False,60
Control_11,m84137_260214_004236_s1/87496105/ccs,0,2,2,15,199,CAA_interrupted,False,True,False,60
Control_11,m84137_260214_004236_s1/92214688/ccs,0,2,2,15,199,CAA_interrupted,False,True,False,60
Control_11,m84137_260214_004236_s1/118689555/ccs,0,2,2,15,199,CAA_interrupted,False,True,False,60
Control_11,m84137_260214_004236_s1/79039945/ccs,0,2,2,15,199,CAA_interrupted,False,True,False,60
Control_11,m84137_260214_004236_s1/106630822/ccs,0,2,2,15,199,CAA_interrupted,False,True,False,60
Control_11,m84137_260214_004236_s1/106369367/ccs,0,2,2,15,199,CAA_interrupted,False,True,False,60
Control_11,m84137_260214_004236_s1/98964012/ccs,0,2,2,15,199,CAA_interrupted,False,True,False,60
Control_11,m84137_260214_004236_s1/106695952/ccs,0,2,2,15,199,CAA_interrupted,False,True,False,60
Control_11,m84137_260214_004236_s1/119868600/ccs,0,2,2,15,199,CAA_interrupted,False,True,False,60
Control_11,m84137_260214_004236_s1/120133134/ccs,0,2,2,15,199,CAA_interrupted,False,True,False,60
Control_11,m84137_260214_004236_s1/107090894/ccs,0,2,2,15,199,CAA_interrupted,False,True,False,60
Control_11,m84137_260214_004236_s1/100469829/ccs,0,2,2,15,199,CAA_interrupted,False,True,False,60
Control_11,m84137_260214_004236_s1/120918158/ccs,0,2,2,15,199,CAA_interrupted,False,True,False,60
Control_11,m84137_260214_004236_s1/104927326/ccs,0,2,2,15,199,CAA_interrupted,False,True,False,60
Control_11,m84137_260214_004236_s1/121181930/ccs,0,2,2,15,199,CAA_interrupted,False,True,False,60
Control_11,m84137_260214_004236_s1/124654368/ccs,0,2,2,15,199,CAA_interrupted,False,True,False,60
Control_11,m84137_260214_004236_s1/124393378/ccs,0,2,2,15,199,CAA_interrupted,False,True,False,60
Control_11,m84137_260214_004236_s1/121640499/ccs,0,2,2,15,199,CAA_interrupted,False,True,False,60
Control_11,m84137_260214_004236_s1/81335431/ccs,0,2,2,15,199,CAA_interrupted,False,True,False,60
Control_11,m84137_260214_004236_s1/108728743/ccs,0,2,2,15,199,CAA_interrupted,False,True,False,60
Control_11,m84137_260214_004236_s1/121968102/ccs,0,2,2,15,199,CAA_interrupted,False,True,False,60
Control_11,m84137_260214_004236_s1/121902471/ccs,0,2,2,15,199,CAA_interrupted,False,True,False,60
Control_11,m84137_260214_004236_s1/129176994/ccs,0,2,2,15,199,CAA_interrupted,False,True,False,60
Control_11,m84137_260214_004236_s1/109385097/ccs,0,2,2,15,199,CAA_interrupted,False,True,False,60
Control_11,m84137_260214_004236_s1/111480856/ccs,0,2,2,15,199,CAA_interrupted,False,True,False,60
Control_11,m84137_260214_004236_s1/111940961/ccs,0,2,2,15,199,CAA_interrupted,False,True,False,60
Control_11,m84137_260214_004236_s1/131535249/ccs,0,2,2,15,199,CAA_interrupted,False,True,False,60
Control_11,m84137_260214_004236_s1/157159885/ccs,0,2,2,15,199,CAA_interrupted,False,True,False,60
Control_11,m84137_260214_004236_s1/140711322/ccs,0,2,2,15,199,CAA_interrupted,False,True,False,60
Control_11,m84137_260214_004236_s1/133893489/ccs,0,2,2,15,199,CAA_interrupted,False,True,False,60
Control_11,m84137_260214_004236_s1/158600417/ccs,0,2,2,15,199,CAA_interrupted,False,True,False,60
Control_11,m84137_260214_004236_s1/142021088/ccs,0,2,2,15,199,CAA_interrupted,False,True,False,60
Control_11,m84137_260214_004236_s1/156241359/ccs,0,2,2,15,199,CAA_interrupted,False,True,False,60
Control_11,m84137_260214_004236_s1/91035089/ccs,0,2,2,15,199,CAA_interrupted,False,True,False,60
Control_11,m84137_260214_004236_s1/179506685/ccs,0,2,2,15,199,CAA_interrupted,False,True,False,60
Control_11,m84137_260214_004236_s1/224792290/ccs,0,2,2,15,199,CAA_interrupted,False,True,False,60
Control_11,m84137_260214_004236_s1/262802503/ccs,0,2,2,15,199,CAA_interrupted,False,True,False,60
Control_11,m84137_260214_004236_s1/251400187/ccs,0,2,2,15,199,CAA_interrupted,False,True,False,60
Control_11,m84137_260214_004236_s1/179503486/ccs,0,3,2,15,199,CAA_interrupted,False,True,False,60
Control_11,m84137_260214_004236_s1/181011720/ccs,0,2,2,15,199,CAA_interrupted,False,True,False,60
Control_11,m84137_260214_004236_s1/210502238/ccs,0,2,2,15,199,CAA_interrupted,False,True,False,60
Control_11,m84137_260214_004236_s1/211028054/ccs,0,2,2,15,199,CAA_interrupted,False,True,False,60
Control_11,m84137_260214_004236_s1/241501637/ccs,0,2,2,15,199,CAA_interrupted,False,True,False,60
Control_11,m84137_260214_004236_s1/22023795/ccs,0,1,2,15,199,fragmented_noisy,False,False,True,60
Control_11,m84137_260214_004236_s1/205854034/ccs,0,2,2,15,199,CAA_interrupted,False,True,False,60
Control_11,m84137_260214_004236_s1/105974722/ccs,0,1,2,15,199,fragmented_noisy,False,False,True,60
Control_11,m84137_260214_004236_s1/179048625/ccs,0,2,2,15,199,CAA_interrupted,False,True,False,60
Control_11,m84137_260214_004236_s1/248517828/ccs,0,2,2,15,199,CAA_interrupted,False,True,False,60
Control_11,m84137_260214_004236_s1/27659024/ccs,0,2,2,15,199,CAA_interrupted,False,True,False,60
Control_11,m84137_260214_004236_s1/168296635/ccs,0,2,2,15,199,CAA_interrupted,False,True,False,60
Control_11,m84137_260214_004236_s1/212074574/ccs,0,3,2,15,199,CAA_interrupted,False,True,False,60
Control_11,m84137_260214_004236_s1/26545455/ccs,0,2,2,15,199,CAA_interrupted,False,True,False,60
Control_11,m84137_260214_004236_s1/28771852/ccs,0,2,2,15,199,CAA_interrupted,False,True,False,60
Control_11,m84137_260214_004236_s1/126288490/ccs,0,2,2,15,199,CAA_interrupted,False,True,False,60
Control_11,m84137_260214_004236_s1/114163758/ccs,0,2,2,15,199,CAA_interrupted,False,True,False,60
Control_11,m84137_260214_004236_s1/209586729/ccs,0,2,2,15,199,CAA_interrupted,False,True,False,60
Control_11,m84137_260214_004236_s1/108401040/ccs,0,2,2,15,199,CAA_interrupted,False,True,False,60
Control_11,m84137_260214_004236_s1/144053482/ccs,0,2,2,15,199,CAA_interrupted,False,True,False,60
Control_11,m84137_260214_004236_s1/18351403/ccs,0,2,2,15,199,CAA_interrupted,False,True,False,60
Control_11,m84137_260214_004236_s1/3672733/ccs,0,2,2,15,199,CAA_interrupted,False,True,False,60
Control_11,m84137_260214_004236_s1/229970171/ccs,0,11,2,15,199,CAA_interrupted,False,True,False,60
Control_11,m84137_260214_004236_s1/149621120/ccs,0,2,2,15,199,CAA_interrupted,False,True,False,60
Control_11,m84137_260214_004236_s1/153031350/ccs,0,2,2,15,199,CAA_interrupted,False,True,False,60
Control_11,m84137_260214_004236_s1/136187996/ccs,0,2,2,15,199,CAA_interrupted,False,True,False,60
Control_11,m84137_260214_004236_s1/140250970/ccs,0,2,2,15,199,CAA_interrupted,False,True,False,60
Control_11,m84137_260214_004236_s1/156571322/ccs,0,2,2,15,199,CAA_interrupted,False,True,False,60
Control_11,m84137_260214_004236_s1/153685281/ccs,0,2,2,15,199,CAA_interrupted,False,True,False,60
Control_11,m84137_260214_004236_s1/140710918/ccs,0,2,2,15,199,CAA_interrupted,False,True,False,60
Control_11,m84137_260214_004236_s1/137041219/ccs,0,2,2,15,199,CAA_interrupted,False,True,False,60
Control_11,m84137_260214_004236_s1/157947761/ccs,0,2,2,15,199,CAA_interrupted,False,True,False,60
Control_11,m84137_260214_004236_s1/158013249/ccs,0,2,2,15,199,CAA_interrupted,False,True,False,60
Control_11,m84137_260214_004236_s1/114692870/ccs,0,2,2,15,199,CAA_interrupted,False,True,False,60
Control_11,m84137_260214_004236_s1/141957036/ccs,0,2,2,15,199,CAA_interrupted,False,True,False,60
Control_11,m84137_260214_004236_s1/142349314/ccs,0,2,2,15,199,CAA_interrupted,False,True,False,60
Control_11,m84137_260214_004236_s1/142611465/ccs,0,2,2,15,199,CAA_interrupted,False,True,False,60
Control_11,m84137_260214_004236_s1/115085844/ccs,0,2,2,15,199,CAA_interrupted,False,True,False,60
Control_11,m84137_260214_004236_s1/142872706/ccs,0,2,2,15,199,CAA_interrupted,False,True,False,60
Control_11,m84137_260214_004236_s1/115480210/ccs,0,2,2,15,199,CAA_interrupted,False,True,False,60
Control_11,m84137_260214_004236_s1/139202424/ccs,0,2,2,15,199,CAA_interrupted,False,True,False,60
Control_11,m84137_260214_004236_s1/116264501/ccs,0,2,2,15,199,CAA_interrupted,False,True,False,60
Control_11,m84137_260214_004236_s1/173608193/ccs,0,2,2,15,199,CAA_interrupted,False,True,False,60
Control_11,m84137_260214_004236_s1/146741009/ccs,0,2,2,15,199,CAA_interrupted,False,True,False,60
Control_11,m84137_260214_004236_s1/187633593/ccs,0,2,2,15,199,CAA_interrupted,False,True,False,60
Control_11,m84137_260214_004236_s1/187831069/ccs,0,2,2,15,199,CAA_interrupted,False,True,False,60
Control_11,m84137_260214_004236_s1/166663246/ccs,0,2,2,15,199,CAA_interrupted,False,True,False,60
Control_11,m84137_260214_004236_s1/175838557/ccs,0,2,2,15,199,CAA_interrupted,False,True,False,60
Control_11,m84137_260214_004236_s1/148245995/ccs,0,2,2,15,199,CAA_interrupted,False,True,False,60
Control_11,m84137_260214_004236_s1/189797152/ccs,0,2,2,15,199,CAA_interrupted,False,True,False,60
Control_11,m84137_260214_004236_s1/177411324/ccs,0,2,2,15,199,CAA_interrupted,False,True,False,60
Control_11,m84137_260214_004236_s1/172428664/ccs,0,2,2,15,199,CAA_interrupted,False,True,False,60
Control_11,m84137_260214_004236_s1/193334517/ccs,0,2,2,15,199,CAA_interrupted,False,True,False,60
Control_11,m84137_260214_004236_s1/177870001/ccs,0,2,2,15,199,CAA_interrupted,False,True,False,60
Control_11,m84137_260214_004236_s1/218566894/ccs,0,2,2,15,199,CAA_interrupted,False,True,False,60
Control_11,m84137_260214_004236_s1/194121171/ccs,0,2,2,15,199,CAA_interrupted,False,True,False,60
Control_11,m84137_260214_004236_s1/197201295/ccs,0,2,2,15,199,CAA_interrupted,False,True,False,60
Control_11,m84137_260214_004236_s1/197135631/ccs,0,2,2,15,199,CAA_interrupted,False,True,False,60
Control_11,m84137_260214_004236_s1/194713396/ccs,0,2,2,15,199,CAA_interrupted,False,True,False,60
Control_11,m84137_260214_004236_s1/197989989/ccs,0,2,2,15,199,CAA_interrupted,False,True,False,60
Control_11,m84137_260214_004236_s1/223941599/ccs,0,2,2,15,199,CAA_interrupted,False,True,False,60
Control_11,m84137_260214_004236_s1/221384569/ccs,0,2,2,15,199,CAA_interrupted,False,True,False,60
Control_11,m84137_260214_004236_s1/221777598/ccs,0,2,2,15,199,CAA_interrupted,False,True,False,60
Control_11,m84137_260214_004236_s1/209393064/ccs,0,2,2,15,199,CAA_interrupted,False,True,False,60
Control_11,m84137_260214_004236_s1/181014350/ccs,0,2,2,15,199,CAA_interrupted,False,True,False,60
Control_11,m84137_260214_004236_s1/209456632/ccs,0,2,2,15,199,CAA_interrupted,False,True,False,60
Control_11,m84137_260214_004236_s1/223155538/ccs,0,2,2,15,199,CAA_interrupted,False,True,False,60
Control_11,m84137_260214_004236_s1/210505673/ccs,0,2,2,15,199,CAA_interrupted,False,True,False,60
Control_11,m84137_260214_004236_s1/225972710/ccs,0,2,2,15,199,CAA_interrupted,False,True,False,60
Control_11,m84137_260214_004236_s1/181933836/ccs,0,2,2,15,199,CAA_interrupted,False,True,False,60
Control_11,m84137_260214_004236_s1/226300927/ccs,0,2,2,15,199,CAA_interrupted,False,True,False,60
Control_11,m84137_260214_004236_s1/251925009/ccs,0,2,2,15,199,CAA_interrupted,False,True,False,60
Control_11,m84137_260214_004236_s1/252318522/ccs,0,5,2,16,199,CAA_interrupted,False,True,False,60
Control_11,m84137_260214_004236_s1/50597658/ccs,0,2,2,15,199,CAA_interrupted,False,True,False,60
Control_11,m84137_260214_004236_s1/12261021/ccs,0,2,2,15,199,CAA_interrupted,False,True,False,60
Control_11,m84137_260214_004236_s1/54463741/ccs,0,2,2,15,199,CAA_interrupted,False,True,False,60
Control_11,m84137_260214_004236_s1/42473145/ccs,0,2,2,15,199,CAA_interrupted,False,True,False,60
Control_11,m84137_260214_004236_s1/44832228/ccs,0,2,2,15,199,CAA_interrupted,False,True,False,60
Control_11,m84137_260214_004236_s1/66392556/ccs,0,2,2,15,199,CAA_interrupted,False,True,False,60
Control_11,m84137_260214_004236_s1/71438171/ccs,0,2,2,15,199,CAA_interrupted,False,True,False,60
Control_11,m84137_260214_004236_s1/74977552/ccs,0,2,2,15,199,CAA_interrupted,False,True,False,60
Control_11,m84137_260214_004236_s1/100995914/ccs,0,2,2,15,199,CAA_interrupted,False,True,False,60
Control_11,m84137_260214_004236_s1/119150359/ccs,0,2,2,15,199,CAA_interrupted,False,True,False,60
Control_11,m84137_260214_004236_s1/120327211/ccs,0,2,2,15,199,CAA_interrupted,False,True,False,60
Control_11,m84137_260214_004236_s1/126160212/ccs,0,2,2,15,199,CAA_interrupted,False,True,False,60
Control_11,m84137_260214_004236_s1/164237248/ccs,0,2,2,15,199,CAA_interrupted,False,True,False,60
Control_11,m84137_260214_004236_s1/170134983/ccs,0,2,2,15,199,CAA_interrupted,False,True,False,60
Control_11,m84137_260214_004236_s1/224924500/ccs,0,2,2,15,199,CAA_interrupted,False,True,False,60
Control_11,m84137_260214_004236_s1/204475522/ccs,0,2,2,15,199,CAA_interrupted,False,True,False,60
Control_11,m84137_260214_004236_s1/230886985/ccs,0,2,2,15,199,CAA_interrupted,False,True,False,60
Control_11,m84137_260214_004236_s1/242027777/ccs,0,2,2,15,199,CAA_interrupted,False,True,False,60
Control_11,m84137_260214_004236_s1/213586668/ccs,0,2,2,15,199,CAA_interrupted,False,True,False,60
Control_11,m84137_260214_004236_s1/242684336/ccs,0,2,2,15,199,CAA_interrupted,False,True,False,60
Control_11,m84137_260214_004236_s1/263591193/ccs,0,2,2,15,199,CAA_interrupted,False,True,False,60
Control_11,m84137_260214_004236_s1/249499195/ccs,0,2,2,15,199,CAA_interrupted,False,True,False,60
Control_11,m84137_260214_004236_s1/11666740/ccs,0,2,2,15,199,CAA_interrupted,False,True,False,60
Control_11,m84137_260214_004236_s1/11796867/ccs,0,2,2,15,199,CAA_interrupted,False,True,False,60
Control_11,m84137_260214_004236_s1/3081466/ccs,0,2,2,15,199,CAA_interrupted,False,True,False,60
Control_11,m84137_260214_004236_s1/12977979/ccs,0,2,2,15,199,CAA_interrupted,False,True,False,60
Control_11,m84137_260214_004236_s1/8063228/ccs,0,2,2,15,199,CAA_interrupted,False,True,False,60
Control_11,m84137_260214_004236_s1/13632378/ccs,0,2,2,15,199,CAA_interrupted,False,True,False,60
Control_11,m84137_260214_004236_s1/20448068/ccs,0,2,2,15,199,CAA_interrupted,False,True,False,60
Control_11,m84137_260214_004236_s1/26281147/ccs,0,2,2,15,199,CAA_interrupted,False,True,False,60
Control_11,m84137_260214_004236_s1/26741710/ccs,0,2,2,15,199,CAA_interrupted,False,True,False,60
Control_11,m84137_260214_004236_s1/31129991/ccs,0,2,2,15,199,CAA_interrupted,False,True,False,60
Control_11,m84137_260214_004236_s1/21234371/ccs,0,2,2,15,199,CAA_interrupted,False,True,False,60
Control_11,m84137_260214_004236_s1/21432438/ccs,0,2,2,15,199,CAA_interrupted,False,True,False,60
Control_11,m84137_260214_004236_s1/15009470/ccs,0,2,2,15,199,CAA_interrupted,False,True,False,60
Control_11,m84137_260214_004236_s1/21955249/ccs,0,2,2,15,199,CAA_interrupted,False,True,False,60
Control_11,m84137_260214_004236_s1/34670170/ccs,0,2,2,15,199,CAA_interrupted,False,True,False,60
Control_11,m84137_260214_004236_s1/34603220/ccs,0,2,2,15,199,CAA_interrupted,False,True,False,60
Control_11,m84137_260214_004236_s1/31852090/ccs,0,2,2,15,199,CAA_interrupted,False,True,False,60
Control_11,m84137_260214_004236_s1/50397966/ccs,0,2,2,15,199,CAA_interrupted,False,True,False,60
Control_11,m84137_260214_004236_s1/15859944/ccs,0,2,2,15,199,CAA_interrupted,False,True,False,60
Control_11,m84137_260214_004236_s1/39453565/ccs,0,2,2,15,199,CAA_interrupted,False,True,False,60
Control_11,m84137_260214_004236_s1/51512478/ccs,0,2,2,15,199,CAA_interrupted,False,True,False,60
Control_11,m84137_260214_004236_s1/45286575/ccs,0,2,2,15,199,CAA_interrupted,False,True,False,60
Control_11,m84137_260214_004236_s1/51904776/ccs,0,2,2,15,199,CAA_interrupted,False,True,False,60
Control_11,m84137_260214_004236_s1/45744561/ccs,0,2,2,15,199,CAA_interrupted,False,True,False,60
Control_11,m84137_260214_004236_s1/45680296/ccs,0,2,2,15,199,CAA_interrupted,False,True,False,60
Control_11,m84137_260214_004236_s1/52232508/ccs,0,2,2,15,199,CAA_interrupted,False,True,False,60
Control_11,m84137_260214_004236_s1/43715796/ccs,0,3,2,15,199,CAA_interrupted,False,True,False,60
Control_11,m84137_260214_004236_s1/73207501/ccs,0,3,2,15,199,CAA_interrupted,False,True,False,60
Control_11,m84137_260214_004236_s1/176362685/ccs,0,2,2,15,199,CAA_interrupted,False,True,False,60
Control_11,m84137_260214_004236_s1/62391466/ccs,0,2,2,15,199,CAA_interrupted,False,True,False,60
Control_11,m84137_260214_004236_s1/199229668/ccs,0,2,2,15,199,CAA_interrupted,False,True,False,60
Control_11,m84137_260214_004236_s1/9898346/ccs,0,3,2,15,199,CAA_interrupted,False,True,False,60
Control_11,m84137_260214_004236_s1/211485517/ccs,0,2,2,15,199,CAA_interrupted,False,True,False,60
Control_11,m84137_260214_004236_s1/230622414/ccs,0,2,2,15,199,CAA_interrupted,False,True,False,60
Control_11,m84137_260214_004236_s1/16518254/ccs,0,2,2,15,199,CAA_interrupted,False,True,False,60
Control_11,m84137_260214_004236_s1/173280689/ccs,0,2,2,15,199,CAA_interrupted,False,True,False,60
Control_11,m84137_260214_004236_s1/130222708/ccs,0,2,2,15,199,CAA_interrupted,False,True,False,60
Control_11,m84137_260214_004236_s1/240911448/ccs,0,4,2,15,199,CAA_interrupted,False,True,False,60
Control_11,m84137_260214_004236_s1/236127228/ccs,0,4,2,15,199,CAA_interrupted,False,True,False,60
Control_11,m84137_260214_004236_s1/9901296/ccs,0,2,2,15,199,CAA_interrupted,False,True,False,60
Control_11,m84137_260214_004236_s1/132975743/ccs,0,2,2,15,199,CAA_interrupted,False,True,False,60
Control_11,m84137_260214_004236_s1/146544528/ccs,0,2,2,15,199,CAA_interrupted,False,True,False,60
Control_11,m84137_260214_004236_s1/223481330/ccs,0,2,2,15,199,CAA_interrupted,False,True,False,60
Control_11,m84137_260214_004236_s1/11208283/ccs,0,2,2,15,199,CAA_interrupted,False,True,False,60
Control_11,m84137_260214_004236_s1/17042043/ccs,0,2,2,15,199,CAA_interrupted,False,True,False,60
Control_11,m84137_260214_004236_s1/18810771/ccs,0,2,2,15,199,CAA_interrupted,False,True,False,60
Control_11,m84137_260214_004236_s1/24576228/ccs,0,2,2,15,199,CAA_interrupted,False,True,False,60
Control_11,m84137_260214_004236_s1/4915378/ccs,0,2,2,15,199,CAA_interrupted,False,True,False,60
Control_11,m84137_260214_004236_s1/14091338/ccs,0,2,2,15,199,CAA_interrupted,False,True,False,60
Control_11,m84137_260214_004236_s1/31982166/ccs,0,2,2,15,199,CAA_interrupted,False,True,False,60
Control_11,m84137_260214_004236_s1/11010231/ccs,0,2,2,15,199,CAA_interrupted,False,True,False,60
Control_11,m84137_260214_004236_s1/45024412/ccs,0,2,2,15,199,CAA_interrupted,False,True,False,60
Control_11,m84137_260214_004236_s1/45680266/ccs,0,2,2,15,199,CAA_interrupted,False,True,False,60
Control_11,m84137_260214_004236_s1/41288940/ccs,0,2,2,15,199,CAA_interrupted,False,True,False,60
Control_11,m84137_260214_004236_s1/62720304/ccs,0,2,2,15,199,CAA_interrupted,False,True,False,60
Control_11,m84137_260214_004236_s1/60752536/ccs,0,2,2,15,199,CAA_interrupted,False,True,False,60
Control_11,m84137_260214_004236_s1/64227748/ccs,0,2,2,15,199,CAA_interrupted,False,True,False,60
Control_11,m84137_260214_004236_s1/73467681/ccs,0,2,2,15,199,CAA_interrupted,False,True,False,60
Control_11,m84137_260214_004236_s1/74907813/ccs,0,2,2,15,199,CAA_interrupted,False,True,False,60
Control_11,m84137_260214_004236_s1/70583042/ccs,0,2,2,15,199,CAA_interrupted,False,True,False,60
Control_11,m84137_260214_004236_s1/87034304/ccs,0,2,2,15,199,CAA_interrupted,False,True,False,60
Control_11,m84137_260214_004236_s1/77728095/ccs,0,2,2,15,199,CAA_interrupted,False,True,False,60
Control_11,m84137_260214_004236_s1/83364201/ccs,0,2,2,15,199,CAA_interrupted,False,True,False,60
Control_11,m84137_260214_004236_s1/104270067/ccs,0,2,2,15,199,CAA_interrupted,False,True,False,60
Control_11,m84137_260214_004236_s1/104794397/ccs,0,2,2,15,199,CAA_interrupted,False,True,False,60
Control_11,m84137_260214_004236_s1/151060603/ccs,0,2,2,15,199,CAA_interrupted,False,True,False,60
Control_11,m84137_260214_004236_s1/152305950/ccs,0,2,2,15,199,CAA_interrupted,False,True,False,60
Control_11,m84137_260214_004236_s1/132514264/ccs,0,2,2,15,199,CAA_interrupted,False,True,False,60
Control_11,m84137_260214_004236_s1/136905710/ccs,0,2,2,15,199,CAA_interrupted,False,True,False,60
Control_11,m84137_260214_004236_s1/159123603/ccs,0,2,2,15,199,CAA_interrupted,False,True,False,60
Control_11,m84137_260214_004236_s1/155191035/ccs,0,2,2,15,199,CAA_interrupted,False,True,False,60
Control_11,m84137_260214_004236_s1/143328225/ccs,0,2,2,15,199,CAA_interrupted,False,True,False,60
Control_11,m84137_260214_004236_s1/144638085/ccs,0,2,2,15,199,CAA_interrupted,False,True,False,60
Control_11,m84137_260214_004236_s1/190778116/ccs,0,2,2,15,199,CAA_interrupted,False,True,False,60
Control_11,m84137_260214_004236_s1/191039401/ccs,0,2,2,15,199,CAA_interrupted,False,True,False,60
Control_11,m84137_260214_004236_s1/191234590/ccs,0,2,2,15,199,CAA_interrupted,False,True,False,60
Control_11,m84137_260214_004236_s1/182061315/ccs,0,2,2,15,199,CAA_interrupted,False,True,False,60
Control_11,m84137_260214_004236_s1/207553944/ccs,0,2,2,15,199,CAA_interrupted,False,True,False,60
Control_11,m84137_260214_004236_s1/201132257/ccs,0,2,2,15,199,CAA_interrupted,False,True,False,60
Control_11,m84137_260214_004236_s1/222758332/ccs,0,2,2,15,199,CAA_interrupted,False,True,False,60
Control_11,m84137_260214_004236_s1/231540038/ccs,0,2,2,15,199,CAA_interrupted,False,True,False,60
Control_11,m84137_260214_004236_s1/256246554/ccs,0,2,2,15,199,CAA_interrupted,False,True,False,60
Control_11,m84137_260214_004236_s1/217252943/ccs,0,2,2,15,199,CAA_interrupted,False,True,False,60
Control_11,m84137_260214_004236_s1/237896283/ccs,0,2,2,15,199,CAA_interrupted,False,True,False,60
Control_11,m84137_260214_004236_s1/6165738/ccs,0,2,2,15,199,CAA_interrupted,False,True,False,60
Control_11,m84137_260214_004236_s1/5968520/ccs,0,2,2,15,199,CAA_interrupted,False,True,False,60
Control_11,m84137_260214_004236_s1/28774746/ccs,0,2,2,15,199,CAA_interrupted,False,True,False,60
Control_11,m84137_260214_004236_s1/113836257/ccs,0,2,2,15,199,CAA_interrupted,False,True,False,60
Control_11,m84137_260214_004236_s1/131204725/ccs,0,2,2,15,199,CAA_interrupted,False,True,False,60
Control_11,m84137_260214_004236_s1/114297654/ccs,0,2,2,15,199,CAA_interrupted,False,True,False,60
Control_11,m84137_260214_004236_s1/114165454/ccs,0,2,2,15,199,CAA_interrupted,False,True,False,60
Control_11,m84137_260214_004236_s1/131662415/ccs,0,2,2,15,199,CAA_interrupted,False,True,False,60
Control_11,m84137_260214_004236_s1/127993461/ccs,0,2,2,15,199,CAA_interrupted,False,True,False,60
Control_11,m84137_260214_004236_s1/152046088/ccs,0,2,2,15,199,CAA_interrupted,False,True,False,60
Control_11,m84137_260214_004236_s1/139985531/ccs,0,2,2,15,199,CAA_interrupted,False,True,False,60
Control_11,m84137_260214_004236_s1/153159867/ccs,0,2,2,15,199,CAA_interrupted,False,True,False,60
Control_11,m84137_260214_004236_s1/115213479/ccs,0,2,2,15,199,CAA_interrupted,False,True,False,60
Control_11,m84137_260214_004236_s1/115673933/ccs,0,2,2,15,199,CAA_interrupted,False,True,False,60
Control_11,m84137_260214_004236_s1/141035355/ccs,0,2,2,15,199,CAA_interrupted,False,True,False,60
Control_11,m84137_260214_004236_s1/162204395/ccs,0,2,2,15,199,CAA_interrupted,False,True,False,60
Control_11,m84137_260214_004236_s1/158860161/ccs,0,2,2,15,199,CAA_interrupted,False,True,False,60
Control_11,m84137_260214_004236_s1/141362933/ccs,0,2,2,15,199,CAA_interrupted,False,True,False,60
Control_11,m84137_260214_004236_s1/138215491/ccs,0,2,2,15,199,CAA_interrupted,False,True,False,60
Control_11,m84137_260214_004236_s1/162792791/ccs,0,2,2,15,199,CAA_interrupted,False,True,False,60
Control_11,m84137_260214_004236_s1/138806754/ccs,0,2,2,15,199,CAA_interrupted,False,True,False,60
Control_11,m84137_260214_004236_s1/163186723/ccs,0,2,2,15,199,CAA_interrupted,False,True,False,60
Control_11,m84137_260214_004236_s1/145755074/ccs,0,2,2,15,199,CAA_interrupted,False,True,False,60
Control_11,m84137_260214_004236_s1/155452673/ccs,0,2,2,15,199,CAA_interrupted,False,True,False,60
Control_11,m84137_260214_004236_s1/139788809/ccs,0,2,2,15,199,CAA_interrupted,False,True,False,60
Control_11,m84137_260214_004236_s1/168559456/ccs,0,2,2,15,199,CAA_interrupted,False,True,False,60
Control_11,m84137_260214_004236_s1/168952651/ccs,0,2,2,15,199,CAA_interrupted,False,True,False,60
Control_11,m84137_260214_004236_s1/166267876/ccs,0,2,2,15,199,CAA_interrupted,False,True,False,60
Control_11,m84137_260214_004236_s1/185926197/ccs,0,2,2,15,199,CAA_interrupted,False,True,False,60
Control_11,m84137_260214_004236_s1/173672600/ccs,0,2,2,15,199,CAA_interrupted,False,True,False,60
Control_11,m84137_260214_004236_s1/166659780/ccs,0,2,2,15,199,CAA_interrupted,False,True,False,60
Control_11,m84137_260214_004236_s1/186845676/ccs,0,2,2,15,199,CAA_interrupted,False,True,False,60
Control_11,m84137_260214_004236_s1/169935533/ccs,0,2,2,15,199,CAA_interrupted,False,True,False,60
Control_11,m84137_260214_004236_s1/191104598/ccs,0,2,2,15,199,CAA_interrupted,False,True,False,60
Control_11,m84137_260214_004236_s1/167577610/ccs,0,2,2,15,199,CAA_interrupted,False,True,False,60
Control_11,m84137_260214_004236_s1/187302285/ccs,0,2,2,15,199,CAA_interrupted,False,True,False,60
Control_11,m84137_260214_004236_s1/187237022/ccs,0,2,2,15,199,CAA_interrupted,False,True,False,60
Control_11,m84137_260214_004236_s1/191236645/ccs,0,2,2,15,199,CAA_interrupted,False,True,False,60
Control_11,m84137_260214_004236_s1/191302189/ccs,0,2,2,15,199,CAA_interrupted,False,True,False,60
Control_11,m84137_260214_004236_s1/170787423/ccs,0,2,2,15,199,CAA_interrupted,False,True,False,60
Control_11,m84137_260214_004236_s1/150012552/ccs,0,2,2,15,199,CAA_interrupted,False,True,False,60
Control_11,m84137_260214_004236_s1/150144130/ccs,0,2,2,15,199,CAA_interrupted,False,True,False,60
Control_11,m84137_260214_004236_s1/191759785/ccs,0,2,2,15,199,CAA_interrupted,False,True,False,60
Control_11,m84137_260214_004236_s1/150801310/ccs,0,2,2,15,199,CAA_interrupted,False,True,False,60
Control_11,m84137_260214_004236_s1/179112920/ccs,0,2,2,15,199,CAA_interrupted,False,True,False,60
Control_11,m84137_260214_004236_s1/196937504/ccs,0,2,2,15,199,CAA_interrupted,False,True,False,60
Control_11,m84137_260214_004236_s1/176753264/ccs,0,2,2,15,199,CAA_interrupted,False,True,False,60
Control_11,m84137_260214_004236_s1/197394733/ccs,0,2,2,15,199,CAA_interrupted,False,True,False,60
Control_11,m84137_260214_004236_s1/218302603/ccs,0,2,2,15,199,CAA_interrupted,False,True,False,60
Control_11,m84137_260214_004236_s1/172884280/ccs,0,2,2,15,199,CAA_interrupted,False,True,False,60
Control_11,m84137_260214_004236_s1/173147559/ccs,0,2,2,15,199,CAA_interrupted,False,True,False,60
Control_11,m84137_260214_004236_s1/180945614/ccs,0,2,2,15,199,CAA_interrupted,False,True,False,60
Control_11,m84137_260214_004236_s1/36700760/ccs,0,2,2,15,199,CAA_interrupted,False,True,False,60
Control_11,m84137_260214_004236_s1/58460290/ccs,0,2,2,15,199,CAA_interrupted,False,True,False,60
Control_11,m84137_260214_004236_s1/36898855/ccs,0,2,2,15,199,CAA_interrupted,False,True,False,60
Control_11,m84137_260214_004236_s1/46073358/ccs,0,2,2,15,199,CAA_interrupted,False,True,False,60
Control_11,m84137_260214_004236_s1/59244671/ccs,0,2,2,15,199,CAA_interrupted,False,True,False,60
Control_11,m84137_260214_004236_s1/46335673/ccs,0,2,2,15,199,CAA_interrupted,False,True,False,60
Control_11,m84137_260214_004236_s1/37685776/ccs,0,2,2,15,199,CAA_interrupted,False,True,False,60
Control_11,m84137_260214_004236_s1/38535352/ccs,0,2,2,15,199,CAA_interrupted,False,True,False,60
Control_11,m84137_260214_004236_s1/47515425/ccs,0,2,2,15,199,CAA_interrupted,False,True,False,60
Control_11,m84137_260214_004236_s1/63767260/ccs,0,2,2,15,199,CAA_interrupted,False,True,False,60
Control_11,m84137_260214_004236_s1/48104839/ccs,0,2,2,15,199,CAA_interrupted,False,True,False,60
Control_11,m84137_260214_004236_s1/44303375/ccs,0,2,2,15,199,CAA_interrupted,False,True,False,60
Control_11,m84137_260214_004236_s1/89852894/ccs,0,2,2,15,199,CAA_interrupted,False,True,False,60
Control_11,m84137_260214_004236_s1/90114139/ccs,0,2,2,15,199,CAA_interrupted,False,True,False,60
Control_11,m84137_260214_004236_s1/72681824/ccs,0,2,2,15,199,CAA_interrupted,False,True,False,60
Control_11,m84137_260214_004236_s1/65667476/ccs,0,2,2,15,199,CAA_interrupted,False,True,False,60
Control_11,m84137_260214_004236_s1/84085694/ccs,0,2,2,15,199,CAA_interrupted,False,True,False,60
Control_11,m84137_260214_004236_s1/91030788/ccs,0,2,2,15,199,CAA_interrupted,False,True,False,60
Control_11,m84137_260214_004236_s1/69469321/ccs,0,2,2,15,199,CAA_interrupted,False,True,False,60
Control_11,m84137_260214_004236_s1/66456503/ccs,0,2,2,15,199,CAA_interrupted,False,True,False,60
Control_11,m84137_260214_004236_s1/74188295/ccs,0,2,2,15,199,CAA_interrupted,False,True,False,60
Control_11,m84137_260214_004236_s1/85525409/ccs,0,2,2,15,199,CAA_interrupted,False,True,False,60
Control_11,m84137_260214_004236_s1/78449402/ccs,0,2,2,15,199,CAA_interrupted,False,True,False,60
Control_11,m84137_260214_004236_s1/91948868/ccs,0,2,2,15,199,CAA_interrupted,False,True,False,60
Control_11,m84137_260214_004236_s1/70322514/ccs,0,2,2,15,199,CAA_interrupted,False,True,False,60
Control_11,m84137_260214_004236_s1/85985807/ccs,0,2,2,15,199,CAA_interrupted,False,True,False,60
Control_11,m84137_260214_004236_s1/75500361/ccs,0,3,2,15,199,CAA_interrupted,False,True,False,60
Control_11,m84137_260214_004236_s1/75565541/ccs,0,2,2,15,199,CAA_interrupted,False,True,False,60
Control_11,m84137_260214_004236_s1/96011115/ccs,0,2,2,15,199,CAA_interrupted,False,True,False,60
Control_11,m84137_260214_004236_s1/86509753/ccs,0,2,2,15,199,CAA_interrupted,False,True,False,60
Control_11,m84137_260214_004236_s1/76480843/ccs,0,2,2,15,199,CAA_interrupted,False,True,False,60
Control_11,m84137_260214_004236_s1/80478835/ccs,0,2,2,15,199,CAA_interrupted,False,True,False,60
Control_11,m84137_260214_004236_s1/98110070/ccs,0,2,2,15,199,CAA_interrupted,False,True,False,60
Control_11,m84137_260214_004236_s1/101188001/ccs,0,2,2,15,199,CAA_interrupted,False,True,False,60
Control_11,m84137_260214_004236_s1/89131754/ccs,0,2,2,15,199,CAA_interrupted,False,True,False,60
Control_11,m84137_260214_004236_s1/118426004/ccs,0,2,2,15,199,CAA_interrupted,False,True,False,60
Control_11,m84137_260214_004236_s1/100008484/ccs,0,2,2,15,199,CAA_interrupted,False,True,False,60
Control_11,m84137_260214_004236_s1/106956814/ccs,0,2,2,15,199,CAA_interrupted,False,True,False,60
Control_11,m84137_260214_004236_s1/124062478/ccs,0,2,2,15,199,CAA_interrupted,False,True,False,60
Control_11,m84137_260214_004236_s1/103221124/ccs,0,2,2,15,199,CAA_interrupted,False,True,False,60
Control_11,m84137_260214_004236_s1/103221831/ccs,0,2,2,15,199,CAA_interrupted,False,True,False,60
Control_11,m84137_260214_004236_s1/108397055/ccs,0,2,2,15,199,CAA_interrupted,False,True,False,60
Control_11,m84137_260214_004236_s1/124979570/ccs,0,2,2,15,199,CAA_interrupted,False,True,False,60
Control_11,m84137_260214_004236_s1/125241740/ccs,0,2,2,15,199,CAA_interrupted,False,True,False,60
Control_11,m84137_260214_004236_s1/129172193/ccs,0,2,2,15,199,CAA_interrupted,False,True,False,60
Control_11,m84137_260214_004236_s1/104596456/ccs,0,2,2,15,199,CAA_interrupted,False,True,False,60
Control_11,m84137_260214_004236_s1/121438657/ccs,0,2,2,15,199,CAA_interrupted,False,True,False,60
Control_11,m84137_260214_004236_s1/130023805/ccs,0,2,2,15,199,CAA_interrupted,False,True,False,60
Control_11,m84137_260214_004236_s1/252188174/ccs,0,2,2,15,199,CAA_interrupted,False,True,False,60
Control_11,m84137_260214_004236_s1/183177440/ccs,0,2,2,15,199,CAA_interrupted,False,True,False,60
Control_11,m84137_260214_004236_s1/206837380/ccs,0,2,2,15,199,CAA_interrupted,False,True,False,60
Control_11,m84137_260214_004236_s1/206771740/ccs,0,2,2,15,199,CAA_interrupted,False,True,False,60
Control_11,m84137_260214_004236_s1/227478767/ccs,0,2,2,15,199,CAA_interrupted,False,True,False,60
Control_11,m84137_260214_004236_s1/235083170/ccs,0,2,2,15,199,CAA_interrupted,False,True,False,60
Control_11,m84137_260214_004236_s1/228333116/ccs,0,2,2,15,199,CAA_interrupted,False,True,False,60
Control_11,m84137_260214_004236_s1/254482118/ccs,0,2,2,15,199,CAA_interrupted,False,True,False,60
Control_11,m84137_260214_004236_s1/232722207/ccs,0,2,2,15,199,CAA_interrupted,False,True,False,60
Control_11,m84137_260214_004236_s1/242814283/ccs,0,2,2,15,199,CAA_interrupted,False,True,False,60
Control_11,m84137_260214_004236_s1/213980062/ccs,0,2,2,15,199,CAA_interrupted,False,True,False,60
Control_11,m84137_260214_004236_s1/233640669/ccs,0,2,2,15,199,CAA_interrupted,False,True,False,60
Control_11,m84137_260214_004236_s1/234493589/ccs,0,2,2,15,199,CAA_interrupted,False,True,False,60
Control_11,m84137_260214_004236_s1/244649504/ccs,0,2,2,15,199,CAA_interrupted,False,True,False,60
Control_11,m84137_260214_004236_s1/217519124/ccs,0,2,2,15,199,CAA_interrupted,False,True,False,60
Control_11,m84137_260214_004236_s1/261623428/ccs,0,2,2,15,199,CAA_interrupted,False,True,False,60
Control_11,m84137_260214_004236_s1/261690836/ccs,0,2,2,15,199,CAA_interrupted,False,True,False,60
Control_11,m84137_260214_004236_s1/264836905/ccs,0,2,2,15,199,CAA_interrupted,False,True,False,60
Control_11,m84137_260214_004236_s1/265162760/ccs,0,2,2,15,199,CAA_interrupted,False,True,False,60
Control_11,m84137_260214_004236_s1/266145542/ccs,0,2,2,15,199,CAA_interrupted,False,True,False,60
Control_11,m84137_260214_004236_s1/56688788/ccs,0,2,2,15,199,CAA_interrupted,False,True,False,60
Control_11,m84137_260214_004236_s1/74384054/ccs,0,3,2,15,199,CAA_interrupted,False,True,False,60
Control_11,m84137_260214_004236_s1/85001635/ccs,0,2,2,15,199,CAA_interrupted,False,True,False,60
Control_11,m84137_260214_004236_s1/113705026/ccs,0,2,2,15,199,CAA_interrupted,False,True,False,60
Control_11,m84137_260214_004236_s1/152372110/ccs,0,2,2,15,199,CAA_interrupted,False,True,False,60
Control_11,m84137_260214_004236_s1/136643184/ccs,0,2,2,15,199,CAA_interrupted,False,True,False,60
Control_11,m84137_260214_004236_s1/163054456/ccs,0,2,2,15,199,CAA_interrupted,False,True,False,60
Control_11,m84137_260214_004236_s1/169083583/ccs,0,2,2,15,199,CAA_interrupted,False,True,False,60
Control_11,m84137_260214_004236_s1/167510968/ccs,0,2,2,15,199,CAA_interrupted,False,True,False,60
Control_11,m84137_260214_004236_s1/176097633/ccs,0,2,2,15,199,CAA_interrupted,False,True,False,60
Control_11,m84137_260214_004236_s1/179372356/ccs,0,2,2,15,199,CAA_interrupted,False,True,False,60
Control_11,m84137_260214_004236_s1/193071131/ccs,0,2,2,15,199,CAA_interrupted,False,True,False,60
Control_11,m84137_260214_004236_s1/193464775/ccs,0,2,2,15,199,CAA_interrupted,False,True,False,60
Control_11,m84137_260214_004236_s1/224724060/ccs,0,2,2,15,199,CAA_interrupted,False,True,False,60
Control_11,m84137_260214_004236_s1/209388676/ccs,0,2,2,15,199,CAA_interrupted,False,True,False,60
Control_11,m84137_260214_004236_s1/241566332/ccs,0,2,2,15,199,CAA_interrupted,False,True,False,60
Control_11,m84137_260214_004236_s1/237175684/ccs,0,2,2,15,199,CAA_interrupted,False,True,False,60
Control_11,m84137_260214_004236_s1/239077080/ccs,0,2,2,15,199,CAA_interrupted,False,True,False,60
Control_11,m84137_260214_004236_s1/265094145/ccs,0,2,2,15,199,CAA_interrupted,False,True,False,60
Control_11,m84137_260214_004236_s1/18812639/ccs,0,2,2,15,199,CAA_interrupted,False,True,False,60
Control_11,m84137_260214_004236_s1/19992217/ccs,0,2,2,15,199,CAA_interrupted,False,True,False,60
Control_11,m84137_260214_004236_s1/7541189/ccs,0,2,2,15,199,CAA_interrupted,False,True,False,60
Control_11,m84137_260214_004236_s1/54006640/ccs,0,2,2,15,199,CAA_interrupted,False,True,False,60
Control_11,m84137_260214_004236_s1/15734113/ccs,0,2,2,15,199,CAA_interrupted,False,True,False,60
Control_11,m84137_260214_004236_s1/63836458/ccs,0,2,2,15,199,CAA_interrupted,False,True,False,60
Control_11,m84137_260214_004236_s1/93589980/ccs,0,2,2,15,199,CAA_interrupted,False,True,False,60
Control_11,m84137_260214_004236_s1/132781493/ccs,0,2,2,15,199,CAA_interrupted,False,True,False,60
Control_11,m84137_260214_004236_s1/132780855/ccs,0,2,2,15,199,CAA_interrupted,False,True,False,60
Control_11,m84137_260214_004236_s1/192418038/ccs,0,2,2,15,199,CAA_interrupted,False,True,False,60
Control_11,m84137_260214_004236_s1/178913621/ccs,0,2,2,15,199,CAA_interrupted,False,True,False,60
Control_11,m84137_260214_004236_s1/199164772/ccs,0,2,2,15,199,CAA_interrupted,False,True,False,60
Control_11,m84137_260214_004236_s1/202115546/ccs,0,2,2,15,199,CAA_interrupted,False,True,False,60
Control_11,m84137_260214_004236_s1/202244548/ccs,0,2,2,15,199,CAA_interrupted,False,True,False,60
Control_11,m84137_260214_004236_s1/181405251/ccs,0,2,2,15,199,CAA_interrupted,False,True,False,60
Control_11,m84137_260214_004236_s1/207750554/ccs,0,2,2,15,199,CAA_interrupted,False,True,False,60
Control_11,m84137_260214_004236_s1/200608497/ccs,0,2,2,15,199,CAA_interrupted,False,True,False,60
Control_11,m84137_260214_004236_s1/221643430/ccs,0,2,2,15,199,CAA_interrupted,False,True,False,60
Control_11,m84137_260214_004236_s1/204145347/ccs,0,2,2,15,199,CAA_interrupted,False,True,False,60
Control_11,m84137_260214_004236_s1/183633109/ccs,0,2,2,15,199,CAA_interrupted,False,True,False,60
Control_11,m84137_260214_004236_s1/209258432/ccs,0,2,2,15,199,CAA_interrupted,False,True,False,60
Control_11,m84137_260214_004236_s1/204210396/ccs,0,2,2,15,199,CAA_interrupted,False,True,False,60
Control_11,m84137_260214_004236_s1/209454783/ccs,0,2,2,15,199,CAA_interrupted,False,True,False,60
Control_11,m84137_260214_004236_s1/209585718/ccs,0,2,2,15,199,CAA_interrupted,False,True,False,60
Control_11,m84137_260214_004236_s1/222693740/ccs,0,2,2,15,199,CAA_interrupted,False,True,False,60
Control_11,m84137_260214_004236_s1/225905077/ccs,0,2,2,15,199,CAA_interrupted,False,True,False,60
Control_11,m84137_260214_004236_s1/223085036/ccs,0,2,2,15,199,CAA_interrupted,False,True,False,60
Control_11,m84137_260214_004236_s1/226625417/ccs,0,2,2,15,199,CAA_interrupted,False,True,False,60
Control_11,m84137_260214_004236_s1/212862570/ccs,0,2,2,15,199,CAA_interrupted,False,True,False,60
Control_11,m84137_260214_004236_s1/205456560/ccs,0,2,2,15,199,CAA_interrupted,False,True,False,60
Control_11,m84137_260214_004236_s1/251855899/ccs,0,2,2,15,199,CAA_interrupted,False,True,False,60
Control_11,m84137_260214_004236_s1/230883748/ccs,0,2,2,15,199,CAA_interrupted,False,True,False,60
Control_11,m84137_260214_004236_s1/213191573/ccs,0,2,2,15,199,CAA_interrupted,False,True,False,60
Control_11,m84137_260214_004236_s1/211747932/ccs,0,2,2,15,199,CAA_interrupted,False,True,False,60
Control_11,m84137_260214_004236_s1/211944308/ccs,0,2,2,15,199,CAA_interrupted,False,True,False,60
Control_11,m84137_260214_004236_s1/252445578/ccs,0,2,2,15,199,CAA_interrupted,False,True,False,60
Control_11,m84137_260214_004236_s1/235209877/ccs,0,2,2,15,199,CAA_interrupted,False,True,False,60
Control_11,m84137_260214_004236_s1/232785064/ccs,0,2,2,15,199,CAA_interrupted,False,True,False,60
Control_11,m84137_260214_004236_s1/232720813/ccs,0,2,2,15,199,CAA_interrupted,False,True,False,60
Control_11,m84137_260214_004236_s1/214894453/ccs,0,2,2,15,199,CAA_interrupted,False,True,False,60
Control_11,m84137_260214_004236_s1/255003519/ccs,0,2,2,15,199,CAA_interrupted,False,True,False,60
Control_11,m84137_260214_004236_s1/236914212/ccs,0,2,2,15,199,CAA_interrupted,False,True,False,60
Control_11,m84137_260214_004236_s1/236980363/ccs,0,2,2,15,199,CAA_interrupted,False,True,False,60
Control_11,m84137_260214_004236_s1/255656436/ccs,0,2,2,15,199,CAA_interrupted,False,True,False,60
Control_11,m84137_260214_004236_s1/216860711/ccs,0,2,2,15,199,CAA_interrupted,False,True,False,60
Control_11,m84137_260214_004236_s1/237634799/ccs,0,2,2,15,199,CAA_interrupted,False,True,False,60
Control_11,m84137_260214_004236_s1/255985815/ccs,0,2,2,15,199,CAA_interrupted,False,True,False,60
Control_11,m84137_260214_004236_s1/243075077/ccs,0,2,2,15,199,CAA_interrupted,False,True,False,60
Control_11,m84137_260214_004236_s1/243597711/ccs,0,2,2,15,199,CAA_interrupted,False,True,False,60
Control_11,m84137_260214_004236_s1/16912836/ccs,0,2,2,15,199,CAA_interrupted,False,True,False,60
Control_11,m84137_260214_004236_s1/246942192/ccs,0,2,2,15,199,CAA_interrupted,False,True,False,60
Control_11,m84137_260214_004236_s1/247138302/ccs,0,2,2,15,199,CAA_interrupted,False,True,False,60
Control_11,m84137_260214_004236_s1/247988561/ccs,0,2,2,15,199,CAA_interrupted,False,True,False,60
Control_11,m84137_260214_004236_s1/245629294/ccs,0,2,2,15,199,CAA_interrupted,False,True,False,60
Control_11,m84137_260214_004236_s1/19207515/ccs,0,2,2,15,199,CAA_interrupted,False,True,False,60
Control_11,m84137_260214_004236_s1/248776119/ccs,0,2,2,15,199,CAA_interrupted,False,True,False,60
Control_11,m84137_260214_004236_s1/23531197/ccs,0,2,2,15,199,CAA_interrupted,False,True,False,60
Control_11,m84137_260214_004236_s1/19992534/ccs,0,2,2,15,199,CAA_interrupted,False,True,False,60
Control_11,m84137_260214_004236_s1/3738928/ccs,0,2,2,15,199,CAA_interrupted,False,True,False,60
Control_11,m84137_260214_004236_s1/7737297/ccs,0,2,2,15,199,CAA_interrupted,False,True,False,60
Control_11,m84137_260214_004236_s1/25630250/ccs,0,2,2,15,199,CAA_interrupted,False,True,False,60
Control_11,m84137_260214_004236_s1/251005428/ccs,0,2,2,15,199,CAA_interrupted,False,True,False,60
Control_11,m84137_260214_004236_s1/30150190/ccs,0,2,2,15,199,CAA_interrupted,False,True,False,60
Control_11,m84137_260214_004236_s1/30412144/ccs,0,2,2,15,199,CAA_interrupted,False,True,False,60
Control_11,m84137_260214_004236_s1/11604632/ccs,0,2,2,15,199,CAA_interrupted,False,True,False,60
Control_11,m84137_260214_004236_s1/11604060/ccs,0,2,2,15,199,CAA_interrupted,False,True,False,60
Control_11,m84137_260214_004236_s1/30478079/ccs,0,2,2,15,199,CAA_interrupted,False,True,False,60
Control_11,m84137_260214_004236_s1/56234955/ccs,0,2,2,15,199,CAA_interrupted,False,True,False,60
Control_11,m84137_260214_004236_s1/13372678/ccs,0,2,2,15,199,CAA_interrupted,False,True,False,60
Control_11,m84137_260214_004236_s1/39718689/ccs,0,2,2,15,199,CAA_interrupted,False,True,False,60
Control_11,m84137_260214_004236_s1/38147341/ccs,0,2,2,15,199,CAA_interrupted,False,True,False,60
Control_11,m84137_260214_004236_s1/38736770/ccs,0,2,2,15,199,CAA_interrupted,False,True,False,60
Control_11,m84137_260214_004236_s1/61541792/ccs,0,2,2,15,199,CAA_interrupted,False,True,False,60
Control_11,m84137_260214_004236_s1/14095119/ccs,0,2,2,15,199,CAA_interrupted,False,True,False,60
Control_11,m84137_260214_004236_s1/62002307/ccs,0,2,2,15,199,CAA_interrupted,False,True,False,60
Control_11,m84137_260214_004236_s1/42014232/ccs,0,2,2,15,199,CAA_interrupted,False,True,False,60
Control_11,m84137_260214_004236_s1/55775551/ccs,0,2,2,15,199,CAA_interrupted,False,True,False,60
Control_11,m84137_260214_004236_s1/58790039/ccs,0,2,2,15,199,CAA_interrupted,False,True,False,60
Control_11,m84137_260214_004236_s1/15798860/ccs,0,2,2,15,199,CAA_interrupted,False,True,False,60
Control_11,m84137_260214_004236_s1/59378778/ccs,0,2,2,15,199,CAA_interrupted,False,True,False,60
Control_11,m84137_260214_004236_s1/63442183/ccs,0,2,2,15,199,CAA_interrupted,False,True,False,60
Control_11,m84137_260214_004236_s1/68293768/ccs,0,2,2,15,199,CAA_interrupted,False,True,False,60
Control_11,m84137_260214_004236_s1/16389778/ccs,0,2,2,15,199,CAA_interrupted,False,True,False,60
Control_11,m84137_260214_004236_s1/84743945/ccs,0,2,2,15,199,CAA_interrupted,False,True,False,60
Control_11,m84137_260214_004236_s1/44764713/ccs,0,2,2,15,199,CAA_interrupted,False,True,False,60
Control_11,m84137_260214_004236_s1/65212439/ccs,0,2,2,15,199,CAA_interrupted,False,True,False,60
Control_11,m84137_260214_004236_s1/46602114/ccs,0,2,2,15,199,CAA_interrupted,False,True,False,60
Control_11,m84137_260214_004236_s1/74192476/ccs,0,2,2,15,199,CAA_interrupted,False,True,False,60
Control_11,m84137_260214_004236_s1/47255819/ccs,0,2,2,15,199,CAA_interrupted,False,True,False,60
Control_11,m84137_260214_004236_s1/87887197/ccs,0,2,2,15,199,CAA_interrupted,False,True,False,60
Control_11,m84137_260214_004236_s1/75238928/ccs,0,2,2,15,199,CAA_interrupted,False,True,False,60
Control_11,m84137_260214_004236_s1/101452908/ccs,0,1,2,15,199,fragmented_noisy,False,False,True,60
Control_11,m84137_260214_004236_s1/117970520/ccs,0,2,2,15,199,CAA_interrupted,False,True,False,60
Control_11,m84137_260214_004236_s1/49812261/ccs,0,2,2,15,199,CAA_interrupted,False,True,False,60
Control_11,m84137_260214_004236_s1/98243860/ccs,0,2,2,15,199,CAA_interrupted,False,True,False,60
Control_11,m84137_260214_004236_s1/98244241/ccs,0,2,2,15,199,CAA_interrupted,False,True,False,60
Control_11,m84137_260214_004236_s1/94181206/ccs,0,2,2,15,199,CAA_interrupted,False,True,False,60
Control_11,m84137_260214_004236_s1/106303461/ccs,0,2,2,15,199,CAA_interrupted,False,True,False,60
Control_11,m84137_260214_004236_s1/79435564/ccs,0,2,2,15,199,CAA_interrupted,False,True,False,60
Control_11,m84137_260214_004236_s1/123145908/ccs,0,2,2,15,199,CAA_interrupted,False,True,False,60
Control_11,m84137_260214_004236_s1/80546870/ccs,0,2,2,15,199,CAA_interrupted,False,True,False,60
Control_11,m84137_260214_004236_s1/108335319/ccs,0,2,2,15,199,CAA_interrupted,False,True,False,60
Control_11,m84137_260214_004236_s1/122491240/ccs,0,2,2,15,199,CAA_interrupted,False,True,False,60
Control_11,m84137_260214_004236_s1/109513792/ccs,0,2,2,15,199,CAA_interrupted,False,True,False,60
Control_11,m84137_260214_004236_s1/134286809/ccs,0,2,2,15,199,CAA_interrupted,False,True,False,60
Control_11,m84137_260214_004236_s1/83103728/ccs,0,2,2,15,199,CAA_interrupted,False,True,False,60
Control_11,m84137_260214_004236_s1/151522470/ccs,0,2,2,15,199,CAA_interrupted,False,True,False,60
Control_11,m84137_260214_004236_s1/151522847/ccs,0,2,2,15,199,CAA_interrupted,False,True,False,60
Control_11,m84137_260214_004236_s1/202509983/ccs,0,2,2,15,199,CAA_interrupted,False,True,False,60
Control_11,m84137_260214_004236_s1/204607935/ccs,0,2,2,15,199,CAA_interrupted,False,True,False,60
Control_11,m84137_260214_004236_s1/263000649/ccs,0,1,2,15,199,fragmented_noisy,False,False,True,60
Control_11,m84137_260214_004236_s1/261951826/ccs,0,2,2,15,199,CAA_interrupted,False,True,False,60
Control_11,m84137_260214_004236_s1/265948670/ccs,0,2,2,15,199,CAA_interrupted,False,True,False,60
Control_11,m84137_260214_004236_s1/94176752/ccs,0,2,2,15,199,CAA_interrupted,False,True,False,60
Control_11,m84137_260214_004236_s1/183962343/ccs,0,1,2,15,199,fragmented_noisy,False,False,True,60
Control_11,m84137_260214_004236_s1/56953631/ccs,0,7,2,15,199,CAA_interrupted,False,True,False,60
Control_11,m84137_260214_004236_s1/35849878/ccs,0,2,2,14,199,CAA_interrupted,False,True,False,60
Control_11,m84137_260214_004236_s1/62392358/ccs,0,2,2,15,199,CAA_interrupted,False,True,False,60
Control_11,m84137_260214_004236_s1/181405077/ccs,0,2,2,15,199,CAA_interrupted,False,True,False,60
Control_11,m84137_260214_004236_s1/40310167/ccs,0,2,2,15,199,CAA_interrupted,False,True,False,60
Control_11,m84137_260214_004236_s1/71569058/ccs,0,3,2,15,199,CAA_interrupted,False,True,False,60
Control_11,m84137_260214_004236_s1/57082177/ccs,0,2,2,15,199,CAA_interrupted,False,True,False,60
Control_11,m84137_260214_004236_s1/40568804/ccs,0,2,2,15,199,CAA_interrupted,False,True,False,60
Control_11,m84137_260214_004236_s1/78124407/ccs,0,2,2,15,199,CAA_interrupted,False,True,False,60
Control_11,m84137_260214_004236_s1/200607149/ccs,0,2,2,15,199,CAA_interrupted,False,True,False,60
Control_11,m84137_260214_004236_s1/7667817/ccs,0,2,2,15,199,CAA_interrupted,False,True,False,60
Control_11,m84137_260214_004236_s1/41747110/ccs,0,2,2,15,199,CAA_interrupted,False,True,False,60
Control_11,m84137_260214_004236_s1/167382441/ccs,0,2,2,15,199,CAA_interrupted,False,True,False,60
Control_11,m84137_260214_004236_s1/137102501/ccs,0,2,2,15,199,CAA_interrupted,False,True,False,60
Control_11,m84137_260214_004236_s1/162661489/ccs,0,2,2,15,199,CAA_interrupted,False,True,False,60
Control_11,m84137_260214_004236_s1/54005553/ccs,0,2,2,15,199,CAA_interrupted,False,True,False,60
Control_11,m84137_260214_004236_s1/43779613/ccs,0,2,2,15,199,CAA_interrupted,False,True,False,60
Control_11,m84137_260214_004236_s1/3411688/ccs,0,2,2,15,199,CAA_interrupted,False,True,False,60
Control_11,m84137_260214_004236_s1/69603861/ccs,0,1,2,15,199,fragmented_noisy,False,False,True,60
Control_11,m84137_260214_004236_s1/225118929/ccs,0,3,2,15,199,CAA_interrupted,False,True,False,60
Control_11,m84137_260214_004236_s1/112069329/ccs,0,1,2,15,199,fragmented_noisy,False,False,True,60
Control_11,m84137_260214_004236_s1/245567752/ccs,0,1,2,15,199,fragmented_noisy,False,False,True,60
Control_11,m84137_260214_004236_s1/96078985/ccs,0,1,2,15,199,fragmented_noisy,False,False,True,60
Control_11,m84137_260214_004236_s1/191758945/ccs,0,1,2,15,199,fragmented_noisy,False,False,True,60
Control_11,m84137_260214_004236_s1/260770914/ccs,0,5,2,15,200,CAA_interrupted,False,True,False,60
Control_11,m84137_260214_004236_s1/145360456/ccs,0,2,2,15,200,CAA_interrupted,False,True,False,60
Control_11,m84137_260214_004236_s1/165282657/ccs,0,2,2,15,200,CAA_interrupted,False,True,False,60
Control_11,m84137_260214_004236_s1/70979261/ccs,0,2,2,15,200,CAA_interrupted,False,True,False,60
Control_11,m84137_260214_004236_s1/6687075/ccs,0,5,2,15,200,CAA_interrupted,False,True,False,60
Control_11,m84137_260214_004236_s1/95816901/ccs,0,2,2,15,200,CAA_interrupted,False,True,False,60
Control_11,m84137_260214_004236_s1/199297445/ccs,0,3,2,15,200,CAA_interrupted,False,True,False,60
Control_11,m84137_260214_004236_s1/38469726/ccs,0,2,3,15,200,fragmented_noisy,False,False,True,60
Control_11,m84137_260214_004236_s1/234357135/ccs,0,2,2,15,200,CAA_interrupted,False,True,False,60
Control_11,m84137_260214_004236_s1/32969640/ccs,0,4,2,15,200,CAA_interrupted,False,True,False,60
Control_11,m84137_260214_004236_s1/93848966/ccs,1,10,2,15,200,CAA_interrupted,False,True,False,60
Control_11,m84137_260214_004236_s1/193531898/ccs,0,13,2,15,200,CAA_interrupted,False,True,False,60
Control_11,m84137_260214_004236_s1/49415807/ccs,0,2,2,15,200,CAA_interrupted,False,True,False,60
Control_11,m84137_260214_004236_s1/132972817/ccs,0,2,2,15,200,CAA_interrupted,False,True,False,60
Control_11,m84137_260214_004236_s1/169806217/ccs,0,1,2,15,200,fragmented_noisy,False,False,True,60
Control_11,m84137_260214_004236_s1/188678707/ccs,0,2,2,15,200,CAA_interrupted,False,True,False,60
Control_11,m84137_260214_004236_s1/55185398/ccs,0,2,2,15,201,CAA_interrupted,False,True,False,60
Control_11,m84137_260214_004236_s1/112461128/ccs,0,2,2,15,201,CAA_interrupted,False,True,False,60
Control_11,m84137_260214_004236_s1/229443484/ccs,0,2,2,15,201,CAA_interrupted,False,True,False,60
Control_11,m84137_260214_004236_s1/28510127/ccs,0,1,2,15,201,fragmented_noisy,False,False,True,60
Control_11,m84137_260214_004236_s1/37683310/ccs,0,2,2,15,201,CAA_interrupted,False,True,False,60
Control_11,m84137_260214_004236_s1/70192232/ccs,1,3,2,15,201,CAA_interrupted,False,True,False,60
Control_11,m84137_260214_004236_s1/105779087/ccs,0,2,2,15,201,CAA_interrupted,False,True,False,60
Control_11,m84137_260214_004236_s1/81200477/ccs,0,5,2,15,201,CAA_interrupted,False,True,False,60
Control_11,m84137_260214_004236_s1/262866778/ccs,0,2,2,15,201,CAA_interrupted,False,True,False,60
Control_11,m84137_260214_004236_s1/64356709/ccs,1,9,2,13,202,CAA_interrupted,False,True,False,60
Control_11,m84137_260214_004236_s1/31589798/ccs,0,3,2,16,202,CAA_interrupted,False,True,False,60
Control_11,m84137_260214_004236_s1/133041889/ccs,0,2,2,16,202,CAA_interrupted,False,True,False,60
Control_11,m84137_260214_004236_s1/54201088/ccs,1,4,2,15,202,CAA_interrupted,False,True,False,60
Control_11,m84137_260214_004236_s1/4915602/ccs,0,2,2,16,202,CAA_interrupted,False,True,False,60
Control_11,m84137_260214_004236_s1/62723428/ccs,0,2,2,15,202,CAA_interrupted,False,True,False,60
Control_11,m84137_260214_004236_s1/100533875/ccs,1,4,2,15,202,CAA_interrupted,False,True,False,60
Control_11,m84137_260214_004236_s1/128976795/ccs,1,4,2,14,202,CAA_interrupted,False,True,False,60
Control_11,m84137_260214_004236_s1/76285095/ccs,1,4,2,14,202,CAA_interrupted,False,True,False,60
Control_11,m84137_260214_004236_s1/76612688/ccs,1,4,2,15,202,CAA_interrupted,False,True,False,60
Control_11,m84137_260214_004236_s1/39389542/ccs,1,4,2,15,202,CAA_interrupted,False,True,False,60
Control_11,m84137_260214_004236_s1/51710632/ccs,0,2,2,16,202,CAA_interrupted,False,True,False,60
Control_11,m84137_260214_004236_s1/89785619/ccs,0,1,2,15,202,fragmented_noisy,False,False,True,60
Control_11,m84137_260214_004236_s1/168495131/ccs,1,4,2,14,202,CAA_interrupted,False,True,False,60
Control_11,m84137_260214_004236_s1/190317594/ccs,0,2,2,15,202,CAA_interrupted,False,True,False,60
Control_11,m84137_260214_004236_s1/130547866/ccs,1,4,2,15,202,CAA_interrupted,False,True,False,60
Control_11,m84137_260214_004236_s1/135071386/ccs,0,2,2,15,202,CAA_interrupted,False,True,False,60
Control_11,m84137_260214_004236_s1/152961636/ccs,0,2,2,15,202,CAA_interrupted,False,True,False,60
Control_11,m84137_260214_004236_s1/136776502/ccs,0,2,2,15,202,CAA_interrupted,False,True,False,60
Control_11,m84137_260214_004236_s1/158731048/ccs,0,2,2,16,202,CAA_interrupted,False,True,False,60
Control_11,m84137_260214_004236_s1/145950307/ccs,1,4,2,15,202,CAA_interrupted,False,True,False,60
Control_11,m84137_260214_004236_s1/146079907/ccs,0,2,2,15,202,CAA_interrupted,False,True,False,60
Control_11,m84137_260214_004236_s1/147062875/ccs,1,4,2,14,202,CAA_interrupted,False,True,False,60
Control_11,m84137_260214_004236_s1/216532768/ccs,1,4,2,15,202,CAA_interrupted,False,True,False,60
Control_11,m84137_260214_004236_s1/217778608/ccs,0,2,2,15,202,CAA_interrupted,False,True,False,60
Control_11,m84137_260214_004236_s1/179242218/ccs,1,4,2,15,202,CAA_interrupted,False,True,False,60
Control_11,m84137_260214_004236_s1/178455869/ccs,0,2,2,15,202,CAA_interrupted,False,True,False,60
Control_11,m84137_260214_004236_s1/181600938/ccs,0,2,2,15,202,CAA_interrupted,False,True,False,60
Control_11,m84137_260214_004236_s1/200279618/ccs,0,3,2,16,202,CAA_interrupted,False,True,False,60
Control_11,m84137_260214_004236_s1/214829752/ccs,0,2,2,15,202,CAA_interrupted,False,True,False,60
Control_11,m84137_260214_004236_s1/219747945/ccs,1,4,2,15,202,CAA_interrupted,False,True,False,60
Control_11,m84137_260214_004236_s1/198512006/ccs,0,2,2,15,202,CAA_interrupted,False,True,False,60
Control_11,m84137_260214_004236_s1/266275461/ccs,0,2,2,15,202,CAA_interrupted,False,True,False,60
Control_11,m84137_260214_004236_s1/72486290/ccs,1,4,2,15,202,CAA_interrupted,False,True,False,60
Control_11,m84137_260214_004236_s1/49155988/ccs,1,4,2,15,202,CAA_interrupted,False,True,False,60
Control_11,m84137_260214_004236_s1/111217744/ccs,0,2,2,15,202,CAA_interrupted,False,True,False,60
Control_11,m84137_260214_004236_s1/22156213/ccs,0,2,2,15,202,CAA_interrupted,False,True,False,60
Control_11,m84137_260214_004236_s1/33165646/ccs,0,2,2,16,202,CAA_interrupted,False,True,False,60
Control_11,m84137_260214_004236_s1/40636815/ccs,0,2,2,15,202,CAA_interrupted,False,True,False,60
Control_11,m84137_260214_004236_s1/166268655/ccs,0,2,2,15,202,CAA_interrupted,False,True,False,60
Control_11,m84137_260214_004236_s1/238097909/ccs,1,4,2,15,202,CAA_interrupted,False,True,False,60
Control_11,m84137_260214_004236_s1/116129882/ccs,0,2,2,16,202,CAA_interrupted,False,True,False,60
Control_11,m84137_260214_004236_s1/149094907/ccs,0,2,2,15,202,CAA_interrupted,False,True,False,60
Control_11,m84137_260214_004236_s1/142019600/ccs,1,4,2,14,202,CAA_interrupted,False,True,False,60
Control_11,m84137_260214_004236_s1/196023247/ccs,1,4,2,15,202,CAA_interrupted,False,True,False,60
Control_11,m84137_260214_004236_s1/242226722/ccs,1,4,2,15,202,CAA_interrupted,False,True,False,60
Control_11,m84137_260214_004236_s1/225379191/ccs,1,4,2,15,202,CAA_interrupted,False,True,False,60
Control_11,m84137_260214_004236_s1/238094778/ccs,1,4,2,12,202,CAA_interrupted,False,True,False,60
Control_11,m84137_260214_004236_s1/47124917/ccs,1,3,2,14,202,CAA_interrupted,False,True,False,60
Control_11,m84137_260214_004236_s1/89654158/ccs,0,2,2,15,202,CAA_interrupted,False,True,False,60
Control_11,m84137_260214_004236_s1/222759440/ccs,0,2,2,15,202,CAA_interrupted,False,True,False,60
Control_11,m84137_260214_004236_s1/82576624/ccs,0,2,2,15,202,CAA_interrupted,False,True,False,60
Control_11,m84137_260214_004236_s1/261685637/ccs,0,2,2,15,202,CAA_interrupted,False,True,False,60
Control_11,m84137_260214_004236_s1/37618894/ccs,0,2,2,15,202,CAA_interrupted,False,True,False,60
Control_11,m84137_260214_004236_s1/97913626/ccs,0,2,2,15,202,CAA_interrupted,False,True,False,60
Control_11,m84137_260214_004236_s1/68685904/ccs,0,2,2,15,202,CAA_interrupted,False,True,False,60
Control_11,m84137_260214_004236_s1/259591130/ccs,0,2,2,15,202,CAA_interrupted,False,True,False,60
Control_11,m84137_260214_004236_s1/249630234/ccs,1,4,2,15,202,CAA_interrupted,False,True,False,60
Control_11,m84137_260214_004236_s1/20515556/ccs,1,4,2,15,202,CAA_interrupted,False,True,False,60
Control_11,m84137_260214_004236_s1/93128914/ccs,1,4,2,15,202,CAA_interrupted,False,True,False,60
Control_11,m84137_260214_004236_s1/198050965/ccs,1,4,2,14,202,CAA_interrupted,False,True,False,60
Control_11,m84137_260214_004236_s1/23336474/ccs,1,4,2,15,202,CAA_interrupted,False,True,False,60
Control_11,m84137_260214_004236_s1/98897737/ccs,1,4,2,15,202,CAA_interrupted,False,True,False,60
Control_11,m84137_260214_004236_s1/108139338/ccs,1,4,2,14,202,CAA_interrupted,False,True,False,60
Control_11,m84137_260214_004236_s1/124388087/ccs,1,4,2,14,202,CAA_interrupted,False,True,False,60
Control_11,m84137_260214_004236_s1/151848170/ccs,1,4,2,14,202,CAA_interrupted,False,True,False,60
Control_11,m84137_260214_004236_s1/144966249/ccs,1,4,2,15,202,CAA_interrupted,False,True,False,60
Control_11,m84137_260214_004236_s1/10881184/ccs,0,2,2,16,202,CAA_interrupted,False,True,False,60
Control_11,m84137_260214_004236_s1/50529978/ccs,0,2,2,15,202,CAA_interrupted,False,True,False,60
Control_11,m84137_260214_004236_s1/82314279/ccs,0,2,2,15,202,CAA_interrupted,False,True,False,60
Control_11,m84137_260214_004236_s1/131729591/ccs,0,2,2,15,202,CAA_interrupted,False,True,False,60
Control_11,m84137_260214_004236_s1/205129824/ccs,0,2,2,15,202,CAA_interrupted,False,True,False,60
Control_11,m84137_260214_004236_s1/215155177/ccs,0,2,2,16,202,CAA_interrupted,False,True,False,60
Control_11,m84137_260214_004236_s1/9768116/ccs,0,2,2,15,202,CAA_interrupted,False,True,False,60
Control_11,m84137_260214_004236_s1/36245871/ccs,0,2,2,16,202,CAA_interrupted,False,True,False,60
Control_11,m84137_260214_004236_s1/90312886/ccs,0,2,2,15,202,CAA_interrupted,False,True,False,60
Control_11,m84137_260214_004236_s1/134614243/ccs,0,2,2,15,202,CAA_interrupted,False,True,False,60
Control_11,m84137_260214_004236_s1/164302252/ccs,0,2,2,15,202,CAA_interrupted,False,True,False,60
Control_11,m84137_260214_004236_s1/146609755/ccs,0,2,2,15,202,CAA_interrupted,False,True,False,60
Control_11,m84137_260214_004236_s1/148116892/ccs,0,2,2,15,202,CAA_interrupted,False,True,False,60
Control_11,m84137_260214_004236_s1/205786125/ccs,0,2,2,15,202,CAA_interrupted,False,True,False,60
Control_11,m84137_260214_004236_s1/80806290/ccs,0,2,2,15,202,CAA_interrupted,False,True,False,60
Control_11,m84137_260214_004236_s1/157286493/ccs,0,2,2,15,202,CAA_interrupted,False,True,False,60
Control_11,m84137_260214_004236_s1/143327950/ccs,0,2,2,15,202,CAA_interrupted,False,True,False,60
Control_11,m84137_260214_004236_s1/188812882/ccs,0,1,2,16,202,fragmented_noisy,False,False,True,60
Control_11,m84137_260214_004236_s1/99812759/ccs,1,4,2,15,202,CAA_interrupted,False,True,False,60
Control_11,m84137_260214_004236_s1/149291227/ccs,1,4,2,14,202,CAA_interrupted,False,True,False,60
Control_11,m84137_260214_004236_s1/175574622/ccs,1,4,2,15,202,CAA_interrupted,False,True,False,60
Control_11,m84137_260214_004236_s1/60689156/ccs,1,4,2,15,202,CAA_interrupted,False,True,False,60
Control_11,m84137_260214_004236_s1/140248955/ccs,1,4,2,15,202,CAA_interrupted,False,True,False,60
Control_11,m84137_260214_004236_s1/149618824/ccs,1,4,2,15,202,CAA_interrupted,False,True,False,60
Control_11,m84137_260214_004236_s1/224002828/ccs,1,4,2,15,202,CAA_interrupted,False,True,False,60
Control_11,m84137_260214_004236_s1/203228475/ccs,1,4,2,15,202,CAA_interrupted,False,True,False,60
Control_11,m84137_260214_004236_s1/51909093/ccs,1,4,2,15,202,CAA_interrupted,False,True,False,60
Control_11,m84137_260214_004236_s1/163058393/ccs,1,4,2,15,202,CAA_interrupted,False,True,False,60
Control_11,m84137_260214_004236_s1/176230593/ccs,1,4,2,14,202,CAA_interrupted,False,True,False,60
Control_11,m84137_260214_004236_s1/138742878/ccs,1,3,2,15,202,CAA_interrupted,False,True,False,60
Control_11,m84137_260214_004236_s1/218366765/ccs,1,4,2,14,202,CAA_interrupted,False,True,False,60
Control_11,m84137_260214_004236_s1/257753562/ccs,0,2,2,15,202,CAA_interrupted,False,True,False,60
Control_11,m84137_260214_004236_s1/7340164/ccs,0,2,2,15,202,CAA_interrupted,False,True,False,60
Control_11,m84137_260214_004236_s1/23203780/ccs,0,2,2,16,202,CAA_interrupted,False,True,False,60
Control_11,m84137_260214_004236_s1/248581486/ccs,0,2,2,15,202,CAA_interrupted,False,True,False,60
Control_11,m84137_260214_004236_s1/132186718/ccs,0,2,2,16,202,CAA_interrupted,False,True,False,60
Control_11,m84137_260214_004236_s1/243401227/ccs,0,2,2,16,202,CAA_interrupted,False,True,False,60
Control_11,m84137_260214_004236_s1/203036423/ccs,0,2,2,15,202,CAA_interrupted,False,True,False,60
Control_11,m84137_260214_004236_s1/17432876/ccs,0,2,2,15,202,CAA_interrupted,False,True,False,60
Control_11,m84137_260214_004236_s1/58197695/ccs,0,2,2,15,202,CAA_interrupted,False,True,False,60
Control_11,m84137_260214_004236_s1/67700552/ccs,0,2,2,15,202,CAA_interrupted,False,True,False,60
Control_11,m84137_260214_004236_s1/85132727/ccs,0,2,2,16,202,CAA_interrupted,False,True,False,60
Control_11,m84137_260214_004236_s1/109053317/ccs,0,2,2,16,202,CAA_interrupted,False,True,False,60
Control_11,m84137_260214_004236_s1/163383888/ccs,0,2,2,15,202,CAA_interrupted,False,True,False,60
Control_11,m84137_260214_004236_s1/199950422/ccs,0,2,2,15,202,CAA_interrupted,False,True,False,60
Control_11,m84137_260214_004236_s1/207947122/ccs,0,2,2,16,202,CAA_interrupted,False,True,False,60
Control_11,m84137_260214_004236_s1/234029302/ccs,0,2,2,16,202,CAA_interrupted,False,True,False,60
Control_11,m84137_260214_004236_s1/239470491/ccs,0,2,2,15,202,CAA_interrupted,False,True,False,60
Control_11,m84137_260214_004236_s1/240320671/ccs,0,2,2,15,202,CAA_interrupted,False,True,False,60
Control_11,m84137_260214_004236_s1/143397336/ccs,0,2,2,15,202,CAA_interrupted,False,True,False,60
Control_11,m84137_260214_004236_s1/203429093/ccs,0,2,2,15,202,CAA_interrupted,False,True,False,60
Control_11,m84137_260214_004236_s1/205393613/ccs,0,2,2,15,202,CAA_interrupted,False,True,False,60
Control_11,m84137_260214_004236_s1/242291945/ccs,0,2,2,15,202,CAA_interrupted,False,True,False,60
Control_11,m84137_260214_004236_s1/185075857/ccs,0,2,2,15,202,CAA_interrupted,False,True,False,60
Control_11,m84137_260214_004236_s1/35000484/ccs,1,4,2,15,202,CAA_interrupted,False,True,False,60
Control_11,m84137_260214_004236_s1/69534767/ccs,0,2,2,15,202,CAA_interrupted,False,True,False,60
Control_11,m84137_260214_004236_s1/250873914/ccs,0,2,2,16,202,CAA_interrupted,False,True,False,60
Control_11,m84137_260214_004236_s1/122882819/ccs,1,6,2,14,203,CAA_interrupted,False,True,False,60
Control_11,m84137_260214_004236_s1/65733446/ccs,0,2,2,15,203,CAA_interrupted,False,True,False,60
Control_11,m84137_260214_004236_s1/129829654/ccs,1,3,2,15,203,CAA_interrupted,False,True,False,60
Control_11,m84137_260214_004236_s1/226891609/ccs,0,2,2,15,203,CAA_interrupted,False,True,False,60
Control_11,m84137_260214_004236_s1/108661769/ccs,0,3,2,14,203,CAA_interrupted,False,True,False,60
Control_11,m84137_260214_004236_s1/74583854/ccs,0,2,2,15,203,CAA_interrupted,False,True,False,60
Control_11,m84137_260214_004236_s1/213322062/ccs,0,2,2,16,203,CAA_interrupted,False,True,False,60
Control_11,m84137_260214_004236_s1/205587874/ccs,1,4,2,14,203,CAA_interrupted,False,True,False,60
Control_11,m84137_260214_004236_s1/112263401/ccs,0,5,2,14,204,CAA_interrupted,False,True,False,60
Control_11,m84137_260214_004236_s1/203428708/ccs,1,5,2,15,204,CAA_interrupted,False,True,False,60
Control_11,m84137_260214_004236_s1/80875135/ccs,0,3,4,15,204,fragmented_noisy,False,False,True,60
Control_11,m84137_260214_004236_s1/225119665/ccs,1,4,2,14,204,CAA_interrupted,False,True,False,60
Control_11,m84137_260214_004236_s1/21761402/ccs,1,4,2,15,204,CAA_interrupted,False,True,False,60
Control_11,m84137_260214_004236_s1/109122459/ccs,1,4,2,14,204,CAA_interrupted,False,True,False,60
Control_11,m84137_260214_004236_s1/222364392/ccs,1,4,2,15,205,CAA_interrupted,False,True,False,60
Control_11,m84137_260214_004236_s1/255068578/ccs,1,4,2,15,205,CAA_interrupted,False,True,False,60
Control_11,m84137_260214_004236_s1/36571584/ccs,1,4,2,15,205,CAA_interrupted,False,True,False,60
Control_11,m84137_260214_004236_s1/26218081/ccs,1,5,2,15,205,CAA_interrupted,False,True,False,60
Control_11,m84137_260214_004236_s1/245241344/ccs,1,6,2,15,205,CAA_interrupted,False,True,False,60
Control_11,m84137_260214_004236_s1/22806902/ccs,1,4,2,15,205,CAA_interrupted,False,True,False,60
Control_11,m84137_260214_004236_s1/44698790/ccs,0,21,2,15,205,CAA_interrupted,False,True,False,60
Control_11,m84137_260214_004236_s1/77334407/ccs,1,6,2,15,205,CAA_interrupted,False,True,False,60
Control_11,m84137_260214_004236_s1/267321856/ccs,1,4,2,15,205,CAA_interrupted,False,True,False,60
Control_11,m84137_260214_004236_s1/107284137/ccs,1,4,2,15,205,CAA_interrupted,False,True,False,60
Control_11,m84137_260214_004236_s1/111411390/ccs,1,4,2,15,205,CAA_interrupted,False,True,False,60
Control_11,m84137_260214_004236_s1/35133238/ccs,0,3,2,16,205,CAA_interrupted,False,True,False,60
Control_11,m84137_260214_004236_s1/51839187/ccs,1,4,2,15,205,CAA_interrupted,False,True,False,60
Control_11,m84137_260214_004236_s1/58394548/ccs,1,4,2,15,205,CAA_interrupted,False,True,False,60
Control_11,m84137_260214_004236_s1/52431356/ccs,1,4,2,15,205,CAA_interrupted,False,True,False,60
Control_11,m84137_260214_004236_s1/58919496/ccs,1,4,2,15,205,CAA_interrupted,False,True,False,60
Control_11,m84137_260214_004236_s1/37159069/ccs,1,4,2,15,205,CAA_interrupted,False,True,False,60
Control_11,m84137_260214_004236_s1/37617718/ccs,1,4,2,15,205,CAA_interrupted,False,True,False,60
Control_11,m84137_260214_004236_s1/59639291/ccs,1,4,2,15,205,CAA_interrupted,False,True,False,60
Control_11,m84137_260214_004236_s1/62786042/ccs,1,4,2,15,205,CAA_interrupted,False,True,False,60
Control_11,m84137_260214_004236_s1/42273199/ccs,1,4,2,15,205,CAA_interrupted,False,True,False,60
Control_11,m84137_260214_004236_s1/62980168/ccs,1,4,2,15,205,CAA_interrupted,False,True,False,60
Control_11,m84137_260214_004236_s1/53479295/ccs,1,4,2,15,205,CAA_interrupted,False,True,False,60
Control_11,m84137_260214_004236_s1/42797918/ccs,1,4,2,15,205,CAA_interrupted,False,True,False,60
Control_11,m84137_260214_004236_s1/60950838/ccs,1,4,2,15,205,CAA_interrupted,False,True,False,60
Control_11,m84137_260214_004236_s1/38930959/ccs,1,4,2,15,205,CAA_interrupted,False,True,False,60
Control_11,m84137_260214_004236_s1/47580697/ccs,1,4,2,15,205,CAA_interrupted,False,True,False,60
Control_11,m84137_260214_004236_s1/54461762/ccs,1,4,2,15,205,CAA_interrupted,False,True,False,60
Control_11,m84137_260214_004236_s1/28836769/ccs,1,4,2,15,205,CAA_interrupted,False,True,False,60
Control_11,m84137_260214_004236_s1/12452930/ccs,1,4,2,15,205,CAA_interrupted,False,True,False,60
Control_11,m84137_260214_004236_s1/7539373/ccs,1,4,2,15,205,CAA_interrupted,False,True,False,60
Control_11,m84137_260214_004236_s1/18875975/ccs,1,4,2,15,205,CAA_interrupted,False,True,False,60
Control_11,m84137_260214_004236_s1/24709222/ccs,1,4,2,15,205,CAA_interrupted,False,True,False,60
Control_11,m84137_260214_004236_s1/25822450/ccs,1,4,2,15,205,CAA_interrupted,False,True,False,60
Control_11,m84137_260214_004236_s1/26083460/ccs,1,4,2,15,205,CAA_interrupted,False,True,False,60
Control_11,m84137_260214_004236_s1/8850017/ccs,1,4,2,15,205,CAA_interrupted,False,True,False,60
Control_11,m84137_260214_004236_s1/14158536/ccs,1,4,2,15,205,CAA_interrupted,False,True,False,60
Control_11,m84137_260214_004236_s1/13960404/ccs,1,4,2,15,205,CAA_interrupted,False,True,False,60
Control_11,m84137_260214_004236_s1/14288731/ccs,1,4,2,15,205,CAA_interrupted,False,True,False,60
Control_11,m84137_260214_004236_s1/26872066/ccs,1,4,2,15,205,CAA_interrupted,False,True,False,60
Control_11,m84137_260214_004236_s1/33621142/ccs,1,4,2,15,205,CAA_interrupted,False,True,False,60
Control_11,m84137_260214_004236_s1/33621770/ccs,1,4,2,15,205,CAA_interrupted,False,True,False,60
Control_11,m84137_260214_004236_s1/57152212/ccs,1,4,2,15,205,CAA_interrupted,False,True,False,60
Control_11,m84137_260214_004236_s1/61478750/ccs,1,4,2,15,205,CAA_interrupted,False,True,False,60
Control_11,m84137_260214_004236_s1/41291701/ccs,1,4,2,15,205,CAA_interrupted,False,True,False,60
Control_11,m84137_260214_004236_s1/62000628/ccs,1,4,2,15,205,CAA_interrupted,False,True,False,60
Control_11,m84137_260214_004236_s1/14814529/ccs,1,4,2,15,205,CAA_interrupted,False,True,False,60
Control_11,m84137_260214_004236_s1/15077117/ccs,1,4,2,15,205,CAA_interrupted,False,True,False,60
Control_11,m84137_260214_004236_s1/15733677/ccs,1,4,2,15,205,CAA_interrupted,False,True,False,60
Control_11,m84137_260214_004236_s1/63377332/ccs,1,4,2,15,205,CAA_interrupted,False,True,False,60
Control_11,m84137_260214_004236_s1/63181537/ccs,1,4,2,15,205,CAA_interrupted,False,True,False,60
Control_11,m84137_260214_004236_s1/68555375/ccs,1,4,2,15,205,CAA_interrupted,False,True,False,60
Control_11,m84137_260214_004236_s1/16126170/ccs,1,4,2,15,205,CAA_interrupted,False,True,False,60
Control_11,m84137_260214_004236_s1/64229367/ccs,1,4,2,15,205,CAA_interrupted,False,True,False,60
Control_11,m84137_260214_004236_s1/16651807/ccs,1,4,2,15,205,CAA_interrupted,False,True,False,60
Control_11,m84137_260214_004236_s1/69669088/ccs,1,4,2,15,205,CAA_interrupted,False,True,False,60
Control_11,m84137_260214_004236_s1/45618311/ccs,1,4,2,15,205,CAA_interrupted,False,True,False,60
Control_11,m84137_260214_004236_s1/6230022/ccs,1,3,2,15,205,CAA_interrupted,False,True,False,60
Control_11,m84137_260214_004236_s1/118882770/ccs,1,4,2,15,205,CAA_interrupted,False,True,False,60
Control_11,m84137_260214_004236_s1/83494799/ccs,1,4,2,15,205,CAA_interrupted,False,True,False,60
Control_11,m84137_260214_004236_s1/100272282/ccs,1,4,2,15,205,CAA_interrupted,False,True,False,60
Control_11,m84137_260214_004236_s1/108527785/ccs,1,4,2,15,205,CAA_interrupted,False,True,False,60
Control_11,m84137_260214_004236_s1/104008634/ccs,1,4,2,15,205,CAA_interrupted,False,True,False,60
Control_11,m84137_260214_004236_s1/120588415/ccs,1,4,2,15,205,CAA_interrupted,False,True,False,60
Control_11,m84137_260214_004236_s1/129172874/ccs,1,4,2,15,205,CAA_interrupted,False,True,False,60
Control_11,m84137_260214_004236_s1/129368969/ccs,1,4,2,15,205,CAA_interrupted,False,True,False,60
Control_11,m84137_260214_004236_s1/104989142/ccs,1,4,2,15,205,CAA_interrupted,False,True,False,60
Control_11,m84137_260214_004236_s1/121571056/ccs,1,4,2,15,205,CAA_interrupted,False,True,False,60
Control_11,m84137_260214_004236_s1/105712171/ccs,1,4,2,15,205,CAA_interrupted,False,True,False,60
Control_11,m84137_260214_004236_s1/122094515/ccs,1,4,2,15,205,CAA_interrupted,False,True,False,60
Control_11,m84137_260214_004236_s1/79431738/ccs,1,4,2,15,205,CAA_interrupted,False,True,False,60
Control_11,m84137_260214_004236_s1/79888714/ccs,1,4,2,15,205,CAA_interrupted,False,True,False,60
Control_11,m84137_260214_004236_s1/76351363/ccs,1,4,2,15,205,CAA_interrupted,False,True,False,60
Control_11,m84137_260214_004236_s1/87622993/ccs,1,4,2,15,205,CAA_interrupted,False,True,False,60
Control_11,m84137_260214_004236_s1/76480642/ccs,1,4,2,15,205,CAA_interrupted,False,True,False,60
Control_11,m84137_260214_004236_s1/87820136/ccs,1,4,2,15,205,CAA_interrupted,False,True,False,60
Control_11,m84137_260214_004236_s1/80807319/ccs,1,4,2,15,205,CAA_interrupted,False,True,False,60
Control_11,m84137_260214_004236_s1/100927162/ccs,1,4,2,15,205,CAA_interrupted,False,True,False,60
Control_11,m84137_260214_004236_s1/77332930/ccs,1,4,2,15,205,CAA_interrupted,False,True,False,60
Control_11,m84137_260214_004236_s1/81658375/ccs,1,4,2,15,205,CAA_interrupted,False,True,False,60
Control_11,m84137_260214_004236_s1/123076892/ccs,1,4,2,15,205,CAA_interrupted,False,True,False,60
Control_11,m84137_260214_004236_s1/99027246/ccs,1,4,2,15,205,CAA_interrupted,False,True,False,60
Control_11,m84137_260214_004236_s1/82578261/ccs,1,4,2,15,205,CAA_interrupted,False,True,False,60
Control_11,m84137_260214_004236_s1/82706722/ccs,1,4,2,15,205,CAA_interrupted,False,True,False,60
Control_11,m84137_260214_004236_s1/21235757/ccs,1,4,2,15,205,CAA_interrupted,False,True,False,60
Control_11,m84137_260214_004236_s1/14747026/ccs,1,4,2,15,205,CAA_interrupted,False,True,False,60
Control_11,m84137_260214_004236_s1/27592299/ccs,1,4,2,15,205,CAA_interrupted,False,True,False,60
Control_11,m84137_260214_004236_s1/15401815/ccs,1,4,2,15,205,CAA_interrupted,False,True,False,60
Control_11,m84137_260214_004236_s1/34996737/ccs,1,4,2,15,205,CAA_interrupted,False,True,False,60
Control_11,m84137_260214_004236_s1/35128557/ccs,1,4,2,15,205,CAA_interrupted,False,True,False,60
Control_11,m84137_260214_004236_s1/50594337/ccs,1,4,2,15,205,CAA_interrupted,False,True,False,60
Control_11,m84137_260214_004236_s1/15794436/ccs,1,4,2,15,205,CAA_interrupted,False,True,False,60
Control_11,m84137_260214_004236_s1/39452767/ccs,1,4,2,15,205,CAA_interrupted,False,True,False,60
Control_11,m84137_260214_004236_s1/33096100/ccs,1,4,2,15,205,CAA_interrupted,False,True,False,60
Control_11,m84137_260214_004236_s1/33490263/ccs,1,4,2,15,205,CAA_interrupted,False,True,False,60
Control_11,m84137_260214_004236_s1/44958586/ccs,1,4,2,15,205,CAA_interrupted,False,True,False,60
Control_11,m84137_260214_004236_s1/35916360/ccs,1,4,2,15,205,CAA_interrupted,False,True,False,60
Control_11,m84137_260214_004236_s1/51511395/ccs,1,4,2,15,205,CAA_interrupted,False,True,False,60
Control_11,m84137_260214_004236_s1/47843323/ccs,1,4,2,15,205,CAA_interrupted,False,True,False,60
Control_11,m84137_260214_004236_s1/54920283/ccs,1,4,2,15,205,CAA_interrupted,False,True,False,60
Control_11,m84137_260214_004236_s1/44499386/ccs,1,4,2,15,205,CAA_interrupted,False,True,False,60
Control_11,m84137_260214_004236_s1/67765384/ccs,1,4,2,15,205,CAA_interrupted,False,True,False,60
Control_11,m84137_260214_004236_s1/44632175/ccs,1,4,2,15,205,CAA_interrupted,False,True,False,60
Control_11,m84137_260214_004236_s1/65014408/ccs,1,4,2,15,205,CAA_interrupted,False,True,False,60
Control_11,m84137_260214_004236_s1/84148541/ccs,1,4,2,15,205,CAA_interrupted,False,True,False,60
Control_11,m84137_260214_004236_s1/91227706/ccs,1,3,2,15,205,CAA_interrupted,False,True,False,60
Control_11,m84137_260214_004236_s1/73861382/ccs,1,4,2,15,205,CAA_interrupted,False,True,False,60
Control_11,m84137_260214_004236_s1/67044153/ccs,1,4,2,15,205,CAA_interrupted,False,True,False,60
Control_11,m84137_260214_004236_s1/92210576/ccs,1,4,2,15,205,CAA_interrupted,False,True,False,60
Control_11,m84137_260214_004236_s1/71239243/ccs,1,4,2,15,205,CAA_interrupted,False,True,False,60
Control_11,m84137_260214_004236_s1/164889551/ccs,1,4,2,15,205,CAA_interrupted,False,True,False,60
Control_11,m84137_260214_004236_s1/144180018/ccs,1,4,2,15,205,CAA_interrupted,False,True,False,60
Control_11,m84137_260214_004236_s1/161417444/ccs,1,4,2,15,205,CAA_interrupted,False,True,False,60
Control_11,m84137_260214_004236_s1/144377608/ccs,1,4,2,15,205,CAA_interrupted,False,True,False,60
Control_11,m84137_260214_004236_s1/147588086/ccs,1,4,2,15,205,CAA_interrupted,False,True,False,60
Control_11,m84137_260214_004236_s1/148242733/ccs,1,4,2,15,205,CAA_interrupted,False,True,False,60
Control_11,m84137_260214_004236_s1/190252180/ccs,1,4,2,15,205,CAA_interrupted,False,True,False,60
Control_11,m84137_260214_004236_s1/148374375/ccs,1,4,2,15,205,CAA_interrupted,False,True,False,60
Control_11,m84137_260214_004236_s1/173475016/ccs,1,4,2,15,205,CAA_interrupted,False,True,False,60
Control_11,m84137_260214_004236_s1/166987194/ccs,1,4,2,15,205,CAA_interrupted,False,True,False,60
Control_11,m84137_260214_004236_s1/174196188/ccs,1,4,2,15,205,CAA_interrupted,False,True,False,60
Control_11,m84137_260214_004236_s1/174195529/ccs,1,4,2,15,205,CAA_interrupted,False,True,False,60
Control_11,m84137_260214_004236_s1/149488626/ccs,1,4,2,15,205,CAA_interrupted,False,True,False,60
Control_11,m84137_260214_004236_s1/167642128/ccs,1,4,2,15,205,CAA_interrupted,False,True,False,60
Control_11,m84137_260214_004236_s1/170590872/ccs,1,4,2,15,205,CAA_interrupted,False,True,False,60
Control_11,m84137_260214_004236_s1/170592459/ccs,1,4,2,15,205,CAA_interrupted,False,True,False,60
Control_11,m84137_260214_004236_s1/109971403/ccs,1,4,2,15,205,CAA_interrupted,False,True,False,60
Control_11,m84137_260214_004236_s1/111018514/ccs,1,4,2,15,205,CAA_interrupted,False,True,False,60
Control_11,m84137_260214_004236_s1/113903842/ccs,1,4,2,15,205,CAA_interrupted,False,True,False,60
Control_11,m84137_260214_004236_s1/134546969/ccs,1,4,2,15,205,CAA_interrupted,False,True,False,60
Control_11,m84137_260214_004236_s1/131205300/ccs,1,4,2,15,205,CAA_interrupted,False,True,False,60
Control_11,m84137_260214_004236_s1/151519343/ccs,1,4,2,15,205,CAA_interrupted,False,True,False,60
Control_11,m84137_260214_004236_s1/111741371/ccs,1,4,2,15,205,CAA_interrupted,False,True,False,60
Control_11,m84137_260214_004236_s1/128322061/ccs,1,4,2,15,205,CAA_interrupted,False,True,False,60
Control_11,m84137_260214_004236_s1/132057330/ccs,1,4,2,15,205,CAA_interrupted,False,True,False,60
Control_11,m84137_260214_004236_s1/132384663/ccs,1,4,2,15,205,CAA_interrupted,False,True,False,60
Control_11,m84137_260214_004236_s1/157156537/ccs,1,4,2,15,205,CAA_interrupted,False,True,False,60
Control_11,m84137_260214_004236_s1/136643622/ccs,1,4,2,15,205,CAA_interrupted,False,True,False,60
Control_11,m84137_260214_004236_s1/157220979/ccs,1,4,2,15,205,CAA_interrupted,False,True,False,60
Control_11,m84137_260214_004236_s1/153485970/ccs,1,4,2,15,205,CAA_interrupted,False,True,False,60
Control_11,m84137_260214_004236_s1/157943004/ccs,1,4,2,15,205,CAA_interrupted,False,True,False,60
Control_11,m84137_260214_004236_s1/162531420/ccs,1,4,2,15,205,CAA_interrupted,False,True,False,60
Control_11,m84137_260214_004236_s1/141362409/ccs,1,4,2,15,205,CAA_interrupted,False,True,False,60
Control_11,m84137_260214_004236_s1/154404684/ccs,1,4,2,15,205,CAA_interrupted,False,True,False,60
Control_11,m84137_260214_004236_s1/159253297/ccs,1,4,2,15,205,CAA_interrupted,False,True,False,60
Control_11,m84137_260214_004236_s1/142018123/ccs,1,4,2,15,205,CAA_interrupted,False,True,False,60
Control_11,m84137_260214_004236_s1/155585248/ccs,1,4,2,15,205,CAA_interrupted,False,True,False,60
Control_11,m84137_260214_004236_s1/160040256/ccs,1,4,2,15,205,CAA_interrupted,False,True,False,60
Control_11,m84137_260214_004236_s1/142869538/ccs,1,4,2,15,205,CAA_interrupted,False,True,False,60
Control_11,m84137_260214_004236_s1/142868841/ccs,1,4,2,15,205,CAA_interrupted,False,True,False,60
Control_11,m84137_260214_004236_s1/164037333/ccs,1,4,2,15,205,CAA_interrupted,False,True,False,60
Control_11,m84137_260214_004236_s1/143198448/ccs,1,4,2,15,205,CAA_interrupted,False,True,False,60
Control_11,m84137_260214_004236_s1/168100896/ccs,1,4,2,15,205,CAA_interrupted,False,True,False,60
Control_11,m84137_260214_004236_s1/235931382/ccs,1,4,2,15,205,CAA_interrupted,False,True,False,60
Control_11,m84137_260214_004236_s1/236456061/ccs,1,4,2,15,205,CAA_interrupted,False,True,False,60
Control_11,m84137_260214_004236_s1/236520074/ccs,1,4,2,15,205,CAA_interrupted,False,True,False,60
Control_11,m84137_260214_004236_s1/234029906/ccs,1,4,2,15,205,CAA_interrupted,False,True,False,60
Control_11,m84137_260214_004236_s1/241895762/ccs,1,4,2,15,205,CAA_interrupted,False,True,False,60
Control_11,m84137_260214_004236_s1/242156453/ccs,1,4,2,15,205,CAA_interrupted,False,True,False,60
Control_11,m84137_260214_004236_s1/241960783/ccs,1,4,2,15,205,CAA_interrupted,False,True,False,60
Control_11,m84137_260214_004236_s1/263128440/ccs,1,4,2,15,205,CAA_interrupted,False,True,False,60
Control_11,m84137_260214_004236_s1/256443009/ccs,1,4,2,15,205,CAA_interrupted,False,True,False,60
Control_11,m84137_260214_004236_s1/259721630/ccs,1,4,2,15,205,CAA_interrupted,False,True,False,60
Control_11,m84137_260214_004236_s1/263259759/ccs,1,4,2,15,205,CAA_interrupted,False,True,False,60
Control_11,m84137_260214_004236_s1/243664430/ccs,1,4,2,15,205,CAA_interrupted,False,True,False,60
Control_11,m84137_260214_004236_s1/264307019/ccs,1,4,2,15,205,CAA_interrupted,False,True,False,60
Control_11,m84137_260214_004236_s1/240321130/ccs,1,4,2,15,205,CAA_interrupted,False,True,False,60
Control_11,m84137_260214_004236_s1/187960305/ccs,1,4,2,15,205,CAA_interrupted,False,True,False,60
Control_11,m84137_260214_004236_s1/175048860/ccs,1,4,2,15,205,CAA_interrupted,False,True,False,60
Control_11,m84137_260214_004236_s1/175112744/ccs,1,4,2,15,205,CAA_interrupted,False,True,False,60
Control_11,m84137_260214_004236_s1/188089460/ccs,1,4,2,15,205,CAA_interrupted,False,True,False,60
Control_11,m84137_260214_004236_s1/175508099/ccs,1,4,2,15,205,CAA_interrupted,False,True,False,60
Control_11,m84137_260214_004236_s1/179176802/ccs,1,4,2,15,205,CAA_interrupted,False,True,False,60
Control_11,m84137_260214_004236_s1/171510071/ccs,1,4,2,15,205,CAA_interrupted,False,True,False,60
Control_11,m84137_260214_004236_s1/175835676/ccs,1,4,2,15,205,CAA_interrupted,False,True,False,60
Control_11,m84137_260214_004236_s1/179438353/ccs,1,4,2,15,205,CAA_interrupted,False,True,False,60
Control_11,m84137_260214_004236_s1/172032237/ccs,1,4,2,15,205,CAA_interrupted,False,True,False,60
Control_11,m84137_260214_004236_s1/197657408/ccs,1,4,2,15,205,CAA_interrupted,False,True,False,60
Control_11,m84137_260214_004236_s1/218762119/ccs,1,4,2,15,205,CAA_interrupted,False,True,False,60
Control_11,m84137_260214_004236_s1/177800984/ccs,1,4,2,15,205,CAA_interrupted,False,True,False,60
Control_11,m84137_260214_004236_s1/177998491/ccs,1,4,2,15,205,CAA_interrupted,False,True,False,60
Control_11,m84137_260214_004236_s1/194839661/ccs,1,4,2,15,205,CAA_interrupted,False,True,False,60
Control_11,m84137_260214_004236_s1/180618122/ccs,1,4,2,15,205,CAA_interrupted,False,True,False,60
Control_11,m84137_260214_004236_s1/219349141/ccs,1,4,2,15,205,CAA_interrupted,False,True,False,60
Control_11,m84137_260214_004236_s1/201918556/ccs,1,4,2,15,205,CAA_interrupted,False,True,False,60
Control_11,m84137_260214_004236_s1/202181248/ccs,1,4,2,15,205,CAA_interrupted,False,True,False,60
Control_11,m84137_260214_004236_s1/203097858/ccs,1,4,2,15,205,CAA_interrupted,False,True,False,60
Control_11,m84137_260214_004236_s1/182258345/ccs,1,4,2,15,205,CAA_interrupted,False,True,False,60
Control_11,m84137_260214_004236_s1/224004683/ccs,1,4,2,15,205,CAA_interrupted,False,True,False,60
Control_11,m84137_260214_004236_s1/224659507/ccs,1,4,2,15,205,CAA_interrupted,False,True,False,60
Control_11,m84137_260214_004236_s1/182977823/ccs,1,4,2,15,205,CAA_interrupted,False,True,False,60
Control_11,m84137_260214_004236_s1/208601881/ccs,1,4,2,15,205,CAA_interrupted,False,True,False,60
Control_11,m84137_260214_004236_s1/203820030/ccs,1,4,2,15,205,CAA_interrupted,False,True,False,60
Control_11,m84137_260214_004236_s1/222104050/ccs,1,4,2,15,205,CAA_interrupted,False,True,False,60
Control_11,m84137_260214_004236_s1/229704856/ccs,1,4,2,15,205,CAA_interrupted,False,True,False,60
Control_11,m84137_260214_004236_s1/229836590/ccs,1,4,2,15,205,CAA_interrupted,False,True,False,60
Control_11,m84137_260214_004236_s1/210174806/ccs,1,4,2,15,205,CAA_interrupted,False,True,False,60
Control_11,m84137_260214_004236_s1/223349344/ccs,1,4,2,15,205,CAA_interrupted,False,True,False,60
Control_11,m84137_260214_004236_s1/205588187/ccs,1,4,2,15,205,CAA_interrupted,False,True,False,60
Control_11,m84137_260214_004236_s1/230819579/ccs,1,4,2,15,205,CAA_interrupted,False,True,False,60
Control_11,m84137_260214_004236_s1/211354241/ccs,1,4,2,15,205,CAA_interrupted,False,True,False,60
Control_11,m84137_260214_004236_s1/205851103/ccs,1,4,2,15,205,CAA_interrupted,False,True,False,60
Control_11,m84137_260214_004236_s1/211617573/ccs,1,4,2,15,205,CAA_interrupted,False,True,False,60
Control_11,m84137_260214_004236_s1/227738475/ccs,1,4,2,15,205,CAA_interrupted,False,True,False,60
Control_11,m84137_260214_004236_s1/206637744/ccs,1,4,2,15,205,CAA_interrupted,False,True,False,60
Control_11,m84137_260214_004236_s1/253036213/ccs,1,4,2,15,205,CAA_interrupted,False,True,False,60
Control_11,m84137_260214_004236_s1/235210141/ccs,1,4,2,15,205,CAA_interrupted,False,True,False,60
Control_11,m84137_260214_004236_s1/253625596/ccs,1,4,2,15,205,CAA_interrupted,False,True,False,60
Control_11,m84137_260214_004236_s1/232983384/ccs,1,4,2,15,205,CAA_interrupted,False,True,False,60
Control_11,m84137_260214_004236_s1/235800188/ccs,1,4,2,15,205,CAA_interrupted,False,True,False,60
Control_11,m84137_260214_004236_s1/254085173/ccs,1,4,2,15,205,CAA_interrupted,False,True,False,60
Control_11,m84137_260214_004236_s1/235930040/ccs,1,4,2,15,205,CAA_interrupted,False,True,False,60
Control_11,m84137_260214_004236_s1/189140611/ccs,1,4,2,15,205,CAA_interrupted,False,True,False,60
Control_11,m84137_260214_004236_s1/218109217/ccs,1,4,2,15,205,CAA_interrupted,False,True,False,60
Control_11,m84137_260214_004236_s1/193205472/ccs,1,4,2,15,205,CAA_interrupted,False,True,False,60
Control_11,m84137_260214_004236_s1/196153583/ccs,1,4,2,15,205,CAA_interrupted,False,True,False,60
Control_11,m84137_260214_004236_s1/219026555/ccs,1,4,2,15,205,CAA_interrupted,False,True,False,60
Control_11,m84137_260214_004236_s1/219155528/ccs,1,4,2,15,205,CAA_interrupted,False,True,False,60
Control_11,m84137_260214_004236_s1/150474231/ccs,1,4,2,15,205,CAA_interrupted,False,True,False,60
Control_11,m84137_260214_004236_s1/219944813/ccs,1,4,2,15,205,CAA_interrupted,False,True,False,60
Control_11,m84137_260214_004236_s1/220206594/ccs,1,4,2,15,205,CAA_interrupted,False,True,False,60
Control_11,m84137_260214_004236_s1/201987077/ccs,1,4,2,15,205,CAA_interrupted,False,True,False,60
Control_11,m84137_260214_004236_s1/220337759/ccs,1,4,2,15,205,CAA_interrupted,False,True,False,60
Control_11,m84137_260214_004236_s1/220466574/ccs,1,4,2,15,205,CAA_interrupted,False,True,False,60
Control_11,m84137_260214_004236_s1/179312405/ccs,1,4,2,15,205,CAA_interrupted,False,True,False,60
Control_11,m84137_260214_004236_s1/198446280/ccs,1,4,2,15,205,CAA_interrupted,False,True,False,60
Control_11,m84137_260214_004236_s1/179900066/ccs,1,4,2,15,205,CAA_interrupted,False,True,False,60
Control_11,m84137_260214_004236_s1/180622908/ccs,1,4,2,15,205,CAA_interrupted,False,True,False,60
Control_11,m84137_260214_004236_s1/247467002/ccs,1,4,2,15,205,CAA_interrupted,False,True,False,60
Control_11,m84137_260214_004236_s1/17961531/ccs,1,4,2,15,205,CAA_interrupted,False,True,False,60
Control_11,m84137_260214_004236_s1/262472078/ccs,1,4,2,15,205,CAA_interrupted,False,True,False,60
Control_11,m84137_260214_004236_s1/245303645/ccs,1,4,2,15,205,CAA_interrupted,False,True,False,60
Control_11,m84137_260214_004236_s1/247990238/ccs,1,4,2,15,205,CAA_interrupted,False,True,False,60
Control_11,m84137_260214_004236_s1/245825747/ccs,1,4,2,15,205,CAA_interrupted,False,True,False,60
Control_11,m84137_260214_004236_s1/22484296/ccs,1,4,2,15,205,CAA_interrupted,False,True,False,60
Control_11,m84137_260214_004236_s1/245827404/ccs,1,4,2,15,205,CAA_interrupted,False,True,False,60
Control_11,m84137_260214_004236_s1/22744682/ccs,1,4,2,15,205,CAA_interrupted,False,True,False,60
Control_11,m84137_260214_004236_s1/22809918/ccs,1,4,2,15,205,CAA_interrupted,False,True,False,60
Control_11,m84137_260214_004236_s1/18944808/ccs,1,4,2,15,205,CAA_interrupted,False,True,False,60
Control_11,m84137_260214_004236_s1/19074612/ccs,1,4,2,15,205,CAA_interrupted,False,True,False,60
Control_11,m84137_260214_004236_s1/19665462/ccs,1,4,2,15,205,CAA_interrupted,False,True,False,60
Control_11,m84137_260214_004236_s1/248972399/ccs,1,4,2,15,205,CAA_interrupted,False,True,False,60
Control_11,m84137_260214_004236_s1/19991996/ccs,1,4,2,15,205,CAA_interrupted,False,True,False,60
Control_11,m84137_260214_004236_s1/250282470/ccs,1,4,2,15,205,CAA_interrupted,False,True,False,60
Control_11,m84137_260214_004236_s1/21434201/ccs,1,4,2,15,205,CAA_interrupted,False,True,False,60
Control_11,m84137_260214_004236_s1/25302214/ccs,1,4,2,15,205,CAA_interrupted,False,True,False,60
Control_11,m84137_260214_004236_s1/70391047/ccs,1,4,2,15,205,CAA_interrupted,False,True,False,60
Control_11,m84137_260214_004236_s1/45879231/ccs,1,4,2,15,205,CAA_interrupted,False,True,False,60
Control_11,m84137_260214_004236_s1/45881203/ccs,1,4,2,15,205,CAA_interrupted,False,True,False,60
Control_11,m84137_260214_004236_s1/73143703/ccs,1,4,2,15,205,CAA_interrupted,False,True,False,60
Control_11,m84137_260214_004236_s1/87100619/ccs,1,4,2,15,205,CAA_interrupted,False,True,False,60
Control_11,m84137_260214_004236_s1/89854859/ccs,1,4,2,15,205,CAA_interrupted,False,True,False,60
Control_11,m84137_260214_004236_s1/74715713/ccs,1,4,2,15,205,CAA_interrupted,False,True,False,60
Control_11,m84137_260214_004236_s1/74912744/ccs,1,4,2,15,205,CAA_interrupted,False,True,False,60
Control_11,m84137_260214_004236_s1/88282929/ccs,1,4,2,15,205,CAA_interrupted,False,True,False,60
Control_11,m84137_260214_004236_s1/75436854/ccs,1,4,2,15,205,CAA_interrupted,False,True,False,60
Control_11,m84137_260214_004236_s1/48042145/ccs,1,4,2,15,205,CAA_interrupted,False,True,False,60
Control_11,m84137_260214_004236_s1/100865887/ccs,0,1,2,16,205,fragmented_noisy,False,False,True,60
Control_11,m84137_260214_004236_s1/100863232/ccs,1,4,2,15,205,CAA_interrupted,False,True,False,60
Control_11,m84137_260214_004236_s1/96933097/ccs,1,4,2,15,205,CAA_interrupted,False,True,False,60
Control_11,m84137_260214_004236_s1/101913539/ccs,1,4,2,15,205,CAA_interrupted,False,True,False,60
Control_11,m84137_260214_004236_s1/92999569/ccs,1,4,2,15,205,CAA_interrupted,False,True,False,60
Control_11,m84137_260214_004236_s1/119278995/ccs,1,4,2,15,205,CAA_interrupted,False,True,False,60
Control_11,m84137_260214_004236_s1/106368357/ccs,1,4,2,15,205,CAA_interrupted,False,True,False,60
Control_11,m84137_260214_004236_s1/79171572/ccs,1,4,2,15,205,CAA_interrupted,False,True,False,60
Control_11,m84137_260214_004236_s1/106762626/ccs,1,4,2,15,205,CAA_interrupted,False,True,False,60
Control_11,m84137_260214_004236_s1/94965953/ccs,1,4,2,15,205,CAA_interrupted,False,True,False,60
Control_11,m84137_260214_004236_s1/99749292/ccs,1,4,2,15,205,CAA_interrupted,False,True,False,60
Control_11,m84137_260214_004236_s1/99946787/ccs,1,4,2,15,205,CAA_interrupted,False,True,False,60
Control_11,m84137_260214_004236_s1/104470331/ccs,1,4,2,15,205,CAA_interrupted,False,True,False,60
Control_11,m84137_260214_004236_s1/107550355/ccs,1,4,2,15,205,CAA_interrupted,False,True,False,60
Control_11,m84137_260214_004236_s1/107811899/ccs,1,4,2,15,205,CAA_interrupted,False,True,False,60
Control_11,m84137_260214_004236_s1/100602560/ccs,1,4,2,15,205,CAA_interrupted,False,True,False,60
Control_11,m84137_260214_004236_s1/121769057/ccs,1,4,2,15,205,CAA_interrupted,False,True,False,60
Control_11,m84137_260214_004236_s1/128650363/ccs,1,4,2,15,205,CAA_interrupted,False,True,False,60
Control_11,m84137_260214_004236_s1/122227756/ccs,1,4,2,15,205,CAA_interrupted,False,True,False,60
Control_11,m84137_260214_004236_s1/125570219/ccs,1,4,2,15,205,CAA_interrupted,False,True,False,60
Control_11,m84137_260214_004236_s1/122752219/ccs,1,4,2,15,205,CAA_interrupted,False,True,False,60
Control_11,m84137_260214_004236_s1/126422461/ccs,1,4,2,15,205,CAA_interrupted,False,True,False,60
Control_11,m84137_260214_004236_s1/130354891/ccs,1,4,2,15,205,CAA_interrupted,False,True,False,60
Control_11,m84137_260214_004236_s1/152245710/ccs,1,4,2,15,205,CAA_interrupted,False,True,False,60
Control_11,m84137_260214_004236_s1/131730895/ccs,1,4,2,15,205,CAA_interrupted,False,True,False,60
Control_11,m84137_260214_004236_s1/222170405/ccs,1,4,2,15,205,CAA_interrupted,False,True,False,60
Control_11,m84137_260214_004236_s1/180819780/ccs,1,4,2,15,205,CAA_interrupted,False,True,False,60
Control_11,m84137_260214_004236_s1/180751520/ccs,1,4,2,15,205,CAA_interrupted,False,True,False,60
Control_11,m84137_260214_004236_s1/222367696/ccs,1,4,2,15,205,CAA_interrupted,False,True,False,60
Control_11,m84137_260214_004236_s1/203887232/ccs,1,4,2,15,205,CAA_interrupted,False,True,False,60
Control_11,m84137_260214_004236_s1/200021437/ccs,1,4,2,15,205,CAA_interrupted,False,True,False,60
Control_11,m84137_260214_004236_s1/223416161/ccs,1,4,2,15,205,CAA_interrupted,False,True,False,60
Control_11,m84137_260214_004236_s1/200347100/ccs,1,4,2,15,205,CAA_interrupted,False,True,False,60
Control_11,m84137_260214_004236_s1/204934156/ccs,1,5,2,15,205,CAA_interrupted,False,True,False,60
Control_11,m84137_260214_004236_s1/212209484/ccs,1,4,2,15,205,CAA_interrupted,False,True,False,60
Control_11,m84137_260214_004236_s1/227284884/ccs,1,4,2,15,205,CAA_interrupted,False,True,False,60
Control_11,m84137_260214_004236_s1/230691766/ccs,1,4,2,15,205,CAA_interrupted,False,True,False,60
Control_11,m84137_260214_004236_s1/227677895/ccs,1,4,2,15,205,CAA_interrupted,False,True,False,60
Control_11,m84137_260214_004236_s1/228005324/ccs,1,4,2,15,205,CAA_interrupted,False,True,False,60
Control_11,m84137_260214_004236_s1/235998932/ccs,1,4,2,15,205,CAA_interrupted,False,True,False,60
Control_11,m84137_260214_004236_s1/254415105/ccs,1,3,2,15,205,CAA_interrupted,False,True,False,60
Control_11,m84137_260214_004236_s1/29496106/ccs,1,4,2,15,205,CAA_interrupted,False,True,False,60
Control_11,m84137_260214_004236_s1/26744719/ccs,1,4,2,15,205,CAA_interrupted,False,True,False,60
Control_11,m84137_260214_004236_s1/30086754/ccs,1,4,2,15,205,CAA_interrupted,False,True,False,60
Control_11,m84137_260214_004236_s1/30740312/ccs,1,4,2,15,205,CAA_interrupted,False,True,False,60
Control_11,m84137_260214_004236_s1/10294989/ccs,1,4,2,15,205,CAA_interrupted,False,True,False,60
Control_11,m84137_260214_004236_s1/10818353/ccs,1,4,2,15,205,CAA_interrupted,False,True,False,60
Control_11,m84137_260214_004236_s1/12586959/ccs,1,4,2,15,205,CAA_interrupted,False,True,False,60
Control_11,m84137_260214_004236_s1/39588519/ccs,1,4,2,15,205,CAA_interrupted,False,True,False,60
Control_11,m84137_260214_004236_s1/13440624/ccs,1,4,2,15,205,CAA_interrupted,False,True,False,60
Control_11,m84137_260214_004236_s1/56759863/ccs,1,4,2,15,205,CAA_interrupted,False,True,False,60
Control_11,m84137_260214_004236_s1/40243138/ccs,1,4,2,15,205,CAA_interrupted,False,True,False,60
Control_11,m84137_260214_004236_s1/40244535/ccs,1,4,2,15,205,CAA_interrupted,False,True,False,60
Control_11,m84137_260214_004236_s1/159584707/ccs,1,4,2,15,205,CAA_interrupted,False,True,False,60
Control_11,m84137_260214_004236_s1/159651261/ccs,1,4,2,15,205,CAA_interrupted,False,True,False,60
Control_11,m84137_260214_004236_s1/139137249/ccs,1,4,2,15,205,CAA_interrupted,False,True,False,60
Control_11,m84137_260214_004236_s1/144446582/ccs,1,4,2,15,205,CAA_interrupted,False,True,False,60
Control_11,m84137_260214_004236_s1/185472639/ccs,1,4,2,15,205,CAA_interrupted,False,True,False,60
Control_11,m84137_260214_004236_s1/145625953/ccs,1,4,2,15,205,CAA_interrupted,False,True,False,60
Control_11,m84137_260214_004236_s1/145953495/ccs,1,4,2,15,205,CAA_interrupted,False,True,False,60
Control_11,m84137_260214_004236_s1/169349274/ccs,1,4,2,15,205,CAA_interrupted,False,True,False,60
Control_11,m84137_260214_004236_s1/165680730/ccs,1,4,2,15,205,CAA_interrupted,False,True,False,60
Control_11,m84137_260214_004236_s1/187567160/ccs,1,3,2,15,205,CAA_interrupted,False,True,False,60
Control_11,m84137_260214_004236_s1/174854010/ccs,1,4,2,15,205,CAA_interrupted,False,True,False,60
Control_11,m84137_260214_004236_s1/187960339/ccs,1,4,2,15,205,CAA_interrupted,False,True,False,60
Control_11,m84137_260214_004236_s1/131536475/ccs,1,4,2,15,205,CAA_interrupted,False,True,False,60
Control_11,m84137_260214_004236_s1/156962294/ccs,1,4,2,15,205,CAA_interrupted,False,True,False,60
Control_11,m84137_260214_004236_s1/153358074/ccs,1,4,2,15,205,CAA_interrupted,False,True,False,60
Control_11,m84137_260214_004236_s1/153423912/ccs,1,4,2,15,205,CAA_interrupted,False,True,False,60
Control_11,m84137_260214_004236_s1/157421821/ccs,1,4,2,15,205,CAA_interrupted,False,True,False,60
Control_11,m84137_260214_004236_s1/157749101/ccs,1,4,2,15,205,CAA_interrupted,False,True,False,60
Control_11,m84137_260214_004236_s1/137762380/ccs,1,4,2,15,205,CAA_interrupted,False,True,False,60
Control_11,m84137_260214_004236_s1/157881533/ccs,1,4,2,15,205,CAA_interrupted,False,True,False,60
Control_11,m84137_260214_004236_s1/133893507/ccs,1,4,2,15,205,CAA_interrupted,False,True,False,60
Control_11,m84137_260214_004236_s1/155850204/ccs,1,4,2,15,205,CAA_interrupted,False,True,False,60
Control_11,m84137_260214_004236_s1/155782963/ccs,1,4,2,15,205,CAA_interrupted,False,True,False,60
Control_11,m84137_260214_004236_s1/138286949/ccs,1,4,2,15,205,CAA_interrupted,False,True,False,60
Control_11,m84137_260214_004236_s1/142481340/ccs,1,4,2,15,205,CAA_interrupted,False,True,False,60
Control_11,m84137_260214_004236_s1/162205962/ccs,1,4,2,15,205,CAA_interrupted,False,True,False,60
Control_11,m84137_260214_004236_s1/159126361/ccs,1,5,2,15,205,CAA_interrupted,False,True,False,60
Control_11,m84137_260214_004236_s1/115346578/ccs,1,4,2,15,205,CAA_interrupted,False,True,False,60
Control_11,m84137_260214_004236_s1/162925656/ccs,1,4,2,15,205,CAA_interrupted,False,True,False,60
Control_11,m84137_260214_004236_s1/38994162/ccs,1,4,2,15,205,CAA_interrupted,False,True,False,60
Control_11,m84137_260214_004236_s1/90308894/ccs,1,4,2,15,205,CAA_interrupted,False,True,False,60
Control_11,m84137_260214_004236_s1/171837893/ccs,1,4,2,15,205,CAA_interrupted,False,True,False,60
Control_11,m84137_260214_004236_s1/221315610/ccs,1,4,2,15,205,CAA_interrupted,False,True,False,60
Control_11,m84137_260214_004236_s1/201066280/ccs,1,4,2,15,205,CAA_interrupted,False,True,False,60
Control_11,m84137_260214_004236_s1/22484449/ccs,1,4,2,15,205,CAA_interrupted,False,True,False,60
Control_11,m84137_260214_004236_s1/35392845/ccs,1,4,2,15,205,CAA_interrupted,False,True,False,60
Control_11,m84137_260214_004236_s1/67898538/ccs,1,4,2,15,205,CAA_interrupted,False,True,False,60
Control_11,m84137_260214_004236_s1/157027016/ccs,1,4,2,15,205,CAA_interrupted,False,True,False,60
Control_11,m84137_260214_004236_s1/138609263/ccs,1,4,2,15,205,CAA_interrupted,False,True,False,60
Control_11,m84137_260214_004236_s1/255332526/ccs,1,4,2,15,205,CAA_interrupted,False,True,False,60
Control_11,m84137_260214_004236_s1/242748817/ccs,1,4,2,15,205,CAA_interrupted,False,True,False,60
Control_11,m84137_260214_004236_s1/255923321/ccs,1,4,2,15,205,CAA_interrupted,False,True,False,60
Control_11,m84137_260214_004236_s1/259068209/ccs,1,4,2,15,205,CAA_interrupted,False,True,False,60
Control_11,m84137_260214_004236_s1/238357645/ccs,1,4,2,15,205,CAA_interrupted,False,True,False,60
Control_11,m84137_260214_004236_s1/260118252/ccs,1,4,2,15,205,CAA_interrupted,False,True,False,60
Control_11,m84137_260214_004236_s1/265687372/ccs,1,4,2,15,205,CAA_interrupted,False,True,False,60
Control_11,m84137_260214_004236_s1/266342852/ccs,1,4,2,15,205,CAA_interrupted,False,True,False,60
Control_11,m84137_260214_004236_s1/247076295/ccs,1,4,2,15,205,CAA_interrupted,False,True,False,60
Control_11,m84137_260214_004236_s1/266800431/ccs,1,4,2,15,205,CAA_interrupted,False,True,False,60
Control_11,m84137_260214_004236_s1/249433311/ccs,1,4,2,15,205,CAA_interrupted,False,True,False,60
Control_11,m84137_260214_004236_s1/78644134/ccs,1,4,2,15,205,CAA_interrupted,False,True,False,60
Control_11,m84137_260214_004236_s1/125960573/ccs,1,4,2,15,205,CAA_interrupted,False,True,False,60
Control_11,m84137_260214_004236_s1/175244322/ccs,1,4,2,15,205,CAA_interrupted,False,True,False,60
Control_11,m84137_260214_004236_s1/58397103/ccs,1,4,2,15,205,CAA_interrupted,False,True,False,60
Control_11,m84137_260214_004236_s1/106173633/ccs,1,4,2,15,205,CAA_interrupted,False,True,False,60
Control_11,m84137_260214_004236_s1/133631345/ccs,1,4,2,15,205,CAA_interrupted,False,True,False,60
Control_11,m84137_260214_004236_s1/145560437/ccs,1,4,2,15,205,CAA_interrupted,False,True,False,60
Control_11,m84137_260214_004236_s1/17301812/ccs,1,4,2,15,205,CAA_interrupted,False,True,False,60
Control_11,m84137_260214_004236_s1/6095803/ccs,1,4,2,15,205,CAA_interrupted,False,True,False,60
Control_11,m84137_260214_004236_s1/28378775/ccs,1,4,2,15,205,CAA_interrupted,False,True,False,60
Control_11,m84137_260214_004236_s1/11666036/ccs,1,4,2,15,205,CAA_interrupted,False,True,False,60
Control_11,m84137_260214_004236_s1/11665926/ccs,1,4,2,15,205,CAA_interrupted,False,True,False,60
Control_11,m84137_260214_004236_s1/23068856/ccs,1,4,2,15,205,CAA_interrupted,False,True,False,60
Control_11,m84137_260214_004236_s1/250679583/ccs,1,4,2,15,205,CAA_interrupted,False,True,False,60
Control_11,m84137_260214_004236_s1/74057186/ccs,0,2,2,15,205,CAA_interrupted,False,True,False,60
Control_11,m84137_260214_004236_s1/94306678/ccs,1,4,2,15,205,CAA_interrupted,False,True,False,60
Control_11,m84137_260214_004236_s1/129828001/ccs,1,4,2,15,205,CAA_interrupted,False,True,False,60
Control_11,m84137_260214_004236_s1/117311312/ccs,1,4,2,15,205,CAA_interrupted,False,True,False,60
Control_11,m84137_260214_004236_s1/169412449/ccs,1,4,2,15,205,CAA_interrupted,False,True,False,60
Control_11,m84137_260214_004236_s1/166660085/ccs,1,4,2,15,205,CAA_interrupted,False,True,False,60
Control_11,m84137_260214_004236_s1/264307656/ccs,1,4,2,15,205,CAA_interrupted,False,True,False,60
Control_11,m84137_260214_004236_s1/95686892/ccs,1,4,2,15,205,CAA_interrupted,False,True,False,60
Control_11,m84137_260214_004236_s1/76943726/ccs,1,4,2,15,205,CAA_interrupted,False,True,False,60
Control_11,m84137_260214_004236_s1/149427425/ccs,1,4,2,15,205,CAA_interrupted,False,True,False,60
Control_11,m84137_260214_004236_s1/197266876/ccs,1,4,2,15,205,CAA_interrupted,False,True,False,60
Control_11,m84137_260214_004236_s1/223090508/ccs,1,4,2,15,205,CAA_interrupted,False,True,False,60
Control_11,m84137_260214_004236_s1/34210678/ccs,1,8,2,15,205,CAA_interrupted,False,True,False,60
Control_11,m84137_260214_004236_s1/45617609/ccs,1,4,2,15,205,CAA_interrupted,False,True,False,60
Control_11,m84137_260214_004236_s1/38671804/ccs,1,4,2,15,205,CAA_interrupted,False,True,False,60
Control_11,m84137_260214_004236_s1/203165972/ccs,1,4,2,15,205,CAA_interrupted,False,True,False,60
Control_11,m84137_260214_004236_s1/24253177/ccs,1,4,2,15,205,CAA_interrupted,False,True,False,60
Control_11,m84137_260214_004236_s1/221972166/ccs,1,4,2,15,205,CAA_interrupted,False,True,False,60
Control_11,m84137_260214_004236_s1/26351030/ccs,1,4,2,15,205,CAA_interrupted,False,True,False,60
Control_11,m84137_260214_004236_s1/24381664/ccs,1,4,2,15,205,CAA_interrupted,False,True,False,60
Control_11,m84137_260214_004236_s1/39322646/ccs,1,4,2,15,205,CAA_interrupted,False,True,False,60
Control_11,m84137_260214_004236_s1/127468561/ccs,1,4,2,15,205,CAA_interrupted,False,True,False,60
Control_11,m84137_260214_004236_s1/155781359/ccs,1,4,2,15,205,CAA_interrupted,False,True,False,60
Control_11,m84137_260214_004236_s1/228983843/ccs,1,4,2,15,205,CAA_interrupted,False,True,False,60
Control_11,m84137_260214_004236_s1/251396610/ccs,1,4,2,15,205,CAA_interrupted,False,True,False,60
Control_11,m84137_260214_004236_s1/11930935/ccs,1,4,2,15,205,CAA_interrupted,False,True,False,60
Control_11,m84137_260214_004236_s1/188225001/ccs,1,4,2,15,205,CAA_interrupted,False,True,False,60
Control_11,m84137_260214_004236_s1/29294934/ccs,1,4,2,15,205,CAA_interrupted,False,True,False,60
Control_11,m84137_260214_004236_s1/10552144/ccs,1,4,2,15,205,CAA_interrupted,False,True,False,60
Control_11,m84137_260214_004236_s1/11078444/ccs,1,4,2,15,205,CAA_interrupted,False,True,False,60
Control_11,m84137_260214_004236_s1/55314388/ccs,1,4,2,15,205,CAA_interrupted,False,True,False,60
Control_11,m84137_260214_004236_s1/55642580/ccs,1,4,2,15,205,CAA_interrupted,False,True,False,60
Control_11,m84137_260214_004236_s1/90571716/ccs,1,4,2,15,205,CAA_interrupted,False,True,False,60
Control_11,m84137_260214_004236_s1/90374684/ccs,1,4,2,15,205,CAA_interrupted,False,True,False,60
Control_11,m84137_260214_004236_s1/49547579/ccs,1,4,2,15,205,CAA_interrupted,False,True,False,60
Control_11,m84137_260214_004236_s1/96600748/ccs,1,4,2,15,205,CAA_interrupted,False,True,False,60
Control_11,m84137_260214_004236_s1/72680185/ccs,1,4,2,15,205,CAA_interrupted,False,True,False,60
Control_11,m84137_260214_004236_s1/94373637/ccs,1,4,2,15,205,CAA_interrupted,False,True,False,60
Control_11,m84137_260214_004236_s1/98566514/ccs,1,4,2,15,205,CAA_interrupted,False,True,False,60
Control_11,m84137_260214_004236_s1/126486234/ccs,1,4,2,15,205,CAA_interrupted,False,True,False,60
Control_11,m84137_260214_004236_s1/135397918/ccs,1,4,2,15,205,CAA_interrupted,False,True,False,60
Control_11,m84137_260214_004236_s1/152504170/ccs,1,4,2,15,205,CAA_interrupted,False,True,False,60
Control_11,m84137_260214_004236_s1/132319981/ccs,1,4,2,15,205,CAA_interrupted,False,True,False,60
Control_11,m84137_260214_004236_s1/153355905/ccs,1,4,2,15,205,CAA_interrupted,False,True,False,60
Control_11,m84137_260214_004236_s1/158859709/ccs,1,4,2,15,205,CAA_interrupted,False,True,False,60
Control_11,m84137_260214_004236_s1/164758119/ccs,1,4,2,15,205,CAA_interrupted,False,True,False,60
Control_11,m84137_260214_004236_s1/165218170/ccs,1,4,2,15,205,CAA_interrupted,False,True,False,60
Control_11,m84137_260214_004236_s1/187303178/ccs,1,4,2,15,205,CAA_interrupted,False,True,False,60
Control_11,m84137_260214_004236_s1/176555216/ccs,1,4,2,15,205,CAA_interrupted,False,True,False,60
Control_11,m84137_260214_004236_s1/218891365/ccs,1,4,2,15,205,CAA_interrupted,False,True,False,60
Control_11,m84137_260214_004236_s1/219546412/ccs,1,4,2,15,205,CAA_interrupted,False,True,False,60
Control_11,m84137_260214_004236_s1/224724382/ccs,1,4,2,15,205,CAA_interrupted,False,True,False,60
Control_11,m84137_260214_004236_s1/221774972/ccs,1,4,2,15,205,CAA_interrupted,False,True,False,60
Control_11,m84137_260214_004236_s1/184353805/ccs,1,4,2,15,205,CAA_interrupted,False,True,False,60
Control_11,m84137_260214_004236_s1/226755667/ccs,1,4,2,15,205,CAA_interrupted,False,True,False,60
Control_11,m84137_260214_004236_s1/205849482/ccs,1,4,2,14,205,CAA_interrupted,False,True,False,60
Control_11,m84137_260214_004236_s1/254085014/ccs,1,4,2,15,205,CAA_interrupted,False,True,False,60
Control_11,m84137_260214_004236_s1/236191910/ccs,1,4,2,15,205,CAA_interrupted,False,True,False,60
Control_11,m84137_260214_004236_s1/255461801/ccs,1,4,2,15,205,CAA_interrupted,False,True,False,60
Control_11,m84137_260214_004236_s1/217056726/ccs,1,4,2,15,205,CAA_interrupted,False,True,False,60
Control_11,m84137_260214_004236_s1/256706146/ccs,1,4,2,15,205,CAA_interrupted,False,True,False,60
Control_11,m84137_260214_004236_s1/217582590/ccs,1,4,2,15,205,CAA_interrupted,False,True,False,60
Control_11,m84137_260214_004236_s1/260637647/ccs,1,4,2,15,205,CAA_interrupted,False,True,False,60
Control_11,m84137_260214_004236_s1/243795606/ccs,1,4,2,15,205,CAA_interrupted,False,True,False,60
Control_11,m84137_260214_004236_s1/248187300/ccs,1,4,2,15,205,CAA_interrupted,False,True,False,60
Control_11,m84137_260214_004236_s1/3282352/ccs,1,4,2,15,205,CAA_interrupted,False,True,False,60
Control_11,m84137_260214_004236_s1/4593001/ccs,1,4,2,15,205,CAA_interrupted,False,True,False,60
Control_11,m84137_260214_004236_s1/221972269/ccs,1,4,2,15,205,CAA_interrupted,False,True,False,60
Control_11,m84137_260214_004236_s1/222038354/ccs,1,4,2,15,205,CAA_interrupted,False,True,False,60
Control_11,m84137_260214_004236_s1/134283358/ccs,1,4,2,15,205,CAA_interrupted,False,True,False,60
Control_11,m84137_260214_004236_s1/58460725/ccs,1,4,2,15,205,CAA_interrupted,False,True,False,60
Control_11,m84137_260214_004236_s1/48497845/ccs,1,4,2,15,205,CAA_interrupted,False,True,False,60
Control_11,m84137_260214_004236_s1/115671787/ccs,1,4,2,15,205,CAA_interrupted,False,True,False,60
Control_11,m84137_260214_004236_s1/136249888/ccs,1,4,2,15,205,CAA_interrupted,False,True,False,60
Control_11,m84137_260214_004236_s1/245173216/ccs,1,4,2,15,205,CAA_interrupted,False,True,False,60
Control_11,m84137_260214_004236_s1/245301848/ccs,1,7,2,15,205,CAA_interrupted,False,True,False,60
Control_11,m84137_260214_004236_s1/49810880/ccs,1,4,2,15,205,CAA_interrupted,False,True,False,60
Control_11,m84137_260214_004236_s1/44566725/ccs,1,3,2,15,205,CAA_interrupted,False,True,False,60
Control_11,m84137_260214_004236_s1/23399457/ccs,1,4,2,15,205,CAA_interrupted,False,True,False,60
Control_11,m84137_260214_004236_s1/143201129/ccs,1,10,2,16,205,CAA_interrupted,False,True,False,60
Control_11,m84137_260214_004236_s1/197984721/ccs,0,2,2,16,205,CAA_interrupted,False,True,False,60
Control_11,m84137_260214_004236_s1/22025000/ccs,0,2,2,15,205,CAA_interrupted,False,True,False,60
Control_11,m84137_260214_004236_s1/29624854/ccs,1,4,2,15,205,CAA_interrupted,False,True,False,60
Control_11,m84137_260214_004236_s1/140771597/ccs,1,4,2,15,205,CAA_interrupted,False,True,False,60
Control_11,m84137_260214_004236_s1/217516432/ccs,1,2,2,15,205,CAA_interrupted,False,True,False,60
Control_11,m84137_260214_004236_s1/111089537/ccs,1,2,2,15,205,CAA_interrupted,False,True,False,60
Control_11,m84137_260214_004236_s1/51512385/ccs,1,4,2,15,205,CAA_interrupted,False,True,False,60
Control_11,m84137_260214_004236_s1/143787785/ccs,1,4,2,15,205,CAA_interrupted,False,True,False,60
Control_11,m84137_260214_004236_s1/253039354/ccs,1,4,2,15,205,CAA_interrupted,False,True,False,60
Control_11,m84137_260214_004236_s1/227676527/ccs,1,4,2,15,205,CAA_interrupted,False,True,False,60
Control_11,m84137_260214_004236_s1/235869617/ccs,1,4,2,15,205,CAA_interrupted,False,True,False,60
Control_11,m84137_260214_004236_s1/257298205/ccs,1,4,2,15,205,CAA_interrupted,False,True,False,60
Control_11,m84137_260214_004236_s1/232722478/ccs,1,4,2,14,205,CAA_interrupted,False,True,False,60
Control_11,m84137_260214_004236_s1/237440812/ccs,1,4,2,15,205,CAA_interrupted,False,True,False,60
Control_11,m84137_260214_004236_s1/258348343/ccs,1,4,2,15,205,CAA_interrupted,False,True,False,60
Control_11,m84137_260214_004236_s1/232789909/ccs,1,4,2,15,205,CAA_interrupted,False,True,False,60
Control_11,m84137_260214_004236_s1/256445721/ccs,1,4,2,15,205,CAA_interrupted,False,True,False,60
Control_11,m84137_260214_004236_s1/259657385/ccs,1,4,2,15,205,CAA_interrupted,False,True,False,60
Control_11,m84137_260214_004236_s1/266802286/ccs,1,4,2,15,205,CAA_interrupted,False,True,False,60
Control_11,m84137_260214_004236_s1/249042810/ccs,1,4,2,15,205,CAA_interrupted,False,True,False,60
Control_11,m84137_260214_004236_s1/249433998/ccs,1,4,2,15,205,CAA_interrupted,False,True,False,60
Control_11,m84137_260214_004236_s1/249565639/ccs,1,4,2,15,205,CAA_interrupted,False,True,False,60
Control_11,m84137_260214_004236_s1/251269567/ccs,1,4,2,15,205,CAA_interrupted,False,True,False,60
Control_11,m84137_260214_004236_s1/7800572/ccs,1,4,2,15,205,CAA_interrupted,False,True,False,60
Control_11,m84137_260214_004236_s1/7866640/ccs,1,4,2,15,205,CAA_interrupted,False,True,False,60
Control_11,m84137_260214_004236_s1/75041019/ccs,1,4,2,15,205,CAA_interrupted,False,True,False,60
Control_11,m84137_260214_004236_s1/93848440/ccs,1,4,2,15,205,CAA_interrupted,False,True,False,60
Control_11,m84137_260214_004236_s1/102697770/ccs,1,4,2,15,205,CAA_interrupted,False,True,False,60
Control_11,m84137_260214_004236_s1/126355218/ccs,1,4,2,15,205,CAA_interrupted,False,True,False,60
Control_11,m84137_260214_004236_s1/134482477/ccs,1,3,2,15,205,CAA_interrupted,False,True,False,60
Control_11,m84137_260214_004236_s1/114165204/ccs,1,4,2,15,205,CAA_interrupted,False,True,False,60
Control_11,m84137_260214_004236_s1/134875208/ccs,1,4,2,15,205,CAA_interrupted,False,True,False,60
Control_11,m84137_260214_004236_s1/136186590/ccs,1,4,2,15,205,CAA_interrupted,False,True,False,60
Control_11,m84137_260214_004236_s1/115868846/ccs,1,4,2,15,205,CAA_interrupted,False,True,False,60
Control_11,m84137_260214_004236_s1/141165832/ccs,1,4,2,15,205,CAA_interrupted,False,True,False,60
Control_11,m84137_260214_004236_s1/138543818/ccs,1,4,2,15,205,CAA_interrupted,False,True,False,60
Control_11,m84137_260214_004236_s1/162924231/ccs,1,4,2,15,205,CAA_interrupted,False,True,False,60
Control_11,m84137_260214_004236_s1/189598638/ccs,1,4,2,15,205,CAA_interrupted,False,True,False,60
Control_11,m84137_260214_004236_s1/193003947/ccs,1,4,2,15,205,CAA_interrupted,False,True,False,60
Control_11,m84137_260214_004236_s1/195166511/ccs,1,4,2,15,205,CAA_interrupted,False,True,False,60
Control_11,m84137_260214_004236_s1/181667589/ccs,1,4,2,15,205,CAA_interrupted,False,True,False,60
Control_11,m84137_260214_004236_s1/261227354/ccs,1,4,2,15,205,CAA_interrupted,False,True,False,60
Control_11,m84137_260214_004236_s1/19271602/ccs,1,4,2,15,205,CAA_interrupted,False,True,False,60
Control_11,m84137_260214_004236_s1/24580737/ccs,1,4,2,15,205,CAA_interrupted,False,True,False,60
Control_11,m84137_260214_004236_s1/36900804/ccs,1,4,2,15,205,CAA_interrupted,False,True,False,60
Control_11,m84137_260214_004236_s1/37950117/ccs,1,4,2,15,205,CAA_interrupted,False,True,False,60
Control_11,m84137_260214_004236_s1/14028751/ccs,1,4,2,15,205,CAA_interrupted,False,True,False,60
Control_11,m84137_260214_004236_s1/87955275/ccs,1,4,2,15,205,CAA_interrupted,False,True,False,60
Control_11,m84137_260214_004236_s1/100863149/ccs,1,4,2,15,205,CAA_interrupted,False,True,False,60
Control_11,m84137_260214_004236_s1/89396134/ccs,1,4,2,15,205,CAA_interrupted,False,True,False,60
Control_11,m84137_260214_004236_s1/79171342/ccs,1,4,2,15,205,CAA_interrupted,False,True,False,60
Control_11,m84137_260214_004236_s1/154669336/ccs,1,4,2,15,205,CAA_interrupted,False,True,False,60
Control_11,m84137_260214_004236_s1/186584326/ccs,1,4,2,15,205,CAA_interrupted,False,True,False,60
Control_11,m84137_260214_004236_s1/222039314/ccs,1,4,2,15,205,CAA_interrupted,False,True,False,60
Control_11,m84137_260214_004236_s1/229775128/ccs,1,4,2,15,205,CAA_interrupted,False,True,False,60
Control_11,m84137_260214_004236_s1/212471725/ccs,1,4,2,15,205,CAA_interrupted,False,True,False,60
Control_11,m84137_260214_004236_s1/261690002/ccs,1,4,2,15,205,CAA_interrupted,False,True,False,60
Control_11,m84137_260214_004236_s1/248910214/ccs,1,4,2,15,205,CAA_interrupted,False,True,False,60
Control_11,m84137_260214_004236_s1/47188603/ccs,1,4,2,15,205,CAA_interrupted,False,True,False,60
Control_11,m84137_260214_004236_s1/54526979/ccs,1,4,2,15,205,CAA_interrupted,False,True,False,60
Control_11,m84137_260214_004236_s1/96012114/ccs,1,4,2,15,205,CAA_interrupted,False,True,False,60
Control_11,m84137_260214_004236_s1/109840579/ccs,1,4,2,15,205,CAA_interrupted,False,True,False,60
Control_11,m84137_260214_004236_s1/226624781/ccs,1,4,2,15,205,CAA_interrupted,False,True,False,60
Control_11,m84137_260214_004236_s1/243270289/ccs,1,4,2,15,205,CAA_interrupted,False,True,False,60
Control_11,m84137_260214_004236_s1/260768493/ccs,1,4,2,15,205,CAA_interrupted,False,True,False,60
Control_11,m84137_260214_004236_s1/113644290/ccs,1,4,2,15,205,CAA_interrupted,False,True,False,60
Control_11,m84137_260214_004236_s1/25690857/ccs,1,4,2,15,205,CAA_interrupted,False,True,False,60
Control_11,m84137_260214_004236_s1/25494694/ccs,1,4,2,15,205,CAA_interrupted,False,True,False,60
Control_11,m84137_260214_004236_s1/13698325/ccs,1,4,2,15,205,CAA_interrupted,False,True,False,60
Control_11,m84137_260214_004236_s1/20448324/ccs,1,4,2,15,205,CAA_interrupted,False,True,False,60
Control_11,m84137_260214_004236_s1/13960595/ccs,1,4,2,15,205,CAA_interrupted,False,True,False,60
Control_11,m84137_260214_004236_s1/27133910/ccs,1,4,2,15,205,CAA_interrupted,False,True,False,60
Control_11,m84137_260214_004236_s1/33949206/ccs,1,4,2,15,205,CAA_interrupted,False,True,False,60
Control_11,m84137_260214_004236_s1/27658139/ccs,1,4,2,15,205,CAA_interrupted,False,True,False,60
Control_11,m84137_260214_004236_s1/34472451/ccs,1,4,2,15,205,CAA_interrupted,False,True,False,60
Control_11,m84137_260214_004236_s1/56164607/ccs,1,4,2,15,205,CAA_interrupted,False,True,False,60
Control_11,m84137_260214_004236_s1/55968632/ccs,1,4,2,15,205,CAA_interrupted,False,True,False,60
Control_11,m84137_260214_004236_s1/56363970/ccs,1,4,2,15,205,CAA_interrupted,False,True,False,60
Control_11,m84137_260214_004236_s1/32573247/ccs,1,4,2,15,205,CAA_interrupted,False,True,False,60
Control_11,m84137_260214_004236_s1/56691683/ccs,1,4,2,15,205,CAA_interrupted,False,True,False,60
Control_11,m84137_260214_004236_s1/56755746/ccs,1,4,2,15,205,CAA_interrupted,False,True,False,60
Control_11,m84137_260214_004236_s1/16319627/ccs,1,4,2,15,205,CAA_interrupted,False,True,False,60
Control_11,m84137_260214_004236_s1/16384567/ccs,1,4,2,15,205,CAA_interrupted,False,True,False,60
Control_11,m84137_260214_004236_s1/39846513/ccs,1,4,2,15,205,CAA_interrupted,False,True,False,60
Control_11,m84137_260214_004236_s1/37553400/ccs,1,4,2,15,205,CAA_interrupted,False,True,False,60
Control_11,m84137_260214_004236_s1/41551558/ccs,1,4,2,15,205,CAA_interrupted,False,True,False,60
Control_11,m84137_260214_004236_s1/37685313/ccs,1,4,2,15,205,CAA_interrupted,False,True,False,60
Control_11,m84137_260214_004236_s1/59378093/ccs,1,4,2,15,205,CAA_interrupted,False,True,False,60
Control_11,m84137_260214_004236_s1/46531661/ccs,1,4,2,15,205,CAA_interrupted,False,True,False,60
Control_11,m84137_260214_004236_s1/53413843/ccs,1,4,2,15,205,CAA_interrupted,False,True,False,60
Control_11,m84137_260214_004236_s1/42076665/ccs,1,4,2,15,205,CAA_interrupted,False,True,False,60
Control_11,m84137_260214_004236_s1/53872726/ccs,1,4,2,15,205,CAA_interrupted,False,True,False,60
Control_11,m84137_260214_004236_s1/38929690/ccs,1,4,2,15,205,CAA_interrupted,False,True,False,60
Control_11,m84137_260214_004236_s1/61081995/ccs,1,4,2,15,205,CAA_interrupted,False,True,False,60
Control_11,m84137_260214_004236_s1/54657214/ccs,1,4,2,15,205,CAA_interrupted,False,True,False,60
Control_11,m84137_260214_004236_s1/55380192/ccs,1,4,2,15,205,CAA_interrupted,False,True,False,60
Control_11,m84137_260214_004236_s1/55378607/ccs,1,4,2,15,205,CAA_interrupted,False,True,False,60
Control_11,m84137_260214_004236_s1/67635950/ccs,1,4,2,15,205,CAA_interrupted,False,True,False,60
Control_11,m84137_260214_004236_s1/97125973/ccs,1,5,2,15,205,CAA_interrupted,False,True,False,60
Control_11,m84137_260214_004236_s1/230623264/ccs,1,4,2,15,205,CAA_interrupted,False,True,False,60
Control_11,m84137_260214_004236_s1/221252134/ccs,1,4,2,15,205,CAA_interrupted,False,True,False,60
Control_11,m84137_260214_004236_s1/204867004/ccs,1,4,2,15,205,CAA_interrupted,False,True,False,60
Control_11,m84137_260214_004236_s1/252642045/ccs,1,4,2,15,205,CAA_interrupted,False,True,False,60
Control_11,m84137_260214_004236_s1/25826137/ccs,1,4,2,15,205,CAA_interrupted,False,True,False,60
Control_11,m84137_260214_004236_s1/35001545/ccs,1,3,2,15,205,CAA_interrupted,False,True,False,60
Control_11,m84137_260214_004236_s1/66721702/ccs,1,4,2,15,205,CAA_interrupted,False,True,False,60
Control_11,m84137_260214_004236_s1/143986056/ccs,1,4,2,15,205,CAA_interrupted,False,True,False,60
Control_11,m84137_260214_004236_s1/161879995/ccs,1,4,2,15,205,CAA_interrupted,False,True,False,60
Control_11,m84137_260214_004236_s1/220468606/ccs,1,4,2,15,205,CAA_interrupted,False,True,False,60
Control_11,m84137_260214_004236_s1/261755767/ccs,1,4,2,15,205,CAA_interrupted,False,True,False,60
Control_11,m84137_260214_004236_s1/23333811/ccs,1,4,2,15,205,CAA_interrupted,False,True,False,60
Control_11,m84137_260214_004236_s1/17697012/ccs,1,4,2,15,205,CAA_interrupted,False,True,False,60
Control_11,m84137_260214_004236_s1/13370637/ccs,1,4,2,15,205,CAA_interrupted,False,True,False,60
Control_11,m84137_260214_004236_s1/15469179/ccs,1,4,2,15,205,CAA_interrupted,False,True,False,60
Control_11,m84137_260214_004236_s1/49548060/ccs,1,4,2,15,205,CAA_interrupted,False,True,False,60
Control_11,m84137_260214_004236_s1/79234181/ccs,1,4,2,15,205,CAA_interrupted,False,True,False,60
Control_11,m84137_260214_004236_s1/87819019/ccs,1,4,2,15,205,CAA_interrupted,False,True,False,60
Control_11,m84137_260214_004236_s1/99552110/ccs,1,4,2,15,205,CAA_interrupted,False,True,False,60
Control_11,m84137_260214_004236_s1/83625180/ccs,1,4,2,15,205,CAA_interrupted,False,True,False,60
Control_11,m84137_260214_004236_s1/120391968/ccs,1,4,2,15,205,CAA_interrupted,False,True,False,60
Control_11,m84137_260214_004236_s1/111477549/ccs,1,4,2,15,205,CAA_interrupted,False,True,False,60
Control_11,m84137_260214_004236_s1/133759735/ccs,1,4,2,15,205,CAA_interrupted,False,True,False,60
Control_11,m84137_260214_004236_s1/154929108/ccs,1,4,2,15,205,CAA_interrupted,False,True,False,60
Control_11,m84137_260214_004236_s1/145819992/ccs,1,4,2,15,205,CAA_interrupted,False,True,False,60
Control_11,m84137_260214_004236_s1/164495827/ccs,1,4,2,15,205,CAA_interrupted,False,True,False,60
Control_11,m84137_260214_004236_s1/164758578/ccs,1,4,2,15,205,CAA_interrupted,False,True,False,60
Control_11,m84137_260214_004236_s1/169870493/ccs,1,4,2,15,205,CAA_interrupted,False,True,False,60
Control_11,m84137_260214_004236_s1/174852156/ccs,1,4,2,15,205,CAA_interrupted,False,True,False,60
Control_11,m84137_260214_004236_s1/215941847/ccs,1,4,2,15,205,CAA_interrupted,False,True,False,60
Control_11,m84137_260214_004236_s1/111088851/ccs,1,4,2,15,205,CAA_interrupted,False,True,False,60
Control_11,m84137_260214_004236_s1/111480132/ccs,1,4,2,15,205,CAA_interrupted,False,True,False,60
Control_11,m84137_260214_004236_s1/137827216/ccs,1,4,2,15,205,CAA_interrupted,False,True,False,60
Control_11,m84137_260214_004236_s1/137695676/ccs,1,4,2,15,205,CAA_interrupted,False,True,False,60
Control_11,m84137_260214_004236_s1/163319708/ccs,1,4,2,15,205,CAA_interrupted,False,True,False,60
Control_11,m84137_260214_004236_s1/186062128/ccs,1,4,2,15,205,CAA_interrupted,False,True,False,60
Control_11,m84137_260214_004236_s1/164957972/ccs,1,4,2,15,205,CAA_interrupted,False,True,False,60
Control_11,m84137_260214_004236_s1/165154359/ccs,1,4,2,15,205,CAA_interrupted,False,True,False,60
Control_11,m84137_260214_004236_s1/165221880/ccs,1,4,2,15,205,CAA_interrupted,False,True,False,60
Control_11,m84137_260214_004236_s1/165680709/ccs,1,4,2,15,205,CAA_interrupted,False,True,False,60
Control_11,m84137_260214_004236_s1/169482128/ccs,1,4,2,15,205,CAA_interrupted,False,True,False,60
Control_11,m84137_260214_004236_s1/175444142/ccs,1,4,2,15,205,CAA_interrupted,False,True,False,60
Control_11,m84137_260214_004236_s1/188289267/ccs,1,4,2,15,205,CAA_interrupted,False,True,False,60
Control_11,m84137_260214_004236_s1/166989285/ccs,1,4,2,15,205,CAA_interrupted,False,True,False,60
Control_11,m84137_260214_004236_s1/167318921/ccs,1,4,2,15,205,CAA_interrupted,False,True,False,60
Control_11,m84137_260214_004236_s1/189076563/ccs,1,4,2,15,205,CAA_interrupted,False,True,False,60
Control_11,m84137_260214_004236_s1/192812195/ccs,1,4,2,15,205,CAA_interrupted,False,True,False,60
Control_11,m84137_260214_004236_s1/173149783/ccs,1,4,2,15,205,CAA_interrupted,False,True,False,60
Control_11,m84137_260214_004236_s1/150345190/ccs,1,4,2,15,205,CAA_interrupted,False,True,False,60
Control_11,m84137_260214_004236_s1/197072355/ccs,1,4,2,15,205,CAA_interrupted,False,True,False,60
Control_11,m84137_260214_004236_s1/207229851/ccs,1,4,2,15,205,CAA_interrupted,False,True,False,60
Control_11,m84137_260214_004236_s1/197465811/ccs,1,4,2,15,205,CAA_interrupted,False,True,False,60
Control_11,m84137_260214_004236_s1/220205880/ccs,1,4,2,15,205,CAA_interrupted,False,True,False,60
Control_11,m84137_260214_004236_s1/224007474/ccs,1,4,2,15,205,CAA_interrupted,False,True,False,60
Control_11,m84137_260214_004236_s1/222565591/ccs,1,4,2,15,205,CAA_interrupted,False,True,False,60
Control_11,m84137_260214_004236_s1/223482289/ccs,1,4,2,15,205,CAA_interrupted,False,True,False,60
Control_11,m84137_260214_004236_s1/210571392/ccs,1,4,2,15,205,CAA_interrupted,False,True,False,60
Control_11,m84137_260214_004236_s1/200415059/ccs,1,4,2,15,205,CAA_interrupted,False,True,False,60
Control_11,m84137_260214_004236_s1/200347987/ccs,1,4,2,15,205,CAA_interrupted,False,True,False,60
Control_11,m84137_260214_004236_s1/206444427/ccs,1,4,2,15,205,CAA_interrupted,False,True,False,60
Control_11,m84137_260214_004236_s1/183046686/ccs,1,4,2,15,205,CAA_interrupted,False,True,False,60
Control_11,m84137_260214_004236_s1/212277085/ccs,1,4,2,15,205,CAA_interrupted,False,True,False,60
Control_11,m84137_260214_004236_s1/168301344/ccs,1,4,2,15,205,CAA_interrupted,False,True,False,60
Control_11,m84137_260214_004236_s1/36769497/ccs,1,4,2,15,205,CAA_interrupted,False,True,False,60
Control_11,m84137_260214_004236_s1/13634708/ccs,1,4,2,15,205,CAA_interrupted,False,True,False,60
Control_11,m84137_260214_004236_s1/61804814/ccs,1,4,2,15,205,CAA_interrupted,False,True,False,60
Control_11,m84137_260214_004236_s1/54661292/ccs,1,4,2,15,205,CAA_interrupted,False,True,False,60
Control_11,m84137_260214_004236_s1/55119750/ccs,1,4,2,15,205,CAA_interrupted,False,True,False,60
Control_11,m84137_260214_004236_s1/15209034/ccs,1,4,2,15,205,CAA_interrupted,False,True,False,60
Control_11,m84137_260214_004236_s1/59773829/ccs,1,4,2,15,205,CAA_interrupted,False,True,False,60
Control_11,m84137_260214_004236_s1/44437107/ccs,1,4,2,15,205,CAA_interrupted,False,True,False,60
Control_11,m84137_260214_004236_s1/70260505/ccs,1,4,2,15,205,CAA_interrupted,False,True,False,60
Control_11,m84137_260214_004236_s1/65868606/ccs,1,4,2,15,205,CAA_interrupted,False,True,False,60
Control_11,m84137_260214_004236_s1/89787454/ccs,1,4,2,15,205,CAA_interrupted,False,True,False,60
Control_11,m84137_260214_004236_s1/66589454/ccs,1,4,2,15,205,CAA_interrupted,False,True,False,60
Control_11,m84137_260214_004236_s1/47190438/ccs,1,4,2,15,205,CAA_interrupted,False,True,False,60
Control_11,m84137_260214_004236_s1/72618490/ccs,1,4,2,15,205,CAA_interrupted,False,True,False,60
Control_11,m84137_260214_004236_s1/95753460/ccs,1,4,2,15,205,CAA_interrupted,False,True,False,60
Control_11,m84137_260214_004236_s1/91886097/ccs,1,4,2,15,205,CAA_interrupted,False,True,False,60
Control_11,m84137_260214_004236_s1/48762291/ccs,1,4,2,15,205,CAA_interrupted,False,True,False,60
Control_11,m84137_260214_004236_s1/97063066/ccs,1,4,2,15,205,CAA_interrupted,False,True,False,60
Control_11,m84137_260214_004236_s1/97522269/ccs,1,4,2,15,205,CAA_interrupted,False,True,False,60
Control_11,m84137_260214_004236_s1/97586588/ccs,1,4,2,15,205,CAA_interrupted,False,True,False,60
Control_11,m84137_260214_004236_s1/93850774/ccs,1,4,2,15,205,CAA_interrupted,False,True,False,60
Control_11,m84137_260214_004236_s1/79040903/ccs,1,4,2,15,205,CAA_interrupted,False,True,False,60
Control_11,m84137_260214_004236_s1/98962621/ccs,1,4,2,15,205,CAA_interrupted,False,True,False,60
Control_11,m84137_260214_004236_s1/79828906/ccs,1,4,2,15,205,CAA_interrupted,False,True,False,60
Control_11,m84137_260214_004236_s1/104336928/ccs,1,4,2,15,205,CAA_interrupted,False,True,False,60
Control_11,m84137_260214_004236_s1/99291975/ccs,1,4,2,15,205,CAA_interrupted,False,True,False,60
Control_11,m84137_260214_004236_s1/125637543/ccs,1,4,2,15,205,CAA_interrupted,False,True,False,60
Control_11,m84137_260214_004236_s1/122885624/ccs,1,4,2,15,205,CAA_interrupted,False,True,False,60
Control_11,m84137_260214_004236_s1/134550980/ccs,1,4,2,15,205,CAA_interrupted,False,True,False,60
Control_11,m84137_260214_004236_s1/109647636/ccs,1,4,2,15,205,CAA_interrupted,False,True,False,60
Control_11,m84137_260214_004236_s1/151457046/ccs,1,4,2,15,205,CAA_interrupted,False,True,False,60
Control_11,m84137_260214_004236_s1/110826953/ccs,1,4,2,15,205,CAA_interrupted,False,True,False,60
Control_11,m84137_260214_004236_s1/126882084/ccs,1,4,2,15,205,CAA_interrupted,False,True,False,60
Control_11,m84137_260214_004236_s1/153682329/ccs,1,4,2,15,205,CAA_interrupted,False,True,False,60
Control_11,m84137_260214_004236_s1/133236734/ccs,1,4,2,15,205,CAA_interrupted,False,True,False,60
Control_11,m84137_260214_004236_s1/137365834/ccs,1,4,2,15,205,CAA_interrupted,False,True,False,60
Control_11,m84137_260214_004236_s1/134153825/ccs,1,4,2,15,205,CAA_interrupted,False,True,False,60
Control_11,m84137_260214_004236_s1/134155177/ccs,1,4,2,15,205,CAA_interrupted,False,True,False,60
Control_11,m84137_260214_004236_s1/159121481/ccs,1,4,2,15,205,CAA_interrupted,False,True,False,60
Control_11,m84137_260214_004236_s1/164430468/ccs,1,4,2,15,205,CAA_interrupted,False,True,False,60
Control_11,m84137_260214_004236_s1/143525792/ccs,1,4,2,15,205,CAA_interrupted,False,True,False,60
Control_11,m84137_260214_004236_s1/164891028/ccs,1,4,2,15,205,CAA_interrupted,False,True,False,60
Control_11,m84137_260214_004236_s1/144180342/ccs,1,4,2,15,205,CAA_interrupted,False,True,False,60
Control_11,m84137_260214_004236_s1/145097471/ccs,1,4,2,15,205,CAA_interrupted,False,True,False,60
Control_11,m84137_260214_004236_s1/148244543/ccs,1,4,2,15,205,CAA_interrupted,False,True,False,60
Control_11,m84137_260214_004236_s1/190121084/ccs,1,4,2,15,205,CAA_interrupted,False,True,False,60
Control_11,m84137_260214_004236_s1/173803151/ccs,1,4,2,15,205,CAA_interrupted,False,True,False,60
Control_11,m84137_260214_004236_s1/186976316/ccs,1,4,2,15,205,CAA_interrupted,False,True,False,60
Control_11,m84137_260214_004236_s1/187170918/ccs,1,4,2,15,205,CAA_interrupted,False,True,False,60
Control_11,m84137_260214_004236_s1/170788230/ccs,1,4,2,15,205,CAA_interrupted,False,True,False,60
Control_11,m84137_260214_004236_s1/170787557/ccs,1,4,2,15,205,CAA_interrupted,False,True,False,60
Control_11,m84137_260214_004236_s1/175178204/ccs,1,4,2,15,205,CAA_interrupted,False,True,False,60
Control_11,m84137_260214_004236_s1/150603711/ccs,1,4,2,15,205,CAA_interrupted,False,True,False,60
Control_11,m84137_260214_004236_s1/179110572/ccs,1,4,2,15,205,CAA_interrupted,False,True,False,60
Control_11,m84137_260214_004236_s1/172098919/ccs,1,4,2,15,205,CAA_interrupted,False,True,False,60
Control_11,m84137_260214_004236_s1/198182979/ccs,1,4,2,15,205,CAA_interrupted,False,True,False,60
Control_11,m84137_260214_004236_s1/194249267/ccs,1,4,2,15,205,CAA_interrupted,False,True,False,60
Control_11,m84137_260214_004236_s1/180292046/ccs,1,4,2,15,205,CAA_interrupted,False,True,False,60
Control_11,m84137_260214_004236_s1/218956513/ccs,1,4,2,15,205,CAA_interrupted,False,True,False,60
Control_11,m84137_260214_004236_s1/195036735/ccs,1,4,2,15,205,CAA_interrupted,False,True,False,60
Control_11,m84137_260214_004236_s1/219810778/ccs,1,4,2,15,205,CAA_interrupted,False,True,False,60
Control_11,m84137_260214_004236_s1/201853401/ccs,1,4,2,15,205,CAA_interrupted,False,True,False,60
Control_11,m84137_260214_004236_s1/202180812/ccs,1,4,2,15,205,CAA_interrupted,False,True,False,60
Control_11,m84137_260214_004236_s1/220726321/ccs,1,4,2,15,205,CAA_interrupted,False,True,False,60
Control_11,m84137_260214_004236_s1/207882512/ccs,1,4,2,15,205,CAA_interrupted,False,True,False,60
Control_11,m84137_260214_004236_s1/200540626/ccs,1,4,2,15,205,CAA_interrupted,False,True,False,60
Control_11,m84137_260214_004236_s1/48825176/ccs,1,4,2,15,205,CAA_interrupted,False,True,False,60
Control_11,m84137_260214_004236_s1/65142947/ccs,1,4,2,15,205,CAA_interrupted,False,True,False,60
Control_11,m84137_260214_004236_s1/65734358/ccs,1,4,2,15,205,CAA_interrupted,False,True,False,60
Control_11,m84137_260214_004236_s1/68551352/ccs,1,4,2,15,205,CAA_interrupted,False,True,False,60
Control_11,m84137_260214_004236_s1/68618825/ccs,1,4,2,15,205,CAA_interrupted,False,True,False,60
Control_11,m84137_260214_004236_s1/73466408/ccs,1,4,2,15,205,CAA_interrupted,False,True,False,60
Control_11,m84137_260214_004236_s1/49545743/ccs,1,4,2,15,205,CAA_interrupted,False,True,False,60
Control_11,m84137_260214_004236_s1/50136647/ccs,1,4,2,15,205,CAA_interrupted,False,True,False,60
Control_11,m84137_260214_004236_s1/66980121/ccs,1,4,2,15,205,CAA_interrupted,False,True,False,60
Control_11,m84137_260214_004236_s1/75169903/ccs,1,4,2,15,205,CAA_interrupted,False,True,False,60
Control_11,m84137_260214_004236_s1/86640933/ccs,1,4,2,15,205,CAA_interrupted,False,True,False,60
Control_11,m84137_260214_004236_s1/97648766/ccs,1,4,2,15,205,CAA_interrupted,False,True,False,60
Control_11,m84137_260214_004236_s1/97649446/ccs,1,4,2,15,205,CAA_interrupted,False,True,False,60
Control_11,m84137_260214_004236_s1/100861745/ccs,1,4,2,15,205,CAA_interrupted,False,True,False,60
Control_11,m84137_260214_004236_s1/97977908/ccs,1,4,2,15,205,CAA_interrupted,False,True,False,60
Control_11,m84137_260214_004236_s1/88869326/ccs,1,4,2,15,205,CAA_interrupted,False,True,False,60
Control_11,m84137_260214_004236_s1/81660132/ccs,1,4,2,15,205,CAA_interrupted,False,True,False,60
Control_11,m84137_260214_004236_s1/98894844/ccs,1,4,2,15,205,CAA_interrupted,False,True,False,60
Control_11,m84137_260214_004236_s1/106562635/ccs,1,4,2,15,205,CAA_interrupted,False,True,False,60
Control_11,m84137_260214_004236_s1/118687695/ccs,1,4,2,15,205,CAA_interrupted,False,True,False,60
Control_11,m84137_260214_004236_s1/100336049/ccs,1,4,2,15,205,CAA_interrupted,False,True,False,60
Control_11,m84137_260214_004236_s1/103090342/ccs,1,4,2,15,205,CAA_interrupted,False,True,False,60
Control_11,m84137_260214_004236_s1/119801373/ccs,1,4,2,15,205,CAA_interrupted,False,True,False,60
Control_11,m84137_260214_004236_s1/119736696/ccs,1,4,2,15,205,CAA_interrupted,False,True,False,60
Control_11,m84137_260214_004236_s1/119802528/ccs,1,4,2,15,205,CAA_interrupted,False,True,False,60
Control_11,m84137_260214_004236_s1/112330921/ccs,1,4,2,15,205,CAA_interrupted,False,True,False,60
Control_11,m84137_260214_004236_s1/109118348/ccs,1,4,2,15,205,CAA_interrupted,False,True,False,60
Control_11,m84137_260214_004236_s1/121110857/ccs,1,4,2,15,205,CAA_interrupted,False,True,False,60
Control_11,m84137_260214_004236_s1/126091496/ccs,1,4,2,15,205,CAA_interrupted,False,True,False,60
Control_11,m84137_260214_004236_s1/135398414/ccs,1,4,2,15,205,CAA_interrupted,False,True,False,60
Control_11,m84137_260214_004236_s1/136118870/ccs,1,4,2,15,205,CAA_interrupted,False,True,False,60
Control_11,m84137_260214_004236_s1/136907502/ccs,1,4,2,15,205,CAA_interrupted,False,True,False,60
Control_11,m84137_260214_004236_s1/250151006/ccs,1,4,2,15,205,CAA_interrupted,False,True,False,60
Control_11,m84137_260214_004236_s1/33625285/ccs,1,4,2,15,205,CAA_interrupted,False,True,False,60
Control_11,m84137_260214_004236_s1/33756922/ccs,1,4,2,15,205,CAA_interrupted,False,True,False,60
Control_11,m84137_260214_004236_s1/51908994/ccs,1,4,2,15,205,CAA_interrupted,False,True,False,60
Control_11,m84137_260214_004236_s1/56693347/ccs,1,4,2,15,205,CAA_interrupted,False,True,False,60
Control_11,m84137_260214_004236_s1/57020702/ccs,1,4,2,15,205,CAA_interrupted,False,True,False,60
Control_11,m84137_260214_004236_s1/85134578/ccs,1,4,2,15,205,CAA_interrupted,False,True,False,60
Control_11,m84137_260214_004236_s1/45487221/ccs,1,4,2,15,205,CAA_interrupted,False,True,False,60
Control_11,m84137_260214_004236_s1/70980923/ccs,1,4,2,15,205,CAA_interrupted,False,True,False,60
Control_11,m84137_260214_004236_s1/86708938/ccs,1,4,2,15,205,CAA_interrupted,False,True,False,60
Control_11,m84137_260214_004236_s1/48238134/ccs,1,4,2,15,205,CAA_interrupted,False,True,False,60
Control_11,m84137_260214_004236_s1/100405772/ccs,1,4,2,15,205,CAA_interrupted,False,True,False,60
Control_11,m84137_260214_004236_s1/122293806/ccs,1,4,2,15,205,CAA_interrupted,False,True,False,60
Control_11,m84137_260214_004236_s1/139398953/ccs,1,4,2,15,205,CAA_interrupted,False,True,False,60
Control_11,m84137_260214_004236_s1/143199506/ccs,1,4,2,15,205,CAA_interrupted,False,True,False,60
Control_11,m84137_260214_004236_s1/116985354/ccs,1,4,2,15,205,CAA_interrupted,False,True,False,60
Control_11,m84137_260214_004236_s1/117184219/ccs,1,4,2,15,205,CAA_interrupted,False,True,False,60
Control_11,m84137_260214_004236_s1/175967842/ccs,1,4,2,15,205,CAA_interrupted,False,True,False,60
Control_11,m84137_260214_004236_s1/148835422/ccs,1,3,2,15,205,CAA_interrupted,False,True,False,60
Control_11,m84137_260214_004236_s1/178260993/ccs,1,4,2,15,205,CAA_interrupted,False,True,False,60
Control_11,m84137_260214_004236_s1/198840209/ccs,1,4,2,15,205,CAA_interrupted,False,True,False,60
Control_11,m84137_260214_004236_s1/202773514/ccs,1,4,2,15,205,CAA_interrupted,False,True,False,60
Control_11,m84137_260214_004236_s1/200152248/ccs,1,4,2,15,205,CAA_interrupted,False,True,False,60
Control_11,m84137_260214_004236_s1/205786550/ccs,1,4,2,15,205,CAA_interrupted,False,True,False,60
Control_11,m84137_260214_004236_s1/228789794/ccs,1,4,2,15,205,CAA_interrupted,False,True,False,60
Control_11,m84137_260214_004236_s1/233640833/ccs,1,4,2,15,205,CAA_interrupted,False,True,False,60
Control_11,m84137_260214_004236_s1/257168839/ccs,1,4,2,15,205,CAA_interrupted,False,True,False,60
Control_11,m84137_260214_004236_s1/11340255/ccs,1,4,2,15,205,CAA_interrupted,False,True,False,60
Control_11,m84137_260214_004236_s1/11403559/ccs,1,4,2,15,205,CAA_interrupted,False,True,False,60
Control_11,m84137_260214_004236_s1/22741168/ccs,1,4,2,15,205,CAA_interrupted,False,True,False,60
Control_11,m84137_260214_004236_s1/12518576/ccs,1,4,2,15,205,CAA_interrupted,False,True,False,60
Control_11,m84137_260214_004236_s1/18612769/ccs,1,4,2,15,205,CAA_interrupted,False,True,False,60
Control_11,m84137_260214_004236_s1/200999631/ccs,1,4,2,15,205,CAA_interrupted,False,True,False,60
Control_11,m84137_260214_004236_s1/208407424/ccs,1,4,2,15,205,CAA_interrupted,False,True,False,60
Control_11,m84137_260214_004236_s1/225249357/ccs,1,4,2,15,205,CAA_interrupted,False,True,False,60
Control_11,m84137_260214_004236_s1/203949215/ccs,1,4,2,15,205,CAA_interrupted,False,True,False,60
Control_11,m84137_260214_004236_s1/204277068/ccs,1,4,2,15,205,CAA_interrupted,False,True,False,60
Control_11,m84137_260214_004236_s1/222693899/ccs,1,4,2,15,205,CAA_interrupted,False,True,False,60
Control_11,m84137_260214_004236_s1/204408628/ccs,1,4,2,15,205,CAA_interrupted,False,True,False,60
Control_11,m84137_260214_004236_s1/223151318/ccs,1,4,2,15,205,CAA_interrupted,False,True,False,60
Control_11,m84137_260214_004236_s1/230817869/ccs,1,4,2,15,205,CAA_interrupted,False,True,False,60
Control_11,m84137_260214_004236_s1/205457728/ccs,1,4,2,15,205,CAA_interrupted,False,True,False,60
Control_11,m84137_260214_004236_s1/231148526/ccs,1,4,2,15,205,CAA_interrupted,False,True,False,60
Control_11,m84137_260214_004236_s1/205850958/ccs,1,4,2,15,205,CAA_interrupted,False,True,False,60
Control_11,m84137_260214_004236_s1/211618525/ccs,1,4,2,15,205,CAA_interrupted,False,True,False,60
Control_11,m84137_260214_004236_s1/211683817/ccs,1,4,2,15,205,CAA_interrupted,False,True,False,60
Control_11,m84137_260214_004236_s1/252249091/ccs,1,4,2,15,205,CAA_interrupted,False,True,False,60
Control_11,m84137_260214_004236_s1/252185212/ccs,1,4,2,15,205,CAA_interrupted,False,True,False,60
Control_11,m84137_260214_004236_s1/231671019/ccs,1,4,2,15,205,CAA_interrupted,False,True,False,60
Control_11,m84137_260214_004236_s1/212469431/ccs,1,4,2,15,205,CAA_interrupted,False,True,False,60
Control_11,m84137_260214_004236_s1/212469121/ccs,1,4,2,15,205,CAA_interrupted,False,True,False,60
Control_11,m84137_260214_004236_s1/212403687/ccs,1,4,2,15,205,CAA_interrupted,False,True,False,60
Control_11,m84137_260214_004236_s1/214697902/ccs,1,4,2,15,205,CAA_interrupted,False,True,False,60
Control_11,m84137_260214_004236_s1/228853541/ccs,1,4,2,15,205,CAA_interrupted,False,True,False,60
Control_11,m84137_260214_004236_s1/241172926/ccs,1,4,2,15,205,CAA_interrupted,False,True,False,60
Control_11,m84137_260214_004236_s1/233376658/ccs,1,4,2,15,205,CAA_interrupted,False,True,False,60
Control_11,m84137_260214_004236_s1/236913193/ccs,1,4,2,15,205,CAA_interrupted,False,True,False,60
Control_11,m84137_260214_004236_s1/237109782/ccs,1,4,2,15,205,CAA_interrupted,False,True,False,60
Control_11,m84137_260214_004236_s1/255657952/ccs,1,4,2,15,205,CAA_interrupted,False,True,False,60
Control_11,m84137_260214_004236_s1/259391829/ccs,1,4,2,15,205,CAA_interrupted,False,True,False,60
Control_11,m84137_260214_004236_s1/256901931/ccs,1,4,2,15,205,CAA_interrupted,False,True,False,60
Control_11,m84137_260214_004236_s1/263586400/ccs,1,4,2,15,205,CAA_interrupted,False,True,False,60
Control_11,m84137_260214_004236_s1/239143090/ccs,1,4,2,15,205,CAA_interrupted,False,True,False,60
Control_11,m84137_260214_004236_s1/16781601/ccs,1,4,2,15,205,CAA_interrupted,False,True,False,60
Control_11,m84137_260214_004236_s1/260704369/ccs,1,4,2,15,205,CAA_interrupted,False,True,False,60
Control_11,m84137_260214_004236_s1/246417868/ccs,1,5,2,15,205,CAA_interrupted,False,True,False,60
Control_11,m84137_260214_004236_s1/260901451/ccs,1,4,2,15,205,CAA_interrupted,False,True,False,60
Control_11,m84137_260214_004236_s1/264570840/ccs,1,4,2,15,205,CAA_interrupted,False,True,False,60
Control_11,m84137_260214_004236_s1/261686295/ccs,1,4,2,15,205,CAA_interrupted,False,True,False,60
Control_11,m84137_260214_004236_s1/245237123/ccs,1,4,2,15,205,CAA_interrupted,False,True,False,60
Control_11,m84137_260214_004236_s1/245302466/ccs,1,4,2,15,205,CAA_interrupted,False,True,False,60
Control_11,m84137_260214_004236_s1/2036082/ccs,1,4,2,15,205,CAA_interrupted,False,True,False,60
Control_11,m84137_260214_004236_s1/22613199/ccs,1,4,2,15,205,CAA_interrupted,False,True,False,60
Control_11,m84137_260214_004236_s1/23596924/ccs,1,4,2,15,205,CAA_interrupted,False,True,False,60
Control_11,m84137_260214_004236_s1/267192352/ccs,1,4,2,15,205,CAA_interrupted,False,True,False,60
Control_11,m84137_260214_004236_s1/249102659/ccs,1,4,2,15,205,CAA_interrupted,False,True,False,60
Control_11,m84137_260214_004236_s1/267256676/ccs,1,4,2,15,205,CAA_interrupted,False,True,False,60
Control_11,m84137_260214_004236_s1/20254046/ccs,1,4,2,15,205,CAA_interrupted,False,True,False,60
Control_11,m84137_260214_004236_s1/249628874/ccs,1,4,2,15,205,CAA_interrupted,False,True,False,60
Control_11,m84137_260214_004236_s1/20778358/ccs,1,4,2,15,205,CAA_interrupted,False,True,False,60
Control_11,m84137_260214_004236_s1/250086633/ccs,1,4,2,15,205,CAA_interrupted,False,True,False,60
Control_11,m84137_260214_004236_s1/28316887/ccs,1,4,2,15,205,CAA_interrupted,False,True,False,60
Control_11,m84137_260214_004236_s1/7213969/ccs,1,4,2,15,205,CAA_interrupted,False,True,False,60
Control_11,m84137_260214_004236_s1/250610351/ccs,1,4,2,15,205,CAA_interrupted,False,True,False,60
Control_11,m84137_260214_004236_s1/21565005/ccs,1,4,2,15,205,CAA_interrupted,False,True,False,60
Control_11,m84137_260214_004236_s1/21761103/ccs,1,4,2,15,205,CAA_interrupted,False,True,False,60
Control_11,m84137_260214_004236_s1/25431985/ccs,1,4,2,15,205,CAA_interrupted,False,True,False,60
Control_11,m84137_260214_004236_s1/251136053/ccs,1,4,2,15,205,CAA_interrupted,False,True,False,60
Control_11,m84137_260214_004236_s1/29824544/ccs,1,4,2,15,205,CAA_interrupted,False,True,False,60
Control_11,m84137_260214_004236_s1/51123676/ccs,1,4,2,15,205,CAA_interrupted,False,True,False,60
Control_11,m84137_260214_004236_s1/51319705/ccs,1,4,2,15,205,CAA_interrupted,False,True,False,60
Control_11,m84137_260214_004236_s1/27136286/ccs,1,4,2,15,205,CAA_interrupted,False,True,False,60
Control_11,m84137_260214_004236_s1/51515354/ccs,1,4,2,15,205,CAA_interrupted,False,True,False,60
Control_11,m84137_260214_004236_s1/35590665/ccs,1,4,2,15,205,CAA_interrupted,False,True,False,60
Control_11,m84137_260214_004236_s1/30807541/ccs,1,4,2,15,205,CAA_interrupted,False,True,False,60
Control_11,m84137_260214_004236_s1/35787267/ccs,1,4,2,15,205,CAA_interrupted,False,True,False,60
Control_11,m84137_260214_004236_s1/35787715/ccs,1,4,2,15,205,CAA_interrupted,False,True,False,60
Control_11,m84137_260214_004236_s1/12980721/ccs,1,4,2,15,205,CAA_interrupted,False,True,False,60
Control_11,m84137_260214_004236_s1/153881435/ccs,1,8,2,15,205,CAA_interrupted,False,True,False,60
Control_11,m84137_260214_004236_s1/82710195/ccs,1,8,2,15,205,CAA_interrupted,False,True,False,60
Control_11,m84137_260214_004236_s1/149226078/ccs,1,4,2,15,205,CAA_interrupted,False,True,False,60
Control_11,m84137_260214_004236_s1/192088003/ccs,1,4,2,15,205,CAA_interrupted,False,True,False,60
Control_11,m84137_260214_004236_s1/98897175/ccs,1,5,2,15,205,CAA_interrupted,False,True,False,60
Control_11,m84137_260214_004236_s1/103944371/ccs,1,4,2,15,205,CAA_interrupted,False,True,False,60
Control_11,m84137_260214_004236_s1/210829665/ccs,1,4,2,15,205,CAA_interrupted,False,True,False,60
Control_11,m84137_260214_004236_s1/235934690/ccs,1,5,2,15,205,CAA_interrupted,False,True,False,60
Control_11,m84137_260214_004236_s1/222168524/ccs,1,5,2,15,205,CAA_interrupted,False,True,False,60
Control_11,m84137_260214_004236_s1/234684792/ccs,1,4,2,15,205,CAA_interrupted,False,True,False,60
Control_11,m84137_260214_004236_s1/144180285/ccs,1,4,2,15,205,CAA_interrupted,False,True,False,60
Control_11,m84137_260214_004236_s1/252774827/ccs,1,4,2,15,205,CAA_interrupted,False,True,False,60
Control_11,m84137_260214_004236_s1/92934044/ccs,1,4,2,15,205,CAA_interrupted,False,True,False,60
Control_11,m84137_260214_004236_s1/77530154/ccs,1,4,2,15,205,CAA_interrupted,False,True,False,60
Control_11,m84137_260214_004236_s1/196216771/ccs,1,4,2,15,205,CAA_interrupted,False,True,False,60
Control_11,m84137_260214_004236_s1/195167480/ccs,1,4,2,15,205,CAA_interrupted,False,True,False,60
Control_11,m84137_260214_004236_s1/214566083/ccs,1,4,2,15,205,CAA_interrupted,False,True,False,60
Control_11,m84137_260214_004236_s1/79695949/ccs,1,4,2,15,205,CAA_interrupted,False,True,False,60
Control_11,m84137_260214_004236_s1/158864268/ccs,1,4,2,15,205,CAA_interrupted,False,True,False,60
Control_11,m84137_260214_004236_s1/175705938/ccs,1,4,2,15,205,CAA_interrupted,False,True,False,60
Control_11,m84137_260214_004236_s1/171250863/ccs,1,4,2,15,205,CAA_interrupted,False,True,False,60
Control_11,m84137_260214_004236_s1/247534838/ccs,1,4,2,15,205,CAA_interrupted,False,True,False,60
Control_11,m84137_260214_004236_s1/28246627/ccs,1,4,2,15,205,CAA_interrupted,False,True,False,60
Control_11,m84137_260214_004236_s1/24183178/ccs,1,4,2,15,205,CAA_interrupted,False,True,False,60
Control_11,m84137_260214_004236_s1/13107267/ccs,1,4,2,15,205,CAA_interrupted,False,True,False,60
Control_11,m84137_260214_004236_s1/25430486/ccs,1,4,2,15,205,CAA_interrupted,False,True,False,60
Control_11,m84137_260214_004236_s1/34013345/ccs,1,4,2,15,205,CAA_interrupted,False,True,False,60
Control_11,m84137_260214_004236_s1/45221018/ccs,1,4,2,15,205,CAA_interrupted,False,True,False,60
Control_11,m84137_260214_004236_s1/36635502/ccs,1,4,2,15,205,CAA_interrupted,False,True,False,60
Control_11,m84137_260214_004236_s1/63702298/ccs,1,4,2,15,205,CAA_interrupted,False,True,False,60
Control_11,m84137_260214_004236_s1/72942991/ccs,1,4,2,15,205,CAA_interrupted,False,True,False,60
Control_11,m84137_260214_004236_s1/69337219/ccs,1,4,2,15,205,CAA_interrupted,False,True,False,60
Control_11,m84137_260214_004236_s1/84869368/ccs,1,4,2,15,205,CAA_interrupted,False,True,False,60
Control_11,m84137_260214_004236_s1/71500139/ccs,1,4,2,15,205,CAA_interrupted,False,True,False,60
Control_11,m84137_260214_004236_s1/71565523/ccs,1,4,2,15,205,CAA_interrupted,False,True,False,60
Control_11,m84137_260214_004236_s1/96995058/ccs,1,4,2,15,205,CAA_interrupted,False,True,False,60
Control_11,m84137_260214_004236_s1/83428124/ccs,1,4,2,15,205,CAA_interrupted,False,True,False,60
Control_11,m84137_260214_004236_s1/83494969/ccs,1,4,2,15,205,CAA_interrupted,False,True,False,60
Control_11,m84137_260214_004236_s1/130417702/ccs,1,4,2,15,205,CAA_interrupted,False,True,False,60
Control_11,m84137_260214_004236_s1/127336934/ccs,1,4,2,15,205,CAA_interrupted,False,True,False,60
Control_11,m84137_260214_004236_s1/138544094/ccs,1,4,2,15,205,CAA_interrupted,False,True,False,60
Control_11,m84137_260214_004236_s1/154731419/ccs,1,4,2,15,205,CAA_interrupted,False,True,False,60
Control_11,m84137_260214_004236_s1/163251849/ccs,1,4,3,15,205,CAA_interrupted,False,True,False,60
Control_11,m84137_260214_004236_s1/168626407/ccs,1,4,2,15,205,CAA_interrupted,False,True,False,60
Control_11,m84137_260214_004236_s1/170590993/ccs,1,4,2,15,205,CAA_interrupted,False,True,False,60
Control_11,m84137_260214_004236_s1/196085585/ccs,1,4,2,15,205,CAA_interrupted,False,True,False,60
Control_11,m84137_260214_004236_s1/192349616/ccs,1,4,2,15,205,CAA_interrupted,False,True,False,60
Control_11,m84137_260214_004236_s1/193530387/ccs,1,4,2,15,205,CAA_interrupted,False,True,False,60
Control_11,m84137_260214_004236_s1/177537467/ccs,1,4,2,15,205,CAA_interrupted,False,True,False,60
Control_11,m84137_260214_004236_s1/224331578/ccs,1,4,2,15,205,CAA_interrupted,False,True,False,60
Control_11,m84137_260214_004236_s1/225512242/ccs,1,4,2,15,205,CAA_interrupted,False,True,False,60
Control_11,m84137_260214_004236_s1/226362531/ccs,1,4,2,15,205,CAA_interrupted,False,True,False,60
Control_11,m84137_260214_004236_s1/256312312/ccs,1,4,2,15,205,CAA_interrupted,False,True,False,60
Control_11,m84137_260214_004236_s1/264044676/ccs,1,4,2,15,205,CAA_interrupted,False,True,False,60
Control_11,m84137_260214_004236_s1/22810098/ccs,1,4,2,15,205,CAA_interrupted,False,True,False,60
Control_11,m84137_260214_004236_s1/3280558/ccs,1,4,2,15,205,CAA_interrupted,False,True,False,60
Control_11,m84137_260214_004236_s1/6557241/ccs,1,4,2,15,205,CAA_interrupted,False,True,False,60
Control_11,m84137_260214_004236_s1/29560151/ccs,1,4,2,15,205,CAA_interrupted,False,True,False,60
Control_11,m84137_260214_004236_s1/56495678/ccs,1,4,2,15,205,CAA_interrupted,False,True,False,60
Control_11,m84137_260214_004236_s1/42013070/ccs,1,4,2,15,205,CAA_interrupted,False,True,False,60
Control_11,m84137_260214_004236_s1/62592346/ccs,1,4,2,15,205,CAA_interrupted,False,True,False,60
Control_11,m84137_260214_004236_s1/64951472/ccs,1,4,2,15,205,CAA_interrupted,False,True,False,60
Control_11,m84137_260214_004236_s1/48500757/ccs,1,4,2,15,205,CAA_interrupted,False,True,False,60
Control_11,m84137_260214_004236_s1/77403016/ccs,1,4,2,15,205,CAA_interrupted,False,True,False,60
Control_11,m84137_260214_004236_s1/119410670/ccs,1,4,2,15,205,CAA_interrupted,False,True,False,60
Control_11,m84137_260214_004236_s1/105910251/ccs,1,4,2,15,205,CAA_interrupted,False,True,False,60
Control_11,m84137_260214_004236_s1/69207022/ccs,1,4,2,15,205,CAA_interrupted,False,True,False,60
Control_11,m84137_260214_004236_s1/50069680/ccs,1,4,2,15,205,CAA_interrupted,False,True,False,60
Control_11,m84137_260214_004236_s1/74320736/ccs,1,4,2,15,205,CAA_interrupted,False,True,False,60
Control_11,m84137_260214_004236_s1/74646162/ccs,1,4,2,15,205,CAA_interrupted,False,True,False,60
Control_11,m84137_260214_004236_s1/92604495/ccs,1,4,2,14,205,CAA_interrupted,False,True,False,60
Control_11,m84137_260214_004236_s1/96209036/ccs,1,4,2,15,205,CAA_interrupted,False,True,False,60
Control_11,m84137_260214_004236_s1/76088297/ccs,1,4,2,15,205,CAA_interrupted,False,True,False,60
Control_11,m84137_260214_004236_s1/97255745/ccs,1,4,2,15,205,CAA_interrupted,False,True,False,60
Control_11,m84137_260214_004236_s1/72616926/ccs,1,4,2,15,205,CAA_interrupted,False,True,False,60
Control_11,m84137_260214_004236_s1/76679663/ccs,1,4,2,15,205,CAA_interrupted,False,True,False,60
Control_11,m84137_260214_004236_s1/98175469/ccs,1,4,2,15,205,CAA_interrupted,False,True,False,60
Control_11,m84137_260214_004236_s1/101058721/ccs,1,4,2,15,205,CAA_interrupted,False,True,False,60
Control_11,m84137_260214_004236_s1/77595782/ccs,1,4,2,15,205,CAA_interrupted,False,True,False,60
Control_11,m84137_260214_004236_s1/99157095/ccs,1,4,2,15,205,CAA_interrupted,False,True,False,60
Control_11,m84137_260214_004236_s1/107151414/ccs,1,4,2,15,205,CAA_interrupted,False,True,False,60
Control_11,m84137_260214_004236_s1/124323714/ccs,1,4,2,15,205,CAA_interrupted,False,True,False,60
Control_11,m84137_260214_004236_s1/111872906/ccs,1,4,2,15,205,CAA_interrupted,False,True,False,60
Control_11,m84137_260214_004236_s1/125504048/ccs,1,4,2,15,205,CAA_interrupted,False,True,False,60
Control_11,m84137_260214_004236_s1/121113135/ccs,1,4,2,15,205,CAA_interrupted,False,True,False,60
Control_11,m84137_260214_004236_s1/105449337/ccs,1,4,2,15,205,CAA_interrupted,False,True,False,60
Control_11,m84137_260214_004236_s1/129959396/ccs,1,4,2,15,205,CAA_interrupted,False,True,False,60
Control_11,m84137_260214_004236_s1/130026186/ccs,1,4,2,15,205,CAA_interrupted,False,True,False,60
Control_11,m84137_260214_004236_s1/127075594/ccs,1,4,2,15,205,CAA_interrupted,False,True,False,60
Control_11,m84137_260214_004236_s1/110692070/ccs,1,4,2,15,205,CAA_interrupted,False,True,False,60
Control_11,m84137_260214_004236_s1/151192388/ccs,1,4,2,15,205,CAA_interrupted,False,True,False,60
Control_11,m84137_260214_004236_s1/131530883/ccs,1,4,2,15,205,CAA_interrupted,False,True,False,60
Control_11,m84137_260214_004236_s1/111674460/ccs,1,4,2,15,205,CAA_interrupted,False,True,False,60
Control_11,m84137_260214_004236_s1/135726684/ccs,1,4,2,15,205,CAA_interrupted,False,True,False,60
Control_11,m84137_260214_004236_s1/156567831/ccs,1,4,2,15,205,CAA_interrupted,False,True,False,60
Control_11,m84137_260214_004236_s1/132385561/ccs,1,4,2,15,205,CAA_interrupted,False,True,False,60
Control_11,m84137_260214_004236_s1/137036420/ccs,1,4,2,15,205,CAA_interrupted,False,True,False,60
Control_11,m84137_260214_004236_s1/116132273/ccs,1,4,2,15,205,CAA_interrupted,False,True,False,60
Control_11,m84137_260214_004236_s1/116001204/ccs,1,4,2,15,205,CAA_interrupted,False,True,False,60
Control_11,m84137_260214_004236_s1/140904556/ccs,1,4,2,15,205,CAA_interrupted,False,True,False,60
Control_11,m84137_260214_004236_s1/153946948/ccs,1,4,2,15,205,CAA_interrupted,False,True,False,60
Control_11,m84137_260214_004236_s1/137627041/ccs,1,4,2,15,205,CAA_interrupted,False,True,False,60
Control_11,m84137_260214_004236_s1/154338034/ccs,1,4,2,15,205,CAA_interrupted,False,True,False,60
Control_11,m84137_260214_004236_s1/159122233/ccs,1,4,2,15,205,CAA_interrupted,False,True,False,60
Control_11,m84137_260214_004236_s1/162792459/ccs,1,4,2,15,205,CAA_interrupted,False,True,False,60
Control_11,m84137_260214_004236_s1/138544595/ccs,1,4,2,15,205,CAA_interrupted,False,True,False,60
Control_11,m84137_260214_004236_s1/155190994/ccs,1,4,2,15,205,CAA_interrupted,False,True,False,60
Control_11,m84137_260214_004236_s1/155322124/ccs,1,4,2,15,205,CAA_interrupted,False,True,False,60
Control_11,m84137_260214_004236_s1/143394462/ccs,1,4,2,15,205,CAA_interrupted,False,True,False,60
Control_11,m84137_260214_004236_s1/167971621/ccs,1,4,2,15,205,CAA_interrupted,False,True,False,60
Control_11,m84137_260214_004236_s1/160827094/ccs,1,4,2,15,205,CAA_interrupted,False,True,False,60
Control_11,m84137_260214_004236_s1/156501619/ccs,1,4,2,15,205,CAA_interrupted,False,True,False,60
Control_11,m84137_260214_004236_s1/164560984/ccs,1,4,2,15,205,CAA_interrupted,False,True,False,60
Control_11,m84137_260214_004236_s1/147259708/ccs,1,4,2,15,205,CAA_interrupted,False,True,False,60
Control_11,m84137_260214_004236_s1/147194010/ccs,1,4,2,15,205,CAA_interrupted,False,True,False,60
Control_11,m84137_260214_004236_s1/144376726/ccs,1,4,2,15,205,CAA_interrupted,False,True,False,60
Control_11,m84137_260214_004236_s1/152180098/ccs,1,4,2,15,205,CAA_interrupted,False,True,False,60
Control_11,m84137_260214_004236_s1/113774261/ccs,1,4,2,15,205,CAA_interrupted,False,True,False,60
Control_11,m84137_260214_004236_s1/114036129/ccs,1,4,2,15,205,CAA_interrupted,False,True,False,60
Control_11,m84137_260214_004236_s1/168301005/ccs,1,4,2,15,205,CAA_interrupted,False,True,False,60
Control_11,m84137_260214_004236_s1/191696071/ccs,1,4,2,15,205,CAA_interrupted,False,True,False,60
Control_11,m84137_260214_004236_s1/171905806/ccs,1,4,2,15,205,CAA_interrupted,False,True,False,60
Control_11,m84137_260214_004236_s1/149362038/ccs,1,4,2,15,205,CAA_interrupted,False,True,False,60
Control_11,m84137_260214_004236_s1/198579386/ccs,1,4,2,15,205,CAA_interrupted,False,True,False,60
Control_11,m84137_260214_004236_s1/221910413/ccs,1,4,2,15,205,CAA_interrupted,False,True,False,60
Control_11,m84137_260214_004236_s1/211228435/ccs,1,4,2,15,205,CAA_interrupted,False,True,False,60
Control_11,m84137_260214_004236_s1/236850573/ccs,1,4,2,15,205,CAA_interrupted,False,True,False,60
Control_11,m84137_260214_004236_s1/243209948/ccs,1,4,2,15,205,CAA_interrupted,False,True,False,60
Control_11,m84137_260214_004236_s1/23071466/ccs,1,4,2,15,205,CAA_interrupted,False,True,False,60
Control_11,m84137_260214_004236_s1/28640602/ccs,1,4,2,15,205,CAA_interrupted,False,True,False,60
Control_11,m84137_260214_004236_s1/28705758/ccs,1,4,2,15,205,CAA_interrupted,False,True,False,60
Control_11,m84137_260214_004236_s1/23462891/ccs,1,4,2,15,205,CAA_interrupted,False,True,False,60
Control_11,m84137_260214_004236_s1/23332339/ccs,1,4,2,15,205,CAA_interrupted,False,True,False,60
Control_11,m84137_260214_004236_s1/2165138/ccs,1,4,2,15,205,CAA_interrupted,False,True,False,60
Control_11,m84137_260214_004236_s1/6621310/ccs,1,4,2,15,205,CAA_interrupted,False,True,False,60
Control_11,m84137_260214_004236_s1/18155037/ccs,1,4,2,15,205,CAA_interrupted,False,True,False,60
Control_11,m84137_260214_004236_s1/24052792/ccs,1,4,2,15,205,CAA_interrupted,False,True,False,60
Control_11,m84137_260214_004236_s1/7667905/ccs,1,4,2,15,205,CAA_interrupted,False,True,False,60
Control_11,m84137_260214_004236_s1/24707238/ccs,1,4,2,15,205,CAA_interrupted,False,True,False,60
Control_11,m84137_260214_004236_s1/29820402/ccs,1,4,2,15,205,CAA_interrupted,False,True,False,60
Control_11,m84137_260214_004236_s1/24838351/ccs,1,4,2,15,205,CAA_interrupted,False,True,False,60
Control_11,m84137_260214_004236_s1/19663149/ccs,1,4,2,15,205,CAA_interrupted,False,True,False,60
Control_11,m84137_260214_004236_s1/30082079/ccs,1,4,2,15,205,CAA_interrupted,False,True,False,60
Control_11,m84137_260214_004236_s1/30278534/ccs,1,4,2,15,205,CAA_interrupted,False,True,False,60
Control_11,m84137_260214_004236_s1/8979226/ccs,1,4,2,15,205,CAA_interrupted,False,True,False,60
Control_11,m84137_260214_004236_s1/20513802/ccs,1,4,2,15,205,CAA_interrupted,False,True,False,60
Control_11,m84137_260214_004236_s1/20906043/ccs,1,4,2,15,205,CAA_interrupted,False,True,False,60
Control_11,m84137_260214_004236_s1/10683063/ccs,1,4,2,15,205,CAA_interrupted,False,True,False,60
Control_11,m84137_260214_004236_s1/10552857/ccs,1,4,2,15,205,CAA_interrupted,False,True,False,60
Control_11,m84137_260214_004236_s1/34474375/ccs,1,4,2,15,205,CAA_interrupted,False,True,False,60
Control_11,m84137_260214_004236_s1/50333920/ccs,1,4,2,15,205,CAA_interrupted,False,True,False,60
Control_11,m84137_260214_004236_s1/56559346/ccs,1,4,2,15,205,CAA_interrupted,False,True,False,60
Control_11,m84137_260214_004236_s1/35783631/ccs,1,4,2,15,205,CAA_interrupted,False,True,False,60
Control_11,m84137_260214_004236_s1/61800536/ccs,1,4,2,15,205,CAA_interrupted,False,True,False,60
Control_11,m84137_260214_004236_s1/58264340/ccs,1,4,2,15,205,CAA_interrupted,False,True,False,60
Control_11,m84137_260214_004236_s1/59181518/ccs,1,4,2,15,205,CAA_interrupted,False,True,False,60
Control_11,m84137_260214_004236_s1/52889564/ccs,1,4,2,15,205,CAA_interrupted,False,True,False,60
Control_11,m84137_260214_004236_s1/41813861/ccs,1,4,2,15,205,CAA_interrupted,False,True,False,60
Control_11,m84137_260214_004236_s1/42796475/ccs,1,4,2,15,205,CAA_interrupted,False,True,False,60
Control_11,m84137_260214_004236_s1/60623845/ccs,1,4,2,15,205,CAA_interrupted,False,True,False,60
Control_11,m84137_260214_004236_s1/67176907/ccs,1,4,2,15,205,CAA_interrupted,False,True,False,60
Control_11,m84137_260214_004236_s1/64553672/ccs,1,4,2,15,205,CAA_interrupted,False,True,False,60
Control_11,m84137_260214_004236_s1/55445709/ccs,1,4,2,15,205,CAA_interrupted,False,True,False,60
Control_11,m84137_260214_004236_s1/67961549/ccs,1,4,2,15,205,CAA_interrupted,False,True,False,60
Control_11,m84137_260214_004236_s1/49217940/ccs,1,4,2,15,205,CAA_interrupted,False,True,False,60
Control_11,m84137_260214_004236_s1/91227722/ccs,1,4,2,15,205,CAA_interrupted,False,True,False,60
Control_11,m84137_260214_004236_s1/234425335/ccs,1,4,2,15,205,CAA_interrupted,False,True,False,60
Control_11,m84137_260214_004236_s1/255526717/ccs,1,4,2,15,205,CAA_interrupted,False,True,False,60
Control_11,m84137_260214_004236_s1/262996357/ccs,1,4,2,15,205,CAA_interrupted,False,True,False,60
Control_11,m84137_260214_004236_s1/242484868/ccs,1,4,2,15,205,CAA_interrupted,False,True,False,60
Control_11,m84137_260214_004236_s1/242550484/ccs,1,4,2,15,205,CAA_interrupted,False,True,False,60
Control_11,m84137_260214_004236_s1/256770829/ccs,1,4,2,15,205,CAA_interrupted,False,True,False,60
Control_11,m84137_260214_004236_s1/263521336/ccs,1,4,2,15,205,CAA_interrupted,False,True,False,60
Control_11,m84137_260214_004236_s1/218041238/ccs,1,4,2,15,205,CAA_interrupted,False,True,False,60
Control_11,m84137_260214_004236_s1/243862420/ccs,1,4,2,15,205,CAA_interrupted,False,True,False,60
Control_11,m84137_260214_004236_s1/244252865/ccs,1,4,2,15,205,CAA_interrupted,False,True,False,60
Control_11,m84137_260214_004236_s1/17174107/ccs,1,4,2,15,205,CAA_interrupted,False,True,False,60
Control_11,m84137_260214_004236_s1/261226815/ccs,1,4,2,15,205,CAA_interrupted,False,True,False,60
Control_11,m84137_260214_004236_s1/261687326/ccs,1,4,2,15,205,CAA_interrupted,False,True,False,60
Control_11,m84137_260214_004236_s1/265881419/ccs,1,4,2,15,205,CAA_interrupted,False,True,False,60
Control_11,m84137_260214_004236_s1/18550789/ccs,1,4,2,15,205,CAA_interrupted,False,True,False,60
Control_11,m84137_260214_004236_s1/266077937/ccs,1,4,2,15,205,CAA_interrupted,False,True,False,60
Control_11,m84137_260214_004236_s1/19403332/ccs,1,4,2,15,205,CAA_interrupted,False,True,False,60
Control_11,m84137_260214_004236_s1/19336820/ccs,1,4,2,15,205,CAA_interrupted,False,True,False,60
Control_11,m84137_260214_004236_s1/3083361/ccs,1,4,2,15,205,CAA_interrupted,False,True,False,60
Control_11,m84137_260214_004236_s1/249167943/ccs,1,4,2,15,205,CAA_interrupted,False,True,False,60
Control_11,m84137_260214_004236_s1/6164609/ccs,1,4,2,15,205,CAA_interrupted,False,True,False,60
Control_11,m84137_260214_004236_s1/249891238/ccs,1,4,2,15,205,CAA_interrupted,False,True,False,60
Control_11,m84137_260214_004236_s1/6624544/ccs,1,4,2,15,205,CAA_interrupted,False,True,False,60
Control_11,m84137_260214_004236_s1/250021785/ccs,1,4,2,15,205,CAA_interrupted,False,True,False,60
Control_11,m84137_260214_004236_s1/22025618/ccs,1,4,2,15,205,CAA_interrupted,False,True,False,60
Control_11,m84137_260214_004236_s1/8458619/ccs,1,4,2,15,205,CAA_interrupted,False,True,False,60
Control_11,m84137_260214_004236_s1/26219200/ccs,1,4,2,15,205,CAA_interrupted,False,True,False,60
Control_11,m84137_260214_004236_s1/9049126/ccs,1,4,2,15,205,CAA_interrupted,False,True,False,60
Control_11,m84137_260214_004236_s1/35328018/ccs,1,4,2,15,205,CAA_interrupted,False,True,False,60
Control_11,m84137_260214_004236_s1/51647309/ccs,1,4,2,15,205,CAA_interrupted,False,True,False,60
Control_11,m84137_260214_004236_s1/11866608/ccs,1,4,2,15,205,CAA_interrupted,False,True,False,60
Control_11,m84137_260214_004236_s1/51648263/ccs,1,4,2,15,205,CAA_interrupted,False,True,False,60
Control_11,m84137_260214_004236_s1/51713510/ccs,1,4,2,15,205,CAA_interrupted,False,True,False,60
Control_11,m84137_260214_004236_s1/9900068/ccs,1,4,2,15,205,CAA_interrupted,False,True,False,60
Control_11,m84137_260214_004236_s1/10753476/ccs,1,4,2,15,205,CAA_interrupted,False,True,False,60
Control_11,m84137_260214_004236_s1/36115005/ccs,1,4,2,15,205,CAA_interrupted,False,True,False,60
Control_11,m84137_260214_004236_s1/52628626/ccs,1,4,2,15,205,CAA_interrupted,False,True,False,60
Control_11,m84137_260214_004236_s1/32053109/ccs,1,4,2,15,205,CAA_interrupted,False,True,False,60
Control_11,m84137_260214_004236_s1/37556805/ccs,1,4,2,15,205,CAA_interrupted,False,True,False,60
Control_11,m84137_260214_004236_s1/40176658/ccs,1,4,2,15,205,CAA_interrupted,False,True,False,60
Control_11,m84137_260214_004236_s1/40571307/ccs,1,4,2,15,205,CAA_interrupted,False,True,False,60
Control_11,m84137_260214_004236_s1/38342395/ccs,1,4,2,15,205,CAA_interrupted,False,True,False,60
Control_11,m84137_260214_004236_s1/61870495/ccs,1,4,2,15,205,CAA_interrupted,False,True,False,60
Control_11,m84137_260214_004236_s1/67309407/ccs,1,4,2,15,205,CAA_interrupted,False,True,False,60
Control_11,m84137_260214_004236_s1/15078525/ccs,1,4,2,15,205,CAA_interrupted,False,True,False,60
Control_11,m84137_260214_004236_s1/16323960/ccs,1,4,2,15,205,CAA_interrupted,False,True,False,60
Control_11,m84137_260214_004236_s1/64493150/ccs,1,4,2,15,205,CAA_interrupted,False,True,False,60
Control_11,m84137_260214_004236_s1/43782569/ccs,1,4,2,15,205,CAA_interrupted,False,True,False,60
Control_11,m84137_260214_004236_s1/44110831/ccs,1,4,2,15,205,CAA_interrupted,False,True,False,60
Control_11,m84137_260214_004236_s1/44438019/ccs,1,4,2,15,205,CAA_interrupted,False,True,False,60
Control_11,m84137_260214_004236_s1/185598781/ccs,1,4,2,15,205,CAA_interrupted,False,True,False,60
Control_11,m84137_260214_004236_s1/190513410/ccs,1,4,2,15,205,CAA_interrupted,False,True,False,60
Control_11,m84137_260214_004236_s1/186713136/ccs,1,4,2,15,205,CAA_interrupted,False,True,False,60
Control_11,m84137_260214_004236_s1/186911611/ccs,1,4,2,15,205,CAA_interrupted,False,True,False,60
Control_11,m84137_260214_004236_s1/167314188/ccs,1,4,2,15,205,CAA_interrupted,False,True,False,60
Control_11,m84137_260214_004236_s1/191105383/ccs,1,4,2,15,205,CAA_interrupted,False,True,False,60
Control_11,m84137_260214_004236_s1/170198831/ccs,1,4,2,15,205,CAA_interrupted,False,True,False,60
Control_11,m84137_260214_004236_s1/149555985/ccs,1,4,2,15,205,CAA_interrupted,False,True,False,60
Control_11,m84137_260214_004236_s1/187630659/ccs,1,4,2,15,205,CAA_interrupted,False,True,False,60
Control_11,m84137_260214_004236_s1/191693196/ccs,1,4,2,15,205,CAA_interrupted,False,True,False,60
Control_11,m84137_260214_004236_s1/150472636/ccs,1,4,2,15,205,CAA_interrupted,False,True,False,60
Control_11,m84137_260214_004236_s1/171116018/ccs,1,4,2,15,205,CAA_interrupted,False,True,False,60
Control_11,m84137_260214_004236_s1/188417175/ccs,1,4,2,15,205,CAA_interrupted,False,True,False,60
Control_11,m84137_260214_004236_s1/196413833/ccs,1,4,2,15,205,CAA_interrupted,False,True,False,60
Control_11,m84137_260214_004236_s1/176294271/ccs,1,4,2,15,205,CAA_interrupted,False,True,False,60
Control_11,m84137_260214_004236_s1/189925669/ccs,1,4,2,15,205,CAA_interrupted,False,True,False,60
Control_11,m84137_260214_004236_s1/197592603/ccs,1,4,2,15,205,CAA_interrupted,False,True,False,60
Control_11,m84137_260214_004236_s1/193724793/ccs,1,4,2,15,205,CAA_interrupted,False,True,False,60
Control_11,m84137_260214_004236_s1/172952541/ccs,1,4,2,15,205,CAA_interrupted,False,True,False,60
Control_11,m84137_260214_004236_s1/178520834/ccs,1,4,2,15,205,CAA_interrupted,False,True,False,60
Control_11,m84137_260214_004236_s1/178457578/ccs,1,4,2,15,205,CAA_interrupted,False,True,False,60
Control_11,m84137_260214_004236_s1/180816377/ccs,1,4,2,15,205,CAA_interrupted,False,True,False,60
Control_11,m84137_260214_004236_s1/220137096/ccs,1,4,2,15,205,CAA_interrupted,False,True,False,60
Control_11,m84137_260214_004236_s1/207096108/ccs,1,4,2,15,205,CAA_interrupted,False,True,False,60
Control_11,m84137_260214_004236_s1/220333970/ccs,1,4,2,15,205,CAA_interrupted,False,True,False,60
Control_11,m84137_260214_004236_s1/202966643/ccs,1,4,2,15,205,CAA_interrupted,False,True,False,60
Control_11,m84137_260214_004236_s1/203098802/ccs,1,4,2,15,205,CAA_interrupted,False,True,False,60
Control_11,m84137_260214_004236_s1/221448407/ccs,1,4,2,15,205,CAA_interrupted,False,True,False,60
Control_11,m84137_260214_004236_s1/183108574/ccs,1,4,2,15,205,CAA_interrupted,False,True,False,60
Control_11,m84137_260214_004236_s1/183305997/ccs,1,4,2,15,205,CAA_interrupted,False,True,False,60
Control_11,m84137_260214_004236_s1/229507217/ccs,1,4,2,15,205,CAA_interrupted,False,True,False,60
Control_11,m84137_260214_004236_s1/203949668/ccs,1,4,2,15,205,CAA_interrupted,False,True,False,60
Control_11,m84137_260214_004236_s1/225708433/ccs,1,4,2,15,205,CAA_interrupted,False,True,False,60
Control_11,m84137_260214_004236_s1/205193534/ccs,1,4,2,15,205,CAA_interrupted,False,True,False,60
Control_11,m84137_260214_004236_s1/223479993/ccs,1,4,2,15,205,CAA_interrupted,False,True,False,60
Control_11,m84137_260214_004236_s1/205457490/ccs,1,4,2,15,205,CAA_interrupted,False,True,False,60
Control_11,m84137_260214_004236_s1/211485057/ccs,1,4,2,15,205,CAA_interrupted,False,True,False,60
Control_11,m84137_260214_004236_s1/205848821/ccs,1,4,2,15,205,CAA_interrupted,False,True,False,60
Control_11,m84137_260214_004236_s1/252119264/ccs,1,4,2,15,205,CAA_interrupted,False,True,False,60
Control_11,m84137_260214_004236_s1/232459217/ccs,1,4,2,15,205,CAA_interrupted,False,True,False,60
Control_11,m84137_260214_004236_s1/214565450/ccs,1,4,2,15,205,CAA_interrupted,False,True,False,60
Control_11,m84137_260214_004236_s1/214761878/ccs,1,4,2,15,205,CAA_interrupted,False,True,False,60
Control_11,m84137_260214_004236_s1/214696261/ccs,1,4,2,15,205,CAA_interrupted,False,True,False,60
Control_11,m84137_260214_004236_s1/253558877/ccs,1,4,2,15,205,CAA_interrupted,False,True,False,60
Control_11,m84137_260214_004236_s1/253624581/ccs,1,4,2,15,205,CAA_interrupted,False,True,False,60
Control_11,m84137_260214_004236_s1/232980868/ccs,1,4,2,15,205,CAA_interrupted,False,True,False,60
Control_11,m84137_260214_004236_s1/215550792/ccs,1,4,2,15,205,CAA_interrupted,False,True,False,60
Control_11,m84137_260214_004236_s1/233637448/ccs,1,4,2,15,205,CAA_interrupted,False,True,False,60
Control_11,m84137_260214_004236_s1/233833595/ccs,1,4,2,15,205,CAA_interrupted,False,True,False,60
Control_11,m84137_260214_004236_s1/236978457/ccs,1,4,2,15,205,CAA_interrupted,False,True,False,60
Control_11,m84137_260214_004236_s1/66063678/ccs,1,4,2,15,205,CAA_interrupted,False,True,False,60
Control_11,m84137_260214_004236_s1/70782716/ccs,1,4,2,15,205,CAA_interrupted,False,True,False,60
Control_11,m84137_260214_004236_s1/73535601/ccs,1,4,2,15,205,CAA_interrupted,False,True,False,60
Control_11,m84137_260214_004236_s1/76420927/ccs,1,4,2,15,205,CAA_interrupted,False,True,False,60
Control_11,m84137_260214_004236_s1/96801106/ccs,1,4,2,15,205,CAA_interrupted,False,True,False,60
Control_11,m84137_260214_004236_s1/49091176/ccs,1,4,2,15,205,CAA_interrupted,False,True,False,60
Control_11,m84137_260214_004236_s1/117575805/ccs,1,4,2,15,205,CAA_interrupted,False,True,False,60
Control_11,m84137_260214_004236_s1/94179350/ccs,1,4,2,15,205,CAA_interrupted,False,True,False,60
Control_11,m84137_260214_004236_s1/94310047/ccs,1,4,2,15,205,CAA_interrupted,False,True,False,60
Control_11,m84137_260214_004236_s1/98897429/ccs,1,4,2,15,205,CAA_interrupted,False,True,False,60
Control_11,m84137_260214_004236_s1/104141225/ccs,1,4,2,15,205,CAA_interrupted,False,True,False,60
Control_11,m84137_260214_004236_s1/80088382/ccs,1,4,2,15,205,CAA_interrupted,False,True,False,60
Control_11,m84137_260214_004236_s1/129307708/ccs,1,4,2,15,205,CAA_interrupted,False,True,False,60
Control_11,m84137_260214_004236_s1/130224169/ccs,1,4,2,15,205,CAA_interrupted,False,True,False,60
Control_11,m84137_260214_004236_s1/126422633/ccs,1,4,2,15,205,CAA_interrupted,False,True,False,60
Control_11,m84137_260214_004236_s1/110104300/ccs,1,4,2,15,205,CAA_interrupted,False,True,False,60
Control_11,m84137_260214_004236_s1/151590796/ccs,1,4,2,15,205,CAA_interrupted,False,True,False,60
Control_11,m84137_260214_004236_s1/110958484/ccs,1,4,2,15,205,CAA_interrupted,False,True,False,60
Control_11,m84137_260214_004236_s1/128322636/ccs,1,4,2,15,205,CAA_interrupted,False,True,False,60
Control_11,m84137_260214_004236_s1/136254386/ccs,1,4,2,15,205,CAA_interrupted,False,True,False,60
Control_11,m84137_260214_004236_s1/140709676/ccs,1,4,2,15,205,CAA_interrupted,False,True,False,60
Control_11,m84137_260214_004236_s1/113120621/ccs,1,4,2,15,205,CAA_interrupted,False,True,False,60
Control_11,m84137_260214_004236_s1/113839293/ccs,1,4,2,15,205,CAA_interrupted,False,True,False,60
Control_11,m84137_260214_004236_s1/113971980/ccs,1,4,2,15,205,CAA_interrupted,False,True,False,60
Control_11,m84137_260214_004236_s1/113907343/ccs,1,4,2,15,205,CAA_interrupted,False,True,False,60
Control_11,m84137_260214_004236_s1/141824449/ccs,1,4,2,15,205,CAA_interrupted,False,True,False,60
Control_11,m84137_260214_004236_s1/138219498/ccs,1,4,2,15,205,CAA_interrupted,False,True,False,60
Control_11,m84137_260214_004236_s1/155848169/ccs,1,4,2,15,205,CAA_interrupted,False,True,False,60
Control_11,m84137_260214_004236_s1/162141995/ccs,1,4,2,15,205,CAA_interrupted,False,True,False,60
Control_11,m84137_260214_004236_s1/156374143/ccs,1,4,2,15,205,CAA_interrupted,False,True,False,60
Control_11,m84137_260214_004236_s1/144250070/ccs,1,4,2,15,205,CAA_interrupted,False,True,False,60
Control_11,m84137_260214_004236_s1/161158953/ccs,1,4,2,15,205,CAA_interrupted,False,True,False,60
Control_11,m84137_260214_004236_s1/144773712/ccs,1,4,2,15,205,CAA_interrupted,False,True,False,60
Control_11,m84137_260214_004236_s1/164368029/ccs,1,4,2,15,205,CAA_interrupted,False,True,False,60
Control_11,m84137_260214_004236_s1/145167745/ccs,1,4,2,15,205,CAA_interrupted,False,True,False,60
Control_11,m84137_260214_004236_s1/186390335/ccs,1,4,2,15,205,CAA_interrupted,False,True,False,60
Control_11,m84137_260214_004236_s1/169349976/ccs,1,4,2,15,205,CAA_interrupted,False,True,False,60
Control_11,m84137_260214_004236_s1/146543358/ccs,1,4,2,15,205,CAA_interrupted,False,True,False,60
Control_11,m84137_260214_004236_s1/186783230/ccs,1,4,2,15,205,CAA_interrupted,False,True,False,60
Control_11,m84137_260214_004236_s1/174591351/ccs,1,4,2,15,205,CAA_interrupted,False,True,False,60
Control_11,m84137_260214_004236_s1/147000341/ccs,1,4,2,15,205,CAA_interrupted,False,True,False,60
Control_11,m84137_260214_004236_s1/166270355/ccs,1,4,2,15,205,CAA_interrupted,False,True,False,60
Control_11,m84137_260214_004236_s1/187634134/ccs,1,4,2,15,205,CAA_interrupted,False,True,False,60
Control_11,m84137_260214_004236_s1/188026189/ccs,1,4,2,15,205,CAA_interrupted,False,True,False,60
Control_11,m84137_260214_004236_s1/147984609/ccs,1,4,2,15,205,CAA_interrupted,False,True,False,60
Control_11,m84137_260214_004236_s1/195825158/ccs,1,4,2,15,205,CAA_interrupted,False,True,False,60
Control_11,m84137_260214_004236_s1/172232564/ccs,1,4,2,15,205,CAA_interrupted,False,True,False,60
Control_11,m84137_260214_004236_s1/149950697/ccs,1,4,2,15,205,CAA_interrupted,False,True,False,60
Control_11,m84137_260214_004236_s1/150474123/ccs,1,4,2,15,205,CAA_interrupted,False,True,False,60
Control_11,m84137_260214_004236_s1/150605343/ccs,1,4,2,15,205,CAA_interrupted,False,True,False,60
Control_11,m84137_260214_004236_s1/208932936/ccs,1,4,2,15,205,CAA_interrupted,False,True,False,60
Control_11,m84137_260214_004236_s1/181014523/ccs,1,4,2,15,205,CAA_interrupted,False,True,False,60
Control_11,m84137_260214_004236_s1/222565642/ccs,1,4,2,15,205,CAA_interrupted,False,True,False,60
Control_11,m84137_260214_004236_s1/182195993/ccs,1,4,2,15,205,CAA_interrupted,False,True,False,60
Control_11,m84137_260214_004236_s1/182128443/ccs,1,4,2,15,205,CAA_interrupted,False,True,False,60
Control_11,m84137_260214_004236_s1/211489956/ccs,1,4,2,15,205,CAA_interrupted,False,True,False,60
Control_11,m84137_260214_004236_s1/212210332/ccs,1,4,2,15,205,CAA_interrupted,False,True,False,60
Control_11,m84137_260214_004236_s1/240456236/ccs,1,4,2,15,205,CAA_interrupted,False,True,False,60
Control_11,m84137_260214_004236_s1/234886345/ccs,1,4,2,15,205,CAA_interrupted,False,True,False,60
Control_11,m84137_260214_004236_s1/235999867/ccs,1,4,2,15,205,CAA_interrupted,False,True,False,60
Control_11,m84137_260214_004236_s1/241832905/ccs,1,4,2,15,205,CAA_interrupted,False,True,False,60
Control_11,m84137_260214_004236_s1/232459768/ccs,1,4,2,15,205,CAA_interrupted,False,True,False,60
Control_11,m84137_260214_004236_s1/243209815/ccs,1,4,2,15,205,CAA_interrupted,False,True,False,60
Control_11,m84137_260214_004236_s1/256512802/ccs,1,4,2,15,205,CAA_interrupted,False,True,False,60
Control_11,m84137_260214_004236_s1/215814898/ccs,1,4,2,15,205,CAA_interrupted,False,True,False,60
Control_11,m84137_260214_004236_s1/215944279/ccs,1,4,2,15,205,CAA_interrupted,False,True,False,60
Control_11,m84137_260214_004236_s1/245175150/ccs,1,4,2,15,205,CAA_interrupted,False,True,False,60
Control_11,m84137_260214_004236_s1/245043530/ccs,1,4,2,15,205,CAA_interrupted,False,True,False,60
Control_11,m84137_260214_004236_s1/263001450/ccs,1,4,2,15,205,CAA_interrupted,False,True,False,60
Control_11,m84137_260214_004236_s1/240390010/ccs,1,4,2,15,205,CAA_interrupted,False,True,False,60
Control_11,m84137_260214_004236_s1/217190819/ccs,1,4,2,15,205,CAA_interrupted,False,True,False,60
Control_11,m84137_260214_004236_s1/264245686/ccs,1,4,2,15,205,CAA_interrupted,False,True,False,60
Control_11,m84137_260214_004236_s1/217912190/ccs,1,4,2,15,205,CAA_interrupted,False,True,False,60
Control_11,m84137_260214_004236_s1/246223679/ccs,1,4,2,15,205,CAA_interrupted,False,True,False,60
Control_11,m84137_260214_004236_s1/247730073/ccs,1,4,2,15,205,CAA_interrupted,False,True,False,60
Control_11,m84137_260214_004236_s1/248124711/ccs,1,4,2,15,205,CAA_interrupted,False,True,False,60
Control_11,m84137_260214_004236_s1/249827337/ccs,1,4,2,15,205,CAA_interrupted,False,True,False,60
Control_11,m84137_260214_004236_s1/9569616/ccs,1,4,2,15,205,CAA_interrupted,False,True,False,60
Control_11,m84137_260214_004236_s1/33294029/ccs,1,3,2,15,205,CAA_interrupted,False,True,False,60
Control_11,m84137_260214_004236_s1/35979351/ccs,1,4,2,15,205,CAA_interrupted,False,True,False,60
Control_11,m84137_260214_004236_s1/86311283/ccs,1,4,2,15,205,CAA_interrupted,False,True,False,60
Control_11,m84137_260214_004236_s1/80085493/ccs,1,4,2,15,205,CAA_interrupted,False,True,False,60
Control_11,m84137_260214_004236_s1/123274380/ccs,1,4,2,15,205,CAA_interrupted,False,True,False,60
Control_11,m84137_260214_004236_s1/117836127/ccs,1,4,2,15,205,CAA_interrupted,False,True,False,60
Control_11,m84137_260214_004236_s1/107152199/ccs,1,4,2,15,205,CAA_interrupted,False,True,False,60
Control_11,m84137_260214_004236_s1/83624374/ccs,1,4,2,15,205,CAA_interrupted,False,True,False,60
Control_11,m84137_260214_004236_s1/124849069/ccs,1,4,2,15,205,CAA_interrupted,False,True,False,60
Control_11,m84137_260214_004236_s1/130286672/ccs,1,4,2,15,205,CAA_interrupted,False,True,False,60
Control_11,m84137_260214_004236_s1/130353543/ccs,1,4,2,15,205,CAA_interrupted,False,True,False,60
Control_11,m84137_260214_004236_s1/132253674/ccs,1,4,2,15,205,CAA_interrupted,False,True,False,60
Control_11,m84137_260214_004236_s1/153291160/ccs,1,4,2,15,205,CAA_interrupted,False,True,False,60
Control_11,m84137_260214_004236_s1/157157235/ccs,1,4,2,15,205,CAA_interrupted,False,True,False,60
Control_11,m84137_260214_004236_s1/157417893/ccs,1,4,2,15,205,CAA_interrupted,False,True,False,60
Control_11,m84137_260214_004236_s1/147130854/ccs,1,4,2,15,205,CAA_interrupted,False,True,False,60
Control_11,m84137_260214_004236_s1/144903149/ccs,1,4,2,15,205,CAA_interrupted,False,True,False,60
Control_11,m84137_260214_004236_s1/149947842/ccs,1,4,2,15,205,CAA_interrupted,False,True,False,60
Control_11,m84137_260214_004236_s1/220137698/ccs,1,4,2,15,205,CAA_interrupted,False,True,False,60
Control_11,m84137_260214_004236_s1/195691962/ccs,1,4,2,15,205,CAA_interrupted,False,True,False,60
Control_11,m84137_260214_004236_s1/209781819/ccs,1,4,2,15,205,CAA_interrupted,False,True,False,60
Control_11,m84137_260214_004236_s1/206112774/ccs,1,4,2,15,205,CAA_interrupted,False,True,False,60
Control_11,m84137_260214_004236_s1/256705077/ccs,1,4,2,15,205,CAA_interrupted,False,True,False,60
Control_11,m84137_260214_004236_s1/262015675/ccs,1,4,2,15,205,CAA_interrupted,False,True,False,60
Control_11,m84137_260214_004236_s1/262603949/ccs,1,4,2,15,205,CAA_interrupted,False,True,False,60
Control_11,m84137_260214_004236_s1/7411176/ccs,1,4,2,15,205,CAA_interrupted,False,True,False,60
Control_11,m84137_260214_004236_s1/8001191/ccs,1,4,2,15,205,CAA_interrupted,False,True,False,60
Control_11,m84137_260214_004236_s1/30807424/ccs,1,4,2,15,205,CAA_interrupted,False,True,False,60
Control_11,m84137_260214_004236_s1/39194820/ccs,1,4,2,15,205,CAA_interrupted,False,True,False,60
Control_11,m84137_260214_004236_s1/39065512/ccs,1,4,2,15,205,CAA_interrupted,False,True,False,60
Control_11,m84137_260214_004236_s1/14881556/ccs,1,4,2,15,205,CAA_interrupted,False,True,False,60
Control_11,m84137_260214_004236_s1/68032390/ccs,1,4,2,15,205,CAA_interrupted,False,True,False,60
Control_11,m84137_260214_004236_s1/64229585/ccs,1,4,2,15,205,CAA_interrupted,False,True,False,60
Control_11,m84137_260214_004236_s1/60822067/ccs,1,4,2,15,205,CAA_interrupted,False,True,False,60
Control_11,m84137_260214_004236_s1/75305231/ccs,1,4,2,15,205,CAA_interrupted,False,True,False,60
Control_11,m84137_260214_004236_s1/48303342/ccs,1,4,2,15,205,CAA_interrupted,False,True,False,60
Control_11,m84137_260214_004236_s1/89132431/ccs,1,4,2,15,205,CAA_interrupted,False,True,False,60
Control_11,m84137_260214_004236_s1/119411879/ccs,1,4,2,15,205,CAA_interrupted,False,True,False,60
Control_11,m84137_260214_004236_s1/251729372/ccs,1,4,2,15,205,CAA_interrupted,False,True,False,60
Control_11,m84137_260214_004236_s1/233443179/ccs,1,4,2,15,205,CAA_interrupted,False,True,False,60
Control_11,m84137_260214_004236_s1/256775633/ccs,1,4,2,15,205,CAA_interrupted,False,True,False,60
Control_11,m84137_260214_004236_s1/46663594/ccs,1,4,2,15,205,CAA_interrupted,False,True,False,60
Control_11,m84137_260214_004236_s1/70779709/ccs,1,4,2,15,205,CAA_interrupted,False,True,False,60
Control_11,m84137_260214_004236_s1/260637087/ccs,1,4,2,15,205,CAA_interrupted,False,True,False,60
Control_11,m84137_260214_004236_s1/192613561/ccs,1,4,2,15,205,CAA_interrupted,False,True,False,60
Control_11,m84137_260214_004236_s1/67111918/ccs,1,4,2,15,205,CAA_interrupted,False,True,False,60
Control_11,m84137_260214_004236_s1/125042943/ccs,1,5,2,15,205,CAA_interrupted,False,True,False,60
Control_11,m84137_260214_004236_s1/145621846/ccs,1,4,2,15,205,CAA_interrupted,False,True,False,60
Control_11,m84137_260214_004236_s1/13438955/ccs,1,4,2,15,205,CAA_interrupted,False,True,False,60
Control_11,m84137_260214_004236_s1/138153889/ccs,1,4,2,15,205,CAA_interrupted,False,True,False,60
Control_11,m84137_260214_004236_s1/46664925/ccs,1,4,2,15,205,CAA_interrupted,False,True,False,60
Control_11,m84137_260214_004236_s1/255983952/ccs,1,3,2,15,205,CAA_interrupted,False,True,False,60
Control_11,m84137_260214_004236_s1/18092117/ccs,1,8,2,15,205,CAA_interrupted,False,True,False,60
Control_11,m84137_260214_004236_s1/114886605/ccs,0,2,2,15,205,CAA_interrupted,False,True,False,60
Control_11,m84137_260214_004236_s1/128518222/ccs,0,2,2,16,205,CAA_interrupted,False,True,False,60
Control_11,m84137_260214_004236_s1/39589623/ccs,0,2,2,15,205,CAA_interrupted,False,True,False,60
Control_11,m84137_260214_004236_s1/81595182/ccs,1,4,2,15,205,CAA_interrupted,False,True,False,60
Control_11,m84137_260214_004236_s1/157551358/ccs,1,4,2,15,205,CAA_interrupted,False,True,False,60
Control_11,m84137_260214_004236_s1/134611383/ccs,1,4,2,15,205,CAA_interrupted,False,True,False,60
Control_11,m84137_260214_004236_s1/102958410/ccs,1,4,2,15,205,CAA_interrupted,False,True,False,60
Control_11,m84137_260214_004236_s1/106825178/ccs,1,4,2,15,205,CAA_interrupted,False,True,False,60
Control_11,m84137_260214_004236_s1/130810386/ccs,1,4,2,15,205,CAA_interrupted,False,True,False,60
Control_11,m84137_260214_004236_s1/227807126/ccs,1,4,2,15,205,CAA_interrupted,False,True,False,60
Control_11,m84137_260214_004236_s1/141234959/ccs,1,4,2,15,205,CAA_interrupted,False,True,False,60
Control_11,m84137_260214_004236_s1/144512866/ccs,1,4,2,15,205,CAA_interrupted,False,True,False,60
Control_11,m84137_260214_004236_s1/67572397/ccs,0,5,2,15,205,CAA_interrupted,False,True,False,60
Control_11,m84137_260214_004236_s1/171837951/ccs,1,4,2,15,205,CAA_interrupted,False,True,False,60
Control_11,m84137_260214_004236_s1/33163774/ccs,0,7,2,16,205,CAA_interrupted,False,True,False,60
Control_11,m84137_260214_004236_s1/162005187/ccs,1,4,2,15,205,CAA_interrupted,False,True,False,60
Control_11,m84137_260214_004236_s1/93128247/ccs,1,4,2,15,205,CAA_interrupted,False,True,False,60
Control_11,m84137_260214_004236_s1/222499364/ccs,1,4,2,15,205,CAA_interrupted,False,True,False,60
Control_11,m84137_260214_004236_s1/71042586/ccs,1,10,2,15,205,CAA_interrupted,False,True,False,60
Control_11,m84137_260214_004236_s1/165482440/ccs,1,4,2,15,205,CAA_interrupted,False,True,False,60
Control_11,m84137_260214_004236_s1/37552693/ccs,1,3,2,15,205,CAA_interrupted,False,True,False,60
Control_11,m84137_260214_004236_s1/84936759/ccs,1,3,2,15,205,CAA_interrupted,False,True,False,60
Control_11,m84137_260214_004236_s1/18023147/ccs,1,6,2,15,205,CAA_interrupted,False,True,False,60
Control_11,m84137_260214_004236_s1/16646449/ccs,1,5,2,15,205,CAA_interrupted,False,True,False,60
Control_11,m84137_260214_004236_s1/57344602/ccs,1,4,2,15,206,CAA_interrupted,False,True,False,60
Control_11,m84137_260214_004236_s1/193397026/ccs,1,4,2,14,206,CAA_interrupted,False,True,False,60
Control_11,m84137_260214_004236_s1/22613179/ccs,1,4,2,15,206,CAA_interrupted,False,True,False,60
Control_11,m84137_260214_004236_s1/166399736/ccs,1,4,3,15,206,CAA_interrupted,False,True,False,60
Control_11,m84137_260214_004236_s1/157221349/ccs,0,4,1,15,206,CAA_interrupted,False,True,False,60
Control_11,m84137_260214_004236_s1/34736253/ccs,1,7,2,15,206,CAA_interrupted,False,True,False,60
Control_11,m84137_260214_004236_s1/179308780/ccs,0,2,2,15,206,CAA_interrupted,False,True,False,60
Control_11,m84137_260214_004236_s1/97977363/ccs,1,4,2,15,206,CAA_interrupted,False,True,False,60
Control_11,m84137_260214_004236_s1/134679311/ccs,1,4,3,15,206,CAA_interrupted,False,True,False,60
Control_11,m84137_260214_004236_s1/85529772/ccs,1,7,2,15,206,CAA_interrupted,False,True,False,60
Control_11,m84137_260214_004236_s1/207097637/ccs,1,7,3,15,206,CAA_interrupted,False,True,False,60
Control_11,m84137_260214_004236_s1/228197136/ccs,1,4,2,15,206,CAA_interrupted,False,True,False,60
Control_11,m84137_260214_004236_s1/180815784/ccs,1,4,2,15,206,CAA_interrupted,False,True,False,60
Control_11,m84137_260214_004236_s1/95682906/ccs,1,11,2,15,206,CAA_interrupted,False,True,False,60
Control_11,m84137_260214_004236_s1/72679819/ccs,1,15,2,15,207,CAA_interrupted,False,True,False,60
Control_11,m84137_260214_004236_s1/149029565/ccs,1,4,2,15,207,CAA_interrupted,False,True,False,60
Control_11,m84137_260214_004236_s1/181933859/ccs,1,6,2,15,207,CAA_interrupted,False,True,False,60
Control_11,m84137_260214_004236_s1/133498876/ccs,1,4,2,15,207,CAA_interrupted,False,True,False,60
Control_11,m84137_260214_004236_s1/202903583/ccs,1,4,2,15,207,CAA_interrupted,False,True,False,60
Control_11,m84137_260214_004236_s1/240323895/ccs,1,4,2,15,207,CAA_interrupted,False,True,False,60
Control_11,m84137_260214_004236_s1/208539443/ccs,1,4,2,15,207,CAA_interrupted,False,True,False,60
Control_11,m84137_260214_004236_s1/76614276/ccs,1,5,2,15,207,CAA_interrupted,False,True,False,60
Control_11,m84137_260214_004236_s1/58721552/ccs,1,4,2,15,208,CAA_interrupted,False,True,False,60
Control_11,m84137_260214_004236_s1/60032774/ccs,1,4,2,16,208,CAA_interrupted,False,True,False,60
Control_11,m84137_260214_004236_s1/6424247/ccs,1,4,2,15,208,CAA_interrupted,False,True,False,60
Control_11,m84137_260214_004236_s1/44962863/ccs,1,4,2,15,208,CAA_interrupted,False,True,False,60
Control_11,m84137_260214_004236_s1/120651958/ccs,0,2,2,15,208,CAA_interrupted,False,True,False,60
Control_11,m84137_260214_004236_s1/109905092/ccs,1,4,2,15,208,CAA_interrupted,False,True,False,60
Control_11,m84137_260214_004236_s1/85330805/ccs,1,4,2,15,208,CAA_interrupted,False,True,False,60
Control_11,m84137_260214_004236_s1/75761245/ccs,1,4,2,15,208,CAA_interrupted,False,True,False,60
Control_11,m84137_260214_004236_s1/167511428/ccs,1,4,2,15,208,CAA_interrupted,False,True,False,60
Control_11,m84137_260214_004236_s1/157288810/ccs,1,4,2,15,208,CAA_interrupted,False,True,False,60
Control_11,m84137_260214_004236_s1/260572331/ccs,1,4,2,16,208,CAA_interrupted,False,True,False,60
Control_11,m84137_260214_004236_s1/261423587/ccs,1,4,2,15,208,CAA_interrupted,False,True,False,60
Control_11,m84137_260214_004236_s1/179175574/ccs,1,4,2,15,208,CAA_interrupted,False,True,False,60
Control_11,m84137_260214_004236_s1/199234739/ccs,1,4,2,15,208,CAA_interrupted,False,True,False,60
Control_11,m84137_260214_004236_s1/25104506/ccs,1,4,2,15,208,CAA_interrupted,False,True,False,60
Control_11,m84137_260214_004236_s1/93459643/ccs,1,4,2,15,208,CAA_interrupted,False,True,False,60
Control_11,m84137_260214_004236_s1/143528273/ccs,1,4,2,16,208,CAA_interrupted,False,True,False,60
Control_11,m84137_260214_004236_s1/116724424/ccs,1,4,2,15,208,CAA_interrupted,False,True,False,60
Control_11,m84137_260214_004236_s1/112397718/ccs,1,4,2,15,208,CAA_interrupted,False,True,False,60
Control_11,m84137_260214_004236_s1/112595364/ccs,1,4,2,15,208,CAA_interrupted,False,True,False,60
Control_11,m84137_260214_004236_s1/264114773/ccs,1,4,2,15,208,CAA_interrupted,False,True,False,60
Control_11,m84137_260214_004236_s1/2098653/ccs,1,4,2,15,208,CAA_interrupted,False,True,False,60
Control_11,m84137_260214_004236_s1/215684534/ccs,1,7,2,16,208,CAA_interrupted,False,True,False,60
Control_11,m84137_260214_004236_s1/2494785/ccs,1,4,2,16,208,CAA_interrupted,False,True,False,60
Control_11,m84137_260214_004236_s1/246485859/ccs,1,4,2,15,208,CAA_interrupted,False,True,False,60
Control_11,m84137_260214_004236_s1/229638198/ccs,1,4,2,15,208,CAA_interrupted,False,True,False,60
Control_11,m84137_260214_004236_s1/28971070/ccs,1,4,2,16,208,CAA_interrupted,False,True,False,60
Control_11,m84137_260214_004236_s1/8918811/ccs,1,4,2,15,208,CAA_interrupted,False,True,False,60
Control_11,m84137_260214_004236_s1/37098101/ccs,1,4,2,15,208,CAA_interrupted,False,True,False,60
Control_11,m84137_260214_004236_s1/88542434/ccs,1,4,2,16,208,CAA_interrupted,False,True,False,60
Control_11,m84137_260214_004236_s1/123407957/ccs,1,4,2,15,208,CAA_interrupted,False,True,False,60
Control_11,m84137_260214_004236_s1/164894043/ccs,1,4,2,15,208,CAA_interrupted,False,True,False,60
Control_11,m84137_260214_004236_s1/189206744/ccs,1,4,2,15,208,CAA_interrupted,False,True,False,60
Control_11,m84137_260214_004236_s1/172756463/ccs,1,4,2,15,208,CAA_interrupted,False,True,False,60
Control_11,m84137_260214_004236_s1/195563642/ccs,1,4,2,15,208,CAA_interrupted,False,True,False,60
Control_11,m84137_260214_004236_s1/239734318/ccs,1,4,2,15,208,CAA_interrupted,False,True,False,60
Control_11,m84137_260214_004236_s1/240195097/ccs,1,4,2,15,208,CAA_interrupted,False,True,False,60
Control_11,m84137_260214_004236_s1/58067582/ccs,1,4,2,15,208,CAA_interrupted,False,True,False,60
Control_11,m84137_260214_004236_s1/170068721/ccs,1,4,2,16,208,CAA_interrupted,False,True,False,60
Control_11,m84137_260214_004236_s1/225906794/ccs,1,4,2,15,208,CAA_interrupted,False,True,False,60
Control_11,m84137_260214_004236_s1/4195391/ccs,1,4,2,16,208,CAA_interrupted,False,True,False,60
Control_11,m84137_260214_004236_s1/91952790/ccs,1,4,2,15,208,CAA_interrupted,False,True,False,60
Control_11,m84137_260214_004236_s1/197397861/ccs,1,4,2,16,208,CAA_interrupted,False,True,False,60
Control_11,m84137_260214_004236_s1/68551122/ccs,1,4,2,16,208,CAA_interrupted,False,True,False,60
Control_11,m84137_260214_004236_s1/118554702/ccs,1,4,2,15,208,CAA_interrupted,False,True,False,60
Control_11,m84137_260214_004236_s1/223019100/ccs,1,4,2,15,208,CAA_interrupted,False,True,False,60
Control_11,m84137_260214_004236_s1/2689299/ccs,1,4,2,15,208,CAA_interrupted,False,True,False,60
Control_11,m84137_260214_004236_s1/84410572/ccs,1,4,2,16,208,CAA_interrupted,False,True,False,60
Control_11,m84137_260214_004236_s1/97059011/ccs,1,4,2,15,208,CAA_interrupted,False,True,False,60
Control_11,m84137_260214_004236_s1/87164232/ccs,1,4,2,16,208,CAA_interrupted,False,True,False,60
Control_11,m84137_260214_004236_s1/130419316/ccs,1,4,2,15,208,CAA_interrupted,False,True,False,60
Control_11,m84137_260214_004236_s1/131336143/ccs,1,4,2,15,208,CAA_interrupted,False,True,False,60
Control_11,m84137_260214_004236_s1/137560187/ccs,1,4,2,15,208,CAA_interrupted,False,True,False,60
Control_11,m84137_260214_004236_s1/141231475/ccs,1,4,2,15,208,CAA_interrupted,False,True,False,60
Control_11,m84137_260214_004236_s1/145492749/ccs,1,4,2,16,208,CAA_interrupted,False,True,False,60
Control_11,m84137_260214_004236_s1/148769668/ccs,1,4,2,15,208,CAA_interrupted,False,True,False,60
Control_11,m84137_260214_004236_s1/173998695/ccs,1,4,2,16,208,CAA_interrupted,False,True,False,60
Control_11,m84137_260214_004236_s1/15469135/ccs,1,4,2,15,208,CAA_interrupted,False,True,False,60
Control_11,m84137_260214_004236_s1/40179181/ccs,1,5,2,15,208,CAA_interrupted,False,True,False,60
Control_11,m84137_260214_004236_s1/205783862/ccs,1,4,2,15,208,CAA_interrupted,False,True,False,60
Control_11,m84137_260214_004236_s1/196548071/ccs,1,4,2,15,208,CAA_interrupted,False,True,False,60
Control_11,m84137_260214_004236_s1/118292950/ccs,1,3,2,16,208,CAA_interrupted,False,True,False,60
Control_11,m84137_260214_004236_s1/144048782/ccs,1,5,2,15,208,CAA_interrupted,False,True,False,60
Control_11,m84137_260214_004236_s1/33494677/ccs,1,4,2,16,208,CAA_interrupted,False,True,False,60
Control_11,m84137_260214_004236_s1/61278089/ccs,1,4,2,15,208,CAA_interrupted,False,True,False,60
Control_11,m84137_260214_004236_s1/15532746/ccs,1,4,2,15,208,CAA_interrupted,False,True,False,60
Control_11,m84137_260214_004236_s1/88213782/ccs,1,4,2,16,208,CAA_interrupted,False,True,False,60
Control_11,m84137_260214_004236_s1/107151626/ccs,1,4,2,15,208,CAA_interrupted,False,True,False,60
Control_11,m84137_260214_004236_s1/245172403/ccs,1,4,2,15,208,CAA_interrupted,False,True,False,60
Control_11,m84137_260214_004236_s1/249693204/ccs,1,4,2,15,208,CAA_interrupted,False,True,False,60
Control_11,m84137_260214_004236_s1/8720654/ccs,1,3,2,15,208,CAA_interrupted,False,True,False,60
Control_11,m84137_260214_004236_s1/87494367/ccs,1,4,2,15,208,CAA_interrupted,False,True,False,60
Control_11,m84137_260214_004236_s1/142087236/ccs,1,4,2,15,208,CAA_interrupted,False,True,False,60
Control_11,m84137_260214_004236_s1/177345730/ccs,1,4,2,15,208,CAA_interrupted,False,True,False,60
Control_11,m84137_260214_004236_s1/29425873/ccs,1,4,2,15,208,CAA_interrupted,False,True,False,60
Control_11,m84137_260214_004236_s1/102760886/ccs,1,4,2,15,208,CAA_interrupted,False,True,False,60
Control_11,m84137_260214_004236_s1/150995017/ccs,1,4,2,16,208,CAA_interrupted,False,True,False,60
Control_11,m84137_260214_004236_s1/160106615/ccs,1,4,2,15,208,CAA_interrupted,False,True,False,60
Control_11,m84137_260214_004236_s1/190187975/ccs,1,4,2,15,208,CAA_interrupted,False,True,False,60
Control_11,m84137_260214_004236_s1/185663575/ccs,1,4,2,15,208,CAA_interrupted,False,True,False,60
Control_11,m84137_260214_004236_s1/191104369/ccs,1,4,2,15,208,CAA_interrupted,False,True,False,60
Control_11,m84137_260214_004236_s1/212535145/ccs,1,4,2,15,208,CAA_interrupted,False,True,False,60
Control_11,m84137_260214_004236_s1/230950904/ccs,1,4,2,16,208,CAA_interrupted,False,True,False,60
Control_11,m84137_260214_004236_s1/217843440/ccs,1,4,2,15,208,CAA_interrupted,False,True,False,60
Control_11,m84137_260214_004236_s1/265421800/ccs,1,4,2,15,208,CAA_interrupted,False,True,False,60
Control_11,m84137_260214_004236_s1/7147635/ccs,1,4,2,16,208,CAA_interrupted,False,True,False,60
Control_11,m84137_260214_004236_s1/51450520/ccs,1,4,2,15,208,CAA_interrupted,False,True,False,60
Control_11,m84137_260214_004236_s1/43716263/ccs,1,4,2,15,208,CAA_interrupted,False,True,False,60
Control_11,m84137_260214_004236_s1/80940990/ccs,1,4,2,16,208,CAA_interrupted,False,True,False,60
Control_11,m84137_260214_004236_s1/105517796/ccs,1,4,2,15,208,CAA_interrupted,False,True,False,60
Control_11,m84137_260214_004236_s1/108467928/ccs,1,4,2,15,208,CAA_interrupted,False,True,False,60
Control_11,m84137_260214_004236_s1/160306435/ccs,1,4,2,15,208,CAA_interrupted,False,True,False,60
Control_11,m84137_260214_004236_s1/145364887/ccs,1,4,2,15,208,CAA_interrupted,False,True,False,60
Control_11,m84137_260214_004236_s1/221581755/ccs,1,4,2,15,208,CAA_interrupted,False,True,False,60
Control_11,m84137_260214_004236_s1/246811831/ccs,1,4,2,15,208,CAA_interrupted,False,True,False,60
Control_11,m84137_260214_004236_s1/267130080/ccs,1,4,2,16,208,CAA_interrupted,False,True,False,60
Control_11,m84137_260214_004236_s1/45552082/ccs,1,3,2,15,208,CAA_interrupted,False,True,False,60
Control_11,m84137_260214_004236_s1/140511044/ccs,1,5,2,15,208,CAA_interrupted,False,True,False,60
Control_11,m84137_260214_004236_s1/173737292/ccs,1,4,2,15,208,CAA_interrupted,False,True,False,60
Control_11,m84137_260214_004236_s1/120915432/ccs,1,4,2,16,208,CAA_interrupted,False,True,False,60
Control_11,m84137_260214_004236_s1/182195415/ccs,1,4,2,15,208,CAA_interrupted,False,True,False,60
Control_11,m84137_260214_004236_s1/28968241/ccs,1,4,2,15,209,CAA_interrupted,False,True,False,60
Control_11,m84137_260214_004236_s1/230688782/ccs,1,4,2,15,210,CAA_interrupted,False,True,False,60
Control_11,m84137_260214_004236_s1/125114240/ccs,1,4,2,15,210,CAA_interrupted,False,True,False,60
Control_11,m84137_260214_004236_s1/133695111/ccs,1,4,2,15,210,CAA_interrupted,False,True,False,60
Control_11,m84137_260214_004236_s1/126027334/ccs,1,4,1,16,210,CAA_interrupted,False,True,False,60
Control_11,m84137_260214_004236_s1/25297128/ccs,1,4,2,15,211,CAA_interrupted,False,True,False,60
Control_11,m84137_260214_004236_s1/16258360/ccs,1,4,2,15,211,CAA_interrupted,False,True,False,60
Control_11,m84137_260214_004236_s1/147456045/ccs,1,4,2,15,211,CAA_interrupted,False,True,False,60
Control_11,m84137_260214_004236_s1/230490680/ccs,1,4,2,17,211,CAA_interrupted,False,True,False,60
Control_11,m84137_260214_004236_s1/245892075/ccs,1,4,3,15,211,CAA_interrupted,False,True,False,60
Control_11,m84137_260214_004236_s1/94964344/ccs,1,4,2,15,211,CAA_interrupted,False,True,False,60
Control_11,m84137_260214_004236_s1/228527630/ccs,1,3,2,15,211,CAA_interrupted,False,True,False,60
Control_11,m84137_260214_004236_s1/22481903/ccs,0,62,2,15,211,CAA_interrupted,False,True,False,60
Control_11,m84137_260214_004236_s1/234817448/ccs,1,7,2,15,212,CAA_interrupted,False,True,False,60
Control_11,m84137_260214_004236_s1/178651690/ccs,1,4,2,14,212,CAA_interrupted,False,True,False,60
Control_11,m84137_260214_004236_s1/162204635/ccs,1,4,2,15,213,CAA_interrupted,False,True,False,60
Control_11,m84137_260214_004236_s1/157288431/ccs,1,3,2,15,214,CAA_interrupted,False,True,False,60
Control_11,m84137_260214_004236_s1/100864893/ccs,1,4,2,14,216,CAA_interrupted,False,True,False,60
Control_11,m84137_260214_004236_s1/179637874/ccs,1,84,4,16,212,CAA_interrupted,False,True,False,60
Control_11,m84137_260214_004236_s1/207095008/ccs,1,86,3,15,205,CAA_interrupted,False,True,False,60
Control_11,m84137_260214_004236_s1/130679643/ccs,0,47,2,14,207,CAA_interrupted,False,True,False,60
Control_11,m84137_260214_004236_s1/262869850/ccs,0,87,2,15,199,CAA_interrupted,False,True,False,60
Control_11,m84137_260214_004236_s1/246415722/ccs,0,128,4,15,202,CAA_interrupted,False,True,False,60
Control_11,m84137_260214_004236_s1/61215745/ccs,1,79,3,15,204,CAA_interrupted,False,True,False,60
Control_11,m84137_260214_004236_s1/239796958/ccs,1,81,2,15,203,CAA_interrupted,False,True,False,60
Control_11,m84137_260214_004236_s1/55906756/ccs,1,103,2,15,205,CAA_interrupted,False,True,False,60
Control_11,m84137_260214_004236_s1/169936907/ccs,1,91,2,14,202,CAA_interrupted,False,True,False,60
Control_11,m84137_260214_004236_s1/220268177/ccs,0,5,2,16,198,CAA_interrupted,False,True,False,60
Control_11,m84137_260214_004236_s1/160631492/ccs,0,7,2,14,199,CAA_interrupted,False,True,False,60
Control_11,m84137_260214_004236_s1/19663237/ccs,0,4,2,15,199,CAA_interrupted,False,True,False,60
Control_11,m84137_260214_004236_s1/257689022/ccs,0,3,2,16,200,CAA_interrupted,False,True,False,60
Control_11,m84137_260214_004236_s1/163317127/ccs,0,15,2,15,200,CAA_interrupted,False,True,False,60
Control_11,m84137_260214_004236_s1/212207113/ccs,1,4,3,15,202,CAA_interrupted,False,True,False,60
Control_11,m84137_260214_004236_s1/83362483/ccs,0,2,2,15,202,CAA_interrupted,False,True,False,60
Control_11,m84137_260214_004236_s1/206373957/ccs,0,2,2,16,205,CAA_interrupted,False,True,False,60
Control_11,m84137_260214_004236_s1/119538413/ccs,1,4,2,15,205,CAA_interrupted,False,True,False,60
Control_11,m84137_260214_004236_s1/147785705/ccs,1,3,2,15,205,CAA_interrupted,False,True,False,60
Control_11,m84137_260214_004236_s1/177603942/ccs,1,4,2,15,206,CAA_interrupted,False,True,False,60
Control_11,m84137_260214_004236_s1/8915922/ccs,1,3,3,15,208,CAA_interrupted,False,True,False,60
Control_11,m84137_260214_004236_s1/117313012/ccs,1,4,3,16,209,CAA_interrupted,False,True,False,60
Control_11,m84137_260214_004236_s1/231084956/ccs,1,66,3,12,198,CAA_interrupted,False,True,False,60
Control_11,m84137_260214_004236_s1/197003452/ccs,0,77,5,8,200,CAA_interrupted,False,True,False,60
Control_11,m84137_260214_004236_s1/238947237/ccs,1,89,4,13,202,CAA_interrupted,False,True,False,60
Control_11,m84137_260214_004236_s1/45748407/ccs,0,76,3,15,204,CAA_interrupted,False,True,False,60
Control_11,m84137_260214_004236_s1/53679547/ccs,1,145,3,14,207,CAA_interrupted,False,True,False,60
Control_11,m84137_260214_004236_s1/65146362/ccs,0,87,2,14,200,CAA_interrupted,False,True,False,60
Control_11,m84137_260214_004236_s1/231474779/ccs,0,79,3,15,202,CAA_interrupted,False,True,False,60
Control_11,m84137_260214_004236_s1/18023414/ccs,1,95,2,15,202,CAA_interrupted,False,True,False,60
Control_11,m84137_260214_004236_s1/118620618/ccs,1,66,2,15,207,CAA_interrupted,False,True,False,60
Control_11,m84137_260214_004236_s1/36112935/ccs,1,88,2,16,211,CAA_interrupted,False,True,False,60
Control_11,m84137_260214_004236_s1/70323448/ccs,0,109,2,12,199,CAA_interrupted,False,True,False,60
Control_11,m84137_260214_004236_s1/151126475/ccs,0,98,2,16,203,CAA_interrupted,False,True,False,60
Control_11,m84137_260214_004236_s1/260443544/ccs,0,80,4,16,207,CAA_interrupted,False,True,False,60
Control_11,m84137_260214_004236_s1/245436296/ccs,0,109,1,13,196,CAA_interrupted,False,True,False,60
Control_11,m84137_260214_004236_s1/50532873/ccs,0,2,2,13,193,CAA_interrupted,False,True,False,60
Control_11,m84137_260214_004236_s1/22020890/ccs,0,50,2,14,197,CAA_interrupted,False,True,False,60
Control_11,m84137_260214_004236_s1/6422846/ccs,0,2,2,15,199,CAA_interrupted,False,True,False,60
Control_11,m84137_260214_004236_s1/224135007/ccs,0,2,2,15,199,CAA_interrupted,False,True,False,60
Control_11,m84137_260214_004236_s1/148703423/ccs,0,2,2,15,199,CAA_interrupted,False,True,False,60
Control_11,m84137_260214_004236_s1/194446548/ccs,0,5,2,15,199,CAA_interrupted,False,True,False,60
Control_11,m84137_260214_004236_s1/114557892/ccs,0,2,2,15,199,CAA_interrupted,False,True,False,60
Control_11,m84137_260214_004236_s1/181077947/ccs,0,3,2,15,199,CAA_interrupted,False,True,False,60
Control_11,m84137_260214_004236_s1/202707753/ccs,0,6,2,14,199,CAA_interrupted,False,True,False,60
Control_11,m84137_260214_004236_s1/32378620/ccs,0,3,2,16,202,CAA_interrupted,False,True,False,60
Control_11,m84137_260214_004236_s1/69861884/ccs,1,6,2,15,203,CAA_interrupted,False,True,False,60
Control_11,m84137_260214_004236_s1/204408112/ccs,1,4,2,15,205,CAA_interrupted,False,True,False,60
Control_11,m84137_260214_004236_s1/79304206/ccs,1,4,2,15,205,CAA_interrupted,False,True,False,60
Control_11,m84137_260214_004236_s1/136844201/ccs,1,5,2,15,205,CAA_interrupted,False,True,False,60
Control_11,m84137_260214_004236_s1/20125280/ccs,0,4,2,15,205,CAA_interrupted,False,True,False,60
Control_11,m84137_260214_004236_s1/121571100/ccs,1,4,2,15,205,CAA_interrupted,False,True,False,60
Control_11,m84137_260214_004236_s1/237507472/ccs,1,7,2,15,205,CAA_interrupted,False,True,False,60
Control_11,m84137_260214_004236_s1/208867075/ccs,1,4,2,15,205,CAA_interrupted,False,True,False,60
Control_11,m84137_260214_004236_s1/222691566/ccs,1,8,2,16,205,CAA_interrupted,False,True,False,60
Control_11,m84137_260214_004236_s1/237896500/ccs,0,4,5,15,208,fragmented_noisy,False,False,True,60
Control_11,m84137_260214_004236_s1/235799180/ccs,1,4,2,15,208,CAA_interrupted,False,True,False,60
Control_11,m84137_260214_004236_s1/140707524/ccs,1,4,2,16,209,CAA_interrupted,False,True,False,60
Control_11,m84137_260214_004236_s1/257361553/ccs,1,9,2,15,210,CAA_interrupted,False,True,False,60
Control_11,m84137_260214_004236_s1/154143062/ccs,1,4,2,15,210,CAA_interrupted,False,True,False,60
Control_11,m84137_260214_004236_s1/100141606/ccs,0,3,2,16,211,CAA_interrupted,False,True,False,60
Control_11,m84137_260214_004236_s1/103547168/ccs,0,57,2,13,197,CAA_interrupted,False,True,False,60
Control_11,m84137_260214_004236_s1/176886533/ccs,0,69,2,15,197,CAA_interrupted,False,True,False,60
Control_11,m84137_260214_004236_s1/78709813/ccs,0,69,2,15,201,CAA_interrupted,False,True,False,60
Control_11,m84137_260214_004236_s1/17962481/ccs,0,16,2,16,202,CAA_interrupted,False,True,False,60
Control_11,m84137_260214_004236_s1/235798949/ccs,1,5,4,16,210,CAA_interrupted,False,True,False,60
Control_11,m84137_260214_004236_s1/73336522/ccs,1,86,2,14,207,CAA_interrupted,False,True,False,60
Control_11,m84137_260214_004236_s1/192943385/ccs,1,98,2,14,206,CAA_interrupted,False,True,False,60
Control_11,m84137_260214_004236_s1/16449924/ccs,1,100,4,12,207,CAA_interrupted,False,True,False,60
Control_11,m84137_260214_004236_s1/135529641/ccs,1,102,2,12,204,CAA_interrupted,False,True,False,60
Control_11,m84137_260214_004236_s1/189273694/ccs,1,126,3,16,208,CAA_interrupted,False,True,False,60
Control_11,m84137_260214_004236_s1/207554168/ccs,1,79,2,12,206,CAA_interrupted,False,True,False,60
Control_11,m84137_260214_004236_s1/204868312/ccs,1,104,2,14,203,CAA_interrupted,False,True,False,60
Control_11,m84137_260214_004236_s1/200478317/ccs,0,5,2,15,204,CAA_interrupted,False,True,False,60
Control_11,m84137_260214_004236_s1/92933065/ccs,0,10,3,16,210,CAA_interrupted,False,True,False,60
Control_11,m84137_260214_004236_s1/77924871/ccs,0,13,3,17,211,CAA_interrupted,False,True,False,60
Control_11,m84137_260214_004236_s1/124453745/ccs,1,79,4,14,211,CAA_interrupted,False,True,False,60
Control_11,m84137_260214_004236_s1/188419764/ccs,0,72,4,14,205,CAA_interrupted,False,True,False,60
Control_11,m84137_260214_004236_s1/196609286/ccs,0,108,2,12,200,CAA_interrupted,False,True,False,60
Control_11,m84137_260214_004236_s1/39845953/ccs,0,82,3,13,198,CAA_interrupted,False,True,False,60
Control_11,m84137_260214_004236_s1/13895054/ccs,0,7,2,15,200,CAA_interrupted,False,True,False,60
Control_11,m84137_260214_004236_s1/83887766/ccs,0,7,4,15,204,CAA_interrupted,False,True,False,60
Control_11,m84137_260214_004236_s1/227415556/ccs,0,149,2,16,204,CAA_interrupted,False,True,False,60
Control_11,m84137_260214_004236_s1/91100710/ccs,0,101,2,15,207,CAA_interrupted,False,True,False,60
Control_11,m84137_260214_004236_s1/128778636/ccs,0,71,2,14,208,CAA_interrupted,False,True,False,60
Control_11,m84137_260214_004236_s1/36639034/ccs,0,143,2,14,199,CAA_interrupted,False,True,False,60
Control_11,m84137_260214_004236_s1/143525293/ccs,0,121,2,14,202,CAA_interrupted,False,True,False,60
Control_11,m84137_260214_004236_s1/69861485/ccs,1,88,2,12,207,CAA_interrupted,False,True,False,60
Control_11,m84137_260214_004236_s1/161154946/ccs,0,94,1,15,208,CAA_interrupted,False,True,False,60
Control_11,m84137_260214_004236_s1/116263427/ccs,0,99,2,15,199,CAA_interrupted,False,True,False,60
Control_11,m84137_260214_004236_s1/136774709/ccs,0,103,4,15,201,CAA_interrupted,False,True,False,60
Control_11,m84137_260214_004236_s1/186909459/ccs,0,15,5,13,204,CAA_interrupted,False,True,False,60
H1,m84137_260214_004236_s1/162267981/ccs,1,109,3,11,285,CAA_interrupted,False,True,False,60
H1,m84137_260214_004236_s1/136841514/ccs,0,27,2,12,192,CAA_interrupted,False,True,False,60
H1,m84137_260214_004236_s1/95225004/ccs,1,86,4,13,271,CAA_interrupted,False,True,False,60
H1,m84137_260214_004236_s1/102106442/ccs,0,84,3,12,193,CAA_interrupted,False,True,False,60
H1,m84137_260214_004236_s1/199362014/ccs,0,120,2,11,197,CAA_interrupted,False,True,False,60
H1,m84137_260214_004236_s1/174391453/ccs,0,129,6,13,202,CAA_interrupted,False,True,False,60
H1,m84137_260214_004236_s1/64096710/ccs,0,83,2,8,192,CAA_interrupted,False,True,False,60
H1,m84137_260214_004236_s1/97257404/ccs,0,85,3,11,195,CAA_interrupted,False,True,False,60
H1,m84137_260214_004236_s1/56890984/ccs,0,89,2,12,195,CAA_interrupted,False,True,False,60
H1,m84137_260214_004236_s1/69670462/ccs,1,112,2,11,272,CAA_interrupted,False,True,False,60
H1,m84137_260214_004236_s1/216926021/ccs,0,76,3,12,190,CAA_interrupted,False,True,False,60
H1,m84137_260214_004236_s1/93131077/ccs,1,119,9,17,644,CAA_interrupted,False,True,False,60
H1,m84137_260214_004236_s1/83038465/ccs,1,91,3,12,277,CAA_interrupted,False,True,False,60
H1,m84137_260214_004236_s1/78121582/ccs,0,85,2,10,193,CAA_interrupted,False,True,False,60
H1,m84137_260214_004236_s1/38208760/ccs,1,117,2,14,263,CAA_interrupted,False,True,False,60
H1,m84137_260214_004236_s1/86840975/ccs,1,72,4,12,272,CAA_interrupted,False,True,False,60
H1,m84137_260214_004236_s1/5509772/ccs,0,61,2,13,196,CAA_interrupted,False,True,False,60
H1,m84137_260214_004236_s1/18155229/ccs,1,53,3,13,277,CAA_interrupted,False,True,False,60
H1,m84137_260214_004236_s1/103746222/ccs,1,86,3,11,272,CAA_interrupted,False,True,False,60
H1,m84137_260214_004236_s1/234357145/ccs,1,97,3,10,261,CAA_interrupted,False,True,False,60
H1,m84137_260214_004236_s1/96736268/ccs,0,81,2,13,198,CAA_interrupted,False,True,False,60
H1,m84137_260214_004236_s1/88211602/ccs,0,127,3,11,196,CAA_interrupted,False,True,False,60
H1,m84137_260214_004236_s1/125699964/ccs,0,73,2,12,196,CAA_interrupted,False,True,False,60
H1,m84137_260214_004236_s1/29166930/ccs,0,148,3,10,198,CAA_interrupted,False,True,False,60
H1,m84137_260214_004236_s1/247600646/ccs,1,71,2,15,269,CAA_interrupted,False,True,False,60
H1,m84137_260214_004236_s1/82643903/ccs,0,1,2,12,198,fragmented_noisy,False,False,True,60
H1,m84137_260214_004236_s1/198447940/ccs,1,9,2,12,267,CAA_interrupted,False,True,False,60
H1,m84137_260214_004236_s1/28576275/ccs,1,3,2,12,286,CAA_interrupted,False,True,False,60
H1,m84137_260214_004236_s1/239730876/ccs,0,103,2,12,199,CAA_interrupted,False,True,False,60
H1,m84137_260214_004236_s1/55837768/ccs,0,88,2,12,203,CAA_interrupted,False,True,False,60
H1,m84137_260214_004236_s1/99222547/ccs,0,76,1,11,198,CAA_interrupted,False,True,False,60
H1,m84137_260214_004236_s1/256117830/ccs,1,120,5,11,278,CAA_interrupted,False,True,False,60
H1,m84137_260214_004236_s1/109905298/ccs,1,84,3,12,278,CAA_interrupted,False,True,False,60
H1,m84137_260214_004236_s1/85529778/ccs,0,106,2,13,195,CAA_interrupted,False,True,False,60
H1,m84137_260214_004236_s1/229574403/ccs,0,58,2,13,196,CAA_interrupted,False,True,False,60
H1,m84137_260214_004236_s1/227807918/ccs,1,81,3,10,270,CAA_interrupted,False,True,False,60
H1,m84137_260214_004236_s1/105582282/ccs,1,95,5,11,302,CAA_interrupted,False,True,False,60
H1,m84137_260214_004236_s1/259458396/ccs,1,103,4,10,286,CAA_interrupted,False,True,False,60
H1,m84137_260214_004236_s1/107286205/ccs,1,91,3,11,289,CAA_interrupted,False,True,False,60
H1,m84137_260214_004236_s1/111348476/ccs,1,80,4,11,271,CAA_interrupted,False,True,False,60
H1,m84137_260214_004236_s1/46334743/ccs,0,70,4,11,198,CAA_interrupted,False,True,False,60
H1,m84137_260214_004236_s1/4984945/ccs,0,68,2,12,198,CAA_interrupted,False,True,False,60
H1,m84137_260214_004236_s1/80544472/ccs,0,3,2,11,194,CAA_interrupted,False,True,False,60
H1,m84137_260214_004236_s1/170525871/ccs,0,2,2,13,196,CAA_interrupted,False,True,False,60
H1,m84137_260214_004236_s1/235078634/ccs,0,2,2,12,197,CAA_interrupted,False,True,False,60
H1,m84137_260214_004236_s1/124257026/ccs,1,20,0,5,235,frameshift_indels,False,False,False,60
H1,m84137_260214_004236_s1/182256607/ccs,1,8,2,12,256,CAA_interrupted,False,True,False,60
H1,m84137_260214_004236_s1/191627508/ccs,1,19,1,12,259,CAA_interrupted,False,True,False,60
H1,m84137_260214_004236_s1/96207896/ccs,1,2,1,12,262,CAA_interrupted,False,True,False,60
H1,m84137_260214_004236_s1/64624544/ccs,1,12,1,12,301,CAA_interrupted,False,True,False,60
H1,m84137_260214_004236_s1/236978756/ccs,1,89,4,12,285,CAA_interrupted,False,True,False,60
H1,m84137_260214_004236_s1/133891398/ccs,0,73,3,12,198,CAA_interrupted,False,True,False,60
H1,m84137_260214_004236_s1/85071146/ccs,1,79,6,12,271,CAA_interrupted,False,True,False,60
H1,m84137_260214_004236_s1/103748745/ccs,0,96,2,9,196,CAA_interrupted,False,True,False,60
H1,m84137_260214_004236_s1/166596147/ccs,1,83,2,8,270,CAA_interrupted,False,True,False,60
H1,m84137_260214_004236_s1/118293766/ccs,1,94,3,8,263,CAA_interrupted,False,True,False,60
H1,m84137_260214_004236_s1/176883994/ccs,0,124,2,12,195,CAA_interrupted,False,True,False,60
H1,m84137_260214_004236_s1/40567950/ccs,1,92,5,10,356,CAA_interrupted,False,True,False,60
H1,m84137_260214_004236_s1/28250082/ccs,1,1,2,12,265,fragmented_noisy,False,False,True,60
H1,m84137_260214_004236_s1/177476285/ccs,1,1,2,12,265,fragmented_noisy,False,False,True,60
H1,m84137_260214_004236_s1/59183988/ccs,1,3,2,12,271,CAA_interrupted,False,True,False,60
H1,m84137_260214_004236_s1/263591227/ccs,1,8,4,12,274,CAA_interrupted,False,True,False,60
H1,m84137_260214_004236_s1/165613471/ccs,1,1,3,12,281,fragmented_noisy,False,False,True,60
H1,m84137_260214_004236_s1/18547753/ccs,1,69,5,11,278,CAA_interrupted,False,True,False,60
H1,m84137_260214_004236_s1/121899753/ccs,0,71,4,13,199,CAA_interrupted,False,True,False,60
H1,m84137_260214_004236_s1/128320429/ccs,1,124,4,11,274,CAA_interrupted,False,True,False,60
H1,m84137_260214_004236_s1/195695427/ccs,0,95,4,12,200,CAA_interrupted,False,True,False,60
H1,m84137_260214_004236_s1/66585042/ccs,1,60,2,11,275,CAA_interrupted,False,True,False,60
H1,m84137_260214_004236_s1/51119989/ccs,1,91,5,11,278,CAA_interrupted,False,True,False,60
H1,m84137_260214_004236_s1/130942037/ccs,0,53,1,11,193,CAA_interrupted,False,True,False,60
H1,m84137_260214_004236_s1/45875392/ccs,1,110,3,10,279,CAA_interrupted,False,True,False,60
H1,m84137_260214_004236_s1/228988176/ccs,1,93,6,11,269,CAA_interrupted,False,True,False,60
H1,m84137_260214_004236_s1/235540159/ccs,0,99,2,10,195,CAA_interrupted,False,True,False,60
H1,m84137_260214_004236_s1/26940418/ccs,1,102,4,12,266,CAA_interrupted,False,True,False,60
H1,m84137_260214_004236_s1/163188232/ccs,1,85,2,8,284,CAA_interrupted,False,True,False,60
H1,m84137_260214_004236_s1/126553081/ccs,0,48,2,10,195,CAA_interrupted,False,True,False,60
H1,m84137_260214_004236_s1/89656532/ccs,0,59,1,13,197,CAA_interrupted,False,True,False,60
H1,m84137_260214_004236_s1/174266215/ccs,1,101,4,11,278,CAA_interrupted,False,True,False,60
H1,m84137_260214_004236_s1/10358159/ccs,1,74,2,13,265,CAA_interrupted,False,True,False,60
H1,m84137_260214_004236_s1/30543021/ccs,1,72,2,12,275,CAA_interrupted,False,True,False,60
H1,m84137_260214_004236_s1/177996547/ccs,0,64,0,12,194,clean_CAG,True,False,False,60
H1,m84137_260214_004236_s1/154797405/ccs,0,63,3,11,195,CAA_interrupted,False,True,False,60
H1,m84137_260214_004236_s1/201328142/ccs,0,85,2,11,196,CAA_interrupted,False,True,False,60
H1,m84137_260214_004236_s1/220793943/ccs,1,161,4,12,273,CAA_interrupted,False,True,False,60
H1,m84137_260214_004236_s1/209785784/ccs,1,92,2,11,273,CAA_interrupted,False,True,False,60
H1,m84137_260214_004236_s1/47912489/ccs,1,114,4,12,292,CAA_interrupted,False,True,False,60
H1,m84137_260214_004236_s1/62850644/ccs,1,1,3,13,261,fragmented_noisy,False,False,True,60
H1,m84137_260214_004236_s1/69275628/ccs,0,3,2,11,192,CAA_interrupted,False,True,False,60
H1,m84137_260214_004236_s1/100340817/ccs,0,2,2,12,193,CAA_interrupted,False,True,False,60
H1,m84137_260214_004236_s1/94438014/ccs,0,3,2,12,193,CAA_interrupted,False,True,False,60
H1,m84137_260214_004236_s1/210766636/ccs,0,1,2,12,193,fragmented_noisy,False,False,True,60
H1,m84137_260214_004236_s1/118164028/ccs,0,2,2,12,193,CAA_interrupted,False,True,False,60
H1,m84137_260214_004236_s1/251921486/ccs,0,1,2,12,193,fragmented_noisy,False,False,True,60
H1,m84137_260214_004236_s1/124784221/ccs,0,2,2,11,194,CAA_interrupted,False,True,False,60
H1,m84137_260214_004236_s1/231213681/ccs,0,2,2,12,196,CAA_interrupted,False,True,False,60
H1,m84137_260214_004236_s1/122557921/ccs,0,1,2,12,196,fragmented_noisy,False,False,True,60
H1,m84137_260214_004236_s1/107087906/ccs,0,1,2,12,196,fragmented_noisy,False,False,True,60
H1,m84137_260214_004236_s1/117243967/ccs,0,1,2,12,196,fragmented_noisy,False,False,True,60
H1,m84137_260214_004236_s1/165609745/ccs,0,5,2,12,196,CAA_interrupted,False,True,False,60
H1,m84137_260214_004236_s1/167512980/ccs,0,2,2,12,196,CAA_interrupted,False,True,False,60
H1,m84137_260214_004236_s1/80285520/ccs,0,1,2,12,196,fragmented_noisy,False,False,True,60
H1,m84137_260214_004236_s1/97780786/ccs,0,2,2,12,196,CAA_interrupted,False,True,False,60
H1,m84137_260214_004236_s1/202311802/ccs,0,1,2,12,196,fragmented_noisy,False,False,True,60
H1,m84137_260214_004236_s1/182913903/ccs,0,1,2,12,196,fragmented_noisy,False,False,True,60
H1,m84137_260214_004236_s1/147784732/ccs,0,1,2,12,196,fragmented_noisy,False,False,True,60
H1,m84137_260214_004236_s1/69015063/ccs,0,1,2,12,196,fragmented_noisy,False,False,True,60
H1,m84137_260214_004236_s1/133699250/ccs,0,1,2,12,196,fragmented_noisy,False,False,True,60
H1,m84137_260214_004236_s1/4394598/ccs,0,2,2,12,196,CAA_interrupted,False,True,False,60
H1,m84137_260214_004236_s1/8719289/ccs,0,2,2,12,196,CAA_interrupted,False,True,False,60
H1,m84137_260214_004236_s1/213517694/ccs,0,3,1,12,197,CAA_interrupted,False,True,False,60
H1,m84137_260214_004236_s1/266800737/ccs,0,9,3,12,198,CAA_interrupted,False,True,False,60
H1,m84137_260214_004236_s1/229639097/ccs,0,1,2,12,198,fragmented_noisy,False,False,True,60
H1,m84137_260214_004236_s1/147916979/ccs,0,2,2,15,199,CAA_interrupted,False,True,False,60
H1,m84137_260214_004236_s1/57934433/ccs,0,1,2,12,199,fragmented_noisy,False,False,True,60
H1,m84137_260214_004236_s1/42865844/ccs,0,2,2,15,199,CAA_interrupted,False,True,False,60
H1,m84137_260214_004236_s1/83034537/ccs,0,2,2,12,199,CAA_interrupted,False,True,False,60
H1,m84137_260214_004236_s1/52104799/ccs,1,2,2,12,253,CAA_interrupted,False,True,False,60
H1,m84137_260214_004236_s1/175965561/ccs,1,8,2,12,255,CAA_interrupted,False,True,False,60
H1,m84137_260214_004236_s1/184288848/ccs,1,2,2,12,258,CAA_interrupted,False,True,False,60
H1,m84137_260214_004236_s1/136643493/ccs,1,1,1,11,258,CAA_interrupted,False,True,False,60
H1,m84137_260214_004236_s1/91557831/ccs,1,1,2,12,261,fragmented_noisy,False,False,True,60
H1,m84137_260214_004236_s1/253035345/ccs,1,2,2,12,262,CAA_interrupted,False,True,False,60
H1,m84137_260214_004236_s1/117704475/ccs,1,5,2,12,264,CAA_interrupted,False,True,False,60
H1,m84137_260214_004236_s1/24515463/ccs,1,2,2,11,264,CAA_interrupted,False,True,False,60
H1,m84137_260214_004236_s1/35457686/ccs,1,1,2,12,265,fragmented_noisy,False,False,True,60
H1,m84137_260214_004236_s1/98309898/ccs,1,1,2,12,265,fragmented_noisy,False,False,True,60
H1,m84137_260214_004236_s1/88869636/ccs,1,4,3,12,265,CAA_interrupted,False,True,False,60
H1,m84137_260214_004236_s1/133895988/ccs,1,1,2,12,265,fragmented_noisy,False,False,True,60
H1,m84137_260214_004236_s1/125703149/ccs,1,5,2,12,265,CAA_interrupted,False,True,False,60
H1,m84137_260214_004236_s1/224663430/ccs,1,1,2,12,266,fragmented_noisy,False,False,True,60
H1,m84137_260214_004236_s1/80153931/ccs,1,5,2,12,266,CAA_interrupted,False,True,False,60
H1,m84137_260214_004236_s1/239666375/ccs,1,3,2,12,267,CAA_interrupted,False,True,False,60
H1,m84137_260214_004236_s1/203359391/ccs,1,3,2,12,268,CAA_interrupted,False,True,False,60
H1,m84137_260214_004236_s1/184419220/ccs,1,6,2,12,268,CAA_interrupted,False,True,False,60
H1,m84137_260214_004236_s1/161547740/ccs,1,1,2,12,268,fragmented_noisy,False,False,True,60
H1,m84137_260214_004236_s1/130483882/ccs,1,7,3,12,268,CAA_interrupted,False,True,False,60
H1,m84137_260214_004236_s1/60163935/ccs,1,1,2,12,268,fragmented_noisy,False,False,True,60
H1,m84137_260214_004236_s1/224199709/ccs,1,1,2,12,268,fragmented_noisy,False,False,True,60
H1,m84137_260214_004236_s1/107483187/ccs,1,1,2,12,268,fragmented_noisy,False,False,True,60
H1,m84137_260214_004236_s1/212538218/ccs,1,1,2,12,268,fragmented_noisy,False,False,True,60
H1,m84137_260214_004236_s1/38798205/ccs,1,1,2,12,268,fragmented_noisy,False,False,True,60
H1,m84137_260214_004236_s1/240584796/ccs,1,1,2,12,268,fragmented_noisy,False,False,True,60
H1,m84137_260214_004236_s1/37224535/ccs,1,1,2,12,268,fragmented_noisy,False,False,True,60
H1,m84137_260214_004236_s1/65668822/ccs,1,1,2,12,268,fragmented_noisy,False,False,True,60
H1,m84137_260214_004236_s1/137560590/ccs,1,1,2,12,268,fragmented_noisy,False,False,True,60
H1,m84137_260214_004236_s1/212664856/ccs,1,1,2,12,268,fragmented_noisy,False,False,True,60
H1,m84137_260214_004236_s1/234229541/ccs,1,1,2,12,268,fragmented_noisy,False,False,True,60
H1,m84137_260214_004236_s1/24840167/ccs,1,1,2,12,268,fragmented_noisy,False,False,True,60
H1,m84137_260214_004236_s1/201656223/ccs,1,1,2,12,268,fragmented_noisy,False,False,True,60
H1,m84137_260214_004236_s1/264634820/ccs,1,1,2,12,268,fragmented_noisy,False,False,True,60
H1,m84137_260214_004236_s1/110166443/ccs,1,1,2,12,268,fragmented_noisy,False,False,True,60
H1,m84137_260214_004236_s1/122487975/ccs,1,1,2,12,268,fragmented_noisy,False,False,True,60
H1,m84137_260214_004236_s1/135790773/ccs,1,1,2,12,268,fragmented_noisy,False,False,True,60
H1,m84137_260214_004236_s1/2296100/ccs,1,3,2,12,268,CAA_interrupted,False,True,False,60
H1,m84137_260214_004236_s1/202376432/ccs,1,2,2,12,268,CAA_interrupted,False,True,False,60
H1,m84137_260214_004236_s1/80023722/ccs,1,13,2,13,269,CAA_interrupted,False,True,False,60
H1,m84137_260214_004236_s1/212336748/ccs,1,2,2,12,269,CAA_interrupted,False,True,False,60
H1,m84137_260214_004236_s1/249629939/ccs,1,1,3,12,269,fragmented_noisy,False,False,True,60
H1,m84137_260214_004236_s1/4525167/ccs,1,1,2,12,269,fragmented_noisy,False,False,True,60
H1,m84137_260214_004236_s1/192086480/ccs,1,1,2,12,270,fragmented_noisy,False,False,True,60
H1,m84137_260214_004236_s1/19925720/ccs,1,1,2,12,271,fragmented_noisy,False,False,True,60
H1,m84137_260214_004236_s1/222628608/ccs,1,1,2,12,271,fragmented_noisy,False,False,True,60
H1,m84137_260214_004236_s1/97259308/ccs,1,2,2,12,271,CAA_interrupted,False,True,False,60
H1,m84137_260214_004236_s1/99422763/ccs,1,1,2,12,271,fragmented_noisy,False,False,True,60
H1,m84137_260214_004236_s1/218107296/ccs,1,1,2,12,271,fragmented_noisy,False,False,True,60
H1,m84137_260214_004236_s1/217518111/ccs,1,1,2,12,271,fragmented_noisy,False,False,True,60
H1,m84137_260214_004236_s1/86050297/ccs,1,2,2,12,271,CAA_interrupted,False,True,False,60
H1,m84137_260214_004236_s1/205915285/ccs,1,1,2,13,271,fragmented_noisy,False,False,True,60
H1,m84137_260214_004236_s1/247730601/ccs,1,1,2,12,271,fragmented_noisy,False,False,True,60
H1,m84137_260214_004236_s1/51904977/ccs,1,1,2,12,271,fragmented_noisy,False,False,True,60
H1,m84137_260214_004236_s1/147785492/ccs,1,1,2,12,271,fragmented_noisy,False,False,True,60
H1,m84137_260214_004236_s1/176686266/ccs,1,1,2,12,271,fragmented_noisy,False,False,True,60
H1,m84137_260214_004236_s1/106829647/ccs,1,1,2,12,271,fragmented_noisy,False,False,True,60
H1,m84137_260214_004236_s1/42930539/ccs,1,1,2,12,271,fragmented_noisy,False,False,True,60
H1,m84137_260214_004236_s1/196284785/ccs,1,1,2,12,271,fragmented_noisy,False,False,True,60
H1,m84137_260214_004236_s1/213322757/ccs,1,6,3,12,272,CAA_interrupted,False,True,False,60
H1,m84137_260214_004236_s1/127534761/ccs,1,2,2,12,273,CAA_interrupted,False,True,False,60
H1,m84137_260214_004236_s1/129504884/ccs,1,2,2,12,273,CAA_interrupted,False,True,False,60
H1,m84137_260214_004236_s1/200410448/ccs,1,1,2,12,274,fragmented_noisy,False,False,True,60
H1,m84137_260214_004236_s1/27924264/ccs,1,1,2,12,274,fragmented_noisy,False,False,True,60
H1,m84137_260214_004236_s1/71369790/ccs,1,1,1,12,274,CAA_interrupted,False,True,False,60
H1,m84137_260214_004236_s1/55449488/ccs,1,1,2,12,274,fragmented_noisy,False,False,True,60
H1,m84137_260214_004236_s1/208078366/ccs,1,1,2,12,274,fragmented_noisy,False,False,True,60
H1,m84137_260214_004236_s1/93525321/ccs,1,1,2,12,274,fragmented_noisy,False,False,True,60
H1,m84137_260214_004236_s1/36241879/ccs,1,1,2,12,274,fragmented_noisy,False,False,True,60
H1,m84137_260214_004236_s1/170659429/ccs,1,1,2,12,274,fragmented_noisy,False,False,True,60
H1,m84137_260214_004236_s1/202180114/ccs,1,1,2,12,274,fragmented_noisy,False,False,True,60
H1,m84137_260214_004236_s1/182258448/ccs,1,1,2,12,274,fragmented_noisy,False,False,True,60
H1,m84137_260214_004236_s1/231997726/ccs,1,1,2,12,274,fragmented_noisy,False,False,True,60
H1,m84137_260214_004236_s1/51253480/ccs,1,1,2,12,274,fragmented_noisy,False,False,True,60
H1,m84137_260214_004236_s1/135988489/ccs,1,1,2,12,274,fragmented_noisy,False,False,True,60
H1,m84137_260214_004236_s1/255591533/ccs,1,4,2,11,275,CAA_interrupted,False,True,False,60
H1,m84137_260214_004236_s1/95159073/ccs,1,1,2,12,275,fragmented_noisy,False,False,True,60
H1,m84137_260214_004236_s1/31588605/ccs,1,2,3,12,276,fragmented_noisy,False,False,True,60
H1,m84137_260214_004236_s1/248776177/ccs,1,2,2,12,277,CAA_interrupted,False,True,False,60
H1,m84137_260214_004236_s1/139984935/ccs,1,3,2,12,277,CAA_interrupted,False,True,False,60
H1,m84137_260214_004236_s1/226367007/ccs,1,1,2,12,277,fragmented_noisy,False,False,True,60
H1,m84137_260214_004236_s1/259396447/ccs,1,1,2,12,277,fragmented_noisy,False,False,True,60
H1,m84137_260214_004236_s1/149358576/ccs,1,2,2,12,277,CAA_interrupted,False,True,False,60
H1,m84137_260214_004236_s1/70653543/ccs,1,1,2,12,277,fragmented_noisy,False,False,True,60
H1,m84137_260214_004236_s1/175900655/ccs,1,3,2,12,277,CAA_interrupted,False,True,False,60
H1,m84137_260214_004236_s1/136645230/ccs,1,1,2,12,277,fragmented_noisy,False,False,True,60
H1,m84137_260214_004236_s1/97517751/ccs,1,1,3,13,278,fragmented_noisy,False,False,True,60
H1,m84137_260214_004236_s1/55773683/ccs,1,4,2,12,279,CAA_interrupted,False,True,False,60
H1,m84137_260214_004236_s1/5898744/ccs,1,1,2,12,280,fragmented_noisy,False,False,True,60
H1,m84137_260214_004236_s1/151848780/ccs,1,1,2,12,280,fragmented_noisy,False,False,True,60
H1,m84137_260214_004236_s1/228657724/ccs,1,1,2,12,280,fragmented_noisy,False,False,True,60
H1,m84137_260214_004236_s1/191825574/ccs,1,1,2,12,280,fragmented_noisy,False,False,True,60
H1,m84137_260214_004236_s1/67962097/ccs,1,1,2,12,280,fragmented_noisy,False,False,True,60
H1,m84137_260214_004236_s1/214631406/ccs,1,1,2,12,280,fragmented_noisy,False,False,True,60
H1,m84137_260214_004236_s1/182061009/ccs,1,1,2,12,281,fragmented_noisy,False,False,True,60
H1,m84137_260214_004236_s1/237700405/ccs,1,1,2,12,283,fragmented_noisy,False,False,True,60
H1,m84137_260214_004236_s1/209850769/ccs,1,1,2,12,283,fragmented_noisy,False,False,True,60
H1,m84137_260214_004236_s1/210306724/ccs,1,1,2,12,283,fragmented_noisy,False,False,True,60
H1,m84137_260214_004236_s1/102301922/ccs,1,1,2,12,283,fragmented_noisy,False,False,True,60
H1,m84137_260214_004236_s1/224726198/ccs,1,1,2,12,283,fragmented_noisy,False,False,True,60
H1,m84137_260214_004236_s1/224855079/ccs,1,1,2,12,285,fragmented_noisy,False,False,True,60
H1,m84137_260214_004236_s1/166597609/ccs,1,3,2,12,286,CAA_interrupted,False,True,False,60
H1,m84137_260214_004236_s1/96273784/ccs,1,4,3,13,288,CAA_interrupted,False,True,False,60
H1,m84137_260214_004236_s1/265557155/ccs,1,1,2,12,292,fragmented_noisy,False,False,True,60
H1,m84137_260214_004236_s1/241109075/ccs,1,1,2,12,292,fragmented_noisy,False,False,True,60
H1,m84137_260214_004236_s1/78974894/ccs,1,1,2,13,295,fragmented_noisy,False,False,True,60
H1,m84137_260214_004236_s1/126552328/ccs,1,2,4,13,296,fragmented_noisy,False,False,True,60
H1,m84137_260214_004236_s1/34149804/ccs,1,1,2,12,315,fragmented_noisy,False,False,True,60
H1,m84137_260214_004236_s1/257038192/ccs,1,1,2,12,341,fragmented_noisy,False,False,True,60
H1,m84137_260214_004236_s1/207750403/ccs,1,1,2,12,844,fragmented_noisy,False,False,True,60
H1,m84137_260214_004236_s1/142083520/ccs,1,2,1,7,1080,CAA_interrupted,False,True,False,60
H1,m84137_260214_004236_s1/14815194/ccs,1,100,5,11,330,CAA_interrupted,False,True,False,60
H1,m84137_260214_004236_s1/55115834/ccs,1,89,4,13,273,CAA_interrupted,False,True,False,60
H1,m84137_260214_004236_s1/76615118/ccs,1,90,1,12,277,CAA_interrupted,False,True,False,60
H1,m84137_260214_004236_s1/113316916/ccs,0,84,3,12,198,CAA_interrupted,False,True,False,60
H1,m84137_260214_004236_s1/165347999/ccs,0,81,2,10,194,CAA_interrupted,False,True,False,60
H1,m84137_260214_004236_s1/91491464/ccs,0,85,3,14,197,CAA_interrupted,False,True,False,60
H1,m84137_260214_004236_s1/26677939/ccs,1,108,6,10,269,CAA_interrupted,False,True,False,60
H1,m84137_260214_004236_s1/217191038/ccs,1,65,2,13,267,CAA_interrupted,False,True,False,60
H1,m84137_260214_004236_s1/135991485/ccs,1,93,1,13,270,CAA_interrupted,False,True,False,60
H1,m84137_260214_004236_s1/34018995/ccs,1,66,2,14,269,CAA_interrupted,False,True,False,60
H1,m84137_260214_004236_s1/42340541/ccs,0,1,1,12,186,CAA_interrupted,False,True,False,60
H1,m84137_260214_004236_s1/25494885/ccs,0,7,1,12,191,CAA_interrupted,False,True,False,60
H1,m84137_260214_004236_s1/102106122/ccs,0,1,2,11,192,fragmented_noisy,False,False,True,60
H1,m84137_260214_004236_s1/126484853/ccs,0,1,2,12,192,fragmented_noisy,False,False,True,60
H1,m84137_260214_004236_s1/41681131/ccs,0,2,2,12,193,CAA_interrupted,False,True,False,60
H1,m84137_260214_004236_s1/250545760/ccs,0,1,2,11,193,fragmented_noisy,False,False,True,60
H1,m84137_260214_004236_s1/245826196/ccs,0,6,2,12,195,CAA_interrupted,False,True,False,60
H1,m84137_260214_004236_s1/29628172/ccs,0,2,2,12,195,CAA_interrupted,False,True,False,60
H1,m84137_260214_004236_s1/227086205/ccs,0,2,2,11,195,CAA_interrupted,False,True,False,60
H1,m84137_260214_004236_s1/55445989/ccs,0,1,2,12,196,fragmented_noisy,False,False,True,60
H1,m84137_260214_004236_s1/238552642/ccs,0,1,2,12,196,fragmented_noisy,False,False,True,60
H1,m84137_260214_004236_s1/94113604/ccs,0,1,2,12,196,fragmented_noisy,False,False,True,60
H1,m84137_260214_004236_s1/142344309/ccs,0,4,2,12,196,CAA_interrupted,False,True,False,60
H1,m84137_260214_004236_s1/133499607/ccs,0,1,2,12,196,fragmented_noisy,False,False,True,60
H1,m84137_260214_004236_s1/105842775/ccs,0,1,2,12,196,fragmented_noisy,False,False,True,60
H1,m84137_260214_004236_s1/153748553/ccs,0,2,2,12,196,CAA_interrupted,False,True,False,60
H1,m84137_260214_004236_s1/131667844/ccs,0,1,2,12,196,fragmented_noisy,False,False,True,60
H1,m84137_260214_004236_s1/173999844/ccs,0,1,2,12,196,fragmented_noisy,False,False,True,60
H1,m84137_260214_004236_s1/132716073/ccs,0,6,2,12,196,CAA_interrupted,False,True,False,60
H1,m84137_260214_004236_s1/42078626/ccs,0,2,2,12,196,CAA_interrupted,False,True,False,60
H1,m84137_260214_004236_s1/205129202/ccs,0,3,2,12,196,CAA_interrupted,False,True,False,60
H1,m84137_260214_004236_s1/79891480/ccs,0,1,2,12,196,fragmented_noisy,False,False,True,60
H1,m84137_260214_004236_s1/249367962/ccs,0,2,2,12,196,CAA_interrupted,False,True,False,60
H1,m84137_260214_004236_s1/15929449/ccs,0,2,2,13,196,CAA_interrupted,False,True,False,60
H1,m84137_260214_004236_s1/152439646/ccs,0,1,2,12,196,fragmented_noisy,False,False,True,60
H1,m84137_260214_004236_s1/21957030/ccs,0,10,2,12,196,CAA_interrupted,False,True,False,60
H1,m84137_260214_004236_s1/14158621/ccs,0,1,2,12,196,fragmented_noisy,False,False,True,60
H1,m84137_260214_004236_s1/47974954/ccs,0,1,2,12,196,fragmented_noisy,False,False,True,60
H1,m84137_260214_004236_s1/44041471/ccs,0,1,2,12,196,fragmented_noisy,False,False,True,60
H1,m84137_260214_004236_s1/110760999/ccs,0,1,2,12,196,fragmented_noisy,False,False,True,60
H1,m84137_260214_004236_s1/67045569/ccs,0,1,2,12,196,fragmented_noisy,False,False,True,60
H1,m84137_260214_004236_s1/79497137/ccs,0,1,2,12,196,fragmented_noisy,False,False,True,60
H1,m84137_260214_004236_s1/219677075/ccs,0,2,2,12,196,CAA_interrupted,False,True,False,60
H1,m84137_260214_004236_s1/210504377/ccs,0,1,2,12,196,fragmented_noisy,False,False,True,60
H1,m84137_260214_004236_s1/185009367/ccs,0,4,2,12,196,CAA_interrupted,False,True,False,60
H1,m84137_260214_004236_s1/150144369/ccs,0,5,2,12,196,CAA_interrupted,False,True,False,60
H1,m84137_260214_004236_s1/10488845/ccs,0,1,2,12,196,fragmented_noisy,False,False,True,60
H1,m84137_260214_004236_s1/68752737/ccs,0,2,2,12,198,CAA_interrupted,False,True,False,60
H1,m84137_260214_004236_s1/143591764/ccs,0,5,2,11,199,CAA_interrupted,False,True,False,60
H1,m84137_260214_004236_s1/221188336/ccs,0,11,2,12,199,CAA_interrupted,False,True,False,60
H1,m84137_260214_004236_s1/261953096/ccs,0,2,2,12,199,CAA_interrupted,False,True,False,60
H1,m84137_260214_004236_s1/62657722/ccs,0,7,4,11,200,CAA_interrupted,False,True,False,60
H1,m84137_260214_004236_s1/71307148/ccs,1,1,2,12,262,fragmented_noisy,False,False,True,60
H1,m84137_260214_004236_s1/40043989/ccs,1,4,3,12,264,CAA_interrupted,False,True,False,60
H1,m84137_260214_004236_s1/175965990/ccs,1,16,3,12,265,CAA_interrupted,False,True,False,60
H1,m84137_260214_004236_s1/80481785/ccs,1,1,2,12,265,fragmented_noisy,False,False,True,60
H1,m84137_260214_004236_s1/173477186/ccs,1,1,2,12,265,fragmented_noisy,False,False,True,60
H1,m84137_260214_004236_s1/229575430/ccs,1,2,2,12,265,CAA_interrupted,False,True,False,60
H1,m84137_260214_004236_s1/16646617/ccs,1,1,2,12,265,fragmented_noisy,False,False,True,60
H1,m84137_260214_004236_s1/243141568/ccs,1,1,2,12,265,fragmented_noisy,False,False,True,60
H1,m84137_260214_004236_s1/115736821/ccs,1,1,2,12,265,fragmented_noisy,False,False,True,60
H1,m84137_260214_004236_s1/103878621/ccs,1,1,2,12,266,fragmented_noisy,False,False,True,60
H1,m84137_260214_004236_s1/202509383/ccs,1,1,2,12,268,fragmented_noisy,False,False,True,60
H1,m84137_260214_004236_s1/243272495/ccs,1,1,2,12,268,fragmented_noisy,False,False,True,60
H1,m84137_260214_004236_s1/121374686/ccs,1,1,2,12,268,fragmented_noisy,False,False,True,60
H1,m84137_260214_004236_s1/114166323/ccs,1,1,2,12,268,fragmented_noisy,False,False,True,60
H1,m84137_260214_004236_s1/231145600/ccs,1,1,2,12,268,fragmented_noisy,False,False,True,60
H1,m84137_260214_004236_s1/258212457/ccs,1,1,2,12,268,fragmented_noisy,False,False,True,60
H1,m84137_260214_004236_s1/135926056/ccs,1,1,2,12,268,fragmented_noisy,False,False,True,60
H1,m84137_260214_004236_s1/60556127/ccs,1,1,2,12,268,fragmented_noisy,False,False,True,60
H1,m84137_260214_004236_s1/147652902/ccs,1,1,2,12,268,fragmented_noisy,False,False,True,60
H1,m84137_260214_004236_s1/25497665/ccs,1,3,2,12,268,CAA_interrupted,False,True,False,60
H1,m84137_260214_004236_s1/170135564/ccs,1,1,2,12,268,fragmented_noisy,False,False,True,60
H1,m84137_260214_004236_s1/123012294/ccs,1,1,2,12,268,fragmented_noisy,False,False,True,60
H1,m84137_260214_004236_s1/227934480/ccs,1,1,2,12,268,fragmented_noisy,False,False,True,60
H1,m84137_260214_004236_s1/20316747/ccs,1,1,2,12,268,fragmented_noisy,False,False,True,60
H1,m84137_260214_004236_s1/90507948/ccs,1,1,2,12,268,fragmented_noisy,False,False,True,60
H1,m84137_260214_004236_s1/19859578/ccs,1,2,2,12,268,CAA_interrupted,False,True,False,60
H1,m84137_260214_004236_s1/9962824/ccs,1,1,2,12,268,fragmented_noisy,False,False,True,60
H1,m84137_260214_004236_s1/121242579/ccs,1,1,2,12,268,fragmented_noisy,False,False,True,60
H1,m84137_260214_004236_s1/80351405/ccs,1,1,2,12,268,fragmented_noisy,False,False,True,60
H1,m84137_260214_004236_s1/52497400/ccs,1,1,2,12,268,fragmented_noisy,False,False,True,60
H1,m84137_260214_004236_s1/65278665/ccs,1,1,2,12,268,fragmented_noisy,False,False,True,60
H1,m84137_260214_004236_s1/93066022/ccs,1,4,2,11,268,CAA_interrupted,False,True,False,60
H1,m84137_260214_004236_s1/226887989/ccs,1,1,2,12,268,fragmented_noisy,False,False,True,60
H1,m84137_260214_004236_s1/205588239/ccs,1,1,2,12,268,fragmented_noisy,False,False,True,60
H1,m84137_260214_004236_s1/186057951/ccs,1,2,2,12,268,CAA_interrupted,False,True,False,60
H1,m84137_260214_004236_s1/149815501/ccs,1,1,2,12,268,fragmented_noisy,False,False,True,60
H1,m84137_260214_004236_s1/131532928/ccs,1,1,2,12,268,fragmented_noisy,False,False,True,60
H1,m84137_260214_004236_s1/137889796/ccs,1,1,2,12,268,fragmented_noisy,False,False,True,60
H1,m84137_260214_004236_s1/159319163/ccs,1,1,2,12,268,fragmented_noisy,False,False,True,60
H1,m84137_260214_004236_s1/7081195/ccs,1,2,2,12,269,CAA_interrupted,False,True,False,60
H1,m84137_260214_004236_s1/140905229/ccs,1,2,3,12,270,fragmented_noisy,False,False,True,60
H1,m84137_260214_004236_s1/124849190/ccs,1,12,2,12,270,CAA_interrupted,False,True,False,60
H1,m84137_260214_004236_s1/228264682/ccs,1,7,5,10,271,CAA_interrupted,False,True,False,60
H1,m84137_260214_004236_s1/28378487/ccs,1,1,2,12,271,fragmented_noisy,False,False,True,60
H1,m84137_260214_004236_s1/21760072/ccs,1,1,2,12,271,fragmented_noisy,False,False,True,60
H1,m84137_260214_004236_s1/210829914/ccs,1,1,2,12,271,fragmented_noisy,False,False,True,60
H1,m84137_260214_004236_s1/90440105/ccs,1,1,2,12,271,fragmented_noisy,False,False,True,60
H1,m84137_260214_004236_s1/85918560/ccs,1,1,2,12,271,fragmented_noisy,False,False,True,60
H1,m84137_260214_004236_s1/11604099/ccs,1,2,2,12,271,CAA_interrupted,False,True,False,60
H1,m84137_260214_004236_s1/9112415/ccs,1,2,2,12,271,CAA_interrupted,False,True,False,60
H1,m84137_260214_004236_s1/27918912/ccs,1,1,2,12,271,fragmented_noisy,False,False,True,60
H1,m84137_260214_004236_s1/92209344/ccs,1,1,2,12,271,fragmented_noisy,False,False,True,60
H1,m84137_260214_004236_s1/219811123/ccs,1,1,2,12,271,fragmented_noisy,False,False,True,60
H1,m84137_260214_004236_s1/198578377/ccs,1,1,2,12,271,fragmented_noisy,False,False,True,60
H1,m84137_260214_004236_s1/252908090/ccs,1,1,2,12,271,fragmented_noisy,False,False,True,60
H1,m84137_260214_004236_s1/216994932/ccs,1,1,2,12,271,fragmented_noisy,False,False,True,60
H1,m84137_260214_004236_s1/147656995/ccs,1,1,2,12,271,fragmented_noisy,False,False,True,60
H1,m84137_260214_004236_s1/227606686/ccs,1,1,2,12,271,fragmented_noisy,False,False,True,60
H1,m84137_260214_004236_s1/202834373/ccs,1,1,2,12,271,fragmented_noisy,False,False,True,60
H1,m84137_260214_004236_s1/169673539/ccs,1,1,2,12,271,fragmented_noisy,False,False,True,60
H1,m84137_260214_004236_s1/194773494/ccs,1,1,2,12,271,fragmented_noisy,False,False,True,60
H1,m84137_260214_004236_s1/144376546/ccs,1,1,2,12,271,fragmented_noisy,False,False,True,60
H1,m84137_260214_004236_s1/100731305/ccs,1,1,3,12,272,fragmented_noisy,False,False,True,60
H1,m84137_260214_004236_s1/97846105/ccs,1,1,2,12,273,fragmented_noisy,False,False,True,60
H1,m84137_260214_004236_s1/115802615/ccs,1,1,2,12,273,fragmented_noisy,False,False,True,60
H1,m84137_260214_004236_s1/29754839/ccs,1,5,3,12,273,CAA_interrupted,False,True,False,60
H1,m84137_260214_004236_s1/26149168/ccs,1,1,3,12,273,fragmented_noisy,False,False,True,60
H1,m84137_260214_004236_s1/85528373/ccs,1,2,2,12,273,CAA_interrupted,False,True,False,60
H1,m84137_260214_004236_s1/186385495/ccs,1,1,2,13,274,fragmented_noisy,False,False,True,60
H1,m84137_260214_004236_s1/54528878/ccs,1,3,2,12,274,CAA_interrupted,False,True,False,60
H1,m84137_260214_004236_s1/31394914/ccs,1,2,2,12,274,CAA_interrupted,False,True,False,60
H1,m84137_260214_004236_s1/147394774/ccs,1,1,2,12,274,fragmented_noisy,False,False,True,60
H1,m84137_260214_004236_s1/184686469/ccs,1,1,2,12,274,fragmented_noisy,False,False,True,60
H1,m84137_260214_004236_s1/28705704/ccs,1,1,2,12,274,fragmented_noisy,False,False,True,60
H1,m84137_260214_004236_s1/72943667/ccs,1,1,2,12,274,fragmented_noisy,False,False,True,60
H1,m84137_260214_004236_s1/112395322/ccs,1,1,2,12,274,fragmented_noisy,False,False,True,60
H1,m84137_260214_004236_s1/176427840/ccs,1,1,2,12,274,fragmented_noisy,False,False,True,60
H1,m84137_260214_004236_s1/216141460/ccs,1,2,2,12,274,CAA_interrupted,False,True,False,60
H1,m84137_260214_004236_s1/157417860/ccs,1,1,2,12,274,fragmented_noisy,False,False,True,60
H1,m84137_260214_004236_s1/114955850/ccs,1,1,2,12,274,fragmented_noisy,False,False,True,60
H1,m84137_260214_004236_s1/134810252/ccs,1,4,2,12,274,CAA_interrupted,False,True,False,60
H1,m84137_260214_004236_s1/36898622/ccs,1,1,2,12,274,fragmented_noisy,False,False,True,60
H1,m84137_260214_004236_s1/49681745/ccs,1,2,2,12,274,CAA_interrupted,False,True,False,60
H1,m84137_260214_004236_s1/218696622/ccs,1,3,2,12,274,CAA_interrupted,False,True,False,60
H1,m84137_260214_004236_s1/46993790/ccs,1,1,2,12,274,fragmented_noisy,False,False,True,60
H1,m84137_260214_004236_s1/142872344/ccs,1,1,2,12,274,fragmented_noisy,False,False,True,60
H1,m84137_260214_004236_s1/169414771/ccs,1,1,2,12,274,fragmented_noisy,False,False,True,60
H1,m84137_260214_004236_s1/163055820/ccs,1,2,2,12,274,CAA_interrupted,False,True,False,60
H1,m84137_260214_004236_s1/213583800/ccs,1,1,3,12,274,fragmented_noisy,False,False,True,60
H1,m84137_260214_004236_s1/160563932/ccs,1,1,2,12,274,fragmented_noisy,False,False,True,60
H1,m84137_260214_004236_s1/215484037/ccs,1,1,2,12,274,fragmented_noisy,False,False,True,60
H1,m84137_260214_004236_s1/221514308/ccs,1,2,2,12,274,CAA_interrupted,False,True,False,60
H1,m84137_260214_004236_s1/165283876/ccs,1,3,3,12,275,CAA_interrupted,False,True,False,60
H1,m84137_260214_004236_s1/3016697/ccs,1,2,2,12,277,CAA_interrupted,False,True,False,60
H1,m84137_260214_004236_s1/27398405/ccs,1,5,2,12,277,CAA_interrupted,False,True,False,60
H1,m84137_260214_004236_s1/177997498/ccs,1,1,2,12,277,fragmented_noisy,False,False,True,60
H1,m84137_260214_004236_s1/158140653/ccs,1,1,2,12,277,fragmented_noisy,False,False,True,60
H1,m84137_260214_004236_s1/245634505/ccs,1,1,2,12,277,fragmented_noisy,False,False,True,60
H1,m84137_260214_004236_s1/56036325/ccs,1,1,2,12,277,fragmented_noisy,False,False,True,60
H1,m84137_260214_004236_s1/33426129/ccs,1,1,2,12,277,fragmented_noisy,False,False,True,60
H1,m84137_260214_004236_s1/153619070/ccs,1,1,2,12,277,fragmented_noisy,False,False,True,60
H1,m84137_260214_004236_s1/102171783/ccs,1,1,2,12,277,fragmented_noisy,False,False,True,60
H1,m84137_260214_004236_s1/253235517/ccs,1,21,2,12,277,CAA_interrupted,False,True,False,60
H1,m84137_260214_004236_s1/74581365/ccs,1,1,2,12,277,fragmented_noisy,False,False,True,60
H1,m84137_260214_004236_s1/89985393/ccs,1,1,2,12,277,fragmented_noisy,False,False,True,60
H1,m84137_260214_004236_s1/29361070/ccs,1,1,5,12,277,fragmented_noisy,False,False,True,60
H1,m84137_260214_004236_s1/246285285/ccs,1,1,2,12,277,fragmented_noisy,False,False,True,60
H1,m84137_260214_004236_s1/224069560/ccs,1,1,2,12,277,fragmented_noisy,False,False,True,60
H1,m84137_260214_004236_s1/115279183/ccs,1,1,2,12,277,fragmented_noisy,False,False,True,60
H1,m84137_260214_004236_s1/159517547/ccs,1,1,2,12,277,fragmented_noisy,False,False,True,60
H1,m84137_260214_004236_s1/58001187/ccs,1,1,3,12,278,fragmented_noisy,False,False,True,60
H1,m84137_260214_004236_s1/246549615/ccs,1,1,2,12,278,fragmented_noisy,False,False,True,60
H1,m84137_260214_004236_s1/248055668/ccs,1,6,4,12,278,CAA_interrupted,False,True,False,60
H1,m84137_260214_004236_s1/127796077/ccs,1,1,3,12,279,fragmented_noisy,False,False,True,60
H1,m84137_260214_004236_s1/144179296/ccs,1,1,2,12,279,fragmented_noisy,False,False,True,60
H1,m84137_260214_004236_s1/259916217/ccs,1,1,3,12,279,fragmented_noisy,False,False,True,60
H1,m84137_260214_004236_s1/138807717/ccs,1,1,2,12,280,fragmented_noisy,False,False,True,60
H1,m84137_260214_004236_s1/208736082/ccs,1,1,2,12,280,fragmented_noisy,False,False,True,60
H1,m84137_260214_004236_s1/250940119/ccs,1,3,2,13,280,CAA_interrupted,False,True,False,60
H1,m84137_260214_004236_s1/48107367/ccs,1,1,2,11,281,fragmented_noisy,False,False,True,60
H1,m84137_260214_004236_s1/122228535/ccs,1,2,3,12,281,fragmented_noisy,False,False,True,60
H1,m84137_260214_004236_s1/85396443/ccs,1,1,3,12,281,fragmented_noisy,False,False,True,60
H1,m84137_260214_004236_s1/169019635/ccs,1,2,2,12,283,CAA_interrupted,False,True,False,60
H1,m84137_260214_004236_s1/262932707/ccs,1,1,2,12,283,fragmented_noisy,False,False,True,60
H1,m84137_260214_004236_s1/170919416/ccs,1,2,2,12,284,CAA_interrupted,False,True,False,60
H1,m84137_260214_004236_s1/114032910/ccs,1,1,2,12,284,fragmented_noisy,False,False,True,60
H1,m84137_260214_004236_s1/54658940/ccs,1,3,2,12,288,CAA_interrupted,False,True,False,60
H1,m84137_260214_004236_s1/101123072/ccs,1,1,2,12,289,fragmented_noisy,False,False,True,60
H1,m84137_260214_004236_s1/257556669/ccs,1,1,2,12,292,fragmented_noisy,False,False,True,60
H1,m84137_260214_004236_s1/96671436/ccs,1,1,2,12,292,fragmented_noisy,False,False,True,60
H1,m84137_260214_004236_s1/221776574/ccs,1,9,5,12,294,CAA_interrupted,False,True,False,60
H1,m84137_260214_004236_s1/46338104/ccs,1,1,2,12,295,fragmented_noisy,False,False,True,60
H1,m84137_260214_004236_s1/255265395/ccs,1,1,2,12,295,fragmented_noisy,False,False,True,60
H1,m84137_260214_004236_s1/202441886/ccs,1,1,2,12,301,fragmented_noisy,False,False,True,60
H1,m84137_260214_004236_s1/113577497/ccs,1,3,2,12,304,CAA_interrupted,False,True,False,60
H1,m84137_260214_004236_s1/54529664/ccs,1,1,2,12,313,fragmented_noisy,False,False,True,60
H1,m84137_260214_004236_s1/85524946/ccs,1,1,2,12,346,fragmented_noisy,False,False,True,60
H1,m84137_260214_004236_s1/153884483/ccs,1,1,2,12,346,fragmented_noisy,False,False,True,60
H1,m84137_260214_004236_s1/78709776/ccs,1,1,2,12,390,fragmented_noisy,False,False,True,60
H1,m84137_260214_004236_s1/27657538/ccs,1,1,2,12,394,fragmented_noisy,False,False,True,60
H1,m84137_260214_004236_s1/139198596/ccs,1,1,2,12,445,fragmented_noisy,False,False,True,60
H1,m84137_260214_004236_s1/144575666/ccs,1,1,2,14,457,fragmented_noisy,False,False,True,60
H1,m84137_260214_004236_s1/3801430/ccs,1,1,10,13,540,fragmented_noisy,False,False,True,60
H1,m84137_260214_004236_s1/179175680/ccs,1,1,2,13,658,fragmented_noisy,False,False,True,60
H1,m84137_260214_004236_s1/244846053/ccs,1,83,4,11,282,CAA_interrupted,False,True,False,60
H1,m84137_260214_004236_s1/193924699/ccs,0,82,3,12,198,CAA_interrupted,False,True,False,60
H1,m84137_260214_004236_s1/24707220/ccs,1,97,1,10,274,CAA_interrupted,False,True,False,60
H1,m84137_260214_004236_s1/24973954/ccs,1,67,3,13,263,CAA_interrupted,False,True,False,60
H1,m84137_260214_004236_s1/66456893/ccs,1,99,6,10,297,CAA_interrupted,False,True,False,60
H1,m84137_260214_004236_s1/180818806/ccs,0,93,3,13,200,CAA_interrupted,False,True,False,60
H1,m84137_260214_004236_s1/28448361/ccs,1,109,2,10,267,CAA_interrupted,False,True,False,60
H1,m84137_260214_004236_s1/210373844/ccs,1,86,3,11,272,CAA_interrupted,False,True,False,60
H1,m84137_260214_004236_s1/62455949/ccs,1,151,3,11,273,CAA_interrupted,False,True,False,60
H1,m84137_260214_004236_s1/211618343/ccs,1,85,4,12,281,CAA_interrupted,False,True,False,60
H1,m84137_260214_004236_s1/148245751/ccs,0,1,2,12,196,fragmented_noisy,False,False,True,60
H1,m84137_260214_004236_s1/187569136/ccs,0,2,2,12,196,CAA_interrupted,False,True,False,60
H1,m84137_260214_004236_s1/243468587/ccs,0,1,2,13,196,fragmented_noisy,False,False,True,60
H1,m84137_260214_004236_s1/81199930/ccs,0,1,3,12,197,fragmented_noisy,False,False,True,60
H1,m84137_260214_004236_s1/130089564/ccs,1,1,3,12,263,fragmented_noisy,False,False,True,60
H1,m84137_260214_004236_s1/250678192/ccs,1,1,2,12,265,fragmented_noisy,False,False,True,60
H1,m84137_260214_004236_s1/98305599/ccs,1,2,2,12,268,CAA_interrupted,False,True,False,60
H1,m84137_260214_004236_s1/241304137/ccs,1,1,2,12,269,fragmented_noisy,False,False,True,60
H1,m84137_260214_004236_s1/257426610/ccs,1,1,2,12,274,fragmented_noisy,False,False,True,60
H1,m84137_260214_004236_s1/236258827/ccs,1,2,2,12,277,CAA_interrupted,False,True,False,60
H1,m84137_260214_004236_s1/3671239/ccs,0,110,2,13,197,CAA_interrupted,False,True,False,60
H1,m84137_260214_004236_s1/238027421/ccs,1,93,3,11,273,CAA_interrupted,False,True,False,60
H1,m84137_260214_004236_s1/133895356/ccs,0,74,3,8,193,CAA_interrupted,False,True,False,60
H1,m84137_260214_004236_s1/220924998/ccs,1,72,3,14,271,CAA_interrupted,False,True,False,60
H1,m84137_260214_004236_s1/133629481/ccs,1,117,3,9,270,CAA_interrupted,False,True,False,60
H1,m84137_260214_004236_s1/81726905/ccs,1,74,2,15,273,CAA_interrupted,False,True,False,60
H1,m84137_260214_004236_s1/176691003/ccs,1,74,2,10,266,CAA_interrupted,False,True,False,60
H1,m84137_260214_004236_s1/189076938/ccs,1,85,3,10,273,CAA_interrupted,False,True,False,60
H1,m84137_260214_004236_s1/138809261/ccs,0,87,2,13,197,CAA_interrupted,False,True,False,60
H1,m84137_260214_004236_s1/130158962/ccs,0,125,2,11,194,CAA_interrupted,False,True,False,60
H1,m84137_260214_004236_s1/140054346/ccs,1,100,2,13,262,CAA_interrupted,False,True,False,60
H1,m84137_260214_004236_s1/211615945/ccs,0,5,2,12,190,CAA_interrupted,False,True,False,60
H1,m84137_260214_004236_s1/104007862/ccs,0,11,1,12,194,CAA_interrupted,False,True,False,60
H1,m84137_260214_004236_s1/131203974/ccs,0,1,2,12,196,fragmented_noisy,False,False,True,60
H1,m84137_260214_004236_s1/138152378/ccs,0,1,2,12,196,fragmented_noisy,False,False,True,60
H1,m84137_260214_004236_s1/142347398/ccs,0,1,2,12,196,fragmented_noisy,False,False,True,60
H1,m84137_260214_004236_s1/28049760/ccs,0,2,2,11,196,CAA_interrupted,False,True,False,60
H1,m84137_260214_004236_s1/60621943/ccs,0,2,2,12,197,CAA_interrupted,False,True,False,60
H1,m84137_260214_004236_s1/103743936/ccs,1,4,2,12,272,CAA_interrupted,False,True,False,60
H1,m84137_260214_004236_s1/52168236/ccs,1,2,4,12,279,fragmented_noisy,False,False,True,60
H1,m84137_260214_004236_s1/214046295/ccs,1,131,3,13,270,CAA_interrupted,False,True,False,60
H1,m84137_260214_004236_s1/21235525/ccs,1,8,4,13,277,CAA_interrupted,False,True,False,60
H1,m84137_260214_004236_s1/140968052/ccs,0,84,4,12,194,CAA_interrupted,False,True,False,60
H1,m84137_260214_004236_s1/118948087/ccs,1,90,2,9,268,CAA_interrupted,False,True,False,60
H1,m84137_260214_004236_s1/6099556/ccs,0,60,2,9,192,CAA_interrupted,False,True,False,60
H1,m84137_260214_004236_s1/233116200/ccs,0,101,2,10,194,CAA_interrupted,False,True,False,60
H1,m84137_260214_004236_s1/217581519/ccs,0,94,3,9,197,CAA_interrupted,False,True,False,60
H1,m84137_260214_004236_s1/180880903/ccs,0,108,4,12,193,CAA_interrupted,False,True,False,60
H1,m84137_260214_004236_s1/134481370/ccs,0,92,2,10,194,CAA_interrupted,False,True,False,60
H1,m84137_260214_004236_s1/262673765/ccs,0,75,3,12,195,CAA_interrupted,False,True,False,60
H1,m84137_260214_004236_s1/67047853/ccs,1,79,2,12,268,CAA_interrupted,False,True,False,60
H1,m84137_260214_004236_s1/251663037/ccs,1,94,3,12,269,CAA_interrupted,False,True,False,60
H1,m84137_260214_004236_s1/16454007/ccs,0,45,2,13,196,CAA_interrupted,False,True,False,60
H1,m84137_260214_004236_s1/169743002/ccs,0,11,5,11,202,CAA_interrupted,False,True,False,60
H1,m84137_260214_004236_s1/79628726/ccs,0,23,2,11,203,CAA_interrupted,False,True,False,60
H1,m84137_260214_004236_s1/220922641/ccs,0,11,4,13,206,CAA_interrupted,False,True,False,60
H1,m84137_260214_004236_s1/149096674/ccs,0,83,3,10,195,CAA_interrupted,False,True,False,60
H1,m84137_260214_004236_s1/143983967/ccs,1,85,5,13,288,CAA_interrupted,False,True,False,60
H1,m84137_260214_004236_s1/60557951/ccs,0,19,5,12,202,CAA_interrupted,False,True,False,60
H1,m84137_260214_004236_s1/88347683/ccs,1,71,7,11,310,CAA_interrupted,False,True,False,60
H1,m84137_260214_004236_s1/217517150/ccs,0,70,4,12,203,CAA_interrupted,False,True,False,60
H1,m84137_260214_004236_s1/23461955/ccs,1,85,3,12,282,CAA_interrupted,False,True,False,60
H1,m84137_260214_004236_s1/232657864/ccs,1,109,5,8,272,CAA_interrupted,False,True,False,60
H1,m84137_260214_004236_s1/51642455/ccs,1,104,2,10,278,CAA_interrupted,False,True,False,60
H1,m84137_260214_004236_s1/8065739/ccs,1,463,3,12,271,CAA_interrupted,False,True,False,60
H1,m84137_260214_004236_s1/168761067/ccs,1,134,3,13,274,CAA_interrupted,False,True,False,60
H1,m84137_260214_004236_s1/12977343/ccs,1,11,7,12,299,CAA_interrupted,False,True,False,60
H1,m84137_260214_004236_s1/33165736/ccs,1,106,2,11,274,CAA_interrupted,False,True,False,60
H1,m84137_260214_004236_s1/197858916/ccs,1,77,1,12,293,CAA_interrupted,False,True,False,60
H3,m84137_260214_004236_s1/73401810/ccs,1,85,3,14,309,CAA_interrupted,False,True,False,60
H3,m84137_260214_004236_s1/23791630/ccs,1,85,5,11,313,CAA_interrupted,False,True,False,60
H3,m84137_260214_004236_s1/241568636/ccs,0,106,2,9,184,CAA_interrupted,False,True,False,60
H3,m84137_260214_004236_s1/166266081/ccs,0,108,1,10,185,CAA_interrupted,False,True,False,60
H3,m84137_260214_004236_s1/146281875/ccs,1,91,5,13,305,CAA_interrupted,False,True,False,60
H3,m84137_260214_004236_s1/247072969/ccs,0,117,1,13,187,CAA_interrupted,False,True,False,60
H3,m84137_260214_004236_s1/218040069/ccs,1,85,5,11,306,CAA_interrupted,False,True,False,60
H3,m84137_260214_004236_s1/191040490/ccs,1,99,6,10,303,CAA_interrupted,False,True,False,60
H3,m84137_260214_004236_s1/48890556/ccs,1,131,5,14,296,CAA_interrupted,False,True,False,60
H3,m84137_260214_004236_s1/91425604/ccs,0,63,2,10,188,CAA_interrupted,False,True,False,60
H3,m84137_260214_004236_s1/254415485/ccs,0,3,2,13,186,CAA_interrupted,False,True,False,60
H3,m84137_260214_004236_s1/99095255/ccs,1,180,3,14,321,CAA_interrupted,False,True,False,60
H3,m84137_260214_004236_s1/2097690/ccs,1,49,35,19,3068,CAA_interrupted,False,True,False,60
H3,m84137_260214_004236_s1/95686302/ccs,0,82,3,11,192,CAA_interrupted,False,True,False,60
H3,m84137_260214_004236_s1/22481974/ccs,1,108,4,11,319,CAA_interrupted,False,True,False,60
H3,m84137_260214_004236_s1/169809764/ccs,1,99,4,13,320,CAA_interrupted,False,True,False,60
H3,m84137_260214_004236_s1/82051943/ccs,1,98,4,16,313,CAA_interrupted,False,True,False,60
H3,m84137_260214_004236_s1/150342062/ccs,1,112,4,10,366,CAA_interrupted,False,True,False,60
H3,m84137_260214_004236_s1/121768635/ccs,1,11,2,12,306,CAA_interrupted,False,True,False,60
H3,m84137_260214_004236_s1/237175291/ccs,1,139,5,13,318,CAA_interrupted,False,True,False,60
H3,m84137_260214_004236_s1/256443416/ccs,1,66,4,13,305,CAA_interrupted,False,True,False,60
H3,m84137_260214_004236_s1/90835560/ccs,1,94,6,11,328,CAA_interrupted,False,True,False,60
H3,m84137_260214_004236_s1/6491893/ccs,1,64,5,11,322,CAA_interrupted,False,True,False,60
H3,m84137_260214_004236_s1/3015164/ccs,1,79,4,12,313,CAA_interrupted,False,True,False,60
H3,m84137_260214_004236_s1/133431570/ccs,1,74,4,12,303,CAA_interrupted,False,True,False,60
H3,m84137_260214_004236_s1/31721716/ccs,1,116,4,14,312,CAA_interrupted,False,True,False,60
H3,m84137_260214_004236_s1/195825563/ccs,1,92,3,11,318,CAA_interrupted,False,True,False,60
H3,m84137_260214_004236_s1/5636598/ccs,1,21,2,10,309,CAA_interrupted,False,True,False,60
H3,m84137_260214_004236_s1/23397850/ccs,1,109,2,11,297,CAA_interrupted,False,True,False,60
H3,m84137_260214_004236_s1/238814623/ccs,0,3,2,12,187,CAA_interrupted,False,True,False,60
H3,m84137_260214_004236_s1/63705161/ccs,0,2,2,12,187,CAA_interrupted,False,True,False,60
H3,m84137_260214_004236_s1/92604325/ccs,1,5,1,12,283,CAA_interrupted,False,True,False,60
H3,m84137_260214_004236_s1/105713116/ccs,1,6,2,13,389,CAA_interrupted,False,True,False,60
H3,m84137_260214_004236_s1/263981381/ccs,0,60,1,8,188,CAA_interrupted,False,True,False,60
H3,m84137_260214_004236_s1/67307854/ccs,1,107,7,12,319,CAA_interrupted,False,True,False,60
H3,m84137_260214_004236_s1/63968787/ccs,0,165,2,12,184,CAA_interrupted,False,True,False,60
H3,m84137_260214_004236_s1/93783117/ccs,1,190,5,10,314,CAA_interrupted,False,True,False,60
H3,m84137_260214_004236_s1/45353303/ccs,1,75,3,9,313,CAA_interrupted,False,True,False,60
H3,m84137_260214_004236_s1/4852462/ccs,0,95,3,12,191,CAA_interrupted,False,True,False,60
H3,m84137_260214_004236_s1/134611907/ccs,1,103,4,14,302,CAA_interrupted,False,True,False,60
H3,m84137_260214_004236_s1/111151212/ccs,1,100,5,9,309,CAA_interrupted,False,True,False,60
H3,m84137_260214_004236_s1/193528650/ccs,1,74,3,11,295,CAA_interrupted,False,True,False,60
H3,m84137_260214_004236_s1/55250196/ccs,1,102,2,13,302,CAA_interrupted,False,True,False,60
H3,m84137_260214_004236_s1/88673887/ccs,0,9,1,11,183,CAA_interrupted,False,True,False,60
H3,m84137_260214_004236_s1/138611555/ccs,0,3,2,11,185,CAA_interrupted,False,True,False,60
H3,m84137_260214_004236_s1/99682434/ccs,0,8,2,12,187,CAA_interrupted,False,True,False,60
H3,m84137_260214_004236_s1/19139528/ccs,0,4,2,12,187,CAA_interrupted,False,True,False,60
H3,m84137_260214_004236_s1/29754227/ccs,1,4,1,11,295,CAA_interrupted,False,True,False,60
H3,m84137_260214_004236_s1/82576222/ccs,1,1,2,12,298,fragmented_noisy,False,False,True,60
H3,m84137_260214_004236_s1/124060981/ccs,1,4,2,11,324,CAA_interrupted,False,True,False,60
H3,m84137_260214_004236_s1/85594730/ccs,0,99,3,10,192,CAA_interrupted,False,True,False,60
H3,m84137_260214_004236_s1/44239220/ccs,1,73,5,13,305,CAA_interrupted,False,True,False,60
H3,m84137_260214_004236_s1/71243245/ccs,1,59,6,12,310,CAA_interrupted,False,True,False,60
H3,m84137_260214_004236_s1/225772416/ccs,1,76,7,12,312,CAA_interrupted,False,True,False,60
H3,m84137_260214_004236_s1/75433019/ccs,1,159,5,11,304,CAA_interrupted,False,True,False,60
H3,m84137_260214_004236_s1/44634773/ccs,1,110,6,12,320,CAA_interrupted,False,True,False,60
H3,m84137_260214_004236_s1/251925193/ccs,0,1,2,12,181,fragmented_noisy,False,False,True,60
H3,m84137_260214_004236_s1/263722356/ccs,0,1,2,12,184,fragmented_noisy,False,False,True,60
H3,m84137_260214_004236_s1/21497553/ccs,0,1,3,12,184,fragmented_noisy,False,False,True,60
H3,m84137_260214_004236_s1/212601112/ccs,0,1,2,12,186,fragmented_noisy,False,False,True,60
H3,m84137_260214_004236_s1/193333932/ccs,0,1,2,12,187,fragmented_noisy,False,False,True,60
H3,m84137_260214_004236_s1/223019936/ccs,0,3,2,12,187,CAA_interrupted,False,True,False,60
H3,m84137_260214_004236_s1/45418717/ccs,0,2,2,12,187,CAA_interrupted,False,True,False,60
H3,m84137_260214_004236_s1/68552586/ccs,0,2,2,12,187,CAA_interrupted,False,True,False,60
H3,m84137_260214_004236_s1/72094051/ccs,0,1,2,12,187,fragmented_noisy,False,False,True,60
H3,m84137_260214_004236_s1/216270416/ccs,0,1,2,12,187,fragmented_noisy,False,False,True,60
H3,m84137_260214_004236_s1/213522211/ccs,0,1,2,12,187,fragmented_noisy,False,False,True,60
H3,m84137_260214_004236_s1/262933956/ccs,0,1,2,12,187,fragmented_noisy,False,False,True,60
H3,m84137_260214_004236_s1/204669835/ccs,0,1,2,12,187,fragmented_noisy,False,False,True,60
H3,m84137_260214_004236_s1/214500444/ccs,0,1,2,12,187,fragmented_noisy,False,False,True,60
H3,m84137_260214_004236_s1/96011585/ccs,0,1,2,12,187,fragmented_noisy,False,False,True,60
H3,m84137_260214_004236_s1/99026284/ccs,0,1,2,12,187,fragmented_noisy,False,False,True,60
H3,m84137_260214_004236_s1/134283998/ccs,0,1,2,12,187,fragmented_noisy,False,False,True,60
H3,m84137_260214_004236_s1/199820342/ccs,0,1,2,12,187,fragmented_noisy,False,False,True,60
H3,m84137_260214_004236_s1/5963939/ccs,0,1,2,12,187,fragmented_noisy,False,False,True,60
H3,m84137_260214_004236_s1/32049614/ccs,0,1,2,12,187,fragmented_noisy,False,False,True,60
H3,m84137_260214_004236_s1/163184988/ccs,0,1,2,12,187,fragmented_noisy,False,False,True,60
H3,m84137_260214_004236_s1/179570197/ccs,0,3,2,12,187,CAA_interrupted,False,True,False,60
H3,m84137_260214_004236_s1/209259197/ccs,0,3,2,12,187,CAA_interrupted,False,True,False,60
H3,m84137_260214_004236_s1/147916060/ccs,0,2,2,12,187,CAA_interrupted,False,True,False,60
H3,m84137_260214_004236_s1/17174881/ccs,0,1,2,12,187,fragmented_noisy,False,False,True,60
H3,m84137_260214_004236_s1/145818457/ccs,0,1,2,12,187,fragmented_noisy,False,False,True,60
H3,m84137_260214_004236_s1/78448112/ccs,0,1,2,12,187,fragmented_noisy,False,False,True,60
H3,m84137_260214_004236_s1/98764328/ccs,0,1,2,12,187,fragmented_noisy,False,False,True,60
H3,m84137_260214_004236_s1/216078017/ccs,0,2,2,12,187,CAA_interrupted,False,True,False,60
H3,m84137_260214_004236_s1/220336307/ccs,0,1,2,12,187,fragmented_noisy,False,False,True,60
H3,m84137_260214_004236_s1/209850055/ccs,0,1,2,12,187,fragmented_noisy,False,False,True,60
H3,m84137_260214_004236_s1/173802109/ccs,0,1,2,12,187,fragmented_noisy,False,False,True,60
H3,m84137_260214_004236_s1/176359347/ccs,0,1,2,12,187,fragmented_noisy,False,False,True,60
H3,m84137_260214_004236_s1/193333535/ccs,0,1,2,12,187,fragmented_noisy,False,False,True,60
H3,m84137_260214_004236_s1/48041539/ccs,0,1,2,12,187,fragmented_noisy,False,False,True,60
H3,m84137_260214_004236_s1/118559005/ccs,0,1,2,12,187,fragmented_noisy,False,False,True,60
H3,m84137_260214_004236_s1/3542085/ccs,0,1,2,12,187,fragmented_noisy,False,False,True,60
H3,m84137_260214_004236_s1/149098527/ccs,0,4,2,12,187,CAA_interrupted,False,True,False,60
H3,m84137_260214_004236_s1/192348633/ccs,0,2,2,12,188,CAA_interrupted,False,True,False,60
H3,m84137_260214_004236_s1/179832018/ccs,0,7,2,13,188,CAA_interrupted,False,True,False,60
H3,m84137_260214_004236_s1/134284941/ccs,0,4,3,12,188,CAA_interrupted,False,True,False,60
H3,m84137_260214_004236_s1/122028295/ccs,0,2,2,12,190,CAA_interrupted,False,True,False,60
H3,m84137_260214_004236_s1/182849932/ccs,0,2,2,12,190,CAA_interrupted,False,True,False,60
H3,m84137_260214_004236_s1/180093618/ccs,0,1,2,13,190,fragmented_noisy,False,False,True,60
H3,m84137_260214_004236_s1/238356709/ccs,0,1,2,12,190,fragmented_noisy,False,False,True,60
H3,m84137_260214_004236_s1/134351866/ccs,0,3,2,14,194,CAA_interrupted,False,True,False,60
H3,m84137_260214_004236_s1/195821875/ccs,1,2,3,12,284,fragmented_noisy,False,False,True,60
H3,m84137_260214_004236_s1/210769771/ccs,1,1,2,12,295,fragmented_noisy,False,False,True,60
H3,m84137_260214_004236_s1/245172464/ccs,1,1,2,12,295,fragmented_noisy,False,False,True,60
H3,m84137_260214_004236_s1/27852949/ccs,1,2,2,13,297,CAA_interrupted,False,True,False,60
H3,m84137_260214_004236_s1/97718585/ccs,1,1,2,12,298,fragmented_noisy,False,False,True,60
H3,m84137_260214_004236_s1/262344064/ccs,1,2,2,12,298,CAA_interrupted,False,True,False,60
H3,m84137_260214_004236_s1/198378060/ccs,1,1,2,13,298,fragmented_noisy,False,False,True,60
H3,m84137_260214_004236_s1/143983218/ccs,1,1,2,12,298,fragmented_noisy,False,False,True,60
H3,m84137_260214_004236_s1/151782396/ccs,1,4,2,12,298,CAA_interrupted,False,True,False,60
H3,m84137_260214_004236_s1/228066312/ccs,1,3,2,12,298,CAA_interrupted,False,True,False,60
H3,m84137_260214_004236_s1/69080195/ccs,1,1,2,12,298,fragmented_noisy,False,False,True,60
H3,m84137_260214_004236_s1/28903921/ccs,1,2,2,12,301,CAA_interrupted,False,True,False,60
H3,m84137_260214_004236_s1/85393666/ccs,1,1,2,12,301,fragmented_noisy,False,False,True,60
H3,m84137_260214_004236_s1/49156763/ccs,1,1,2,12,301,fragmented_noisy,False,False,True,60
H3,m84137_260214_004236_s1/57544573/ccs,1,1,2,12,301,fragmented_noisy,False,False,True,60
H3,m84137_260214_004236_s1/189728938/ccs,1,1,2,12,301,fragmented_noisy,False,False,True,60
H3,m84137_260214_004236_s1/183437325/ccs,1,1,2,12,301,fragmented_noisy,False,False,True,60
H3,m84137_260214_004236_s1/19862810/ccs,1,1,5,12,301,fragmented_noisy,False,False,True,60
H3,m84137_260214_004236_s1/158799648/ccs,1,1,2,12,301,fragmented_noisy,False,False,True,60
H3,m84137_260214_004236_s1/235735598/ccs,1,3,2,12,301,CAA_interrupted,False,True,False,60
H3,m84137_260214_004236_s1/176098164/ccs,1,1,2,12,302,fragmented_noisy,False,False,True,60
H3,m84137_260214_004236_s1/79432680/ccs,1,6,2,12,303,CAA_interrupted,False,True,False,60
H3,m84137_260214_004236_s1/240715012/ccs,1,1,2,12,304,fragmented_noisy,False,False,True,60
H3,m84137_260214_004236_s1/27858272/ccs,1,1,2,12,304,fragmented_noisy,False,False,True,60
H3,m84137_260214_004236_s1/8915910/ccs,1,1,2,12,304,fragmented_noisy,False,False,True,60
H3,m84137_260214_004236_s1/69537529/ccs,1,1,2,12,304,fragmented_noisy,False,False,True,60
H3,m84137_260214_004236_s1/60953100/ccs,1,1,2,12,304,fragmented_noisy,False,False,True,60
H3,m84137_260214_004236_s1/99813753/ccs,1,16,2,12,304,CAA_interrupted,False,True,False,60
H3,m84137_260214_004236_s1/5832890/ccs,1,1,3,12,304,fragmented_noisy,False,False,True,60
H3,m84137_260214_004236_s1/163121397/ccs,1,1,2,12,305,fragmented_noisy,False,False,True,60
H3,m84137_260214_004236_s1/122094743/ccs,1,9,2,12,307,CAA_interrupted,False,True,False,60
H3,m84137_260214_004236_s1/141427762/ccs,1,2,2,12,307,CAA_interrupted,False,True,False,60
H3,m84137_260214_004236_s1/27921114/ccs,1,1,2,12,307,fragmented_noisy,False,False,True,60
H3,m84137_260214_004236_s1/119080409/ccs,1,3,2,12,307,CAA_interrupted,False,True,False,60
H3,m84137_260214_004236_s1/108331114/ccs,1,1,2,12,307,fragmented_noisy,False,False,True,60
H3,m84137_260214_004236_s1/39389482/ccs,1,1,2,12,308,fragmented_noisy,False,False,True,60
H3,m84137_260214_004236_s1/264307431/ccs,1,11,2,12,308,CAA_interrupted,False,True,False,60
H3,m84137_260214_004236_s1/188809452/ccs,1,1,2,12,310,fragmented_noisy,False,False,True,60
H3,m84137_260214_004236_s1/219611974/ccs,1,1,2,13,310,fragmented_noisy,False,False,True,60
H3,m84137_260214_004236_s1/82184204/ccs,1,1,2,12,310,fragmented_noisy,False,False,True,60
H3,m84137_260214_004236_s1/115018753/ccs,1,1,2,12,310,fragmented_noisy,False,False,True,60
H3,m84137_260214_004236_s1/149815814/ccs,1,2,2,12,310,CAA_interrupted,False,True,False,60
H3,m84137_260214_004236_s1/33756858/ccs,1,1,2,12,310,fragmented_noisy,False,False,True,60
H3,m84137_260214_004236_s1/218562922/ccs,1,1,3,13,311,fragmented_noisy,False,False,True,60
H3,m84137_260214_004236_s1/210637471/ccs,1,3,2,12,311,CAA_interrupted,False,True,False,60
H3,m84137_260214_004236_s1/150013122/ccs,1,2,2,12,311,CAA_interrupted,False,True,False,60
H3,m84137_260214_004236_s1/148834804/ccs,1,1,3,12,311,fragmented_noisy,False,False,True,60
H3,m84137_260214_004236_s1/96209443/ccs,1,2,2,12,312,CAA_interrupted,False,True,False,60
H3,m84137_260214_004236_s1/50071590/ccs,1,1,2,12,313,fragmented_noisy,False,False,True,60
H3,m84137_260214_004236_s1/78123581/ccs,1,3,2,12,313,CAA_interrupted,False,True,False,60
H3,m84137_260214_004236_s1/89593210/ccs,1,1,2,12,313,fragmented_noisy,False,False,True,60
H3,m84137_260214_004236_s1/121835408/ccs,1,1,2,12,313,fragmented_noisy,False,False,True,60
H3,m84137_260214_004236_s1/79300620/ccs,1,1,2,12,313,fragmented_noisy,False,False,True,60
H3,m84137_260214_004236_s1/86770354/ccs,1,1,2,12,313,fragmented_noisy,False,False,True,60
H3,m84137_260214_004236_s1/168562679/ccs,1,1,2,12,313,fragmented_noisy,False,False,True,60
H3,m84137_260214_004236_s1/11212208/ccs,1,1,2,12,313,fragmented_noisy,False,False,True,60
H3,m84137_260214_004236_s1/166069676/ccs,1,2,2,12,313,CAA_interrupted,False,True,False,60
H3,m84137_260214_004236_s1/172950616/ccs,1,1,2,12,313,fragmented_noisy,False,False,True,60
H3,m84137_260214_004236_s1/62325471/ccs,1,1,2,12,313,fragmented_noisy,False,False,True,60
H3,m84137_260214_004236_s1/48038836/ccs,1,1,2,12,313,fragmented_noisy,False,False,True,60
H3,m84137_260214_004236_s1/29557749/ccs,1,1,2,12,315,fragmented_noisy,False,False,True,60
H3,m84137_260214_004236_s1/248780223/ccs,1,1,2,12,316,fragmented_noisy,False,False,True,60
H3,m84137_260214_004236_s1/245173170/ccs,1,1,2,13,316,fragmented_noisy,False,False,True,60
H3,m84137_260214_004236_s1/98567638/ccs,1,3,2,12,316,CAA_interrupted,False,True,False,60
H3,m84137_260214_004236_s1/223347070/ccs,1,1,2,12,316,fragmented_noisy,False,False,True,60
H3,m84137_260214_004236_s1/41948010/ccs,1,1,4,12,318,fragmented_noisy,False,False,True,60
H3,m84137_260214_004236_s1/26806695/ccs,1,2,2,12,319,CAA_interrupted,False,True,False,60
H3,m84137_260214_004236_s1/79303064/ccs,1,1,2,12,319,fragmented_noisy,False,False,True,60
H3,m84137_260214_004236_s1/64685173/ccs,1,1,2,12,322,fragmented_noisy,False,False,True,60
H3,m84137_260214_004236_s1/218955966/ccs,1,1,2,12,325,fragmented_noisy,False,False,True,60
H3,m84137_260214_004236_s1/156304268/ccs,1,1,2,12,331,fragmented_noisy,False,False,True,60
H3,m84137_260214_004236_s1/75434731/ccs,1,1,2,12,334,fragmented_noisy,False,False,True,60
H3,m84137_260214_004236_s1/127599668/ccs,1,1,2,12,337,fragmented_noisy,False,False,True,60
H3,m84137_260214_004236_s1/18354966/ccs,1,1,2,11,339,fragmented_noisy,False,False,True,60
H3,m84137_260214_004236_s1/3413356/ccs,1,1,2,12,343,fragmented_noisy,False,False,True,60
H3,m84137_260214_004236_s1/6296187/ccs,1,3,2,12,349,CAA_interrupted,False,True,False,60
H3,m84137_260214_004236_s1/179177189/ccs,1,1,2,12,349,fragmented_noisy,False,False,True,60
H3,m84137_260214_004236_s1/116197537/ccs,1,1,2,12,355,fragmented_noisy,False,False,True,60
H3,m84137_260214_004236_s1/251073170/ccs,1,1,2,12,357,fragmented_noisy,False,False,True,60
H3,m84137_260214_004236_s1/116261403/ccs,1,1,2,12,385,fragmented_noisy,False,False,True,60
H3,m84137_260214_004236_s1/201069480/ccs,1,1,2,12,388,fragmented_noisy,False,False,True,60
H3,m84137_260214_004236_s1/52301647/ccs,1,3,2,12,397,CAA_interrupted,False,True,False,60
H3,m84137_260214_004236_s1/160438149/ccs,0,111,2,12,188,CAA_interrupted,False,True,False,60
H3,m84137_260214_004236_s1/61541496/ccs,0,127,2,10,188,CAA_interrupted,False,True,False,60
H3,m84137_260214_004236_s1/233771449/ccs,0,94,2,10,182,CAA_interrupted,False,True,False,60
H3,m84137_260214_004236_s1/153878978/ccs,1,96,3,11,302,CAA_interrupted,False,True,False,60
H3,m84137_260214_004236_s1/142869763/ccs,0,85,2,10,184,CAA_interrupted,False,True,False,60
H3,m84137_260214_004236_s1/20579296/ccs,1,122,4,14,314,CAA_interrupted,False,True,False,60
H3,m84137_260214_004236_s1/17175118/ccs,1,103,2,12,316,CAA_interrupted,False,True,False,60
H3,m84137_260214_004236_s1/107222728/ccs,0,58,2,12,187,CAA_interrupted,False,True,False,60
H3,m84137_260214_004236_s1/176358601/ccs,0,183,3,12,188,CAA_interrupted,False,True,False,60
H3,m84137_260214_004236_s1/131076013/ccs,0,1,2,12,184,fragmented_noisy,False,False,True,60
H3,m84137_260214_004236_s1/46075946/ccs,0,7,2,12,184,CAA_interrupted,False,True,False,60
H3,m84137_260214_004236_s1/152437016/ccs,0,31,1,13,185,CAA_interrupted,False,True,False,60
H3,m84137_260214_004236_s1/135659577/ccs,0,4,3,11,185,CAA_interrupted,False,True,False,60
H3,m84137_260214_004236_s1/133041938/ccs,0,2,2,11,186,CAA_interrupted,False,True,False,60
H3,m84137_260214_004236_s1/254476544/ccs,0,1,2,12,187,fragmented_noisy,False,False,True,60
H3,m84137_260214_004236_s1/103941909/ccs,0,1,2,12,187,fragmented_noisy,False,False,True,60
H3,m84137_260214_004236_s1/229638756/ccs,0,1,2,12,187,fragmented_noisy,False,False,True,60
H3,m84137_260214_004236_s1/211879958/ccs,0,1,2,12,187,fragmented_noisy,False,False,True,60
H3,m84137_260214_004236_s1/178130509/ccs,0,1,2,12,187,fragmented_noisy,False,False,True,60
H3,m84137_260214_004236_s1/45942252/ccs,0,2,2,12,187,CAA_interrupted,False,True,False,60
H3,m84137_260214_004236_s1/265225445/ccs,0,1,2,12,187,fragmented_noisy,False,False,True,60
H3,m84137_260214_004236_s1/96535700/ccs,0,1,2,12,187,fragmented_noisy,False,False,True,60
H3,m84137_260214_004236_s1/162463778/ccs,0,1,2,12,187,fragmented_noisy,False,False,True,60
H3,m84137_260214_004236_s1/196544549/ccs,0,1,2,12,187,fragmented_noisy,False,False,True,60
H3,m84137_260214_004236_s1/83891199/ccs,0,1,2,12,187,fragmented_noisy,False,False,True,60
H3,m84137_260214_004236_s1/106959851/ccs,0,1,2,12,187,fragmented_noisy,False,False,True,60
H3,m84137_260214_004236_s1/60687768/ccs,0,1,2,12,187,fragmented_noisy,False,False,True,60
H3,m84137_260214_004236_s1/55774159/ccs,0,1,2,12,187,fragmented_noisy,False,False,True,60
H3,m84137_260214_004236_s1/243599613/ccs,0,1,2,12,187,fragmented_noisy,False,False,True,60
H3,m84137_260214_004236_s1/5835362/ccs,0,1,2,12,187,fragmented_noisy,False,False,True,60
H3,m84137_260214_004236_s1/17106710/ccs,0,1,2,12,187,fragmented_noisy,False,False,True,60
H3,m84137_260214_004236_s1/29296037/ccs,0,1,2,12,187,fragmented_noisy,False,False,True,60
H3,m84137_260214_004236_s1/13370623/ccs,0,1,2,12,187,fragmented_noisy,False,False,True,60
H3,m84137_260214_004236_s1/36438168/ccs,0,1,2,12,187,fragmented_noisy,False,False,True,60
H3,m84137_260214_004236_s1/63570591/ccs,0,1,2,12,187,fragmented_noisy,False,False,True,60
H3,m84137_260214_004236_s1/73531570/ccs,0,1,2,12,187,fragmented_noisy,False,False,True,60
H3,m84137_260214_004236_s1/78381966/ccs,0,1,2,12,187,fragmented_noisy,False,False,True,60
H3,m84137_260214_004236_s1/80414032/ccs,0,1,2,12,187,fragmented_noisy,False,False,True,60
H3,m84137_260214_004236_s1/99420620/ccs,0,1,2,12,187,fragmented_noisy,False,False,True,60
H3,m84137_260214_004236_s1/104793000/ccs,0,1,2,12,187,fragmented_noisy,False,False,True,60
H3,m84137_260214_004236_s1/109906294/ccs,0,1,2,12,187,fragmented_noisy,False,False,True,60
H3,m84137_260214_004236_s1/145490243/ccs,0,1,2,12,187,fragmented_noisy,False,False,True,60
H3,m84137_260214_004236_s1/155912094/ccs,0,1,2,12,187,fragmented_noisy,False,False,True,60
H3,m84137_260214_004236_s1/52629852/ccs,0,1,2,12,187,fragmented_noisy,False,False,True,60
H3,m84137_260214_004236_s1/42472210/ccs,0,1,2,12,187,fragmented_noisy,False,False,True,60
H3,m84137_260214_004236_s1/70913214/ccs,0,1,2,12,187,fragmented_noisy,False,False,True,60
H3,m84137_260214_004236_s1/46403159/ccs,0,1,2,12,187,fragmented_noisy,False,False,True,60
H3,m84137_260214_004236_s1/108596366/ccs,0,1,2,12,187,fragmented_noisy,False,False,True,60
H3,m84137_260214_004236_s1/146805143/ccs,0,1,2,12,187,fragmented_noisy,False,False,True,60
H3,m84137_260214_004236_s1/219158387/ccs,0,1,2,12,187,fragmented_noisy,False,False,True,60
H3,m84137_260214_004236_s1/232526161/ccs,0,1,2,12,187,fragmented_noisy,False,False,True,60
H3,m84137_260214_004236_s1/237506788/ccs,0,1,2,12,187,fragmented_noisy,False,False,True,60
H3,m84137_260214_004236_s1/258149749/ccs,0,1,2,12,187,fragmented_noisy,False,False,True,60
H3,m84137_260214_004236_s1/16256586/ccs,0,1,2,12,187,fragmented_noisy,False,False,True,60
H3,m84137_260214_004236_s1/169348750/ccs,0,1,2,12,187,fragmented_noisy,False,False,True,60
H3,m84137_260214_004236_s1/184947633/ccs,0,1,2,12,187,fragmented_noisy,False,False,True,60
H3,m84137_260214_004236_s1/55511169/ccs,0,1,2,12,187,fragmented_noisy,False,False,True,60
H3,m84137_260214_004236_s1/150866591/ccs,0,1,2,12,187,fragmented_noisy,False,False,True,60
H3,m84137_260214_004236_s1/154206815/ccs,0,1,2,12,187,fragmented_noisy,False,False,True,60
H3,m84137_260214_004236_s1/185272526/ccs,0,1,2,12,187,fragmented_noisy,False,False,True,60
H3,m84137_260214_004236_s1/195100987/ccs,0,1,2,12,187,fragmented_noisy,False,False,True,60
H3,m84137_260214_004236_s1/220988051/ccs,0,1,2,12,187,fragmented_noisy,False,False,True,60
H3,m84137_260214_004236_s1/183436972/ccs,0,1,2,12,187,fragmented_noisy,False,False,True,60
H3,m84137_260214_004236_s1/254609249/ccs,0,1,2,12,187,fragmented_noisy,False,False,True,60
H3,m84137_260214_004236_s1/242418601/ccs,0,1,2,12,187,fragmented_noisy,False,False,True,60
H3,m84137_260214_004236_s1/44372039/ccs,0,1,2,12,187,fragmented_noisy,False,False,True,60
H3,m84137_260214_004236_s1/66326885/ccs,0,1,2,12,187,fragmented_noisy,False,False,True,60
H3,m84137_260214_004236_s1/131666997/ccs,0,1,2,12,187,fragmented_noisy,False,False,True,60
H3,m84137_260214_004236_s1/201594170/ccs,0,1,2,12,187,fragmented_noisy,False,False,True,60
H3,m84137_260214_004236_s1/206705922/ccs,0,1,2,12,187,fragmented_noisy,False,False,True,60
H3,m84137_260214_004236_s1/255463706/ccs,0,1,2,12,187,fragmented_noisy,False,False,True,60
H3,m84137_260214_004236_s1/255922106/ccs,0,1,2,12,187,fragmented_noisy,False,False,True,60
H3,m84137_260214_004236_s1/244911169/ccs,0,1,2,12,187,fragmented_noisy,False,False,True,60
H3,m84137_260214_004236_s1/43454889/ccs,0,1,2,12,187,fragmented_noisy,False,False,True,60
H3,m84137_260214_004236_s1/60031960/ccs,0,3,2,12,187,CAA_interrupted,False,True,False,60
H3,m84137_260214_004236_s1/174785400/ccs,0,1,2,12,187,fragmented_noisy,False,False,True,60
H3,m84137_260214_004236_s1/243466426/ccs,0,1,2,12,187,fragmented_noisy,False,False,True,60
H3,m84137_260214_004236_s1/23073869/ccs,0,1,2,12,187,fragmented_noisy,False,False,True,60
H3,m84137_260214_004236_s1/16192174/ccs,0,1,2,12,187,fragmented_noisy,False,False,True,60
H3,m84137_260214_004236_s1/182652049/ccs,0,1,2,12,187,fragmented_noisy,False,False,True,60
H3,m84137_260214_004236_s1/35062091/ccs,0,1,2,12,187,fragmented_noisy,False,False,True,60
H3,m84137_260214_004236_s1/36833385/ccs,0,1,2,12,187,fragmented_noisy,False,False,True,60
H3,m84137_260214_004236_s1/46268750/ccs,0,1,2,12,187,fragmented_noisy,False,False,True,60
H3,m84137_260214_004236_s1/131599111/ccs,0,1,2,12,187,fragmented_noisy,False,False,True,60
H3,m84137_260214_004236_s1/156697376/ccs,0,1,2,12,187,fragmented_noisy,False,False,True,60
H3,m84137_260214_004236_s1/157288870/ccs,0,1,2,12,187,fragmented_noisy,False,False,True,60
H3,m84137_260214_004236_s1/61473487/ccs,0,1,2,12,187,fragmented_noisy,False,False,True,60
H3,m84137_260214_004236_s1/67570594/ccs,0,1,2,12,187,fragmented_noisy,False,False,True,60
H3,m84137_260214_004236_s1/192157372/ccs,0,1,2,12,187,fragmented_noisy,False,False,True,60
H3,m84137_260214_004236_s1/239538253/ccs,0,1,2,12,187,fragmented_noisy,False,False,True,60
H3,m84137_260214_004236_s1/10290039/ccs,0,2,2,12,187,CAA_interrupted,False,True,False,60
H3,m84137_260214_004236_s1/64292232/ccs,0,1,2,12,187,fragmented_noisy,False,False,True,60
H3,m84137_260214_004236_s1/185991944/ccs,0,3,2,12,187,CAA_interrupted,False,True,False,60
H3,m84137_260214_004236_s1/34739866/ccs,0,1,2,12,187,fragmented_noisy,False,False,True,60
H3,m84137_260214_004236_s1/34145767/ccs,0,4,2,13,187,CAA_interrupted,False,True,False,60
H3,m84137_260214_004236_s1/158597600/ccs,0,4,2,12,188,CAA_interrupted,False,True,False,60
H3,m84137_260214_004236_s1/63638796/ccs,0,1,2,12,188,fragmented_noisy,False,False,True,60
H3,m84137_260214_004236_s1/65276086/ccs,0,1,2,12,188,fragmented_noisy,False,False,True,60
H3,m84137_260214_004236_s1/76353710/ccs,0,2,2,12,188,CAA_interrupted,False,True,False,60
H3,m84137_260214_004236_s1/191366709/ccs,0,2,2,12,189,CAA_interrupted,False,True,False,60
H3,m84137_260214_004236_s1/168099933/ccs,0,1,2,12,190,fragmented_noisy,False,False,True,60
H3,m84137_260214_004236_s1/239995588/ccs,0,3,2,12,190,CAA_interrupted,False,True,False,60
H3,m84137_260214_004236_s1/199821036/ccs,0,1,2,12,190,fragmented_noisy,False,False,True,60
H3,m84137_260214_004236_s1/217318899/ccs,0,1,2,12,190,fragmented_noisy,False,False,True,60
H3,m84137_260214_004236_s1/225186857/ccs,0,1,2,12,190,fragmented_noisy,False,False,True,60
H3,m84137_260214_004236_s1/200349594/ccs,0,1,2,12,190,fragmented_noisy,False,False,True,60
H3,m84137_260214_004236_s1/12390069/ccs,0,1,2,12,190,fragmented_noisy,False,False,True,60
H3,m84137_260214_004236_s1/203164622/ccs,0,2,2,12,190,CAA_interrupted,False,True,False,60
H3,m84137_260214_004236_s1/44040597/ccs,0,1,2,12,190,fragmented_noisy,False,False,True,60
H3,m84137_260214_004236_s1/128257659/ccs,0,7,5,13,191,CAA_interrupted,False,True,False,60
H3,m84137_260214_004236_s1/266081191/ccs,0,1,2,12,191,fragmented_noisy,False,False,True,60
H3,m84137_260214_004236_s1/153288896/ccs,0,1,2,13,192,fragmented_noisy,False,False,True,60
H3,m84137_260214_004236_s1/186189627/ccs,0,3,2,12,193,CAA_interrupted,False,True,False,60
H3,m84137_260214_004236_s1/148836716/ccs,0,1,2,13,193,fragmented_noisy,False,False,True,60
H3,m84137_260214_004236_s1/51448297/ccs,1,2,2,12,286,CAA_interrupted,False,True,False,60
H3,m84137_260214_004236_s1/137104882/ccs,1,1,2,12,292,fragmented_noisy,False,False,True,60
H3,m84137_260214_004236_s1/96540593/ccs,1,4,1,10,295,CAA_interrupted,False,True,False,60
H3,m84137_260214_004236_s1/208340909/ccs,1,1,2,12,298,fragmented_noisy,False,False,True,60
H3,m84137_260214_004236_s1/91949946/ccs,1,1,2,12,298,fragmented_noisy,False,False,True,60
H3,m84137_260214_004236_s1/256641536/ccs,1,2,2,12,298,CAA_interrupted,False,True,False,60
H3,m84137_260214_004236_s1/28706544/ccs,1,1,2,12,298,fragmented_noisy,False,False,True,60
H3,m84137_260214_004236_s1/35719052/ccs,1,2,2,12,298,CAA_interrupted,False,True,False,60
H3,m84137_260214_004236_s1/39063667/ccs,1,1,2,12,300,fragmented_noisy,False,False,True,60
H3,m84137_260214_004236_s1/49218146/ccs,1,1,2,12,301,fragmented_noisy,False,False,True,60
H3,m84137_260214_004236_s1/182060327/ccs,1,1,2,12,301,fragmented_noisy,False,False,True,60
H3,m84137_260214_004236_s1/240194285/ccs,1,1,2,12,301,fragmented_noisy,False,False,True,60
H3,m84137_260214_004236_s1/92344121/ccs,1,1,2,12,301,fragmented_noisy,False,False,True,60
H3,m84137_260214_004236_s1/195429818/ccs,1,1,2,12,301,fragmented_noisy,False,False,True,60
H3,m84137_260214_004236_s1/21173168/ccs,1,1,2,12,301,fragmented_noisy,False,False,True,60
H3,m84137_260214_004236_s1/14816379/ccs,1,1,2,12,301,fragmented_noisy,False,False,True,60
H3,m84137_260214_004236_s1/78122151/ccs,1,1,2,12,301,fragmented_noisy,False,False,True,60
H3,m84137_260214_004236_s1/129504081/ccs,1,1,2,12,301,fragmented_noisy,False,False,True,60
H3,m84137_260214_004236_s1/228331482/ccs,1,1,2,12,301,fragmented_noisy,False,False,True,60
H3,m84137_260214_004236_s1/73139697/ccs,1,1,2,12,302,fragmented_noisy,False,False,True,60
H3,m84137_260214_004236_s1/120853670/ccs,1,1,2,12,303,fragmented_noisy,False,False,True,60
H3,m84137_260214_004236_s1/249365034/ccs,1,1,2,12,304,fragmented_noisy,False,False,True,60
H3,m84137_260214_004236_s1/265815010/ccs,1,2,2,11,304,CAA_interrupted,False,True,False,60
H3,m84137_260214_004236_s1/25690722/ccs,1,1,2,12,304,fragmented_noisy,False,False,True,60
H3,m84137_260214_004236_s1/75432748/ccs,1,1,2,12,304,fragmented_noisy,False,False,True,60
H3,m84137_260214_004236_s1/162928083/ccs,1,1,2,12,304,fragmented_noisy,False,False,True,60
H3,m84137_260214_004236_s1/83165595/ccs,1,1,2,12,304,fragmented_noisy,False,False,True,60
H3,m84137_260214_004236_s1/159321981/ccs,1,1,2,12,304,fragmented_noisy,False,False,True,60
H3,m84137_260214_004236_s1/246879617/ccs,1,1,2,12,304,fragmented_noisy,False,False,True,60
H3,m84137_260214_004236_s1/97651186/ccs,1,1,2,12,304,fragmented_noisy,False,False,True,60
H3,m84137_260214_004236_s1/207095814/ccs,1,1,2,12,304,fragmented_noisy,False,False,True,60
H3,m84137_260214_004236_s1/237964250/ccs,1,1,2,12,304,fragmented_noisy,False,False,True,60
H3,m84137_260214_004236_s1/105647659/ccs,1,1,2,12,304,fragmented_noisy,False,False,True,60
H3,m84137_260214_004236_s1/110364148/ccs,1,1,2,12,304,fragmented_noisy,False,False,True,60
H3,m84137_260214_004236_s1/136319382/ccs,1,1,2,12,305,fragmented_noisy,False,False,True,60
H3,m84137_260214_004236_s1/106890583/ccs,1,3,2,10,305,CAA_interrupted,False,True,False,60
H3,m84137_260214_004236_s1/217189933/ccs,1,1,2,11,307,fragmented_noisy,False,False,True,60
H3,m84137_260214_004236_s1/258084312/ccs,1,1,2,12,307,fragmented_noisy,False,False,True,60
H3,m84137_260214_004236_s1/233114266/ccs,1,1,2,12,307,fragmented_noisy,False,False,True,60
H3,m84137_260214_004236_s1/266012388/ccs,1,1,2,12,307,fragmented_noisy,False,False,True,60
H3,m84137_260214_004236_s1/18153680/ccs,1,1,2,12,307,fragmented_noisy,False,False,True,60
H3,m84137_260214_004236_s1/48891676/ccs,1,1,2,12,307,fragmented_noisy,False,False,True,60
H3,m84137_260214_004236_s1/98765689/ccs,1,1,2,12,307,fragmented_noisy,False,False,True,60
H3,m84137_260214_004236_s1/156241188/ccs,1,1,2,12,307,fragmented_noisy,False,False,True,60
H3,m84137_260214_004236_s1/266275999/ccs,1,1,2,12,307,fragmented_noisy,False,False,True,60
H3,m84137_260214_004236_s1/127012267/ccs,1,1,2,12,307,fragmented_noisy,False,False,True,60
H3,m84137_260214_004236_s1/60428197/ccs,1,3,2,12,307,CAA_interrupted,False,True,False,60
H3,m84137_260214_004236_s1/234230203/ccs,1,1,3,12,308,fragmented_noisy,False,False,True,60
H3,m84137_260214_004236_s1/266145193/ccs,1,1,3,12,308,fragmented_noisy,False,False,True,60
H3,m84137_260214_004236_s1/126421802/ccs,1,2,4,12,309,fragmented_noisy,False,False,True,60
H3,m84137_260214_004236_s1/62263779/ccs,1,1,2,12,310,fragmented_noisy,False,False,True,60
H3,m84137_260214_004236_s1/245170319/ccs,1,1,2,12,310,fragmented_noisy,False,False,True,60
H3,m84137_260214_004236_s1/55968683/ccs,1,1,2,12,310,fragmented_noisy,False,False,True,60
H3,m84137_260214_004236_s1/134222316/ccs,1,4,2,12,310,CAA_interrupted,False,True,False,60
H3,m84137_260214_004236_s1/44501009/ccs,1,1,2,12,310,fragmented_noisy,False,False,True,60
H3,m84137_260214_004236_s1/51249233/ccs,1,2,2,12,310,CAA_interrupted,False,True,False,60
H3,m84137_260214_004236_s1/38274281/ccs,1,1,2,12,311,fragmented_noisy,False,False,True,60
H3,m84137_260214_004236_s1/251071208/ccs,1,2,2,13,312,CAA_interrupted,False,True,False,60
H3,m84137_260214_004236_s1/23333273/ccs,1,1,2,12,313,fragmented_noisy,False,False,True,60
H3,m84137_260214_004236_s1/162662894/ccs,1,1,2,12,313,fragmented_noisy,False,False,True,60
H3,m84137_260214_004236_s1/143330363/ccs,1,1,2,12,313,fragmented_noisy,False,False,True,60
H3,m84137_260214_004236_s1/38082304/ccs,1,1,2,12,313,fragmented_noisy,False,False,True,60
H3,m84137_260214_004236_s1/8849429/ccs,1,1,2,12,313,fragmented_noisy,False,False,True,60
H3,m84137_260214_004236_s1/219222855/ccs,1,1,2,12,313,fragmented_noisy,False,False,True,60
H3,m84137_260214_004236_s1/265622255/ccs,1,1,2,12,313,fragmented_noisy,False,False,True,60
H3,m84137_260214_004236_s1/228395109/ccs,1,1,2,12,313,fragmented_noisy,False,False,True,60
H3,m84137_260214_004236_s1/75435054/ccs,1,1,3,12,314,fragmented_noisy,False,False,True,60
H3,m84137_260214_004236_s1/199431951/ccs,1,1,2,12,316,fragmented_noisy,False,False,True,60
H3,m84137_260214_004236_s1/121049240/ccs,1,1,2,12,319,fragmented_noisy,False,False,True,60
H3,m84137_260214_004236_s1/19204086/ccs,1,1,2,12,319,fragmented_noisy,False,False,True,60
H3,m84137_260214_004236_s1/137691290/ccs,1,1,2,12,319,fragmented_noisy,False,False,True,60
H3,m84137_260214_004236_s1/130814429/ccs,1,1,2,12,319,fragmented_noisy,False,False,True,60
H3,m84137_260214_004236_s1/100734285/ccs,1,1,2,12,322,fragmented_noisy,False,False,True,60
H3,m84137_260214_004236_s1/50664076/ccs,1,1,2,12,325,fragmented_noisy,False,False,True,60
H3,m84137_260214_004236_s1/113444613/ccs,1,1,2,12,325,fragmented_noisy,False,False,True,60
H3,m84137_260214_004236_s1/265947573/ccs,1,1,2,9,336,fragmented_noisy,False,False,True,60
H3,m84137_260214_004236_s1/172758307/ccs,1,3,2,12,349,CAA_interrupted,False,True,False,60
H3,m84137_260214_004236_s1/72617644/ccs,1,2,2,12,350,CAA_interrupted,False,True,False,60
H3,m84137_260214_004236_s1/183568928/ccs,1,6,2,12,354,CAA_interrupted,False,True,False,60
H3,m84137_260214_004236_s1/79758998/ccs,1,1,1,12,358,CAA_interrupted,False,True,False,60
H3,m84137_260214_004236_s1/266143159/ccs,1,3,3,12,367,CAA_interrupted,False,True,False,60
H3,m84137_260214_004236_s1/38536812/ccs,1,1,2,12,463,fragmented_noisy,False,False,True,60
H3,m84137_260214_004236_s1/47579691/ccs,0,63,1,11,186,CAA_interrupted,False,True,False,60
H3,m84137_260214_004236_s1/247596557/ccs,1,78,5,12,303,CAA_interrupted,False,True,False,60
H3,m84137_260214_004236_s1/221054463/ccs,1,71,5,13,313,CAA_interrupted,False,True,False,60
H3,m84137_260214_004236_s1/227150282/ccs,1,108,4,16,326,CAA_interrupted,False,True,False,60
H3,m84137_260214_004236_s1/267649433/ccs,0,89,2,10,187,CAA_interrupted,False,True,False,60
H3,m84137_260214_004236_s1/105058616/ccs,0,113,3,12,188,CAA_interrupted,False,True,False,60
H3,m84137_260214_004236_s1/248254640/ccs,1,99,3,12,304,CAA_interrupted,False,True,False,60
H3,m84137_260214_004236_s1/2557275/ccs,0,131,2,11,186,CAA_interrupted,False,True,False,60
H3,m84137_260214_004236_s1/47321882/ccs,0,3,2,12,185,CAA_interrupted,False,True,False,60
H3,m84137_260214_004236_s1/52366985/ccs,0,4,2,12,187,CAA_interrupted,False,True,False,60
H3,m84137_260214_004236_s1/197984359/ccs,0,8,2,12,188,CAA_interrupted,False,True,False,60
H3,m84137_260214_004236_s1/266474511/ccs,0,2,2,13,191,CAA_interrupted,False,True,False,60
H3,m84137_260214_004236_s1/240718566/ccs,1,1,2,12,307,fragmented_noisy,False,False,True,60
H3,m84137_260214_004236_s1/239142069/ccs,1,6,2,12,307,CAA_interrupted,False,True,False,60
H3,m84137_260214_004236_s1/126161763/ccs,1,1,2,12,314,fragmented_noisy,False,False,True,60
H3,m84137_260214_004236_s1/140314226/ccs,0,75,3,12,188,CAA_interrupted,False,True,False,60
H3,m84137_260214_004236_s1/228327559/ccs,0,78,3,11,189,CAA_interrupted,False,True,False,60
H3,m84137_260214_004236_s1/237900931/ccs,1,89,2,7,332,CAA_interrupted,False,True,False,60
H3,m84137_260214_004236_s1/120390364/ccs,0,115,2,11,187,CAA_interrupted,False,True,False,60
H3,m84137_260214_004236_s1/17173394/ccs,0,1,2,12,187,fragmented_noisy,False,False,True,60
H3,m84137_260214_004236_s1/238817818/ccs,0,11,2,12,187,CAA_interrupted,False,True,False,60
H3,m84137_260214_004236_s1/188157851/ccs,0,1,2,13,190,fragmented_noisy,False,False,True,60
H3,m84137_260214_004236_s1/83366220/ccs,1,27,3,13,295,CAA_interrupted,False,True,False,60
H3,m84137_260214_004236_s1/106236253/ccs,1,3,3,12,307,CAA_interrupted,False,True,False,60
H3,m84137_260214_004236_s1/131007270/ccs,1,5,4,12,313,CAA_interrupted,False,True,False,60
H3,m84137_260214_004236_s1/229511567/ccs,1,1,4,12,315,fragmented_noisy,False,False,True,60
H3,m84137_260214_004236_s1/37164372/ccs,1,96,8,13,352,CAA_interrupted,False,True,False,60
H3,m84137_260214_004236_s1/240780529/ccs,0,95,2,11,184,CAA_interrupted,False,True,False,60
H3,m84137_260214_004236_s1/187568543/ccs,0,127,2,12,186,CAA_interrupted,False,True,False,60
H3,m84137_260214_004236_s1/39063316/ccs,1,71,1,13,303,CAA_interrupted,False,True,False,60
H3,m84137_260214_004236_s1/197526954/ccs,1,112,4,12,313,CAA_interrupted,False,True,False,60
H3,m84137_260214_004236_s1/103941966/ccs,0,156,2,15,186,CAA_interrupted,False,True,False,60
H3,m84137_260214_004236_s1/236191908/ccs,1,6,10,12,310,fragmented_noisy,False,False,True,60
H3,m84137_260214_004236_s1/256775240/ccs,1,5,2,12,321,CAA_interrupted,False,True,False,60
H3,m84137_260214_004236_s1/94897451/ccs,1,146,6,16,308,CAA_interrupted,False,True,False,60
H3,m84137_260214_004236_s1/112987334/ccs,0,72,5,13,193,CAA_interrupted,False,True,False,60
H3,m84137_260214_004236_s1/120458125/ccs,0,90,2,13,186,CAA_interrupted,False,True,False,60
H3,m84137_260214_004236_s1/185272993/ccs,1,121,2,12,311,CAA_interrupted,False,True,False,60
H3,m84137_260214_004236_s1/198509662/ccs,1,125,3,9,329,CAA_interrupted,False,True,False,60
H3,m84137_260214_004236_s1/61871305/ccs,1,1,4,12,318,fragmented_noisy,False,False,True,60
H3,m84137_260214_004236_s1/202310876/ccs,1,79,5,13,302,CAA_interrupted,False,True,False,60
H3,m84137_260214_004236_s1/59966251/ccs,1,83,2,13,310,CAA_interrupted,False,True,False,60
H3,m84137_260214_004236_s1/212338731/ccs,0,17,2,12,184,CAA_interrupted,False,True,False,60
H3,m84137_260214_004236_s1/81137636/ccs,1,1,4,12,307,fragmented_noisy,False,False,True,60
H3,m84137_260214_004236_s1/156833228/ccs,1,79,3,12,384,CAA_interrupted,False,True,False,60
H3,m84137_260214_004236_s1/171114763/ccs,0,10,2,14,188,CAA_interrupted,False,True,False,60
H3,m84137_260214_004236_s1/233048092/ccs,0,104,2,12,187,CAA_interrupted,False,True,False,60
