sample,read_id,allele,CAG_count,CAA_count,CCG_count,repeat_length_bp,classification,mapq
Control_11,m84137_260214_004236_s1/18482317/ccs,0,23,4,15,206,CAA_interrupted,60
Control_11,m84137_260214_004236_s1/262277579/ccs,1,19,5,15,207,CAA_interrupted,60
Control_11,m84137_260214_004236_s1/59444425/ccs,0,18,2,14,201,CAA_interrupted,60
Control_11,m84137_260214_004236_s1/192810499/ccs,1,24,3,14,203,CAA_interrupted,60
Control_11,m84137_260214_004236_s1/42929735/ccs,1,21,2,15,204,CAA_interrupted,60
Control_11,m84137_260214_004236_s1/57610134/ccs,0,21,3,15,199,CAA_interrupted,60
Control_11,m84137_260214_004236_s1/100471491/ccs,1,24,4,14,206,CAA_interrupted,60
Control_11,m84137_260214_004236_s1/112332217/ccs,0,22,3,14,202,CAA_interrupted,60
Control_11,m84137_260214_004236_s1/187040585/ccs,0,22,2,15,205,CAA_interrupted,60
Control_11,m84137_260214_004236_s1/207814709/ccs,0,20,2,13,195,CAA_interrupted,60
Control_11,m84137_260214_004236_s1/257430289/ccs,0,21,2,15,196,CAA_interrupted,60
Control_11,m84137_260214_004236_s1/62919884/ccs,0,21,4,16,207,CAA_interrupted,60
Control_11,m84137_260214_004236_s1/52103836/ccs,1,25,2,13,210,CAA_interrupted,60
Control_11,m84137_260214_004236_s1/129504850/ccs,1,23,1,12,202,CAA_interrupted,60
Control_11,m84137_260214_004236_s1/42337483/ccs,1,22,4,12,208,CAA_interrupted,60
Control_11,m84137_260214_004236_s1/216667264/ccs,1,24,4,14,209,CAA_interrupted,60
Control_11,m84137_260214_004236_s1/50990672/ccs,0,22,2,12,196,CAA_interrupted,60
Control_11,m84137_260214_004236_s1/205850163/ccs,0,19,3,11,196,CAA_interrupted,43
Control_11,m84137_260214_004236_s1/6096585/ccs,1,21,2,14,208,CAA_interrupted,60
Control_11,m84137_260214_004236_s1/145886234/ccs,0,22,2,15,198,CAA_interrupted,60
Control_11,m84137_260214_004236_s1/14747362/ccs,0,22,2,13,201,CAA_interrupted,60
Control_11,m84137_260214_004236_s1/17109642/ccs,1,23,2,13,201,CAA_interrupted,60
Control_11,m84137_260214_004236_s1/64492558/ccs,0,24,2,15,199,CAA_interrupted,60
Control_11,m84137_260214_004236_s1/237110071/ccs,0,24,2,15,199,CAA_interrupted,60
Control_11,m84137_260214_004236_s1/200149272/ccs,0,21,1,14,199,CAA_interrupted,60
Control_11,m84137_260214_004236_s1/119277525/ccs,0,23,2,10,193,CAA_interrupted,60
Control_11,m84137_260214_004236_s1/123866742/ccs,0,18,3,15,202,CAA_interrupted,60
Control_11,m84137_260214_004236_s1/116851089/ccs,0,19,2,15,198,CAA_interrupted,60
Control_11,m84137_260214_004236_s1/154473071/ccs,1,24,3,14,205,CAA_interrupted,60
Control_11,m84137_260214_004236_s1/4984618/ccs,1,24,2,15,206,CAA_interrupted,60
Control_11,m84137_260214_004236_s1/202113161/ccs,0,22,2,15,200,CAA_interrupted,60
Control_11,m84137_260214_004236_s1/81005660/ccs,0,23,2,15,199,CAA_interrupted,60
Control_11,m84137_260214_004236_s1/267127044/ccs,0,23,2,13,194,CAA_interrupted,60
Control_11,m84137_260214_004236_s1/146998575/ccs,1,22,2,12,197,CAA_interrupted,60
Control_11,m84137_260214_004236_s1/149160565/ccs,0,23,2,14,197,CAA_interrupted,60
Control_11,m84137_260214_004236_s1/132582517/ccs,0,24,2,15,199,CAA_interrupted,60
Control_11,m84137_260214_004236_s1/157287560/ccs,0,24,2,15,199,CAA_interrupted,60
Control_11,m84137_260214_004236_s1/255725828/ccs,1,26,2,15,205,CAA_interrupted,60
Control_11,m84137_260214_004236_s1/246744829/ccs,1,26,2,15,205,CAA_interrupted,60
Control_11,m84137_260214_004236_s1/238555691/ccs,1,27,2,14,206,CAA_interrupted,60
Control_11,m84137_260214_004236_s1/205390462/ccs,1,21,4,13,203,CAA_interrupted,60
Control_11,m84137_260214_004236_s1/189729509/ccs,1,23,2,14,204,CAA_interrupted,60
Control_11,m84137_260214_004236_s1/183044924/ccs,0,19,4,14,198,CAA_interrupted,60
Control_11,m84137_260214_004236_s1/127604433/ccs,0,22,3,14,198,CAA_interrupted,60
Control_11,m84137_260214_004236_s1/220334394/ccs,1,25,2,14,210,CAA_interrupted,60
Control_11,m84137_260214_004236_s1/201263079/ccs,1,20,3,14,203,CAA_interrupted,60
Control_11,m84137_260214_004236_s1/12520037/ccs,1,24,3,13,205,CAA_interrupted,60
Control_11,m84137_260214_004236_s1/24972030/ccs,1,23,2,13,203,CAA_interrupted,60
Control_11,m84137_260214_004236_s1/110493832/ccs,0,23,2,13,202,CAA_interrupted,60
Control_11,m84137_260214_004236_s1/125502623/ccs,0,23,2,15,206,CAA_interrupted,60
Control_11,m84137_260214_004236_s1/120326493/ccs,0,22,3,15,199,CAA_interrupted,60
Control_11,m84137_260214_004236_s1/12322051/ccs,1,22,3,12,199,CAA_interrupted,60
Control_11,m84137_260214_004236_s1/54986644/ccs,0,23,3,16,201,CAA_interrupted,60
Control_11,m84137_260214_004236_s1/144441808/ccs,0,23,2,14,193,CAA_interrupted,60
Control_11,m84137_260214_004236_s1/135727978/ccs,0,24,2,14,197,CAA_interrupted,60
Control_11,m84137_260214_004236_s1/226495771/ccs,0,22,3,15,197,CAA_interrupted,60
Control_11,m84137_260214_004236_s1/52890727/ccs,0,22,2,15,198,CAA_interrupted,60
Control_11,m84137_260214_004236_s1/55513238/ccs,0,24,2,16,199,CAA_interrupted,60
Control_11,m84137_260214_004236_s1/236000159/ccs,0,24,2,15,199,CAA_interrupted,60
Control_11,m84137_260214_004236_s1/176817231/ccs,0,24,2,15,199,CAA_interrupted,60
Control_11,m84137_260214_004236_s1/11474691/ccs,0,24,2,15,200,CAA_interrupted,60
Control_11,m84137_260214_004236_s1/162665752/ccs,1,26,2,14,204,CAA_interrupted,60
Control_11,m84137_260214_004236_s1/118428891/ccs,1,26,2,15,205,CAA_interrupted,60
Control_11,m84137_260214_004236_s1/39126982/ccs,1,26,2,15,205,CAA_interrupted,60
Control_11,m84137_260214_004236_s1/235929893/ccs,1,27,2,15,208,CAA_interrupted,60
Control_11,m84137_260214_004236_s1/125042930/ccs,0,22,4,13,202,CAA_interrupted,60
Control_11,m84137_260214_004236_s1/219811698/ccs,1,19,3,14,193,CAA_interrupted,60
Control_11,m84137_260214_004236_s1/226955411/ccs,0,21,2,14,196,CAA_interrupted,60
Control_11,m84137_260214_004236_s1/251593963/ccs,0,22,3,14,207,CAA_interrupted,60
Control_11,m84137_260214_004236_s1/120916428/ccs,0,24,1,14,205,CAA_interrupted,60
Control_11,m84137_260214_004236_s1/83694156/ccs,1,22,2,15,204,CAA_interrupted,60
Control_11,m84137_260214_004236_s1/207361389/ccs,0,20,3,14,201,CAA_interrupted,60
Control_11,m84137_260214_004236_s1/94442842/ccs,0,23,2,15,199,CAA_interrupted,60
Control_11,m84137_260214_004236_s1/245042774/ccs,0,22,2,15,196,CAA_interrupted,60
Control_11,m84137_260214_004236_s1/264308862/ccs,1,15,2,15,172,CAA_interrupted,60
Control_11,m84137_260214_004236_s1/197332569/ccs,0,22,2,15,193,CAA_interrupted,60
Control_11,m84137_260214_004236_s1/195823385/ccs,0,22,2,15,194,CAA_interrupted,60
Control_11,m84137_260214_004236_s1/58527420/ccs,0,22,1,14,194,CAA_interrupted,60
Control_11,m84137_260214_004236_s1/36569412/ccs,0,23,2,14,194,CAA_interrupted,60
Control_11,m84137_260214_004236_s1/153750490/ccs,0,22,3,14,195,CAA_interrupted,60
Control_11,m84137_260214_004236_s1/28443556/ccs,0,23,2,14,195,CAA_interrupted,60
Control_11,m84137_260214_004236_s1/78514186/ccs,0,23,2,15,196,CAA_interrupted,60
Control_11,m84137_260214_004236_s1/258409317/ccs,0,23,2,15,196,CAA_interrupted,60
Control_11,m84137_260214_004236_s1/256968352/ccs,0,23,2,15,196,CAA_interrupted,60
Control_11,m84137_260214_004236_s1/61212326/ccs,0,24,2,14,196,CAA_interrupted,60
Control_11,m84137_260214_004236_s1/137693742/ccs,0,23,2,15,196,CAA_interrupted,60
Control_11,m84137_260214_004236_s1/243862741/ccs,0,23,2,15,196,CAA_interrupted,60
Control_11,m84137_260214_004236_s1/265031121/ccs,0,23,2,15,196,CAA_interrupted,60
Control_11,m84137_260214_004236_s1/266146388/ccs,0,23,2,15,196,CAA_interrupted,60
Control_11,m84137_260214_004236_s1/261884736/ccs,0,23,2,15,196,CAA_interrupted,60
Control_11,m84137_260214_004236_s1/216400813/ccs,0,23,2,15,196,CAA_interrupted,60
Control_11,m84137_260214_004236_s1/49941487/ccs,0,23,2,15,196,CAA_interrupted,60
Control_11,m84137_260214_004236_s1/108136048/ccs,0,23,2,15,196,CAA_interrupted,60
Control_11,m84137_260214_004236_s1/109054629/ccs,0,23,2,15,196,CAA_interrupted,60
Control_11,m84137_260214_004236_s1/232981326/ccs,0,23,2,15,196,CAA_interrupted,60
Control_11,m84137_260214_004236_s1/215290066/ccs,0,23,2,15,196,CAA_interrupted,60
Control_11,m84137_260214_004236_s1/123604141/ccs,0,23,2,15,196,CAA_interrupted,60
Control_11,m84137_260214_004236_s1/171246436/ccs,0,23,2,15,196,CAA_interrupted,60
Control_11,m84137_260214_004236_s1/247534427/ccs,0,24,2,14,196,CAA_interrupted,60
Control_11,m84137_260214_004236_s1/29624213/ccs,0,24,2,14,196,CAA_interrupted,60
Control_11,m84137_260214_004236_s1/196544349/ccs,0,23,2,15,196,CAA_interrupted,60
Control_11,m84137_260214_004236_s1/88081662/ccs,0,23,2,15,196,CAA_interrupted,60
Control_11,m84137_260214_004236_s1/19664790/ccs,0,23,2,15,196,CAA_interrupted,60
Control_11,m84137_260214_004236_s1/55053585/ccs,0,23,2,15,196,CAA_interrupted,60
Control_11,m84137_260214_004236_s1/127145533/ccs,0,23,2,15,196,CAA_interrupted,60
Control_11,m84137_260214_004236_s1/60821545/ccs,0,24,2,14,196,CAA_interrupted,60
Control_11,m84137_260214_004236_s1/21301394/ccs,0,23,2,15,196,CAA_interrupted,60
Control_11,m84137_260214_004236_s1/54069400/ccs,0,23,2,15,196,CAA_interrupted,60
Control_11,m84137_260214_004236_s1/187566777/ccs,0,24,2,14,196,CAA_interrupted,60
Control_11,m84137_260214_004236_s1/108008151/ccs,0,24,2,14,196,CAA_interrupted,60
Control_11,m84137_260214_004236_s1/83887757/ccs,0,24,2,14,196,CAA_interrupted,60
Control_11,m84137_260214_004236_s1/120783931/ccs,0,24,2,14,196,CAA_interrupted,60
Control_11,m84137_260214_004236_s1/46798742/ccs,0,22,2,16,197,CAA_interrupted,60
Control_11,m84137_260214_004236_s1/188547212/ccs,0,23,2,15,197,CAA_interrupted,60
Control_11,m84137_260214_004236_s1/20449836/ccs,0,24,2,14,197,CAA_interrupted,60
Control_11,m84137_260214_004236_s1/49547479/ccs,0,23,2,15,197,CAA_interrupted,60
Control_11,m84137_260214_004236_s1/155653352/ccs,0,24,2,14,197,CAA_interrupted,60
Control_11,m84137_260214_004236_s1/246481437/ccs,0,24,2,13,198,CAA_interrupted,60
Control_11,m84137_260214_004236_s1/115085606/ccs,0,22,2,15,198,CAA_interrupted,60
Control_11,m84137_260214_004236_s1/38079980/ccs,0,23,2,15,198,CAA_interrupted,60
Control_11,m84137_260214_004236_s1/170001532/ccs,0,24,2,14,198,CAA_interrupted,60
Control_11,m84137_260214_004236_s1/150081491/ccs,0,23,2,15,198,CAA_interrupted,60
Control_11,m84137_260214_004236_s1/26809126/ccs,0,24,2,14,198,CAA_interrupted,60
Control_11,m84137_260214_004236_s1/180684385/ccs,0,24,2,15,198,CAA_interrupted,60
Control_11,m84137_260214_004236_s1/217055661/ccs,0,23,2,15,198,CAA_interrupted,60
Control_11,m84137_260214_004236_s1/154338587/ccs,0,23,2,15,198,CAA_interrupted,60
Control_11,m84137_260214_004236_s1/227345642/ccs,0,24,2,15,199,CAA_interrupted,60
Control_11,m84137_260214_004236_s1/8389313/ccs,0,24,2,15,199,CAA_interrupted,60
Control_11,m84137_260214_004236_s1/257755755/ccs,0,24,2,15,199,CAA_interrupted,60
Control_11,m84137_260214_004236_s1/233833422/ccs,0,24,2,15,199,CAA_interrupted,60
Control_11,m84137_260214_004236_s1/72549876/ccs,0,24,2,15,199,CAA_interrupted,60
Control_11,m84137_260214_004236_s1/110821956/ccs,0,24,2,15,199,CAA_interrupted,60
Control_11,m84137_260214_004236_s1/109582043/ccs,0,24,2,15,199,CAA_interrupted,60
Control_11,m84137_260214_004236_s1/211293332/ccs,0,24,2,15,199,CAA_interrupted,60
Control_11,m84137_260214_004236_s1/49941169/ccs,0,24,2,15,199,CAA_interrupted,60
Control_11,m84137_260214_004236_s1/70847291/ccs,0,24,2,15,199,CAA_interrupted,60
Control_11,m84137_260214_004236_s1/75238392/ccs,0,24,2,15,199,CAA_interrupted,60
Control_11,m84137_260214_004236_s1/95816227/ccs,0,24,2,15,199,CAA_interrupted,60
Control_11,m84137_260214_004236_s1/93257895/ccs,0,24,2,15,199,CAA_interrupted,60
Control_11,m84137_260214_004236_s1/79627844/ccs,0,24,2,15,199,CAA_interrupted,60
Control_11,m84137_260214_004236_s1/79760099/ccs,0,24,2,15,199,CAA_interrupted,60
Control_11,m84137_260214_004236_s1/93981150/ccs,0,24,2,15,199,CAA_interrupted,60
Control_11,m84137_260214_004236_s1/88146797/ccs,0,24,2,15,199,CAA_interrupted,60
Control_11,m84137_260214_004236_s1/77203497/ccs,0,24,2,15,199,CAA_interrupted,60
Control_11,m84137_260214_004236_s1/88738184/ccs,0,24,2,15,199,CAA_interrupted,60
Control_11,m84137_260214_004236_s1/81790928/ccs,0,24,2,15,199,CAA_interrupted,60
Control_11,m84137_260214_004236_s1/99748153/ccs,0,24,2,15,199,CAA_interrupted,60
Control_11,m84137_260214_004236_s1/123863799/ccs,0,24,2,15,199,CAA_interrupted,60
Control_11,m84137_260214_004236_s1/231868528/ccs,0,24,2,15,199,CAA_interrupted,60
Control_11,m84137_260214_004236_s1/234882067/ccs,0,24,2,15,199,CAA_interrupted,60
Control_11,m84137_260214_004236_s1/232720014/ccs,0,24,2,15,199,CAA_interrupted,60
Control_11,m84137_260214_004236_s1/235405612/ccs,0,24,2,15,199,CAA_interrupted,60
Control_11,m84137_260214_004236_s1/215681732/ccs,0,24,2,15,199,CAA_interrupted,60
Control_11,m84137_260214_004236_s1/258344524/ccs,0,24,2,15,199,CAA_interrupted,60
Control_11,m84137_260214_004236_s1/234750617/ccs,0,24,2,15,199,CAA_interrupted,60
Control_11,m84137_260214_004236_s1/242486261/ccs,0,24,2,15,199,CAA_interrupted,60
Control_11,m84137_260214_004236_s1/242681735/ccs,0,24,2,15,199,CAA_interrupted,60
Control_11,m84137_260214_004236_s1/238224035/ccs,0,24,2,15,199,CAA_interrupted,60
Control_11,m84137_260214_004236_s1/243139208/ccs,0,24,2,15,199,CAA_interrupted,60
Control_11,m84137_260214_004236_s1/263848340/ccs,0,24,2,15,199,CAA_interrupted,60
Control_11,m84137_260214_004236_s1/239209038/ccs,0,24,2,15,199,CAA_interrupted,60
Control_11,m84137_260214_004236_s1/45943226/ccs,0,24,2,15,199,CAA_interrupted,60
Control_11,m84137_260214_004236_s1/53020943/ccs,0,24,2,15,199,CAA_interrupted,60
Control_11,m84137_260214_004236_s1/59506876/ccs,0,24,2,15,199,CAA_interrupted,60
Control_11,m84137_260214_004236_s1/46597246/ccs,0,24,2,15,199,CAA_interrupted,60
Control_11,m84137_260214_004236_s1/47122081/ccs,0,24,2,15,199,CAA_interrupted,60
Control_11,m84137_260214_004236_s1/43057337/ccs,0,24,2,15,199,CAA_interrupted,60
Control_11,m84137_260214_004236_s1/38734284/ccs,0,24,2,15,199,CAA_interrupted,60
Control_11,m84137_260214_004236_s1/60949284/ccs,0,24,2,15,199,CAA_interrupted,60
Control_11,m84137_260214_004236_s1/61081761/ccs,0,24,2,15,199,CAA_interrupted,60
Control_11,m84137_260214_004236_s1/43975673/ccs,0,24,2,15,199,CAA_interrupted,60
Control_11,m84137_260214_004236_s1/47974966/ccs,0,24,2,15,199,CAA_interrupted,60
Control_11,m84137_260214_004236_s1/61407281/ccs,0,24,2,15,199,CAA_interrupted,60
Control_11,m84137_260214_004236_s1/55052522/ccs,0,24,2,15,199,CAA_interrupted,60
Control_11,m84137_260214_004236_s1/65471233/ccs,0,24,2,15,199,CAA_interrupted,60
Control_11,m84137_260214_004236_s1/66128320/ccs,0,24,2,15,199,CAA_interrupted,60
Control_11,m84137_260214_004236_s1/142344431/ccs,0,24,2,15,199,CAA_interrupted,60
Control_11,m84137_260214_004236_s1/139463177/ccs,0,24,2,15,199,CAA_interrupted,60
Control_11,m84137_260214_004236_s1/160957706/ccs,0,24,2,15,199,CAA_interrupted,60
Control_11,m84137_260214_004236_s1/156304140/ccs,0,24,2,15,199,CAA_interrupted,60
Control_11,m84137_260214_004236_s1/161482829/ccs,0,24,2,15,199,CAA_interrupted,60
Control_11,m84137_260214_004236_s1/144901809/ccs,0,24,2,15,199,CAA_interrupted,60
Control_11,m84137_260214_004236_s1/144968588/ccs,0,24,2,15,199,CAA_interrupted,60
Control_11,m84137_260214_004236_s1/169085025/ccs,0,24,2,15,199,CAA_interrupted,60
Control_11,m84137_260214_004236_s1/169345487/ccs,0,24,2,15,199,CAA_interrupted,60
Control_11,m84137_260214_004236_s1/190972787/ccs,0,24,2,15,199,CAA_interrupted,60
Control_11,m84137_260214_004236_s1/174786024/ccs,0,24,2,15,199,CAA_interrupted,60
Control_11,m84137_260214_004236_s1/195822125/ccs,0,24,2,15,199,CAA_interrupted,60
Control_11,m84137_260214_004236_s1/127011200/ccs,0,24,2,15,199,CAA_interrupted,60
Control_11,m84137_260214_004236_s1/110822691/ccs,0,24,2,15,199,CAA_interrupted,60
Control_11,m84137_260214_004236_s1/134874166/ccs,0,24,2,15,199,CAA_interrupted,60
Control_11,m84137_260214_004236_s1/135332022/ccs,0,24,2,15,199,CAA_interrupted,60
Control_11,m84137_260214_004236_s1/135989677/ccs,0,24,2,15,199,CAA_interrupted,60
Control_11,m84137_260214_004236_s1/140183082/ccs,0,24,2,15,199,CAA_interrupted,60
Control_11,m84137_260214_004236_s1/115673036/ccs,0,24,2,15,199,CAA_interrupted,60
Control_11,m84137_260214_004236_s1/133169450/ccs,0,24,2,15,199,CAA_interrupted,60
Control_11,m84137_260214_004236_s1/158008939/ccs,0,24,2,15,199,CAA_interrupted,60
Control_11,m84137_260214_004236_s1/141167577/ccs,0,24,2,15,199,CAA_interrupted,60
Control_11,m84137_260214_004236_s1/117047818/ccs,0,24,2,15,199,CAA_interrupted,60
Control_11,m84137_260214_004236_s1/162333893/ccs,0,24,2,15,199,CAA_interrupted,60
Control_11,m84137_260214_004236_s1/154535533/ccs,0,24,2,15,199,CAA_interrupted,60
Control_11,m84137_260214_004236_s1/13308627/ccs,0,24,2,15,199,CAA_interrupted,60
Control_11,m84137_260214_004236_s1/39982661/ccs,0,24,2,15,199,CAA_interrupted,60
Control_11,m84137_260214_004236_s1/113575724/ccs,0,24,2,15,199,CAA_interrupted,60
Control_11,m84137_260214_004236_s1/179178407/ccs,0,24,2,15,199,CAA_interrupted,60
Control_11,m84137_260214_004236_s1/205850817/ccs,0,24,2,15,199,CAA_interrupted,60
Control_11,m84137_260214_004236_s1/233243095/ccs,0,24,2,15,199,CAA_interrupted,60
Control_11,m84137_260214_004236_s1/22479064/ccs,0,24,2,15,199,CAA_interrupted,60
Control_11,m84137_260214_004236_s1/12124479/ccs,0,24,2,15,199,CAA_interrupted,60
Control_11,m84137_260214_004236_s1/18155174/ccs,0,24,2,15,199,CAA_interrupted,60
Control_11,m84137_260214_004236_s1/7406403/ccs,0,24,2,15,199,CAA_interrupted,60
Control_11,m84137_260214_004236_s1/13303925/ccs,0,24,2,15,199,CAA_interrupted,60
Control_11,m84137_260214_004236_s1/19793277/ccs,0,24,2,15,199,CAA_interrupted,60
Control_11,m84137_260214_004236_s1/10226021/ccs,0,24,2,15,199,CAA_interrupted,60
Control_11,m84137_260214_004236_s1/55904824/ccs,0,24,2,15,199,CAA_interrupted,60
Control_11,m84137_260214_004236_s1/34865568/ccs,0,24,2,15,199,CAA_interrupted,60
Control_11,m84137_260214_004236_s1/32244303/ccs,0,24,2,15,199,CAA_interrupted,60
Control_11,m84137_260214_004236_s1/35258902/ccs,0,24,2,15,199,CAA_interrupted,60
Control_11,m84137_260214_004236_s1/56493494/ccs,0,24,2,15,199,CAA_interrupted,60
Control_11,m84137_260214_004236_s1/57409666/ccs,0,24,2,15,199,CAA_interrupted,60
Control_11,m84137_260214_004236_s1/45615806/ccs,0,24,2,15,199,CAA_interrupted,60
Control_11,m84137_260214_004236_s1/58525834/ccs,0,24,2,15,199,CAA_interrupted,60
Control_11,m84137_260214_004236_s1/106823751/ccs,0,24,2,15,199,CAA_interrupted,60
Control_11,m84137_260214_004236_s1/107020629/ccs,0,24,2,15,199,CAA_interrupted,60
Control_11,m84137_260214_004236_s1/118884140/ccs,0,24,2,15,199,CAA_interrupted,60
Control_11,m84137_260214_004236_s1/128779881/ccs,0,24,2,15,199,CAA_interrupted,60
Control_11,m84137_260214_004236_s1/129042632/ccs,0,24,2,15,199,CAA_interrupted,60
Control_11,m84137_260214_004236_s1/112134207/ccs,0,24,2,15,199,CAA_interrupted,60
Control_11,m84137_260214_004236_s1/112263352/ccs,0,24,2,15,199,CAA_interrupted,60
Control_11,m84137_260214_004236_s1/108921722/ccs,0,24,2,15,199,CAA_interrupted,60
Control_11,m84137_260214_004236_s1/129173773/ccs,0,24,2,15,199,CAA_interrupted,60
Control_11,m84137_260214_004236_s1/129368585/ccs,0,24,2,15,199,CAA_interrupted,60
Control_11,m84137_260214_004236_s1/112591887/ccs,0,24,2,15,199,CAA_interrupted,60
Control_11,m84137_260214_004236_s1/120850398/ccs,0,24,2,15,199,CAA_interrupted,60
Control_11,m84137_260214_004236_s1/104532435/ccs,0,24,2,15,199,CAA_interrupted,60
Control_11,m84137_260214_004236_s1/125962305/ccs,0,24,2,15,199,CAA_interrupted,60
Control_11,m84137_260214_004236_s1/15864567/ccs,0,24,2,15,199,CAA_interrupted,60
Control_11,m84137_260214_004236_s1/59774106/ccs,0,24,2,15,199,CAA_interrupted,60
Control_11,m84137_260214_004236_s1/16716951/ccs,0,24,2,15,199,CAA_interrupted,60
Control_11,m84137_260214_004236_s1/64296334/ccs,0,24,2,15,199,CAA_interrupted,60
Control_11,m84137_260214_004236_s1/60101084/ccs,0,24,2,15,199,CAA_interrupted,60
Control_11,m84137_260214_004236_s1/64753502/ccs,0,24,2,15,199,CAA_interrupted,60
Control_11,m84137_260214_004236_s1/70587557/ccs,0,24,2,15,199,CAA_interrupted,60
Control_11,m84137_260214_004236_s1/66129804/ccs,0,24,2,15,199,CAA_interrupted,60
Control_11,m84137_260214_004236_s1/70913291/ccs,0,24,2,15,199,CAA_interrupted,60
Control_11,m84137_260214_004236_s1/71045393/ccs,0,24,2,15,199,CAA_interrupted,60
Control_11,m84137_260214_004236_s1/89787428/ccs,0,24,2,15,199,CAA_interrupted,60
Control_11,m84137_260214_004236_s1/87692892/ccs,0,24,2,15,199,CAA_interrupted,60
Control_11,m84137_260214_004236_s1/91100347/ccs,0,24,2,15,199,CAA_interrupted,60
Control_11,m84137_260214_004236_s1/91230559/ccs,0,24,2,15,199,CAA_interrupted,60
Control_11,m84137_260214_004236_s1/95817304/ccs,0,24,2,15,199,CAA_interrupted,60
Control_11,m84137_260214_004236_s1/100996950/ccs,0,24,2,15,199,CAA_interrupted,60
Control_11,m84137_260214_004236_s1/96146711/ccs,0,24,2,15,199,CAA_interrupted,60
Control_11,m84137_260214_004236_s1/96210781/ccs,0,24,2,15,199,CAA_interrupted,60
Control_11,m84137_260214_004236_s1/34016924/ccs,0,24,2,15,199,CAA_interrupted,60
Control_11,m84137_260214_004236_s1/34147601/ccs,0,24,2,15,199,CAA_interrupted,60
Control_11,m84137_260214_004236_s1/50336791/ccs,0,24,2,15,199,CAA_interrupted,60
Control_11,m84137_260214_004236_s1/29625371/ccs,0,24,2,15,199,CAA_interrupted,60
Control_11,m84137_260214_004236_s1/29691026/ccs,0,24,2,15,199,CAA_interrupted,60
Control_11,m84137_260214_004236_s1/34804908/ccs,0,24,2,15,199,CAA_interrupted,60
Control_11,m84137_260214_004236_s1/11802432/ccs,0,24,2,15,199,CAA_interrupted,60
Control_11,m84137_260214_004236_s1/35655887/ccs,0,24,2,15,199,CAA_interrupted,60
Control_11,m84137_260214_004236_s1/52106094/ccs,0,24,2,15,199,CAA_interrupted,60
Control_11,m84137_260214_004236_s1/11078732/ccs,0,24,2,15,199,CAA_interrupted,60
Control_11,m84137_260214_004236_s1/56233753/ccs,0,24,2,15,199,CAA_interrupted,60
Control_11,m84137_260214_004236_s1/61543513/ccs,0,24,2,15,199,CAA_interrupted,60
Control_11,m84137_260214_004236_s1/221447619/ccs,0,24,2,15,199,CAA_interrupted,60
Control_11,m84137_260214_004236_s1/208536324/ccs,0,24,2,15,199,CAA_interrupted,60
Control_11,m84137_260214_004236_s1/209191780/ccs,0,24,2,15,199,CAA_interrupted,60
Control_11,m84137_260214_004236_s1/204147242/ccs,0,24,2,15,199,CAA_interrupted,60
Control_11,m84137_260214_004236_s1/229835005/ccs,0,24,2,15,199,CAA_interrupted,60
Control_11,m84137_260214_004236_s1/209782554/ccs,0,24,2,15,199,CAA_interrupted,60
Control_11,m84137_260214_004236_s1/184224156/ccs,0,24,2,15,199,CAA_interrupted,60
Control_11,m84137_260214_004236_s1/204800888/ccs,0,24,2,15,199,CAA_interrupted,60
Control_11,m84137_260214_004236_s1/223610666/ccs,0,24,2,15,199,CAA_interrupted,60
Control_11,m84137_260214_004236_s1/223545225/ccs,0,24,2,15,199,CAA_interrupted,60
Control_11,m84137_260214_004236_s1/212861323/ccs,0,24,2,15,199,CAA_interrupted,60
Control_11,m84137_260214_004236_s1/212993130/ccs,0,24,2,15,199,CAA_interrupted,60
Control_11,m84137_260214_004236_s1/227082508/ccs,0,24,2,15,199,CAA_interrupted,60
Control_11,m84137_260214_004236_s1/211419472/ccs,0,24,2,15,199,CAA_interrupted,60
Control_11,m84137_260214_004236_s1/211486229/ccs,0,24,2,15,199,CAA_interrupted,60
Control_11,m84137_260214_004236_s1/231279303/ccs,0,24,2,15,199,CAA_interrupted,60
Control_11,m84137_260214_004236_s1/227542061/ccs,0,24,2,15,199,CAA_interrupted,60
Control_11,m84137_260214_004236_s1/213518857/ccs,0,24,2,15,199,CAA_interrupted,60
Control_11,m84137_260214_004236_s1/206441072/ccs,0,24,2,15,199,CAA_interrupted,60
Control_11,m84137_260214_004236_s1/165810255/ccs,0,24,2,15,199,CAA_interrupted,60
Control_11,m84137_260214_004236_s1/166728059/ccs,0,24,2,15,199,CAA_interrupted,60
Control_11,m84137_260214_004236_s1/175839037/ccs,0,24,2,15,199,CAA_interrupted,60
Control_11,m84137_260214_004236_s1/167579278/ccs,0,24,2,15,199,CAA_interrupted,60
Control_11,m84137_260214_004236_s1/195696205/ccs,0,24,2,15,199,CAA_interrupted,60
Control_11,m84137_260214_004236_s1/177673205/ccs,0,24,2,15,199,CAA_interrupted,60
Control_11,m84137_260214_004236_s1/177803544/ccs,0,24,2,15,199,CAA_interrupted,60
Control_11,m84137_260214_004236_s1/150214410/ccs,0,24,2,15,199,CAA_interrupted,60
Control_11,m84137_260214_004236_s1/195564966/ccs,0,24,2,15,199,CAA_interrupted,60
Control_11,m84137_260214_004236_s1/179179770/ccs,0,24,2,15,199,CAA_interrupted,60
Control_11,m84137_260214_004236_s1/207885253/ccs,0,24,2,15,199,CAA_interrupted,60
Control_11,m84137_260214_004236_s1/224072445/ccs,0,24,2,15,199,CAA_interrupted,60
Control_11,m84137_260214_004236_s1/202904847/ccs,0,24,2,15,199,CAA_interrupted,60
Control_11,m84137_260214_004236_s1/208475278/ccs,0,24,2,15,199,CAA_interrupted,60
Control_11,m84137_260214_004236_s1/92476851/ccs,0,24,2,15,199,CAA_interrupted,60
Control_11,m84137_260214_004236_s1/117706095/ccs,0,24,2,15,199,CAA_interrupted,60
Control_11,m84137_260214_004236_s1/92803349/ccs,0,24,2,15,199,CAA_interrupted,60
Control_11,m84137_260214_004236_s1/97979915/ccs,0,24,2,15,199,CAA_interrupted,60
Control_11,m84137_260214_004236_s1/102897023/ccs,0,24,2,15,199,CAA_interrupted,60
Control_11,m84137_260214_004236_s1/103025867/ccs,0,24,2,15,199,CAA_interrupted,60
Control_11,m84137_260214_004236_s1/77993196/ccs,0,24,2,15,199,CAA_interrupted,60
Control_11,m84137_260214_004236_s1/106827724/ccs,0,24,2,15,199,CAA_interrupted,60
Control_11,m84137_260214_004236_s1/124194875/ccs,0,24,2,15,199,CAA_interrupted,60
Control_11,m84137_260214_004236_s1/125702453/ccs,0,24,2,15,199,CAA_interrupted,60
Control_11,m84137_260214_004236_s1/81989076/ccs,0,24,2,15,199,CAA_interrupted,60
Control_11,m84137_260214_004236_s1/126096818/ccs,0,24,2,15,199,CAA_interrupted,60
Control_11,m84137_260214_004236_s1/110431958/ccs,0,24,2,15,199,CAA_interrupted,60
Control_11,m84137_260214_004236_s1/175440545/ccs,0,24,2,15,199,CAA_interrupted,60
Control_11,m84137_260214_004236_s1/188810596/ccs,0,24,2,15,199,CAA_interrupted,60
Control_11,m84137_260214_004236_s1/192284203/ccs,0,24,2,15,199,CAA_interrupted,60
Control_11,m84137_260214_004236_s1/176294726/ccs,0,24,2,15,199,CAA_interrupted,60
Control_11,m84137_260214_004236_s1/177341778/ccs,0,24,2,15,199,CAA_interrupted,60
Control_11,m84137_260214_004236_s1/218695004/ccs,0,24,2,15,199,CAA_interrupted,60
Control_11,m84137_260214_004236_s1/178784013/ccs,0,24,2,15,199,CAA_interrupted,60
Control_11,m84137_260214_004236_s1/195494557/ccs,0,24,2,15,199,CAA_interrupted,60
Control_11,m84137_260214_004236_s1/207290729/ccs,0,24,2,15,199,CAA_interrupted,60
Control_11,m84137_260214_004236_s1/220725333/ccs,0,24,2,15,199,CAA_interrupted,60
Control_11,m84137_260214_004236_s1/182323265/ccs,0,24,2,15,199,CAA_interrupted,60
Control_11,m84137_260214_004236_s1/182650495/ccs,0,24,2,15,199,CAA_interrupted,60
Control_11,m84137_260214_004236_s1/243863697/ccs,0,24,2,15,199,CAA_interrupted,60
Control_11,m84137_260214_004236_s1/233837640/ccs,0,24,2,15,199,CAA_interrupted,60
Control_11,m84137_260214_004236_s1/238685415/ccs,0,24,2,15,199,CAA_interrupted,60
Control_11,m84137_260214_004236_s1/238950153/ccs,0,24,2,15,199,CAA_interrupted,60
Control_11,m84137_260214_004236_s1/259853537/ccs,0,24,2,15,199,CAA_interrupted,60
Control_11,m84137_260214_004236_s1/260246577/ccs,0,24,2,15,199,CAA_interrupted,60
Control_11,m84137_260214_004236_s1/245043086/ccs,0,24,2,15,199,CAA_interrupted,60
Control_11,m84137_260214_004236_s1/265818773/ccs,0,24,2,15,199,CAA_interrupted,60
Control_11,m84137_260214_004236_s1/266801570/ccs,0,24,2,15,199,CAA_interrupted,60
Control_11,m84137_260214_004236_s1/266868072/ccs,0,24,2,15,199,CAA_interrupted,60
Control_11,m84137_260214_004236_s1/247469831/ccs,0,24,2,15,199,CAA_interrupted,60
Control_11,m84137_260214_004236_s1/248451430/ccs,0,24,2,15,199,CAA_interrupted,60
Control_11,m84137_260214_004236_s1/246285343/ccs,0,24,2,15,199,CAA_interrupted,60
Control_11,m84137_260214_004236_s1/246351644/ccs,0,24,2,15,199,CAA_interrupted,60
Control_11,m84137_260214_004236_s1/243990874/ccs,0,24,2,15,199,CAA_interrupted,60
Control_11,m84137_260214_004236_s1/247399331/ccs,0,24,2,15,199,CAA_interrupted,60
Control_11,m84137_260214_004236_s1/247399392/ccs,0,24,2,15,199,CAA_interrupted,60
Control_11,m84137_260214_004236_s1/262801125/ccs,0,24,2,15,199,CAA_interrupted,60
Control_11,m84137_260214_004236_s1/248252490/ccs,0,24,2,15,199,CAA_interrupted,60
Control_11,m84137_260214_004236_s1/266667343/ccs,0,24,2,14,199,CAA_interrupted,60
Control_11,m84137_260214_004236_s1/4657390/ccs,0,24,2,15,199,CAA_interrupted,60
Control_11,m84137_260214_004236_s1/6426335/ccs,0,24,2,15,199,CAA_interrupted,60
Control_11,m84137_260214_004236_s1/250085961/ccs,0,24,2,15,199,CAA_interrupted,60
Control_11,m84137_260214_004236_s1/20974923/ccs,0,24,2,15,199,CAA_interrupted,60
Control_11,m84137_260214_004236_s1/21303908/ccs,0,24,2,15,199,CAA_interrupted,60
Control_11,m84137_260214_004236_s1/17370249/ccs,0,24,2,15,199,CAA_interrupted,60
Control_11,m84137_260214_004236_s1/210830685/ccs,0,24,2,15,199,CAA_interrupted,60
Control_11,m84137_260214_004236_s1/202968962/ccs,0,24,2,15,199,CAA_interrupted,60
Control_11,m84137_260214_004236_s1/180229406/ccs,0,24,2,15,199,CAA_interrupted,60
Control_11,m84137_260214_004236_s1/208606202/ccs,0,24,2,15,199,CAA_interrupted,60
Control_11,m84137_260214_004236_s1/203625855/ccs,0,24,2,15,199,CAA_interrupted,60
Control_11,m84137_260214_004236_s1/222696907/ccs,0,24,2,15,199,CAA_interrupted,60
Control_11,m84137_260214_004236_s1/225251318/ccs,0,24,2,15,199,CAA_interrupted,60
Control_11,m84137_260214_004236_s1/182718532/ccs,0,24,2,15,199,CAA_interrupted,60
Control_11,m84137_260214_004236_s1/211488867/ccs,0,24,2,15,199,CAA_interrupted,60
Control_11,m84137_260214_004236_s1/183045975/ccs,0,24,2,15,199,CAA_interrupted,60
Control_11,m84137_260214_004236_s1/206706024/ccs,0,24,2,15,199,CAA_interrupted,60
Control_11,m84137_260214_004236_s1/234951793/ccs,0,24,2,15,199,CAA_interrupted,60
Control_11,m84137_260214_004236_s1/253957921/ccs,0,24,2,15,199,CAA_interrupted,60
Control_11,m84137_260214_004236_s1/228922146/ccs,0,24,2,15,199,CAA_interrupted,60
Control_11,m84137_260214_004236_s1/237311121/ccs,0,24,2,15,199,CAA_interrupted,60
Control_11,m84137_260214_004236_s1/242751339/ccs,0,24,2,15,199,CAA_interrupted,60
Control_11,m84137_260214_004236_s1/243013454/ccs,0,24,2,15,199,CAA_interrupted,60
Control_11,m84137_260214_004236_s1/250091099/ccs,0,24,2,15,199,CAA_interrupted,60
Control_11,m84137_260214_004236_s1/250481902/ccs,0,24,2,15,199,CAA_interrupted,60
Control_11,m84137_260214_004236_s1/9242540/ccs,0,24,2,15,199,CAA_interrupted,60
Control_11,m84137_260214_004236_s1/48497171/ccs,0,24,2,15,199,CAA_interrupted,60
Control_11,m84137_260214_004236_s1/65864615/ccs,0,24,2,15,199,CAA_interrupted,60
Control_11,m84137_260214_004236_s1/125437983/ccs,0,24,2,15,199,CAA_interrupted,60
Control_11,m84137_260214_004236_s1/168689847/ccs,0,24,2,15,199,CAA_interrupted,60
Control_11,m84137_260214_004236_s1/167444898/ccs,0,24,2,15,199,CAA_interrupted,60
Control_11,m84137_260214_004236_s1/191433600/ccs,0,24,2,15,199,CAA_interrupted,60
Control_11,m84137_260214_004236_s1/245039223/ccs,0,24,2,15,199,CAA_interrupted,60
Control_11,m84137_260214_004236_s1/108008272/ccs,0,24,2,15,199,CAA_interrupted,60
Control_11,m84137_260214_004236_s1/165285060/ccs,0,24,2,15,199,CAA_interrupted,60
Control_11,m84137_260214_004236_s1/105450169/ccs,0,24,2,15,199,CAA_interrupted,60
Control_11,m84137_260214_004236_s1/130946873/ccs,0,24,2,15,199,CAA_interrupted,60
Control_11,m84137_260214_004236_s1/131206805/ccs,0,24,2,15,199,CAA_interrupted,60
Control_11,m84137_260214_004236_s1/131404690/ccs,0,24,2,15,199,CAA_interrupted,60
Control_11,m84137_260214_004236_s1/112201236/ccs,0,24,2,15,199,CAA_interrupted,60
Control_11,m84137_260214_004236_s1/139792523/ccs,0,24,2,15,199,CAA_interrupted,60
Control_11,m84137_260214_004236_s1/157944912/ccs,0,24,2,15,199,CAA_interrupted,60
Control_11,m84137_260214_004236_s1/154931238/ccs,0,24,2,15,199,CAA_interrupted,60
Control_11,m84137_260214_004236_s1/155718136/ccs,0,24,2,15,199,CAA_interrupted,60
Control_11,m84137_260214_004236_s1/142414304/ccs,0,24,2,15,199,CAA_interrupted,60
Control_11,m84137_260214_004236_s1/159519024/ccs,0,24,2,15,199,CAA_interrupted,60
Control_11,m84137_260214_004236_s1/163256035/ccs,0,24,2,15,199,CAA_interrupted,60
Control_11,m84137_260214_004236_s1/144643462/ccs,0,24,2,15,199,CAA_interrupted,60
Control_11,m84137_260214_004236_s1/168431932/ccs,0,24,2,15,199,CAA_interrupted,60
Control_11,m84137_260214_004236_s1/185865039/ccs,0,24,2,15,199,CAA_interrupted,60
Control_11,m84137_260214_004236_s1/23266137/ccs,0,24,2,15,199,CAA_interrupted,60
Control_11,m84137_260214_004236_s1/28706658/ccs,0,24,2,15,199,CAA_interrupted,60
Control_11,m84137_260214_004236_s1/18219249/ccs,0,24,2,15,199,CAA_interrupted,60
Control_11,m84137_260214_004236_s1/24577105/ccs,0,24,2,15,199,CAA_interrupted,60
Control_11,m84137_260214_004236_s1/9110389/ccs,0,24,2,15,199,CAA_interrupted,60
Control_11,m84137_260214_004236_s1/14223586/ccs,0,24,2,15,199,CAA_interrupted,60
Control_11,m84137_260214_004236_s1/21168535/ccs,0,24,2,15,199,CAA_interrupted,60
Control_11,m84137_260214_004236_s1/21168426/ccs,0,24,2,15,199,CAA_interrupted,60
Control_11,m84137_260214_004236_s1/15336391/ccs,0,24,2,15,199,CAA_interrupted,60
Control_11,m84137_260214_004236_s1/34802630/ccs,0,24,2,15,199,CAA_interrupted,60
Control_11,m84137_260214_004236_s1/56952180/ccs,0,24,2,15,199,CAA_interrupted,60
Control_11,m84137_260214_004236_s1/36572105/ccs,0,24,2,15,199,CAA_interrupted,60
Control_11,m84137_260214_004236_s1/36833668/ccs,0,24,2,15,199,CAA_interrupted,60
Control_11,m84137_260214_004236_s1/36899806/ccs,0,24,2,15,199,CAA_interrupted,60
Control_11,m84137_260214_004236_s1/52824454/ccs,0,24,2,15,199,CAA_interrupted,60
Control_11,m84137_260214_004236_s1/58788754/ccs,0,24,2,15,199,CAA_interrupted,60
Control_11,m84137_260214_004236_s1/53084374/ccs,0,24,2,15,199,CAA_interrupted,60
Control_11,m84137_260214_004236_s1/62455945/ccs,0,24,2,15,199,CAA_interrupted,60
Control_11,m84137_260214_004236_s1/37684272/ccs,0,24,2,15,199,CAA_interrupted,60
Control_11,m84137_260214_004236_s1/41486086/ccs,0,24,2,15,199,CAA_interrupted,60
Control_11,m84137_260214_004236_s1/59704503/ccs,0,24,2,15,199,CAA_interrupted,60
Control_11,m84137_260214_004236_s1/99290004/ccs,0,24,2,15,199,CAA_interrupted,60
Control_11,m84137_260214_004236_s1/117835984/ccs,0,24,2,15,199,CAA_interrupted,60
Control_11,m84137_260214_004236_s1/118424671/ccs,0,24,2,15,199,CAA_interrupted,60
Control_11,m84137_260214_004236_s1/83362115/ccs,0,24,2,15,199,CAA_interrupted,60
Control_11,m84137_260214_004236_s1/119014914/ccs,0,24,2,15,199,CAA_interrupted,60
Control_11,m84137_260214_004236_s1/100271700/ccs,0,24,2,15,199,CAA_interrupted,60
Control_11,m84137_260214_004236_s1/119734487/ccs,0,24,2,15,199,CAA_interrupted,60
Control_11,m84137_260214_004236_s1/120062641/ccs,0,24,2,15,199,CAA_interrupted,60
Control_11,m84137_260214_004236_s1/125503493/ccs,0,24,2,15,199,CAA_interrupted,60
Control_11,m84137_260214_004236_s1/120851269/ccs,0,24,2,15,199,CAA_interrupted,60
Control_11,m84137_260214_004236_s1/121700817/ccs,0,24,2,15,199,CAA_interrupted,60
Control_11,m84137_260214_004236_s1/113378389/ccs,0,24,2,15,199,CAA_interrupted,60
Control_11,m84137_260214_004236_s1/126880251/ccs,0,24,2,15,199,CAA_interrupted,60
Control_11,m84137_260214_004236_s1/127206516/ccs,0,24,2,15,199,CAA_interrupted,60
Control_11,m84137_260214_004236_s1/134744123/ccs,0,24,2,15,199,CAA_interrupted,60
Control_11,m84137_260214_004236_s1/230032808/ccs,0,24,2,15,199,CAA_interrupted,60
Control_11,m84137_260214_004236_s1/230359405/ccs,0,24,2,15,199,CAA_interrupted,60
Control_11,m84137_260214_004236_s1/212863652/ccs,0,24,2,15,199,CAA_interrupted,60
Control_11,m84137_260214_004236_s1/212861942/ccs,0,24,2,15,199,CAA_interrupted,60
Control_11,m84137_260214_004236_s1/211157799/ccs,0,24,2,15,199,CAA_interrupted,60
Control_11,m84137_260214_004236_s1/213451951/ccs,0,24,2,15,199,CAA_interrupted,60
Control_11,m84137_260214_004236_s1/211815083/ccs,0,24,2,15,199,CAA_interrupted,60
Control_11,m84137_260214_004236_s1/228721379/ccs,0,24,2,15,199,CAA_interrupted,60
Control_11,m84137_260214_004236_s1/240453168/ccs,0,24,2,15,199,CAA_interrupted,60
Control_11,m84137_260214_004236_s1/254019500/ccs,0,24,2,15,199,CAA_interrupted,60
Control_11,m84137_260214_004236_s1/240913245/ccs,0,24,2,15,199,CAA_interrupted,60
Control_11,m84137_260214_004236_s1/233375137/ccs,0,24,2,15,199,CAA_interrupted,60
Control_11,m84137_260214_004236_s1/235996985/ccs,0,24,2,15,199,CAA_interrupted,60
Control_11,m84137_260214_004236_s1/257492176/ccs,0,24,2,15,199,CAA_interrupted,60
Control_11,m84137_260214_004236_s1/241107089/ccs,0,24,2,15,199,CAA_interrupted,60
Control_11,m84137_260214_004236_s1/233572710/ccs,0,24,2,15,199,CAA_interrupted,60
Control_11,m84137_260214_004236_s1/237046144/ccs,0,24,2,15,199,CAA_interrupted,60
Control_11,m84137_260214_004236_s1/217645262/ccs,0,24,2,15,199,CAA_interrupted,60
Control_11,m84137_260214_004236_s1/263980550/ccs,0,24,2,15,199,CAA_interrupted,60
Control_11,m84137_260214_004236_s1/244190079/ccs,0,24,2,15,199,CAA_interrupted,60
Control_11,m84137_260214_004236_s1/244515070/ccs,0,24,2,15,199,CAA_interrupted,60
Control_11,m84137_260214_004236_s1/37945906/ccs,0,24,2,15,199,CAA_interrupted,60
Control_11,m84137_260214_004236_s1/53346429/ccs,0,24,2,15,199,CAA_interrupted,60
Control_11,m84137_260214_004236_s1/42270865/ccs,0,24,2,15,199,CAA_interrupted,60
Control_11,m84137_260214_004236_s1/38471599/ccs,1,24,2,15,199,CAA_interrupted,60
Control_11,m84137_260214_004236_s1/54132974/ccs,0,24,2,15,199,CAA_interrupted,60
Control_11,m84137_260214_004236_s1/54397882/ccs,0,24,2,15,199,CAA_interrupted,60
Control_11,m84137_260214_004236_s1/67242160/ccs,0,24,2,15,199,CAA_interrupted,60
Control_11,m84137_260214_004236_s1/48039391/ccs,0,24,2,15,199,CAA_interrupted,60
Control_11,m84137_260214_004236_s1/61474268/ccs,0,24,2,15,199,CAA_interrupted,60
Control_11,m84137_260214_004236_s1/48303031/ccs,0,24,2,15,199,CAA_interrupted,60
Control_11,m84137_260214_004236_s1/48826032/ccs,0,24,2,15,199,CAA_interrupted,60
Control_11,m84137_260214_004236_s1/90439890/ccs,0,24,2,15,199,CAA_interrupted,60
Control_11,m84137_260214_004236_s1/69271752/ccs,0,24,2,15,199,CAA_interrupted,60
Control_11,m84137_260214_004236_s1/69796361/ccs,0,24,2,15,199,CAA_interrupted,60
Control_11,m84137_260214_004236_s1/70255660/ccs,0,24,2,15,199,CAA_interrupted,60
Control_11,m84137_260214_004236_s1/95095759/ccs,0,24,2,15,199,CAA_interrupted,60
Control_11,m84137_260214_004236_s1/95356769/ccs,0,24,2,15,199,CAA_interrupted,60
Control_11,m84137_260214_004236_s1/92472423/ccs,0,24,2,15,199,CAA_interrupted,60
Control_11,m84137_260214_004236_s1/92736496/ccs,0,24,2,15,199,CAA_interrupted,60
Control_11,m84137_260214_004236_s1/96142247/ccs,0,24,2,15,199,CAA_interrupted,60
Control_11,m84137_260214_004236_s1/79758183/ccs,0,24,2,15,199,CAA_interrupted,60
Control_11,m84137_260214_004236_s1/72286349/ccs,0,24,2,15,199,CAA_interrupted,60
Control_11,m84137_260214_004236_s1/97323280/ccs,0,24,2,15,199,CAA_interrupted,60
Control_11,m84137_260214_004236_s1/87623425/ccs,0,24,2,15,199,CAA_interrupted,60
Control_11,m84137_260214_004236_s1/87623085/ccs,0,24,2,15,199,CAA_interrupted,60
Control_11,m84137_260214_004236_s1/81070150/ccs,0,24,2,15,199,CAA_interrupted,60
Control_11,m84137_260214_004236_s1/98240914/ccs,0,24,2,15,199,CAA_interrupted,60
Control_11,m84137_260214_004236_s1/201526856/ccs,0,24,2,15,199,CAA_interrupted,60
Control_11,m84137_260214_004236_s1/224203196/ccs,0,24,2,15,199,CAA_interrupted,60
Control_11,m84137_260214_004236_s1/209393265/ccs,0,24,2,15,199,CAA_interrupted,60
Control_11,m84137_260214_004236_s1/209327605/ccs,0,24,2,15,199,CAA_interrupted,60
Control_11,m84137_260214_004236_s1/209786794/ccs,0,24,2,15,199,CAA_interrupted,60
Control_11,m84137_260214_004236_s1/222827953/ccs,0,24,2,15,199,CAA_interrupted,60
Control_11,m84137_260214_004236_s1/223483053/ccs,0,24,2,15,199,CAA_interrupted,60
Control_11,m84137_260214_004236_s1/205264785/ccs,0,24,2,15,199,CAA_interrupted,60
Control_11,m84137_260214_004236_s1/226693609/ccs,0,24,2,15,199,CAA_interrupted,60
Control_11,m84137_260214_004236_s1/230231142/ccs,0,24,2,15,199,CAA_interrupted,60
Control_11,m84137_260214_004236_s1/240653060/ccs,0,24,2,15,199,CAA_interrupted,60
Control_11,m84137_260214_004236_s1/235214311/ccs,0,24,2,15,199,CAA_interrupted,60
Control_11,m84137_260214_004236_s1/183831614/ccs,0,24,2,15,199,CAA_interrupted,60
Control_11,m84137_260214_004236_s1/236000175/ccs,0,24,2,15,199,CAA_interrupted,60
Control_11,m84137_260214_004236_s1/229119676/ccs,0,24,2,15,199,CAA_interrupted,60
Control_11,m84137_260214_004236_s1/254873731/ccs,0,24,2,15,199,CAA_interrupted,60
Control_11,m84137_260214_004236_s1/257232933/ccs,0,24,2,15,199,CAA_interrupted,60
Control_11,m84137_260214_004236_s1/214305901/ccs,0,24,2,15,199,CAA_interrupted,60
Control_11,m84137_260214_004236_s1/233510833/ccs,0,24,2,15,199,CAA_interrupted,60
Control_11,m84137_260214_004236_s1/233247823/ccs,0,24,2,15,199,CAA_interrupted,60
Control_11,m84137_260214_004236_s1/260312866/ccs,0,24,2,15,199,CAA_interrupted,60
Control_11,m84137_260214_004236_s1/40763566/ccs,0,24,2,15,199,CAA_interrupted,60
Control_11,m84137_260214_004236_s1/116067093/ccs,0,24,2,15,199,CAA_interrupted,60
Control_11,m84137_260214_004236_s1/57999735/ccs,0,24,2,15,199,CAA_interrupted,60
Control_11,m84137_260214_004236_s1/90899253/ccs,0,24,2,15,199,CAA_interrupted,60
Control_11,m84137_260214_004236_s1/74058690/ccs,0,23,2,15,199,CAA_interrupted,60
Control_11,m84137_260214_004236_s1/80610408/ccs,0,24,2,15,199,CAA_interrupted,60
Control_11,m84137_260214_004236_s1/190972761/ccs,0,24,2,15,199,CAA_interrupted,60
Control_11,m84137_260214_004236_s1/218761432/ccs,0,24,2,15,199,CAA_interrupted,60
Control_11,m84137_260214_004236_s1/227672802/ccs,0,24,2,15,199,CAA_interrupted,60
Control_11,m84137_260214_004236_s1/238487399/ccs,0,24,2,15,199,CAA_interrupted,60
Control_11,m84137_260214_004236_s1/43651067/ccs,0,24,2,15,199,CAA_interrupted,60
Control_11,m84137_260214_004236_s1/175443252/ccs,0,24,2,15,199,CAA_interrupted,60
Control_11,m84137_260214_004236_s1/232985847/ccs,0,24,2,15,199,CAA_interrupted,60
Control_11,m84137_260214_004236_s1/28378296/ccs,0,24,2,15,199,CAA_interrupted,60
Control_11,m84137_260214_004236_s1/191629715/ccs,0,24,2,15,199,CAA_interrupted,60
Control_11,m84137_260214_004236_s1/175180408/ccs,0,24,2,15,199,CAA_interrupted,60
Control_11,m84137_260214_004236_s1/175311790/ccs,0,24,2,15,199,CAA_interrupted,60
Control_11,m84137_260214_004236_s1/150930112/ccs,0,24,2,15,199,CAA_interrupted,60
Control_11,m84137_260214_004236_s1/175638274/ccs,0,24,2,15,199,CAA_interrupted,60
Control_11,m84137_260214_004236_s1/188941826/ccs,0,24,2,15,199,CAA_interrupted,60
Control_11,m84137_260214_004236_s1/192283909/ccs,0,24,2,15,199,CAA_interrupted,60
Control_11,m84137_260214_004236_s1/218234982/ccs,0,24,2,15,199,CAA_interrupted,60
Control_11,m84137_260214_004236_s1/194120524/ccs,0,24,2,15,199,CAA_interrupted,60
Control_11,m84137_260214_004236_s1/219547004/ccs,0,24,2,15,199,CAA_interrupted,60
Control_11,m84137_260214_004236_s1/180880700/ccs,0,24,2,15,199,CAA_interrupted,60
Control_11,m84137_260214_004236_s1/199689807/ccs,0,24,2,15,199,CAA_interrupted,60
Control_11,m84137_260214_004236_s1/199885418/ccs,0,24,2,15,199,CAA_interrupted,60
Control_11,m84137_260214_004236_s1/224003830/ccs,0,24,2,15,199,CAA_interrupted,60
Control_11,m84137_260214_004236_s1/182649844/ccs,0,24,2,15,199,CAA_interrupted,60
Control_11,m84137_260214_004236_s1/183174361/ccs,0,24,2,15,199,CAA_interrupted,60
Control_11,m84137_260214_004236_s1/222232720/ccs,0,24,2,15,199,CAA_interrupted,60
Control_11,m84137_260214_004236_s1/204015512/ccs,0,24,2,15,199,CAA_interrupted,60
Control_11,m84137_260214_004236_s1/203883786/ccs,0,24,2,15,199,CAA_interrupted,60
Control_11,m84137_260214_004236_s1/229705123/ccs,0,24,2,15,199,CAA_interrupted,60
Control_11,m84137_260214_004236_s1/183895541/ccs,0,24,2,15,199,CAA_interrupted,60
Control_11,m84137_260214_004236_s1/184156912/ccs,0,24,2,15,199,CAA_interrupted,60
Control_11,m84137_260214_004236_s1/184420878/ccs,0,24,2,15,199,CAA_interrupted,60
Control_11,m84137_260214_004236_s1/240193060/ccs,0,24,2,15,199,CAA_interrupted,60
Control_11,m84137_260214_004236_s1/246486088/ccs,0,24,2,15,199,CAA_interrupted,60
Control_11,m84137_260214_004236_s1/7603736/ccs,0,24,2,15,199,CAA_interrupted,60
Control_11,m84137_260214_004236_s1/50398862/ccs,0,24,2,15,199,CAA_interrupted,60
Control_11,m84137_260214_004236_s1/47188829/ccs,0,24,2,15,199,CAA_interrupted,60
Control_11,m84137_260214_004236_s1/157157213/ccs,0,24,2,15,199,CAA_interrupted,60
Control_11,m84137_260214_004236_s1/209911901/ccs,0,24,2,15,199,CAA_interrupted,60
Control_11,m84137_260214_004236_s1/3935250/ccs,0,24,2,15,199,CAA_interrupted,60
Control_11,m84137_260214_004236_s1/41422700/ccs,0,24,2,15,199,CAA_interrupted,60
Control_11,m84137_260214_004236_s1/236721561/ccs,0,24,2,15,199,CAA_interrupted,60
Control_11,m84137_260214_004236_s1/3735876/ccs,0,24,2,15,199,CAA_interrupted,60
Control_11,m84137_260214_004236_s1/3999563/ccs,0,24,2,15,199,CAA_interrupted,60
Control_11,m84137_260214_004236_s1/50988068/ccs,0,24,2,15,199,CAA_interrupted,60
Control_11,m84137_260214_004236_s1/41421612/ccs,0,24,2,15,199,CAA_interrupted,60
Control_11,m84137_260214_004236_s1/97584261/ccs,0,24,2,15,199,CAA_interrupted,60
Control_11,m84137_260214_004236_s1/81135987/ccs,0,24,2,15,199,CAA_interrupted,60
Control_11,m84137_260214_004236_s1/77006060/ccs,0,24,2,15,199,CAA_interrupted,60
Control_11,m84137_260214_004236_s1/104007484/ccs,0,24,2,15,199,CAA_interrupted,60
Control_11,m84137_260214_004236_s1/133300841/ccs,0,24,2,15,199,CAA_interrupted,60
Control_11,m84137_260214_004236_s1/155191907/ccs,0,24,2,15,199,CAA_interrupted,60
Control_11,m84137_260214_004236_s1/165937214/ccs,0,24,2,15,199,CAA_interrupted,60
Control_11,m84137_260214_004236_s1/177605631/ccs,0,24,2,15,199,CAA_interrupted,60
Control_11,m84137_260214_004236_s1/201722131/ccs,0,24,2,15,199,CAA_interrupted,60
Control_11,m84137_260214_004236_s1/210698738/ccs,0,24,2,15,199,CAA_interrupted,60
Control_11,m84137_260214_004236_s1/213517763/ccs,0,24,2,15,199,CAA_interrupted,60
Control_11,m84137_260214_004236_s1/236586560/ccs,0,24,2,15,199,CAA_interrupted,60
Control_11,m84137_260214_004236_s1/257033131/ccs,0,24,2,15,199,CAA_interrupted,60
Control_11,m84137_260214_004236_s1/261097573/ccs,0,24,2,15,199,CAA_interrupted,60
Control_11,m84137_260214_004236_s1/17241289/ccs,0,24,2,15,199,CAA_interrupted,60
Control_11,m84137_260214_004236_s1/265750419/ccs,0,24,2,15,199,CAA_interrupted,60
Control_11,m84137_260214_004236_s1/3479191/ccs,0,24,2,15,199,CAA_interrupted,60
Control_11,m84137_260214_004236_s1/29758418/ccs,0,24,2,15,199,CAA_interrupted,60
Control_11,m84137_260214_004236_s1/40374541/ccs,0,24,2,15,199,CAA_interrupted,60
Control_11,m84137_260214_004236_s1/45682965/ccs,0,24,2,15,199,CAA_interrupted,60
Control_11,m84137_260214_004236_s1/45551522/ccs,0,24,2,15,199,CAA_interrupted,60
Control_11,m84137_260214_004236_s1/152245288/ccs,0,24,2,15,199,CAA_interrupted,60
Control_11,m84137_260214_004236_s1/153685127/ccs,0,24,2,15,199,CAA_interrupted,60
Control_11,m84137_260214_004236_s1/162861590/ccs,0,24,2,15,199,CAA_interrupted,60
Control_11,m84137_260214_004236_s1/194514894/ccs,0,24,2,15,199,CAA_interrupted,60
Control_11,m84137_260214_004236_s1/238884218/ccs,0,24,2,15,199,CAA_interrupted,60
Control_11,m84137_260214_004236_s1/256904404/ccs,0,24,2,15,199,CAA_interrupted,60
Control_11,m84137_260214_004236_s1/61737070/ccs,0,24,2,15,199,CAA_interrupted,60
Control_11,m84137_260214_004236_s1/76087384/ccs,0,24,2,15,199,CAA_interrupted,60
Control_11,m84137_260214_004236_s1/137628433/ccs,0,24,2,15,199,CAA_interrupted,60
Control_11,m84137_260214_004236_s1/163578971/ccs,0,24,2,15,199,CAA_interrupted,60
Control_11,m84137_260214_004236_s1/172950417/ccs,0,24,2,15,199,CAA_interrupted,60
Control_11,m84137_260214_004236_s1/182517906/ccs,0,24,2,15,199,CAA_interrupted,60
Control_11,m84137_260214_004236_s1/184292146/ccs,0,24,2,15,199,CAA_interrupted,60
Control_11,m84137_260214_004236_s1/42471296/ccs,0,24,2,15,199,CAA_interrupted,60
Control_11,m84137_260214_004236_s1/244516114/ccs,0,24,2,15,199,CAA_interrupted,60
Control_11,m84137_260214_004236_s1/240323097/ccs,0,24,2,15,199,CAA_interrupted,60
Control_11,m84137_260214_004236_s1/245434879/ccs,0,24,2,15,199,CAA_interrupted,60
Control_11,m84137_260214_004236_s1/247924339/ccs,0,24,2,15,199,CAA_interrupted,60
Control_11,m84137_260214_004236_s1/266404523/ccs,0,24,2,15,199,CAA_interrupted,60
Control_11,m84137_260214_004236_s1/19206338/ccs,0,24,2,15,199,CAA_interrupted,60
Control_11,m84137_260214_004236_s1/248513929/ccs,0,24,2,15,199,CAA_interrupted,60
Control_11,m84137_260214_004236_s1/248907613/ccs,0,24,2,15,199,CAA_interrupted,60
Control_11,m84137_260214_004236_s1/249233679/ccs,0,24,2,15,199,CAA_interrupted,60
Control_11,m84137_260214_004236_s1/267453193/ccs,0,24,2,15,199,CAA_interrupted,60
Control_11,m84137_260214_004236_s1/249496081/ccs,0,24,2,15,199,CAA_interrupted,60
Control_11,m84137_260214_004236_s1/24449654/ccs,0,24,2,15,199,CAA_interrupted,60
Control_11,m84137_260214_004236_s1/250216958/ccs,0,24,2,15,199,CAA_interrupted,60
Control_11,m84137_260214_004236_s1/25564109/ccs,0,24,2,15,199,CAA_interrupted,60
Control_11,m84137_260214_004236_s1/35982735/ccs,0,24,2,15,199,CAA_interrupted,60
Control_11,m84137_260214_004236_s1/10948566/ccs,0,24,2,15,199,CAA_interrupted,60
Control_11,m84137_260214_004236_s1/39783515/ccs,0,24,2,15,199,CAA_interrupted,60
Control_11,m84137_260214_004236_s1/56497392/ccs,0,24,2,15,199,CAA_interrupted,60
Control_11,m84137_260214_004236_s1/13505181/ccs,0,24,2,15,199,CAA_interrupted,60
Control_11,m84137_260214_004236_s1/56693398/ccs,0,24,2,15,199,CAA_interrupted,60
Control_11,m84137_260214_004236_s1/61672651/ccs,0,24,2,15,199,CAA_interrupted,60
Control_11,m84137_260214_004236_s1/152962115/ccs,0,24,2,15,199,CAA_interrupted,60
Control_11,m84137_260214_004236_s1/152896080/ccs,0,24,2,15,199,CAA_interrupted,60
Control_11,m84137_260214_004236_s1/154468725/ccs,0,24,2,15,199,CAA_interrupted,60
Control_11,m84137_260214_004236_s1/138282549/ccs,0,24,2,15,199,CAA_interrupted,60
Control_11,m84137_260214_004236_s1/159385786/ccs,0,24,2,15,199,CAA_interrupted,60
Control_11,m84137_260214_004236_s1/159320677/ccs,0,24,2,15,199,CAA_interrupted,60
Control_11,m84137_260214_004236_s1/142935393/ccs,0,24,2,15,199,CAA_interrupted,60
Control_11,m84137_260214_004236_s1/160565024/ccs,0,24,2,15,199,CAA_interrupted,60
Control_11,m84137_260214_004236_s1/164694887/ccs,0,24,2,15,199,CAA_interrupted,60
Control_11,m84137_260214_004236_s1/144050946/ccs,0,24,2,15,199,CAA_interrupted,60
Control_11,m84137_260214_004236_s1/184879940/ccs,0,24,2,15,199,CAA_interrupted,60
Control_11,m84137_260214_004236_s1/161679324/ccs,0,24,2,15,199,CAA_interrupted,60
Control_11,m84137_260214_004236_s1/165676541/ccs,0,24,2,15,199,CAA_interrupted,60
Control_11,m84137_260214_004236_s1/147915103/ccs,0,24,2,15,199,CAA_interrupted,60
Control_11,m84137_260214_004236_s1/145230490/ccs,0,24,2,15,199,CAA_interrupted,60
Control_11,m84137_260214_004236_s1/169019190/ccs,0,24,2,15,199,CAA_interrupted,60
Control_11,m84137_260214_004236_s1/168889091/ccs,0,24,2,15,199,CAA_interrupted,60
Control_11,m84137_260214_004236_s1/149094991/ccs,0,24,2,15,199,CAA_interrupted,60
Control_11,m84137_260214_004236_s1/186976082/ccs,0,24,2,15,199,CAA_interrupted,60
Control_11,m84137_260214_004236_s1/169936997/ccs,0,24,2,15,199,CAA_interrupted,60
Control_11,m84137_260214_004236_s1/149553651/ccs,0,24,2,15,199,CAA_interrupted,60
Control_11,m84137_260214_004236_s1/167381064/ccs,0,24,2,15,199,CAA_interrupted,60
Control_11,m84137_260214_004236_s1/30608480/ccs,0,24,2,15,199,CAA_interrupted,60
Control_11,m84137_260214_004236_s1/10359043/ccs,0,24,2,15,199,CAA_interrupted,60
Control_11,m84137_260214_004236_s1/31331433/ccs,0,24,2,15,199,CAA_interrupted,60
Control_11,m84137_260214_004236_s1/12652784/ccs,0,24,2,15,199,CAA_interrupted,60
Control_11,m84137_260214_004236_s1/12522623/ccs,0,24,2,15,199,CAA_interrupted,60
Control_11,m84137_260214_004236_s1/31985484/ccs,0,24,2,15,199,CAA_interrupted,60
Control_11,m84137_260214_004236_s1/39392080/ccs,0,24,2,15,199,CAA_interrupted,60
Control_11,m84137_260214_004236_s1/36706222/ccs,0,24,2,15,199,CAA_interrupted,60
Control_11,m84137_260214_004236_s1/53417669/ccs,0,24,2,15,199,CAA_interrupted,60
Control_11,m84137_260214_004236_s1/33100812/ccs,0,24,2,15,199,CAA_interrupted,60
Control_11,m84137_260214_004236_s1/38868597/ccs,0,24,2,15,199,CAA_interrupted,60
Control_11,m84137_260214_004236_s1/54530905/ccs,0,24,2,15,199,CAA_interrupted,60
Control_11,m84137_260214_004236_s1/67703809/ccs,0,24,2,15,199,CAA_interrupted,60
Control_11,m84137_260214_004236_s1/15535660/ccs,0,24,2,15,199,CAA_interrupted,60
Control_11,m84137_260214_004236_s1/59640883/ccs,0,24,2,15,199,CAA_interrupted,60
Control_11,m84137_260214_004236_s1/69079873/ccs,0,24,2,15,199,CAA_interrupted,60
Control_11,m84137_260214_004236_s1/44570543/ccs,0,24,2,15,199,CAA_interrupted,60
Control_11,m84137_260214_004236_s1/73731371/ccs,0,24,2,15,199,CAA_interrupted,60
Control_11,m84137_260214_004236_s1/73799468/ccs,0,24,2,15,199,CAA_interrupted,60
Control_11,m84137_260214_004236_s1/87560304/ccs,0,24,2,15,199,CAA_interrupted,60
Control_11,m84137_260214_004236_s1/95229324/ccs,0,24,2,15,199,CAA_interrupted,60
Control_11,m84137_260214_004236_s1/47453602/ccs,0,24,2,15,199,CAA_interrupted,60
Control_11,m84137_260214_004236_s1/101322384/ccs,0,24,2,15,199,CAA_interrupted,60
Control_11,m84137_260214_004236_s1/103153702/ccs,0,24,2,15,199,CAA_interrupted,60
Control_11,m84137_260214_004236_s1/107874137/ccs,0,24,2,15,199,CAA_interrupted,60
Control_11,m84137_260214_004236_s1/107807972/ccs,0,24,2,15,199,CAA_interrupted,60
Control_11,m84137_260214_004236_s1/119802211/ccs,0,24,2,15,199,CAA_interrupted,60
Control_11,m84137_260214_004236_s1/128648491/ccs,0,24,2,15,199,CAA_interrupted,60
Control_11,m84137_260214_004236_s1/103612491/ccs,0,24,2,15,199,CAA_interrupted,60
Control_11,m84137_260214_004236_s1/103809219/ccs,0,24,2,15,199,CAA_interrupted,60
Control_11,m84137_260214_004236_s1/125043142/ccs,0,24,2,15,199,CAA_interrupted,60
Control_11,m84137_260214_004236_s1/112197723/ccs,0,24,2,15,199,CAA_interrupted,60
Control_11,m84137_260214_004236_s1/108724408/ccs,0,24,2,15,199,CAA_interrupted,60
Control_11,m84137_260214_004236_s1/109119870/ccs,0,24,2,15,199,CAA_interrupted,60
Control_11,m84137_260214_004236_s1/112853163/ccs,0,24,2,15,199,CAA_interrupted,60
Control_11,m84137_260214_004236_s1/131664022/ccs,0,24,2,15,199,CAA_interrupted,60
Control_11,m84137_260214_004236_s1/131729721/ccs,0,24,2,15,199,CAA_interrupted,60
Control_11,m84137_260214_004236_s1/156698197/ccs,0,24,2,15,199,CAA_interrupted,60
Control_11,m84137_260214_004236_s1/132449175/ccs,0,24,2,15,199,CAA_interrupted,60
Control_11,m84137_260214_004236_s1/132385366/ccs,0,24,2,15,199,CAA_interrupted,60
Control_11,m84137_260214_004236_s1/136316415/ccs,0,24,2,15,199,CAA_interrupted,60
Control_11,m84137_260214_004236_s1/136383238/ccs,0,24,2,15,199,CAA_interrupted,60
Control_11,m84137_260214_004236_s1/153485809/ccs,0,24,2,15,199,CAA_interrupted,60
Control_11,m84137_260214_004236_s1/140903747/ccs,0,24,2,15,199,CAA_interrupted,60
Control_11,m84137_260214_004236_s1/137364374/ccs,0,24,2,15,199,CAA_interrupted,60
Control_11,m84137_260214_004236_s1/162333148/ccs,0,24,2,15,199,CAA_interrupted,60
Control_11,m84137_260214_004236_s1/117048015/ccs,0,24,2,15,199,CAA_interrupted,60
Control_11,m84137_260214_004236_s1/138282461/ccs,0,24,2,15,199,CAA_interrupted,60
Control_11,m84137_260214_004236_s1/121506944/ccs,0,24,2,15,199,CAA_interrupted,60
Control_11,m84137_260214_004236_s1/105779152/ccs,0,24,2,15,199,CAA_interrupted,60
Control_11,m84137_260214_004236_s1/105845175/ccs,0,24,2,15,199,CAA_interrupted,60
Control_11,m84137_260214_004236_s1/106042011/ccs,0,24,2,15,199,CAA_interrupted,60
Control_11,m84137_260214_004236_s1/130093267/ccs,0,24,2,15,199,CAA_interrupted,60
Control_11,m84137_260214_004236_s1/151130171/ccs,0,24,2,15,199,CAA_interrupted,60
Control_11,m84137_260214_004236_s1/111284219/ccs,0,24,2,15,199,CAA_interrupted,60
Control_11,m84137_260214_004236_s1/153359107/ccs,0,24,2,15,199,CAA_interrupted,60
Control_11,m84137_260214_004236_s1/113316182/ccs,0,24,2,15,199,CAA_interrupted,60
Control_11,m84137_260214_004236_s1/158601068/ccs,0,24,2,15,199,CAA_interrupted,60
Control_11,m84137_260214_004236_s1/155783993/ccs,0,24,2,15,199,CAA_interrupted,60
Control_11,m84137_260214_004236_s1/142545795/ccs,0,24,2,15,199,CAA_interrupted,60
Control_11,m84137_260214_004236_s1/139005032/ccs,0,24,2,15,199,CAA_interrupted,60
Control_11,m84137_260214_004236_s1/115873143/ccs,0,24,2,15,199,CAA_interrupted,60
Control_11,m84137_260214_004236_s1/116199437/ccs,0,24,2,15,199,CAA_interrupted,60
Control_11,m84137_260214_004236_s1/163515667/ccs,0,24,2,15,199,CAA_interrupted,60
Control_11,m84137_260214_004236_s1/116396991/ccs,0,24,2,15,199,CAA_interrupted,60
Control_11,m84137_260214_004236_s1/160699411/ccs,0,24,2,15,199,CAA_interrupted,60
Control_11,m84137_260214_004236_s1/160894487/ccs,0,24,2,15,199,CAA_interrupted,60
Control_11,m84137_260214_004236_s1/185930027/ccs,0,24,2,15,199,CAA_interrupted,60
Control_11,m84137_260214_004236_s1/174199519/ccs,0,24,2,15,199,CAA_interrupted,60
Control_11,m84137_260214_004236_s1/169743899/ccs,0,24,2,15,199,CAA_interrupted,60
Control_11,m84137_260214_004236_s1/147199780/ccs,0,24,2,15,199,CAA_interrupted,60
Control_11,m84137_260214_004236_s1/169938363/ccs,0,24,2,15,199,CAA_interrupted,60
Control_11,m84137_260214_004236_s1/189994648/ccs,0,24,2,15,199,CAA_interrupted,60
Control_11,m84137_260214_004236_s1/192943223/ccs,0,24,2,15,199,CAA_interrupted,60
Control_11,m84137_260214_004236_s1/150211605/ccs,0,24,2,15,199,CAA_interrupted,60
Control_11,m84137_260214_004236_s1/14880608/ccs,0,24,2,15,199,CAA_interrupted,60
Control_11,m84137_260214_004236_s1/14945470/ccs,0,24,2,15,199,CAA_interrupted,60
Control_11,m84137_260214_004236_s1/67767352/ccs,0,24,2,15,199,CAA_interrupted,60
Control_11,m84137_260214_004236_s1/58723817/ccs,0,24,2,15,199,CAA_interrupted,60
Control_11,m84137_260214_004236_s1/42470557/ccs,0,24,2,15,199,CAA_interrupted,60
Control_11,m84137_260214_004236_s1/59314468/ccs,0,24,2,15,199,CAA_interrupted,60
Control_11,m84137_260214_004236_s1/43193419/ccs,0,24,2,15,199,CAA_interrupted,60
Control_11,m84137_260214_004236_s1/68948227/ccs,0,24,2,15,199,CAA_interrupted,60
Control_11,m84137_260214_004236_s1/43650086/ccs,0,24,2,15,199,CAA_interrupted,60
Control_11,m84137_260214_004236_s1/44764871/ccs,0,24,2,15,199,CAA_interrupted,60
Control_11,m84137_260214_004236_s1/44242832/ccs,0,24,2,15,199,CAA_interrupted,60
Control_11,m84137_260214_004236_s1/69668772/ccs,0,24,2,15,199,CAA_interrupted,60
Control_11,m84137_260214_004236_s1/60953515/ccs,0,24,2,15,199,CAA_interrupted,60
Control_11,m84137_260214_004236_s1/46077748/ccs,0,24,2,15,199,CAA_interrupted,60
Control_11,m84137_260214_004236_s1/71309209/ccs,0,24,2,15,199,CAA_interrupted,60
Control_11,m84137_260214_004236_s1/87297956/ccs,0,24,2,15,199,CAA_interrupted,60
Control_11,m84137_260214_004236_s1/47386806/ccs,0,24,2,15,199,CAA_interrupted,60
Control_11,m84137_260214_004236_s1/48697745/ccs,0,24,2,15,199,CAA_interrupted,60
Control_11,m84137_260214_004236_s1/92802517/ccs,0,24,2,15,199,CAA_interrupted,60
Control_11,m84137_260214_004236_s1/102044742/ccs,0,24,2,15,199,CAA_interrupted,60
Control_11,m84137_260214_004236_s1/93262454/ccs,0,24,2,15,199,CAA_interrupted,60
Control_11,m84137_260214_004236_s1/93720444/ccs,0,24,2,15,199,CAA_interrupted,60
Control_11,m84137_260214_004236_s1/119215354/ccs,0,24,2,15,199,CAA_interrupted,60
Control_11,m84137_260214_004236_s1/119279554/ccs,0,24,2,15,199,CAA_interrupted,60
Control_11,m84137_260214_004236_s1/104140070/ccs,0,24,2,15,199,CAA_interrupted,60
Control_11,m84137_260214_004236_s1/99422888/ccs,0,24,2,15,199,CAA_interrupted,60
Control_11,m84137_260214_004236_s1/120067280/ccs,0,24,2,15,199,CAA_interrupted,60
Control_11,m84137_260214_004236_s1/104338122/ccs,0,24,2,15,199,CAA_interrupted,60
Control_11,m84137_260214_004236_s1/107549070/ccs,0,24,2,15,199,CAA_interrupted,60
Control_11,m84137_260214_004236_s1/81073519/ccs,0,24,2,15,199,CAA_interrupted,60
Control_11,m84137_260214_004236_s1/108205847/ccs,0,24,2,15,199,CAA_interrupted,60
Control_11,m84137_260214_004236_s1/34013453/ccs,0,24,2,15,199,CAA_interrupted,60
Control_11,m84137_260214_004236_s1/33882303/ccs,0,24,2,15,199,CAA_interrupted,60
Control_11,m84137_260214_004236_s1/34210113/ccs,0,24,2,15,199,CAA_interrupted,60
Control_11,m84137_260214_004236_s1/22022357/ccs,0,24,2,15,199,CAA_interrupted,60
Control_11,m84137_260214_004236_s1/32964883/ccs,0,24,2,15,199,CAA_interrupted,60
Control_11,m84137_260214_004236_s1/32965408/ccs,0,24,2,15,199,CAA_interrupted,60
Control_11,m84137_260214_004236_s1/50792178/ccs,0,24,2,15,199,CAA_interrupted,60
Control_11,m84137_260214_004236_s1/16517362/ccs,0,24,2,15,199,CAA_interrupted,60
Control_11,m84137_260214_004236_s1/36438758/ccs,0,24,2,15,199,CAA_interrupted,60
Control_11,m84137_260214_004236_s1/46204659/ccs,0,24,2,15,199,CAA_interrupted,60
Control_11,m84137_260214_004236_s1/41683401/ccs,0,24,2,15,199,CAA_interrupted,60
Control_11,m84137_260214_004236_s1/60229967/ccs,0,24,2,15,199,CAA_interrupted,60
Control_11,m84137_260214_004236_s1/38472703/ccs,0,24,2,15,199,CAA_interrupted,60
Control_11,m84137_260214_004236_s1/60427003/ccs,0,24,2,15,199,CAA_interrupted,60
Control_11,m84137_260214_004236_s1/38603609/ccs,0,24,2,15,199,CAA_interrupted,60
Control_11,m84137_260214_004236_s1/63768290/ccs,0,24,2,15,199,CAA_interrupted,60
Control_11,m84137_260214_004236_s1/43911508/ccs,0,24,2,15,199,CAA_interrupted,60
Control_11,m84137_260214_004236_s1/48627815/ccs,0,24,2,15,199,CAA_interrupted,60
Control_11,m84137_260214_004236_s1/48630781/ccs,0,24,2,15,199,CAA_interrupted,60
Control_11,m84137_260214_004236_s1/67897918/ccs,0,24,2,15,199,CAA_interrupted,60
Control_11,m84137_260214_004236_s1/224989022/ccs,0,24,2,15,199,CAA_interrupted,60
Control_11,m84137_260214_004236_s1/222367351/ccs,0,24,2,15,199,CAA_interrupted,60
Control_11,m84137_260214_004236_s1/267258960/ccs,0,24,2,15,199,CAA_interrupted,60
Control_11,m84137_260214_004236_s1/20644215/ccs,0,24,2,15,199,CAA_interrupted,60
Control_11,m84137_260214_004236_s1/36241873/ccs,0,24,2,15,199,CAA_interrupted,60
Control_11,m84137_260214_004236_s1/54462945/ccs,0,24,2,15,199,CAA_interrupted,60
Control_11,m84137_260214_004236_s1/131925219/ccs,0,24,2,15,199,CAA_interrupted,60
Control_11,m84137_260214_004236_s1/226361592/ccs,0,24,2,15,199,CAA_interrupted,60
Control_11,m84137_260214_004236_s1/194908510/ccs,0,24,2,15,199,CAA_interrupted,60
Control_11,m84137_260214_004236_s1/5835455/ccs,0,24,2,15,199,CAA_interrupted,60
Control_11,m84137_260214_004236_s1/11403749/ccs,0,24,2,15,199,CAA_interrupted,60
Control_11,m84137_260214_004236_s1/28837734/ccs,0,24,2,15,199,CAA_interrupted,60
Control_11,m84137_260214_004236_s1/6883476/ccs,0,24,2,15,199,CAA_interrupted,60
Control_11,m84137_260214_004236_s1/13109358/ccs,0,24,2,15,199,CAA_interrupted,60
Control_11,m84137_260214_004236_s1/24970887/ccs,0,24,2,15,199,CAA_interrupted,60
Control_11,m84137_260214_004236_s1/31198085/ccs,0,24,2,15,199,CAA_interrupted,60
Control_11,m84137_260214_004236_s1/87164279/ccs,0,24,2,15,199,CAA_interrupted,60
Control_11,m84137_260214_004236_s1/97716484/ccs,0,24,2,15,199,CAA_interrupted,60
Control_11,m84137_260214_004236_s1/23072518/ccs,0,24,2,15,199,CAA_interrupted,60
Control_11,m84137_260214_004236_s1/246416591/ccs,0,24,2,15,199,CAA_interrupted,60
Control_11,m84137_260214_004236_s1/245039684/ccs,0,24,2,15,199,CAA_interrupted,60
Control_11,m84137_260214_004236_s1/248250833/ccs,0,24,2,15,199,CAA_interrupted,60
Control_11,m84137_260214_004236_s1/248316913/ccs,0,24,2,15,199,CAA_interrupted,60
Control_11,m84137_260214_004236_s1/19207768/ccs,0,24,2,15,199,CAA_interrupted,60
Control_11,m84137_260214_004236_s1/5901912/ccs,0,24,2,15,199,CAA_interrupted,60
Control_11,m84137_260214_004236_s1/23465648/ccs,0,24,2,15,199,CAA_interrupted,60
Control_11,m84137_260214_004236_s1/3411210/ccs,0,24,2,15,199,CAA_interrupted,60
Control_11,m84137_260214_004236_s1/20058386/ccs,0,24,2,15,199,CAA_interrupted,60
Control_11,m84137_260214_004236_s1/267453212/ccs,0,24,2,15,199,CAA_interrupted,60
Control_11,m84137_260214_004236_s1/250219004/ccs,0,24,2,15,199,CAA_interrupted,60
Control_11,m84137_260214_004236_s1/21829110/ccs,0,24,2,15,199,CAA_interrupted,60
Control_11,m84137_260214_004236_s1/251069021/ccs,0,24,2,15,199,CAA_interrupted,60
Control_11,m84137_260214_004236_s1/25890472/ccs,0,24,2,15,199,CAA_interrupted,60
Control_11,m84137_260214_004236_s1/50794727/ccs,0,24,2,15,199,CAA_interrupted,60
Control_11,m84137_260214_004236_s1/35196179/ccs,0,24,2,15,199,CAA_interrupted,60
Control_11,m84137_260214_004236_s1/30346320/ccs,0,24,2,15,199,CAA_interrupted,60
Control_11,m84137_260214_004236_s1/30086356/ccs,0,24,2,15,199,CAA_interrupted,60
Control_11,m84137_260214_004236_s1/116003188/ccs,0,24,2,15,199,CAA_interrupted,60
Control_11,m84137_260214_004236_s1/116332035/ccs,0,24,2,15,199,CAA_interrupted,60
Control_11,m84137_260214_004236_s1/144576056/ccs,0,24,2,15,199,CAA_interrupted,60
Control_11,m84137_260214_004236_s1/144512648/ccs,0,24,2,15,199,CAA_interrupted,60
Control_11,m84137_260214_004236_s1/145034680/ccs,0,24,2,15,199,CAA_interrupted,60
Control_11,m84137_260214_004236_s1/169283441/ccs,0,24,2,15,199,CAA_interrupted,60
Control_11,m84137_260214_004236_s1/166335258/ccs,0,24,2,15,199,CAA_interrupted,60
Control_11,m84137_260214_004236_s1/166399748/ccs,0,24,2,15,199,CAA_interrupted,60
Control_11,m84137_260214_004236_s1/191370723/ccs,0,24,2,15,199,CAA_interrupted,60
Control_11,m84137_260214_004236_s1/192417684/ccs,0,24,2,15,199,CAA_interrupted,60
Control_11,m84137_260214_004236_s1/193007248/ccs,0,24,2,15,199,CAA_interrupted,60
Control_11,m84137_260214_004236_s1/176952105/ccs,0,24,2,15,199,CAA_interrupted,60
Control_11,m84137_260214_004236_s1/148838076/ccs,0,24,2,15,199,CAA_interrupted,60
Control_11,m84137_260214_004236_s1/193400771/ccs,0,24,2,15,199,CAA_interrupted,60
Control_11,m84137_260214_004236_s1/193795444/ccs,0,24,2,15,199,CAA_interrupted,60
Control_11,m84137_260214_004236_s1/178523365/ccs,0,24,2,15,199,CAA_interrupted,60
Control_11,m84137_260214_004236_s1/219222289/ccs,0,24,2,15,199,CAA_interrupted,60
Control_11,m84137_260214_004236_s1/150016396/ccs,0,24,2,15,199,CAA_interrupted,60
Control_11,m84137_260214_004236_s1/195302659/ccs,0,24,2,15,199,CAA_interrupted,60
Control_11,m84137_260214_004236_s1/178983128/ccs,0,24,2,15,199,CAA_interrupted,60
Control_11,m84137_260214_004236_s1/202380967/ccs,0,24,2,15,199,CAA_interrupted,60
Control_11,m84137_260214_004236_s1/202576776/ccs,0,24,2,15,199,CAA_interrupted,60
Control_11,m84137_260214_004236_s1/221252757/ccs,0,24,2,15,199,CAA_interrupted,60
Control_11,m84137_260214_004236_s1/224466262/ccs,0,24,2,15,199,CAA_interrupted,60
Control_11,m84137_260214_004236_s1/199365983/ccs,0,24,2,15,199,CAA_interrupted,60
Control_11,m84137_260214_004236_s1/194709760/ccs,0,24,2,15,199,CAA_interrupted,60
Control_11,m84137_260214_004236_s1/194709640/ccs,0,24,2,15,199,CAA_interrupted,60
Control_11,m84137_260214_004236_s1/219548496/ccs,0,24,2,15,199,CAA_interrupted,60
Control_11,m84137_260214_004236_s1/201721010/ccs,0,24,2,15,199,CAA_interrupted,60
Control_11,m84137_260214_004236_s1/201982251/ccs,0,24,2,15,199,CAA_interrupted,60
Control_11,m84137_260214_004236_s1/201982444/ccs,0,24,2,15,199,CAA_interrupted,60
Control_11,m84137_260214_004236_s1/202181172/ccs,0,24,2,15,199,CAA_interrupted,60
Control_11,m84137_260214_004236_s1/220530524/ccs,0,24,2,15,199,CAA_interrupted,60
Control_11,m84137_260214_004236_s1/223938206/ccs,0,24,2,15,199,CAA_interrupted,60
Control_11,m84137_260214_004236_s1/182585190/ccs,0,24,2,15,199,CAA_interrupted,60
Control_11,m84137_260214_004236_s1/224395994/ccs,0,24,2,15,199,CAA_interrupted,60
Control_11,m84137_260214_004236_s1/201132863/ccs,0,24,2,15,199,CAA_interrupted,60
Control_11,m84137_260214_004236_s1/201195836/ccs,0,24,2,15,199,CAA_interrupted,60
Control_11,m84137_260214_004236_s1/208995429/ccs,0,24,2,15,199,CAA_interrupted,60
Control_11,m84137_260214_004236_s1/183634171/ccs,0,24,2,15,199,CAA_interrupted,60
Control_11,m84137_260214_004236_s1/204211166/ccs,0,24,2,15,199,CAA_interrupted,60
Control_11,m84137_260214_004236_s1/209519765/ccs,0,24,2,15,199,CAA_interrupted,60
Control_11,m84137_260214_004236_s1/230031571/ccs,0,24,2,15,199,CAA_interrupted,60
Control_11,m84137_260214_004236_s1/204932023/ccs,0,24,2,15,199,CAA_interrupted,60
Control_11,m84137_260214_004236_s1/226296528/ccs,0,24,2,15,199,CAA_interrupted,60
Control_11,m84137_260214_004236_s1/204933750/ccs,0,24,2,15,199,CAA_interrupted,60
Control_11,m84137_260214_004236_s1/223611385/ccs,0,24,2,15,199,CAA_interrupted,60
Control_11,m84137_260214_004236_s1/210502708/ccs,0,24,2,15,199,CAA_interrupted,60
Control_11,m84137_260214_004236_s1/205457004/ccs,0,24,2,15,199,CAA_interrupted,60
Control_11,m84137_260214_004236_s1/227082500/ccs,0,24,2,15,199,CAA_interrupted,60
Control_11,m84137_260214_004236_s1/205850484/ccs,0,24,2,15,199,CAA_interrupted,60
Control_11,m84137_260214_004236_s1/252118191/ccs,0,24,2,15,199,CAA_interrupted,60
Control_11,m84137_260214_004236_s1/213647678/ccs,0,24,2,15,199,CAA_interrupted,60
Control_11,m84137_260214_004236_s1/231801228/ccs,0,24,2,15,199,CAA_interrupted,60
Control_11,m84137_260214_004236_s1/162857427/ccs,0,24,2,15,199,CAA_interrupted,60
Control_11,m84137_260214_004236_s1/162794101/ccs,0,24,2,15,199,CAA_interrupted,60
Control_11,m84137_260214_004236_s1/154602355/ccs,0,24,2,15,199,CAA_interrupted,60
Control_11,m84137_260214_004236_s1/159909862/ccs,0,24,2,15,199,CAA_interrupted,60
Control_11,m84137_260214_004236_s1/143132214/ccs,0,24,2,15,199,CAA_interrupted,60
Control_11,m84137_260214_004236_s1/161155472/ccs,0,24,2,15,199,CAA_interrupted,60
Control_11,m84137_260214_004236_s1/161219941/ccs,0,24,2,15,199,CAA_interrupted,60
Control_11,m84137_260214_004236_s1/168429871/ccs,0,24,2,15,199,CAA_interrupted,60
Control_11,m84137_260214_004236_s1/168363627/ccs,0,24,2,15,199,CAA_interrupted,60
Control_11,m84137_260214_004236_s1/166002994/ccs,0,24,2,15,199,CAA_interrupted,60
Control_11,m84137_260214_004236_s1/148898152/ccs,0,24,2,15,199,CAA_interrupted,60
Control_11,m84137_260214_004236_s1/170590804/ccs,0,24,2,15,199,CAA_interrupted,60
Control_11,m84137_260214_004236_s1/174851578/ccs,0,24,2,15,199,CAA_interrupted,60
Control_11,m84137_260214_004236_s1/187762626/ccs,0,24,2,15,199,CAA_interrupted,60
Control_11,m84137_260214_004236_s1/175376131/ccs,0,24,2,15,199,CAA_interrupted,60
Control_11,m84137_260214_004236_s1/191824230/ccs,0,24,2,15,199,CAA_interrupted,60
Control_11,m84137_260214_004236_s1/175508389/ccs,0,24,2,15,199,CAA_interrupted,60
Control_11,m84137_260214_004236_s1/171573736/ccs,0,24,2,15,199,CAA_interrupted,60
Control_11,m84137_260214_004236_s1/196741615/ccs,0,24,2,15,199,CAA_interrupted,60
Control_11,m84137_260214_004236_s1/189465695/ccs,0,24,2,15,199,CAA_interrupted,60
Control_11,m84137_260214_004236_s1/176031903/ccs,0,24,2,15,199,CAA_interrupted,60
Control_11,m84137_260214_004236_s1/192807397/ccs,0,24,2,15,199,CAA_interrupted,60
Control_11,m84137_260214_004236_s1/218300569/ccs,0,24,2,15,199,CAA_interrupted,60
Control_11,m84137_260214_004236_s1/193856478/ccs,0,24,2,15,199,CAA_interrupted,60
Control_11,m84137_260214_004236_s1/211748966/ccs,0,24,2,15,199,CAA_interrupted,60
Control_11,m84137_260214_004236_s1/206701571/ccs,0,24,2,15,199,CAA_interrupted,60
Control_11,m84137_260214_004236_s1/231867631/ccs,0,24,2,15,199,CAA_interrupted,60
Control_11,m84137_260214_004236_s1/212271749/ccs,0,24,2,15,199,CAA_interrupted,60
Control_11,m84137_260214_004236_s1/214369244/ccs,0,24,2,15,199,CAA_interrupted,60
Control_11,m84137_260214_004236_s1/253232670/ccs,0,24,2,15,199,CAA_interrupted,60
Control_11,m84137_260214_004236_s1/253035501/ccs,0,24,2,15,199,CAA_interrupted,60
Control_11,m84137_260214_004236_s1/234949359/ccs,0,24,2,15,199,CAA_interrupted,60
Control_11,m84137_260214_004236_s1/235211111/ccs,0,24,2,15,199,CAA_interrupted,60
Control_11,m84137_260214_004236_s1/253821295/ccs,0,24,2,15,199,CAA_interrupted,60
Control_11,m84137_260214_004236_s1/254084973/ccs,0,24,2,15,199,CAA_interrupted,60
Control_11,m84137_260214_004236_s1/241041771/ccs,0,24,2,15,199,CAA_interrupted,60
Control_11,m84137_260214_004236_s1/254869769/ccs,0,24,2,15,199,CAA_interrupted,60
Control_11,m84137_260214_004236_s1/234685098/ccs,0,24,2,15,199,CAA_interrupted,60
Control_11,m84137_260214_004236_s1/258540442/ccs,0,24,2,15,199,CAA_interrupted,60
Control_11,m84137_260214_004236_s1/241959200/ccs,0,24,2,15,199,CAA_interrupted,60
Control_11,m84137_260214_004236_s1/255527000/ccs,0,24,2,15,199,CAA_interrupted,60
Control_11,m84137_260214_004236_s1/242221555/ccs,0,24,2,15,199,CAA_interrupted,60
Control_11,m84137_260214_004236_s1/242156525/ccs,0,24,2,15,199,CAA_interrupted,60
Control_11,m84137_260214_004236_s1/258998952/ccs,0,24,2,15,199,CAA_interrupted,60
Control_11,m84137_260214_004236_s1/242551403/ccs,0,24,2,15,199,CAA_interrupted,60
Control_11,m84137_260214_004236_s1/263261136/ccs,0,24,2,15,199,CAA_interrupted,60
Control_11,m84137_260214_004236_s1/243335803/ccs,0,24,2,15,199,CAA_interrupted,60
Control_11,m84137_260214_004236_s1/77141182/ccs,0,24,2,15,199,CAA_interrupted,60
Control_11,m84137_260214_004236_s1/93262642/ccs,0,24,2,15,199,CAA_interrupted,60
Control_11,m84137_260214_004236_s1/118492628/ccs,0,24,2,15,199,CAA_interrupted,60
Control_11,m84137_260214_004236_s1/98767425/ccs,0,24,2,15,199,CAA_interrupted,60
Control_11,m84137_260214_004236_s1/119148396/ccs,0,24,2,15,199,CAA_interrupted,60
Control_11,m84137_260214_004236_s1/78713477/ccs,0,24,2,15,199,CAA_interrupted,60
Control_11,m84137_260214_004236_s1/94836146/ccs,0,24,2,15,199,CAA_interrupted,60
Control_11,m84137_260214_004236_s1/79828659/ccs,0,24,2,15,199,CAA_interrupted,60
Control_11,m84137_260214_004236_s1/79891793/ccs,0,24,2,15,199,CAA_interrupted,60
Control_11,m84137_260214_004236_s1/99356378/ccs,0,24,2,15,199,CAA_interrupted,60
Control_11,m84137_260214_004236_s1/124259386/ccs,0,24,2,15,199,CAA_interrupted,60
Control_11,m84137_260214_004236_s1/80744176/ccs,0,24,2,15,199,CAA_interrupted,60
Control_11,m84137_260214_004236_s1/108205021/ccs,0,24,2,15,199,CAA_interrupted,60
Control_11,m84137_260214_004236_s1/108270570/ccs,0,24,2,15,199,CAA_interrupted,60
Control_11,m84137_260214_004236_s1/125046630/ccs,0,24,2,15,199,CAA_interrupted,60
Control_11,m84137_260214_004236_s1/108662149/ccs,0,24,2,15,199,CAA_interrupted,60
Control_11,m84137_260214_004236_s1/125176851/ccs,0,24,2,15,199,CAA_interrupted,60
Control_11,m84137_260214_004236_s1/122490162/ccs,0,24,2,15,199,CAA_interrupted,60
Control_11,m84137_260214_004236_s1/125898402/ccs,0,24,2,15,199,CAA_interrupted,60
Control_11,m84137_260214_004236_s1/81989008/ccs,0,24,2,15,199,CAA_interrupted,60
Control_11,m84137_260214_004236_s1/130223380/ccs,0,24,2,15,199,CAA_interrupted,60
Control_11,m84137_260214_004236_s1/127079351/ccs,0,24,2,15,199,CAA_interrupted,60
Control_11,m84137_260214_004236_s1/128519507/ccs,0,24,2,15,199,CAA_interrupted,60
Control_11,m84137_260214_004236_s1/132714448/ccs,0,24,2,15,199,CAA_interrupted,60
Control_11,m84137_260214_004236_s1/133565883/ccs,0,24,2,15,199,CAA_interrupted,60
Control_11,m84137_260214_004236_s1/155129241/ccs,0,24,2,15,199,CAA_interrupted,60
Control_11,m84137_260214_004236_s1/114495482/ccs,0,24,2,15,199,CAA_interrupted,60
Control_11,m84137_260214_004236_s1/221711805/ccs,0,24,2,15,199,CAA_interrupted,60
Control_11,m84137_260214_004236_s1/180688339/ccs,0,24,2,15,199,CAA_interrupted,60
Control_11,m84137_260214_004236_s1/203821721/ccs,0,24,2,15,199,CAA_interrupted,60
Control_11,m84137_260214_004236_s1/199888619/ccs,0,24,2,15,199,CAA_interrupted,60
Control_11,m84137_260214_004236_s1/222825916/ccs,0,24,2,15,199,CAA_interrupted,60
Control_11,m84137_260214_004236_s1/205655348/ccs,0,24,2,15,199,CAA_interrupted,60
Control_11,m84137_260214_004236_s1/205786754/ccs,0,24,2,15,199,CAA_interrupted,60
Control_11,m84137_260214_004236_s1/226497962/ccs,0,24,2,15,199,CAA_interrupted,60
Control_11,m84137_260214_004236_s1/211816357/ccs,0,24,2,15,199,CAA_interrupted,60
Control_11,m84137_260214_004236_s1/252646356/ccs,0,24,2,15,199,CAA_interrupted,60
Control_11,m84137_260214_004236_s1/229642790/ccs,0,24,2,15,199,CAA_interrupted,60
Control_11,m84137_260214_004236_s1/253302658/ccs,0,24,2,15,199,CAA_interrupted,60
Control_11,m84137_260214_004236_s1/227611134/ccs,0,24,2,15,199,CAA_interrupted,60
Control_11,m84137_260214_004236_s1/253497798/ccs,0,24,2,15,199,CAA_interrupted,60
Control_11,m84137_260214_004236_s1/184292049/ccs,0,24,2,15,199,CAA_interrupted,60
Control_11,m84137_260214_004236_s1/253957919/ccs,0,24,2,15,199,CAA_interrupted,60
Control_11,m84137_260214_004236_s1/212733569/ccs,0,24,2,15,199,CAA_interrupted,60
Control_11,m84137_260214_004236_s1/236851431/ccs,0,24,2,15,199,CAA_interrupted,60
Control_11,m84137_260214_004236_s1/257364669/ccs,0,24,2,15,199,CAA_interrupted,60
Control_11,m84137_260214_004236_s1/232524921/ccs,0,24,2,15,199,CAA_interrupted,60
Control_11,m84137_260214_004236_s1/243142604/ccs,0,24,2,15,199,CAA_interrupted,60
Control_11,m84137_260214_004236_s1/233312282/ccs,0,24,2,15,199,CAA_interrupted,60
Control_11,m84137_260214_004236_s1/233576187/ccs,0,24,2,15,199,CAA_interrupted,60
Control_11,m84137_260214_004236_s1/256969866/ccs,0,24,2,15,199,CAA_interrupted,60
Control_11,m84137_260214_004236_s1/244912374/ccs,0,24,2,15,199,CAA_interrupted,60
Control_11,m84137_260214_004236_s1/260771697/ccs,0,24,2,15,199,CAA_interrupted,60
Control_11,m84137_260214_004236_s1/245372140/ccs,0,24,2,15,199,CAA_interrupted,60
Control_11,m84137_260214_004236_s1/262803769/ccs,0,24,2,15,199,CAA_interrupted,60
Control_11,m84137_260214_004236_s1/266015495/ccs,0,24,2,15,199,CAA_interrupted,60
Control_11,m84137_260214_004236_s1/55838132/ccs,0,24,2,15,199,CAA_interrupted,60
Control_11,m84137_260214_004236_s1/73009393/ccs,0,24,2,15,199,CAA_interrupted,60
Control_11,m84137_260214_004236_s1/84215281/ccs,0,24,2,15,199,CAA_interrupted,60
Control_11,m84137_260214_004236_s1/69075405/ccs,0,24,2,15,199,CAA_interrupted,60
Control_11,m84137_260214_004236_s1/49349143/ccs,0,25,2,14,199,CAA_interrupted,60
Control_11,m84137_260214_004236_s1/74319125/ccs,0,24,2,15,199,CAA_interrupted,60
Control_11,m84137_260214_004236_s1/66650542/ccs,0,24,2,15,199,CAA_interrupted,60
Control_11,m84137_260214_004236_s1/66652162/ccs,0,24,2,15,199,CAA_interrupted,60
Control_11,m84137_260214_004236_s1/70191958/ccs,0,24,2,15,199,CAA_interrupted,60
Control_11,m84137_260214_004236_s1/78644091/ccs,0,24,2,15,199,CAA_interrupted,60
Control_11,m84137_260214_004236_s1/71501403/ccs,0,24,2,15,199,CAA_interrupted,60
Control_11,m84137_260214_004236_s1/86903049/ccs,0,24,2,15,199,CAA_interrupted,60
Control_11,m84137_260214_004236_s1/87230426/ccs,0,24,2,15,199,CAA_interrupted,60
Control_11,m84137_260214_004236_s1/97060174/ccs,0,24,2,15,199,CAA_interrupted,60
Control_11,m84137_260214_004236_s1/97779788/ccs,0,24,2,15,199,CAA_interrupted,60
Control_11,m84137_260214_004236_s1/81265801/ccs,0,24,2,15,199,CAA_interrupted,60
Control_11,m84137_260214_004236_s1/101450880/ccs,0,24,2,15,199,CAA_interrupted,60
Control_11,m84137_260214_004236_s1/102106865/ccs,0,24,2,15,199,CAA_interrupted,60
Control_11,m84137_260214_004236_s1/106236147/ccs,0,24,2,15,199,CAA_interrupted,60
Control_11,m84137_260214_004236_s1/106364966/ccs,0,24,2,15,199,CAA_interrupted,60
Control_11,m84137_260214_004236_s1/100206015/ccs,0,24,2,15,199,CAA_interrupted,60
Control_11,m84137_260214_004236_s1/83559542/ccs,0,24,2,15,199,CAA_interrupted,60
Control_11,m84137_260214_004236_s1/107350901/ccs,0,24,2,15,199,CAA_interrupted,60
Control_11,m84137_260214_004236_s1/43844814/ccs,0,24,2,15,199,CAA_interrupted,60
Control_11,m84137_260214_004236_s1/48825606/ccs,0,24,2,15,199,CAA_interrupted,60
Control_11,m84137_260214_004236_s1/128715512/ccs,0,24,2,15,199,CAA_interrupted,60
Control_11,m84137_260214_004236_s1/198642175/ccs,0,24,2,15,199,CAA_interrupted,60
Control_11,m84137_260214_004236_s1/207555471/ccs,0,24,2,15,199,CAA_interrupted,60
Control_11,m84137_260214_004236_s1/240582805/ccs,0,24,2,15,199,CAA_interrupted,60
Control_11,m84137_260214_004236_s1/256378454/ccs,0,24,2,15,199,CAA_interrupted,60
Control_11,m84137_260214_004236_s1/239339616/ccs,0,24,2,15,199,CAA_interrupted,60
Control_11,m84137_260214_004236_s1/246481623/ccs,0,24,2,15,199,CAA_interrupted,60
Control_11,m84137_260214_004236_s1/2691066/ccs,0,24,2,15,199,CAA_interrupted,60
Control_11,m84137_260214_004236_s1/6755364/ccs,0,24,2,15,199,CAA_interrupted,60
Control_11,m84137_260214_004236_s1/28970153/ccs,0,24,2,15,199,CAA_interrupted,60
Control_11,m84137_260214_004236_s1/83955933/ccs,0,24,2,15,199,CAA_interrupted,60
Control_11,m84137_260214_004236_s1/45421713/ccs,0,24,2,15,199,CAA_interrupted,60
Control_11,m84137_260214_004236_s1/77731090/ccs,0,24,2,15,199,CAA_interrupted,60
Control_11,m84137_260214_004236_s1/124128868/ccs,0,24,2,15,199,CAA_interrupted,60
Control_11,m84137_260214_004236_s1/155063187/ccs,0,24,2,15,199,CAA_interrupted,60
Control_11,m84137_260214_004236_s1/166137321/ccs,0,24,2,15,199,CAA_interrupted,60
Control_11,m84137_260214_004236_s1/147919129/ccs,0,24,2,15,199,CAA_interrupted,60
Control_11,m84137_260214_004236_s1/200544298/ccs,0,24,2,15,199,CAA_interrupted,60
Control_11,m84137_260214_004236_s1/206377449/ccs,0,24,2,15,199,CAA_interrupted,60
Control_11,m84137_260214_004236_s1/260118086/ccs,0,24,2,15,199,CAA_interrupted,60
Control_11,m84137_260214_004236_s1/248124147/ccs,0,24,2,15,199,CAA_interrupted,60
Control_11,m84137_260214_004236_s1/22151296/ccs,0,24,2,16,199,CAA_interrupted,60
Control_11,m84137_260214_004236_s1/44040877/ccs,0,24,2,15,199,CAA_interrupted,60
Control_11,m84137_260214_004236_s1/83165339/ccs,0,24,2,15,199,CAA_interrupted,60
Control_11,m84137_260214_004236_s1/79235808/ccs,0,24,2,15,199,CAA_interrupted,60
Control_11,m84137_260214_004236_s1/201328030/ccs,0,24,2,15,199,CAA_interrupted,60
Control_11,m84137_260214_004236_s1/234094659/ccs,0,24,2,15,199,CAA_interrupted,60
Control_11,m84137_260214_004236_s1/47910945/ccs,1,25,2,14,199,CAA_interrupted,60
Control_11,m84137_260214_004236_s1/266078491/ccs,0,24,2,15,199,CAA_interrupted,60
Control_11,m84137_260214_004236_s1/30935249/ccs,0,24,2,15,199,CAA_interrupted,60
Control_11,m84137_260214_004236_s1/118752028/ccs,0,24,2,15,199,CAA_interrupted,60
Control_11,m84137_260214_004236_s1/133697303/ccs,0,24,2,15,199,CAA_interrupted,60
Control_11,m84137_260214_004236_s1/136121521/ccs,0,24,2,15,199,CAA_interrupted,60
Control_11,m84137_260214_004236_s1/55249013/ccs,0,24,2,15,199,CAA_interrupted,60
Control_11,m84137_260214_004236_s1/212339477/ccs,0,24,2,15,199,CAA_interrupted,60
Control_11,m84137_260214_004236_s1/146147265/ccs,0,24,2,16,199,CAA_interrupted,60
Control_11,m84137_260214_004236_s1/87886523/ccs,0,24,2,15,199,CAA_interrupted,60
Control_11,m84137_260214_004236_s1/112988092/ccs,0,24,2,15,199,CAA_interrupted,60
Control_11,m84137_260214_004236_s1/86442857/ccs,0,24,2,15,199,CAA_interrupted,60
Control_11,m84137_260214_004236_s1/252379998/ccs,0,24,2,15,199,CAA_interrupted,60
Control_11,m84137_260214_004236_s1/32507059/ccs,0,24,2,15,199,CAA_interrupted,60
Control_11,m84137_260214_004236_s1/20911939/ccs,0,24,2,15,199,CAA_interrupted,60
Control_11,m84137_260214_004236_s1/239211767/ccs,0,24,2,16,199,CAA_interrupted,60
Control_11,m84137_260214_004236_s1/55710170/ccs,0,24,2,15,199,CAA_interrupted,60
Control_11,m84137_260214_004236_s1/159190165/ccs,0,24,2,15,199,CAA_interrupted,60
Control_11,m84137_260214_004236_s1/68487019/ccs,0,24,2,15,200,CAA_interrupted,60
Control_11,m84137_260214_004236_s1/162203962/ccs,0,24,2,15,200,CAA_interrupted,60
Control_11,m84137_260214_004236_s1/257890097/ccs,0,23,2,15,200,CAA_interrupted,60
Control_11,m84137_260214_004236_s1/141432047/ccs,0,24,2,15,200,CAA_interrupted,60
Control_11,m84137_260214_004236_s1/61999000/ccs,0,24,2,15,200,CAA_interrupted,60
Control_11,m84137_260214_004236_s1/148312732/ccs,0,24,2,15,200,CAA_interrupted,60
Control_11,m84137_260214_004236_s1/69012014/ccs,0,23,3,15,200,CAA_interrupted,60
Control_11,m84137_260214_004236_s1/31788210/ccs,0,24,2,15,200,CAA_interrupted,60
Control_11,m84137_260214_004236_s1/224529511/ccs,0,24,2,15,200,CAA_interrupted,60
Control_11,m84137_260214_004236_s1/166202082/ccs,0,24,2,15,200,CAA_interrupted,60
Control_11,m84137_260214_004236_s1/96011374/ccs,0,24,2,15,200,CAA_interrupted,60
Control_11,m84137_260214_004236_s1/71305675/ccs,1,24,1,15,200,CAA_interrupted,60
Control_11,m84137_260214_004236_s1/59246426/ccs,1,25,2,15,201,CAA_interrupted,60
Control_11,m84137_260214_004236_s1/105841119/ccs,1,25,2,15,201,CAA_interrupted,60
Control_11,m84137_260214_004236_s1/21763606/ccs,0,24,2,15,201,CAA_interrupted,60
Control_11,m84137_260214_004236_s1/81925903/ccs,0,24,2,15,201,CAA_interrupted,60
Control_11,m84137_260214_004236_s1/103745542/ccs,0,24,2,15,201,CAA_interrupted,60
Control_11,m84137_260214_004236_s1/214369647/ccs,0,23,2,16,201,CAA_interrupted,60
Control_11,m84137_260214_004236_s1/236591016/ccs,1,26,1,14,201,CAA_interrupted,60
Control_11,m84137_260214_004236_s1/111151747/ccs,1,24,2,15,201,CAA_interrupted,60
Control_11,m84137_260214_004236_s1/172687452/ccs,0,24,2,15,201,CAA_interrupted,60
Control_11,m84137_260214_004236_s1/49873102/ccs,0,24,2,14,201,CAA_interrupted,60
Control_11,m84137_260214_004236_s1/127468200/ccs,1,25,2,15,202,CAA_interrupted,60
Control_11,m84137_260214_004236_s1/99159360/ccs,0,24,2,16,202,CAA_interrupted,60
Control_11,m84137_260214_004236_s1/185729781/ccs,1,25,2,15,202,CAA_interrupted,60
Control_11,m84137_260214_004236_s1/258539672/ccs,1,25,2,15,202,CAA_interrupted,60
Control_11,m84137_260214_004236_s1/256576210/ccs,0,25,2,15,202,CAA_interrupted,60
Control_11,m84137_260214_004236_s1/64947262/ccs,0,25,2,15,202,CAA_interrupted,60
Control_11,m84137_260214_004236_s1/65340584/ccs,1,25,2,15,202,CAA_interrupted,60
Control_11,m84137_260214_004236_s1/163579737/ccs,1,25,2,15,202,CAA_interrupted,60
Control_11,m84137_260214_004236_s1/190646686/ccs,0,25,2,15,202,CAA_interrupted,60
Control_11,m84137_260214_004236_s1/190908090/ccs,0,24,2,16,202,CAA_interrupted,60
Control_11,m84137_260214_004236_s1/156440323/ccs,0,24,2,16,202,CAA_interrupted,60
Control_11,m84137_260214_004236_s1/6687608/ccs,0,25,2,15,202,CAA_interrupted,60
Control_11,m84137_260214_004236_s1/18942242/ccs,0,25,2,15,202,CAA_interrupted,60
Control_11,m84137_260214_004236_s1/13174208/ccs,1,25,2,15,202,CAA_interrupted,60
Control_11,m84137_260214_004236_s1/9437348/ccs,0,25,2,15,202,CAA_interrupted,60
Control_11,m84137_260214_004236_s1/21364826/ccs,0,24,2,16,202,CAA_interrupted,60
Control_11,m84137_260214_004236_s1/118622751/ccs,0,24,2,16,202,CAA_interrupted,60
Control_11,m84137_260214_004236_s1/103352662/ccs,1,25,2,15,202,CAA_interrupted,60
Control_11,m84137_260214_004236_s1/125110076/ccs,0,24,2,16,202,CAA_interrupted,60
Control_11,m84137_260214_004236_s1/47584289/ccs,0,25,2,15,202,CAA_interrupted,60
Control_11,m84137_260214_004236_s1/251593884/ccs,0,25,2,15,202,CAA_interrupted,60
Control_11,m84137_260214_004236_s1/30413065/ccs,0,25,2,15,202,CAA_interrupted,60
Control_11,m84137_260214_004236_s1/146806579/ccs,0,25,2,15,202,CAA_interrupted,60
Control_11,m84137_260214_004236_s1/171707983/ccs,0,24,2,16,202,CAA_interrupted,60
Control_11,m84137_260214_004236_s1/97194433/ccs,0,25,2,15,202,CAA_interrupted,60
Control_11,m84137_260214_004236_s1/78384304/ccs,1,25,2,15,202,CAA_interrupted,60
Control_11,m84137_260214_004236_s1/188745058/ccs,0,25,2,15,202,CAA_interrupted,60
Control_11,m84137_260214_004236_s1/192219438/ccs,0,25,2,15,202,CAA_interrupted,60
Control_11,m84137_260214_004236_s1/176097175/ccs,0,24,2,16,202,CAA_interrupted,60
Control_11,m84137_260214_004236_s1/179701003/ccs,0,24,2,16,202,CAA_interrupted,60
Control_11,m84137_260214_004236_s1/173278087/ccs,0,25,2,15,202,CAA_interrupted,60
Control_11,m84137_260214_004236_s1/257232158/ccs,1,25,2,15,202,CAA_interrupted,60
Control_11,m84137_260214_004236_s1/226301423/ccs,1,25,2,15,202,CAA_interrupted,60
Control_11,m84137_260214_004236_s1/231412303/ccs,1,25,2,15,202,CAA_interrupted,60
Control_11,m84137_260214_004236_s1/242488697/ccs,0,25,2,15,202,CAA_interrupted,60
Control_11,m84137_260214_004236_s1/190644681/ccs,1,25,2,15,202,CAA_interrupted,60
Control_11,m84137_260214_004236_s1/255852787/ccs,0,25,2,15,202,CAA_interrupted,60
Control_11,m84137_260214_004236_s1/159978261/ccs,0,25,2,15,202,CAA_interrupted,60
Control_11,m84137_260214_004236_s1/42208773/ccs,0,25,2,15,202,CAA_interrupted,60
Control_11,m84137_260214_004236_s1/102568202/ccs,0,25,2,15,202,CAA_interrupted,60
Control_11,m84137_260214_004236_s1/11799409/ccs,1,25,2,15,202,CAA_interrupted,60
Control_11,m84137_260214_004236_s1/11995489/ccs,0,25,2,15,202,CAA_interrupted,60
Control_11,m84137_260214_004236_s1/23988866/ccs,1,25,2,15,202,CAA_interrupted,60
Control_11,m84137_260214_004236_s1/25299087/ccs,0,25,2,15,202,CAA_interrupted,60
Control_11,m84137_260214_004236_s1/26542836/ccs,1,25,1,15,202,CAA_interrupted,60
Control_11,m84137_260214_004236_s1/81660229/ccs,1,25,2,15,202,CAA_interrupted,60
Control_11,m84137_260214_004236_s1/81725058/ccs,0,25,2,15,202,CAA_interrupted,60
Control_11,m84137_260214_004236_s1/82576536/ccs,1,25,2,15,202,CAA_interrupted,60
Control_11,m84137_260214_004236_s1/108265597/ccs,0,25,2,15,202,CAA_interrupted,60
Control_11,m84137_260214_004236_s1/108331082/ccs,0,25,2,15,202,CAA_interrupted,60
Control_11,m84137_260214_004236_s1/108465010/ccs,0,25,2,15,202,CAA_interrupted,60
Control_11,m84137_260214_004236_s1/122031074/ccs,0,24,2,16,202,CAA_interrupted,60
Control_11,m84137_260214_004236_s1/122095023/ccs,0,25,2,15,202,CAA_interrupted,60
Control_11,m84137_260214_004236_s1/214698968/ccs,1,25,2,15,202,CAA_interrupted,60
Control_11,m84137_260214_004236_s1/232720782/ccs,0,25,2,15,202,CAA_interrupted,60
Control_11,m84137_260214_004236_s1/257230766/ccs,1,25,2,15,202,CAA_interrupted,60
Control_11,m84137_260214_004236_s1/65209350/ccs,0,25,2,15,202,CAA_interrupted,60
Control_11,m84137_260214_004236_s1/194973426/ccs,0,25,2,15,202,CAA_interrupted,60
Control_11,m84137_260214_004236_s1/181474850/ccs,0,24,2,16,202,CAA_interrupted,60
Control_11,m84137_260214_004236_s1/236392775/ccs,0,24,2,16,202,CAA_interrupted,60
Control_11,m84137_260214_004236_s1/242291587/ccs,1,26,2,14,202,CAA_interrupted,60
Control_11,m84137_260214_004236_s1/237571621/ccs,0,25,2,15,202,CAA_interrupted,60
Control_11,m84137_260214_004236_s1/58065194/ccs,1,25,2,15,202,CAA_interrupted,60
Control_11,m84137_260214_004236_s1/112722387/ccs,1,25,2,15,202,CAA_interrupted,60
Control_11,m84137_260214_004236_s1/238423503/ccs,1,25,2,15,202,CAA_interrupted,60
Control_11,m84137_260214_004236_s1/22350434/ccs,1,25,2,15,202,CAA_interrupted,60
Control_11,m84137_260214_004236_s1/11469115/ccs,0,24,2,16,202,CAA_interrupted,60
Control_11,m84137_260214_004236_s1/64620008/ccs,1,25,2,15,202,CAA_interrupted,60
Control_11,m84137_260214_004236_s1/237765869/ccs,1,25,2,15,202,CAA_interrupted,60
Control_11,m84137_260214_004236_s1/253300179/ccs,0,24,2,15,202,CAA_interrupted,60
Control_11,m84137_260214_004236_s1/70452188/ccs,0,25,2,15,202,CAA_interrupted,60
Control_11,m84137_260214_004236_s1/184484811/ccs,0,25,2,15,202,CAA_interrupted,60
Control_11,m84137_260214_004236_s1/258605770/ccs,1,25,2,15,202,CAA_interrupted,60
Control_11,m84137_260214_004236_s1/212865648/ccs,0,25,2,15,202,CAA_interrupted,60
Control_11,m84137_260214_004236_s1/265946977/ccs,1,25,2,15,202,CAA_interrupted,60
Control_11,m84137_260214_004236_s1/245760790/ccs,1,25,2,15,202,CAA_interrupted,60
Control_11,m84137_260214_004236_s1/24644613/ccs,0,25,2,15,202,CAA_interrupted,60
Control_11,m84137_260214_004236_s1/139853979/ccs,1,25,2,15,202,CAA_interrupted,60
Control_11,m84137_260214_004236_s1/153026744/ccs,0,25,2,15,202,CAA_interrupted,60
Control_11,m84137_260214_004236_s1/163513424/ccs,1,26,2,14,202,CAA_interrupted,60
Control_11,m84137_260214_004236_s1/164823442/ccs,0,25,2,15,202,CAA_interrupted,60
Control_11,m84137_260214_004236_s1/144574790/ccs,0,25,2,15,202,CAA_interrupted,60
Control_11,m84137_260214_004236_s1/74454188/ccs,0,24,2,16,202,CAA_interrupted,60
Control_11,m84137_260214_004236_s1/91624038/ccs,0,24,2,16,202,CAA_interrupted,60
Control_11,m84137_260214_004236_s1/119538920/ccs,1,25,2,15,202,CAA_interrupted,60
Control_11,m84137_260214_004236_s1/112067261/ccs,1,25,2,15,202,CAA_interrupted,60
Control_11,m84137_260214_004236_s1/133237522/ccs,1,25,2,15,202,CAA_interrupted,60
Control_11,m84137_260214_004236_s1/137628239/ccs,1,25,2,15,202,CAA_interrupted,60
Control_11,m84137_260214_004236_s1/138281048/ccs,1,25,2,15,202,CAA_interrupted,60
Control_11,m84137_260214_004236_s1/135335760/ccs,0,24,2,16,202,CAA_interrupted,60
Control_11,m84137_260214_004236_s1/161354113/ccs,0,25,2,15,202,CAA_interrupted,60
Control_11,m84137_260214_004236_s1/45223569/ccs,0,25,2,15,202,CAA_interrupted,60
Control_11,m84137_260214_004236_s1/46143063/ccs,0,25,2,15,202,CAA_interrupted,60
Control_11,m84137_260214_004236_s1/93195298/ccs,0,24,2,16,202,CAA_interrupted,60
Control_11,m84137_260214_004236_s1/65078246/ccs,0,25,2,15,202,CAA_interrupted,60
Control_11,m84137_260214_004236_s1/131468981/ccs,0,24,2,16,202,CAA_interrupted,60
Control_11,m84137_260214_004236_s1/91493051/ccs,1,25,2,15,202,CAA_interrupted,60
Control_11,m84137_260214_004236_s1/19595635/ccs,0,24,2,16,202,CAA_interrupted,60
Control_11,m84137_260214_004236_s1/246876716/ccs,0,25,2,15,202,CAA_interrupted,60
Control_11,m84137_260214_004236_s1/33755629/ccs,0,24,2,16,202,CAA_interrupted,60
Control_11,m84137_260214_004236_s1/144511833/ccs,0,24,2,16,202,CAA_interrupted,60
Control_11,m84137_260214_004236_s1/211092944/ccs,0,24,2,16,202,CAA_interrupted,60
Control_11,m84137_260214_004236_s1/139722970/ccs,0,25,2,15,202,CAA_interrupted,60
Control_11,m84137_260214_004236_s1/196610135/ccs,1,25,2,15,202,CAA_interrupted,60
Control_11,m84137_260214_004236_s1/228919285/ccs,0,25,2,15,202,CAA_interrupted,60
Control_11,m84137_260214_004236_s1/241370634/ccs,0,24,2,16,202,CAA_interrupted,60
Control_11,m84137_260214_004236_s1/98178407/ccs,0,25,2,15,202,CAA_interrupted,60
Control_11,m84137_260214_004236_s1/81595919/ccs,0,24,2,16,202,CAA_interrupted,60
Control_11,m84137_260214_004236_s1/83104756/ccs,1,26,2,14,202,CAA_interrupted,60
Control_11,m84137_260214_004236_s1/130814991/ccs,0,24,2,16,202,CAA_interrupted,60
Control_11,m84137_260214_004236_s1/235736612/ccs,0,25,2,15,202,CAA_interrupted,60
Control_11,m84137_260214_004236_s1/215420917/ccs,0,24,2,16,202,CAA_interrupted,60
Control_11,m84137_260214_004236_s1/16450447/ccs,0,24,2,15,202,CAA_interrupted,60
Control_11,m84137_260214_004236_s1/87689640/ccs,0,25,2,15,202,CAA_interrupted,60
Control_11,m84137_260214_004236_s1/149423134/ccs,1,25,2,15,202,CAA_interrupted,60
Control_11,m84137_260214_004236_s1/190191406/ccs,1,25,2,15,202,CAA_interrupted,60
Control_11,m84137_260214_004236_s1/44305192/ccs,0,25,2,15,202,CAA_interrupted,60
Control_11,m84137_260214_004236_s1/8131357/ccs,0,25,2,15,202,CAA_interrupted,60
Control_11,m84137_260214_004236_s1/195232811/ccs,0,21,4,16,203,CAA_interrupted,60
Control_11,m84137_260214_004236_s1/221381301/ccs,1,24,3,15,203,CAA_interrupted,60
Control_11,m84137_260214_004236_s1/215225629/ccs,0,24,2,16,203,CAA_interrupted,60
Control_11,m84137_260214_004236_s1/144118649/ccs,0,25,2,15,203,CAA_interrupted,60
Control_11,m84137_260214_004236_s1/59050330/ccs,1,26,2,13,203,CAA_interrupted,60
Control_11,m84137_260214_004236_s1/92868970/ccs,0,25,2,15,203,CAA_interrupted,60
Control_11,m84137_260214_004236_s1/197527014/ccs,1,26,2,14,203,CAA_interrupted,60
Control_11,m84137_260214_004236_s1/89785899/ccs,0,25,2,16,204,CAA_interrupted,60
Control_11,m84137_260214_004236_s1/49348755/ccs,1,25,2,15,204,CAA_interrupted,60
Control_11,m84137_260214_004236_s1/26543554/ccs,1,25,2,15,204,CAA_interrupted,60
Control_11,m84137_260214_004236_s1/44630923/ccs,1,26,2,14,204,CAA_interrupted,60
Control_11,m84137_260214_004236_s1/212469606/ccs,1,26,2,14,204,CAA_interrupted,60
Control_11,m84137_260214_004236_s1/158730485/ccs,1,26,2,14,204,CAA_interrupted,60
Control_11,m84137_260214_004236_s1/22811543/ccs,0,24,2,16,204,CAA_interrupted,60
Control_11,m84137_260214_004236_s1/238945334/ccs,1,25,2,15,204,CAA_interrupted,60
Control_11,m84137_260214_004236_s1/236720538/ccs,1,26,2,14,204,CAA_interrupted,60
Control_11,m84137_260214_004236_s1/66782430/ccs,1,26,2,15,205,CAA_interrupted,60
Control_11,m84137_260214_004236_s1/129303004/ccs,1,26,2,15,205,CAA_interrupted,60
Control_11,m84137_260214_004236_s1/171248104/ccs,1,26,2,15,205,CAA_interrupted,60
Control_11,m84137_260214_004236_s1/197922584/ccs,0,25,2,16,205,CAA_interrupted,60
Control_11,m84137_260214_004236_s1/172364569/ccs,1,26,2,15,205,CAA_interrupted,60
Control_11,m84137_260214_004236_s1/91423042/ccs,1,26,2,15,205,CAA_interrupted,60
Control_11,m84137_260214_004236_s1/50137705/ccs,1,26,2,15,205,CAA_interrupted,60
Control_11,m84137_260214_004236_s1/66915127/ccs,1,26,2,15,205,CAA_interrupted,60
Control_11,m84137_260214_004236_s1/74580286/ccs,1,26,2,15,205,CAA_interrupted,60
Control_11,m84137_260214_004236_s1/67045603/ccs,1,26,2,15,205,CAA_interrupted,60
Control_11,m84137_260214_004236_s1/71107752/ccs,1,26,2,15,205,CAA_interrupted,60
Control_11,m84137_260214_004236_s1/96012578/ccs,1,26,2,15,205,CAA_interrupted,60
Control_11,m84137_260214_004236_s1/93391421/ccs,1,26,2,15,205,CAA_interrupted,60
Control_11,m84137_260214_004236_s1/72025167/ccs,1,26,2,15,205,CAA_interrupted,60
Control_11,m84137_260214_004236_s1/97124519/ccs,1,26,2,15,205,CAA_interrupted,60
Control_11,m84137_260214_004236_s1/80087408/ccs,1,26,2,15,205,CAA_interrupted,60
Control_11,m84137_260214_004236_s1/77728027/ccs,1,26,2,15,205,CAA_interrupted,60
Control_11,m84137_260214_004236_s1/123339157/ccs,1,26,2,15,205,CAA_interrupted,60
Control_11,m84137_260214_004236_s1/117834338/ccs,1,26,2,15,205,CAA_interrupted,60
Control_11,m84137_260214_004236_s1/117967664/ccs,1,26,2,15,205,CAA_interrupted,60
Control_11,m84137_260214_004236_s1/106563251/ccs,1,26,2,15,205,CAA_interrupted,60
Control_11,m84137_260214_004236_s1/212074602/ccs,1,26,2,15,205,CAA_interrupted,60
Control_11,m84137_260214_004236_s1/228526063/ccs,1,26,2,15,205,CAA_interrupted,60
Control_11,m84137_260214_004236_s1/235079618/ccs,1,26,2,15,205,CAA_interrupted,60
Control_11,m84137_260214_004236_s1/235471911/ccs,1,26,2,15,205,CAA_interrupted,60
Control_11,m84137_260214_004236_s1/215156639/ccs,1,26,2,15,205,CAA_interrupted,60
Control_11,m84137_260214_004236_s1/254085224/ccs,1,26,2,15,205,CAA_interrupted,60
Control_11,m84137_260214_004236_s1/215550399/ccs,1,26,2,15,205,CAA_interrupted,60
Control_11,m84137_260214_004236_s1/215679912/ccs,1,26,2,15,205,CAA_interrupted,60
Control_11,m84137_260214_004236_s1/258803695/ccs,1,26,2,15,205,CAA_interrupted,60
Control_11,m84137_260214_004236_s1/241960923/ccs,1,26,2,15,205,CAA_interrupted,60
Control_11,m84137_260214_004236_s1/242157271/ccs,1,26,2,15,205,CAA_interrupted,60
Control_11,m84137_260214_004236_s1/237504526/ccs,1,26,2,15,205,CAA_interrupted,60
Control_11,m84137_260214_004236_s1/242747126/ccs,1,26,2,15,205,CAA_interrupted,60
Control_11,m84137_260214_004236_s1/243467700/ccs,1,26,2,15,205,CAA_interrupted,60
Control_11,m84137_260214_004236_s1/41028457/ccs,1,26,2,15,205,CAA_interrupted,60
Control_11,m84137_260214_004236_s1/42010864/ccs,1,26,2,15,205,CAA_interrupted,60
Control_11,m84137_260214_004236_s1/60489789/ccs,1,26,2,15,205,CAA_interrupted,60
Control_11,m84137_260214_004236_s1/47188448/ccs,1,26,2,15,205,CAA_interrupted,60
Control_11,m84137_260214_004236_s1/38537480/ccs,1,26,2,15,205,CAA_interrupted,60
Control_11,m84137_260214_004236_s1/47579903/ccs,1,26,2,15,205,CAA_interrupted,60
Control_11,m84137_260214_004236_s1/61015645/ccs,1,26,2,15,205,CAA_interrupted,60
Control_11,m84137_260214_004236_s1/63898459/ccs,1,26,2,15,205,CAA_interrupted,60
Control_11,m84137_260214_004236_s1/64357369/ccs,1,26,2,15,205,CAA_interrupted,60
Control_11,m84137_260214_004236_s1/89981299/ccs,1,26,2,15,205,CAA_interrupted,60
Control_11,m84137_260214_004236_s1/68747827/ccs,1,26,2,15,205,CAA_interrupted,60
Control_11,m84137_260214_004236_s1/66520732/ccs,1,26,2,15,205,CAA_interrupted,60
Control_11,m84137_260214_004236_s1/66456483/ccs,1,26,2,15,205,CAA_interrupted,60
Control_11,m84137_260214_004236_s1/142214331/ccs,1,26,2,15,205,CAA_interrupted,60
Control_11,m84137_260214_004236_s1/160104802/ccs,1,26,2,15,205,CAA_interrupted,60
Control_11,m84137_260214_004236_s1/147262172/ccs,1,26,2,15,205,CAA_interrupted,60
Control_11,m84137_260214_004236_s1/161547348/ccs,1,26,2,15,205,CAA_interrupted,60
Control_11,m84137_260214_004236_s1/145099773/ccs,1,26,2,15,205,CAA_interrupted,60
Control_11,m84137_260214_004236_s1/185337355/ccs,1,26,2,15,205,CAA_interrupted,60
Control_11,m84137_260214_004236_s1/185731247/ccs,1,26,2,15,205,CAA_interrupted,60
Control_11,m84137_260214_004236_s1/190383322/ccs,1,26,2,15,205,CAA_interrupted,60
Control_11,m84137_260214_004236_s1/173673357/ccs,1,26,2,15,205,CAA_interrupted,60
Control_11,m84137_260214_004236_s1/148899409/ccs,1,26,2,15,205,CAA_interrupted,60
Control_11,m84137_260214_004236_s1/186188119/ccs,1,26,2,15,205,CAA_interrupted,60
Control_11,m84137_260214_004236_s1/186647253/ccs,1,26,2,15,205,CAA_interrupted,60
Control_11,m84137_260214_004236_s1/186516497/ccs,1,26,2,15,205,CAA_interrupted,60
Control_11,m84137_260214_004236_s1/149227858/ccs,1,26,2,15,205,CAA_interrupted,60
Control_11,m84137_260214_004236_s1/169872045/ccs,1,26,2,15,205,CAA_interrupted,60
Control_11,m84137_260214_004236_s1/174655791/ccs,1,26,2,15,205,CAA_interrupted,60
Control_11,m84137_260214_004236_s1/113772680/ccs,1,26,2,15,205,CAA_interrupted,60
Control_11,m84137_260214_004236_s1/127075637/ccs,1,26,2,15,205,CAA_interrupted,60
Control_11,m84137_260214_004236_s1/114035316/ccs,1,26,2,15,205,CAA_interrupted,60
Control_11,m84137_260214_004236_s1/131139126/ccs,1,26,2,15,205,CAA_interrupted,60
Control_11,m84137_260214_004236_s1/111346348/ccs,1,26,2,15,205,CAA_interrupted,60
Control_11,m84137_260214_004236_s1/135005952/ccs,1,26,2,15,205,CAA_interrupted,60
Control_11,m84137_260214_004236_s1/131924227/ccs,1,26,2,15,205,CAA_interrupted,60
Control_11,m84137_260214_004236_s1/152374002/ccs,1,26,2,15,205,CAA_interrupted,60
Control_11,m84137_260214_004236_s1/152437467/ccs,1,26,2,15,205,CAA_interrupted,60
Control_11,m84137_260214_004236_s1/132319127/ccs,1,26,2,15,205,CAA_interrupted,60
Control_11,m84137_260214_004236_s1/115083791/ccs,1,26,2,15,205,CAA_interrupted,60
Control_11,m84137_260214_004236_s1/136841013/ccs,1,26,2,15,205,CAA_interrupted,60
Control_11,m84137_260214_004236_s1/158204386/ccs,1,26,2,15,205,CAA_interrupted,60
Control_11,m84137_260214_004236_s1/137955733/ccs,1,26,2,15,205,CAA_interrupted,60
Control_11,m84137_260214_004236_s1/138152861/ccs,1,26,2,15,205,CAA_interrupted,60
Control_11,m84137_260214_004236_s1/159318178/ccs,1,26,2,15,205,CAA_interrupted,60
Control_11,m84137_260214_004236_s1/163187581/ccs,1,26,2,15,205,CAA_interrupted,60
Control_11,m84137_260214_004236_s1/155255202/ccs,1,26,2,15,205,CAA_interrupted,60
Control_11,m84137_260214_004236_s1/26085256/ccs,1,26,2,15,205,CAA_interrupted,60
Control_11,m84137_260214_004236_s1/26150319/ccs,1,26,2,15,205,CAA_interrupted,60
Control_11,m84137_260214_004236_s1/103285987/ccs,1,26,2,15,205,CAA_interrupted,60
Control_11,m84137_260214_004236_s1/22479828/ccs,1,26,2,15,205,CAA_interrupted,60
Control_11,m84137_260214_004236_s1/22413724/ccs,1,26,2,15,205,CAA_interrupted,60
Control_11,m84137_260214_004236_s1/22479991/ccs,1,26,2,15,205,CAA_interrupted,60
Control_11,m84137_260214_004236_s1/17828804/ccs,1,26,2,15,205,CAA_interrupted,60
Control_11,m84137_260214_004236_s1/23659909/ccs,1,26,2,15,205,CAA_interrupted,60
Control_11,m84137_260214_004236_s1/18088093/ccs,1,26,2,15,205,CAA_interrupted,60
Control_11,m84137_260214_004236_s1/18089553/ccs,1,26,2,15,205,CAA_interrupted,60
Control_11,m84137_260214_004236_s1/29689392/ccs,1,26,2,15,205,CAA_interrupted,60
Control_11,m84137_260214_004236_s1/24316850/ccs,1,26,2,15,205,CAA_interrupted,60
Control_11,m84137_260214_004236_s1/8849818/ccs,1,26,2,15,205,CAA_interrupted,60
Control_11,m84137_260214_004236_s1/20644730/ccs,1,26,2,15,205,CAA_interrupted,60
Control_11,m84137_260214_004236_s1/21234988/ccs,1,26,2,15,205,CAA_interrupted,60
Control_11,m84137_260214_004236_s1/21498810/ccs,1,26,2,15,205,CAA_interrupted,60
Control_11,m84137_260214_004236_s1/34277072/ccs,1,26,2,15,205,CAA_interrupted,60
Control_11,m84137_260214_004236_s1/22086464/ccs,1,26,2,15,205,CAA_interrupted,60
Control_11,m84137_260214_004236_s1/22087521/ccs,1,26,2,15,205,CAA_interrupted,60
Control_11,m84137_260214_004236_s1/32900322/ccs,1,26,2,15,205,CAA_interrupted,60
Control_11,m84137_260214_004236_s1/50660570/ccs,1,26,2,15,205,CAA_interrupted,60
Control_11,m84137_260214_004236_s1/58264096/ccs,1,26,2,15,205,CAA_interrupted,60
Control_11,m84137_260214_004236_s1/45615048/ccs,1,26,2,15,205,CAA_interrupted,60
Control_11,m84137_260214_004236_s1/45745031/ccs,1,26,2,15,205,CAA_interrupted,60
Control_11,m84137_260214_004236_s1/108006355/ccs,1,26,2,15,205,CAA_interrupted,60
Control_11,m84137_260214_004236_s1/103942043/ccs,1,26,2,15,205,CAA_interrupted,60
Control_11,m84137_260214_004236_s1/108792188/ccs,1,26,2,15,205,CAA_interrupted,60
Control_11,m84137_260214_004236_s1/120783088/ccs,1,26,2,15,205,CAA_interrupted,60
Control_11,m84137_260214_004236_s1/120783663/ccs,1,26,2,15,205,CAA_interrupted,60
Control_11,m84137_260214_004236_s1/120717607/ccs,1,26,2,15,205,CAA_interrupted,60
Control_11,m84137_260214_004236_s1/109251095/ccs,1,26,2,15,205,CAA_interrupted,60
Control_11,m84137_260214_004236_s1/125896686/ccs,1,26,2,15,205,CAA_interrupted,60
Control_11,m84137_260214_004236_s1/121244509/ccs,1,26,2,15,205,CAA_interrupted,60
Control_11,m84137_260214_004236_s1/126157250/ccs,1,26,2,15,205,CAA_interrupted,60
Control_11,m84137_260214_004236_s1/113051882/ccs,1,26,2,15,205,CAA_interrupted,60
Control_11,m84137_260214_004236_s1/130287362/ccs,1,26,2,15,205,CAA_interrupted,60
Control_11,m84137_260214_004236_s1/126683285/ccs,1,26,2,15,205,CAA_interrupted,60
Control_11,m84137_260214_004236_s1/110233320/ccs,1,26,2,15,205,CAA_interrupted,60
Control_11,m84137_260214_004236_s1/130942631/ccs,1,26,2,15,205,CAA_interrupted,60
Control_11,m84137_260214_004236_s1/63902850/ccs,1,26,2,15,205,CAA_interrupted,60
Control_11,m84137_260214_004236_s1/85987245/ccs,1,26,2,15,205,CAA_interrupted,60
Control_11,m84137_260214_004236_s1/90052477/ccs,1,26,2,15,205,CAA_interrupted,60
Control_11,m84137_260214_004236_s1/75175124/ccs,1,26,2,15,205,CAA_interrupted,60
Control_11,m84137_260214_004236_s1/48304382/ccs,1,26,2,15,205,CAA_interrupted,60
Control_11,m84137_260214_004236_s1/89066571/ccs,1,26,2,15,205,CAA_interrupted,60
Control_11,m84137_260214_004236_s1/96407494/ccs,1,26,2,15,205,CAA_interrupted,60
Control_11,m84137_260214_004236_s1/91951382/ccs,1,26,2,15,205,CAA_interrupted,60
Control_11,m84137_260214_004236_s1/76353393/ccs,1,26,2,15,205,CAA_interrupted,60
Control_11,m84137_260214_004236_s1/117443781/ccs,1,26,2,15,205,CAA_interrupted,60
Control_11,m84137_260214_004236_s1/250939837/ccs,1,26,2,15,205,CAA_interrupted,60
Control_11,m84137_260214_004236_s1/34147932/ccs,1,26,2,15,205,CAA_interrupted,60
Control_11,m84137_260214_004236_s1/50663614/ccs,1,26,2,15,205,CAA_interrupted,60
Control_11,m84137_260214_004236_s1/29955064/ccs,1,26,2,15,205,CAA_interrupted,60
Control_11,m84137_260214_004236_s1/11342479/ccs,1,26,2,15,205,CAA_interrupted,60
Control_11,m84137_260214_004236_s1/27530145/ccs,1,26,2,15,205,CAA_interrupted,60
Control_11,m84137_260214_004236_s1/10424077/ccs,1,26,2,15,205,CAA_interrupted,60
Control_11,m84137_260214_004236_s1/36048535/ccs,1,26,2,15,205,CAA_interrupted,60
Control_11,m84137_260214_004236_s1/10949936/ccs,1,26,2,15,205,CAA_interrupted,60
Control_11,m84137_260214_004236_s1/12391328/ccs,1,26,2,15,205,CAA_interrupted,60
Control_11,m84137_260214_004236_s1/36377528/ccs,1,26,2,15,205,CAA_interrupted,60
Control_11,m84137_260214_004236_s1/52631060/ccs,1,26,2,15,205,CAA_interrupted,60
Control_11,m84137_260214_004236_s1/52891493/ccs,1,26,2,15,205,CAA_interrupted,60
Control_11,m84137_260214_004236_s1/37164556/ccs,1,26,2,15,205,CAA_interrupted,60
Control_11,m84137_260214_004236_s1/56430729/ccs,1,26,2,15,205,CAA_interrupted,60
Control_11,m84137_260214_004236_s1/53415952/ccs,1,26,2,15,205,CAA_interrupted,60
Control_11,m84137_260214_004236_s1/57283692/ccs,1,26,2,15,205,CAA_interrupted,60
Control_11,m84137_260214_004236_s1/67768319/ccs,1,26,2,15,205,CAA_interrupted,60
Control_11,m84137_260214_004236_s1/224854274/ccs,1,26,2,15,205,CAA_interrupted,60
Control_11,m84137_260214_004236_s1/183240732/ccs,1,26,2,15,205,CAA_interrupted,60
Control_11,m84137_260214_004236_s1/183568327/ccs,1,26,2,15,205,CAA_interrupted,60
Control_11,m84137_260214_004236_s1/183698585/ccs,1,26,2,15,205,CAA_interrupted,60
Control_11,m84137_260214_004236_s1/183698943/ccs,1,26,2,15,205,CAA_interrupted,60
Control_11,m84137_260214_004236_s1/225576822/ccs,1,26,2,15,205,CAA_interrupted,60
Control_11,m84137_260214_004236_s1/209520150/ccs,1,26,2,15,205,CAA_interrupted,60
Control_11,m84137_260214_004236_s1/209781610/ccs,1,26,2,15,205,CAA_interrupted,60
Control_11,m84137_260214_004236_s1/230165346/ccs,1,26,2,15,205,CAA_interrupted,60
Control_11,m84137_260214_004236_s1/230884158/ccs,1,26,2,15,205,CAA_interrupted,60
Control_11,m84137_260214_004236_s1/211224340/ccs,1,26,2,15,205,CAA_interrupted,60
Control_11,m84137_260214_004236_s1/211682779/ccs,1,26,2,15,205,CAA_interrupted,60
Control_11,m84137_260214_004236_s1/252382017/ccs,1,26,2,15,205,CAA_interrupted,60
Control_11,m84137_260214_004236_s1/174068488/ccs,1,26,2,15,205,CAA_interrupted,60
Control_11,m84137_260214_004236_s1/187242396/ccs,1,26,2,15,205,CAA_interrupted,60
Control_11,m84137_260214_004236_s1/187567504/ccs,1,26,2,15,205,CAA_interrupted,60
Control_11,m84137_260214_004236_s1/187568944/ccs,1,26,2,15,205,CAA_interrupted,60
Control_11,m84137_260214_004236_s1/147133302/ccs,1,26,2,15,205,CAA_interrupted,60
Control_11,m84137_260214_004236_s1/174986369/ccs,1,26,2,15,205,CAA_interrupted,60
Control_11,m84137_260214_004236_s1/191894308/ccs,1,26,2,15,205,CAA_interrupted,60
Control_11,m84137_260214_004236_s1/176624482/ccs,1,26,2,15,205,CAA_interrupted,60
Control_11,m84137_260214_004236_s1/171250137/ccs,1,26,2,15,205,CAA_interrupted,60
Control_11,m84137_260214_004236_s1/171513548/ccs,1,26,2,15,205,CAA_interrupted,60
Control_11,m84137_260214_004236_s1/173018738/ccs,1,26,2,15,205,CAA_interrupted,60
Control_11,m84137_260214_004236_s1/197661257/ccs,1,26,2,15,205,CAA_interrupted,60
Control_11,m84137_260214_004236_s1/194974645/ccs,1,26,2,15,205,CAA_interrupted,60
Control_11,m84137_260214_004236_s1/179901115/ccs,1,26,2,15,205,CAA_interrupted,60
Control_11,m84137_260214_004236_s1/117446400/ccs,1,26,2,15,205,CAA_interrupted,60
Control_11,m84137_260214_004236_s1/49548637/ccs,1,26,2,15,205,CAA_interrupted,60
Control_11,m84137_260214_004236_s1/101848034/ccs,1,26,2,15,205,CAA_interrupted,60
Control_11,m84137_260214_004236_s1/106370285/ccs,1,26,2,15,205,CAA_interrupted,60
Control_11,m84137_260214_004236_s1/79171857/ccs,1,26,2,15,205,CAA_interrupted,60
Control_11,m84137_260214_004236_s1/100144996/ccs,1,26,2,15,205,CAA_interrupted,60
Control_11,m84137_260214_004236_s1/107549687/ccs,1,26,2,15,205,CAA_interrupted,60
Control_11,m84137_260214_004236_s1/80810574/ccs,1,26,2,15,205,CAA_interrupted,60
Control_11,m84137_260214_004236_s1/121376420/ccs,1,26,2,15,205,CAA_interrupted,60
Control_11,m84137_260214_004236_s1/121966430/ccs,1,26,2,15,205,CAA_interrupted,60
Control_11,m84137_260214_004236_s1/125571235/ccs,1,26,2,15,205,CAA_interrupted,60
Control_11,m84137_260214_004236_s1/125833157/ccs,1,26,2,15,205,CAA_interrupted,60
Control_11,m84137_260214_004236_s1/82121420/ccs,1,26,2,15,205,CAA_interrupted,60
Control_11,m84137_260214_004236_s1/109646209/ccs,0,26,2,15,205,CAA_interrupted,60
Control_11,m84137_260214_004236_s1/109711539/ccs,1,26,2,15,205,CAA_interrupted,60
Control_11,m84137_260214_004236_s1/151066520/ccs,1,26,2,15,205,CAA_interrupted,60
Control_11,m84137_260214_004236_s1/171181176/ccs,1,26,2,15,205,CAA_interrupted,60
Control_11,m84137_260214_004236_s1/150865131/ccs,1,26,2,15,205,CAA_interrupted,60
Control_11,m84137_260214_004236_s1/189073082/ccs,1,26,2,15,205,CAA_interrupted,60
Control_11,m84137_260214_004236_s1/189793231/ccs,1,26,2,15,205,CAA_interrupted,60
Control_11,m84137_260214_004236_s1/176293770/ccs,1,26,2,15,205,CAA_interrupted,60
Control_11,m84137_260214_004236_s1/176358011/ccs,1,26,2,15,205,CAA_interrupted,60
Control_11,m84137_260214_004236_s1/176816342/ccs,1,26,2,15,205,CAA_interrupted,60
Control_11,m84137_260214_004236_s1/172559104/ccs,1,26,2,15,205,CAA_interrupted,60
Control_11,m84137_260214_004236_s1/195101095/ccs,1,26,2,15,205,CAA_interrupted,60
Control_11,m84137_260214_004236_s1/201982763/ccs,1,26,2,15,205,CAA_interrupted,60
Control_11,m84137_260214_004236_s1/199232432/ccs,1,26,2,15,205,CAA_interrupted,60
Control_11,m84137_260214_004236_s1/181798494/ccs,1,26,2,15,205,CAA_interrupted,60
Control_11,m84137_260214_004236_s1/202966720/ccs,1,26,2,15,205,CAA_interrupted,60
Control_11,m84137_260214_004236_s1/221251348/ccs,1,26,2,15,205,CAA_interrupted,60
Control_11,m84137_260214_004236_s1/233049542/ccs,1,26,2,15,205,CAA_interrupted,60
Control_11,m84137_260214_004236_s1/256578603/ccs,1,26,2,15,205,CAA_interrupted,60
Control_11,m84137_260214_004236_s1/238881949/ccs,1,26,2,15,205,CAA_interrupted,60
Control_11,m84137_260214_004236_s1/234427942/ccs,1,26,2,15,205,CAA_interrupted,60
Control_11,m84137_260214_004236_s1/244649486/ccs,1,26,2,15,205,CAA_interrupted,60
Control_11,m84137_260214_004236_s1/215619215/ccs,1,26,2,15,205,CAA_interrupted,60
Control_11,m84137_260214_004236_s1/217453064/ccs,1,26,2,15,205,CAA_interrupted,60
Control_11,m84137_260214_004236_s1/262082728/ccs,1,26,2,15,205,CAA_interrupted,60
Control_11,m84137_260214_004236_s1/264574278/ccs,1,26,2,15,205,CAA_interrupted,60
Control_11,m84137_260214_004236_s1/246288837/ccs,1,26,2,15,205,CAA_interrupted,60
Control_11,m84137_260214_004236_s1/247991894/ccs,1,26,2,15,205,CAA_interrupted,60
Control_11,m84137_260214_004236_s1/248515617/ccs,1,26,2,15,205,CAA_interrupted,60
Control_11,m84137_260214_004236_s1/243532063/ccs,1,26,2,15,205,CAA_interrupted,60
Control_11,m84137_260214_004236_s1/239535269/ccs,1,26,2,15,205,CAA_interrupted,60
Control_11,m84137_260214_004236_s1/264241567/ccs,1,26,2,15,205,CAA_interrupted,60
Control_11,m84137_260214_004236_s1/260770792/ccs,1,26,2,15,205,CAA_interrupted,60
Control_11,m84137_260214_004236_s1/239600141/ccs,1,26,2,15,205,CAA_interrupted,60
Control_11,m84137_260214_004236_s1/239929717/ccs,1,26,2,15,205,CAA_interrupted,60
Control_11,m84137_260214_004236_s1/240124129/ccs,1,26,2,15,205,CAA_interrupted,60
Control_11,m84137_260214_004236_s1/262537825/ccs,1,26,2,15,205,CAA_interrupted,60
Control_11,m84137_260214_004236_s1/245891381/ccs,1,26,2,15,205,CAA_interrupted,60
Control_11,m84137_260214_004236_s1/19991900/ccs,1,26,2,15,205,CAA_interrupted,60
Control_11,m84137_260214_004236_s1/249891281/ccs,1,26,2,15,205,CAA_interrupted,60
Control_11,m84137_260214_004236_s1/24383114/ccs,1,26,2,15,205,CAA_interrupted,60
Control_11,m84137_260214_004236_s1/20843566/ccs,1,26,2,15,205,CAA_interrupted,60
Control_11,m84137_260214_004236_s1/24579908/ccs,1,26,2,15,205,CAA_interrupted,60
Control_11,m84137_260214_004236_s1/250481535/ccs,1,26,2,15,205,CAA_interrupted,60
Control_11,m84137_260214_004236_s1/172427198/ccs,1,26,2,15,205,CAA_interrupted,60
Control_11,m84137_260214_004236_s1/183896683/ccs,1,26,2,15,205,CAA_interrupted,60
Control_11,m84137_260214_004236_s1/135074404/ccs,1,26,2,15,205,CAA_interrupted,60
Control_11,m84137_260214_004236_s1/218108080/ccs,1,26,2,15,205,CAA_interrupted,60
Control_11,m84137_260214_004236_s1/109054503/ccs,1,26,2,15,205,CAA_interrupted,60
Control_11,m84137_260214_004236_s1/199364059/ccs,1,26,2,15,205,CAA_interrupted,60
Control_11,m84137_260214_004236_s1/199102680/ccs,1,26,2,15,205,CAA_interrupted,60
Control_11,m84137_260214_004236_s1/199496396/ccs,1,26,2,15,205,CAA_interrupted,60
Control_11,m84137_260214_004236_s1/225907184/ccs,1,26,2,15,205,CAA_interrupted,60
Control_11,m84137_260214_004236_s1/226236282/ccs,1,26,2,15,205,CAA_interrupted,60
Control_11,m84137_260214_004236_s1/211817712/ccs,1,26,2,15,205,CAA_interrupted,60
Control_11,m84137_260214_004236_s1/230691209/ccs,0,25,2,16,205,CAA_interrupted,60
Control_11,m84137_260214_004236_s1/242028718/ccs,1,26,2,15,205,CAA_interrupted,60
Control_11,m84137_260214_004236_s1/236851446/ccs,1,26,2,15,205,CAA_interrupted,60
Control_11,m84137_260214_004236_s1/255135196/ccs,1,26,2,15,205,CAA_interrupted,60
Control_11,m84137_260214_004236_s1/237180527/ccs,1,26,2,15,205,CAA_interrupted,60
Control_11,m84137_260214_004236_s1/248058503/ccs,1,26,2,15,205,CAA_interrupted,60
Control_11,m84137_260214_004236_s1/249108076/ccs,1,26,2,15,205,CAA_interrupted,60
Control_11,m84137_260214_004236_s1/251269778/ccs,1,26,2,15,205,CAA_interrupted,60
Control_11,m84137_260214_004236_s1/33948491/ccs,1,26,2,15,205,CAA_interrupted,60
Control_11,m84137_260214_004236_s1/71107790/ccs,1,26,2,15,205,CAA_interrupted,60
Control_11,m84137_260214_004236_s1/125501831/ccs,1,26,2,15,205,CAA_interrupted,60
Control_11,m84137_260214_004236_s1/121767611/ccs,1,26,2,15,205,CAA_interrupted,60
Control_11,m84137_260214_004236_s1/203424565/ccs,1,26,2,15,205,CAA_interrupted,60
Control_11,m84137_260214_004236_s1/204670387/ccs,1,26,2,15,205,CAA_interrupted,60
Control_11,m84137_260214_004236_s1/19141095/ccs,1,26,2,15,205,CAA_interrupted,60
Control_11,m84137_260214_004236_s1/33033613/ccs,1,26,2,15,205,CAA_interrupted,60
Control_11,m84137_260214_004236_s1/141167890/ccs,1,26,2,15,205,CAA_interrupted,60
Control_11,m84137_260214_004236_s1/193269242/ccs,1,26,2,15,205,CAA_interrupted,60
Control_11,m84137_260214_004236_s1/240653162/ccs,1,26,2,15,205,CAA_interrupted,60
Control_11,m84137_260214_004236_s1/92211419/ccs,1,26,2,15,205,CAA_interrupted,60
Control_11,m84137_260214_004236_s1/82776963/ccs,1,26,2,15,205,CAA_interrupted,60
Control_11,m84137_260214_004236_s1/134616603/ccs,1,26,2,15,205,CAA_interrupted,60
Control_11,m84137_260214_004236_s1/126752029/ccs,1,26,2,15,205,CAA_interrupted,60
Control_11,m84137_260214_004236_s1/139794169/ccs,1,26,2,15,205,CAA_interrupted,60
Control_11,m84137_260214_004236_s1/153621242/ccs,1,26,2,15,205,CAA_interrupted,60
Control_11,m84137_260214_004236_s1/137172515/ccs,1,26,2,15,205,CAA_interrupted,60
Control_11,m84137_260214_004236_s1/141626669/ccs,1,26,2,15,205,CAA_interrupted,60
Control_11,m84137_260214_004236_s1/141496927/ccs,1,26,2,15,205,CAA_interrupted,60
Control_11,m84137_260214_004236_s1/158339508/ccs,1,26,2,15,205,CAA_interrupted,60
Control_11,m84137_260214_004236_s1/114627649/ccs,1,26,2,15,205,CAA_interrupted,60
Control_11,m84137_260214_004236_s1/156306888/ccs,1,26,2,15,205,CAA_interrupted,60
Control_11,m84137_260214_004236_s1/138941917/ccs,1,26,2,15,205,CAA_interrupted,60
Control_11,m84137_260214_004236_s1/139662085/ccs,1,26,2,15,205,CAA_interrupted,60
Control_11,m84137_260214_004236_s1/161224191/ccs,1,26,2,15,205,CAA_interrupted,60
Control_11,m84137_260214_004236_s1/161289673/ccs,1,26,2,15,205,CAA_interrupted,60
Control_11,m84137_260214_004236_s1/185603640/ccs,1,26,2,15,205,CAA_interrupted,60
Control_11,m84137_260214_004236_s1/102565080/ccs,1,26,2,15,205,CAA_interrupted,60
Control_11,m84137_260214_004236_s1/17499897/ccs,1,26,2,15,205,CAA_interrupted,60
Control_11,m84137_260214_004236_s1/22940330/ccs,1,26,2,15,205,CAA_interrupted,60
Control_11,m84137_260214_004236_s1/2361049/ccs,1,26,2,15,205,CAA_interrupted,60
Control_11,m84137_260214_004236_s1/4260749/ccs,1,26,2,15,205,CAA_interrupted,60
Control_11,m84137_260214_004236_s1/19138559/ccs,1,26,2,15,205,CAA_interrupted,60
Control_11,m84137_260214_004236_s1/20317011/ccs,1,26,2,15,205,CAA_interrupted,60
Control_11,m84137_260214_004236_s1/21038045/ccs,1,26,2,15,205,CAA_interrupted,60
Control_11,m84137_260214_004236_s1/26871556/ccs,1,26,2,15,205,CAA_interrupted,60
Control_11,m84137_260214_004236_s1/14550387/ccs,1,26,2,15,205,CAA_interrupted,60
Control_11,m84137_260214_004236_s1/31786068/ccs,1,26,2,15,205,CAA_interrupted,60
Control_11,m84137_260214_004236_s1/22284509/ccs,1,26,2,15,205,CAA_interrupted,60
Control_11,m84137_260214_004236_s1/50528930/ccs,1,26,2,15,205,CAA_interrupted,60
Control_11,m84137_260214_004236_s1/35457458/ccs,1,26,2,15,205,CAA_interrupted,60
Control_11,m84137_260214_004236_s1/51906000/ccs,1,26,2,15,205,CAA_interrupted,60
Control_11,m84137_260214_004236_s1/36309004/ccs,1,26,2,15,205,CAA_interrupted,60
Control_11,m84137_260214_004236_s1/58721995/ccs,1,26,2,15,205,CAA_interrupted,60
Control_11,m84137_260214_004236_s1/62390483/ccs,1,26,2,15,205,CAA_interrupted,60
Control_11,m84137_260214_004236_s1/62390945/ccs,1,26,2,15,205,CAA_interrupted,60
Control_11,m84137_260214_004236_s1/37750437/ccs,1,26,2,15,205,CAA_interrupted,60
Control_11,m84137_260214_004236_s1/59771809/ccs,1,26,2,15,205,CAA_interrupted,60
Control_11,m84137_260214_004236_s1/77531407/ccs,1,26,2,15,205,CAA_interrupted,60
Control_11,m84137_260214_004236_s1/89194749/ccs,1,26,2,15,205,CAA_interrupted,60
Control_11,m84137_260214_004236_s1/101450269/ccs,1,26,2,15,205,CAA_interrupted,60
Control_11,m84137_260214_004236_s1/99222338/ccs,1,26,2,15,205,CAA_interrupted,60
Control_11,m84137_260214_004236_s1/123537058/ccs,1,26,2,15,205,CAA_interrupted,60
Control_11,m84137_260214_004236_s1/102236754/ccs,1,26,2,15,205,CAA_interrupted,60
Control_11,m84137_260214_004236_s1/106301185/ccs,1,26,2,15,205,CAA_interrupted,60
Control_11,m84137_260214_004236_s1/83166779/ccs,1,26,2,15,205,CAA_interrupted,60
Control_11,m84137_260214_004236_s1/107086816/ccs,1,26,2,15,205,CAA_interrupted,60
Control_11,m84137_260214_004236_s1/107413891/ccs,1,26,2,15,205,CAA_interrupted,60
Control_11,m84137_260214_004236_s1/119407660/ccs,1,26,2,15,205,CAA_interrupted,60
Control_11,m84137_260214_004236_s1/112330623/ccs,1,26,2,15,205,CAA_interrupted,60
Control_11,m84137_260214_004236_s1/108790898/ccs,1,26,2,15,205,CAA_interrupted,60
Control_11,m84137_260214_004236_s1/104596027/ccs,1,26,2,15,205,CAA_interrupted,60
Control_11,m84137_260214_004236_s1/121045789/ccs,1,26,2,15,205,CAA_interrupted,60
Control_11,m84137_260214_004236_s1/121113058/ccs,1,26,2,15,205,CAA_interrupted,60
Control_11,m84137_260214_004236_s1/112854451/ccs,1,26,2,15,205,CAA_interrupted,60
Control_11,m84137_260214_004236_s1/126618473/ccs,1,26,2,15,205,CAA_interrupted,60
Control_11,m84137_260214_004236_s1/110234508/ccs,1,26,2,15,205,CAA_interrupted,60
Control_11,m84137_260214_004236_s1/122947586/ccs,1,26,2,15,205,CAA_interrupted,60
Control_11,m84137_260214_004236_s1/114493425/ccs,1,26,2,15,205,CAA_interrupted,60
Control_11,m84137_260214_004236_s1/111283086/ccs,1,26,2,15,205,CAA_interrupted,60
Control_11,m84137_260214_004236_s1/139854020/ccs,1,26,2,15,205,CAA_interrupted,60
Control_11,m84137_260214_004236_s1/204800045/ccs,1,26,2,15,205,CAA_interrupted,60
Control_11,m84137_260214_004236_s1/212666116/ccs,1,26,2,15,205,CAA_interrupted,60
Control_11,m84137_260214_004236_s1/230755005/ccs,1,26,2,15,205,CAA_interrupted,60
Control_11,m84137_260214_004236_s1/227412188/ccs,1,26,2,15,205,CAA_interrupted,60
Control_11,m84137_260214_004236_s1/205850727/ccs,1,26,2,15,205,CAA_interrupted,60
Control_11,m84137_260214_004236_s1/231801047/ccs,1,26,2,15,205,CAA_interrupted,60
Control_11,m84137_260214_004236_s1/227804271/ccs,1,26,2,15,205,CAA_interrupted,60
Control_11,m84137_260214_004236_s1/206569897/ccs,1,26,2,15,205,CAA_interrupted,60
Control_11,m84137_260214_004236_s1/253690650/ccs,1,26,2,15,205,CAA_interrupted,60
Control_11,m84137_260214_004236_s1/235405414/ccs,1,26,2,15,205,CAA_interrupted,60
Control_11,m84137_260214_004236_s1/229116189/ccs,1,26,2,15,205,CAA_interrupted,60
Control_11,m84137_260214_004236_s1/235669802/ccs,1,26,2,15,205,CAA_interrupted,60
Control_11,m84137_260214_004236_s1/215679846/ccs,1,26,2,15,205,CAA_interrupted,60
Control_11,m84137_260214_004236_s1/257755663/ccs,1,26,2,15,205,CAA_interrupted,60
Control_11,m84137_260214_004236_s1/258017295/ccs,1,26,2,15,205,CAA_interrupted,60
Control_11,m84137_260214_004236_s1/234423821/ccs,1,26,2,15,205,CAA_interrupted,60
Control_11,m84137_260214_004236_s1/237373557/ccs,1,26,2,15,205,CAA_interrupted,60
Control_11,m84137_260214_004236_s1/258803900/ccs,1,26,2,15,205,CAA_interrupted,60
Control_11,m84137_260214_004236_s1/216795455/ccs,1,26,2,15,205,CAA_interrupted,60
Control_11,m84137_260214_004236_s1/256117026/ccs,1,26,2,15,205,CAA_interrupted,60
Control_11,m84137_260214_004236_s1/237897916/ccs,1,26,2,15,205,CAA_interrupted,60
Control_11,m84137_260214_004236_s1/259590743/ccs,1,26,2,15,205,CAA_interrupted,60
Control_11,m84137_260214_004236_s1/263389744/ccs,1,26,2,15,205,CAA_interrupted,60
Control_11,m84137_260214_004236_s1/244320322/ccs,1,26,2,15,205,CAA_interrupted,60
Control_11,m84137_260214_004236_s1/59768941/ccs,1,26,2,15,205,CAA_interrupted,60
Control_11,m84137_260214_004236_s1/60294759/ccs,1,26,2,15,205,CAA_interrupted,60
Control_11,m84137_260214_004236_s1/60426397/ccs,1,26,2,15,205,CAA_interrupted,60
Control_11,m84137_260214_004236_s1/38536521/ccs,1,26,2,15,205,CAA_interrupted,60
Control_11,m84137_260214_004236_s1/64487762/ccs,1,26,2,15,205,CAA_interrupted,60
Control_11,m84137_260214_004236_s1/55183741/ccs,1,26,2,15,205,CAA_interrupted,60
Control_11,m84137_260214_004236_s1/64620389/ccs,1,26,2,15,205,CAA_interrupted,60
Control_11,m84137_260214_004236_s1/65013417/ccs,1,26,2,15,205,CAA_interrupted,60
Control_11,m84137_260214_004236_s1/84083008/ccs,1,26,2,15,205,CAA_interrupted,60
Control_11,m84137_260214_004236_s1/73532477/ccs,1,26,2,15,205,CAA_interrupted,60
Control_11,m84137_260214_004236_s1/69077989/ccs,1,26,2,15,205,CAA_interrupted,60
Control_11,m84137_260214_004236_s1/70388622/ccs,1,26,2,15,205,CAA_interrupted,60
Control_11,m84137_260214_004236_s1/92341512/ccs,1,26,2,15,205,CAA_interrupted,60
Control_11,m84137_260214_004236_s1/71566503/ccs,1,26,2,15,205,CAA_interrupted,60
Control_11,m84137_260214_004236_s1/93127173/ccs,1,26,2,15,205,CAA_interrupted,60
Control_11,m84137_260214_004236_s1/79626674/ccs,1,26,2,15,205,CAA_interrupted,60
Control_11,m84137_260214_004236_s1/87033345/ccs,1,26,2,15,205,CAA_interrupted,60
Control_11,m84137_260214_004236_s1/88342683/ccs,1,26,2,15,205,CAA_interrupted,60
Control_11,m84137_260214_004236_s1/94964594/ccs,1,26,2,15,205,CAA_interrupted,60
Control_11,m84137_260214_004236_s1/207099134/ccs,1,26,2,15,205,CAA_interrupted,60
Control_11,m84137_260214_004236_s1/195498086/ccs,1,26,2,15,205,CAA_interrupted,60
Control_11,m84137_260214_004236_s1/220400722/ccs,1,26,2,15,205,CAA_interrupted,60
Control_11,m84137_260214_004236_s1/195694965/ccs,1,26,2,15,205,CAA_interrupted,60
Control_11,m84137_260214_004236_s1/179310315/ccs,1,26,2,15,205,CAA_interrupted,60
Control_11,m84137_260214_004236_s1/179376262/ccs,1,26,2,15,205,CAA_interrupted,60
Control_11,m84137_260214_004236_s1/209129996/ccs,1,26,2,15,205,CAA_interrupted,60
Control_11,m84137_260214_004236_s1/203821646/ccs,1,26,2,15,205,CAA_interrupted,60
Control_11,m84137_260214_004236_s1/204542887/ccs,1,26,2,15,205,CAA_interrupted,60
Control_11,m84137_260214_004236_s1/182717564/ccs,1,26,2,15,205,CAA_interrupted,60
Control_11,m84137_260214_004236_s1/253040199/ccs,1,26,2,15,205,CAA_interrupted,60
Control_11,m84137_260214_004236_s1/253236221/ccs,1,26,2,15,205,CAA_interrupted,60
Control_11,m84137_260214_004236_s1/227612189/ccs,1,26,2,15,205,CAA_interrupted,60
Control_11,m84137_260214_004236_s1/228266478/ccs,1,26,2,15,205,CAA_interrupted,60
Control_11,m84137_260214_004236_s1/228659721/ccs,1,26,2,15,205,CAA_interrupted,60
Control_11,m84137_260214_004236_s1/236393027/ccs,1,26,2,15,205,CAA_interrupted,60
Control_11,m84137_260214_004236_s1/232066697/ccs,1,26,2,15,205,CAA_interrupted,60
Control_11,m84137_260214_004236_s1/257692292/ccs,1,26,2,15,205,CAA_interrupted,60
Control_11,m84137_260214_004236_s1/256643311/ccs,1,26,2,15,205,CAA_interrupted,60
Control_11,m84137_260214_004236_s1/244193131/ccs,1,26,2,15,205,CAA_interrupted,60
Control_11,m84137_260214_004236_s1/214897915/ccs,1,26,2,15,205,CAA_interrupted,60
Control_11,m84137_260214_004236_s1/244649481/ccs,1,26,2,15,205,CAA_interrupted,60
Control_11,m84137_260214_004236_s1/260377829/ccs,1,26,2,15,205,CAA_interrupted,60
Control_11,m84137_260214_004236_s1/2752980/ccs,0,26,2,15,205,CAA_interrupted,60
Control_11,m84137_260214_004236_s1/149357962/ccs,1,26,2,15,205,CAA_interrupted,60
Control_11,m84137_260214_004236_s1/85529970/ccs,1,26,2,15,205,CAA_interrupted,60
Control_11,m84137_260214_004236_s1/18350161/ccs,1,26,2,15,205,CAA_interrupted,60
Control_11,m84137_260214_004236_s1/16058324/ccs,1,26,2,15,205,CAA_interrupted,60
Control_11,m84137_260214_004236_s1/36965347/ccs,1,26,2,15,205,CAA_interrupted,60
Control_11,m84137_260214_004236_s1/38800331/ccs,1,26,2,15,205,CAA_interrupted,60
Control_11,m84137_260214_004236_s1/162071958/ccs,1,26,2,15,205,CAA_interrupted,60
Control_11,m84137_260214_004236_s1/214172023/ccs,1,26,2,15,205,CAA_interrupted,60
Control_11,m84137_260214_004236_s1/6297199/ccs,1,26,2,15,205,CAA_interrupted,60
Control_11,m84137_260214_004236_s1/67703041/ccs,1,26,2,15,205,CAA_interrupted,60
Control_11,m84137_260214_004236_s1/148705457/ccs,1,26,2,15,205,CAA_interrupted,60
Control_11,m84137_260214_004236_s1/22481255/ccs,1,26,2,15,205,CAA_interrupted,60
Control_11,m84137_260214_004236_s1/16976616/ccs,1,26,2,15,205,CAA_interrupted,60
Control_11,m84137_260214_004236_s1/11404488/ccs,1,26,2,15,205,CAA_interrupted,60
Control_11,m84137_260214_004236_s1/174588023/ccs,0,25,2,16,205,CAA_interrupted,60
Control_11,m84137_260214_004236_s1/187238160/ccs,1,26,2,15,205,CAA_interrupted,60
Control_11,m84137_260214_004236_s1/170591338/ccs,1,26,2,15,205,CAA_interrupted,60
Control_11,m84137_260214_004236_s1/188418695/ccs,1,26,2,15,205,CAA_interrupted,60
Control_11,m84137_260214_004236_s1/189597859/ccs,1,26,2,15,205,CAA_interrupted,60
Control_11,m84137_260214_004236_s1/176752919/ccs,1,26,2,15,205,CAA_interrupted,60
Control_11,m84137_260214_004236_s1/176751398/ccs,1,26,2,15,205,CAA_interrupted,60
Control_11,m84137_260214_004236_s1/197525711/ccs,1,26,2,15,205,CAA_interrupted,60
Control_11,m84137_260214_004236_s1/172490921/ccs,1,26,2,15,205,CAA_interrupted,60
Control_11,m84137_260214_004236_s1/172490871/ccs,1,26,2,15,205,CAA_interrupted,60
Control_11,m84137_260214_004236_s1/198576894/ccs,1,26,2,15,205,CAA_interrupted,60
Control_11,m84137_260214_004236_s1/181013099/ccs,1,26,2,15,205,CAA_interrupted,60
Control_11,m84137_260214_004236_s1/200018448/ccs,1,26,2,15,205,CAA_interrupted,60
Control_11,m84137_260214_004236_s1/182454067/ccs,1,26,2,15,205,CAA_interrupted,60
Control_11,m84137_260214_004236_s1/183240550/ccs,1,26,2,15,205,CAA_interrupted,60
Control_11,m84137_260214_004236_s1/183304909/ccs,1,26,2,15,205,CAA_interrupted,60
Control_11,m84137_260214_004236_s1/203754252/ccs,1,26,2,15,205,CAA_interrupted,60
Control_11,m84137_260214_004236_s1/224985270/ccs,1,26,2,15,205,CAA_interrupted,60
Control_11,m84137_260214_004236_s1/225051980/ccs,1,26,2,15,205,CAA_interrupted,60
Control_11,m84137_260214_004236_s1/229769427/ccs,1,26,2,15,205,CAA_interrupted,60
Control_11,m84137_260214_004236_s1/204605006/ccs,1,27,2,14,205,CAA_interrupted,60
Control_11,m84137_260214_004236_s1/216340227/ccs,1,26,2,15,205,CAA_interrupted,60
Control_11,m84137_260214_004236_s1/263525919/ccs,1,26,2,15,205,CAA_interrupted,60
Control_11,m84137_260214_004236_s1/266539609/ccs,1,26,2,15,205,CAA_interrupted,60
Control_11,m84137_260214_004236_s1/250154054/ccs,1,26,2,15,205,CAA_interrupted,60
Control_11,m84137_260214_004236_s1/250548569/ccs,1,26,2,15,205,CAA_interrupted,60
Control_11,m84137_260214_004236_s1/4326666/ccs,1,26,2,15,205,CAA_interrupted,60
Control_11,m84137_260214_004236_s1/52168056/ccs,1,26,2,15,205,CAA_interrupted,60
Control_11,m84137_260214_004236_s1/54855669/ccs,1,26,2,15,205,CAA_interrupted,60
Control_11,m84137_260214_004236_s1/105972844/ccs,1,26,2,15,205,CAA_interrupted,60
Control_11,m84137_260214_004236_s1/158335209/ccs,1,26,2,15,205,CAA_interrupted,60
Control_11,m84137_260214_004236_s1/147653654/ccs,1,26,2,15,205,CAA_interrupted,60
Control_11,m84137_260214_004236_s1/166331289/ccs,1,26,2,15,205,CAA_interrupted,60
Control_11,m84137_260214_004236_s1/188482419/ccs,1,26,2,15,205,CAA_interrupted,60
Control_11,m84137_260214_004236_s1/235014225/ccs,1,26,2,15,205,CAA_interrupted,60
Control_11,m84137_260214_004236_s1/259327735/ccs,1,26,2,15,205,CAA_interrupted,60
Control_11,m84137_260214_004236_s1/36967375/ccs,1,26,2,16,205,CAA_interrupted,60
Control_11,m84137_260214_004236_s1/69932088/ccs,1,26,2,15,205,CAA_interrupted,60
Control_11,m84137_260214_004236_s1/130225836/ccs,1,26,2,15,205,CAA_interrupted,60
Control_11,m84137_260214_004236_s1/130224413/ccs,1,26,2,15,205,CAA_interrupted,60
Control_11,m84137_260214_004236_s1/198775745/ccs,1,26,2,15,205,CAA_interrupted,60
Control_11,m84137_260214_004236_s1/206180551/ccs,1,26,2,15,205,CAA_interrupted,60
Control_11,m84137_260214_004236_s1/214241010/ccs,1,26,2,15,205,CAA_interrupted,60
Control_11,m84137_260214_004236_s1/249367622/ccs,1,26,2,15,205,CAA_interrupted,60
Control_11,m84137_260214_004236_s1/6948057/ccs,1,26,2,15,205,CAA_interrupted,60
Control_11,m84137_260214_004236_s1/34276964/ccs,1,26,2,15,205,CAA_interrupted,60
Control_11,m84137_260214_004236_s1/64883552/ccs,1,26,2,15,205,CAA_interrupted,60
Control_11,m84137_260214_004236_s1/73728967/ccs,1,26,2,15,205,CAA_interrupted,60
Control_11,m84137_260214_004236_s1/90964727/ccs,1,26,2,15,205,CAA_interrupted,60
Control_11,m84137_260214_004236_s1/86510244/ccs,1,26,2,15,205,CAA_interrupted,60
Control_11,m84137_260214_004236_s1/77529388/ccs,1,26,2,15,205,CAA_interrupted,60
Control_11,m84137_260214_004236_s1/160827338/ccs,1,26,2,15,205,CAA_interrupted,60
Control_11,m84137_260214_004236_s1/162072672/ccs,1,26,2,15,205,CAA_interrupted,60
Control_11,m84137_260214_004236_s1/196937777/ccs,1,26,2,15,205,CAA_interrupted,60
Control_11,m84137_260214_004236_s1/172950684/ccs,1,26,2,15,205,CAA_interrupted,60
Control_11,m84137_260214_004236_s1/207358147/ccs,1,26,2,15,205,CAA_interrupted,60
Control_11,m84137_260214_004236_s1/182780668/ccs,1,26,2,15,205,CAA_interrupted,60
Control_11,m84137_260214_004236_s1/206243435/ccs,1,26,2,15,205,CAA_interrupted,60
Control_11,m84137_260214_004236_s1/232458266/ccs,1,26,2,15,205,CAA_interrupted,60
Control_11,m84137_260214_004236_s1/236192273/ccs,1,26,2,15,205,CAA_interrupted,60
Control_11,m84137_260214_004236_s1/237962714/ccs,1,26,2,15,205,CAA_interrupted,60
Control_11,m84137_260214_004236_s1/7933956/ccs,1,26,2,15,205,CAA_interrupted,60
Control_11,m84137_260214_004236_s1/67243598/ccs,1,26,2,15,205,CAA_interrupted,60
Control_11,m84137_260214_004236_s1/59512225/ccs,1,26,2,15,205,CAA_interrupted,60
Control_11,m84137_260214_004236_s1/99424061/ccs,1,26,2,15,205,CAA_interrupted,60
Control_11,m84137_260214_004236_s1/138218657/ccs,1,26,2,15,205,CAA_interrupted,60
Control_11,m84137_260214_004236_s1/163124469/ccs,1,26,2,15,205,CAA_interrupted,60
Control_11,m84137_260214_004236_s1/232592369/ccs,1,26,2,15,205,CAA_interrupted,60
Control_11,m84137_260214_004236_s1/216402081/ccs,1,26,2,15,205,CAA_interrupted,60
Control_11,m84137_260214_004236_s1/97128419/ccs,1,26,2,15,205,CAA_interrupted,60
Control_11,m84137_260214_004236_s1/189076498/ccs,1,26,2,15,205,CAA_interrupted,60
Control_11,m84137_260214_004236_s1/67506894/ccs,1,26,2,15,205,CAA_interrupted,60
Control_11,m84137_260214_004236_s1/247726555/ccs,1,26,2,15,205,CAA_interrupted,60
Control_11,m84137_260214_004236_s1/266141880/ccs,1,26,2,15,205,CAA_interrupted,60
Control_11,m84137_260214_004236_s1/248775392/ccs,1,26,2,15,205,CAA_interrupted,60
Control_11,m84137_260214_004236_s1/23598681/ccs,1,26,2,15,205,CAA_interrupted,60
Control_11,m84137_260214_004236_s1/20123067/ccs,1,26,2,15,205,CAA_interrupted,60
Control_11,m84137_260214_004236_s1/23728663/ccs,1,26,2,15,205,CAA_interrupted,60
Control_11,m84137_260214_004236_s1/249692406/ccs,1,26,2,15,205,CAA_interrupted,60
Control_11,m84137_260214_004236_s1/250153131/ccs,1,26,2,15,205,CAA_interrupted,60
Control_11,m84137_260214_004236_s1/25431283/ccs,1,26,2,15,205,CAA_interrupted,60
Control_11,m84137_260214_004236_s1/250809249/ccs,1,26,2,15,205,CAA_interrupted,60
Control_11,m84137_260214_004236_s1/26676950/ccs,1,26,2,15,205,CAA_interrupted,60
Control_11,m84137_260214_004236_s1/9573434/ccs,1,26,2,15,205,CAA_interrupted,60
Control_11,m84137_260214_004236_s1/35525163/ccs,1,26,2,15,205,CAA_interrupted,60
Control_11,m84137_260214_004236_s1/10163556/ccs,1,26,2,15,205,CAA_interrupted,60
Control_11,m84137_260214_004236_s1/36441799/ccs,1,26,2,15,205,CAA_interrupted,60
Control_11,m84137_260214_004236_s1/39324824/ccs,1,26,2,15,205,CAA_interrupted,60
Control_11,m84137_260214_004236_s1/37753201/ccs,1,26,2,15,205,CAA_interrupted,60
Control_11,m84137_260214_004236_s1/58134699/ccs,1,26,2,15,205,CAA_interrupted,60
Control_11,m84137_260214_004236_s1/190515706/ccs,1,26,2,15,205,CAA_interrupted,60
Control_11,m84137_260214_004236_s1/152372720/ccs,1,26,2,15,205,CAA_interrupted,60
Control_11,m84137_260214_004236_s1/153027120/ccs,1,26,2,15,205,CAA_interrupted,60
Control_11,m84137_260214_004236_s1/153092644/ccs,1,26,2,15,205,CAA_interrupted,60
Control_11,m84137_260214_004236_s1/132711989/ccs,1,26,2,15,205,CAA_interrupted,60
Control_11,m84137_260214_004236_s1/115736916/ccs,1,26,2,15,205,CAA_interrupted,60
Control_11,m84137_260214_004236_s1/115737872/ccs,1,26,2,15,205,CAA_interrupted,60
Control_11,m84137_260214_004236_s1/115802273/ccs,1,26,2,15,205,CAA_interrupted,60
Control_11,m84137_260214_004236_s1/141101993/ccs,1,26,2,15,205,CAA_interrupted,60
Control_11,m84137_260214_004236_s1/116982359/ccs,1,26,2,15,205,CAA_interrupted,60
Control_11,m84137_260214_004236_s1/162661279/ccs,1,26,2,15,205,CAA_interrupted,60
Control_11,m84137_260214_004236_s1/155192302/ccs,1,26,2,15,205,CAA_interrupted,60
Control_11,m84137_260214_004236_s1/146868316/ccs,1,26,2,15,205,CAA_interrupted,60
Control_11,m84137_260214_004236_s1/143656968/ccs,1,26,2,15,205,CAA_interrupted,60
Control_11,m84137_260214_004236_s1/147391196/ccs,1,26,2,15,205,CAA_interrupted,60
Control_11,m84137_260214_004236_s1/144443917/ccs,1,26,2,15,205,CAA_interrupted,60
Control_11,m84137_260214_004236_s1/165348164/ccs,1,26,2,15,205,CAA_interrupted,60
Control_11,m84137_260214_004236_s1/162072322/ccs,1,26,2,15,205,CAA_interrupted,60
Control_11,m84137_260214_004236_s1/185730793/ccs,1,26,2,15,205,CAA_interrupted,60
Control_11,m84137_260214_004236_s1/173540865/ccs,1,26,2,15,205,CAA_interrupted,60
Control_11,m84137_260214_004236_s1/166398591/ccs,1,26,2,15,205,CAA_interrupted,60
Control_11,m84137_260214_004236_s1/173998283/ccs,1,26,2,15,205,CAA_interrupted,60
Control_11,m84137_260214_004236_s1/190973094/ccs,1,26,2,15,205,CAA_interrupted,60
Control_11,m84137_260214_004236_s1/27726394/ccs,1,26,2,15,205,CAA_interrupted,60
Control_11,m84137_260214_004236_s1/35785777/ccs,1,26,2,15,205,CAA_interrupted,60
Control_11,m84137_260214_004236_s1/32181274/ccs,1,26,2,15,205,CAA_interrupted,60
Control_11,m84137_260214_004236_s1/41227420/ccs,1,26,2,15,205,CAA_interrupted,60
Control_11,m84137_260214_004236_s1/41487957/ccs,1,26,2,15,205,CAA_interrupted,60
Control_11,m84137_260214_004236_s1/58463838/ccs,1,26,2,15,205,CAA_interrupted,60
Control_11,m84137_260214_004236_s1/15339560/ccs,1,26,2,15,205,CAA_interrupted,60
Control_11,m84137_260214_004236_s1/84088393/ccs,1,26,2,15,205,CAA_interrupted,60
Control_11,m84137_260214_004236_s1/59118182/ccs,1,26,2,15,205,CAA_interrupted,60
Control_11,m84137_260214_004236_s1/59510229/ccs,1,26,2,15,205,CAA_interrupted,60
Control_11,m84137_260214_004236_s1/59970242/ccs,1,26,2,15,205,CAA_interrupted,60
Control_11,m84137_260214_004236_s1/59838411/ccs,1,26,2,15,205,CAA_interrupted,60
Control_11,m84137_260214_004236_s1/44110561/ccs,1,26,2,15,205,CAA_interrupted,60
Control_11,m84137_260214_004236_s1/60363604/ccs,1,26,2,15,205,CAA_interrupted,60
Control_11,m84137_260214_004236_s1/65279393/ccs,1,26,2,15,205,CAA_interrupted,60
Control_11,m84137_260214_004236_s1/85265850/ccs,1,26,2,15,205,CAA_interrupted,60
Control_11,m84137_260214_004236_s1/73010861/ccs,1,26,2,15,205,CAA_interrupted,60
Control_11,m84137_260214_004236_s1/72486514/ccs,1,26,2,15,205,CAA_interrupted,60
Control_11,m84137_260214_004236_s1/91556874/ccs,1,26,2,15,205,CAA_interrupted,60
Control_11,m84137_260214_004236_s1/92213635/ccs,1,26,2,15,205,CAA_interrupted,60
Control_11,m84137_260214_004236_s1/48961138/ccs,1,26,2,15,205,CAA_interrupted,60
Control_11,m84137_260214_004236_s1/76288414/ccs,1,26,2,15,205,CAA_interrupted,60
Control_11,m84137_260214_004236_s1/76418094/ccs,1,26,2,15,205,CAA_interrupted,60
Control_11,m84137_260214_004236_s1/107610334/ccs,1,26,2,15,205,CAA_interrupted,60
Control_11,m84137_260214_004236_s1/124649965/ccs,1,26,2,15,205,CAA_interrupted,60
Control_11,m84137_260214_004236_s1/103744024/ccs,1,26,2,15,205,CAA_interrupted,60
Control_11,m84137_260214_004236_s1/120455250/ccs,1,26,2,15,205,CAA_interrupted,60
Control_11,m84137_260214_004236_s1/129565353/ccs,1,26,2,15,205,CAA_interrupted,60
Control_11,m84137_260214_004236_s1/121243073/ccs,1,26,2,15,205,CAA_interrupted,60
Control_11,m84137_260214_004236_s1/113117370/ccs,1,26,2,15,205,CAA_interrupted,60
Control_11,m84137_260214_004236_s1/105906438/ccs,1,26,2,15,205,CAA_interrupted,60
Control_11,m84137_260214_004236_s1/105972027/ccs,1,26,2,15,205,CAA_interrupted,60
Control_11,m84137_260214_004236_s1/106037431/ccs,1,26,2,15,205,CAA_interrupted,60
Control_11,m84137_260214_004236_s1/134285537/ccs,1,26,2,15,205,CAA_interrupted,60
Control_11,m84137_260214_004236_s1/134613790/ccs,1,26,2,15,205,CAA_interrupted,60
Control_11,m84137_260214_004236_s1/114230435/ccs,1,26,2,15,205,CAA_interrupted,60
Control_11,m84137_260214_004236_s1/135726780/ccs,1,26,2,15,205,CAA_interrupted,60
Control_11,m84137_260214_004236_s1/115147480/ccs,1,26,2,15,205,CAA_interrupted,60
Control_11,m84137_260214_004236_s1/115802267/ccs,1,26,2,15,205,CAA_interrupted,60
Control_11,m84137_260214_004236_s1/153749350/ccs,1,26,2,15,205,CAA_interrupted,60
Control_11,m84137_260214_004236_s1/128978012/ccs,1,26,2,15,205,CAA_interrupted,60
Control_11,m84137_260214_004236_s1/105909911/ccs,1,26,2,15,205,CAA_interrupted,60
Control_11,m84137_260214_004236_s1/82513909/ccs,1,26,2,15,205,CAA_interrupted,60
Control_11,m84137_260214_004236_s1/130290559/ccs,1,26,2,15,205,CAA_interrupted,60
Control_11,m84137_260214_004236_s1/110564295/ccs,1,26,2,15,205,CAA_interrupted,60
Control_11,m84137_260214_004236_s1/127211095/ccs,1,26,2,15,205,CAA_interrupted,60
Control_11,m84137_260214_004236_s1/135992290/ccs,1,26,2,15,205,CAA_interrupted,60
Control_11,m84137_260214_004236_s1/153032533/ccs,1,26,2,15,205,CAA_interrupted,60
Control_11,m84137_260214_004236_s1/156832576/ccs,1,26,2,15,205,CAA_interrupted,60
Control_11,m84137_260214_004236_s1/162861697/ccs,1,26,2,15,205,CAA_interrupted,60
Control_11,m84137_260214_004236_s1/160306047/ccs,0,26,2,15,205,CAA_interrupted,60
Control_11,m84137_260214_004236_s1/161418276/ccs,1,26,2,15,205,CAA_interrupted,60
Control_11,m84137_260214_004236_s1/185798644/ccs,1,26,2,15,205,CAA_interrupted,60
Control_11,m84137_260214_004236_s1/190322456/ccs,1,26,2,15,205,CAA_interrupted,60
Control_11,m84137_260214_004236_s1/167709817/ccs,1,26,2,15,205,CAA_interrupted,60
Control_11,m84137_260214_004236_s1/218108226/ccs,1,26,2,15,205,CAA_interrupted,60
Control_11,m84137_260214_004236_s1/172496636/ccs,1,26,2,15,205,CAA_interrupted,60
Control_11,m84137_260214_004236_s1/63116347/ccs,1,26,2,15,205,CAA_interrupted,60
Control_11,m84137_260214_004236_s1/69340893/ccs,1,26,2,15,205,CAA_interrupted,60
Control_11,m84137_260214_004236_s1/60363092/ccs,1,26,2,15,205,CAA_interrupted,60
Control_11,m84137_260214_004236_s1/60888589/ccs,1,26,2,15,205,CAA_interrupted,60
Control_11,m84137_260214_004236_s1/65605021/ccs,1,26,2,15,205,CAA_interrupted,60
Control_11,m84137_260214_004236_s1/73994525/ccs,1,26,2,15,205,CAA_interrupted,60
Control_11,m84137_260214_004236_s1/90509339/ccs,1,26,2,15,205,CAA_interrupted,60
Control_11,m84137_260214_004236_s1/88935780/ccs,1,26,2,15,205,CAA_interrupted,60
Control_11,m84137_260214_004236_s1/89329780/ccs,1,26,2,15,205,CAA_interrupted,60
Control_11,m84137_260214_004236_s1/48828949/ccs,1,26,2,15,205,CAA_interrupted,60
Control_11,m84137_260214_004236_s1/119607614/ccs,1,26,2,15,205,CAA_interrupted,60
Control_11,m84137_260214_004236_s1/81006081/ccs,1,26,2,15,205,CAA_interrupted,60
Control_11,m84137_260214_004236_s1/105387369/ccs,1,26,2,15,205,CAA_interrupted,60
Control_11,m84137_260214_004236_s1/81268255/ccs,1,26,2,15,205,CAA_interrupted,60
Control_11,m84137_260214_004236_s1/26741382/ccs,1,26,2,15,205,CAA_interrupted,60
Control_11,m84137_260214_004236_s1/30999232/ccs,1,26,2,15,205,CAA_interrupted,60
Control_11,m84137_260214_004236_s1/9830991/ccs,1,26,2,15,205,CAA_interrupted,60
Control_11,m84137_260214_004236_s1/21628655/ccs,1,26,2,15,205,CAA_interrupted,60
Control_11,m84137_260214_004236_s1/15598623/ccs,1,26,2,15,205,CAA_interrupted,60
Control_11,m84137_260214_004236_s1/50660778/ccs,1,25,2,16,205,CAA_interrupted,60
Control_11,m84137_260214_004236_s1/35718511/ccs,1,26,2,15,205,CAA_interrupted,60
Control_11,m84137_260214_004236_s1/51251416/ccs,1,26,2,15,205,CAA_interrupted,60
Control_11,m84137_260214_004236_s1/40306446/ccs,1,26,2,15,205,CAA_interrupted,60
Control_11,m84137_260214_004236_s1/40763505/ccs,1,26,2,15,205,CAA_interrupted,60
Control_11,m84137_260214_004236_s1/40700290/ccs,1,26,2,15,205,CAA_interrupted,60
Control_11,m84137_260214_004236_s1/37161436/ccs,1,26,2,15,205,CAA_interrupted,60
Control_11,m84137_260214_004236_s1/41421737/ccs,1,26,2,15,205,CAA_interrupted,60
Control_11,m84137_260214_004236_s1/59443737/ccs,1,26,2,15,205,CAA_interrupted,60
Control_11,m84137_260214_004236_s1/42142560/ccs,1,26,2,15,205,CAA_interrupted,60
Control_11,m84137_260214_004236_s1/42666346/ccs,1,26,2,15,205,CAA_interrupted,60
Control_11,m84137_260214_004236_s1/42861797/ccs,1,26,2,15,205,CAA_interrupted,60
Control_11,m84137_260214_004236_s1/60490695/ccs,1,26,2,15,205,CAA_interrupted,60
Control_11,m84137_260214_004236_s1/47317396/ccs,1,26,2,15,205,CAA_interrupted,60
Control_11,m84137_260214_004236_s1/54331485/ccs,1,26,2,15,205,CAA_interrupted,60
Control_11,m84137_260214_004236_s1/61016627/ccs,1,26,2,15,205,CAA_interrupted,60
Control_11,m84137_260214_004236_s1/44040559/ccs,1,26,2,15,205,CAA_interrupted,60
Control_11,m84137_260214_004236_s1/48366300/ccs,1,26,2,15,205,CAA_interrupted,60
Control_11,m84137_260214_004236_s1/64554361/ccs,1,26,2,15,205,CAA_interrupted,60
Control_11,m84137_260214_004236_s1/48432298/ccs,1,26,2,15,205,CAA_interrupted,60
Control_11,m84137_260214_004236_s1/51906655/ccs,1,26,2,15,205,CAA_interrupted,60
Control_11,m84137_260214_004236_s1/97387822/ccs,1,26,2,15,205,CAA_interrupted,60
Control_11,m84137_260214_004236_s1/77660655/ccs,1,26,2,15,205,CAA_interrupted,60
Control_11,m84137_260214_004236_s1/102761873/ccs,1,26,2,15,205,CAA_interrupted,60
Control_11,m84137_260214_004236_s1/220071778/ccs,1,26,2,15,205,CAA_interrupted,60
Control_11,m84137_260214_004236_s1/215482528/ccs,1,26,2,15,205,CAA_interrupted,60
Control_11,m84137_260214_004236_s1/43259339/ccs,1,26,2,15,205,CAA_interrupted,60
Control_11,m84137_260214_004236_s1/218763025/ccs,1,26,2,15,205,CAA_interrupted,60
Control_11,m84137_260214_004236_s1/252448794/ccs,1,26,2,15,205,CAA_interrupted,60
Control_11,m84137_260214_004236_s1/265229398/ccs,1,26,2,15,205,CAA_interrupted,60
Control_11,m84137_260214_004236_s1/28115629/ccs,1,26,2,15,205,CAA_interrupted,60
Control_11,m84137_260214_004236_s1/28051364/ccs,1,26,2,15,205,CAA_interrupted,60
Control_11,m84137_260214_004236_s1/23006177/ccs,1,26,2,15,205,CAA_interrupted,60
Control_11,m84137_260214_004236_s1/29426063/ccs,1,26,2,15,205,CAA_interrupted,60
Control_11,m84137_260214_004236_s1/29492745/ccs,1,26,2,15,205,CAA_interrupted,60
Control_11,m84137_260214_004236_s1/8061760/ccs,1,26,2,15,205,CAA_interrupted,60
Control_11,m84137_260214_004236_s1/30082276/ccs,1,26,2,15,205,CAA_interrupted,60
Control_11,m84137_260214_004236_s1/30147871/ccs,1,26,2,15,205,CAA_interrupted,60
Control_11,m84137_260214_004236_s1/25298108/ccs,1,26,2,15,205,CAA_interrupted,60
Control_11,m84137_260214_004236_s1/68945194/ccs,1,26,2,15,205,CAA_interrupted,60
Control_11,m84137_260214_004236_s1/62917919/ccs,1,26,2,15,205,CAA_interrupted,60
Control_11,m84137_260214_004236_s1/93066391/ccs,1,26,2,15,205,CAA_interrupted,60
Control_11,m84137_260214_004236_s1/40175962/ccs,1,26,2,15,205,CAA_interrupted,60
Control_11,m84137_260214_004236_s1/243992841/ccs,1,26,2,15,205,CAA_interrupted,60
Control_11,m84137_260214_004236_s1/239668159/ccs,1,26,2,15,205,CAA_interrupted,60
Control_11,m84137_260214_004236_s1/17306845/ccs,1,26,2,15,205,CAA_interrupted,60
Control_11,m84137_260214_004236_s1/261097951/ccs,1,26,2,15,205,CAA_interrupted,60
Control_11,m84137_260214_004236_s1/246942471/ccs,1,26,2,15,205,CAA_interrupted,60
Control_11,m84137_260214_004236_s1/240388789/ccs,1,26,2,15,205,CAA_interrupted,60
Control_11,m84137_260214_004236_s1/262603553/ccs,1,26,2,15,205,CAA_interrupted,60
Control_11,m84137_260214_004236_s1/18485122/ccs,1,26,2,15,205,CAA_interrupted,60
Control_11,m84137_260214_004236_s1/248580615/ccs,1,26,2,15,205,CAA_interrupted,60
Control_11,m84137_260214_004236_s1/23204956/ccs,1,26,2,15,205,CAA_interrupted,60
Control_11,m84137_260214_004236_s1/23466135/ccs,1,26,2,15,205,CAA_interrupted,60
Control_11,m84137_260214_004236_s1/267062150/ccs,1,26,2,15,205,CAA_interrupted,60
Control_11,m84137_260214_004236_s1/267059793/ccs,1,26,2,15,205,CAA_interrupted,60
Control_11,m84137_260214_004236_s1/24710272/ccs,1,26,2,15,205,CAA_interrupted,60
Control_11,m84137_260214_004236_s1/4789635/ccs,1,26,2,15,205,CAA_interrupted,60
Control_11,m84137_260214_004236_s1/24711897/ccs,1,26,2,15,205,CAA_interrupted,60
Control_11,m84137_260214_004236_s1/20974858/ccs,1,26,2,15,205,CAA_interrupted,60
Control_11,m84137_260214_004236_s1/28905502/ccs,1,26,2,15,205,CAA_interrupted,60
Control_11,m84137_260214_004236_s1/8327308/ccs,1,26,2,15,205,CAA_interrupted,60
Control_11,m84137_260214_004236_s1/29561680/ccs,1,26,2,15,205,CAA_interrupted,60
Control_11,m84137_260214_004236_s1/29429291/ccs,1,26,2,15,205,CAA_interrupted,60
Control_11,m84137_260214_004236_s1/51252877/ccs,1,26,2,15,205,CAA_interrupted,60
Control_11,m84137_260214_004236_s1/27003937/ccs,1,26,2,15,205,CAA_interrupted,60
Control_11,m84137_260214_004236_s1/35065175/ccs,1,26,2,15,205,CAA_interrupted,60
Control_11,m84137_260214_004236_s1/142612285/ccs,1,26,2,15,205,CAA_interrupted,60
Control_11,m84137_260214_004236_s1/138875875/ccs,1,26,2,15,205,CAA_interrupted,60
Control_11,m84137_260214_004236_s1/115281011/ccs,1,26,2,15,205,CAA_interrupted,60
Control_11,m84137_260214_004236_s1/116332000/ccs,1,26,2,15,205,CAA_interrupted,60
Control_11,m84137_260214_004236_s1/163778896/ccs,1,26,2,15,205,CAA_interrupted,60
Control_11,m84137_260214_004236_s1/143658502/ccs,1,26,2,15,205,CAA_interrupted,60
Control_11,m84137_260214_004236_s1/164171233/ccs,1,26,2,15,205,CAA_interrupted,60
Control_11,m84137_260214_004236_s1/185536673/ccs,1,26,2,15,205,CAA_interrupted,60
Control_11,m84137_260214_004236_s1/164631989/ccs,1,26,2,15,205,CAA_interrupted,60
Control_11,m84137_260214_004236_s1/174067262/ccs,1,26,2,15,205,CAA_interrupted,60
Control_11,m84137_260214_004236_s1/190189591/ccs,1,26,2,15,205,CAA_interrupted,60
Control_11,m84137_260214_004236_s1/147068275/ccs,1,26,2,15,205,CAA_interrupted,60
Control_11,m84137_260214_004236_s1/147920024/ccs,1,26,2,15,205,CAA_interrupted,60
Control_11,m84137_260214_004236_s1/177870583/ccs,1,26,2,15,205,CAA_interrupted,60
Control_11,m84137_260214_004236_s1/193860233/ccs,1,26,2,15,205,CAA_interrupted,60
Control_11,m84137_260214_004236_s1/193662695/ccs,1,26,2,15,205,CAA_interrupted,60
Control_11,m84137_260214_004236_s1/207097583/ccs,1,26,2,15,205,CAA_interrupted,60
Control_11,m84137_260214_004236_s1/220009171/ccs,1,26,2,15,205,CAA_interrupted,60
Control_11,m84137_260214_004236_s1/201788554/ccs,1,26,2,15,205,CAA_interrupted,60
Control_11,m84137_260214_004236_s1/198905780/ccs,1,26,2,15,205,CAA_interrupted,60
Control_11,m84137_260214_004236_s1/198905304/ccs,1,26,2,15,205,CAA_interrupted,60
Control_11,m84137_260214_004236_s1/194512668/ccs,1,25,2,16,205,CAA_interrupted,60
Control_11,m84137_260214_004236_s1/198314601/ccs,1,26,2,15,205,CAA_interrupted,60
Control_11,m84137_260214_004236_s1/201458920/ccs,1,26,2,15,205,CAA_interrupted,60
Control_11,m84137_260214_004236_s1/178325240/ccs,1,26,2,15,205,CAA_interrupted,60
Control_11,m84137_260214_004236_s1/180751254/ccs,1,26,2,15,205,CAA_interrupted,60
Control_11,m84137_260214_004236_s1/219809391/ccs,1,26,2,15,205,CAA_interrupted,60
Control_11,m84137_260214_004236_s1/202115084/ccs,1,26,2,15,205,CAA_interrupted,60
Control_11,m84137_260214_004236_s1/202311953/ccs,1,26,2,15,205,CAA_interrupted,60
Control_11,m84137_260214_004236_s1/202508827/ccs,1,26,2,15,205,CAA_interrupted,60
Control_11,m84137_260214_004236_s1/224199139/ccs,1,26,2,15,205,CAA_interrupted,60
Control_11,m84137_260214_004236_s1/204081454/ccs,1,26,2,15,205,CAA_interrupted,60
Control_11,m84137_260214_004236_s1/229704282/ccs,1,26,2,15,205,CAA_interrupted,60
Control_11,m84137_260214_004236_s1/230295595/ccs,1,26,2,15,205,CAA_interrupted,60
Control_11,m84137_260214_004236_s1/230819222/ccs,1,26,2,15,205,CAA_interrupted,60
Control_11,m84137_260214_004236_s1/231146258/ccs,1,26,2,15,205,CAA_interrupted,60
Control_11,m84137_260214_004236_s1/231276761/ccs,1,26,2,15,205,CAA_interrupted,60
Control_11,m84137_260214_004236_s1/252249622/ccs,1,26,2,15,205,CAA_interrupted,60
Control_11,m84137_260214_004236_s1/163119769/ccs,0,26,2,15,205,CAA_interrupted,60
Control_11,m84137_260214_004236_s1/146867851/ccs,1,26,2,15,205,CAA_interrupted,60
Control_11,m84137_260214_004236_s1/168232790/ccs,1,26,2,15,205,CAA_interrupted,60
Control_11,m84137_260214_004236_s1/144114238/ccs,1,26,2,15,205,CAA_interrupted,60
Control_11,m84137_260214_004236_s1/165085318/ccs,1,26,2,15,205,CAA_interrupted,60
Control_11,m84137_260214_004236_s1/147980931/ccs,1,26,2,15,205,CAA_interrupted,60
Control_11,m84137_260214_004236_s1/147851814/ccs,1,26,2,15,205,CAA_interrupted,60
Control_11,m84137_260214_004236_s1/168888080/ccs,1,26,2,15,205,CAA_interrupted,60
Control_11,m84137_260214_004236_s1/186780555/ccs,1,26,2,15,205,CAA_interrupted,60
Control_11,m84137_260214_004236_s1/190909006/ccs,1,26,2,15,205,CAA_interrupted,60
Control_11,m84137_260214_004236_s1/170524754/ccs,1,26,2,15,205,CAA_interrupted,60
Control_11,m84137_260214_004236_s1/174981717/ccs,1,26,2,15,205,CAA_interrupted,60
Control_11,m84137_260214_004236_s1/175900159/ccs,1,26,2,15,205,CAA_interrupted,60
Control_11,m84137_260214_004236_s1/189270021/ccs,1,26,2,15,205,CAA_interrupted,60
Control_11,m84137_260214_004236_s1/192545834/ccs,1,26,2,15,205,CAA_interrupted,60
Control_11,m84137_260214_004236_s1/197266428/ccs,1,26,2,15,205,CAA_interrupted,60
Control_11,m84137_260214_004236_s1/177211701/ccs,1,26,2,15,205,CAA_interrupted,60
Control_11,m84137_260214_004236_s1/218564364/ccs,1,26,2,15,205,CAA_interrupted,60
Control_11,m84137_260214_004236_s1/212142438/ccs,1,26,2,15,205,CAA_interrupted,60
Control_11,m84137_260214_004236_s1/214697226/ccs,1,26,2,15,205,CAA_interrupted,60
Control_11,m84137_260214_004236_s1/232784517/ccs,1,26,2,15,205,CAA_interrupted,60
Control_11,m84137_260214_004236_s1/253888491/ccs,1,26,2,15,205,CAA_interrupted,60
Control_11,m84137_260214_004236_s1/235995688/ccs,1,26,2,15,205,CAA_interrupted,60
Control_11,m84137_260214_004236_s1/233899220/ccs,1,26,2,15,205,CAA_interrupted,60
Control_11,m84137_260214_004236_s1/258082958/ccs,1,26,2,15,205,CAA_interrupted,60
Control_11,m84137_260214_004236_s1/258345295/ccs,1,26,2,15,205,CAA_interrupted,60
Control_11,m84137_260214_004236_s1/216793519/ccs,1,26,2,15,205,CAA_interrupted,60
Control_11,m84137_260214_004236_s1/234816736/ccs,1,26,2,15,205,CAA_interrupted,60
Control_11,m84137_260214_004236_s1/258737519/ccs,1,26,2,15,205,CAA_interrupted,60
Control_11,m84137_260214_004236_s1/255788286/ccs,1,26,2,15,205,CAA_interrupted,60
Control_11,m84137_260214_004236_s1/259130336/ccs,1,26,2,15,205,CAA_interrupted,60
Control_11,m84137_260214_004236_s1/259525067/ccs,1,26,2,15,205,CAA_interrupted,60
Control_11,m84137_260214_004236_s1/263129638/ccs,1,26,2,15,205,CAA_interrupted,60
Control_11,m84137_260214_004236_s1/238225078/ccs,1,26,2,15,205,CAA_interrupted,60
Control_11,m84137_260214_004236_s1/238290625/ccs,1,26,2,15,205,CAA_interrupted,60
Control_11,m84137_260214_004236_s1/256706850/ccs,1,26,2,15,205,CAA_interrupted,60
Control_11,m84137_260214_004236_s1/238617129/ccs,1,26,2,15,205,CAA_interrupted,60
Control_11,m84137_260214_004236_s1/263457610/ccs,1,26,2,15,205,CAA_interrupted,60
Control_11,m84137_260214_004236_s1/260441330/ccs,1,26,2,15,205,CAA_interrupted,60
Control_11,m84137_260214_004236_s1/264374021/ccs,1,26,2,15,205,CAA_interrupted,60
Control_11,m84137_260214_004236_s1/92802375/ccs,1,26,2,15,205,CAA_interrupted,60
Control_11,m84137_260214_004236_s1/94115698/ccs,1,26,2,15,205,CAA_interrupted,60
Control_11,m84137_260214_004236_s1/98570674/ccs,1,26,2,15,205,CAA_interrupted,60
Control_11,m84137_260214_004236_s1/79303422/ccs,1,26,2,15,205,CAA_interrupted,60
Control_11,m84137_260214_004236_s1/94901310/ccs,1,26,2,15,205,CAA_interrupted,60
Control_11,m84137_260214_004236_s1/104273052/ccs,1,26,2,15,205,CAA_interrupted,60
Control_11,m84137_260214_004236_s1/120854044/ccs,1,26,2,15,205,CAA_interrupted,60
Control_11,m84137_260214_004236_s1/80941841/ccs,1,26,2,15,205,CAA_interrupted,60
Control_11,m84137_260214_004236_s1/121771805/ccs,1,26,2,15,205,CAA_interrupted,60
Control_11,m84137_260214_004236_s1/105712690/ccs,1,26,2,15,205,CAA_interrupted,60
Control_11,m84137_260214_004236_s1/130618805/ccs,1,26,2,15,205,CAA_interrupted,60
Control_11,m84137_260214_004236_s1/130881091/ccs,1,26,2,15,205,CAA_interrupted,60
Control_11,m84137_260214_004236_s1/112399175/ccs,1,26,2,15,205,CAA_interrupted,60
Control_11,m84137_260214_004236_s1/137498658/ccs,1,26,2,15,205,CAA_interrupted,60
Control_11,m84137_260214_004236_s1/113773739/ccs,1,26,2,15,205,CAA_interrupted,60
Control_11,m84137_260214_004236_s1/181735117/ccs,1,26,2,15,205,CAA_interrupted,60
Control_11,m84137_260214_004236_s1/225840791/ccs,1,26,2,15,205,CAA_interrupted,60
Control_11,m84137_260214_004236_s1/225973518/ccs,1,26,2,15,205,CAA_interrupted,60
Control_11,m84137_260214_004236_s1/205720832/ccs,1,26,2,15,205,CAA_interrupted,60
Control_11,m84137_260214_004236_s1/206179505/ccs,1,26,2,15,205,CAA_interrupted,60
Control_11,m84137_260214_004236_s1/206770016/ccs,1,26,2,15,205,CAA_interrupted,60
Control_11,m84137_260214_004236_s1/252777193/ccs,1,26,2,15,205,CAA_interrupted,60
Control_11,m84137_260214_004236_s1/230102788/ccs,1,26,2,15,205,CAA_interrupted,60
Control_11,m84137_260214_004236_s1/183635974/ccs,1,26,2,15,205,CAA_interrupted,60
Control_11,m84137_260214_004236_s1/227939884/ccs,1,26,2,15,205,CAA_interrupted,60
Control_11,m84137_260214_004236_s1/231149104/ccs,1,26,2,15,205,CAA_interrupted,60
Control_11,m84137_260214_004236_s1/237178425/ccs,1,26,2,15,205,CAA_interrupted,60
Control_11,m84137_260214_004236_s1/237244657/ccs,1,26,2,15,205,CAA_interrupted,60
Control_11,m84137_260214_004236_s1/257823418/ccs,1,26,2,15,205,CAA_interrupted,60
Control_11,m84137_260214_004236_s1/239277604/ccs,1,26,2,15,205,CAA_interrupted,60
Control_11,m84137_260214_004236_s1/261166416/ccs,1,26,2,15,205,CAA_interrupted,60
Control_11,m84137_260214_004236_s1/265032381/ccs,1,26,2,15,205,CAA_interrupted,60
Control_11,m84137_260214_004236_s1/48956205/ccs,1,26,2,15,205,CAA_interrupted,60
Control_11,m84137_260214_004236_s1/72879051/ccs,1,26,2,15,205,CAA_interrupted,60
Control_11,m84137_260214_004236_s1/50005724/ccs,1,26,2,15,205,CAA_interrupted,60
Control_11,m84137_260214_004236_s1/74582337/ccs,1,26,2,15,205,CAA_interrupted,60
Control_11,m84137_260214_004236_s1/95291568/ccs,1,26,2,15,205,CAA_interrupted,60
Control_11,m84137_260214_004236_s1/95092811/ccs,1,26,2,15,205,CAA_interrupted,60
Control_11,m84137_260214_004236_s1/71306123/ccs,1,26,2,15,205,CAA_interrupted,60
Control_11,m84137_260214_004236_s1/79496212/ccs,1,26,2,15,205,CAA_interrupted,60
Control_11,m84137_260214_004236_s1/75893050/ccs,1,26,2,15,205,CAA_interrupted,60
Control_11,m84137_260214_004236_s1/96667264/ccs,1,26,2,15,205,CAA_interrupted,60
Control_11,m84137_260214_004236_s1/96993739/ccs,1,26,2,15,205,CAA_interrupted,60
Control_11,m84137_260214_004236_s1/76153056/ccs,1,26,2,15,205,CAA_interrupted,60
Control_11,m84137_260214_004236_s1/77267290/ccs,1,26,2,15,205,CAA_interrupted,60
Control_11,m84137_260214_004236_s1/81331316/ccs,1,26,2,15,205,CAA_interrupted,60
Control_11,m84137_260214_004236_s1/88804253/ccs,1,26,2,15,205,CAA_interrupted,60
Control_11,m84137_260214_004236_s1/101319774/ccs,1,26,2,15,205,CAA_interrupted,60
Control_11,m84137_260214_004236_s1/123208502/ccs,1,26,2,15,205,CAA_interrupted,60
Control_11,m84137_260214_004236_s1/78250808/ccs,1,26,2,15,205,CAA_interrupted,60
Control_11,m84137_260214_004236_s1/117967195/ccs,1,26,2,15,205,CAA_interrupted,60
Control_11,m84137_260214_004236_s1/82314961/ccs,1,26,2,15,205,CAA_interrupted,60
Control_11,m84137_260214_004236_s1/99811902/ccs,1,26,2,15,205,CAA_interrupted,60
Control_11,m84137_260214_004236_s1/124257249/ccs,1,26,2,15,205,CAA_interrupted,60
Control_11,m84137_260214_004236_s1/100205920/ccs,1,26,2,15,205,CAA_interrupted,60
Control_11,m84137_260214_004236_s1/124258505/ccs,1,26,2,15,205,CAA_interrupted,60
Control_11,m84137_260214_004236_s1/246944045/ccs,1,26,2,15,205,CAA_interrupted,60
Control_11,m84137_260214_004236_s1/267456605/ccs,1,26,2,15,205,CAA_interrupted,60
Control_11,m84137_260214_004236_s1/247991913/ccs,1,26,2,15,205,CAA_interrupted,60
Control_11,m84137_260214_004236_s1/251137626/ccs,1,26,2,15,205,CAA_interrupted,60
Control_11,m84137_260214_004236_s1/17957833/ccs,1,26,2,15,205,CAA_interrupted,60
Control_11,m84137_260214_004236_s1/30081249/ccs,1,26,2,15,205,CAA_interrupted,60
Control_11,m84137_260214_004236_s1/14221466/ccs,1,26,2,15,205,CAA_interrupted,60
Control_11,m84137_260214_004236_s1/39454528/ccs,1,26,2,15,205,CAA_interrupted,60
Control_11,m84137_260214_004236_s1/41290343/ccs,1,26,2,15,205,CAA_interrupted,60
Control_11,m84137_260214_004236_s1/63834446/ccs,1,26,2,15,205,CAA_interrupted,60
Control_11,m84137_260214_004236_s1/66847848/ccs,1,26,2,15,205,CAA_interrupted,60
Control_11,m84137_260214_004236_s1/162203664/ccs,1,26,2,15,205,CAA_interrupted,60
Control_11,m84137_260214_004236_s1/160957999/ccs,1,26,2,15,205,CAA_interrupted,60
Control_11,m84137_260214_004236_s1/178325083/ccs,0,26,2,15,205,CAA_interrupted,60
Control_11,m84137_260214_004236_s1/210175244/ccs,1,26,2,15,205,CAA_interrupted,60
Control_11,m84137_260214_004236_s1/212666993/ccs,1,26,2,15,205,CAA_interrupted,60
Control_11,m84137_260214_004236_s1/258148878/ccs,1,26,2,15,205,CAA_interrupted,60
Control_11,m84137_260214_004236_s1/246745736/ccs,1,26,2,15,205,CAA_interrupted,60
Control_11,m84137_260214_004236_s1/267125121/ccs,1,26,2,15,205,CAA_interrupted,60
Control_11,m84137_260214_004236_s1/4198818/ccs,1,26,2,15,205,CAA_interrupted,60
Control_11,m84137_260214_004236_s1/20582214/ccs,1,26,2,15,205,CAA_interrupted,60
Control_11,m84137_260214_004236_s1/52106656/ccs,1,26,2,15,205,CAA_interrupted,60
Control_11,m84137_260214_004236_s1/44044489/ccs,1,26,2,15,205,CAA_interrupted,60
Control_11,m84137_260214_004236_s1/48434352/ccs,1,26,2,15,205,CAA_interrupted,60
Control_11,m84137_260214_004236_s1/192024247/ccs,1,26,2,15,205,CAA_interrupted,60
Control_11,m84137_260214_004236_s1/176033983/ccs,1,26,2,15,205,CAA_interrupted,60
Control_11,m84137_260214_004236_s1/221123941/ccs,1,26,2,15,205,CAA_interrupted,60
Control_11,m84137_260214_004236_s1/199561777/ccs,1,26,2,15,205,CAA_interrupted,60
Control_11,m84137_260214_004236_s1/222368502/ccs,1,26,2,15,205,CAA_interrupted,60
Control_11,m84137_260214_004236_s1/181802192/ccs,1,26,2,15,205,CAA_interrupted,60
Control_11,m84137_260214_004236_s1/183766169/ccs,1,26,2,15,205,CAA_interrupted,60
Control_11,m84137_260214_004236_s1/67635083/ccs,1,26,2,15,205,CAA_interrupted,60
Control_11,m84137_260214_004236_s1/49546628/ccs,1,26,2,15,205,CAA_interrupted,60
Control_11,m84137_260214_004236_s1/185862607/ccs,1,26,2,14,205,CAA_interrupted,60
Control_11,m84137_260214_004236_s1/235409886/ccs,1,26,2,15,205,CAA_interrupted,60
Control_11,m84137_260214_004236_s1/47776007/ccs,1,26,2,15,205,CAA_interrupted,60
Control_11,m84137_260214_004236_s1/149754230/ccs,1,26,2,15,205,CAA_interrupted,60
Control_11,m84137_260214_004236_s1/8653061/ccs,1,26,2,15,205,CAA_interrupted,60
Control_11,m84137_260214_004236_s1/89392465/ccs,1,26,2,15,205,CAA_interrupted,60
Control_11,m84137_260214_004236_s1/137822345/ccs,1,26,2,15,205,CAA_interrupted,60
Control_11,m84137_260214_004236_s1/154928921/ccs,1,26,2,15,205,CAA_interrupted,60
Control_11,m84137_260214_004236_s1/93520526/ccs,1,26,2,15,205,CAA_interrupted,60
Control_11,m84137_260214_004236_s1/129696485/ccs,1,26,2,15,205,CAA_interrupted,60
Control_11,m84137_260214_004236_s1/68425593/ccs,1,26,2,15,205,CAA_interrupted,60
Control_11,m84137_260214_004236_s1/21824571/ccs,1,26,2,15,205,CAA_interrupted,60
Control_11,m84137_260214_004236_s1/215876813/ccs,1,26,2,15,205,CAA_interrupted,60
Control_11,m84137_260214_004236_s1/67898889/ccs,1,26,2,15,205,CAA_interrupted,60
Control_11,m84137_260214_004236_s1/255530135/ccs,0,25,2,15,206,CAA_interrupted,60
Control_11,m84137_260214_004236_s1/13633733/ccs,1,26,2,15,206,CAA_interrupted,60
Control_11,m84137_260214_004236_s1/262017181/ccs,1,26,2,15,206,CAA_interrupted,60
Control_11,m84137_260214_004236_s1/252843850/ccs,1,26,2,15,206,CAA_interrupted,60
Control_11,m84137_260214_004236_s1/72418042/ccs,1,25,3,15,206,CAA_interrupted,60
Control_11,m84137_260214_004236_s1/233181259/ccs,1,25,3,15,206,CAA_interrupted,60
Control_11,m84137_260214_004236_s1/190711092/ccs,1,26,2,15,206,CAA_interrupted,60
Control_11,m84137_260214_004236_s1/29492885/ccs,1,26,2,15,206,CAA_interrupted,60
Control_11,m84137_260214_004236_s1/188811753/ccs,0,25,2,15,206,CAA_interrupted,60
Control_11,m84137_260214_004236_s1/169478159/ccs,1,26,2,15,206,CAA_interrupted,60
Control_11,m84137_260214_004236_s1/232656082/ccs,1,26,2,15,206,CAA_interrupted,60
Control_11,m84137_260214_004236_s1/240321706/ccs,1,25,3,15,207,CAA_interrupted,60
Control_11,m84137_260214_004236_s1/260116199/ccs,1,26,2,15,207,CAA_interrupted,60
Control_11,m84137_260214_004236_s1/17371961/ccs,1,27,2,15,207,CAA_interrupted,60
Control_11,m84137_260214_004236_s1/92411154/ccs,1,26,2,15,207,CAA_interrupted,60
Control_11,m84137_260214_004236_s1/136711455/ccs,1,26,2,15,207,CAA_interrupted,60
Control_11,m84137_260214_004236_s1/186583334/ccs,1,27,1,13,208,CAA_interrupted,60
Control_11,m84137_260214_004236_s1/70582887/ccs,1,27,2,15,208,CAA_interrupted,60
Control_11,m84137_260214_004236_s1/78055081/ccs,1,27,2,15,208,CAA_interrupted,60
Control_11,m84137_260214_004236_s1/160235657/ccs,1,26,2,16,208,CAA_interrupted,60
Control_11,m84137_260214_004236_s1/5900435/ccs,1,27,2,15,208,CAA_interrupted,60
Control_11,m84137_260214_004236_s1/4197157/ccs,1,27,2,15,208,CAA_interrupted,60
Control_11,m84137_260214_004236_s1/56885668/ccs,1,26,2,16,208,CAA_interrupted,60
Control_11,m84137_260214_004236_s1/36438520/ccs,1,27,2,15,208,CAA_interrupted,60
Control_11,m84137_260214_004236_s1/36503763/ccs,1,27,2,15,208,CAA_interrupted,60
Control_11,m84137_260214_004236_s1/45552096/ccs,1,27,2,15,208,CAA_interrupted,60
Control_11,m84137_260214_004236_s1/72750229/ccs,1,27,2,15,208,CAA_interrupted,60
Control_11,m84137_260214_004236_s1/70848138/ccs,1,27,2,15,208,CAA_interrupted,60
Control_11,m84137_260214_004236_s1/212601729/ccs,1,27,2,15,208,CAA_interrupted,60
Control_11,m84137_260214_004236_s1/170464397/ccs,1,26,2,16,208,CAA_interrupted,60
Control_11,m84137_260214_004236_s1/149558802/ccs,1,26,2,16,208,CAA_interrupted,60
Control_11,m84137_260214_004236_s1/223941086/ccs,1,27,2,15,208,CAA_interrupted,60
Control_11,m84137_260214_004236_s1/107090830/ccs,1,26,2,15,208,CAA_interrupted,60
Control_11,m84137_260214_004236_s1/256709001/ccs,1,26,2,16,208,CAA_interrupted,60
Control_11,m84137_260214_004236_s1/216863266/ccs,1,27,2,15,208,CAA_interrupted,60
Control_11,m84137_260214_004236_s1/245039430/ccs,1,27,2,15,208,CAA_interrupted,60
Control_11,m84137_260214_004236_s1/262406819/ccs,1,26,2,16,208,CAA_interrupted,60
Control_11,m84137_260214_004236_s1/248644396/ccs,1,27,2,15,208,CAA_interrupted,60
Control_11,m84137_260214_004236_s1/205132650/ccs,1,27,2,15,208,CAA_interrupted,60
Control_11,m84137_260214_004236_s1/170137239/ccs,1,26,2,16,208,CAA_interrupted,60
Control_11,m84137_260214_004236_s1/23593515/ccs,1,27,2,15,208,CAA_interrupted,60
Control_11,m84137_260214_004236_s1/10290595/ccs,1,26,2,16,208,CAA_interrupted,60
Control_11,m84137_260214_004236_s1/16384388/ccs,1,26,2,16,208,CAA_interrupted,60
Control_11,m84137_260214_004236_s1/112263212/ccs,1,27,2,15,208,CAA_interrupted,60
Control_11,m84137_260214_004236_s1/114297467/ccs,1,27,2,15,208,CAA_interrupted,60
Control_11,m84137_260214_004236_s1/48891235/ccs,1,27,2,15,208,CAA_interrupted,60
Control_11,m84137_260214_004236_s1/88408750/ccs,1,27,2,15,208,CAA_interrupted,60
Control_11,m84137_260214_004236_s1/35524622/ccs,1,27,2,15,208,CAA_interrupted,60
Control_11,m84137_260214_004236_s1/174851337/ccs,1,27,2,15,208,CAA_interrupted,60
Control_11,m84137_260214_004236_s1/194578176/ccs,1,26,2,16,208,CAA_interrupted,60
Control_11,m84137_260214_004236_s1/201786115/ccs,1,26,2,16,208,CAA_interrupted,60
Control_11,m84137_260214_004236_s1/220136445/ccs,1,27,2,15,208,CAA_interrupted,60
Control_11,m84137_260214_004236_s1/183896516/ccs,1,27,2,15,208,CAA_interrupted,60
Control_11,m84137_260214_004236_s1/3343380/ccs,1,26,2,16,208,CAA_interrupted,60
Control_11,m84137_260214_004236_s1/17173836/ccs,1,26,2,16,208,CAA_interrupted,60
Control_11,m84137_260214_004236_s1/208213908/ccs,1,26,2,16,208,CAA_interrupted,60
Control_11,m84137_260214_004236_s1/99816089/ccs,1,27,2,15,208,CAA_interrupted,60
Control_11,m84137_260214_004236_s1/152570838/ccs,1,27,2,15,208,CAA_interrupted,60
Control_11,m84137_260214_004236_s1/248187799/ccs,1,27,2,15,208,CAA_interrupted,60
Control_11,m84137_260214_004236_s1/23402227/ccs,1,27,2,15,208,CAA_interrupted,60
Control_11,m84137_260214_004236_s1/8328224/ccs,1,27,2,15,208,CAA_interrupted,60
Control_11,m84137_260214_004236_s1/36573534/ccs,1,26,2,16,208,CAA_interrupted,60
Control_11,m84137_260214_004236_s1/42669582/ccs,1,27,2,15,208,CAA_interrupted,60
Control_11,m84137_260214_004236_s1/61214230/ccs,1,27,2,15,208,CAA_interrupted,60
Control_11,m84137_260214_004236_s1/102958721/ccs,1,27,2,15,208,CAA_interrupted,60
Control_11,m84137_260214_004236_s1/152110896/ccs,1,26,2,16,208,CAA_interrupted,60
Control_11,m84137_260214_004236_s1/131666192/ccs,1,27,2,15,208,CAA_interrupted,60
Control_11,m84137_260214_004236_s1/185145110/ccs,1,27,2,15,208,CAA_interrupted,60
Control_11,m84137_260214_004236_s1/48894230/ccs,1,27,2,15,208,CAA_interrupted,60
Control_11,m84137_260214_004236_s1/24905873/ccs,1,27,2,15,208,CAA_interrupted,60
Control_11,m84137_260214_004236_s1/246680306/ccs,1,26,2,16,208,CAA_interrupted,60
Control_11,m84137_260214_004236_s1/19010460/ccs,1,26,2,16,208,CAA_interrupted,60
Control_11,m84137_260214_004236_s1/266404686/ccs,1,26,2,16,208,CAA_interrupted,60
Control_11,m84137_260214_004236_s1/9506555/ccs,1,27,2,15,208,CAA_interrupted,60
Control_11,m84137_260214_004236_s1/172493852/ccs,1,27,2,15,208,CAA_interrupted,60
Control_11,m84137_260214_004236_s1/195104535/ccs,1,27,2,15,208,CAA_interrupted,60
Control_11,m84137_260214_004236_s1/200343947/ccs,1,26,2,16,208,CAA_interrupted,60
Control_11,m84137_260214_004236_s1/203293713/ccs,1,27,2,15,208,CAA_interrupted,60
Control_11,m84137_260214_004236_s1/168363534/ccs,1,26,2,16,208,CAA_interrupted,60
Control_11,m84137_260214_004236_s1/188549052/ccs,1,27,2,15,208,CAA_interrupted,60
Control_11,m84137_260214_004236_s1/172688225/ccs,1,27,2,15,208,CAA_interrupted,60
Control_11,m84137_260214_004236_s1/256772997/ccs,1,27,2,15,208,CAA_interrupted,60
Control_11,m84137_260214_004236_s1/49941641/ccs,1,26,2,16,208,CAA_interrupted,60
Control_11,m84137_260214_004236_s1/83564203/ccs,1,27,2,15,208,CAA_interrupted,60
Control_11,m84137_260214_004236_s1/215160338/ccs,1,26,2,16,208,CAA_interrupted,60
Control_11,m84137_260214_004236_s1/29098736/ccs,1,27,2,15,208,CAA_interrupted,60
Control_11,m84137_260214_004236_s1/152308382/ccs,1,26,2,16,208,CAA_interrupted,60
Control_11,m84137_260214_004236_s1/228983308/ccs,1,27,2,15,208,CAA_interrupted,60
Control_11,m84137_260214_004236_s1/231084257/ccs,0,27,2,15,208,CAA_interrupted,60
Control_11,m84137_260214_004236_s1/132059632/ccs,1,27,2,15,208,CAA_interrupted,60
Control_11,m84137_260214_004236_s1/215679590/ccs,1,27,2,15,208,CAA_interrupted,60
Control_11,m84137_260214_004236_s1/14813497/ccs,1,25,2,16,208,CAA_interrupted,60
Control_11,m84137_260214_004236_s1/208273552/ccs,1,25,2,16,209,CAA_interrupted,60
Control_11,m84137_260214_004236_s1/17434736/ccs,1,27,2,15,209,CAA_interrupted,60
Control_11,m84137_260214_004236_s1/147130755/ccs,1,27,2,15,209,CAA_interrupted,60
Control_11,m84137_260214_004236_s1/163250892/ccs,1,27,2,15,210,CAA_interrupted,60
Control_11,m84137_260214_004236_s1/211292396/ccs,1,26,2,16,210,CAA_interrupted,60
Control_11,m84137_260214_004236_s1/107810344/ccs,0,25,2,17,210,CAA_interrupted,60
Control_11,m84137_260214_004236_s1/66519687/ccs,1,26,2,17,211,CAA_interrupted,60
Control_11,m84137_260214_004236_s1/209261202/ccs,1,28,2,15,211,CAA_interrupted,60
Control_11,m84137_260214_004236_s1/84738711/ccs,1,27,2,16,213,CAA_interrupted,60
Control_11,m84137_260214_004236_s1/21695935/ccs,1,27,2,17,216,CAA_interrupted,60
Control_11,m84137_260214_004236_s1/209717582/ccs,0,20,1,14,195,CAA_interrupted,60
Control_11,m84137_260214_004236_s1/47515467/ccs,0,21,3,15,200,CAA_interrupted,60
Control_11,m84137_260214_004236_s1/48825940/ccs,1,24,2,15,214,CAA_interrupted,60
Control_11,m84137_260214_004236_s1/258605891/ccs,1,24,3,12,207,CAA_interrupted,60
Control_11,m84137_260214_004236_s1/76349914/ccs,1,27,1,12,207,CAA_interrupted,60
Control_11,m84137_260214_004236_s1/158600986/ccs,0,18,2,16,195,CAA_interrupted,60
Control_11,m84137_260214_004236_s1/71894206/ccs,0,21,3,12,199,CAA_interrupted,60
Control_11,m84137_260214_004236_s1/127142078/ccs,0,21,4,12,200,CAA_interrupted,60
Control_11,m84137_260214_004236_s1/245433152/ccs,0,23,2,14,202,CAA_interrupted,60
Control_11,m84137_260214_004236_s1/3084395/ccs,0,21,2,12,201,CAA_interrupted,60
Control_11,m84137_260214_004236_s1/244124983/ccs,1,22,2,15,205,CAA_interrupted,60
Control_11,m84137_260214_004236_s1/238158922/ccs,0,23,3,12,200,CAA_interrupted,60
Control_11,m84137_260214_004236_s1/157091837/ccs,0,23,2,14,197,CAA_interrupted,60
Control_11,m84137_260214_004236_s1/229903590/ccs,1,23,2,13,203,CAA_interrupted,60
Control_11,m84137_260214_004236_s1/65799310/ccs,1,22,2,16,205,CAA_interrupted,60
Control_11,m84137_260214_004236_s1/194711918/ccs,0,23,2,14,198,CAA_interrupted,60
Control_11,m84137_260214_004236_s1/47319852/ccs,0,24,2,15,199,CAA_interrupted,60
Control_11,m84137_260214_004236_s1/113052421/ccs,0,24,2,15,199,CAA_interrupted,60
Control_11,m84137_260214_004236_s1/95289979/ccs,0,22,2,14,193,CAA_interrupted,60
Control_11,m84137_260214_004236_s1/13238552/ccs,0,23,2,13,194,CAA_interrupted,60
Control_11,m84137_260214_004236_s1/5571165/ccs,0,22,2,15,194,CAA_interrupted,60
Control_11,m84137_260214_004236_s1/13238879/ccs,0,23,2,15,196,CAA_interrupted,60
Control_11,m84137_260214_004236_s1/14290944/ccs,0,24,2,14,196,CAA_interrupted,60
Control_11,m84137_260214_004236_s1/257426894/ccs,0,24,2,14,196,CAA_interrupted,60
Control_11,m84137_260214_004236_s1/4985016/ccs,0,23,2,15,196,CAA_interrupted,60
Control_11,m84137_260214_004236_s1/223352527/ccs,0,24,2,14,196,CAA_interrupted,60
Control_11,m84137_260214_004236_s1/251858850/ccs,0,24,2,15,196,CAA_interrupted,60
Control_11,m84137_260214_004236_s1/261164567/ccs,0,24,2,14,196,CAA_interrupted,60
Control_11,m84137_260214_004236_s1/173542648/ccs,0,23,2,15,196,CAA_interrupted,60
Control_11,m84137_260214_004236_s1/3411194/ccs,0,24,2,14,196,CAA_interrupted,60
Control_11,m84137_260214_004236_s1/19924096/ccs,0,23,2,15,196,CAA_interrupted,60
Control_11,m84137_260214_004236_s1/17173180/ccs,0,24,2,14,196,CAA_interrupted,60
Control_11,m84137_260214_004236_s1/5374965/ccs,0,24,2,14,196,CAA_interrupted,60
Control_11,m84137_260214_004236_s1/91687763/ccs,0,24,2,14,196,CAA_interrupted,60
Control_11,m84137_260214_004236_s1/87558789/ccs,0,23,2,15,196,CAA_interrupted,60
Control_11,m84137_260214_004236_s1/197266068/ccs,0,23,2,15,196,CAA_interrupted,60
Control_11,m84137_260214_004236_s1/200934378/ccs,0,23,2,15,196,CAA_interrupted,60
Control_11,m84137_260214_004236_s1/64295414/ccs,0,23,2,15,196,CAA_interrupted,60
Control_11,m84137_260214_004236_s1/155719049/ccs,0,24,2,14,196,CAA_interrupted,60
Control_11,m84137_260214_004236_s1/129172772/ccs,0,23,2,15,196,CAA_interrupted,60
Control_11,m84137_260214_004236_s1/172231151/ccs,0,23,2,15,196,CAA_interrupted,60
Control_11,m84137_260214_004236_s1/264178370/ccs,0,24,2,14,196,CAA_interrupted,60
Control_11,m84137_260214_004236_s1/156239682/ccs,0,24,2,14,196,CAA_interrupted,60
Control_11,m84137_260214_004236_s1/205455423/ccs,0,23,2,15,196,CAA_interrupted,60
Control_11,m84137_260214_004236_s1/236062517/ccs,0,23,2,15,196,CAA_interrupted,60
Control_11,m84137_260214_004236_s1/17109891/ccs,0,24,2,14,196,CAA_interrupted,60
Control_11,m84137_260214_004236_s1/35263025/ccs,0,23,2,15,196,CAA_interrupted,60
Control_11,m84137_260214_004236_s1/152639357/ccs,0,23,2,15,196,CAA_interrupted,60
Control_11,m84137_260214_004236_s1/170331420/ccs,0,24,2,14,196,CAA_interrupted,60
Control_11,m84137_260214_004236_s1/259198920/ccs,0,23,2,15,196,CAA_interrupted,60
Control_11,m84137_260214_004236_s1/138020045/ccs,0,24,2,14,196,CAA_interrupted,60
Control_11,m84137_260214_004236_s1/231670480/ccs,0,23,2,15,196,CAA_interrupted,60
Control_11,m84137_260214_004236_s1/23007614/ccs,0,23,2,15,196,CAA_interrupted,60
Control_11,m84137_260214_004236_s1/211555950/ccs,0,24,2,14,196,CAA_interrupted,60
Control_11,m84137_260214_004236_s1/241111984/ccs,0,23,2,15,196,CAA_interrupted,60
Control_11,m84137_260214_004236_s1/165481926/ccs,0,23,2,15,196,CAA_interrupted,60
Control_11,m84137_260214_004236_s1/84477579/ccs,0,23,2,15,196,CAA_interrupted,60
Control_11,m84137_260214_004236_s1/251987919/ccs,0,24,2,13,197,CAA_interrupted,60
Control_11,m84137_260214_004236_s1/103682488/ccs,0,23,2,15,197,CAA_interrupted,60
Control_11,m84137_260214_004236_s1/260116830/ccs,0,24,2,14,197,CAA_interrupted,60
Control_11,m84137_260214_004236_s1/51249371/ccs,0,24,2,13,197,CAA_interrupted,60
Control_11,m84137_260214_004236_s1/89328548/ccs,0,23,2,15,197,CAA_interrupted,60
Control_11,m84137_260214_004236_s1/4527844/ccs,0,24,2,14,197,CAA_interrupted,60
Control_11,m84137_260214_004236_s1/8654575/ccs,0,24,2,15,197,CAA_interrupted,60
Control_11,m84137_260214_004236_s1/64427790/ccs,0,24,2,14,198,CAA_interrupted,60
Control_11,m84137_260214_004236_s1/249300024/ccs,0,24,2,15,198,CAA_interrupted,60
Control_11,m84137_260214_004236_s1/186256787/ccs,0,24,2,14,198,CAA_interrupted,60
Control_11,m84137_260214_004236_s1/42795477/ccs,0,24,1,15,198,CAA_interrupted,60
Control_11,m84137_260214_004236_s1/80085927/ccs,0,24,2,14,198,CAA_interrupted,60
Control_11,m84137_260214_004236_s1/62982914/ccs,0,24,2,15,198,CAA_interrupted,60
Control_11,m84137_260214_004236_s1/224925057/ccs,0,24,1,15,198,CAA_interrupted,60
Control_11,m84137_260214_004236_s1/92079740/ccs,0,24,2,15,198,CAA_interrupted,60
Control_11,m84137_260214_004236_s1/26411515/ccs,0,24,2,14,198,CAA_interrupted,60
Control_11,m84137_260214_004236_s1/4458910/ccs,0,23,2,15,198,CAA_interrupted,60
Control_11,m84137_260214_004236_s1/102106349/ccs,0,23,2,15,198,CAA_interrupted,60
Control_11,m84137_260214_004236_s1/69075854/ccs,0,24,2,15,198,CAA_interrupted,60
Control_11,m84137_260214_004236_s1/263066150/ccs,0,24,2,15,199,CAA_interrupted,60
Control_11,m84137_260214_004236_s1/91030056/ccs,0,24,2,15,199,CAA_interrupted,60
Control_11,m84137_260214_004236_s1/76156948/ccs,0,24,2,15,199,CAA_interrupted,60
Control_11,m84137_260214_004236_s1/131403859/ccs,0,24,2,15,199,CAA_interrupted,60
Control_11,m84137_260214_004236_s1/152441691/ccs,0,24,2,15,199,CAA_interrupted,60
Control_11,m84137_260214_004236_s1/2821762/ccs,1,24,2,15,199,CAA_interrupted,60
Control_11,m84137_260214_004236_s1/4198184/ccs,0,24,2,15,199,CAA_interrupted,60
Control_11,m84137_260214_004236_s1/192152603/ccs,0,24,2,15,199,CAA_interrupted,60
Control_11,m84137_260214_004236_s1/120393624/ccs,0,24,2,15,199,CAA_interrupted,60
Control_11,m84137_260214_004236_s1/36438185/ccs,0,24,2,15,199,CAA_interrupted,60
Control_11,m84137_260214_004236_s1/83364772/ccs,0,24,2,15,199,CAA_interrupted,60
Control_11,m84137_260214_004236_s1/109707746/ccs,0,24,2,15,199,CAA_interrupted,60
Control_11,m84137_260214_004236_s1/142017638/ccs,0,24,2,15,199,CAA_interrupted,60
Control_11,m84137_260214_004236_s1/230951323/ccs,0,24,2,15,199,CAA_interrupted,60
Control_11,m84137_260214_004236_s1/201854725/ccs,0,24,2,15,199,CAA_interrupted,60
Control_11,m84137_260214_004236_s1/65536956/ccs,0,24,2,15,199,CAA_interrupted,60
Control_11,m84137_260214_004236_s1/40436477/ccs,0,24,2,15,199,CAA_interrupted,60
Control_11,m84137_260214_004236_s1/58199025/ccs,0,24,2,15,199,CAA_interrupted,60
Control_11,m84137_260214_004236_s1/62129616/ccs,0,24,2,15,199,CAA_interrupted,60
Control_11,m84137_260214_004236_s1/58854377/ccs,0,24,2,15,199,CAA_interrupted,60
Control_11,m84137_260214_004236_s1/37225453/ccs,0,24,2,15,199,CAA_interrupted,60
Control_11,m84137_260214_004236_s1/46466947/ccs,0,24,2,15,199,CAA_interrupted,60
Control_11,m84137_260214_004236_s1/53478743/ccs,0,24,2,15,199,CAA_interrupted,60
Control_11,m84137_260214_004236_s1/42468225/ccs,0,24,2,15,199,CAA_interrupted,60
Control_11,m84137_260214_004236_s1/42732497/ccs,0,24,2,15,199,CAA_interrupted,60
Control_11,m84137_260214_004236_s1/42797405/ccs,0,24,2,15,199,CAA_interrupted,60
Control_11,m84137_260214_004236_s1/63571091/ccs,0,24,2,15,199,CAA_interrupted,60
Control_11,m84137_260214_004236_s1/38863955/ccs,0,24,2,15,199,CAA_interrupted,60
Control_11,m84137_260214_004236_s1/47318428/ccs,0,24,2,15,199,CAA_interrupted,60
Control_11,m84137_260214_004236_s1/38863665/ccs,0,24,2,15,199,CAA_interrupted,60
Control_11,m84137_260214_004236_s1/23333217/ccs,0,24,2,15,199,CAA_interrupted,60
Control_11,m84137_260214_004236_s1/7145109/ccs,0,24,2,15,199,CAA_interrupted,60
Control_11,m84137_260214_004236_s1/18678273/ccs,0,24,2,15,199,CAA_interrupted,60
Control_11,m84137_260214_004236_s1/23987109/ccs,0,24,2,15,199,CAA_interrupted,60
Control_11,m84137_260214_004236_s1/8520272/ccs,0,24,2,15,199,CAA_interrupted,60
Control_11,m84137_260214_004236_s1/25822097/ccs,0,24,2,15,199,CAA_interrupted,60
Control_11,m84137_260214_004236_s1/4850606/ccs,0,24,2,15,199,CAA_interrupted,60
Control_11,m84137_260214_004236_s1/30868364/ccs,0,24,2,15,199,CAA_interrupted,60
Control_11,m84137_260214_004236_s1/26609161/ccs,0,24,2,15,199,CAA_interrupted,60
Control_11,m84137_260214_004236_s1/9240840/ccs,0,24,2,15,199,CAA_interrupted,60
Control_11,m84137_260214_004236_s1/9308345/ccs,0,24,2,15,199,CAA_interrupted,60
Control_11,m84137_260214_004236_s1/26871123/ccs,0,24,2,15,199,CAA_interrupted,60
Control_11,m84137_260214_004236_s1/9831217/ccs,0,24,2,15,199,CAA_interrupted,60
Control_11,m84137_260214_004236_s1/27066484/ccs,0,24,2,15,199,CAA_interrupted,60
Control_11,m84137_260214_004236_s1/40964819/ccs,0,24,2,15,199,CAA_interrupted,60
Control_11,m84137_260214_004236_s1/62984954/ccs,0,24,2,15,199,CAA_interrupted,60
Control_11,m84137_260214_004236_s1/42470416/ccs,0,24,2,15,199,CAA_interrupted,60
Control_11,m84137_260214_004236_s1/59119518/ccs,0,24,2,15,199,CAA_interrupted,60
Control_11,m84137_260214_004236_s1/44897188/ccs,0,24,2,15,199,CAA_interrupted,60
Control_11,m84137_260214_004236_s1/44242176/ccs,0,24,2,15,199,CAA_interrupted,60
Control_11,m84137_260214_004236_s1/85071035/ccs,0,24,2,15,199,CAA_interrupted,60
Control_11,m84137_260214_004236_s1/44634497/ccs,1,25,2,13,199,CAA_interrupted,60
Control_11,m84137_260214_004236_s1/70061196/ccs,0,24,2,15,199,CAA_interrupted,60
Control_11,m84137_260214_004236_s1/45223971/ccs,0,24,2,15,199,CAA_interrupted,60
Control_11,m84137_260214_004236_s1/85791194/ccs,0,24,2,15,199,CAA_interrupted,60
Control_11,m84137_260214_004236_s1/85858124/ccs,0,24,2,15,199,CAA_interrupted,60
Control_11,m84137_260214_004236_s1/100205686/ccs,0,24,2,15,199,CAA_interrupted,60
Control_11,m84137_260214_004236_s1/102959350/ccs,0,24,2,15,199,CAA_interrupted,60
Control_11,m84137_260214_004236_s1/119669911/ccs,0,24,2,15,199,CAA_interrupted,60
Control_11,m84137_260214_004236_s1/128779955/ccs,0,24,2,15,199,CAA_interrupted,60
Control_11,m84137_260214_004236_s1/128779639/ccs,0,24,2,15,199,CAA_interrupted,60
Control_11,m84137_260214_004236_s1/120325810/ccs,0,24,2,15,199,CAA_interrupted,60
Control_11,m84137_260214_004236_s1/103874649/ccs,0,24,2,15,199,CAA_interrupted,60
Control_11,m84137_260214_004236_s1/125305385/ccs,0,24,2,15,199,CAA_interrupted,60
Control_11,m84137_260214_004236_s1/120390601/ccs,0,24,2,15,199,CAA_interrupted,60
Control_11,m84137_260214_004236_s1/108987982/ccs,0,24,2,15,199,CAA_interrupted,60
Control_11,m84137_260214_004236_s1/108855571/ccs,0,24,2,15,199,CAA_interrupted,60
Control_11,m84137_260214_004236_s1/125567643/ccs,0,24,2,15,199,CAA_interrupted,60
Control_11,m84137_260214_004236_s1/112855939/ccs,0,24,2,15,199,CAA_interrupted,60
Control_11,m84137_260214_004236_s1/105382457/ccs,0,24,2,15,199,CAA_interrupted,60
Control_11,m84137_260214_004236_s1/105514653/ccs,0,24,2,15,199,CAA_interrupted,60
Control_11,m84137_260214_004236_s1/93195048/ccs,0,24,2,15,199,CAA_interrupted,60
Control_11,m84137_260214_004236_s1/71894004/ccs,0,24,2,15,199,CAA_interrupted,60
Control_11,m84137_260214_004236_s1/96668586/ccs,0,24,2,15,199,CAA_interrupted,60
Control_11,m84137_260214_004236_s1/80413616/ccs,0,24,2,15,199,CAA_interrupted,60
Control_11,m84137_260214_004236_s1/94045628/ccs,0,24,2,15,199,CAA_interrupted,60
Control_11,m84137_260214_004236_s1/76809419/ccs,0,24,2,15,199,CAA_interrupted,60
Control_11,m84137_260214_004236_s1/94765500/ccs,0,24,2,15,199,CAA_interrupted,60
Control_11,m84137_260214_004236_s1/94636496/ccs,0,24,2,15,199,CAA_interrupted,60
Control_11,m84137_260214_004236_s1/98763708/ccs,0,24,2,15,199,CAA_interrupted,60
Control_11,m84137_260214_004236_s1/77662094/ccs,0,24,2,15,199,CAA_interrupted,60
Control_11,m84137_260214_004236_s1/81789169/ccs,0,24,2,15,199,CAA_interrupted,60
Control_11,m84137_260214_004236_s1/117638224/ccs,0,24,2,15,199,CAA_interrupted,60
Control_11,m84137_260214_004236_s1/117836548/ccs,0,24,2,15,199,CAA_interrupted,60
Control_11,m84137_260214_004236_s1/82248957/ccs,0,24,2,15,199,CAA_interrupted,60
Control_11,m84137_260214_004236_s1/118555482/ccs,0,24,2,15,199,CAA_interrupted,60
Control_11,m84137_260214_004236_s1/14747821/ccs,0,24,2,15,199,CAA_interrupted,60
Control_11,m84137_260214_004236_s1/14615910/ccs,0,24,2,15,199,CAA_interrupted,60
Control_11,m84137_260214_004236_s1/10095016/ccs,0,24,2,15,199,CAA_interrupted,60
Control_11,m84137_260214_004236_s1/10160943/ccs,0,24,2,15,199,CAA_interrupted,60
Control_11,m84137_260214_004236_s1/31591384/ccs,0,24,2,15,199,CAA_interrupted,60
Control_11,m84137_260214_004236_s1/10289929/ccs,0,24,2,15,199,CAA_interrupted,60
Control_11,m84137_260214_004236_s1/34407422/ccs,0,24,2,15,199,CAA_interrupted,60
Control_11,m84137_260214_004236_s1/11012283/ccs,0,24,2,15,199,CAA_interrupted,60
Control_11,m84137_260214_004236_s1/10815938/ccs,0,24,2,15,199,CAA_interrupted,60
Control_11,m84137_260214_004236_s1/39127169/ccs,0,24,2,15,199,CAA_interrupted,60
Control_11,m84137_260214_004236_s1/16057635/ccs,0,24,2,15,199,CAA_interrupted,60
Control_11,m84137_260214_004236_s1/16649103/ccs,0,24,2,15,199,CAA_interrupted,60
Control_11,m84137_260214_004236_s1/57542043/ccs,0,24,2,15,199,CAA_interrupted,60
Control_11,m84137_260214_004236_s1/51382876/ccs,0,24,2,15,199,CAA_interrupted,60
Control_11,m84137_260214_004236_s1/57673098/ccs,0,24,2,15,199,CAA_interrupted,60
Control_11,m84137_260214_004236_s1/45091811/ccs,0,24,2,15,199,CAA_interrupted,60
Control_11,m84137_260214_004236_s1/54920145/ccs,0,24,2,15,199,CAA_interrupted,60
Control_11,m84137_260214_004236_s1/44370163/ccs,0,24,2,15,199,CAA_interrupted,60
Control_11,m84137_260214_004236_s1/48302782/ccs,0,24,2,15,199,CAA_interrupted,60
Control_11,m84137_260214_004236_s1/44566355/ccs,0,24,2,15,199,CAA_interrupted,60
Control_11,m84137_260214_004236_s1/64487644/ccs,0,24,2,15,199,CAA_interrupted,60
Control_11,m84137_260214_004236_s1/64685684/ccs,0,24,2,15,199,CAA_interrupted,60
Control_11,m84137_260214_004236_s1/64948264/ccs,0,24,2,15,199,CAA_interrupted,60
Control_11,m84137_260214_004236_s1/90898565/ccs,0,24,2,15,199,CAA_interrupted,60
Control_11,m84137_260214_004236_s1/73597853/ccs,0,24,2,15,199,CAA_interrupted,60
Control_11,m84137_260214_004236_s1/73534412/ccs,0,25,2,14,199,CAA_interrupted,60
Control_11,m84137_260214_004236_s1/84214168/ccs,0,24,2,15,199,CAA_interrupted,60
Control_11,m84137_260214_004236_s1/66585081/ccs,0,25,2,14,199,CAA_interrupted,60
Control_11,m84137_260214_004236_s1/85068514/ccs,0,24,2,15,199,CAA_interrupted,60
Control_11,m84137_260214_004236_s1/78448178/ccs,0,24,2,15,199,CAA_interrupted,60
Control_11,m84137_260214_004236_s1/78252807/ccs,0,24,2,15,199,CAA_interrupted,60
Control_11,m84137_260214_004236_s1/85789318/ccs,0,24,2,15,199,CAA_interrupted,60
Control_11,m84137_260214_004236_s1/161614186/ccs,0,24,2,15,199,CAA_interrupted,60
Control_11,m84137_260214_004236_s1/145294489/ccs,0,24,2,15,199,CAA_interrupted,60
Control_11,m84137_260214_004236_s1/165808365/ccs,0,24,2,15,199,CAA_interrupted,60
Control_11,m84137_260214_004236_s1/145227945/ccs,0,24,2,15,199,CAA_interrupted,60
Control_11,m84137_260214_004236_s1/166266954/ccs,0,24,2,15,199,CAA_interrupted,60
Control_11,m84137_260214_004236_s1/148637772/ccs,0,24,2,15,199,CAA_interrupted,60
Control_11,m84137_260214_004236_s1/169607667/ccs,0,24,2,15,199,CAA_interrupted,60
Control_11,m84137_260214_004236_s1/186254557/ccs,0,24,2,15,199,CAA_interrupted,60
Control_11,m84137_260214_004236_s1/167118387/ccs,0,24,2,15,199,CAA_interrupted,60
Control_11,m84137_260214_004236_s1/191368185/ccs,0,24,2,15,199,CAA_interrupted,60
Control_11,m84137_260214_004236_s1/170918257/ccs,0,24,2,15,199,CAA_interrupted,60
Control_11,m84137_260214_004236_s1/195758689/ccs,0,24,2,15,199,CAA_interrupted,60
Control_11,m84137_260214_004236_s1/110100851/ccs,0,24,2,15,199,CAA_interrupted,60
Control_11,m84137_260214_004236_s1/110166104/ccs,0,24,2,15,199,CAA_interrupted,60
Control_11,m84137_260214_004236_s1/110168626/ccs,0,24,2,15,199,CAA_interrupted,60
Control_11,m84137_260214_004236_s1/131007561/ccs,0,24,2,15,199,CAA_interrupted,60
Control_11,m84137_260214_004236_s1/131402288/ccs,0,24,2,15,199,CAA_interrupted,60
Control_11,m84137_260214_004236_s1/135137029/ccs,0,24,2,15,199,CAA_interrupted,60
Control_11,m84137_260214_004236_s1/152109667/ccs,0,24,2,15,199,CAA_interrupted,60
Control_11,m84137_260214_004236_s1/114691035/ccs,0,24,2,15,199,CAA_interrupted,60
Control_11,m84137_260214_004236_s1/139919495/ccs,0,24,2,15,199,CAA_interrupted,60
Control_11,m84137_260214_004236_s1/156567293/ccs,0,24,2,15,199,CAA_interrupted,60
Control_11,m84137_260214_004236_s1/140446507/ccs,0,24,2,15,199,CAA_interrupted,60
Control_11,m84137_260214_004236_s1/116786020/ccs,0,24,2,15,199,CAA_interrupted,60
Control_11,m84137_260214_004236_s1/158466662/ccs,0,24,2,15,199,CAA_interrupted,60
Control_11,m84137_260214_004236_s1/138019906/ccs,0,24,2,15,199,CAA_interrupted,60
Control_11,m84137_260214_004236_s1/117310349/ccs,0,24,2,15,199,CAA_interrupted,60
Control_11,m84137_260214_004236_s1/137890185/ccs,0,24,2,15,199,CAA_interrupted,60
Control_11,m84137_260214_004236_s1/141624965/ccs,0,24,2,15,199,CAA_interrupted,60
Control_11,m84137_260214_004236_s1/138741926/ccs,0,24,2,15,199,CAA_interrupted,60
Control_11,m84137_260214_004236_s1/159582245/ccs,0,24,2,15,199,CAA_interrupted,60
Control_11,m84137_260214_004236_s1/154994070/ccs,0,24,2,15,199,CAA_interrupted,60
Control_11,m84137_260214_004236_s1/155386922/ccs,0,24,2,15,199,CAA_interrupted,60
Control_11,m84137_260214_004236_s1/155517323/ccs,0,24,2,15,199,CAA_interrupted,60
Control_11,m84137_260214_004236_s1/146342225/ccs,0,24,2,15,199,CAA_interrupted,60
Control_11,m84137_260214_004236_s1/143132511/ccs,0,24,2,15,199,CAA_interrupted,60
Control_11,m84137_260214_004236_s1/164168944/ccs,0,24,2,15,199,CAA_interrupted,60
Control_11,m84137_260214_004236_s1/167774271/ccs,0,24,2,15,199,CAA_interrupted,60
Control_11,m84137_260214_004236_s1/160761758/ccs,0,24,2,15,199,CAA_interrupted,60
Control_11,m84137_260214_004236_s1/164300714/ccs,0,24,2,15,199,CAA_interrupted,60
Control_11,m84137_260214_004236_s1/164890642/ccs,0,24,2,15,199,CAA_interrupted,60
Control_11,m84137_260214_004236_s1/257950372/ccs,0,24,2,15,199,CAA_interrupted,60
Control_11,m84137_260214_004236_s1/257884885/ccs,0,24,2,15,199,CAA_interrupted,60
Control_11,m84137_260214_004236_s1/241697055/ccs,0,24,2,15,199,CAA_interrupted,60
Control_11,m84137_260214_004236_s1/234423507/ccs,0,24,2,15,199,CAA_interrupted,60
Control_11,m84137_260214_004236_s1/216465582/ccs,0,24,2,15,199,CAA_interrupted,60
Control_11,m84137_260214_004236_s1/237765266/ccs,0,24,2,15,199,CAA_interrupted,60
Control_11,m84137_260214_004236_s1/263326568/ccs,0,24,2,15,199,CAA_interrupted,60
Control_11,m84137_260214_004236_s1/256901412/ccs,0,24,2,15,199,CAA_interrupted,60
Control_11,m84137_260214_004236_s1/243466758/ccs,0,24,2,15,199,CAA_interrupted,60
Control_11,m84137_260214_004236_s1/260440884/ccs,0,24,2,15,199,CAA_interrupted,60
Control_11,m84137_260214_004236_s1/246285113/ccs,0,24,2,15,199,CAA_interrupted,60
Control_11,m84137_260214_004236_s1/264374931/ccs,0,24,2,15,199,CAA_interrupted,60
Control_11,m84137_260214_004236_s1/247204443/ccs,0,24,2,15,199,CAA_interrupted,60
Control_11,m84137_260214_004236_s1/187960285/ccs,0,24,2,15,199,CAA_interrupted,60
Control_11,m84137_260214_004236_s1/150536305/ccs,0,24,2,15,199,CAA_interrupted,60
Control_11,m84137_260214_004236_s1/178980886/ccs,0,24,2,15,199,CAA_interrupted,60
Control_11,m84137_260214_004236_s1/189596398/ccs,0,24,2,15,199,CAA_interrupted,60
Control_11,m84137_260214_004236_s1/197199631/ccs,0,24,2,15,199,CAA_interrupted,60
Control_11,m84137_260214_004236_s1/193202057/ccs,0,24,2,15,199,CAA_interrupted,60
Control_11,m84137_260214_004236_s1/176750753/ccs,0,24,2,15,199,CAA_interrupted,60
Control_11,m84137_260214_004236_s1/179635410/ccs,0,24,2,15,199,CAA_interrupted,60
Control_11,m84137_260214_004236_s1/179634338/ccs,0,24,2,15,199,CAA_interrupted,60
Control_11,m84137_260214_004236_s1/176948554/ccs,0,24,2,15,199,CAA_interrupted,60
Control_11,m84137_260214_004236_s1/193267941/ccs,0,24,2,15,199,CAA_interrupted,60
Control_11,m84137_260214_004236_s1/173146359/ccs,0,24,2,15,199,CAA_interrupted,60
Control_11,m84137_260214_004236_s1/194185765/ccs,0,24,2,15,199,CAA_interrupted,60
Control_11,m84137_260214_004236_s1/194512913/ccs,0,24,2,15,199,CAA_interrupted,60
Control_11,m84137_260214_004236_s1/194773624/ccs,0,24,2,15,199,CAA_interrupted,60
Control_11,m84137_260214_004236_s1/178389144/ccs,0,24,2,15,199,CAA_interrupted,60
Control_11,m84137_260214_004236_s1/178193919/ccs,0,24,2,15,199,CAA_interrupted,60
Control_11,m84137_260214_004236_s1/178456581/ccs,0,24,2,15,199,CAA_interrupted,60
Control_11,m84137_260214_004236_s1/219480811/ccs,0,24,2,15,199,CAA_interrupted,60
Control_11,m84137_260214_004236_s1/201720264/ccs,0,24,2,15,199,CAA_interrupted,60
Control_11,m84137_260214_004236_s1/181274064/ccs,0,24,2,15,199,CAA_interrupted,60
Control_11,m84137_260214_004236_s1/220005958/ccs,0,24,2,15,199,CAA_interrupted,60
Control_11,m84137_260214_004236_s1/202180925/ccs,0,24,2,15,199,CAA_interrupted,60
Control_11,m84137_260214_004236_s1/220530398/ccs,1,24,2,15,199,CAA_interrupted,60
Control_11,m84137_260214_004236_s1/207161721/ccs,0,24,2,15,199,CAA_interrupted,60
Control_11,m84137_260214_004236_s1/207750946/ccs,0,24,2,15,199,CAA_interrupted,60
Control_11,m84137_260214_004236_s1/203358459/ccs,0,24,2,15,199,CAA_interrupted,60
Control_11,m84137_260214_004236_s1/183043291/ccs,0,24,2,15,199,CAA_interrupted,60
Control_11,m84137_260214_004236_s1/183634460/ccs,0,24,2,15,199,CAA_interrupted,60
Control_11,m84137_260214_004236_s1/209912863/ccs,0,24,2,15,199,CAA_interrupted,60
Control_11,m84137_260214_004236_s1/230294588/ccs,0,24,2,15,199,CAA_interrupted,60
Control_11,m84137_260214_004236_s1/227019211/ccs,0,24,2,15,199,CAA_interrupted,60
Control_11,m84137_260214_004236_s1/211159814/ccs,0,24,2,15,199,CAA_interrupted,60
Control_11,m84137_260214_004236_s1/211092494/ccs,0,24,2,15,199,CAA_interrupted,60
Control_11,m84137_260214_004236_s1/206177986/ccs,0,24,2,15,199,CAA_interrupted,60
Control_11,m84137_260214_004236_s1/252512430/ccs,0,24,2,15,199,CAA_interrupted,60
Control_11,m84137_260214_004236_s1/252838667/ccs,0,24,2,15,199,CAA_interrupted,60
Control_11,m84137_260214_004236_s1/206766783/ccs,0,24,2,15,199,CAA_interrupted,60
Control_11,m84137_260214_004236_s1/232326592/ccs,0,24,2,15,199,CAA_interrupted,60
Control_11,m84137_260214_004236_s1/214501009/ccs,0,24,2,15,199,CAA_interrupted,60
Control_11,m84137_260214_004236_s1/228723452/ccs,0,24,2,15,199,CAA_interrupted,60
Control_11,m84137_260214_004236_s1/235342806/ccs,0,24,2,15,199,CAA_interrupted,60
Control_11,m84137_260214_004236_s1/240912720/ccs,0,24,2,15,199,CAA_interrupted,60
Control_11,m84137_260214_004236_s1/175970060/ccs,0,24,2,15,199,CAA_interrupted,60
Control_11,m84137_260214_004236_s1/189534785/ccs,0,24,2,15,199,CAA_interrupted,60
Control_11,m84137_260214_004236_s1/192616027/ccs,0,24,2,15,199,CAA_interrupted,60
Control_11,m84137_260214_004236_s1/196416860/ccs,0,24,2,15,199,CAA_interrupted,60
Control_11,m84137_260214_004236_s1/172888669/ccs,0,24,2,15,199,CAA_interrupted,60
Control_11,m84137_260214_004236_s1/194186341/ccs,0,24,2,15,199,CAA_interrupted,60
Control_11,m84137_260214_004236_s1/150540490/ccs,0,24,2,15,199,CAA_interrupted,60
Control_11,m84137_260214_004236_s1/198053451/ccs,0,24,2,15,199,CAA_interrupted,60
Control_11,m84137_260214_004236_s1/198118935/ccs,0,24,2,15,199,CAA_interrupted,60
Control_11,m84137_260214_004236_s1/208081428/ccs,0,24,2,15,199,CAA_interrupted,60
Control_11,m84137_260214_004236_s1/179836706/ccs,0,24,2,15,199,CAA_interrupted,60
Control_11,m84137_260214_004236_s1/224529499/ccs,0,24,2,15,199,CAA_interrupted,60
Control_11,m84137_260214_004236_s1/221517355/ccs,0,24,2,15,199,CAA_interrupted,60
Control_11,m84137_260214_004236_s1/262211285/ccs,0,24,2,15,199,CAA_interrupted,60
Control_11,m84137_260214_004236_s1/18091964/ccs,0,24,2,15,199,CAA_interrupted,60
Control_11,m84137_260214_004236_s1/262604873/ccs,0,24,2,15,199,CAA_interrupted,60
Control_11,m84137_260214_004236_s1/24056474/ccs,0,24,2,15,199,CAA_interrupted,60
Control_11,m84137_260214_004236_s1/4460611/ccs,0,24,2,15,199,CAA_interrupted,60
Control_11,m84137_260214_004236_s1/20780460/ccs,0,24,2,15,199,CAA_interrupted,60
Control_11,m84137_260214_004236_s1/27987417/ccs,0,24,2,15,199,CAA_interrupted,60
Control_11,m84137_260214_004236_s1/7016177/ccs,0,24,2,15,199,CAA_interrupted,60
Control_11,m84137_260214_004236_s1/250544836/ccs,0,24,2,15,199,CAA_interrupted,60
Control_11,m84137_260214_004236_s1/25433082/ccs,0,24,2,15,199,CAA_interrupted,60
Control_11,m84137_260214_004236_s1/70719366/ccs,0,24,2,15,199,CAA_interrupted,60
Control_11,m84137_260214_004236_s1/89787841/ccs,0,24,2,15,199,CAA_interrupted,60
Control_11,m84137_260214_004236_s1/74060927/ccs,0,24,2,15,199,CAA_interrupted,60
Control_11,m84137_260214_004236_s1/90379275/ccs,0,24,2,15,199,CAA_interrupted,60
Control_11,m84137_260214_004236_s1/47058795/ccs,0,24,2,15,199,CAA_interrupted,60
Control_11,m84137_260214_004236_s1/88543172/ccs,0,24,2,15,199,CAA_interrupted,60
Control_11,m84137_260214_004236_s1/89067921/ccs,0,24,2,15,199,CAA_interrupted,60
Control_11,m84137_260214_004236_s1/89198674/ccs,0,24,2,15,199,CAA_interrupted,60
Control_11,m84137_260214_004236_s1/101781674/ccs,0,24,2,15,199,CAA_interrupted,60
Control_11,m84137_260214_004236_s1/102109810/ccs,0,24,2,15,199,CAA_interrupted,60
Control_11,m84137_260214_004236_s1/77599308/ccs,0,24,2,15,199,CAA_interrupted,60
Control_11,m84137_260214_004236_s1/78515488/ccs,0,24,2,15,199,CAA_interrupted,60
Control_11,m84137_260214_004236_s1/119213347/ccs,0,24,2,15,199,CAA_interrupted,60
Control_11,m84137_260214_004236_s1/80614352/ccs,0,24,2,15,199,CAA_interrupted,60
Control_11,m84137_260214_004236_s1/107548210/ccs,0,24,2,15,199,CAA_interrupted,60
Control_11,m84137_260214_004236_s1/124652598/ccs,0,24,2,15,199,CAA_interrupted,60
Control_11,m84137_260214_004236_s1/109055713/ccs,0,24,2,15,199,CAA_interrupted,60
Control_11,m84137_260214_004236_s1/125833732/ccs,0,24,2,15,199,CAA_interrupted,60
Control_11,m84137_260214_004236_s1/110237389/ccs,0,24,2,15,199,CAA_interrupted,60
Control_11,m84137_260214_004236_s1/126947978/ccs,0,24,2,15,199,CAA_interrupted,60
Control_11,m84137_260214_004236_s1/135270046/ccs,0,24,2,15,199,CAA_interrupted,60
Control_11,m84137_260214_004236_s1/111743959/ccs,0,24,2,15,199,CAA_interrupted,60
Control_11,m84137_260214_004236_s1/128456428/ccs,0,24,2,15,199,CAA_interrupted,60
Control_11,m84137_260214_004236_s1/200151312/ccs,0,24,2,15,199,CAA_interrupted,60
Control_11,m84137_260214_004236_s1/210310825/ccs,0,24,2,15,199,CAA_interrupted,60
Control_11,m84137_260214_004236_s1/205263709/ccs,0,24,2,15,199,CAA_interrupted,60
Control_11,m84137_260214_004236_s1/229446454/ccs,0,24,2,15,199,CAA_interrupted,60
Control_11,m84137_260214_004236_s1/206050113/ccs,0,24,2,15,199,CAA_interrupted,60
Control_11,m84137_260214_004236_s1/227021512/ccs,0,24,2,15,199,CAA_interrupted,60
Control_11,m84137_260214_004236_s1/252973619/ccs,0,24,2,15,199,CAA_interrupted,60
Control_11,m84137_260214_004236_s1/253432450/ccs,0,24,2,15,199,CAA_interrupted,60
Control_11,m84137_260214_004236_s1/227742816/ccs,0,24,2,15,199,CAA_interrupted,60
Control_11,m84137_260214_004236_s1/228396705/ccs,0,24,2,15,199,CAA_interrupted,60
Control_11,m84137_260214_004236_s1/231151183/ccs,0,24,2,15,199,CAA_interrupted,60
Control_11,m84137_260214_004236_s1/228723716/ccs,0,24,2,15,199,CAA_interrupted,60
Control_11,m84137_260214_004236_s1/236260980/ccs,0,24,2,15,199,CAA_interrupted,60
Control_11,m84137_260214_004236_s1/254480528/ccs,0,24,2,15,199,CAA_interrupted,60
Control_11,m84137_260214_004236_s1/251070551/ccs,0,24,2,15,199,CAA_interrupted,60
Control_11,m84137_260214_004236_s1/50531595/ccs,0,24,2,15,199,CAA_interrupted,60
Control_11,m84137_260214_004236_s1/26154306/ccs,0,24,2,15,199,CAA_interrupted,60
Control_11,m84137_260214_004236_s1/26611426/ccs,0,24,2,15,199,CAA_interrupted,60
Control_11,m84137_260214_004236_s1/26612481/ccs,0,24,2,15,199,CAA_interrupted,60
Control_11,m84137_260214_004236_s1/34673161/ccs,0,24,2,15,199,CAA_interrupted,60
Control_11,m84137_260214_004236_s1/30282149/ccs,0,24,2,15,199,CAA_interrupted,60
Control_11,m84137_260214_004236_s1/30152602/ccs,0,24,2,15,199,CAA_interrupted,60
Control_11,m84137_260214_004236_s1/35917076/ccs,0,24,2,15,199,CAA_interrupted,60
Control_11,m84137_260214_004236_s1/12718946/ccs,0,24,2,15,199,CAA_interrupted,60
Control_11,m84137_260214_004236_s1/36573811/ccs,0,24,2,15,199,CAA_interrupted,60
Control_11,m84137_260214_004236_s1/52956965/ccs,0,24,2,15,199,CAA_interrupted,60
Control_11,m84137_260214_004236_s1/36900693/ccs,0,24,2,15,199,CAA_interrupted,60
Control_11,m84137_260214_004236_s1/53089249/ccs,0,24,2,15,199,CAA_interrupted,60
Control_11,m84137_260214_004236_s1/37358758/ccs,0,24,2,15,199,CAA_interrupted,60
Control_11,m84137_260214_004236_s1/53874857/ccs,0,24,2,15,199,CAA_interrupted,60
Control_11,m84137_260214_004236_s1/13636641/ccs,0,24,2,15,199,CAA_interrupted,60
Control_11,m84137_260214_004236_s1/40308579/ccs,0,24,2,15,199,CAA_interrupted,60
Control_11,m84137_260214_004236_s1/139529267/ccs,0,24,2,15,199,CAA_interrupted,60
Control_11,m84137_260214_004236_s1/143789342/ccs,0,24,2,15,199,CAA_interrupted,60
Control_11,m84137_260214_004236_s1/116526524/ccs,0,24,2,15,199,CAA_interrupted,60
Control_11,m84137_260214_004236_s1/164039845/ccs,0,24,2,15,199,CAA_interrupted,60
Control_11,m84137_260214_004236_s1/144446721/ccs,0,24,2,15,199,CAA_interrupted,60
Control_11,m84137_260214_004236_s1/145299158/ccs,0,24,2,15,199,CAA_interrupted,60
Control_11,m84137_260214_004236_s1/165088522/ccs,0,24,2,15,199,CAA_interrupted,60
Control_11,m84137_260214_004236_s1/164957769/ccs,0,24,2,15,199,CAA_interrupted,60
Control_11,m84137_260214_004236_s1/169413873/ccs,0,24,2,15,199,CAA_interrupted,60
Control_11,m84137_260214_004236_s1/186847795/ccs,0,24,2,15,199,CAA_interrupted,60
Control_11,m84137_260214_004236_s1/169676319/ccs,0,24,2,15,199,CAA_interrupted,60
Control_11,m84137_260214_004236_s1/187438738/ccs,0,24,2,15,199,CAA_interrupted,60
Control_11,m84137_260214_004236_s1/166204243/ccs,0,24,2,15,199,CAA_interrupted,60
Control_11,m84137_260214_004236_s1/187896654/ccs,0,24,2,15,199,CAA_interrupted,60
Control_11,m84137_260214_004236_s1/170725854/ccs,0,24,2,15,199,CAA_interrupted,60
Control_11,m84137_260214_004236_s1/147854934/ccs,0,24,2,15,199,CAA_interrupted,60
Control_11,m84137_260214_004236_s1/131667574/ccs,0,24,2,15,199,CAA_interrupted,60
Control_11,m84137_260214_004236_s1/112791273/ccs,0,24,2,15,199,CAA_interrupted,60
Control_11,m84137_260214_004236_s1/153751797/ccs,0,24,2,15,199,CAA_interrupted,60
Control_11,m84137_260214_004236_s1/154408813/ccs,0,24,2,15,199,CAA_interrupted,60
Control_11,m84137_260214_004236_s1/141038961/ccs,0,24,2,15,199,CAA_interrupted,60
Control_11,m84137_260214_004236_s1/114298700/ccs,0,24,2,15,199,CAA_interrupted,60
Control_11,m84137_260214_004236_s1/154799674/ccs,0,24,2,15,199,CAA_interrupted,60
Control_11,m84137_260214_004236_s1/155260667/ccs,0,24,2,15,199,CAA_interrupted,60
Control_11,m84137_260214_004236_s1/155654028/ccs,0,24,2,15,199,CAA_interrupted,60
Control_11,m84137_260214_004236_s1/155784362/ccs,0,24,2,15,199,CAA_interrupted,60
Control_11,m84137_260214_004236_s1/142544116/ccs,0,24,2,15,199,CAA_interrupted,60
Control_11,m84137_260214_004236_s1/142546581/ccs,0,24,2,15,199,CAA_interrupted,60
Control_11,m84137_260214_004236_s1/138941793/ccs,0,24,2,15,199,CAA_interrupted,60
Control_11,m84137_260214_004236_s1/46924243/ccs,0,24,2,15,199,CAA_interrupted,60
Control_11,m84137_260214_004236_s1/32834104/ccs,0,24,2,15,199,CAA_interrupted,60
Control_11,m84137_260214_004236_s1/227541662/ccs,0,24,2,15,199,CAA_interrupted,60
Control_11,m84137_260214_004236_s1/206243662/ccs,0,24,2,15,199,CAA_interrupted,60
Control_11,m84137_260214_004236_s1/4198570/ccs,0,24,2,15,199,CAA_interrupted,60
Control_11,m84137_260214_004236_s1/26677652/ccs,0,24,2,15,199,CAA_interrupted,60
Control_11,m84137_260214_004236_s1/209390822/ccs,0,24,2,15,199,CAA_interrupted,60
Control_11,m84137_260214_004236_s1/142413254/ccs,0,24,2,15,199,CAA_interrupted,60
Control_11,m84137_260214_004236_s1/216405552/ccs,0,24,2,15,199,CAA_interrupted,60
Control_11,m84137_260214_004236_s1/219152919/ccs,0,24,2,15,199,CAA_interrupted,60
Control_11,m84137_260214_004236_s1/236917987/ccs,0,24,2,15,199,CAA_interrupted,60
Control_11,m84137_260214_004236_s1/242290129/ccs,0,24,2,15,199,CAA_interrupted,60
Control_11,m84137_260214_004236_s1/243011770/ccs,0,24,2,15,199,CAA_interrupted,60
Control_11,m84137_260214_004236_s1/257822121/ccs,0,24,2,15,199,CAA_interrupted,60
Control_11,m84137_260214_004236_s1/255593518/ccs,0,24,2,15,199,CAA_interrupted,60
Control_11,m84137_260214_004236_s1/238554391/ccs,0,24,2,15,199,CAA_interrupted,60
Control_11,m84137_260214_004236_s1/215357326/ccs,0,24,2,15,199,CAA_interrupted,60
Control_11,m84137_260214_004236_s1/234753312/ccs,0,24,2,15,199,CAA_interrupted,60
Control_11,m84137_260214_004236_s1/216338975/ccs,0,24,2,15,199,CAA_interrupted,60
Control_11,m84137_260214_004236_s1/240195308/ccs,0,24,2,15,199,CAA_interrupted,60
Control_11,m84137_260214_004236_s1/245568704/ccs,0,24,2,15,199,CAA_interrupted,60
Control_11,m84137_260214_004236_s1/216730680/ccs,0,24,2,15,199,CAA_interrupted,60
Control_11,m84137_260214_004236_s1/217059054/ccs,0,24,2,15,199,CAA_interrupted,60
Control_11,m84137_260214_004236_s1/217060086/ccs,0,24,2,15,199,CAA_interrupted,60
Control_11,m84137_260214_004236_s1/217322442/ccs,0,24,2,15,199,CAA_interrupted,60
Control_11,m84137_260214_004236_s1/246615282/ccs,0,24,2,15,199,CAA_interrupted,60
Control_11,m84137_260214_004236_s1/266145257/ccs,0,24,2,15,199,CAA_interrupted,60
Control_11,m84137_260214_004236_s1/250155995/ccs,0,24,2,15,199,CAA_interrupted,60
Control_11,m84137_260214_004236_s1/14223859/ccs,0,24,2,15,199,CAA_interrupted,60
Control_11,m84137_260214_004236_s1/41092703/ccs,0,24,2,15,199,CAA_interrupted,60
Control_11,m84137_260214_004236_s1/217123059/ccs,0,24,2,15,199,CAA_interrupted,60
Control_11,m84137_260214_004236_s1/160240683/ccs,0,24,2,15,199,CAA_interrupted,60
Control_11,m84137_260214_004236_s1/175378315/ccs,0,24,2,15,199,CAA_interrupted,60
Control_11,m84137_260214_004236_s1/196612013/ccs,0,24,2,15,199,CAA_interrupted,60
Control_11,m84137_260214_004236_s1/22545403/ccs,0,24,2,15,199,CAA_interrupted,60
Control_11,m84137_260214_004236_s1/5636547/ccs,0,24,2,15,199,CAA_interrupted,60
Control_11,m84137_260214_004236_s1/28444151/ccs,0,24,2,15,199,CAA_interrupted,60
Control_11,m84137_260214_004236_s1/24446178/ccs,0,24,2,15,199,CAA_interrupted,60
Control_11,m84137_260214_004236_s1/63504426/ccs,0,24,2,15,199,CAA_interrupted,60
Control_11,m84137_260214_004236_s1/122159760/ccs,0,24,2,15,199,CAA_interrupted,60
Control_11,m84137_260214_004236_s1/175048313/ccs,0,24,2,15,199,CAA_interrupted,60
Control_11,m84137_260214_004236_s1/208535660/ccs,0,24,2,15,199,CAA_interrupted,60
Control_11,m84137_260214_004236_s1/211814275/ccs,0,24,2,15,199,CAA_interrupted,60
Control_11,m84137_260214_004236_s1/236587612/ccs,0,24,2,15,199,CAA_interrupted,60
Control_11,m84137_260214_004236_s1/258344705/ccs,0,24,2,15,199,CAA_interrupted,60
Control_11,m84137_260214_004236_s1/261097178/ccs,0,24,2,15,199,CAA_interrupted,60
Control_11,m84137_260214_004236_s1/111678993/ccs,0,24,2,15,199,CAA_interrupted,60
Control_11,m84137_260214_004236_s1/113119665/ccs,1,25,2,14,199,CAA_interrupted,60
Control_11,m84137_260214_004236_s1/162797500/ccs,0,24,2,15,199,CAA_interrupted,60
Control_11,m84137_260214_004236_s1/199366312/ccs,0,24,2,15,199,CAA_interrupted,60
Control_11,m84137_260214_004236_s1/53744971/ccs,0,24,2,15,199,CAA_interrupted,60
Control_11,m84137_260214_004236_s1/144577411/ccs,0,24,2,15,199,CAA_interrupted,60
Control_11,m84137_260214_004236_s1/175245043/ccs,0,24,2,15,199,CAA_interrupted,60
Control_11,m84137_260214_004236_s1/37885457/ccs,0,24,2,15,199,CAA_interrupted,60
Control_11,m84137_260214_004236_s1/55902899/ccs,0,24,2,15,199,CAA_interrupted,60
Control_11,m84137_260214_004236_s1/139859457/ccs,0,24,2,15,199,CAA_interrupted,60
Control_11,m84137_260214_004236_s1/132910592/ccs,0,24,2,15,199,CAA_interrupted,60
Control_11,m84137_260214_004236_s1/164041407/ccs,0,24,2,15,199,CAA_interrupted,60
Control_11,m84137_260214_004236_s1/200021187/ccs,0,24,2,15,199,CAA_interrupted,60
Control_11,m84137_260214_004236_s1/226825863/ccs,0,24,2,15,199,CAA_interrupted,60
Control_11,m84137_260214_004236_s1/241307200/ccs,0,24,2,15,199,CAA_interrupted,60
Control_11,m84137_260214_004236_s1/244322365/ccs,0,24,2,15,199,CAA_interrupted,60
Control_11,m84137_260214_004236_s1/250876581/ccs,0,24,2,15,199,CAA_interrupted,60
Control_11,m84137_260214_004236_s1/5703364/ccs,0,24,2,15,199,CAA_interrupted,60
Control_11,m84137_260214_004236_s1/17630268/ccs,0,24,2,15,199,CAA_interrupted,60
Control_11,m84137_260214_004236_s1/17827910/ccs,0,24,2,15,199,CAA_interrupted,60
Control_11,m84137_260214_004236_s1/18810364/ccs,0,24,2,15,199,CAA_interrupted,60
Control_11,m84137_260214_004236_s1/19204298/ccs,0,24,2,15,199,CAA_interrupted,60
Control_11,m84137_260214_004236_s1/8325471/ccs,0,24,2,15,199,CAA_interrupted,60
Control_11,m84137_260214_004236_s1/5180299/ccs,0,24,2,15,199,CAA_interrupted,60
Control_11,m84137_260214_004236_s1/14090885/ccs,0,24,2,15,199,CAA_interrupted,60
Control_11,m84137_260214_004236_s1/14223957/ccs,0,24,2,15,199,CAA_interrupted,60
Control_11,m84137_260214_004236_s1/26870026/ccs,0,24,2,15,199,CAA_interrupted,60
Control_11,m84137_260214_004236_s1/31066449/ccs,0,24,2,15,199,CAA_interrupted,60
Control_11,m84137_260214_004236_s1/33817081/ccs,0,24,2,15,199,CAA_interrupted,60
Control_11,m84137_260214_004236_s1/15010008/ccs,0,24,2,15,199,CAA_interrupted,60
Control_11,m84137_260214_004236_s1/10420434/ccs,0,24,2,15,199,CAA_interrupted,60
Control_11,m84137_260214_004236_s1/11011586/ccs,0,24,2,15,199,CAA_interrupted,60
Control_11,m84137_260214_004236_s1/32508881/ccs,0,24,2,15,199,CAA_interrupted,60
Control_11,m84137_260214_004236_s1/32704180/ccs,0,24,2,15,199,CAA_interrupted,60
Control_11,m84137_260214_004236_s1/32704708/ccs,0,24,2,15,199,CAA_interrupted,60
Control_11,m84137_260214_004236_s1/33097850/ccs,0,24,2,15,199,CAA_interrupted,60
Control_11,m84137_260214_004236_s1/16647079/ccs,0,24,2,15,199,CAA_interrupted,60
Control_11,m84137_260214_004236_s1/35782745/ccs,0,24,2,15,199,CAA_interrupted,60
Control_11,m84137_260214_004236_s1/58198351/ccs,0,24,2,15,199,CAA_interrupted,60
Control_11,m84137_260214_004236_s1/52235021/ccs,0,24,2,15,199,CAA_interrupted,60
Control_11,m84137_260214_004236_s1/37553251/ccs,0,24,2,15,199,CAA_interrupted,60
Control_11,m84137_260214_004236_s1/59442292/ccs,0,24,2,15,199,CAA_interrupted,60
Control_11,m84137_260214_004236_s1/162662376/ccs,0,24,2,15,199,CAA_interrupted,60
Control_11,m84137_260214_004236_s1/159188655/ccs,0,24,2,15,199,CAA_interrupted,60
Control_11,m84137_260214_004236_s1/145753367/ccs,0,24,2,15,199,CAA_interrupted,60
Control_11,m84137_260214_004236_s1/139135280/ccs,0,24,2,15,199,CAA_interrupted,60
Control_11,m84137_260214_004236_s1/143853538/ccs,0,24,2,15,199,CAA_interrupted,60
Control_11,m84137_260214_004236_s1/168364422/ccs,0,24,2,15,199,CAA_interrupted,60
Control_11,m84137_260214_004236_s1/166133822/ccs,0,24,2,15,199,CAA_interrupted,60
Control_11,m84137_260214_004236_s1/169412115/ccs,0,24,2,15,199,CAA_interrupted,60
Control_11,m84137_260214_004236_s1/186124670/ccs,0,24,2,15,199,CAA_interrupted,60
Control_11,m84137_260214_004236_s1/149160998/ccs,0,24,2,15,199,CAA_interrupted,60
Control_11,m84137_260214_004236_s1/174130695/ccs,0,24,2,15,199,CAA_interrupted,60
Control_11,m84137_260214_004236_s1/170265208/ccs,0,24,2,15,199,CAA_interrupted,60
Control_11,m84137_260214_004236_s1/191627850/ccs,0,24,2,15,199,CAA_interrupted,60
Control_11,m84137_260214_004236_s1/196280513/ccs,0,24,2,15,199,CAA_interrupted,60
Control_11,m84137_260214_004236_s1/179112609/ccs,0,24,2,15,199,CAA_interrupted,60
Control_11,m84137_260214_004236_s1/192547635/ccs,0,24,2,15,199,CAA_interrupted,60
Control_11,m84137_260214_004236_s1/192611367/ccs,0,24,2,15,199,CAA_interrupted,60
Control_11,m84137_260214_004236_s1/171836255/ccs,0,24,2,15,199,CAA_interrupted,60
Control_11,m84137_260214_004236_s1/189795268/ccs,0,24,2,15,199,CAA_interrupted,60
Control_11,m84137_260214_004236_s1/172428239/ccs,0,24,2,15,199,CAA_interrupted,60
Control_11,m84137_260214_004236_s1/179964210/ccs,0,24,2,15,199,CAA_interrupted,60
Control_11,m84137_260214_004236_s1/193921446/ccs,0,24,2,15,199,CAA_interrupted,60
Control_11,m84137_260214_004236_s1/193921621/ccs,0,24,2,15,199,CAA_interrupted,60
Control_11,m84137_260214_004236_s1/218891917/ccs,0,24,2,15,199,CAA_interrupted,60
Control_11,m84137_260214_004236_s1/201720569/ccs,0,24,2,15,199,CAA_interrupted,60
Control_11,m84137_260214_004236_s1/199166494/ccs,0,24,2,15,199,CAA_interrupted,60
Control_11,m84137_260214_004236_s1/181734260/ccs,0,24,2,15,199,CAA_interrupted,60
Control_11,m84137_260214_004236_s1/220726238/ccs,0,24,2,15,199,CAA_interrupted,60
Control_11,m84137_260214_004236_s1/200017676/ccs,0,24,2,15,199,CAA_interrupted,60
Control_11,m84137_260214_004236_s1/200410456/ccs,0,24,2,15,199,CAA_interrupted,60
Control_11,m84137_260214_004236_s1/182782359/ccs,0,24,2,15,199,CAA_interrupted,60
Control_11,m84137_260214_004236_s1/208208822/ccs,0,24,2,15,199,CAA_interrupted,60
Control_11,m84137_260214_004236_s1/36046369/ccs,1,25,2,14,199,CAA_interrupted,60
Control_11,m84137_260214_004236_s1/7213083/ccs,0,24,2,15,199,CAA_interrupted,60
Control_11,m84137_260214_004236_s1/198183471/ccs,0,24,2,15,199,CAA_interrupted,60
Control_11,m84137_260214_004236_s1/19202468/ccs,0,24,2,15,199,CAA_interrupted,60
Control_11,m84137_260214_004236_s1/19858242/ccs,0,24,2,15,199,CAA_interrupted,60
Control_11,m84137_260214_004236_s1/27918558/ccs,0,24,2,15,199,CAA_interrupted,60
Control_11,m84137_260214_004236_s1/32638536/ccs,0,24,2,15,199,CAA_interrupted,60
Control_11,m84137_260214_004236_s1/51315234/ccs,0,24,2,15,199,CAA_interrupted,60
Control_11,m84137_260214_004236_s1/61606504/ccs,0,24,2,15,199,CAA_interrupted,60
Control_11,m84137_260214_004236_s1/45286591/ccs,0,24,2,15,199,CAA_interrupted,60
Control_11,m84137_260214_004236_s1/52036700/ccs,0,24,2,15,199,CAA_interrupted,60
Control_11,m84137_260214_004236_s1/62587190/ccs,0,24,2,15,199,CAA_interrupted,60
Control_11,m84137_260214_004236_s1/59442449/ccs,0,24,2,15,199,CAA_interrupted,60
Control_11,m84137_260214_004236_s1/42402613/ccs,0,24,2,15,199,CAA_interrupted,60
Control_11,m84137_260214_004236_s1/87228563/ccs,0,24,2,15,199,CAA_interrupted,60
Control_11,m84137_260214_004236_s1/97126324/ccs,0,24,2,15,199,CAA_interrupted,60
Control_11,m84137_260214_004236_s1/82839042/ccs,0,24,2,15,199,CAA_interrupted,60
Control_11,m84137_260214_004236_s1/103810898/ccs,0,24,2,15,199,CAA_interrupted,60
Control_11,m84137_260214_004236_s1/120848790/ccs,0,24,2,15,199,CAA_interrupted,60
Control_11,m84137_260214_004236_s1/106038168/ccs,0,24,2,15,199,CAA_interrupted,60
Control_11,m84137_260214_004236_s1/135135412/ccs,0,24,2,15,199,CAA_interrupted,60
Control_11,m84137_260214_004236_s1/133235622/ccs,0,24,2,15,199,CAA_interrupted,60
Control_11,m84137_260214_004236_s1/141558357/ccs,0,24,2,15,199,CAA_interrupted,60
Control_11,m84137_260214_004236_s1/169935794/ccs,0,24,2,15,199,CAA_interrupted,60
Control_11,m84137_260214_004236_s1/191694786/ccs,0,24,2,15,199,CAA_interrupted,60
Control_11,m84137_260214_004236_s1/219481898/ccs,0,24,2,15,199,CAA_interrupted,60
Control_11,m84137_260214_004236_s1/212731574/ccs,0,24,2,15,199,CAA_interrupted,60
Control_11,m84137_260214_004236_s1/255066646/ccs,0,24,2,15,199,CAA_interrupted,60
Control_11,m84137_260214_004236_s1/29495086/ccs,0,24,2,15,199,CAA_interrupted,60
Control_11,m84137_260214_004236_s1/30477468/ccs,0,24,2,15,199,CAA_interrupted,60
Control_11,m84137_260214_004236_s1/78255341/ccs,0,24,2,15,199,CAA_interrupted,60
Control_11,m84137_260214_004236_s1/130552754/ccs,0,24,2,15,199,CAA_interrupted,60
Control_11,m84137_260214_004236_s1/126752276/ccs,0,24,2,15,199,CAA_interrupted,60
Control_11,m84137_260214_004236_s1/56694554/ccs,0,24,2,15,199,CAA_interrupted,60
Control_11,m84137_260214_004236_s1/54330510/ccs,0,24,2,15,199,CAA_interrupted,60
Control_11,m84137_260214_004236_s1/205521186/ccs,0,24,2,15,199,CAA_interrupted,60
Control_11,m84137_260214_004236_s1/212075323/ccs,0,24,2,15,199,CAA_interrupted,60
Control_11,m84137_260214_004236_s1/93260757/ccs,0,24,2,15,199,CAA_interrupted,60
Control_11,m84137_260214_004236_s1/71372551/ccs,0,24,2,15,199,CAA_interrupted,60
Control_11,m84137_260214_004236_s1/243733327/ccs,0,24,2,15,199,CAA_interrupted,60
Control_11,m84137_260214_004236_s1/243663996/ccs,0,24,2,15,199,CAA_interrupted,60
Control_11,m84137_260214_004236_s1/161547293/ccs,0,24,2,15,199,CAA_interrupted,60
Control_11,m84137_260214_004236_s1/230758213/ccs,0,24,2,15,199,CAA_interrupted,60
Control_11,m84137_260214_004236_s1/235607621/ccs,0,24,2,15,199,CAA_interrupted,60
Control_11,m84137_260214_004236_s1/231148645/ccs,0,24,2,15,199,CAA_interrupted,60
Control_11,m84137_260214_004236_s1/254546145/ccs,0,25,2,14,199,CAA_interrupted,60
Control_11,m84137_260214_004236_s1/236523500/ccs,0,24,2,15,199,CAA_interrupted,60
Control_11,m84137_260214_004236_s1/232788180/ccs,0,24,2,15,199,CAA_interrupted,60
Control_11,m84137_260214_004236_s1/243537659/ccs,0,24,2,15,199,CAA_interrupted,60
Control_11,m84137_260214_004236_s1/214373744/ccs,0,24,2,15,199,CAA_interrupted,60
Control_11,m84137_260214_004236_s1/255923252/ccs,0,24,2,15,199,CAA_interrupted,60
Control_11,m84137_260214_004236_s1/234491409/ccs,0,24,2,15,199,CAA_interrupted,60
Control_11,m84137_260214_004236_s1/259788432/ccs,0,24,2,15,199,CAA_interrupted,60
Control_11,m84137_260214_004236_s1/216208217/ccs,0,24,2,15,199,CAA_interrupted,60
Control_11,m84137_260214_004236_s1/264572433/ccs,0,24,2,15,199,CAA_interrupted,60
Control_11,m84137_260214_004236_s1/246353275/ccs,0,24,2,15,199,CAA_interrupted,60
Control_11,m84137_260214_004236_s1/250548334/ccs,0,24,2,15,199,CAA_interrupted,60
Control_11,m84137_260214_004236_s1/3672648/ccs,0,24,2,15,199,CAA_interrupted,60
Control_11,m84137_260214_004236_s1/43188289/ccs,0,24,2,15,199,CAA_interrupted,60
Control_11,m84137_260214_004236_s1/92670405/ccs,0,24,2,15,199,CAA_interrupted,60
Control_11,m84137_260214_004236_s1/124125297/ccs,0,24,2,15,199,CAA_interrupted,60
Control_11,m84137_260214_004236_s1/106103856/ccs,0,24,2,15,199,CAA_interrupted,60
Control_11,m84137_260214_004236_s1/126878027/ccs,0,24,2,15,199,CAA_interrupted,60
Control_11,m84137_260214_004236_s1/134875711/ccs,0,24,2,15,199,CAA_interrupted,60
Control_11,m84137_260214_004236_s1/156830279/ccs,0,24,2,15,199,CAA_interrupted,60
Control_11,m84137_260214_004236_s1/168889123/ccs,0,24,2,15,199,CAA_interrupted,60
Control_11,m84137_260214_004236_s1/6951252/ccs,0,24,2,15,199,CAA_interrupted,60
Control_11,m84137_260214_004236_s1/51188848/ccs,0,24,2,15,199,CAA_interrupted,60
Control_11,m84137_260214_004236_s1/27201163/ccs,0,24,2,15,199,CAA_interrupted,60
Control_11,m84137_260214_004236_s1/56102095/ccs,0,24,2,15,199,CAA_interrupted,60
Control_11,m84137_260214_004236_s1/36771148/ccs,0,24,2,15,199,CAA_interrupted,60
Control_11,m84137_260214_004236_s1/183174337/ccs,0,24,2,15,199,CAA_interrupted,60
Control_11,m84137_260214_004236_s1/183371658/ccs,0,24,2,15,199,CAA_interrupted,60
Control_11,m84137_260214_004236_s1/204145153/ccs,0,24,2,15,199,CAA_interrupted,60
Control_11,m84137_260214_004236_s1/229704472/ccs,0,24,2,15,199,CAA_interrupted,60
Control_11,m84137_260214_004236_s1/229836067/ccs,0,24,2,15,199,CAA_interrupted,60
Control_11,m84137_260214_004236_s1/226166057/ccs,0,24,2,15,199,CAA_interrupted,60
Control_11,m84137_260214_004236_s1/205457481/ccs,0,24,2,15,199,CAA_interrupted,60
Control_11,m84137_260214_004236_s1/205456723/ccs,0,24,2,15,199,CAA_interrupted,60
Control_11,m84137_260214_004236_s1/205914908/ccs,0,24,2,15,199,CAA_interrupted,60
Control_11,m84137_260214_004236_s1/252249650/ccs,0,24,2,15,199,CAA_interrupted,60
Control_11,m84137_260214_004236_s1/213517400/ccs,0,24,2,15,199,CAA_interrupted,60
Control_11,m84137_260214_004236_s1/206767186/ccs,0,24,2,15,199,CAA_interrupted,60
Control_11,m84137_260214_004236_s1/232718876/ccs,0,24,2,15,199,CAA_interrupted,60
Control_11,m84137_260214_004236_s1/233114037/ccs,0,24,2,15,199,CAA_interrupted,60
Control_11,m84137_260214_004236_s1/215354170/ccs,0,24,2,15,199,CAA_interrupted,60
Control_11,m84137_260214_004236_s1/241173902/ccs,0,24,2,15,199,CAA_interrupted,60
Control_11,m84137_260214_004236_s1/216270123/ccs,0,24,2,15,199,CAA_interrupted,60
Control_11,m84137_260214_004236_s1/241566924/ccs,0,24,2,15,199,CAA_interrupted,60
Control_11,m84137_260214_004236_s1/241567575/ccs,0,24,2,15,199,CAA_interrupted,60
Control_11,m84137_260214_004236_s1/234423478/ccs,0,24,2,15,199,CAA_interrupted,60
Control_11,m84137_260214_004236_s1/262866187/ccs,0,24,2,15,199,CAA_interrupted,60
Control_11,m84137_260214_004236_s1/237961428/ccs,0,24,2,15,199,CAA_interrupted,60
Control_11,m84137_260214_004236_s1/256837123/ccs,0,24,2,15,199,CAA_interrupted,60
Control_11,m84137_260214_004236_s1/238879915/ccs,0,24,2,15,199,CAA_interrupted,60
Control_11,m84137_260214_004236_s1/238749371/ccs,0,24,2,15,199,CAA_interrupted,60
Control_11,m84137_260214_004236_s1/243862038/ccs,0,24,2,15,199,CAA_interrupted,60
Control_11,m84137_260214_004236_s1/260833363/ccs,0,24,2,15,199,CAA_interrupted,60
Control_11,m84137_260214_004236_s1/246549013/ccs,0,24,2,15,199,CAA_interrupted,60
Control_11,m84137_260214_004236_s1/239732138/ccs,0,24,2,15,199,CAA_interrupted,60
Control_11,m84137_260214_004236_s1/239863129/ccs,0,24,2,15,199,CAA_interrupted,60
Control_11,m84137_260214_004236_s1/240321835/ccs,0,24,2,15,199,CAA_interrupted,60
Control_11,m84137_260214_004236_s1/18289422/ccs,0,24,2,15,199,CAA_interrupted,60
Control_11,m84137_260214_004236_s1/59902826/ccs,0,24,2,15,199,CAA_interrupted,60
Control_11,m84137_260214_004236_s1/53478745/ccs,0,24,2,15,199,CAA_interrupted,60
Control_11,m84137_260214_004236_s1/53872770/ccs,0,24,2,15,199,CAA_interrupted,60
Control_11,m84137_260214_004236_s1/54200117/ccs,0,24,2,15,199,CAA_interrupted,60
Control_11,m84137_260214_004236_s1/43583034/ccs,0,24,2,15,199,CAA_interrupted,60
Control_11,m84137_260214_004236_s1/43583472/ccs,0,24,2,15,199,CAA_interrupted,60
Control_11,m84137_260214_004236_s1/89590323/ccs,0,24,2,15,199,CAA_interrupted,60
Control_11,m84137_260214_004236_s1/90309305/ccs,0,24,2,15,199,CAA_interrupted,60
Control_11,m84137_260214_004236_s1/68290387/ccs,0,24,2,15,199,CAA_interrupted,60
Control_11,m84137_260214_004236_s1/68619204/ccs,0,24,2,15,199,CAA_interrupted,60
Control_11,m84137_260214_004236_s1/68945094/ccs,0,24,2,15,199,CAA_interrupted,60
Control_11,m84137_260214_004236_s1/69142762/ccs,0,24,2,15,199,CAA_interrupted,60
Control_11,m84137_260214_004236_s1/66453851/ccs,0,24,2,15,199,CAA_interrupted,60
Control_11,m84137_260214_004236_s1/91423704/ccs,0,24,2,15,199,CAA_interrupted,60
Control_11,m84137_260214_004236_s1/85000955/ccs,0,24,2,15,199,CAA_interrupted,60
Control_11,m84137_260214_004236_s1/95354950/ccs,0,24,2,15,199,CAA_interrupted,60
Control_11,m84137_260214_004236_s1/92209796/ccs,0,24,2,15,199,CAA_interrupted,60
Control_11,m84137_260214_004236_s1/71043710/ccs,0,24,2,15,199,CAA_interrupted,60
Control_11,m84137_260214_004236_s1/70648062/ccs,0,24,2,15,199,CAA_interrupted,60
Control_11,m84137_260214_004236_s1/71436639/ccs,0,24,2,15,199,CAA_interrupted,60
Control_11,m84137_260214_004236_s1/71501407/ccs,0,24,2,15,199,CAA_interrupted,60
Control_11,m84137_260214_004236_s1/79496832/ccs,0,24,2,15,199,CAA_interrupted,60
Control_11,m84137_260214_004236_s1/79825903/ccs,0,24,2,15,199,CAA_interrupted,60
Control_11,m84137_260214_004236_s1/72420085/ccs,0,24,2,15,199,CAA_interrupted,60
Control_11,m84137_260214_004236_s1/97323581/ccs,0,24,2,15,199,CAA_interrupted,60
Control_11,m84137_260214_004236_s1/94176623/ccs,0,24,2,15,199,CAA_interrupted,60
Control_11,m84137_260214_004236_s1/80676118/ccs,0,24,2,15,199,CAA_interrupted,60
Control_11,m84137_260214_004236_s1/88212489/ccs,0,24,2,15,199,CAA_interrupted,60
Control_11,m84137_260214_004236_s1/81199328/ccs,0,24,2,15,199,CAA_interrupted,60
Control_11,m84137_260214_004236_s1/101451967/ccs,0,24,2,15,199,CAA_interrupted,60
Control_11,m84137_260214_004236_s1/77597631/ccs,0,24,2,15,199,CAA_interrupted,60
Control_11,m84137_260214_004236_s1/265683976/ccs,0,24,2,15,199,CAA_interrupted,60
Control_11,m84137_260214_004236_s1/248251186/ccs,0,24,2,15,199,CAA_interrupted,60
Control_11,m84137_260214_004236_s1/19075378/ccs,0,24,2,15,199,CAA_interrupted,60
Control_11,m84137_260214_004236_s1/20385943/ccs,0,24,2,15,199,CAA_interrupted,60
Control_11,m84137_260214_004236_s1/6623723/ccs,0,24,2,15,199,CAA_interrupted,60
Control_11,m84137_260214_004236_s1/33756087/ccs,0,24,2,15,199,CAA_interrupted,60
Control_11,m84137_260214_004236_s1/7869047/ccs,0,24,2,15,199,CAA_interrupted,60
Control_11,m84137_260214_004236_s1/251593395/ccs,0,24,2,15,199,CAA_interrupted,60
Control_11,m84137_260214_004236_s1/34803827/ccs,0,24,2,15,199,CAA_interrupted,60
Control_11,m84137_260214_004236_s1/9835742/ccs,0,24,2,15,199,CAA_interrupted,60
Control_11,m84137_260214_004236_s1/9966389/ccs,0,24,2,15,199,CAA_interrupted,60
Control_11,m84137_260214_004236_s1/35721552/ccs,0,24,2,15,199,CAA_interrupted,60
Control_11,m84137_260214_004236_s1/10228768/ccs,0,24,2,15,199,CAA_interrupted,60
Control_11,m84137_260214_004236_s1/36113973/ccs,0,24,2,15,199,CAA_interrupted,60
Control_11,m84137_260214_004236_s1/12522083/ccs,0,24,2,15,199,CAA_interrupted,60
Control_11,m84137_260214_004236_s1/32444621/ccs,0,24,2,15,199,CAA_interrupted,60
Control_11,m84137_260214_004236_s1/13044991/ccs,0,24,2,15,199,CAA_interrupted,60
Control_11,m84137_260214_004236_s1/32575091/ccs,0,24,2,15,199,CAA_interrupted,60
Control_11,m84137_260214_004236_s1/58005286/ccs,0,24,2,15,199,CAA_interrupted,60
Control_11,m84137_260214_004236_s1/55382207/ccs,0,24,2,15,199,CAA_interrupted,60
Control_11,m84137_260214_004236_s1/58527797/ccs,0,24,2,15,199,CAA_interrupted,60
Control_11,m84137_260214_004236_s1/14947254/ccs,0,24,2,15,199,CAA_interrupted,60
Control_11,m84137_260214_004236_s1/67636583/ccs,0,24,2,15,199,CAA_interrupted,60
Control_11,m84137_260214_004236_s1/58987635/ccs,0,24,2,15,199,CAA_interrupted,60
Control_11,m84137_260214_004236_s1/42275145/ccs,0,24,2,15,199,CAA_interrupted,60
Control_11,m84137_260214_004236_s1/43061480/ccs,0,24,2,15,199,CAA_interrupted,60
Control_11,m84137_260214_004236_s1/43978000/ccs,0,24,2,15,199,CAA_interrupted,60
Control_11,m84137_260214_004236_s1/84940373/ccs,0,24,2,15,199,CAA_interrupted,60
Control_11,m84137_260214_004236_s1/85594188/ccs,0,24,2,15,199,CAA_interrupted,60
Control_11,m84137_260214_004236_s1/71437726/ccs,0,24,2,15,199,CAA_interrupted,60
Control_11,m84137_260214_004236_s1/66720506/ccs,0,24,2,15,199,CAA_interrupted,60
Control_11,m84137_260214_004236_s1/105775640/ccs,0,24,2,15,199,CAA_interrupted,60
Control_11,m84137_260214_004236_s1/48632210/ccs,0,24,2,15,199,CAA_interrupted,60
Control_11,m84137_260214_004236_s1/96472521/ccs,0,24,2,15,199,CAA_interrupted,60
Control_11,m84137_260214_004236_s1/112071053/ccs,0,24,2,15,199,CAA_interrupted,60
Control_11,m84137_260214_004236_s1/133567221/ccs,0,24,2,15,199,CAA_interrupted,60
Control_11,m84137_260214_004236_s1/148640228/ccs,0,24,2,15,199,CAA_interrupted,60
Control_11,m84137_260214_004236_s1/193072184/ccs,0,24,2,15,199,CAA_interrupted,60
Control_11,m84137_260214_004236_s1/194842386/ccs,0,24,2,15,199,CAA_interrupted,60
Control_11,m84137_260214_004236_s1/261428059/ccs,0,24,2,15,199,CAA_interrupted,60
Control_11,m84137_260214_004236_s1/247991840/ccs,0,24,2,15,199,CAA_interrupted,60
Control_11,m84137_260214_004236_s1/56887460/ccs,0,24,2,15,199,CAA_interrupted,60
Control_11,m84137_260214_004236_s1/58459180/ccs,0,24,2,15,199,CAA_interrupted,60
Control_11,m84137_260214_004236_s1/53020897/ccs,0,24,2,15,199,CAA_interrupted,60
Control_11,m84137_260214_004236_s1/97912987/ccs,0,24,2,15,199,CAA_interrupted,60
Control_11,m84137_260214_004236_s1/119343994/ccs,0,24,2,15,199,CAA_interrupted,60
Control_11,m84137_260214_004236_s1/225249915/ccs,0,24,2,15,199,CAA_interrupted,60
Control_11,m84137_260214_004236_s1/230032806/ccs,0,24,2,15,199,CAA_interrupted,60
Control_11,m84137_260214_004236_s1/234489364/ccs,0,24,2,15,199,CAA_interrupted,60
Control_11,m84137_260214_004236_s1/259260644/ccs,0,24,2,15,199,CAA_interrupted,60
Control_11,m84137_260214_004236_s1/240255011/ccs,0,24,2,15,199,CAA_interrupted,60
Control_11,m84137_260214_004236_s1/63247516/ccs,0,24,2,15,199,CAA_interrupted,60
Control_11,m84137_260214_004236_s1/45354597/ccs,0,24,2,15,199,CAA_interrupted,60
Control_11,m84137_260214_004236_s1/105320061/ccs,0,24,2,15,199,CAA_interrupted,60
Control_11,m84137_260214_004236_s1/83694951/ccs,0,24,2,15,199,CAA_interrupted,60
Control_11,m84137_260214_004236_s1/131470924/ccs,0,24,2,15,199,CAA_interrupted,60
Control_11,m84137_260214_004236_s1/185011238/ccs,0,24,2,15,199,CAA_interrupted,60
Control_11,m84137_260214_004236_s1/144380913/ccs,0,24,2,15,199,CAA_interrupted,60
Control_11,m84137_260214_004236_s1/146542110/ccs,0,24,2,15,199,CAA_interrupted,60
Control_11,m84137_260214_004236_s1/218238394/ccs,0,24,2,15,199,CAA_interrupted,60
Control_11,m84137_260214_004236_s1/150017575/ccs,0,24,2,15,199,CAA_interrupted,60
Control_11,m84137_260214_004236_s1/220729070/ccs,0,24,2,15,199,CAA_interrupted,60
Control_11,m84137_260214_004236_s1/143660847/ccs,0,24,2,15,199,CAA_interrupted,60
Control_11,m84137_260214_004236_s1/143854965/ccs,0,24,2,15,199,CAA_interrupted,60
Control_11,m84137_260214_004236_s1/116922155/ccs,0,24,2,15,199,CAA_interrupted,60
Control_11,m84137_260214_004236_s1/161159022/ccs,0,24,2,15,199,CAA_interrupted,60
Control_11,m84137_260214_004236_s1/161090566/ccs,0,24,2,15,199,CAA_interrupted,60
Control_11,m84137_260214_004236_s1/145100447/ccs,0,24,2,15,199,CAA_interrupted,60
Control_11,m84137_260214_004236_s1/165024931/ccs,0,24,2,15,199,CAA_interrupted,60
Control_11,m84137_260214_004236_s1/174133199/ccs,0,24,2,15,199,CAA_interrupted,60
Control_11,m84137_260214_004236_s1/174264205/ccs,0,24,2,15,199,CAA_interrupted,60
Control_11,m84137_260214_004236_s1/166400356/ccs,0,24,2,15,199,CAA_interrupted,60
Control_11,m84137_260214_004236_s1/166858172/ccs,0,24,2,15,199,CAA_interrupted,60
Control_11,m84137_260214_004236_s1/148378141/ccs,0,24,2,15,199,CAA_interrupted,60
Control_11,m84137_260214_004236_s1/218304479/ccs,0,24,2,15,199,CAA_interrupted,60
Control_11,m84137_260214_004236_s1/149362283/ccs,0,24,2,15,199,CAA_interrupted,60
Control_11,m84137_260214_004236_s1/218568178/ccs,0,24,2,15,199,CAA_interrupted,60
Control_11,m84137_260214_004236_s1/149950474/ccs,0,24,2,15,199,CAA_interrupted,60
Control_11,m84137_260214_004236_s1/178785867/ccs,0,24,2,15,199,CAA_interrupted,60
Control_11,m84137_260214_004236_s1/197792651/ccs,0,24,2,15,199,CAA_interrupted,60
Control_11,m84137_260214_004236_s1/220665673/ccs,0,24,2,15,199,CAA_interrupted,60
Control_11,m84137_260214_004236_s1/208213604/ccs,0,24,2,15,199,CAA_interrupted,60
Control_11,m84137_260214_004236_s1/202774208/ccs,0,24,2,15,199,CAA_interrupted,60
Control_11,m84137_260214_004236_s1/208933319/ccs,0,24,2,15,199,CAA_interrupted,60
Control_11,m84137_260214_004236_s1/224858869/ccs,0,24,2,15,199,CAA_interrupted,60
Control_11,m84137_260214_004236_s1/225840133/ccs,0,24,2,15,199,CAA_interrupted,60
Control_11,m84137_260214_004236_s1/205329249/ccs,0,24,2,15,199,CAA_interrupted,60
Control_11,m84137_260214_004236_s1/182064041/ccs,0,24,2,15,199,CAA_interrupted,60
Control_11,m84137_260214_004236_s1/251728321/ccs,0,24,2,15,199,CAA_interrupted,60
Control_11,m84137_260214_004236_s1/205852485/ccs,0,24,2,15,199,CAA_interrupted,60
Control_11,m84137_260214_004236_s1/206247665/ccs,0,24,2,15,199,CAA_interrupted,60
Control_11,m84137_260214_004236_s1/205919298/ccs,0,24,2,15,199,CAA_interrupted,60
Control_11,m84137_260214_004236_s1/235146689/ccs,0,24,2,15,199,CAA_interrupted,60
Control_11,m84137_260214_004236_s1/235148645/ccs,0,24,2,15,199,CAA_interrupted,60
Control_11,m84137_260214_004236_s1/235212266/ccs,0,24,2,15,199,CAA_interrupted,60
Control_11,m84137_260214_004236_s1/99289522/ccs,0,24,2,15,199,CAA_interrupted,60
Control_11,m84137_260214_004236_s1/78186197/ccs,0,24,2,15,199,CAA_interrupted,60
Control_11,m84137_260214_004236_s1/83167822/ccs,0,24,2,15,199,CAA_interrupted,60
Control_11,m84137_260214_004236_s1/99942658/ccs,0,24,2,15,199,CAA_interrupted,60
Control_11,m84137_260214_004236_s1/107217927/ccs,0,24,2,15,199,CAA_interrupted,60
Control_11,m84137_260214_004236_s1/107219845/ccs,0,24,2,15,199,CAA_interrupted,60
Control_11,m84137_260214_004236_s1/124584282/ccs,0,24,2,15,199,CAA_interrupted,60
Control_11,m84137_260214_004236_s1/119735118/ccs,0,24,2,15,199,CAA_interrupted,60
Control_11,m84137_260214_004236_s1/108988690/ccs,0,24,2,15,199,CAA_interrupted,60
Control_11,m84137_260214_004236_s1/121308334/ccs,0,24,2,15,199,CAA_interrupted,60
Control_11,m84137_260214_004236_s1/126485772/ccs,0,24,2,15,199,CAA_interrupted,60
Control_11,m84137_260214_004236_s1/105515259/ccs,0,24,2,15,199,CAA_interrupted,60
Control_11,m84137_260214_004236_s1/110102324/ccs,0,24,2,15,199,CAA_interrupted,60
Control_11,m84137_260214_004236_s1/134873267/ccs,0,24,2,15,199,CAA_interrupted,60
Control_11,m84137_260214_004236_s1/151388722/ccs,0,24,2,15,199,CAA_interrupted,60
Control_11,m84137_260214_004236_s1/127926644/ccs,0,24,2,15,199,CAA_interrupted,60
Control_11,m84137_260214_004236_s1/111610285/ccs,0,24,2,15,199,CAA_interrupted,60
Control_11,m84137_260214_004236_s1/139790093/ccs,0,24,2,15,199,CAA_interrupted,60
Control_11,m84137_260214_004236_s1/128518916/ccs,0,24,2,15,199,CAA_interrupted,60
Control_11,m84137_260214_004236_s1/152371340/ccs,0,24,2,15,199,CAA_interrupted,60
Control_11,m84137_260214_004236_s1/152503194/ccs,0,24,2,15,199,CAA_interrupted,60
Control_11,m84137_260214_004236_s1/152505045/ccs,0,24,2,15,199,CAA_interrupted,60
Control_11,m84137_260214_004236_s1/152898102/ccs,0,24,2,15,199,CAA_interrupted,60
Control_11,m84137_260214_004236_s1/136448725/ccs,0,24,2,15,199,CAA_interrupted,60
Control_11,m84137_260214_004236_s1/153553598/ccs,0,24,2,15,199,CAA_interrupted,60
Control_11,m84137_260214_004236_s1/133106245/ccs,0,24,2,15,199,CAA_interrupted,60
Control_11,m84137_260214_004236_s1/157811048/ccs,0,24,2,15,199,CAA_interrupted,60
Control_11,m84137_260214_004236_s1/141099674/ccs,0,24,2,15,199,CAA_interrupted,60
Control_11,m84137_260214_004236_s1/134089247/ccs,0,24,2,15,199,CAA_interrupted,60
Control_11,m84137_260214_004236_s1/134155260/ccs,0,24,2,15,199,CAA_interrupted,60
Control_11,m84137_260214_004236_s1/162267776/ccs,0,24,2,15,199,CAA_interrupted,60
Control_11,m84137_260214_004236_s1/116853485/ccs,0,24,2,15,199,CAA_interrupted,60
Control_11,m84137_260214_004236_s1/86905905/ccs,0,24,2,15,199,CAA_interrupted,60
Control_11,m84137_260214_004236_s1/87496105/ccs,0,24,2,15,199,CAA_interrupted,60
Control_11,m84137_260214_004236_s1/92214688/ccs,0,24,2,15,199,CAA_interrupted,60
Control_11,m84137_260214_004236_s1/118689555/ccs,0,24,2,15,199,CAA_interrupted,60
Control_11,m84137_260214_004236_s1/79039945/ccs,0,24,2,15,199,CAA_interrupted,60
Control_11,m84137_260214_004236_s1/106630822/ccs,0,24,2,15,199,CAA_interrupted,60
Control_11,m84137_260214_004236_s1/106369367/ccs,0,24,2,15,199,CAA_interrupted,60
Control_11,m84137_260214_004236_s1/98964012/ccs,0,24,2,15,199,CAA_interrupted,60
Control_11,m84137_260214_004236_s1/106695952/ccs,0,24,2,15,199,CAA_interrupted,60
Control_11,m84137_260214_004236_s1/119868600/ccs,0,24,2,15,199,CAA_interrupted,60
Control_11,m84137_260214_004236_s1/120133134/ccs,0,24,2,15,199,CAA_interrupted,60
Control_11,m84137_260214_004236_s1/107090894/ccs,0,24,2,15,199,CAA_interrupted,60
Control_11,m84137_260214_004236_s1/100469829/ccs,0,24,2,15,199,CAA_interrupted,60
Control_11,m84137_260214_004236_s1/120918158/ccs,0,24,2,15,199,CAA_interrupted,60
Control_11,m84137_260214_004236_s1/104927326/ccs,0,24,2,15,199,CAA_interrupted,60
Control_11,m84137_260214_004236_s1/121181930/ccs,0,24,2,15,199,CAA_interrupted,60
Control_11,m84137_260214_004236_s1/124654368/ccs,0,24,2,15,199,CAA_interrupted,60
Control_11,m84137_260214_004236_s1/124393378/ccs,0,24,2,15,199,CAA_interrupted,60
Control_11,m84137_260214_004236_s1/121640499/ccs,0,24,2,15,199,CAA_interrupted,60
Control_11,m84137_260214_004236_s1/81335431/ccs,0,24,2,15,199,CAA_interrupted,60
Control_11,m84137_260214_004236_s1/108728743/ccs,0,24,2,15,199,CAA_interrupted,60
Control_11,m84137_260214_004236_s1/121968102/ccs,0,24,2,15,199,CAA_interrupted,60
Control_11,m84137_260214_004236_s1/121902471/ccs,0,24,2,15,199,CAA_interrupted,60
Control_11,m84137_260214_004236_s1/129176994/ccs,0,24,2,15,199,CAA_interrupted,60
Control_11,m84137_260214_004236_s1/109385097/ccs,0,24,2,15,199,CAA_interrupted,60
Control_11,m84137_260214_004236_s1/111480856/ccs,0,24,2,15,199,CAA_interrupted,60
Control_11,m84137_260214_004236_s1/111940961/ccs,0,24,2,15,199,CAA_interrupted,60
Control_11,m84137_260214_004236_s1/131535249/ccs,0,24,2,15,199,CAA_interrupted,60
Control_11,m84137_260214_004236_s1/157159885/ccs,0,24,2,15,199,CAA_interrupted,60
Control_11,m84137_260214_004236_s1/140711322/ccs,0,24,2,15,199,CAA_interrupted,60
Control_11,m84137_260214_004236_s1/133893489/ccs,0,24,2,15,199,CAA_interrupted,60
Control_11,m84137_260214_004236_s1/158600417/ccs,0,24,2,15,199,CAA_interrupted,60
Control_11,m84137_260214_004236_s1/142021088/ccs,0,24,2,15,199,CAA_interrupted,60
Control_11,m84137_260214_004236_s1/156241359/ccs,0,24,2,15,199,CAA_interrupted,60
Control_11,m84137_260214_004236_s1/91035089/ccs,0,24,2,15,199,CAA_interrupted,60
Control_11,m84137_260214_004236_s1/179506685/ccs,0,24,2,15,199,CAA_interrupted,60
Control_11,m84137_260214_004236_s1/224792290/ccs,0,24,2,15,199,CAA_interrupted,60
Control_11,m84137_260214_004236_s1/262802503/ccs,0,24,2,15,199,CAA_interrupted,60
Control_11,m84137_260214_004236_s1/251400187/ccs,0,24,2,15,199,CAA_interrupted,60
Control_11,m84137_260214_004236_s1/179503486/ccs,0,24,2,15,199,CAA_interrupted,60
Control_11,m84137_260214_004236_s1/181011720/ccs,0,24,2,15,199,CAA_interrupted,60
Control_11,m84137_260214_004236_s1/210502238/ccs,0,24,2,15,199,CAA_interrupted,60
Control_11,m84137_260214_004236_s1/211028054/ccs,0,24,2,15,199,CAA_interrupted,60
Control_11,m84137_260214_004236_s1/241501637/ccs,0,24,2,15,199,CAA_interrupted,60
Control_11,m84137_260214_004236_s1/22023795/ccs,0,24,2,15,199,CAA_interrupted,60
Control_11,m84137_260214_004236_s1/205854034/ccs,0,24,2,15,199,CAA_interrupted,60
Control_11,m84137_260214_004236_s1/105974722/ccs,0,24,2,15,199,CAA_interrupted,60
Control_11,m84137_260214_004236_s1/179048625/ccs,0,24,2,15,199,CAA_interrupted,60
Control_11,m84137_260214_004236_s1/248517828/ccs,0,24,2,15,199,CAA_interrupted,60
Control_11,m84137_260214_004236_s1/27659024/ccs,0,24,2,15,199,CAA_interrupted,60
Control_11,m84137_260214_004236_s1/168296635/ccs,0,24,2,15,199,CAA_interrupted,60
Control_11,m84137_260214_004236_s1/212074574/ccs,0,24,2,15,199,CAA_interrupted,60
Control_11,m84137_260214_004236_s1/26545455/ccs,0,24,2,15,199,CAA_interrupted,60
Control_11,m84137_260214_004236_s1/28771852/ccs,0,24,2,15,199,CAA_interrupted,60
Control_11,m84137_260214_004236_s1/126288490/ccs,0,24,2,15,199,CAA_interrupted,60
Control_11,m84137_260214_004236_s1/114163758/ccs,0,24,2,15,199,CAA_interrupted,60
Control_11,m84137_260214_004236_s1/209586729/ccs,0,24,2,15,199,CAA_interrupted,60
Control_11,m84137_260214_004236_s1/108401040/ccs,0,24,2,15,199,CAA_interrupted,60
Control_11,m84137_260214_004236_s1/144053482/ccs,0,24,2,15,199,CAA_interrupted,60
Control_11,m84137_260214_004236_s1/18351403/ccs,0,24,2,15,199,CAA_interrupted,60
Control_11,m84137_260214_004236_s1/3672733/ccs,0,24,2,15,199,CAA_interrupted,60
Control_11,m84137_260214_004236_s1/229970171/ccs,0,24,2,15,199,CAA_interrupted,60
Control_11,m84137_260214_004236_s1/149621120/ccs,0,24,2,15,199,CAA_interrupted,60
Control_11,m84137_260214_004236_s1/153031350/ccs,0,24,2,15,199,CAA_interrupted,60
Control_11,m84137_260214_004236_s1/136187996/ccs,0,24,2,15,199,CAA_interrupted,60
Control_11,m84137_260214_004236_s1/140250970/ccs,0,24,2,15,199,CAA_interrupted,60
Control_11,m84137_260214_004236_s1/156571322/ccs,0,24,2,15,199,CAA_interrupted,60
Control_11,m84137_260214_004236_s1/153685281/ccs,0,24,2,15,199,CAA_interrupted,60
Control_11,m84137_260214_004236_s1/140710918/ccs,0,24,2,15,199,CAA_interrupted,60
Control_11,m84137_260214_004236_s1/137041219/ccs,0,24,2,15,199,CAA_interrupted,60
Control_11,m84137_260214_004236_s1/157947761/ccs,0,24,2,15,199,CAA_interrupted,60
Control_11,m84137_260214_004236_s1/158013249/ccs,0,24,2,15,199,CAA_interrupted,60
Control_11,m84137_260214_004236_s1/114692870/ccs,0,24,2,15,199,CAA_interrupted,60
Control_11,m84137_260214_004236_s1/141957036/ccs,0,24,2,15,199,CAA_interrupted,60
Control_11,m84137_260214_004236_s1/142349314/ccs,0,24,2,15,199,CAA_interrupted,60
Control_11,m84137_260214_004236_s1/142611465/ccs,0,24,2,15,199,CAA_interrupted,60
Control_11,m84137_260214_004236_s1/115085844/ccs,0,24,2,15,199,CAA_interrupted,60
Control_11,m84137_260214_004236_s1/142872706/ccs,0,24,2,15,199,CAA_interrupted,60
Control_11,m84137_260214_004236_s1/115480210/ccs,0,24,2,15,199,CAA_interrupted,60
Control_11,m84137_260214_004236_s1/139202424/ccs,0,24,2,15,199,CAA_interrupted,60
Control_11,m84137_260214_004236_s1/116264501/ccs,0,24,2,15,199,CAA_interrupted,60
Control_11,m84137_260214_004236_s1/173608193/ccs,0,24,2,15,199,CAA_interrupted,60
Control_11,m84137_260214_004236_s1/146741009/ccs,0,24,2,15,199,CAA_interrupted,60
Control_11,m84137_260214_004236_s1/187633593/ccs,0,24,2,15,199,CAA_interrupted,60
Control_11,m84137_260214_004236_s1/187831069/ccs,0,24,2,15,199,CAA_interrupted,60
Control_11,m84137_260214_004236_s1/166663246/ccs,0,24,2,15,199,CAA_interrupted,60
Control_11,m84137_260214_004236_s1/175838557/ccs,0,24,2,15,199,CAA_interrupted,60
Control_11,m84137_260214_004236_s1/148245995/ccs,0,24,2,15,199,CAA_interrupted,60
Control_11,m84137_260214_004236_s1/189797152/ccs,0,24,2,15,199,CAA_interrupted,60
Control_11,m84137_260214_004236_s1/177411324/ccs,0,24,2,15,199,CAA_interrupted,60
Control_11,m84137_260214_004236_s1/172428664/ccs,0,24,2,15,199,CAA_interrupted,60
Control_11,m84137_260214_004236_s1/193334517/ccs,0,24,2,15,199,CAA_interrupted,60
Control_11,m84137_260214_004236_s1/177870001/ccs,0,24,2,15,199,CAA_interrupted,60
Control_11,m84137_260214_004236_s1/218566894/ccs,0,24,2,15,199,CAA_interrupted,60
Control_11,m84137_260214_004236_s1/194121171/ccs,0,24,2,15,199,CAA_interrupted,60
Control_11,m84137_260214_004236_s1/197201295/ccs,0,24,2,15,199,CAA_interrupted,60
Control_11,m84137_260214_004236_s1/197135631/ccs,0,24,2,15,199,CAA_interrupted,60
Control_11,m84137_260214_004236_s1/194713396/ccs,0,24,2,15,199,CAA_interrupted,60
Control_11,m84137_260214_004236_s1/197989989/ccs,0,24,2,15,199,CAA_interrupted,60
Control_11,m84137_260214_004236_s1/223941599/ccs,0,24,2,15,199,CAA_interrupted,60
Control_11,m84137_260214_004236_s1/221384569/ccs,0,24,2,15,199,CAA_interrupted,60
Control_11,m84137_260214_004236_s1/221777598/ccs,0,24,2,15,199,CAA_interrupted,60
Control_11,m84137_260214_004236_s1/209393064/ccs,0,24,2,15,199,CAA_interrupted,60
Control_11,m84137_260214_004236_s1/181014350/ccs,0,24,2,15,199,CAA_interrupted,60
Control_11,m84137_260214_004236_s1/209456632/ccs,0,24,2,15,199,CAA_interrupted,60
Control_11,m84137_260214_004236_s1/223155538/ccs,0,24,2,15,199,CAA_interrupted,60
Control_11,m84137_260214_004236_s1/210505673/ccs,0,24,2,15,199,CAA_interrupted,60
Control_11,m84137_260214_004236_s1/225972710/ccs,0,24,2,15,199,CAA_interrupted,60
Control_11,m84137_260214_004236_s1/181933836/ccs,0,24,2,15,199,CAA_interrupted,60
Control_11,m84137_260214_004236_s1/226300927/ccs,0,24,2,15,199,CAA_interrupted,60
Control_11,m84137_260214_004236_s1/251925009/ccs,0,24,2,15,199,CAA_interrupted,60
Control_11,m84137_260214_004236_s1/252318522/ccs,0,24,2,16,199,CAA_interrupted,60
Control_11,m84137_260214_004236_s1/50597658/ccs,0,24,2,15,199,CAA_interrupted,60
Control_11,m84137_260214_004236_s1/12261021/ccs,0,24,2,15,199,CAA_interrupted,60
Control_11,m84137_260214_004236_s1/54463741/ccs,0,24,2,15,199,CAA_interrupted,60
Control_11,m84137_260214_004236_s1/42473145/ccs,0,24,2,15,199,CAA_interrupted,60
Control_11,m84137_260214_004236_s1/44832228/ccs,0,24,2,15,199,CAA_interrupted,60
Control_11,m84137_260214_004236_s1/66392556/ccs,0,24,2,15,199,CAA_interrupted,60
Control_11,m84137_260214_004236_s1/71438171/ccs,0,24,2,15,199,CAA_interrupted,60
Control_11,m84137_260214_004236_s1/74977552/ccs,0,24,2,15,199,CAA_interrupted,60
Control_11,m84137_260214_004236_s1/100995914/ccs,0,24,2,15,199,CAA_interrupted,60
Control_11,m84137_260214_004236_s1/119150359/ccs,0,24,2,15,199,CAA_interrupted,60
Control_11,m84137_260214_004236_s1/120327211/ccs,0,24,2,15,199,CAA_interrupted,60
Control_11,m84137_260214_004236_s1/126160212/ccs,0,24,2,15,199,CAA_interrupted,60
Control_11,m84137_260214_004236_s1/164237248/ccs,0,24,2,15,199,CAA_interrupted,60
Control_11,m84137_260214_004236_s1/170134983/ccs,0,24,2,15,199,CAA_interrupted,60
Control_11,m84137_260214_004236_s1/224924500/ccs,0,24,2,15,199,CAA_interrupted,60
Control_11,m84137_260214_004236_s1/204475522/ccs,0,24,2,15,199,CAA_interrupted,60
Control_11,m84137_260214_004236_s1/230886985/ccs,0,24,2,15,199,CAA_interrupted,60
Control_11,m84137_260214_004236_s1/242027777/ccs,0,24,2,15,199,CAA_interrupted,60
Control_11,m84137_260214_004236_s1/213586668/ccs,0,24,2,15,199,CAA_interrupted,60
Control_11,m84137_260214_004236_s1/242684336/ccs,0,24,2,15,199,CAA_interrupted,60
Control_11,m84137_260214_004236_s1/263591193/ccs,0,24,2,15,199,CAA_interrupted,60
Control_11,m84137_260214_004236_s1/249499195/ccs,0,24,2,15,199,CAA_interrupted,60
Control_11,m84137_260214_004236_s1/11666740/ccs,0,24,2,15,199,CAA_interrupted,60
Control_11,m84137_260214_004236_s1/11796867/ccs,0,24,2,15,199,CAA_interrupted,60
Control_11,m84137_260214_004236_s1/3081466/ccs,0,24,2,15,199,CAA_interrupted,60
Control_11,m84137_260214_004236_s1/12977979/ccs,0,24,2,15,199,CAA_interrupted,60
Control_11,m84137_260214_004236_s1/8063228/ccs,0,24,2,15,199,CAA_interrupted,60
Control_11,m84137_260214_004236_s1/13632378/ccs,0,24,2,15,199,CAA_interrupted,60
Control_11,m84137_260214_004236_s1/20448068/ccs,0,24,2,15,199,CAA_interrupted,60
Control_11,m84137_260214_004236_s1/26281147/ccs,0,24,2,15,199,CAA_interrupted,60
Control_11,m84137_260214_004236_s1/26741710/ccs,0,24,2,15,199,CAA_interrupted,60
Control_11,m84137_260214_004236_s1/31129991/ccs,0,24,2,15,199,CAA_interrupted,60
Control_11,m84137_260214_004236_s1/21234371/ccs,0,24,2,15,199,CAA_interrupted,60
Control_11,m84137_260214_004236_s1/21432438/ccs,0,24,2,15,199,CAA_interrupted,60
Control_11,m84137_260214_004236_s1/15009470/ccs,0,24,2,15,199,CAA_interrupted,60
Control_11,m84137_260214_004236_s1/21955249/ccs,0,24,2,15,199,CAA_interrupted,60
Control_11,m84137_260214_004236_s1/34670170/ccs,0,24,2,15,199,CAA_interrupted,60
Control_11,m84137_260214_004236_s1/34603220/ccs,0,24,2,15,199,CAA_interrupted,60
Control_11,m84137_260214_004236_s1/31852090/ccs,0,24,2,15,199,CAA_interrupted,60
Control_11,m84137_260214_004236_s1/50397966/ccs,0,24,2,15,199,CAA_interrupted,60
Control_11,m84137_260214_004236_s1/15859944/ccs,0,24,2,15,199,CAA_interrupted,60
Control_11,m84137_260214_004236_s1/39453565/ccs,0,24,2,15,199,CAA_interrupted,60
Control_11,m84137_260214_004236_s1/51512478/ccs,0,24,2,15,199,CAA_interrupted,60
Control_11,m84137_260214_004236_s1/45286575/ccs,0,24,2,15,199,CAA_interrupted,60
Control_11,m84137_260214_004236_s1/51904776/ccs,0,24,2,15,199,CAA_interrupted,60
Control_11,m84137_260214_004236_s1/45744561/ccs,0,24,2,15,199,CAA_interrupted,60
Control_11,m84137_260214_004236_s1/45680296/ccs,0,24,2,15,199,CAA_interrupted,60
Control_11,m84137_260214_004236_s1/52232508/ccs,0,24,2,15,199,CAA_interrupted,60
Control_11,m84137_260214_004236_s1/43715796/ccs,0,24,2,15,199,CAA_interrupted,60
Control_11,m84137_260214_004236_s1/73207501/ccs,0,24,2,15,199,CAA_interrupted,60
Control_11,m84137_260214_004236_s1/176362685/ccs,0,24,2,15,199,CAA_interrupted,60
Control_11,m84137_260214_004236_s1/62391466/ccs,0,24,2,15,199,CAA_interrupted,60
Control_11,m84137_260214_004236_s1/199229668/ccs,0,24,2,15,199,CAA_interrupted,60
Control_11,m84137_260214_004236_s1/9898346/ccs,0,24,2,15,199,CAA_interrupted,60
Control_11,m84137_260214_004236_s1/211485517/ccs,0,24,2,15,199,CAA_interrupted,60
Control_11,m84137_260214_004236_s1/230622414/ccs,0,24,2,15,199,CAA_interrupted,60
Control_11,m84137_260214_004236_s1/16518254/ccs,0,24,2,15,199,CAA_interrupted,60
Control_11,m84137_260214_004236_s1/173280689/ccs,0,24,2,15,199,CAA_interrupted,60
Control_11,m84137_260214_004236_s1/130222708/ccs,0,24,2,15,199,CAA_interrupted,60
Control_11,m84137_260214_004236_s1/240911448/ccs,0,24,2,15,199,CAA_interrupted,60
Control_11,m84137_260214_004236_s1/236127228/ccs,0,24,2,15,199,CAA_interrupted,60
Control_11,m84137_260214_004236_s1/9901296/ccs,0,24,2,15,199,CAA_interrupted,60
Control_11,m84137_260214_004236_s1/132975743/ccs,0,24,2,15,199,CAA_interrupted,60
Control_11,m84137_260214_004236_s1/146544528/ccs,0,24,2,15,199,CAA_interrupted,60
Control_11,m84137_260214_004236_s1/223481330/ccs,0,24,2,15,199,CAA_interrupted,60
Control_11,m84137_260214_004236_s1/11208283/ccs,0,24,2,15,199,CAA_interrupted,60
Control_11,m84137_260214_004236_s1/17042043/ccs,0,24,2,15,199,CAA_interrupted,60
Control_11,m84137_260214_004236_s1/18810771/ccs,0,24,2,15,199,CAA_interrupted,60
Control_11,m84137_260214_004236_s1/24576228/ccs,0,24,2,15,199,CAA_interrupted,60
Control_11,m84137_260214_004236_s1/4915378/ccs,0,24,2,15,199,CAA_interrupted,60
Control_11,m84137_260214_004236_s1/14091338/ccs,0,24,2,15,199,CAA_interrupted,60
Control_11,m84137_260214_004236_s1/31982166/ccs,0,24,2,15,199,CAA_interrupted,60
Control_11,m84137_260214_004236_s1/11010231/ccs,0,24,2,15,199,CAA_interrupted,60
Control_11,m84137_260214_004236_s1/45024412/ccs,0,24,2,15,199,CAA_interrupted,60
Control_11,m84137_260214_004236_s1/45680266/ccs,0,24,2,15,199,CAA_interrupted,60
Control_11,m84137_260214_004236_s1/41288940/ccs,0,24,2,15,199,CAA_interrupted,60
Control_11,m84137_260214_004236_s1/62720304/ccs,0,24,2,15,199,CAA_interrupted,60
Control_11,m84137_260214_004236_s1/60752536/ccs,0,24,2,15,199,CAA_interrupted,60
Control_11,m84137_260214_004236_s1/64227748/ccs,0,24,2,15,199,CAA_interrupted,60
Control_11,m84137_260214_004236_s1/73467681/ccs,0,24,2,15,199,CAA_interrupted,60
Control_11,m84137_260214_004236_s1/74907813/ccs,0,24,2,15,199,CAA_interrupted,60
Control_11,m84137_260214_004236_s1/70583042/ccs,0,24,2,15,199,CAA_interrupted,60
Control_11,m84137_260214_004236_s1/87034304/ccs,0,24,2,15,199,CAA_interrupted,60
Control_11,m84137_260214_004236_s1/77728095/ccs,0,24,2,15,199,CAA_interrupted,60
Control_11,m84137_260214_004236_s1/83364201/ccs,0,24,2,15,199,CAA_interrupted,60
Control_11,m84137_260214_004236_s1/104270067/ccs,0,24,2,15,199,CAA_interrupted,60
Control_11,m84137_260214_004236_s1/104794397/ccs,0,24,2,15,199,CAA_interrupted,60
Control_11,m84137_260214_004236_s1/151060603/ccs,0,24,2,15,199,CAA_interrupted,60
Control_11,m84137_260214_004236_s1/152305950/ccs,0,24,2,15,199,CAA_interrupted,60
Control_11,m84137_260214_004236_s1/132514264/ccs,0,24,2,15,199,CAA_interrupted,60
Control_11,m84137_260214_004236_s1/136905710/ccs,0,24,2,15,199,CAA_interrupted,60
Control_11,m84137_260214_004236_s1/159123603/ccs,0,24,2,15,199,CAA_interrupted,60
Control_11,m84137_260214_004236_s1/155191035/ccs,0,24,2,15,199,CAA_interrupted,60
Control_11,m84137_260214_004236_s1/143328225/ccs,0,24,2,15,199,CAA_interrupted,60
Control_11,m84137_260214_004236_s1/144638085/ccs,0,24,2,15,199,CAA_interrupted,60
Control_11,m84137_260214_004236_s1/190778116/ccs,0,24,2,15,199,CAA_interrupted,60
Control_11,m84137_260214_004236_s1/191039401/ccs,0,24,2,15,199,CAA_interrupted,60
Control_11,m84137_260214_004236_s1/191234590/ccs,0,24,2,15,199,CAA_interrupted,60
Control_11,m84137_260214_004236_s1/182061315/ccs,0,24,2,15,199,CAA_interrupted,60
Control_11,m84137_260214_004236_s1/207553944/ccs,0,24,2,15,199,CAA_interrupted,60
Control_11,m84137_260214_004236_s1/201132257/ccs,0,24,2,15,199,CAA_interrupted,60
Control_11,m84137_260214_004236_s1/222758332/ccs,0,24,2,15,199,CAA_interrupted,60
Control_11,m84137_260214_004236_s1/231540038/ccs,0,24,2,15,199,CAA_interrupted,60
Control_11,m84137_260214_004236_s1/256246554/ccs,0,24,2,15,199,CAA_interrupted,60
Control_11,m84137_260214_004236_s1/217252943/ccs,0,24,2,15,199,CAA_interrupted,60
Control_11,m84137_260214_004236_s1/237896283/ccs,0,24,2,15,199,CAA_interrupted,60
Control_11,m84137_260214_004236_s1/6165738/ccs,0,24,2,15,199,CAA_interrupted,60
Control_11,m84137_260214_004236_s1/5968520/ccs,0,24,2,15,199,CAA_interrupted,60
Control_11,m84137_260214_004236_s1/28774746/ccs,0,24,2,15,199,CAA_interrupted,60
Control_11,m84137_260214_004236_s1/113836257/ccs,0,24,2,15,199,CAA_interrupted,60
Control_11,m84137_260214_004236_s1/131204725/ccs,0,24,2,15,199,CAA_interrupted,60
Control_11,m84137_260214_004236_s1/114297654/ccs,0,24,2,15,199,CAA_interrupted,60
Control_11,m84137_260214_004236_s1/114165454/ccs,0,24,2,15,199,CAA_interrupted,60
Control_11,m84137_260214_004236_s1/131662415/ccs,0,24,2,15,199,CAA_interrupted,60
Control_11,m84137_260214_004236_s1/127993461/ccs,0,24,2,15,199,CAA_interrupted,60
Control_11,m84137_260214_004236_s1/152046088/ccs,0,24,2,15,199,CAA_interrupted,60
Control_11,m84137_260214_004236_s1/139985531/ccs,0,24,2,15,199,CAA_interrupted,60
Control_11,m84137_260214_004236_s1/153159867/ccs,0,24,2,15,199,CAA_interrupted,60
Control_11,m84137_260214_004236_s1/115213479/ccs,0,24,2,15,199,CAA_interrupted,60
Control_11,m84137_260214_004236_s1/115673933/ccs,0,24,2,15,199,CAA_interrupted,60
Control_11,m84137_260214_004236_s1/141035355/ccs,0,24,2,15,199,CAA_interrupted,60
Control_11,m84137_260214_004236_s1/162204395/ccs,0,24,2,15,199,CAA_interrupted,60
Control_11,m84137_260214_004236_s1/158860161/ccs,0,24,2,15,199,CAA_interrupted,60
Control_11,m84137_260214_004236_s1/141362933/ccs,0,24,2,15,199,CAA_interrupted,60
Control_11,m84137_260214_004236_s1/138215491/ccs,0,24,2,15,199,CAA_interrupted,60
Control_11,m84137_260214_004236_s1/162792791/ccs,0,24,2,15,199,CAA_interrupted,60
Control_11,m84137_260214_004236_s1/138806754/ccs,0,24,2,15,199,CAA_interrupted,60
Control_11,m84137_260214_004236_s1/163186723/ccs,0,24,2,15,199,CAA_interrupted,60
Control_11,m84137_260214_004236_s1/145755074/ccs,0,24,2,15,199,CAA_interrupted,60
Control_11,m84137_260214_004236_s1/155452673/ccs,0,24,2,15,199,CAA_interrupted,60
Control_11,m84137_260214_004236_s1/139788809/ccs,0,24,2,15,199,CAA_interrupted,60
Control_11,m84137_260214_004236_s1/168559456/ccs,0,24,2,15,199,CAA_interrupted,60
Control_11,m84137_260214_004236_s1/168952651/ccs,0,24,2,15,199,CAA_interrupted,60
Control_11,m84137_260214_004236_s1/166267876/ccs,0,24,2,15,199,CAA_interrupted,60
Control_11,m84137_260214_004236_s1/185926197/ccs,0,24,2,15,199,CAA_interrupted,60
Control_11,m84137_260214_004236_s1/173672600/ccs,0,24,2,15,199,CAA_interrupted,60
Control_11,m84137_260214_004236_s1/166659780/ccs,0,24,2,15,199,CAA_interrupted,60
Control_11,m84137_260214_004236_s1/186845676/ccs,0,24,2,15,199,CAA_interrupted,60
Control_11,m84137_260214_004236_s1/169935533/ccs,0,24,2,15,199,CAA_interrupted,60
Control_11,m84137_260214_004236_s1/191104598/ccs,0,24,2,15,199,CAA_interrupted,60
Control_11,m84137_260214_004236_s1/167577610/ccs,0,24,2,15,199,CAA_interrupted,60
Control_11,m84137_260214_004236_s1/187302285/ccs,0,24,2,15,199,CAA_interrupted,60
Control_11,m84137_260214_004236_s1/187237022/ccs,0,24,2,15,199,CAA_interrupted,60
Control_11,m84137_260214_004236_s1/191236645/ccs,0,24,2,15,199,CAA_interrupted,60
Control_11,m84137_260214_004236_s1/191302189/ccs,0,24,2,15,199,CAA_interrupted,60
Control_11,m84137_260214_004236_s1/170787423/ccs,0,24,2,15,199,CAA_interrupted,60
Control_11,m84137_260214_004236_s1/150012552/ccs,0,24,2,15,199,CAA_interrupted,60
Control_11,m84137_260214_004236_s1/150144130/ccs,0,24,2,15,199,CAA_interrupted,60
Control_11,m84137_260214_004236_s1/191759785/ccs,0,24,2,15,199,CAA_interrupted,60
Control_11,m84137_260214_004236_s1/150801310/ccs,0,24,2,15,199,CAA_interrupted,60
Control_11,m84137_260214_004236_s1/179112920/ccs,0,24,2,15,199,CAA_interrupted,60
Control_11,m84137_260214_004236_s1/196937504/ccs,0,24,2,15,199,CAA_interrupted,60
Control_11,m84137_260214_004236_s1/176753264/ccs,0,24,2,15,199,CAA_interrupted,60
Control_11,m84137_260214_004236_s1/197394733/ccs,0,24,2,15,199,CAA_interrupted,60
Control_11,m84137_260214_004236_s1/218302603/ccs,0,24,2,15,199,CAA_interrupted,60
Control_11,m84137_260214_004236_s1/172884280/ccs,0,24,2,15,199,CAA_interrupted,60
Control_11,m84137_260214_004236_s1/173147559/ccs,0,24,2,15,199,CAA_interrupted,60
Control_11,m84137_260214_004236_s1/180945614/ccs,0,24,2,15,199,CAA_interrupted,60
Control_11,m84137_260214_004236_s1/36700760/ccs,0,24,2,15,199,CAA_interrupted,60
Control_11,m84137_260214_004236_s1/58460290/ccs,0,24,2,15,199,CAA_interrupted,60
Control_11,m84137_260214_004236_s1/36898855/ccs,0,24,2,15,199,CAA_interrupted,60
Control_11,m84137_260214_004236_s1/46073358/ccs,0,24,2,15,199,CAA_interrupted,60
Control_11,m84137_260214_004236_s1/59244671/ccs,0,24,2,15,199,CAA_interrupted,60
Control_11,m84137_260214_004236_s1/46335673/ccs,0,24,2,15,199,CAA_interrupted,60
Control_11,m84137_260214_004236_s1/37685776/ccs,0,24,2,15,199,CAA_interrupted,60
Control_11,m84137_260214_004236_s1/38535352/ccs,0,24,2,15,199,CAA_interrupted,60
Control_11,m84137_260214_004236_s1/47515425/ccs,0,24,2,15,199,CAA_interrupted,60
Control_11,m84137_260214_004236_s1/63767260/ccs,0,24,2,15,199,CAA_interrupted,60
Control_11,m84137_260214_004236_s1/48104839/ccs,0,24,2,15,199,CAA_interrupted,60
Control_11,m84137_260214_004236_s1/44303375/ccs,0,24,2,15,199,CAA_interrupted,60
Control_11,m84137_260214_004236_s1/89852894/ccs,0,24,2,15,199,CAA_interrupted,60
Control_11,m84137_260214_004236_s1/90114139/ccs,0,24,2,15,199,CAA_interrupted,60
Control_11,m84137_260214_004236_s1/72681824/ccs,0,24,2,15,199,CAA_interrupted,60
Control_11,m84137_260214_004236_s1/65667476/ccs,0,24,2,15,199,CAA_interrupted,60
Control_11,m84137_260214_004236_s1/84085694/ccs,0,24,2,15,199,CAA_interrupted,60
Control_11,m84137_260214_004236_s1/91030788/ccs,0,24,2,15,199,CAA_interrupted,60
Control_11,m84137_260214_004236_s1/69469321/ccs,0,24,2,15,199,CAA_interrupted,60
Control_11,m84137_260214_004236_s1/66456503/ccs,0,24,2,15,199,CAA_interrupted,60
Control_11,m84137_260214_004236_s1/74188295/ccs,0,24,2,15,199,CAA_interrupted,60
Control_11,m84137_260214_004236_s1/85525409/ccs,0,24,2,15,199,CAA_interrupted,60
Control_11,m84137_260214_004236_s1/78449402/ccs,0,24,2,15,199,CAA_interrupted,60
Control_11,m84137_260214_004236_s1/91948868/ccs,0,24,2,15,199,CAA_interrupted,60
Control_11,m84137_260214_004236_s1/70322514/ccs,0,24,2,15,199,CAA_interrupted,60
Control_11,m84137_260214_004236_s1/85985807/ccs,0,24,2,15,199,CAA_interrupted,60
Control_11,m84137_260214_004236_s1/75500361/ccs,0,24,2,15,199,CAA_interrupted,60
Control_11,m84137_260214_004236_s1/75565541/ccs,0,24,2,15,199,CAA_interrupted,60
Control_11,m84137_260214_004236_s1/96011115/ccs,0,24,2,15,199,CAA_interrupted,60
Control_11,m84137_260214_004236_s1/86509753/ccs,0,24,2,15,199,CAA_interrupted,60
Control_11,m84137_260214_004236_s1/76480843/ccs,0,24,2,15,199,CAA_interrupted,60
Control_11,m84137_260214_004236_s1/80478835/ccs,0,24,2,15,199,CAA_interrupted,60
Control_11,m84137_260214_004236_s1/98110070/ccs,0,24,2,15,199,CAA_interrupted,60
Control_11,m84137_260214_004236_s1/101188001/ccs,0,24,2,15,199,CAA_interrupted,60
Control_11,m84137_260214_004236_s1/89131754/ccs,0,24,2,15,199,CAA_interrupted,60
Control_11,m84137_260214_004236_s1/118426004/ccs,0,24,2,15,199,CAA_interrupted,60
Control_11,m84137_260214_004236_s1/100008484/ccs,0,24,2,15,199,CAA_interrupted,60
Control_11,m84137_260214_004236_s1/106956814/ccs,0,24,2,15,199,CAA_interrupted,60
Control_11,m84137_260214_004236_s1/124062478/ccs,0,24,2,15,199,CAA_interrupted,60
Control_11,m84137_260214_004236_s1/103221124/ccs,0,24,2,15,199,CAA_interrupted,60
Control_11,m84137_260214_004236_s1/103221831/ccs,0,24,2,15,199,CAA_interrupted,60
Control_11,m84137_260214_004236_s1/108397055/ccs,0,24,2,15,199,CAA_interrupted,60
Control_11,m84137_260214_004236_s1/124979570/ccs,0,24,2,15,199,CAA_interrupted,60
Control_11,m84137_260214_004236_s1/125241740/ccs,0,24,2,15,199,CAA_interrupted,60
Control_11,m84137_260214_004236_s1/129172193/ccs,0,24,2,15,199,CAA_interrupted,60
Control_11,m84137_260214_004236_s1/104596456/ccs,0,24,2,15,199,CAA_interrupted,60
Control_11,m84137_260214_004236_s1/121438657/ccs,0,24,2,15,199,CAA_interrupted,60
Control_11,m84137_260214_004236_s1/130023805/ccs,0,24,2,15,199,CAA_interrupted,60
Control_11,m84137_260214_004236_s1/252188174/ccs,0,24,2,15,199,CAA_interrupted,60
Control_11,m84137_260214_004236_s1/183177440/ccs,0,24,2,15,199,CAA_interrupted,60
Control_11,m84137_260214_004236_s1/206837380/ccs,0,24,2,15,199,CAA_interrupted,60
Control_11,m84137_260214_004236_s1/206771740/ccs,0,24,2,15,199,CAA_interrupted,60
Control_11,m84137_260214_004236_s1/227478767/ccs,0,24,2,15,199,CAA_interrupted,60
Control_11,m84137_260214_004236_s1/235083170/ccs,0,24,2,15,199,CAA_interrupted,60
Control_11,m84137_260214_004236_s1/228333116/ccs,0,24,2,15,199,CAA_interrupted,60
Control_11,m84137_260214_004236_s1/254482118/ccs,0,24,2,15,199,CAA_interrupted,60
Control_11,m84137_260214_004236_s1/232722207/ccs,0,24,2,15,199,CAA_interrupted,60
Control_11,m84137_260214_004236_s1/242814283/ccs,0,24,2,15,199,CAA_interrupted,60
Control_11,m84137_260214_004236_s1/213980062/ccs,0,24,2,15,199,CAA_interrupted,60
Control_11,m84137_260214_004236_s1/233640669/ccs,0,24,2,15,199,CAA_interrupted,60
Control_11,m84137_260214_004236_s1/234493589/ccs,0,24,2,15,199,CAA_interrupted,60
Control_11,m84137_260214_004236_s1/244649504/ccs,0,24,2,15,199,CAA_interrupted,60
Control_11,m84137_260214_004236_s1/217519124/ccs,0,24,2,15,199,CAA_interrupted,60
Control_11,m84137_260214_004236_s1/261623428/ccs,0,24,2,15,199,CAA_interrupted,60
Control_11,m84137_260214_004236_s1/261690836/ccs,0,24,2,15,199,CAA_interrupted,60
Control_11,m84137_260214_004236_s1/264836905/ccs,0,24,2,15,199,CAA_interrupted,60
Control_11,m84137_260214_004236_s1/265162760/ccs,0,24,2,15,199,CAA_interrupted,60
Control_11,m84137_260214_004236_s1/266145542/ccs,0,24,2,15,199,CAA_interrupted,60
Control_11,m84137_260214_004236_s1/56688788/ccs,0,24,2,15,199,CAA_interrupted,60
Control_11,m84137_260214_004236_s1/74384054/ccs,0,24,2,15,199,CAA_interrupted,60
Control_11,m84137_260214_004236_s1/85001635/ccs,0,24,2,15,199,CAA_interrupted,60
Control_11,m84137_260214_004236_s1/113705026/ccs,0,24,2,15,199,CAA_interrupted,60
Control_11,m84137_260214_004236_s1/152372110/ccs,0,24,2,15,199,CAA_interrupted,60
Control_11,m84137_260214_004236_s1/136643184/ccs,0,24,2,15,199,CAA_interrupted,60
Control_11,m84137_260214_004236_s1/163054456/ccs,0,24,2,15,199,CAA_interrupted,60
Control_11,m84137_260214_004236_s1/169083583/ccs,0,24,2,15,199,CAA_interrupted,60
Control_11,m84137_260214_004236_s1/167510968/ccs,0,24,2,15,199,CAA_interrupted,60
Control_11,m84137_260214_004236_s1/176097633/ccs,0,24,2,15,199,CAA_interrupted,60
Control_11,m84137_260214_004236_s1/179372356/ccs,0,24,2,15,199,CAA_interrupted,60
Control_11,m84137_260214_004236_s1/193071131/ccs,0,24,2,15,199,CAA_interrupted,60
Control_11,m84137_260214_004236_s1/193464775/ccs,0,24,2,15,199,CAA_interrupted,60
Control_11,m84137_260214_004236_s1/224724060/ccs,0,24,2,15,199,CAA_interrupted,60
Control_11,m84137_260214_004236_s1/209388676/ccs,0,24,2,15,199,CAA_interrupted,60
Control_11,m84137_260214_004236_s1/241566332/ccs,0,24,2,15,199,CAA_interrupted,60
Control_11,m84137_260214_004236_s1/237175684/ccs,0,24,2,15,199,CAA_interrupted,60
Control_11,m84137_260214_004236_s1/239077080/ccs,0,24,2,15,199,CAA_interrupted,60
Control_11,m84137_260214_004236_s1/265094145/ccs,0,24,2,15,199,CAA_interrupted,60
Control_11,m84137_260214_004236_s1/18812639/ccs,0,24,2,15,199,CAA_interrupted,60
Control_11,m84137_260214_004236_s1/19992217/ccs,0,24,2,15,199,CAA_interrupted,60
Control_11,m84137_260214_004236_s1/7541189/ccs,0,24,2,15,199,CAA_interrupted,60
Control_11,m84137_260214_004236_s1/54006640/ccs,0,24,2,15,199,CAA_interrupted,60
Control_11,m84137_260214_004236_s1/15734113/ccs,0,24,2,15,199,CAA_interrupted,60
Control_11,m84137_260214_004236_s1/63836458/ccs,0,24,2,15,199,CAA_interrupted,60
Control_11,m84137_260214_004236_s1/93589980/ccs,0,24,2,15,199,CAA_interrupted,60
Control_11,m84137_260214_004236_s1/132781493/ccs,0,24,2,15,199,CAA_interrupted,60
Control_11,m84137_260214_004236_s1/132780855/ccs,0,24,2,15,199,CAA_interrupted,60
Control_11,m84137_260214_004236_s1/192418038/ccs,0,24,2,15,199,CAA_interrupted,60
Control_11,m84137_260214_004236_s1/178913621/ccs,0,24,2,15,199,CAA_interrupted,60
Control_11,m84137_260214_004236_s1/199164772/ccs,0,24,2,15,199,CAA_interrupted,60
Control_11,m84137_260214_004236_s1/202115546/ccs,0,24,2,15,199,CAA_interrupted,60
Control_11,m84137_260214_004236_s1/202244548/ccs,0,24,2,15,199,CAA_interrupted,60
Control_11,m84137_260214_004236_s1/181405251/ccs,0,24,2,15,199,CAA_interrupted,60
Control_11,m84137_260214_004236_s1/207750554/ccs,0,24,2,15,199,CAA_interrupted,60
Control_11,m84137_260214_004236_s1/200608497/ccs,0,24,2,15,199,CAA_interrupted,60
Control_11,m84137_260214_004236_s1/221643430/ccs,0,24,2,15,199,CAA_interrupted,60
Control_11,m84137_260214_004236_s1/204145347/ccs,0,24,2,15,199,CAA_interrupted,60
Control_11,m84137_260214_004236_s1/183633109/ccs,0,24,2,15,199,CAA_interrupted,60
Control_11,m84137_260214_004236_s1/209258432/ccs,0,24,2,15,199,CAA_interrupted,60
Control_11,m84137_260214_004236_s1/204210396/ccs,0,24,2,15,199,CAA_interrupted,60
Control_11,m84137_260214_004236_s1/209454783/ccs,0,24,2,15,199,CAA_interrupted,60
Control_11,m84137_260214_004236_s1/209585718/ccs,0,24,2,15,199,CAA_interrupted,60
Control_11,m84137_260214_004236_s1/222693740/ccs,0,24,2,15,199,CAA_interrupted,60
Control_11,m84137_260214_004236_s1/225905077/ccs,0,24,2,15,199,CAA_interrupted,60
Control_11,m84137_260214_004236_s1/223085036/ccs,0,24,2,15,199,CAA_interrupted,60
Control_11,m84137_260214_004236_s1/226625417/ccs,0,24,2,15,199,CAA_interrupted,60
Control_11,m84137_260214_004236_s1/212862570/ccs,0,24,2,15,199,CAA_interrupted,60
Control_11,m84137_260214_004236_s1/205456560/ccs,0,24,2,15,199,CAA_interrupted,60
Control_11,m84137_260214_004236_s1/251855899/ccs,0,24,2,15,199,CAA_interrupted,60
Control_11,m84137_260214_004236_s1/230883748/ccs,0,24,2,15,199,CAA_interrupted,60
Control_11,m84137_260214_004236_s1/213191573/ccs,0,24,2,15,199,CAA_interrupted,60
Control_11,m84137_260214_004236_s1/211747932/ccs,0,24,2,15,199,CAA_interrupted,60
Control_11,m84137_260214_004236_s1/211944308/ccs,0,24,2,15,199,CAA_interrupted,60
Control_11,m84137_260214_004236_s1/252445578/ccs,0,24,2,15,199,CAA_interrupted,60
Control_11,m84137_260214_004236_s1/235209877/ccs,0,24,2,15,199,CAA_interrupted,60
Control_11,m84137_260214_004236_s1/232785064/ccs,0,24,2,15,199,CAA_interrupted,60
Control_11,m84137_260214_004236_s1/232720813/ccs,0,24,2,15,199,CAA_interrupted,60
Control_11,m84137_260214_004236_s1/214894453/ccs,0,24,2,15,199,CAA_interrupted,60
Control_11,m84137_260214_004236_s1/255003519/ccs,0,24,2,15,199,CAA_interrupted,60
Control_11,m84137_260214_004236_s1/236914212/ccs,0,24,2,15,199,CAA_interrupted,60
Control_11,m84137_260214_004236_s1/236980363/ccs,0,24,2,15,199,CAA_interrupted,60
Control_11,m84137_260214_004236_s1/255656436/ccs,0,24,2,15,199,CAA_interrupted,60
Control_11,m84137_260214_004236_s1/216860711/ccs,0,24,2,15,199,CAA_interrupted,60
Control_11,m84137_260214_004236_s1/237634799/ccs,0,24,2,15,199,CAA_interrupted,60
Control_11,m84137_260214_004236_s1/255985815/ccs,0,24,2,15,199,CAA_interrupted,60
Control_11,m84137_260214_004236_s1/243075077/ccs,0,24,2,15,199,CAA_interrupted,60
Control_11,m84137_260214_004236_s1/243597711/ccs,0,24,2,15,199,CAA_interrupted,60
Control_11,m84137_260214_004236_s1/16912836/ccs,0,24,2,15,199,CAA_interrupted,60
Control_11,m84137_260214_004236_s1/246942192/ccs,0,24,2,15,199,CAA_interrupted,60
Control_11,m84137_260214_004236_s1/247138302/ccs,0,24,2,15,199,CAA_interrupted,60
Control_11,m84137_260214_004236_s1/247988561/ccs,0,24,2,15,199,CAA_interrupted,60
Control_11,m84137_260214_004236_s1/245629294/ccs,0,24,2,15,199,CAA_interrupted,60
Control_11,m84137_260214_004236_s1/19207515/ccs,0,24,2,15,199,CAA_interrupted,60
Control_11,m84137_260214_004236_s1/248776119/ccs,0,24,2,15,199,CAA_interrupted,60
Control_11,m84137_260214_004236_s1/23531197/ccs,0,24,2,15,199,CAA_interrupted,60
Control_11,m84137_260214_004236_s1/19992534/ccs,0,24,2,15,199,CAA_interrupted,60
Control_11,m84137_260214_004236_s1/3738928/ccs,0,24,2,15,199,CAA_interrupted,60
Control_11,m84137_260214_004236_s1/7737297/ccs,0,24,2,15,199,CAA_interrupted,60
Control_11,m84137_260214_004236_s1/25630250/ccs,0,24,2,15,199,CAA_interrupted,60
Control_11,m84137_260214_004236_s1/251005428/ccs,0,24,2,15,199,CAA_interrupted,60
Control_11,m84137_260214_004236_s1/30150190/ccs,0,24,2,15,199,CAA_interrupted,60
Control_11,m84137_260214_004236_s1/30412144/ccs,0,24,2,15,199,CAA_interrupted,60
Control_11,m84137_260214_004236_s1/11604632/ccs,0,24,2,15,199,CAA_interrupted,60
Control_11,m84137_260214_004236_s1/11604060/ccs,0,24,2,15,199,CAA_interrupted,60
Control_11,m84137_260214_004236_s1/30478079/ccs,0,24,2,15,199,CAA_interrupted,60
Control_11,m84137_260214_004236_s1/56234955/ccs,0,24,2,15,199,CAA_interrupted,60
Control_11,m84137_260214_004236_s1/13372678/ccs,0,24,2,15,199,CAA_interrupted,60
Control_11,m84137_260214_004236_s1/39718689/ccs,0,24,2,15,199,CAA_interrupted,60
Control_11,m84137_260214_004236_s1/38147341/ccs,0,24,2,15,199,CAA_interrupted,60
Control_11,m84137_260214_004236_s1/38736770/ccs,0,24,2,15,199,CAA_interrupted,60
Control_11,m84137_260214_004236_s1/61541792/ccs,0,24,2,15,199,CAA_interrupted,60
Control_11,m84137_260214_004236_s1/14095119/ccs,0,24,2,15,199,CAA_interrupted,60
Control_11,m84137_260214_004236_s1/62002307/ccs,0,24,2,15,199,CAA_interrupted,60
Control_11,m84137_260214_004236_s1/42014232/ccs,0,24,2,15,199,CAA_interrupted,60
Control_11,m84137_260214_004236_s1/55775551/ccs,0,24,2,15,199,CAA_interrupted,60
Control_11,m84137_260214_004236_s1/58790039/ccs,0,24,2,15,199,CAA_interrupted,60
Control_11,m84137_260214_004236_s1/15798860/ccs,0,24,2,15,199,CAA_interrupted,60
Control_11,m84137_260214_004236_s1/59378778/ccs,0,24,2,15,199,CAA_interrupted,60
Control_11,m84137_260214_004236_s1/63442183/ccs,0,24,2,15,199,CAA_interrupted,60
Control_11,m84137_260214_004236_s1/68293768/ccs,0,24,2,15,199,CAA_interrupted,60
Control_11,m84137_260214_004236_s1/16389778/ccs,0,24,2,15,199,CAA_interrupted,60
Control_11,m84137_260214_004236_s1/84743945/ccs,0,24,2,15,199,CAA_interrupted,60
Control_11,m84137_260214_004236_s1/44764713/ccs,0,24,2,15,199,CAA_interrupted,60
Control_11,m84137_260214_004236_s1/65212439/ccs,0,24,2,15,199,CAA_interrupted,60
Control_11,m84137_260214_004236_s1/46602114/ccs,0,24,2,15,199,CAA_interrupted,60
Control_11,m84137_260214_004236_s1/74192476/ccs,0,24,2,15,199,CAA_interrupted,60
Control_11,m84137_260214_004236_s1/47255819/ccs,0,24,2,15,199,CAA_interrupted,60
Control_11,m84137_260214_004236_s1/87887197/ccs,0,24,2,15,199,CAA_interrupted,60
Control_11,m84137_260214_004236_s1/75238928/ccs,0,24,2,15,199,CAA_interrupted,60
Control_11,m84137_260214_004236_s1/101452908/ccs,0,24,2,15,199,CAA_interrupted,60
Control_11,m84137_260214_004236_s1/117970520/ccs,0,24,2,15,199,CAA_interrupted,60
Control_11,m84137_260214_004236_s1/49812261/ccs,0,24,2,15,199,CAA_interrupted,60
Control_11,m84137_260214_004236_s1/98243860/ccs,0,24,2,15,199,CAA_interrupted,60
Control_11,m84137_260214_004236_s1/98244241/ccs,0,24,2,15,199,CAA_interrupted,60
Control_11,m84137_260214_004236_s1/94181206/ccs,0,24,2,15,199,CAA_interrupted,60
Control_11,m84137_260214_004236_s1/106303461/ccs,0,24,2,15,199,CAA_interrupted,60
Control_11,m84137_260214_004236_s1/79435564/ccs,0,24,2,15,199,CAA_interrupted,60
Control_11,m84137_260214_004236_s1/123145908/ccs,0,24,2,15,199,CAA_interrupted,60
Control_11,m84137_260214_004236_s1/80546870/ccs,0,24,2,15,199,CAA_interrupted,60
Control_11,m84137_260214_004236_s1/108335319/ccs,0,24,2,15,199,CAA_interrupted,60
Control_11,m84137_260214_004236_s1/122491240/ccs,0,24,2,15,199,CAA_interrupted,60
Control_11,m84137_260214_004236_s1/109513792/ccs,0,24,2,15,199,CAA_interrupted,60
Control_11,m84137_260214_004236_s1/134286809/ccs,0,24,2,15,199,CAA_interrupted,60
Control_11,m84137_260214_004236_s1/83103728/ccs,0,24,2,15,199,CAA_interrupted,60
Control_11,m84137_260214_004236_s1/151522470/ccs,0,24,2,15,199,CAA_interrupted,60
Control_11,m84137_260214_004236_s1/151522847/ccs,0,24,2,15,199,CAA_interrupted,60
Control_11,m84137_260214_004236_s1/202509983/ccs,0,24,2,15,199,CAA_interrupted,60
Control_11,m84137_260214_004236_s1/204607935/ccs,0,24,2,15,199,CAA_interrupted,60
Control_11,m84137_260214_004236_s1/263000649/ccs,0,24,2,15,199,CAA_interrupted,60
Control_11,m84137_260214_004236_s1/261951826/ccs,0,24,2,15,199,CAA_interrupted,60
Control_11,m84137_260214_004236_s1/265948670/ccs,0,24,2,15,199,CAA_interrupted,60
Control_11,m84137_260214_004236_s1/94176752/ccs,0,24,2,15,199,CAA_interrupted,60
Control_11,m84137_260214_004236_s1/183962343/ccs,0,24,2,15,199,CAA_interrupted,60
Control_11,m84137_260214_004236_s1/56953631/ccs,0,24,2,15,199,CAA_interrupted,60
Control_11,m84137_260214_004236_s1/35849878/ccs,0,24,2,14,199,CAA_interrupted,60
Control_11,m84137_260214_004236_s1/62392358/ccs,0,24,2,15,199,CAA_interrupted,60
Control_11,m84137_260214_004236_s1/181405077/ccs,0,24,2,15,199,CAA_interrupted,60
Control_11,m84137_260214_004236_s1/40310167/ccs,0,24,2,15,199,CAA_interrupted,60
Control_11,m84137_260214_004236_s1/71569058/ccs,0,24,2,15,199,CAA_interrupted,60
Control_11,m84137_260214_004236_s1/57082177/ccs,0,24,2,15,199,CAA_interrupted,60
Control_11,m84137_260214_004236_s1/40568804/ccs,0,24,2,15,199,CAA_interrupted,60
Control_11,m84137_260214_004236_s1/78124407/ccs,0,24,2,15,199,CAA_interrupted,60
Control_11,m84137_260214_004236_s1/200607149/ccs,0,24,2,15,199,CAA_interrupted,60
Control_11,m84137_260214_004236_s1/7667817/ccs,0,24,2,15,199,CAA_interrupted,60
Control_11,m84137_260214_004236_s1/41747110/ccs,0,24,2,15,199,CAA_interrupted,60
Control_11,m84137_260214_004236_s1/167382441/ccs,0,24,2,15,199,CAA_interrupted,60
Control_11,m84137_260214_004236_s1/137102501/ccs,0,24,2,15,199,CAA_interrupted,60
Control_11,m84137_260214_004236_s1/162661489/ccs,0,24,2,15,199,CAA_interrupted,60
Control_11,m84137_260214_004236_s1/54005553/ccs,0,24,2,15,199,CAA_interrupted,60
Control_11,m84137_260214_004236_s1/43779613/ccs,0,24,2,15,199,CAA_interrupted,60
Control_11,m84137_260214_004236_s1/3411688/ccs,0,24,2,15,199,CAA_interrupted,60
Control_11,m84137_260214_004236_s1/69603861/ccs,0,24,2,15,199,CAA_interrupted,60
Control_11,m84137_260214_004236_s1/225118929/ccs,0,24,2,15,199,CAA_interrupted,60
Control_11,m84137_260214_004236_s1/112069329/ccs,0,24,2,15,199,CAA_interrupted,60
Control_11,m84137_260214_004236_s1/245567752/ccs,0,24,2,15,199,CAA_interrupted,60
Control_11,m84137_260214_004236_s1/96078985/ccs,0,24,2,15,199,CAA_interrupted,60
Control_11,m84137_260214_004236_s1/191758945/ccs,0,24,2,15,199,CAA_interrupted,60
Control_11,m84137_260214_004236_s1/260770914/ccs,0,24,2,15,200,CAA_interrupted,60
Control_11,m84137_260214_004236_s1/145360456/ccs,0,24,2,15,200,CAA_interrupted,60
Control_11,m84137_260214_004236_s1/165282657/ccs,0,24,2,15,200,CAA_interrupted,60
Control_11,m84137_260214_004236_s1/70979261/ccs,0,24,2,15,200,CAA_interrupted,60
Control_11,m84137_260214_004236_s1/6687075/ccs,0,24,2,15,200,CAA_interrupted,60
Control_11,m84137_260214_004236_s1/95816901/ccs,0,24,2,15,200,CAA_interrupted,60
Control_11,m84137_260214_004236_s1/199297445/ccs,0,24,2,15,200,CAA_interrupted,60
Control_11,m84137_260214_004236_s1/38469726/ccs,0,23,3,15,200,CAA_interrupted,60
Control_11,m84137_260214_004236_s1/234357135/ccs,0,24,2,15,200,CAA_interrupted,60
Control_11,m84137_260214_004236_s1/32969640/ccs,0,24,2,15,200,CAA_interrupted,60
Control_11,m84137_260214_004236_s1/93848966/ccs,1,24,2,15,200,CAA_interrupted,60
Control_11,m84137_260214_004236_s1/193531898/ccs,0,24,2,15,200,CAA_interrupted,60
Control_11,m84137_260214_004236_s1/49415807/ccs,0,24,2,15,200,CAA_interrupted,60
Control_11,m84137_260214_004236_s1/132972817/ccs,0,24,2,15,200,CAA_interrupted,60
Control_11,m84137_260214_004236_s1/169806217/ccs,0,24,2,15,200,CAA_interrupted,60
Control_11,m84137_260214_004236_s1/188678707/ccs,0,24,2,15,200,CAA_interrupted,60
Control_11,m84137_260214_004236_s1/55185398/ccs,0,24,2,15,201,CAA_interrupted,60
Control_11,m84137_260214_004236_s1/112461128/ccs,0,24,2,15,201,CAA_interrupted,60
Control_11,m84137_260214_004236_s1/229443484/ccs,0,24,2,15,201,CAA_interrupted,60
Control_11,m84137_260214_004236_s1/28510127/ccs,0,24,2,15,201,CAA_interrupted,60
Control_11,m84137_260214_004236_s1/37683310/ccs,0,24,2,15,201,CAA_interrupted,60
Control_11,m84137_260214_004236_s1/70192232/ccs,1,24,2,15,201,CAA_interrupted,60
Control_11,m84137_260214_004236_s1/105779087/ccs,0,24,2,15,201,CAA_interrupted,60
Control_11,m84137_260214_004236_s1/81200477/ccs,0,24,2,15,201,CAA_interrupted,60
Control_11,m84137_260214_004236_s1/262866778/ccs,0,24,2,15,201,CAA_interrupted,60
Control_11,m84137_260214_004236_s1/64356709/ccs,1,26,2,13,202,CAA_interrupted,60
Control_11,m84137_260214_004236_s1/31589798/ccs,0,24,2,16,202,CAA_interrupted,60
Control_11,m84137_260214_004236_s1/133041889/ccs,0,24,2,16,202,CAA_interrupted,60
Control_11,m84137_260214_004236_s1/54201088/ccs,1,25,2,15,202,CAA_interrupted,60
Control_11,m84137_260214_004236_s1/4915602/ccs,0,24,2,16,202,CAA_interrupted,60
Control_11,m84137_260214_004236_s1/62723428/ccs,0,25,2,15,202,CAA_interrupted,60
Control_11,m84137_260214_004236_s1/100533875/ccs,1,25,2,15,202,CAA_interrupted,60
Control_11,m84137_260214_004236_s1/128976795/ccs,1,26,2,14,202,CAA_interrupted,60
Control_11,m84137_260214_004236_s1/76285095/ccs,1,26,2,14,202,CAA_interrupted,60
Control_11,m84137_260214_004236_s1/76612688/ccs,1,25,2,15,202,CAA_interrupted,60
Control_11,m84137_260214_004236_s1/39389542/ccs,1,25,2,15,202,CAA_interrupted,60
Control_11,m84137_260214_004236_s1/51710632/ccs,0,24,2,16,202,CAA_interrupted,60
Control_11,m84137_260214_004236_s1/89785619/ccs,0,25,2,15,202,CAA_interrupted,60
Control_11,m84137_260214_004236_s1/168495131/ccs,1,26,2,14,202,CAA_interrupted,60
Control_11,m84137_260214_004236_s1/190317594/ccs,0,25,2,15,202,CAA_interrupted,60
Control_11,m84137_260214_004236_s1/130547866/ccs,1,25,2,15,202,CAA_interrupted,60
Control_11,m84137_260214_004236_s1/135071386/ccs,0,25,2,15,202,CAA_interrupted,60
Control_11,m84137_260214_004236_s1/152961636/ccs,0,24,2,15,202,CAA_interrupted,60
Control_11,m84137_260214_004236_s1/136776502/ccs,0,25,2,15,202,CAA_interrupted,60
Control_11,m84137_260214_004236_s1/158731048/ccs,0,24,2,16,202,CAA_interrupted,60
Control_11,m84137_260214_004236_s1/145950307/ccs,1,25,2,15,202,CAA_interrupted,60
Control_11,m84137_260214_004236_s1/146079907/ccs,0,25,2,15,202,CAA_interrupted,60
Control_11,m84137_260214_004236_s1/147062875/ccs,1,26,2,14,202,CAA_interrupted,60
Control_11,m84137_260214_004236_s1/216532768/ccs,1,25,2,15,202,CAA_interrupted,60
Control_11,m84137_260214_004236_s1/217778608/ccs,0,25,2,15,202,CAA_interrupted,60
Control_11,m84137_260214_004236_s1/179242218/ccs,1,25,2,15,202,CAA_interrupted,60
Control_11,m84137_260214_004236_s1/178455869/ccs,0,25,2,15,202,CAA_interrupted,60
Control_11,m84137_260214_004236_s1/181600938/ccs,0,25,2,15,202,CAA_interrupted,60
Control_11,m84137_260214_004236_s1/200279618/ccs,0,24,2,16,202,CAA_interrupted,60
Control_11,m84137_260214_004236_s1/214829752/ccs,0,25,2,15,202,CAA_interrupted,60
Control_11,m84137_260214_004236_s1/219747945/ccs,1,25,2,15,202,CAA_interrupted,60
Control_11,m84137_260214_004236_s1/198512006/ccs,0,25,2,15,202,CAA_interrupted,60
Control_11,m84137_260214_004236_s1/266275461/ccs,0,25,2,15,202,CAA_interrupted,60
Control_11,m84137_260214_004236_s1/72486290/ccs,1,25,2,15,202,CAA_interrupted,60
Control_11,m84137_260214_004236_s1/49155988/ccs,1,25,2,15,202,CAA_interrupted,60
Control_11,m84137_260214_004236_s1/111217744/ccs,0,25,2,15,202,CAA_interrupted,60
Control_11,m84137_260214_004236_s1/22156213/ccs,0,25,2,15,202,CAA_interrupted,60
Control_11,m84137_260214_004236_s1/33165646/ccs,0,24,2,16,202,CAA_interrupted,60
Control_11,m84137_260214_004236_s1/40636815/ccs,0,25,2,15,202,CAA_interrupted,60
Control_11,m84137_260214_004236_s1/166268655/ccs,0,25,2,15,202,CAA_interrupted,60
Control_11,m84137_260214_004236_s1/238097909/ccs,1,25,2,15,202,CAA_interrupted,60
Control_11,m84137_260214_004236_s1/116129882/ccs,0,24,2,16,202,CAA_interrupted,60
Control_11,m84137_260214_004236_s1/149094907/ccs,0,25,2,15,202,CAA_interrupted,60
Control_11,m84137_260214_004236_s1/142019600/ccs,1,26,2,14,202,CAA_interrupted,60
Control_11,m84137_260214_004236_s1/196023247/ccs,1,25,2,15,202,CAA_interrupted,60
Control_11,m84137_260214_004236_s1/242226722/ccs,1,25,2,15,202,CAA_interrupted,60
Control_11,m84137_260214_004236_s1/225379191/ccs,1,25,2,15,202,CAA_interrupted,60
Control_11,m84137_260214_004236_s1/238094778/ccs,1,26,2,12,202,CAA_interrupted,60
Control_11,m84137_260214_004236_s1/47124917/ccs,1,26,2,14,202,CAA_interrupted,60
Control_11,m84137_260214_004236_s1/89654158/ccs,0,25,2,15,202,CAA_interrupted,60
Control_11,m84137_260214_004236_s1/222759440/ccs,0,25,2,15,202,CAA_interrupted,60
Control_11,m84137_260214_004236_s1/82576624/ccs,0,25,2,15,202,CAA_interrupted,60
Control_11,m84137_260214_004236_s1/261685637/ccs,0,25,2,15,202,CAA_interrupted,60
Control_11,m84137_260214_004236_s1/37618894/ccs,0,25,2,15,202,CAA_interrupted,60
Control_11,m84137_260214_004236_s1/97913626/ccs,0,25,2,15,202,CAA_interrupted,60
Control_11,m84137_260214_004236_s1/68685904/ccs,0,25,2,15,202,CAA_interrupted,60
Control_11,m84137_260214_004236_s1/259591130/ccs,0,25,2,15,202,CAA_interrupted,60
Control_11,m84137_260214_004236_s1/249630234/ccs,1,25,2,15,202,CAA_interrupted,60
Control_11,m84137_260214_004236_s1/20515556/ccs,1,25,2,15,202,CAA_interrupted,60
Control_11,m84137_260214_004236_s1/93128914/ccs,1,25,2,15,202,CAA_interrupted,60
Control_11,m84137_260214_004236_s1/198050965/ccs,1,26,2,14,202,CAA_interrupted,60
Control_11,m84137_260214_004236_s1/23336474/ccs,1,25,2,15,202,CAA_interrupted,60
Control_11,m84137_260214_004236_s1/98897737/ccs,1,25,2,15,202,CAA_interrupted,60
Control_11,m84137_260214_004236_s1/108139338/ccs,1,26,2,14,202,CAA_interrupted,60
Control_11,m84137_260214_004236_s1/124388087/ccs,1,26,2,14,202,CAA_interrupted,60
Control_11,m84137_260214_004236_s1/151848170/ccs,1,26,2,14,202,CAA_interrupted,60
Control_11,m84137_260214_004236_s1/144966249/ccs,1,25,2,15,202,CAA_interrupted,60
Control_11,m84137_260214_004236_s1/10881184/ccs,0,24,2,16,202,CAA_interrupted,60
Control_11,m84137_260214_004236_s1/50529978/ccs,0,25,2,15,202,CAA_interrupted,60
Control_11,m84137_260214_004236_s1/82314279/ccs,0,25,2,15,202,CAA_interrupted,60
Control_11,m84137_260214_004236_s1/131729591/ccs,0,25,2,15,202,CAA_interrupted,60
Control_11,m84137_260214_004236_s1/205129824/ccs,0,25,2,15,202,CAA_interrupted,60
Control_11,m84137_260214_004236_s1/215155177/ccs,0,24,2,16,202,CAA_interrupted,60
Control_11,m84137_260214_004236_s1/9768116/ccs,0,25,2,15,202,CAA_interrupted,60
Control_11,m84137_260214_004236_s1/36245871/ccs,0,24,2,16,202,CAA_interrupted,60
Control_11,m84137_260214_004236_s1/90312886/ccs,0,25,2,15,202,CAA_interrupted,60
Control_11,m84137_260214_004236_s1/134614243/ccs,0,25,2,15,202,CAA_interrupted,60
Control_11,m84137_260214_004236_s1/164302252/ccs,0,25,2,15,202,CAA_interrupted,60
Control_11,m84137_260214_004236_s1/146609755/ccs,0,25,2,15,202,CAA_interrupted,60
Control_11,m84137_260214_004236_s1/148116892/ccs,0,25,2,15,202,CAA_interrupted,60
Control_11,m84137_260214_004236_s1/205786125/ccs,0,25,2,15,202,CAA_interrupted,60
Control_11,m84137_260214_004236_s1/80806290/ccs,0,25,2,15,202,CAA_interrupted,60
Control_11,m84137_260214_004236_s1/157286493/ccs,0,25,2,15,202,CAA_interrupted,60
Control_11,m84137_260214_004236_s1/143327950/ccs,0,25,2,15,202,CAA_interrupted,60
Control_11,m84137_260214_004236_s1/188812882/ccs,0,24,2,16,202,CAA_interrupted,60
Control_11,m84137_260214_004236_s1/99812759/ccs,1,25,2,15,202,CAA_interrupted,60
Control_11,m84137_260214_004236_s1/149291227/ccs,1,26,2,14,202,CAA_interrupted,60
Control_11,m84137_260214_004236_s1/175574622/ccs,1,25,2,15,202,CAA_interrupted,60
Control_11,m84137_260214_004236_s1/60689156/ccs,1,25,2,15,202,CAA_interrupted,60
Control_11,m84137_260214_004236_s1/140248955/ccs,1,25,2,15,202,CAA_interrupted,60
Control_11,m84137_260214_004236_s1/149618824/ccs,1,25,2,15,202,CAA_interrupted,60
Control_11,m84137_260214_004236_s1/224002828/ccs,1,25,2,15,202,CAA_interrupted,60
Control_11,m84137_260214_004236_s1/203228475/ccs,1,25,2,15,202,CAA_interrupted,60
Control_11,m84137_260214_004236_s1/51909093/ccs,1,25,2,15,202,CAA_interrupted,60
Control_11,m84137_260214_004236_s1/163058393/ccs,1,25,2,15,202,CAA_interrupted,60
Control_11,m84137_260214_004236_s1/176230593/ccs,1,26,2,14,202,CAA_interrupted,60
Control_11,m84137_260214_004236_s1/138742878/ccs,1,25,2,15,202,CAA_interrupted,60
Control_11,m84137_260214_004236_s1/218366765/ccs,1,26,2,14,202,CAA_interrupted,60
Control_11,m84137_260214_004236_s1/257753562/ccs,0,25,2,15,202,CAA_interrupted,60
Control_11,m84137_260214_004236_s1/7340164/ccs,0,25,2,15,202,CAA_interrupted,60
Control_11,m84137_260214_004236_s1/23203780/ccs,0,24,2,16,202,CAA_interrupted,60
Control_11,m84137_260214_004236_s1/248581486/ccs,0,25,2,15,202,CAA_interrupted,60
Control_11,m84137_260214_004236_s1/132186718/ccs,0,24,2,16,202,CAA_interrupted,60
Control_11,m84137_260214_004236_s1/243401227/ccs,0,24,2,16,202,CAA_interrupted,60
Control_11,m84137_260214_004236_s1/203036423/ccs,0,25,2,15,202,CAA_interrupted,60
Control_11,m84137_260214_004236_s1/17432876/ccs,0,25,2,15,202,CAA_interrupted,60
Control_11,m84137_260214_004236_s1/58197695/ccs,0,25,2,15,202,CAA_interrupted,60
Control_11,m84137_260214_004236_s1/67700552/ccs,0,25,2,15,202,CAA_interrupted,60
Control_11,m84137_260214_004236_s1/85132727/ccs,0,24,2,16,202,CAA_interrupted,60
Control_11,m84137_260214_004236_s1/109053317/ccs,0,24,2,16,202,CAA_interrupted,60
Control_11,m84137_260214_004236_s1/163383888/ccs,0,25,2,15,202,CAA_interrupted,60
Control_11,m84137_260214_004236_s1/199950422/ccs,0,25,2,15,202,CAA_interrupted,60
Control_11,m84137_260214_004236_s1/207947122/ccs,0,24,2,16,202,CAA_interrupted,60
Control_11,m84137_260214_004236_s1/234029302/ccs,0,24,2,16,202,CAA_interrupted,60
Control_11,m84137_260214_004236_s1/239470491/ccs,0,25,2,15,202,CAA_interrupted,60
Control_11,m84137_260214_004236_s1/240320671/ccs,0,25,2,15,202,CAA_interrupted,60
Control_11,m84137_260214_004236_s1/143397336/ccs,0,25,2,15,202,CAA_interrupted,60
Control_11,m84137_260214_004236_s1/203429093/ccs,0,25,2,15,202,CAA_interrupted,60
Control_11,m84137_260214_004236_s1/205393613/ccs,0,25,2,15,202,CAA_interrupted,60
Control_11,m84137_260214_004236_s1/242291945/ccs,0,25,2,15,202,CAA_interrupted,60
Control_11,m84137_260214_004236_s1/185075857/ccs,0,25,2,15,202,CAA_interrupted,60
Control_11,m84137_260214_004236_s1/35000484/ccs,1,25,2,15,202,CAA_interrupted,60
Control_11,m84137_260214_004236_s1/69534767/ccs,0,25,2,15,202,CAA_interrupted,60
Control_11,m84137_260214_004236_s1/250873914/ccs,0,24,2,16,202,CAA_interrupted,60
Control_11,m84137_260214_004236_s1/122882819/ccs,1,25,2,14,203,CAA_interrupted,60
Control_11,m84137_260214_004236_s1/65733446/ccs,0,25,2,15,203,CAA_interrupted,60
Control_11,m84137_260214_004236_s1/129829654/ccs,1,25,2,15,203,CAA_interrupted,60
Control_11,m84137_260214_004236_s1/226891609/ccs,0,25,2,15,203,CAA_interrupted,60
Control_11,m84137_260214_004236_s1/108661769/ccs,0,25,2,14,203,CAA_interrupted,60
Control_11,m84137_260214_004236_s1/74583854/ccs,0,25,2,15,203,CAA_interrupted,60
Control_11,m84137_260214_004236_s1/213322062/ccs,0,24,2,16,203,CAA_interrupted,60
Control_11,m84137_260214_004236_s1/205587874/ccs,1,26,2,14,203,CAA_interrupted,60
Control_11,m84137_260214_004236_s1/112263401/ccs,0,25,2,14,204,CAA_interrupted,60
Control_11,m84137_260214_004236_s1/203428708/ccs,1,26,2,15,204,CAA_interrupted,60
Control_11,m84137_260214_004236_s1/80875135/ccs,0,23,4,15,204,CAA_interrupted,60
Control_11,m84137_260214_004236_s1/225119665/ccs,1,26,2,14,204,CAA_interrupted,60
Control_11,m84137_260214_004236_s1/21761402/ccs,1,26,2,15,204,CAA_interrupted,60
Control_11,m84137_260214_004236_s1/109122459/ccs,1,26,2,14,204,CAA_interrupted,60
Control_11,m84137_260214_004236_s1/222364392/ccs,1,26,2,15,205,CAA_interrupted,60
Control_11,m84137_260214_004236_s1/255068578/ccs,1,26,2,15,205,CAA_interrupted,60
Control_11,m84137_260214_004236_s1/36571584/ccs,1,26,2,15,205,CAA_interrupted,60
Control_11,m84137_260214_004236_s1/26218081/ccs,1,26,2,15,205,CAA_interrupted,60
Control_11,m84137_260214_004236_s1/245241344/ccs,1,26,2,15,205,CAA_interrupted,60
Control_11,m84137_260214_004236_s1/22806902/ccs,1,26,2,15,205,CAA_interrupted,60
Control_11,m84137_260214_004236_s1/44698790/ccs,0,26,2,15,205,CAA_interrupted,60
Control_11,m84137_260214_004236_s1/77334407/ccs,1,26,2,15,205,CAA_interrupted,60
Control_11,m84137_260214_004236_s1/267321856/ccs,1,26,2,15,205,CAA_interrupted,60
Control_11,m84137_260214_004236_s1/107284137/ccs,1,26,2,15,205,CAA_interrupted,60
Control_11,m84137_260214_004236_s1/111411390/ccs,1,26,2,15,205,CAA_interrupted,60
Control_11,m84137_260214_004236_s1/35133238/ccs,0,25,2,16,205,CAA_interrupted,60
Control_11,m84137_260214_004236_s1/51839187/ccs,1,26,2,15,205,CAA_interrupted,60
Control_11,m84137_260214_004236_s1/58394548/ccs,1,26,2,15,205,CAA_interrupted,60
Control_11,m84137_260214_004236_s1/52431356/ccs,1,26,2,15,205,CAA_interrupted,60
Control_11,m84137_260214_004236_s1/58919496/ccs,1,26,2,15,205,CAA_interrupted,60
Control_11,m84137_260214_004236_s1/37159069/ccs,1,26,2,15,205,CAA_interrupted,60
Control_11,m84137_260214_004236_s1/37617718/ccs,1,26,2,15,205,CAA_interrupted,60
Control_11,m84137_260214_004236_s1/59639291/ccs,1,26,2,15,205,CAA_interrupted,60
Control_11,m84137_260214_004236_s1/62786042/ccs,1,26,2,15,205,CAA_interrupted,60
Control_11,m84137_260214_004236_s1/42273199/ccs,1,26,2,15,205,CAA_interrupted,60
Control_11,m84137_260214_004236_s1/62980168/ccs,1,26,2,15,205,CAA_interrupted,60
Control_11,m84137_260214_004236_s1/53479295/ccs,1,26,2,15,205,CAA_interrupted,60
Control_11,m84137_260214_004236_s1/42797918/ccs,1,26,2,15,205,CAA_interrupted,60
Control_11,m84137_260214_004236_s1/60950838/ccs,1,26,2,15,205,CAA_interrupted,60
Control_11,m84137_260214_004236_s1/38930959/ccs,1,26,2,15,205,CAA_interrupted,60
Control_11,m84137_260214_004236_s1/47580697/ccs,1,26,2,15,205,CAA_interrupted,60
Control_11,m84137_260214_004236_s1/54461762/ccs,1,26,2,15,205,CAA_interrupted,60
Control_11,m84137_260214_004236_s1/28836769/ccs,1,26,2,15,205,CAA_interrupted,60
Control_11,m84137_260214_004236_s1/12452930/ccs,1,26,2,15,205,CAA_interrupted,60
Control_11,m84137_260214_004236_s1/7539373/ccs,1,26,2,15,205,CAA_interrupted,60
Control_11,m84137_260214_004236_s1/18875975/ccs,1,26,2,15,205,CAA_interrupted,60
Control_11,m84137_260214_004236_s1/24709222/ccs,1,26,2,15,205,CAA_interrupted,60
Control_11,m84137_260214_004236_s1/25822450/ccs,1,26,2,15,205,CAA_interrupted,60
Control_11,m84137_260214_004236_s1/26083460/ccs,1,26,2,15,205,CAA_interrupted,60
Control_11,m84137_260214_004236_s1/8850017/ccs,1,26,2,15,205,CAA_interrupted,60
Control_11,m84137_260214_004236_s1/14158536/ccs,1,26,2,15,205,CAA_interrupted,60
Control_11,m84137_260214_004236_s1/13960404/ccs,1,26,2,15,205,CAA_interrupted,60
Control_11,m84137_260214_004236_s1/14288731/ccs,1,26,2,15,205,CAA_interrupted,60
Control_11,m84137_260214_004236_s1/26872066/ccs,1,26,2,15,205,CAA_interrupted,60
Control_11,m84137_260214_004236_s1/33621142/ccs,1,26,2,15,205,CAA_interrupted,60
Control_11,m84137_260214_004236_s1/33621770/ccs,1,26,2,15,205,CAA_interrupted,60
Control_11,m84137_260214_004236_s1/57152212/ccs,1,26,2,15,205,CAA_interrupted,60
Control_11,m84137_260214_004236_s1/61478750/ccs,1,26,2,15,205,CAA_interrupted,60
Control_11,m84137_260214_004236_s1/41291701/ccs,1,26,2,15,205,CAA_interrupted,60
Control_11,m84137_260214_004236_s1/62000628/ccs,1,26,2,15,205,CAA_interrupted,60
Control_11,m84137_260214_004236_s1/14814529/ccs,1,26,2,15,205,CAA_interrupted,60
Control_11,m84137_260214_004236_s1/15077117/ccs,1,26,2,15,205,CAA_interrupted,60
Control_11,m84137_260214_004236_s1/15733677/ccs,1,26,2,15,205,CAA_interrupted,60
Control_11,m84137_260214_004236_s1/63377332/ccs,1,26,2,15,205,CAA_interrupted,60
Control_11,m84137_260214_004236_s1/63181537/ccs,1,26,2,15,205,CAA_interrupted,60
Control_11,m84137_260214_004236_s1/68555375/ccs,1,26,2,15,205,CAA_interrupted,60
Control_11,m84137_260214_004236_s1/16126170/ccs,1,26,2,15,205,CAA_interrupted,60
Control_11,m84137_260214_004236_s1/64229367/ccs,1,26,2,15,205,CAA_interrupted,60
Control_11,m84137_260214_004236_s1/16651807/ccs,1,26,2,15,205,CAA_interrupted,60
Control_11,m84137_260214_004236_s1/69669088/ccs,1,26,2,15,205,CAA_interrupted,60
Control_11,m84137_260214_004236_s1/45618311/ccs,1,26,2,15,205,CAA_interrupted,60
Control_11,m84137_260214_004236_s1/6230022/ccs,1,26,2,15,205,CAA_interrupted,60
Control_11,m84137_260214_004236_s1/118882770/ccs,1,26,2,15,205,CAA_interrupted,60
Control_11,m84137_260214_004236_s1/83494799/ccs,1,26,2,15,205,CAA_interrupted,60
Control_11,m84137_260214_004236_s1/100272282/ccs,1,26,2,15,205,CAA_interrupted,60
Control_11,m84137_260214_004236_s1/108527785/ccs,1,26,2,15,205,CAA_interrupted,60
Control_11,m84137_260214_004236_s1/104008634/ccs,1,26,2,15,205,CAA_interrupted,60
Control_11,m84137_260214_004236_s1/120588415/ccs,1,26,2,15,205,CAA_interrupted,60
Control_11,m84137_260214_004236_s1/129172874/ccs,1,26,2,15,205,CAA_interrupted,60
Control_11,m84137_260214_004236_s1/129368969/ccs,1,26,2,15,205,CAA_interrupted,60
Control_11,m84137_260214_004236_s1/104989142/ccs,1,26,2,15,205,CAA_interrupted,60
Control_11,m84137_260214_004236_s1/121571056/ccs,1,26,2,15,205,CAA_interrupted,60
Control_11,m84137_260214_004236_s1/105712171/ccs,1,26,2,15,205,CAA_interrupted,60
Control_11,m84137_260214_004236_s1/122094515/ccs,1,26,2,15,205,CAA_interrupted,60
Control_11,m84137_260214_004236_s1/79431738/ccs,1,26,2,15,205,CAA_interrupted,60
Control_11,m84137_260214_004236_s1/79888714/ccs,1,26,2,15,205,CAA_interrupted,60
Control_11,m84137_260214_004236_s1/76351363/ccs,1,26,2,15,205,CAA_interrupted,60
Control_11,m84137_260214_004236_s1/87622993/ccs,1,26,2,15,205,CAA_interrupted,60
Control_11,m84137_260214_004236_s1/76480642/ccs,1,26,2,15,205,CAA_interrupted,60
Control_11,m84137_260214_004236_s1/87820136/ccs,1,26,2,15,205,CAA_interrupted,60
Control_11,m84137_260214_004236_s1/80807319/ccs,1,26,2,15,205,CAA_interrupted,60
Control_11,m84137_260214_004236_s1/100927162/ccs,1,26,2,15,205,CAA_interrupted,60
Control_11,m84137_260214_004236_s1/77332930/ccs,1,26,2,15,205,CAA_interrupted,60
Control_11,m84137_260214_004236_s1/81658375/ccs,1,26,2,15,205,CAA_interrupted,60
Control_11,m84137_260214_004236_s1/123076892/ccs,1,26,2,15,205,CAA_interrupted,60
Control_11,m84137_260214_004236_s1/99027246/ccs,1,26,2,15,205,CAA_interrupted,60
Control_11,m84137_260214_004236_s1/82578261/ccs,1,26,2,15,205,CAA_interrupted,60
Control_11,m84137_260214_004236_s1/82706722/ccs,1,26,2,15,205,CAA_interrupted,60
Control_11,m84137_260214_004236_s1/21235757/ccs,1,26,2,15,205,CAA_interrupted,60
Control_11,m84137_260214_004236_s1/14747026/ccs,1,26,2,15,205,CAA_interrupted,60
Control_11,m84137_260214_004236_s1/27592299/ccs,1,26,2,15,205,CAA_interrupted,60
Control_11,m84137_260214_004236_s1/15401815/ccs,1,26,2,15,205,CAA_interrupted,60
Control_11,m84137_260214_004236_s1/34996737/ccs,1,26,2,15,205,CAA_interrupted,60
Control_11,m84137_260214_004236_s1/35128557/ccs,1,26,2,15,205,CAA_interrupted,60
Control_11,m84137_260214_004236_s1/50594337/ccs,1,26,2,15,205,CAA_interrupted,60
Control_11,m84137_260214_004236_s1/15794436/ccs,1,26,2,15,205,CAA_interrupted,60
Control_11,m84137_260214_004236_s1/39452767/ccs,1,26,2,15,205,CAA_interrupted,60
Control_11,m84137_260214_004236_s1/33096100/ccs,1,26,2,15,205,CAA_interrupted,60
Control_11,m84137_260214_004236_s1/33490263/ccs,1,26,2,15,205,CAA_interrupted,60
Control_11,m84137_260214_004236_s1/44958586/ccs,1,26,2,15,205,CAA_interrupted,60
Control_11,m84137_260214_004236_s1/35916360/ccs,1,26,2,15,205,CAA_interrupted,60
Control_11,m84137_260214_004236_s1/51511395/ccs,1,26,2,15,205,CAA_interrupted,60
Control_11,m84137_260214_004236_s1/47843323/ccs,1,26,2,15,205,CAA_interrupted,60
Control_11,m84137_260214_004236_s1/54920283/ccs,1,26,2,15,205,CAA_interrupted,60
Control_11,m84137_260214_004236_s1/44499386/ccs,1,26,2,15,205,CAA_interrupted,60
Control_11,m84137_260214_004236_s1/67765384/ccs,1,26,2,15,205,CAA_interrupted,60
Control_11,m84137_260214_004236_s1/44632175/ccs,1,26,2,15,205,CAA_interrupted,60
Control_11,m84137_260214_004236_s1/65014408/ccs,1,26,2,15,205,CAA_interrupted,60
Control_11,m84137_260214_004236_s1/84148541/ccs,1,26,2,15,205,CAA_interrupted,60
Control_11,m84137_260214_004236_s1/91227706/ccs,1,26,2,15,205,CAA_interrupted,60
Control_11,m84137_260214_004236_s1/73861382/ccs,1,26,2,15,205,CAA_interrupted,60
Control_11,m84137_260214_004236_s1/67044153/ccs,1,26,2,15,205,CAA_interrupted,60
Control_11,m84137_260214_004236_s1/92210576/ccs,1,26,2,15,205,CAA_interrupted,60
Control_11,m84137_260214_004236_s1/71239243/ccs,1,26,2,15,205,CAA_interrupted,60
Control_11,m84137_260214_004236_s1/164889551/ccs,1,26,2,15,205,CAA_interrupted,60
Control_11,m84137_260214_004236_s1/144180018/ccs,1,26,2,15,205,CAA_interrupted,60
Control_11,m84137_260214_004236_s1/161417444/ccs,1,26,2,15,205,CAA_interrupted,60
Control_11,m84137_260214_004236_s1/144377608/ccs,1,26,2,15,205,CAA_interrupted,60
Control_11,m84137_260214_004236_s1/147588086/ccs,1,26,2,15,205,CAA_interrupted,60
Control_11,m84137_260214_004236_s1/148242733/ccs,1,26,2,15,205,CAA_interrupted,60
Control_11,m84137_260214_004236_s1/190252180/ccs,1,26,2,15,205,CAA_interrupted,60
Control_11,m84137_260214_004236_s1/148374375/ccs,1,26,2,15,205,CAA_interrupted,60
Control_11,m84137_260214_004236_s1/173475016/ccs,1,26,2,15,205,CAA_interrupted,60
Control_11,m84137_260214_004236_s1/166987194/ccs,1,26,2,15,205,CAA_interrupted,60
Control_11,m84137_260214_004236_s1/174196188/ccs,1,26,2,15,205,CAA_interrupted,60
Control_11,m84137_260214_004236_s1/174195529/ccs,1,26,2,15,205,CAA_interrupted,60
Control_11,m84137_260214_004236_s1/149488626/ccs,1,26,2,15,205,CAA_interrupted,60
Control_11,m84137_260214_004236_s1/167642128/ccs,1,26,2,15,205,CAA_interrupted,60
Control_11,m84137_260214_004236_s1/170590872/ccs,1,26,2,15,205,CAA_interrupted,60
Control_11,m84137_260214_004236_s1/170592459/ccs,1,26,2,15,205,CAA_interrupted,60
Control_11,m84137_260214_004236_s1/109971403/ccs,1,26,2,15,205,CAA_interrupted,60
Control_11,m84137_260214_004236_s1/111018514/ccs,1,26,2,15,205,CAA_interrupted,60
Control_11,m84137_260214_004236_s1/113903842/ccs,1,26,2,15,205,CAA_interrupted,60
Control_11,m84137_260214_004236_s1/134546969/ccs,1,26,2,15,205,CAA_interrupted,60
Control_11,m84137_260214_004236_s1/131205300/ccs,1,26,2,15,205,CAA_interrupted,60
Control_11,m84137_260214_004236_s1/151519343/ccs,1,26,2,15,205,CAA_interrupted,60
Control_11,m84137_260214_004236_s1/111741371/ccs,1,26,2,15,205,CAA_interrupted,60
Control_11,m84137_260214_004236_s1/128322061/ccs,1,26,2,15,205,CAA_interrupted,60
Control_11,m84137_260214_004236_s1/132057330/ccs,1,26,2,15,205,CAA_interrupted,60
Control_11,m84137_260214_004236_s1/132384663/ccs,1,26,2,15,205,CAA_interrupted,60
Control_11,m84137_260214_004236_s1/157156537/ccs,1,26,2,15,205,CAA_interrupted,60
Control_11,m84137_260214_004236_s1/136643622/ccs,1,26,2,15,205,CAA_interrupted,60
Control_11,m84137_260214_004236_s1/157220979/ccs,1,26,2,15,205,CAA_interrupted,60
Control_11,m84137_260214_004236_s1/153485970/ccs,1,26,2,15,205,CAA_interrupted,60
Control_11,m84137_260214_004236_s1/157943004/ccs,1,26,2,15,205,CAA_interrupted,60
Control_11,m84137_260214_004236_s1/162531420/ccs,1,26,2,15,205,CAA_interrupted,60
Control_11,m84137_260214_004236_s1/141362409/ccs,1,26,2,15,205,CAA_interrupted,60
Control_11,m84137_260214_004236_s1/154404684/ccs,1,26,2,15,205,CAA_interrupted,60
Control_11,m84137_260214_004236_s1/159253297/ccs,1,26,2,15,205,CAA_interrupted,60
Control_11,m84137_260214_004236_s1/142018123/ccs,1,26,2,15,205,CAA_interrupted,60
Control_11,m84137_260214_004236_s1/155585248/ccs,1,26,2,15,205,CAA_interrupted,60
Control_11,m84137_260214_004236_s1/160040256/ccs,1,26,2,15,205,CAA_interrupted,60
Control_11,m84137_260214_004236_s1/142869538/ccs,1,26,2,15,205,CAA_interrupted,60
Control_11,m84137_260214_004236_s1/142868841/ccs,1,26,2,15,205,CAA_interrupted,60
Control_11,m84137_260214_004236_s1/164037333/ccs,1,26,2,15,205,CAA_interrupted,60
Control_11,m84137_260214_004236_s1/143198448/ccs,1,26,2,15,205,CAA_interrupted,60
Control_11,m84137_260214_004236_s1/168100896/ccs,1,26,2,15,205,CAA_interrupted,60
Control_11,m84137_260214_004236_s1/235931382/ccs,1,26,2,15,205,CAA_interrupted,60
Control_11,m84137_260214_004236_s1/236456061/ccs,1,26,2,15,205,CAA_interrupted,60
Control_11,m84137_260214_004236_s1/236520074/ccs,1,26,2,15,205,CAA_interrupted,60
Control_11,m84137_260214_004236_s1/234029906/ccs,1,26,2,15,205,CAA_interrupted,60
Control_11,m84137_260214_004236_s1/241895762/ccs,1,26,2,15,205,CAA_interrupted,60
Control_11,m84137_260214_004236_s1/242156453/ccs,1,26,2,15,205,CAA_interrupted,60
Control_11,m84137_260214_004236_s1/241960783/ccs,1,26,2,15,205,CAA_interrupted,60
Control_11,m84137_260214_004236_s1/263128440/ccs,1,26,2,15,205,CAA_interrupted,60
Control_11,m84137_260214_004236_s1/256443009/ccs,1,26,2,15,205,CAA_interrupted,60
Control_11,m84137_260214_004236_s1/259721630/ccs,1,26,2,15,205,CAA_interrupted,60
Control_11,m84137_260214_004236_s1/263259759/ccs,1,26,2,15,205,CAA_interrupted,60
Control_11,m84137_260214_004236_s1/243664430/ccs,1,26,2,15,205,CAA_interrupted,60
Control_11,m84137_260214_004236_s1/264307019/ccs,1,26,2,15,205,CAA_interrupted,60
Control_11,m84137_260214_004236_s1/240321130/ccs,1,26,2,15,205,CAA_interrupted,60
Control_11,m84137_260214_004236_s1/187960305/ccs,1,26,2,15,205,CAA_interrupted,60
Control_11,m84137_260214_004236_s1/175048860/ccs,1,26,2,15,205,CAA_interrupted,60
Control_11,m84137_260214_004236_s1/175112744/ccs,1,26,2,15,205,CAA_interrupted,60
Control_11,m84137_260214_004236_s1/188089460/ccs,1,26,2,15,205,CAA_interrupted,60
Control_11,m84137_260214_004236_s1/175508099/ccs,1,26,2,15,205,CAA_interrupted,60
Control_11,m84137_260214_004236_s1/179176802/ccs,1,26,2,15,205,CAA_interrupted,60
Control_11,m84137_260214_004236_s1/171510071/ccs,1,26,2,15,205,CAA_interrupted,60
Control_11,m84137_260214_004236_s1/175835676/ccs,1,26,2,15,205,CAA_interrupted,60
Control_11,m84137_260214_004236_s1/179438353/ccs,1,26,2,15,205,CAA_interrupted,60
Control_11,m84137_260214_004236_s1/172032237/ccs,1,26,2,15,205,CAA_interrupted,60
Control_11,m84137_260214_004236_s1/197657408/ccs,1,26,2,15,205,CAA_interrupted,60
Control_11,m84137_260214_004236_s1/218762119/ccs,1,26,2,15,205,CAA_interrupted,60
Control_11,m84137_260214_004236_s1/177800984/ccs,1,26,2,15,205,CAA_interrupted,60
Control_11,m84137_260214_004236_s1/177998491/ccs,1,26,2,15,205,CAA_interrupted,60
Control_11,m84137_260214_004236_s1/194839661/ccs,1,26,2,15,205,CAA_interrupted,60
Control_11,m84137_260214_004236_s1/180618122/ccs,1,26,2,15,205,CAA_interrupted,60
Control_11,m84137_260214_004236_s1/219349141/ccs,1,26,2,15,205,CAA_interrupted,60
Control_11,m84137_260214_004236_s1/201918556/ccs,1,26,2,15,205,CAA_interrupted,60
Control_11,m84137_260214_004236_s1/202181248/ccs,1,26,2,15,205,CAA_interrupted,60
Control_11,m84137_260214_004236_s1/203097858/ccs,1,26,2,15,205,CAA_interrupted,60
Control_11,m84137_260214_004236_s1/182258345/ccs,1,26,2,15,205,CAA_interrupted,60
Control_11,m84137_260214_004236_s1/224004683/ccs,1,26,2,15,205,CAA_interrupted,60
Control_11,m84137_260214_004236_s1/224659507/ccs,1,26,2,15,205,CAA_interrupted,60
Control_11,m84137_260214_004236_s1/182977823/ccs,1,26,2,15,205,CAA_interrupted,60
Control_11,m84137_260214_004236_s1/208601881/ccs,1,26,2,15,205,CAA_interrupted,60
Control_11,m84137_260214_004236_s1/203820030/ccs,1,26,2,15,205,CAA_interrupted,60
Control_11,m84137_260214_004236_s1/222104050/ccs,1,26,2,15,205,CAA_interrupted,60
Control_11,m84137_260214_004236_s1/229704856/ccs,1,26,2,15,205,CAA_interrupted,60
Control_11,m84137_260214_004236_s1/229836590/ccs,1,26,2,15,205,CAA_interrupted,60
Control_11,m84137_260214_004236_s1/210174806/ccs,1,26,2,15,205,CAA_interrupted,60
Control_11,m84137_260214_004236_s1/223349344/ccs,1,26,2,15,205,CAA_interrupted,60
Control_11,m84137_260214_004236_s1/205588187/ccs,1,26,2,15,205,CAA_interrupted,60
Control_11,m84137_260214_004236_s1/230819579/ccs,1,26,2,15,205,CAA_interrupted,60
Control_11,m84137_260214_004236_s1/211354241/ccs,1,26,2,15,205,CAA_interrupted,60
Control_11,m84137_260214_004236_s1/205851103/ccs,1,26,2,15,205,CAA_interrupted,60
Control_11,m84137_260214_004236_s1/211617573/ccs,1,26,2,15,205,CAA_interrupted,60
Control_11,m84137_260214_004236_s1/227738475/ccs,1,26,2,15,205,CAA_interrupted,60
Control_11,m84137_260214_004236_s1/206637744/ccs,1,26,2,15,205,CAA_interrupted,60
Control_11,m84137_260214_004236_s1/253036213/ccs,1,26,2,15,205,CAA_interrupted,60
Control_11,m84137_260214_004236_s1/235210141/ccs,1,26,2,15,205,CAA_interrupted,60
Control_11,m84137_260214_004236_s1/253625596/ccs,1,26,2,15,205,CAA_interrupted,60
Control_11,m84137_260214_004236_s1/232983384/ccs,1,26,2,15,205,CAA_interrupted,60
Control_11,m84137_260214_004236_s1/235800188/ccs,1,26,2,15,205,CAA_interrupted,60
Control_11,m84137_260214_004236_s1/254085173/ccs,1,26,2,15,205,CAA_interrupted,60
Control_11,m84137_260214_004236_s1/235930040/ccs,1,26,2,15,205,CAA_interrupted,60
Control_11,m84137_260214_004236_s1/189140611/ccs,1,26,2,15,205,CAA_interrupted,60
Control_11,m84137_260214_004236_s1/218109217/ccs,1,26,2,15,205,CAA_interrupted,60
Control_11,m84137_260214_004236_s1/193205472/ccs,1,26,2,15,205,CAA_interrupted,60
Control_11,m84137_260214_004236_s1/196153583/ccs,1,26,2,15,205,CAA_interrupted,60
Control_11,m84137_260214_004236_s1/219026555/ccs,1,26,2,15,205,CAA_interrupted,60
Control_11,m84137_260214_004236_s1/219155528/ccs,1,26,2,15,205,CAA_interrupted,60
Control_11,m84137_260214_004236_s1/150474231/ccs,1,26,2,15,205,CAA_interrupted,60
Control_11,m84137_260214_004236_s1/219944813/ccs,1,26,2,15,205,CAA_interrupted,60
Control_11,m84137_260214_004236_s1/220206594/ccs,1,26,2,15,205,CAA_interrupted,60
Control_11,m84137_260214_004236_s1/201987077/ccs,1,26,2,15,205,CAA_interrupted,60
Control_11,m84137_260214_004236_s1/220337759/ccs,1,26,2,15,205,CAA_interrupted,60
Control_11,m84137_260214_004236_s1/220466574/ccs,1,26,2,15,205,CAA_interrupted,60
Control_11,m84137_260214_004236_s1/179312405/ccs,1,26,2,15,205,CAA_interrupted,60
Control_11,m84137_260214_004236_s1/198446280/ccs,1,26,2,15,205,CAA_interrupted,60
Control_11,m84137_260214_004236_s1/179900066/ccs,1,26,2,15,205,CAA_interrupted,60
Control_11,m84137_260214_004236_s1/180622908/ccs,1,26,2,15,205,CAA_interrupted,60
Control_11,m84137_260214_004236_s1/247467002/ccs,1,26,2,15,205,CAA_interrupted,60
Control_11,m84137_260214_004236_s1/17961531/ccs,1,26,2,15,205,CAA_interrupted,60
Control_11,m84137_260214_004236_s1/262472078/ccs,1,26,2,15,205,CAA_interrupted,60
Control_11,m84137_260214_004236_s1/245303645/ccs,1,26,2,15,205,CAA_interrupted,60
Control_11,m84137_260214_004236_s1/247990238/ccs,1,26,2,15,205,CAA_interrupted,60
Control_11,m84137_260214_004236_s1/245825747/ccs,1,26,2,15,205,CAA_interrupted,60
Control_11,m84137_260214_004236_s1/22484296/ccs,1,26,2,15,205,CAA_interrupted,60
Control_11,m84137_260214_004236_s1/245827404/ccs,1,26,2,15,205,CAA_interrupted,60
Control_11,m84137_260214_004236_s1/22744682/ccs,1,26,2,15,205,CAA_interrupted,60
Control_11,m84137_260214_004236_s1/22809918/ccs,1,26,2,15,205,CAA_interrupted,60
Control_11,m84137_260214_004236_s1/18944808/ccs,1,26,2,15,205,CAA_interrupted,60
Control_11,m84137_260214_004236_s1/19074612/ccs,1,26,2,15,205,CAA_interrupted,60
Control_11,m84137_260214_004236_s1/19665462/ccs,1,26,2,15,205,CAA_interrupted,60
Control_11,m84137_260214_004236_s1/248972399/ccs,1,26,2,15,205,CAA_interrupted,60
Control_11,m84137_260214_004236_s1/19991996/ccs,1,26,2,15,205,CAA_interrupted,60
Control_11,m84137_260214_004236_s1/250282470/ccs,1,26,2,15,205,CAA_interrupted,60
Control_11,m84137_260214_004236_s1/21434201/ccs,1,26,2,15,205,CAA_interrupted,60
Control_11,m84137_260214_004236_s1/25302214/ccs,1,26,2,15,205,CAA_interrupted,60
Control_11,m84137_260214_004236_s1/70391047/ccs,1,26,2,15,205,CAA_interrupted,60
Control_11,m84137_260214_004236_s1/45879231/ccs,1,26,2,15,205,CAA_interrupted,60
Control_11,m84137_260214_004236_s1/45881203/ccs,1,26,2,15,205,CAA_interrupted,60
Control_11,m84137_260214_004236_s1/73143703/ccs,1,26,2,15,205,CAA_interrupted,60
Control_11,m84137_260214_004236_s1/87100619/ccs,1,26,2,15,205,CAA_interrupted,60
Control_11,m84137_260214_004236_s1/89854859/ccs,1,26,2,15,205,CAA_interrupted,60
Control_11,m84137_260214_004236_s1/74715713/ccs,1,26,2,15,205,CAA_interrupted,60
Control_11,m84137_260214_004236_s1/74912744/ccs,1,26,2,15,205,CAA_interrupted,60
Control_11,m84137_260214_004236_s1/88282929/ccs,1,26,2,15,205,CAA_interrupted,60
Control_11,m84137_260214_004236_s1/75436854/ccs,1,26,2,15,205,CAA_interrupted,60
Control_11,m84137_260214_004236_s1/48042145/ccs,1,26,2,15,205,CAA_interrupted,60
Control_11,m84137_260214_004236_s1/100865887/ccs,0,25,2,16,205,CAA_interrupted,60
Control_11,m84137_260214_004236_s1/100863232/ccs,1,26,2,15,205,CAA_interrupted,60
Control_11,m84137_260214_004236_s1/96933097/ccs,1,26,2,15,205,CAA_interrupted,60
Control_11,m84137_260214_004236_s1/101913539/ccs,1,26,2,15,205,CAA_interrupted,60
Control_11,m84137_260214_004236_s1/92999569/ccs,1,26,2,15,205,CAA_interrupted,60
Control_11,m84137_260214_004236_s1/119278995/ccs,1,26,2,15,205,CAA_interrupted,60
Control_11,m84137_260214_004236_s1/106368357/ccs,1,26,2,15,205,CAA_interrupted,60
Control_11,m84137_260214_004236_s1/79171572/ccs,1,26,2,15,205,CAA_interrupted,60
Control_11,m84137_260214_004236_s1/106762626/ccs,1,26,2,15,205,CAA_interrupted,60
Control_11,m84137_260214_004236_s1/94965953/ccs,1,26,2,15,205,CAA_interrupted,60
Control_11,m84137_260214_004236_s1/99749292/ccs,1,26,2,15,205,CAA_interrupted,60
Control_11,m84137_260214_004236_s1/99946787/ccs,1,26,2,15,205,CAA_interrupted,60
Control_11,m84137_260214_004236_s1/104470331/ccs,1,26,2,15,205,CAA_interrupted,60
Control_11,m84137_260214_004236_s1/107550355/ccs,1,26,2,15,205,CAA_interrupted,60
Control_11,m84137_260214_004236_s1/107811899/ccs,1,26,2,15,205,CAA_interrupted,60
Control_11,m84137_260214_004236_s1/100602560/ccs,1,26,2,15,205,CAA_interrupted,60
Control_11,m84137_260214_004236_s1/121769057/ccs,1,26,2,15,205,CAA_interrupted,60
Control_11,m84137_260214_004236_s1/128650363/ccs,1,26,2,15,205,CAA_interrupted,60
Control_11,m84137_260214_004236_s1/122227756/ccs,1,26,2,15,205,CAA_interrupted,60
Control_11,m84137_260214_004236_s1/125570219/ccs,1,26,2,15,205,CAA_interrupted,60
Control_11,m84137_260214_004236_s1/122752219/ccs,1,26,2,15,205,CAA_interrupted,60
Control_11,m84137_260214_004236_s1/126422461/ccs,1,26,2,15,205,CAA_interrupted,60
Control_11,m84137_260214_004236_s1/130354891/ccs,1,26,2,15,205,CAA_interrupted,60
Control_11,m84137_260214_004236_s1/152245710/ccs,1,26,2,15,205,CAA_interrupted,60
Control_11,m84137_260214_004236_s1/131730895/ccs,1,26,2,15,205,CAA_interrupted,60
Control_11,m84137_260214_004236_s1/222170405/ccs,1,26,2,15,205,CAA_interrupted,60
Control_11,m84137_260214_004236_s1/180819780/ccs,1,26,2,15,205,CAA_interrupted,60
Control_11,m84137_260214_004236_s1/180751520/ccs,1,26,2,15,205,CAA_interrupted,60
Control_11,m84137_260214_004236_s1/222367696/ccs,1,26,2,15,205,CAA_interrupted,60
Control_11,m84137_260214_004236_s1/203887232/ccs,1,26,2,15,205,CAA_interrupted,60
Control_11,m84137_260214_004236_s1/200021437/ccs,1,26,2,15,205,CAA_interrupted,60
Control_11,m84137_260214_004236_s1/223416161/ccs,1,26,2,15,205,CAA_interrupted,60
Control_11,m84137_260214_004236_s1/200347100/ccs,1,26,2,15,205,CAA_interrupted,60
Control_11,m84137_260214_004236_s1/204934156/ccs,1,26,2,15,205,CAA_interrupted,60
Control_11,m84137_260214_004236_s1/212209484/ccs,1,26,2,15,205,CAA_interrupted,60
Control_11,m84137_260214_004236_s1/227284884/ccs,1,26,2,15,205,CAA_interrupted,60
Control_11,m84137_260214_004236_s1/230691766/ccs,1,26,2,15,205,CAA_interrupted,60
Control_11,m84137_260214_004236_s1/227677895/ccs,1,26,2,15,205,CAA_interrupted,60
Control_11,m84137_260214_004236_s1/228005324/ccs,1,26,2,15,205,CAA_interrupted,60
Control_11,m84137_260214_004236_s1/235998932/ccs,1,26,2,15,205,CAA_interrupted,60
Control_11,m84137_260214_004236_s1/254415105/ccs,1,26,2,15,205,CAA_interrupted,60
Control_11,m84137_260214_004236_s1/29496106/ccs,1,26,2,15,205,CAA_interrupted,60
Control_11,m84137_260214_004236_s1/26744719/ccs,1,26,2,15,205,CAA_interrupted,60
Control_11,m84137_260214_004236_s1/30086754/ccs,1,26,2,15,205,CAA_interrupted,60
Control_11,m84137_260214_004236_s1/30740312/ccs,1,26,2,15,205,CAA_interrupted,60
Control_11,m84137_260214_004236_s1/10294989/ccs,1,26,2,15,205,CAA_interrupted,60
Control_11,m84137_260214_004236_s1/10818353/ccs,1,26,2,15,205,CAA_interrupted,60
Control_11,m84137_260214_004236_s1/12586959/ccs,1,26,2,15,205,CAA_interrupted,60
Control_11,m84137_260214_004236_s1/39588519/ccs,1,26,2,15,205,CAA_interrupted,60
Control_11,m84137_260214_004236_s1/13440624/ccs,1,26,2,15,205,CAA_interrupted,60
Control_11,m84137_260214_004236_s1/56759863/ccs,1,26,2,15,205,CAA_interrupted,60
Control_11,m84137_260214_004236_s1/40243138/ccs,1,26,2,15,205,CAA_interrupted,60
Control_11,m84137_260214_004236_s1/40244535/ccs,1,26,2,15,205,CAA_interrupted,60
Control_11,m84137_260214_004236_s1/159584707/ccs,1,26,2,15,205,CAA_interrupted,60
Control_11,m84137_260214_004236_s1/159651261/ccs,1,26,2,15,205,CAA_interrupted,60
Control_11,m84137_260214_004236_s1/139137249/ccs,1,26,2,15,205,CAA_interrupted,60
Control_11,m84137_260214_004236_s1/144446582/ccs,1,26,2,15,205,CAA_interrupted,60
Control_11,m84137_260214_004236_s1/185472639/ccs,1,26,2,15,205,CAA_interrupted,60
Control_11,m84137_260214_004236_s1/145625953/ccs,1,26,2,15,205,CAA_interrupted,60
Control_11,m84137_260214_004236_s1/145953495/ccs,1,26,2,15,205,CAA_interrupted,60
Control_11,m84137_260214_004236_s1/169349274/ccs,1,26,2,15,205,CAA_interrupted,60
Control_11,m84137_260214_004236_s1/165680730/ccs,1,26,2,15,205,CAA_interrupted,60
Control_11,m84137_260214_004236_s1/187567160/ccs,1,26,2,15,205,CAA_interrupted,60
Control_11,m84137_260214_004236_s1/174854010/ccs,1,26,2,15,205,CAA_interrupted,60
Control_11,m84137_260214_004236_s1/187960339/ccs,1,26,2,15,205,CAA_interrupted,60
Control_11,m84137_260214_004236_s1/131536475/ccs,1,26,2,15,205,CAA_interrupted,60
Control_11,m84137_260214_004236_s1/156962294/ccs,1,26,2,15,205,CAA_interrupted,60
Control_11,m84137_260214_004236_s1/153358074/ccs,1,26,2,15,205,CAA_interrupted,60
Control_11,m84137_260214_004236_s1/153423912/ccs,1,26,2,15,205,CAA_interrupted,60
Control_11,m84137_260214_004236_s1/157421821/ccs,1,26,2,15,205,CAA_interrupted,60
Control_11,m84137_260214_004236_s1/157749101/ccs,1,26,2,15,205,CAA_interrupted,60
Control_11,m84137_260214_004236_s1/137762380/ccs,1,26,2,15,205,CAA_interrupted,60
Control_11,m84137_260214_004236_s1/157881533/ccs,1,26,2,15,205,CAA_interrupted,60
Control_11,m84137_260214_004236_s1/133893507/ccs,1,26,2,15,205,CAA_interrupted,60
Control_11,m84137_260214_004236_s1/155850204/ccs,1,26,2,15,205,CAA_interrupted,60
Control_11,m84137_260214_004236_s1/155782963/ccs,1,26,2,15,205,CAA_interrupted,60
Control_11,m84137_260214_004236_s1/138286949/ccs,1,26,2,15,205,CAA_interrupted,60
Control_11,m84137_260214_004236_s1/142481340/ccs,1,26,2,15,205,CAA_interrupted,60
Control_11,m84137_260214_004236_s1/162205962/ccs,1,26,2,15,205,CAA_interrupted,60
Control_11,m84137_260214_004236_s1/159126361/ccs,1,26,2,15,205,CAA_interrupted,60
Control_11,m84137_260214_004236_s1/115346578/ccs,1,26,2,15,205,CAA_interrupted,60
Control_11,m84137_260214_004236_s1/162925656/ccs,1,26,2,15,205,CAA_interrupted,60
Control_11,m84137_260214_004236_s1/38994162/ccs,1,26,2,15,205,CAA_interrupted,60
Control_11,m84137_260214_004236_s1/90308894/ccs,1,26,2,15,205,CAA_interrupted,60
Control_11,m84137_260214_004236_s1/171837893/ccs,1,26,2,15,205,CAA_interrupted,60
Control_11,m84137_260214_004236_s1/221315610/ccs,1,26,2,15,205,CAA_interrupted,60
Control_11,m84137_260214_004236_s1/201066280/ccs,1,26,2,15,205,CAA_interrupted,60
Control_11,m84137_260214_004236_s1/22484449/ccs,1,26,2,15,205,CAA_interrupted,60
Control_11,m84137_260214_004236_s1/35392845/ccs,1,26,2,15,205,CAA_interrupted,60
Control_11,m84137_260214_004236_s1/67898538/ccs,1,26,2,15,205,CAA_interrupted,60
Control_11,m84137_260214_004236_s1/157027016/ccs,1,26,2,15,205,CAA_interrupted,60
Control_11,m84137_260214_004236_s1/138609263/ccs,1,26,2,15,205,CAA_interrupted,60
Control_11,m84137_260214_004236_s1/255332526/ccs,1,26,2,15,205,CAA_interrupted,60
Control_11,m84137_260214_004236_s1/242748817/ccs,1,26,2,15,205,CAA_interrupted,60
Control_11,m84137_260214_004236_s1/255923321/ccs,1,26,2,15,205,CAA_interrupted,60
Control_11,m84137_260214_004236_s1/259068209/ccs,1,26,2,15,205,CAA_interrupted,60
Control_11,m84137_260214_004236_s1/238357645/ccs,1,26,2,15,205,CAA_interrupted,60
Control_11,m84137_260214_004236_s1/260118252/ccs,1,26,2,15,205,CAA_interrupted,60
Control_11,m84137_260214_004236_s1/265687372/ccs,1,26,2,15,205,CAA_interrupted,60
Control_11,m84137_260214_004236_s1/266342852/ccs,1,26,2,15,205,CAA_interrupted,60
Control_11,m84137_260214_004236_s1/247076295/ccs,1,26,2,15,205,CAA_interrupted,60
Control_11,m84137_260214_004236_s1/266800431/ccs,1,26,2,15,205,CAA_interrupted,60
Control_11,m84137_260214_004236_s1/249433311/ccs,1,26,2,15,205,CAA_interrupted,60
Control_11,m84137_260214_004236_s1/78644134/ccs,1,26,2,15,205,CAA_interrupted,60
Control_11,m84137_260214_004236_s1/125960573/ccs,1,26,2,15,205,CAA_interrupted,60
Control_11,m84137_260214_004236_s1/175244322/ccs,1,26,2,15,205,CAA_interrupted,60
Control_11,m84137_260214_004236_s1/58397103/ccs,1,26,2,15,205,CAA_interrupted,60
Control_11,m84137_260214_004236_s1/106173633/ccs,1,26,2,15,205,CAA_interrupted,60
Control_11,m84137_260214_004236_s1/133631345/ccs,1,26,2,15,205,CAA_interrupted,60
Control_11,m84137_260214_004236_s1/145560437/ccs,1,26,2,15,205,CAA_interrupted,60
Control_11,m84137_260214_004236_s1/17301812/ccs,1,26,2,15,205,CAA_interrupted,60
Control_11,m84137_260214_004236_s1/6095803/ccs,1,26,2,15,205,CAA_interrupted,60
Control_11,m84137_260214_004236_s1/28378775/ccs,1,26,2,15,205,CAA_interrupted,60
Control_11,m84137_260214_004236_s1/11666036/ccs,1,26,2,15,205,CAA_interrupted,60
Control_11,m84137_260214_004236_s1/11665926/ccs,1,26,2,15,205,CAA_interrupted,60
Control_11,m84137_260214_004236_s1/23068856/ccs,1,26,2,15,205,CAA_interrupted,60
Control_11,m84137_260214_004236_s1/250679583/ccs,1,26,2,15,205,CAA_interrupted,60
Control_11,m84137_260214_004236_s1/74057186/ccs,0,26,2,15,205,CAA_interrupted,60
Control_11,m84137_260214_004236_s1/94306678/ccs,1,26,2,15,205,CAA_interrupted,60
Control_11,m84137_260214_004236_s1/129828001/ccs,1,26,2,15,205,CAA_interrupted,60
Control_11,m84137_260214_004236_s1/117311312/ccs,1,26,2,15,205,CAA_interrupted,60
Control_11,m84137_260214_004236_s1/169412449/ccs,1,26,2,15,205,CAA_interrupted,60
Control_11,m84137_260214_004236_s1/166660085/ccs,1,26,2,15,205,CAA_interrupted,60
Control_11,m84137_260214_004236_s1/264307656/ccs,1,26,2,15,205,CAA_interrupted,60
Control_11,m84137_260214_004236_s1/95686892/ccs,1,26,2,15,205,CAA_interrupted,60
Control_11,m84137_260214_004236_s1/76943726/ccs,1,26,2,15,205,CAA_interrupted,60
Control_11,m84137_260214_004236_s1/149427425/ccs,1,26,2,15,205,CAA_interrupted,60
Control_11,m84137_260214_004236_s1/197266876/ccs,1,26,2,15,205,CAA_interrupted,60
Control_11,m84137_260214_004236_s1/223090508/ccs,1,26,2,15,205,CAA_interrupted,60
Control_11,m84137_260214_004236_s1/34210678/ccs,1,26,2,15,205,CAA_interrupted,60
Control_11,m84137_260214_004236_s1/45617609/ccs,1,26,2,15,205,CAA_interrupted,60
Control_11,m84137_260214_004236_s1/38671804/ccs,1,26,2,15,205,CAA_interrupted,60
Control_11,m84137_260214_004236_s1/203165972/ccs,1,26,2,15,205,CAA_interrupted,60
Control_11,m84137_260214_004236_s1/24253177/ccs,1,26,2,15,205,CAA_interrupted,60
Control_11,m84137_260214_004236_s1/221972166/ccs,1,26,2,15,205,CAA_interrupted,60
Control_11,m84137_260214_004236_s1/26351030/ccs,1,26,2,15,205,CAA_interrupted,60
Control_11,m84137_260214_004236_s1/24381664/ccs,1,26,2,15,205,CAA_interrupted,60
Control_11,m84137_260214_004236_s1/39322646/ccs,1,26,2,15,205,CAA_interrupted,60
Control_11,m84137_260214_004236_s1/127468561/ccs,1,26,2,15,205,CAA_interrupted,60
Control_11,m84137_260214_004236_s1/155781359/ccs,1,26,2,15,205,CAA_interrupted,60
Control_11,m84137_260214_004236_s1/228983843/ccs,1,26,2,15,205,CAA_interrupted,60
Control_11,m84137_260214_004236_s1/251396610/ccs,1,26,2,15,205,CAA_interrupted,60
Control_11,m84137_260214_004236_s1/11930935/ccs,1,26,2,15,205,CAA_interrupted,60
Control_11,m84137_260214_004236_s1/188225001/ccs,1,26,2,15,205,CAA_interrupted,60
Control_11,m84137_260214_004236_s1/29294934/ccs,1,26,2,15,205,CAA_interrupted,60
Control_11,m84137_260214_004236_s1/10552144/ccs,1,26,2,15,205,CAA_interrupted,60
Control_11,m84137_260214_004236_s1/11078444/ccs,1,26,2,15,205,CAA_interrupted,60
Control_11,m84137_260214_004236_s1/55314388/ccs,1,26,2,15,205,CAA_interrupted,60
Control_11,m84137_260214_004236_s1/55642580/ccs,1,26,2,15,205,CAA_interrupted,60
Control_11,m84137_260214_004236_s1/90571716/ccs,1,26,2,15,205,CAA_interrupted,60
Control_11,m84137_260214_004236_s1/90374684/ccs,1,26,2,15,205,CAA_interrupted,60
Control_11,m84137_260214_004236_s1/49547579/ccs,1,26,2,15,205,CAA_interrupted,60
Control_11,m84137_260214_004236_s1/96600748/ccs,1,26,2,15,205,CAA_interrupted,60
Control_11,m84137_260214_004236_s1/72680185/ccs,1,26,2,15,205,CAA_interrupted,60
Control_11,m84137_260214_004236_s1/94373637/ccs,1,26,2,15,205,CAA_interrupted,60
Control_11,m84137_260214_004236_s1/98566514/ccs,1,26,2,15,205,CAA_interrupted,60
Control_11,m84137_260214_004236_s1/126486234/ccs,1,26,2,15,205,CAA_interrupted,60
Control_11,m84137_260214_004236_s1/135397918/ccs,1,26,2,15,205,CAA_interrupted,60
Control_11,m84137_260214_004236_s1/152504170/ccs,1,26,2,15,205,CAA_interrupted,60
Control_11,m84137_260214_004236_s1/132319981/ccs,1,26,2,15,205,CAA_interrupted,60
Control_11,m84137_260214_004236_s1/153355905/ccs,1,26,2,15,205,CAA_interrupted,60
Control_11,m84137_260214_004236_s1/158859709/ccs,1,26,2,15,205,CAA_interrupted,60
Control_11,m84137_260214_004236_s1/164758119/ccs,1,26,2,15,205,CAA_interrupted,60
Control_11,m84137_260214_004236_s1/165218170/ccs,1,26,2,15,205,CAA_interrupted,60
Control_11,m84137_260214_004236_s1/187303178/ccs,1,26,2,15,205,CAA_interrupted,60
Control_11,m84137_260214_004236_s1/176555216/ccs,1,26,2,15,205,CAA_interrupted,60
Control_11,m84137_260214_004236_s1/218891365/ccs,1,26,2,15,205,CAA_interrupted,60
Control_11,m84137_260214_004236_s1/219546412/ccs,1,26,2,15,205,CAA_interrupted,60
Control_11,m84137_260214_004236_s1/224724382/ccs,1,26,2,15,205,CAA_interrupted,60
Control_11,m84137_260214_004236_s1/221774972/ccs,1,26,2,15,205,CAA_interrupted,60
Control_11,m84137_260214_004236_s1/184353805/ccs,1,26,2,15,205,CAA_interrupted,60
Control_11,m84137_260214_004236_s1/226755667/ccs,1,26,2,15,205,CAA_interrupted,60
Control_11,m84137_260214_004236_s1/205849482/ccs,1,27,2,14,205,CAA_interrupted,60
Control_11,m84137_260214_004236_s1/254085014/ccs,1,26,2,15,205,CAA_interrupted,60
Control_11,m84137_260214_004236_s1/236191910/ccs,1,26,2,15,205,CAA_interrupted,60
Control_11,m84137_260214_004236_s1/255461801/ccs,1,26,2,15,205,CAA_interrupted,60
Control_11,m84137_260214_004236_s1/217056726/ccs,1,26,2,15,205,CAA_interrupted,60
Control_11,m84137_260214_004236_s1/256706146/ccs,1,26,2,15,205,CAA_interrupted,60
Control_11,m84137_260214_004236_s1/217582590/ccs,1,26,2,15,205,CAA_interrupted,60
Control_11,m84137_260214_004236_s1/260637647/ccs,1,26,2,15,205,CAA_interrupted,60
Control_11,m84137_260214_004236_s1/243795606/ccs,1,26,2,15,205,CAA_interrupted,60
Control_11,m84137_260214_004236_s1/248187300/ccs,1,26,2,15,205,CAA_interrupted,60
Control_11,m84137_260214_004236_s1/3282352/ccs,1,26,2,15,205,CAA_interrupted,60
Control_11,m84137_260214_004236_s1/4593001/ccs,1,26,2,15,205,CAA_interrupted,60
Control_11,m84137_260214_004236_s1/221972269/ccs,1,26,2,15,205,CAA_interrupted,60
Control_11,m84137_260214_004236_s1/222038354/ccs,1,26,2,15,205,CAA_interrupted,60
Control_11,m84137_260214_004236_s1/134283358/ccs,1,26,2,15,205,CAA_interrupted,60
Control_11,m84137_260214_004236_s1/58460725/ccs,1,26,2,15,205,CAA_interrupted,60
Control_11,m84137_260214_004236_s1/48497845/ccs,1,26,2,15,205,CAA_interrupted,60
Control_11,m84137_260214_004236_s1/115671787/ccs,1,26,2,15,205,CAA_interrupted,60
Control_11,m84137_260214_004236_s1/136249888/ccs,1,26,2,15,205,CAA_interrupted,60
Control_11,m84137_260214_004236_s1/245173216/ccs,1,26,2,15,205,CAA_interrupted,60
Control_11,m84137_260214_004236_s1/245301848/ccs,1,26,2,15,205,CAA_interrupted,60
Control_11,m84137_260214_004236_s1/49810880/ccs,1,26,2,15,205,CAA_interrupted,60
Control_11,m84137_260214_004236_s1/44566725/ccs,1,26,2,15,205,CAA_interrupted,60
Control_11,m84137_260214_004236_s1/23399457/ccs,1,26,2,15,205,CAA_interrupted,60
Control_11,m84137_260214_004236_s1/143201129/ccs,1,26,2,16,205,CAA_interrupted,60
Control_11,m84137_260214_004236_s1/197984721/ccs,0,25,2,16,205,CAA_interrupted,60
Control_11,m84137_260214_004236_s1/22025000/ccs,0,26,2,15,205,CAA_interrupted,60
Control_11,m84137_260214_004236_s1/29624854/ccs,1,26,2,15,205,CAA_interrupted,60
Control_11,m84137_260214_004236_s1/140771597/ccs,1,26,2,15,205,CAA_interrupted,60
Control_11,m84137_260214_004236_s1/217516432/ccs,1,26,2,15,205,CAA_interrupted,60
Control_11,m84137_260214_004236_s1/111089537/ccs,1,26,2,15,205,CAA_interrupted,60
Control_11,m84137_260214_004236_s1/51512385/ccs,1,26,2,15,205,CAA_interrupted,60
Control_11,m84137_260214_004236_s1/143787785/ccs,1,26,2,15,205,CAA_interrupted,60
Control_11,m84137_260214_004236_s1/253039354/ccs,1,26,2,15,205,CAA_interrupted,60
Control_11,m84137_260214_004236_s1/227676527/ccs,1,26,2,15,205,CAA_interrupted,60
Control_11,m84137_260214_004236_s1/235869617/ccs,1,26,2,15,205,CAA_interrupted,60
Control_11,m84137_260214_004236_s1/257298205/ccs,1,26,2,15,205,CAA_interrupted,60
Control_11,m84137_260214_004236_s1/232722478/ccs,1,27,2,14,205,CAA_interrupted,60
Control_11,m84137_260214_004236_s1/237440812/ccs,1,26,2,15,205,CAA_interrupted,60
Control_11,m84137_260214_004236_s1/258348343/ccs,1,26,2,15,205,CAA_interrupted,60
Control_11,m84137_260214_004236_s1/232789909/ccs,1,26,2,15,205,CAA_interrupted,60
Control_11,m84137_260214_004236_s1/256445721/ccs,1,26,2,15,205,CAA_interrupted,60
Control_11,m84137_260214_004236_s1/259657385/ccs,1,26,2,15,205,CAA_interrupted,60
Control_11,m84137_260214_004236_s1/266802286/ccs,1,26,2,15,205,CAA_interrupted,60
Control_11,m84137_260214_004236_s1/249042810/ccs,1,26,2,15,205,CAA_interrupted,60
Control_11,m84137_260214_004236_s1/249433998/ccs,1,26,2,15,205,CAA_interrupted,60
Control_11,m84137_260214_004236_s1/249565639/ccs,1,26,2,15,205,CAA_interrupted,60
Control_11,m84137_260214_004236_s1/251269567/ccs,1,26,2,15,205,CAA_interrupted,60
Control_11,m84137_260214_004236_s1/7800572/ccs,1,26,2,15,205,CAA_interrupted,60
Control_11,m84137_260214_004236_s1/7866640/ccs,1,26,2,15,205,CAA_interrupted,60
Control_11,m84137_260214_004236_s1/75041019/ccs,1,26,2,15,205,CAA_interrupted,60
Control_11,m84137_260214_004236_s1/93848440/ccs,1,26,2,15,205,CAA_interrupted,60
Control_11,m84137_260214_004236_s1/102697770/ccs,1,26,2,15,205,CAA_interrupted,60
Control_11,m84137_260214_004236_s1/126355218/ccs,1,26,2,15,205,CAA_interrupted,60
Control_11,m84137_260214_004236_s1/134482477/ccs,1,26,2,15,205,CAA_interrupted,60
Control_11,m84137_260214_004236_s1/114165204/ccs,1,26,2,15,205,CAA_interrupted,60
Control_11,m84137_260214_004236_s1/134875208/ccs,1,26,2,15,205,CAA_interrupted,60
Control_11,m84137_260214_004236_s1/136186590/ccs,1,26,2,15,205,CAA_interrupted,60
Control_11,m84137_260214_004236_s1/115868846/ccs,1,26,2,15,205,CAA_interrupted,60
Control_11,m84137_260214_004236_s1/141165832/ccs,1,26,2,15,205,CAA_interrupted,60
Control_11,m84137_260214_004236_s1/138543818/ccs,1,26,2,15,205,CAA_interrupted,60
Control_11,m84137_260214_004236_s1/162924231/ccs,1,26,2,15,205,CAA_interrupted,60
Control_11,m84137_260214_004236_s1/189598638/ccs,1,26,2,15,205,CAA_interrupted,60
Control_11,m84137_260214_004236_s1/193003947/ccs,1,26,2,15,205,CAA_interrupted,60
Control_11,m84137_260214_004236_s1/195166511/ccs,1,26,2,15,205,CAA_interrupted,60
Control_11,m84137_260214_004236_s1/181667589/ccs,1,26,2,15,205,CAA_interrupted,60
Control_11,m84137_260214_004236_s1/261227354/ccs,1,26,2,15,205,CAA_interrupted,60
Control_11,m84137_260214_004236_s1/19271602/ccs,1,26,2,15,205,CAA_interrupted,60
Control_11,m84137_260214_004236_s1/24580737/ccs,1,26,2,15,205,CAA_interrupted,60
Control_11,m84137_260214_004236_s1/36900804/ccs,1,26,2,15,205,CAA_interrupted,60
Control_11,m84137_260214_004236_s1/37950117/ccs,1,26,2,15,205,CAA_interrupted,60
Control_11,m84137_260214_004236_s1/14028751/ccs,1,26,2,15,205,CAA_interrupted,60
Control_11,m84137_260214_004236_s1/87955275/ccs,1,26,2,15,205,CAA_interrupted,60
Control_11,m84137_260214_004236_s1/100863149/ccs,1,26,2,15,205,CAA_interrupted,60
Control_11,m84137_260214_004236_s1/89396134/ccs,1,26,2,15,205,CAA_interrupted,60
Control_11,m84137_260214_004236_s1/79171342/ccs,1,26,2,15,205,CAA_interrupted,60
Control_11,m84137_260214_004236_s1/154669336/ccs,1,26,2,15,205,CAA_interrupted,60
Control_11,m84137_260214_004236_s1/186584326/ccs,1,26,2,15,205,CAA_interrupted,60
Control_11,m84137_260214_004236_s1/222039314/ccs,1,26,2,15,205,CAA_interrupted,60
Control_11,m84137_260214_004236_s1/229775128/ccs,1,26,2,15,205,CAA_interrupted,60
Control_11,m84137_260214_004236_s1/212471725/ccs,1,26,2,15,205,CAA_interrupted,60
Control_11,m84137_260214_004236_s1/261690002/ccs,1,26,2,15,205,CAA_interrupted,60
Control_11,m84137_260214_004236_s1/248910214/ccs,1,26,2,15,205,CAA_interrupted,60
Control_11,m84137_260214_004236_s1/47188603/ccs,1,26,2,15,205,CAA_interrupted,60
Control_11,m84137_260214_004236_s1/54526979/ccs,1,26,2,15,205,CAA_interrupted,60
Control_11,m84137_260214_004236_s1/96012114/ccs,1,26,2,15,205,CAA_interrupted,60
Control_11,m84137_260214_004236_s1/109840579/ccs,1,26,2,15,205,CAA_interrupted,60
Control_11,m84137_260214_004236_s1/226624781/ccs,1,26,2,15,205,CAA_interrupted,60
Control_11,m84137_260214_004236_s1/243270289/ccs,1,26,2,15,205,CAA_interrupted,60
Control_11,m84137_260214_004236_s1/260768493/ccs,1,26,2,15,205,CAA_interrupted,60
Control_11,m84137_260214_004236_s1/113644290/ccs,1,26,2,15,205,CAA_interrupted,60
Control_11,m84137_260214_004236_s1/25690857/ccs,1,26,2,15,205,CAA_interrupted,60
Control_11,m84137_260214_004236_s1/25494694/ccs,1,26,2,15,205,CAA_interrupted,60
Control_11,m84137_260214_004236_s1/13698325/ccs,1,26,2,15,205,CAA_interrupted,60
Control_11,m84137_260214_004236_s1/20448324/ccs,1,26,2,15,205,CAA_interrupted,60
Control_11,m84137_260214_004236_s1/13960595/ccs,1,26,2,15,205,CAA_interrupted,60
Control_11,m84137_260214_004236_s1/27133910/ccs,1,26,2,15,205,CAA_interrupted,60
Control_11,m84137_260214_004236_s1/33949206/ccs,1,26,2,15,205,CAA_interrupted,60
Control_11,m84137_260214_004236_s1/27658139/ccs,1,26,2,15,205,CAA_interrupted,60
Control_11,m84137_260214_004236_s1/34472451/ccs,1,26,2,15,205,CAA_interrupted,60
Control_11,m84137_260214_004236_s1/56164607/ccs,1,26,2,15,205,CAA_interrupted,60
Control_11,m84137_260214_004236_s1/55968632/ccs,1,26,2,15,205,CAA_interrupted,60
Control_11,m84137_260214_004236_s1/56363970/ccs,1,26,2,15,205,CAA_interrupted,60
Control_11,m84137_260214_004236_s1/32573247/ccs,1,26,2,15,205,CAA_interrupted,60
Control_11,m84137_260214_004236_s1/56691683/ccs,1,26,2,15,205,CAA_interrupted,60
Control_11,m84137_260214_004236_s1/56755746/ccs,1,26,2,15,205,CAA_interrupted,60
Control_11,m84137_260214_004236_s1/16319627/ccs,1,26,2,15,205,CAA_interrupted,60
Control_11,m84137_260214_004236_s1/16384567/ccs,1,26,2,15,205,CAA_interrupted,60
Control_11,m84137_260214_004236_s1/39846513/ccs,1,26,2,15,205,CAA_interrupted,60
Control_11,m84137_260214_004236_s1/37553400/ccs,1,26,2,15,205,CAA_interrupted,60
Control_11,m84137_260214_004236_s1/41551558/ccs,1,26,2,15,205,CAA_interrupted,60
Control_11,m84137_260214_004236_s1/37685313/ccs,1,26,2,15,205,CAA_interrupted,60
Control_11,m84137_260214_004236_s1/59378093/ccs,1,26,2,15,205,CAA_interrupted,60
Control_11,m84137_260214_004236_s1/46531661/ccs,1,26,2,15,205,CAA_interrupted,60
Control_11,m84137_260214_004236_s1/53413843/ccs,1,26,2,15,205,CAA_interrupted,60
Control_11,m84137_260214_004236_s1/42076665/ccs,1,26,2,15,205,CAA_interrupted,60
Control_11,m84137_260214_004236_s1/53872726/ccs,1,26,2,15,205,CAA_interrupted,60
Control_11,m84137_260214_004236_s1/38929690/ccs,1,26,2,15,205,CAA_interrupted,60
Control_11,m84137_260214_004236_s1/61081995/ccs,1,26,2,15,205,CAA_interrupted,60
Control_11,m84137_260214_004236_s1/54657214/ccs,1,26,2,15,205,CAA_interrupted,60
Control_11,m84137_260214_004236_s1/55380192/ccs,1,26,2,15,205,CAA_interrupted,60
Control_11,m84137_260214_004236_s1/55378607/ccs,1,26,2,15,205,CAA_interrupted,60
Control_11,m84137_260214_004236_s1/67635950/ccs,1,26,2,15,205,CAA_interrupted,60
Control_11,m84137_260214_004236_s1/97125973/ccs,1,26,2,15,205,CAA_interrupted,60
Control_11,m84137_260214_004236_s1/230623264/ccs,1,26,2,15,205,CAA_interrupted,60
Control_11,m84137_260214_004236_s1/221252134/ccs,1,26,2,15,205,CAA_interrupted,60
Control_11,m84137_260214_004236_s1/204867004/ccs,1,26,2,15,205,CAA_interrupted,60
Control_11,m84137_260214_004236_s1/252642045/ccs,1,26,2,15,205,CAA_interrupted,60
Control_11,m84137_260214_004236_s1/25826137/ccs,1,26,2,15,205,CAA_interrupted,60
Control_11,m84137_260214_004236_s1/35001545/ccs,1,26,2,15,205,CAA_interrupted,60
Control_11,m84137_260214_004236_s1/66721702/ccs,1,26,2,15,205,CAA_interrupted,60
Control_11,m84137_260214_004236_s1/143986056/ccs,1,26,2,15,205,CAA_interrupted,60
Control_11,m84137_260214_004236_s1/161879995/ccs,1,26,2,15,205,CAA_interrupted,60
Control_11,m84137_260214_004236_s1/220468606/ccs,1,26,2,15,205,CAA_interrupted,60
Control_11,m84137_260214_004236_s1/261755767/ccs,1,26,2,15,205,CAA_interrupted,60
Control_11,m84137_260214_004236_s1/23333811/ccs,1,26,2,15,205,CAA_interrupted,60
Control_11,m84137_260214_004236_s1/17697012/ccs,1,26,2,15,205,CAA_interrupted,60
Control_11,m84137_260214_004236_s1/13370637/ccs,1,26,2,15,205,CAA_interrupted,60
Control_11,m84137_260214_004236_s1/15469179/ccs,1,26,2,15,205,CAA_interrupted,60
Control_11,m84137_260214_004236_s1/49548060/ccs,1,26,2,15,205,CAA_interrupted,60
Control_11,m84137_260214_004236_s1/79234181/ccs,1,26,2,15,205,CAA_interrupted,60
Control_11,m84137_260214_004236_s1/87819019/ccs,1,26,2,15,205,CAA_interrupted,60
Control_11,m84137_260214_004236_s1/99552110/ccs,1,26,2,15,205,CAA_interrupted,60
Control_11,m84137_260214_004236_s1/83625180/ccs,1,26,2,15,205,CAA_interrupted,60
Control_11,m84137_260214_004236_s1/120391968/ccs,1,26,2,15,205,CAA_interrupted,60
Control_11,m84137_260214_004236_s1/111477549/ccs,1,26,2,15,205,CAA_interrupted,60
Control_11,m84137_260214_004236_s1/133759735/ccs,1,26,2,15,205,CAA_interrupted,60
Control_11,m84137_260214_004236_s1/154929108/ccs,1,26,2,15,205,CAA_interrupted,60
Control_11,m84137_260214_004236_s1/145819992/ccs,1,26,2,15,205,CAA_interrupted,60
Control_11,m84137_260214_004236_s1/164495827/ccs,1,26,2,15,205,CAA_interrupted,60
Control_11,m84137_260214_004236_s1/164758578/ccs,1,26,2,15,205,CAA_interrupted,60
Control_11,m84137_260214_004236_s1/169870493/ccs,1,26,2,15,205,CAA_interrupted,60
Control_11,m84137_260214_004236_s1/174852156/ccs,1,26,2,15,205,CAA_interrupted,60
Control_11,m84137_260214_004236_s1/215941847/ccs,1,26,2,15,205,CAA_interrupted,60
Control_11,m84137_260214_004236_s1/111088851/ccs,1,26,2,15,205,CAA_interrupted,60
Control_11,m84137_260214_004236_s1/111480132/ccs,1,26,2,15,205,CAA_interrupted,60
Control_11,m84137_260214_004236_s1/137827216/ccs,1,26,2,15,205,CAA_interrupted,60
Control_11,m84137_260214_004236_s1/137695676/ccs,1,26,2,15,205,CAA_interrupted,60
Control_11,m84137_260214_004236_s1/163319708/ccs,1,26,2,15,205,CAA_interrupted,60
Control_11,m84137_260214_004236_s1/186062128/ccs,1,26,2,15,205,CAA_interrupted,60
Control_11,m84137_260214_004236_s1/164957972/ccs,1,26,2,15,205,CAA_interrupted,60
Control_11,m84137_260214_004236_s1/165154359/ccs,1,26,2,15,205,CAA_interrupted,60
Control_11,m84137_260214_004236_s1/165221880/ccs,1,26,2,15,205,CAA_interrupted,60
Control_11,m84137_260214_004236_s1/165680709/ccs,1,26,2,15,205,CAA_interrupted,60
Control_11,m84137_260214_004236_s1/169482128/ccs,1,26,2,15,205,CAA_interrupted,60
Control_11,m84137_260214_004236_s1/175444142/ccs,1,26,2,15,205,CAA_interrupted,60
Control_11,m84137_260214_004236_s1/188289267/ccs,1,26,2,15,205,CAA_interrupted,60
Control_11,m84137_260214_004236_s1/166989285/ccs,1,26,2,15,205,CAA_interrupted,60
Control_11,m84137_260214_004236_s1/167318921/ccs,1,26,2,15,205,CAA_interrupted,60
Control_11,m84137_260214_004236_s1/189076563/ccs,1,26,2,15,205,CAA_interrupted,60
Control_11,m84137_260214_004236_s1/192812195/ccs,1,26,2,15,205,CAA_interrupted,60
Control_11,m84137_260214_004236_s1/173149783/ccs,1,26,2,15,205,CAA_interrupted,60
Control_11,m84137_260214_004236_s1/150345190/ccs,1,26,2,15,205,CAA_interrupted,60
Control_11,m84137_260214_004236_s1/197072355/ccs,1,26,2,15,205,CAA_interrupted,60
Control_11,m84137_260214_004236_s1/207229851/ccs,1,26,2,15,205,CAA_interrupted,60
Control_11,m84137_260214_004236_s1/197465811/ccs,1,26,2,15,205,CAA_interrupted,60
Control_11,m84137_260214_004236_s1/220205880/ccs,1,26,2,15,205,CAA_interrupted,60
Control_11,m84137_260214_004236_s1/224007474/ccs,1,26,2,15,205,CAA_interrupted,60
Control_11,m84137_260214_004236_s1/222565591/ccs,1,26,2,15,205,CAA_interrupted,60
Control_11,m84137_260214_004236_s1/223482289/ccs,1,26,2,15,205,CAA_interrupted,60
Control_11,m84137_260214_004236_s1/210571392/ccs,1,26,2,15,205,CAA_interrupted,60
Control_11,m84137_260214_004236_s1/200415059/ccs,1,26,2,15,205,CAA_interrupted,60
Control_11,m84137_260214_004236_s1/200347987/ccs,1,26,2,15,205,CAA_interrupted,60
Control_11,m84137_260214_004236_s1/206444427/ccs,1,26,2,15,205,CAA_interrupted,60
Control_11,m84137_260214_004236_s1/183046686/ccs,1,26,2,15,205,CAA_interrupted,60
Control_11,m84137_260214_004236_s1/212277085/ccs,1,26,2,15,205,CAA_interrupted,60
Control_11,m84137_260214_004236_s1/168301344/ccs,1,26,2,15,205,CAA_interrupted,60
Control_11,m84137_260214_004236_s1/36769497/ccs,1,26,2,15,205,CAA_interrupted,60
Control_11,m84137_260214_004236_s1/13634708/ccs,1,26,2,15,205,CAA_interrupted,60
Control_11,m84137_260214_004236_s1/61804814/ccs,1,26,2,15,205,CAA_interrupted,60
Control_11,m84137_260214_004236_s1/54661292/ccs,1,26,2,15,205,CAA_interrupted,60
Control_11,m84137_260214_004236_s1/55119750/ccs,1,26,2,15,205,CAA_interrupted,60
Control_11,m84137_260214_004236_s1/15209034/ccs,1,26,2,15,205,CAA_interrupted,60
Control_11,m84137_260214_004236_s1/59773829/ccs,1,26,2,15,205,CAA_interrupted,60
Control_11,m84137_260214_004236_s1/44437107/ccs,1,26,2,15,205,CAA_interrupted,60
Control_11,m84137_260214_004236_s1/70260505/ccs,1,26,2,15,205,CAA_interrupted,60
Control_11,m84137_260214_004236_s1/65868606/ccs,1,26,2,15,205,CAA_interrupted,60
Control_11,m84137_260214_004236_s1/89787454/ccs,1,26,2,15,205,CAA_interrupted,60
Control_11,m84137_260214_004236_s1/66589454/ccs,1,26,2,15,205,CAA_interrupted,60
Control_11,m84137_260214_004236_s1/47190438/ccs,1,26,2,15,205,CAA_interrupted,60
Control_11,m84137_260214_004236_s1/72618490/ccs,1,26,2,15,205,CAA_interrupted,60
Control_11,m84137_260214_004236_s1/95753460/ccs,1,26,2,15,205,CAA_interrupted,60
Control_11,m84137_260214_004236_s1/91886097/ccs,1,26,2,15,205,CAA_interrupted,60
Control_11,m84137_260214_004236_s1/48762291/ccs,1,26,2,15,205,CAA_interrupted,60
Control_11,m84137_260214_004236_s1/97063066/ccs,1,26,2,15,205,CAA_interrupted,60
Control_11,m84137_260214_004236_s1/97522269/ccs,1,26,2,15,205,CAA_interrupted,60
Control_11,m84137_260214_004236_s1/97586588/ccs,1,26,2,15,205,CAA_interrupted,60
Control_11,m84137_260214_004236_s1/93850774/ccs,1,26,2,15,205,CAA_interrupted,60
Control_11,m84137_260214_004236_s1/79040903/ccs,1,26,2,15,205,CAA_interrupted,60
Control_11,m84137_260214_004236_s1/98962621/ccs,1,26,2,15,205,CAA_interrupted,60
Control_11,m84137_260214_004236_s1/79828906/ccs,1,26,2,15,205,CAA_interrupted,60
Control_11,m84137_260214_004236_s1/104336928/ccs,1,26,2,15,205,CAA_interrupted,60
Control_11,m84137_260214_004236_s1/99291975/ccs,1,26,2,15,205,CAA_interrupted,60
Control_11,m84137_260214_004236_s1/125637543/ccs,1,26,2,15,205,CAA_interrupted,60
Control_11,m84137_260214_004236_s1/122885624/ccs,1,26,2,15,205,CAA_interrupted,60
Control_11,m84137_260214_004236_s1/134550980/ccs,1,26,2,15,205,CAA_interrupted,60
Control_11,m84137_260214_004236_s1/109647636/ccs,1,26,2,15,205,CAA_interrupted,60
Control_11,m84137_260214_004236_s1/151457046/ccs,1,26,2,15,205,CAA_interrupted,60
Control_11,m84137_260214_004236_s1/110826953/ccs,1,26,2,15,205,CAA_interrupted,60
Control_11,m84137_260214_004236_s1/126882084/ccs,1,26,2,15,205,CAA_interrupted,60
Control_11,m84137_260214_004236_s1/153682329/ccs,1,26,2,15,205,CAA_interrupted,60
Control_11,m84137_260214_004236_s1/133236734/ccs,1,26,2,15,205,CAA_interrupted,60
Control_11,m84137_260214_004236_s1/137365834/ccs,1,26,2,15,205,CAA_interrupted,60
Control_11,m84137_260214_004236_s1/134153825/ccs,1,26,2,15,205,CAA_interrupted,60
Control_11,m84137_260214_004236_s1/134155177/ccs,1,26,2,15,205,CAA_interrupted,60
Control_11,m84137_260214_004236_s1/159121481/ccs,1,26,2,15,205,CAA_interrupted,60
Control_11,m84137_260214_004236_s1/164430468/ccs,1,26,2,15,205,CAA_interrupted,60
Control_11,m84137_260214_004236_s1/143525792/ccs,1,26,2,15,205,CAA_interrupted,60
Control_11,m84137_260214_004236_s1/164891028/ccs,1,26,2,15,205,CAA_interrupted,60
Control_11,m84137_260214_004236_s1/144180342/ccs,1,26,2,15,205,CAA_interrupted,60
Control_11,m84137_260214_004236_s1/145097471/ccs,1,26,2,15,205,CAA_interrupted,60
Control_11,m84137_260214_004236_s1/148244543/ccs,1,26,2,15,205,CAA_interrupted,60
Control_11,m84137_260214_004236_s1/190121084/ccs,1,26,2,15,205,CAA_interrupted,60
Control_11,m84137_260214_004236_s1/173803151/ccs,1,26,2,15,205,CAA_interrupted,60
Control_11,m84137_260214_004236_s1/186976316/ccs,1,26,2,15,205,CAA_interrupted,60
Control_11,m84137_260214_004236_s1/187170918/ccs,1,26,2,15,205,CAA_interrupted,60
Control_11,m84137_260214_004236_s1/170788230/ccs,1,26,2,15,205,CAA_interrupted,60
Control_11,m84137_260214_004236_s1/170787557/ccs,1,26,2,15,205,CAA_interrupted,60
Control_11,m84137_260214_004236_s1/175178204/ccs,1,26,2,15,205,CAA_interrupted,60
Control_11,m84137_260214_004236_s1/150603711/ccs,1,26,2,15,205,CAA_interrupted,60
Control_11,m84137_260214_004236_s1/179110572/ccs,1,26,2,15,205,CAA_interrupted,60
Control_11,m84137_260214_004236_s1/172098919/ccs,1,26,2,15,205,CAA_interrupted,60
Control_11,m84137_260214_004236_s1/198182979/ccs,1,26,2,15,205,CAA_interrupted,60
Control_11,m84137_260214_004236_s1/194249267/ccs,1,26,2,15,205,CAA_interrupted,60
Control_11,m84137_260214_004236_s1/180292046/ccs,1,26,2,15,205,CAA_interrupted,60
Control_11,m84137_260214_004236_s1/218956513/ccs,1,26,2,15,205,CAA_interrupted,60
Control_11,m84137_260214_004236_s1/195036735/ccs,1,26,2,15,205,CAA_interrupted,60
Control_11,m84137_260214_004236_s1/219810778/ccs,1,26,2,15,205,CAA_interrupted,60
Control_11,m84137_260214_004236_s1/201853401/ccs,1,26,2,15,205,CAA_interrupted,60
Control_11,m84137_260214_004236_s1/202180812/ccs,1,26,2,15,205,CAA_interrupted,60
Control_11,m84137_260214_004236_s1/220726321/ccs,1,26,2,15,205,CAA_interrupted,60
Control_11,m84137_260214_004236_s1/207882512/ccs,1,26,2,15,205,CAA_interrupted,60
Control_11,m84137_260214_004236_s1/200540626/ccs,1,26,2,15,205,CAA_interrupted,60
Control_11,m84137_260214_004236_s1/48825176/ccs,1,26,2,15,205,CAA_interrupted,60
Control_11,m84137_260214_004236_s1/65142947/ccs,1,26,2,15,205,CAA_interrupted,60
Control_11,m84137_260214_004236_s1/65734358/ccs,1,26,2,15,205,CAA_interrupted,60
Control_11,m84137_260214_004236_s1/68551352/ccs,1,26,2,15,205,CAA_interrupted,60
Control_11,m84137_260214_004236_s1/68618825/ccs,1,26,2,15,205,CAA_interrupted,60
Control_11,m84137_260214_004236_s1/73466408/ccs,1,26,2,15,205,CAA_interrupted,60
Control_11,m84137_260214_004236_s1/49545743/ccs,1,26,2,15,205,CAA_interrupted,60
Control_11,m84137_260214_004236_s1/50136647/ccs,1,26,2,15,205,CAA_interrupted,60
Control_11,m84137_260214_004236_s1/66980121/ccs,1,26,2,15,205,CAA_interrupted,60
Control_11,m84137_260214_004236_s1/75169903/ccs,1,26,2,15,205,CAA_interrupted,60
Control_11,m84137_260214_004236_s1/86640933/ccs,1,26,2,15,205,CAA_interrupted,60
Control_11,m84137_260214_004236_s1/97648766/ccs,1,26,2,15,205,CAA_interrupted,60
Control_11,m84137_260214_004236_s1/97649446/ccs,1,26,2,15,205,CAA_interrupted,60
Control_11,m84137_260214_004236_s1/100861745/ccs,1,26,2,15,205,CAA_interrupted,60
Control_11,m84137_260214_004236_s1/97977908/ccs,1,26,2,15,205,CAA_interrupted,60
Control_11,m84137_260214_004236_s1/88869326/ccs,1,26,2,15,205,CAA_interrupted,60
Control_11,m84137_260214_004236_s1/81660132/ccs,1,26,2,15,205,CAA_interrupted,60
Control_11,m84137_260214_004236_s1/98894844/ccs,1,26,2,15,205,CAA_interrupted,60
Control_11,m84137_260214_004236_s1/106562635/ccs,1,26,2,15,205,CAA_interrupted,60
Control_11,m84137_260214_004236_s1/118687695/ccs,1,26,2,15,205,CAA_interrupted,60
Control_11,m84137_260214_004236_s1/100336049/ccs,1,26,2,15,205,CAA_interrupted,60
Control_11,m84137_260214_004236_s1/103090342/ccs,1,26,2,15,205,CAA_interrupted,60
Control_11,m84137_260214_004236_s1/119801373/ccs,1,26,2,15,205,CAA_interrupted,60
Control_11,m84137_260214_004236_s1/119736696/ccs,1,26,2,15,205,CAA_interrupted,60
Control_11,m84137_260214_004236_s1/119802528/ccs,1,26,2,15,205,CAA_interrupted,60
Control_11,m84137_260214_004236_s1/112330921/ccs,1,26,2,15,205,CAA_interrupted,60
Control_11,m84137_260214_004236_s1/109118348/ccs,1,26,2,15,205,CAA_interrupted,60
Control_11,m84137_260214_004236_s1/121110857/ccs,1,26,2,15,205,CAA_interrupted,60
Control_11,m84137_260214_004236_s1/126091496/ccs,1,26,2,15,205,CAA_interrupted,60
Control_11,m84137_260214_004236_s1/135398414/ccs,1,26,2,15,205,CAA_interrupted,60
Control_11,m84137_260214_004236_s1/136118870/ccs,1,26,2,15,205,CAA_interrupted,60
Control_11,m84137_260214_004236_s1/136907502/ccs,1,26,2,15,205,CAA_interrupted,60
Control_11,m84137_260214_004236_s1/250151006/ccs,1,26,2,15,205,CAA_interrupted,60
Control_11,m84137_260214_004236_s1/33625285/ccs,1,26,2,15,205,CAA_interrupted,60
Control_11,m84137_260214_004236_s1/33756922/ccs,1,26,2,15,205,CAA_interrupted,60
Control_11,m84137_260214_004236_s1/51908994/ccs,1,26,2,15,205,CAA_interrupted,60
Control_11,m84137_260214_004236_s1/56693347/ccs,1,26,2,15,205,CAA_interrupted,60
Control_11,m84137_260214_004236_s1/57020702/ccs,1,26,2,15,205,CAA_interrupted,60
Control_11,m84137_260214_004236_s1/85134578/ccs,1,26,2,15,205,CAA_interrupted,60
Control_11,m84137_260214_004236_s1/45487221/ccs,1,26,2,15,205,CAA_interrupted,60
Control_11,m84137_260214_004236_s1/70980923/ccs,1,26,2,15,205,CAA_interrupted,60
Control_11,m84137_260214_004236_s1/86708938/ccs,1,26,2,15,205,CAA_interrupted,60
Control_11,m84137_260214_004236_s1/48238134/ccs,1,26,2,15,205,CAA_interrupted,60
Control_11,m84137_260214_004236_s1/100405772/ccs,1,26,2,15,205,CAA_interrupted,60
Control_11,m84137_260214_004236_s1/122293806/ccs,1,26,2,15,205,CAA_interrupted,60
Control_11,m84137_260214_004236_s1/139398953/ccs,1,26,2,15,205,CAA_interrupted,60
Control_11,m84137_260214_004236_s1/143199506/ccs,1,26,2,15,205,CAA_interrupted,60
Control_11,m84137_260214_004236_s1/116985354/ccs,1,26,2,15,205,CAA_interrupted,60
Control_11,m84137_260214_004236_s1/117184219/ccs,1,26,2,15,205,CAA_interrupted,60
Control_11,m84137_260214_004236_s1/175967842/ccs,1,26,2,15,205,CAA_interrupted,60
Control_11,m84137_260214_004236_s1/148835422/ccs,1,26,2,15,205,CAA_interrupted,60
Control_11,m84137_260214_004236_s1/178260993/ccs,1,26,2,15,205,CAA_interrupted,60
Control_11,m84137_260214_004236_s1/198840209/ccs,1,26,2,15,205,CAA_interrupted,60
Control_11,m84137_260214_004236_s1/202773514/ccs,1,26,2,15,205,CAA_interrupted,60
Control_11,m84137_260214_004236_s1/200152248/ccs,1,26,2,15,205,CAA_interrupted,60
Control_11,m84137_260214_004236_s1/205786550/ccs,1,26,2,15,205,CAA_interrupted,60
Control_11,m84137_260214_004236_s1/228789794/ccs,1,26,2,15,205,CAA_interrupted,60
Control_11,m84137_260214_004236_s1/233640833/ccs,1,26,2,15,205,CAA_interrupted,60
Control_11,m84137_260214_004236_s1/257168839/ccs,1,26,2,15,205,CAA_interrupted,60
Control_11,m84137_260214_004236_s1/11340255/ccs,1,26,2,15,205,CAA_interrupted,60
Control_11,m84137_260214_004236_s1/11403559/ccs,1,26,2,15,205,CAA_interrupted,60
Control_11,m84137_260214_004236_s1/22741168/ccs,1,26,2,15,205,CAA_interrupted,60
Control_11,m84137_260214_004236_s1/12518576/ccs,1,26,2,15,205,CAA_interrupted,60
Control_11,m84137_260214_004236_s1/18612769/ccs,1,26,2,15,205,CAA_interrupted,60
Control_11,m84137_260214_004236_s1/200999631/ccs,1,26,2,15,205,CAA_interrupted,60
Control_11,m84137_260214_004236_s1/208407424/ccs,1,26,2,15,205,CAA_interrupted,60
Control_11,m84137_260214_004236_s1/225249357/ccs,1,26,2,15,205,CAA_interrupted,60
Control_11,m84137_260214_004236_s1/203949215/ccs,1,26,2,15,205,CAA_interrupted,60
Control_11,m84137_260214_004236_s1/204277068/ccs,1,26,2,15,205,CAA_interrupted,60
Control_11,m84137_260214_004236_s1/222693899/ccs,1,26,2,15,205,CAA_interrupted,60
Control_11,m84137_260214_004236_s1/204408628/ccs,1,26,2,15,205,CAA_interrupted,60
Control_11,m84137_260214_004236_s1/223151318/ccs,1,26,2,15,205,CAA_interrupted,60
Control_11,m84137_260214_004236_s1/230817869/ccs,1,26,2,15,205,CAA_interrupted,60
Control_11,m84137_260214_004236_s1/205457728/ccs,1,26,2,15,205,CAA_interrupted,60
Control_11,m84137_260214_004236_s1/231148526/ccs,1,26,2,15,205,CAA_interrupted,60
Control_11,m84137_260214_004236_s1/205850958/ccs,1,26,2,15,205,CAA_interrupted,60
Control_11,m84137_260214_004236_s1/211618525/ccs,1,26,2,15,205,CAA_interrupted,60
Control_11,m84137_260214_004236_s1/211683817/ccs,1,26,2,15,205,CAA_interrupted,60
Control_11,m84137_260214_004236_s1/252249091/ccs,1,26,2,15,205,CAA_interrupted,60
Control_11,m84137_260214_004236_s1/252185212/ccs,1,26,2,15,205,CAA_interrupted,60
Control_11,m84137_260214_004236_s1/231671019/ccs,1,26,2,15,205,CAA_interrupted,60
Control_11,m84137_260214_004236_s1/212469431/ccs,1,26,2,15,205,CAA_interrupted,60
Control_11,m84137_260214_004236_s1/212469121/ccs,1,26,2,15,205,CAA_interrupted,60
Control_11,m84137_260214_004236_s1/212403687/ccs,1,26,2,15,205,CAA_interrupted,60
Control_11,m84137_260214_004236_s1/214697902/ccs,1,26,2,15,205,CAA_interrupted,60
Control_11,m84137_260214_004236_s1/228853541/ccs,1,26,2,15,205,CAA_interrupted,60
Control_11,m84137_260214_004236_s1/241172926/ccs,1,26,2,15,205,CAA_interrupted,60
Control_11,m84137_260214_004236_s1/233376658/ccs,1,26,2,15,205,CAA_interrupted,60
Control_11,m84137_260214_004236_s1/236913193/ccs,1,26,2,15,205,CAA_interrupted,60
Control_11,m84137_260214_004236_s1/237109782/ccs,1,26,2,15,205,CAA_interrupted,60
Control_11,m84137_260214_004236_s1/255657952/ccs,1,26,2,15,205,CAA_interrupted,60
Control_11,m84137_260214_004236_s1/259391829/ccs,1,26,2,15,205,CAA_interrupted,60
Control_11,m84137_260214_004236_s1/256901931/ccs,1,26,2,15,205,CAA_interrupted,60
Control_11,m84137_260214_004236_s1/263586400/ccs,1,26,2,15,205,CAA_interrupted,60
Control_11,m84137_260214_004236_s1/239143090/ccs,1,26,2,15,205,CAA_interrupted,60
Control_11,m84137_260214_004236_s1/16781601/ccs,1,26,2,15,205,CAA_interrupted,60
Control_11,m84137_260214_004236_s1/260704369/ccs,1,26,2,15,205,CAA_interrupted,60
Control_11,m84137_260214_004236_s1/246417868/ccs,1,26,2,15,205,CAA_interrupted,60
Control_11,m84137_260214_004236_s1/260901451/ccs,1,26,2,15,205,CAA_interrupted,60
Control_11,m84137_260214_004236_s1/264570840/ccs,1,26,2,15,205,CAA_interrupted,60
Control_11,m84137_260214_004236_s1/261686295/ccs,1,26,2,15,205,CAA_interrupted,60
Control_11,m84137_260214_004236_s1/245237123/ccs,1,26,2,15,205,CAA_interrupted,60
Control_11,m84137_260214_004236_s1/245302466/ccs,1,26,2,15,205,CAA_interrupted,60
Control_11,m84137_260214_004236_s1/2036082/ccs,1,26,2,15,205,CAA_interrupted,60
Control_11,m84137_260214_004236_s1/22613199/ccs,1,26,2,15,205,CAA_interrupted,60
Control_11,m84137_260214_004236_s1/23596924/ccs,1,26,2,15,205,CAA_interrupted,60
Control_11,m84137_260214_004236_s1/267192352/ccs,1,26,2,15,205,CAA_interrupted,60
Control_11,m84137_260214_004236_s1/249102659/ccs,1,26,2,15,205,CAA_interrupted,60
Control_11,m84137_260214_004236_s1/267256676/ccs,1,26,2,15,205,CAA_interrupted,60
Control_11,m84137_260214_004236_s1/20254046/ccs,1,26,2,15,205,CAA_interrupted,60
Control_11,m84137_260214_004236_s1/249628874/ccs,1,26,2,15,205,CAA_interrupted,60
Control_11,m84137_260214_004236_s1/20778358/ccs,1,26,2,15,205,CAA_interrupted,60
Control_11,m84137_260214_004236_s1/250086633/ccs,1,26,2,15,205,CAA_interrupted,60
Control_11,m84137_260214_004236_s1/28316887/ccs,1,26,2,15,205,CAA_interrupted,60
Control_11,m84137_260214_004236_s1/7213969/ccs,1,26,2,15,205,CAA_interrupted,60
Control_11,m84137_260214_004236_s1/250610351/ccs,1,26,2,15,205,CAA_interrupted,60
Control_11,m84137_260214_004236_s1/21565005/ccs,1,26,2,15,205,CAA_interrupted,60
Control_11,m84137_260214_004236_s1/21761103/ccs,1,26,2,15,205,CAA_interrupted,60
Control_11,m84137_260214_004236_s1/25431985/ccs,1,26,2,15,205,CAA_interrupted,60
Control_11,m84137_260214_004236_s1/251136053/ccs,1,26,2,15,205,CAA_interrupted,60
Control_11,m84137_260214_004236_s1/29824544/ccs,1,26,2,15,205,CAA_interrupted,60
Control_11,m84137_260214_004236_s1/51123676/ccs,1,26,2,15,205,CAA_interrupted,60
Control_11,m84137_260214_004236_s1/51319705/ccs,1,26,2,15,205,CAA_interrupted,60
Control_11,m84137_260214_004236_s1/27136286/ccs,1,26,2,15,205,CAA_interrupted,60
Control_11,m84137_260214_004236_s1/51515354/ccs,1,26,2,15,205,CAA_interrupted,60
Control_11,m84137_260214_004236_s1/35590665/ccs,1,26,2,15,205,CAA_interrupted,60
Control_11,m84137_260214_004236_s1/30807541/ccs,1,26,2,15,205,CAA_interrupted,60
Control_11,m84137_260214_004236_s1/35787267/ccs,1,26,2,15,205,CAA_interrupted,60
Control_11,m84137_260214_004236_s1/35787715/ccs,1,26,2,15,205,CAA_interrupted,60
Control_11,m84137_260214_004236_s1/12980721/ccs,1,26,2,15,205,CAA_interrupted,60
Control_11,m84137_260214_004236_s1/153881435/ccs,1,26,2,15,205,CAA_interrupted,60
Control_11,m84137_260214_004236_s1/82710195/ccs,1,26,2,15,205,CAA_interrupted,60
Control_11,m84137_260214_004236_s1/149226078/ccs,1,26,2,15,205,CAA_interrupted,60
Control_11,m84137_260214_004236_s1/192088003/ccs,1,26,2,15,205,CAA_interrupted,60
Control_11,m84137_260214_004236_s1/98897175/ccs,1,26,2,15,205,CAA_interrupted,60
Control_11,m84137_260214_004236_s1/103944371/ccs,1,26,2,15,205,CAA_interrupted,60
Control_11,m84137_260214_004236_s1/210829665/ccs,1,26,2,15,205,CAA_interrupted,60
Control_11,m84137_260214_004236_s1/235934690/ccs,1,26,2,15,205,CAA_interrupted,60
Control_11,m84137_260214_004236_s1/222168524/ccs,1,26,2,15,205,CAA_interrupted,60
Control_11,m84137_260214_004236_s1/234684792/ccs,1,26,2,15,205,CAA_interrupted,60
Control_11,m84137_260214_004236_s1/144180285/ccs,1,26,2,15,205,CAA_interrupted,60
Control_11,m84137_260214_004236_s1/252774827/ccs,1,26,2,15,205,CAA_interrupted,60
Control_11,m84137_260214_004236_s1/92934044/ccs,1,26,2,15,205,CAA_interrupted,60
Control_11,m84137_260214_004236_s1/77530154/ccs,1,26,2,15,205,CAA_interrupted,60
Control_11,m84137_260214_004236_s1/196216771/ccs,1,26,2,15,205,CAA_interrupted,60
Control_11,m84137_260214_004236_s1/195167480/ccs,1,26,2,15,205,CAA_interrupted,60
Control_11,m84137_260214_004236_s1/214566083/ccs,1,26,2,15,205,CAA_interrupted,60
Control_11,m84137_260214_004236_s1/79695949/ccs,1,26,2,15,205,CAA_interrupted,60
Control_11,m84137_260214_004236_s1/158864268/ccs,1,26,2,15,205,CAA_interrupted,60
Control_11,m84137_260214_004236_s1/175705938/ccs,1,26,2,15,205,CAA_interrupted,60
Control_11,m84137_260214_004236_s1/171250863/ccs,1,26,2,15,205,CAA_interrupted,60
Control_11,m84137_260214_004236_s1/247534838/ccs,1,26,2,15,205,CAA_interrupted,60
Control_11,m84137_260214_004236_s1/28246627/ccs,1,26,2,15,205,CAA_interrupted,60
Control_11,m84137_260214_004236_s1/24183178/ccs,1,26,2,15,205,CAA_interrupted,60
Control_11,m84137_260214_004236_s1/13107267/ccs,1,26,2,15,205,CAA_interrupted,60
Control_11,m84137_260214_004236_s1/25430486/ccs,1,26,2,15,205,CAA_interrupted,60
Control_11,m84137_260214_004236_s1/34013345/ccs,1,26,2,15,205,CAA_interrupted,60
Control_11,m84137_260214_004236_s1/45221018/ccs,1,26,2,15,205,CAA_interrupted,60
Control_11,m84137_260214_004236_s1/36635502/ccs,1,26,2,15,205,CAA_interrupted,60
Control_11,m84137_260214_004236_s1/63702298/ccs,1,26,2,15,205,CAA_interrupted,60
Control_11,m84137_260214_004236_s1/72942991/ccs,1,26,2,15,205,CAA_interrupted,60
Control_11,m84137_260214_004236_s1/69337219/ccs,1,26,2,15,205,CAA_interrupted,60
Control_11,m84137_260214_004236_s1/84869368/ccs,1,26,2,15,205,CAA_interrupted,60
Control_11,m84137_260214_004236_s1/71500139/ccs,1,26,2,15,205,CAA_interrupted,60
Control_11,m84137_260214_004236_s1/71565523/ccs,1,26,2,15,205,CAA_interrupted,60
Control_11,m84137_260214_004236_s1/96995058/ccs,1,26,2,15,205,CAA_interrupted,60
Control_11,m84137_260214_004236_s1/83428124/ccs,1,26,2,15,205,CAA_interrupted,60
Control_11,m84137_260214_004236_s1/83494969/ccs,1,26,2,15,205,CAA_interrupted,60
Control_11,m84137_260214_004236_s1/130417702/ccs,1,26,2,15,205,CAA_interrupted,60
Control_11,m84137_260214_004236_s1/127336934/ccs,1,26,2,15,205,CAA_interrupted,60
Control_11,m84137_260214_004236_s1/138544094/ccs,1,26,2,15,205,CAA_interrupted,60
Control_11,m84137_260214_004236_s1/154731419/ccs,1,26,2,15,205,CAA_interrupted,60
Control_11,m84137_260214_004236_s1/163251849/ccs,1,25,3,15,205,CAA_interrupted,60
Control_11,m84137_260214_004236_s1/168626407/ccs,1,26,2,15,205,CAA_interrupted,60
Control_11,m84137_260214_004236_s1/170590993/ccs,1,26,2,15,205,CAA_interrupted,60
Control_11,m84137_260214_004236_s1/196085585/ccs,1,26,2,15,205,CAA_interrupted,60
Control_11,m84137_260214_004236_s1/192349616/ccs,1,26,2,15,205,CAA_interrupted,60
Control_11,m84137_260214_004236_s1/193530387/ccs,1,26,2,15,205,CAA_interrupted,60
Control_11,m84137_260214_004236_s1/177537467/ccs,1,26,2,15,205,CAA_interrupted,60
Control_11,m84137_260214_004236_s1/224331578/ccs,1,26,2,15,205,CAA_interrupted,60
Control_11,m84137_260214_004236_s1/225512242/ccs,1,26,2,15,205,CAA_interrupted,60
Control_11,m84137_260214_004236_s1/226362531/ccs,1,26,2,15,205,CAA_interrupted,60
Control_11,m84137_260214_004236_s1/256312312/ccs,1,26,2,15,205,CAA_interrupted,60
Control_11,m84137_260214_004236_s1/264044676/ccs,1,26,2,15,205,CAA_interrupted,60
Control_11,m84137_260214_004236_s1/22810098/ccs,1,26,2,15,205,CAA_interrupted,60
Control_11,m84137_260214_004236_s1/3280558/ccs,1,26,2,15,205,CAA_interrupted,60
Control_11,m84137_260214_004236_s1/6557241/ccs,1,26,2,15,205,CAA_interrupted,60
Control_11,m84137_260214_004236_s1/29560151/ccs,1,26,2,15,205,CAA_interrupted,60
Control_11,m84137_260214_004236_s1/56495678/ccs,1,26,2,15,205,CAA_interrupted,60
Control_11,m84137_260214_004236_s1/42013070/ccs,1,26,2,15,205,CAA_interrupted,60
Control_11,m84137_260214_004236_s1/62592346/ccs,1,26,2,15,205,CAA_interrupted,60
Control_11,m84137_260214_004236_s1/64951472/ccs,1,26,2,15,205,CAA_interrupted,60
Control_11,m84137_260214_004236_s1/48500757/ccs,1,26,2,15,205,CAA_interrupted,60
Control_11,m84137_260214_004236_s1/77403016/ccs,1,26,2,15,205,CAA_interrupted,60
Control_11,m84137_260214_004236_s1/119410670/ccs,1,26,2,15,205,CAA_interrupted,60
Control_11,m84137_260214_004236_s1/105910251/ccs,1,26,2,15,205,CAA_interrupted,60
Control_11,m84137_260214_004236_s1/69207022/ccs,1,26,2,15,205,CAA_interrupted,60
Control_11,m84137_260214_004236_s1/50069680/ccs,1,26,2,15,205,CAA_interrupted,60
Control_11,m84137_260214_004236_s1/74320736/ccs,1,26,2,15,205,CAA_interrupted,60
Control_11,m84137_260214_004236_s1/74646162/ccs,1,26,2,15,205,CAA_interrupted,60
Control_11,m84137_260214_004236_s1/92604495/ccs,1,27,2,14,205,CAA_interrupted,60
Control_11,m84137_260214_004236_s1/96209036/ccs,1,26,2,15,205,CAA_interrupted,60
Control_11,m84137_260214_004236_s1/76088297/ccs,1,26,2,15,205,CAA_interrupted,60
Control_11,m84137_260214_004236_s1/97255745/ccs,1,26,2,15,205,CAA_interrupted,60
Control_11,m84137_260214_004236_s1/72616926/ccs,1,26,2,15,205,CAA_interrupted,60
Control_11,m84137_260214_004236_s1/76679663/ccs,1,26,2,15,205,CAA_interrupted,60
Control_11,m84137_260214_004236_s1/98175469/ccs,1,26,2,15,205,CAA_interrupted,60
Control_11,m84137_260214_004236_s1/101058721/ccs,1,26,2,15,205,CAA_interrupted,60
Control_11,m84137_260214_004236_s1/77595782/ccs,1,26,2,15,205,CAA_interrupted,60
Control_11,m84137_260214_004236_s1/99157095/ccs,1,26,2,15,205,CAA_interrupted,60
Control_11,m84137_260214_004236_s1/107151414/ccs,1,26,2,15,205,CAA_interrupted,60
Control_11,m84137_260214_004236_s1/124323714/ccs,1,26,2,15,205,CAA_interrupted,60
Control_11,m84137_260214_004236_s1/111872906/ccs,1,26,2,15,205,CAA_interrupted,60
Control_11,m84137_260214_004236_s1/125504048/ccs,1,26,2,15,205,CAA_interrupted,60
Control_11,m84137_260214_004236_s1/121113135/ccs,1,26,2,15,205,CAA_interrupted,60
Control_11,m84137_260214_004236_s1/105449337/ccs,1,26,2,15,205,CAA_interrupted,60
Control_11,m84137_260214_004236_s1/129959396/ccs,1,26,2,15,205,CAA_interrupted,60
Control_11,m84137_260214_004236_s1/130026186/ccs,1,26,2,15,205,CAA_interrupted,60
Control_11,m84137_260214_004236_s1/127075594/ccs,1,26,2,15,205,CAA_interrupted,60
Control_11,m84137_260214_004236_s1/110692070/ccs,1,26,2,15,205,CAA_interrupted,60
Control_11,m84137_260214_004236_s1/151192388/ccs,1,26,2,15,205,CAA_interrupted,60
Control_11,m84137_260214_004236_s1/131530883/ccs,1,26,2,15,205,CAA_interrupted,60
Control_11,m84137_260214_004236_s1/111674460/ccs,1,26,2,15,205,CAA_interrupted,60
Control_11,m84137_260214_004236_s1/135726684/ccs,1,26,2,15,205,CAA_interrupted,60
Control_11,m84137_260214_004236_s1/156567831/ccs,1,26,2,15,205,CAA_interrupted,60
Control_11,m84137_260214_004236_s1/132385561/ccs,1,26,2,15,205,CAA_interrupted,60
Control_11,m84137_260214_004236_s1/137036420/ccs,1,26,2,15,205,CAA_interrupted,60
Control_11,m84137_260214_004236_s1/116132273/ccs,1,26,2,15,205,CAA_interrupted,60
Control_11,m84137_260214_004236_s1/116001204/ccs,1,26,2,15,205,CAA_interrupted,60
Control_11,m84137_260214_004236_s1/140904556/ccs,1,26,2,15,205,CAA_interrupted,60
Control_11,m84137_260214_004236_s1/153946948/ccs,1,26,2,15,205,CAA_interrupted,60
Control_11,m84137_260214_004236_s1/137627041/ccs,1,26,2,15,205,CAA_interrupted,60
Control_11,m84137_260214_004236_s1/154338034/ccs,1,26,2,15,205,CAA_interrupted,60
Control_11,m84137_260214_004236_s1/159122233/ccs,1,26,2,15,205,CAA_interrupted,60
Control_11,m84137_260214_004236_s1/162792459/ccs,1,26,2,15,205,CAA_interrupted,60
Control_11,m84137_260214_004236_s1/138544595/ccs,1,26,2,15,205,CAA_interrupted,60
Control_11,m84137_260214_004236_s1/155190994/ccs,1,26,2,15,205,CAA_interrupted,60
Control_11,m84137_260214_004236_s1/155322124/ccs,1,26,2,15,205,CAA_interrupted,60
Control_11,m84137_260214_004236_s1/143394462/ccs,1,26,2,15,205,CAA_interrupted,60
Control_11,m84137_260214_004236_s1/167971621/ccs,1,26,2,15,205,CAA_interrupted,60
Control_11,m84137_260214_004236_s1/160827094/ccs,1,26,2,15,205,CAA_interrupted,60
Control_11,m84137_260214_004236_s1/156501619/ccs,1,26,2,15,205,CAA_interrupted,60
Control_11,m84137_260214_004236_s1/164560984/ccs,1,26,2,15,205,CAA_interrupted,60
Control_11,m84137_260214_004236_s1/147259708/ccs,1,26,2,15,205,CAA_interrupted,60
Control_11,m84137_260214_004236_s1/147194010/ccs,1,26,2,15,205,CAA_interrupted,60
Control_11,m84137_260214_004236_s1/144376726/ccs,1,26,2,15,205,CAA_interrupted,60
Control_11,m84137_260214_004236_s1/152180098/ccs,1,26,2,15,205,CAA_interrupted,60
Control_11,m84137_260214_004236_s1/113774261/ccs,1,26,2,15,205,CAA_interrupted,60
Control_11,m84137_260214_004236_s1/114036129/ccs,1,26,2,15,205,CAA_interrupted,60
Control_11,m84137_260214_004236_s1/168301005/ccs,1,26,2,15,205,CAA_interrupted,60
Control_11,m84137_260214_004236_s1/191696071/ccs,1,26,2,15,205,CAA_interrupted,60
Control_11,m84137_260214_004236_s1/171905806/ccs,1,26,2,15,205,CAA_interrupted,60
Control_11,m84137_260214_004236_s1/149362038/ccs,1,26,2,15,205,CAA_interrupted,60
Control_11,m84137_260214_004236_s1/198579386/ccs,1,26,2,15,205,CAA_interrupted,60
Control_11,m84137_260214_004236_s1/221910413/ccs,1,26,2,15,205,CAA_interrupted,60
Control_11,m84137_260214_004236_s1/211228435/ccs,1,26,2,15,205,CAA_interrupted,60
Control_11,m84137_260214_004236_s1/236850573/ccs,1,26,2,15,205,CAA_interrupted,60
Control_11,m84137_260214_004236_s1/243209948/ccs,1,26,2,15,205,CAA_interrupted,60
Control_11,m84137_260214_004236_s1/23071466/ccs,1,26,2,15,205,CAA_interrupted,60
Control_11,m84137_260214_004236_s1/28640602/ccs,1,26,2,15,205,CAA_interrupted,60
Control_11,m84137_260214_004236_s1/28705758/ccs,1,26,2,15,205,CAA_interrupted,60
Control_11,m84137_260214_004236_s1/23462891/ccs,1,26,2,15,205,CAA_interrupted,60
Control_11,m84137_260214_004236_s1/23332339/ccs,1,26,2,15,205,CAA_interrupted,60
Control_11,m84137_260214_004236_s1/2165138/ccs,1,26,2,15,205,CAA_interrupted,60
Control_11,m84137_260214_004236_s1/6621310/ccs,1,26,2,15,205,CAA_interrupted,60
Control_11,m84137_260214_004236_s1/18155037/ccs,1,26,2,15,205,CAA_interrupted,60
Control_11,m84137_260214_004236_s1/24052792/ccs,1,26,2,15,205,CAA_interrupted,60
Control_11,m84137_260214_004236_s1/7667905/ccs,1,26,2,15,205,CAA_interrupted,60
Control_11,m84137_260214_004236_s1/24707238/ccs,1,26,2,15,205,CAA_interrupted,60
Control_11,m84137_260214_004236_s1/29820402/ccs,1,26,2,15,205,CAA_interrupted,60
Control_11,m84137_260214_004236_s1/24838351/ccs,1,26,2,15,205,CAA_interrupted,60
Control_11,m84137_260214_004236_s1/19663149/ccs,1,26,2,15,205,CAA_interrupted,60
Control_11,m84137_260214_004236_s1/30082079/ccs,1,26,2,15,205,CAA_interrupted,60
Control_11,m84137_260214_004236_s1/30278534/ccs,1,26,2,15,205,CAA_interrupted,60
Control_11,m84137_260214_004236_s1/8979226/ccs,1,26,2,15,205,CAA_interrupted,60
Control_11,m84137_260214_004236_s1/20513802/ccs,1,26,2,15,205,CAA_interrupted,60
Control_11,m84137_260214_004236_s1/20906043/ccs,1,26,2,15,205,CAA_interrupted,60
Control_11,m84137_260214_004236_s1/10683063/ccs,1,26,2,15,205,CAA_interrupted,60
Control_11,m84137_260214_004236_s1/10552857/ccs,1,26,2,15,205,CAA_interrupted,60
Control_11,m84137_260214_004236_s1/34474375/ccs,1,26,2,15,205,CAA_interrupted,60
Control_11,m84137_260214_004236_s1/50333920/ccs,1,26,2,15,205,CAA_interrupted,60
Control_11,m84137_260214_004236_s1/56559346/ccs,1,26,2,15,205,CAA_interrupted,60
Control_11,m84137_260214_004236_s1/35783631/ccs,1,26,2,15,205,CAA_interrupted,60
Control_11,m84137_260214_004236_s1/61800536/ccs,1,26,2,15,205,CAA_interrupted,60
Control_11,m84137_260214_004236_s1/58264340/ccs,1,26,2,15,205,CAA_interrupted,60
Control_11,m84137_260214_004236_s1/59181518/ccs,1,26,2,15,205,CAA_interrupted,60
Control_11,m84137_260214_004236_s1/52889564/ccs,1,26,2,15,205,CAA_interrupted,60
Control_11,m84137_260214_004236_s1/41813861/ccs,1,26,2,15,205,CAA_interrupted,60
Control_11,m84137_260214_004236_s1/42796475/ccs,1,26,2,15,205,CAA_interrupted,60
Control_11,m84137_260214_004236_s1/60623845/ccs,1,26,2,15,205,CAA_interrupted,60
Control_11,m84137_260214_004236_s1/67176907/ccs,1,26,2,15,205,CAA_interrupted,60
Control_11,m84137_260214_004236_s1/64553672/ccs,1,26,2,15,205,CAA_interrupted,60
Control_11,m84137_260214_004236_s1/55445709/ccs,1,26,2,15,205,CAA_interrupted,60
Control_11,m84137_260214_004236_s1/67961549/ccs,1,26,2,15,205,CAA_interrupted,60
Control_11,m84137_260214_004236_s1/49217940/ccs,1,26,2,15,205,CAA_interrupted,60
Control_11,m84137_260214_004236_s1/91227722/ccs,1,26,2,15,205,CAA_interrupted,60
Control_11,m84137_260214_004236_s1/234425335/ccs,1,26,2,15,205,CAA_interrupted,60
Control_11,m84137_260214_004236_s1/255526717/ccs,1,26,2,15,205,CAA_interrupted,60
Control_11,m84137_260214_004236_s1/262996357/ccs,1,26,2,15,205,CAA_interrupted,60
Control_11,m84137_260214_004236_s1/242484868/ccs,1,26,2,15,205,CAA_interrupted,60
Control_11,m84137_260214_004236_s1/242550484/ccs,1,26,2,15,205,CAA_interrupted,60
Control_11,m84137_260214_004236_s1/256770829/ccs,1,26,2,15,205,CAA_interrupted,60
Control_11,m84137_260214_004236_s1/263521336/ccs,1,26,2,15,205,CAA_interrupted,60
Control_11,m84137_260214_004236_s1/218041238/ccs,1,26,2,15,205,CAA_interrupted,60
Control_11,m84137_260214_004236_s1/243862420/ccs,1,26,2,15,205,CAA_interrupted,60
Control_11,m84137_260214_004236_s1/244252865/ccs,1,26,2,15,205,CAA_interrupted,60
Control_11,m84137_260214_004236_s1/17174107/ccs,1,26,2,15,205,CAA_interrupted,60
Control_11,m84137_260214_004236_s1/261226815/ccs,1,26,2,15,205,CAA_interrupted,60
Control_11,m84137_260214_004236_s1/261687326/ccs,1,26,2,15,205,CAA_interrupted,60
Control_11,m84137_260214_004236_s1/265881419/ccs,1,26,2,15,205,CAA_interrupted,60
Control_11,m84137_260214_004236_s1/18550789/ccs,1,26,2,15,205,CAA_interrupted,60
Control_11,m84137_260214_004236_s1/266077937/ccs,1,26,2,15,205,CAA_interrupted,60
Control_11,m84137_260214_004236_s1/19403332/ccs,1,26,2,15,205,CAA_interrupted,60
Control_11,m84137_260214_004236_s1/19336820/ccs,1,26,2,15,205,CAA_interrupted,60
Control_11,m84137_260214_004236_s1/3083361/ccs,1,26,2,15,205,CAA_interrupted,60
Control_11,m84137_260214_004236_s1/249167943/ccs,1,26,2,15,205,CAA_interrupted,60
Control_11,m84137_260214_004236_s1/6164609/ccs,1,26,2,15,205,CAA_interrupted,60
Control_11,m84137_260214_004236_s1/249891238/ccs,1,26,2,15,205,CAA_interrupted,60
Control_11,m84137_260214_004236_s1/6624544/ccs,1,26,2,15,205,CAA_interrupted,60
Control_11,m84137_260214_004236_s1/250021785/ccs,1,26,2,15,205,CAA_interrupted,60
Control_11,m84137_260214_004236_s1/22025618/ccs,1,26,2,15,205,CAA_interrupted,60
Control_11,m84137_260214_004236_s1/8458619/ccs,1,26,2,15,205,CAA_interrupted,60
Control_11,m84137_260214_004236_s1/26219200/ccs,1,26,2,15,205,CAA_interrupted,60
Control_11,m84137_260214_004236_s1/9049126/ccs,1,26,2,15,205,CAA_interrupted,60
Control_11,m84137_260214_004236_s1/35328018/ccs,1,26,2,15,205,CAA_interrupted,60
Control_11,m84137_260214_004236_s1/51647309/ccs,1,26,2,15,205,CAA_interrupted,60
Control_11,m84137_260214_004236_s1/11866608/ccs,1,26,2,15,205,CAA_interrupted,60
Control_11,m84137_260214_004236_s1/51648263/ccs,1,26,2,15,205,CAA_interrupted,60
Control_11,m84137_260214_004236_s1/51713510/ccs,1,26,2,15,205,CAA_interrupted,60
Control_11,m84137_260214_004236_s1/9900068/ccs,1,26,2,15,205,CAA_interrupted,60
Control_11,m84137_260214_004236_s1/10753476/ccs,1,26,2,15,205,CAA_interrupted,60
Control_11,m84137_260214_004236_s1/36115005/ccs,1,26,2,15,205,CAA_interrupted,60
Control_11,m84137_260214_004236_s1/52628626/ccs,1,26,2,15,205,CAA_interrupted,60
Control_11,m84137_260214_004236_s1/32053109/ccs,1,26,2,15,205,CAA_interrupted,60
Control_11,m84137_260214_004236_s1/37556805/ccs,1,26,2,15,205,CAA_interrupted,60
Control_11,m84137_260214_004236_s1/40176658/ccs,1,26,2,15,205,CAA_interrupted,60
Control_11,m84137_260214_004236_s1/40571307/ccs,1,26,2,15,205,CAA_interrupted,60
Control_11,m84137_260214_004236_s1/38342395/ccs,1,26,2,15,205,CAA_interrupted,60
Control_11,m84137_260214_004236_s1/61870495/ccs,1,26,2,15,205,CAA_interrupted,60
Control_11,m84137_260214_004236_s1/67309407/ccs,1,26,2,15,205,CAA_interrupted,60
Control_11,m84137_260214_004236_s1/15078525/ccs,1,26,2,15,205,CAA_interrupted,60
Control_11,m84137_260214_004236_s1/16323960/ccs,1,26,2,15,205,CAA_interrupted,60
Control_11,m84137_260214_004236_s1/64493150/ccs,1,26,2,15,205,CAA_interrupted,60
Control_11,m84137_260214_004236_s1/43782569/ccs,1,26,2,15,205,CAA_interrupted,60
Control_11,m84137_260214_004236_s1/44110831/ccs,1,26,2,15,205,CAA_interrupted,60
Control_11,m84137_260214_004236_s1/44438019/ccs,1,26,2,15,205,CAA_interrupted,60
Control_11,m84137_260214_004236_s1/185598781/ccs,1,26,2,15,205,CAA_interrupted,60
Control_11,m84137_260214_004236_s1/190513410/ccs,1,26,2,15,205,CAA_interrupted,60
Control_11,m84137_260214_004236_s1/186713136/ccs,1,26,2,15,205,CAA_interrupted,60
Control_11,m84137_260214_004236_s1/186911611/ccs,1,26,2,15,205,CAA_interrupted,60
Control_11,m84137_260214_004236_s1/167314188/ccs,1,26,2,15,205,CAA_interrupted,60
Control_11,m84137_260214_004236_s1/191105383/ccs,1,26,2,15,205,CAA_interrupted,60
Control_11,m84137_260214_004236_s1/170198831/ccs,1,26,2,15,205,CAA_interrupted,60
Control_11,m84137_260214_004236_s1/149555985/ccs,1,26,2,15,205,CAA_interrupted,60
Control_11,m84137_260214_004236_s1/187630659/ccs,1,26,2,15,205,CAA_interrupted,60
Control_11,m84137_260214_004236_s1/191693196/ccs,1,26,2,15,205,CAA_interrupted,60
Control_11,m84137_260214_004236_s1/150472636/ccs,1,26,2,15,205,CAA_interrupted,60
Control_11,m84137_260214_004236_s1/171116018/ccs,1,26,2,15,205,CAA_interrupted,60
Control_11,m84137_260214_004236_s1/188417175/ccs,1,26,2,15,205,CAA_interrupted,60
Control_11,m84137_260214_004236_s1/196413833/ccs,1,26,2,15,205,CAA_interrupted,60
Control_11,m84137_260214_004236_s1/176294271/ccs,1,26,2,15,205,CAA_interrupted,60
Control_11,m84137_260214_004236_s1/189925669/ccs,1,26,2,15,205,CAA_interrupted,60
Control_11,m84137_260214_004236_s1/197592603/ccs,1,26,2,15,205,CAA_interrupted,60
Control_11,m84137_260214_004236_s1/193724793/ccs,1,26,2,15,205,CAA_interrupted,60
Control_11,m84137_260214_004236_s1/172952541/ccs,1,26,2,15,205,CAA_interrupted,60
Control_11,m84137_260214_004236_s1/178520834/ccs,1,26,2,15,205,CAA_interrupted,60
Control_11,m84137_260214_004236_s1/178457578/ccs,1,26,2,15,205,CAA_interrupted,60
Control_11,m84137_260214_004236_s1/180816377/ccs,1,26,2,15,205,CAA_interrupted,60
Control_11,m84137_260214_004236_s1/220137096/ccs,1,26,2,15,205,CAA_interrupted,60
Control_11,m84137_260214_004236_s1/207096108/ccs,1,26,2,15,205,CAA_interrupted,60
Control_11,m84137_260214_004236_s1/220333970/ccs,1,26,2,15,205,CAA_interrupted,60
Control_11,m84137_260214_004236_s1/202966643/ccs,1,26,2,15,205,CAA_interrupted,60
Control_11,m84137_260214_004236_s1/203098802/ccs,1,26,2,15,205,CAA_interrupted,60
Control_11,m84137_260214_004236_s1/221448407/ccs,1,26,2,15,205,CAA_interrupted,60
Control_11,m84137_260214_004236_s1/183108574/ccs,1,26,2,15,205,CAA_interrupted,60
Control_11,m84137_260214_004236_s1/183305997/ccs,1,26,2,15,205,CAA_interrupted,60
Control_11,m84137_260214_004236_s1/229507217/ccs,1,26,2,15,205,CAA_interrupted,60
Control_11,m84137_260214_004236_s1/203949668/ccs,1,26,2,15,205,CAA_interrupted,60
Control_11,m84137_260214_004236_s1/225708433/ccs,1,26,2,15,205,CAA_interrupted,60
Control_11,m84137_260214_004236_s1/205193534/ccs,1,26,2,15,205,CAA_interrupted,60
Control_11,m84137_260214_004236_s1/223479993/ccs,1,26,2,15,205,CAA_interrupted,60
Control_11,m84137_260214_004236_s1/205457490/ccs,1,26,2,15,205,CAA_interrupted,60
Control_11,m84137_260214_004236_s1/211485057/ccs,1,26,2,15,205,CAA_interrupted,60
Control_11,m84137_260214_004236_s1/205848821/ccs,1,26,2,15,205,CAA_interrupted,60
Control_11,m84137_260214_004236_s1/252119264/ccs,1,26,2,15,205,CAA_interrupted,60
Control_11,m84137_260214_004236_s1/232459217/ccs,1,26,2,15,205,CAA_interrupted,60
Control_11,m84137_260214_004236_s1/214565450/ccs,1,26,2,15,205,CAA_interrupted,60
Control_11,m84137_260214_004236_s1/214761878/ccs,1,26,2,15,205,CAA_interrupted,60
Control_11,m84137_260214_004236_s1/214696261/ccs,1,26,2,15,205,CAA_interrupted,60
Control_11,m84137_260214_004236_s1/253558877/ccs,1,26,2,15,205,CAA_interrupted,60
Control_11,m84137_260214_004236_s1/253624581/ccs,1,26,2,15,205,CAA_interrupted,60
Control_11,m84137_260214_004236_s1/232980868/ccs,1,26,2,15,205,CAA_interrupted,60
Control_11,m84137_260214_004236_s1/215550792/ccs,1,26,2,15,205,CAA_interrupted,60
Control_11,m84137_260214_004236_s1/233637448/ccs,1,26,2,15,205,CAA_interrupted,60
Control_11,m84137_260214_004236_s1/233833595/ccs,1,26,2,15,205,CAA_interrupted,60
Control_11,m84137_260214_004236_s1/236978457/ccs,1,26,2,15,205,CAA_interrupted,60
Control_11,m84137_260214_004236_s1/66063678/ccs,1,26,2,15,205,CAA_interrupted,60
Control_11,m84137_260214_004236_s1/70782716/ccs,1,26,2,15,205,CAA_interrupted,60
Control_11,m84137_260214_004236_s1/73535601/ccs,1,26,2,15,205,CAA_interrupted,60
Control_11,m84137_260214_004236_s1/76420927/ccs,1,26,2,15,205,CAA_interrupted,60
Control_11,m84137_260214_004236_s1/96801106/ccs,1,26,2,15,205,CAA_interrupted,60
Control_11,m84137_260214_004236_s1/49091176/ccs,1,26,2,15,205,CAA_interrupted,60
Control_11,m84137_260214_004236_s1/117575805/ccs,1,26,2,15,205,CAA_interrupted,60
Control_11,m84137_260214_004236_s1/94179350/ccs,1,26,2,15,205,CAA_interrupted,60
Control_11,m84137_260214_004236_s1/94310047/ccs,1,26,2,15,205,CAA_interrupted,60
Control_11,m84137_260214_004236_s1/98897429/ccs,1,26,2,15,205,CAA_interrupted,60
Control_11,m84137_260214_004236_s1/104141225/ccs,1,26,2,15,205,CAA_interrupted,60
Control_11,m84137_260214_004236_s1/80088382/ccs,1,26,2,15,205,CAA_interrupted,60
Control_11,m84137_260214_004236_s1/129307708/ccs,1,26,2,15,205,CAA_interrupted,60
Control_11,m84137_260214_004236_s1/130224169/ccs,1,26,2,15,205,CAA_interrupted,60
Control_11,m84137_260214_004236_s1/126422633/ccs,1,26,2,15,205,CAA_interrupted,60
Control_11,m84137_260214_004236_s1/110104300/ccs,1,26,2,15,205,CAA_interrupted,60
Control_11,m84137_260214_004236_s1/151590796/ccs,1,26,2,15,205,CAA_interrupted,60
Control_11,m84137_260214_004236_s1/110958484/ccs,1,26,2,15,205,CAA_interrupted,60
Control_11,m84137_260214_004236_s1/128322636/ccs,1,26,2,15,205,CAA_interrupted,60
Control_11,m84137_260214_004236_s1/136254386/ccs,1,26,2,15,205,CAA_interrupted,60
Control_11,m84137_260214_004236_s1/140709676/ccs,1,26,2,15,205,CAA_interrupted,60
Control_11,m84137_260214_004236_s1/113120621/ccs,1,26,2,15,205,CAA_interrupted,60
Control_11,m84137_260214_004236_s1/113839293/ccs,1,26,2,15,205,CAA_interrupted,60
Control_11,m84137_260214_004236_s1/113971980/ccs,1,26,2,15,205,CAA_interrupted,60
Control_11,m84137_260214_004236_s1/113907343/ccs,1,26,2,15,205,CAA_interrupted,60
Control_11,m84137_260214_004236_s1/141824449/ccs,1,26,2,15,205,CAA_interrupted,60
Control_11,m84137_260214_004236_s1/138219498/ccs,1,26,2,15,205,CAA_interrupted,60
Control_11,m84137_260214_004236_s1/155848169/ccs,1,26,2,15,205,CAA_interrupted,60
Control_11,m84137_260214_004236_s1/162141995/ccs,1,26,2,15,205,CAA_interrupted,60
Control_11,m84137_260214_004236_s1/156374143/ccs,1,26,2,15,205,CAA_interrupted,60
Control_11,m84137_260214_004236_s1/144250070/ccs,1,26,2,15,205,CAA_interrupted,60
Control_11,m84137_260214_004236_s1/161158953/ccs,1,26,2,15,205,CAA_interrupted,60
Control_11,m84137_260214_004236_s1/144773712/ccs,1,26,2,15,205,CAA_interrupted,60
Control_11,m84137_260214_004236_s1/164368029/ccs,1,26,2,15,205,CAA_interrupted,60
Control_11,m84137_260214_004236_s1/145167745/ccs,1,26,2,15,205,CAA_interrupted,60
Control_11,m84137_260214_004236_s1/186390335/ccs,1,26,2,15,205,CAA_interrupted,60
Control_11,m84137_260214_004236_s1/169349976/ccs,1,26,2,15,205,CAA_interrupted,60
Control_11,m84137_260214_004236_s1/146543358/ccs,1,26,2,15,205,CAA_interrupted,60
Control_11,m84137_260214_004236_s1/186783230/ccs,1,26,2,15,205,CAA_interrupted,60
Control_11,m84137_260214_004236_s1/174591351/ccs,1,26,2,15,205,CAA_interrupted,60
Control_11,m84137_260214_004236_s1/147000341/ccs,1,26,2,15,205,CAA_interrupted,60
Control_11,m84137_260214_004236_s1/166270355/ccs,1,26,2,15,205,CAA_interrupted,60
Control_11,m84137_260214_004236_s1/187634134/ccs,1,26,2,15,205,CAA_interrupted,60
Control_11,m84137_260214_004236_s1/188026189/ccs,1,26,2,15,205,CAA_interrupted,60
Control_11,m84137_260214_004236_s1/147984609/ccs,1,26,2,15,205,CAA_interrupted,60
Control_11,m84137_260214_004236_s1/195825158/ccs,1,26,2,15,205,CAA_interrupted,60
Control_11,m84137_260214_004236_s1/172232564/ccs,1,26,2,15,205,CAA_interrupted,60
Control_11,m84137_260214_004236_s1/149950697/ccs,1,26,2,15,205,CAA_interrupted,60
Control_11,m84137_260214_004236_s1/150474123/ccs,1,26,2,15,205,CAA_interrupted,60
Control_11,m84137_260214_004236_s1/150605343/ccs,1,26,2,15,205,CAA_interrupted,60
Control_11,m84137_260214_004236_s1/208932936/ccs,1,26,2,15,205,CAA_interrupted,60
Control_11,m84137_260214_004236_s1/181014523/ccs,1,26,2,15,205,CAA_interrupted,60
Control_11,m84137_260214_004236_s1/222565642/ccs,1,26,2,15,205,CAA_interrupted,60
Control_11,m84137_260214_004236_s1/182195993/ccs,1,26,2,15,205,CAA_interrupted,60
Control_11,m84137_260214_004236_s1/182128443/ccs,1,26,2,15,205,CAA_interrupted,60
Control_11,m84137_260214_004236_s1/211489956/ccs,1,26,2,15,205,CAA_interrupted,60
Control_11,m84137_260214_004236_s1/212210332/ccs,1,26,2,15,205,CAA_interrupted,60
Control_11,m84137_260214_004236_s1/240456236/ccs,1,26,2,15,205,CAA_interrupted,60
Control_11,m84137_260214_004236_s1/234886345/ccs,1,26,2,15,205,CAA_interrupted,60
Control_11,m84137_260214_004236_s1/235999867/ccs,1,26,2,15,205,CAA_interrupted,60
Control_11,m84137_260214_004236_s1/241832905/ccs,1,26,2,15,205,CAA_interrupted,60
Control_11,m84137_260214_004236_s1/232459768/ccs,1,26,2,15,205,CAA_interrupted,60
Control_11,m84137_260214_004236_s1/243209815/ccs,1,26,2,15,205,CAA_interrupted,60
Control_11,m84137_260214_004236_s1/256512802/ccs,1,26,2,15,205,CAA_interrupted,60
Control_11,m84137_260214_004236_s1/215814898/ccs,1,26,2,15,205,CAA_interrupted,60
Control_11,m84137_260214_004236_s1/215944279/ccs,1,26,2,15,205,CAA_interrupted,60
Control_11,m84137_260214_004236_s1/245175150/ccs,1,26,2,15,205,CAA_interrupted,60
Control_11,m84137_260214_004236_s1/245043530/ccs,1,26,2,15,205,CAA_interrupted,60
Control_11,m84137_260214_004236_s1/263001450/ccs,1,26,2,15,205,CAA_interrupted,60
Control_11,m84137_260214_004236_s1/240390010/ccs,1,26,2,15,205,CAA_interrupted,60
Control_11,m84137_260214_004236_s1/217190819/ccs,1,26,2,15,205,CAA_interrupted,60
Control_11,m84137_260214_004236_s1/264245686/ccs,1,26,2,15,205,CAA_interrupted,60
Control_11,m84137_260214_004236_s1/217912190/ccs,1,26,2,15,205,CAA_interrupted,60
Control_11,m84137_260214_004236_s1/246223679/ccs,1,26,2,15,205,CAA_interrupted,60
Control_11,m84137_260214_004236_s1/247730073/ccs,1,26,2,15,205,CAA_interrupted,60
Control_11,m84137_260214_004236_s1/248124711/ccs,1,26,2,15,205,CAA_interrupted,60
Control_11,m84137_260214_004236_s1/249827337/ccs,1,26,2,15,205,CAA_interrupted,60
Control_11,m84137_260214_004236_s1/9569616/ccs,1,26,2,15,205,CAA_interrupted,60
Control_11,m84137_260214_004236_s1/33294029/ccs,1,26,2,15,205,CAA_interrupted,60
Control_11,m84137_260214_004236_s1/35979351/ccs,1,26,2,15,205,CAA_interrupted,60
Control_11,m84137_260214_004236_s1/86311283/ccs,1,26,2,15,205,CAA_interrupted,60
Control_11,m84137_260214_004236_s1/80085493/ccs,1,26,2,15,205,CAA_interrupted,60
Control_11,m84137_260214_004236_s1/123274380/ccs,1,26,2,15,205,CAA_interrupted,60
Control_11,m84137_260214_004236_s1/117836127/ccs,1,26,2,15,205,CAA_interrupted,60
Control_11,m84137_260214_004236_s1/107152199/ccs,1,26,2,15,205,CAA_interrupted,60
Control_11,m84137_260214_004236_s1/83624374/ccs,1,26,2,15,205,CAA_interrupted,60
Control_11,m84137_260214_004236_s1/124849069/ccs,1,26,2,15,205,CAA_interrupted,60
Control_11,m84137_260214_004236_s1/130286672/ccs,1,26,2,15,205,CAA_interrupted,60
Control_11,m84137_260214_004236_s1/130353543/ccs,1,26,2,15,205,CAA_interrupted,60
Control_11,m84137_260214_004236_s1/132253674/ccs,1,26,2,15,205,CAA_interrupted,60
Control_11,m84137_260214_004236_s1/153291160/ccs,1,26,2,15,205,CAA_interrupted,60
Control_11,m84137_260214_004236_s1/157157235/ccs,1,26,2,15,205,CAA_interrupted,60
Control_11,m84137_260214_004236_s1/157417893/ccs,1,26,2,15,205,CAA_interrupted,60
Control_11,m84137_260214_004236_s1/147130854/ccs,1,26,2,15,205,CAA_interrupted,60
Control_11,m84137_260214_004236_s1/144903149/ccs,1,26,2,15,205,CAA_interrupted,60
Control_11,m84137_260214_004236_s1/149947842/ccs,1,26,2,15,205,CAA_interrupted,60
Control_11,m84137_260214_004236_s1/220137698/ccs,1,26,2,15,205,CAA_interrupted,60
Control_11,m84137_260214_004236_s1/195691962/ccs,1,26,2,15,205,CAA_interrupted,60
Control_11,m84137_260214_004236_s1/209781819/ccs,1,26,2,15,205,CAA_interrupted,60
Control_11,m84137_260214_004236_s1/206112774/ccs,1,26,2,15,205,CAA_interrupted,60
Control_11,m84137_260214_004236_s1/256705077/ccs,1,26,2,15,205,CAA_interrupted,60
Control_11,m84137_260214_004236_s1/262015675/ccs,1,26,2,15,205,CAA_interrupted,60
Control_11,m84137_260214_004236_s1/262603949/ccs,1,26,2,15,205,CAA_interrupted,60
Control_11,m84137_260214_004236_s1/7411176/ccs,1,26,2,15,205,CAA_interrupted,60
Control_11,m84137_260214_004236_s1/8001191/ccs,1,26,2,15,205,CAA_interrupted,60
Control_11,m84137_260214_004236_s1/30807424/ccs,1,26,2,15,205,CAA_interrupted,60
Control_11,m84137_260214_004236_s1/39194820/ccs,1,26,2,15,205,CAA_interrupted,60
Control_11,m84137_260214_004236_s1/39065512/ccs,1,26,2,15,205,CAA_interrupted,60
Control_11,m84137_260214_004236_s1/14881556/ccs,1,26,2,15,205,CAA_interrupted,60
Control_11,m84137_260214_004236_s1/68032390/ccs,1,26,2,15,205,CAA_interrupted,60
Control_11,m84137_260214_004236_s1/64229585/ccs,1,26,2,15,205,CAA_interrupted,60
Control_11,m84137_260214_004236_s1/60822067/ccs,1,26,2,15,205,CAA_interrupted,60
Control_11,m84137_260214_004236_s1/75305231/ccs,1,26,2,15,205,CAA_interrupted,60
Control_11,m84137_260214_004236_s1/48303342/ccs,1,26,2,15,205,CAA_interrupted,60
Control_11,m84137_260214_004236_s1/89132431/ccs,1,26,2,15,205,CAA_interrupted,60
Control_11,m84137_260214_004236_s1/119411879/ccs,1,26,2,15,205,CAA_interrupted,60
Control_11,m84137_260214_004236_s1/251729372/ccs,1,26,2,15,205,CAA_interrupted,60
Control_11,m84137_260214_004236_s1/233443179/ccs,1,26,2,15,205,CAA_interrupted,60
Control_11,m84137_260214_004236_s1/256775633/ccs,1,26,2,15,205,CAA_interrupted,60
Control_11,m84137_260214_004236_s1/46663594/ccs,1,26,2,15,205,CAA_interrupted,60
Control_11,m84137_260214_004236_s1/70779709/ccs,1,26,2,15,205,CAA_interrupted,60
Control_11,m84137_260214_004236_s1/260637087/ccs,1,26,2,15,205,CAA_interrupted,60
Control_11,m84137_260214_004236_s1/192613561/ccs,1,26,2,15,205,CAA_interrupted,60
Control_11,m84137_260214_004236_s1/67111918/ccs,1,26,2,15,205,CAA_interrupted,60
Control_11,m84137_260214_004236_s1/125042943/ccs,1,26,2,15,205,CAA_interrupted,60
Control_11,m84137_260214_004236_s1/145621846/ccs,1,26,2,15,205,CAA_interrupted,60
Control_11,m84137_260214_004236_s1/13438955/ccs,1,26,2,15,205,CAA_interrupted,60
Control_11,m84137_260214_004236_s1/138153889/ccs,1,26,2,15,205,CAA_interrupted,60
Control_11,m84137_260214_004236_s1/46664925/ccs,1,26,2,15,205,CAA_interrupted,60
Control_11,m84137_260214_004236_s1/255983952/ccs,1,26,2,15,205,CAA_interrupted,60
Control_11,m84137_260214_004236_s1/18092117/ccs,1,26,2,15,205,CAA_interrupted,60
Control_11,m84137_260214_004236_s1/114886605/ccs,0,26,2,15,205,CAA_interrupted,60
Control_11,m84137_260214_004236_s1/128518222/ccs,0,25,2,16,205,CAA_interrupted,60
Control_11,m84137_260214_004236_s1/39589623/ccs,0,26,2,15,205,CAA_interrupted,60
Control_11,m84137_260214_004236_s1/81595182/ccs,1,26,2,15,205,CAA_interrupted,60
Control_11,m84137_260214_004236_s1/157551358/ccs,1,26,2,15,205,CAA_interrupted,60
Control_11,m84137_260214_004236_s1/134611383/ccs,1,26,2,15,205,CAA_interrupted,60
Control_11,m84137_260214_004236_s1/102958410/ccs,1,26,2,15,205,CAA_interrupted,60
Control_11,m84137_260214_004236_s1/106825178/ccs,1,26,2,15,205,CAA_interrupted,60
Control_11,m84137_260214_004236_s1/130810386/ccs,1,26,2,15,205,CAA_interrupted,60
Control_11,m84137_260214_004236_s1/227807126/ccs,1,26,2,15,205,CAA_interrupted,60
Control_11,m84137_260214_004236_s1/141234959/ccs,1,26,2,15,205,CAA_interrupted,60
Control_11,m84137_260214_004236_s1/144512866/ccs,1,26,2,15,205,CAA_interrupted,60
Control_11,m84137_260214_004236_s1/67572397/ccs,0,26,2,15,205,CAA_interrupted,60
Control_11,m84137_260214_004236_s1/171837951/ccs,1,26,2,15,205,CAA_interrupted,60
Control_11,m84137_260214_004236_s1/33163774/ccs,0,24,2,16,205,CAA_interrupted,60
Control_11,m84137_260214_004236_s1/162005187/ccs,1,26,2,15,205,CAA_interrupted,60
Control_11,m84137_260214_004236_s1/93128247/ccs,1,26,2,15,205,CAA_interrupted,60
Control_11,m84137_260214_004236_s1/222499364/ccs,1,26,2,15,205,CAA_interrupted,60
Control_11,m84137_260214_004236_s1/71042586/ccs,1,26,2,15,205,CAA_interrupted,60
Control_11,m84137_260214_004236_s1/165482440/ccs,1,26,2,15,205,CAA_interrupted,60
Control_11,m84137_260214_004236_s1/37552693/ccs,1,26,2,15,205,CAA_interrupted,60
Control_11,m84137_260214_004236_s1/84936759/ccs,1,26,2,15,205,CAA_interrupted,60
Control_11,m84137_260214_004236_s1/18023147/ccs,1,26,2,15,205,CAA_interrupted,60
Control_11,m84137_260214_004236_s1/16646449/ccs,1,26,2,15,205,CAA_interrupted,60
Control_11,m84137_260214_004236_s1/57344602/ccs,1,26,2,15,206,CAA_interrupted,60
Control_11,m84137_260214_004236_s1/193397026/ccs,1,27,2,14,206,CAA_interrupted,60
Control_11,m84137_260214_004236_s1/22613179/ccs,1,26,2,15,206,CAA_interrupted,60
Control_11,m84137_260214_004236_s1/166399736/ccs,1,25,3,15,206,CAA_interrupted,60
Control_11,m84137_260214_004236_s1/157221349/ccs,0,25,1,15,206,CAA_interrupted,60
Control_11,m84137_260214_004236_s1/34736253/ccs,1,26,2,15,206,CAA_interrupted,60
Control_11,m84137_260214_004236_s1/179308780/ccs,0,26,2,15,206,CAA_interrupted,60
Control_11,m84137_260214_004236_s1/97977363/ccs,1,26,2,15,206,CAA_interrupted,60
Control_11,m84137_260214_004236_s1/134679311/ccs,1,25,3,15,206,CAA_interrupted,60
Control_11,m84137_260214_004236_s1/85529772/ccs,1,26,2,15,206,CAA_interrupted,60
Control_11,m84137_260214_004236_s1/207097637/ccs,1,25,3,15,206,CAA_interrupted,60
Control_11,m84137_260214_004236_s1/228197136/ccs,1,26,2,15,206,CAA_interrupted,60
Control_11,m84137_260214_004236_s1/180815784/ccs,1,26,2,15,206,CAA_interrupted,60
Control_11,m84137_260214_004236_s1/95682906/ccs,1,26,2,15,206,CAA_interrupted,60
Control_11,m84137_260214_004236_s1/72679819/ccs,1,28,2,15,207,CAA_interrupted,60
Control_11,m84137_260214_004236_s1/149029565/ccs,1,26,2,15,207,CAA_interrupted,60
Control_11,m84137_260214_004236_s1/181933859/ccs,1,26,2,15,207,CAA_interrupted,60
Control_11,m84137_260214_004236_s1/133498876/ccs,1,26,2,15,207,CAA_interrupted,60
Control_11,m84137_260214_004236_s1/202903583/ccs,1,26,2,15,207,CAA_interrupted,60
Control_11,m84137_260214_004236_s1/240323895/ccs,1,26,2,15,207,CAA_interrupted,60
Control_11,m84137_260214_004236_s1/208539443/ccs,1,26,2,15,207,CAA_interrupted,60
Control_11,m84137_260214_004236_s1/76614276/ccs,1,26,2,15,207,CAA_interrupted,60
Control_11,m84137_260214_004236_s1/58721552/ccs,1,27,2,15,208,CAA_interrupted,60
Control_11,m84137_260214_004236_s1/60032774/ccs,1,26,2,16,208,CAA_interrupted,60
Control_11,m84137_260214_004236_s1/6424247/ccs,1,27,2,15,208,CAA_interrupted,60
Control_11,m84137_260214_004236_s1/44962863/ccs,1,27,2,15,208,CAA_interrupted,60
Control_11,m84137_260214_004236_s1/120651958/ccs,0,27,2,15,208,CAA_interrupted,60
Control_11,m84137_260214_004236_s1/109905092/ccs,1,27,2,15,208,CAA_interrupted,60
Control_11,m84137_260214_004236_s1/85330805/ccs,1,27,2,15,208,CAA_interrupted,60
Control_11,m84137_260214_004236_s1/75761245/ccs,1,27,2,15,208,CAA_interrupted,60
Control_11,m84137_260214_004236_s1/167511428/ccs,1,27,2,15,208,CAA_interrupted,60
Control_11,m84137_260214_004236_s1/157288810/ccs,1,27,2,15,208,CAA_interrupted,60
Control_11,m84137_260214_004236_s1/260572331/ccs,1,26,2,16,208,CAA_interrupted,60
Control_11,m84137_260214_004236_s1/261423587/ccs,1,27,2,15,208,CAA_interrupted,60
Control_11,m84137_260214_004236_s1/179175574/ccs,1,27,2,15,208,CAA_interrupted,60
Control_11,m84137_260214_004236_s1/199234739/ccs,1,27,2,15,208,CAA_interrupted,60
Control_11,m84137_260214_004236_s1/25104506/ccs,1,27,2,15,208,CAA_interrupted,60
Control_11,m84137_260214_004236_s1/93459643/ccs,1,27,2,15,208,CAA_interrupted,60
Control_11,m84137_260214_004236_s1/143528273/ccs,1,26,2,16,208,CAA_interrupted,60
Control_11,m84137_260214_004236_s1/116724424/ccs,1,27,2,15,208,CAA_interrupted,60
Control_11,m84137_260214_004236_s1/112397718/ccs,1,27,2,15,208,CAA_interrupted,60
Control_11,m84137_260214_004236_s1/112595364/ccs,1,27,2,15,208,CAA_interrupted,60
Control_11,m84137_260214_004236_s1/264114773/ccs,1,27,2,15,208,CAA_interrupted,60
Control_11,m84137_260214_004236_s1/2098653/ccs,1,27,2,15,208,CAA_interrupted,60
Control_11,m84137_260214_004236_s1/215684534/ccs,1,26,2,16,208,CAA_interrupted,60
Control_11,m84137_260214_004236_s1/2494785/ccs,1,26,2,16,208,CAA_interrupted,60
Control_11,m84137_260214_004236_s1/246485859/ccs,1,27,2,15,208,CAA_interrupted,60
Control_11,m84137_260214_004236_s1/229638198/ccs,1,27,2,15,208,CAA_interrupted,60
Control_11,m84137_260214_004236_s1/28971070/ccs,1,26,2,16,208,CAA_interrupted,60
Control_11,m84137_260214_004236_s1/8918811/ccs,1,27,2,15,208,CAA_interrupted,60
Control_11,m84137_260214_004236_s1/37098101/ccs,1,27,2,15,208,CAA_interrupted,60
Control_11,m84137_260214_004236_s1/88542434/ccs,1,26,2,16,208,CAA_interrupted,60
Control_11,m84137_260214_004236_s1/123407957/ccs,1,27,2,15,208,CAA_interrupted,60
Control_11,m84137_260214_004236_s1/164894043/ccs,1,27,2,15,208,CAA_interrupted,60
Control_11,m84137_260214_004236_s1/189206744/ccs,1,27,2,15,208,CAA_interrupted,60
Control_11,m84137_260214_004236_s1/172756463/ccs,1,27,2,15,208,CAA_interrupted,60
Control_11,m84137_260214_004236_s1/195563642/ccs,1,27,2,15,208,CAA_interrupted,60
Control_11,m84137_260214_004236_s1/239734318/ccs,1,27,2,15,208,CAA_interrupted,60
Control_11,m84137_260214_004236_s1/240195097/ccs,1,27,2,15,208,CAA_interrupted,60
Control_11,m84137_260214_004236_s1/58067582/ccs,1,27,2,15,208,CAA_interrupted,60
Control_11,m84137_260214_004236_s1/170068721/ccs,1,26,2,16,208,CAA_interrupted,60
Control_11,m84137_260214_004236_s1/225906794/ccs,1,27,2,15,208,CAA_interrupted,60
Control_11,m84137_260214_004236_s1/4195391/ccs,1,26,2,16,208,CAA_interrupted,60
Control_11,m84137_260214_004236_s1/91952790/ccs,1,27,2,15,208,CAA_interrupted,60
Control_11,m84137_260214_004236_s1/197397861/ccs,1,26,2,16,208,CAA_interrupted,60
Control_11,m84137_260214_004236_s1/68551122/ccs,1,26,2,16,208,CAA_interrupted,60
Control_11,m84137_260214_004236_s1/118554702/ccs,1,27,2,15,208,CAA_interrupted,60
Control_11,m84137_260214_004236_s1/223019100/ccs,1,27,2,15,208,CAA_interrupted,60
Control_11,m84137_260214_004236_s1/2689299/ccs,1,27,2,15,208,CAA_interrupted,60
Control_11,m84137_260214_004236_s1/84410572/ccs,1,26,2,16,208,CAA_interrupted,60
Control_11,m84137_260214_004236_s1/97059011/ccs,1,27,2,15,208,CAA_interrupted,60
Control_11,m84137_260214_004236_s1/87164232/ccs,1,26,2,16,208,CAA_interrupted,60
Control_11,m84137_260214_004236_s1/130419316/ccs,1,27,2,15,208,CAA_interrupted,60
Control_11,m84137_260214_004236_s1/131336143/ccs,1,27,2,15,208,CAA_interrupted,60
Control_11,m84137_260214_004236_s1/137560187/ccs,1,27,2,15,208,CAA_interrupted,60
Control_11,m84137_260214_004236_s1/141231475/ccs,1,27,2,15,208,CAA_interrupted,60
Control_11,m84137_260214_004236_s1/145492749/ccs,1,26,2,16,208,CAA_interrupted,60
Control_11,m84137_260214_004236_s1/148769668/ccs,1,27,2,15,208,CAA_interrupted,60
Control_11,m84137_260214_004236_s1/173998695/ccs,1,26,2,16,208,CAA_interrupted,60
Control_11,m84137_260214_004236_s1/15469135/ccs,1,27,2,15,208,CAA_interrupted,60
Control_11,m84137_260214_004236_s1/40179181/ccs,1,27,2,15,208,CAA_interrupted,60
Control_11,m84137_260214_004236_s1/205783862/ccs,1,27,2,15,208,CAA_interrupted,60
Control_11,m84137_260214_004236_s1/196548071/ccs,1,27,2,15,208,CAA_interrupted,60
Control_11,m84137_260214_004236_s1/118292950/ccs,1,26,2,16,208,CAA_interrupted,60
Control_11,m84137_260214_004236_s1/144048782/ccs,1,27,2,15,208,CAA_interrupted,60
Control_11,m84137_260214_004236_s1/33494677/ccs,1,26,2,16,208,CAA_interrupted,60
Control_11,m84137_260214_004236_s1/61278089/ccs,1,27,2,15,208,CAA_interrupted,60
Control_11,m84137_260214_004236_s1/15532746/ccs,1,27,2,15,208,CAA_interrupted,60
Control_11,m84137_260214_004236_s1/88213782/ccs,1,26,2,16,208,CAA_interrupted,60
Control_11,m84137_260214_004236_s1/107151626/ccs,1,27,2,15,208,CAA_interrupted,60
Control_11,m84137_260214_004236_s1/245172403/ccs,1,27,2,15,208,CAA_interrupted,60
Control_11,m84137_260214_004236_s1/249693204/ccs,1,27,2,15,208,CAA_interrupted,60
Control_11,m84137_260214_004236_s1/8720654/ccs,1,27,2,15,208,CAA_interrupted,60
Control_11,m84137_260214_004236_s1/87494367/ccs,1,27,2,15,208,CAA_interrupted,60
Control_11,m84137_260214_004236_s1/142087236/ccs,1,27,2,15,208,CAA_interrupted,60
Control_11,m84137_260214_004236_s1/177345730/ccs,1,27,2,15,208,CAA_interrupted,60
Control_11,m84137_260214_004236_s1/29425873/ccs,1,27,2,15,208,CAA_interrupted,60
Control_11,m84137_260214_004236_s1/102760886/ccs,1,27,2,15,208,CAA_interrupted,60
Control_11,m84137_260214_004236_s1/150995017/ccs,1,26,2,16,208,CAA_interrupted,60
Control_11,m84137_260214_004236_s1/160106615/ccs,1,27,2,15,208,CAA_interrupted,60
Control_11,m84137_260214_004236_s1/190187975/ccs,1,27,2,15,208,CAA_interrupted,60
Control_11,m84137_260214_004236_s1/185663575/ccs,1,27,2,15,208,CAA_interrupted,60
Control_11,m84137_260214_004236_s1/191104369/ccs,1,27,2,15,208,CAA_interrupted,60
Control_11,m84137_260214_004236_s1/212535145/ccs,1,27,2,15,208,CAA_interrupted,60
Control_11,m84137_260214_004236_s1/230950904/ccs,1,26,2,16,208,CAA_interrupted,60
Control_11,m84137_260214_004236_s1/217843440/ccs,1,27,2,15,208,CAA_interrupted,60
Control_11,m84137_260214_004236_s1/265421800/ccs,1,27,2,15,208,CAA_interrupted,60
Control_11,m84137_260214_004236_s1/7147635/ccs,1,26,2,16,208,CAA_interrupted,60
Control_11,m84137_260214_004236_s1/51450520/ccs,1,27,2,15,208,CAA_interrupted,60
Control_11,m84137_260214_004236_s1/43716263/ccs,1,27,2,15,208,CAA_interrupted,60
Control_11,m84137_260214_004236_s1/80940990/ccs,1,26,2,16,208,CAA_interrupted,60
Control_11,m84137_260214_004236_s1/105517796/ccs,1,27,2,15,208,CAA_interrupted,60
Control_11,m84137_260214_004236_s1/108467928/ccs,1,27,2,15,208,CAA_interrupted,60
Control_11,m84137_260214_004236_s1/160306435/ccs,1,27,2,15,208,CAA_interrupted,60
Control_11,m84137_260214_004236_s1/145364887/ccs,1,27,2,15,208,CAA_interrupted,60
Control_11,m84137_260214_004236_s1/221581755/ccs,1,27,2,15,208,CAA_interrupted,60
Control_11,m84137_260214_004236_s1/246811831/ccs,1,27,2,15,208,CAA_interrupted,60
Control_11,m84137_260214_004236_s1/267130080/ccs,1,26,2,16,208,CAA_interrupted,60
Control_11,m84137_260214_004236_s1/45552082/ccs,1,27,2,15,208,CAA_interrupted,60
Control_11,m84137_260214_004236_s1/140511044/ccs,1,27,2,15,208,CAA_interrupted,60
Control_11,m84137_260214_004236_s1/173737292/ccs,1,27,2,15,208,CAA_interrupted,60
Control_11,m84137_260214_004236_s1/120915432/ccs,1,26,2,16,208,CAA_interrupted,60
Control_11,m84137_260214_004236_s1/182195415/ccs,1,27,2,15,208,CAA_interrupted,60
Control_11,m84137_260214_004236_s1/28968241/ccs,1,27,2,15,209,CAA_interrupted,60
Control_11,m84137_260214_004236_s1/230688782/ccs,1,27,2,15,210,CAA_interrupted,60
Control_11,m84137_260214_004236_s1/125114240/ccs,1,27,2,15,210,CAA_interrupted,60
Control_11,m84137_260214_004236_s1/133695111/ccs,1,27,2,15,210,CAA_interrupted,60
Control_11,m84137_260214_004236_s1/126027334/ccs,1,27,1,16,210,CAA_interrupted,60
Control_11,m84137_260214_004236_s1/25297128/ccs,1,28,2,15,211,CAA_interrupted,60
Control_11,m84137_260214_004236_s1/16258360/ccs,1,28,2,15,211,CAA_interrupted,60
Control_11,m84137_260214_004236_s1/147456045/ccs,1,28,2,15,211,CAA_interrupted,60
Control_11,m84137_260214_004236_s1/230490680/ccs,1,26,2,17,211,CAA_interrupted,60
Control_11,m84137_260214_004236_s1/245892075/ccs,1,26,3,15,211,CAA_interrupted,60
Control_11,m84137_260214_004236_s1/94964344/ccs,1,28,2,15,211,CAA_interrupted,60
Control_11,m84137_260214_004236_s1/228527630/ccs,1,28,2,15,211,CAA_interrupted,60
Control_11,m84137_260214_004236_s1/22481903/ccs,0,27,2,15,211,CAA_interrupted,60
Control_11,m84137_260214_004236_s1/234817448/ccs,1,27,2,15,212,CAA_interrupted,60
Control_11,m84137_260214_004236_s1/178651690/ccs,1,29,2,14,212,CAA_interrupted,60
Control_11,m84137_260214_004236_s1/162204635/ccs,1,28,2,15,213,CAA_interrupted,60
Control_11,m84137_260214_004236_s1/157288431/ccs,1,29,2,15,214,CAA_interrupted,60
Control_11,m84137_260214_004236_s1/100864893/ccs,1,30,2,14,216,CAA_interrupted,60
Control_11,m84137_260214_004236_s1/179637874/ccs,1,22,4,16,212,CAA_interrupted,60
Control_11,m84137_260214_004236_s1/207095008/ccs,1,21,3,15,205,CAA_interrupted,60
Control_11,m84137_260214_004236_s1/130679643/ccs,0,23,2,14,207,CAA_interrupted,60
Control_11,m84137_260214_004236_s1/262869850/ccs,0,21,2,15,199,CAA_interrupted,60
Control_11,m84137_260214_004236_s1/246415722/ccs,0,19,4,15,202,CAA_interrupted,60
Control_11,m84137_260214_004236_s1/61215745/ccs,1,22,3,15,204,CAA_interrupted,60
Control_11,m84137_260214_004236_s1/239796958/ccs,1,21,2,15,203,CAA_interrupted,60
Control_11,m84137_260214_004236_s1/55906756/ccs,1,24,2,15,205,CAA_interrupted,60
Control_11,m84137_260214_004236_s1/169936907/ccs,1,24,2,14,202,CAA_interrupted,60
Control_11,m84137_260214_004236_s1/220268177/ccs,0,23,2,16,198,CAA_interrupted,60
Control_11,m84137_260214_004236_s1/160631492/ccs,0,25,2,14,199,CAA_interrupted,60
Control_11,m84137_260214_004236_s1/19663237/ccs,0,24,2,15,199,CAA_interrupted,60
Control_11,m84137_260214_004236_s1/257689022/ccs,0,24,2,16,200,CAA_interrupted,60
Control_11,m84137_260214_004236_s1/163317127/ccs,0,24,2,15,200,CAA_interrupted,60
Control_11,m84137_260214_004236_s1/212207113/ccs,1,25,3,15,202,CAA_interrupted,60
Control_11,m84137_260214_004236_s1/83362483/ccs,0,25,2,15,202,CAA_interrupted,60
Control_11,m84137_260214_004236_s1/206373957/ccs,0,25,2,16,205,CAA_interrupted,60
Control_11,m84137_260214_004236_s1/119538413/ccs,1,26,2,15,205,CAA_interrupted,60
Control_11,m84137_260214_004236_s1/147785705/ccs,1,26,2,15,205,CAA_interrupted,60
Control_11,m84137_260214_004236_s1/177603942/ccs,1,26,2,15,206,CAA_interrupted,60
Control_11,m84137_260214_004236_s1/8915922/ccs,1,25,3,15,208,CAA_interrupted,60
Control_11,m84137_260214_004236_s1/117313012/ccs,1,25,3,16,209,CAA_interrupted,60
Control_11,m84137_260214_004236_s1/231084956/ccs,1,21,3,12,198,CAA_interrupted,60
Control_11,m84137_260214_004236_s1/197003452/ccs,0,23,5,8,200,CAA_interrupted,60
Control_11,m84137_260214_004236_s1/238947237/ccs,1,22,4,13,202,CAA_interrupted,60
Control_11,m84137_260214_004236_s1/45748407/ccs,0,21,3,15,204,CAA_interrupted,60
Control_11,m84137_260214_004236_s1/53679547/ccs,1,22,3,14,207,CAA_interrupted,60
Control_11,m84137_260214_004236_s1/65146362/ccs,0,21,2,14,200,CAA_interrupted,60
Control_11,m84137_260214_004236_s1/231474779/ccs,0,21,3,15,202,CAA_interrupted,60
Control_11,m84137_260214_004236_s1/18023414/ccs,1,22,2,15,202,CAA_interrupted,60
Control_11,m84137_260214_004236_s1/118620618/ccs,1,21,2,15,207,CAA_interrupted,60
Control_11,m84137_260214_004236_s1/36112935/ccs,1,24,2,16,211,CAA_interrupted,60
Control_11,m84137_260214_004236_s1/70323448/ccs,0,23,2,12,199,CAA_interrupted,60
Control_11,m84137_260214_004236_s1/151126475/ccs,0,22,2,16,203,CAA_interrupted,60
Control_11,m84137_260214_004236_s1/260443544/ccs,0,21,4,16,207,CAA_interrupted,60
Control_11,m84137_260214_004236_s1/245436296/ccs,0,24,1,13,196,CAA_interrupted,60
Control_11,m84137_260214_004236_s1/50532873/ccs,0,24,2,13,193,CAA_interrupted,60
Control_11,m84137_260214_004236_s1/22020890/ccs,0,22,2,14,197,CAA_interrupted,60
Control_11,m84137_260214_004236_s1/6422846/ccs,0,24,2,15,199,CAA_interrupted,60
Control_11,m84137_260214_004236_s1/224135007/ccs,0,24,2,15,199,CAA_interrupted,60
Control_11,m84137_260214_004236_s1/148703423/ccs,0,24,2,15,199,CAA_interrupted,60
Control_11,m84137_260214_004236_s1/194446548/ccs,0,24,2,15,199,CAA_interrupted,60
Control_11,m84137_260214_004236_s1/114557892/ccs,0,24,2,15,199,CAA_interrupted,60
Control_11,m84137_260214_004236_s1/181077947/ccs,0,24,2,15,199,CAA_interrupted,60
Control_11,m84137_260214_004236_s1/202707753/ccs,0,23,2,14,199,CAA_interrupted,60
Control_11,m84137_260214_004236_s1/32378620/ccs,0,24,2,16,202,CAA_interrupted,60
Control_11,m84137_260214_004236_s1/69861884/ccs,1,25,2,15,203,CAA_interrupted,60
Control_11,m84137_260214_004236_s1/204408112/ccs,1,26,2,15,205,CAA_interrupted,60
Control_11,m84137_260214_004236_s1/79304206/ccs,1,26,2,15,205,CAA_interrupted,60
Control_11,m84137_260214_004236_s1/136844201/ccs,1,26,2,15,205,CAA_interrupted,60
Control_11,m84137_260214_004236_s1/20125280/ccs,0,26,2,15,205,CAA_interrupted,60
Control_11,m84137_260214_004236_s1/121571100/ccs,1,26,2,15,205,CAA_interrupted,60
Control_11,m84137_260214_004236_s1/237507472/ccs,1,26,2,15,205,CAA_interrupted,60
Control_11,m84137_260214_004236_s1/208867075/ccs,1,26,2,15,205,CAA_interrupted,60
Control_11,m84137_260214_004236_s1/222691566/ccs,1,26,2,16,205,CAA_interrupted,60
Control_11,m84137_260214_004236_s1/237896500/ccs,0,23,5,15,208,CAA_interrupted,60
Control_11,m84137_260214_004236_s1/235799180/ccs,1,27,2,15,208,CAA_interrupted,60
Control_11,m84137_260214_004236_s1/140707524/ccs,1,26,2,16,209,CAA_interrupted,60
Control_11,m84137_260214_004236_s1/257361553/ccs,1,27,2,15,210,CAA_interrupted,60
Control_11,m84137_260214_004236_s1/154143062/ccs,1,27,2,15,210,CAA_interrupted,60
Control_11,m84137_260214_004236_s1/100141606/ccs,0,27,2,16,211,CAA_interrupted,60
Control_11,m84137_260214_004236_s1/103547168/ccs,0,22,2,13,197,CAA_interrupted,60
Control_11,m84137_260214_004236_s1/176886533/ccs,0,19,2,15,197,CAA_interrupted,60
Control_11,m84137_260214_004236_s1/78709813/ccs,0,23,2,15,201,CAA_interrupted,60
Control_11,m84137_260214_004236_s1/17962481/ccs,0,24,2,16,202,CAA_interrupted,60
Control_11,m84137_260214_004236_s1/235798949/ccs,1,24,4,16,210,CAA_interrupted,60
Control_11,m84137_260214_004236_s1/73336522/ccs,1,21,2,14,207,CAA_interrupted,60
Control_11,m84137_260214_004236_s1/192943385/ccs,1,22,2,14,206,CAA_interrupted,60
Control_11,m84137_260214_004236_s1/16449924/ccs,1,21,4,12,207,CAA_interrupted,60
Control_11,m84137_260214_004236_s1/135529641/ccs,1,26,2,12,204,CAA_interrupted,60
Control_11,m84137_260214_004236_s1/189273694/ccs,1,22,3,16,208,CAA_interrupted,60
Control_11,m84137_260214_004236_s1/207554168/ccs,1,26,2,12,206,CAA_interrupted,60
Control_11,m84137_260214_004236_s1/204868312/ccs,1,25,2,14,203,CAA_interrupted,60
Control_11,m84137_260214_004236_s1/200478317/ccs,0,25,2,15,204,CAA_interrupted,60
Control_11,m84137_260214_004236_s1/92933065/ccs,0,24,3,16,210,CAA_interrupted,60
Control_11,m84137_260214_004236_s1/77924871/ccs,0,23,3,17,211,CAA_interrupted,60
Control_11,m84137_260214_004236_s1/124453745/ccs,1,22,4,14,211,CAA_interrupted,60
Control_11,m84137_260214_004236_s1/188419764/ccs,0,19,4,14,205,CAA_interrupted,60
Control_11,m84137_260214_004236_s1/196609286/ccs,0,23,2,12,200,CAA_interrupted,60
Control_11,m84137_260214_004236_s1/39845953/ccs,0,23,3,13,198,CAA_interrupted,60
Control_11,m84137_260214_004236_s1/13895054/ccs,0,24,2,15,200,CAA_interrupted,60
Control_11,m84137_260214_004236_s1/83887766/ccs,0,23,4,15,204,CAA_interrupted,60
Control_11,m84137_260214_004236_s1/227415556/ccs,0,23,2,16,204,CAA_interrupted,60
Control_11,m84137_260214_004236_s1/91100710/ccs,0,23,2,15,207,CAA_interrupted,60
Control_11,m84137_260214_004236_s1/128778636/ccs,0,24,2,14,208,CAA_interrupted,60
Control_11,m84137_260214_004236_s1/36639034/ccs,0,22,2,14,199,CAA_interrupted,60
Control_11,m84137_260214_004236_s1/143525293/ccs,0,22,2,14,202,CAA_interrupted,60
Control_11,m84137_260214_004236_s1/69861485/ccs,1,24,2,12,207,CAA_interrupted,60
Control_11,m84137_260214_004236_s1/161154946/ccs,0,24,1,15,208,CAA_interrupted,60
Control_11,m84137_260214_004236_s1/116263427/ccs,0,24,2,15,199,CAA_interrupted,60
Control_11,m84137_260214_004236_s1/136774709/ccs,0,20,4,15,201,CAA_interrupted,60
Control_11,m84137_260214_004236_s1/186909459/ccs,0,21,5,13,204,CAA_interrupted,60
H1,m84137_260214_004236_s1/162267981/ccs,1,46,3,11,285,CAA_interrupted,60
H1,m84137_260214_004236_s1/136841514/ccs,0,24,2,12,192,CAA_interrupted,60
H1,m84137_260214_004236_s1/95225004/ccs,1,41,4,13,271,CAA_interrupted,60
H1,m84137_260214_004236_s1/102106442/ccs,0,21,3,12,193,CAA_interrupted,60
H1,m84137_260214_004236_s1/199362014/ccs,0,22,2,11,197,CAA_interrupted,60
H1,m84137_260214_004236_s1/174391453/ccs,0,21,6,13,202,CAA_interrupted,60
H1,m84137_260214_004236_s1/64096710/ccs,0,25,2,8,192,CAA_interrupted,60
H1,m84137_260214_004236_s1/97257404/ccs,0,23,3,11,195,CAA_interrupted,60
H1,m84137_260214_004236_s1/56890984/ccs,0,23,2,12,195,CAA_interrupted,60
H1,m84137_260214_004236_s1/69670462/ccs,1,46,2,11,272,CAA_interrupted,60
H1,m84137_260214_004236_s1/216926021/ccs,0,21,3,12,190,CAA_interrupted,60
H1,m84137_260214_004236_s1/93131077/ccs,1,139,9,17,644,CAA_interrupted,60
H1,m84137_260214_004236_s1/83038465/ccs,1,47,3,12,277,CAA_interrupted,60
H1,m84137_260214_004236_s1/78121582/ccs,0,25,2,10,193,CAA_interrupted,60
H1,m84137_260214_004236_s1/38208760/ccs,1,42,2,14,263,CAA_interrupted,60
H1,m84137_260214_004236_s1/86840975/ccs,1,44,4,12,272,CAA_interrupted,60
H1,m84137_260214_004236_s1/5509772/ccs,0,26,2,13,196,CAA_interrupted,60
H1,m84137_260214_004236_s1/18155229/ccs,1,44,3,13,277,CAA_interrupted,60
H1,m84137_260214_004236_s1/103746222/ccs,1,43,3,11,272,CAA_interrupted,60
H1,m84137_260214_004236_s1/234357145/ccs,1,41,3,10,261,CAA_interrupted,60
H1,m84137_260214_004236_s1/96736268/ccs,0,25,2,13,198,CAA_interrupted,60
H1,m84137_260214_004236_s1/88211602/ccs,0,22,3,11,196,CAA_interrupted,60
H1,m84137_260214_004236_s1/125699964/ccs,0,24,2,12,196,CAA_interrupted,60
H1,m84137_260214_004236_s1/29166930/ccs,0,25,3,10,198,CAA_interrupted,60
H1,m84137_260214_004236_s1/247600646/ccs,1,44,2,15,269,CAA_interrupted,60
H1,m84137_260214_004236_s1/82643903/ccs,0,26,2,12,198,CAA_interrupted,60
H1,m84137_260214_004236_s1/198447940/ccs,1,49,2,12,267,CAA_interrupted,60
H1,m84137_260214_004236_s1/28576275/ccs,1,56,2,12,286,CAA_interrupted,60
H1,m84137_260214_004236_s1/239730876/ccs,0,23,2,12,199,CAA_interrupted,60
H1,m84137_260214_004236_s1/55837768/ccs,0,25,2,12,203,CAA_interrupted,60
H1,m84137_260214_004236_s1/99222547/ccs,0,24,1,11,198,CAA_interrupted,60
H1,m84137_260214_004236_s1/256117830/ccs,1,46,5,11,278,CAA_interrupted,60
H1,m84137_260214_004236_s1/109905298/ccs,1,45,3,12,278,CAA_interrupted,60
H1,m84137_260214_004236_s1/85529778/ccs,0,22,2,13,195,CAA_interrupted,60
H1,m84137_260214_004236_s1/229574403/ccs,0,24,2,13,196,CAA_interrupted,60
H1,m84137_260214_004236_s1/227807918/ccs,1,43,3,10,270,CAA_interrupted,60
H1,m84137_260214_004236_s1/105582282/ccs,1,53,5,11,302,CAA_interrupted,60
H1,m84137_260214_004236_s1/259458396/ccs,1,49,4,10,286,CAA_interrupted,60
H1,m84137_260214_004236_s1/107286205/ccs,1,51,3,11,289,CAA_interrupted,60
H1,m84137_260214_004236_s1/111348476/ccs,1,47,4,11,271,CAA_interrupted,60
H1,m84137_260214_004236_s1/46334743/ccs,0,25,4,11,198,CAA_interrupted,60
H1,m84137_260214_004236_s1/4984945/ccs,0,25,2,12,198,CAA_interrupted,60
H1,m84137_260214_004236_s1/80544472/ccs,0,25,2,11,194,CAA_interrupted,60
H1,m84137_260214_004236_s1/170525871/ccs,0,26,2,13,196,CAA_interrupted,60
H1,m84137_260214_004236_s1/235078634/ccs,0,26,2,12,197,CAA_interrupted,60
H1,m84137_260214_004236_s1/124257026/ccs,1,51,0,5,235,other_composition,60
H1,m84137_260214_004236_s1/182256607/ccs,1,46,2,12,256,CAA_interrupted,60
H1,m84137_260214_004236_s1/191627508/ccs,1,46,1,12,259,CAA_interrupted,60
H1,m84137_260214_004236_s1/96207896/ccs,1,49,1,12,262,CAA_interrupted,60
H1,m84137_260214_004236_s1/31655549/ccs,1,51,2,12,271,CAA_interrupted,60
H1,m84137_260214_004236_s1/166921949/ccs,1,51,2,12,271,CAA_interrupted,60
H1,m84137_260214_004236_s1/123537945/ccs,1,51,1,12,273,CAA_interrupted,60
H1,m84137_260214_004236_s1/64624544/ccs,1,62,1,12,301,CAA_interrupted,60
H1,m84137_260214_004236_s1/236978756/ccs,1,45,4,12,285,CAA_interrupted,60
H1,m84137_260214_004236_s1/133891398/ccs,0,23,3,12,198,CAA_interrupted,60
H1,m84137_260214_004236_s1/85071146/ccs,1,42,6,12,271,CAA_interrupted,60
H1,m84137_260214_004236_s1/103748745/ccs,0,25,2,9,196,CAA_interrupted,60
H1,m84137_260214_004236_s1/166596147/ccs,1,46,2,8,270,CAA_interrupted,60
H1,m84137_260214_004236_s1/118293766/ccs,1,44,3,8,263,CAA_interrupted,60
H1,m84137_260214_004236_s1/176883994/ccs,0,25,2,12,195,CAA_interrupted,60
H1,m84137_260214_004236_s1/40567950/ccs,1,71,5,10,356,CAA_interrupted,60
H1,m84137_260214_004236_s1/6949673/ccs,0,26,2,12,196,CAA_interrupted,60
H1,m84137_260214_004236_s1/28250082/ccs,1,49,2,12,265,CAA_interrupted,60
H1,m84137_260214_004236_s1/177476285/ccs,1,49,2,12,265,CAA_interrupted,60
H1,m84137_260214_004236_s1/59183988/ccs,1,51,2,12,271,CAA_interrupted,60
H1,m84137_260214_004236_s1/263591227/ccs,1,49,4,12,274,CAA_interrupted,60
H1,m84137_260214_004236_s1/165613471/ccs,1,53,3,12,281,CAA_interrupted,60
H1,m84137_260214_004236_s1/18547753/ccs,1,41,5,11,278,CAA_interrupted,60
H1,m84137_260214_004236_s1/121899753/ccs,0,19,4,13,199,CAA_interrupted,60
H1,m84137_260214_004236_s1/128320429/ccs,1,44,4,11,274,CAA_interrupted,60
H1,m84137_260214_004236_s1/195695427/ccs,0,22,4,12,200,CAA_interrupted,60
H1,m84137_260214_004236_s1/66585042/ccs,1,45,2,11,275,CAA_interrupted,60
H1,m84137_260214_004236_s1/51119989/ccs,1,45,5,11,278,CAA_interrupted,60
H1,m84137_260214_004236_s1/130942037/ccs,0,24,1,11,193,CAA_interrupted,60
H1,m84137_260214_004236_s1/45875392/ccs,1,46,3,10,279,CAA_interrupted,60
H1,m84137_260214_004236_s1/228988176/ccs,1,40,6,11,269,CAA_interrupted,60
H1,m84137_260214_004236_s1/235540159/ccs,0,23,2,10,195,CAA_interrupted,60
H1,m84137_260214_004236_s1/26940418/ccs,1,43,4,12,266,CAA_interrupted,60
H1,m84137_260214_004236_s1/163188232/ccs,1,51,2,8,284,CAA_interrupted,60
H1,m84137_260214_004236_s1/126553081/ccs,0,24,2,10,195,CAA_interrupted,60
H1,m84137_260214_004236_s1/89656532/ccs,0,24,1,13,197,CAA_interrupted,60
H1,m84137_260214_004236_s1/174266215/ccs,1,47,4,11,278,CAA_interrupted,60
H1,m84137_260214_004236_s1/10358159/ccs,1,43,2,13,265,CAA_interrupted,60
H1,m84137_260214_004236_s1/30543021/ccs,1,46,2,12,275,CAA_interrupted,60
H1,m84137_260214_004236_s1/177996547/ccs,0,23,0,12,194,other_composition,60
H1,m84137_260214_004236_s1/154797405/ccs,0,26,3,11,195,CAA_interrupted,60
H1,m84137_260214_004236_s1/201328142/ccs,0,25,2,11,196,CAA_interrupted,60
H1,m84137_260214_004236_s1/220793943/ccs,1,43,4,12,273,CAA_interrupted,60
H1,m84137_260214_004236_s1/209785784/ccs,1,50,2,11,273,CAA_interrupted,60
H1,m84137_260214_004236_s1/47912489/ccs,1,54,4,12,292,CAA_interrupted,60
H1,m84137_260214_004236_s1/62850644/ccs,1,44,3,13,261,CAA_interrupted,60
H1,m84137_260214_004236_s1/223874342/ccs,0,23,2,12,187,CAA_interrupted,60
H1,m84137_260214_004236_s1/126422667/ccs,0,23,2,11,190,CAA_interrupted,60
H1,m84137_260214_004236_s1/11670117/ccs,0,24,2,12,190,CAA_interrupted,60
H1,m84137_260214_004236_s1/69275628/ccs,0,25,2,11,192,CAA_interrupted,60
H1,m84137_260214_004236_s1/100340817/ccs,0,24,2,12,193,CAA_interrupted,60
H1,m84137_260214_004236_s1/94438014/ccs,0,25,2,12,193,CAA_interrupted,60
H1,m84137_260214_004236_s1/25035314/ccs,0,25,2,12,193,CAA_interrupted,60
H1,m84137_260214_004236_s1/37554435/ccs,0,25,2,12,193,CAA_interrupted,60
H1,m84137_260214_004236_s1/216534532/ccs,0,25,2,12,193,CAA_interrupted,60
H1,m84137_260214_004236_s1/236585865/ccs,0,24,2,13,193,CAA_interrupted,60
H1,m84137_260214_004236_s1/226690627/ccs,0,25,2,12,193,CAA_interrupted,60
H1,m84137_260214_004236_s1/254937933/ccs,0,25,2,12,193,CAA_interrupted,60
H1,m84137_260214_004236_s1/40110022/ccs,0,25,2,12,193,CAA_interrupted,60
H1,m84137_260214_004236_s1/38404354/ccs,0,25,2,12,193,CAA_interrupted,60
H1,m84137_260214_004236_s1/60950133/ccs,0,25,2,12,193,CAA_interrupted,60
H1,m84137_260214_004236_s1/89396223/ccs,0,25,2,12,193,CAA_interrupted,60
H1,m84137_260214_004236_s1/125572668/ccs,0,25,2,12,193,CAA_interrupted,60
H1,m84137_260214_004236_s1/210766636/ccs,0,25,2,12,193,CAA_interrupted,60
H1,m84137_260214_004236_s1/227869050/ccs,0,26,2,11,193,CAA_interrupted,60
H1,m84137_260214_004236_s1/259457728/ccs,0,25,2,12,193,CAA_interrupted,60
H1,m84137_260214_004236_s1/193269645/ccs,0,25,2,12,193,CAA_interrupted,60
H1,m84137_260214_004236_s1/94570016/ccs,0,25,2,12,193,CAA_interrupted,60
H1,m84137_260214_004236_s1/118164028/ccs,0,25,2,12,193,CAA_interrupted,60
H1,m84137_260214_004236_s1/254022228/ccs,0,25,2,12,193,CAA_interrupted,60
H1,m84137_260214_004236_s1/245698453/ccs,0,26,2,11,193,CAA_interrupted,60
H1,m84137_260214_004236_s1/226296224/ccs,0,25,2,12,193,CAA_interrupted,60
H1,m84137_260214_004236_s1/251921486/ccs,0,25,2,12,193,CAA_interrupted,60
H1,m84137_260214_004236_s1/24056103/ccs,0,25,2,12,193,CAA_interrupted,60
H1,m84137_260214_004236_s1/145033936/ccs,0,25,2,12,193,CAA_interrupted,60
H1,m84137_260214_004236_s1/254280318/ccs,0,25,2,12,193,CAA_interrupted,60
H1,m84137_260214_004236_s1/265093786/ccs,0,25,2,12,193,CAA_interrupted,60
H1,m84137_260214_004236_s1/167642912/ccs,0,25,2,12,193,CAA_interrupted,60
H1,m84137_260214_004236_s1/189269035/ccs,0,25,2,12,193,CAA_interrupted,60
H1,m84137_260214_004236_s1/94438361/ccs,0,25,2,12,193,CAA_interrupted,60
H1,m84137_260214_004236_s1/260376557/ccs,0,25,2,12,193,CAA_interrupted,60
H1,m84137_260214_004236_s1/22025252/ccs,0,25,2,12,193,CAA_interrupted,60
H1,m84137_260214_004236_s1/57414433/ccs,0,25,2,12,193,CAA_interrupted,60
H1,m84137_260214_004236_s1/58986042/ccs,0,25,2,12,193,CAA_interrupted,60
H1,m84137_260214_004236_s1/249171420/ccs,0,24,3,12,194,CAA_interrupted,60
H1,m84137_260214_004236_s1/85530081/ccs,0,25,2,12,194,CAA_interrupted,60
H1,m84137_260214_004236_s1/113118904/ccs,0,24,3,12,194,CAA_interrupted,60
H1,m84137_260214_004236_s1/8716759/ccs,0,25,2,12,194,CAA_interrupted,60
H1,m84137_260214_004236_s1/124784221/ccs,0,26,2,11,194,CAA_interrupted,60
H1,m84137_260214_004236_s1/28251359/ccs,0,24,2,12,195,CAA_interrupted,60
H1,m84137_260214_004236_s1/44368154/ccs,0,24,2,12,195,CAA_interrupted,60
H1,m84137_260214_004236_s1/43519215/ccs,0,24,2,12,195,CAA_interrupted,60
H1,m84137_260214_004236_s1/16914109/ccs,0,25,2,12,195,CAA_interrupted,60
H1,m84137_260214_004236_s1/102039728/ccs,0,26,2,12,195,CAA_interrupted,60
H1,m84137_260214_004236_s1/5638267/ccs,0,26,2,11,195,CAA_interrupted,60
H1,m84137_260214_004236_s1/39847910/ccs,0,26,2,12,196,CAA_interrupted,60
H1,m84137_260214_004236_s1/231213681/ccs,0,26,2,12,196,CAA_interrupted,60
H1,m84137_260214_004236_s1/7670614/ccs,0,26,2,12,196,CAA_interrupted,60
H1,m84137_260214_004236_s1/135400275/ccs,0,26,2,12,196,CAA_interrupted,60
H1,m84137_260214_004236_s1/6160976/ccs,0,26,2,12,196,CAA_interrupted,60
H1,m84137_260214_004236_s1/23069570/ccs,0,26,2,12,196,CAA_interrupted,60
H1,m84137_260214_004236_s1/18090811/ccs,0,26,2,12,196,CAA_interrupted,60
H1,m84137_260214_004236_s1/3212872/ccs,0,26,2,12,196,CAA_interrupted,60
H1,m84137_260214_004236_s1/12716705/ccs,0,26,2,12,196,CAA_interrupted,60
H1,m84137_260214_004236_s1/13697959/ccs,0,26,2,12,196,CAA_interrupted,60
H1,m84137_260214_004236_s1/30867652/ccs,0,26,2,12,196,CAA_interrupted,60
H1,m84137_260214_004236_s1/30607620/ccs,0,26,2,12,196,CAA_interrupted,60
H1,m84137_260214_004236_s1/21627104/ccs,0,26,2,12,196,CAA_interrupted,60
H1,m84137_260214_004236_s1/34996793/ccs,0,26,2,12,196,CAA_interrupted,60
H1,m84137_260214_004236_s1/256901735/ccs,0,26,2,12,196,CAA_interrupted,60
H1,m84137_260214_004236_s1/238619241/ccs,0,26,2,12,196,CAA_interrupted,60
H1,m84137_260214_004236_s1/260049621/ccs,0,26,2,12,196,CAA_interrupted,60
H1,m84137_260214_004236_s1/217843997/ccs,0,26,2,12,196,CAA_interrupted,60
H1,m84137_260214_004236_s1/246154016/ccs,0,26,2,12,196,CAA_interrupted,60
H1,m84137_260214_004236_s1/17176416/ccs,0,26,2,12,196,CAA_interrupted,60
H1,m84137_260214_004236_s1/17831723/ccs,0,26,2,12,196,CAA_interrupted,60
H1,m84137_260214_004236_s1/19927765/ccs,0,26,2,12,196,CAA_interrupted,60
H1,m84137_260214_004236_s1/24776945/ccs,0,26,2,12,196,CAA_interrupted,60
H1,m84137_260214_004236_s1/7869416/ccs,0,26,2,12,196,CAA_interrupted,60
H1,m84137_260214_004236_s1/8458941/ccs,0,26,2,12,196,CAA_interrupted,60
H1,m84137_260214_004236_s1/11474285/ccs,0,26,2,12,196,CAA_interrupted,60
H1,m84137_260214_004236_s1/26941089/ccs,0,26,2,12,196,CAA_interrupted,60
H1,m84137_260214_004236_s1/26875467/ccs,0,26,2,12,196,CAA_interrupted,60
H1,m84137_260214_004236_s1/6882916/ccs,0,26,2,12,196,CAA_interrupted,60
H1,m84137_260214_004236_s1/96010874/ccs,0,26,2,12,196,CAA_interrupted,60
H1,m84137_260214_004236_s1/76349960/ccs,0,26,2,12,196,CAA_interrupted,60
H1,m84137_260214_004236_s1/145033843/ccs,0,26,2,12,196,CAA_interrupted,60
H1,m84137_260214_004236_s1/237045154/ccs,0,26,2,12,196,CAA_interrupted,60
H1,m84137_260214_004236_s1/3937286/ccs,0,26,2,12,196,CAA_interrupted,60
H1,m84137_260214_004236_s1/46862037/ccs,0,26,2,12,196,CAA_interrupted,60
H1,m84137_260214_004236_s1/102239791/ccs,0,26,2,12,196,CAA_interrupted,60
H1,m84137_260214_004236_s1/192352993/ccs,0,26,2,12,196,CAA_interrupted,60
H1,m84137_260214_004236_s1/122557921/ccs,0,25,2,12,196,CAA_interrupted,60
H1,m84137_260214_004236_s1/75041077/ccs,0,26,2,12,196,CAA_interrupted,60
H1,m84137_260214_004236_s1/75563481/ccs,0,26,2,12,196,CAA_interrupted,60
H1,m84137_260214_004236_s1/79561406/ccs,0,26,2,12,196,CAA_interrupted,60
H1,m84137_260214_004236_s1/96273273/ccs,0,26,2,12,196,CAA_interrupted,60
H1,m84137_260214_004236_s1/87689374/ccs,0,26,2,12,196,CAA_interrupted,60
H1,m84137_260214_004236_s1/76678353/ccs,0,26,2,12,196,CAA_interrupted,60
H1,m84137_260214_004236_s1/100927070/ccs,0,26,2,12,196,CAA_interrupted,60
H1,m84137_260214_004236_s1/94371956/ccs,0,26,2,12,196,CAA_interrupted,60
H1,m84137_260214_004236_s1/88802443/ccs,0,26,2,12,196,CAA_interrupted,60
H1,m84137_260214_004236_s1/99222009/ccs,0,26,2,12,196,CAA_interrupted,60
H1,m84137_260214_004236_s1/123667664/ccs,0,26,2,12,196,CAA_interrupted,60
H1,m84137_260214_004236_s1/107087906/ccs,0,26,2,12,196,CAA_interrupted,60
H1,m84137_260214_004236_s1/119734849/ccs,0,26,2,12,196,CAA_interrupted,60
H1,m84137_260214_004236_s1/112591084/ccs,0,26,2,12,196,CAA_interrupted,60
H1,m84137_260214_004236_s1/52495023/ccs,0,26,2,12,196,CAA_interrupted,60
H1,m84137_260214_004236_s1/36964638/ccs,0,26,2,12,196,CAA_interrupted,60
H1,m84137_260214_004236_s1/53021292/ccs,0,26,2,12,196,CAA_interrupted,60
H1,m84137_260214_004236_s1/52955938/ccs,0,26,2,12,196,CAA_interrupted,60
H1,m84137_260214_004236_s1/41878802/ccs,0,26,2,12,196,CAA_interrupted,60
H1,m84137_260214_004236_s1/42010849/ccs,0,26,2,12,196,CAA_interrupted,60
H1,m84137_260214_004236_s1/60885649/ccs,0,26,2,12,196,CAA_interrupted,60
H1,m84137_260214_004236_s1/43319424/ccs,0,26,2,12,196,CAA_interrupted,60
H1,m84137_260214_004236_s1/47646128/ccs,0,26,2,12,196,CAA_interrupted,60
H1,m84137_260214_004236_s1/64685336/ccs,0,26,2,12,196,CAA_interrupted,60
H1,m84137_260214_004236_s1/69468930/ccs,0,26,2,12,196,CAA_interrupted,60
H1,m84137_260214_004236_s1/84871708/ccs,0,26,2,12,196,CAA_interrupted,60
H1,m84137_260214_004236_s1/91685192/ccs,0,26,2,12,196,CAA_interrupted,60
H1,m84137_260214_004236_s1/143525189/ccs,0,26,2,12,196,CAA_interrupted,60
H1,m84137_260214_004236_s1/164629189/ccs,0,26,2,12,196,CAA_interrupted,60
H1,m84137_260214_004236_s1/168166690/ccs,0,26,2,12,196,CAA_interrupted,60
H1,m84137_260214_004236_s1/184747901/ccs,0,26,2,12,196,CAA_interrupted,60
H1,m84137_260214_004236_s1/144181430/ccs,0,26,2,12,196,CAA_interrupted,60
H1,m84137_260214_004236_s1/173344095/ccs,0,26,2,12,196,CAA_interrupted,60
H1,m84137_260214_004236_s1/185860236/ccs,0,26,2,12,196,CAA_interrupted,60
H1,m84137_260214_004236_s1/149357778/ccs,0,26,2,12,196,CAA_interrupted,60
H1,m84137_260214_004236_s1/149553266/ccs,0,26,2,12,196,CAA_interrupted,60
H1,m84137_260214_004236_s1/188286084/ccs,0,26,2,12,196,CAA_interrupted,60
H1,m84137_260214_004236_s1/179634318/ccs,0,26,2,12,196,CAA_interrupted,60
H1,m84137_260214_004236_s1/104793826/ccs,0,26,2,12,196,CAA_interrupted,60
H1,m84137_260214_004236_s1/105841197/ccs,0,26,2,12,196,CAA_interrupted,60
H1,m84137_260214_004236_s1/134349844/ccs,0,26,2,12,196,CAA_interrupted,60
H1,m84137_260214_004236_s1/128189159/ccs,0,26,2,12,196,CAA_interrupted,60
H1,m84137_260214_004236_s1/132514487/ccs,0,26,2,12,196,CAA_interrupted,60
H1,m84137_260214_004236_s1/136053608/ccs,0,26,2,12,196,CAA_interrupted,60
H1,m84137_260214_004236_s1/136511660/ccs,0,26,2,12,196,CAA_interrupted,60
H1,m84137_260214_004236_s1/158141315/ccs,0,26,2,12,196,CAA_interrupted,60
H1,m84137_260214_004236_s1/117245420/ccs,0,26,2,12,196,CAA_interrupted,60
H1,m84137_260214_004236_s1/117243967/ccs,0,26,2,12,196,CAA_interrupted,60
H1,m84137_260214_004236_s1/145622600/ccs,0,26,2,12,196,CAA_interrupted,60
H1,m84137_260214_004236_s1/154796656/ccs,0,26,2,12,196,CAA_interrupted,60
H1,m84137_260214_004236_s1/154929693/ccs,0,26,2,12,196,CAA_interrupted,60
H1,m84137_260214_004236_s1/27399552/ccs,0,26,2,12,196,CAA_interrupted,60
H1,m84137_260214_004236_s1/11079365/ccs,0,26,2,12,196,CAA_interrupted,60
H1,m84137_260214_004236_s1/52237678/ccs,0,26,2,12,196,CAA_interrupted,60
H1,m84137_260214_004236_s1/52958294/ccs,0,26,2,12,196,CAA_interrupted,60
H1,m84137_260214_004236_s1/32313446/ccs,0,26,2,12,196,CAA_interrupted,60
H1,m84137_260214_004236_s1/14815174/ccs,0,26,2,12,196,CAA_interrupted,60
H1,m84137_260214_004236_s1/62657661/ccs,0,26,2,12,196,CAA_interrupted,60
H1,m84137_260214_004236_s1/59184498/ccs,0,26,2,12,196,CAA_interrupted,60
H1,m84137_260214_004236_s1/15537785/ccs,0,26,2,12,196,CAA_interrupted,60
H1,m84137_260214_004236_s1/42667344/ccs,0,26,2,12,196,CAA_interrupted,60
H1,m84137_260214_004236_s1/15929710/ccs,0,26,2,12,196,CAA_interrupted,60
H1,m84137_260214_004236_s1/16387423/ccs,0,26,2,12,196,CAA_interrupted,60
H1,m84137_260214_004236_s1/16715165/ccs,0,26,2,12,196,CAA_interrupted,60
H1,m84137_260214_004236_s1/64557619/ccs,0,26,2,12,196,CAA_interrupted,60
H1,m84137_260214_004236_s1/65410846/ccs,0,26,2,12,196,CAA_interrupted,60
H1,m84137_260214_004236_s1/47583112/ccs,0,26,2,12,196,CAA_interrupted,60
H1,m84137_260214_004236_s1/180029691/ccs,0,26,2,12,196,CAA_interrupted,60
H1,m84137_260214_004236_s1/219808863/ccs,0,26,2,12,196,CAA_interrupted,60
H1,m84137_260214_004236_s1/219809690/ccs,0,26,2,12,196,CAA_interrupted,60
H1,m84137_260214_004236_s1/199229868/ccs,0,26,2,12,196,CAA_interrupted,60
H1,m84137_260214_004236_s1/221250358/ccs,0,26,2,12,196,CAA_interrupted,60
H1,m84137_260214_004236_s1/224267063/ccs,0,26,2,12,196,CAA_interrupted,60
H1,m84137_260214_004236_s1/182650457/ccs,0,26,2,12,196,CAA_interrupted,60
H1,m84137_260214_004236_s1/221773883/ccs,0,26,2,12,196,CAA_interrupted,60
H1,m84137_260214_004236_s1/222038433/ccs,0,26,2,12,196,CAA_interrupted,60
H1,m84137_260214_004236_s1/208865337/ccs,0,26,2,12,196,CAA_interrupted,60
H1,m84137_260214_004236_s1/222299367/ccs,0,26,2,12,196,CAA_interrupted,60
H1,m84137_260214_004236_s1/229247671/ccs,0,26,2,12,196,CAA_interrupted,60
H1,m84137_260214_004236_s1/222561984/ccs,0,26,2,12,196,CAA_interrupted,60
H1,m84137_260214_004236_s1/209387616/ccs,0,26,2,12,196,CAA_interrupted,60
H1,m84137_260214_004236_s1/76091975/ccs,0,26,2,12,196,CAA_interrupted,60
H1,m84137_260214_004236_s1/102044935/ccs,0,26,2,12,196,CAA_interrupted,60
H1,m84137_260214_004236_s1/77207012/ccs,0,26,2,12,196,CAA_interrupted,60
H1,m84137_260214_004236_s1/77467498/ccs,0,26,2,12,196,CAA_interrupted,60
H1,m84137_260214_004236_s1/77664851/ccs,0,26,2,12,196,CAA_interrupted,60
H1,m84137_260214_004236_s1/98307947/ccs,0,26,2,12,196,CAA_interrupted,60
H1,m84137_260214_004236_s1/100077183/ccs,0,26,2,12,196,CAA_interrupted,60
H1,m84137_260214_004236_s1/107679952/ccs,0,26,2,12,196,CAA_interrupted,60
H1,m84137_260214_004236_s1/108532088/ccs,0,26,2,12,196,CAA_interrupted,60
H1,m84137_260214_004236_s1/127012800/ccs,0,26,2,12,196,CAA_interrupted,60
H1,m84137_260214_004236_s1/83365986/ccs,0,26,2,12,196,CAA_interrupted,60
H1,m84137_260214_004236_s1/111940586/ccs,0,26,2,12,196,CAA_interrupted,60
H1,m84137_260214_004236_s1/140119913/ccs,0,26,2,12,196,CAA_interrupted,60
H1,m84137_260214_004236_s1/136973746/ccs,0,26,2,12,196,CAA_interrupted,60
H1,m84137_260214_004236_s1/140906563/ccs,0,26,2,12,196,CAA_interrupted,60
H1,m84137_260214_004236_s1/158275365/ccs,0,26,2,12,196,CAA_interrupted,60
H1,m84137_260214_004236_s1/162796821/ccs,0,26,2,12,196,CAA_interrupted,60
H1,m84137_260214_004236_s1/184552682/ccs,0,26,2,12,196,CAA_interrupted,60
H1,m84137_260214_004236_s1/144249924/ccs,0,26,2,12,196,CAA_interrupted,60
H1,m84137_260214_004236_s1/187438383/ccs,0,26,2,12,196,CAA_interrupted,60
H1,m84137_260214_004236_s1/188747950/ccs,0,26,2,12,196,CAA_interrupted,60
H1,m84137_260214_004236_s1/19204506/ccs,0,26,2,12,196,CAA_interrupted,60
H1,m84137_260214_004236_s1/165609745/ccs,0,26,2,12,196,CAA_interrupted,60
H1,m84137_260214_004236_s1/189140358/ccs,0,26,2,12,196,CAA_interrupted,60
H1,m84137_260214_004236_s1/176033092/ccs,0,26,2,12,196,CAA_interrupted,60
H1,m84137_260214_004236_s1/172428393/ccs,0,26,2,12,196,CAA_interrupted,60
H1,m84137_260214_004236_s1/218893526/ccs,0,26,2,12,196,CAA_interrupted,60
H1,m84137_260214_004236_s1/197660442/ccs,0,26,2,12,196,CAA_interrupted,60
H1,m84137_260214_004236_s1/179114636/ccs,0,26,2,12,196,CAA_interrupted,60
H1,m84137_260214_004236_s1/179246067/ccs,0,26,2,12,196,CAA_interrupted,60
H1,m84137_260214_004236_s1/179703541/ccs,0,26,2,12,196,CAA_interrupted,60
H1,m84137_260214_004236_s1/221255395/ccs,0,26,2,12,196,CAA_interrupted,60
H1,m84137_260214_004236_s1/179901680/ccs,0,26,2,12,196,CAA_interrupted,60
H1,m84137_260214_004236_s1/180097278/ccs,0,26,2,12,196,CAA_interrupted,60
H1,m84137_260214_004236_s1/204869051/ccs,0,26,2,12,196,CAA_interrupted,60
H1,m84137_260214_004236_s1/201003243/ccs,0,26,2,12,196,CAA_interrupted,60
H1,m84137_260214_004236_s1/206114963/ccs,0,26,2,12,196,CAA_interrupted,60
H1,m84137_260214_004236_s1/230430500/ccs,0,26,2,12,196,CAA_interrupted,60
H1,m84137_260214_004236_s1/79890844/ccs,0,26,2,12,196,CAA_interrupted,60
H1,m84137_260214_004236_s1/98043063/ccs,0,26,2,12,196,CAA_interrupted,60
H1,m84137_260214_004236_s1/101452777/ccs,0,26,2,12,196,CAA_interrupted,60
H1,m84137_260214_004236_s1/105906383/ccs,0,26,2,12,196,CAA_interrupted,60
H1,m84137_260214_004236_s1/169347202/ccs,0,26,2,12,196,CAA_interrupted,60
H1,m84137_260214_004236_s1/187697188/ccs,0,26,2,12,196,CAA_interrupted,60
H1,m84137_260214_004236_s1/174916217/ccs,0,26,2,12,196,CAA_interrupted,60
H1,m84137_260214_004236_s1/225707750/ccs,0,26,2,12,196,CAA_interrupted,60
H1,m84137_260214_004236_s1/204998369/ccs,0,26,2,12,196,CAA_interrupted,60
H1,m84137_260214_004236_s1/258147269/ccs,0,26,2,12,196,CAA_interrupted,60
H1,m84137_260214_004236_s1/242944176/ccs,0,26,2,12,196,CAA_interrupted,60
H1,m84137_260214_004236_s1/266601279/ccs,0,26,2,12,196,CAA_interrupted,60
H1,m84137_260214_004236_s1/29166958/ccs,0,26,2,12,196,CAA_interrupted,60
H1,m84137_260214_004236_s1/38802731/ccs,0,26,2,12,196,CAA_interrupted,60
H1,m84137_260214_004236_s1/69537492/ccs,0,26,2,12,196,CAA_interrupted,60
H1,m84137_260214_004236_s1/88084238/ccs,0,26,2,12,196,CAA_interrupted,60
H1,m84137_260214_004236_s1/88740214/ccs,0,26,2,12,196,CAA_interrupted,60
H1,m84137_260214_004236_s1/228135493/ccs,0,26,2,12,196,CAA_interrupted,60
H1,m84137_260214_004236_s1/228987366/ccs,0,26,2,12,196,CAA_interrupted,60
H1,m84137_260214_004236_s1/254219988/ccs,0,26,2,12,196,CAA_interrupted,60
H1,m84137_260214_004236_s1/214765384/ccs,0,26,2,12,196,CAA_interrupted,60
H1,m84137_260214_004236_s1/233770660/ccs,0,26,2,12,196,CAA_interrupted,60
H1,m84137_260214_004236_s1/260118046/ccs,0,26,2,12,196,CAA_interrupted,60
H1,m84137_260214_004236_s1/216143233/ccs,0,26,2,12,196,CAA_interrupted,60
H1,m84137_260214_004236_s1/216468515/ccs,0,26,2,12,196,CAA_interrupted,60
H1,m84137_260214_004236_s1/261428671/ccs,0,26,2,12,196,CAA_interrupted,60
H1,m84137_260214_004236_s1/264180309/ccs,0,26,2,12,196,CAA_interrupted,60
H1,m84137_260214_004236_s1/262476089/ccs,0,26,2,12,196,CAA_interrupted,60
H1,m84137_260214_004236_s1/250943349/ccs,0,26,2,12,196,CAA_interrupted,60
H1,m84137_260214_004236_s1/41354904/ccs,0,26,2,12,196,CAA_interrupted,60
H1,m84137_260214_004236_s1/37815314/ccs,0,26,2,12,196,CAA_interrupted,60
H1,m84137_260214_004236_s1/95618667/ccs,0,26,2,12,196,CAA_interrupted,60
H1,m84137_260214_004236_s1/115346779/ccs,0,26,2,12,196,CAA_interrupted,60
H1,m84137_260214_004236_s1/174591474/ccs,0,26,2,12,196,CAA_interrupted,60
H1,m84137_260214_004236_s1/30476759/ccs,0,26,2,12,196,CAA_interrupted,60
H1,m84137_260214_004236_s1/61800907/ccs,0,26,2,12,196,CAA_interrupted,60
H1,m84137_260214_004236_s1/71567543/ccs,0,26,2,12,196,CAA_interrupted,60
H1,m84137_260214_004236_s1/152177132/ccs,0,26,2,12,196,CAA_interrupted,60
H1,m84137_260214_004236_s1/154666352/ccs,0,26,2,12,196,CAA_interrupted,60
H1,m84137_260214_004236_s1/179176406/ccs,0,26,2,12,196,CAA_interrupted,60
H1,m84137_260214_004236_s1/165220118/ccs,0,26,2,12,196,CAA_interrupted,60
H1,m84137_260214_004236_s1/251860124/ccs,0,26,2,12,196,CAA_interrupted,60
H1,m84137_260214_004236_s1/264246990/ccs,0,26,2,12,196,CAA_interrupted,60
H1,m84137_260214_004236_s1/180882322/ccs,0,26,2,12,196,CAA_interrupted,60
H1,m84137_260214_004236_s1/213124219/ccs,0,26,2,12,196,CAA_interrupted,60
H1,m84137_260214_004236_s1/227804049/ccs,0,26,2,12,196,CAA_interrupted,60
H1,m84137_260214_004236_s1/252838325/ccs,0,26,2,12,196,CAA_interrupted,60
H1,m84137_260214_004236_s1/228133855/ccs,0,26,2,12,196,CAA_interrupted,60
H1,m84137_260214_004236_s1/232587447/ccs,0,26,2,12,196,CAA_interrupted,60
H1,m84137_260214_004236_s1/233244041/ccs,0,26,2,12,196,CAA_interrupted,60
H1,m84137_260214_004236_s1/254544503/ccs,0,26,2,12,196,CAA_interrupted,60
H1,m84137_260214_004236_s1/254609192/ccs,0,26,2,12,196,CAA_interrupted,60
H1,m84137_260214_004236_s1/236191810/ccs,0,26,2,12,196,CAA_interrupted,60
H1,m84137_260214_004236_s1/216073221/ccs,0,26,2,12,196,CAA_interrupted,60
H1,m84137_260214_004236_s1/241568192/ccs,0,26,2,12,196,CAA_interrupted,60
H1,m84137_260214_004236_s1/216533881/ccs,0,26,2,12,196,CAA_interrupted,60
H1,m84137_260214_004236_s1/255853596/ccs,0,26,2,12,196,CAA_interrupted,60
H1,m84137_260214_004236_s1/199558453/ccs,0,26,2,12,196,CAA_interrupted,60
H1,m84137_260214_004236_s1/116655877/ccs,0,26,2,12,196,CAA_interrupted,60
H1,m84137_260214_004236_s1/220861244/ccs,0,26,2,12,196,CAA_interrupted,60
H1,m84137_260214_004236_s1/98764524/ccs,0,26,2,12,196,CAA_interrupted,60
H1,m84137_260214_004236_s1/9834262/ccs,0,26,2,12,196,CAA_interrupted,60
H1,m84137_260214_004236_s1/30608993/ccs,0,26,2,12,196,CAA_interrupted,60
H1,m84137_260214_004236_s1/7340658/ccs,0,26,2,12,196,CAA_interrupted,60
H1,m84137_260214_004236_s1/18547552/ccs,0,26,2,12,196,CAA_interrupted,60
H1,m84137_260214_004236_s1/5179811/ccs,0,26,2,12,196,CAA_interrupted,60
H1,m84137_260214_004236_s1/14158313/ccs,0,26,2,12,196,CAA_interrupted,60
H1,m84137_260214_004236_s1/20907781/ccs,0,26,2,12,196,CAA_interrupted,60
H1,m84137_260214_004236_s1/26935419/ccs,0,26,2,12,196,CAA_interrupted,60
H1,m84137_260214_004236_s1/30935930/ccs,0,26,2,12,196,CAA_interrupted,60
H1,m84137_260214_004236_s1/33620476/ccs,0,26,2,12,196,CAA_interrupted,60
H1,m84137_260214_004236_s1/21364985/ccs,0,26,2,12,196,CAA_interrupted,60
H1,m84137_260214_004236_s1/15271598/ccs,0,26,2,12,196,CAA_interrupted,60
H1,m84137_260214_004236_s1/31983229/ccs,0,26,2,12,196,CAA_interrupted,60
H1,m84137_260214_004236_s1/15729892/ccs,0,26,2,12,196,CAA_interrupted,60
H1,m84137_260214_004236_s1/138741057/ccs,0,26,2,12,196,CAA_interrupted,60
H1,m84137_260214_004236_s1/145754582/ccs,0,26,2,12,196,CAA_interrupted,60
H1,m84137_260214_004236_s1/142609387/ccs,0,26,2,12,196,CAA_interrupted,60
H1,m84137_260214_004236_s1/146867234/ccs,0,26,2,12,196,CAA_interrupted,60
H1,m84137_260214_004236_s1/143526874/ccs,0,26,2,12,196,CAA_interrupted,60
H1,m84137_260214_004236_s1/147194027/ccs,0,26,2,12,196,CAA_interrupted,60
H1,m84137_260214_004236_s1/161352325/ccs,0,26,2,12,196,CAA_interrupted,60
H1,m84137_260214_004236_s1/190121876/ccs,0,26,2,12,196,CAA_interrupted,60
H1,m84137_260214_004236_s1/174459277/ccs,0,26,2,12,196,CAA_interrupted,60
H1,m84137_260214_004236_s1/167512980/ccs,0,26,2,12,196,CAA_interrupted,60
H1,m84137_260214_004236_s1/195822742/ccs,0,26,2,12,196,CAA_interrupted,60
H1,m84137_260214_004236_s1/196021115/ccs,0,26,2,12,196,CAA_interrupted,60
H1,m84137_260214_004236_s1/171117383/ccs,0,26,2,12,196,CAA_interrupted,60
H1,m84137_260214_004236_s1/188416844/ccs,0,26,2,12,196,CAA_interrupted,60
H1,m84137_260214_004236_s1/150866344/ccs,0,26,2,12,196,CAA_interrupted,60
H1,m84137_260214_004236_s1/175507728/ccs,0,26,2,12,196,CAA_interrupted,60
H1,m84137_260214_004236_s1/196870203/ccs,0,26,2,12,196,CAA_interrupted,60
H1,m84137_260214_004236_s1/192218767/ccs,0,26,2,12,196,CAA_interrupted,60
H1,m84137_260214_004236_s1/176227263/ccs,0,26,2,12,196,CAA_interrupted,60
H1,m84137_260214_004236_s1/51185307/ccs,0,26,2,12,196,CAA_interrupted,60
H1,m84137_260214_004236_s1/35916155/ccs,0,26,2,12,196,CAA_interrupted,60
H1,m84137_260214_004236_s1/36307541/ccs,0,26,2,12,196,CAA_interrupted,60
H1,m84137_260214_004236_s1/45745627/ccs,0,26,2,12,196,CAA_interrupted,60
H1,m84137_260214_004236_s1/46073667/ccs,0,26,2,12,196,CAA_interrupted,60
H1,m84137_260214_004236_s1/58723158/ccs,0,26,2,12,196,CAA_interrupted,60
H1,m84137_260214_004236_s1/59441977/ccs,0,26,2,12,196,CAA_interrupted,60
H1,m84137_260214_004236_s1/42795783/ccs,0,26,2,12,196,CAA_interrupted,60
H1,m84137_260214_004236_s1/43517778/ccs,0,26,2,12,196,CAA_interrupted,60
H1,m84137_260214_004236_s1/43648043/ccs,0,26,2,12,196,CAA_interrupted,60
H1,m84137_260214_004236_s1/61410035/ccs,0,26,2,12,196,CAA_interrupted,60
H1,m84137_260214_004236_s1/64162217/ccs,0,26,2,12,196,CAA_interrupted,60
H1,m84137_260214_004236_s1/48694929/ccs,0,26,2,12,196,CAA_interrupted,60
H1,m84137_260214_004236_s1/67699145/ccs,0,26,2,12,196,CAA_interrupted,60
H1,m84137_260214_004236_s1/67699829/ccs,0,26,2,12,196,CAA_interrupted,60
H1,m84137_260214_004236_s1/65143397/ccs,0,26,2,12,196,CAA_interrupted,60
H1,m84137_260214_004236_s1/68289235/ccs,0,26,2,12,196,CAA_interrupted,60
H1,m84137_260214_004236_s1/73204238/ccs,0,26,2,12,196,CAA_interrupted,60
H1,m84137_260214_004236_s1/49021710/ccs,0,26,2,12,196,CAA_interrupted,60
H1,m84137_260214_004236_s1/90704745/ccs,0,26,2,12,196,CAA_interrupted,60
H1,m84137_260214_004236_s1/68878985/ccs,0,26,2,12,196,CAA_interrupted,60
H1,m84137_260214_004236_s1/66062868/ccs,0,26,2,12,196,CAA_interrupted,60
H1,m84137_260214_004236_s1/66126172/ccs,0,26,2,12,196,CAA_interrupted,60
H1,m84137_260214_004236_s1/107350022/ccs,0,26,2,12,196,CAA_interrupted,60
H1,m84137_260214_004236_s1/83625644/ccs,0,26,2,12,196,CAA_interrupted,60
H1,m84137_260214_004236_s1/83757596/ccs,0,26,2,12,196,CAA_interrupted,60
H1,m84137_260214_004236_s1/100598678/ccs,0,26,2,12,196,CAA_interrupted,60
H1,m84137_260214_004236_s1/108071722/ccs,0,26,2,12,196,CAA_interrupted,60
H1,m84137_260214_004236_s1/119931378/ccs,0,26,2,12,196,CAA_interrupted,60
H1,m84137_260214_004236_s1/105120085/ccs,0,26,2,12,196,CAA_interrupted,60
H1,m84137_260214_004236_s1/113183300/ccs,0,26,2,12,196,CAA_interrupted,60
H1,m84137_260214_004236_s1/105644218/ccs,0,26,2,12,196,CAA_interrupted,60
H1,m84137_260214_004236_s1/126683979/ccs,0,26,2,12,196,CAA_interrupted,60
H1,m84137_260214_004236_s1/106168868/ccs,0,26,2,12,196,CAA_interrupted,60
H1,m84137_260214_004236_s1/130875758/ccs,0,26,2,12,196,CAA_interrupted,60
H1,m84137_260214_004236_s1/126814997/ccs,0,26,2,12,196,CAA_interrupted,60
H1,m84137_260214_004236_s1/134284520/ccs,0,26,2,12,196,CAA_interrupted,60
H1,m84137_260214_004236_s1/127338724/ccs,0,26,2,12,196,CAA_interrupted,60
H1,m84137_260214_004236_s1/135334197/ccs,0,26,2,12,196,CAA_interrupted,60
H1,m84137_260214_004236_s1/156631251/ccs,0,26,2,12,196,CAA_interrupted,60
H1,m84137_260214_004236_s1/152372143/ccs,0,26,2,12,196,CAA_interrupted,60
H1,m84137_260214_004236_s1/135792605/ccs,0,26,2,12,196,CAA_interrupted,60
H1,m84137_260214_004236_s1/152767274/ccs,0,26,2,12,196,CAA_interrupted,60
H1,m84137_260214_004236_s1/153029260/ccs,0,26,2,12,196,CAA_interrupted,60
H1,m84137_260214_004236_s1/132646924/ccs,0,26,2,12,196,CAA_interrupted,60
H1,m84137_260214_004236_s1/157287633/ccs,0,26,2,12,196,CAA_interrupted,60
H1,m84137_260214_004236_s1/116129955/ccs,0,26,2,12,196,CAA_interrupted,60
H1,m84137_260214_004236_s1/37951187/ccs,0,26,2,12,196,CAA_interrupted,60
H1,m84137_260214_004236_s1/58725543/ccs,0,26,2,12,196,CAA_interrupted,60
H1,m84137_260214_004236_s1/63248127/ccs,0,26,2,12,196,CAA_interrupted,60
H1,m84137_260214_004236_s1/42931628/ccs,0,26,2,12,196,CAA_interrupted,60
H1,m84137_260214_004236_s1/16586096/ccs,0,26,2,12,196,CAA_interrupted,60
H1,m84137_260214_004236_s1/64097941/ccs,0,26,2,12,196,CAA_interrupted,60
H1,m84137_260214_004236_s1/43913481/ccs,0,26,2,12,196,CAA_interrupted,60
H1,m84137_260214_004236_s1/84676753/ccs,0,26,2,12,196,CAA_interrupted,60
H1,m84137_260214_004236_s1/44241072/ccs,0,26,2,12,196,CAA_interrupted,60
H1,m84137_260214_004236_s1/61477200/ccs,0,26,2,12,196,CAA_interrupted,60
H1,m84137_260214_004236_s1/66260284/ccs,0,26,2,12,196,CAA_interrupted,60
H1,m84137_260214_004236_s1/73862626/ccs,0,26,2,12,196,CAA_interrupted,60
H1,m84137_260214_004236_s1/74452281/ccs,0,26,2,12,196,CAA_interrupted,60
H1,m84137_260214_004236_s1/100798221/ccs,0,26,2,12,196,CAA_interrupted,60
H1,m84137_260214_004236_s1/78580856/ccs,0,26,2,12,196,CAA_interrupted,60
H1,m84137_260214_004236_s1/94377226/ccs,0,26,2,12,196,CAA_interrupted,60
H1,m84137_260214_004236_s1/119083743/ccs,0,26,2,12,196,CAA_interrupted,60
H1,m84137_260214_004236_s1/106500325/ccs,0,26,2,12,196,CAA_interrupted,60
H1,m84137_260214_004236_s1/80154091/ccs,0,26,2,12,196,CAA_interrupted,60
H1,m84137_260214_004236_s1/79957114/ccs,0,26,2,12,196,CAA_interrupted,60
H1,m84137_260214_004236_s1/80285520/ccs,0,26,2,12,196,CAA_interrupted,60
H1,m84137_260214_004236_s1/120656322/ccs,0,26,2,12,196,CAA_interrupted,60
H1,m84137_260214_004236_s1/121180444/ccs,0,26,2,12,196,CAA_interrupted,60
H1,m84137_260214_004236_s1/108598491/ccs,0,26,2,12,196,CAA_interrupted,60
H1,m84137_260214_004236_s1/105845250/ccs,0,26,2,12,196,CAA_interrupted,60
H1,m84137_260214_004236_s1/122426471/ccs,0,26,2,12,196,CAA_interrupted,60
H1,m84137_260214_004236_s1/135073923/ccs,0,26,2,12,196,CAA_interrupted,60
H1,m84137_260214_004236_s1/111807966/ccs,0,26,2,12,196,CAA_interrupted,60
H1,m84137_260214_004236_s1/140251126/ccs,0,26,2,12,196,CAA_interrupted,60
H1,m84137_260214_004236_s1/136449860/ccs,0,26,2,12,196,CAA_interrupted,60
H1,m84137_260214_004236_s1/157225359/ccs,0,26,2,12,196,CAA_interrupted,60
H1,m84137_260214_004236_s1/157552456/ccs,0,26,2,12,196,CAA_interrupted,60
H1,m84137_260214_004236_s1/113710287/ccs,0,26,2,12,196,CAA_interrupted,60
H1,m84137_260214_004236_s1/158011644/ccs,0,26,2,12,196,CAA_interrupted,60
H1,m84137_260214_004236_s1/141626425/ccs,0,26,2,12,196,CAA_interrupted,60
H1,m84137_260214_004236_s1/141562876/ccs,0,26,2,12,196,CAA_interrupted,60
H1,m84137_260214_004236_s1/138088902/ccs,0,26,2,12,196,CAA_interrupted,60
H1,m84137_260214_004236_s1/141888568/ccs,0,26,2,12,196,CAA_interrupted,60
H1,m84137_260214_004236_s1/142151492/ccs,0,26,2,12,196,CAA_interrupted,60
H1,m84137_260214_004236_s1/138415449/ccs,0,26,2,12,196,CAA_interrupted,60
H1,m84137_260214_004236_s1/114955048/ccs,0,26,2,12,196,CAA_interrupted,60
H1,m84137_260214_004236_s1/158797007/ccs,0,26,2,12,196,CAA_interrupted,60
H1,m84137_260214_004236_s1/162206575/ccs,0,26,2,12,196,CAA_interrupted,60
H1,m84137_260214_004236_s1/115218297/ccs,0,26,2,12,196,CAA_interrupted,60
H1,m84137_260214_004236_s1/184619616/ccs,0,26,2,12,196,CAA_interrupted,60
H1,m84137_260214_004236_s1/139531701/ccs,0,26,2,12,196,CAA_interrupted,60
H1,m84137_260214_004236_s1/143855629/ccs,0,26,2,12,196,CAA_interrupted,60
H1,m84137_260214_004236_s1/185274103/ccs,0,26,2,12,196,CAA_interrupted,60
H1,m84137_260214_004236_s1/210372578/ccs,0,26,2,12,196,CAA_interrupted,60
H1,m84137_260214_004236_s1/211028823/ccs,0,26,2,12,196,CAA_interrupted,60
H1,m84137_260214_004236_s1/252380885/ccs,0,26,2,12,196,CAA_interrupted,60
H1,m84137_260214_004236_s1/213648253/ccs,0,26,2,12,196,CAA_interrupted,60
H1,m84137_260214_004236_s1/231541013/ccs,0,26,2,12,196,CAA_interrupted,60
H1,m84137_260214_004236_s1/232653490/ccs,0,26,2,12,196,CAA_interrupted,60
H1,m84137_260214_004236_s1/235538511/ccs,0,26,2,12,196,CAA_interrupted,60
H1,m84137_260214_004236_s1/235931433/ccs,0,26,2,12,196,CAA_interrupted,60
H1,m84137_260214_004236_s1/233963575/ccs,0,26,2,12,196,CAA_interrupted,60
H1,m84137_260214_004236_s1/258149205/ccs,0,26,2,12,196,CAA_interrupted,60
H1,m84137_260214_004236_s1/255527020/ccs,0,26,2,12,196,CAA_interrupted,60
H1,m84137_260214_004236_s1/258934827/ccs,0,26,2,12,196,CAA_interrupted,60
H1,m84137_260214_004236_s1/237439488/ccs,0,26,2,12,196,CAA_interrupted,60
H1,m84137_260214_004236_s1/238027463/ccs,0,26,2,12,196,CAA_interrupted,60
H1,m84137_260214_004236_s1/259458746/ccs,0,26,2,12,196,CAA_interrupted,60
H1,m84137_260214_004236_s1/256640697/ccs,0,26,2,12,196,CAA_interrupted,60
H1,m84137_260214_004236_s1/257099704/ccs,0,26,2,12,196,CAA_interrupted,60
H1,m84137_260214_004236_s1/217711645/ccs,0,26,2,12,196,CAA_interrupted,60
H1,m84137_260214_004236_s1/243665361/ccs,0,26,2,12,196,CAA_interrupted,60
H1,m84137_260214_004236_s1/239469330/ccs,0,26,2,12,196,CAA_interrupted,60
H1,m84137_260214_004236_s1/261229160/ccs,0,26,2,12,196,CAA_interrupted,60
H1,m84137_260214_004236_s1/240058537/ccs,0,26,2,12,196,CAA_interrupted,60
H1,m84137_260214_004236_s1/185603999/ccs,0,26,2,12,196,CAA_interrupted,60
H1,m84137_260214_004236_s1/164498603/ccs,0,26,2,12,196,CAA_interrupted,60
H1,m84137_260214_004236_s1/169086769/ccs,0,26,2,12,196,CAA_interrupted,60
H1,m84137_260214_004236_s1/187567182/ccs,0,26,2,12,196,CAA_interrupted,60
H1,m84137_260214_004236_s1/170661455/ccs,0,26,2,12,196,CAA_interrupted,60
H1,m84137_260214_004236_s1/192878138/ccs,0,26,2,12,196,CAA_interrupted,60
H1,m84137_260214_004236_s1/171708174/ccs,0,26,2,12,196,CAA_interrupted,60
H1,m84137_260214_004236_s1/193858639/ccs,0,26,2,12,196,CAA_interrupted,60
H1,m84137_260214_004236_s1/197662023/ccs,0,26,2,12,196,CAA_interrupted,60
H1,m84137_260214_004236_s1/219745686/ccs,0,26,2,12,196,CAA_interrupted,60
H1,m84137_260214_004236_s1/179178576/ccs,0,26,2,12,196,CAA_interrupted,60
H1,m84137_260214_004236_s1/180425560/ccs,0,26,2,12,196,CAA_interrupted,60
H1,m84137_260214_004236_s1/209391754/ccs,0,26,2,12,196,CAA_interrupted,60
H1,m84137_260214_004236_s1/181147370/ccs,0,26,2,12,196,CAA_interrupted,60
H1,m84137_260214_004236_s1/181212055/ccs,0,26,2,12,196,CAA_interrupted,60
H1,m84137_260214_004236_s1/204279214/ccs,0,26,2,12,196,CAA_interrupted,60
H1,m84137_260214_004236_s1/210898928/ccs,0,26,2,12,196,CAA_interrupted,60
H1,m84137_260214_004236_s1/66388460/ccs,0,26,2,12,196,CAA_interrupted,60
H1,m84137_260214_004236_s1/91228879/ccs,0,26,2,12,196,CAA_interrupted,60
H1,m84137_260214_004236_s1/74320855/ccs,0,26,2,12,196,CAA_interrupted,60
H1,m84137_260214_004236_s1/66716155/ccs,0,26,2,12,196,CAA_interrupted,60
H1,m84137_260214_004236_s1/85265107/ccs,0,26,2,12,196,CAA_interrupted,60
H1,m84137_260214_004236_s1/70191704/ccs,0,26,2,12,196,CAA_interrupted,60
H1,m84137_260214_004236_s1/85328043/ccs,0,26,2,12,196,CAA_interrupted,60
H1,m84137_260214_004236_s1/70387077/ccs,0,26,2,12,196,CAA_interrupted,60
H1,m84137_260214_004236_s1/70517575/ccs,0,26,2,12,196,CAA_interrupted,60
H1,m84137_260214_004236_s1/85658285/ccs,0,26,2,12,196,CAA_interrupted,60
H1,m84137_260214_004236_s1/74713295/ccs,0,26,2,12,196,CAA_interrupted,60
H1,m84137_260214_004236_s1/70519264/ccs,0,26,2,12,196,CAA_interrupted,60
H1,m84137_260214_004236_s1/79561857/ccs,0,26,2,12,196,CAA_interrupted,60
H1,m84137_260214_004236_s1/86573194/ccs,0,26,2,12,196,CAA_interrupted,60
H1,m84137_260214_004236_s1/72157203/ccs,0,26,2,12,196,CAA_interrupted,60
H1,m84137_260214_004236_s1/96731643/ccs,0,26,2,12,196,CAA_interrupted,60
H1,m84137_260214_004236_s1/97517811/ccs,0,26,2,12,196,CAA_interrupted,60
H1,m84137_260214_004236_s1/97780786/ccs,0,26,2,12,196,CAA_interrupted,60
H1,m84137_260214_004236_s1/76941523/ccs,0,26,2,12,196,CAA_interrupted,60
H1,m84137_260214_004236_s1/94373383/ccs,0,26,2,12,196,CAA_interrupted,60
H1,m84137_260214_004236_s1/94308802/ccs,0,26,2,12,196,CAA_interrupted,60
H1,m84137_260214_004236_s1/81462201/ccs,0,26,2,12,196,CAA_interrupted,60
H1,m84137_260214_004236_s1/81266471/ccs,0,26,2,12,196,CAA_interrupted,60
H1,m84137_260214_004236_s1/123734140/ccs,0,26,2,12,196,CAA_interrupted,60
H1,m84137_260214_004236_s1/118228060/ccs,0,26,2,12,196,CAA_interrupted,60
H1,m84137_260214_004236_s1/82380445/ccs,0,26,2,12,196,CAA_interrupted,60
H1,m84137_260214_004236_s1/118295355/ccs,0,26,2,12,196,CAA_interrupted,60
H1,m84137_260214_004236_s1/106759146/ccs,0,26,2,12,196,CAA_interrupted,60
H1,m84137_260214_004236_s1/83428684/ccs,0,26,2,12,196,CAA_interrupted,60
H1,m84137_260214_004236_s1/235277765/ccs,0,26,2,12,196,CAA_interrupted,60
H1,m84137_260214_004236_s1/235344076/ccs,0,26,2,12,196,CAA_interrupted,60
H1,m84137_260214_004236_s1/235934156/ccs,0,26,2,12,196,CAA_interrupted,60
H1,m84137_260214_004236_s1/228333029/ccs,0,26,2,12,196,CAA_interrupted,60
H1,m84137_260214_004236_s1/241241626/ccs,0,26,2,12,196,CAA_interrupted,60
H1,m84137_260214_004236_s1/236197748/ccs,0,26,2,12,196,CAA_interrupted,60
H1,m84137_260214_004236_s1/229183610/ccs,0,26,2,12,196,CAA_interrupted,60
H1,m84137_260214_004236_s1/236719852/ccs,0,26,2,12,196,CAA_interrupted,60
H1,m84137_260214_004236_s1/213192019/ccs,0,26,2,12,196,CAA_interrupted,60
H1,m84137_260214_004236_s1/212931717/ccs,0,26,2,12,196,CAA_interrupted,60
H1,m84137_260214_004236_s1/259526661/ccs,0,26,2,12,196,CAA_interrupted,60
H1,m84137_260214_004236_s1/260902352/ccs,0,26,2,12,196,CAA_interrupted,60
H1,m84137_260214_004236_s1/263458896/ccs,0,26,2,12,196,CAA_interrupted,60
H1,m84137_260214_004236_s1/261491927/ccs,0,26,2,12,196,CAA_interrupted,60
H1,m84137_260214_004236_s1/217388739/ccs,0,26,2,12,196,CAA_interrupted,60
H1,m84137_260214_004236_s1/262605852/ccs,0,26,2,12,196,CAA_interrupted,60
H1,m84137_260214_004236_s1/265096475/ccs,0,26,2,12,196,CAA_interrupted,60
H1,m84137_260214_004236_s1/246158783/ccs,0,26,2,12,196,CAA_interrupted,60
H1,m84137_260214_004236_s1/247926090/ccs,0,26,2,12,196,CAA_interrupted,60
H1,m84137_260214_004236_s1/248581137/ccs,0,26,2,12,196,CAA_interrupted,60
H1,m84137_260214_004236_s1/248976996/ccs,0,26,2,12,196,CAA_interrupted,60
H1,m84137_260214_004236_s1/251531898/ccs,0,26,2,12,196,CAA_interrupted,60
H1,m84137_260214_004236_s1/89852784/ccs,0,26,2,12,196,CAA_interrupted,60
H1,m84137_260214_004236_s1/27002968/ccs,0,26,2,12,196,CAA_interrupted,60
H1,m84137_260214_004236_s1/51120994/ccs,0,26,2,12,196,CAA_interrupted,60
H1,m84137_260214_004236_s1/64225987/ccs,0,26,2,12,196,CAA_interrupted,60
H1,m84137_260214_004236_s1/44630163/ccs,0,26,2,12,196,CAA_interrupted,60
H1,m84137_260214_004236_s1/65079665/ccs,0,26,2,12,196,CAA_interrupted,60
H1,m84137_260214_004236_s1/90377160/ccs,0,26,2,12,196,CAA_interrupted,60
H1,m84137_260214_004236_s1/98240021/ccs,0,26,2,12,196,CAA_interrupted,60
H1,m84137_260214_004236_s1/81854601/ccs,0,26,2,12,196,CAA_interrupted,60
H1,m84137_260214_004236_s1/83364579/ccs,0,26,2,12,196,CAA_interrupted,60
H1,m84137_260214_004236_s1/120784008/ccs,0,26,2,12,196,CAA_interrupted,60
H1,m84137_260214_004236_s1/116262918/ccs,0,26,2,12,196,CAA_interrupted,60
H1,m84137_260214_004236_s1/116788111/ccs,0,26,2,12,196,CAA_interrupted,60
H1,m84137_260214_004236_s1/164563421/ccs,0,26,2,12,196,CAA_interrupted,60
H1,m84137_260214_004236_s1/174653529/ccs,0,26,2,12,196,CAA_interrupted,60
H1,m84137_260214_004236_s1/208865826/ccs,0,26,2,12,196,CAA_interrupted,60
H1,m84137_260214_004236_s1/230165289/ccs,0,26,2,12,196,CAA_interrupted,60
H1,m84137_260214_004236_s1/231473746/ccs,0,26,2,12,196,CAA_interrupted,60
H1,m84137_260214_004236_s1/263979482/ccs,0,26,2,12,196,CAA_interrupted,60
H1,m84137_260214_004236_s1/18749085/ccs,0,26,2,12,196,CAA_interrupted,60
H1,m84137_260214_004236_s1/248579559/ccs,0,26,2,12,196,CAA_interrupted,60
H1,m84137_260214_004236_s1/26741890/ccs,0,26,2,12,196,CAA_interrupted,60
H1,m84137_260214_004236_s1/172099780/ccs,0,26,2,12,196,CAA_interrupted,60
H1,m84137_260214_004236_s1/176949513/ccs,0,26,2,12,196,CAA_interrupted,60
H1,m84137_260214_004236_s1/193530253/ccs,0,26,2,12,196,CAA_interrupted,60
H1,m84137_260214_004236_s1/180029084/ccs,0,26,2,12,196,CAA_interrupted,60
H1,m84137_260214_004236_s1/173343590/ccs,0,26,2,12,196,CAA_interrupted,60
H1,m84137_260214_004236_s1/199098415/ccs,0,26,2,12,196,CAA_interrupted,60
H1,m84137_260214_004236_s1/201787178/ccs,0,26,2,12,196,CAA_interrupted,60
H1,m84137_260214_004236_s1/202311802/ccs,0,26,2,12,196,CAA_interrupted,60
H1,m84137_260214_004236_s1/181863861/ccs,0,26,2,12,196,CAA_interrupted,60
H1,m84137_260214_004236_s1/207685227/ccs,0,26,2,12,196,CAA_interrupted,60
H1,m84137_260214_004236_s1/200279322/ccs,0,26,2,12,196,CAA_interrupted,60
H1,m84137_260214_004236_s1/224068768/ccs,0,26,2,12,196,CAA_interrupted,60
H1,m84137_260214_004236_s1/182913903/ccs,0,26,2,12,196,CAA_interrupted,60
H1,m84137_260214_004236_s1/221907172/ccs,0,26,2,12,196,CAA_interrupted,60
H1,m84137_260214_004236_s1/183371912/ccs,0,26,2,12,196,CAA_interrupted,60
H1,m84137_260214_004236_s1/225249958/ccs,0,26,2,12,196,CAA_interrupted,60
H1,m84137_260214_004236_s1/209062164/ccs,0,26,2,12,196,CAA_interrupted,60
H1,m84137_260214_004236_s1/229509395/ccs,0,26,2,12,196,CAA_interrupted,60
H1,m84137_260214_004236_s1/209454333/ccs,0,26,2,12,196,CAA_interrupted,60
H1,m84137_260214_004236_s1/204604481/ccs,0,26,2,12,196,CAA_interrupted,60
H1,m84137_260214_004236_s1/209781926/ccs,0,26,2,12,196,CAA_interrupted,60
H1,m84137_260214_004236_s1/230426458/ccs,0,26,2,12,196,CAA_interrupted,60
H1,m84137_260214_004236_s1/75499290/ccs,0,26,2,12,196,CAA_interrupted,60
H1,m84137_260214_004236_s1/88015958/ccs,0,26,2,12,196,CAA_interrupted,60
H1,m84137_260214_004236_s1/123732087/ccs,0,26,2,12,196,CAA_interrupted,60
H1,m84137_260214_004236_s1/151979451/ccs,0,26,2,12,196,CAA_interrupted,60
H1,m84137_260214_004236_s1/140836974/ccs,0,26,2,12,196,CAA_interrupted,60
H1,m84137_260214_004236_s1/145490230/ccs,0,26,2,12,196,CAA_interrupted,60
H1,m84137_260214_004236_s1/155387935/ccs,0,26,2,12,196,CAA_interrupted,60
H1,m84137_260214_004236_s1/163644217/ccs,0,26,2,12,196,CAA_interrupted,60
H1,m84137_260214_004236_s1/147719499/ccs,0,26,2,12,196,CAA_interrupted,60
H1,m84137_260214_004236_s1/186254811/ccs,0,26,2,12,196,CAA_interrupted,60
H1,m84137_260214_004236_s1/188482679/ccs,0,26,2,12,196,CAA_interrupted,60
H1,m84137_260214_004236_s1/192282967/ccs,0,26,2,12,196,CAA_interrupted,60
H1,m84137_260214_004236_s1/177800613/ccs,0,26,2,12,196,CAA_interrupted,60
H1,m84137_260214_004236_s1/219022829/ccs,0,26,2,12,196,CAA_interrupted,60
H1,m84137_260214_004236_s1/180553088/ccs,0,26,2,12,196,CAA_interrupted,60
H1,m84137_260214_004236_s1/195297819/ccs,0,26,2,12,196,CAA_interrupted,60
H1,m84137_260214_004236_s1/202506730/ccs,0,26,2,12,196,CAA_interrupted,60
H1,m84137_260214_004236_s1/51058232/ccs,0,26,2,12,196,CAA_interrupted,60
H1,m84137_260214_004236_s1/11932527/ccs,0,26,2,12,196,CAA_interrupted,60
H1,m84137_260214_004236_s1/39327044/ccs,0,26,2,12,196,CAA_interrupted,60
H1,m84137_260214_004236_s1/32509772/ccs,0,26,2,12,196,CAA_interrupted,60
H1,m84137_260214_004236_s1/88215259/ccs,0,26,2,12,196,CAA_interrupted,60
H1,m84137_260214_004236_s1/136647251/ccs,0,26,2,12,196,CAA_interrupted,60
H1,m84137_260214_004236_s1/142152270/ccs,0,26,2,12,196,CAA_interrupted,60
H1,m84137_260214_004236_s1/164171121/ccs,0,26,2,12,196,CAA_interrupted,60
H1,m84137_260214_004236_s1/225777569/ccs,0,26,2,12,196,CAA_interrupted,60
H1,m84137_260214_004236_s1/255660919/ccs,0,26,2,12,196,CAA_interrupted,60
H1,m84137_260214_004236_s1/243273724/ccs,0,26,2,12,196,CAA_interrupted,60
H1,m84137_260214_004236_s1/5965288/ccs,0,26,2,12,196,CAA_interrupted,60
H1,m84137_260214_004236_s1/30150785/ccs,0,26,2,12,196,CAA_interrupted,60
H1,m84137_260214_004236_s1/30674373/ccs,0,26,2,12,196,CAA_interrupted,60
H1,m84137_260214_004236_s1/54006591/ccs,0,26,2,12,196,CAA_interrupted,60
H1,m84137_260214_004236_s1/61475988/ccs,0,26,2,12,196,CAA_interrupted,60
H1,m84137_260214_004236_s1/72225071/ccs,0,26,2,12,196,CAA_interrupted,60
H1,m84137_260214_004236_s1/93722306/ccs,0,26,2,12,196,CAA_interrupted,60
H1,m84137_260214_004236_s1/82252044/ccs,0,26,2,12,196,CAA_interrupted,60
H1,m84137_260214_004236_s1/144970566/ccs,0,26,2,12,196,CAA_interrupted,60
H1,m84137_260214_004236_s1/166663633/ccs,0,26,2,12,196,CAA_interrupted,60
H1,m84137_260214_004236_s1/172560777/ccs,0,26,2,12,196,CAA_interrupted,60
H1,m84137_260214_004236_s1/179637405/ccs,0,26,2,12,196,CAA_interrupted,60
H1,m84137_260214_004236_s1/208082580/ccs,0,26,2,12,196,CAA_interrupted,60
H1,m84137_260214_004236_s1/244125722/ccs,0,26,2,12,196,CAA_interrupted,60
H1,m84137_260214_004236_s1/259853949/ccs,0,26,2,12,196,CAA_interrupted,60
H1,m84137_260214_004236_s1/32573846/ccs,0,26,2,12,196,CAA_interrupted,60
H1,m84137_260214_004236_s1/54986811/ccs,0,26,2,12,196,CAA_interrupted,60
H1,m84137_260214_004236_s1/87034634/ccs,0,26,2,12,196,CAA_interrupted,60
H1,m84137_260214_004236_s1/245104807/ccs,0,26,2,12,196,CAA_interrupted,60
H1,m84137_260214_004236_s1/54529425/ccs,0,26,2,12,196,CAA_interrupted,60
H1,m84137_260214_004236_s1/63378309/ccs,0,26,2,12,196,CAA_interrupted,60
H1,m84137_260214_004236_s1/88543452/ccs,0,26,2,12,196,CAA_interrupted,60
H1,m84137_260214_004236_s1/120393557/ccs,0,26,2,12,196,CAA_interrupted,60
H1,m84137_260214_004236_s1/130945211/ccs,0,26,2,12,196,CAA_interrupted,60
H1,m84137_260214_004236_s1/177082012/ccs,0,26,2,12,196,CAA_interrupted,60
H1,m84137_260214_004236_s1/249499004/ccs,0,26,2,12,196,CAA_interrupted,60
H1,m84137_260214_004236_s1/16910503/ccs,0,26,2,12,196,CAA_interrupted,60
H1,m84137_260214_004236_s1/17498327/ccs,0,26,2,12,196,CAA_interrupted,60
H1,m84137_260214_004236_s1/18285177/ccs,0,26,2,12,196,CAA_interrupted,60
H1,m84137_260214_004236_s1/29166006/ccs,0,26,2,12,196,CAA_interrupted,60
H1,m84137_260214_004236_s1/3868234/ccs,0,26,2,12,196,CAA_interrupted,60
H1,m84137_260214_004236_s1/3932420/ccs,0,26,2,12,196,CAA_interrupted,60
H1,m84137_260214_004236_s1/3804020/ccs,0,26,2,12,196,CAA_interrupted,60
H1,m84137_260214_004236_s1/19595813/ccs,0,26,2,12,196,CAA_interrupted,60
H1,m84137_260214_004236_s1/215286235/ccs,0,26,2,12,196,CAA_interrupted,60
H1,m84137_260214_004236_s1/210834983/ccs,0,26,2,12,196,CAA_interrupted,60
H1,m84137_260214_004236_s1/102567411/ccs,0,26,1,12,196,CAA_interrupted,60
H1,m84137_260214_004236_s1/48498419/ccs,0,26,2,12,196,CAA_interrupted,60
H1,m84137_260214_004236_s1/92735770/ccs,0,26,2,12,196,CAA_interrupted,60
H1,m84137_260214_004236_s1/75762317/ccs,0,26,2,12,196,CAA_interrupted,60
H1,m84137_260214_004236_s1/76940079/ccs,0,26,2,12,196,CAA_interrupted,60
H1,m84137_260214_004236_s1/106761038/ccs,0,26,2,12,196,CAA_interrupted,60
H1,m84137_260214_004236_s1/99683300/ccs,0,26,2,12,196,CAA_interrupted,60
H1,m84137_260214_004236_s1/186124262/ccs,0,26,2,12,196,CAA_interrupted,60
H1,m84137_260214_004236_s1/20055214/ccs,0,26,2,12,196,CAA_interrupted,60
H1,m84137_260214_004236_s1/5507485/ccs,0,26,2,12,196,CAA_interrupted,60
H1,m84137_260214_004236_s1/9177874/ccs,0,26,2,12,196,CAA_interrupted,60
H1,m84137_260214_004236_s1/21955409/ccs,0,26,2,12,196,CAA_interrupted,60
H1,m84137_260214_004236_s1/34671278/ccs,0,26,2,12,196,CAA_interrupted,60
H1,m84137_260214_004236_s1/31916604/ccs,0,26,2,12,196,CAA_interrupted,60
H1,m84137_260214_004236_s1/35259391/ccs,0,26,2,12,196,CAA_interrupted,60
H1,m84137_260214_004236_s1/50727890/ccs,0,26,2,12,196,CAA_interrupted,60
H1,m84137_260214_004236_s1/35914534/ccs,0,26,2,12,196,CAA_interrupted,60
H1,m84137_260214_004236_s1/40306430/ccs,0,26,2,12,196,CAA_interrupted,60
H1,m84137_260214_004236_s1/61866760/ccs,0,26,2,12,196,CAA_interrupted,60
H1,m84137_260214_004236_s1/52363855/ccs,0,26,2,12,196,CAA_interrupted,60
H1,m84137_260214_004236_s1/59507764/ccs,0,26,2,12,196,CAA_interrupted,60
H1,m84137_260214_004236_s1/38274325/ccs,0,26,2,12,196,CAA_interrupted,60
H1,m84137_260214_004236_s1/54265274/ccs,0,26,2,12,196,CAA_interrupted,60
H1,m84137_260214_004236_s1/38800189/ccs,0,26,2,12,196,CAA_interrupted,60
H1,m84137_260214_004236_s1/54396442/ccs,0,26,2,12,196,CAA_interrupted,60
H1,m84137_260214_004236_s1/115476360/ccs,0,26,2,12,196,CAA_interrupted,60
H1,m84137_260214_004236_s1/115606956/ccs,0,26,2,12,196,CAA_interrupted,60
H1,m84137_260214_004236_s1/133498539/ccs,0,26,2,12,196,CAA_interrupted,60
H1,m84137_260214_004236_s1/140969060/ccs,0,26,2,12,196,CAA_interrupted,60
H1,m84137_260214_004236_s1/141296563/ccs,0,26,2,12,196,CAA_interrupted,60
H1,m84137_260214_004236_s1/154404867/ccs,0,26,2,12,196,CAA_interrupted,60
H1,m84137_260214_004236_s1/138741753/ccs,0,26,2,12,196,CAA_interrupted,60
H1,m84137_260214_004236_s1/146017060/ccs,0,26,2,12,196,CAA_interrupted,60
H1,m84137_260214_004236_s1/146081150/ccs,0,26,2,12,196,CAA_interrupted,60
H1,m84137_260214_004236_s1/164365961/ccs,0,26,2,12,196,CAA_interrupted,60
H1,m84137_260214_004236_s1/184617783/ccs,0,26,2,12,196,CAA_interrupted,60
H1,m84137_260214_004236_s1/165282313/ccs,0,26,2,12,196,CAA_interrupted,60
H1,m84137_260214_004236_s1/168428662/ccs,0,26,2,12,196,CAA_interrupted,60
H1,m84137_260214_004236_s1/147784732/ccs,0,26,2,12,196,CAA_interrupted,60
H1,m84137_260214_004236_s1/169411888/ccs,0,26,2,12,196,CAA_interrupted,60
H1,m84137_260214_004236_s1/166528094/ccs,0,26,2,12,196,CAA_interrupted,60
H1,m84137_260214_004236_s1/186124562/ccs,0,26,2,12,196,CAA_interrupted,60
H1,m84137_260214_004236_s1/148900286/ccs,0,26,2,12,196,CAA_interrupted,60
H1,m84137_260214_004236_s1/237376273/ccs,0,26,2,12,196,CAA_interrupted,60
H1,m84137_260214_004236_s1/258150411/ccs,0,26,2,12,196,CAA_interrupted,60
H1,m84137_260214_004236_s1/255725200/ccs,0,26,2,12,196,CAA_interrupted,60
H1,m84137_260214_004236_s1/258806674/ccs,0,26,2,12,196,CAA_interrupted,60
H1,m84137_260214_004236_s1/216207470/ccs,0,26,2,12,196,CAA_interrupted,60
H1,m84137_260214_004236_s1/262934501/ccs,0,26,2,12,196,CAA_interrupted,60
H1,m84137_260214_004236_s1/245699426/ccs,0,26,2,12,196,CAA_interrupted,60
H1,m84137_260214_004236_s1/247011091/ccs,0,26,2,12,196,CAA_interrupted,60
H1,m84137_260214_004236_s1/251399706/ccs,0,26,2,12,196,CAA_interrupted,60
H1,m84137_260214_004236_s1/251465316/ccs,0,26,2,12,196,CAA_interrupted,60
H1,m84137_260214_004236_s1/15663639/ccs,0,26,2,12,196,CAA_interrupted,60
H1,m84137_260214_004236_s1/51119791/ccs,0,26,2,12,196,CAA_interrupted,60
H1,m84137_260214_004236_s1/40110215/ccs,0,26,2,12,196,CAA_interrupted,60
H1,m84137_260214_004236_s1/52693524/ccs,0,26,2,12,196,CAA_interrupted,60
H1,m84137_260214_004236_s1/73532148/ccs,0,26,2,12,196,CAA_interrupted,60
H1,m84137_260214_004236_s1/115214719/ccs,0,26,2,12,196,CAA_interrupted,60
H1,m84137_260214_004236_s1/172622536/ccs,0,26,2,12,196,CAA_interrupted,60
H1,m84137_260214_004236_s1/172950308/ccs,0,26,2,12,196,CAA_interrupted,60
H1,m84137_260214_004236_s1/225969039/ccs,0,26,2,12,196,CAA_interrupted,60
H1,m84137_260214_004236_s1/240845311/ccs,0,26,2,12,196,CAA_interrupted,60
H1,m84137_260214_004236_s1/263326390/ccs,0,26,2,12,196,CAA_interrupted,60
H1,m84137_260214_004236_s1/245369066/ccs,0,26,2,12,196,CAA_interrupted,60
H1,m84137_260214_004236_s1/167511269/ccs,0,26,2,12,196,CAA_interrupted,60
H1,m84137_260214_004236_s1/191366382/ccs,0,26,2,12,196,CAA_interrupted,60
H1,m84137_260214_004236_s1/191170919/ccs,0,26,2,12,196,CAA_interrupted,60
H1,m84137_260214_004236_s1/149947267/ccs,0,26,2,12,196,CAA_interrupted,60
H1,m84137_260214_004236_s1/195757744/ccs,0,26,2,12,196,CAA_interrupted,60
H1,m84137_260214_004236_s1/187958101/ccs,0,26,2,12,196,CAA_interrupted,60
H1,m84137_260214_004236_s1/191432551/ccs,0,26,2,12,196,CAA_interrupted,60
H1,m84137_260214_004236_s1/188287881/ccs,0,26,2,12,196,CAA_interrupted,60
H1,m84137_260214_004236_s1/175637488/ccs,0,26,2,12,196,CAA_interrupted,60
H1,m84137_260214_004236_s1/188942149/ccs,0,26,2,12,196,CAA_interrupted,60
H1,m84137_260214_004236_s1/175899511/ccs,0,26,2,12,196,CAA_interrupted,60
H1,m84137_260214_004236_s1/175898938/ccs,0,26,2,12,196,CAA_interrupted,60
H1,m84137_260214_004236_s1/193267087/ccs,0,26,2,12,196,CAA_interrupted,60
H1,m84137_260214_004236_s1/177144500/ccs,0,26,2,12,196,CAA_interrupted,60
H1,m84137_260214_004236_s1/218564888/ccs,0,26,2,12,196,CAA_interrupted,60
H1,m84137_260214_004236_s1/181141852/ccs,0,26,2,12,196,CAA_interrupted,60
H1,m84137_260214_004236_s1/202179249/ccs,0,26,2,12,196,CAA_interrupted,60
H1,m84137_260214_004236_s1/207880566/ccs,0,26,2,12,196,CAA_interrupted,60
H1,m84137_260214_004236_s1/207947503/ccs,0,26,2,12,196,CAA_interrupted,60
H1,m84137_260214_004236_s1/224658113/ccs,0,26,2,12,196,CAA_interrupted,60
H1,m84137_260214_004236_s1/183306961/ccs,0,26,2,12,196,CAA_interrupted,60
H1,m84137_260214_004236_s1/209980115/ccs,0,26,2,12,196,CAA_interrupted,60
H1,m84137_260214_004236_s1/212534336/ccs,0,26,2,12,196,CAA_interrupted,60
H1,m84137_260214_004236_s1/205129574/ccs,0,26,2,12,196,CAA_interrupted,60
H1,m84137_260214_004236_s1/205193636/ccs,0,26,2,12,196,CAA_interrupted,60
H1,m84137_260214_004236_s1/205587950/ccs,0,26,2,12,196,CAA_interrupted,60
H1,m84137_260214_004236_s1/227345132/ccs,0,26,2,12,196,CAA_interrupted,60
H1,m84137_260214_004236_s1/231148509/ccs,0,26,2,12,196,CAA_interrupted,60
H1,m84137_260214_004236_s1/206111186/ccs,0,26,2,12,196,CAA_interrupted,60
H1,m84137_260214_004236_s1/231540037/ccs,0,26,2,12,196,CAA_interrupted,60
H1,m84137_260214_004236_s1/211880152/ccs,0,26,2,12,196,CAA_interrupted,60
H1,m84137_260214_004236_s1/233179913/ccs,0,26,2,12,196,CAA_interrupted,60
H1,m84137_260214_004236_s1/236456663/ccs,0,26,2,12,196,CAA_interrupted,60
H1,m84137_260214_004236_s1/241502732/ccs,0,26,2,12,196,CAA_interrupted,60
H1,m84137_260214_004236_s1/236980683/ccs,0,26,2,12,196,CAA_interrupted,60
H1,m84137_260214_004236_s1/121049028/ccs,0,26,2,12,196,CAA_interrupted,60
H1,m84137_260214_004236_s1/108662218/ccs,0,26,2,12,196,CAA_interrupted,60
H1,m84137_260214_004236_s1/125637528/ccs,0,26,2,12,196,CAA_interrupted,60
H1,m84137_260214_004236_s1/109581782/ccs,0,26,2,12,196,CAA_interrupted,60
H1,m84137_260214_004236_s1/83037218/ccs,0,26,2,12,196,CAA_interrupted,60
H1,m84137_260214_004236_s1/127014816/ccs,0,26,2,12,196,CAA_interrupted,60
H1,m84137_260214_004236_s1/111283589/ccs,0,26,2,12,196,CAA_interrupted,60
H1,m84137_260214_004236_s1/83693178/ccs,0,26,2,12,196,CAA_interrupted,60
H1,m84137_260214_004236_s1/128520706/ccs,0,26,2,12,196,CAA_interrupted,60
H1,m84137_260214_004236_s1/111939670/ccs,0,26,2,12,196,CAA_interrupted,60
H1,m84137_260214_004236_s1/140054814/ccs,0,26,2,12,196,CAA_interrupted,60
H1,m84137_260214_004236_s1/112266618/ccs,0,26,2,12,196,CAA_interrupted,60
H1,m84137_260214_004236_s1/153619860/ccs,0,26,2,12,196,CAA_interrupted,60
H1,m84137_260214_004236_s1/157881319/ccs,0,26,2,12,196,CAA_interrupted,60
H1,m84137_260214_004236_s1/114757860/ccs,0,26,2,12,196,CAA_interrupted,60
H1,m84137_260214_004236_s1/158733860/ccs,0,26,2,12,196,CAA_interrupted,60
H1,m84137_260214_004236_s1/138808991/ccs,0,26,2,12,196,CAA_interrupted,60
H1,m84137_260214_004236_s1/144248431/ccs,0,26,2,12,196,CAA_interrupted,60
H1,m84137_260214_004236_s1/164236840/ccs,0,26,2,12,196,CAA_interrupted,60
H1,m84137_260214_004236_s1/161615240/ccs,0,26,2,12,196,CAA_interrupted,60
H1,m84137_260214_004236_s1/69015063/ccs,0,26,2,12,196,CAA_interrupted,60
H1,m84137_260214_004236_s1/16258790/ccs,0,26,2,12,196,CAA_interrupted,60
H1,m84137_260214_004236_s1/43323801/ccs,0,26,2,12,196,CAA_interrupted,60
H1,m84137_260214_004236_s1/60361729/ccs,0,26,2,12,196,CAA_interrupted,60
H1,m84137_260214_004236_s1/44438200/ccs,0,26,2,12,196,CAA_interrupted,60
H1,m84137_260214_004236_s1/85922684/ccs,0,26,2,12,196,CAA_interrupted,60
H1,m84137_260214_004236_s1/46075258/ccs,0,26,2,12,196,CAA_interrupted,60
H1,m84137_260214_004236_s1/46274264/ccs,0,26,2,12,196,CAA_interrupted,60
H1,m84137_260214_004236_s1/46732555/ccs,0,26,2,12,196,CAA_interrupted,60
H1,m84137_260214_004236_s1/90443360/ccs,0,26,2,12,196,CAA_interrupted,60
H1,m84137_260214_004236_s1/87234036/ccs,0,26,2,12,196,CAA_interrupted,60
H1,m84137_260214_004236_s1/88280969/ccs,0,26,2,12,196,CAA_interrupted,60
H1,m84137_260214_004236_s1/75762978/ccs,0,26,2,12,196,CAA_interrupted,60
H1,m84137_260214_004236_s1/101454567/ccs,0,26,2,12,196,CAA_interrupted,60
H1,m84137_260214_004236_s1/118690503/ccs,0,26,2,12,196,CAA_interrupted,60
H1,m84137_260214_004236_s1/119345366/ccs,0,26,2,12,196,CAA_interrupted,60
H1,m84137_260214_004236_s1/98964949/ccs,0,26,2,12,196,CAA_interrupted,60
H1,m84137_260214_004236_s1/32969205/ccs,0,26,2,12,196,CAA_interrupted,60
H1,m84137_260214_004236_s1/79761548/ccs,0,26,2,12,196,CAA_interrupted,60
H1,m84137_260214_004236_s1/152048002/ccs,0,26,2,12,196,CAA_interrupted,60
H1,m84137_260214_004236_s1/133699250/ccs,0,26,2,12,196,CAA_interrupted,60
H1,m84137_260214_004236_s1/142675649/ccs,0,26,2,12,196,CAA_interrupted,60
H1,m84137_260214_004236_s1/169481439/ccs,0,26,2,12,196,CAA_interrupted,60
H1,m84137_260214_004236_s1/194056842/ccs,0,26,2,12,196,CAA_interrupted,60
H1,m84137_260214_004236_s1/231216131/ccs,0,26,2,12,196,CAA_interrupted,60
H1,m84137_260214_004236_s1/242749555/ccs,0,26,2,12,196,CAA_interrupted,60
H1,m84137_260214_004236_s1/36963248/ccs,0,26,2,12,196,CAA_interrupted,60
H1,m84137_260214_004236_s1/87229654/ccs,0,26,2,12,196,CAA_interrupted,60
H1,m84137_260214_004236_s1/246482913/ccs,0,26,2,12,196,CAA_interrupted,60
H1,m84137_260214_004236_s1/125441491/ccs,0,26,2,12,196,CAA_interrupted,60
H1,m84137_260214_004236_s1/80020630/ccs,0,26,2,12,196,CAA_interrupted,60
H1,m84137_260214_004236_s1/67437809/ccs,0,26,2,12,196,CAA_interrupted,60
H1,m84137_260214_004236_s1/64293524/ccs,0,26,2,12,196,CAA_interrupted,60
H1,m84137_260214_004236_s1/67895751/ccs,0,26,2,12,196,CAA_interrupted,60
H1,m84137_260214_004236_s1/55444945/ccs,0,26,2,12,196,CAA_interrupted,60
H1,m84137_260214_004236_s1/68617071/ccs,0,26,2,12,196,CAA_interrupted,60
H1,m84137_260214_004236_s1/73534045/ccs,0,26,2,12,196,CAA_interrupted,60
H1,m84137_260214_004236_s1/50069737/ccs,0,26,2,12,196,CAA_interrupted,60
H1,m84137_260214_004236_s1/70060497/ccs,0,26,2,12,196,CAA_interrupted,60
H1,m84137_260214_004236_s1/78514307/ccs,0,26,2,12,196,CAA_interrupted,60
H1,m84137_260214_004236_s1/70452165/ccs,0,26,2,12,196,CAA_interrupted,60
H1,m84137_260214_004236_s1/95291001/ccs,0,26,2,12,196,CAA_interrupted,60
H1,m84137_260214_004236_s1/92931640/ccs,0,26,2,12,196,CAA_interrupted,60
H1,m84137_260214_004236_s1/79430602/ccs,0,26,2,12,196,CAA_interrupted,60
H1,m84137_260214_004236_s1/71763430/ccs,0,26,2,12,196,CAA_interrupted,60
H1,m84137_260214_004236_s1/93522716/ccs,0,26,2,12,196,CAA_interrupted,60
H1,m84137_260214_004236_s1/117638119/ccs,0,26,2,12,196,CAA_interrupted,60
H1,m84137_260214_004236_s1/102042390/ccs,0,26,2,12,196,CAA_interrupted,60
H1,m84137_260214_004236_s1/101976857/ccs,0,26,2,12,196,CAA_interrupted,60
H1,m84137_260214_004236_s1/237240358/ccs,0,26,2,12,196,CAA_interrupted,60
H1,m84137_260214_004236_s1/258868107/ccs,0,26,2,12,196,CAA_interrupted,60
H1,m84137_260214_004236_s1/255920585/ccs,0,26,2,12,196,CAA_interrupted,60
H1,m84137_260214_004236_s1/237701132/ccs,0,26,2,12,196,CAA_interrupted,60
H1,m84137_260214_004236_s1/242811946/ccs,0,26,2,12,196,CAA_interrupted,60
H1,m84137_260214_004236_s1/239337564/ccs,0,26,2,12,196,CAA_interrupted,60
H1,m84137_260214_004236_s1/260901780/ccs,0,26,2,12,196,CAA_interrupted,60
H1,m84137_260214_004236_s1/23859478/ccs,0,26,2,12,196,CAA_interrupted,60
H1,m84137_260214_004236_s1/6099551/ccs,0,26,2,12,196,CAA_interrupted,60
H1,m84137_260214_004236_s1/4394598/ccs,0,26,2,12,196,CAA_interrupted,60
H1,m84137_260214_004236_s1/25628414/ccs,0,26,2,12,196,CAA_interrupted,60
H1,m84137_260214_004236_s1/50729111/ccs,0,26,2,12,196,CAA_interrupted,60
H1,m84137_260214_004236_s1/50861991/ccs,0,26,2,12,196,CAA_interrupted,60
H1,m84137_260214_004236_s1/10816632/ccs,0,26,2,12,196,CAA_interrupted,60
H1,m84137_260214_004236_s1/36441535/ccs,0,26,2,12,196,CAA_interrupted,60
H1,m84137_260214_004236_s1/56365098/ccs,0,26,2,12,196,CAA_interrupted,60
H1,m84137_260214_004236_s1/13438749/ccs,0,26,2,12,196,CAA_interrupted,60
H1,m84137_260214_004236_s1/106497358/ccs,0,26,2,12,196,CAA_interrupted,60
H1,m84137_260214_004236_s1/83100556/ccs,0,26,2,12,196,CAA_interrupted,60
H1,m84137_260214_004236_s1/102827498/ccs,0,26,2,12,196,CAA_interrupted,60
H1,m84137_260214_004236_s1/100010155/ccs,0,26,2,12,196,CAA_interrupted,60
H1,m84137_260214_004236_s1/124323835/ccs,0,26,2,12,196,CAA_interrupted,60
H1,m84137_260214_004236_s1/119343499/ccs,0,26,2,12,196,CAA_interrupted,60
H1,m84137_260214_004236_s1/119408604/ccs,0,26,2,12,196,CAA_interrupted,60
H1,m84137_260214_004236_s1/119933833/ccs,0,26,2,12,196,CAA_interrupted,60
H1,m84137_260214_004236_s1/120915775/ccs,0,26,2,12,196,CAA_interrupted,60
H1,m84137_260214_004236_s1/109185568/ccs,0,26,2,12,196,CAA_interrupted,60
H1,m84137_260214_004236_s1/105121857/ccs,0,26,2,12,196,CAA_interrupted,60
H1,m84137_260214_004236_s1/113181296/ccs,0,26,2,12,196,CAA_interrupted,60
H1,m84137_260214_004236_s1/126945821/ccs,0,26,2,12,196,CAA_interrupted,60
H1,m84137_260214_004236_s1/110824048/ccs,0,26,2,12,196,CAA_interrupted,60
H1,m84137_260214_004236_s1/127470522/ccs,0,26,2,12,196,CAA_interrupted,60
H1,m84137_260214_004236_s1/131727974/ccs,0,26,2,12,196,CAA_interrupted,60
H1,m84137_260214_004236_s1/127994013/ccs,0,26,2,12,196,CAA_interrupted,60
H1,m84137_260214_004236_s1/135726319/ccs,0,26,2,12,196,CAA_interrupted,60
H1,m84137_260214_004236_s1/190778583/ccs,0,26,2,12,196,CAA_interrupted,60
H1,m84137_260214_004236_s1/175443212/ccs,0,26,2,12,196,CAA_interrupted,60
H1,m84137_260214_004236_s1/192615216/ccs,0,26,2,12,196,CAA_interrupted,60
H1,m84137_260214_004236_s1/177540298/ccs,0,26,2,12,196,CAA_interrupted,60
H1,m84137_260214_004236_s1/172561498/ccs,0,26,2,12,196,CAA_interrupted,60
H1,m84137_260214_004236_s1/149624244/ccs,0,26,2,12,196,CAA_interrupted,60
H1,m84137_260214_004236_s1/193989808/ccs,0,26,2,12,196,CAA_interrupted,60
H1,m84137_260214_004236_s1/219289350/ccs,0,26,2,12,196,CAA_interrupted,60
H1,m84137_260214_004236_s1/224006506/ccs,0,26,2,12,196,CAA_interrupted,60
H1,m84137_260214_004236_s1/224267680/ccs,0,26,2,12,196,CAA_interrupted,60
H1,m84137_260214_004236_s1/198839526/ccs,0,26,2,12,196,CAA_interrupted,60
H1,m84137_260214_004236_s1/221452039/ccs,0,26,2,12,196,CAA_interrupted,60
H1,m84137_260214_004236_s1/209849588/ccs,0,26,2,12,196,CAA_interrupted,60
H1,m84137_260214_004236_s1/200544644/ccs,0,26,2,12,196,CAA_interrupted,60
H1,m84137_260214_004236_s1/181540363/ccs,0,26,2,12,196,CAA_interrupted,60
H1,m84137_260214_004236_s1/223549187/ccs,0,26,2,12,196,CAA_interrupted,60
H1,m84137_260214_004236_s1/205329958/ccs,0,26,2,12,196,CAA_interrupted,60
H1,m84137_260214_004236_s1/229314773/ccs,0,26,2,12,196,CAA_interrupted,60
H1,m84137_260214_004236_s1/236262845/ccs,0,26,2,12,196,CAA_interrupted,60
H1,m84137_260214_004236_s1/261751863/ccs,0,26,2,12,196,CAA_interrupted,60
H1,m84137_260214_004236_s1/244779456/ccs,0,26,2,12,196,CAA_interrupted,60
H1,m84137_260214_004236_s1/262278040/ccs,0,26,2,12,196,CAA_interrupted,60
H1,m84137_260214_004236_s1/248318767/ccs,0,26,2,12,196,CAA_interrupted,60
H1,m84137_260214_004236_s1/266207526/ccs,0,26,2,12,196,CAA_interrupted,60
H1,m84137_260214_004236_s1/248514956/ccs,0,26,2,12,196,CAA_interrupted,60
H1,m84137_260214_004236_s1/23335207/ccs,0,26,2,12,196,CAA_interrupted,60
H1,m84137_260214_004236_s1/20516263/ccs,0,26,2,12,196,CAA_interrupted,60
H1,m84137_260214_004236_s1/20255168/ccs,0,26,2,12,196,CAA_interrupted,60
H1,m84137_260214_004236_s1/249563365/ccs,0,26,2,12,196,CAA_interrupted,60
H1,m84137_260214_004236_s1/27924332/ccs,0,26,2,12,196,CAA_interrupted,60
H1,m84137_260214_004236_s1/28709904/ccs,0,26,2,12,196,CAA_interrupted,60
H1,m84137_260214_004236_s1/34214956/ccs,0,26,2,12,196,CAA_interrupted,60
H1,m84137_260214_004236_s1/29365627/ccs,0,26,2,12,196,CAA_interrupted,60
H1,m84137_260214_004236_s1/51646479/ccs,0,26,2,12,196,CAA_interrupted,60
H1,m84137_260214_004236_s1/27332726/ccs,0,26,2,12,196,CAA_interrupted,60
H1,m84137_260214_004236_s1/9966353/ccs,0,26,2,12,196,CAA_interrupted,60
H1,m84137_260214_004236_s1/35788710/ccs,0,26,2,12,196,CAA_interrupted,60
H1,m84137_260214_004236_s1/12848965/ccs,0,26,2,12,196,CAA_interrupted,60
H1,m84137_260214_004236_s1/53284739/ccs,0,26,2,12,196,CAA_interrupted,60
H1,m84137_260214_004236_s1/32445622/ccs,0,26,2,12,196,CAA_interrupted,60
H1,m84137_260214_004236_s1/37753107/ccs,0,26,2,12,196,CAA_interrupted,60
H1,m84137_260214_004236_s1/54073200/ccs,0,26,2,12,196,CAA_interrupted,60
H1,m84137_260214_004236_s1/134419533/ccs,0,26,2,12,196,CAA_interrupted,60
H1,m84137_260214_004236_s1/125637313/ccs,0,26,2,12,196,CAA_interrupted,60
H1,m84137_260214_004236_s1/125569091/ccs,0,26,2,12,196,CAA_interrupted,60
H1,m84137_260214_004236_s1/8392753/ccs,0,26,2,12,196,CAA_interrupted,60
H1,m84137_260214_004236_s1/258086654/ccs,0,26,2,12,196,CAA_interrupted,60
H1,m84137_260214_004236_s1/252184299/ccs,0,26,2,12,196,CAA_interrupted,60
H1,m84137_260214_004236_s1/8719289/ccs,0,26,2,12,196,CAA_interrupted,60
H1,m84137_260214_004236_s1/187106526/ccs,0,26,2,12,196,CAA_interrupted,60
H1,m84137_260214_004236_s1/236655901/ccs,0,26,2,12,196,CAA_interrupted,60
H1,m84137_260214_004236_s1/22349522/ccs,0,26,2,12,196,CAA_interrupted,60
H1,m84137_260214_004236_s1/193464625/ccs,0,26,2,12,196,CAA_interrupted,60
H1,m84137_260214_004236_s1/96144941/ccs,0,26,2,12,196,CAA_interrupted,60
H1,m84137_260214_004236_s1/186845939/ccs,0,26,2,12,196,CAA_interrupted,60
H1,m84137_260214_004236_s1/101321702/ccs,0,26,2,11,196,CAA_interrupted,60
H1,m84137_260214_004236_s1/183503632/ccs,0,26,2,12,197,CAA_interrupted,60
H1,m84137_260214_004236_s1/217388877/ccs,0,26,2,12,197,CAA_interrupted,60
H1,m84137_260214_004236_s1/8653103/ccs,0,26,2,12,197,CAA_interrupted,60
H1,m84137_260214_004236_s1/155780829/ccs,0,26,2,12,197,CAA_interrupted,60
H1,m84137_260214_004236_s1/18484083/ccs,0,26,2,12,197,CAA_interrupted,60
H1,m84137_260214_004236_s1/62718561/ccs,0,26,2,12,197,CAA_interrupted,60
H1,m84137_260214_004236_s1/213517694/ccs,0,26,1,12,197,CAA_interrupted,60
H1,m84137_260214_004236_s1/254739782/ccs,0,26,2,12,197,CAA_interrupted,60
H1,m84137_260214_004236_s1/95294824/ccs,0,25,3,12,197,CAA_interrupted,60
H1,m84137_260214_004236_s1/260968849/ccs,0,26,2,12,197,CAA_interrupted,60
H1,m84137_260214_004236_s1/192413863/ccs,0,26,2,12,197,CAA_interrupted,60
H1,m84137_260214_004236_s1/266800737/ccs,0,25,3,12,198,CAA_interrupted,60
H1,m84137_260214_004236_s1/194711210/ccs,0,26,2,12,198,CAA_interrupted,60
H1,m84137_260214_004236_s1/146212540/ccs,0,27,2,12,198,CAA_interrupted,60
H1,m84137_260214_004236_s1/250090102/ccs,0,26,2,12,198,CAA_interrupted,60
H1,m84137_260214_004236_s1/229639097/ccs,0,26,2,12,198,CAA_interrupted,60
H1,m84137_260214_004236_s1/30480083/ccs,0,26,2,12,198,CAA_interrupted,60
H1,m84137_260214_004236_s1/18548830/ccs,0,27,2,12,199,CAA_interrupted,60
H1,m84137_260214_004236_s1/33817339/ccs,0,27,2,12,199,CAA_interrupted,60
H1,m84137_260214_004236_s1/51839314/ccs,0,27,2,12,199,CAA_interrupted,60
H1,m84137_260214_004236_s1/121373243/ccs,0,27,2,12,199,CAA_interrupted,60
H1,m84137_260214_004236_s1/229705614/ccs,0,27,2,12,199,CAA_interrupted,60
H1,m84137_260214_004236_s1/79041496/ccs,0,27,2,12,199,CAA_interrupted,60
H1,m84137_260214_004236_s1/123997683/ccs,0,27,2,12,199,CAA_interrupted,60
H1,m84137_260214_004236_s1/101320819/ccs,0,27,2,12,199,CAA_interrupted,60
H1,m84137_260214_004236_s1/107283056/ccs,0,27,2,12,199,CAA_interrupted,60
H1,m84137_260214_004236_s1/147458156/ccs,0,27,2,12,199,CAA_interrupted,60
H1,m84137_260214_004236_s1/113246990/ccs,0,27,2,12,199,CAA_interrupted,60
H1,m84137_260214_004236_s1/229507226/ccs,0,27,2,12,199,CAA_interrupted,60
H1,m84137_260214_004236_s1/94113577/ccs,0,27,2,12,199,CAA_interrupted,60
H1,m84137_260214_004236_s1/98965234/ccs,0,27,2,12,199,CAA_interrupted,60
H1,m84137_260214_004236_s1/124195546/ccs,0,27,2,12,199,CAA_interrupted,60
H1,m84137_260214_004236_s1/122752059/ccs,0,27,2,12,199,CAA_interrupted,60
H1,m84137_260214_004236_s1/109645686/ccs,0,27,2,12,199,CAA_interrupted,60
H1,m84137_260214_004236_s1/112135649/ccs,0,27,2,12,199,CAA_interrupted,60
H1,m84137_260214_004236_s1/170201059/ccs,0,27,2,12,199,CAA_interrupted,60
H1,m84137_260214_004236_s1/200737290/ccs,0,27,2,12,199,CAA_interrupted,60
H1,m84137_260214_004236_s1/212992797/ccs,0,26,2,13,199,CAA_interrupted,60
H1,m84137_260214_004236_s1/258474913/ccs,0,27,2,12,199,CAA_interrupted,60
H1,m84137_260214_004236_s1/217781934/ccs,0,27,2,12,199,CAA_interrupted,60
H1,m84137_260214_004236_s1/264900522/ccs,0,27,2,12,199,CAA_interrupted,60
H1,m84137_260214_004236_s1/141824596/ccs,0,27,2,12,199,CAA_interrupted,60
H1,m84137_260214_004236_s1/211944441/ccs,0,27,2,12,199,CAA_interrupted,60
H1,m84137_260214_004236_s1/138870924/ccs,0,27,2,12,199,CAA_interrupted,60
H1,m84137_260214_004236_s1/160301360/ccs,0,27,2,12,199,CAA_interrupted,60
H1,m84137_260214_004236_s1/147916979/ccs,0,24,2,15,199,CAA_interrupted,60
H1,m84137_260214_004236_s1/166789494/ccs,0,27,2,12,199,CAA_interrupted,60
H1,m84137_260214_004236_s1/167446004/ccs,0,27,2,12,199,CAA_interrupted,60
H1,m84137_260214_004236_s1/57934433/ccs,0,27,2,12,199,CAA_interrupted,60
H1,m84137_260214_004236_s1/58656311/ccs,0,27,2,12,199,CAA_interrupted,60
H1,m84137_260214_004236_s1/62458035/ccs,0,26,2,13,199,CAA_interrupted,60
H1,m84137_260214_004236_s1/46662653/ccs,0,27,2,12,199,CAA_interrupted,60
H1,m84137_260214_004236_s1/110297128/ccs,0,27,2,12,199,CAA_interrupted,60
H1,m84137_260214_004236_s1/135071332/ccs,0,27,2,12,199,CAA_interrupted,60
H1,m84137_260214_004236_s1/135333001/ccs,0,27,2,12,199,CAA_interrupted,60
H1,m84137_260214_004236_s1/132712273/ccs,0,27,2,12,199,CAA_interrupted,60
H1,m84137_260214_004236_s1/42865844/ccs,0,24,2,15,199,CAA_interrupted,60
H1,m84137_260214_004236_s1/257886904/ccs,0,27,2,12,199,CAA_interrupted,60
H1,m84137_260214_004236_s1/239340203/ccs,0,26,2,13,199,CAA_interrupted,60
H1,m84137_260214_004236_s1/197072372/ccs,0,27,2,12,199,CAA_interrupted,60
H1,m84137_260214_004236_s1/88933584/ccs,0,27,2,12,199,CAA_interrupted,60
H1,m84137_260214_004236_s1/232722805/ccs,0,27,2,12,199,CAA_interrupted,60
H1,m84137_260214_004236_s1/262149021/ccs,0,26,2,13,199,CAA_interrupted,60
H1,m84137_260214_004236_s1/34473591/ccs,0,27,2,12,199,CAA_interrupted,60
H1,m84137_260214_004236_s1/198379768/ccs,0,27,2,12,199,CAA_interrupted,60
H1,m84137_260214_004236_s1/207356427/ccs,0,27,2,12,199,CAA_interrupted,60
H1,m84137_260214_004236_s1/16519354/ccs,0,27,2,12,199,CAA_interrupted,60
H1,m84137_260214_004236_s1/164500575/ccs,0,27,2,12,199,CAA_interrupted,60
H1,m84137_260214_004236_s1/159452222/ccs,0,27,2,12,199,CAA_interrupted,60
H1,m84137_260214_004236_s1/13238557/ccs,0,27,2,12,199,CAA_interrupted,60
H1,m84137_260214_004236_s1/159646869/ccs,0,27,2,12,199,CAA_interrupted,60
H1,m84137_260214_004236_s1/138938226/ccs,0,27,2,12,199,CAA_interrupted,60
H1,m84137_260214_004236_s1/168427721/ccs,0,27,2,12,199,CAA_interrupted,60
H1,m84137_260214_004236_s1/186583544/ccs,0,27,2,12,199,CAA_interrupted,60
H1,m84137_260214_004236_s1/149554262/ccs,0,27,2,12,199,CAA_interrupted,60
H1,m84137_260214_004236_s1/211879469/ccs,0,26,2,13,199,CAA_interrupted,60
H1,m84137_260214_004236_s1/228721424/ccs,0,27,2,12,199,CAA_interrupted,60
H1,m84137_260214_004236_s1/236390995/ccs,0,27,2,12,199,CAA_interrupted,60
H1,m84137_260214_004236_s1/121900468/ccs,0,27,2,12,199,CAA_interrupted,60
H1,m84137_260214_004236_s1/136713050/ccs,0,27,2,12,199,CAA_interrupted,60
H1,m84137_260214_004236_s1/116135655/ccs,0,27,2,12,199,CAA_interrupted,60
H1,m84137_260214_004236_s1/93459475/ccs,0,26,2,13,199,CAA_interrupted,60
H1,m84137_260214_004236_s1/180098135/ccs,0,27,2,12,199,CAA_interrupted,60
H1,m84137_260214_004236_s1/89655873/ccs,0,27,2,12,199,CAA_interrupted,60
H1,m84137_260214_004236_s1/69929527/ccs,0,27,2,12,199,CAA_interrupted,60
H1,m84137_260214_004236_s1/244975783/ccs,0,26,2,13,199,CAA_interrupted,60
H1,m84137_260214_004236_s1/265356976/ccs,0,26,2,13,199,CAA_interrupted,60
H1,m84137_260214_004236_s1/267388735/ccs,0,27,2,12,199,CAA_interrupted,60
H1,m84137_260214_004236_s1/83034537/ccs,0,27,2,12,199,CAA_interrupted,60
H1,m84137_260214_004236_s1/105120367/ccs,0,27,2,12,199,CAA_interrupted,60
H1,m84137_260214_004236_s1/10948608/ccs,0,27,2,12,199,CAA_interrupted,60
H1,m84137_260214_004236_s1/168298128/ccs,0,27,2,12,199,CAA_interrupted,60
H1,m84137_260214_004236_s1/233440304/ccs,0,26,2,13,200,CAA_interrupted,60
H1,m84137_260214_004236_s1/127013329/ccs,0,27,2,12,201,CAA_interrupted,60
H1,m84137_260214_004236_s1/77595183/ccs,0,28,2,12,202,CAA_interrupted,60
H1,m84137_260214_004236_s1/137756705/ccs,0,27,2,13,202,CAA_interrupted,60
H1,m84137_260214_004236_s1/192809091/ccs,0,28,2,12,202,CAA_interrupted,60
H1,m84137_260214_004236_s1/46077007/ccs,0,28,2,12,202,CAA_interrupted,60
H1,m84137_260214_004236_s1/186454614/ccs,1,43,2,12,247,CAA_interrupted,60
H1,m84137_260214_004236_s1/137693253/ccs,1,43,2,12,247,CAA_interrupted,60
H1,m84137_260214_004236_s1/52104799/ccs,1,46,2,12,253,CAA_interrupted,60
H1,m84137_260214_004236_s1/175965561/ccs,1,45,2,12,255,CAA_interrupted,60
H1,m84137_260214_004236_s1/146014906/ccs,1,49,2,9,256,CAA_interrupted,60
H1,m84137_260214_004236_s1/155977499/ccs,1,46,2,12,256,CAA_interrupted,60
H1,m84137_260214_004236_s1/184288848/ccs,1,46,2,12,258,CAA_interrupted,60
H1,m84137_260214_004236_s1/136643493/ccs,1,47,1,11,258,CAA_interrupted,60
H1,m84137_260214_004236_s1/263918396/ccs,1,45,3,12,258,CAA_interrupted,60
H1,m84137_260214_004236_s1/175309057/ccs,1,47,2,12,259,CAA_interrupted,60
H1,m84137_260214_004236_s1/182718345/ccs,1,45,3,11,260,CAA_interrupted,60
H1,m84137_260214_004236_s1/91557831/ccs,1,47,2,12,261,CAA_interrupted,60
H1,m84137_260214_004236_s1/180553028/ccs,1,48,2,11,261,CAA_interrupted,60
H1,m84137_260214_004236_s1/254348396/ccs,1,48,2,12,262,CAA_interrupted,60
H1,m84137_260214_004236_s1/112593208/ccs,1,48,2,12,262,CAA_interrupted,60
H1,m84137_260214_004236_s1/197984369/ccs,1,48,2,12,262,CAA_interrupted,60
H1,m84137_260214_004236_s1/251532441/ccs,1,48,2,12,262,CAA_interrupted,60
H1,m84137_260214_004236_s1/30474472/ccs,1,48,2,12,262,CAA_interrupted,60
H1,m84137_260214_004236_s1/36768335/ccs,1,48,2,12,262,CAA_interrupted,60
H1,m84137_260214_004236_s1/253035345/ccs,1,48,2,12,262,CAA_interrupted,60
H1,m84137_260214_004236_s1/254411387/ccs,1,48,2,12,262,CAA_interrupted,60
H1,m84137_260214_004236_s1/128324941/ccs,1,48,2,12,262,CAA_interrupted,60
H1,m84137_260214_004236_s1/82971476/ccs,1,48,2,12,262,CAA_interrupted,60
H1,m84137_260214_004236_s1/200740447/ccs,1,48,2,12,262,CAA_interrupted,60
H1,m84137_260214_004236_s1/69731813/ccs,1,48,2,12,262,CAA_interrupted,60
H1,m84137_260214_004236_s1/250350614/ccs,1,48,2,12,263,CAA_interrupted,60
H1,m84137_260214_004236_s1/117704475/ccs,1,47,2,12,264,CAA_interrupted,60
H1,m84137_260214_004236_s1/24515463/ccs,1,48,2,11,264,CAA_interrupted,60
H1,m84137_260214_004236_s1/35457686/ccs,1,49,2,12,265,CAA_interrupted,60
H1,m84137_260214_004236_s1/163254329/ccs,1,49,2,12,265,CAA_interrupted,60
H1,m84137_260214_004236_s1/98309898/ccs,1,49,2,12,265,CAA_interrupted,60
H1,m84137_260214_004236_s1/32835890/ccs,1,49,2,12,265,CAA_interrupted,60
H1,m84137_260214_004236_s1/78973501/ccs,1,49,2,12,265,CAA_interrupted,60
H1,m84137_260214_004236_s1/63636349/ccs,1,49,2,12,265,CAA_interrupted,60
H1,m84137_260214_004236_s1/48302450/ccs,1,49,2,12,265,CAA_interrupted,60
H1,m84137_260214_004236_s1/189729667/ccs,1,49,2,12,265,CAA_interrupted,60
H1,m84137_260214_004236_s1/105188080/ccs,1,49,2,12,265,CAA_interrupted,60
H1,m84137_260214_004236_s1/154665122/ccs,1,49,2,12,265,CAA_interrupted,60
H1,m84137_260214_004236_s1/225510124/ccs,1,49,2,12,265,CAA_interrupted,60
H1,m84137_260214_004236_s1/80680288/ccs,1,49,2,12,265,CAA_interrupted,60
H1,m84137_260214_004236_s1/163123464/ccs,1,49,2,12,265,CAA_interrupted,60
H1,m84137_260214_004236_s1/216599389/ccs,1,49,2,12,265,CAA_interrupted,60
H1,m84137_260214_004236_s1/224923129/ccs,1,49,2,12,265,CAA_interrupted,60
H1,m84137_260214_004236_s1/205853150/ccs,1,49,2,12,265,CAA_interrupted,60
H1,m84137_260214_004236_s1/252251904/ccs,1,49,2,12,265,CAA_interrupted,60
H1,m84137_260214_004236_s1/234229998/ccs,1,49,2,12,265,CAA_interrupted,60
H1,m84137_260214_004236_s1/232783975/ccs,1,49,2,12,265,CAA_interrupted,60
H1,m84137_260214_004236_s1/147003199/ccs,1,49,2,12,265,CAA_interrupted,60
H1,m84137_260214_004236_s1/262736952/ccs,1,49,2,12,265,CAA_interrupted,60
H1,m84137_260214_004236_s1/9702322/ccs,1,49,2,12,265,CAA_interrupted,60
H1,m84137_260214_004236_s1/169739002/ccs,1,49,2,12,265,CAA_interrupted,60
H1,m84137_260214_004236_s1/59507579/ccs,1,49,2,12,265,CAA_interrupted,60
H1,m84137_260214_004236_s1/154801305/ccs,1,49,2,12,265,CAA_interrupted,60
H1,m84137_260214_004236_s1/144182633/ccs,1,49,2,12,265,CAA_interrupted,60
H1,m84137_260214_004236_s1/186256886/ccs,1,49,2,12,265,CAA_interrupted,60
H1,m84137_260214_004236_s1/87165700/ccs,1,49,2,12,265,CAA_interrupted,60
H1,m84137_260214_004236_s1/88869636/ccs,1,48,3,12,265,CAA_interrupted,60
H1,m84137_260214_004236_s1/248189588/ccs,1,49,2,12,265,CAA_interrupted,60
H1,m84137_260214_004236_s1/190710677/ccs,1,49,2,12,265,CAA_interrupted,60
H1,m84137_260214_004236_s1/230951802/ccs,1,49,2,12,265,CAA_interrupted,60
H1,m84137_260214_004236_s1/156243753/ccs,1,49,2,12,265,CAA_interrupted,60
H1,m84137_260214_004236_s1/93914567/ccs,1,49,2,12,265,CAA_interrupted,60
H1,m84137_260214_004236_s1/207946704/ccs,1,49,2,12,265,CAA_interrupted,60
H1,m84137_260214_004236_s1/95292667/ccs,1,49,2,12,265,CAA_interrupted,60
H1,m84137_260214_004236_s1/31197751/ccs,1,49,2,12,265,CAA_interrupted,60
H1,m84137_260214_004236_s1/158402119/ccs,1,49,2,12,265,CAA_interrupted,60
H1,m84137_260214_004236_s1/171968358/ccs,1,49,2,12,265,CAA_interrupted,60
H1,m84137_260214_004236_s1/232786481/ccs,1,49,2,12,265,CAA_interrupted,60
H1,m84137_260214_004236_s1/108728536/ccs,1,49,2,12,265,CAA_interrupted,60
H1,m84137_260214_004236_s1/133895988/ccs,1,49,2,12,265,CAA_interrupted,60
H1,m84137_260214_004236_s1/160633913/ccs,1,49,2,12,265,CAA_interrupted,60
H1,m84137_260214_004236_s1/125703149/ccs,1,49,2,12,265,CAA_interrupted,60
H1,m84137_260214_004236_s1/83564162/ccs,1,49,2,12,265,CAA_interrupted,60
H1,m84137_260214_004236_s1/109903953/ccs,1,49,2,12,265,CAA_interrupted,60
H1,m84137_260214_004236_s1/131400173/ccs,1,49,2,12,265,CAA_interrupted,60
H1,m84137_260214_004236_s1/114492855/ccs,1,49,2,12,265,CAA_interrupted,60
H1,m84137_260214_004236_s1/9112820/ccs,1,49,2,12,265,CAA_interrupted,60
H1,m84137_260214_004236_s1/155193049/ccs,1,49,2,12,265,CAA_interrupted,60
H1,m84137_260214_004236_s1/224663430/ccs,1,49,2,12,266,CAA_interrupted,60
H1,m84137_260214_004236_s1/80153931/ccs,1,49,2,12,266,CAA_interrupted,60
H1,m84137_260214_004236_s1/160303238/ccs,1,49,2,12,267,CAA_interrupted,60
H1,m84137_260214_004236_s1/132252623/ccs,1,48,2,12,267,CAA_interrupted,60
H1,m84137_260214_004236_s1/176032352/ccs,1,49,2,12,267,CAA_interrupted,60
H1,m84137_260214_004236_s1/114102493/ccs,1,49,2,12,267,CAA_interrupted,60
H1,m84137_260214_004236_s1/239666375/ccs,1,49,2,12,267,CAA_interrupted,60
H1,m84137_260214_004236_s1/174197092/ccs,1,50,2,12,268,CAA_interrupted,60
H1,m84137_260214_004236_s1/203359391/ccs,1,50,2,12,268,CAA_interrupted,60
H1,m84137_260214_004236_s1/184419220/ccs,1,50,2,12,268,CAA_interrupted,60
H1,m84137_260214_004236_s1/161547740/ccs,1,49,2,12,268,CAA_interrupted,60
H1,m84137_260214_004236_s1/130483882/ccs,1,48,3,12,268,CAA_interrupted,60
H1,m84137_260214_004236_s1/7342248/ccs,1,50,2,12,268,CAA_interrupted,60
H1,m84137_260214_004236_s1/18285339/ccs,1,50,2,12,268,CAA_interrupted,60
H1,m84137_260214_004236_s1/4522630/ccs,1,50,2,12,268,CAA_interrupted,60
H1,m84137_260214_004236_s1/31064881/ccs,1,50,2,12,268,CAA_interrupted,60
H1,m84137_260214_004236_s1/15008411/ccs,1,50,2,12,268,CAA_interrupted,60
H1,m84137_260214_004236_s1/52168401/ccs,1,50,2,12,268,CAA_interrupted,60
H1,m84137_260214_004236_s1/217186472/ccs,1,50,2,12,268,CAA_interrupted,60
H1,m84137_260214_004236_s1/256247212/ccs,1,50,2,12,268,CAA_interrupted,60
H1,m84137_260214_004236_s1/7475840/ccs,1,50,2,12,268,CAA_interrupted,60
H1,m84137_260214_004236_s1/25694180/ccs,1,50,2,12,268,CAA_interrupted,60
H1,m84137_260214_004236_s1/130815131/ccs,1,50,2,12,268,CAA_interrupted,60
H1,m84137_260214_004236_s1/172036631/ccs,1,48,3,12,268,CAA_interrupted,60
H1,m84137_260214_004236_s1/11010869/ccs,1,50,2,12,268,CAA_interrupted,60
H1,m84137_260214_004236_s1/106365791/ccs,1,50,2,12,268,CAA_interrupted,60
H1,m84137_260214_004236_s1/9310615/ccs,1,51,2,11,268,CAA_interrupted,60
H1,m84137_260214_004236_s1/79497926/ccs,1,50,2,12,268,CAA_interrupted,60
H1,m84137_260214_004236_s1/123275745/ccs,1,50,2,12,268,CAA_interrupted,60
H1,m84137_260214_004236_s1/108790730/ccs,1,50,2,12,268,CAA_interrupted,60
H1,m84137_260214_004236_s1/121045357/ccs,1,50,2,12,268,CAA_interrupted,60
H1,m84137_260214_004236_s1/60163935/ccs,1,50,2,12,268,CAA_interrupted,60
H1,m84137_260214_004236_s1/46729114/ccs,1,50,2,12,268,CAA_interrupted,60
H1,m84137_260214_004236_s1/38274924/ccs,1,50,2,12,268,CAA_interrupted,60
H1,m84137_260214_004236_s1/64947794/ccs,1,50,2,12,268,CAA_interrupted,60
H1,m84137_260214_004236_s1/164432081/ccs,1,50,2,12,268,CAA_interrupted,60
H1,m84137_260214_004236_s1/148439768/ccs,1,50,2,12,268,CAA_interrupted,60
H1,m84137_260214_004236_s1/186910657/ccs,1,50,2,12,268,CAA_interrupted,60
H1,m84137_260214_004236_s1/189989302/ccs,1,50,2,12,268,CAA_interrupted,60
H1,m84137_260214_004236_s1/172755422/ccs,1,50,2,12,268,CAA_interrupted,60
H1,m84137_260214_004236_s1/172818548/ccs,1,50,2,12,268,CAA_interrupted,60
H1,m84137_260214_004236_s1/152962428/ccs,1,50,2,12,268,CAA_interrupted,60
H1,m84137_260214_004236_s1/115607861/ccs,1,50,2,12,268,CAA_interrupted,60
H1,m84137_260214_004236_s1/158075193/ccs,1,50,2,12,268,CAA_interrupted,60
H1,m84137_260214_004236_s1/51909219/ccs,1,50,2,12,268,CAA_interrupted,60
H1,m84137_260214_004236_s1/13112080/ccs,1,50,2,12,268,CAA_interrupted,60
H1,m84137_260214_004236_s1/39851510/ccs,1,50,2,12,268,CAA_interrupted,60
H1,m84137_260214_004236_s1/14422579/ccs,1,50,2,12,268,CAA_interrupted,60
H1,m84137_260214_004236_s1/46141221/ccs,1,50,2,12,268,CAA_interrupted,60
H1,m84137_260214_004236_s1/66653640/ccs,1,50,2,12,268,CAA_interrupted,60
H1,m84137_260214_004236_s1/194184660/ccs,1,50,2,12,268,CAA_interrupted,60
H1,m84137_260214_004236_s1/219742852/ccs,1,50,2,12,268,CAA_interrupted,60
H1,m84137_260214_004236_s1/208013495/ccs,1,50,2,12,268,CAA_interrupted,60
H1,m84137_260214_004236_s1/224199709/ccs,1,50,2,12,268,CAA_interrupted,60
H1,m84137_260214_004236_s1/222300391/ccs,1,50,2,12,268,CAA_interrupted,60
H1,m84137_260214_004236_s1/184353213/ccs,1,50,2,12,268,CAA_interrupted,60
H1,m84137_260214_004236_s1/118363276/ccs,1,50,2,12,268,CAA_interrupted,60
H1,m84137_260214_004236_s1/100471374/ccs,1,50,2,12,268,CAA_interrupted,60
H1,m84137_260214_004236_s1/81072207/ccs,1,50,2,12,268,CAA_interrupted,60
H1,m84137_260214_004236_s1/108269654/ccs,1,50,2,12,268,CAA_interrupted,60
H1,m84137_260214_004236_s1/151850272/ccs,1,50,2,12,268,CAA_interrupted,60
H1,m84137_260214_004236_s1/142940077/ccs,1,50,2,12,268,CAA_interrupted,60
H1,m84137_260214_004236_s1/166269950/ccs,1,50,2,12,268,CAA_interrupted,60
H1,m84137_260214_004236_s1/188027035/ccs,1,50,2,12,268,CAA_interrupted,60
H1,m84137_260214_004236_s1/84808456/ccs,1,52,2,10,268,CAA_interrupted,60
H1,m84137_260214_004236_s1/107483187/ccs,1,49,2,12,268,CAA_interrupted,60
H1,m84137_260214_004236_s1/193204969/ccs,1,50,2,12,268,CAA_interrupted,60
H1,m84137_260214_004236_s1/172496381/ccs,1,50,2,12,268,CAA_interrupted,60
H1,m84137_260214_004236_s1/113705472/ccs,1,50,2,12,268,CAA_interrupted,60
H1,m84137_260214_004236_s1/193923899/ccs,1,50,2,12,268,CAA_interrupted,60
H1,m84137_260214_004236_s1/234553620/ccs,1,50,2,12,268,CAA_interrupted,60
H1,m84137_260214_004236_s1/258408654/ccs,1,50,2,12,268,CAA_interrupted,60
H1,m84137_260214_004236_s1/212538218/ccs,1,50,2,12,268,CAA_interrupted,60
H1,m84137_260214_004236_s1/215029581/ccs,1,50,2,12,268,CAA_interrupted,60
H1,m84137_260214_004236_s1/215682376/ccs,1,50,2,12,268,CAA_interrupted,60
H1,m84137_260214_004236_s1/37160389/ccs,1,50,2,12,268,CAA_interrupted,60
H1,m84137_260214_004236_s1/140186191/ccs,1,50,2,12,268,CAA_interrupted,60
H1,m84137_260214_004236_s1/38798205/ccs,1,50,2,12,268,CAA_interrupted,60
H1,m84137_260214_004236_s1/213582072/ccs,1,50,2,12,268,CAA_interrupted,60
H1,m84137_260214_004236_s1/231343865/ccs,1,50,2,12,268,CAA_interrupted,60
H1,m84137_260214_004236_s1/240584796/ccs,1,50,2,12,268,CAA_interrupted,60
H1,m84137_260214_004236_s1/257754166/ccs,1,50,2,12,268,CAA_interrupted,60
H1,m84137_260214_004236_s1/236455814/ccs,1,50,2,12,268,CAA_interrupted,60
H1,m84137_260214_004236_s1/258411430/ccs,1,50,2,12,268,CAA_interrupted,60
H1,m84137_260214_004236_s1/130944174/ccs,1,50,2,12,268,CAA_interrupted,60
H1,m84137_260214_004236_s1/12256451/ccs,1,50,2,12,268,CAA_interrupted,60
H1,m84137_260214_004236_s1/15207405/ccs,1,50,2,12,268,CAA_interrupted,60
H1,m84137_260214_004236_s1/159450999/ccs,1,50,2,12,268,CAA_interrupted,60
H1,m84137_260214_004236_s1/146081838/ccs,1,50,2,12,268,CAA_interrupted,60
H1,m84137_260214_004236_s1/164431493/ccs,1,50,2,12,268,CAA_interrupted,60
H1,m84137_260214_004236_s1/161023320/ccs,1,50,2,12,268,CAA_interrupted,60
H1,m84137_260214_004236_s1/148570395/ccs,1,50,2,12,268,CAA_interrupted,60
H1,m84137_260214_004236_s1/150276490/ccs,1,50,2,12,268,CAA_interrupted,60
H1,m84137_260214_004236_s1/192351228/ccs,1,50,2,12,268,CAA_interrupted,60
H1,m84137_260214_004236_s1/57279995/ccs,1,50,2,12,268,CAA_interrupted,60
H1,m84137_260214_004236_s1/39913671/ccs,1,50,2,12,268,CAA_interrupted,60
H1,m84137_260214_004236_s1/37224535/ccs,1,50,2,12,268,CAA_interrupted,60
H1,m84137_260214_004236_s1/53543548/ccs,1,50,2,12,268,CAA_interrupted,60
H1,m84137_260214_004236_s1/64686239/ccs,1,50,2,12,268,CAA_interrupted,60
H1,m84137_260214_004236_s1/65668822/ccs,1,50,2,12,268,CAA_interrupted,60
H1,m84137_260214_004236_s1/108725314/ccs,1,50,2,12,268,CAA_interrupted,60
H1,m84137_260214_004236_s1/121897199/ccs,1,50,2,12,268,CAA_interrupted,60
H1,m84137_260214_004236_s1/157156628/ccs,1,50,2,12,268,CAA_interrupted,60
H1,m84137_260214_004236_s1/137366045/ccs,1,50,2,12,268,CAA_interrupted,60
H1,m84137_260214_004236_s1/137560590/ccs,1,50,2,12,268,CAA_interrupted,60
H1,m84137_260214_004236_s1/42012193/ccs,1,50,2,12,268,CAA_interrupted,60
H1,m84137_260214_004236_s1/59379440/ccs,1,50,2,12,268,CAA_interrupted,60
H1,m84137_260214_004236_s1/44963252/ccs,1,50,2,12,268,CAA_interrupted,60
H1,m84137_260214_004236_s1/45552009/ccs,1,51,2,11,268,CAA_interrupted,60
H1,m84137_260214_004236_s1/71963575/ccs,1,50,2,12,268,CAA_interrupted,60
H1,m84137_260214_004236_s1/87233487/ccs,1,50,2,12,268,CAA_interrupted,60
H1,m84137_260214_004236_s1/100732930/ccs,1,50,2,12,268,CAA_interrupted,60
H1,m84137_260214_004236_s1/91820406/ccs,1,50,2,12,268,CAA_interrupted,60
H1,m84137_260214_004236_s1/92608343/ccs,1,50,2,12,268,CAA_interrupted,60
H1,m84137_260214_004236_s1/101977613/ccs,1,50,2,12,268,CAA_interrupted,60
H1,m84137_260214_004236_s1/77730077/ccs,1,50,2,12,268,CAA_interrupted,60
H1,m84137_260214_004236_s1/98244117/ccs,1,50,2,12,268,CAA_interrupted,60
H1,m84137_260214_004236_s1/94441199/ccs,1,50,2,12,268,CAA_interrupted,60
H1,m84137_260214_004236_s1/108795828/ccs,1,50,2,12,268,CAA_interrupted,60
H1,m84137_260214_004236_s1/138480752/ccs,1,50,2,12,268,CAA_interrupted,60
H1,m84137_260214_004236_s1/213715410/ccs,1,50,2,12,268,CAA_interrupted,60
H1,m84137_260214_004236_s1/235669334/ccs,1,50,2,12,268,CAA_interrupted,60
H1,m84137_260214_004236_s1/215680791/ccs,1,49,2,13,268,CAA_interrupted,60
H1,m84137_260214_004236_s1/217580832/ccs,1,50,2,12,268,CAA_interrupted,60
H1,m84137_260214_004236_s1/243599124/ccs,1,50,2,12,268,CAA_interrupted,60
H1,m84137_260214_004236_s1/146017508/ccs,1,50,2,12,268,CAA_interrupted,60
H1,m84137_260214_004236_s1/165680841/ccs,1,50,2,12,268,CAA_interrupted,60
H1,m84137_260214_004236_s1/173151046/ccs,1,50,2,12,268,CAA_interrupted,60
H1,m84137_260214_004236_s1/173151728/ccs,1,50,2,12,268,CAA_interrupted,60
H1,m84137_260214_004236_s1/225054528/ccs,1,50,2,12,268,CAA_interrupted,60
H1,m84137_260214_004236_s1/182128136/ccs,1,50,2,12,268,CAA_interrupted,60
H1,m84137_260214_004236_s1/75759698/ccs,1,50,2,12,268,CAA_interrupted,60
H1,m84137_260214_004236_s1/86574605/ccs,1,50,2,12,268,CAA_interrupted,60
H1,m84137_260214_004236_s1/255334046/ccs,1,50,2,12,268,CAA_interrupted,60
H1,m84137_260214_004236_s1/263001831/ccs,1,50,2,12,268,CAA_interrupted,60
H1,m84137_260214_004236_s1/265360071/ccs,1,50,2,12,268,CAA_interrupted,60
H1,m84137_260214_004236_s1/246617139/ccs,1,50,2,12,268,CAA_interrupted,60
H1,m84137_260214_004236_s1/247468797/ccs,1,50,2,12,268,CAA_interrupted,60
H1,m84137_260214_004236_s1/21694424/ccs,1,50,2,12,268,CAA_interrupted,60
H1,m84137_260214_004236_s1/47055020/ccs,1,50,2,12,268,CAA_interrupted,60
H1,m84137_260214_004236_s1/63900478/ccs,1,50,2,12,268,CAA_interrupted,60
H1,m84137_260214_004236_s1/108265975/ccs,1,50,2,12,268,CAA_interrupted,60
H1,m84137_260214_004236_s1/126814013/ccs,1,50,2,12,268,CAA_interrupted,60
H1,m84137_260214_004236_s1/132450483/ccs,1,50,2,12,268,CAA_interrupted,60
H1,m84137_260214_004236_s1/34411565/ccs,1,50,2,12,268,CAA_interrupted,60
H1,m84137_260214_004236_s1/51384138/ccs,1,50,2,12,268,CAA_interrupted,60
H1,m84137_260214_004236_s1/190055726/ccs,1,50,2,12,268,CAA_interrupted,60
H1,m84137_260214_004236_s1/180683579/ccs,1,50,2,12,268,CAA_interrupted,60
H1,m84137_260214_004236_s1/219152701/ccs,1,50,2,12,268,CAA_interrupted,60
H1,m84137_260214_004236_s1/219547121/ccs,1,50,2,12,268,CAA_interrupted,60
H1,m84137_260214_004236_s1/201917336/ccs,1,50,2,12,268,CAA_interrupted,60
H1,m84137_260214_004236_s1/181865169/ccs,1,50,2,12,268,CAA_interrupted,60
H1,m84137_260214_004236_s1/207751231/ccs,1,50,2,12,268,CAA_interrupted,60
H1,m84137_260214_004236_s1/183568912/ccs,1,50,2,12,268,CAA_interrupted,60
H1,m84137_260214_004236_s1/212664856/ccs,1,50,2,12,268,CAA_interrupted,60
H1,m84137_260214_004236_s1/106496612/ccs,1,50,2,12,268,CAA_interrupted,60
H1,m84137_260214_004236_s1/165282664/ccs,1,50,2,12,268,CAA_interrupted,60
H1,m84137_260214_004236_s1/246153845/ccs,1,50,2,12,268,CAA_interrupted,60
H1,m84137_260214_004236_s1/204805247/ccs,1,50,2,12,268,CAA_interrupted,60
H1,m84137_260214_004236_s1/266276938/ccs,1,50,2,12,268,CAA_interrupted,60
H1,m84137_260214_004236_s1/28115265/ccs,1,50,2,12,268,CAA_interrupted,60
H1,m84137_260214_004236_s1/76158593/ccs,1,50,2,12,268,CAA_interrupted,60
H1,m84137_260214_004236_s1/228922804/ccs,1,50,2,12,268,CAA_interrupted,60
H1,m84137_260214_004236_s1/234359949/ccs,1,50,2,12,268,CAA_interrupted,60
H1,m84137_260214_004236_s1/234229541/ccs,1,49,2,12,268,CAA_interrupted,60
H1,m84137_260214_004236_s1/263393481/ccs,1,50,2,12,268,CAA_interrupted,60
H1,m84137_260214_004236_s1/250282710/ccs,1,50,2,12,268,CAA_interrupted,60
H1,m84137_260214_004236_s1/39063203/ccs,1,50,2,12,268,CAA_interrupted,60
H1,m84137_260214_004236_s1/115283479/ccs,1,50,2,12,268,CAA_interrupted,60
H1,m84137_260214_004236_s1/16777541/ccs,1,50,2,12,268,CAA_interrupted,60
H1,m84137_260214_004236_s1/17042398/ccs,1,50,2,12,268,CAA_interrupted,60
H1,m84137_260214_004236_s1/18548809/ccs,1,50,2,12,268,CAA_interrupted,60
H1,m84137_260214_004236_s1/19663737/ccs,1,50,2,12,268,CAA_interrupted,60
H1,m84137_260214_004236_s1/189990577/ccs,1,50,2,12,268,CAA_interrupted,60
H1,m84137_260214_004236_s1/30868993/ccs,1,50,2,12,268,CAA_interrupted,60
H1,m84137_260214_004236_s1/39913039/ccs,1,50,2,12,268,CAA_interrupted,60
H1,m84137_260214_004236_s1/58002332/ccs,1,50,2,12,268,CAA_interrupted,60
H1,m84137_260214_004236_s1/38603766/ccs,1,50,2,12,268,CAA_interrupted,60
H1,m84137_260214_004236_s1/115541243/ccs,1,50,2,12,268,CAA_interrupted,60
H1,m84137_260214_004236_s1/133499509/ccs,1,50,2,12,268,CAA_interrupted,60
H1,m84137_260214_004236_s1/163447260/ccs,1,50,2,12,268,CAA_interrupted,60
H1,m84137_260214_004236_s1/168232779/ccs,1,50,2,12,268,CAA_interrupted,60
H1,m84137_260214_004236_s1/144377599/ccs,1,50,2,12,268,CAA_interrupted,60
H1,m84137_260214_004236_s1/148572726/ccs,1,50,2,12,268,CAA_interrupted,60
H1,m84137_260214_004236_s1/233706722/ccs,1,50,2,12,268,CAA_interrupted,60
H1,m84137_260214_004236_s1/24840167/ccs,1,50,2,12,268,CAA_interrupted,60
H1,m84137_260214_004236_s1/60162843/ccs,1,50,2,12,268,CAA_interrupted,60
H1,m84137_260214_004236_s1/150143865/ccs,1,50,2,12,268,CAA_interrupted,60
H1,m84137_260214_004236_s1/179831896/ccs,1,50,2,12,268,CAA_interrupted,60
H1,m84137_260214_004236_s1/198312008/ccs,1,50,2,12,268,CAA_interrupted,60
H1,m84137_260214_004236_s1/201656223/ccs,1,50,2,12,268,CAA_interrupted,60
H1,m84137_260214_004236_s1/199885099/ccs,1,50,2,12,268,CAA_interrupted,60
H1,m84137_260214_004236_s1/207555519/ccs,1,50,2,12,268,CAA_interrupted,60
H1,m84137_260214_004236_s1/222233526/ccs,1,50,2,12,268,CAA_interrupted,60
H1,m84137_260214_004236_s1/183699274/ccs,1,50,2,12,268,CAA_interrupted,60
H1,m84137_260214_004236_s1/205457509/ccs,1,50,2,12,268,CAA_interrupted,60
H1,m84137_260214_004236_s1/206505306/ccs,1,50,2,12,268,CAA_interrupted,60
H1,m84137_260214_004236_s1/252970335/ccs,1,50,2,12,268,CAA_interrupted,60
H1,m84137_260214_004236_s1/129111574/ccs,1,50,2,12,268,CAA_interrupted,60
H1,m84137_260214_004236_s1/129307018/ccs,1,50,2,12,268,CAA_interrupted,60
H1,m84137_260214_004236_s1/140186346/ccs,1,50,2,12,268,CAA_interrupted,60
H1,m84137_260214_004236_s1/157421121/ccs,1,50,2,12,268,CAA_interrupted,60
H1,m84137_260214_004236_s1/43716880/ccs,1,50,2,12,268,CAA_interrupted,60
H1,m84137_260214_004236_s1/71831591/ccs,1,50,2,12,268,CAA_interrupted,60
H1,m84137_260214_004236_s1/66784623/ccs,1,50,2,12,268,CAA_interrupted,60
H1,m84137_260214_004236_s1/96473404/ccs,1,50,2,12,268,CAA_interrupted,60
H1,m84137_260214_004236_s1/78779175/ccs,1,50,2,12,268,CAA_interrupted,60
H1,m84137_260214_004236_s1/98963723/ccs,1,50,2,12,268,CAA_interrupted,60
H1,m84137_260214_004236_s1/227282126/ccs,1,50,2,12,268,CAA_interrupted,60
H1,m84137_260214_004236_s1/184488650/ccs,1,50,2,12,268,CAA_interrupted,60
H1,m84137_260214_004236_s1/48694340/ccs,1,50,2,12,268,CAA_interrupted,60
H1,m84137_260214_004236_s1/49086687/ccs,1,50,2,12,268,CAA_interrupted,60
H1,m84137_260214_004236_s1/69140892/ccs,1,50,2,12,268,CAA_interrupted,60
H1,m84137_260214_004236_s1/70452662/ccs,1,50,2,12,268,CAA_interrupted,60
H1,m84137_260214_004236_s1/78774375/ccs,1,50,2,12,268,CAA_interrupted,60
H1,m84137_260214_004236_s1/86115932/ccs,1,50,2,12,268,CAA_interrupted,60
H1,m84137_260214_004236_s1/96865146/ccs,1,50,2,12,268,CAA_interrupted,60
H1,m84137_260214_004236_s1/72551260/ccs,1,50,2,12,268,CAA_interrupted,60
H1,m84137_260214_004236_s1/88213764/ccs,1,50,2,12,268,CAA_interrupted,60
H1,m84137_260214_004236_s1/101254390/ccs,1,50,2,12,268,CAA_interrupted,60
H1,m84137_260214_004236_s1/216663140/ccs,1,50,2,12,268,CAA_interrupted,60
H1,m84137_260214_004236_s1/260113642/ccs,1,50,2,12,268,CAA_interrupted,60
H1,m84137_260214_004236_s1/246481457/ccs,1,50,2,12,268,CAA_interrupted,60
H1,m84137_260214_004236_s1/260900573/ccs,1,50,2,12,268,CAA_interrupted,60
H1,m84137_260214_004236_s1/264634820/ccs,1,50,2,12,268,CAA_interrupted,60
H1,m84137_260214_004236_s1/18746653/ccs,1,50,2,12,268,CAA_interrupted,60
H1,m84137_260214_004236_s1/23792678/ccs,1,50,2,12,268,CAA_interrupted,60
H1,m84137_260214_004236_s1/27922790/ccs,1,50,2,12,268,CAA_interrupted,60
H1,m84137_260214_004236_s1/38736097/ccs,1,50,2,12,268,CAA_interrupted,60
H1,m84137_260214_004236_s1/42275935/ccs,1,50,2,12,268,CAA_interrupted,60
H1,m84137_260214_004236_s1/99878842/ccs,1,50,2,12,268,CAA_interrupted,60
H1,m84137_260214_004236_s1/103484250/ccs,1,50,2,12,268,CAA_interrupted,60
H1,m84137_260214_004236_s1/113050344/ccs,1,50,2,12,268,CAA_interrupted,60
H1,m84137_260214_004236_s1/121700931/ccs,1,50,2,12,268,CAA_interrupted,60
H1,m84137_260214_004236_s1/110166443/ccs,1,50,2,12,268,CAA_interrupted,60
H1,m84137_260214_004236_s1/122487975/ccs,1,50,2,12,268,CAA_interrupted,60
H1,m84137_260214_004236_s1/126878702/ccs,1,50,2,12,268,CAA_interrupted,60
H1,m84137_260214_004236_s1/151062361/ccs,1,50,2,12,268,CAA_interrupted,60
H1,m84137_260214_004236_s1/131729793/ccs,1,50,2,12,268,CAA_interrupted,60
H1,m84137_260214_004236_s1/135790773/ccs,1,50,2,12,268,CAA_interrupted,60
H1,m84137_260214_004236_s1/192287125/ccs,1,50,2,12,268,CAA_interrupted,60
H1,m84137_260214_004236_s1/178720973/ccs,1,50,2,12,268,CAA_interrupted,60
H1,m84137_260214_004236_s1/222237834/ccs,1,50,2,12,268,CAA_interrupted,60
H1,m84137_260214_004236_s1/225383519/ccs,1,50,2,12,268,CAA_interrupted,60
H1,m84137_260214_004236_s1/182259996/ccs,1,49,2,13,268,CAA_interrupted,60
H1,m84137_260214_004236_s1/253367178/ccs,1,50,2,12,268,CAA_interrupted,60
H1,m84137_260214_004236_s1/240457491/ccs,1,50,2,12,268,CAA_interrupted,60
H1,m84137_260214_004236_s1/18353430/ccs,1,50,2,12,268,CAA_interrupted,60
H1,m84137_260214_004236_s1/248580755/ccs,1,50,2,12,268,CAA_interrupted,60
H1,m84137_260214_004236_s1/3084364/ccs,1,50,2,12,268,CAA_interrupted,60
H1,m84137_260214_004236_s1/267453780/ccs,1,50,2,12,268,CAA_interrupted,60
H1,m84137_260214_004236_s1/9507799/ccs,1,50,2,12,268,CAA_interrupted,60
H1,m84137_260214_004236_s1/39259150/ccs,1,50,2,12,268,CAA_interrupted,60
H1,m84137_260214_004236_s1/100860539/ccs,1,50,2,12,268,CAA_interrupted,60
H1,m84137_260214_004236_s1/2296100/ccs,1,50,2,12,268,CAA_interrupted,60
H1,m84137_260214_004236_s1/202376432/ccs,1,49,2,12,268,CAA_interrupted,60
H1,m84137_260214_004236_s1/80023722/ccs,1,49,2,13,269,CAA_interrupted,60
H1,m84137_260214_004236_s1/115411417/ccs,1,50,2,12,269,CAA_interrupted,60
H1,m84137_260214_004236_s1/142152429/ccs,1,50,2,12,269,CAA_interrupted,60
H1,m84137_260214_004236_s1/212336748/ccs,1,50,2,12,269,CAA_interrupted,60
H1,m84137_260214_004236_s1/217126320/ccs,1,49,3,12,269,CAA_interrupted,60
H1,m84137_260214_004236_s1/232589002/ccs,1,50,2,12,269,CAA_interrupted,60
H1,m84137_260214_004236_s1/249629939/ccs,1,49,3,12,269,CAA_interrupted,60
H1,m84137_260214_004236_s1/70651301/ccs,1,51,1,12,269,CAA_interrupted,60
H1,m84137_260214_004236_s1/4525167/ccs,1,50,2,12,269,CAA_interrupted,60
H1,m84137_260214_004236_s1/192086480/ccs,1,50,2,12,270,CAA_interrupted,60
H1,m84137_260214_004236_s1/198379457/ccs,1,50,2,12,270,CAA_interrupted,60
H1,m84137_260214_004236_s1/32508929/ccs,1,50,2,12,270,CAA_interrupted,60
H1,m84137_260214_004236_s1/259983398/ccs,1,50,2,12,270,CAA_interrupted,60
H1,m84137_260214_004236_s1/241567400/ccs,1,51,2,12,271,CAA_interrupted,60
H1,m84137_260214_004236_s1/230493487/ccs,1,51,2,12,271,CAA_interrupted,60
H1,m84137_260214_004236_s1/19925720/ccs,1,51,2,12,271,CAA_interrupted,60
H1,m84137_260214_004236_s1/34014159/ccs,1,51,2,12,271,CAA_interrupted,60
H1,m84137_260214_004236_s1/51512193/ccs,1,51,2,12,271,CAA_interrupted,60
H1,m84137_260214_004236_s1/259392520/ccs,1,51,2,12,271,CAA_interrupted,60
H1,m84137_260214_004236_s1/266405471/ccs,1,51,2,12,271,CAA_interrupted,60
H1,m84137_260214_004236_s1/266601473/ccs,1,51,2,12,271,CAA_interrupted,60
H1,m84137_260214_004236_s1/66522272/ccs,1,51,2,12,271,CAA_interrupted,60
H1,m84137_260214_004236_s1/99485528/ccs,1,51,2,12,271,CAA_interrupted,60
H1,m84137_260214_004236_s1/108792770/ccs,1,51,2,12,271,CAA_interrupted,60
H1,m84137_260214_004236_s1/52560796/ccs,1,51,2,12,271,CAA_interrupted,60
H1,m84137_260214_004236_s1/36899037/ccs,1,51,2,12,271,CAA_interrupted,60
H1,m84137_260214_004236_s1/59573249/ccs,1,51,2,12,271,CAA_interrupted,60
H1,m84137_260214_004236_s1/60556462/ccs,1,51,2,12,271,CAA_interrupted,60
H1,m84137_260214_004236_s1/85787792/ccs,1,51,2,12,271,CAA_interrupted,60
H1,m84137_260214_004236_s1/188155880/ccs,1,51,2,12,271,CAA_interrupted,60
H1,m84137_260214_004236_s1/175638049/ccs,1,51,2,12,271,CAA_interrupted,60
H1,m84137_260214_004236_s1/175835425/ccs,1,51,2,12,271,CAA_interrupted,60
H1,m84137_260214_004236_s1/189204166/ccs,1,51,2,12,271,CAA_interrupted,60
H1,m84137_260214_004236_s1/189923876/ccs,1,51,2,12,271,CAA_interrupted,60
H1,m84137_260214_004236_s1/218499131/ccs,1,51,2,12,271,CAA_interrupted,60
H1,m84137_260214_004236_s1/109970180/ccs,1,51,2,12,271,CAA_interrupted,60
H1,m84137_260214_004236_s1/127469145/ccs,1,51,2,12,271,CAA_interrupted,60
H1,m84137_260214_004236_s1/164169114/ccs,1,51,2,12,271,CAA_interrupted,60
H1,m84137_260214_004236_s1/68031103/ccs,1,51,2,12,271,CAA_interrupted,60
H1,m84137_260214_004236_s1/71109966/ccs,1,51,2,12,271,CAA_interrupted,60
H1,m84137_260214_004236_s1/172950952/ccs,1,51,2,12,271,CAA_interrupted,60
H1,m84137_260214_004236_s1/208864857/ccs,1,51,2,12,271,CAA_interrupted,60
H1,m84137_260214_004236_s1/209257148/ccs,1,51,2,12,271,CAA_interrupted,60
H1,m84137_260214_004236_s1/222628608/ccs,1,51,2,12,271,CAA_interrupted,60
H1,m84137_260214_004236_s1/48631855/ccs,1,51,2,12,271,CAA_interrupted,60
H1,m84137_260214_004236_s1/92215070/ccs,1,51,2,12,271,CAA_interrupted,60
H1,m84137_260214_004236_s1/97259308/ccs,1,51,2,12,271,CAA_interrupted,60
H1,m84137_260214_004236_s1/76682693/ccs,1,51,2,12,271,CAA_interrupted,60
H1,m84137_260214_004236_s1/99422763/ccs,1,51,2,12,271,CAA_interrupted,60
H1,m84137_260214_004236_s1/122950082/ccs,1,51,2,12,271,CAA_interrupted,60
H1,m84137_260214_004236_s1/82840988/ccs,1,51,2,12,271,CAA_interrupted,60
H1,m84137_260214_004236_s1/152702064/ccs,1,51,2,12,271,CAA_interrupted,60
H1,m84137_260214_004236_s1/190713578/ccs,1,51,2,12,271,CAA_interrupted,60
H1,m84137_260214_004236_s1/147198879/ccs,1,51,2,12,271,CAA_interrupted,60
H1,m84137_260214_004236_s1/218107296/ccs,1,51,2,12,271,CAA_interrupted,60
H1,m84137_260214_004236_s1/219289299/ccs,1,51,2,12,271,CAA_interrupted,60
H1,m84137_260214_004236_s1/217518111/ccs,1,51,2,12,271,CAA_interrupted,60
H1,m84137_260214_004236_s1/70975567/ccs,1,50,2,13,271,CAA_interrupted,60
H1,m84137_260214_004236_s1/146019725/ccs,1,51,2,12,271,CAA_interrupted,60
H1,m84137_260214_004236_s1/176951751/ccs,1,51,2,12,271,CAA_interrupted,60
H1,m84137_260214_004236_s1/86050297/ccs,1,51,2,12,271,CAA_interrupted,60
H1,m84137_260214_004236_s1/259658142/ccs,1,51,2,12,271,CAA_interrupted,60
H1,m84137_260214_004236_s1/205915285/ccs,1,51,2,13,271,CAA_interrupted,60
H1,m84137_260214_004236_s1/212272157/ccs,1,51,2,12,271,CAA_interrupted,60
H1,m84137_260214_004236_s1/254937259/ccs,1,51,2,12,271,CAA_interrupted,60
H1,m84137_260214_004236_s1/18615963/ccs,1,51,2,12,271,CAA_interrupted,60
H1,m84137_260214_004236_s1/66916842/ccs,1,51,2,12,271,CAA_interrupted,60
H1,m84137_260214_004236_s1/7801535/ccs,1,51,2,12,271,CAA_interrupted,60
H1,m84137_260214_004236_s1/34146957/ccs,1,51,2,12,271,CAA_interrupted,60
H1,m84137_260214_004236_s1/147065328/ccs,1,51,2,12,271,CAA_interrupted,60
H1,m84137_260214_004236_s1/185272956/ccs,1,51,2,12,271,CAA_interrupted,60
H1,m84137_260214_004236_s1/45746039/ccs,1,51,2,12,271,CAA_interrupted,60
H1,m84137_260214_004236_s1/53085256/ccs,1,51,2,12,271,CAA_interrupted,60
H1,m84137_260214_004236_s1/53086004/ccs,1,51,2,12,271,CAA_interrupted,60
H1,m84137_260214_004236_s1/53413135/ccs,1,51,2,12,271,CAA_interrupted,60
H1,m84137_260214_004236_s1/55641277/ccs,1,51,2,12,271,CAA_interrupted,60
H1,m84137_260214_004236_s1/124323669/ccs,1,50,2,13,271,CAA_interrupted,60
H1,m84137_260214_004236_s1/107940213/ccs,1,51,2,12,271,CAA_interrupted,60
H1,m84137_260214_004236_s1/127208005/ccs,1,51,2,12,271,CAA_interrupted,60
H1,m84137_260214_004236_s1/38672108/ccs,1,51,2,12,271,CAA_interrupted,60
H1,m84137_260214_004236_s1/68621603/ccs,1,51,2,12,271,CAA_interrupted,60
H1,m84137_260214_004236_s1/44831124/ccs,1,51,2,12,271,CAA_interrupted,60
H1,m84137_260214_004236_s1/87756980/ccs,1,51,2,12,271,CAA_interrupted,60
H1,m84137_260214_004236_s1/75632994/ccs,1,51,2,12,271,CAA_interrupted,60
H1,m84137_260214_004236_s1/77665144/ccs,1,51,2,12,271,CAA_interrupted,60
H1,m84137_260214_004236_s1/119803786/ccs,1,51,2,12,271,CAA_interrupted,60
H1,m84137_260214_004236_s1/122950902/ccs,1,51,2,12,271,CAA_interrupted,60
H1,m84137_260214_004236_s1/115807529/ccs,1,51,2,12,271,CAA_interrupted,60
H1,m84137_260214_004236_s1/184817087/ccs,1,51,2,12,271,CAA_interrupted,60
H1,m84137_260214_004236_s1/116594367/ccs,1,51,2,12,271,CAA_interrupted,60
H1,m84137_260214_004236_s1/211551287/ccs,1,51,2,12,271,CAA_interrupted,60
H1,m84137_260214_004236_s1/212009435/ccs,1,51,2,12,271,CAA_interrupted,60
H1,m84137_260214_004236_s1/242747272/ccs,1,51,2,12,271,CAA_interrupted,60
H1,m84137_260214_004236_s1/239012154/ccs,1,51,2,12,271,CAA_interrupted,60
H1,m84137_260214_004236_s1/260376265/ccs,1,51,2,12,271,CAA_interrupted,60
H1,m84137_260214_004236_s1/161420349/ccs,1,51,2,12,271,CAA_interrupted,60
H1,m84137_260214_004236_s1/164432985/ccs,1,51,2,12,271,CAA_interrupted,60
H1,m84137_260214_004236_s1/165025074/ccs,1,51,2,12,271,CAA_interrupted,60
H1,m84137_260214_004236_s1/146082978/ccs,1,51,2,12,271,CAA_interrupted,60
H1,m84137_260214_004236_s1/186783533/ccs,1,51,2,12,271,CAA_interrupted,60
H1,m84137_260214_004236_s1/177869395/ccs,1,51,2,12,271,CAA_interrupted,60
H1,m84137_260214_004236_s1/197201429/ccs,1,51,2,12,271,CAA_interrupted,60
H1,m84137_260214_004236_s1/197856831/ccs,1,51,2,12,271,CAA_interrupted,60
H1,m84137_260214_004236_s1/123340723/ccs,1,51,2,12,271,CAA_interrupted,60
H1,m84137_260214_004236_s1/78186641/ccs,1,51,2,12,271,CAA_interrupted,60
H1,m84137_260214_004236_s1/124127564/ccs,1,51,2,12,271,CAA_interrupted,60
H1,m84137_260214_004236_s1/245829630/ccs,1,51,2,12,271,CAA_interrupted,60
H1,m84137_260214_004236_s1/247730601/ccs,1,51,2,12,271,CAA_interrupted,60
H1,m84137_260214_004236_s1/247860881/ccs,1,51,2,12,271,CAA_interrupted,60
H1,m84137_260214_004236_s1/51904977/ccs,1,51,2,12,271,CAA_interrupted,60
H1,m84137_260214_004236_s1/123535729/ccs,1,51,2,12,271,CAA_interrupted,60
H1,m84137_260214_004236_s1/133628448/ccs,1,51,2,12,271,CAA_interrupted,60
H1,m84137_260214_004236_s1/166791229/ccs,1,51,2,12,271,CAA_interrupted,60
H1,m84137_260214_004236_s1/197788827/ccs,1,51,2,12,271,CAA_interrupted,60
H1,m84137_260214_004236_s1/219283717/ccs,1,51,2,12,271,CAA_interrupted,60
H1,m84137_260214_004236_s1/199690560/ccs,1,51,2,12,271,CAA_interrupted,60
H1,m84137_260214_004236_s1/183962030/ccs,1,51,2,12,271,CAA_interrupted,60
H1,m84137_260214_004236_s1/123667517/ccs,1,51,2,12,271,CAA_interrupted,60
H1,m84137_260214_004236_s1/125703973/ccs,1,51,2,12,271,CAA_interrupted,60
H1,m84137_260214_004236_s1/116264773/ccs,1,51,2,12,271,CAA_interrupted,60
H1,m84137_260214_004236_s1/228792025/ccs,1,51,2,12,271,CAA_interrupted,60
H1,m84137_260214_004236_s1/194644611/ccs,1,51,2,12,271,CAA_interrupted,60
H1,m84137_260214_004236_s1/11995168/ccs,1,51,2,12,271,CAA_interrupted,60
H1,m84137_260214_004236_s1/24511154/ccs,1,51,2,12,271,CAA_interrupted,60
H1,m84137_260214_004236_s1/24709622/ccs,1,51,2,12,271,CAA_interrupted,60
H1,m84137_260214_004236_s1/33625095/ccs,1,51,2,12,271,CAA_interrupted,60
H1,m84137_260214_004236_s1/123341454/ccs,1,51,2,12,271,CAA_interrupted,60
H1,m84137_260214_004236_s1/178980673/ccs,1,51,2,12,271,CAA_interrupted,60
H1,m84137_260214_004236_s1/20777852/ccs,1,51,2,12,271,CAA_interrupted,60
H1,m84137_260214_004236_s1/21234484/ccs,1,51,2,12,271,CAA_interrupted,60
H1,m84137_260214_004236_s1/16647679/ccs,1,51,2,12,271,CAA_interrupted,60
H1,m84137_260214_004236_s1/40043050/ccs,1,51,2,12,271,CAA_interrupted,60
H1,m84137_260214_004236_s1/133496927/ccs,1,51,2,12,271,CAA_interrupted,60
H1,m84137_260214_004236_s1/139528234/ccs,1,51,2,12,271,CAA_interrupted,60
H1,m84137_260214_004236_s1/164167715/ccs,1,51,2,12,271,CAA_interrupted,60
H1,m84137_260214_004236_s1/160761616/ccs,1,51,2,12,271,CAA_interrupted,60
H1,m84137_260214_004236_s1/146868989/ccs,1,51,2,12,271,CAA_interrupted,60
H1,m84137_260214_004236_s1/147785492/ccs,1,51,2,12,271,CAA_interrupted,60
H1,m84137_260214_004236_s1/186319009/ccs,1,51,2,12,271,CAA_interrupted,60
H1,m84137_260214_004236_s1/255660769/ccs,1,51,2,12,271,CAA_interrupted,60
H1,m84137_260214_004236_s1/259593823/ccs,1,51,2,12,271,CAA_interrupted,60
H1,m84137_260214_004236_s1/245503346/ccs,1,51,2,12,271,CAA_interrupted,60
H1,m84137_260214_004236_s1/246944682/ccs,1,51,2,12,271,CAA_interrupted,60
H1,m84137_260214_004236_s1/247141973/ccs,1,51,2,12,271,CAA_interrupted,60
H1,m84137_260214_004236_s1/249631805/ccs,1,51,2,12,271,CAA_interrupted,60
H1,m84137_260214_004236_s1/26346655/ccs,1,51,2,12,271,CAA_interrupted,60
H1,m84137_260214_004236_s1/156369642/ccs,1,51,2,12,271,CAA_interrupted,60
H1,m84137_260214_004236_s1/226690316/ccs,1,51,2,12,271,CAA_interrupted,60
H1,m84137_260214_004236_s1/170264839/ccs,1,51,2,12,271,CAA_interrupted,60
H1,m84137_260214_004236_s1/149946612/ccs,1,51,2,12,271,CAA_interrupted,60
H1,m84137_260214_004236_s1/176686266/ccs,1,51,2,12,271,CAA_interrupted,60
H1,m84137_260214_004236_s1/218432603/ccs,1,51,2,12,271,CAA_interrupted,60
H1,m84137_260214_004236_s1/199819370/ccs,1,51,2,12,271,CAA_interrupted,60
H1,m84137_260214_004236_s1/221512531/ccs,1,51,2,12,271,CAA_interrupted,60
H1,m84137_260214_004236_s1/222889414/ccs,1,51,2,12,271,CAA_interrupted,60
H1,m84137_260214_004236_s1/253692781/ccs,1,51,2,12,271,CAA_interrupted,60
H1,m84137_260214_004236_s1/254806103/ccs,1,51,2,12,271,CAA_interrupted,60
H1,m84137_260214_004236_s1/237045377/ccs,1,51,2,12,271,CAA_interrupted,60
H1,m84137_260214_004236_s1/234488546/ccs,1,51,2,12,271,CAA_interrupted,60
H1,m84137_260214_004236_s1/134483988/ccs,1,51,2,12,271,CAA_interrupted,60
H1,m84137_260214_004236_s1/82579190/ccs,1,51,2,12,271,CAA_interrupted,60
H1,m84137_260214_004236_s1/112136322/ccs,1,51,2,12,271,CAA_interrupted,60
H1,m84137_260214_004236_s1/112922920/ccs,1,51,2,12,271,CAA_interrupted,60
H1,m84137_260214_004236_s1/133764071/ccs,1,51,2,12,271,CAA_interrupted,60
H1,m84137_260214_004236_s1/162926095/ccs,1,51,2,12,271,CAA_interrupted,60
H1,m84137_260214_004236_s1/186127320/ccs,1,51,2,12,271,CAA_interrupted,60
H1,m84137_260214_004236_s1/43849452/ccs,1,51,2,12,271,CAA_interrupted,60
H1,m84137_260214_004236_s1/60691123/ccs,1,51,2,12,271,CAA_interrupted,60
H1,m84137_260214_004236_s1/89790244/ccs,1,51,2,12,271,CAA_interrupted,60
H1,m84137_260214_004236_s1/75567519/ccs,1,51,2,12,271,CAA_interrupted,60
H1,m84137_260214_004236_s1/101715856/ccs,1,51,2,12,271,CAA_interrupted,60
H1,m84137_260214_004236_s1/78843993/ccs,1,51,2,12,271,CAA_interrupted,60
H1,m84137_260214_004236_s1/98834193/ccs,1,51,2,12,271,CAA_interrupted,60
H1,m84137_260214_004236_s1/106829647/ccs,1,51,2,12,271,CAA_interrupted,60
H1,m84137_260214_004236_s1/74252469/ccs,1,51,2,12,271,CAA_interrupted,60
H1,m84137_260214_004236_s1/71830263/ccs,1,51,2,12,271,CAA_interrupted,60
H1,m84137_260214_004236_s1/67374852/ccs,1,51,2,12,271,CAA_interrupted,60
H1,m84137_260214_004236_s1/42930539/ccs,1,51,2,12,271,CAA_interrupted,60
H1,m84137_260214_004236_s1/118555579/ccs,1,51,2,12,271,CAA_interrupted,60
H1,m84137_260214_004236_s1/126421382/ccs,1,51,2,12,271,CAA_interrupted,60
H1,m84137_260214_004236_s1/122292219/ccs,1,51,2,12,271,CAA_interrupted,60
H1,m84137_260214_004236_s1/153159804/ccs,1,51,2,12,271,CAA_interrupted,60
H1,m84137_260214_004236_s1/177082298/ccs,1,51,2,12,271,CAA_interrupted,60
H1,m84137_260214_004236_s1/221582023/ccs,1,51,2,12,271,CAA_interrupted,60
H1,m84137_260214_004236_s1/252383231/ccs,1,51,2,12,271,CAA_interrupted,60
H1,m84137_260214_004236_s1/183179041/ccs,1,51,2,12,271,CAA_interrupted,60
H1,m84137_260214_004236_s1/247138207/ccs,1,51,2,12,271,CAA_interrupted,60
H1,m84137_260214_004236_s1/2561451/ccs,1,51,2,12,271,CAA_interrupted,60
H1,m84137_260214_004236_s1/5247955/ccs,1,51,2,12,271,CAA_interrupted,60
H1,m84137_260214_004236_s1/27726076/ccs,1,51,2,12,271,CAA_interrupted,60
H1,m84137_260214_004236_s1/196284785/ccs,1,51,2,12,271,CAA_interrupted,60
H1,m84137_260214_004236_s1/92736609/ccs,1,51,2,12,271,CAA_interrupted,60
H1,m84137_260214_004236_s1/141627208/ccs,1,51,2,12,271,CAA_interrupted,60
H1,m84137_260214_004236_s1/213322757/ccs,1,50,3,12,272,CAA_interrupted,60
H1,m84137_260214_004236_s1/203951261/ccs,1,51,2,12,272,CAA_interrupted,60
H1,m84137_260214_004236_s1/175835292/ccs,1,51,2,12,272,CAA_interrupted,60
H1,m84137_260214_004236_s1/134414511/ccs,1,50,3,12,272,CAA_interrupted,60
H1,m84137_260214_004236_s1/197724236/ccs,1,51,2,12,272,CAA_interrupted,60
H1,m84137_260214_004236_s1/188748173/ccs,1,51,2,12,272,CAA_interrupted,60
H1,m84137_260214_004236_s1/35458849/ccs,1,50,3,12,272,CAA_interrupted,60
H1,m84137_260214_004236_s1/212011154/ccs,1,51,2,12,272,CAA_interrupted,60
H1,m84137_260214_004236_s1/114889712/ccs,1,50,3,12,272,CAA_interrupted,60
H1,m84137_260214_004236_s1/233181095/ccs,1,50,3,12,272,CAA_interrupted,60
H1,m84137_260214_004236_s1/232263470/ccs,1,50,3,12,272,CAA_interrupted,60
H1,m84137_260214_004236_s1/35586570/ccs,1,51,2,12,273,CAA_interrupted,60
H1,m84137_260214_004236_s1/92999905/ccs,1,50,3,12,273,CAA_interrupted,60
H1,m84137_260214_004236_s1/127534761/ccs,1,51,2,12,273,CAA_interrupted,60
H1,m84137_260214_004236_s1/129504884/ccs,1,51,2,12,273,CAA_interrupted,60
H1,m84137_260214_004236_s1/56756248/ccs,1,51,2,12,273,CAA_interrupted,60
H1,m84137_260214_004236_s1/143065962/ccs,1,51,2,12,273,CAA_interrupted,60
H1,m84137_260214_004236_s1/183697456/ccs,1,52,2,11,273,CAA_interrupted,60
H1,m84137_260214_004236_s1/200410448/ccs,1,52,2,12,274,CAA_interrupted,60
H1,m84137_260214_004236_s1/1901874/ccs,1,52,2,12,274,CAA_interrupted,60
H1,m84137_260214_004236_s1/29753793/ccs,1,52,2,12,274,CAA_interrupted,60
H1,m84137_260214_004236_s1/5113477/ccs,1,51,2,13,274,CAA_interrupted,60
H1,m84137_260214_004236_s1/27658474/ccs,1,52,2,12,274,CAA_interrupted,60
H1,m84137_260214_004236_s1/31982189/ccs,1,52,2,12,274,CAA_interrupted,60
H1,m84137_260214_004236_s1/27924264/ccs,1,52,2,12,274,CAA_interrupted,60
H1,m84137_260214_004236_s1/27004305/ccs,1,52,2,12,274,CAA_interrupted,60
H1,m84137_260214_004236_s1/71369790/ccs,1,52,1,12,274,CAA_interrupted,60
H1,m84137_260214_004236_s1/92800906/ccs,1,52,2,12,274,CAA_interrupted,60
H1,m84137_260214_004236_s1/77333527/ccs,1,52,2,12,274,CAA_interrupted,60
H1,m84137_260214_004236_s1/102105575/ccs,1,52,2,12,274,CAA_interrupted,60
H1,m84137_260214_004236_s1/100337084/ccs,1,52,2,12,274,CAA_interrupted,60
H1,m84137_260214_004236_s1/103548130/ccs,1,52,2,12,274,CAA_interrupted,60
H1,m84137_260214_004236_s1/61409055/ccs,1,52,2,12,274,CAA_interrupted,60
H1,m84137_260214_004236_s1/69535672/ccs,1,52,2,12,274,CAA_interrupted,60
H1,m84137_260214_004236_s1/70256013/ccs,1,52,2,12,274,CAA_interrupted,60
H1,m84137_260214_004236_s1/161219867/ccs,1,52,2,12,274,CAA_interrupted,60
H1,m84137_260214_004236_s1/128188633/ccs,1,52,2,12,274,CAA_interrupted,60
H1,m84137_260214_004236_s1/132253372/ccs,1,52,2,11,274,CAA_interrupted,60
H1,m84137_260214_004236_s1/52171083/ccs,1,52,2,12,274,CAA_interrupted,60
H1,m84137_260214_004236_s1/32052716/ccs,1,52,2,12,274,CAA_interrupted,60
H1,m84137_260214_004236_s1/55449488/ccs,1,52,2,12,274,CAA_interrupted,60
H1,m84137_260214_004236_s1/55840542/ccs,1,52,2,12,274,CAA_interrupted,60
H1,m84137_260214_004236_s1/69604600/ccs,1,52,2,12,274,CAA_interrupted,60
H1,m84137_260214_004236_s1/194249365/ccs,1,51,3,12,274,CAA_interrupted,60
H1,m84137_260214_004236_s1/194579272/ccs,1,52,2,12,274,CAA_interrupted,60
H1,m84137_260214_004236_s1/208078366/ccs,1,52,2,12,274,CAA_interrupted,60
H1,m84137_260214_004236_s1/93525321/ccs,1,52,2,12,274,CAA_interrupted,60
H1,m84137_260214_004236_s1/151000178/ccs,1,52,2,12,274,CAA_interrupted,60
H1,m84137_260214_004236_s1/113514120/ccs,1,52,2,12,274,CAA_interrupted,60
H1,m84137_260214_004236_s1/163122710/ccs,1,52,2,12,274,CAA_interrupted,60
H1,m84137_260214_004236_s1/183635492/ccs,1,52,2,12,274,CAA_interrupted,60
H1,m84137_260214_004236_s1/191958062/ccs,1,52,2,12,274,CAA_interrupted,60
H1,m84137_260214_004236_s1/197071678/ccs,1,52,2,12,274,CAA_interrupted,60
H1,m84137_260214_004236_s1/180163499/ccs,1,52,2,12,274,CAA_interrupted,60
H1,m84137_260214_004236_s1/90508976/ccs,1,52,2,12,274,CAA_interrupted,60
H1,m84137_260214_004236_s1/99882127/ccs,1,52,2,12,274,CAA_interrupted,60
H1,m84137_260214_004236_s1/49348972/ccs,1,52,2,12,274,CAA_interrupted,60
H1,m84137_260214_004236_s1/132254879/ccs,1,52,2,12,274,CAA_interrupted,60
H1,m84137_260214_004236_s1/178395000/ccs,1,52,2,12,274,CAA_interrupted,60
H1,m84137_260214_004236_s1/34867567/ccs,1,52,2,12,274,CAA_interrupted,60
H1,m84137_260214_004236_s1/36241879/ccs,1,52,2,12,274,CAA_interrupted,60
H1,m84137_260214_004236_s1/80612624/ccs,1,52,2,12,274,CAA_interrupted,60
H1,m84137_260214_004236_s1/253428357/ccs,1,52,2,12,274,CAA_interrupted,60
H1,m84137_260214_004236_s1/28049861/ccs,1,52,2,12,274,CAA_interrupted,60
H1,m84137_260214_004236_s1/29884922/ccs,1,52,2,12,274,CAA_interrupted,60
H1,m84137_260214_004236_s1/13305063/ccs,1,52,2,12,274,CAA_interrupted,60
H1,m84137_260214_004236_s1/142279265/ccs,1,52,2,12,274,CAA_interrupted,60
H1,m84137_260214_004236_s1/173409315/ccs,1,52,2,12,274,CAA_interrupted,60
H1,m84137_260214_004236_s1/190383791/ccs,1,52,2,12,274,CAA_interrupted,60
H1,m84137_260214_004236_s1/149226537/ccs,1,52,2,12,274,CAA_interrupted,60
H1,m84137_260214_004236_s1/41419683/ccs,1,52,2,12,274,CAA_interrupted,60
H1,m84137_260214_004236_s1/59705012/ccs,1,52,2,12,274,CAA_interrupted,60
H1,m84137_260214_004236_s1/63505565/ccs,1,52,2,12,274,CAA_interrupted,60
H1,m84137_260214_004236_s1/38996441/ccs,1,52,2,12,274,CAA_interrupted,60
H1,m84137_260214_004236_s1/73926359/ccs,1,52,2,12,274,CAA_interrupted,60
H1,m84137_260214_004236_s1/119343131/ccs,1,52,2,12,274,CAA_interrupted,60
H1,m84137_260214_004236_s1/103941217/ccs,1,52,2,12,274,CAA_interrupted,60
H1,m84137_260214_004236_s1/133434315/ccs,1,52,2,12,274,CAA_interrupted,60
H1,m84137_260214_004236_s1/62592104/ccs,1,52,2,12,274,CAA_interrupted,60
H1,m84137_260214_004236_s1/85267709/ccs,1,52,2,12,274,CAA_interrupted,60
H1,m84137_260214_004236_s1/48042809/ccs,1,52,2,12,274,CAA_interrupted,60
H1,m84137_260214_004236_s1/137303726/ccs,1,52,2,12,274,CAA_interrupted,60
H1,m84137_260214_004236_s1/139791782/ccs,1,52,2,12,274,CAA_interrupted,60
H1,m84137_260214_004236_s1/160568041/ccs,1,52,2,12,274,CAA_interrupted,60
H1,m84137_260214_004236_s1/167776519/ccs,1,52,2,12,274,CAA_interrupted,60
H1,m84137_260214_004236_s1/144641838/ccs,1,52,2,12,274,CAA_interrupted,60
H1,m84137_260214_004236_s1/255984261/ccs,1,52,2,12,274,CAA_interrupted,60
H1,m84137_260214_004236_s1/259784826/ccs,1,52,2,12,274,CAA_interrupted,60
H1,m84137_260214_004236_s1/173414180/ccs,1,52,2,12,274,CAA_interrupted,60
H1,m84137_260214_004236_s1/170659429/ccs,1,52,2,12,274,CAA_interrupted,60
H1,m84137_260214_004236_s1/179637538/ccs,1,52,2,12,274,CAA_interrupted,60
H1,m84137_260214_004236_s1/199365468/ccs,1,52,2,12,274,CAA_interrupted,60
H1,m84137_260214_004236_s1/250091373/ccs,1,52,2,12,274,CAA_interrupted,60
H1,m84137_260214_004236_s1/42796318/ccs,1,52,2,12,274,CAA_interrupted,60
H1,m84137_260214_004236_s1/61408130/ccs,1,52,2,12,274,CAA_interrupted,60
H1,m84137_260214_004236_s1/71633669/ccs,1,52,2,12,274,CAA_interrupted,60
H1,m84137_260214_004236_s1/77463741/ccs,1,52,2,12,274,CAA_interrupted,60
H1,m84137_260214_004236_s1/130352286/ccs,1,52,2,12,274,CAA_interrupted,60
H1,m84137_260214_004236_s1/202180114/ccs,1,52,2,12,274,CAA_interrupted,60
H1,m84137_260214_004236_s1/24383783/ccs,1,52,2,12,274,CAA_interrupted,60
H1,m84137_260214_004236_s1/26088516/ccs,1,52,2,12,274,CAA_interrupted,60
H1,m84137_260214_004236_s1/190120536/ccs,1,52,2,12,274,CAA_interrupted,60
H1,m84137_260214_004236_s1/182258448/ccs,1,52,2,12,274,CAA_interrupted,60
H1,m84137_260214_004236_s1/204669361/ccs,1,52,2,12,274,CAA_interrupted,60
H1,m84137_260214_004236_s1/214631362/ccs,1,52,2,12,274,CAA_interrupted,60
H1,m84137_260214_004236_s1/244384603/ccs,1,52,2,12,274,CAA_interrupted,60
H1,m84137_260214_004236_s1/180753871/ccs,1,52,2,12,274,CAA_interrupted,60
H1,m84137_260214_004236_s1/62983556/ccs,1,51,2,13,274,CAA_interrupted,60
H1,m84137_260214_004236_s1/231542975/ccs,1,52,2,12,274,CAA_interrupted,60
H1,m84137_260214_004236_s1/124387441/ccs,1,51,2,12,274,CAA_interrupted,60
H1,m84137_260214_004236_s1/265224885/ccs,1,52,2,12,274,CAA_interrupted,60
H1,m84137_260214_004236_s1/202901800/ccs,1,52,2,12,274,CAA_interrupted,60
H1,m84137_260214_004236_s1/231997726/ccs,1,52,2,12,274,CAA_interrupted,60
H1,m84137_260214_004236_s1/9180477/ccs,1,52,2,12,274,CAA_interrupted,60
H1,m84137_260214_004236_s1/101648252/ccs,1,52,2,12,274,CAA_interrupted,60
H1,m84137_260214_004236_s1/25954235/ccs,1,52,2,12,274,CAA_interrupted,60
H1,m84137_260214_004236_s1/45220517/ccs,1,52,2,12,274,CAA_interrupted,60
H1,m84137_260214_004236_s1/138412618/ccs,1,52,2,12,274,CAA_interrupted,60
H1,m84137_260214_004236_s1/258609796/ccs,1,52,2,12,274,CAA_interrupted,60
H1,m84137_260214_004236_s1/73990835/ccs,1,52,2,12,274,CAA_interrupted,60
H1,m84137_260214_004236_s1/188614447/ccs,1,52,2,12,274,CAA_interrupted,60
H1,m84137_260214_004236_s1/225577169/ccs,1,52,2,12,274,CAA_interrupted,60
H1,m84137_260214_004236_s1/223021452/ccs,1,52,2,12,274,CAA_interrupted,60
H1,m84137_260214_004236_s1/226232053/ccs,1,52,2,12,274,CAA_interrupted,60
H1,m84137_260214_004236_s1/232194439/ccs,1,52,2,12,274,CAA_interrupted,60
H1,m84137_260214_004236_s1/253887305/ccs,1,52,2,12,274,CAA_interrupted,60
H1,m84137_260214_004236_s1/241566747/ccs,1,52,2,12,274,CAA_interrupted,60
H1,m84137_260214_004236_s1/105975909/ccs,1,52,2,12,274,CAA_interrupted,60
H1,m84137_260214_004236_s1/135139632/ccs,1,52,2,12,274,CAA_interrupted,60
H1,m84137_260214_004236_s1/152178217/ccs,1,52,2,12,274,CAA_interrupted,60
H1,m84137_260214_004236_s1/142085547/ccs,1,52,2,12,274,CAA_interrupted,60
H1,m84137_260214_004236_s1/16651053/ccs,1,52,2,12,274,CAA_interrupted,60
H1,m84137_260214_004236_s1/65409873/ccs,1,52,2,12,274,CAA_interrupted,60
H1,m84137_260214_004236_s1/78778472/ccs,1,52,2,12,274,CAA_interrupted,60
H1,m84137_260214_004236_s1/51253480/ccs,1,52,2,12,274,CAA_interrupted,60
H1,m84137_260214_004236_s1/76092805/ccs,1,52,2,12,274,CAA_interrupted,60
H1,m84137_260214_004236_s1/254939619/ccs,1,52,2,12,274,CAA_interrupted,60
H1,m84137_260214_004236_s1/39062625/ccs,1,52,2,12,274,CAA_interrupted,60
H1,m84137_260214_004236_s1/39061797/ccs,1,52,2,12,274,CAA_interrupted,60
H1,m84137_260214_004236_s1/66258659/ccs,1,52,2,12,274,CAA_interrupted,60
H1,m84137_260214_004236_s1/85524586/ccs,1,52,2,12,274,CAA_interrupted,60
H1,m84137_260214_004236_s1/86966340/ccs,1,52,2,12,274,CAA_interrupted,60
H1,m84137_260214_004236_s1/87884865/ccs,1,52,2,12,274,CAA_interrupted,60
H1,m84137_260214_004236_s1/20778813/ccs,1,52,2,12,274,CAA_interrupted,60
H1,m84137_260214_004236_s1/127338556/ccs,1,52,2,12,274,CAA_interrupted,60
H1,m84137_260214_004236_s1/132317851/ccs,1,52,2,12,274,CAA_interrupted,60
H1,m84137_260214_004236_s1/165287164/ccs,1,52,2,12,274,CAA_interrupted,60
H1,m84137_260214_004236_s1/167647069/ccs,1,52,2,12,274,CAA_interrupted,60
H1,m84137_260214_004236_s1/149231129/ccs,1,51,2,13,274,CAA_interrupted,60
H1,m84137_260214_004236_s1/179638131/ccs,1,52,2,12,274,CAA_interrupted,60
H1,m84137_260214_004236_s1/180424668/ccs,1,52,2,12,274,CAA_interrupted,60
H1,m84137_260214_004236_s1/225185361/ccs,1,52,2,12,274,CAA_interrupted,60
H1,m84137_260214_004236_s1/184489540/ccs,1,52,2,12,274,CAA_interrupted,60
H1,m84137_260214_004236_s1/266536699/ccs,1,52,2,12,274,CAA_interrupted,60
H1,m84137_260214_004236_s1/7673338/ccs,1,52,2,12,274,CAA_interrupted,60
H1,m84137_260214_004236_s1/30019347/ccs,1,52,2,12,274,CAA_interrupted,60
H1,m84137_260214_004236_s1/135988489/ccs,1,52,2,12,274,CAA_interrupted,60
H1,m84137_260214_004236_s1/69010308/ccs,1,52,2,12,274,CAA_interrupted,60
H1,m84137_260214_004236_s1/255591533/ccs,1,53,2,11,275,CAA_interrupted,60
H1,m84137_260214_004236_s1/82445391/ccs,1,52,2,12,275,CAA_interrupted,60
H1,m84137_260214_004236_s1/95159073/ccs,1,52,2,12,275,CAA_interrupted,60
H1,m84137_260214_004236_s1/27267594/ccs,1,51,2,12,275,CAA_interrupted,60
H1,m84137_260214_004236_s1/115736643/ccs,1,52,2,12,276,CAA_interrupted,60
H1,m84137_260214_004236_s1/220141216/ccs,1,52,2,12,276,CAA_interrupted,60
H1,m84137_260214_004236_s1/31588605/ccs,1,50,3,12,276,CAA_interrupted,60
H1,m84137_260214_004236_s1/145099371/ccs,1,51,3,12,276,CAA_interrupted,60
H1,m84137_260214_004236_s1/18418609/ccs,1,53,2,12,277,CAA_interrupted,60
H1,m84137_260214_004236_s1/229771135/ccs,1,50,3,13,277,CAA_interrupted,60
H1,m84137_260214_004236_s1/95420685/ccs,1,53,2,12,277,CAA_interrupted,60
H1,m84137_260214_004236_s1/125763633/ccs,1,53,2,12,277,CAA_interrupted,60
H1,m84137_260214_004236_s1/46531824/ccs,1,53,2,12,277,CAA_interrupted,60
H1,m84137_260214_004236_s1/43256449/ccs,1,53,2,12,277,CAA_interrupted,60
H1,m84137_260214_004236_s1/192546363/ccs,1,53,2,12,277,CAA_interrupted,60
H1,m84137_260214_004236_s1/176882077/ccs,1,53,2,12,277,CAA_interrupted,60
H1,m84137_260214_004236_s1/114491665/ccs,1,53,2,12,277,CAA_interrupted,60
H1,m84137_260214_004236_s1/37623475/ccs,1,53,2,12,277,CAA_interrupted,60
H1,m84137_260214_004236_s1/225512388/ccs,1,53,2,12,277,CAA_interrupted,60
H1,m84137_260214_004236_s1/126029477/ccs,1,53,2,12,277,CAA_interrupted,60
H1,m84137_260214_004236_s1/146018784/ccs,1,52,2,12,277,CAA_interrupted,60
H1,m84137_260214_004236_s1/218959428/ccs,1,53,2,12,277,CAA_interrupted,60
H1,m84137_260214_004236_s1/189009832/ccs,1,53,2,12,277,CAA_interrupted,60
H1,m84137_260214_004236_s1/206507424/ccs,1,53,2,12,277,CAA_interrupted,60
H1,m84137_260214_004236_s1/248776177/ccs,1,52,2,12,277,CAA_interrupted,60
H1,m84137_260214_004236_s1/258543060/ccs,1,53,2,12,277,CAA_interrupted,60
H1,m84137_260214_004236_s1/14551545/ccs,1,53,2,12,277,CAA_interrupted,60
H1,m84137_260214_004236_s1/139984935/ccs,1,53,2,12,277,CAA_interrupted,60
H1,m84137_260214_004236_s1/205262444/ccs,1,53,2,12,277,CAA_interrupted,60
H1,m84137_260214_004236_s1/210698528/ccs,1,53,2,12,277,CAA_interrupted,60
H1,m84137_260214_004236_s1/212142436/ccs,1,53,2,12,277,CAA_interrupted,60
H1,m84137_260214_004236_s1/28443823/ccs,1,53,2,12,277,CAA_interrupted,60
H1,m84137_260214_004236_s1/11274218/ccs,1,53,2,12,277,CAA_interrupted,60
H1,m84137_260214_004236_s1/6424062/ccs,1,53,2,12,277,CAA_interrupted,60
H1,m84137_260214_004236_s1/3278597/ccs,1,53,2,12,277,CAA_interrupted,60
H1,m84137_260214_004236_s1/29557764/ccs,1,53,2,12,277,CAA_interrupted,60
H1,m84137_260214_004236_s1/55968319/ccs,1,53,2,12,277,CAA_interrupted,60
H1,m84137_260214_004236_s1/34734297/ccs,1,53,2,12,277,CAA_interrupted,60
H1,m84137_260214_004236_s1/34735283/ccs,1,53,2,12,277,CAA_interrupted,60
H1,m84137_260214_004236_s1/162529321/ccs,1,53,2,12,277,CAA_interrupted,60
H1,m84137_260214_004236_s1/159253770/ccs,1,53,2,12,277,CAA_interrupted,60
H1,m84137_260214_004236_s1/147391598/ccs,1,53,2,12,277,CAA_interrupted,60
H1,m84137_260214_004236_s1/174457877/ccs,1,53,2,12,277,CAA_interrupted,60
H1,m84137_260214_004236_s1/112656901/ccs,1,53,2,12,277,CAA_interrupted,60
H1,m84137_260214_004236_s1/122817241/ccs,1,53,2,12,277,CAA_interrupted,60
H1,m84137_260214_004236_s1/152109343/ccs,1,53,2,12,277,CAA_interrupted,60
H1,m84137_260214_004236_s1/115214234/ccs,1,53,2,12,277,CAA_interrupted,60
H1,m84137_260214_004236_s1/72224267/ccs,1,53,2,12,277,CAA_interrupted,60
H1,m84137_260214_004236_s1/124849622/ccs,1,53,2,12,277,CAA_interrupted,60
H1,m84137_260214_004236_s1/113578564/ccs,1,53,2,12,277,CAA_interrupted,60
H1,m84137_260214_004236_s1/154932700/ccs,1,53,2,12,277,CAA_interrupted,60
H1,m84137_260214_004236_s1/163843886/ccs,1,53,2,12,277,CAA_interrupted,60
H1,m84137_260214_004236_s1/235997582/ccs,1,53,2,12,277,CAA_interrupted,60
H1,m84137_260214_004236_s1/150736036/ccs,1,53,2,12,277,CAA_interrupted,60
H1,m84137_260214_004236_s1/207097128/ccs,1,53,2,12,277,CAA_interrupted,60
H1,m84137_260214_004236_s1/199364055/ccs,1,53,2,12,277,CAA_interrupted,60
H1,m84137_260214_004236_s1/182390466/ccs,1,53,2,12,277,CAA_interrupted,60
H1,m84137_260214_004236_s1/226367007/ccs,1,53,2,12,277,CAA_interrupted,60
H1,m84137_260214_004236_s1/92275690/ccs,1,53,2,12,277,CAA_interrupted,60
H1,m84137_260214_004236_s1/89457200/ccs,1,53,2,12,277,CAA_interrupted,60
H1,m84137_260214_004236_s1/259396447/ccs,1,53,2,12,277,CAA_interrupted,60
H1,m84137_260214_004236_s1/239078683/ccs,1,53,2,12,277,CAA_interrupted,60
H1,m84137_260214_004236_s1/266603523/ccs,1,53,2,12,277,CAA_interrupted,60
H1,m84137_260214_004236_s1/225380074/ccs,1,53,2,12,277,CAA_interrupted,60
H1,m84137_260214_004236_s1/184420070/ccs,1,53,2,12,277,CAA_interrupted,60
H1,m84137_260214_004236_s1/65540549/ccs,1,53,2,12,277,CAA_interrupted,60
H1,m84137_260214_004236_s1/74715065/ccs,1,53,2,12,277,CAA_interrupted,60
H1,m84137_260214_004236_s1/111939829/ccs,1,53,2,12,277,CAA_interrupted,60
H1,m84137_260214_004236_s1/133042652/ccs,1,53,2,12,277,CAA_interrupted,60
H1,m84137_260214_004236_s1/156112648/ccs,1,53,2,12,277,CAA_interrupted,60
H1,m84137_260214_004236_s1/139199888/ccs,1,53,2,12,277,CAA_interrupted,60
H1,m84137_260214_004236_s1/247270138/ccs,1,53,2,12,277,CAA_interrupted,60
H1,m84137_260214_004236_s1/34341773/ccs,1,53,2,12,277,CAA_interrupted,60
H1,m84137_260214_004236_s1/34933115/ccs,1,53,2,12,277,CAA_interrupted,60
H1,m84137_260214_004236_s1/15402681/ccs,1,53,2,12,277,CAA_interrupted,60
H1,m84137_260214_004236_s1/35128254/ccs,1,53,2,12,277,CAA_interrupted,60
H1,m84137_260214_004236_s1/59310395/ccs,1,53,2,12,277,CAA_interrupted,60
H1,m84137_260214_004236_s1/41877627/ccs,1,52,2,13,277,CAA_interrupted,60
H1,m84137_260214_004236_s1/64095270/ccs,1,52,2,13,277,CAA_interrupted,60
H1,m84137_260214_004236_s1/132907429/ccs,1,53,2,12,277,CAA_interrupted,60
H1,m84137_260214_004236_s1/162662742/ccs,1,53,2,12,277,CAA_interrupted,60
H1,m84137_260214_004236_s1/143917292/ccs,1,53,2,12,277,CAA_interrupted,60
H1,m84137_260214_004236_s1/232983647/ccs,1,53,2,12,277,CAA_interrupted,60
H1,m84137_260214_004236_s1/237967123/ccs,1,53,2,12,277,CAA_interrupted,60
H1,m84137_260214_004236_s1/181668390/ccs,1,53,2,12,277,CAA_interrupted,60
H1,m84137_260214_004236_s1/186450370/ccs,1,53,2,12,277,CAA_interrupted,60
H1,m84137_260214_004236_s1/149358576/ccs,1,53,2,12,277,CAA_interrupted,60
H1,m84137_260214_004236_s1/149489930/ccs,1,53,2,12,277,CAA_interrupted,60
H1,m84137_260214_004236_s1/150667750/ccs,1,53,2,12,277,CAA_interrupted,60
H1,m84137_260214_004236_s1/151983777/ccs,1,53,2,12,277,CAA_interrupted,60
H1,m84137_260214_004236_s1/59773776/ccs,1,53,2,12,277,CAA_interrupted,60
H1,m84137_260214_004236_s1/70653543/ccs,1,53,2,12,277,CAA_interrupted,60
H1,m84137_260214_004236_s1/96931581/ccs,1,53,2,12,277,CAA_interrupted,60
H1,m84137_260214_004236_s1/80089308/ccs,1,53,2,12,277,CAA_interrupted,60
H1,m84137_260214_004236_s1/267584470/ccs,1,53,2,12,277,CAA_interrupted,60
H1,m84137_260214_004236_s1/175900655/ccs,1,53,2,12,277,CAA_interrupted,60
H1,m84137_260214_004236_s1/50267049/ccs,1,53,2,12,277,CAA_interrupted,60
H1,m84137_260214_004236_s1/96994509/ccs,1,53,2,12,277,CAA_interrupted,60
H1,m84137_260214_004236_s1/237175966/ccs,1,53,2,12,277,CAA_interrupted,60
H1,m84137_260214_004236_s1/264505082/ccs,1,53,2,12,277,CAA_interrupted,60
H1,m84137_260214_004236_s1/24710840/ccs,1,53,2,12,277,CAA_interrupted,60
H1,m84137_260214_004236_s1/136645230/ccs,1,53,2,12,277,CAA_interrupted,60
H1,m84137_260214_004236_s1/147068641/ccs,1,53,2,12,277,CAA_interrupted,60
H1,m84137_260214_004236_s1/207163793/ccs,1,53,2,12,277,CAA_interrupted,60
H1,m84137_260214_004236_s1/11671227/ccs,1,53,2,12,277,CAA_interrupted,60
H1,m84137_260214_004236_s1/56170373/ccs,1,53,2,12,277,CAA_interrupted,60
H1,m84137_260214_004236_s1/231543989/ccs,1,53,2,12,277,CAA_interrupted,60
H1,m84137_260214_004236_s1/181602433/ccs,1,53,2,12,277,CAA_interrupted,60
H1,m84137_260214_004236_s1/60102338/ccs,1,53,2,12,277,CAA_interrupted,60
H1,m84137_260214_004236_s1/192153773/ccs,1,53,2,12,278,CAA_interrupted,60
H1,m84137_260214_004236_s1/97517751/ccs,1,51,3,13,278,CAA_interrupted,60
H1,m84137_260214_004236_s1/197657054/ccs,1,53,2,12,278,CAA_interrupted,60
H1,m84137_260214_004236_s1/236656562/ccs,1,52,3,12,278,CAA_interrupted,60
H1,m84137_260214_004236_s1/55773683/ccs,1,53,2,12,279,CAA_interrupted,60
H1,m84137_260214_004236_s1/255787545/ccs,1,54,2,12,280,CAA_interrupted,60
H1,m84137_260214_004236_s1/237568582/ccs,1,54,2,12,280,CAA_interrupted,60
H1,m84137_260214_004236_s1/239143531/ccs,1,54,2,12,280,CAA_interrupted,60
H1,m84137_260214_004236_s1/249168733/ccs,1,54,2,12,280,CAA_interrupted,60
H1,m84137_260214_004236_s1/79562720/ccs,1,54,2,12,280,CAA_interrupted,60
H1,m84137_260214_004236_s1/188155693/ccs,1,54,2,12,280,CAA_interrupted,60
H1,m84137_260214_004236_s1/162597198/ccs,1,54,2,12,280,CAA_interrupted,60
H1,m84137_260214_004236_s1/163250272/ccs,1,54,2,12,280,CAA_interrupted,60
H1,m84137_260214_004236_s1/180684952/ccs,1,54,2,12,280,CAA_interrupted,60
H1,m84137_260214_004236_s1/75895523/ccs,1,54,2,12,280,CAA_interrupted,60
H1,m84137_260214_004236_s1/129830964/ccs,1,54,2,12,280,CAA_interrupted,60
H1,m84137_260214_004236_s1/241110072/ccs,1,54,2,12,280,CAA_interrupted,60
H1,m84137_260214_004236_s1/135727482/ccs,1,54,2,12,280,CAA_interrupted,60
H1,m84137_260214_004236_s1/259135289/ccs,1,54,2,12,280,CAA_interrupted,60
H1,m84137_260214_004236_s1/235013196/ccs,1,54,2,12,280,CAA_interrupted,60
H1,m84137_260214_004236_s1/204407265/ccs,1,54,2,12,280,CAA_interrupted,60
H1,m84137_260214_004236_s1/5898744/ccs,1,54,2,12,280,CAA_interrupted,60
H1,m84137_260214_004236_s1/38667776/ccs,1,54,2,12,280,CAA_interrupted,60
H1,m84137_260214_004236_s1/151848780/ccs,1,54,2,12,280,CAA_interrupted,60
H1,m84137_260214_004236_s1/75435087/ccs,1,54,2,12,280,CAA_interrupted,60
H1,m84137_260214_004236_s1/159978415/ccs,1,54,2,12,280,CAA_interrupted,60
H1,m84137_260214_004236_s1/228657724/ccs,1,54,2,12,280,CAA_interrupted,60
H1,m84137_260214_004236_s1/194189138/ccs,1,54,2,12,280,CAA_interrupted,60
H1,m84137_260214_004236_s1/205919183/ccs,1,54,2,12,280,CAA_interrupted,60
H1,m84137_260214_004236_s1/28445762/ccs,1,54,2,12,280,CAA_interrupted,60
H1,m84137_260214_004236_s1/221906781/ccs,1,54,2,12,280,CAA_interrupted,60
H1,m84137_260214_004236_s1/74779696/ccs,1,54,2,12,280,CAA_interrupted,60
H1,m84137_260214_004236_s1/13112426/ccs,1,54,2,12,280,CAA_interrupted,60
H1,m84137_260214_004236_s1/97982240/ccs,1,54,2,12,280,CAA_interrupted,60
H1,m84137_260214_004236_s1/19006249/ccs,1,54,2,12,280,CAA_interrupted,60
H1,m84137_260214_004236_s1/4587663/ccs,1,54,2,12,280,CAA_interrupted,60
H1,m84137_260214_004236_s1/108137071/ccs,1,54,2,12,280,CAA_interrupted,60
H1,m84137_260214_004236_s1/13764158/ccs,1,54,2,12,280,CAA_interrupted,60
H1,m84137_260214_004236_s1/20513553/ccs,1,54,2,12,280,CAA_interrupted,60
H1,m84137_260214_004236_s1/9898965/ccs,1,54,2,12,280,CAA_interrupted,60
H1,m84137_260214_004236_s1/45613367/ccs,1,54,2,12,280,CAA_interrupted,60
H1,m84137_260214_004236_s1/191825574/ccs,1,54,2,12,280,CAA_interrupted,60
H1,m84137_260214_004236_s1/264243362/ccs,1,54,2,12,280,CAA_interrupted,60
H1,m84137_260214_004236_s1/189794754/ccs,1,54,2,12,280,CAA_interrupted,60
H1,m84137_260214_004236_s1/128849304/ccs,1,54,2,12,280,CAA_interrupted,60
H1,m84137_260214_004236_s1/250020694/ccs,1,54,2,12,280,CAA_interrupted,60
H1,m84137_260214_004236_s1/67962097/ccs,1,54,2,12,280,CAA_interrupted,60
H1,m84137_260214_004236_s1/73531984/ccs,1,54,2,12,280,CAA_interrupted,60
H1,m84137_260214_004236_s1/95554286/ccs,1,54,2,12,280,CAA_interrupted,60
H1,m84137_260214_004236_s1/247924297/ccs,1,54,2,12,280,CAA_interrupted,60
H1,m84137_260214_004236_s1/245891756/ccs,1,54,2,12,280,CAA_interrupted,60
H1,m84137_260214_004236_s1/32706623/ccs,1,54,2,12,280,CAA_interrupted,60
H1,m84137_260214_004236_s1/106498684/ccs,1,54,2,12,280,CAA_interrupted,60
H1,m84137_260214_004236_s1/103549766/ccs,1,54,2,12,280,CAA_interrupted,60
H1,m84137_260214_004236_s1/111283050/ccs,1,54,2,12,280,CAA_interrupted,60
H1,m84137_260214_004236_s1/111545299/ccs,1,54,2,12,280,CAA_interrupted,60
H1,m84137_260214_004236_s1/191499713/ccs,1,54,2,12,280,CAA_interrupted,60
H1,m84137_260214_004236_s1/189207506/ccs,1,54,2,12,280,CAA_interrupted,60
H1,m84137_260214_004236_s1/20779624/ccs,1,54,2,12,280,CAA_interrupted,60
H1,m84137_260214_004236_s1/214631406/ccs,1,54,2,12,280,CAA_interrupted,60
H1,m84137_260214_004236_s1/182061009/ccs,1,54,2,12,281,CAA_interrupted,60
H1,m84137_260214_004236_s1/238027499/ccs,1,54,2,12,282,CAA_interrupted,60
H1,m84137_260214_004236_s1/234881600/ccs,1,54,1,12,282,CAA_interrupted,60
H1,m84137_260214_004236_s1/4985741/ccs,1,53,2,13,282,CAA_interrupted,60
H1,m84137_260214_004236_s1/217448607/ccs,1,55,2,12,283,CAA_interrupted,60
H1,m84137_260214_004236_s1/237700405/ccs,1,55,2,12,283,CAA_interrupted,60
H1,m84137_260214_004236_s1/244189391/ccs,1,55,2,12,283,CAA_interrupted,60
H1,m84137_260214_004236_s1/261358310/ccs,1,55,2,12,283,CAA_interrupted,60
H1,m84137_260214_004236_s1/163579829/ccs,1,55,2,12,283,CAA_interrupted,60
H1,m84137_260214_004236_s1/35458412/ccs,1,55,2,12,283,CAA_interrupted,60
H1,m84137_260214_004236_s1/76811705/ccs,1,55,2,12,283,CAA_interrupted,60
H1,m84137_260214_004236_s1/131469412/ccs,1,55,2,12,283,CAA_interrupted,60
H1,m84137_260214_004236_s1/157226466/ccs,1,55,2,12,283,CAA_interrupted,60
H1,m84137_260214_004236_s1/209850769/ccs,1,55,2,12,283,CAA_interrupted,60
H1,m84137_260214_004236_s1/239865344/ccs,1,56,1,12,283,CAA_interrupted,60
H1,m84137_260214_004236_s1/213517304/ccs,1,55,2,12,283,CAA_interrupted,60
H1,m84137_260214_004236_s1/15008098/ccs,1,55,2,12,283,CAA_interrupted,60
H1,m84137_260214_004236_s1/16386035/ccs,1,55,2,12,283,CAA_interrupted,60
H1,m84137_260214_004236_s1/155190184/ccs,1,55,2,12,283,CAA_interrupted,60
H1,m84137_260214_004236_s1/147260281/ccs,1,55,2,12,283,CAA_interrupted,60
H1,m84137_260214_004236_s1/58526341/ccs,1,55,2,12,283,CAA_interrupted,60
H1,m84137_260214_004236_s1/104270571/ccs,1,54,2,13,283,CAA_interrupted,60
H1,m84137_260214_004236_s1/103355889/ccs,1,55,2,12,283,CAA_interrupted,60
H1,m84137_260214_004236_s1/210306724/ccs,1,55,2,12,283,CAA_interrupted,60
H1,m84137_260214_004236_s1/117901732/ccs,1,55,2,12,283,CAA_interrupted,60
H1,m84137_260214_004236_s1/72615394/ccs,1,55,2,12,283,CAA_interrupted,60
H1,m84137_260214_004236_s1/148111401/ccs,1,52,3,13,283,CAA_interrupted,60
H1,m84137_260214_004236_s1/205128380/ccs,1,55,2,12,283,CAA_interrupted,60
H1,m84137_260214_004236_s1/169742388/ccs,1,55,2,12,283,CAA_interrupted,60
H1,m84137_260214_004236_s1/19990367/ccs,1,55,2,12,283,CAA_interrupted,60
H1,m84137_260214_004236_s1/30540174/ccs,1,55,2,12,283,CAA_interrupted,60
H1,m84137_260214_004236_s1/51645014/ccs,1,55,2,12,283,CAA_interrupted,60
H1,m84137_260214_004236_s1/163645725/ccs,1,55,2,12,283,CAA_interrupted,60
H1,m84137_260214_004236_s1/166725714/ccs,1,55,2,12,283,CAA_interrupted,60
H1,m84137_260214_004236_s1/191037773/ccs,1,55,2,12,283,CAA_interrupted,60
H1,m84137_260214_004236_s1/253037187/ccs,1,55,2,12,283,CAA_interrupted,60
H1,m84137_260214_004236_s1/235734115/ccs,1,55,2,12,283,CAA_interrupted,60
H1,m84137_260214_004236_s1/137171973/ccs,1,55,2,12,283,CAA_interrupted,60
H1,m84137_260214_004236_s1/95882850/ccs,1,55,2,12,283,CAA_interrupted,60
H1,m84137_260214_004236_s1/172822366/ccs,1,55,2,12,283,CAA_interrupted,60
H1,m84137_260214_004236_s1/254283631/ccs,1,55,2,12,283,CAA_interrupted,60
H1,m84137_260214_004236_s1/102301922/ccs,1,55,2,12,283,CAA_interrupted,60
H1,m84137_260214_004236_s1/261030667/ccs,1,55,2,12,283,CAA_interrupted,60
H1,m84137_260214_004236_s1/127076380/ccs,1,55,2,12,283,CAA_interrupted,60
H1,m84137_260214_004236_s1/224726198/ccs,1,55,2,12,283,CAA_interrupted,60
H1,m84137_260214_004236_s1/210046931/ccs,1,55,2,12,283,CAA_interrupted,60
H1,m84137_260214_004236_s1/211750067/ccs,1,55,2,12,283,CAA_interrupted,60
H1,m84137_260214_004236_s1/266929637/ccs,1,55,2,12,283,CAA_interrupted,60
H1,m84137_260214_004236_s1/9310186/ccs,1,55,2,12,283,CAA_interrupted,60
H1,m84137_260214_004236_s1/123473865/ccs,1,55,2,12,283,CAA_interrupted,60
H1,m84137_260214_004236_s1/207423415/ccs,1,55,2,12,284,CAA_interrupted,60
H1,m84137_260214_004236_s1/224855079/ccs,1,55,2,12,285,CAA_interrupted,60
H1,m84137_260214_004236_s1/4982489/ccs,1,56,2,12,286,CAA_interrupted,60
H1,m84137_260214_004236_s1/156829517/ccs,1,56,2,12,286,CAA_interrupted,60
H1,m84137_260214_004236_s1/158926969/ccs,1,56,2,12,286,CAA_interrupted,60
H1,m84137_260214_004236_s1/61937241/ccs,1,56,2,12,286,CAA_interrupted,60
H1,m84137_260214_004236_s1/110171377/ccs,1,56,2,12,286,CAA_interrupted,60
H1,m84137_260214_004236_s1/210767423/ccs,1,56,2,12,286,CAA_interrupted,60
H1,m84137_260214_004236_s1/131269015/ccs,1,56,2,12,286,CAA_interrupted,60
H1,m84137_260214_004236_s1/144379663/ccs,1,56,2,12,286,CAA_interrupted,60
H1,m84137_260214_004236_s1/210829693/ccs,1,56,2,12,286,CAA_interrupted,60
H1,m84137_260214_004236_s1/166597609/ccs,1,56,2,12,286,CAA_interrupted,60
H1,m84137_260214_004236_s1/99550031/ccs,1,56,2,12,286,CAA_interrupted,60
H1,m84137_260214_004236_s1/245632758/ccs,1,56,2,12,286,CAA_interrupted,60
H1,m84137_260214_004236_s1/198574195/ccs,1,56,2,12,286,CAA_interrupted,60
H1,m84137_260214_004236_s1/184025856/ccs,1,57,1,12,286,CAA_interrupted,60
H1,m84137_260214_004236_s1/201789951/ccs,1,56,2,12,286,CAA_interrupted,60
H1,m84137_260214_004236_s1/214111466/ccs,1,56,2,13,286,CAA_interrupted,60
H1,m84137_260214_004236_s1/171706802/ccs,1,56,2,12,286,CAA_interrupted,60
H1,m84137_260214_004236_s1/210504691/ccs,1,56,2,12,286,CAA_interrupted,60
H1,m84137_260214_004236_s1/212797107/ccs,1,56,2,12,286,CAA_interrupted,60
H1,m84137_260214_004236_s1/229050764/ccs,1,56,2,12,286,CAA_interrupted,60
H1,m84137_260214_004236_s1/90639563/ccs,1,56,2,12,286,CAA_interrupted,60
H1,m84137_260214_004236_s1/95424756/ccs,1,56,2,12,286,CAA_interrupted,60
H1,m84137_260214_004236_s1/76549576/ccs,1,56,2,12,286,CAA_interrupted,60
H1,m84137_260214_004236_s1/120130535/ccs,1,56,2,12,286,CAA_interrupted,60
H1,m84137_260214_004236_s1/72679784/ccs,1,56,2,12,287,CAA_interrupted,60
H1,m84137_260214_004236_s1/96273784/ccs,1,52,3,13,288,CAA_interrupted,60
H1,m84137_260214_004236_s1/123931052/ccs,1,56,2,12,288,CAA_interrupted,60
H1,m84137_260214_004236_s1/94180800/ccs,1,57,2,12,289,CAA_interrupted,60
H1,m84137_260214_004236_s1/58655608/ccs,1,56,2,13,289,CAA_interrupted,60
H1,m84137_260214_004236_s1/240916127/ccs,1,57,2,12,289,CAA_interrupted,60
H1,m84137_260214_004236_s1/54595351/ccs,1,57,2,12,289,CAA_interrupted,60
H1,m84137_260214_004236_s1/235539299/ccs,1,57,2,12,289,CAA_interrupted,60
H1,m84137_260214_004236_s1/226099303/ccs,1,57,2,12,289,CAA_interrupted,60
H1,m84137_260214_004236_s1/13239724/ccs,1,57,2,12,289,CAA_interrupted,60
H1,m84137_260214_004236_s1/138217597/ccs,1,57,2,12,289,CAA_interrupted,60
H1,m84137_260214_004236_s1/99160043/ccs,1,57,2,12,289,CAA_interrupted,60
H1,m84137_260214_004236_s1/86640789/ccs,1,57,2,12,289,CAA_interrupted,60
H1,m84137_260214_004236_s1/264374194/ccs,1,57,2,12,289,CAA_interrupted,60
H1,m84137_260214_004236_s1/37884285/ccs,1,57,2,12,289,CAA_interrupted,60
H1,m84137_260214_004236_s1/239602079/ccs,1,56,2,12,290,CAA_interrupted,60
H1,m84137_260214_004236_s1/43912421/ccs,1,58,2,12,292,CAA_interrupted,60
H1,m84137_260214_004236_s1/142610643/ccs,1,58,2,12,292,CAA_interrupted,60
H1,m84137_260214_004236_s1/199824611/ccs,1,58,2,12,292,CAA_interrupted,60
H1,m84137_260214_004236_s1/265557155/ccs,1,58,2,12,292,CAA_interrupted,60
H1,m84137_260214_004236_s1/176886649/ccs,1,58,2,12,292,CAA_interrupted,60
H1,m84137_260214_004236_s1/171247610/ccs,1,58,2,12,292,CAA_interrupted,60
H1,m84137_260214_004236_s1/172163802/ccs,1,58,2,12,292,CAA_interrupted,60
H1,m84137_260214_004236_s1/22085776/ccs,1,58,2,12,292,CAA_interrupted,60
H1,m84137_260214_004236_s1/15927958/ccs,1,58,2,12,292,CAA_interrupted,60
H1,m84137_260214_004236_s1/241109075/ccs,1,58,2,12,292,CAA_interrupted,60
H1,m84137_260214_004236_s1/72025769/ccs,1,58,2,12,292,CAA_interrupted,60
H1,m84137_260214_004236_s1/14817036/ccs,1,58,2,12,292,CAA_interrupted,60
H1,m84137_260214_004236_s1/29824513/ccs,1,59,2,12,295,CAA_interrupted,60
H1,m84137_260214_004236_s1/61539542/ccs,1,59,2,12,295,CAA_interrupted,60
H1,m84137_260214_004236_s1/25428765/ccs,1,59,2,12,295,CAA_interrupted,60
H1,m84137_260214_004236_s1/163317875/ccs,1,59,2,12,295,CAA_interrupted,60
H1,m84137_260214_004236_s1/53609406/ccs,1,59,2,12,295,CAA_interrupted,60
H1,m84137_260214_004236_s1/145560408/ccs,1,59,2,12,295,CAA_interrupted,60
H1,m84137_260214_004236_s1/78974894/ccs,1,58,2,13,295,CAA_interrupted,60
H1,m84137_260214_004236_s1/81003231/ccs,1,59,2,12,295,CAA_interrupted,60
H1,m84137_260214_004236_s1/126552328/ccs,1,55,4,13,296,CAA_interrupted,60
H1,m84137_260214_004236_s1/58199146/ccs,1,59,2,13,298,CAA_interrupted,60
H1,m84137_260214_004236_s1/190580559/ccs,1,60,2,12,298,CAA_interrupted,60
H1,m84137_260214_004236_s1/227411215/ccs,1,60,2,12,298,CAA_interrupted,60
H1,m84137_260214_004236_s1/160044805/ccs,1,60,2,12,298,CAA_interrupted,60
H1,m84137_260214_004236_s1/93195118/ccs,1,60,2,12,298,CAA_interrupted,60
H1,m84137_260214_004236_s1/203756170/ccs,1,60,2,12,298,CAA_interrupted,60
H1,m84137_260214_004236_s1/35656043/ccs,1,60,2,12,298,CAA_interrupted,60
H1,m84137_260214_004236_s1/44238429/ccs,1,61,2,12,301,CAA_interrupted,60
H1,m84137_260214_004236_s1/118165713/ccs,1,61,2,12,301,CAA_interrupted,60
H1,m84137_260214_004236_s1/198118315/ccs,1,61,2,12,301,CAA_interrupted,60
H1,m84137_260214_004236_s1/255394037/ccs,1,61,2,12,301,CAA_interrupted,60
H1,m84137_260214_004236_s1/103157687/ccs,1,61,2,12,301,CAA_interrupted,60
H1,m84137_260214_004236_s1/232588853/ccs,1,61,2,12,302,CAA_interrupted,60
H1,m84137_260214_004236_s1/112463268/ccs,1,62,2,12,305,CAA_interrupted,60
H1,m84137_260214_004236_s1/168362965/ccs,1,63,2,12,307,CAA_interrupted,60
H1,m84137_260214_004236_s1/128648160/ccs,1,63,2,12,307,CAA_interrupted,60
H1,m84137_260214_004236_s1/118887540/ccs,1,63,2,12,307,CAA_interrupted,60
H1,m84137_260214_004236_s1/174262461/ccs,1,64,2,12,310,CAA_interrupted,60
H1,m84137_260214_004236_s1/40175216/ccs,1,64,2,12,310,CAA_interrupted,60
H1,m84137_260214_004236_s1/81528138/ccs,1,64,2,12,310,CAA_interrupted,60
H1,m84137_260214_004236_s1/34149804/ccs,1,65,2,12,315,CAA_interrupted,60
H1,m84137_260214_004236_s1/139793119/ccs,1,68,2,12,322,CAA_interrupted,60
H1,m84137_260214_004236_s1/184026940/ccs,1,68,2,12,322,CAA_interrupted,60
H1,m84137_260214_004236_s1/72221613/ccs,1,69,2,12,325,CAA_interrupted,60
H1,m84137_260214_004236_s1/111216390/ccs,1,69,2,12,325,CAA_interrupted,60
H1,m84137_260214_004236_s1/148051734/ccs,1,70,2,12,328,CAA_interrupted,60
H1,m84137_260214_004236_s1/246090609/ccs,1,72,1,12,331,CAA_interrupted,60
H1,m84137_260214_004236_s1/101455502/ccs,1,71,2,12,331,CAA_interrupted,60
H1,m84137_260214_004236_s1/171508354/ccs,1,71,2,12,331,CAA_interrupted,60
H1,m84137_260214_004236_s1/180095781/ccs,1,71,2,12,331,CAA_interrupted,60
H1,m84137_260214_004236_s1/186255284/ccs,1,71,2,13,334,CAA_interrupted,60
H1,m84137_260214_004236_s1/18285712/ccs,1,72,2,12,334,CAA_interrupted,60
H1,m84137_260214_004236_s1/98042151/ccs,1,72,2,12,334,CAA_interrupted,60
H1,m84137_260214_004236_s1/97976905/ccs,1,72,2,12,334,CAA_interrupted,60
H1,m84137_260214_004236_s1/22744906/ccs,1,73,2,12,337,CAA_interrupted,60
H1,m84137_260214_004236_s1/55378685/ccs,1,73,1,12,339,CAA_interrupted,60
H1,m84137_260214_004236_s1/79170850/ccs,1,74,2,12,340,CAA_interrupted,60
H1,m84137_260214_004236_s1/257038192/ccs,1,74,2,12,341,CAA_interrupted,60
H1,m84137_260214_004236_s1/169148885/ccs,1,75,2,12,343,CAA_interrupted,60
H1,m84137_260214_004236_s1/61216631/ccs,1,76,1,12,343,CAA_interrupted,60
H1,m84137_260214_004236_s1/49155605/ccs,1,75,2,12,343,CAA_interrupted,60
H1,m84137_260214_004236_s1/202378601/ccs,1,75,2,12,345,CAA_interrupted,60
H1,m84137_260214_004236_s1/138739807/ccs,1,76,2,12,346,CAA_interrupted,60
H1,m84137_260214_004236_s1/145883270/ccs,1,78,2,12,352,CAA_interrupted,60
H1,m84137_260214_004236_s1/124715337/ccs,1,78,2,12,352,CAA_interrupted,60
H1,m84137_260214_004236_s1/171115530/ccs,1,80,2,12,358,CAA_interrupted,60
H1,m84137_260214_004236_s1/170787022/ccs,1,80,2,12,360,CAA_interrupted,60
H1,m84137_260214_004236_s1/237572297/ccs,1,84,2,12,371,CAA_interrupted,60
H1,m84137_260214_004236_s1/149557566/ccs,1,86,2,12,376,CAA_interrupted,60
H1,m84137_260214_004236_s1/52235762/ccs,1,86,2,12,376,CAA_interrupted,60
H1,m84137_260214_004236_s1/143852257/ccs,1,87,2,12,379,CAA_interrupted,60
H1,m84137_260214_004236_s1/21565468/ccs,1,88,3,12,385,CAA_interrupted,60
H1,m84137_260214_004236_s1/32442017/ccs,1,95,2,12,403,CAA_interrupted,60
H1,m84137_260214_004236_s1/189466735/ccs,1,101,2,12,421,CAA_interrupted,60
H1,m84137_260214_004236_s1/84415457/ccs,1,101,2,12,421,CAA_interrupted,60
H1,m84137_260214_004236_s1/90637324/ccs,1,105,2,10,427,CAA_interrupted,60
H1,m84137_260214_004236_s1/65077752/ccs,1,104,2,12,430,CAA_interrupted,60
H1,m84137_260214_004236_s1/135272232/ccs,1,108,2,12,442,CAA_interrupted,60
H1,m84137_260214_004236_s1/58261655/ccs,1,117,2,12,469,CAA_interrupted,60
H1,m84137_260214_004236_s1/101454288/ccs,1,140,3,13,541,CAA_interrupted,60
H1,m84137_260214_004236_s1/194384599/ccs,1,151,1,12,568,CAA_interrupted,60
H1,m84137_260214_004236_s1/124651419/ccs,1,151,2,12,571,CAA_interrupted,60
H1,m84137_260214_004236_s1/33427283/ccs,1,163,2,12,607,CAA_interrupted,60
H1,m84137_260214_004236_s1/35262710/ccs,1,166,1,12,613,CAA_interrupted,60
H1,m84137_260214_004236_s1/129632088/ccs,1,174,2,12,640,CAA_interrupted,60
H1,m84137_260214_004236_s1/165548065/ccs,1,185,2,12,673,CAA_interrupted,60
H1,m84137_260214_004236_s1/171575776/ccs,1,189,2,12,685,CAA_interrupted,60
H1,m84137_260214_004236_s1/166464690/ccs,1,212,2,12,760,CAA_interrupted,60
H1,m84137_260214_004236_s1/207750403/ccs,1,241,2,12,844,CAA_interrupted,60
H1,m84137_260214_004236_s1/109253695/ccs,1,242,3,13,847,CAA_interrupted,60
H1,m84137_260214_004236_s1/254807744/ccs,1,272,2,8,909,CAA_interrupted,60
H1,m84137_260214_004236_s1/250480546/ccs,1,278,2,8,939,CAA_interrupted,60
H1,m84137_260214_004236_s1/188743725/ccs,1,291,1,8,966,CAA_interrupted,60
H1,m84137_260214_004236_s1/142083520/ccs,1,323,1,7,1080,CAA_interrupted,60
H1,m84137_260214_004236_s1/26479609/ccs,1,338,1,6,1098,CAA_interrupted,60
H1,m84137_260214_004236_s1/29885912/ccs,1,396,2,8,1281,CAA_interrupted,60
H1,m84137_260214_004236_s1/246026174/ccs,1,616,2,7,1939,CAA_interrupted,60
H1,m84137_260214_004236_s1/124125631/ccs,1,1005,2,9,3110,CAA_interrupted,60
H1,m84137_260214_004236_s1/222167530/ccs,1,1394,1,6,4270,CAA_interrupted,60
H1,m84137_260214_004236_s1/14815194/ccs,1,60,5,11,330,CAA_interrupted,60
H1,m84137_260214_004236_s1/55115834/ccs,1,41,4,13,273,CAA_interrupted,60
H1,m84137_260214_004236_s1/76615118/ccs,1,43,1,12,277,CAA_interrupted,60
H1,m84137_260214_004236_s1/113316916/ccs,0,24,3,12,198,CAA_interrupted,60
H1,m84137_260214_004236_s1/165347999/ccs,0,24,2,10,194,CAA_interrupted,60
H1,m84137_260214_004236_s1/91491464/ccs,0,19,3,14,197,CAA_interrupted,60
H1,m84137_260214_004236_s1/26677939/ccs,1,42,6,10,269,CAA_interrupted,60
H1,m84137_260214_004236_s1/217191038/ccs,1,44,2,13,267,CAA_interrupted,60
H1,m84137_260214_004236_s1/135991485/ccs,1,43,1,13,270,CAA_interrupted,60
H1,m84137_260214_004236_s1/34018995/ccs,1,46,2,14,269,CAA_interrupted,60
H1,m84137_260214_004236_s1/42340541/ccs,0,23,1,12,186,CAA_interrupted,60
H1,m84137_260214_004236_s1/6359973/ccs,0,26,2,9,187,CAA_interrupted,60
H1,m84137_260214_004236_s1/258344193/ccs,0,22,2,11,190,CAA_interrupted,60
H1,m84137_260214_004236_s1/25494885/ccs,0,24,1,12,191,CAA_interrupted,60
H1,m84137_260214_004236_s1/102106122/ccs,0,25,2,11,192,CAA_interrupted,60
H1,m84137_260214_004236_s1/126484853/ccs,0,24,2,12,192,CAA_interrupted,60
H1,m84137_260214_004236_s1/41681131/ccs,0,25,2,12,193,CAA_interrupted,60
H1,m84137_260214_004236_s1/81007367/ccs,0,25,2,12,193,CAA_interrupted,60
H1,m84137_260214_004236_s1/143592876/ccs,0,25,2,12,193,CAA_interrupted,60
H1,m84137_260214_004236_s1/9963639/ccs,0,25,2,12,193,CAA_interrupted,60
H1,m84137_260214_004236_s1/92734866/ccs,0,25,2,12,193,CAA_interrupted,60
H1,m84137_260214_004236_s1/75371458/ccs,0,25,2,12,193,CAA_interrupted,60
H1,m84137_260214_004236_s1/105909052/ccs,0,25,2,12,193,CAA_interrupted,60
H1,m84137_260214_004236_s1/70320186/ccs,0,25,2,12,193,CAA_interrupted,60
H1,m84137_260214_004236_s1/250545760/ccs,0,26,2,11,193,CAA_interrupted,60
H1,m84137_260214_004236_s1/227082812/ccs,0,25,2,12,193,CAA_interrupted,60
H1,m84137_260214_004236_s1/98700063/ccs,0,25,2,12,193,CAA_interrupted,60
H1,m84137_260214_004236_s1/152962584/ccs,0,25,2,12,193,CAA_interrupted,60
H1,m84137_260214_004236_s1/245826194/ccs,0,25,2,12,193,CAA_interrupted,60
H1,m84137_260214_004236_s1/140511456/ccs,0,25,2,12,193,CAA_interrupted,60
H1,m84137_260214_004236_s1/172884355/ccs,0,25,2,12,193,CAA_interrupted,60
H1,m84137_260214_004236_s1/195039009/ccs,0,25,2,12,193,CAA_interrupted,60
H1,m84137_260214_004236_s1/72024371/ccs,0,25,2,12,193,CAA_interrupted,60
H1,m84137_260214_004236_s1/45613140/ccs,0,25,2,12,193,CAA_interrupted,60
H1,m84137_260214_004236_s1/257430964/ccs,0,25,2,12,193,CAA_interrupted,60
H1,m84137_260214_004236_s1/25954891/ccs,0,25,2,12,193,CAA_interrupted,60
H1,m84137_260214_004236_s1/136908347/ccs,0,25,2,12,193,CAA_interrupted,60
H1,m84137_260214_004236_s1/229835367/ccs,0,25,2,12,193,CAA_interrupted,60
H1,m84137_260214_004236_s1/214302947/ccs,0,25,2,12,193,CAA_interrupted,60
H1,m84137_260214_004236_s1/250872241/ccs,0,25,2,12,193,CAA_interrupted,60
H1,m84137_260214_004236_s1/136184396/ccs,0,25,2,12,193,CAA_interrupted,60
H1,m84137_260214_004236_s1/117115757/ccs,0,25,2,12,193,CAA_interrupted,60
H1,m84137_260214_004236_s1/99877547/ccs,0,25,2,12,194,CAA_interrupted,60
H1,m84137_260214_004236_s1/220991137/ccs,0,24,3,12,195,CAA_interrupted,60
H1,m84137_260214_004236_s1/245826196/ccs,0,25,2,12,195,CAA_interrupted,60
H1,m84137_260214_004236_s1/29628172/ccs,0,25,2,12,195,CAA_interrupted,60
H1,m84137_260214_004236_s1/227086205/ccs,0,26,2,11,195,CAA_interrupted,60
H1,m84137_260214_004236_s1/55445989/ccs,0,26,2,12,196,CAA_interrupted,60
H1,m84137_260214_004236_s1/173476456/ccs,0,26,2,12,196,CAA_interrupted,60
H1,m84137_260214_004236_s1/198641830/ccs,0,26,2,12,196,CAA_interrupted,60
H1,m84137_260214_004236_s1/127926934/ccs,0,26,2,12,196,CAA_interrupted,60
H1,m84137_260214_004236_s1/238552642/ccs,0,26,2,12,196,CAA_interrupted,60
H1,m84137_260214_004236_s1/94113604/ccs,0,26,2,12,196,CAA_interrupted,60
H1,m84137_260214_004236_s1/142344309/ccs,0,26,2,12,196,CAA_interrupted,60
H1,m84137_260214_004236_s1/133499607/ccs,0,26,2,12,196,CAA_interrupted,60
H1,m84137_260214_004236_s1/256315659/ccs,0,26,2,12,196,CAA_interrupted,60
H1,m84137_260214_004236_s1/144573244/ccs,0,26,2,12,196,CAA_interrupted,60
H1,m84137_260214_004236_s1/109381076/ccs,0,26,2,12,196,CAA_interrupted,60
H1,m84137_260214_004236_s1/129565644/ccs,0,26,2,12,196,CAA_interrupted,60
H1,m84137_260214_004236_s1/109579216/ccs,0,26,2,12,196,CAA_interrupted,60
H1,m84137_260214_004236_s1/126616134/ccs,0,26,2,12,196,CAA_interrupted,60
H1,m84137_260214_004236_s1/106038366/ccs,0,26,2,12,196,CAA_interrupted,60
H1,m84137_260214_004236_s1/122486822/ccs,0,26,2,12,196,CAA_interrupted,60
H1,m84137_260214_004236_s1/122356750/ccs,0,26,2,12,196,CAA_interrupted,60
H1,m84137_260214_004236_s1/122554881/ccs,0,26,2,12,196,CAA_interrupted,60
H1,m84137_260214_004236_s1/131006699/ccs,0,26,2,12,196,CAA_interrupted,60
H1,m84137_260214_004236_s1/128124859/ccs,0,26,2,12,196,CAA_interrupted,60
H1,m84137_260214_004236_s1/135463922/ccs,0,26,2,12,196,CAA_interrupted,60
H1,m84137_260214_004236_s1/131795065/ccs,0,26,2,12,196,CAA_interrupted,60
H1,m84137_260214_004236_s1/136905698/ccs,0,26,2,12,196,CAA_interrupted,60
H1,m84137_260214_004236_s1/140641402/ccs,0,26,2,12,196,CAA_interrupted,60
H1,m84137_260214_004236_s1/116656927/ccs,0,26,2,12,196,CAA_interrupted,60
H1,m84137_260214_004236_s1/137822777/ccs,0,26,2,12,196,CAA_interrupted,60
H1,m84137_260214_004236_s1/138084667/ccs,0,26,2,12,196,CAA_interrupted,60
H1,m84137_260214_004236_s1/138150053/ccs,0,26,2,12,196,CAA_interrupted,60
H1,m84137_260214_004236_s1/162857167/ccs,0,26,2,12,196,CAA_interrupted,60
H1,m84137_260214_004236_s1/159581568/ccs,0,26,2,12,196,CAA_interrupted,60
H1,m84137_260214_004236_s1/142216050/ccs,0,26,2,12,196,CAA_interrupted,60
H1,m84137_260214_004236_s1/155321345/ccs,0,26,2,12,196,CAA_interrupted,60
H1,m84137_260214_004236_s1/160105541/ccs,0,26,2,12,196,CAA_interrupted,60
H1,m84137_260214_004236_s1/145951585/ccs,0,26,2,12,196,CAA_interrupted,60
H1,m84137_260214_004236_s1/163777315/ccs,0,26,2,12,196,CAA_interrupted,60
H1,m84137_260214_004236_s1/160235590/ccs,0,26,2,12,196,CAA_interrupted,60
H1,m84137_260214_004236_s1/139397958/ccs,0,26,2,12,196,CAA_interrupted,60
H1,m84137_260214_004236_s1/156042425/ccs,0,26,2,12,196,CAA_interrupted,60
H1,m84137_260214_004236_s1/156238497/ccs,0,26,2,12,196,CAA_interrupted,60
H1,m84137_260214_004236_s1/143460994/ccs,0,26,2,12,196,CAA_interrupted,60
H1,m84137_260214_004236_s1/168102386/ccs,0,26,2,12,196,CAA_interrupted,60
H1,m84137_260214_004236_s1/168296803/ccs,0,26,2,12,196,CAA_interrupted,60
H1,m84137_260214_004236_s1/148703586/ccs,0,26,2,12,196,CAA_interrupted,60
H1,m84137_260214_004236_s1/71631797/ccs,0,26,2,12,196,CAA_interrupted,60
H1,m84137_260214_004236_s1/115278195/ccs,0,26,2,12,196,CAA_interrupted,60
H1,m84137_260214_004236_s1/147260267/ccs,0,26,2,12,196,CAA_interrupted,60
H1,m84137_260214_004236_s1/170066380/ccs,0,26,2,12,196,CAA_interrupted,60
H1,m84137_260214_004236_s1/195560821/ccs,0,26,2,12,196,CAA_interrupted,60
H1,m84137_260214_004236_s1/224136019/ccs,0,26,2,12,196,CAA_interrupted,60
H1,m84137_260214_004236_s1/226427806/ccs,0,26,2,12,196,CAA_interrupted,60
H1,m84137_260214_004236_s1/226690164/ccs,0,26,2,12,196,CAA_interrupted,60
H1,m84137_260214_004236_s1/230688488/ccs,0,26,2,12,196,CAA_interrupted,60
H1,m84137_260214_004236_s1/252512063/ccs,0,26,2,12,196,CAA_interrupted,60
H1,m84137_260214_004236_s1/254216656/ccs,0,26,2,12,196,CAA_interrupted,60
H1,m84137_260214_004236_s1/236126529/ccs,0,26,2,12,196,CAA_interrupted,60
H1,m84137_260214_004236_s1/242026901/ccs,0,26,2,12,196,CAA_interrupted,60
H1,m84137_260214_004236_s1/242746727/ccs,0,26,2,12,196,CAA_interrupted,60
H1,m84137_260214_004236_s1/70193298/ccs,0,26,2,12,196,CAA_interrupted,60
H1,m84137_260214_004236_s1/77205569/ccs,0,26,2,12,196,CAA_interrupted,60
H1,m84137_260214_004236_s1/165351526/ccs,0,26,2,12,196,CAA_interrupted,60
H1,m84137_260214_004236_s1/253826209/ccs,0,26,2,12,196,CAA_interrupted,60
H1,m84137_260214_004236_s1/260379415/ccs,0,26,2,12,196,CAA_interrupted,60
H1,m84137_260214_004236_s1/22741514/ccs,0,26,2,12,196,CAA_interrupted,60
H1,m84137_260214_004236_s1/17629859/ccs,0,26,2,12,196,CAA_interrupted,60
H1,m84137_260214_004236_s1/19991348/ccs,0,26,2,12,196,CAA_interrupted,60
H1,m84137_260214_004236_s1/30410076/ccs,0,26,2,12,196,CAA_interrupted,60
H1,m84137_260214_004236_s1/30673394/ccs,0,26,2,12,196,CAA_interrupted,60
H1,m84137_260214_004236_s1/31000542/ccs,0,26,2,12,196,CAA_interrupted,60
H1,m84137_260214_004236_s1/33620033/ccs,0,26,2,12,196,CAA_interrupted,60
H1,m84137_260214_004236_s1/27396683/ccs,0,26,2,12,196,CAA_interrupted,60
H1,m84137_260214_004236_s1/27787708/ccs,0,26,2,12,196,CAA_interrupted,60
H1,m84137_260214_004236_s1/34212633/ccs,0,26,2,12,196,CAA_interrupted,60
H1,m84137_260214_004236_s1/34930736/ccs,0,26,2,12,196,CAA_interrupted,60
H1,m84137_260214_004236_s1/56494981/ccs,0,26,2,12,196,CAA_interrupted,60
H1,m84137_260214_004236_s1/32966699/ccs,0,26,2,12,196,CAA_interrupted,60
H1,m84137_260214_004236_s1/62328606/ccs,0,26,2,12,196,CAA_interrupted,60
H1,m84137_260214_004236_s1/75305175/ccs,0,26,2,12,196,CAA_interrupted,60
H1,m84137_260214_004236_s1/35325514/ccs,0,26,2,12,196,CAA_interrupted,60
H1,m84137_260214_004236_s1/156697530/ccs,0,26,2,12,196,CAA_interrupted,60
H1,m84137_260214_004236_s1/151326541/ccs,0,26,2,12,196,CAA_interrupted,60
H1,m84137_260214_004236_s1/4325548/ccs,0,26,2,12,196,CAA_interrupted,60
H1,m84137_260214_004236_s1/30804769/ccs,0,26,2,12,196,CAA_interrupted,60
H1,m84137_260214_004236_s1/22348006/ccs,0,26,2,12,196,CAA_interrupted,60
H1,m84137_260214_004236_s1/51511778/ccs,0,26,2,12,196,CAA_interrupted,60
H1,m84137_260214_004236_s1/40568498/ccs,0,26,2,12,196,CAA_interrupted,60
H1,m84137_260214_004236_s1/61082115/ccs,0,26,2,12,196,CAA_interrupted,60
H1,m84137_260214_004236_s1/105842775/ccs,0,26,2,12,196,CAA_interrupted,60
H1,m84137_260214_004236_s1/173737957/ccs,0,26,2,12,196,CAA_interrupted,60
H1,m84137_260214_004236_s1/186581022/ccs,0,26,2,12,196,CAA_interrupted,60
H1,m84137_260214_004236_s1/190775952/ccs,0,26,2,12,196,CAA_interrupted,60
H1,m84137_260214_004236_s1/149490144/ccs,0,26,2,12,196,CAA_interrupted,60
H1,m84137_260214_004236_s1/170132989/ccs,0,26,2,12,196,CAA_interrupted,60
H1,m84137_260214_004236_s1/170199935/ccs,0,26,2,12,196,CAA_interrupted,60
H1,m84137_260214_004236_s1/170591982/ccs,0,26,2,12,196,CAA_interrupted,60
H1,m84137_260214_004236_s1/195758910/ccs,0,26,2,12,196,CAA_interrupted,60
H1,m84137_260214_004236_s1/196085994/ccs,0,26,2,12,196,CAA_interrupted,60
H1,m84137_260214_004236_s1/171115220/ccs,0,26,2,12,196,CAA_interrupted,60
H1,m84137_260214_004236_s1/194774655/ccs,0,26,2,12,196,CAA_interrupted,60
H1,m84137_260214_004236_s1/202179006/ccs,0,26,2,12,196,CAA_interrupted,60
H1,m84137_260214_004236_s1/220269459/ccs,0,26,2,12,196,CAA_interrupted,60
H1,m84137_260214_004236_s1/203228996/ccs,0,26,2,12,196,CAA_interrupted,60
H1,m84137_260214_004236_s1/221381787/ccs,0,26,2,12,196,CAA_interrupted,60
H1,m84137_260214_004236_s1/224527818/ccs,0,25,2,13,196,CAA_interrupted,60
H1,m84137_260214_004236_s1/184486491/ccs,0,26,2,12,196,CAA_interrupted,60
H1,m84137_260214_004236_s1/230099067/ccs,0,26,2,12,196,CAA_interrupted,60
H1,m84137_260214_004236_s1/226298159/ccs,0,26,2,12,196,CAA_interrupted,60
H1,m84137_260214_004236_s1/212534553/ccs,0,26,2,12,196,CAA_interrupted,60
H1,m84137_260214_004236_s1/230295150/ccs,0,26,2,12,196,CAA_interrupted,60
H1,m84137_260214_004236_s1/230427015/ccs,0,26,2,12,196,CAA_interrupted,60
H1,m84137_260214_004236_s1/226887086/ccs,0,26,2,12,196,CAA_interrupted,60
H1,m84137_260214_004236_s1/252117103/ccs,0,26,2,12,196,CAA_interrupted,60
H1,m84137_260214_004236_s1/228001235/ccs,0,26,2,12,196,CAA_interrupted,60
H1,m84137_260214_004236_s1/206833511/ccs,0,26,2,12,196,CAA_interrupted,60
H1,m84137_260214_004236_s1/206768830/ccs,0,26,2,12,196,CAA_interrupted,60
H1,m84137_260214_004236_s1/212338149/ccs,0,26,2,12,196,CAA_interrupted,60
H1,m84137_260214_004236_s1/228459312/ccs,0,26,2,12,196,CAA_interrupted,60
H1,m84137_260214_004236_s1/228527040/ccs,0,26,2,12,196,CAA_interrupted,60
H1,m84137_260214_004236_s1/235473866/ccs,0,26,2,12,196,CAA_interrupted,60
H1,m84137_260214_004236_s1/257361510/ccs,0,26,2,12,196,CAA_interrupted,60
H1,m84137_260214_004236_s1/215680854/ccs,0,26,2,12,196,CAA_interrupted,60
H1,m84137_260214_004236_s1/61604168/ccs,0,26,2,12,196,CAA_interrupted,60
H1,m84137_260214_004236_s1/57607825/ccs,0,26,2,12,196,CAA_interrupted,60
H1,m84137_260214_004236_s1/40371042/ccs,0,26,2,12,196,CAA_interrupted,60
H1,m84137_260214_004236_s1/61800553/ccs,0,26,2,12,196,CAA_interrupted,60
H1,m84137_260214_004236_s1/46072561/ccs,0,26,2,12,196,CAA_interrupted,60
H1,m84137_260214_004236_s1/52756525/ccs,0,26,2,12,196,CAA_interrupted,60
H1,m84137_260214_004236_s1/62521481/ccs,0,26,2,12,196,CAA_interrupted,60
H1,m84137_260214_004236_s1/41485537/ccs,0,26,2,12,196,CAA_interrupted,60
H1,m84137_260214_004236_s1/38209994/ccs,0,26,2,12,196,CAA_interrupted,60
H1,m84137_260214_004236_s1/42862108/ccs,0,26,2,12,196,CAA_interrupted,60
H1,m84137_260214_004236_s1/42732099/ccs,0,26,2,12,196,CAA_interrupted,60
H1,m84137_260214_004236_s1/53806366/ccs,0,26,2,12,196,CAA_interrupted,60
H1,m84137_260214_004236_s1/67110175/ccs,0,26,2,12,196,CAA_interrupted,60
H1,m84137_260214_004236_s1/64094511/ccs,0,26,2,12,196,CAA_interrupted,60
H1,m84137_260214_004236_s1/54986902/ccs,0,26,2,12,196,CAA_interrupted,60
H1,m84137_260214_004236_s1/44499412/ccs,0,26,2,12,196,CAA_interrupted,60
H1,m84137_260214_004236_s1/91292880/ccs,0,26,2,12,196,CAA_interrupted,60
H1,m84137_260214_004236_s1/92604968/ccs,0,26,2,12,196,CAA_interrupted,60
H1,m84137_260214_004236_s1/95554553/ccs,0,26,2,12,196,CAA_interrupted,60
H1,m84137_260214_004236_s1/93062936/ccs,0,26,2,12,196,CAA_interrupted,60
H1,m84137_260214_004236_s1/93192235/ccs,0,26,2,12,196,CAA_interrupted,60
H1,m84137_260214_004236_s1/96209264/ccs,0,26,2,12,196,CAA_interrupted,60
H1,m84137_260214_004236_s1/96994426/ccs,0,26,2,12,196,CAA_interrupted,60
H1,m84137_260214_004236_s1/80609482/ccs,0,26,2,12,196,CAA_interrupted,60
H1,m84137_260214_004236_s1/94832465/ccs,0,26,2,12,196,CAA_interrupted,60
H1,m84137_260214_004236_s1/99223264/ccs,0,26,2,12,196,CAA_interrupted,60
H1,m84137_260214_004236_s1/117704931/ccs,0,26,2,12,196,CAA_interrupted,60
H1,m84137_260214_004236_s1/107283295/ccs,0,26,2,12,196,CAA_interrupted,60
H1,m84137_260214_004236_s1/119013509/ccs,0,26,2,12,196,CAA_interrupted,60
H1,m84137_260214_004236_s1/119406994/ccs,0,26,2,12,196,CAA_interrupted,60
H1,m84137_260214_004236_s1/124387560/ccs,0,26,2,12,196,CAA_interrupted,60
H1,m84137_260214_004236_s1/128647947/ccs,0,26,2,12,196,CAA_interrupted,60
H1,m84137_260214_004236_s1/124715227/ccs,0,26,2,12,196,CAA_interrupted,60
H1,m84137_260214_004236_s1/52694942/ccs,0,26,2,12,196,CAA_interrupted,60
H1,m84137_260214_004236_s1/32183490/ccs,0,26,2,12,196,CAA_interrupted,60
H1,m84137_260214_004236_s1/13307368/ccs,0,26,2,12,196,CAA_interrupted,60
H1,m84137_260214_004236_s1/57348118/ccs,0,26,2,12,196,CAA_interrupted,60
H1,m84137_260214_004236_s1/58004729/ccs,0,26,2,12,196,CAA_interrupted,60
H1,m84137_260214_004236_s1/41620054/ccs,0,26,2,12,196,CAA_interrupted,60
H1,m84137_260214_004236_s1/62330509/ccs,0,26,2,12,196,CAA_interrupted,60
H1,m84137_260214_004236_s1/67966361/ccs,0,26,2,12,196,CAA_interrupted,60
H1,m84137_260214_004236_s1/16650898/ccs,0,26,2,12,196,CAA_interrupted,60
H1,m84137_260214_004236_s1/84807122/ccs,0,26,2,12,196,CAA_interrupted,60
H1,m84137_260214_004236_s1/45356453/ccs,0,26,2,12,196,CAA_interrupted,60
H1,m84137_260214_004236_s1/86642570/ccs,0,26,2,12,196,CAA_interrupted,60
H1,m84137_260214_004236_s1/47125269/ccs,0,26,2,12,196,CAA_interrupted,60
H1,m84137_260214_004236_s1/95555058/ccs,0,26,2,12,196,CAA_interrupted,60
H1,m84137_260214_004236_s1/75437836/ccs,0,26,2,12,196,CAA_interrupted,60
H1,m84137_260214_004236_s1/117707287/ccs,0,26,2,12,196,CAA_interrupted,60
H1,m84137_260214_004236_s1/92607007/ccs,0,26,2,12,196,CAA_interrupted,60
H1,m84137_260214_004236_s1/92410712/ccs,0,26,2,12,196,CAA_interrupted,60
H1,m84137_260214_004236_s1/97128897/ccs,0,26,2,12,196,CAA_interrupted,60
H1,m84137_260214_004236_s1/97979421/ccs,0,26,2,12,196,CAA_interrupted,60
H1,m84137_260214_004236_s1/93260995/ccs,0,26,2,12,196,CAA_interrupted,60
H1,m84137_260214_004236_s1/93852006/ccs,0,26,2,12,196,CAA_interrupted,60
H1,m84137_260214_004236_s1/78647546/ccs,0,26,2,12,196,CAA_interrupted,60
H1,m84137_260214_004236_s1/79368720/ccs,0,26,2,12,196,CAA_interrupted,60
H1,m84137_260214_004236_s1/104008721/ccs,0,26,2,12,196,CAA_interrupted,60
H1,m84137_260214_004236_s1/123473103/ccs,0,26,2,12,196,CAA_interrupted,60
H1,m84137_260214_004236_s1/81333717/ccs,0,26,2,12,196,CAA_interrupted,60
H1,m84137_260214_004236_s1/122492145/ccs,0,26,2,12,196,CAA_interrupted,60
H1,m84137_260214_004236_s1/151260252/ccs,0,26,2,12,196,CAA_interrupted,60
H1,m84137_260214_004236_s1/151066443/ccs,0,26,2,12,196,CAA_interrupted,60
H1,m84137_260214_004236_s1/110170076/ccs,0,26,2,12,196,CAA_interrupted,60
H1,m84137_260214_004236_s1/127471951/ccs,0,26,2,12,196,CAA_interrupted,60
H1,m84137_260214_004236_s1/152508272/ccs,0,26,2,12,196,CAA_interrupted,60
H1,m84137_260214_004236_s1/32769290/ccs,0,26,2,12,196,CAA_interrupted,60
H1,m84137_260214_004236_s1/245239229/ccs,0,26,2,12,196,CAA_interrupted,60
H1,m84137_260214_004236_s1/260706959/ccs,0,26,2,12,196,CAA_interrupted,60
H1,m84137_260214_004236_s1/264048900/ccs,0,26,2,12,196,CAA_interrupted,60
H1,m84137_260214_004236_s1/261690041/ccs,0,26,2,12,196,CAA_interrupted,60
H1,m84137_260214_004236_s1/262803844/ccs,0,26,2,12,196,CAA_interrupted,60
H1,m84137_260214_004236_s1/10290743/ccs,0,26,2,12,196,CAA_interrupted,60
H1,m84137_260214_004236_s1/52102219/ccs,0,26,2,12,196,CAA_interrupted,60
H1,m84137_260214_004236_s1/89064582/ccs,0,26,2,12,196,CAA_interrupted,60
H1,m84137_260214_004236_s1/98369783/ccs,0,26,2,12,196,CAA_interrupted,60
H1,m84137_260214_004236_s1/102040962/ccs,0,26,2,12,196,CAA_interrupted,60
H1,m84137_260214_004236_s1/112658321/ccs,0,26,2,12,196,CAA_interrupted,60
H1,m84137_260214_004236_s1/127992682/ccs,0,26,2,12,196,CAA_interrupted,60
H1,m84137_260214_004236_s1/153748553/ccs,0,26,2,12,196,CAA_interrupted,60
H1,m84137_260214_004236_s1/177538490/ccs,0,26,2,12,196,CAA_interrupted,60
H1,m84137_260214_004236_s1/201064669/ccs,0,26,2,12,196,CAA_interrupted,60
H1,m84137_260214_004236_s1/227280122/ccs,0,26,2,12,196,CAA_interrupted,60
H1,m84137_260214_004236_s1/263848714/ccs,0,26,2,12,196,CAA_interrupted,60
H1,m84137_260214_004236_s1/261817143/ccs,0,26,2,12,196,CAA_interrupted,60
H1,m84137_260214_004236_s1/11277841/ccs,0,26,2,12,196,CAA_interrupted,60
H1,m84137_260214_004236_s1/54793512/ccs,0,26,2,12,196,CAA_interrupted,60
H1,m84137_260214_004236_s1/121180492/ccs,0,26,2,12,196,CAA_interrupted,60
H1,m84137_260214_004236_s1/105582811/ccs,0,26,2,12,196,CAA_interrupted,60
H1,m84137_260214_004236_s1/122492796/ccs,0,26,2,12,196,CAA_interrupted,60
H1,m84137_260214_004236_s1/110038538/ccs,0,26,2,12,196,CAA_interrupted,60
H1,m84137_260214_004236_s1/131667844/ccs,0,26,2,12,196,CAA_interrupted,60
H1,m84137_260214_004236_s1/136712750/ccs,0,26,2,12,196,CAA_interrupted,60
H1,m84137_260214_004236_s1/163909678/ccs,0,26,2,12,196,CAA_interrupted,60
H1,m84137_260214_004236_s1/190517882/ccs,0,26,2,12,196,CAA_interrupted,60
H1,m84137_260214_004236_s1/166137292/ccs,0,26,2,12,196,CAA_interrupted,60
H1,m84137_260214_004236_s1/175180864/ccs,0,26,2,12,196,CAA_interrupted,60
H1,m84137_260214_004236_s1/257561831/ccs,0,26,2,12,196,CAA_interrupted,60
H1,m84137_260214_004236_s1/242749153/ccs,0,26,2,12,196,CAA_interrupted,60
H1,m84137_260214_004236_s1/234753699/ccs,0,26,2,12,196,CAA_interrupted,60
H1,m84137_260214_004236_s1/239930769/ccs,0,26,2,12,196,CAA_interrupted,60
H1,m84137_260214_004236_s1/4720618/ccs,0,26,2,12,196,CAA_interrupted,60
H1,m84137_260214_004236_s1/55050864/ccs,0,26,2,12,196,CAA_interrupted,60
H1,m84137_260214_004236_s1/122422574/ccs,0,26,2,12,196,CAA_interrupted,60
H1,m84137_260214_004236_s1/106103889/ccs,0,26,2,12,196,CAA_interrupted,60
H1,m84137_260214_004236_s1/207488291/ccs,0,26,2,12,196,CAA_interrupted,60
H1,m84137_260214_004236_s1/35327098/ccs,0,26,2,12,196,CAA_interrupted,60
H1,m84137_260214_004236_s1/91098553/ccs,0,26,2,12,196,CAA_interrupted,60
H1,m84137_260214_004236_s1/125244384/ccs,0,26,2,12,196,CAA_interrupted,60
H1,m84137_260214_004236_s1/191762266/ccs,0,26,2,12,196,CAA_interrupted,60
H1,m84137_260214_004236_s1/232264155/ccs,0,26,2,12,196,CAA_interrupted,60
H1,m84137_260214_004236_s1/236589378/ccs,0,26,2,12,196,CAA_interrupted,60
H1,m84137_260214_004236_s1/94833233/ccs,0,26,2,12,196,CAA_interrupted,60
H1,m84137_260214_004236_s1/255262776/ccs,0,26,2,12,196,CAA_interrupted,60
H1,m84137_260214_004236_s1/173999844/ccs,0,26,2,12,196,CAA_interrupted,60
H1,m84137_260214_004236_s1/132716073/ccs,0,26,2,12,196,CAA_interrupted,60
H1,m84137_260214_004236_s1/152639417/ccs,0,26,2,12,196,CAA_interrupted,60
H1,m84137_260214_004236_s1/136384615/ccs,0,26,2,12,196,CAA_interrupted,60
H1,m84137_260214_004236_s1/112989365/ccs,0,26,2,12,196,CAA_interrupted,60
H1,m84137_260214_004236_s1/157619198/ccs,0,26,2,12,196,CAA_interrupted,60
H1,m84137_260214_004236_s1/132780623/ccs,0,26,2,12,196,CAA_interrupted,60
H1,m84137_260214_004236_s1/156241156/ccs,0,26,2,12,196,CAA_interrupted,60
H1,m84137_260214_004236_s1/142677087/ccs,0,26,2,12,196,CAA_interrupted,60
H1,m84137_260214_004236_s1/156439084/ccs,0,26,2,12,196,CAA_interrupted,60
H1,m84137_260214_004236_s1/162663952/ccs,0,26,2,12,196,CAA_interrupted,60
H1,m84137_260214_004236_s1/163122546/ccs,0,26,2,12,196,CAA_interrupted,60
H1,m84137_260214_004236_s1/160960565/ccs,0,26,2,12,196,CAA_interrupted,60
H1,m84137_260214_004236_s1/186389595/ccs,0,26,2,12,196,CAA_interrupted,60
H1,m84137_260214_004236_s1/187110075/ccs,0,26,2,12,196,CAA_interrupted,60
H1,m84137_260214_004236_s1/190778457/ccs,0,26,2,12,196,CAA_interrupted,60
H1,m84137_260214_004236_s1/175312716/ccs,0,26,2,12,196,CAA_interrupted,60
H1,m84137_260214_004236_s1/192026064/ccs,0,26,2,12,196,CAA_interrupted,60
H1,m84137_260214_004236_s1/190058435/ccs,0,26,2,12,196,CAA_interrupted,60
H1,m84137_260214_004236_s1/193138155/ccs,0,26,2,12,196,CAA_interrupted,60
H1,m84137_260214_004236_s1/173282871/ccs,0,26,2,12,196,CAA_interrupted,60
H1,m84137_260214_004236_s1/219876883/ccs,0,26,2,12,196,CAA_interrupted,60
H1,m84137_260214_004236_s1/220467478/ccs,0,26,2,12,196,CAA_interrupted,60
H1,m84137_260214_004236_s1/179902323/ccs,0,26,2,12,196,CAA_interrupted,60
H1,m84137_260214_004236_s1/199429698/ccs,0,26,2,12,196,CAA_interrupted,60
H1,m84137_260214_004236_s1/210310421/ccs,0,26,2,12,196,CAA_interrupted,60
H1,m84137_260214_004236_s1/205330093/ccs,0,26,2,12,196,CAA_interrupted,60
H1,m84137_260214_004236_s1/212930583/ccs,0,26,2,12,196,CAA_interrupted,60
H1,m84137_260214_004236_s1/213258538/ccs,0,26,2,12,196,CAA_interrupted,60
H1,m84137_260214_004236_s1/213257783/ccs,0,26,2,12,196,CAA_interrupted,60
H1,m84137_260214_004236_s1/237375723/ccs,0,26,2,12,196,CAA_interrupted,60
H1,m84137_260214_004236_s1/233838419/ccs,0,26,2,12,196,CAA_interrupted,60
H1,m84137_260214_004236_s1/259396907/ccs,0,26,2,12,196,CAA_interrupted,60
H1,m84137_260214_004236_s1/239014232/ccs,0,26,2,12,196,CAA_interrupted,60
H1,m84137_260214_004236_s1/239800622/ccs,0,26,2,12,196,CAA_interrupted,60
H1,m84137_260214_004236_s1/215941554/ccs,0,26,2,12,196,CAA_interrupted,60
H1,m84137_260214_004236_s1/241305544/ccs,0,26,2,12,196,CAA_interrupted,60
H1,m84137_260214_004236_s1/258737690/ccs,0,26,2,12,196,CAA_interrupted,60
H1,m84137_260214_004236_s1/216924516/ccs,0,26,2,12,196,CAA_interrupted,60
H1,m84137_260214_004236_s1/255985419/ccs,0,26,2,12,196,CAA_interrupted,60
H1,m84137_260214_004236_s1/217319003/ccs,0,26,2,12,196,CAA_interrupted,60
H1,m84137_260214_004236_s1/259721472/ccs,0,26,2,12,196,CAA_interrupted,60
H1,m84137_260214_004236_s1/239797284/ccs,0,26,2,12,196,CAA_interrupted,60
H1,m84137_260214_004236_s1/261884901/ccs,0,26,2,12,196,CAA_interrupted,60
H1,m84137_260214_004236_s1/265618505/ccs,0,26,2,12,196,CAA_interrupted,60
H1,m84137_260214_004236_s1/23663347/ccs,0,26,2,12,196,CAA_interrupted,60
H1,m84137_260214_004236_s1/23661786/ccs,0,26,2,12,196,CAA_interrupted,60
H1,m84137_260214_004236_s1/20385113/ccs,0,26,2,12,196,CAA_interrupted,60
H1,m84137_260214_004236_s1/249627874/ccs,0,26,2,12,196,CAA_interrupted,60
H1,m84137_260214_004236_s1/249890528/ccs,0,26,2,12,196,CAA_interrupted,60
H1,m84137_260214_004236_s1/237832918/ccs,0,26,2,12,196,CAA_interrupted,60
H1,m84137_260214_004236_s1/25104891/ccs,0,26,2,12,196,CAA_interrupted,60
H1,m84137_260214_004236_s1/21698166/ccs,0,26,2,12,196,CAA_interrupted,60
H1,m84137_260214_004236_s1/250808074/ccs,0,26,2,12,196,CAA_interrupted,60
H1,m84137_260214_004236_s1/22090039/ccs,0,26,2,12,196,CAA_interrupted,60
H1,m84137_260214_004236_s1/8458000/ccs,0,26,2,12,196,CAA_interrupted,60
H1,m84137_260214_004236_s1/251462296/ccs,0,26,2,12,196,CAA_interrupted,60
H1,m84137_260214_004236_s1/26414214/ccs,0,26,2,12,196,CAA_interrupted,60
H1,m84137_260214_004236_s1/50991392/ccs,0,26,2,12,196,CAA_interrupted,60
H1,m84137_260214_004236_s1/29756641/ccs,0,26,2,12,196,CAA_interrupted,60
H1,m84137_260214_004236_s1/51516879/ccs,0,26,2,12,196,CAA_interrupted,60
H1,m84137_260214_004236_s1/11800247/ccs,0,26,2,12,196,CAA_interrupted,60
H1,m84137_260214_004236_s1/9770247/ccs,0,26,2,12,196,CAA_interrupted,60
H1,m84137_260214_004236_s1/35591462/ccs,0,26,2,12,196,CAA_interrupted,60
H1,m84137_260214_004236_s1/35395135/ccs,0,26,2,12,196,CAA_interrupted,60
H1,m84137_260214_004236_s1/10817943/ccs,0,26,2,12,196,CAA_interrupted,60
H1,m84137_260214_004236_s1/12785434/ccs,0,26,2,12,196,CAA_interrupted,60
H1,m84137_260214_004236_s1/36508875/ccs,0,26,2,12,196,CAA_interrupted,60
H1,m84137_260214_004236_s1/52759661/ccs,0,26,2,12,196,CAA_interrupted,60
H1,m84137_260214_004236_s1/125961952/ccs,0,26,2,12,196,CAA_interrupted,60
H1,m84137_260214_004236_s1/132188468/ccs,0,26,2,12,196,CAA_interrupted,60
H1,m84137_260214_004236_s1/167643726/ccs,0,26,2,12,196,CAA_interrupted,60
H1,m84137_260214_004236_s1/159717067/ccs,0,26,2,12,196,CAA_interrupted,60
H1,m84137_260214_004236_s1/164828070/ccs,0,26,2,12,196,CAA_interrupted,60
H1,m84137_260214_004236_s1/197660558/ccs,0,26,2,12,196,CAA_interrupted,60
H1,m84137_260214_004236_s1/42078626/ccs,0,26,2,12,196,CAA_interrupted,60
H1,m84137_260214_004236_s1/226164857/ccs,0,26,2,12,196,CAA_interrupted,60
H1,m84137_260214_004236_s1/185794762/ccs,0,26,2,12,196,CAA_interrupted,60
H1,m84137_260214_004236_s1/204866823/ccs,0,26,2,12,196,CAA_interrupted,60
H1,m84137_260214_004236_s1/252774506/ccs,0,26,2,12,196,CAA_interrupted,60
H1,m84137_260214_004236_s1/259982650/ccs,0,26,2,12,196,CAA_interrupted,60
H1,m84137_260214_004236_s1/28383122/ccs,0,26,2,12,196,CAA_interrupted,60
H1,m84137_260214_004236_s1/13569507/ccs,0,26,2,12,196,CAA_interrupted,60
H1,m84137_260214_004236_s1/66851846/ccs,0,26,2,12,196,CAA_interrupted,60
H1,m84137_260214_004236_s1/102176210/ccs,0,26,2,12,196,CAA_interrupted,60
H1,m84137_260214_004236_s1/78059142/ccs,0,26,2,12,196,CAA_interrupted,60
H1,m84137_260214_004236_s1/188815107/ccs,0,26,2,12,196,CAA_interrupted,60
H1,m84137_260214_004236_s1/150802504/ccs,0,26,2,12,196,CAA_interrupted,60
H1,m84137_260214_004236_s1/242291897/ccs,0,26,2,12,196,CAA_interrupted,60
H1,m84137_260214_004236_s1/260444523/ccs,0,26,2,12,196,CAA_interrupted,60
H1,m84137_260214_004236_s1/22806697/ccs,0,26,2,12,196,CAA_interrupted,60
H1,m84137_260214_004236_s1/28510194/ccs,0,26,2,12,196,CAA_interrupted,60
H1,m84137_260214_004236_s1/22938610/ccs,0,26,2,12,196,CAA_interrupted,60
H1,m84137_260214_004236_s1/6227643/ccs,0,26,2,12,196,CAA_interrupted,60
H1,m84137_260214_004236_s1/3475567/ccs,0,26,2,12,196,CAA_interrupted,60
H1,m84137_260214_004236_s1/25363291/ccs,0,26,2,12,196,CAA_interrupted,60
H1,m84137_260214_004236_s1/30475311/ccs,0,26,2,12,196,CAA_interrupted,60
H1,m84137_260214_004236_s1/5178719/ccs,0,26,2,12,196,CAA_interrupted,60
H1,m84137_260214_004236_s1/26215116/ccs,0,26,2,12,196,CAA_interrupted,60
H1,m84137_260214_004236_s1/8915292/ccs,0,26,2,12,196,CAA_interrupted,60
H1,m84137_260214_004236_s1/26805396/ccs,0,26,2,12,196,CAA_interrupted,60
H1,m84137_260214_004236_s1/27133565/ccs,0,26,2,12,196,CAA_interrupted,60
H1,m84137_260214_004236_s1/33884503/ccs,0,26,2,12,196,CAA_interrupted,60
H1,m84137_260214_004236_s1/27591109/ccs,0,26,2,12,196,CAA_interrupted,60
H1,m84137_260214_004236_s1/50332901/ccs,0,26,2,12,196,CAA_interrupted,60
H1,m84137_260214_004236_s1/39323041/ccs,0,26,2,12,196,CAA_interrupted,60
H1,m84137_260214_004236_s1/56557774/ccs,0,26,2,12,196,CAA_interrupted,60
H1,m84137_260214_004236_s1/56822303/ccs,0,26,2,12,196,CAA_interrupted,60
H1,m84137_260214_004236_s1/50793068/ccs,0,26,2,12,196,CAA_interrupted,60
H1,m84137_260214_004236_s1/118821507/ccs,0,26,2,12,196,CAA_interrupted,60
H1,m84137_260214_004236_s1/80549037/ccs,0,26,2,12,196,CAA_interrupted,60
H1,m84137_260214_004236_s1/100013970/ccs,0,26,2,12,196,CAA_interrupted,60
H1,m84137_260214_004236_s1/100275915/ccs,0,26,2,12,196,CAA_interrupted,60
H1,m84137_260214_004236_s1/100471320/ccs,0,26,2,12,196,CAA_interrupted,60
H1,m84137_260214_004236_s1/150999578/ccs,0,26,2,12,196,CAA_interrupted,60
H1,m84137_260214_004236_s1/82907811/ccs,0,26,2,12,196,CAA_interrupted,60
H1,m84137_260214_004236_s1/83365663/ccs,0,26,2,12,196,CAA_interrupted,60
H1,m84137_260214_004236_s1/83235575/ccs,0,26,2,12,196,CAA_interrupted,60
H1,m84137_260214_004236_s1/83759896/ccs,0,26,2,12,196,CAA_interrupted,60
H1,m84137_260214_004236_s1/112137285/ccs,0,26,2,12,196,CAA_interrupted,60
H1,m84137_260214_004236_s1/131994539/ccs,0,26,2,12,196,CAA_interrupted,60
H1,m84137_260214_004236_s1/153424034/ccs,0,25,2,12,196,CAA_interrupted,60
H1,m84137_260214_004236_s1/136645757/ccs,0,26,2,12,196,CAA_interrupted,60
H1,m84137_260214_004236_s1/113249487/ccs,0,26,2,12,196,CAA_interrupted,60
H1,m84137_260214_004236_s1/153949303/ccs,0,26,2,12,196,CAA_interrupted,60
H1,m84137_260214_004236_s1/154670271/ccs,0,26,2,12,196,CAA_interrupted,60
H1,m84137_260214_004236_s1/113973116/ccs,0,26,2,12,196,CAA_interrupted,60
H1,m84137_260214_004236_s1/141760263/ccs,0,26,2,12,196,CAA_interrupted,60
H1,m84137_260214_004236_s1/155128359/ccs,0,26,2,12,196,CAA_interrupted,60
H1,m84137_260214_004236_s1/138088841/ccs,0,26,2,12,196,CAA_interrupted,60
H1,m84137_260214_004236_s1/155914802/ccs,0,26,2,12,196,CAA_interrupted,60
H1,m84137_260214_004236_s1/156178069/ccs,0,26,2,12,196,CAA_interrupted,60
H1,m84137_260214_004236_s1/143135738/ccs,0,26,2,12,196,CAA_interrupted,60
H1,m84137_260214_004236_s1/160567205/ccs,0,26,2,12,196,CAA_interrupted,60
H1,m84137_260214_004236_s1/117248242/ccs,0,26,2,12,196,CAA_interrupted,60
H1,m84137_260214_004236_s1/168300003/ccs,0,26,2,12,196,CAA_interrupted,60
H1,m84137_260214_004236_s1/161877045/ccs,0,26,2,12,196,CAA_interrupted,60
H1,m84137_260214_004236_s1/190255208/ccs,0,26,2,12,196,CAA_interrupted,60
H1,m84137_260214_004236_s1/190911162/ccs,0,26,2,12,196,CAA_interrupted,60
H1,m84137_260214_004236_s1/166728530/ccs,0,26,2,12,196,CAA_interrupted,60
H1,m84137_260214_004236_s1/239406579/ccs,0,26,2,12,196,CAA_interrupted,60
H1,m84137_260214_004236_s1/263130680/ccs,0,26,2,12,196,CAA_interrupted,60
H1,m84137_260214_004236_s1/245503076/ccs,0,26,2,12,196,CAA_interrupted,60
H1,m84137_260214_004236_s1/261558802/ccs,0,26,2,12,196,CAA_interrupted,60
H1,m84137_260214_004236_s1/265556076/ccs,0,26,2,12,196,CAA_interrupted,60
H1,m84137_260214_004236_s1/265358673/ccs,0,26,2,12,196,CAA_interrupted,60
H1,m84137_260214_004236_s1/246158065/ccs,0,26,2,12,196,CAA_interrupted,60
H1,m84137_260214_004236_s1/250482185/ccs,0,26,2,12,196,CAA_interrupted,60
H1,m84137_260214_004236_s1/250156952/ccs,0,26,2,12,196,CAA_interrupted,60
H1,m84137_260214_004236_s1/124781559/ccs,0,26,2,12,196,CAA_interrupted,60
H1,m84137_260214_004236_s1/144769341/ccs,0,26,2,12,196,CAA_interrupted,60
H1,m84137_260214_004236_s1/190841355/ccs,0,26,2,12,196,CAA_interrupted,60
H1,m84137_260214_004236_s1/226887040/ccs,0,26,2,12,196,CAA_interrupted,60
H1,m84137_260214_004236_s1/260309096/ccs,0,26,2,12,196,CAA_interrupted,60
H1,m84137_260214_004236_s1/250611437/ccs,0,26,2,12,196,CAA_interrupted,60
H1,m84137_260214_004236_s1/9311473/ccs,0,26,2,12,196,CAA_interrupted,60
H1,m84137_260214_004236_s1/95162652/ccs,0,26,2,12,196,CAA_interrupted,60
H1,m84137_260214_004236_s1/106564610/ccs,0,26,2,12,196,CAA_interrupted,60
H1,m84137_260214_004236_s1/122688928/ccs,0,26,2,12,196,CAA_interrupted,60
H1,m84137_260214_004236_s1/163125055/ccs,0,26,2,12,196,CAA_interrupted,60
H1,m84137_260214_004236_s1/190518959/ccs,0,26,2,12,196,CAA_interrupted,60
H1,m84137_260214_004236_s1/196482178/ccs,0,26,2,12,196,CAA_interrupted,60
H1,m84137_260214_004236_s1/233508697/ccs,0,26,2,12,196,CAA_interrupted,60
H1,m84137_260214_004236_s1/234818873/ccs,0,26,2,12,196,CAA_interrupted,60
H1,m84137_260214_004236_s1/266342535/ccs,0,26,2,12,196,CAA_interrupted,60
H1,m84137_260214_004236_s1/54855306/ccs,0,26,2,12,196,CAA_interrupted,60
H1,m84137_260214_004236_s1/96732492/ccs,0,26,2,12,196,CAA_interrupted,60
H1,m84137_260214_004236_s1/164563252/ccs,0,26,2,12,196,CAA_interrupted,60
H1,m84137_260214_004236_s1/200672439/ccs,0,26,2,12,196,CAA_interrupted,60
H1,m84137_260214_004236_s1/263652267/ccs,0,26,2,12,196,CAA_interrupted,60
H1,m84137_260214_004236_s1/191762065/ccs,0,26,2,12,196,CAA_interrupted,60
H1,m84137_260214_004236_s1/167120819/ccs,0,26,2,12,196,CAA_interrupted,60
H1,m84137_260214_004236_s1/189075745/ccs,0,26,2,12,196,CAA_interrupted,60
H1,m84137_260214_004236_s1/171446534/ccs,0,26,2,12,196,CAA_interrupted,60
H1,m84137_260214_004236_s1/195826676/ccs,0,26,2,12,196,CAA_interrupted,60
H1,m84137_260214_004236_s1/177606042/ccs,0,26,2,12,196,CAA_interrupted,60
H1,m84137_260214_004236_s1/172102857/ccs,0,26,2,12,196,CAA_interrupted,60
H1,m84137_260214_004236_s1/218500340/ccs,0,26,2,12,196,CAA_interrupted,60
H1,m84137_260214_004236_s1/196809589/ccs,0,26,2,12,196,CAA_interrupted,60
H1,m84137_260214_004236_s1/150802876/ccs,0,26,2,12,196,CAA_interrupted,60
H1,m84137_260214_004236_s1/195499807/ccs,0,26,2,12,196,CAA_interrupted,60
H1,m84137_260214_004236_s1/207557588/ccs,0,26,2,12,196,CAA_interrupted,60
H1,m84137_260214_004236_s1/202184035/ccs,0,26,2,12,196,CAA_interrupted,60
H1,m84137_260214_004236_s1/179704098/ccs,0,26,2,12,196,CAA_interrupted,60
H1,m84137_260214_004236_s1/179965084/ccs,0,26,2,12,196,CAA_interrupted,60
H1,m84137_260214_004236_s1/221319801/ccs,0,26,2,12,196,CAA_interrupted,60
H1,m84137_260214_004236_s1/203364238/ccs,0,26,2,12,196,CAA_interrupted,60
H1,m84137_260214_004236_s1/199626667/ccs,0,26,2,12,196,CAA_interrupted,60
H1,m84137_260214_004236_s1/181537958/ccs,0,26,2,12,196,CAA_interrupted,60
H1,m84137_260214_004236_s1/199890588/ccs,0,26,2,12,196,CAA_interrupted,60
H1,m84137_260214_004236_s1/222957988/ccs,0,26,2,12,196,CAA_interrupted,60
H1,m84137_260214_004236_s1/181735423/ccs,0,26,2,12,196,CAA_interrupted,60
H1,m84137_260214_004236_s1/210703896/ccs,0,26,2,12,196,CAA_interrupted,60
H1,m84137_260214_004236_s1/226038205/ccs,0,26,2,12,196,CAA_interrupted,60
H1,m84137_260214_004236_s1/182521769/ccs,0,26,2,12,196,CAA_interrupted,60
H1,m84137_260214_004236_s1/226760531/ccs,0,26,2,12,196,CAA_interrupted,60
H1,m84137_260214_004236_s1/253432359/ccs,0,26,2,12,196,CAA_interrupted,60
H1,m84137_260214_004236_s1/212996126/ccs,0,26,2,12,196,CAA_interrupted,60
H1,m84137_260214_004236_s1/232525791/ccs,0,26,2,12,196,CAA_interrupted,60
H1,m84137_260214_004236_s1/258282854/ccs,0,26,2,12,196,CAA_interrupted,60
H1,m84137_260214_004236_s1/232918730/ccs,0,26,2,12,196,CAA_interrupted,60
H1,m84137_260214_004236_s1/255921659/ccs,0,26,2,12,196,CAA_interrupted,60
H1,m84137_260214_004236_s1/259987145/ccs,0,26,2,12,196,CAA_interrupted,60
H1,m84137_260214_004236_s1/31461567/ccs,0,26,2,12,196,CAA_interrupted,60
H1,m84137_260214_004236_s1/31527429/ccs,0,26,2,12,196,CAA_interrupted,60
H1,m84137_260214_004236_s1/55906818/ccs,0,26,2,12,196,CAA_interrupted,60
H1,m84137_260214_004236_s1/32052284/ccs,0,26,2,12,196,CAA_interrupted,60
H1,m84137_260214_004236_s1/32116696/ccs,0,26,2,12,196,CAA_interrupted,60
H1,m84137_260214_004236_s1/36704742/ccs,0,26,2,12,196,CAA_interrupted,60
H1,m84137_260214_004236_s1/37031977/ccs,0,26,2,12,196,CAA_interrupted,60
H1,m84137_260214_004236_s1/13111800/ccs,0,26,2,12,196,CAA_interrupted,60
H1,m84137_260214_004236_s1/53548304/ccs,0,26,2,12,196,CAA_interrupted,60
H1,m84137_260214_004236_s1/53482402/ccs,0,26,2,12,196,CAA_interrupted,60
H1,m84137_260214_004236_s1/40178670/ccs,0,26,2,12,196,CAA_interrupted,60
H1,m84137_260214_004236_s1/13766694/ccs,0,26,2,12,196,CAA_interrupted,60
H1,m84137_260214_004236_s1/57087810/ccs,0,26,2,12,196,CAA_interrupted,60
H1,m84137_260214_004236_s1/14553872/ccs,0,26,2,12,196,CAA_interrupted,60
H1,m84137_260214_004236_s1/62132517/ccs,0,26,2,12,196,CAA_interrupted,60
H1,m84137_260214_004236_s1/67178341/ccs,0,26,2,12,196,CAA_interrupted,60
H1,m84137_260214_004236_s1/62590980/ccs,0,26,2,12,196,CAA_interrupted,60
H1,m84137_260214_004236_s1/68422957/ccs,0,26,2,12,196,CAA_interrupted,60
H1,m84137_260214_004236_s1/84413803/ccs,0,26,2,12,196,CAA_interrupted,60
H1,m84137_260214_004236_s1/68882203/ccs,0,26,2,12,196,CAA_interrupted,60
H1,m84137_260214_004236_s1/59773491/ccs,0,26,2,12,196,CAA_interrupted,60
H1,m84137_260214_004236_s1/84808884/ccs,0,26,2,12,196,CAA_interrupted,60
H1,m84137_260214_004236_s1/64885008/ccs,0,26,2,12,196,CAA_interrupted,60
H1,m84137_260214_004236_s1/60493234/ccs,0,26,2,12,196,CAA_interrupted,60
H1,m84137_260214_004236_s1/69997805/ccs,0,26,2,12,196,CAA_interrupted,60
H1,m84137_260214_004236_s1/73996107/ccs,0,26,2,12,196,CAA_interrupted,60
H1,m84137_260214_004236_s1/71962759/ccs,0,26,2,12,196,CAA_interrupted,60
H1,m84137_260214_004236_s1/90508437/ccs,0,26,2,12,196,CAA_interrupted,60
H1,m84137_260214_004236_s1/96539124/ccs,0,26,2,12,196,CAA_interrupted,60
H1,m84137_260214_004236_s1/117446295/ccs,0,26,2,12,196,CAA_interrupted,60
H1,m84137_260214_004236_s1/49812113/ccs,0,26,2,12,196,CAA_interrupted,60
H1,m84137_260214_004236_s1/118297621/ccs,0,26,2,12,196,CAA_interrupted,60
H1,m84137_260214_004236_s1/201853927/ccs,0,26,2,12,196,CAA_interrupted,60
H1,m84137_260214_004236_s1/44696524/ccs,0,26,2,12,196,CAA_interrupted,60
H1,m84137_260214_004236_s1/170133632/ccs,0,26,2,12,196,CAA_interrupted,60
H1,m84137_260214_004236_s1/16910179/ccs,0,26,2,12,196,CAA_interrupted,60
H1,m84137_260214_004236_s1/23593179/ccs,0,26,2,12,196,CAA_interrupted,60
H1,m84137_260214_004236_s1/30410168/ccs,0,26,2,12,196,CAA_interrupted,60
H1,m84137_260214_004236_s1/49547517/ccs,0,26,2,12,196,CAA_interrupted,60
H1,m84137_260214_004236_s1/66980851/ccs,0,26,2,12,196,CAA_interrupted,60
H1,m84137_260214_004236_s1/97323572/ccs,0,26,2,12,196,CAA_interrupted,60
H1,m84137_260214_004236_s1/105448384/ccs,0,26,2,12,196,CAA_interrupted,60
H1,m84137_260214_004236_s1/106104058/ccs,0,26,2,12,196,CAA_interrupted,60
H1,m84137_260214_004236_s1/137102432/ccs,0,26,2,12,196,CAA_interrupted,60
H1,m84137_260214_004236_s1/154207151/ccs,0,26,2,12,196,CAA_interrupted,60
H1,m84137_260214_004236_s1/161743359/ccs,0,26,2,12,196,CAA_interrupted,60
H1,m84137_260214_004236_s1/228131798/ccs,0,26,2,12,196,CAA_interrupted,60
H1,m84137_260214_004236_s1/140643188/ccs,0,26,2,12,196,CAA_interrupted,60
H1,m84137_260214_004236_s1/133630173/ccs,0,26,2,12,196,CAA_interrupted,60
H1,m84137_260214_004236_s1/199299473/ccs,0,26,2,12,196,CAA_interrupted,60
H1,m84137_260214_004236_s1/66783704/ccs,0,26,2,12,196,CAA_interrupted,60
H1,m84137_260214_004236_s1/60231824/ccs,0,26,2,12,196,CAA_interrupted,60
H1,m84137_260214_004236_s1/205129202/ccs,0,26,2,12,196,CAA_interrupted,60
H1,m84137_260214_004236_s1/244581958/ccs,0,26,2,12,196,CAA_interrupted,60
H1,m84137_260214_004236_s1/56825657/ccs,0,26,2,12,196,CAA_interrupted,60
H1,m84137_260214_004236_s1/79891480/ccs,0,26,2,12,196,CAA_interrupted,60
H1,m84137_260214_004236_s1/153289480/ccs,0,26,2,12,196,CAA_interrupted,60
H1,m84137_260214_004236_s1/161678238/ccs,0,26,2,12,196,CAA_interrupted,60
H1,m84137_260214_004236_s1/249367962/ccs,0,26,2,12,196,CAA_interrupted,60
H1,m84137_260214_004236_s1/126094046/ccs,0,26,2,12,196,CAA_interrupted,60
H1,m84137_260214_004236_s1/15929449/ccs,0,26,2,13,196,CAA_interrupted,60
H1,m84137_260214_004236_s1/225902956/ccs,0,26,2,12,196,CAA_interrupted,60
H1,m84137_260214_004236_s1/9241905/ccs,0,26,2,12,196,CAA_interrupted,60
H1,m84137_260214_004236_s1/198249210/ccs,0,26,2,12,196,CAA_interrupted,60
H1,m84137_260214_004236_s1/177670299/ccs,0,26,2,12,196,CAA_interrupted,60
H1,m84137_260214_004236_s1/177864891/ccs,0,26,2,12,196,CAA_interrupted,60
H1,m84137_260214_004236_s1/178061909/ccs,0,26,2,12,196,CAA_interrupted,60
H1,m84137_260214_004236_s1/198772299/ccs,0,26,2,12,196,CAA_interrupted,60
H1,m84137_260214_004236_s1/198969476/ccs,0,26,2,12,196,CAA_interrupted,60
H1,m84137_260214_004236_s1/181340457/ccs,0,26,2,12,196,CAA_interrupted,60
H1,m84137_260214_004236_s1/199690029/ccs,0,26,2,12,196,CAA_interrupted,60
H1,m84137_260214_004236_s1/199952717/ccs,0,26,2,12,196,CAA_interrupted,60
H1,m84137_260214_004236_s1/200148862/ccs,0,26,2,12,196,CAA_interrupted,60
H1,m84137_260214_004236_s1/203096133/ccs,0,26,2,12,196,CAA_interrupted,60
H1,m84137_260214_004236_s1/224528960/ccs,0,26,2,12,196,CAA_interrupted,60
H1,m84137_260214_004236_s1/224791135/ccs,0,26,2,12,196,CAA_interrupted,60
H1,m84137_260214_004236_s1/222429940/ccs,0,26,2,12,196,CAA_interrupted,60
H1,m84137_260214_004236_s1/209259295/ccs,0,26,2,12,196,CAA_interrupted,60
H1,m84137_260214_004236_s1/230163898/ccs,0,26,2,12,196,CAA_interrupted,60
H1,m84137_260214_004236_s1/212730335/ccs,0,26,2,12,196,CAA_interrupted,60
H1,m84137_260214_004236_s1/211616451/ccs,0,26,2,12,196,CAA_interrupted,60
H1,m84137_260214_004236_s1/212009804/ccs,0,26,2,12,196,CAA_interrupted,60
H1,m84137_260214_004236_s1/212009198/ccs,0,26,2,12,196,CAA_interrupted,60
H1,m84137_260214_004236_s1/252446150/ccs,0,26,2,12,196,CAA_interrupted,60
H1,m84137_260214_004236_s1/252512869/ccs,0,26,2,12,196,CAA_interrupted,60
H1,m84137_260214_004236_s1/252644088/ccs,0,26,2,12,196,CAA_interrupted,60
H1,m84137_260214_004236_s1/214041477/ccs,0,26,2,12,196,CAA_interrupted,60
H1,m84137_260214_004236_s1/234882982/ccs,0,26,2,12,196,CAA_interrupted,60
H1,m84137_260214_004236_s1/232852463/ccs,0,26,2,12,196,CAA_interrupted,60
H1,m84137_260214_004236_s1/215288607/ccs,0,26,2,12,196,CAA_interrupted,60
H1,m84137_260214_004236_s1/215616085/ccs,0,26,2,12,196,CAA_interrupted,60
H1,m84137_260214_004236_s1/233440226/ccs,0,26,2,12,196,CAA_interrupted,60
H1,m84137_260214_004236_s1/233505870/ccs,0,26,2,12,196,CAA_interrupted,60
H1,m84137_260214_004236_s1/61538952/ccs,0,26,2,12,196,CAA_interrupted,60
H1,m84137_260214_004236_s1/61604746/ccs,0,26,2,12,196,CAA_interrupted,60
H1,m84137_260214_004236_s1/61540713/ccs,0,26,2,12,196,CAA_interrupted,60
H1,m84137_260214_004236_s1/57804075/ccs,0,26,2,12,196,CAA_interrupted,60
H1,m84137_260214_004236_s1/40110326/ccs,0,26,2,12,196,CAA_interrupted,60
H1,m84137_260214_004236_s1/45090018/ccs,0,26,2,12,196,CAA_interrupted,60
H1,m84137_260214_004236_s1/57870765/ccs,0,26,2,12,196,CAA_interrupted,60
H1,m84137_260214_004236_s1/36308708/ccs,0,26,2,12,196,CAA_interrupted,60
H1,m84137_260214_004236_s1/36767556/ccs,0,26,2,12,196,CAA_interrupted,60
H1,m84137_260214_004236_s1/36963341/ccs,0,26,2,12,196,CAA_interrupted,60
H1,m84137_260214_004236_s1/36833820/ccs,0,26,2,12,196,CAA_interrupted,60
H1,m84137_260214_004236_s1/59179866/ccs,0,26,2,12,196,CAA_interrupted,60
H1,m84137_260214_004236_s1/59443895/ccs,0,26,2,12,196,CAA_interrupted,60
H1,m84137_260214_004236_s1/38144136/ccs,0,26,2,12,196,CAA_interrupted,60
H1,m84137_260214_004236_s1/46402201/ccs,0,26,2,12,196,CAA_interrupted,60
H1,m84137_260214_004236_s1/46926765/ccs,0,26,2,12,196,CAA_interrupted,60
H1,m84137_260214_004236_s1/46991593/ccs,0,26,2,12,196,CAA_interrupted,60
H1,m84137_260214_004236_s1/38535951/ccs,0,26,2,12,196,CAA_interrupted,60
H1,m84137_260214_004236_s1/47515675/ccs,0,26,2,12,196,CAA_interrupted,60
H1,m84137_260214_004236_s1/48104584/ccs,0,26,2,12,196,CAA_interrupted,60
H1,m84137_260214_004236_s1/68158841/ccs,0,26,2,12,196,CAA_interrupted,60
H1,m84137_260214_004236_s1/73467996/ccs,0,26,2,12,196,CAA_interrupted,60
H1,m84137_260214_004236_s1/74581463/ccs,0,26,2,12,196,CAA_interrupted,60
H1,m84137_260214_004236_s1/70386206/ccs,0,26,2,12,196,CAA_interrupted,60
H1,m84137_260214_004236_s1/85787531/ccs,0,26,2,12,196,CAA_interrupted,60
H1,m84137_260214_004236_s1/85853170/ccs,0,26,2,12,196,CAA_interrupted,60
H1,m84137_260214_004236_s1/85852725/ccs,0,26,2,12,196,CAA_interrupted,60
H1,m84137_260214_004236_s1/100925589/ccs,0,26,2,12,196,CAA_interrupted,60
H1,m84137_260214_004236_s1/80676749/ccs,0,26,2,12,196,CAA_interrupted,60
H1,m84137_260214_004236_s1/77006182/ccs,0,26,2,12,196,CAA_interrupted,60
H1,m84137_260214_004236_s1/98437206/ccs,0,26,2,12,196,CAA_interrupted,60
H1,m84137_260214_004236_s1/101387040/ccs,0,26,2,12,196,CAA_interrupted,60
H1,m84137_260214_004236_s1/152439646/ccs,0,26,2,12,196,CAA_interrupted,60
H1,m84137_260214_004236_s1/21957030/ccs,0,26,2,12,196,CAA_interrupted,60
H1,m84137_260214_004236_s1/79036819/ccs,0,26,2,12,196,CAA_interrupted,60
H1,m84137_260214_004236_s1/234621391/ccs,0,26,2,12,196,CAA_interrupted,60
H1,m84137_260214_004236_s1/241829957/ccs,0,26,2,12,196,CAA_interrupted,60
H1,m84137_260214_004236_s1/258934206/ccs,0,26,2,12,196,CAA_interrupted,60
H1,m84137_260214_004236_s1/216925743/ccs,0,26,2,12,196,CAA_interrupted,60
H1,m84137_260214_004236_s1/237503845/ccs,0,26,2,12,196,CAA_interrupted,60
H1,m84137_260214_004236_s1/237503308/ccs,0,26,2,12,196,CAA_interrupted,60
H1,m84137_260214_004236_s1/242354017/ccs,0,26,2,12,196,CAA_interrupted,60
H1,m84137_260214_004236_s1/256181609/ccs,0,26,2,12,196,CAA_interrupted,60
H1,m84137_260214_004236_s1/237897225/ccs,0,26,2,12,196,CAA_interrupted,60
H1,m84137_260214_004236_s1/259459509/ccs,0,26,2,12,196,CAA_interrupted,60
H1,m84137_260214_004236_s1/259853138/ccs,0,26,2,12,196,CAA_interrupted,60
H1,m84137_260214_004236_s1/243598096/ccs,0,26,2,12,196,CAA_interrupted,60
H1,m84137_260214_004236_s1/246548395/ccs,0,26,2,12,196,CAA_interrupted,60
H1,m84137_260214_004236_s1/17109188/ccs,0,26,2,12,196,CAA_interrupted,60
H1,m84137_260214_004236_s1/261488809/ccs,0,26,2,12,196,CAA_interrupted,60
H1,m84137_260214_004236_s1/17764623/ccs,0,26,2,12,196,CAA_interrupted,60
H1,m84137_260214_004236_s1/240191976/ccs,0,26,2,12,196,CAA_interrupted,60
H1,m84137_260214_004236_s1/248580096/ccs,0,26,2,12,196,CAA_interrupted,60
H1,m84137_260214_004236_s1/266930873/ccs,0,26,2,12,196,CAA_interrupted,60
H1,m84137_260214_004236_s1/249890025/ccs,0,26,2,12,196,CAA_interrupted,60
H1,m84137_260214_004236_s1/4723676/ccs,0,26,2,12,196,CAA_interrupted,60
H1,m84137_260214_004236_s1/24515420/ccs,0,26,2,12,196,CAA_interrupted,60
H1,m84137_260214_004236_s1/5510336/ccs,0,26,2,12,196,CAA_interrupted,60
H1,m84137_260214_004236_s1/5509247/ccs,0,26,2,12,196,CAA_interrupted,60
H1,m84137_260214_004236_s1/251594600/ccs,0,26,2,12,196,CAA_interrupted,60
H1,m84137_260214_004236_s1/26217915/ccs,0,26,2,12,196,CAA_interrupted,60
H1,m84137_260214_004236_s1/34803267/ccs,0,26,2,12,196,CAA_interrupted,60
H1,m84137_260214_004236_s1/35329583/ccs,0,26,2,12,196,CAA_interrupted,60
H1,m84137_260214_004236_s1/11930851/ccs,0,26,2,12,196,CAA_interrupted,60
H1,m84137_260214_004236_s1/9965531/ccs,0,26,2,12,196,CAA_interrupted,60
H1,m84137_260214_004236_s1/27856779/ccs,0,26,2,12,196,CAA_interrupted,60
H1,m84137_260214_004236_s1/101779020/ccs,0,26,2,12,196,CAA_interrupted,60
H1,m84137_260214_004236_s1/102041834/ccs,0,26,2,12,196,CAA_interrupted,60
H1,m84137_260214_004236_s1/82052848/ccs,0,26,2,12,196,CAA_interrupted,60
H1,m84137_260214_004236_s1/106629738/ccs,0,26,2,12,196,CAA_interrupted,60
H1,m84137_260214_004236_s1/102564061/ccs,0,26,2,12,196,CAA_interrupted,60
H1,m84137_260214_004236_s1/106693381/ccs,0,26,2,12,196,CAA_interrupted,60
H1,m84137_260214_004236_s1/119013917/ccs,0,26,2,12,196,CAA_interrupted,60
H1,m84137_260214_004236_s1/100468722/ccs,0,26,2,12,196,CAA_interrupted,60
H1,m84137_260214_004236_s1/107743886/ccs,0,26,2,12,196,CAA_interrupted,60
H1,m84137_260214_004236_s1/107675905/ccs,0,26,2,12,196,CAA_interrupted,60
H1,m84137_260214_004236_s1/124388659/ccs,0,26,2,12,196,CAA_interrupted,60
H1,m84137_260214_004236_s1/112001235/ccs,0,26,2,12,196,CAA_interrupted,60
H1,m84137_260214_004236_s1/124715656/ccs,0,26,2,12,196,CAA_interrupted,60
H1,m84137_260214_004236_s1/119933467/ccs,0,26,2,12,196,CAA_interrupted,60
H1,m84137_260214_004236_s1/125371580/ccs,0,26,2,12,196,CAA_interrupted,60
H1,m84137_260214_004236_s1/104203298/ccs,0,26,2,12,196,CAA_interrupted,60
H1,m84137_260214_004236_s1/112789509/ccs,0,26,2,12,196,CAA_interrupted,60
H1,m84137_260214_004236_s1/129827407/ccs,0,26,2,12,196,CAA_interrupted,60
H1,m84137_260214_004236_s1/105450104/ccs,0,26,2,12,196,CAA_interrupted,60
H1,m84137_260214_004236_s1/130549083/ccs,0,26,2,12,196,CAA_interrupted,60
H1,m84137_260214_004236_s1/130681523/ccs,0,26,2,12,196,CAA_interrupted,60
H1,m84137_260214_004236_s1/122489264/ccs,0,26,2,12,196,CAA_interrupted,60
H1,m84137_260214_004236_s1/122487559/ccs,0,26,2,12,196,CAA_interrupted,60
H1,m84137_260214_004236_s1/126945532/ccs,0,26,2,12,196,CAA_interrupted,60
H1,m84137_260214_004236_s1/127536053/ccs,0,26,2,12,196,CAA_interrupted,60
H1,m84137_260214_004236_s1/111478506/ccs,0,26,2,12,196,CAA_interrupted,60
H1,m84137_260214_004236_s1/131599055/ccs,0,26,2,12,196,CAA_interrupted,60
H1,m84137_260214_004236_s1/128060313/ccs,0,26,2,12,196,CAA_interrupted,60
H1,m84137_260214_004236_s1/128385670/ccs,0,26,2,12,196,CAA_interrupted,60
H1,m84137_260214_004236_s1/156763910/ccs,0,26,2,12,196,CAA_interrupted,60
H1,m84137_260214_004236_s1/140052475/ccs,0,26,2,12,196,CAA_interrupted,60
H1,m84137_260214_004236_s1/140182602/ccs,0,26,2,12,196,CAA_interrupted,60
H1,m84137_260214_004236_s1/28248343/ccs,0,26,2,12,196,CAA_interrupted,60
H1,m84137_260214_004236_s1/6425274/ccs,0,26,2,12,196,CAA_interrupted,60
H1,m84137_260214_004236_s1/29688682/ccs,0,26,2,12,196,CAA_interrupted,60
H1,m84137_260214_004236_s1/24118059/ccs,0,26,2,12,196,CAA_interrupted,60
H1,m84137_260214_004236_s1/19071120/ccs,0,26,2,12,196,CAA_interrupted,60
H1,m84137_260214_004236_s1/8126673/ccs,0,26,2,12,196,CAA_interrupted,60
H1,m84137_260214_004236_s1/30278114/ccs,0,26,2,12,196,CAA_interrupted,60
H1,m84137_260214_004236_s1/13502346/ccs,0,26,2,12,196,CAA_interrupted,60
H1,m84137_260214_004236_s1/30149138/ccs,0,26,2,12,196,CAA_interrupted,60
H1,m84137_260214_004236_s1/8913423/ccs,0,26,2,12,196,CAA_interrupted,60
H1,m84137_260214_004236_s1/14158621/ccs,0,26,2,12,196,CAA_interrupted,60
H1,m84137_260214_004236_s1/20645192/ccs,0,26,2,12,196,CAA_interrupted,60
H1,m84137_260214_004236_s1/14156339/ccs,0,26,2,12,196,CAA_interrupted,60
H1,m84137_260214_004236_s1/9177419/ccs,0,26,2,12,196,CAA_interrupted,60
H1,m84137_260214_004236_s1/9503311/ccs,0,26,2,12,196,CAA_interrupted,60
H1,m84137_260214_004236_s1/9568431/ccs,0,26,2,12,196,CAA_interrupted,60
H1,m84137_260214_004236_s1/20908109/ccs,0,26,2,12,196,CAA_interrupted,60
H1,m84137_260214_004236_s1/20906167/ccs,0,26,2,12,196,CAA_interrupted,60
H1,m84137_260214_004236_s1/9765048/ccs,0,26,2,12,196,CAA_interrupted,60
H1,m84137_260214_004236_s1/27068951/ccs,0,26,2,12,196,CAA_interrupted,60
H1,m84137_260214_004236_s1/33950379/ccs,0,26,2,12,196,CAA_interrupted,60
H1,m84137_260214_004236_s1/15009833/ccs,0,26,2,12,196,CAA_interrupted,60
H1,m84137_260214_004236_s1/32047399/ccs,0,26,2,12,196,CAA_interrupted,60
H1,m84137_260214_004236_s1/32048501/ccs,0,26,2,12,196,CAA_interrupted,60
H1,m84137_260214_004236_s1/10880863/ccs,0,26,2,12,196,CAA_interrupted,60
H1,m84137_260214_004236_s1/34933524/ccs,0,26,2,12,196,CAA_interrupted,60
H1,m84137_260214_004236_s1/56428858/ccs,0,26,2,12,196,CAA_interrupted,60
H1,m84137_260214_004236_s1/15862267/ccs,0,26,2,12,196,CAA_interrupted,60
H1,m84137_260214_004236_s1/56951396/ccs,0,26,2,12,196,CAA_interrupted,60
H1,m84137_260214_004236_s1/56820427/ccs,0,26,2,12,196,CAA_interrupted,60
H1,m84137_260214_004236_s1/35719231/ccs,0,26,2,12,196,CAA_interrupted,60
H1,m84137_260214_004236_s1/36176845/ccs,0,26,2,12,196,CAA_interrupted,60
H1,m84137_260214_004236_s1/58264518/ccs,0,26,2,12,196,CAA_interrupted,60
H1,m84137_260214_004236_s1/53346818/ccs,0,26,2,12,196,CAA_interrupted,60
H1,m84137_260214_004236_s1/53545301/ccs,0,26,2,12,196,CAA_interrupted,60
H1,m84137_260214_004236_s1/42535377/ccs,0,26,2,12,196,CAA_interrupted,60
H1,m84137_260214_004236_s1/60295964/ccs,0,26,2,12,196,CAA_interrupted,60
H1,m84137_260214_004236_s1/47645690/ccs,0,26,2,12,196,CAA_interrupted,60
H1,m84137_260214_004236_s1/60951536/ccs,0,26,2,12,196,CAA_interrupted,60
H1,m84137_260214_004236_s1/67307008/ccs,0,26,2,12,196,CAA_interrupted,60
H1,m84137_260214_004236_s1/47974954/ccs,0,26,2,12,196,CAA_interrupted,60
H1,m84137_260214_004236_s1/61213648/ccs,0,26,2,12,196,CAA_interrupted,60
H1,m84137_260214_004236_s1/44041471/ccs,0,26,2,12,196,CAA_interrupted,60
H1,m84137_260214_004236_s1/89589438/ccs,0,26,2,12,196,CAA_interrupted,60
H1,m84137_260214_004236_s1/89655899/ccs,0,26,2,12,196,CAA_interrupted,60
H1,m84137_260214_004236_s1/44501593/ccs,0,26,2,12,196,CAA_interrupted,60
H1,m84137_260214_004236_s1/73203851/ccs,0,26,2,12,196,CAA_interrupted,60
H1,m84137_260214_004236_s1/65536240/ccs,0,26,2,12,196,CAA_interrupted,60
H1,m84137_260214_004236_s1/69076737/ccs,0,26,2,12,196,CAA_interrupted,60
H1,m84137_260214_004236_s1/123733042/ccs,0,26,2,12,196,CAA_interrupted,60
H1,m84137_260214_004236_s1/123996892/ccs,0,26,2,12,196,CAA_interrupted,60
H1,m84137_260214_004236_s1/82969095/ccs,0,26,2,12,196,CAA_interrupted,60
H1,m84137_260214_004236_s1/83232024/ccs,0,26,2,12,196,CAA_interrupted,60
H1,m84137_260214_004236_s1/102826036/ccs,0,26,2,12,196,CAA_interrupted,60
H1,m84137_260214_004236_s1/83755339/ccs,0,26,2,12,196,CAA_interrupted,60
H1,m84137_260214_004236_s1/119342665/ccs,0,26,2,12,196,CAA_interrupted,60
H1,m84137_260214_004236_s1/124521362/ccs,0,26,2,12,196,CAA_interrupted,60
H1,m84137_260214_004236_s1/119799889/ccs,0,26,2,12,196,CAA_interrupted,60
H1,m84137_260214_004236_s1/125435945/ccs,0,26,2,12,196,CAA_interrupted,60
H1,m84137_260214_004236_s1/109316567/ccs,0,26,2,12,196,CAA_interrupted,60
H1,m84137_260214_004236_s1/113115731/ccs,0,26,2,12,196,CAA_interrupted,60
H1,m84137_260214_004236_s1/130089311/ccs,0,26,2,12,196,CAA_interrupted,60
H1,m84137_260214_004236_s1/130220130/ccs,0,26,2,12,196,CAA_interrupted,60
H1,m84137_260214_004236_s1/130091365/ccs,0,26,2,12,196,CAA_interrupted,60
H1,m84137_260214_004236_s1/130090705/ccs,0,26,2,12,196,CAA_interrupted,60
H1,m84137_260214_004236_s1/126684116/ccs,0,26,2,12,196,CAA_interrupted,60
H1,m84137_260214_004236_s1/130547820/ccs,0,26,2,12,196,CAA_interrupted,60
H1,m84137_260214_004236_s1/113510725/ccs,0,26,2,12,196,CAA_interrupted,60
H1,m84137_260214_004236_s1/110953635/ccs,0,26,2,12,196,CAA_interrupted,60
H1,m84137_260214_004236_s1/131204810/ccs,0,26,2,12,196,CAA_interrupted,60
H1,m84137_260214_004236_s1/151325022/ccs,0,26,2,12,196,CAA_interrupted,60
H1,m84137_260214_004236_s1/151390648/ccs,0,26,2,12,196,CAA_interrupted,60
H1,m84137_260214_004236_s1/102437508/ccs,0,26,2,12,196,CAA_interrupted,60
H1,m84137_260214_004236_s1/103224641/ccs,0,26,2,12,196,CAA_interrupted,60
H1,m84137_260214_004236_s1/79236723/ccs,0,26,2,12,196,CAA_interrupted,60
H1,m84137_260214_004236_s1/94835721/ccs,0,26,2,12,196,CAA_interrupted,60
H1,m84137_260214_004236_s1/80220191/ccs,0,26,2,12,196,CAA_interrupted,60
H1,m84137_260214_004236_s1/123278329/ccs,0,26,2,12,196,CAA_interrupted,60
H1,m84137_260214_004236_s1/124194547/ccs,0,26,2,12,196,CAA_interrupted,60
H1,m84137_260214_004236_s1/124456084/ccs,0,26,2,12,196,CAA_interrupted,60
H1,m84137_260214_004236_s1/108596614/ccs,0,26,2,12,196,CAA_interrupted,60
H1,m84137_260214_004236_s1/125179791/ccs,0,26,2,12,196,CAA_interrupted,60
H1,m84137_260214_004236_s1/129832324/ccs,0,26,2,12,196,CAA_interrupted,60
H1,m84137_260214_004236_s1/126226377/ccs,0,26,2,12,196,CAA_interrupted,60
H1,m84137_260214_004236_s1/130157774/ccs,0,26,2,12,196,CAA_interrupted,60
H1,m84137_260214_004236_s1/151260908/ccs,0,26,2,12,196,CAA_interrupted,60
H1,m84137_260214_004236_s1/82908957/ccs,0,26,2,12,196,CAA_interrupted,60
H1,m84137_260214_004236_s1/83169214/ccs,0,26,2,12,196,CAA_interrupted,60
H1,m84137_260214_004236_s1/126554505/ccs,0,26,2,12,196,CAA_interrupted,60
H1,m84137_260214_004236_s1/130551763/ccs,0,26,2,12,196,CAA_interrupted,60
H1,m84137_260214_004236_s1/130419856/ccs,0,26,2,12,196,CAA_interrupted,60
H1,m84137_260214_004236_s1/110760999/ccs,0,26,2,12,196,CAA_interrupted,60
H1,m84137_260214_004236_s1/127144478/ccs,0,26,2,12,196,CAA_interrupted,60
H1,m84137_260214_004236_s1/127995049/ccs,0,26,2,12,196,CAA_interrupted,60
H1,m84137_260214_004236_s1/152572426/ccs,0,26,2,12,196,CAA_interrupted,60
H1,m84137_260214_004236_s1/152638399/ccs,0,26,2,12,196,CAA_interrupted,60
H1,m84137_260214_004236_s1/156636094/ccs,0,26,2,12,196,CAA_interrupted,60
H1,m84137_260214_004236_s1/153162375/ccs,0,26,2,12,196,CAA_interrupted,60
H1,m84137_260214_004236_s1/156963625/ccs,0,26,2,12,196,CAA_interrupted,60
H1,m84137_260214_004236_s1/84674311/ccs,0,26,2,12,196,CAA_interrupted,60
H1,m84137_260214_004236_s1/70254840/ccs,0,26,2,12,196,CAA_interrupted,60
H1,m84137_260214_004236_s1/67045569/ccs,0,26,2,12,196,CAA_interrupted,60
H1,m84137_260214_004236_s1/95290250/ccs,0,26,2,12,196,CAA_interrupted,60
H1,m84137_260214_004236_s1/92407330/ccs,0,26,2,12,196,CAA_interrupted,60
H1,m84137_260214_004236_s1/70648345/ccs,0,26,2,12,196,CAA_interrupted,60
H1,m84137_260214_004236_s1/70716283/ccs,0,26,2,12,196,CAA_interrupted,60
H1,m84137_260214_004236_s1/79497137/ccs,0,26,2,12,196,CAA_interrupted,60
H1,m84137_260214_004236_s1/86574647/ccs,0,26,2,12,196,CAA_interrupted,60
H1,m84137_260214_004236_s1/79889570/ccs,0,26,2,12,196,CAA_interrupted,60
H1,m84137_260214_004236_s1/93522898/ccs,0,26,2,12,196,CAA_interrupted,60
H1,m84137_260214_004236_s1/87294331/ccs,0,26,2,12,196,CAA_interrupted,60
H1,m84137_260214_004236_s1/76352241/ccs,0,26,2,12,196,CAA_interrupted,60
H1,m84137_260214_004236_s1/76221332/ccs,0,26,2,12,196,CAA_interrupted,60
H1,m84137_260214_004236_s1/80283597/ccs,0,26,2,12,196,CAA_interrupted,60
H1,m84137_260214_004236_s1/94438494/ccs,0,26,2,12,196,CAA_interrupted,60
H1,m84137_260214_004236_s1/81136223/ccs,0,26,2,12,196,CAA_interrupted,60
H1,m84137_260214_004236_s1/88476192/ccs,0,26,2,12,196,CAA_interrupted,60
H1,m84137_260214_004236_s1/166794177/ccs,0,26,2,12,196,CAA_interrupted,60
H1,m84137_260214_004236_s1/191892693/ccs,0,26,2,12,196,CAA_interrupted,60
H1,m84137_260214_004236_s1/188879880/ccs,0,26,2,12,196,CAA_interrupted,60
H1,m84137_260214_004236_s1/189402753/ccs,0,26,2,12,196,CAA_interrupted,60
H1,m84137_260214_004236_s1/192222734/ccs,0,26,2,12,196,CAA_interrupted,60
H1,m84137_260214_004236_s1/171185709/ccs,0,26,2,12,196,CAA_interrupted,60
H1,m84137_260214_004236_s1/189862475/ccs,0,26,2,12,196,CAA_interrupted,60
H1,m84137_260214_004236_s1/189927483/ccs,0,26,2,12,196,CAA_interrupted,60
H1,m84137_260214_004236_s1/195890902/ccs,0,26,2,12,196,CAA_interrupted,60
H1,m84137_260214_004236_s1/177605658/ccs,0,26,2,12,196,CAA_interrupted,60
H1,m84137_260214_004236_s1/218828417/ccs,0,26,2,12,196,CAA_interrupted,60
H1,m84137_260214_004236_s1/173215354/ccs,0,26,2,12,196,CAA_interrupted,60
H1,m84137_260214_004236_s1/193795154/ccs,0,26,2,12,196,CAA_interrupted,60
H1,m84137_260214_004236_s1/196612183/ccs,0,26,2,12,196,CAA_interrupted,60
H1,m84137_260214_004236_s1/178525374/ccs,0,26,2,12,196,CAA_interrupted,60
H1,m84137_260214_004236_s1/194579476/ccs,0,26,2,12,196,CAA_interrupted,60
H1,m84137_260214_004236_s1/195498662/ccs,0,26,2,12,196,CAA_interrupted,60
H1,m84137_260214_004236_s1/207490243/ccs,0,26,2,12,196,CAA_interrupted,60
H1,m84137_260214_004236_s1/220729369/ccs,0,26,2,12,196,CAA_interrupted,60
H1,m84137_260214_004236_s1/220729934/ccs,0,26,2,12,196,CAA_interrupted,60
H1,m84137_260214_004236_s1/208016150/ccs,0,26,2,12,196,CAA_interrupted,60
H1,m84137_260214_004236_s1/179508721/ccs,0,26,2,12,196,CAA_interrupted,60
H1,m84137_260214_004236_s1/208342198/ccs,0,26,2,12,196,CAA_interrupted,60
H1,m84137_260214_004236_s1/208539438/ccs,0,26,2,12,196,CAA_interrupted,60
H1,m84137_260214_004236_s1/199560266/ccs,0,26,2,12,196,CAA_interrupted,60
H1,m84137_260214_004236_s1/204149077/ccs,0,26,2,12,196,CAA_interrupted,60
H1,m84137_260214_004236_s1/223024908/ccs,0,26,2,12,196,CAA_interrupted,60
H1,m84137_260214_004236_s1/223418278/ccs,0,26,2,12,196,CAA_interrupted,60
H1,m84137_260214_004236_s1/204871584/ccs,0,26,2,12,196,CAA_interrupted,60
H1,m84137_260214_004236_s1/205393851/ccs,0,26,2,12,196,CAA_interrupted,60
H1,m84137_260214_004236_s1/205458474/ccs,0,26,2,12,196,CAA_interrupted,60
H1,m84137_260214_004236_s1/182653781/ccs,0,26,2,12,196,CAA_interrupted,60
H1,m84137_260214_004236_s1/206311727/ccs,0,26,2,12,196,CAA_interrupted,60
H1,m84137_260214_004236_s1/183441009/ccs,0,26,2,12,196,CAA_interrupted,60
H1,m84137_260214_004236_s1/253367102/ccs,0,26,2,12,196,CAA_interrupted,60
H1,m84137_260214_004236_s1/228396209/ccs,0,26,2,12,196,CAA_interrupted,60
H1,m84137_260214_004236_s1/241242164/ccs,0,26,2,12,196,CAA_interrupted,60
H1,m84137_260214_004236_s1/236195193/ccs,0,26,2,12,196,CAA_interrupted,60
H1,m84137_260214_004236_s1/233902798/ccs,0,26,2,12,196,CAA_interrupted,60
H1,m84137_260214_004236_s1/238883162/ccs,0,26,2,12,196,CAA_interrupted,60
H1,m84137_260214_004236_s1/234362615/ccs,0,26,2,12,196,CAA_interrupted,60
H1,m84137_260214_004236_s1/260444020/ccs,0,26,2,12,196,CAA_interrupted,60
H1,m84137_260214_004236_s1/263198035/ccs,0,26,2,12,196,CAA_interrupted,60
H1,m84137_260214_004236_s1/240390591/ccs,0,26,2,12,196,CAA_interrupted,60
H1,m84137_260214_004236_s1/260967716/ccs,0,26,2,12,196,CAA_interrupted,60
H1,m84137_260214_004236_s1/263654925/ccs,0,26,2,12,196,CAA_interrupted,60
H1,m84137_260214_004236_s1/217125773/ccs,0,26,2,12,196,CAA_interrupted,60
H1,m84137_260214_004236_s1/261493592/ccs,0,26,2,12,196,CAA_interrupted,60
H1,m84137_260214_004236_s1/231084169/ccs,0,26,2,12,196,CAA_interrupted,60
H1,m84137_260214_004236_s1/242947334/ccs,0,26,2,12,196,CAA_interrupted,60
H1,m84137_260214_004236_s1/6488706/ccs,0,26,2,12,196,CAA_interrupted,60
H1,m84137_260214_004236_s1/4851624/ccs,0,26,2,12,196,CAA_interrupted,60
H1,m84137_260214_004236_s1/26411880/ccs,0,26,2,12,196,CAA_interrupted,60
H1,m84137_260214_004236_s1/40961262/ccs,0,26,2,12,196,CAA_interrupted,60
H1,m84137_260214_004236_s1/96077058/ccs,0,26,2,12,196,CAA_interrupted,60
H1,m84137_260214_004236_s1/86770279/ccs,0,26,2,12,196,CAA_interrupted,60
H1,m84137_260214_004236_s1/94176185/ccs,0,26,2,12,196,CAA_interrupted,60
H1,m84137_260214_004236_s1/94833182/ccs,0,26,2,12,196,CAA_interrupted,60
H1,m84137_260214_004236_s1/123013348/ccs,0,26,2,12,196,CAA_interrupted,60
H1,m84137_260214_004236_s1/103679323/ccs,0,26,2,12,196,CAA_interrupted,60
H1,m84137_260214_004236_s1/137954465/ccs,0,26,2,12,196,CAA_interrupted,60
H1,m84137_260214_004236_s1/167904704/ccs,0,26,2,12,196,CAA_interrupted,60
H1,m84137_260214_004236_s1/148244120/ccs,0,26,2,12,196,CAA_interrupted,60
H1,m84137_260214_004236_s1/186385073/ccs,0,26,2,12,196,CAA_interrupted,60
H1,m84137_260214_004236_s1/188220905/ccs,0,26,2,12,196,CAA_interrupted,60
H1,m84137_260214_004236_s1/177474156/ccs,0,26,2,12,196,CAA_interrupted,60
H1,m84137_260214_004236_s1/219613751/ccs,0,26,2,12,196,CAA_interrupted,60
H1,m84137_260214_004236_s1/181143377/ccs,0,26,2,12,196,CAA_interrupted,60
H1,m84137_260214_004236_s1/202572855/ccs,0,26,2,12,196,CAA_interrupted,60
H1,m84137_260214_004236_s1/207553180/ccs,0,26,2,12,196,CAA_interrupted,60
H1,m84137_260214_004236_s1/203229670/ccs,0,26,2,12,196,CAA_interrupted,60
H1,m84137_260214_004236_s1/229507735/ccs,0,26,2,12,196,CAA_interrupted,60
H1,m84137_260214_004236_s1/230754462/ccs,0,26,2,12,196,CAA_interrupted,60
H1,m84137_260214_004236_s1/136517395/ccs,0,26,2,12,196,CAA_interrupted,60
H1,m84137_260214_004236_s1/153619954/ccs,0,26,2,12,196,CAA_interrupted,60
H1,m84137_260214_004236_s1/132780999/ccs,0,26,2,12,196,CAA_interrupted,60
H1,m84137_260214_004236_s1/113512297/ccs,0,26,2,12,196,CAA_interrupted,60
H1,m84137_260214_004236_s1/137762003/ccs,0,26,2,12,196,CAA_interrupted,60
H1,m84137_260214_004236_s1/155259694/ccs,0,26,2,12,196,CAA_interrupted,60
H1,m84137_260214_004236_s1/142282265/ccs,0,26,2,12,196,CAA_interrupted,60
H1,m84137_260214_004236_s1/142742341/ccs,0,26,2,12,196,CAA_interrupted,60
H1,m84137_260214_004236_s1/159258375/ccs,0,26,2,12,196,CAA_interrupted,60
H1,m84137_260214_004236_s1/162666175/ccs,0,26,2,12,196,CAA_interrupted,60
H1,m84137_260214_004236_s1/163518094/ccs,0,26,2,12,196,CAA_interrupted,60
H1,m84137_260214_004236_s1/143922632/ccs,0,26,2,12,196,CAA_interrupted,60
H1,m84137_260214_004236_s1/144840425/ccs,0,26,2,12,196,CAA_interrupted,60
H1,m84137_260214_004236_s1/145036856/ccs,0,26,2,12,196,CAA_interrupted,60
H1,m84137_260214_004236_s1/145429744/ccs,0,26,2,12,196,CAA_interrupted,60
H1,m84137_260214_004236_s1/186651485/ccs,0,26,2,12,196,CAA_interrupted,60
H1,m84137_260214_004236_s1/146739112/ccs,0,26,2,12,196,CAA_interrupted,60
H1,m84137_260214_004236_s1/147262754/ccs,0,26,2,12,196,CAA_interrupted,60
H1,m84137_260214_004236_s1/169873636/ccs,0,26,2,12,196,CAA_interrupted,60
H1,m84137_260214_004236_s1/170596057/ccs,0,26,2,12,196,CAA_interrupted,60
H1,m84137_260214_004236_s1/256704604/ccs,0,26,2,12,196,CAA_interrupted,60
H1,m84137_260214_004236_s1/243993204/ccs,0,26,2,12,196,CAA_interrupted,60
H1,m84137_260214_004236_s1/246941130/ccs,0,26,2,12,196,CAA_interrupted,60
H1,m84137_260214_004236_s1/5181952/ccs,0,26,2,12,196,CAA_interrupted,60
H1,m84137_260214_004236_s1/13635799/ccs,0,26,2,12,196,CAA_interrupted,60
H1,m84137_260214_004236_s1/57873072/ccs,0,26,2,12,196,CAA_interrupted,60
H1,m84137_260214_004236_s1/68031907/ccs,0,26,2,12,196,CAA_interrupted,60
H1,m84137_260214_004236_s1/100928651/ccs,0,26,2,12,196,CAA_interrupted,60
H1,m84137_260214_004236_s1/162860924/ccs,0,26,2,12,196,CAA_interrupted,60
H1,m84137_260214_004236_s1/144446986/ccs,0,26,2,12,196,CAA_interrupted,60
H1,m84137_260214_004236_s1/176885080/ccs,0,26,2,12,196,CAA_interrupted,60
H1,m84137_260214_004236_s1/173086229/ccs,0,26,2,12,196,CAA_interrupted,60
H1,m84137_260214_004236_s1/179901624/ccs,0,26,2,12,196,CAA_interrupted,60
H1,m84137_260214_004236_s1/242028978/ccs,0,26,2,12,196,CAA_interrupted,60
H1,m84137_260214_004236_s1/258608980/ccs,0,26,2,12,196,CAA_interrupted,60
H1,m84137_260214_004236_s1/219677075/ccs,0,26,2,12,196,CAA_interrupted,60
H1,m84137_260214_004236_s1/257557648/ccs,0,26,2,12,196,CAA_interrupted,60
H1,m84137_260214_004236_s1/27263305/ccs,0,26,2,12,196,CAA_interrupted,60
H1,m84137_260214_004236_s1/57345503/ccs,0,26,2,12,196,CAA_interrupted,60
H1,m84137_260214_004236_s1/96666495/ccs,0,26,2,12,196,CAA_interrupted,60
H1,m84137_260214_004236_s1/120915848/ccs,0,26,2,12,196,CAA_interrupted,60
H1,m84137_260214_004236_s1/116655459/ccs,0,26,2,12,196,CAA_interrupted,60
H1,m84137_260214_004236_s1/23138533/ccs,0,26,2,12,196,CAA_interrupted,60
H1,m84137_260214_004236_s1/8852388/ccs,0,26,2,12,196,CAA_interrupted,60
H1,m84137_260214_004236_s1/145756897/ccs,0,26,2,12,196,CAA_interrupted,60
H1,m84137_260214_004236_s1/265491968/ccs,0,26,2,12,196,CAA_interrupted,60
H1,m84137_260214_004236_s1/246354413/ccs,0,26,2,12,196,CAA_interrupted,60
H1,m84137_260214_004236_s1/247468778/ccs,0,26,2,12,196,CAA_interrupted,60
H1,m84137_260214_004236_s1/248387190/ccs,0,26,2,12,196,CAA_interrupted,60
H1,m84137_260214_004236_s1/251203176/ccs,0,26,2,12,196,CAA_interrupted,60
H1,m84137_260214_004236_s1/8718216/ccs,0,26,2,12,196,CAA_interrupted,60
H1,m84137_260214_004236_s1/21694762/ccs,0,26,2,12,196,CAA_interrupted,60
H1,m84137_260214_004236_s1/47515957/ccs,0,26,2,12,196,CAA_interrupted,60
H1,m84137_260214_004236_s1/82642249/ccs,0,26,2,12,196,CAA_interrupted,60
H1,m84137_260214_004236_s1/152764681/ccs,0,26,2,12,196,CAA_interrupted,60
H1,m84137_260214_004236_s1/160697214/ccs,0,26,2,12,196,CAA_interrupted,60
H1,m84137_260214_004236_s1/182257726/ccs,0,26,2,12,196,CAA_interrupted,60
H1,m84137_260214_004236_s1/208144689/ccs,0,26,2,12,196,CAA_interrupted,60
H1,m84137_260214_004236_s1/211748356/ccs,0,26,2,12,196,CAA_interrupted,60
H1,m84137_260214_004236_s1/16979152/ccs,0,26,2,12,196,CAA_interrupted,60
H1,m84137_260214_004236_s1/50532469/ccs,0,26,2,12,196,CAA_interrupted,60
H1,m84137_260214_004236_s1/68815889/ccs,0,26,2,12,196,CAA_interrupted,60
H1,m84137_260214_004236_s1/43453954/ccs,0,26,2,12,196,CAA_interrupted,60
H1,m84137_260214_004236_s1/45225608/ccs,0,26,2,12,196,CAA_interrupted,60
H1,m84137_260214_004236_s1/134549855/ccs,0,26,2,12,196,CAA_interrupted,60
H1,m84137_260214_004236_s1/155390728/ccs,0,26,2,12,196,CAA_interrupted,60
H1,m84137_260214_004236_s1/115021217/ccs,0,26,2,12,196,CAA_interrupted,60
H1,m84137_260214_004236_s1/111024019/ccs,0,26,2,12,196,CAA_interrupted,60
H1,m84137_260214_004236_s1/67245214/ccs,0,26,2,12,196,CAA_interrupted,60
H1,m84137_260214_004236_s1/15142978/ccs,0,26,2,12,196,CAA_interrupted,60
H1,m84137_260214_004236_s1/68229022/ccs,0,26,2,12,196,CAA_interrupted,60
H1,m84137_260214_004236_s1/42340535/ccs,0,26,2,12,196,CAA_interrupted,60
H1,m84137_260214_004236_s1/68424300/ccs,0,26,2,12,196,CAA_interrupted,60
H1,m84137_260214_004236_s1/84873894/ccs,0,26,2,12,196,CAA_interrupted,60
H1,m84137_260214_004236_s1/64951977/ccs,0,26,2,12,196,CAA_interrupted,60
H1,m84137_260214_004236_s1/44897989/ccs,0,26,2,12,196,CAA_interrupted,60
H1,m84137_260214_004236_s1/60297453/ccs,0,26,2,12,196,CAA_interrupted,60
H1,m84137_260214_004236_s1/65408870/ccs,0,26,2,12,196,CAA_interrupted,60
H1,m84137_260214_004236_s1/60690343/ccs,0,26,2,12,196,CAA_interrupted,60
H1,m84137_260214_004236_s1/73600857/ccs,0,26,2,12,196,CAA_interrupted,60
H1,m84137_260214_004236_s1/66260974/ccs,0,26,2,12,196,CAA_interrupted,60
H1,m84137_260214_004236_s1/87035323/ccs,0,26,2,12,196,CAA_interrupted,60
H1,m84137_260214_004236_s1/48435327/ccs,0,26,2,12,196,CAA_interrupted,60
H1,m84137_260214_004236_s1/89396744/ccs,0,26,2,12,196,CAA_interrupted,60
H1,m84137_260214_004236_s1/48631432/ccs,0,26,2,12,196,CAA_interrupted,60
H1,m84137_260214_004236_s1/102045380/ccs,0,26,2,12,196,CAA_interrupted,60
H1,m84137_260214_004236_s1/93065528/ccs,0,26,2,12,196,CAA_interrupted,60
H1,m84137_260214_004236_s1/48370126/ccs,0,26,2,12,196,CAA_interrupted,60
H1,m84137_260214_004236_s1/204211667/ccs,0,26,2,12,196,CAA_interrupted,60
H1,m84137_260214_004236_s1/74451227/ccs,0,26,2,12,196,CAA_interrupted,60
H1,m84137_260214_004236_s1/140312717/ccs,0,26,2,12,196,CAA_interrupted,60
H1,m84137_260214_004236_s1/152895707/ccs,0,26,2,12,196,CAA_interrupted,60
H1,m84137_260214_004236_s1/132645921/ccs,0,26,2,12,196,CAA_interrupted,60
H1,m84137_260214_004236_s1/136776217/ccs,0,26,2,12,196,CAA_interrupted,60
H1,m84137_260214_004236_s1/115541109/ccs,0,26,2,12,196,CAA_interrupted,60
H1,m84137_260214_004236_s1/115935274/ccs,0,26,2,12,196,CAA_interrupted,60
H1,m84137_260214_004236_s1/153684822/ccs,0,26,2,12,196,CAA_interrupted,60
H1,m84137_260214_004236_s1/153684627/ccs,0,26,2,12,196,CAA_interrupted,60
H1,m84137_260214_004236_s1/153619119/ccs,0,26,2,12,196,CAA_interrupted,60
H1,m84137_260214_004236_s1/133433657/ccs,0,26,2,12,196,CAA_interrupted,60
H1,m84137_260214_004236_s1/145426211/ccs,0,26,2,12,196,CAA_interrupted,60
H1,m84137_260214_004236_s1/139067797/ccs,0,26,2,12,196,CAA_interrupted,60
H1,m84137_260214_004236_s1/160104701/ccs,0,26,2,12,196,CAA_interrupted,60
H1,m84137_260214_004236_s1/139264063/ccs,0,26,2,12,196,CAA_interrupted,60
H1,m84137_260214_004236_s1/146343111/ccs,0,26,2,12,196,CAA_interrupted,60
H1,m84137_260214_004236_s1/143133005/ccs,0,26,2,12,196,CAA_interrupted,60
H1,m84137_260214_004236_s1/143133369/ccs,0,26,2,12,196,CAA_interrupted,60
H1,m84137_260214_004236_s1/143065733/ccs,0,26,2,12,196,CAA_interrupted,60
H1,m84137_260214_004236_s1/146671008/ccs,0,26,2,12,196,CAA_interrupted,60
H1,m84137_260214_004236_s1/164103865/ccs,0,26,2,12,196,CAA_interrupted,60
H1,m84137_260214_004236_s1/164760423/ccs,0,26,2,12,196,CAA_interrupted,60
H1,m84137_260214_004236_s1/184747506/ccs,0,26,2,12,196,CAA_interrupted,60
H1,m84137_260214_004236_s1/144247198/ccs,0,26,2,12,196,CAA_interrupted,60
H1,m84137_260214_004236_s1/144968483/ccs,0,26,2,12,196,CAA_interrupted,60
H1,m84137_260214_004236_s1/169084571/ccs,0,26,2,12,196,CAA_interrupted,60
H1,m84137_260214_004236_s1/185731017/ccs,0,26,2,12,196,CAA_interrupted,60
H1,m84137_260214_004236_s1/190385139/ccs,0,26,2,12,196,CAA_interrupted,60
H1,m84137_260214_004236_s1/166726568/ccs,0,26,2,12,196,CAA_interrupted,60
H1,m84137_260214_004236_s1/191103973/ccs,0,26,2,12,196,CAA_interrupted,60
H1,m84137_260214_004236_s1/188023706/ccs,0,26,2,12,196,CAA_interrupted,60
H1,m84137_260214_004236_s1/192088593/ccs,0,26,2,12,196,CAA_interrupted,60
H1,m84137_260214_004236_s1/175834594/ccs,0,26,2,12,196,CAA_interrupted,60
H1,m84137_260214_004236_s1/172099693/ccs,0,26,2,12,196,CAA_interrupted,60
H1,m84137_260214_004236_s1/197919994/ccs,0,26,2,12,196,CAA_interrupted,60
H1,m84137_260214_004236_s1/229310755/ccs,0,26,2,12,196,CAA_interrupted,60
H1,m84137_260214_004236_s1/222235159/ccs,0,26,2,12,196,CAA_interrupted,60
H1,m84137_260214_004236_s1/208931383/ccs,0,26,2,12,196,CAA_interrupted,60
H1,m84137_260214_004236_s1/209191040/ccs,0,26,2,12,196,CAA_interrupted,60
H1,m84137_260214_004236_s1/183566719/ccs,0,26,2,12,196,CAA_interrupted,60
H1,m84137_260214_004236_s1/229770245/ccs,0,26,2,12,196,CAA_interrupted,60
H1,m84137_260214_004236_s1/229704532/ccs,0,26,2,12,196,CAA_interrupted,60
H1,m84137_260214_004236_s1/229968117/ccs,0,26,2,12,196,CAA_interrupted,60
H1,m84137_260214_004236_s1/222757483/ccs,0,26,2,12,196,CAA_interrupted,60
H1,m84137_260214_004236_s1/210045163/ccs,0,26,2,12,196,CAA_interrupted,60
H1,m84137_260214_004236_s1/205064323/ccs,0,26,2,12,196,CAA_interrupted,60
H1,m84137_260214_004236_s1/223412352/ccs,0,26,2,12,196,CAA_interrupted,60
H1,m84137_260214_004236_s1/230490804/ccs,0,26,2,12,196,CAA_interrupted,60
H1,m84137_260214_004236_s1/210504377/ccs,0,26,2,12,196,CAA_interrupted,60
H1,m84137_260214_004236_s1/210635753/ccs,0,26,2,12,196,CAA_interrupted,60
H1,m84137_260214_004236_s1/210829894/ccs,0,26,2,12,196,CAA_interrupted,60
H1,m84137_260214_004236_s1/251725178/ccs,0,26,2,12,196,CAA_interrupted,60
H1,m84137_260214_004236_s1/227019263/ccs,0,26,2,12,196,CAA_interrupted,60
H1,m84137_260214_004236_s1/227019490/ccs,0,26,2,12,196,CAA_interrupted,60
H1,m84137_260214_004236_s1/211158549/ccs,0,26,2,12,196,CAA_interrupted,60
H1,m84137_260214_004236_s1/206178412/ccs,0,26,2,12,196,CAA_interrupted,60
H1,m84137_260214_004236_s1/214172051/ccs,0,26,2,12,196,CAA_interrupted,60
H1,m84137_260214_004236_s1/212207824/ccs,0,26,2,12,196,CAA_interrupted,60
H1,m84137_260214_004236_s1/212467865/ccs,0,26,2,12,196,CAA_interrupted,60
H1,m84137_260214_004236_s1/214567051/ccs,0,26,2,12,196,CAA_interrupted,60
H1,m84137_260214_004236_s1/253821277/ccs,0,26,2,12,196,CAA_interrupted,60
H1,m84137_260214_004236_s1/146408315/ccs,0,26,2,12,196,CAA_interrupted,60
H1,m84137_260214_004236_s1/160564593/ccs,0,26,2,12,196,CAA_interrupted,60
H1,m84137_260214_004236_s1/167903621/ccs,0,26,2,12,196,CAA_interrupted,60
H1,m84137_260214_004236_s1/168100113/ccs,0,26,2,12,196,CAA_interrupted,60
H1,m84137_260214_004236_s1/185009367/ccs,0,26,2,12,196,CAA_interrupted,60
H1,m84137_260214_004236_s1/162137129/ccs,0,26,2,12,196,CAA_interrupted,60
H1,m84137_260214_004236_s1/148047036/ccs,0,26,2,12,196,CAA_interrupted,60
H1,m84137_260214_004236_s1/185927532/ccs,0,26,2,12,196,CAA_interrupted,60
H1,m84137_260214_004236_s1/166661086/ccs,0,26,2,12,196,CAA_interrupted,60
H1,m84137_260214_004236_s1/186583276/ccs,0,26,2,12,196,CAA_interrupted,60
H1,m84137_260214_004236_s1/169674854/ccs,0,26,2,12,196,CAA_interrupted,60
H1,m84137_260214_004236_s1/169738437/ccs,0,26,2,12,196,CAA_interrupted,60
H1,m84137_260214_004236_s1/149096180/ccs,0,26,2,12,196,CAA_interrupted,60
H1,m84137_260214_004236_s1/149291176/ccs,0,26,2,12,196,CAA_interrupted,60
H1,m84137_260214_004236_s1/187105558/ccs,0,26,2,12,196,CAA_interrupted,60
H1,m84137_260214_004236_s1/149358582/ccs,0,26,2,12,196,CAA_interrupted,60
H1,m84137_260214_004236_s1/149555649/ccs,0,26,2,12,196,CAA_interrupted,60
H1,m84137_260214_004236_s1/149553382/ccs,0,26,2,12,196,CAA_interrupted,60
H1,m84137_260214_004236_s1/191235379/ccs,0,26,2,12,196,CAA_interrupted,60
H1,m84137_260214_004236_s1/170787307/ccs,0,26,2,12,196,CAA_interrupted,60
H1,m84137_260214_004236_s1/150144369/ccs,0,26,2,12,196,CAA_interrupted,60
H1,m84137_260214_004236_s1/191892204/ccs,0,26,2,12,196,CAA_interrupted,60
H1,m84137_260214_004236_s1/196479074/ccs,0,26,2,12,196,CAA_interrupted,60
H1,m84137_260214_004236_s1/171508005/ccs,0,26,2,12,196,CAA_interrupted,60
H1,m84137_260214_004236_s1/233244408/ccs,0,26,2,12,196,CAA_interrupted,60
H1,m84137_260214_004236_s1/257297036/ccs,0,26,2,12,196,CAA_interrupted,60
H1,m84137_260214_004236_s1/215485136/ccs,0,26,2,12,196,CAA_interrupted,60
H1,m84137_260214_004236_s1/240977944/ccs,0,26,2,12,196,CAA_interrupted,60
H1,m84137_260214_004236_s1/216203586/ccs,0,26,2,12,196,CAA_interrupted,60
H1,m84137_260214_004236_s1/234291365/ccs,0,26,2,12,196,CAA_interrupted,60
H1,m84137_260214_004236_s1/216532209/ccs,0,26,2,12,196,CAA_interrupted,60
H1,m84137_260214_004236_s1/256311823/ccs,0,26,2,12,196,CAA_interrupted,60
H1,m84137_260214_004236_s1/242944010/ccs,0,26,2,12,196,CAA_interrupted,60
H1,m84137_260214_004236_s1/238616644/ccs,0,26,2,12,196,CAA_interrupted,60
H1,m84137_260214_004236_s1/238617346/ccs,0,26,2,12,196,CAA_interrupted,60
H1,m84137_260214_004236_s1/244777720/ccs,0,26,2,12,196,CAA_interrupted,60
H1,m84137_260214_004236_s1/265093853/ccs,0,26,2,12,196,CAA_interrupted,60
H1,m84137_260214_004236_s1/240320850/ccs,0,26,2,12,196,CAA_interrupted,60
H1,m84137_260214_004236_s1/247465386/ccs,0,26,2,12,196,CAA_interrupted,60
H1,m84137_260214_004236_s1/17960125/ccs,0,26,2,12,196,CAA_interrupted,60
H1,m84137_260214_004236_s1/247858819/ccs,0,26,2,12,196,CAA_interrupted,60
H1,m84137_260214_004236_s1/22548608/ccs,0,26,2,12,196,CAA_interrupted,60
H1,m84137_260214_004236_s1/23597436/ccs,0,26,2,12,196,CAA_interrupted,60
H1,m84137_260214_004236_s1/23858453/ccs,0,26,2,12,196,CAA_interrupted,60
H1,m84137_260214_004236_s1/23989625/ccs,0,26,2,12,196,CAA_interrupted,60
H1,m84137_260214_004236_s1/249693346/ccs,0,26,2,12,196,CAA_interrupted,60
H1,m84137_260214_004236_s1/4264303/ccs,0,26,2,12,196,CAA_interrupted,60
H1,m84137_260214_004236_s1/250152210/ccs,0,26,2,12,196,CAA_interrupted,60
H1,m84137_260214_004236_s1/250284615/ccs,0,26,2,12,196,CAA_interrupted,60
H1,m84137_260214_004236_s1/21173500/ccs,0,26,2,12,196,CAA_interrupted,60
H1,m84137_260214_004236_s1/7344747/ccs,0,26,2,12,196,CAA_interrupted,60
H1,m84137_260214_004236_s1/33688579/ccs,0,26,2,12,196,CAA_interrupted,60
H1,m84137_260214_004236_s1/7540473/ccs,0,26,2,12,196,CAA_interrupted,60
H1,m84137_260214_004236_s1/7802172/ccs,0,26,2,12,196,CAA_interrupted,60
H1,m84137_260214_004236_s1/7607297/ccs,0,26,2,12,196,CAA_interrupted,60
H1,m84137_260214_004236_s1/7869374/ccs,0,26,2,12,196,CAA_interrupted,60
H1,m84137_260214_004236_s1/34476101/ccs,0,26,2,12,196,CAA_interrupted,60
H1,m84137_260214_004236_s1/30019850/ccs,0,26,2,12,196,CAA_interrupted,60
H1,m84137_260214_004236_s1/9309193/ccs,0,26,2,12,196,CAA_interrupted,60
H1,m84137_260214_004236_s1/51253513/ccs,0,26,2,12,196,CAA_interrupted,60
H1,m84137_260214_004236_s1/11539915/ccs,0,26,2,12,196,CAA_interrupted,60
H1,m84137_260214_004236_s1/10488845/ccs,0,26,2,12,196,CAA_interrupted,60
H1,m84137_260214_004236_s1/31527201/ccs,0,26,2,12,196,CAA_interrupted,60
H1,m84137_260214_004236_s1/36770564/ccs,0,26,2,12,196,CAA_interrupted,60
H1,m84137_260214_004236_s1/32575533/ccs,0,26,2,12,196,CAA_interrupted,60
H1,m84137_260214_004236_s1/37621136/ccs,0,26,2,12,196,CAA_interrupted,60
H1,m84137_260214_004236_s1/37949464/ccs,0,26,2,12,196,CAA_interrupted,60
H1,m84137_260214_004236_s1/40373274/ccs,0,26,2,12,196,CAA_interrupted,60
H1,m84137_260214_004236_s1/57218182/ccs,0,26,2,12,196,CAA_interrupted,60
H1,m84137_260214_004236_s1/176228054/ccs,0,26,2,12,196,CAA_interrupted,60
H1,m84137_260214_004236_s1/189793354/ccs,0,26,2,12,196,CAA_interrupted,60
H1,m84137_260214_004236_s1/179570447/ccs,0,26,2,12,196,CAA_interrupted,60
H1,m84137_260214_004236_s1/179635670/ccs,0,26,2,12,196,CAA_interrupted,60
H1,m84137_260214_004236_s1/218106684/ccs,0,26,2,12,196,CAA_interrupted,60
H1,m84137_260214_004236_s1/172493048/ccs,0,26,2,12,196,CAA_interrupted,60
H1,m84137_260214_004236_s1/179963314/ccs,0,26,2,12,196,CAA_interrupted,60
H1,m84137_260214_004236_s1/179898377/ccs,0,26,2,12,196,CAA_interrupted,60
H1,m84137_260214_004236_s1/218564218/ccs,0,26,2,12,196,CAA_interrupted,60
H1,m84137_260214_004236_s1/193923247/ccs,0,26,2,12,196,CAA_interrupted,60
H1,m84137_260214_004236_s1/198248832/ccs,0,26,2,12,196,CAA_interrupted,60
H1,m84137_260214_004236_s1/180093406/ccs,0,26,2,12,196,CAA_interrupted,60
H1,m84137_260214_004236_s1/177802170/ccs,0,26,2,12,196,CAA_interrupted,60
H1,m84137_260214_004236_s1/180684588/ccs,0,26,2,12,196,CAA_interrupted,60
H1,m84137_260214_004236_s1/198576576/ccs,0,26,2,12,196,CAA_interrupted,60
H1,m84137_260214_004236_s1/178455241/ccs,0,26,2,12,196,CAA_interrupted,60
H1,m84137_260214_004236_s1/201589890/ccs,0,26,2,12,196,CAA_interrupted,60
H1,m84137_260214_004236_s1/195101498/ccs,0,26,2,12,196,CAA_interrupted,60
H1,m84137_260214_004236_s1/178719077/ccs,0,26,2,12,196,CAA_interrupted,60
H1,m84137_260214_004236_s1/219677936/ccs,0,26,2,12,196,CAA_interrupted,60
H1,m84137_260214_004236_s1/201984733/ccs,0,26,2,12,196,CAA_interrupted,60
H1,m84137_260214_004236_s1/201788388/ccs,0,26,2,12,196,CAA_interrupted,60
H1,m84137_260214_004236_s1/195691188/ccs,0,26,2,12,196,CAA_interrupted,60
H1,m84137_260214_004236_s1/202507563/ccs,0,26,2,12,196,CAA_interrupted,60
H1,m84137_260214_004236_s1/182125272/ccs,0,26,2,12,196,CAA_interrupted,60
H1,m84137_260214_004236_s1/202704616/ccs,0,26,2,12,196,CAA_interrupted,60
H1,m84137_260214_004236_s1/182190952/ccs,0,26,2,12,196,CAA_interrupted,60
H1,m84137_260214_004236_s1/220922833/ccs,0,26,2,12,196,CAA_interrupted,60
H1,m84137_260214_004236_s1/221119188/ccs,0,26,2,12,196,CAA_interrupted,60
H1,m84137_260214_004236_s1/127928824/ccs,0,26,2,12,196,CAA_interrupted,60
H1,m84137_260214_004236_s1/132056145/ccs,0,26,2,12,196,CAA_interrupted,60
H1,m84137_260214_004236_s1/156959826/ccs,0,26,2,12,196,CAA_interrupted,60
H1,m84137_260214_004236_s1/136448671/ccs,0,26,2,12,196,CAA_interrupted,60
H1,m84137_260214_004236_s1/115867832/ccs,0,26,2,12,196,CAA_interrupted,60
H1,m84137_260214_004236_s1/153683719/ccs,0,26,2,12,196,CAA_interrupted,60
H1,m84137_260214_004236_s1/133300396/ccs,0,26,2,12,196,CAA_interrupted,60
H1,m84137_260214_004236_s1/154208222/ccs,0,26,2,12,196,CAA_interrupted,60
H1,m84137_260214_004236_s1/154468796/ccs,0,26,2,12,196,CAA_interrupted,60
H1,m84137_260214_004236_s1/154667668/ccs,0,26,2,12,196,CAA_interrupted,60
H1,m84137_260214_004236_s1/145558047/ccs,0,26,2,12,196,CAA_interrupted,60
H1,m84137_260214_004236_s1/154994658/ccs,0,26,2,12,196,CAA_interrupted,60
H1,m84137_260214_004236_s1/142542840/ccs,0,26,2,12,196,CAA_interrupted,60
H1,m84137_260214_004236_s1/160368982/ccs,0,26,2,12,196,CAA_interrupted,60
H1,m84137_260214_004236_s1/143001524/ccs,0,26,2,12,196,CAA_interrupted,60
H1,m84137_260214_004236_s1/216139219/ccs,0,26,2,12,196,CAA_interrupted,60
H1,m84137_260214_004236_s1/7276821/ccs,0,26,2,12,196,CAA_interrupted,60
H1,m84137_260214_004236_s1/184158435/ccs,0,26,2,12,196,CAA_interrupted,60
H1,m84137_260214_004236_s1/12457104/ccs,0,26,2,12,196,CAA_interrupted,60
H1,m84137_260214_004236_s1/102502248/ccs,0,26,2,12,196,CAA_interrupted,60
H1,m84137_260214_004236_s1/29821883/ccs,0,26,2,12,196,CAA_interrupted,60
H1,m84137_260214_004236_s1/252249254/ccs,0,26,2,12,196,CAA_interrupted,60
H1,m84137_260214_004236_s1/99747624/ccs,0,26,2,12,196,CAA_interrupted,60
H1,m84137_260214_004236_s1/78516651/ccs,0,26,2,12,196,CAA_interrupted,60
H1,m84137_260214_004236_s1/227672727/ccs,0,26,2,12,196,CAA_interrupted,60
H1,m84137_260214_004236_s1/163712195/ccs,0,26,2,12,196,CAA_interrupted,60
H1,m84137_260214_004236_s1/120916370/ccs,0,26,2,12,196,CAA_interrupted,60
H1,m84137_260214_004236_s1/239993721/ccs,0,26,2,12,197,CAA_interrupted,60
H1,m84137_260214_004236_s1/223742350/ccs,0,26,2,12,197,CAA_interrupted,60
H1,m84137_260214_004236_s1/68487500/ccs,0,26,2,12,197,CAA_interrupted,60
H1,m84137_260214_004236_s1/152963400/ccs,0,26,2,12,197,CAA_interrupted,60
H1,m84137_260214_004236_s1/177014433/ccs,0,26,2,13,197,CAA_interrupted,60
H1,m84137_260214_004236_s1/87296611/ccs,0,26,2,12,197,CAA_interrupted,60
H1,m84137_260214_004236_s1/193597947/ccs,0,26,2,12,197,CAA_interrupted,60
H1,m84137_260214_004236_s1/212011805/ccs,0,26,2,12,197,CAA_interrupted,60
H1,m84137_260214_004236_s1/136776537/ccs,0,26,2,12,197,CAA_interrupted,60
H1,m84137_260214_004236_s1/68752737/ccs,0,26,2,12,198,CAA_interrupted,60
H1,m84137_260214_004236_s1/164102454/ccs,0,26,2,12,198,CAA_interrupted,60
H1,m84137_260214_004236_s1/198771051/ccs,0,26,2,12,198,CAA_interrupted,60
H1,m84137_260214_004236_s1/143591764/ccs,0,27,2,11,199,CAA_interrupted,60
H1,m84137_260214_004236_s1/221188336/ccs,0,27,2,12,199,CAA_interrupted,60
H1,m84137_260214_004236_s1/181015949/ccs,0,27,2,12,199,CAA_interrupted,60
H1,m84137_260214_004236_s1/30280649/ccs,0,27,2,12,199,CAA_interrupted,60
H1,m84137_260214_004236_s1/183372566/ccs,0,27,2,12,199,CAA_interrupted,60
H1,m84137_260214_004236_s1/121574532/ccs,0,27,2,12,199,CAA_interrupted,60
H1,m84137_260214_004236_s1/110432085/ccs,0,27,2,12,199,CAA_interrupted,60
H1,m84137_260214_004236_s1/163648958/ccs,0,27,2,12,199,CAA_interrupted,60
H1,m84137_260214_004236_s1/33883187/ccs,0,27,2,12,199,CAA_interrupted,60
H1,m84137_260214_004236_s1/39584700/ccs,0,27,2,12,199,CAA_interrupted,60
H1,m84137_260214_004236_s1/55510966/ccs,0,27,2,12,199,CAA_interrupted,60
H1,m84137_260214_004236_s1/118164183/ccs,0,27,2,12,199,CAA_interrupted,60
H1,m84137_260214_004236_s1/108068990/ccs,0,27,2,12,199,CAA_interrupted,60
H1,m84137_260214_004236_s1/156764162/ccs,0,27,2,12,199,CAA_interrupted,60
H1,m84137_260214_004236_s1/138086887/ccs,0,27,2,12,199,CAA_interrupted,60
H1,m84137_260214_004236_s1/192479458/ccs,0,27,2,12,199,CAA_interrupted,60
H1,m84137_260214_004236_s1/233376073/ccs,0,27,2,12,199,CAA_interrupted,60
H1,m84137_260214_004236_s1/19074643/ccs,0,27,2,12,199,CAA_interrupted,60
H1,m84137_260214_004236_s1/69275546/ccs,0,27,2,12,199,CAA_interrupted,60
H1,m84137_260214_004236_s1/76549214/ccs,0,27,2,12,199,CAA_interrupted,60
H1,m84137_260214_004236_s1/108073977/ccs,0,27,2,12,199,CAA_interrupted,60
H1,m84137_260214_004236_s1/158209670/ccs,0,27,2,12,199,CAA_interrupted,60
H1,m84137_260214_004236_s1/186650165/ccs,0,27,2,12,199,CAA_interrupted,60
H1,m84137_260214_004236_s1/189731028/ccs,0,27,2,12,199,CAA_interrupted,60
H1,m84137_260214_004236_s1/239080662/ccs,0,27,2,12,199,CAA_interrupted,60
H1,m84137_260214_004236_s1/107678227/ccs,0,27,2,12,199,CAA_interrupted,60
H1,m84137_260214_004236_s1/242484400/ccs,0,27,2,12,199,CAA_interrupted,60
H1,m84137_260214_004236_s1/260115579/ccs,0,27,2,12,199,CAA_interrupted,60
H1,m84137_260214_004236_s1/57672499/ccs,0,27,2,12,199,CAA_interrupted,60
H1,m84137_260214_004236_s1/59508697/ccs,0,27,2,12,199,CAA_interrupted,60
H1,m84137_260214_004236_s1/139138528/ccs,0,26,2,13,199,CAA_interrupted,60
H1,m84137_260214_004236_s1/226295951/ccs,0,27,2,12,199,CAA_interrupted,60
H1,m84137_260214_004236_s1/82182185/ccs,0,27,2,12,199,CAA_interrupted,60
H1,m84137_260214_004236_s1/119341963/ccs,0,27,2,12,199,CAA_interrupted,60
H1,m84137_260214_004236_s1/126354786/ccs,0,26,2,13,199,CAA_interrupted,60
H1,m84137_260214_004236_s1/168559471/ccs,0,27,2,12,199,CAA_interrupted,60
H1,m84137_260214_004236_s1/197855169/ccs,0,26,2,13,199,CAA_interrupted,60
H1,m84137_260214_004236_s1/173278066/ccs,0,27,2,12,199,CAA_interrupted,60
H1,m84137_260214_004236_s1/210109376/ccs,0,27,2,12,199,CAA_interrupted,60
H1,m84137_260214_004236_s1/206636971/ccs,0,27,2,12,199,CAA_interrupted,60
H1,m84137_260214_004236_s1/243598755/ccs,0,27,2,12,199,CAA_interrupted,60
H1,m84137_260214_004236_s1/247269648/ccs,0,27,2,12,199,CAA_interrupted,60
H1,m84137_260214_004236_s1/245238263/ccs,0,27,2,12,199,CAA_interrupted,60
H1,m84137_260214_004236_s1/37162658/ccs,0,27,2,12,199,CAA_interrupted,60
H1,m84137_260214_004236_s1/110826685/ccs,0,27,2,12,199,CAA_interrupted,60
H1,m84137_260214_004236_s1/218174833/ccs,0,27,2,12,199,CAA_interrupted,60
H1,m84137_260214_004236_s1/209719360/ccs,0,27,2,12,199,CAA_interrupted,60
H1,m84137_260214_004236_s1/204344431/ccs,0,27,2,12,199,CAA_interrupted,60
H1,m84137_260214_004236_s1/37750344/ccs,0,27,2,12,199,CAA_interrupted,60
H1,m84137_260214_004236_s1/24056346/ccs,0,27,2,12,199,CAA_interrupted,60
H1,m84137_260214_004236_s1/169017480/ccs,0,26,2,13,199,CAA_interrupted,60
H1,m84137_260214_004236_s1/92607940/ccs,0,27,2,12,199,CAA_interrupted,60
H1,m84137_260214_004236_s1/27399985/ccs,0,27,2,12,199,CAA_interrupted,60
H1,m84137_260214_004236_s1/125637305/ccs,0,26,2,13,199,CAA_interrupted,60
H1,m84137_260214_004236_s1/150672120/ccs,0,26,2,13,199,CAA_interrupted,60
H1,m84137_260214_004236_s1/66259711/ccs,0,27,2,12,199,CAA_interrupted,60
H1,m84137_260214_004236_s1/243140409/ccs,0,27,2,12,199,CAA_interrupted,60
H1,m84137_260214_004236_s1/53152030/ccs,0,27,2,12,199,CAA_interrupted,60
H1,m84137_260214_004236_s1/67503201/ccs,0,27,2,12,199,CAA_interrupted,60
H1,m84137_260214_004236_s1/104924410/ccs,0,27,2,12,199,CAA_interrupted,60
H1,m84137_260214_004236_s1/127932280/ccs,0,27,2,12,199,CAA_interrupted,60
H1,m84137_260214_004236_s1/95486260/ccs,0,26,2,12,199,CAA_interrupted,60
H1,m84137_260214_004236_s1/149689404/ccs,0,27,2,12,199,CAA_interrupted,60
H1,m84137_260214_004236_s1/198970837/ccs,0,27,2,12,199,CAA_interrupted,60
H1,m84137_260214_004236_s1/139006945/ccs,0,27,2,12,199,CAA_interrupted,60
H1,m84137_260214_004236_s1/261883145/ccs,0,27,2,12,199,CAA_interrupted,60
H1,m84137_260214_004236_s1/92477052/ccs,0,27,2,12,199,CAA_interrupted,60
H1,m84137_260214_004236_s1/261820509/ccs,0,27,2,12,199,CAA_interrupted,60
H1,m84137_260214_004236_s1/43913811/ccs,0,26,2,13,199,CAA_interrupted,60
H1,m84137_260214_004236_s1/100733230/ccs,0,27,2,12,199,CAA_interrupted,60
H1,m84137_260214_004236_s1/77141093/ccs,0,27,2,12,199,CAA_interrupted,60
H1,m84137_260214_004236_s1/228066053/ccs,0,27,2,12,199,CAA_interrupted,60
H1,m84137_260214_004236_s1/229114691/ccs,0,27,2,12,199,CAA_interrupted,60
H1,m84137_260214_004236_s1/168165476/ccs,0,27,2,12,199,CAA_interrupted,60
H1,m84137_260214_004236_s1/148767899/ccs,0,27,2,12,199,CAA_interrupted,60
H1,m84137_260214_004236_s1/190515502/ccs,0,27,2,12,199,CAA_interrupted,60
H1,m84137_260214_004236_s1/251265267/ccs,0,27,2,12,199,CAA_interrupted,60
H1,m84137_260214_004236_s1/177998785/ccs,0,27,2,12,199,CAA_interrupted,60
H1,m84137_260214_004236_s1/202115455/ccs,0,27,2,12,199,CAA_interrupted,60
H1,m84137_260214_004236_s1/199756109/ccs,0,27,2,12,199,CAA_interrupted,60
H1,m84137_260214_004236_s1/137365779/ccs,0,27,2,12,199,CAA_interrupted,60
H1,m84137_260214_004236_s1/261953096/ccs,0,27,2,12,199,CAA_interrupted,60
H1,m84137_260214_004236_s1/260443181/ccs,0,27,2,12,199,CAA_interrupted,60
H1,m84137_260214_004236_s1/9442839/ccs,0,27,2,12,200,CAA_interrupted,60
H1,m84137_260214_004236_s1/95224686/ccs,0,26,2,13,200,CAA_interrupted,60
H1,m84137_260214_004236_s1/62657722/ccs,0,24,4,11,200,CAA_interrupted,60
H1,m84137_260214_004236_s1/4917684/ccs,0,27,2,12,201,CAA_interrupted,60
H1,m84137_260214_004236_s1/111149353/ccs,0,27,2,12,201,CAA_interrupted,60
H1,m84137_260214_004236_s1/97193432/ccs,0,28,2,12,202,CAA_interrupted,60
H1,m84137_260214_004236_s1/134153177/ccs,0,28,2,12,202,CAA_interrupted,60
H1,m84137_260214_004236_s1/204211695/ccs,0,28,2,12,202,CAA_interrupted,60
H1,m84137_260214_004236_s1/59771295/ccs,0,27,2,13,202,CAA_interrupted,60
H1,m84137_260214_004236_s1/170791034/ccs,0,28,2,12,202,CAA_interrupted,60
H1,m84137_260214_004236_s1/252119492/ccs,0,28,2,12,202,CAA_interrupted,60
H1,m84137_260214_004236_s1/128453550/ccs,0,27,2,13,203,CAA_interrupted,60
H1,m84137_260214_004236_s1/160956493/ccs,0,27,3,12,203,CAA_interrupted,60
H1,m84137_260214_004236_s1/254150886/ccs,0,28,2,12,204,CAA_interrupted,60
H1,m84137_260214_004236_s1/116394742/ccs,0,29,2,12,205,CAA_interrupted,60
H1,m84137_260214_004236_s1/80612642/ccs,1,47,2,12,259,CAA_interrupted,60
H1,m84137_260214_004236_s1/114888134/ccs,1,47,2,12,259,CAA_interrupted,60
H1,m84137_260214_004236_s1/138084631/ccs,1,47,2,12,259,CAA_interrupted,60
H1,m84137_260214_004236_s1/27199347/ccs,1,48,2,12,262,CAA_interrupted,60
H1,m84137_260214_004236_s1/199493021/ccs,1,48,2,12,262,CAA_interrupted,60
H1,m84137_260214_004236_s1/71307148/ccs,1,48,2,12,262,CAA_interrupted,60
H1,m84137_260214_004236_s1/185078584/ccs,1,48,2,12,262,CAA_interrupted,60
H1,m84137_260214_004236_s1/82316317/ccs,1,48,2,12,262,CAA_interrupted,60
H1,m84137_260214_004236_s1/70128889/ccs,1,48,2,12,262,CAA_interrupted,60
H1,m84137_260214_004236_s1/166201623/ccs,1,48,2,12,262,CAA_interrupted,60
H1,m84137_260214_004236_s1/189268028/ccs,1,48,2,12,262,CAA_interrupted,60
H1,m84137_260214_004236_s1/41031017/ccs,1,48,2,12,262,CAA_interrupted,60
H1,m84137_260214_004236_s1/80088059/ccs,1,48,2,12,262,CAA_interrupted,60
H1,m84137_260214_004236_s1/168826227/ccs,1,46,3,12,263,CAA_interrupted,60
H1,m84137_260214_004236_s1/40043989/ccs,1,46,3,12,264,CAA_interrupted,60
H1,m84137_260214_004236_s1/55577609/ccs,1,49,2,11,264,CAA_interrupted,60
H1,m84137_260214_004236_s1/175965990/ccs,1,48,3,12,265,CAA_interrupted,60
H1,m84137_260214_004236_s1/17105220/ccs,1,49,2,12,265,CAA_interrupted,60
H1,m84137_260214_004236_s1/6687640/ccs,1,49,2,12,265,CAA_interrupted,60
H1,m84137_260214_004236_s1/55445247/ccs,1,49,2,12,265,CAA_interrupted,60
H1,m84137_260214_004236_s1/88017102/ccs,1,49,2,12,265,CAA_interrupted,60
H1,m84137_260214_004236_s1/206831994/ccs,1,49,2,12,265,CAA_interrupted,60
H1,m84137_260214_004236_s1/174002728/ccs,1,49,2,12,265,CAA_interrupted,60
H1,m84137_260214_004236_s1/205000706/ccs,1,49,2,12,265,CAA_interrupted,60
H1,m84137_260214_004236_s1/80481785/ccs,1,49,2,12,265,CAA_interrupted,60
H1,m84137_260214_004236_s1/168887915/ccs,1,49,2,12,265,CAA_interrupted,60
H1,m84137_260214_004236_s1/138482656/ccs,1,49,2,12,265,CAA_interrupted,60
H1,m84137_260214_004236_s1/173477186/ccs,1,49,2,12,265,CAA_interrupted,60
H1,m84137_260214_004236_s1/26477619/ccs,1,49,2,12,265,CAA_interrupted,60
H1,m84137_260214_004236_s1/101975608/ccs,1,49,2,12,265,CAA_interrupted,60
H1,m84137_260214_004236_s1/164694708/ccs,1,49,2,12,265,CAA_interrupted,60
H1,m84137_260214_004236_s1/192153308/ccs,1,49,2,12,265,CAA_interrupted,60
H1,m84137_260214_004236_s1/221380722/ccs,1,49,2,12,265,CAA_interrupted,60
H1,m84137_260214_004236_s1/256835933/ccs,1,49,2,12,265,CAA_interrupted,60
H1,m84137_260214_004236_s1/243599088/ccs,1,50,1,12,265,CAA_interrupted,60
H1,m84137_260214_004236_s1/245826613/ccs,1,49,2,12,265,CAA_interrupted,60
H1,m84137_260214_004236_s1/23269266/ccs,1,49,2,12,265,CAA_interrupted,60
H1,m84137_260214_004236_s1/100798642/ccs,1,49,2,12,265,CAA_interrupted,60
H1,m84137_260214_004236_s1/246747110/ccs,1,49,2,12,265,CAA_interrupted,60
H1,m84137_260214_004236_s1/229575430/ccs,1,49,2,12,265,CAA_interrupted,60
H1,m84137_260214_004236_s1/6096321/ccs,1,49,2,12,265,CAA_interrupted,60
H1,m84137_260214_004236_s1/30933600/ccs,1,49,2,12,265,CAA_interrupted,60
H1,m84137_260214_004236_s1/32311900/ccs,1,49,2,12,265,CAA_interrupted,60
H1,m84137_260214_004236_s1/16646617/ccs,1,49,2,12,265,CAA_interrupted,60
H1,m84137_260214_004236_s1/98371020/ccs,1,49,2,12,265,CAA_interrupted,60
H1,m84137_260214_004236_s1/122294332/ccs,1,49,2,12,265,CAA_interrupted,60
H1,m84137_260214_004236_s1/96470075/ccs,1,49,2,12,265,CAA_interrupted,60
H1,m84137_260214_004236_s1/213257961/ccs,1,51,2,10,265,CAA_interrupted,60
H1,m84137_260214_004236_s1/116594182/ccs,1,49,2,12,265,CAA_interrupted,60
H1,m84137_260214_004236_s1/168824151/ccs,1,49,2,12,265,CAA_interrupted,60
H1,m84137_260214_004236_s1/44765640/ccs,1,49,2,12,265,CAA_interrupted,60
H1,m84137_260214_004236_s1/220073212/ccs,1,49,2,12,265,CAA_interrupted,60
H1,m84137_260214_004236_s1/151456185/ccs,1,49,2,12,265,CAA_interrupted,60
H1,m84137_260214_004236_s1/26743897/ccs,1,49,2,12,265,CAA_interrupted,60
H1,m84137_260214_004236_s1/59249210/ccs,1,49,2,12,265,CAA_interrupted,60
H1,m84137_260214_004236_s1/16389280/ccs,1,49,2,12,265,CAA_interrupted,60
H1,m84137_260214_004236_s1/204801270/ccs,1,49,2,12,265,CAA_interrupted,60
H1,m84137_260214_004236_s1/169215906/ccs,1,49,2,12,265,CAA_interrupted,60
H1,m84137_260214_004236_s1/259851344/ccs,1,49,2,12,265,CAA_interrupted,60
H1,m84137_260214_004236_s1/243141568/ccs,1,49,2,12,265,CAA_interrupted,60
H1,m84137_260214_004236_s1/248056695/ccs,1,49,2,12,265,CAA_interrupted,60
H1,m84137_260214_004236_s1/37293541/ccs,1,49,2,12,265,CAA_interrupted,60
H1,m84137_260214_004236_s1/202835413/ccs,1,49,2,12,265,CAA_interrupted,60
H1,m84137_260214_004236_s1/115736821/ccs,1,49,2,12,265,CAA_interrupted,60
H1,m84137_260214_004236_s1/103878621/ccs,1,48,2,12,266,CAA_interrupted,60
H1,m84137_260214_004236_s1/6883629/ccs,1,49,2,12,266,CAA_interrupted,60
H1,m84137_260214_004236_s1/71765527/ccs,1,50,2,12,268,CAA_interrupted,60
H1,m84137_260214_004236_s1/161022792/ccs,1,50,2,12,268,CAA_interrupted,60
H1,m84137_260214_004236_s1/16847697/ccs,1,50,2,12,268,CAA_interrupted,60
H1,m84137_260214_004236_s1/47846329/ccs,1,50,2,12,268,CAA_interrupted,60
H1,m84137_260214_004236_s1/167054464/ccs,1,50,2,12,268,CAA_interrupted,60
H1,m84137_260214_004236_s1/196482578/ccs,1,50,2,12,268,CAA_interrupted,60
H1,m84137_260214_004236_s1/100601335/ccs,1,50,2,12,268,CAA_interrupted,60
H1,m84137_260214_004236_s1/146478953/ccs,1,50,2,12,268,CAA_interrupted,60
H1,m84137_260214_004236_s1/202509383/ccs,1,50,2,12,268,CAA_interrupted,60
H1,m84137_260214_004236_s1/226886398/ccs,1,50,2,12,268,CAA_interrupted,60
H1,m84137_260214_004236_s1/142284490/ccs,1,50,2,12,268,CAA_interrupted,60
H1,m84137_260214_004236_s1/112002225/ccs,1,50,2,12,268,CAA_interrupted,60
H1,m84137_260214_004236_s1/243272495/ccs,1,50,2,12,268,CAA_interrupted,60
H1,m84137_260214_004236_s1/220072613/ccs,1,50,2,12,268,CAA_interrupted,60
H1,m84137_260214_004236_s1/121374686/ccs,1,50,2,12,268,CAA_interrupted,60
H1,m84137_260214_004236_s1/59837241/ccs,1,50,2,12,268,CAA_interrupted,60
H1,m84137_260214_004236_s1/114166323/ccs,1,50,2,12,268,CAA_interrupted,60
H1,m84137_260214_004236_s1/231145600/ccs,1,50,2,12,268,CAA_interrupted,60
H1,m84137_260214_004236_s1/258212457/ccs,1,50,2,12,268,CAA_interrupted,60
H1,m84137_260214_004236_s1/67177663/ccs,1,50,2,12,268,CAA_interrupted,60
H1,m84137_260214_004236_s1/70652331/ccs,1,50,2,12,268,CAA_interrupted,60
H1,m84137_260214_004236_s1/135926056/ccs,1,50,2,12,268,CAA_interrupted,60
H1,m84137_260214_004236_s1/148507654/ccs,1,50,2,12,268,CAA_interrupted,60
H1,m84137_260214_004236_s1/11666638/ccs,1,50,2,12,268,CAA_interrupted,60
H1,m84137_260214_004236_s1/18678954/ccs,1,50,2,12,268,CAA_interrupted,60
H1,m84137_260214_004236_s1/55904843/ccs,1,50,2,12,268,CAA_interrupted,60
H1,m84137_260214_004236_s1/36309388/ccs,1,50,2,12,268,CAA_interrupted,60
H1,m84137_260214_004236_s1/58328634/ccs,1,50,2,12,268,CAA_interrupted,60
H1,m84137_260214_004236_s1/60556127/ccs,1,50,2,12,268,CAA_interrupted,60
H1,m84137_260214_004236_s1/55380398/ccs,1,50,2,12,268,CAA_interrupted,60
H1,m84137_260214_004236_s1/68289351/ccs,1,50,2,12,268,CAA_interrupted,60
H1,m84137_260214_004236_s1/49612635/ccs,1,50,2,12,268,CAA_interrupted,60
H1,m84137_260214_004236_s1/87622735/ccs,1,50,2,12,268,CAA_interrupted,60
H1,m84137_260214_004236_s1/94635608/ccs,1,50,2,12,268,CAA_interrupted,60
H1,m84137_260214_004236_s1/77728732/ccs,1,50,2,12,268,CAA_interrupted,60
H1,m84137_260214_004236_s1/123602688/ccs,1,50,2,12,268,CAA_interrupted,60
H1,m84137_260214_004236_s1/107743801/ccs,1,50,2,12,268,CAA_interrupted,60
H1,m84137_260214_004236_s1/111871952/ccs,1,50,2,12,268,CAA_interrupted,60
H1,m84137_260214_004236_s1/103415923/ccs,1,50,2,12,268,CAA_interrupted,60
H1,m84137_260214_004236_s1/105645019/ccs,1,50,2,12,268,CAA_interrupted,60
H1,m84137_260214_004236_s1/152372560/ccs,1,50,2,12,268,CAA_interrupted,60
H1,m84137_260214_004236_s1/142674856/ccs,1,50,2,12,268,CAA_interrupted,60
H1,m84137_260214_004236_s1/139593683/ccs,1,50,2,12,268,CAA_interrupted,60
H1,m84137_260214_004236_s1/161350538/ccs,1,50,2,12,268,CAA_interrupted,60
H1,m84137_260214_004236_s1/147652902/ccs,1,50,2,12,268,CAA_interrupted,60
H1,m84137_260214_004236_s1/196019675/ccs,1,50,2,12,268,CAA_interrupted,60
H1,m84137_260214_004236_s1/150798503/ccs,1,50,2,12,268,CAA_interrupted,60
H1,m84137_260214_004236_s1/193135964/ccs,1,50,2,12,268,CAA_interrupted,60
H1,m84137_260214_004236_s1/200280745/ccs,1,50,2,12,268,CAA_interrupted,60
H1,m84137_260214_004236_s1/221053389/ccs,1,50,2,12,268,CAA_interrupted,60
H1,m84137_260214_004236_s1/221774785/ccs,1,50,2,12,268,CAA_interrupted,60
H1,m84137_260214_004236_s1/209519927/ccs,1,50,2,12,268,CAA_interrupted,60
H1,m84137_260214_004236_s1/251660171/ccs,1,50,2,12,268,CAA_interrupted,60
H1,m84137_260214_004236_s1/227737833/ccs,1,50,2,12,268,CAA_interrupted,60
H1,m84137_260214_004236_s1/234947671/ccs,1,50,2,12,268,CAA_interrupted,60
H1,m84137_260214_004236_s1/238814719/ccs,1,50,2,12,268,CAA_interrupted,60
H1,m84137_260214_004236_s1/264438385/ccs,1,50,2,12,268,CAA_interrupted,60
H1,m84137_260214_004236_s1/18028111/ccs,1,50,2,12,268,CAA_interrupted,60
H1,m84137_260214_004236_s1/249169494/ccs,1,50,2,12,268,CAA_interrupted,60
H1,m84137_260214_004236_s1/3935559/ccs,1,50,2,12,268,CAA_interrupted,60
H1,m84137_260214_004236_s1/28447296/ccs,1,50,2,12,268,CAA_interrupted,60
H1,m84137_260214_004236_s1/28511381/ccs,1,50,2,12,268,CAA_interrupted,60
H1,m84137_260214_004236_s1/39130424/ccs,1,50,2,12,268,CAA_interrupted,60
H1,m84137_260214_004236_s1/41031198/ccs,1,50,2,12,268,CAA_interrupted,60
H1,m84137_260214_004236_s1/44175699/ccs,1,50,2,12,268,CAA_interrupted,60
H1,m84137_260214_004236_s1/45749933/ccs,1,50,2,12,268,CAA_interrupted,60
H1,m84137_260214_004236_s1/72815072/ccs,1,50,2,12,268,CAA_interrupted,60
H1,m84137_260214_004236_s1/61411153/ccs,1,50,2,12,268,CAA_interrupted,60
H1,m84137_260214_004236_s1/70978933/ccs,1,50,2,12,268,CAA_interrupted,60
H1,m84137_260214_004236_s1/89461445/ccs,1,50,2,12,268,CAA_interrupted,60
H1,m84137_260214_004236_s1/92344549/ccs,1,50,2,12,268,CAA_interrupted,60
H1,m84137_260214_004236_s1/76944233/ccs,1,50,2,12,268,CAA_interrupted,60
H1,m84137_260214_004236_s1/118888097/ccs,1,50,2,12,268,CAA_interrupted,60
H1,m84137_260214_004236_s1/78451723/ccs,1,50,2,12,268,CAA_interrupted,60
H1,m84137_260214_004236_s1/81203010/ccs,1,50,2,12,268,CAA_interrupted,60
H1,m84137_260214_004236_s1/129177404/ccs,1,50,2,12,268,CAA_interrupted,60
H1,m84137_260214_004236_s1/109711284/ccs,1,50,2,12,268,CAA_interrupted,60
H1,m84137_260214_004236_s1/130878787/ccs,1,50,2,12,268,CAA_interrupted,60
H1,m84137_260214_004236_s1/136646144/ccs,1,50,2,12,268,CAA_interrupted,60
H1,m84137_260214_004236_s1/142218169/ccs,1,50,2,12,268,CAA_interrupted,60
H1,m84137_260214_004236_s1/159387871/ccs,1,50,2,12,268,CAA_interrupted,60
H1,m84137_260214_004236_s1/185797657/ccs,1,51,2,11,268,CAA_interrupted,60
H1,m84137_260214_004236_s1/147918626/ccs,1,50,2,12,268,CAA_interrupted,60
H1,m84137_260214_004236_s1/198315185/ccs,1,50,2,12,268,CAA_interrupted,60
H1,m84137_260214_004236_s1/203951116/ccs,1,50,2,12,268,CAA_interrupted,60
H1,m84137_260214_004236_s1/184028970/ccs,1,50,2,12,268,CAA_interrupted,60
H1,m84137_260214_004236_s1/216535333/ccs,1,50,2,12,268,CAA_interrupted,60
H1,m84137_260214_004236_s1/265949195/ccs,1,50,2,12,268,CAA_interrupted,60
H1,m84137_260214_004236_s1/72420348/ccs,1,50,2,12,268,CAA_interrupted,60
H1,m84137_260214_004236_s1/100993297/ccs,1,50,2,12,268,CAA_interrupted,60
H1,m84137_260214_004236_s1/25497665/ccs,1,50,2,12,268,CAA_interrupted,60
H1,m84137_260214_004236_s1/2949741/ccs,1,50,2,12,268,CAA_interrupted,60
H1,m84137_260214_004236_s1/191629008/ccs,1,50,2,12,268,CAA_interrupted,60
H1,m84137_260214_004236_s1/150471507/ccs,1,50,2,12,268,CAA_interrupted,60
H1,m84137_260214_004236_s1/182060921/ccs,1,50,2,12,268,CAA_interrupted,60
H1,m84137_260214_004236_s1/208143394/ccs,1,50,2,12,268,CAA_interrupted,60
H1,m84137_260214_004236_s1/206506769/ccs,1,50,2,12,268,CAA_interrupted,60
H1,m84137_260214_004236_s1/233242918/ccs,1,50,2,12,268,CAA_interrupted,60
H1,m84137_260214_004236_s1/257362862/ccs,1,50,2,12,268,CAA_interrupted,60
H1,m84137_260214_004236_s1/254938031/ccs,1,50,2,12,268,CAA_interrupted,60
H1,m84137_260214_004236_s1/256510242/ccs,1,50,2,12,268,CAA_interrupted,60
H1,m84137_260214_004236_s1/264505186/ccs,1,50,2,12,268,CAA_interrupted,60
H1,m84137_260214_004236_s1/245827621/ccs,1,50,2,12,268,CAA_interrupted,60
H1,m84137_260214_004236_s1/19403256/ccs,1,50,2,12,268,CAA_interrupted,60
H1,m84137_260214_004236_s1/6033774/ccs,1,50,2,12,268,CAA_interrupted,60
H1,m84137_260214_004236_s1/28969988/ccs,1,50,2,12,268,CAA_interrupted,60
H1,m84137_260214_004236_s1/29496548/ccs,1,50,2,12,268,CAA_interrupted,60
H1,m84137_260214_004236_s1/29888647/ccs,1,50,2,12,268,CAA_interrupted,60
H1,m84137_260214_004236_s1/31003949/ccs,1,50,2,12,268,CAA_interrupted,60
H1,m84137_260214_004236_s1/31198603/ccs,1,50,2,12,268,CAA_interrupted,60
H1,m84137_260214_004236_s1/13637029/ccs,1,50,2,12,268,CAA_interrupted,60
H1,m84137_260214_004236_s1/14028723/ccs,1,50,2,12,268,CAA_interrupted,60
H1,m84137_260214_004236_s1/14487669/ccs,1,50,2,12,268,CAA_interrupted,60
H1,m84137_260214_004236_s1/15668585/ccs,1,50,2,12,268,CAA_interrupted,60
H1,m84137_260214_004236_s1/64032564/ccs,1,50,2,12,268,CAA_interrupted,60
H1,m84137_260214_004236_s1/72814228/ccs,1,50,2,12,268,CAA_interrupted,60
H1,m84137_260214_004236_s1/91098421/ccs,1,50,2,12,268,CAA_interrupted,60
H1,m84137_260214_004236_s1/47649012/ccs,1,50,2,12,268,CAA_interrupted,60
H1,m84137_260214_004236_s1/101322726/ccs,1,50,2,12,268,CAA_interrupted,60
H1,m84137_260214_004236_s1/101715675/ccs,1,50,2,12,268,CAA_interrupted,60
H1,m84137_260214_004236_s1/97588595/ccs,1,50,2,12,268,CAA_interrupted,60
H1,m84137_260214_004236_s1/118362062/ccs,1,50,2,12,268,CAA_interrupted,60
H1,m84137_260214_004236_s1/98505310/ccs,1,50,2,12,268,CAA_interrupted,60
H1,m84137_260214_004236_s1/103550851/ccs,1,50,2,12,268,CAA_interrupted,60
H1,m84137_260214_004236_s1/121179583/ccs,1,50,2,12,268,CAA_interrupted,60
H1,m84137_260214_004236_s1/128127057/ccs,1,50,2,12,268,CAA_interrupted,60
H1,m84137_260214_004236_s1/157683119/ccs,1,50,2,12,268,CAA_interrupted,60
H1,m84137_260214_004236_s1/158208830/ccs,1,50,2,12,268,CAA_interrupted,60
H1,m84137_260214_004236_s1/189336744/ccs,1,50,2,12,268,CAA_interrupted,60
H1,m84137_260214_004236_s1/189272378/ccs,1,50,2,12,268,CAA_interrupted,60
H1,m84137_260214_004236_s1/148770456/ccs,1,50,2,12,268,CAA_interrupted,60
H1,m84137_260214_004236_s1/180492102/ccs,1,50,2,12,268,CAA_interrupted,60
H1,m84137_260214_004236_s1/211817010/ccs,1,50,2,12,268,CAA_interrupted,60
H1,m84137_260214_004236_s1/253365959/ccs,1,50,2,12,268,CAA_interrupted,60
H1,m84137_260214_004236_s1/184356266/ccs,1,50,2,12,268,CAA_interrupted,60
H1,m84137_260214_004236_s1/239211810/ccs,1,50,2,12,268,CAA_interrupted,60
H1,m84137_260214_004236_s1/241369742/ccs,1,50,2,12,268,CAA_interrupted,60
H1,m84137_260214_004236_s1/72947411/ccs,1,50,2,12,268,CAA_interrupted,60
H1,m84137_260214_004236_s1/96867809/ccs,1,50,2,12,268,CAA_interrupted,60
H1,m84137_260214_004236_s1/223220850/ccs,1,50,2,12,268,CAA_interrupted,60
H1,m84137_260214_004236_s1/106365933/ccs,1,49,2,12,268,CAA_interrupted,60
H1,m84137_260214_004236_s1/155584497/ccs,1,50,2,12,268,CAA_interrupted,60
H1,m84137_260214_004236_s1/89787962/ccs,1,50,2,12,268,CAA_interrupted,60
H1,m84137_260214_004236_s1/147198470/ccs,1,50,2,12,268,CAA_interrupted,60
H1,m84137_260214_004236_s1/78714627/ccs,1,50,2,12,268,CAA_interrupted,60
H1,m84137_260214_004236_s1/255133139/ccs,1,50,2,12,268,CAA_interrupted,60
H1,m84137_260214_004236_s1/42341611/ccs,1,50,2,12,268,CAA_interrupted,60
H1,m84137_260214_004236_s1/99358149/ccs,1,50,2,12,268,CAA_interrupted,60
H1,m84137_260214_004236_s1/107155470/ccs,1,50,2,12,268,CAA_interrupted,60
H1,m84137_260214_004236_s1/145299137/ccs,1,50,2,12,268,CAA_interrupted,60
H1,m84137_260214_004236_s1/170135564/ccs,1,50,2,12,268,CAA_interrupted,60
H1,m84137_260214_004236_s1/33555561/ccs,1,50,2,12,268,CAA_interrupted,60
H1,m84137_260214_004236_s1/9831239/ccs,1,50,2,12,268,CAA_interrupted,60
H1,m84137_260214_004236_s1/34144540/ccs,1,50,2,12,268,CAA_interrupted,60
H1,m84137_260214_004236_s1/10879518/ccs,1,50,2,12,268,CAA_interrupted,60
H1,m84137_260214_004236_s1/53807786/ccs,1,50,2,12,268,CAA_interrupted,60
H1,m84137_260214_004236_s1/48300900/ccs,1,50,2,12,268,CAA_interrupted,60
H1,m84137_260214_004236_s1/89655347/ccs,1,50,2,12,268,CAA_interrupted,60
H1,m84137_260214_004236_s1/90505553/ccs,1,50,2,12,268,CAA_interrupted,60
H1,m84137_260214_004236_s1/69141000/ccs,1,50,2,12,268,CAA_interrupted,60
H1,m84137_260214_004236_s1/78514787/ccs,1,50,2,12,268,CAA_interrupted,60
H1,m84137_260214_004236_s1/95224625/ccs,1,50,2,12,268,CAA_interrupted,60
H1,m84137_260214_004236_s1/92932659/ccs,1,50,2,12,268,CAA_interrupted,60
H1,m84137_260214_004236_s1/72155969/ccs,1,50,2,12,268,CAA_interrupted,60
H1,m84137_260214_004236_s1/123012294/ccs,1,50,2,12,268,CAA_interrupted,60
H1,m84137_260214_004236_s1/78121460/ccs,1,50,2,12,268,CAA_interrupted,60
H1,m84137_260214_004236_s1/126812420/ccs,1,50,2,12,268,CAA_interrupted,60
H1,m84137_260214_004236_s1/126681972/ccs,1,50,2,12,268,CAA_interrupted,60
H1,m84137_260214_004236_s1/132320241/ccs,1,50,2,12,268,CAA_interrupted,60
H1,m84137_260214_004236_s1/159451869/ccs,1,50,2,12,268,CAA_interrupted,60
H1,m84137_260214_004236_s1/160499775/ccs,1,50,2,12,268,CAA_interrupted,60
H1,m84137_260214_004236_s1/164823394/ccs,1,50,2,12,268,CAA_interrupted,60
H1,m84137_260214_004236_s1/168560245/ccs,1,50,2,12,268,CAA_interrupted,60
H1,m84137_260214_004236_s1/168821649/ccs,1,50,2,12,268,CAA_interrupted,60
H1,m84137_260214_004236_s1/190122655/ccs,1,50,2,12,268,CAA_interrupted,60
H1,m84137_260214_004236_s1/186321705/ccs,1,50,2,12,268,CAA_interrupted,60
H1,m84137_260214_004236_s1/227934480/ccs,1,50,2,12,268,CAA_interrupted,60
H1,m84137_260214_004236_s1/259326945/ccs,1,50,2,12,268,CAA_interrupted,60
H1,m84137_260214_004236_s1/20316747/ccs,1,50,2,12,268,CAA_interrupted,60
H1,m84137_260214_004236_s1/90507948/ccs,1,50,2,12,268,CAA_interrupted,60
H1,m84137_260214_004236_s1/159515083/ccs,1,50,2,12,268,CAA_interrupted,60
H1,m84137_260214_004236_s1/146014812/ccs,1,50,2,12,268,CAA_interrupted,60
H1,m84137_260214_004236_s1/229575472/ccs,1,50,2,12,268,CAA_interrupted,60
H1,m84137_260214_004236_s1/19859578/ccs,1,50,2,12,268,CAA_interrupted,60
H1,m84137_260214_004236_s1/9962824/ccs,1,50,2,12,268,CAA_interrupted,60
H1,m84137_260214_004236_s1/35522136/ccs,1,50,2,12,268,CAA_interrupted,60
H1,m84137_260214_004236_s1/45680068/ccs,1,50,2,12,268,CAA_interrupted,60
H1,m84137_260214_004236_s1/41419160/ccs,1,50,2,12,268,CAA_interrupted,60
H1,m84137_260214_004236_s1/53479737/ccs,1,50,2,12,268,CAA_interrupted,60
H1,m84137_260214_004236_s1/43780852/ccs,1,50,2,12,268,CAA_interrupted,60
H1,m84137_260214_004236_s1/48170866/ccs,1,50,2,12,268,CAA_interrupted,60
H1,m84137_260214_004236_s1/90047402/ccs,1,50,2,12,268,CAA_interrupted,60
H1,m84137_260214_004236_s1/101451633/ccs,1,50,2,12,268,CAA_interrupted,60
H1,m84137_260214_004236_s1/101580918/ccs,1,50,2,12,268,CAA_interrupted,60
H1,m84137_260214_004236_s1/120980774/ccs,1,50,2,12,268,CAA_interrupted,60
H1,m84137_260214_004236_s1/129566943/ccs,1,50,2,12,268,CAA_interrupted,60
H1,m84137_260214_004236_s1/121242579/ccs,1,50,2,12,268,CAA_interrupted,60
H1,m84137_260214_004236_s1/113115365/ccs,1,50,2,12,268,CAA_interrupted,60
H1,m84137_260214_004236_s1/122619271/ccs,1,50,2,12,268,CAA_interrupted,60
H1,m84137_260214_004236_s1/78188126/ccs,1,50,2,12,268,CAA_interrupted,60
H1,m84137_260214_004236_s1/79563955/ccs,1,50,2,12,268,CAA_interrupted,60
H1,m84137_260214_004236_s1/123081831/ccs,1,50,2,12,268,CAA_interrupted,60
H1,m84137_260214_004236_s1/152572149/ccs,1,50,2,12,268,CAA_interrupted,60
H1,m84137_260214_004236_s1/85786771/ccs,1,50,2,12,268,CAA_interrupted,60
H1,m84137_260214_004236_s1/79300067/ccs,1,50,2,12,268,CAA_interrupted,60
H1,m84137_260214_004236_s1/95881625/ccs,1,50,2,12,268,CAA_interrupted,60
H1,m84137_260214_004236_s1/93388900/ccs,1,50,2,12,268,CAA_interrupted,60
H1,m84137_260214_004236_s1/76482069/ccs,1,50,2,12,268,CAA_interrupted,60
H1,m84137_260214_004236_s1/97584905/ccs,1,50,2,12,268,CAA_interrupted,60
H1,m84137_260214_004236_s1/81003270/ccs,1,50,2,12,268,CAA_interrupted,60
H1,m84137_260214_004236_s1/81135830/ccs,1,50,2,12,268,CAA_interrupted,60
H1,m84137_260214_004236_s1/97979338/ccs,1,50,2,12,268,CAA_interrupted,60
H1,m84137_260214_004236_s1/179573678/ccs,1,50,2,12,268,CAA_interrupted,60
H1,m84137_260214_004236_s1/203361999/ccs,1,50,2,12,268,CAA_interrupted,60
H1,m84137_260214_004236_s1/209589343/ccs,1,50,2,12,268,CAA_interrupted,60
H1,m84137_260214_004236_s1/210703449/ccs,1,50,2,12,268,CAA_interrupted,60
H1,m84137_260214_004236_s1/212340217/ccs,1,50,2,12,268,CAA_interrupted,60
H1,m84137_260214_004236_s1/212734872/ccs,1,50,2,12,268,CAA_interrupted,60
H1,m84137_260214_004236_s1/232199922/ccs,1,50,2,12,268,CAA_interrupted,60
H1,m84137_260214_004236_s1/239343387/ccs,1,50,2,12,268,CAA_interrupted,60
H1,m84137_260214_004236_s1/215944816/ccs,1,50,2,12,268,CAA_interrupted,60
H1,m84137_260214_004236_s1/245436724/ccs,1,50,2,12,268,CAA_interrupted,60
H1,m84137_260214_004236_s1/163451729/ccs,1,50,2,12,268,CAA_interrupted,60
H1,m84137_260214_004236_s1/2360453/ccs,1,50,2,12,268,CAA_interrupted,60
H1,m84137_260214_004236_s1/25167272/ccs,1,50,2,12,268,CAA_interrupted,60
H1,m84137_260214_004236_s1/8454489/ccs,1,50,2,12,268,CAA_interrupted,60
H1,m84137_260214_004236_s1/32244637/ccs,1,50,2,12,268,CAA_interrupted,60
H1,m84137_260214_004236_s1/65470754/ccs,1,50,2,12,268,CAA_interrupted,60
H1,m84137_260214_004236_s1/93586267/ccs,1,50,2,12,268,CAA_interrupted,60
H1,m84137_260214_004236_s1/82183116/ccs,1,50,2,12,268,CAA_interrupted,60
H1,m84137_260214_004236_s1/204736830/ccs,1,50,2,12,268,CAA_interrupted,60
H1,m84137_260214_004236_s1/154212171/ccs,1,50,2,12,268,CAA_interrupted,60
H1,m84137_260214_004236_s1/142480569/ccs,1,50,2,12,268,CAA_interrupted,60
H1,m84137_260214_004236_s1/159780433/ccs,1,50,2,12,268,CAA_interrupted,60
H1,m84137_260214_004236_s1/259129687/ccs,1,50,2,12,268,CAA_interrupted,60
H1,m84137_260214_004236_s1/238946520/ccs,1,50,2,12,268,CAA_interrupted,60
H1,m84137_260214_004236_s1/36049362/ccs,1,50,2,12,268,CAA_interrupted,60
H1,m84137_260214_004236_s1/146937602/ccs,1,50,2,12,268,CAA_interrupted,60
H1,m84137_260214_004236_s1/175641608/ccs,1,50,2,12,268,CAA_interrupted,60
H1,m84137_260214_004236_s1/192417951/ccs,1,50,2,12,268,CAA_interrupted,60
H1,m84137_260214_004236_s1/224857715/ccs,1,50,2,12,268,CAA_interrupted,60
H1,m84137_260214_004236_s1/215158316/ccs,1,50,2,12,268,CAA_interrupted,60
H1,m84137_260214_004236_s1/22806944/ccs,1,50,2,12,268,CAA_interrupted,60
H1,m84137_260214_004236_s1/66652050/ccs,1,50,2,12,268,CAA_interrupted,60
H1,m84137_260214_004236_s1/21696791/ccs,1,50,2,12,268,CAA_interrupted,60
H1,m84137_260214_004236_s1/34543467/ccs,1,50,2,12,268,CAA_interrupted,60
H1,m84137_260214_004236_s1/81989699/ccs,1,50,2,12,268,CAA_interrupted,60
H1,m84137_260214_004236_s1/247730216/ccs,1,50,2,12,268,CAA_interrupted,60
H1,m84137_260214_004236_s1/249042413/ccs,1,50,2,12,268,CAA_interrupted,60
H1,m84137_260214_004236_s1/6755692/ccs,1,50,2,12,268,CAA_interrupted,60
H1,m84137_260214_004236_s1/89330752/ccs,1,50,2,12,268,CAA_interrupted,60
H1,m84137_260214_004236_s1/80351405/ccs,1,50,2,12,268,CAA_interrupted,60
H1,m84137_260214_004236_s1/52497400/ccs,1,50,2,12,268,CAA_interrupted,60
H1,m84137_260214_004236_s1/68621248/ccs,1,50,2,12,268,CAA_interrupted,60
H1,m84137_260214_004236_s1/65278665/ccs,1,50,2,12,268,CAA_interrupted,60
H1,m84137_260214_004236_s1/66063395/ccs,1,50,2,12,268,CAA_interrupted,60
H1,m84137_260214_004236_s1/71505163/ccs,1,50,2,12,268,CAA_interrupted,60
H1,m84137_260214_004236_s1/66718771/ccs,1,50,2,12,268,CAA_interrupted,60
H1,m84137_260214_004236_s1/66850184/ccs,1,50,2,12,268,CAA_interrupted,60
H1,m84137_260214_004236_s1/95620986/ccs,1,50,2,12,268,CAA_interrupted,60
H1,m84137_260214_004236_s1/93066022/ccs,1,50,2,11,268,CAA_interrupted,60
H1,m84137_260214_004236_s1/82184649/ccs,1,50,2,12,268,CAA_interrupted,60
H1,m84137_260214_004236_s1/243210008/ccs,1,50,2,12,268,CAA_interrupted,60
H1,m84137_260214_004236_s1/203621869/ccs,1,50,2,12,268,CAA_interrupted,60
H1,m84137_260214_004236_s1/209191557/ccs,1,50,2,12,268,CAA_interrupted,60
H1,m84137_260214_004236_s1/226887989/ccs,1,50,2,12,268,CAA_interrupted,60
H1,m84137_260214_004236_s1/205588239/ccs,1,50,2,12,268,CAA_interrupted,60
H1,m84137_260214_004236_s1/231276705/ccs,1,50,2,12,268,CAA_interrupted,60
H1,m84137_260214_004236_s1/253560975/ccs,1,50,2,12,268,CAA_interrupted,60
H1,m84137_260214_004236_s1/165216933/ccs,1,50,2,12,268,CAA_interrupted,60
H1,m84137_260214_004236_s1/186057951/ccs,1,50,2,12,268,CAA_interrupted,60
H1,m84137_260214_004236_s1/149815501/ccs,1,50,2,12,268,CAA_interrupted,60
H1,m84137_260214_004236_s1/191300544/ccs,1,50,2,12,268,CAA_interrupted,60
H1,m84137_260214_004236_s1/191563194/ccs,1,50,2,12,268,CAA_interrupted,60
H1,m84137_260214_004236_s1/240845580/ccs,1,50,2,12,268,CAA_interrupted,60
H1,m84137_260214_004236_s1/215615651/ccs,1,50,2,12,268,CAA_interrupted,60
H1,m84137_260214_004236_s1/237241753/ccs,1,50,2,12,268,CAA_interrupted,60
H1,m84137_260214_004236_s1/256115158/ccs,1,50,2,12,268,CAA_interrupted,60
H1,m84137_260214_004236_s1/238879214/ccs,1,50,2,12,268,CAA_interrupted,60
H1,m84137_260214_004236_s1/247662410/ccs,1,50,2,12,268,CAA_interrupted,60
H1,m84137_260214_004236_s1/5706902/ccs,1,50,2,12,268,CAA_interrupted,60
H1,m84137_260214_004236_s1/28577830/ccs,1,50,2,12,268,CAA_interrupted,60
H1,m84137_260214_004236_s1/28577903/ccs,1,50,2,12,268,CAA_interrupted,60
H1,m84137_260214_004236_s1/29102820/ccs,1,50,2,12,268,CAA_interrupted,60
H1,m84137_260214_004236_s1/54924681/ccs,1,50,2,12,268,CAA_interrupted,60
H1,m84137_260214_004236_s1/58068195/ccs,1,50,2,12,268,CAA_interrupted,60
H1,m84137_260214_004236_s1/189990926/ccs,1,50,2,12,268,CAA_interrupted,60
H1,m84137_260214_004236_s1/178455350/ccs,1,50,2,12,268,CAA_interrupted,60
H1,m84137_260214_004236_s1/180946537/ccs,1,50,2,12,268,CAA_interrupted,60
H1,m84137_260214_004236_s1/220267340/ccs,1,50,2,12,268,CAA_interrupted,60
H1,m84137_260214_004236_s1/200082839/ccs,1,50,2,12,268,CAA_interrupted,60
H1,m84137_260214_004236_s1/131532928/ccs,1,50,2,12,268,CAA_interrupted,60
H1,m84137_260214_004236_s1/135531459/ccs,1,50,2,12,268,CAA_interrupted,60
H1,m84137_260214_004236_s1/152371559/ccs,1,50,2,12,268,CAA_interrupted,60
H1,m84137_260214_004236_s1/115409418/ccs,1,50,2,12,268,CAA_interrupted,60
H1,m84137_260214_004236_s1/136840761/ccs,1,50,2,12,268,CAA_interrupted,60
H1,m84137_260214_004236_s1/117114021/ccs,1,50,2,12,268,CAA_interrupted,60
H1,m84137_260214_004236_s1/137889796/ccs,1,50,2,12,268,CAA_interrupted,60
H1,m84137_260214_004236_s1/159319163/ccs,1,50,2,12,268,CAA_interrupted,60
H1,m84137_260214_004236_s1/159582129/ccs,1,50,2,12,268,CAA_interrupted,60
H1,m84137_260214_004236_s1/163971140/ccs,1,50,2,12,268,CAA_interrupted,60
H1,m84137_260214_004236_s1/139854393/ccs,1,50,2,12,268,CAA_interrupted,60
H1,m84137_260214_004236_s1/117378108/ccs,1,50,2,12,268,CAA_interrupted,60
H1,m84137_260214_004236_s1/127863529/ccs,1,50,2,12,268,CAA_interrupted,60
H1,m84137_260214_004236_s1/138152893/ccs,1,49,3,12,269,CAA_interrupted,60
H1,m84137_260214_004236_s1/79039453/ccs,1,50,2,12,269,CAA_interrupted,60
H1,m84137_260214_004236_s1/7081195/ccs,1,50,2,12,269,CAA_interrupted,60
H1,m84137_260214_004236_s1/140905229/ccs,1,48,3,12,270,CAA_interrupted,60
H1,m84137_260214_004236_s1/111678615/ccs,1,50,2,12,270,CAA_interrupted,60
H1,m84137_260214_004236_s1/146739008/ccs,1,50,2,12,270,CAA_interrupted,60
H1,m84137_260214_004236_s1/124849190/ccs,1,50,2,12,270,CAA_interrupted,60
H1,m84137_260214_004236_s1/242356119/ccs,1,51,2,12,271,CAA_interrupted,60
H1,m84137_260214_004236_s1/228264682/ccs,1,46,5,10,271,CAA_interrupted,60
H1,m84137_260214_004236_s1/46334390/ccs,1,51,2,12,271,CAA_interrupted,60
H1,m84137_260214_004236_s1/225316789/ccs,1,51,2,12,271,CAA_interrupted,60
H1,m84137_260214_004236_s1/28378487/ccs,1,51,2,12,271,CAA_interrupted,60
H1,m84137_260214_004236_s1/21760072/ccs,1,51,2,12,271,CAA_interrupted,60
H1,m84137_260214_004236_s1/143198674/ccs,1,51,2,12,271,CAA_interrupted,60
H1,m84137_260214_004236_s1/101324484/ccs,1,51,2,12,271,CAA_interrupted,60
H1,m84137_260214_004236_s1/105058135/ccs,1,51,2,12,271,CAA_interrupted,60
H1,m84137_260214_004236_s1/130290099/ccs,1,51,2,12,271,CAA_interrupted,60
H1,m84137_260214_004236_s1/188223344/ccs,1,51,2,12,271,CAA_interrupted,60
H1,m84137_260214_004236_s1/189861584/ccs,1,51,2,12,271,CAA_interrupted,60
H1,m84137_260214_004236_s1/218828978/ccs,1,51,2,12,271,CAA_interrupted,60
H1,m84137_260214_004236_s1/204543353/ccs,1,51,2,12,271,CAA_interrupted,60
H1,m84137_260214_004236_s1/216665402/ccs,1,51,2,12,271,CAA_interrupted,60
H1,m84137_260214_004236_s1/263393854/ccs,1,51,2,12,271,CAA_interrupted,60
H1,m84137_260214_004236_s1/250745729/ccs,1,51,2,12,271,CAA_interrupted,60
H1,m84137_260214_004236_s1/54920672/ccs,1,51,2,12,271,CAA_interrupted,60
H1,m84137_260214_004236_s1/184943046/ccs,1,51,2,12,271,CAA_interrupted,60
H1,m84137_260214_004236_s1/223020128/ccs,1,51,2,12,271,CAA_interrupted,60
H1,m84137_260214_004236_s1/210829914/ccs,1,51,2,12,271,CAA_interrupted,60
H1,m84137_260214_004236_s1/68883982/ccs,1,51,2,12,271,CAA_interrupted,60
H1,m84137_260214_004236_s1/65145994/ccs,1,51,2,12,271,CAA_interrupted,60
H1,m84137_260214_004236_s1/134086906/ccs,1,51,2,12,271,CAA_interrupted,60
H1,m84137_260214_004236_s1/260639466/ccs,1,51,2,12,271,CAA_interrupted,60
H1,m84137_260214_004236_s1/4131979/ccs,1,51,2,12,271,CAA_interrupted,60
H1,m84137_260214_004236_s1/16651781/ccs,1,51,2,12,271,CAA_interrupted,60
H1,m84137_260214_004236_s1/5964828/ccs,1,51,2,12,271,CAA_interrupted,60
H1,m84137_260214_004236_s1/29950487/ccs,1,51,2,12,271,CAA_interrupted,60
H1,m84137_260214_004236_s1/39518592/ccs,1,51,2,12,271,CAA_interrupted,60
H1,m84137_260214_004236_s1/51577806/ccs,1,51,2,12,271,CAA_interrupted,60
H1,m84137_260214_004236_s1/44106538/ccs,1,51,2,12,271,CAA_interrupted,60
H1,m84137_260214_004236_s1/90440105/ccs,1,51,2,12,271,CAA_interrupted,60
H1,m84137_260214_004236_s1/91555837/ccs,1,51,2,12,271,CAA_interrupted,60
H1,m84137_260214_004236_s1/70452051/ccs,1,51,2,12,271,CAA_interrupted,60
H1,m84137_260214_004236_s1/71631558/ccs,1,51,2,12,271,CAA_interrupted,60
H1,m84137_260214_004236_s1/88408175/ccs,1,51,2,12,271,CAA_interrupted,60
H1,m84137_260214_004236_s1/88540323/ccs,1,51,2,12,271,CAA_interrupted,60
H1,m84137_260214_004236_s1/106826407/ccs,1,51,2,12,271,CAA_interrupted,60
H1,m84137_260214_004236_s1/83495569/ccs,1,51,2,12,271,CAA_interrupted,60
H1,m84137_260214_004236_s1/108135540/ccs,1,51,2,12,271,CAA_interrupted,60
H1,m84137_260214_004236_s1/129303577/ccs,1,51,2,12,271,CAA_interrupted,60
H1,m84137_260214_004236_s1/121636669/ccs,1,51,2,12,271,CAA_interrupted,60
H1,m84137_260214_004236_s1/154535699/ccs,1,51,2,12,271,CAA_interrupted,60
H1,m84137_260214_004236_s1/166005364/ccs,1,51,2,12,271,CAA_interrupted,60
H1,m84137_260214_004236_s1/149228499/ccs,1,51,2,12,271,CAA_interrupted,60
H1,m84137_260214_004236_s1/188089030/ccs,1,51,2,12,271,CAA_interrupted,60
H1,m84137_260214_004236_s1/200084387/ccs,1,51,2,12,271,CAA_interrupted,60
H1,m84137_260214_004236_s1/206045301/ccs,1,51,2,12,271,CAA_interrupted,60
H1,m84137_260214_004236_s1/231934561/ccs,1,51,2,12,271,CAA_interrupted,60
H1,m84137_260214_004236_s1/31919239/ccs,1,51,2,12,271,CAA_interrupted,60
H1,m84137_260214_004236_s1/15405454/ccs,1,51,2,12,271,CAA_interrupted,60
H1,m84137_260214_004236_s1/59248884/ccs,1,51,2,12,271,CAA_interrupted,60
H1,m84137_260214_004236_s1/60231607/ccs,1,51,2,12,271,CAA_interrupted,60
H1,m84137_260214_004236_s1/85201085/ccs,1,51,2,12,271,CAA_interrupted,60
H1,m84137_260214_004236_s1/91032971/ccs,1,51,2,12,271,CAA_interrupted,60
H1,m84137_260214_004236_s1/9832435/ccs,1,51,2,12,271,CAA_interrupted,60
H1,m84137_260214_004236_s1/85918560/ccs,1,51,2,12,271,CAA_interrupted,60
H1,m84137_260214_004236_s1/210306481/ccs,1,52,2,11,271,CAA_interrupted,60
H1,m84137_260214_004236_s1/46010283/ccs,1,51,2,12,271,CAA_interrupted,60
H1,m84137_260214_004236_s1/169546006/ccs,1,51,2,12,271,CAA_interrupted,60
H1,m84137_260214_004236_s1/11604099/ccs,1,51,2,12,271,CAA_interrupted,60
H1,m84137_260214_004236_s1/5834903/ccs,1,51,2,12,271,CAA_interrupted,60
H1,m84137_260214_004236_s1/11600155/ccs,1,51,2,12,271,CAA_interrupted,60
H1,m84137_260214_004236_s1/23069417/ccs,1,51,2,12,271,CAA_interrupted,60
H1,m84137_260214_004236_s1/29229940/ccs,1,51,2,12,271,CAA_interrupted,60
H1,m84137_260214_004236_s1/18941322/ccs,1,51,2,12,271,CAA_interrupted,60
H1,m84137_260214_004236_s1/34146022/ccs,1,51,2,12,271,CAA_interrupted,60
H1,m84137_260214_004236_s1/52626052/ccs,1,51,2,12,271,CAA_interrupted,60
H1,m84137_260214_004236_s1/42795192/ccs,1,51,2,12,271,CAA_interrupted,60
H1,m84137_260214_004236_s1/54265600/ccs,1,51,2,12,271,CAA_interrupted,60
H1,m84137_260214_004236_s1/60885409/ccs,1,51,2,12,271,CAA_interrupted,60
H1,m84137_260214_004236_s1/69274278/ccs,1,51,2,12,271,CAA_interrupted,60
H1,m84137_260214_004236_s1/70322715/ccs,1,51,2,12,271,CAA_interrupted,60
H1,m84137_260214_004236_s1/71829997/ccs,1,51,2,12,271,CAA_interrupted,60
H1,m84137_260214_004236_s1/97059291/ccs,1,51,2,12,271,CAA_interrupted,60
H1,m84137_260214_004236_s1/123406523/ccs,1,51,2,12,271,CAA_interrupted,60
H1,m84137_260214_004236_s1/102501108/ccs,1,51,2,12,271,CAA_interrupted,60
H1,m84137_260214_004236_s1/107088808/ccs,1,51,2,12,271,CAA_interrupted,60
H1,m84137_260214_004236_s1/129304702/ccs,1,51,2,12,271,CAA_interrupted,60
H1,m84137_260214_004236_s1/112723384/ccs,1,51,2,12,271,CAA_interrupted,60
H1,m84137_260214_004236_s1/126093246/ccs,1,51,2,12,271,CAA_interrupted,60
H1,m84137_260214_004236_s1/115671264/ccs,1,51,2,12,271,CAA_interrupted,60
H1,m84137_260214_004236_s1/137298515/ccs,1,51,2,12,271,CAA_interrupted,60
H1,m84137_260214_004236_s1/145883901/ccs,1,51,2,12,271,CAA_interrupted,60
H1,m84137_260214_004236_s1/147915935/ccs,1,51,2,12,271,CAA_interrupted,60
H1,m84137_260214_004236_s1/188418020/ccs,1,51,2,12,271,CAA_interrupted,60
H1,m84137_260214_004236_s1/197396932/ccs,1,51,2,12,271,CAA_interrupted,60
H1,m84137_260214_004236_s1/194906994/ccs,1,50,2,13,271,CAA_interrupted,60
H1,m84137_260214_004236_s1/207882627/ccs,1,51,2,12,271,CAA_interrupted,60
H1,m84137_260214_004236_s1/252379187/ccs,1,51,2,12,271,CAA_interrupted,60
H1,m84137_260214_004236_s1/238092486/ccs,1,51,2,12,271,CAA_interrupted,60
H1,m84137_260214_004236_s1/242745837/ccs,1,51,2,12,271,CAA_interrupted,60
H1,m84137_260214_004236_s1/172364837/ccs,1,51,2,12,271,CAA_interrupted,60
H1,m84137_260214_004236_s1/239077166/ccs,1,51,2,12,271,CAA_interrupted,60
H1,m84137_260214_004236_s1/248449299/ccs,1,51,2,12,271,CAA_interrupted,60
H1,m84137_260214_004236_s1/21696531/ccs,1,51,2,12,271,CAA_interrupted,60
H1,m84137_260214_004236_s1/8195096/ccs,1,51,2,12,271,CAA_interrupted,60
H1,m84137_260214_004236_s1/11472963/ccs,1,51,2,12,271,CAA_interrupted,60
H1,m84137_260214_004236_s1/36638300/ccs,1,51,2,12,271,CAA_interrupted,60
H1,m84137_260214_004236_s1/40244571/ccs,1,51,2,12,271,CAA_interrupted,60
H1,m84137_260214_004236_s1/68491102/ccs,1,51,2,12,271,CAA_interrupted,60
H1,m84137_260214_004236_s1/43192874/ccs,1,51,2,12,271,CAA_interrupted,60
H1,m84137_260214_004236_s1/95751302/ccs,1,51,2,12,271,CAA_interrupted,60
H1,m84137_260214_004236_s1/75698705/ccs,1,51,2,12,271,CAA_interrupted,60
H1,m84137_260214_004236_s1/130552407/ccs,1,51,2,12,271,CAA_interrupted,60
H1,m84137_260214_004236_s1/110761297/ccs,1,51,2,12,271,CAA_interrupted,60
H1,m84137_260214_004236_s1/130946807/ccs,1,51,2,12,271,CAA_interrupted,60
H1,m84137_260214_004236_s1/83694990/ccs,1,51,2,12,271,CAA_interrupted,60
H1,m84137_260214_004236_s1/137891886/ccs,1,51,2,12,271,CAA_interrupted,60
H1,m84137_260214_004236_s1/147656827/ccs,1,51,2,12,271,CAA_interrupted,60
H1,m84137_260214_004236_s1/197989748/ccs,1,51,2,12,271,CAA_interrupted,60
H1,m84137_260214_004236_s1/209391260/ccs,1,51,2,12,271,CAA_interrupted,60
H1,m84137_260214_004236_s1/228463285/ccs,1,51,2,12,271,CAA_interrupted,60
H1,m84137_260214_004236_s1/239210335/ccs,1,51,2,12,271,CAA_interrupted,60
H1,m84137_260214_004236_s1/249369255/ccs,1,51,2,12,271,CAA_interrupted,60
H1,m84137_260214_004236_s1/19006702/ccs,1,51,2,12,271,CAA_interrupted,60
H1,m84137_260214_004236_s1/236847854/ccs,1,51,2,12,271,CAA_interrupted,60
H1,m84137_260214_004236_s1/136320028/ccs,1,51,2,12,271,CAA_interrupted,60
H1,m84137_260214_004236_s1/147456514/ccs,1,51,2,12,271,CAA_interrupted,60
H1,m84137_260214_004236_s1/19005998/ccs,1,51,2,12,271,CAA_interrupted,60
H1,m84137_260214_004236_s1/7995493/ccs,1,51,2,12,271,CAA_interrupted,60
H1,m84137_260214_004236_s1/9112415/ccs,1,51,2,12,271,CAA_interrupted,60
H1,m84137_260214_004236_s1/20842527/ccs,1,51,2,12,271,CAA_interrupted,60
H1,m84137_260214_004236_s1/31458220/ccs,1,51,2,12,271,CAA_interrupted,60
H1,m84137_260214_004236_s1/10094401/ccs,1,51,2,12,271,CAA_interrupted,60
H1,m84137_260214_004236_s1/34276680/ccs,1,51,2,12,271,CAA_interrupted,60
H1,m84137_260214_004236_s1/27918912/ccs,1,51,2,12,271,CAA_interrupted,60
H1,m84137_260214_004236_s1/39911995/ccs,1,51,2,12,271,CAA_interrupted,60
H1,m84137_260214_004236_s1/47972569/ccs,1,51,2,12,271,CAA_interrupted,60
H1,m84137_260214_004236_s1/64292810/ccs,1,51,2,12,271,CAA_interrupted,60
H1,m84137_260214_004236_s1/123339954/ccs,1,51,2,12,271,CAA_interrupted,60
H1,m84137_260214_004236_s1/77859050/ccs,1,51,2,12,271,CAA_interrupted,60
H1,m84137_260214_004236_s1/78119791/ccs,1,51,2,12,271,CAA_interrupted,60
H1,m84137_260214_004236_s1/99681889/ccs,1,51,2,12,271,CAA_interrupted,60
H1,m84137_260214_004236_s1/83167754/ccs,1,51,2,12,271,CAA_interrupted,60
H1,m84137_260214_004236_s1/103025065/ccs,1,51,2,12,271,CAA_interrupted,60
H1,m84137_260214_004236_s1/108528587/ccs,1,51,2,12,271,CAA_interrupted,60
H1,m84137_260214_004236_s1/120392541/ccs,1,51,2,12,271,CAA_interrupted,60
H1,m84137_260214_004236_s1/113116702/ccs,1,51,2,12,271,CAA_interrupted,60
H1,m84137_260214_004236_s1/130547787/ccs,1,51,2,12,271,CAA_interrupted,60
H1,m84137_260214_004236_s1/97914902/ccs,1,51,2,12,271,CAA_interrupted,60
H1,m84137_260214_004236_s1/106762894/ccs,1,51,2,12,271,CAA_interrupted,60
H1,m84137_260214_004236_s1/125244170/ccs,1,51,2,12,271,CAA_interrupted,60
H1,m84137_260214_004236_s1/82775993/ccs,1,51,2,12,271,CAA_interrupted,60
H1,m84137_260214_004236_s1/131207073/ccs,1,51,2,12,271,CAA_interrupted,60
H1,m84137_260214_004236_s1/92209344/ccs,1,51,2,12,271,CAA_interrupted,60
H1,m84137_260214_004236_s1/79036740/ccs,1,51,2,12,271,CAA_interrupted,60
H1,m84137_260214_004236_s1/80020809/ccs,1,51,2,12,271,CAA_interrupted,60
H1,m84137_260214_004236_s1/76480572/ccs,1,51,2,12,271,CAA_interrupted,60
H1,m84137_260214_004236_s1/80676543/ccs,1,51,2,12,271,CAA_interrupted,60
H1,m84137_260214_004236_s1/148966493/ccs,1,51,2,12,271,CAA_interrupted,60
H1,m84137_260214_004236_s1/201593557/ccs,1,51,2,12,271,CAA_interrupted,60
H1,m84137_260214_004236_s1/219811123/ccs,1,51,2,12,271,CAA_interrupted,60
H1,m84137_260214_004236_s1/198578377/ccs,1,51,2,12,271,CAA_interrupted,60
H1,m84137_260214_004236_s1/203428756/ccs,1,51,2,12,271,CAA_interrupted,60
H1,m84137_260214_004236_s1/205657296/ccs,1,51,2,12,271,CAA_interrupted,60
H1,m84137_260214_004236_s1/229250608/ccs,1,51,2,12,271,CAA_interrupted,60
H1,m84137_260214_004236_s1/252908090/ccs,1,51,2,12,271,CAA_interrupted,60
H1,m84137_260214_004236_s1/242684535/ccs,1,51,2,12,271,CAA_interrupted,60
H1,m84137_260214_004236_s1/214962803/ccs,1,51,2,12,271,CAA_interrupted,60
H1,m84137_260214_004236_s1/238883373/ccs,1,51,2,12,271,CAA_interrupted,60
H1,m84137_260214_004236_s1/216994932/ccs,1,51,2,12,271,CAA_interrupted,60
H1,m84137_260214_004236_s1/230822130/ccs,1,51,2,12,271,CAA_interrupted,60
H1,m84137_260214_004236_s1/87360950/ccs,1,51,2,12,271,CAA_interrupted,60
H1,m84137_260214_004236_s1/97650579/ccs,1,51,2,12,271,CAA_interrupted,60
H1,m84137_260214_004236_s1/130221003/ccs,1,51,2,12,271,CAA_interrupted,60
H1,m84137_260214_004236_s1/152765018/ccs,1,51,2,12,271,CAA_interrupted,60
H1,m84137_260214_004236_s1/207749434/ccs,1,51,2,12,271,CAA_interrupted,60
H1,m84137_260214_004236_s1/133043452/ccs,1,51,2,12,271,CAA_interrupted,60
H1,m84137_260214_004236_s1/137498065/ccs,1,51,2,12,271,CAA_interrupted,60
H1,m84137_260214_004236_s1/158535615/ccs,1,51,2,12,271,CAA_interrupted,60
H1,m84137_260214_004236_s1/138024433/ccs,1,51,2,12,271,CAA_interrupted,60
H1,m84137_260214_004236_s1/174788491/ccs,1,51,2,12,271,CAA_interrupted,60
H1,m84137_260214_004236_s1/175050431/ccs,1,51,2,12,271,CAA_interrupted,60
H1,m84137_260214_004236_s1/147656995/ccs,1,51,2,12,271,CAA_interrupted,60
H1,m84137_260214_004236_s1/231475137/ccs,1,51,2,12,271,CAA_interrupted,60
H1,m84137_260214_004236_s1/22811029/ccs,1,51,2,12,271,CAA_interrupted,60
H1,m84137_260214_004236_s1/65736443/ccs,1,51,2,12,271,CAA_interrupted,60
H1,m84137_260214_004236_s1/120657835/ccs,1,51,2,12,271,CAA_interrupted,60
H1,m84137_260214_004236_s1/176488791/ccs,1,51,2,12,271,CAA_interrupted,60
H1,m84137_260214_004236_s1/14091820/ccs,1,51,2,12,271,CAA_interrupted,60
H1,m84137_260214_004236_s1/43780371/ccs,1,51,2,12,271,CAA_interrupted,60
H1,m84137_260214_004236_s1/246027453/ccs,1,51,2,12,271,CAA_interrupted,60
H1,m84137_260214_004236_s1/249238595/ccs,1,51,2,12,271,CAA_interrupted,60
H1,m84137_260214_004236_s1/54265776/ccs,1,51,2,12,271,CAA_interrupted,60
H1,m84137_260214_004236_s1/160303623/ccs,1,51,2,12,271,CAA_interrupted,60
H1,m84137_260214_004236_s1/82842207/ccs,1,51,2,12,271,CAA_interrupted,60
H1,m84137_260214_004236_s1/227606686/ccs,1,51,2,12,271,CAA_interrupted,60
H1,m84137_260214_004236_s1/202834373/ccs,1,51,2,12,271,CAA_interrupted,60
H1,m84137_260214_004236_s1/104137620/ccs,1,51,2,12,271,CAA_interrupted,60
H1,m84137_260214_004236_s1/169673539/ccs,1,51,2,12,271,CAA_interrupted,60
H1,m84137_260214_004236_s1/194773494/ccs,1,51,2,12,271,CAA_interrupted,60
H1,m84137_260214_004236_s1/257625250/ccs,1,51,2,12,271,CAA_interrupted,60
H1,m84137_260214_004236_s1/63968440/ccs,1,51,2,12,271,CAA_interrupted,60
H1,m84137_260214_004236_s1/60691920/ccs,1,51,2,12,271,CAA_interrupted,60
H1,m84137_260214_004236_s1/71110872/ccs,1,51,2,12,271,CAA_interrupted,60
H1,m84137_260214_004236_s1/90705653/ccs,1,51,2,12,271,CAA_interrupted,60
H1,m84137_260214_004236_s1/231343255/ccs,1,51,2,12,271,CAA_interrupted,60
H1,m84137_260214_004236_s1/144376546/ccs,1,51,2,12,271,CAA_interrupted,60
H1,m84137_260214_004236_s1/253822071/ccs,1,51,2,12,271,CAA_interrupted,60
H1,m84137_260214_004236_s1/143262117/ccs,1,51,2,12,271,CAA_interrupted,60
H1,m84137_260214_004236_s1/161546383/ccs,1,51,2,12,271,CAA_interrupted,60
H1,m84137_260214_004236_s1/191432878/ccs,1,51,2,12,271,CAA_interrupted,60
H1,m84137_260214_004236_s1/175506081/ccs,1,51,2,12,271,CAA_interrupted,60
H1,m84137_260214_004236_s1/240978190/ccs,1,50,2,12,271,CAA_interrupted,60
H1,m84137_260214_004236_s1/238552975/ccs,1,51,2,12,271,CAA_interrupted,60
H1,m84137_260214_004236_s1/259852661/ccs,1,51,2,12,271,CAA_interrupted,60
H1,m84137_260214_004236_s1/11998446/ccs,1,51,2,12,271,CAA_interrupted,60
H1,m84137_260214_004236_s1/33231375/ccs,1,51,2,12,271,CAA_interrupted,60
H1,m84137_260214_004236_s1/14356673/ccs,1,51,2,12,271,CAA_interrupted,60
H1,m84137_260214_004236_s1/198773162/ccs,1,51,2,12,271,CAA_interrupted,60
H1,m84137_260214_004236_s1/136512419/ccs,1,51,2,12,271,CAA_interrupted,60
H1,m84137_260214_004236_s1/154142121/ccs,1,51,2,12,271,CAA_interrupted,60
H1,m84137_260214_004236_s1/146146586/ccs,1,51,2,12,271,CAA_interrupted,60
H1,m84137_260214_004236_s1/19335775/ccs,1,51,2,12,271,CAA_interrupted,60
H1,m84137_260214_004236_s1/18481593/ccs,1,51,2,12,271,CAA_interrupted,60
H1,m84137_260214_004236_s1/114429841/ccs,1,51,2,12,271,CAA_interrupted,60
H1,m84137_260214_004236_s1/100731305/ccs,1,50,3,12,272,CAA_interrupted,60
H1,m84137_260214_004236_s1/10688263/ccs,1,50,3,12,272,CAA_interrupted,60
H1,m84137_260214_004236_s1/19529960/ccs,1,49,3,12,272,CAA_interrupted,60
H1,m84137_260214_004236_s1/150278678/ccs,1,51,2,12,272,CAA_interrupted,60
H1,m84137_260214_004236_s1/29562334/ccs,1,51,2,12,272,CAA_interrupted,60
H1,m84137_260214_004236_s1/213718607/ccs,1,51,2,12,272,CAA_interrupted,60
H1,m84137_260214_004236_s1/170983547/ccs,1,50,3,12,272,CAA_interrupted,60
H1,m84137_260214_004236_s1/184550078/ccs,1,50,3,12,272,CAA_interrupted,60
H1,m84137_260214_004236_s1/111018508/ccs,1,51,2,12,273,CAA_interrupted,60
H1,m84137_260214_004236_s1/238944689/ccs,1,49,4,12,273,CAA_interrupted,60
H1,m84137_260214_004236_s1/159713175/ccs,1,51,2,12,273,CAA_interrupted,60
H1,m84137_260214_004236_s1/97846105/ccs,1,52,2,12,273,CAA_interrupted,60
H1,m84137_260214_004236_s1/115802615/ccs,1,52,2,12,273,CAA_interrupted,60
H1,m84137_260214_004236_s1/29754839/ccs,1,49,3,12,273,CAA_interrupted,60
H1,m84137_260214_004236_s1/77136270/ccs,1,52,2,11,273,CAA_interrupted,60
H1,m84137_260214_004236_s1/148247064/ccs,1,51,3,12,273,CAA_interrupted,60
H1,m84137_260214_004236_s1/26149168/ccs,1,50,3,12,273,CAA_interrupted,60
H1,m84137_260214_004236_s1/85528373/ccs,1,51,2,12,273,CAA_interrupted,60
H1,m84137_260214_004236_s1/204345494/ccs,1,52,2,12,274,CAA_interrupted,60
H1,m84137_260214_004236_s1/186385495/ccs,1,52,2,13,274,CAA_interrupted,60
H1,m84137_260214_004236_s1/54528878/ccs,1,52,2,12,274,CAA_interrupted,60
H1,m84137_260214_004236_s1/93195090/ccs,1,52,2,12,274,CAA_interrupted,60
H1,m84137_260214_004236_s1/82575911/ccs,1,52,2,12,274,CAA_interrupted,60
H1,m84137_260214_004236_s1/100599573/ccs,1,52,2,12,274,CAA_interrupted,60
H1,m84137_260214_004236_s1/130679017/ccs,1,52,2,12,274,CAA_interrupted,60
H1,m84137_260214_004236_s1/127929239/ccs,1,52,2,12,274,CAA_interrupted,60
H1,m84137_260214_004236_s1/132385236/ccs,1,52,2,12,274,CAA_interrupted,60
H1,m84137_260214_004236_s1/143132507/ccs,1,52,2,12,274,CAA_interrupted,60
H1,m84137_260214_004236_s1/166396259/ccs,1,52,2,12,274,CAA_interrupted,60
H1,m84137_260214_004236_s1/204080175/ccs,1,52,2,12,274,CAA_interrupted,60
H1,m84137_260214_004236_s1/183765807/ccs,1,52,2,12,274,CAA_interrupted,60
H1,m84137_260214_004236_s1/238421814/ccs,1,52,2,12,274,CAA_interrupted,60
H1,m84137_260214_004236_s1/259916628/ccs,1,52,2,12,274,CAA_interrupted,60
H1,m84137_260214_004236_s1/238880322/ccs,1,52,2,12,274,CAA_interrupted,60
H1,m84137_260214_004236_s1/250085660/ccs,1,52,2,12,274,CAA_interrupted,60
H1,m84137_260214_004236_s1/34147588/ccs,1,52,2,12,274,CAA_interrupted,60
H1,m84137_260214_004236_s1/81793027/ccs,1,52,2,12,274,CAA_interrupted,60
H1,m84137_260214_004236_s1/160962288/ccs,1,52,2,12,274,CAA_interrupted,60
H1,m84137_260214_004236_s1/202184555/ccs,1,52,2,12,274,CAA_interrupted,60
H1,m84137_260214_004236_s1/231017517/ccs,1,52,2,12,274,CAA_interrupted,60
H1,m84137_260214_004236_s1/82184075/ccs,1,52,2,12,274,CAA_interrupted,60
H1,m84137_260214_004236_s1/118818998/ccs,1,52,2,12,274,CAA_interrupted,60
H1,m84137_260214_004236_s1/133039698/ccs,1,52,2,12,274,CAA_interrupted,60
H1,m84137_260214_004236_s1/161218998/ccs,1,52,2,12,274,CAA_interrupted,60
H1,m84137_260214_004236_s1/217254442/ccs,1,52,2,12,274,CAA_interrupted,60
H1,m84137_260214_004236_s1/119935574/ccs,1,52,2,12,274,CAA_interrupted,60
H1,m84137_260214_004236_s1/31394914/ccs,1,52,2,12,274,CAA_interrupted,60
H1,m84137_260214_004236_s1/147394774/ccs,1,52,2,12,274,CAA_interrupted,60
H1,m84137_260214_004236_s1/247992158/ccs,1,52,2,12,274,CAA_interrupted,60
H1,m84137_260214_004236_s1/20449725/ccs,1,52,2,12,274,CAA_interrupted,60
H1,m84137_260214_004236_s1/33360630/ccs,1,52,2,12,274,CAA_interrupted,60
H1,m84137_260214_004236_s1/59639042/ccs,1,52,2,12,274,CAA_interrupted,60
H1,m84137_260214_004236_s1/60686746/ccs,1,52,2,12,274,CAA_interrupted,60
H1,m84137_260214_004236_s1/73860566/ccs,1,52,2,12,274,CAA_interrupted,60
H1,m84137_260214_004236_s1/84935614/ccs,1,52,2,12,274,CAA_interrupted,60
H1,m84137_260214_004236_s1/95421772/ccs,1,52,2,12,274,CAA_interrupted,60
H1,m84137_260214_004236_s1/211554275/ccs,1,52,2,12,274,CAA_interrupted,60
H1,m84137_260214_004236_s1/23598590/ccs,1,52,2,12,274,CAA_interrupted,60
H1,m84137_260214_004236_s1/149555625/ccs,1,52,2,12,274,CAA_interrupted,60
H1,m84137_260214_004236_s1/220792155/ccs,1,52,2,12,274,CAA_interrupted,60
H1,m84137_260214_004236_s1/191825981/ccs,1,52,2,12,274,CAA_interrupted,60
H1,m84137_260214_004236_s1/184686469/ccs,1,52,2,12,274,CAA_interrupted,60
H1,m84137_260214_004236_s1/28705704/ccs,1,52,2,12,274,CAA_interrupted,60
H1,m84137_260214_004236_s1/32901731/ccs,1,52,2,12,274,CAA_interrupted,60
H1,m84137_260214_004236_s1/59574288/ccs,1,52,2,12,274,CAA_interrupted,60
H1,m84137_260214_004236_s1/72943667/ccs,1,52,2,12,274,CAA_interrupted,60
H1,m84137_260214_004236_s1/89260803/ccs,1,52,2,12,274,CAA_interrupted,60
H1,m84137_260214_004236_s1/117637884/ccs,1,52,2,12,274,CAA_interrupted,60
H1,m84137_260214_004236_s1/106956160/ccs,1,52,2,12,274,CAA_interrupted,60
H1,m84137_260214_004236_s1/112395322/ccs,1,52,2,12,274,CAA_interrupted,60
H1,m84137_260214_004236_s1/93460079/ccs,1,52,2,12,274,CAA_interrupted,60
H1,m84137_260214_004236_s1/104731879/ccs,1,52,2,12,274,CAA_interrupted,60
H1,m84137_260214_004236_s1/66586931/ccs,1,52,2,12,274,CAA_interrupted,60
H1,m84137_260214_004236_s1/70713422/ccs,1,52,2,12,274,CAA_interrupted,60
H1,m84137_260214_004236_s1/95882013/ccs,1,52,2,12,274,CAA_interrupted,60
H1,m84137_260214_004236_s1/93127230/ccs,1,52,2,12,274,CAA_interrupted,60
H1,m84137_260214_004236_s1/96011826/ccs,1,52,2,12,274,CAA_interrupted,60
H1,m84137_260214_004236_s1/176427840/ccs,1,52,2,12,274,CAA_interrupted,60
H1,m84137_260214_004236_s1/222563683/ccs,1,52,2,12,274,CAA_interrupted,60
H1,m84137_260214_004236_s1/205591276/ccs,1,52,2,12,274,CAA_interrupted,60
H1,m84137_260214_004236_s1/258739724/ccs,1,52,2,12,274,CAA_interrupted,60
H1,m84137_260214_004236_s1/243667092/ccs,1,52,2,12,274,CAA_interrupted,60
H1,m84137_260214_004236_s1/214962994/ccs,1,52,2,12,274,CAA_interrupted,60
H1,m84137_260214_004236_s1/216141460/ccs,1,52,2,12,274,CAA_interrupted,60
H1,m84137_260214_004236_s1/107544824/ccs,1,52,2,12,274,CAA_interrupted,60
H1,m84137_260214_004236_s1/157417860/ccs,1,52,2,12,274,CAA_interrupted,60
H1,m84137_260214_004236_s1/211421615/ccs,1,52,2,12,274,CAA_interrupted,60
H1,m84137_260214_004236_s1/141039437/ccs,1,52,2,12,274,CAA_interrupted,60
H1,m84137_260214_004236_s1/114955850/ccs,1,52,2,12,274,CAA_interrupted,60
H1,m84137_260214_004236_s1/116264240/ccs,1,52,2,12,274,CAA_interrupted,60
H1,m84137_260214_004236_s1/173741805/ccs,1,52,2,12,274,CAA_interrupted,60
H1,m84137_260214_004236_s1/104926420/ccs,1,52,2,12,274,CAA_interrupted,60
H1,m84137_260214_004236_s1/114494813/ccs,1,52,2,12,274,CAA_interrupted,60
H1,m84137_260214_004236_s1/148443411/ccs,1,52,2,12,274,CAA_interrupted,60
H1,m84137_260214_004236_s1/258606365/ccs,1,52,2,12,274,CAA_interrupted,60
H1,m84137_260214_004236_s1/16779268/ccs,1,52,2,12,274,CAA_interrupted,60
H1,m84137_260214_004236_s1/217585463/ccs,1,52,2,12,274,CAA_interrupted,60
H1,m84137_260214_004236_s1/21563299/ccs,1,52,2,12,274,CAA_interrupted,60
H1,m84137_260214_004236_s1/27396471/ccs,1,52,2,12,274,CAA_interrupted,60
H1,m84137_260214_004236_s1/134810252/ccs,1,52,2,12,274,CAA_interrupted,60
H1,m84137_260214_004236_s1/114886369/ccs,1,52,2,12,274,CAA_interrupted,60
H1,m84137_260214_004236_s1/220858414/ccs,1,52,2,12,274,CAA_interrupted,60
H1,m84137_260214_004236_s1/203818871/ccs,1,52,2,12,274,CAA_interrupted,60
H1,m84137_260214_004236_s1/228852795/ccs,1,52,2,12,274,CAA_interrupted,60
H1,m84137_260214_004236_s1/236784353/ccs,1,52,2,12,274,CAA_interrupted,60
H1,m84137_260214_004236_s1/2624773/ccs,1,52,2,12,274,CAA_interrupted,60
H1,m84137_260214_004236_s1/26350357/ccs,1,52,2,12,274,CAA_interrupted,60
H1,m84137_260214_004236_s1/26744241/ccs,1,52,2,12,274,CAA_interrupted,60
H1,m84137_260214_004236_s1/15799828/ccs,1,52,2,12,274,CAA_interrupted,60
H1,m84137_260214_004236_s1/69276197/ccs,1,52,2,12,274,CAA_interrupted,60
H1,m84137_260214_004236_s1/47189874/ccs,1,52,2,12,274,CAA_interrupted,60
H1,m84137_260214_004236_s1/100732863/ccs,1,52,2,12,274,CAA_interrupted,60
H1,m84137_260214_004236_s1/101454881/ccs,1,52,2,12,274,CAA_interrupted,60
H1,m84137_260214_004236_s1/99552800/ccs,1,52,2,12,274,CAA_interrupted,60
H1,m84137_260214_004236_s1/129242202/ccs,1,52,2,12,274,CAA_interrupted,60
H1,m84137_260214_004236_s1/164302520/ccs,1,52,2,12,274,CAA_interrupted,60
H1,m84137_260214_004236_s1/145690083/ccs,1,52,2,12,274,CAA_interrupted,60
H1,m84137_260214_004236_s1/174593956/ccs,1,52,2,12,274,CAA_interrupted,60
H1,m84137_260214_004236_s1/198381320/ccs,1,52,2,12,274,CAA_interrupted,60
H1,m84137_260214_004236_s1/224203942/ccs,1,52,2,12,274,CAA_interrupted,60
H1,m84137_260214_004236_s1/206704592/ccs,1,52,2,12,274,CAA_interrupted,60
H1,m84137_260214_004236_s1/241178206/ccs,1,52,2,12,274,CAA_interrupted,60
H1,m84137_260214_004236_s1/261362032/ccs,1,52,2,12,274,CAA_interrupted,60
H1,m84137_260214_004236_s1/36898622/ccs,1,52,2,12,274,CAA_interrupted,60
H1,m84137_260214_004236_s1/88020262/ccs,1,52,2,12,274,CAA_interrupted,60
H1,m84137_260214_004236_s1/90770440/ccs,1,52,2,12,274,CAA_interrupted,60
H1,m84137_260214_004236_s1/91098970/ccs,1,52,2,12,274,CAA_interrupted,60
H1,m84137_260214_004236_s1/148374792/ccs,1,52,2,12,274,CAA_interrupted,60
H1,m84137_260214_004236_s1/213453852/ccs,1,52,2,12,274,CAA_interrupted,60
H1,m84137_260214_004236_s1/49681745/ccs,1,52,2,12,274,CAA_interrupted,60
H1,m84137_260214_004236_s1/165610171/ccs,1,52,2,12,274,CAA_interrupted,60
H1,m84137_260214_004236_s1/218696622/ccs,1,52,2,12,274,CAA_interrupted,60
H1,m84137_260214_004236_s1/46993790/ccs,1,52,2,12,274,CAA_interrupted,60
H1,m84137_260214_004236_s1/142872344/ccs,1,52,2,12,274,CAA_interrupted,60
H1,m84137_260214_004236_s1/145558948/ccs,1,52,2,12,274,CAA_interrupted,60
H1,m84137_260214_004236_s1/169414771/ccs,1,52,2,12,274,CAA_interrupted,60
H1,m84137_260214_004236_s1/18154050/ccs,1,52,2,12,274,CAA_interrupted,60
H1,m84137_260214_004236_s1/5571523/ccs,1,52,2,12,274,CAA_interrupted,60
H1,m84137_260214_004236_s1/50727800/ccs,1,52,2,12,274,CAA_interrupted,60
H1,m84137_260214_004236_s1/59902857/ccs,1,52,2,12,274,CAA_interrupted,60
H1,m84137_260214_004236_s1/93847606/ccs,1,52,2,12,274,CAA_interrupted,60
H1,m84137_260214_004236_s1/124322352/ccs,1,52,2,12,274,CAA_interrupted,60
H1,m84137_260214_004236_s1/124586428/ccs,1,52,2,12,274,CAA_interrupted,60
H1,m84137_260214_004236_s1/124650207/ccs,1,52,2,12,274,CAA_interrupted,60
H1,m84137_260214_004236_s1/104728460/ccs,1,52,2,12,274,CAA_interrupted,60
H1,m84137_260214_004236_s1/126551224/ccs,1,52,2,12,274,CAA_interrupted,60
H1,m84137_260214_004236_s1/151325300/ccs,1,52,2,12,274,CAA_interrupted,60
H1,m84137_260214_004236_s1/163055820/ccs,1,52,2,12,274,CAA_interrupted,60
H1,m84137_260214_004236_s1/190840932/ccs,1,52,2,12,274,CAA_interrupted,60
H1,m84137_260214_004236_s1/194970872/ccs,1,52,2,12,274,CAA_interrupted,60
H1,m84137_260214_004236_s1/209781724/ccs,1,52,2,12,274,CAA_interrupted,60
H1,m84137_260214_004236_s1/213583800/ccs,1,50,3,12,274,CAA_interrupted,60
H1,m84137_260214_004236_s1/213713100/ccs,1,52,2,12,274,CAA_interrupted,60
H1,m84137_260214_004236_s1/233047933/ccs,1,52,2,12,274,CAA_interrupted,60
H1,m84137_260214_004236_s1/160563932/ccs,1,52,2,12,274,CAA_interrupted,60
H1,m84137_260214_004236_s1/185599384/ccs,1,52,2,12,274,CAA_interrupted,60
H1,m84137_260214_004236_s1/170263576/ccs,1,52,2,12,274,CAA_interrupted,60
H1,m84137_260214_004236_s1/188943160/ccs,1,52,2,12,274,CAA_interrupted,60
H1,m84137_260214_004236_s1/215484037/ccs,1,52,2,12,274,CAA_interrupted,60
H1,m84137_260214_004236_s1/242158166/ccs,1,52,2,12,274,CAA_interrupted,60
H1,m84137_260214_004236_s1/217646101/ccs,1,52,2,12,274,CAA_interrupted,60
H1,m84137_260214_004236_s1/265291667/ccs,1,52,2,12,274,CAA_interrupted,60
H1,m84137_260214_004236_s1/9375423/ccs,1,52,2,12,274,CAA_interrupted,60
H1,m84137_260214_004236_s1/221514308/ccs,1,52,2,12,274,CAA_interrupted,60
H1,m84137_260214_004236_s1/137298868/ccs,1,52,2,12,274,CAA_interrupted,60
H1,m84137_260214_004236_s1/159517434/ccs,1,52,2,12,274,CAA_interrupted,60
H1,m84137_260214_004236_s1/219419956/ccs,1,52,2,12,274,CAA_interrupted,60
H1,m84137_260214_004236_s1/87887721/ccs,1,52,2,12,274,CAA_interrupted,60
H1,m84137_260214_004236_s1/165283876/ccs,1,51,3,12,275,CAA_interrupted,60
H1,m84137_260214_004236_s1/12845417/ccs,1,52,2,13,275,CAA_interrupted,60
H1,m84137_260214_004236_s1/103418312/ccs,1,52,2,12,275,CAA_interrupted,60
H1,m84137_260214_004236_s1/250550042/ccs,1,53,2,11,275,CAA_interrupted,60
H1,m84137_260214_004236_s1/14225739/ccs,1,51,3,12,275,CAA_interrupted,60
H1,m84137_260214_004236_s1/80872229/ccs,1,52,2,12,276,CAA_interrupted,60
H1,m84137_260214_004236_s1/244385214/ccs,1,52,2,12,276,CAA_interrupted,60
H1,m84137_260214_004236_s1/225510444/ccs,1,53,2,12,277,CAA_interrupted,60
H1,m84137_260214_004236_s1/191694447/ccs,1,53,2,12,277,CAA_interrupted,60
H1,m84137_260214_004236_s1/70978212/ccs,1,53,2,12,277,CAA_interrupted,60
H1,m84137_260214_004236_s1/3016697/ccs,1,53,2,12,277,CAA_interrupted,60
H1,m84137_260214_004236_s1/27398405/ccs,1,51,2,12,277,CAA_interrupted,60
H1,m84137_260214_004236_s1/177997498/ccs,1,53,2,12,277,CAA_interrupted,60
H1,m84137_260214_004236_s1/13369415/ccs,1,53,2,12,277,CAA_interrupted,60
H1,m84137_260214_004236_s1/53086332/ccs,1,53,2,12,277,CAA_interrupted,60
H1,m84137_260214_004236_s1/75434301/ccs,1,53,2,12,277,CAA_interrupted,60
H1,m84137_260214_004236_s1/100729519/ccs,1,53,2,12,277,CAA_interrupted,60
H1,m84137_260214_004236_s1/122486880/ccs,1,53,2,12,277,CAA_interrupted,60
H1,m84137_260214_004236_s1/146934610/ccs,1,53,2,12,277,CAA_interrupted,60
H1,m84137_260214_004236_s1/164432760/ccs,1,53,2,12,277,CAA_interrupted,60
H1,m84137_260214_004236_s1/203817941/ccs,1,53,2,12,277,CAA_interrupted,60
H1,m84137_260214_004236_s1/235341033/ccs,1,53,2,12,277,CAA_interrupted,60
H1,m84137_260214_004236_s1/239142996/ccs,1,53,2,12,277,CAA_interrupted,60
H1,m84137_260214_004236_s1/34739112/ccs,1,52,2,13,277,CAA_interrupted,60
H1,m84137_260214_004236_s1/58593374/ccs,1,53,2,12,277,CAA_interrupted,60
H1,m84137_260214_004236_s1/117772419/ccs,1,53,2,12,277,CAA_interrupted,60
H1,m84137_260214_004236_s1/208540238/ccs,1,53,2,12,277,CAA_interrupted,60
H1,m84137_260214_004236_s1/204806012/ccs,1,53,2,12,277,CAA_interrupted,60
H1,m84137_260214_004236_s1/206115486/ccs,1,53,2,12,277,CAA_interrupted,60
H1,m84137_260214_004236_s1/183569978/ccs,1,53,2,12,277,CAA_interrupted,60
H1,m84137_260214_004236_s1/238228047/ccs,1,53,2,12,277,CAA_interrupted,60
H1,m84137_260214_004236_s1/245371419/ccs,1,53,2,12,277,CAA_interrupted,60
H1,m84137_260214_004236_s1/226955678/ccs,1,53,2,12,277,CAA_interrupted,60
H1,m84137_260214_004236_s1/103946073/ccs,1,53,2,12,277,CAA_interrupted,60
H1,m84137_260214_004236_s1/158140653/ccs,1,53,2,12,277,CAA_interrupted,60
H1,m84137_260214_004236_s1/245634505/ccs,1,53,2,12,277,CAA_interrupted,60
H1,m84137_260214_004236_s1/56036325/ccs,1,53,2,12,277,CAA_interrupted,60
H1,m84137_260214_004236_s1/33426129/ccs,1,53,2,12,277,CAA_interrupted,60
H1,m84137_260214_004236_s1/153619070/ccs,1,53,2,12,277,CAA_interrupted,60
H1,m84137_260214_004236_s1/64489370/ccs,1,53,2,12,277,CAA_interrupted,60
H1,m84137_260214_004236_s1/94306882/ccs,1,53,2,12,277,CAA_interrupted,60
H1,m84137_260214_004236_s1/23134529/ccs,1,53,2,12,277,CAA_interrupted,60
H1,m84137_260214_004236_s1/2623112/ccs,1,53,2,12,277,CAA_interrupted,60
H1,m84137_260214_004236_s1/37487796/ccs,1,53,2,12,277,CAA_interrupted,60
H1,m84137_260214_004236_s1/42009268/ccs,1,53,2,12,277,CAA_interrupted,60
H1,m84137_260214_004236_s1/95553077/ccs,1,53,2,12,277,CAA_interrupted,60
H1,m84137_260214_004236_s1/95749562/ccs,1,53,2,12,277,CAA_interrupted,60
H1,m84137_260214_004236_s1/129632287/ccs,1,53,2,12,277,CAA_interrupted,60
H1,m84137_260214_004236_s1/146800992/ccs,1,53,2,12,277,CAA_interrupted,60
H1,m84137_260214_004236_s1/147327994/ccs,1,53,2,12,277,CAA_interrupted,60
H1,m84137_260214_004236_s1/184944595/ccs,1,53,2,12,277,CAA_interrupted,60
H1,m84137_260214_004236_s1/168887993/ccs,1,53,2,12,277,CAA_interrupted,60
H1,m84137_260214_004236_s1/185600210/ccs,1,53,2,12,277,CAA_interrupted,60
H1,m84137_260214_004236_s1/193594530/ccs,1,53,2,12,277,CAA_interrupted,60
H1,m84137_260214_004236_s1/221775681/ccs,1,53,2,12,277,CAA_interrupted,60
H1,m84137_260214_004236_s1/215875711/ccs,1,53,2,12,277,CAA_interrupted,60
H1,m84137_260214_004236_s1/216205162/ccs,1,53,2,12,277,CAA_interrupted,60
H1,m84137_260214_004236_s1/217777147/ccs,1,53,2,12,277,CAA_interrupted,60
H1,m84137_260214_004236_s1/18289121/ccs,1,53,2,12,277,CAA_interrupted,60
H1,m84137_260214_004236_s1/11736694/ccs,1,53,2,12,277,CAA_interrupted,60
H1,m84137_260214_004236_s1/39261265/ccs,1,53,2,12,277,CAA_interrupted,60
H1,m84137_260214_004236_s1/38735497/ccs,1,53,2,12,277,CAA_interrupted,60
H1,m84137_260214_004236_s1/93917539/ccs,1,53,2,12,277,CAA_interrupted,60
H1,m84137_260214_004236_s1/99750727/ccs,1,53,2,12,277,CAA_interrupted,60
H1,m84137_260214_004236_s1/124325547/ccs,1,53,2,12,277,CAA_interrupted,60
H1,m84137_260214_004236_s1/189010669/ccs,1,53,2,12,277,CAA_interrupted,60
H1,m84137_260214_004236_s1/172758357/ccs,1,53,2,12,277,CAA_interrupted,60
H1,m84137_260214_004236_s1/219614966/ccs,1,53,2,12,277,CAA_interrupted,60
H1,m84137_260214_004236_s1/7014947/ccs,1,53,2,12,277,CAA_interrupted,60
H1,m84137_260214_004236_s1/15599225/ccs,1,53,2,12,277,CAA_interrupted,60
H1,m84137_260214_004236_s1/32705486/ccs,1,53,2,12,277,CAA_interrupted,60
H1,m84137_260214_004236_s1/53085900/ccs,1,53,2,12,277,CAA_interrupted,60
H1,m84137_260214_004236_s1/43123029/ccs,1,53,2,12,277,CAA_interrupted,60
H1,m84137_260214_004236_s1/43977328/ccs,1,53,2,12,277,CAA_interrupted,60
H1,m84137_260214_004236_s1/64948183/ccs,1,53,2,12,277,CAA_interrupted,60
H1,m84137_260214_004236_s1/68092328/ccs,1,53,2,12,277,CAA_interrupted,60
H1,m84137_260214_004236_s1/102171783/ccs,1,53,2,12,277,CAA_interrupted,60
H1,m84137_260214_004236_s1/98897437/ccs,1,53,2,12,277,CAA_interrupted,60
H1,m84137_260214_004236_s1/120066811/ccs,1,53,2,12,277,CAA_interrupted,60
H1,m84137_260214_004236_s1/84478402/ccs,1,53,2,12,277,CAA_interrupted,60
H1,m84137_260214_004236_s1/194514421/ccs,1,53,2,12,277,CAA_interrupted,60
H1,m84137_260214_004236_s1/211030703/ccs,1,53,2,12,277,CAA_interrupted,60
H1,m84137_260214_004236_s1/183176780/ccs,1,52,2,13,277,CAA_interrupted,60
H1,m84137_260214_004236_s1/253235517/ccs,1,53,2,12,277,CAA_interrupted,60
H1,m84137_260214_004236_s1/261100798/ccs,1,53,2,12,277,CAA_interrupted,60
H1,m84137_260214_004236_s1/74581365/ccs,1,53,2,12,277,CAA_interrupted,60
H1,m84137_260214_004236_s1/219089911/ccs,1,53,2,12,277,CAA_interrupted,60
H1,m84137_260214_004236_s1/153751481/ccs,1,53,2,12,277,CAA_interrupted,60
H1,m84137_260214_004236_s1/157814182/ccs,1,53,2,12,277,CAA_interrupted,60
H1,m84137_260214_004236_s1/161353218/ccs,1,53,2,12,277,CAA_interrupted,60
H1,m84137_260214_004236_s1/191305048/ccs,1,53,2,12,277,CAA_interrupted,60
H1,m84137_260214_004236_s1/256510021/ccs,1,53,2,12,277,CAA_interrupted,60
H1,m84137_260214_004236_s1/238488467/ccs,1,53,2,12,277,CAA_interrupted,60
H1,m84137_260214_004236_s1/102371326/ccs,1,53,2,12,277,CAA_interrupted,60
H1,m84137_260214_004236_s1/107023974/ccs,1,53,2,12,277,CAA_interrupted,60
H1,m84137_260214_004236_s1/200545765/ccs,1,53,2,12,277,CAA_interrupted,60
H1,m84137_260214_004236_s1/233639198/ccs,1,53,2,12,277,CAA_interrupted,60
H1,m84137_260214_004236_s1/150210552/ccs,1,53,2,12,277,CAA_interrupted,60
H1,m84137_260214_004236_s1/240059396/ccs,1,53,2,12,277,CAA_interrupted,60
H1,m84137_260214_004236_s1/42209843/ccs,1,53,2,12,277,CAA_interrupted,60
H1,m84137_260214_004236_s1/89985393/ccs,1,53,2,12,277,CAA_interrupted,60
H1,m84137_260214_004236_s1/49484528/ccs,1,53,2,12,277,CAA_interrupted,60
H1,m84137_260214_004236_s1/179113152/ccs,1,53,2,12,277,CAA_interrupted,60
H1,m84137_260214_004236_s1/217779313/ccs,1,53,2,12,277,CAA_interrupted,60
H1,m84137_260214_004236_s1/247860991/ccs,1,53,2,12,277,CAA_interrupted,60
H1,m84137_260214_004236_s1/265552786/ccs,1,53,2,12,277,CAA_interrupted,60
H1,m84137_260214_004236_s1/29361070/ccs,1,49,5,12,277,CAA_interrupted,60
H1,m84137_260214_004236_s1/252512990/ccs,1,53,2,12,277,CAA_interrupted,60
H1,m84137_260214_004236_s1/166855901/ccs,1,53,2,12,277,CAA_interrupted,60
H1,m84137_260214_004236_s1/174195278/ccs,1,53,2,12,277,CAA_interrupted,60
H1,m84137_260214_004236_s1/189401818/ccs,1,53,2,12,277,CAA_interrupted,60
H1,m84137_260214_004236_s1/246285285/ccs,1,53,2,12,277,CAA_interrupted,60
H1,m84137_260214_004236_s1/16979077/ccs,1,53,2,12,277,CAA_interrupted,60
H1,m84137_260214_004236_s1/38999405/ccs,1,53,2,12,277,CAA_interrupted,60
H1,m84137_260214_004236_s1/193921484/ccs,1,53,2,12,277,CAA_interrupted,60
H1,m84137_260214_004236_s1/194054140/ccs,1,53,2,12,277,CAA_interrupted,60
H1,m84137_260214_004236_s1/177866934/ccs,1,53,2,12,277,CAA_interrupted,60
H1,m84137_260214_004236_s1/218955948/ccs,1,53,2,12,277,CAA_interrupted,60
H1,m84137_260214_004236_s1/224069560/ccs,1,53,2,12,277,CAA_interrupted,60
H1,m84137_260214_004236_s1/131663848/ccs,1,53,2,12,277,CAA_interrupted,60
H1,m84137_260214_004236_s1/115279183/ccs,1,53,2,12,277,CAA_interrupted,60
H1,m84137_260214_004236_s1/158532745/ccs,1,53,2,12,277,CAA_interrupted,60
H1,m84137_260214_004236_s1/154272435/ccs,1,53,2,12,277,CAA_interrupted,60
H1,m84137_260214_004236_s1/159517547/ccs,1,53,2,12,277,CAA_interrupted,60
H1,m84137_260214_004236_s1/260571518/ccs,1,53,2,12,277,CAA_interrupted,60
H1,m84137_260214_004236_s1/58001187/ccs,1,52,3,12,278,CAA_interrupted,60
H1,m84137_260214_004236_s1/210502992/ccs,1,53,2,12,278,CAA_interrupted,60
H1,m84137_260214_004236_s1/187961858/ccs,1,53,2,12,278,CAA_interrupted,60
H1,m84137_260214_004236_s1/246549615/ccs,1,53,2,12,278,CAA_interrupted,60
H1,m84137_260214_004236_s1/51188803/ccs,1,51,3,12,278,CAA_interrupted,60
H1,m84137_260214_004236_s1/248055668/ccs,1,50,4,12,278,CAA_interrupted,60
H1,m84137_260214_004236_s1/215092105/ccs,1,53,2,12,279,CAA_interrupted,60
H1,m84137_260214_004236_s1/127796077/ccs,1,52,3,12,279,CAA_interrupted,60
H1,m84137_260214_004236_s1/144179296/ccs,1,53,2,12,279,CAA_interrupted,60
H1,m84137_260214_004236_s1/259916217/ccs,1,52,3,12,279,CAA_interrupted,60
H1,m84137_260214_004236_s1/58917024/ccs,1,54,2,12,280,CAA_interrupted,60
H1,m84137_260214_004236_s1/95815360/ccs,1,54,2,12,280,CAA_interrupted,60
H1,m84137_260214_004236_s1/97714672/ccs,1,54,2,12,280,CAA_interrupted,60
H1,m84137_260214_004236_s1/118163686/ccs,1,54,2,12,280,CAA_interrupted,60
H1,m84137_260214_004236_s1/122486855/ccs,1,54,2,12,280,CAA_interrupted,60
H1,m84137_260214_004236_s1/132907321/ccs,1,54,2,12,280,CAA_interrupted,60
H1,m84137_260214_004236_s1/159975764/ccs,1,54,2,12,280,CAA_interrupted,60
H1,m84137_260214_004236_s1/168691807/ccs,1,54,2,12,280,CAA_interrupted,60
H1,m84137_260214_004236_s1/258869427/ccs,1,54,2,12,280,CAA_interrupted,60
H1,m84137_260214_004236_s1/73469604/ccs,1,54,2,12,280,CAA_interrupted,60
H1,m84137_260214_004236_s1/89001080/ccs,1,54,2,12,280,CAA_interrupted,60
H1,m84137_260214_004236_s1/49812889/ccs,1,54,2,12,280,CAA_interrupted,60
H1,m84137_260214_004236_s1/141170582/ccs,1,54,2,12,280,CAA_interrupted,60
H1,m84137_260214_004236_s1/222630022/ccs,1,54,2,12,280,CAA_interrupted,60
H1,m84137_260214_004236_s1/253760568/ccs,1,54,2,12,280,CAA_interrupted,60
H1,m84137_260214_004236_s1/241700300/ccs,1,54,2,12,280,CAA_interrupted,60
H1,m84137_260214_004236_s1/243142702/ccs,1,54,2,12,280,CAA_interrupted,60
H1,m84137_260214_004236_s1/159909028/ccs,1,54,2,12,280,CAA_interrupted,60
H1,m84137_260214_004236_s1/207360519/ccs,1,54,2,12,280,CAA_interrupted,60
H1,m84137_260214_004236_s1/27726106/ccs,1,54,2,12,280,CAA_interrupted,60
H1,m84137_260214_004236_s1/147002651/ccs,1,54,2,12,280,CAA_interrupted,60
H1,m84137_260214_004236_s1/138807717/ccs,1,54,2,12,280,CAA_interrupted,60
H1,m84137_260214_004236_s1/19727929/ccs,1,54,2,12,280,CAA_interrupted,60
H1,m84137_260214_004236_s1/25106175/ccs,1,54,2,12,280,CAA_interrupted,60
H1,m84137_260214_004236_s1/42600230/ccs,1,54,2,12,280,CAA_interrupted,60
H1,m84137_260214_004236_s1/96273464/ccs,1,54,2,12,280,CAA_interrupted,60
H1,m84137_260214_004236_s1/97717215/ccs,1,54,2,12,280,CAA_interrupted,60
H1,m84137_260214_004236_s1/199819333/ccs,1,54,2,12,280,CAA_interrupted,60
H1,m84137_260214_004236_s1/238291751/ccs,1,54,2,12,280,CAA_interrupted,60
H1,m84137_260214_004236_s1/246743758/ccs,1,54,2,12,280,CAA_interrupted,60
H1,m84137_260214_004236_s1/5575726/ccs,1,54,2,12,280,CAA_interrupted,60
H1,m84137_260214_004236_s1/67243197/ccs,1,54,2,12,280,CAA_interrupted,60
H1,m84137_260214_004236_s1/63442676/ccs,1,54,2,12,280,CAA_interrupted,60
H1,m84137_260214_004236_s1/73338926/ccs,1,54,2,12,280,CAA_interrupted,60
H1,m84137_260214_004236_s1/109120661/ccs,1,54,2,12,280,CAA_interrupted,60
H1,m84137_260214_004236_s1/82120348/ccs,1,54,2,12,280,CAA_interrupted,60
H1,m84137_260214_004236_s1/174331597/ccs,1,54,2,12,280,CAA_interrupted,60
H1,m84137_260214_004236_s1/187501775/ccs,1,54,2,12,280,CAA_interrupted,60
H1,m84137_260214_004236_s1/170331709/ccs,1,54,2,12,280,CAA_interrupted,60
H1,m84137_260214_004236_s1/71895353/ccs,1,54,2,12,280,CAA_interrupted,60
H1,m84137_260214_004236_s1/187829571/ccs,1,54,2,12,280,CAA_interrupted,60
H1,m84137_260214_004236_s1/13109242/ccs,1,54,2,12,280,CAA_interrupted,60
H1,m84137_260214_004236_s1/67174545/ccs,1,54,2,12,280,CAA_interrupted,60
H1,m84137_260214_004236_s1/118686922/ccs,1,54,2,12,280,CAA_interrupted,60
H1,m84137_260214_004236_s1/77401543/ccs,1,54,2,12,280,CAA_interrupted,60
H1,m84137_260214_004236_s1/99751037/ccs,1,54,2,12,280,CAA_interrupted,60
H1,m84137_260214_004236_s1/110432872/ccs,1,54,2,12,280,CAA_interrupted,60
H1,m84137_260214_004236_s1/130944532/ccs,1,54,2,12,280,CAA_interrupted,60
H1,m84137_260214_004236_s1/85526963/ccs,1,54,2,12,280,CAA_interrupted,60
H1,m84137_260214_004236_s1/95618647/ccs,1,54,2,12,280,CAA_interrupted,60
H1,m84137_260214_004236_s1/208736082/ccs,1,54,2,12,280,CAA_interrupted,60
H1,m84137_260214_004236_s1/223416916/ccs,1,54,2,12,280,CAA_interrupted,60
H1,m84137_260214_004236_s1/140972715/ccs,1,54,2,12,280,CAA_interrupted,60
H1,m84137_260214_004236_s1/159978422/ccs,1,54,2,12,280,CAA_interrupted,60
H1,m84137_260214_004236_s1/241961016/ccs,1,54,2,12,280,CAA_interrupted,60
H1,m84137_260214_004236_s1/13112935/ccs,1,54,2,12,280,CAA_interrupted,60
H1,m84137_260214_004236_s1/67375679/ccs,1,54,2,12,280,CAA_interrupted,60
H1,m84137_260214_004236_s1/49092123/ccs,1,54,2,12,280,CAA_interrupted,60
H1,m84137_260214_004236_s1/202837950/ccs,1,54,2,12,280,CAA_interrupted,60
H1,m84137_260214_004236_s1/16843679/ccs,1,54,2,12,280,CAA_interrupted,60
H1,m84137_260214_004236_s1/217781456/ccs,1,54,2,12,280,CAA_interrupted,60
H1,m84137_260214_004236_s1/250940119/ccs,1,53,2,13,280,CAA_interrupted,60
H1,m84137_260214_004236_s1/231867876/ccs,1,54,2,12,280,CAA_interrupted,60
H1,m84137_260214_004236_s1/215679499/ccs,1,54,2,12,280,CAA_interrupted,60
H1,m84137_260214_004236_s1/32443860/ccs,1,54,2,12,280,CAA_interrupted,60
H1,m84137_260214_004236_s1/37424967/ccs,1,54,2,12,280,CAA_interrupted,60
H1,m84137_260214_004236_s1/151585521/ccs,1,54,2,12,280,CAA_interrupted,60
H1,m84137_260214_004236_s1/132514541/ccs,1,54,2,12,280,CAA_interrupted,60
H1,m84137_260214_004236_s1/159648017/ccs,1,54,2,12,280,CAA_interrupted,60
H1,m84137_260214_004236_s1/159844377/ccs,1,54,2,12,280,CAA_interrupted,60
H1,m84137_260214_004236_s1/48107367/ccs,1,54,2,11,281,CAA_interrupted,60
H1,m84137_260214_004236_s1/122228535/ccs,1,53,3,12,281,CAA_interrupted,60
H1,m84137_260214_004236_s1/85396443/ccs,1,53,3,12,281,CAA_interrupted,60
H1,m84137_260214_004236_s1/222823179/ccs,1,54,2,12,282,CAA_interrupted,60
H1,m84137_260214_004236_s1/170133944/ccs,1,55,2,12,283,CAA_interrupted,60
H1,m84137_260214_004236_s1/192807715/ccs,1,55,2,12,283,CAA_interrupted,60
H1,m84137_260214_004236_s1/219809893/ccs,1,55,2,12,283,CAA_interrupted,60
H1,m84137_260214_004236_s1/183765826/ccs,1,55,2,12,283,CAA_interrupted,60
H1,m84137_260214_004236_s1/226495165/ccs,1,55,2,12,283,CAA_interrupted,60
H1,m84137_260214_004236_s1/244057703/ccs,1,55,2,12,283,CAA_interrupted,60
H1,m84137_260214_004236_s1/245892249/ccs,1,55,2,12,283,CAA_interrupted,60
H1,m84137_260214_004236_s1/105912217/ccs,1,55,2,12,283,CAA_interrupted,60
H1,m84137_260214_004236_s1/114037989/ccs,1,55,2,12,283,CAA_interrupted,60
H1,m84137_260214_004236_s1/181866109/ccs,1,55,2,12,283,CAA_interrupted,60
H1,m84137_260214_004236_s1/7276842/ccs,1,55,2,12,283,CAA_interrupted,60
H1,m84137_260214_004236_s1/124847032/ccs,1,55,2,12,283,CAA_interrupted,60
H1,m84137_260214_004236_s1/110037479/ccs,1,55,2,12,283,CAA_interrupted,60
H1,m84137_260214_004236_s1/106037406/ccs,1,55,2,12,283,CAA_interrupted,60
H1,m84137_260214_004236_s1/169019635/ccs,1,55,2,12,283,CAA_interrupted,60
H1,m84137_260214_004236_s1/86574085/ccs,1,55,2,12,283,CAA_interrupted,60
H1,m84137_260214_004236_s1/124848876/ccs,1,55,2,12,283,CAA_interrupted,60
H1,m84137_260214_004236_s1/208144364/ccs,1,55,2,12,283,CAA_interrupted,60
H1,m84137_260214_004236_s1/216727690/ccs,1,55,2,12,283,CAA_interrupted,60
H1,m84137_260214_004236_s1/17960680/ccs,1,55,2,12,283,CAA_interrupted,60
H1,m84137_260214_004236_s1/155651201/ccs,1,55,2,12,283,CAA_interrupted,60
H1,m84137_260214_004236_s1/164302323/ccs,1,55,2,12,283,CAA_interrupted,60
H1,m84137_260214_004236_s1/201398114/ccs,1,55,2,12,283,CAA_interrupted,60
H1,m84137_260214_004236_s1/15406400/ccs,1,55,2,12,283,CAA_interrupted,60
H1,m84137_260214_004236_s1/164957721/ccs,1,55,2,12,283,CAA_interrupted,60
H1,m84137_260214_004236_s1/196875800/ccs,1,55,2,12,283,CAA_interrupted,60
H1,m84137_260214_004236_s1/262933585/ccs,1,55,2,12,283,CAA_interrupted,60
H1,m84137_260214_004236_s1/153620385/ccs,1,55,2,12,283,CAA_interrupted,60
H1,m84137_260214_004236_s1/247728292/ccs,1,55,2,12,283,CAA_interrupted,60
H1,m84137_260214_004236_s1/20776537/ccs,1,55,2,12,283,CAA_interrupted,60
H1,m84137_260214_004236_s1/183305166/ccs,1,55,2,12,283,CAA_interrupted,60
H1,m84137_260214_004236_s1/246352330/ccs,1,55,2,12,283,CAA_interrupted,60
H1,m84137_260214_004236_s1/89592364/ccs,1,55,2,12,283,CAA_interrupted,60
H1,m84137_260214_004236_s1/101192349/ccs,1,55,2,12,283,CAA_interrupted,60
H1,m84137_260214_004236_s1/211222682/ccs,1,55,2,12,283,CAA_interrupted,60
H1,m84137_260214_004236_s1/232916713/ccs,1,55,2,12,283,CAA_interrupted,60
H1,m84137_260214_004236_s1/262932707/ccs,1,55,2,12,283,CAA_interrupted,60
H1,m84137_260214_004236_s1/24448376/ccs,1,55,2,12,283,CAA_interrupted,60
H1,m84137_260214_004236_s1/35328195/ccs,1,55,2,12,283,CAA_interrupted,60
H1,m84137_260214_004236_s1/132645965/ccs,1,54,2,12,283,CAA_interrupted,60
H1,m84137_260214_004236_s1/190517085/ccs,1,55,2,12,283,CAA_interrupted,60
H1,m84137_260214_004236_s1/79301494/ccs,1,55,2,12,283,CAA_interrupted,60
H1,m84137_260214_004236_s1/170919416/ccs,1,55,2,12,284,CAA_interrupted,60
H1,m84137_260214_004236_s1/179896535/ccs,1,55,2,12,284,CAA_interrupted,60
H1,m84137_260214_004236_s1/114032910/ccs,1,55,2,12,284,CAA_interrupted,60
H1,m84137_260214_004236_s1/114888128/ccs,1,55,2,12,285,CAA_interrupted,60
H1,m84137_260214_004236_s1/239277779/ccs,1,55,2,12,285,CAA_interrupted,60
H1,m84137_260214_004236_s1/149163875/ccs,1,56,2,12,286,CAA_interrupted,60
H1,m84137_260214_004236_s1/218044106/ccs,1,56,2,12,286,CAA_interrupted,60
H1,m84137_260214_004236_s1/209061709/ccs,1,56,2,12,286,CAA_interrupted,60
H1,m84137_260214_004236_s1/22679633/ccs,1,56,2,12,286,CAA_interrupted,60
H1,m84137_260214_004236_s1/68747694/ccs,1,56,2,12,286,CAA_interrupted,60
H1,m84137_260214_004236_s1/168562762/ccs,1,56,2,12,286,CAA_interrupted,60
H1,m84137_260214_004236_s1/190714527/ccs,1,56,2,12,286,CAA_interrupted,60
H1,m84137_260214_004236_s1/154801993/ccs,1,56,2,12,286,CAA_interrupted,60
H1,m84137_260214_004236_s1/196742301/ccs,1,56,2,12,286,CAA_interrupted,60
H1,m84137_260214_004236_s1/105515865/ccs,1,56,2,12,286,CAA_interrupted,60
H1,m84137_260214_004236_s1/22217113/ccs,1,56,2,12,286,CAA_interrupted,60
H1,m84137_260214_004236_s1/59442083/ccs,1,56,2,12,286,CAA_interrupted,60
H1,m84137_260214_004236_s1/157354219/ccs,1,56,2,12,286,CAA_interrupted,60
H1,m84137_260214_004236_s1/179896798/ccs,1,56,2,12,286,CAA_interrupted,60
H1,m84137_260214_004236_s1/242423585/ccs,1,56,2,12,286,CAA_interrupted,60
H1,m84137_260214_004236_s1/29233346/ccs,1,56,2,12,286,CAA_interrupted,60
H1,m84137_260214_004236_s1/217055297/ccs,1,56,2,12,286,CAA_interrupted,60
H1,m84137_260214_004236_s1/243272618/ccs,1,56,2,12,286,CAA_interrupted,60
H1,m84137_260214_004236_s1/189729527/ccs,1,56,2,12,286,CAA_interrupted,60
H1,m84137_260214_004236_s1/190056661/ccs,1,56,2,12,286,CAA_interrupted,60
H1,m84137_260214_004236_s1/134087511/ccs,1,56,2,12,286,CAA_interrupted,60
H1,m84137_260214_004236_s1/155454121/ccs,1,56,2,12,286,CAA_interrupted,60
H1,m84137_260214_004236_s1/54658940/ccs,1,57,2,12,288,CAA_interrupted,60
H1,m84137_260214_004236_s1/101123072/ccs,1,57,2,12,289,CAA_interrupted,60
H1,m84137_260214_004236_s1/133956790/ccs,1,57,2,12,289,CAA_interrupted,60
H1,m84137_260214_004236_s1/206570842/ccs,1,57,2,12,289,CAA_interrupted,60
H1,m84137_260214_004236_s1/91621886/ccs,1,57,2,12,289,CAA_interrupted,60
H1,m84137_260214_004236_s1/14353829/ccs,1,57,2,12,289,CAA_interrupted,60
H1,m84137_260214_004236_s1/185602569/ccs,1,57,2,12,289,CAA_interrupted,60
H1,m84137_260214_004236_s1/205262422/ccs,1,57,2,12,289,CAA_interrupted,60
H1,m84137_260214_004236_s1/211816571/ccs,1,57,2,12,289,CAA_interrupted,60
H1,m84137_260214_004236_s1/39191433/ccs,1,57,2,12,289,CAA_interrupted,60
H1,m84137_260214_004236_s1/32506978/ccs,1,57,2,12,289,CAA_interrupted,60
H1,m84137_260214_004236_s1/102106136/ccs,1,57,2,12,289,CAA_interrupted,60
H1,m84137_260214_004236_s1/176559753/ccs,1,57,2,12,289,CAA_interrupted,60
H1,m84137_260214_004236_s1/181278591/ccs,1,57,2,12,289,CAA_interrupted,60
H1,m84137_260214_004236_s1/165217508/ccs,1,57,2,12,289,CAA_interrupted,60
H1,m84137_260214_004236_s1/8393918/ccs,1,57,2,12,289,CAA_interrupted,60
H1,m84137_260214_004236_s1/159778438/ccs,1,57,2,12,289,CAA_interrupted,60
H1,m84137_260214_004236_s1/257556669/ccs,1,58,2,12,292,CAA_interrupted,60
H1,m84137_260214_004236_s1/96671436/ccs,1,58,2,12,292,CAA_interrupted,60
H1,m84137_260214_004236_s1/3671121/ccs,1,58,2,12,292,CAA_interrupted,60
H1,m84137_260214_004236_s1/65471590/ccs,1,58,2,12,292,CAA_interrupted,60
H1,m84137_260214_004236_s1/170198496/ccs,1,58,2,12,292,CAA_interrupted,60
H1,m84137_260214_004236_s1/208213157/ccs,1,58,2,12,292,CAA_interrupted,60
H1,m84137_260214_004236_s1/225444517/ccs,1,59,2,11,292,CAA_interrupted,60
H1,m84137_260214_004236_s1/83757873/ccs,1,58,2,12,292,CAA_interrupted,60
H1,m84137_260214_004236_s1/261559210/ccs,1,58,2,12,292,CAA_interrupted,60
H1,m84137_260214_004236_s1/221776574/ccs,1,53,5,12,294,CAA_interrupted,60
H1,m84137_260214_004236_s1/46338104/ccs,1,59,2,12,295,CAA_interrupted,60
H1,m84137_260214_004236_s1/259916488/ccs,1,59,2,12,295,CAA_interrupted,60
H1,m84137_260214_004236_s1/62657461/ccs,1,59,2,12,295,CAA_interrupted,60
H1,m84137_260214_004236_s1/174654623/ccs,1,59,2,12,295,CAA_interrupted,60
H1,m84137_260214_004236_s1/255265395/ccs,1,59,2,12,295,CAA_interrupted,60
H1,m84137_260214_004236_s1/237962102/ccs,1,59,2,12,295,CAA_interrupted,60
H1,m84137_260214_004236_s1/6424872/ccs,1,59,2,12,295,CAA_interrupted,60
H1,m84137_260214_004236_s1/212402453/ccs,1,59,2,12,295,CAA_interrupted,60
H1,m84137_260214_004236_s1/240912638/ccs,1,59,2,12,295,CAA_interrupted,60
H1,m84137_260214_004236_s1/173475439/ccs,1,61,2,10,295,CAA_interrupted,60
H1,m84137_260214_004236_s1/176751271/ccs,1,60,2,12,298,CAA_interrupted,60
H1,m84137_260214_004236_s1/41423883/ccs,1,60,2,12,298,CAA_interrupted,60
H1,m84137_260214_004236_s1/92013145/ccs,1,60,2,12,298,CAA_interrupted,60
H1,m84137_260214_004236_s1/28050490/ccs,1,60,2,12,298,CAA_interrupted,60
H1,m84137_260214_004236_s1/97455138/ccs,1,60,2,12,299,CAA_interrupted,60
H1,m84137_260214_004236_s1/88083311/ccs,1,61,2,12,301,CAA_interrupted,60
H1,m84137_260214_004236_s1/22153139/ccs,1,61,2,12,301,CAA_interrupted,60
H1,m84137_260214_004236_s1/177475171/ccs,1,61,2,12,301,CAA_interrupted,60
H1,m84137_260214_004236_s1/24641605/ccs,1,61,2,12,301,CAA_interrupted,60
H1,m84137_260214_004236_s1/63902426/ccs,1,61,2,12,301,CAA_interrupted,60
H1,m84137_260214_004236_s1/202441886/ccs,1,61,2,12,301,CAA_interrupted,60
H1,m84137_260214_004236_s1/175440691/ccs,1,61,2,12,301,CAA_interrupted,60
H1,m84137_260214_004236_s1/37884391/ccs,1,61,2,12,301,CAA_interrupted,60
H1,m84137_260214_004236_s1/214963691/ccs,1,62,2,12,304,CAA_interrupted,60
H1,m84137_260214_004236_s1/113577497/ccs,1,62,2,12,304,CAA_interrupted,60
H1,m84137_260214_004236_s1/236586249/ccs,1,62,2,12,304,CAA_interrupted,60
H1,m84137_260214_004236_s1/224592426/ccs,1,62,2,12,304,CAA_interrupted,60
H1,m84137_260214_004236_s1/80414486/ccs,1,63,2,12,307,CAA_interrupted,60
H1,m84137_260214_004236_s1/157615597/ccs,1,63,2,12,307,CAA_interrupted,60
H1,m84137_260214_004236_s1/249628542/ccs,1,64,2,12,310,CAA_interrupted,60
H1,m84137_260214_004236_s1/82575632/ccs,1,64,2,12,310,CAA_interrupted,60
H1,m84137_260214_004236_s1/83561904/ccs,1,64,2,12,310,CAA_interrupted,60
H1,m84137_260214_004236_s1/168886499/ccs,1,64,2,12,310,CAA_interrupted,60
H1,m84137_260214_004236_s1/54529664/ccs,1,65,2,12,313,CAA_interrupted,60
H1,m84137_260214_004236_s1/67046103/ccs,1,66,2,12,316,CAA_interrupted,60
H1,m84137_260214_004236_s1/176818591/ccs,1,67,2,12,319,CAA_interrupted,60
H1,m84137_260214_004236_s1/47519525/ccs,1,67,2,12,319,CAA_interrupted,60
H1,m84137_260214_004236_s1/78906890/ccs,1,67,2,12,319,CAA_interrupted,60
H1,m84137_260214_004236_s1/172297771/ccs,1,69,2,12,325,CAA_interrupted,60
H1,m84137_260214_004236_s1/10228671/ccs,1,69,2,12,325,CAA_interrupted,60
H1,m84137_260214_004236_s1/8000119/ccs,1,70,2,12,330,CAA_interrupted,60
H1,m84137_260214_004236_s1/113314807/ccs,1,71,2,12,331,CAA_interrupted,60
H1,m84137_260214_004236_s1/251923651/ccs,1,71,2,12,331,CAA_interrupted,60
H1,m84137_260214_004236_s1/176101061/ccs,1,72,2,12,334,CAA_interrupted,60
H1,m84137_260214_004236_s1/208078379/ccs,1,73,2,12,337,CAA_interrupted,60
H1,m84137_260214_004236_s1/160891309/ccs,1,75,1,12,340,CAA_interrupted,60
H1,m84137_260214_004236_s1/6162102/ccs,1,75,2,12,343,CAA_interrupted,60
H1,m84137_260214_004236_s1/57610105/ccs,1,75,2,12,345,CAA_interrupted,60
H1,m84137_260214_004236_s1/85524946/ccs,1,76,2,12,346,CAA_interrupted,60
H1,m84137_260214_004236_s1/153884483/ccs,1,76,2,12,346,CAA_interrupted,60
H1,m84137_260214_004236_s1/158666114/ccs,1,77,2,12,349,CAA_interrupted,60
H1,m84137_260214_004236_s1/108659750/ccs,1,78,2,12,352,CAA_interrupted,60
H1,m84137_260214_004236_s1/84020030/ccs,1,79,2,12,355,CAA_interrupted,60
H1,m84137_260214_004236_s1/124388431/ccs,1,79,2,12,355,CAA_interrupted,60
H1,m84137_260214_004236_s1/178918639/ccs,1,79,2,12,355,CAA_interrupted,60
H1,m84137_260214_004236_s1/96472366/ccs,1,80,2,13,358,CAA_interrupted,60
H1,m84137_260214_004236_s1/195954729/ccs,1,84,2,12,370,CAA_interrupted,60
H1,m84137_260214_004236_s1/79432687/ccs,1,85,2,12,373,CAA_interrupted,60
H1,m84137_260214_004236_s1/257294861/ccs,1,89,2,12,385,CAA_interrupted,60
H1,m84137_260214_004236_s1/78709776/ccs,1,90,2,12,390,CAA_interrupted,60
H1,m84137_260214_004236_s1/27657538/ccs,1,92,2,12,394,CAA_interrupted,60
H1,m84137_260214_004236_s1/131337929/ccs,1,107,2,12,439,CAA_interrupted,60
H1,m84137_260214_004236_s1/256642587/ccs,1,109,2,12,445,CAA_interrupted,60
H1,m84137_260214_004236_s1/139198596/ccs,1,109,2,12,445,CAA_interrupted,60
H1,m84137_260214_004236_s1/183830876/ccs,1,112,1,13,451,CAA_interrupted,60
H1,m84137_260214_004236_s1/144575666/ccs,1,112,2,14,457,CAA_interrupted,60
H1,m84137_260214_004236_s1/57413295/ccs,1,115,2,11,460,CAA_interrupted,60
H1,m84137_260214_004236_s1/88670823/ccs,1,140,2,12,539,CAA_interrupted,60
H1,m84137_260214_004236_s1/3801430/ccs,1,129,10,13,540,CAA_interrupted,60
H1,m84137_260214_004236_s1/84022521/ccs,1,155,1,12,580,CAA_interrupted,60
H1,m84137_260214_004236_s1/241959986/ccs,1,160,2,12,598,CAA_interrupted,60
H1,m84137_260214_004236_s1/142213184/ccs,1,177,2,12,649,CAA_interrupted,60
H1,m84137_260214_004236_s1/179175680/ccs,1,180,2,13,658,CAA_interrupted,60
H1,m84137_260214_004236_s1/32508660/ccs,1,187,1,13,676,CAA_interrupted,60
H1,m84137_260214_004236_s1/144051991/ccs,1,187,2,12,679,CAA_interrupted,60
H1,m84137_260214_004236_s1/199759472/ccs,1,192,3,13,697,CAA_interrupted,60
H1,m84137_260214_004236_s1/32115799/ccs,1,203,2,15,737,CAA_interrupted,60
H1,m84137_260214_004236_s1/158142075/ccs,1,248,2,12,862,CAA_interrupted,60
H1,m84137_260214_004236_s1/18746332/ccs,1,258,2,9,880,CAA_interrupted,60
H1,m84137_260214_004236_s1/206772061/ccs,1,279,1,6,921,CAA_interrupted,60
H1,m84137_260214_004236_s1/244846053/ccs,1,45,4,11,282,CAA_interrupted,60
H1,m84137_260214_004236_s1/193924699/ccs,0,22,3,12,198,CAA_interrupted,60
H1,m84137_260214_004236_s1/24707220/ccs,1,46,1,10,274,CAA_interrupted,60
H1,m84137_260214_004236_s1/24973954/ccs,1,41,3,13,263,CAA_interrupted,60
H1,m84137_260214_004236_s1/66456893/ccs,1,51,6,10,297,CAA_interrupted,60
H1,m84137_260214_004236_s1/180818806/ccs,0,24,3,13,200,CAA_interrupted,60
H1,m84137_260214_004236_s1/28448361/ccs,1,44,2,10,267,CAA_interrupted,60
H1,m84137_260214_004236_s1/210373844/ccs,1,47,3,11,272,CAA_interrupted,60
H1,m84137_260214_004236_s1/62455949/ccs,1,45,3,11,273,CAA_interrupted,60
H1,m84137_260214_004236_s1/211618343/ccs,1,47,4,12,281,CAA_interrupted,60
H1,m84137_260214_004236_s1/204736480/ccs,0,26,2,12,196,CAA_interrupted,60
H1,m84137_260214_004236_s1/148245751/ccs,0,26,2,12,196,CAA_interrupted,60
H1,m84137_260214_004236_s1/187569136/ccs,0,26,2,12,196,CAA_interrupted,60
H1,m84137_260214_004236_s1/243468587/ccs,0,25,2,13,196,CAA_interrupted,60
H1,m84137_260214_004236_s1/81199930/ccs,0,25,3,12,197,CAA_interrupted,60
H1,m84137_260214_004236_s1/130089564/ccs,1,47,3,12,263,CAA_interrupted,60
H1,m84137_260214_004236_s1/250678192/ccs,1,49,2,12,265,CAA_interrupted,60
H1,m84137_260214_004236_s1/98305599/ccs,1,50,2,12,268,CAA_interrupted,60
H1,m84137_260214_004236_s1/241304137/ccs,1,50,2,12,269,CAA_interrupted,60
H1,m84137_260214_004236_s1/49022945/ccs,1,50,2,12,270,CAA_interrupted,60
H1,m84137_260214_004236_s1/257426610/ccs,1,52,2,12,274,CAA_interrupted,60
H1,m84137_260214_004236_s1/236258827/ccs,1,53,2,12,277,CAA_interrupted,60
H1,m84137_260214_004236_s1/3671239/ccs,0,23,2,13,197,CAA_interrupted,60
H1,m84137_260214_004236_s1/238027421/ccs,1,42,3,11,273,CAA_interrupted,60
H1,m84137_260214_004236_s1/133895356/ccs,0,23,3,8,193,CAA_interrupted,60
H1,m84137_260214_004236_s1/220924998/ccs,1,43,3,14,271,CAA_interrupted,60
H1,m84137_260214_004236_s1/133629481/ccs,1,48,3,9,270,CAA_interrupted,60
H1,m84137_260214_004236_s1/81726905/ccs,1,45,2,15,273,CAA_interrupted,60
H1,m84137_260214_004236_s1/176691003/ccs,1,46,2,10,266,CAA_interrupted,60
H1,m84137_260214_004236_s1/189076938/ccs,1,48,3,10,273,CAA_interrupted,60
H1,m84137_260214_004236_s1/138809261/ccs,0,24,2,13,197,CAA_interrupted,60
H1,m84137_260214_004236_s1/130158962/ccs,0,26,2,11,194,CAA_interrupted,60
H1,m84137_260214_004236_s1/140054346/ccs,1,45,2,13,262,CAA_interrupted,60
H1,m84137_260214_004236_s1/211615945/ccs,0,24,2,12,190,CAA_interrupted,60
H1,m84137_260214_004236_s1/104007862/ccs,0,25,1,12,194,CAA_interrupted,60
H1,m84137_260214_004236_s1/131203974/ccs,0,26,2,12,196,CAA_interrupted,60
H1,m84137_260214_004236_s1/138152378/ccs,0,26,2,12,196,CAA_interrupted,60
H1,m84137_260214_004236_s1/142347398/ccs,0,26,2,12,196,CAA_interrupted,60
H1,m84137_260214_004236_s1/64493122/ccs,0,26,2,12,196,CAA_interrupted,60
H1,m84137_260214_004236_s1/130092926/ccs,0,26,2,12,196,CAA_interrupted,60
H1,m84137_260214_004236_s1/28049760/ccs,0,26,2,11,196,CAA_interrupted,60
H1,m84137_260214_004236_s1/60621943/ccs,0,26,2,12,197,CAA_interrupted,60
H1,m84137_260214_004236_s1/211947970/ccs,0,26,2,13,199,CAA_interrupted,60
H1,m84137_260214_004236_s1/66061990/ccs,0,27,2,12,199,CAA_interrupted,60
H1,m84137_260214_004236_s1/103743936/ccs,1,51,2,12,272,CAA_interrupted,60
H1,m84137_260214_004236_s1/210111181/ccs,1,53,2,12,277,CAA_interrupted,60
H1,m84137_260214_004236_s1/191824292/ccs,1,53,2,12,277,CAA_interrupted,60
H1,m84137_260214_004236_s1/52168236/ccs,1,51,4,12,279,CAA_interrupted,60
H1,m84137_260214_004236_s1/67572995/ccs,1,54,2,12,280,CAA_interrupted,60
H1,m84137_260214_004236_s1/25956351/ccs,1,55,2,12,283,CAA_interrupted,60
H1,m84137_260214_004236_s1/214046295/ccs,1,44,3,13,270,CAA_interrupted,60
H1,m84137_260214_004236_s1/96142095/ccs,0,26,2,12,196,CAA_interrupted,60
H1,m84137_260214_004236_s1/21235525/ccs,1,49,4,13,277,CAA_interrupted,60
H1,m84137_260214_004236_s1/140968052/ccs,0,19,4,12,194,CAA_interrupted,60
H1,m84137_260214_004236_s1/118948087/ccs,1,46,2,9,268,CAA_interrupted,60
H1,m84137_260214_004236_s1/6099556/ccs,0,26,2,9,192,CAA_interrupted,60
H1,m84137_260214_004236_s1/233116200/ccs,0,23,2,10,194,CAA_interrupted,60
H1,m84137_260214_004236_s1/217581519/ccs,0,25,3,9,197,CAA_interrupted,60
H1,m84137_260214_004236_s1/180880903/ccs,0,20,4,12,193,CAA_interrupted,60
H1,m84137_260214_004236_s1/134481370/ccs,0,23,2,10,194,CAA_interrupted,60
H1,m84137_260214_004236_s1/262673765/ccs,0,23,3,12,195,CAA_interrupted,60
H1,m84137_260214_004236_s1/67047853/ccs,1,44,2,12,268,CAA_interrupted,60
H1,m84137_260214_004236_s1/251663037/ccs,1,48,3,12,269,CAA_interrupted,60
H1,m84137_260214_004236_s1/16454007/ccs,0,25,2,13,196,CAA_interrupted,60
H1,m84137_260214_004236_s1/169743002/ccs,0,24,5,11,202,CAA_interrupted,60
H1,m84137_260214_004236_s1/79628726/ccs,0,26,2,11,203,CAA_interrupted,60
H1,m84137_260214_004236_s1/220922641/ccs,0,25,4,13,206,CAA_interrupted,60
H1,m84137_260214_004236_s1/192484013/ccs,1,64,3,12,321,CAA_interrupted,60
H1,m84137_260214_004236_s1/149096674/ccs,0,25,3,10,195,CAA_interrupted,60
H1,m84137_260214_004236_s1/143983967/ccs,1,48,5,13,288,CAA_interrupted,60
H1,m84137_260214_004236_s1/60557951/ccs,0,24,5,12,202,CAA_interrupted,60
H1,m84137_260214_004236_s1/88347683/ccs,1,49,7,11,310,CAA_interrupted,60
H1,m84137_260214_004236_s1/217517150/ccs,0,22,4,12,203,CAA_interrupted,60
H1,m84137_260214_004236_s1/23461955/ccs,1,45,3,12,282,CAA_interrupted,60
H1,m84137_260214_004236_s1/232657864/ccs,1,44,5,8,272,CAA_interrupted,60
H1,m84137_260214_004236_s1/51642455/ccs,1,47,2,10,278,CAA_interrupted,60
H1,m84137_260214_004236_s1/8065739/ccs,1,44,3,12,271,CAA_interrupted,60
H1,m84137_260214_004236_s1/168761067/ccs,1,47,3,13,274,CAA_interrupted,60
H1,m84137_260214_004236_s1/12977343/ccs,1,53,7,12,299,CAA_interrupted,60
H1,m84137_260214_004236_s1/33165736/ccs,1,41,2,11,274,CAA_interrupted,60
H1,m84137_260214_004236_s1/197858916/ccs,1,52,1,12,293,CAA_interrupted,60
H3,m84137_260214_004236_s1/73401810/ccs,1,55,3,14,309,CAA_interrupted,60
H3,m84137_260214_004236_s1/23791630/ccs,1,59,5,11,313,CAA_interrupted,60
H3,m84137_260214_004236_s1/241568636/ccs,0,22,2,9,184,CAA_interrupted,60
H3,m84137_260214_004236_s1/166266081/ccs,0,21,1,10,185,CAA_interrupted,60
H3,m84137_260214_004236_s1/146281875/ccs,1,51,5,13,305,CAA_interrupted,60
H3,m84137_260214_004236_s1/247072969/ccs,0,19,1,13,187,CAA_interrupted,60
H3,m84137_260214_004236_s1/218040069/ccs,1,55,5,11,306,CAA_interrupted,60
H3,m84137_260214_004236_s1/191040490/ccs,1,49,6,10,303,CAA_interrupted,60
H3,m84137_260214_004236_s1/48890556/ccs,1,44,5,14,296,CAA_interrupted,60
H3,m84137_260214_004236_s1/91425604/ccs,0,24,2,10,188,CAA_interrupted,60
H3,m84137_260214_004236_s1/254415485/ccs,0,23,2,13,186,CAA_interrupted,60
H3,m84137_260214_004236_s1/99095255/ccs,1,54,3,14,321,CAA_interrupted,60
H3,m84137_260214_004236_s1/2097690/ccs,1,827,35,19,3068,CAA_interrupted,60
H3,m84137_260214_004236_s1/95686302/ccs,0,23,3,11,192,CAA_interrupted,60
H3,m84137_260214_004236_s1/22481974/ccs,1,55,4,11,319,CAA_interrupted,60
H3,m84137_260214_004236_s1/169809764/ccs,1,55,4,13,320,CAA_interrupted,60
H3,m84137_260214_004236_s1/82051943/ccs,1,53,4,16,313,CAA_interrupted,60
H3,m84137_260214_004236_s1/150342062/ccs,1,77,4,10,366,CAA_interrupted,60
H3,m84137_260214_004236_s1/121768635/ccs,1,60,2,12,306,CAA_interrupted,60
H3,m84137_260214_004236_s1/206443279/ccs,1,67,2,12,319,CAA_interrupted,60
H3,m84137_260214_004236_s1/237175291/ccs,1,52,5,13,318,CAA_interrupted,60
H3,m84137_260214_004236_s1/256443416/ccs,1,51,4,13,305,CAA_interrupted,60
H3,m84137_260214_004236_s1/90835560/ccs,1,58,6,11,328,CAA_interrupted,60
H3,m84137_260214_004236_s1/6491893/ccs,1,57,5,11,322,CAA_interrupted,60
H3,m84137_260214_004236_s1/3015164/ccs,1,54,4,12,313,CAA_interrupted,60
H3,m84137_260214_004236_s1/133431570/ccs,1,52,4,12,303,CAA_interrupted,60
H3,m84137_260214_004236_s1/31721716/ccs,1,54,4,14,312,CAA_interrupted,60
H3,m84137_260214_004236_s1/195825563/ccs,1,59,3,11,318,CAA_interrupted,60
H3,m84137_260214_004236_s1/5636598/ccs,1,60,2,10,309,CAA_interrupted,60
H3,m84137_260214_004236_s1/23397850/ccs,1,53,2,11,297,CAA_interrupted,60
H3,m84137_260214_004236_s1/238814623/ccs,0,23,2,12,187,CAA_interrupted,60
H3,m84137_260214_004236_s1/63705161/ccs,0,22,2,12,187,CAA_interrupted,60
H3,m84137_260214_004236_s1/92604325/ccs,1,56,1,12,283,CAA_interrupted,60
H3,m84137_260214_004236_s1/105713116/ccs,1,89,2,13,389,CAA_interrupted,60
H3,m84137_260214_004236_s1/263981381/ccs,0,21,1,8,188,CAA_interrupted,60
H3,m84137_260214_004236_s1/67307854/ccs,1,52,7,12,319,CAA_interrupted,60
H3,m84137_260214_004236_s1/63968787/ccs,0,20,2,12,184,CAA_interrupted,60
H3,m84137_260214_004236_s1/93783117/ccs,1,51,5,10,314,CAA_interrupted,60
H3,m84137_260214_004236_s1/45353303/ccs,1,56,3,9,313,CAA_interrupted,60
H3,m84137_260214_004236_s1/4852462/ccs,0,22,3,12,191,CAA_interrupted,60
H3,m84137_260214_004236_s1/134611907/ccs,1,52,4,14,302,CAA_interrupted,60
H3,m84137_260214_004236_s1/111151212/ccs,1,54,5,9,309,CAA_interrupted,60
H3,m84137_260214_004236_s1/193528650/ccs,1,50,3,11,295,CAA_interrupted,60
H3,m84137_260214_004236_s1/55250196/ccs,1,53,2,13,302,CAA_interrupted,60
H3,m84137_260214_004236_s1/88673887/ccs,0,23,1,11,183,CAA_interrupted,60
H3,m84137_260214_004236_s1/138611555/ccs,0,23,2,11,185,CAA_interrupted,60
H3,m84137_260214_004236_s1/99682434/ccs,0,23,2,12,187,CAA_interrupted,60
H3,m84137_260214_004236_s1/262212714/ccs,0,23,2,12,187,CAA_interrupted,60
H3,m84137_260214_004236_s1/19139528/ccs,0,23,2,12,187,CAA_interrupted,60
H3,m84137_260214_004236_s1/29754227/ccs,1,59,1,11,295,CAA_interrupted,60
H3,m84137_260214_004236_s1/82576222/ccs,1,60,2,12,298,CAA_interrupted,60
H3,m84137_260214_004236_s1/124060981/ccs,1,69,2,11,324,CAA_interrupted,60
H3,m84137_260214_004236_s1/85594730/ccs,0,21,3,10,192,CAA_interrupted,60
H3,m84137_260214_004236_s1/44239220/ccs,1,49,5,13,305,CAA_interrupted,60
H3,m84137_260214_004236_s1/71243245/ccs,1,51,6,12,310,CAA_interrupted,60
H3,m84137_260214_004236_s1/225772416/ccs,1,52,7,12,312,CAA_interrupted,60
H3,m84137_260214_004236_s1/75433019/ccs,1,49,5,11,304,CAA_interrupted,60
H3,m84137_260214_004236_s1/44634773/ccs,1,57,6,12,320,CAA_interrupted,60
H3,m84137_260214_004236_s1/251925193/ccs,0,21,2,12,181,CAA_interrupted,60
H3,m84137_260214_004236_s1/237505681/ccs,0,21,2,12,181,CAA_interrupted,60
H3,m84137_260214_004236_s1/98501541/ccs,0,21,2,12,181,CAA_interrupted,60
H3,m84137_260214_004236_s1/107217377/ccs,0,21,2,12,181,CAA_interrupted,60
H3,m84137_260214_004236_s1/31331288/ccs,0,22,2,11,183,CAA_interrupted,60
H3,m84137_260214_004236_s1/33293072/ccs,0,22,2,12,184,CAA_interrupted,60
H3,m84137_260214_004236_s1/40174584/ccs,0,22,2,12,184,CAA_interrupted,60
H3,m84137_260214_004236_s1/42469165/ccs,0,22,2,12,184,CAA_interrupted,60
H3,m84137_260214_004236_s1/163777877/ccs,0,22,2,12,184,CAA_interrupted,60
H3,m84137_260214_004236_s1/85791945/ccs,0,22,2,12,184,CAA_interrupted,60
H3,m84137_260214_004236_s1/263722356/ccs,0,22,2,12,184,CAA_interrupted,60
H3,m84137_260214_004236_s1/265621193/ccs,0,22,2,12,184,CAA_interrupted,60
H3,m84137_260214_004236_s1/213516674/ccs,0,22,2,12,184,CAA_interrupted,60
H3,m84137_260214_004236_s1/216663185/ccs,0,22,2,12,184,CAA_interrupted,60
H3,m84137_260214_004236_s1/161878533/ccs,0,22,2,12,184,CAA_interrupted,60
H3,m84137_260214_004236_s1/150670671/ccs,0,22,2,12,184,CAA_interrupted,60
H3,m84137_260214_004236_s1/25038087/ccs,0,22,2,12,184,CAA_interrupted,60
H3,m84137_260214_004236_s1/29888385/ccs,0,22,2,12,184,CAA_interrupted,60
H3,m84137_260214_004236_s1/56558646/ccs,0,22,2,12,184,CAA_interrupted,60
H3,m84137_260214_004236_s1/83427556/ccs,0,22,2,12,184,CAA_interrupted,60
H3,m84137_260214_004236_s1/3607304/ccs,0,22,2,12,184,CAA_interrupted,60
H3,m84137_260214_004236_s1/21497553/ccs,0,20,3,12,184,CAA_interrupted,60
H3,m84137_260214_004236_s1/37880546/ccs,0,22,2,12,184,CAA_interrupted,60
H3,m84137_260214_004236_s1/60949300/ccs,0,22,2,12,184,CAA_interrupted,60
H3,m84137_260214_004236_s1/259654534/ccs,0,22,2,12,184,CAA_interrupted,60
H3,m84137_260214_004236_s1/96012407/ccs,0,22,2,12,184,CAA_interrupted,60
H3,m84137_260214_004236_s1/195759114/ccs,0,22,2,12,184,CAA_interrupted,60
H3,m84137_260214_004236_s1/197788500/ccs,0,22,2,12,184,CAA_interrupted,60
H3,m84137_260214_004236_s1/80940710/ccs,0,22,2,12,184,CAA_interrupted,60
H3,m84137_260214_004236_s1/17108450/ccs,0,22,2,12,184,CAA_interrupted,60
H3,m84137_260214_004236_s1/114165780/ccs,0,22,2,12,184,CAA_interrupted,60
H3,m84137_260214_004236_s1/212601112/ccs,0,22,2,12,186,CAA_interrupted,60
H3,m84137_260214_004236_s1/193333932/ccs,0,23,2,12,187,CAA_interrupted,60
H3,m84137_260214_004236_s1/223019936/ccs,0,23,2,12,187,CAA_interrupted,60
H3,m84137_260214_004236_s1/129698705/ccs,0,23,2,12,187,CAA_interrupted,60
H3,m84137_260214_004236_s1/50792682/ccs,0,23,2,12,187,CAA_interrupted,60
H3,m84137_260214_004236_s1/36113341/ccs,0,23,2,12,187,CAA_interrupted,60
H3,m84137_260214_004236_s1/45418717/ccs,0,23,2,12,187,CAA_interrupted,60
H3,m84137_260214_004236_s1/40567924/ccs,0,23,2,12,187,CAA_interrupted,60
H3,m84137_260214_004236_s1/36634781/ccs,0,23,2,12,187,CAA_interrupted,60
H3,m84137_260214_004236_s1/52299753/ccs,0,23,2,12,187,CAA_interrupted,60
H3,m84137_260214_004236_s1/41027660/ccs,0,23,2,12,187,CAA_interrupted,60
H3,m84137_260214_004236_s1/46006337/ccs,0,23,2,12,187,CAA_interrupted,60
H3,m84137_260214_004236_s1/40960669/ccs,0,23,2,12,187,CAA_interrupted,60
H3,m84137_260214_004236_s1/41419647/ccs,0,23,2,12,187,CAA_interrupted,60
H3,m84137_260214_004236_s1/37487797/ccs,0,23,2,12,187,CAA_interrupted,60
H3,m84137_260214_004236_s1/59377541/ccs,0,23,2,12,187,CAA_interrupted,60
H3,m84137_260214_004236_s1/59638743/ccs,0,23,2,12,187,CAA_interrupted,60
H3,m84137_260214_004236_s1/53413729/ccs,0,23,2,12,187,CAA_interrupted,60
H3,m84137_260214_004236_s1/62982271/ccs,0,23,2,12,187,CAA_interrupted,60
H3,m84137_260214_004236_s1/47908601/ccs,0,23,2,12,187,CAA_interrupted,60
H3,m84137_260214_004236_s1/67372284/ccs,0,23,2,12,187,CAA_interrupted,60
H3,m84137_260214_004236_s1/55181763/ccs,0,23,2,12,187,CAA_interrupted,60
H3,m84137_260214_004236_s1/68552586/ccs,0,23,2,12,187,CAA_interrupted,60
H3,m84137_260214_004236_s1/74320745/ccs,0,23,2,12,187,CAA_interrupted,60
H3,m84137_260214_004236_s1/92080078/ccs,0,23,2,12,187,CAA_interrupted,60
H3,m84137_260214_004236_s1/103092219/ccs,0,23,2,12,187,CAA_interrupted,60
H3,m84137_260214_004236_s1/103355462/ccs,0,23,2,12,187,CAA_interrupted,60
H3,m84137_260214_004236_s1/104666210/ccs,0,23,2,12,187,CAA_interrupted,60
H3,m84137_260214_004236_s1/120263083/ccs,0,23,2,12,187,CAA_interrupted,60
H3,m84137_260214_004236_s1/120589337/ccs,0,23,2,12,187,CAA_interrupted,60
H3,m84137_260214_004236_s1/120722908/ccs,0,23,2,12,187,CAA_interrupted,60
H3,m84137_260214_004236_s1/81268213/ccs,0,23,2,12,187,CAA_interrupted,60
H3,m84137_260214_004236_s1/108335461/ccs,0,23,2,12,187,CAA_interrupted,60
H3,m84137_260214_004236_s1/121902392/ccs,0,23,2,12,187,CAA_interrupted,60
H3,m84137_260214_004236_s1/128914774/ccs,0,23,2,12,187,CAA_interrupted,60
H3,m84137_260214_004236_s1/129567777/ccs,0,23,2,12,187,CAA_interrupted,60
H3,m84137_260214_004236_s1/134418177/ccs,0,23,2,12,187,CAA_interrupted,60
H3,m84137_260214_004236_s1/127929637/ccs,0,23,2,12,187,CAA_interrupted,60
H3,m84137_260214_004236_s1/131403206/ccs,0,23,2,12,187,CAA_interrupted,60
H3,m84137_260214_004236_s1/131665461/ccs,0,23,2,12,187,CAA_interrupted,60
H3,m84137_260214_004236_s1/157093294/ccs,0,23,2,12,187,CAA_interrupted,60
H3,m84137_260214_004236_s1/113579885/ccs,0,23,2,12,187,CAA_interrupted,60
H3,m84137_260214_004236_s1/141562660/ccs,0,23,2,12,187,CAA_interrupted,60
H3,m84137_260214_004236_s1/158404593/ccs,0,23,2,12,187,CAA_interrupted,60
H3,m84137_260214_004236_s1/141825921/ccs,0,23,2,12,187,CAA_interrupted,60
H3,m84137_260214_004236_s1/115413032/ccs,0,23,2,12,187,CAA_interrupted,60
H3,m84137_260214_004236_s1/159979205/ccs,0,23,2,12,187,CAA_interrupted,60
H3,m84137_260214_004236_s1/163581618/ccs,0,23,2,12,187,CAA_interrupted,60
H3,m84137_260214_004236_s1/161157336/ccs,0,23,2,12,187,CAA_interrupted,60
H3,m84137_260214_004236_s1/144708667/ccs,0,23,2,12,187,CAA_interrupted,60
H3,m84137_260214_004236_s1/39654350/ccs,0,23,2,12,187,CAA_interrupted,60
H3,m84137_260214_004236_s1/57086511/ccs,0,23,2,12,187,CAA_interrupted,60
H3,m84137_260214_004236_s1/62065989/ccs,0,23,2,12,187,CAA_interrupted,60
H3,m84137_260214_004236_s1/62002805/ccs,0,23,2,12,187,CAA_interrupted,60
H3,m84137_260214_004236_s1/64688512/ccs,0,23,2,12,187,CAA_interrupted,60
H3,m84137_260214_004236_s1/65408643/ccs,0,23,2,12,187,CAA_interrupted,60
H3,m84137_260214_004236_s1/45157787/ccs,0,23,2,12,187,CAA_interrupted,60
H3,m84137_260214_004236_s1/46075670/ccs,0,23,2,12,187,CAA_interrupted,60
H3,m84137_260214_004236_s1/61216376/ccs,0,23,2,12,187,CAA_interrupted,60
H3,m84137_260214_004236_s1/46207999/ccs,0,23,2,12,187,CAA_interrupted,60
H3,m84137_260214_004236_s1/71241811/ccs,0,23,2,12,187,CAA_interrupted,60
H3,m84137_260214_004236_s1/46797258/ccs,0,23,2,12,187,CAA_interrupted,60
H3,m84137_260214_004236_s1/73994067/ccs,0,23,2,12,187,CAA_interrupted,60
H3,m84137_260214_004236_s1/72160736/ccs,0,23,2,12,187,CAA_interrupted,60
H3,m84137_260214_004236_s1/72094051/ccs,0,23,2,12,187,CAA_interrupted,60
H3,m84137_260214_004236_s1/88085614/ccs,0,23,2,12,187,CAA_interrupted,60
H3,m84137_260214_004236_s1/89002320/ccs,0,23,2,12,187,CAA_interrupted,60
H3,m84137_260214_004236_s1/48567024/ccs,0,23,2,12,187,CAA_interrupted,60
H3,m84137_260214_004236_s1/49614419/ccs,0,23,2,12,187,CAA_interrupted,60
H3,m84137_260214_004236_s1/117970342/ccs,0,23,2,12,187,CAA_interrupted,60
H3,m84137_260214_004236_s1/77665049/ccs,0,23,2,12,187,CAA_interrupted,60
H3,m84137_260214_004236_s1/190383326/ccs,0,23,2,12,187,CAA_interrupted,60
H3,m84137_260214_004236_s1/67568217/ccs,0,23,2,12,187,CAA_interrupted,60
H3,m84137_260214_004236_s1/68880768/ccs,0,23,2,12,187,CAA_interrupted,60
H3,m84137_260214_004236_s1/190974450/ccs,0,23,2,12,187,CAA_interrupted,60
H3,m84137_260214_004236_s1/216270416/ccs,0,23,2,12,187,CAA_interrupted,60
H3,m84137_260214_004236_s1/80285042/ccs,0,23,2,12,187,CAA_interrupted,60
H3,m84137_260214_004236_s1/213522211/ccs,0,23,2,12,187,CAA_interrupted,60
H3,m84137_260214_004236_s1/211162725/ccs,0,23,2,12,187,CAA_interrupted,60
H3,m84137_260214_004236_s1/212342388/ccs,0,23,2,12,187,CAA_interrupted,60
H3,m84137_260214_004236_s1/228594481/ccs,0,23,2,12,187,CAA_interrupted,60
H3,m84137_260214_004236_s1/212536597/ccs,0,23,2,12,187,CAA_interrupted,60
H3,m84137_260214_004236_s1/254545809/ccs,0,23,2,12,187,CAA_interrupted,60
H3,m84137_260214_004236_s1/254546759/ccs,0,23,2,12,187,CAA_interrupted,60
H3,m84137_260214_004236_s1/255332319/ccs,0,23,2,12,187,CAA_interrupted,60
H3,m84137_260214_004236_s1/237636897/ccs,0,23,2,12,187,CAA_interrupted,60
H3,m84137_260214_004236_s1/256381388/ccs,0,23,2,12,187,CAA_interrupted,60
H3,m84137_260214_004236_s1/256971565/ccs,0,23,2,12,187,CAA_interrupted,60
H3,m84137_260214_004236_s1/239212013/ccs,0,23,2,12,187,CAA_interrupted,60
H3,m84137_260214_004236_s1/216141263/ccs,0,23,2,12,187,CAA_interrupted,60
H3,m84137_260214_004236_s1/262933956/ccs,0,23,2,12,187,CAA_interrupted,60
H3,m84137_260214_004236_s1/246093521/ccs,0,23,2,12,187,CAA_interrupted,60
H3,m84137_260214_004236_s1/247206457/ccs,0,23,2,12,187,CAA_interrupted,60
H3,m84137_260214_004236_s1/229311774/ccs,0,23,2,12,187,CAA_interrupted,60
H3,m84137_260214_004236_s1/229310898/ccs,0,23,2,12,187,CAA_interrupted,60
H3,m84137_260214_004236_s1/229442029/ccs,0,23,2,12,187,CAA_interrupted,60
H3,m84137_260214_004236_s1/209257982/ccs,0,23,2,12,187,CAA_interrupted,60
H3,m84137_260214_004236_s1/183961014/ccs,0,23,2,12,187,CAA_interrupted,60
H3,m84137_260214_004236_s1/222693802/ccs,0,23,2,12,187,CAA_interrupted,60
H3,m84137_260214_004236_s1/229835652/ccs,0,23,2,12,187,CAA_interrupted,60
H3,m84137_260214_004236_s1/204669835/ccs,0,23,2,12,187,CAA_interrupted,60
H3,m84137_260214_004236_s1/212664901/ccs,0,23,2,12,187,CAA_interrupted,60
H3,m84137_260214_004236_s1/223412293/ccs,0,23,2,12,187,CAA_interrupted,60
H3,m84137_260214_004236_s1/212862404/ccs,0,23,2,12,187,CAA_interrupted,60
H3,m84137_260214_004236_s1/205652693/ccs,0,23,2,12,187,CAA_interrupted,60
H3,m84137_260214_004236_s1/251726532/ccs,0,23,2,12,187,CAA_interrupted,60
H3,m84137_260214_004236_s1/230884510/ccs,0,23,2,12,187,CAA_interrupted,60
H3,m84137_260214_004236_s1/227607382/ccs,0,23,2,12,187,CAA_interrupted,60
H3,m84137_260214_004236_s1/231997581/ccs,0,23,2,12,187,CAA_interrupted,60
H3,m84137_260214_004236_s1/252969487/ccs,0,23,2,12,187,CAA_interrupted,60
H3,m84137_260214_004236_s1/214500444/ccs,0,23,2,12,187,CAA_interrupted,60
H3,m84137_260214_004236_s1/254346096/ccs,0,23,2,12,187,CAA_interrupted,60
H3,m84137_260214_004236_s1/241041777/ccs,0,23,2,12,187,CAA_interrupted,60
H3,m84137_260214_004236_s1/258083671/ccs,0,23,2,12,187,CAA_interrupted,60
H3,m84137_260214_004236_s1/234621744/ccs,0,23,2,12,187,CAA_interrupted,60
H3,m84137_260214_004236_s1/237241129/ccs,0,23,2,12,187,CAA_interrupted,60
H3,m84137_260214_004236_s1/237176882/ccs,0,23,2,12,187,CAA_interrupted,60
H3,m84137_260214_004236_s1/255983699/ccs,0,23,2,12,187,CAA_interrupted,60
H3,m84137_260214_004236_s1/217579971/ccs,0,23,2,12,187,CAA_interrupted,60
H3,m84137_260214_004236_s1/238618365/ccs,0,23,2,12,187,CAA_interrupted,60
H3,m84137_260214_004236_s1/238617107/ccs,0,23,2,12,187,CAA_interrupted,60
H3,m84137_260214_004236_s1/75694518/ccs,0,23,2,12,187,CAA_interrupted,60
H3,m84137_260214_004236_s1/96011585/ccs,0,23,2,12,187,CAA_interrupted,60
H3,m84137_260214_004236_s1/96077436/ccs,0,23,2,12,187,CAA_interrupted,60
H3,m84137_260214_004236_s1/79757946/ccs,0,23,2,12,187,CAA_interrupted,60
H3,m84137_260214_004236_s1/97190739/ccs,0,23,2,12,187,CAA_interrupted,60
H3,m84137_260214_004236_s1/76547659/ccs,0,23,2,12,187,CAA_interrupted,60
H3,m84137_260214_004236_s1/81069692/ccs,0,23,2,12,187,CAA_interrupted,60
H3,m84137_260214_004236_s1/77398698/ccs,0,23,2,12,187,CAA_interrupted,60
H3,m84137_260214_004236_s1/81659947/ccs,0,23,2,12,187,CAA_interrupted,60
H3,m84137_260214_004236_s1/81593481/ccs,0,23,2,12,187,CAA_interrupted,60
H3,m84137_260214_004236_s1/99026284/ccs,0,23,2,12,187,CAA_interrupted,60
H3,m84137_260214_004236_s1/100008243/ccs,0,23,2,12,187,CAA_interrupted,60
H3,m84137_260214_004236_s1/107086096/ccs,0,23,2,12,187,CAA_interrupted,60
H3,m84137_260214_004236_s1/119408579/ccs,0,23,2,12,187,CAA_interrupted,60
H3,m84137_260214_004236_s1/112068256/ccs,0,23,2,12,187,CAA_interrupted,60
H3,m84137_260214_004236_s1/128648068/ccs,0,23,2,12,187,CAA_interrupted,60
H3,m84137_260214_004236_s1/109052893/ccs,0,23,2,12,187,CAA_interrupted,60
H3,m84137_260214_004236_s1/104597779/ccs,0,23,2,12,187,CAA_interrupted,60
H3,m84137_260214_004236_s1/121111044/ccs,0,23,2,12,187,CAA_interrupted,60
H3,m84137_260214_004236_s1/129829879/ccs,0,23,2,12,187,CAA_interrupted,60
H3,m84137_260214_004236_s1/126355206/ccs,0,23,2,12,187,CAA_interrupted,60
H3,m84137_260214_004236_s1/105580806/ccs,0,23,2,12,187,CAA_interrupted,60
H3,m84137_260214_004236_s1/134283998/ccs,0,23,2,12,187,CAA_interrupted,60
H3,m84137_260214_004236_s1/185602821/ccs,0,23,2,12,187,CAA_interrupted,60
H3,m84137_260214_004236_s1/174001236/ccs,0,23,2,12,187,CAA_interrupted,60
H3,m84137_260214_004236_s1/187044123/ccs,0,23,2,12,187,CAA_interrupted,60
H3,m84137_260214_004236_s1/174986062/ccs,0,23,2,12,187,CAA_interrupted,60
H3,m84137_260214_004236_s1/147721630/ccs,0,23,2,12,187,CAA_interrupted,60
H3,m84137_260214_004236_s1/167580767/ccs,0,23,2,12,187,CAA_interrupted,60
H3,m84137_260214_004236_s1/189468468/ccs,0,23,2,12,187,CAA_interrupted,60
H3,m84137_260214_004236_s1/192482516/ccs,0,23,2,12,187,CAA_interrupted,60
H3,m84137_260214_004236_s1/172101898/ccs,0,23,2,12,187,CAA_interrupted,60
H3,m84137_260214_004236_s1/193729088/ccs,0,23,2,12,187,CAA_interrupted,60
H3,m84137_260214_004236_s1/196939630/ccs,0,23,2,12,187,CAA_interrupted,60
H3,m84137_260214_004236_s1/150015511/ccs,0,23,2,12,187,CAA_interrupted,60
H3,m84137_260214_004236_s1/150280054/ccs,0,23,2,12,187,CAA_interrupted,60
H3,m84137_260214_004236_s1/197464093/ccs,0,23,2,12,187,CAA_interrupted,60
H3,m84137_260214_004236_s1/194778908/ccs,0,23,2,12,187,CAA_interrupted,60
H3,m84137_260214_004236_s1/195433777/ccs,0,23,2,12,187,CAA_interrupted,60
H3,m84137_260214_004236_s1/202380480/ccs,0,23,2,12,187,CAA_interrupted,60
H3,m84137_260214_004236_s1/179442056/ccs,0,23,2,12,187,CAA_interrupted,60
H3,m84137_260214_004236_s1/179509133/ccs,0,23,2,12,187,CAA_interrupted,60
H3,m84137_260214_004236_s1/203296306/ccs,0,23,2,12,187,CAA_interrupted,60
H3,m84137_260214_004236_s1/208801410/ccs,0,23,2,12,187,CAA_interrupted,60
H3,m84137_260214_004236_s1/180949138/ccs,0,23,2,12,187,CAA_interrupted,60
H3,m84137_260214_004236_s1/203820246/ccs,0,23,2,12,187,CAA_interrupted,60
H3,m84137_260214_004236_s1/209784965/ccs,0,23,2,12,187,CAA_interrupted,60
H3,m84137_260214_004236_s1/222762087/ccs,0,23,2,12,187,CAA_interrupted,60
H3,m84137_260214_004236_s1/205197659/ccs,0,23,2,12,187,CAA_interrupted,60
H3,m84137_260214_004236_s1/205787316/ccs,0,23,2,12,187,CAA_interrupted,60
H3,m84137_260214_004236_s1/187959671/ccs,0,23,2,12,187,CAA_interrupted,60
H3,m84137_260214_004236_s1/196283185/ccs,0,23,2,12,187,CAA_interrupted,60
H3,m84137_260214_004236_s1/175572934/ccs,0,23,2,12,187,CAA_interrupted,60
H3,m84137_260214_004236_s1/175506426/ccs,0,23,2,12,187,CAA_interrupted,60
H3,m84137_260214_004236_s1/171968453/ccs,0,23,2,12,187,CAA_interrupted,60
H3,m84137_260214_004236_s1/197460271/ccs,0,23,2,12,187,CAA_interrupted,60
H3,m84137_260214_004236_s1/176950117/ccs,0,23,2,12,187,CAA_interrupted,60
H3,m84137_260214_004236_s1/193660141/ccs,0,23,2,12,187,CAA_interrupted,60
H3,m84137_260214_004236_s1/180030128/ccs,0,23,2,12,187,CAA_interrupted,60
H3,m84137_260214_004236_s1/194251394/ccs,0,23,2,12,187,CAA_interrupted,60
H3,m84137_260214_004236_s1/198380351/ccs,0,23,2,12,187,CAA_interrupted,60
H3,m84137_260214_004236_s1/219745116/ccs,0,23,2,12,187,CAA_interrupted,60
H3,m84137_260214_004236_s1/199820342/ccs,0,23,2,12,187,CAA_interrupted,60
H3,m84137_260214_004236_s1/220793748/ccs,0,23,2,12,187,CAA_interrupted,60
H3,m84137_260214_004236_s1/208012113/ccs,0,23,2,12,187,CAA_interrupted,60
H3,m84137_260214_004236_s1/224264890/ccs,0,23,2,12,187,CAA_interrupted,60
H3,m84137_260214_004236_s1/183110302/ccs,0,23,2,12,187,CAA_interrupted,60
H3,m84137_260214_004236_s1/243139408/ccs,0,23,2,12,187,CAA_interrupted,60
H3,m84137_260214_004236_s1/16913257/ccs,0,23,2,12,187,CAA_interrupted,60
H3,m84137_260214_004236_s1/264438125/ccs,0,23,2,12,187,CAA_interrupted,60
H3,m84137_260214_004236_s1/246940870/ccs,0,23,2,12,187,CAA_interrupted,60
H3,m84137_260214_004236_s1/261425912/ccs,0,23,2,12,187,CAA_interrupted,60
H3,m84137_260214_004236_s1/264963214/ccs,0,23,2,12,187,CAA_interrupted,60
H3,m84137_260214_004236_s1/265355928/ccs,0,23,2,12,187,CAA_interrupted,60
H3,m84137_260214_004236_s1/2167176/ccs,0,23,2,12,187,CAA_interrupted,60
H3,m84137_260214_004236_s1/4000776/ccs,0,23,2,12,187,CAA_interrupted,60
H3,m84137_260214_004236_s1/20909843/ccs,0,23,2,12,187,CAA_interrupted,60
H3,m84137_260214_004236_s1/24907406/ccs,0,23,2,12,187,CAA_interrupted,60
H3,m84137_260214_004236_s1/25694698/ccs,0,23,2,12,187,CAA_interrupted,60
H3,m84137_260214_004236_s1/29299014/ccs,0,23,2,12,187,CAA_interrupted,60
H3,m84137_260214_004236_s1/26807557/ccs,0,23,2,12,187,CAA_interrupted,60
H3,m84137_260214_004236_s1/35524782/ccs,0,23,2,12,187,CAA_interrupted,60
H3,m84137_260214_004236_s1/35654896/ccs,0,23,2,12,187,CAA_interrupted,60
H3,m84137_260214_004236_s1/52039316/ccs,0,23,2,12,187,CAA_interrupted,60
H3,m84137_260214_004236_s1/216075388/ccs,0,23,2,12,187,CAA_interrupted,60
H3,m84137_260214_004236_s1/266539846/ccs,0,23,2,12,187,CAA_interrupted,60
H3,m84137_260214_004236_s1/11272338/ccs,0,23,2,12,187,CAA_interrupted,60
H3,m84137_260214_004236_s1/5833571/ccs,0,23,2,12,187,CAA_interrupted,60
H3,m84137_260214_004236_s1/22873953/ccs,0,23,2,12,187,CAA_interrupted,60
H3,m84137_260214_004236_s1/5963939/ccs,0,23,2,12,187,CAA_interrupted,60
H3,m84137_260214_004236_s1/6228699/ccs,0,23,2,12,187,CAA_interrupted,60
H3,m84137_260214_004236_s1/12126193/ccs,0,23,2,12,187,CAA_interrupted,60
H3,m84137_260214_004236_s1/29360637/ccs,0,23,2,12,187,CAA_interrupted,60
H3,m84137_260214_004236_s1/24249509/ccs,0,23,2,12,187,CAA_interrupted,60
H3,m84137_260214_004236_s1/12715722/ccs,0,23,2,12,187,CAA_interrupted,60
H3,m84137_260214_004236_s1/12782209/ccs,0,23,2,12,187,CAA_interrupted,60
H3,m84137_260214_004236_s1/29755217/ccs,0,23,2,12,187,CAA_interrupted,60
H3,m84137_260214_004236_s1/29887479/ccs,0,23,2,12,187,CAA_interrupted,60
H3,m84137_260214_004236_s1/29820705/ccs,0,23,2,12,187,CAA_interrupted,60
H3,m84137_260214_004236_s1/19137133/ccs,0,23,2,12,187,CAA_interrupted,60
H3,m84137_260214_004236_s1/8324233/ccs,0,23,2,12,187,CAA_interrupted,60
H3,m84137_260214_004236_s1/5114627/ccs,0,23,2,12,187,CAA_interrupted,60
H3,m84137_260214_004236_s1/26478565/ccs,0,23,2,12,187,CAA_interrupted,60
H3,m84137_260214_004236_s1/26674908/ccs,0,23,2,12,187,CAA_interrupted,60
H3,m84137_260214_004236_s1/10291523/ccs,0,23,2,12,187,CAA_interrupted,60
H3,m84137_260214_004236_s1/32049614/ccs,0,23,2,12,187,CAA_interrupted,60
H3,m84137_260214_004236_s1/10947299/ccs,0,23,2,12,187,CAA_interrupted,60
H3,m84137_260214_004236_s1/111151773/ccs,0,23,2,12,187,CAA_interrupted,60
H3,m84137_260214_004236_s1/114295260/ccs,0,23,2,12,187,CAA_interrupted,60
H3,m84137_260214_004236_s1/114361314/ccs,0,23,2,12,187,CAA_interrupted,60
H3,m84137_260214_004236_s1/114623144/ccs,0,23,2,12,187,CAA_interrupted,60
H3,m84137_260214_004236_s1/114624986/ccs,0,23,2,12,187,CAA_interrupted,60
H3,m84137_260214_004236_s1/153815093/ccs,0,23,2,12,187,CAA_interrupted,60
H3,m84137_260214_004236_s1/137233583/ccs,0,23,2,12,187,CAA_interrupted,60
H3,m84137_260214_004236_s1/134087068/ccs,0,23,2,12,187,CAA_interrupted,60
H3,m84137_260214_004236_s1/137757413/ccs,0,23,2,12,187,CAA_interrupted,60
H3,m84137_260214_004236_s1/162660662/ccs,0,23,2,12,187,CAA_interrupted,60
H3,m84137_260214_004236_s1/154601908/ccs,0,23,2,12,187,CAA_interrupted,60
H3,m84137_260214_004236_s1/142017268/ccs,0,23,2,12,187,CAA_interrupted,60
H3,m84137_260214_004236_s1/154863910/ccs,0,23,2,12,187,CAA_interrupted,60
H3,m84137_260214_004236_s1/159517188/ccs,0,23,2,12,187,CAA_interrupted,60
H3,m84137_260214_004236_s1/145688054/ccs,0,23,2,12,187,CAA_interrupted,60
H3,m84137_260214_004236_s1/143065444/ccs,0,23,2,12,187,CAA_interrupted,60
H3,m84137_260214_004236_s1/160630412/ccs,0,23,2,12,187,CAA_interrupted,60
H3,m84137_260214_004236_s1/155976044/ccs,0,23,2,12,187,CAA_interrupted,60
H3,m84137_260214_004236_s1/143853828/ccs,0,23,2,12,187,CAA_interrupted,60
H3,m84137_260214_004236_s1/147915749/ccs,0,23,2,12,187,CAA_interrupted,60
H3,m84137_260214_004236_s1/169215527/ccs,0,23,2,12,187,CAA_interrupted,60
H3,m84137_260214_004236_s1/169280141/ccs,0,23,2,12,187,CAA_interrupted,60
H3,m84137_260214_004236_s1/173803119/ccs,0,23,2,12,187,CAA_interrupted,60
H3,m84137_260214_004236_s1/149097221/ccs,0,23,2,12,187,CAA_interrupted,60
H3,m84137_260214_004236_s1/167250649/ccs,0,22,2,12,187,CAA_interrupted,60
H3,m84137_260214_004236_s1/167379674/ccs,0,23,2,12,187,CAA_interrupted,60
H3,m84137_260214_004236_s1/167380093/ccs,0,23,2,12,187,CAA_interrupted,60
H3,m84137_260214_004236_s1/248909844/ccs,0,23,2,12,187,CAA_interrupted,60
H3,m84137_260214_004236_s1/250876769/ccs,0,23,2,12,187,CAA_interrupted,60
H3,m84137_260214_004236_s1/29756252/ccs,0,23,2,12,187,CAA_interrupted,60
H3,m84137_260214_004236_s1/45091161/ccs,0,23,2,12,187,CAA_interrupted,60
H3,m84137_260214_004236_s1/50071169/ccs,0,23,2,12,187,CAA_interrupted,60
H3,m84137_260214_004236_s1/86444106/ccs,0,23,2,12,187,CAA_interrupted,60
H3,m84137_260214_004236_s1/79497155/ccs,0,23,2,12,187,CAA_interrupted,60
H3,m84137_260214_004236_s1/130286420/ccs,0,23,2,12,187,CAA_interrupted,60
H3,m84137_260214_004236_s1/111282838/ccs,0,23,2,12,187,CAA_interrupted,60
H3,m84137_260214_004236_s1/163184988/ccs,0,23,2,12,187,CAA_interrupted,60
H3,m84137_260214_004236_s1/162138072/ccs,0,23,2,12,187,CAA_interrupted,60
H3,m84137_260214_004236_s1/179570197/ccs,0,23,2,12,187,CAA_interrupted,60
H3,m84137_260214_004236_s1/194381838/ccs,0,23,2,12,187,CAA_interrupted,60
H3,m84137_260214_004236_s1/209259197/ccs,0,23,2,12,187,CAA_interrupted,60
H3,m84137_260214_004236_s1/68425600/ccs,0,23,2,12,187,CAA_interrupted,60
H3,m84137_260214_004236_s1/191434124/ccs,0,23,2,12,187,CAA_interrupted,60
H3,m84137_260214_004236_s1/243667529/ccs,0,23,2,12,187,CAA_interrupted,60
H3,m84137_260214_004236_s1/266473791/ccs,0,23,2,12,187,CAA_interrupted,60
H3,m84137_260214_004236_s1/21954715/ccs,0,23,2,12,187,CAA_interrupted,60
H3,m84137_260214_004236_s1/196151129/ccs,0,23,2,12,187,CAA_interrupted,60
H3,m84137_260214_004236_s1/189336323/ccs,0,23,2,12,187,CAA_interrupted,60
H3,m84137_260214_004236_s1/195037451/ccs,0,23,2,12,187,CAA_interrupted,60
H3,m84137_260214_004236_s1/52237080/ccs,0,23,2,12,187,CAA_interrupted,60
H3,m84137_260214_004236_s1/99814727/ccs,0,23,2,12,187,CAA_interrupted,60
H3,m84137_260214_004236_s1/147916060/ccs,0,23,2,12,187,CAA_interrupted,60
H3,m84137_260214_004236_s1/164960023/ccs,0,23,2,12,187,CAA_interrupted,60
H3,m84137_260214_004236_s1/225905400/ccs,0,23,2,12,187,CAA_interrupted,60
H3,m84137_260214_004236_s1/154404372/ccs,0,23,2,12,187,CAA_interrupted,60
H3,m84137_260214_004236_s1/22283820/ccs,0,23,2,12,187,CAA_interrupted,60
H3,m84137_260214_004236_s1/16516053/ccs,0,23,2,12,187,CAA_interrupted,60
H3,m84137_260214_004236_s1/41879268/ccs,0,23,2,12,187,CAA_interrupted,60
H3,m84137_260214_004236_s1/85197610/ccs,0,23,2,12,187,CAA_interrupted,60
H3,m84137_260214_004236_s1/66847676/ccs,0,23,2,12,187,CAA_interrupted,60
H3,m84137_260214_004236_s1/111412461/ccs,0,23,2,12,187,CAA_interrupted,60
H3,m84137_260214_004236_s1/176622502/ccs,0,23,2,12,187,CAA_interrupted,60
H3,m84137_260214_004236_s1/215679792/ccs,0,23,2,12,187,CAA_interrupted,60
H3,m84137_260214_004236_s1/17174881/ccs,0,23,2,12,187,CAA_interrupted,60
H3,m84137_260214_004236_s1/235540935/ccs,0,23,2,12,187,CAA_interrupted,60
H3,m84137_260214_004236_s1/256971251/ccs,0,23,2,12,187,CAA_interrupted,60
H3,m84137_260214_004236_s1/261952897/ccs,0,23,2,12,187,CAA_interrupted,60
H3,m84137_260214_004236_s1/23005658/ccs,0,23,2,12,187,CAA_interrupted,60
H3,m84137_260214_004236_s1/18284938/ccs,0,23,2,12,187,CAA_interrupted,60
H3,m84137_260214_004236_s1/18220021/ccs,0,23,2,12,187,CAA_interrupted,60
H3,m84137_260214_004236_s1/7211704/ccs,0,23,2,12,187,CAA_interrupted,60
H3,m84137_260214_004236_s1/23989097/ccs,0,23,2,12,187,CAA_interrupted,60
H3,m84137_260214_004236_s1/3869688/ccs,0,23,2,12,187,CAA_interrupted,60
H3,m84137_260214_004236_s1/24316162/ccs,0,23,2,12,187,CAA_interrupted,60
H3,m84137_260214_004236_s1/115541458/ccs,0,23,2,12,187,CAA_interrupted,60
H3,m84137_260214_004236_s1/172622983/ccs,0,23,2,12,187,CAA_interrupted,60
H3,m84137_260214_004236_s1/206898390/ccs,0,23,2,12,187,CAA_interrupted,60
H3,m84137_260214_004236_s1/207685255/ccs,0,23,2,12,187,CAA_interrupted,60
H3,m84137_260214_004236_s1/222496212/ccs,0,23,2,12,187,CAA_interrupted,60
H3,m84137_260214_004236_s1/260113373/ccs,0,23,2,12,187,CAA_interrupted,60
H3,m84137_260214_004236_s1/100537473/ccs,0,23,2,12,187,CAA_interrupted,60
H3,m84137_260214_004236_s1/156373406/ccs,0,23,2,12,187,CAA_interrupted,60
H3,m84137_260214_004236_s1/200152853/ccs,0,23,2,12,187,CAA_interrupted,60
H3,m84137_260214_004236_s1/246877218/ccs,0,23,2,12,187,CAA_interrupted,60
H3,m84137_260214_004236_s1/149688063/ccs,0,23,2,12,187,CAA_interrupted,60
H3,m84137_260214_004236_s1/103614428/ccs,0,23,2,12,187,CAA_interrupted,60
H3,m84137_260214_004236_s1/125830637/ccs,0,23,2,12,187,CAA_interrupted,60
H3,m84137_260214_004236_s1/130090735/ccs,0,23,2,12,187,CAA_interrupted,60
H3,m84137_260214_004236_s1/122423329/ccs,0,23,2,12,187,CAA_interrupted,60
H3,m84137_260214_004236_s1/122750429/ccs,0,23,2,12,187,CAA_interrupted,60
H3,m84137_260214_004236_s1/151323852/ccs,0,23,2,12,187,CAA_interrupted,60
H3,m84137_260214_004236_s1/157352054/ccs,0,23,2,12,187,CAA_interrupted,60
H3,m84137_260214_004236_s1/140707879/ccs,0,23,2,12,187,CAA_interrupted,60
H3,m84137_260214_004236_s1/115868958/ccs,0,23,2,12,187,CAA_interrupted,60
H3,m84137_260214_004236_s1/140902746/ccs,0,23,2,12,187,CAA_interrupted,60
H3,m84137_260214_004236_s1/133955623/ccs,0,23,2,12,187,CAA_interrupted,60
H3,m84137_260214_004236_s1/134089218/ccs,0,23,2,12,187,CAA_interrupted,60
H3,m84137_260214_004236_s1/154601980/ccs,0,23,2,12,187,CAA_interrupted,60
H3,m84137_260214_004236_s1/159580312/ccs,0,23,2,12,187,CAA_interrupted,60
H3,m84137_260214_004236_s1/163316306/ccs,0,23,2,12,187,CAA_interrupted,60
H3,m84137_260214_004236_s1/163381557/ccs,0,23,2,12,187,CAA_interrupted,60
H3,m84137_260214_004236_s1/138936605/ccs,0,23,2,12,187,CAA_interrupted,60
H3,m84137_260214_004236_s1/145818457/ccs,0,23,2,12,187,CAA_interrupted,60
H3,m84137_260214_004236_s1/155519840/ccs,0,23,2,12,187,CAA_interrupted,60
H3,m84137_260214_004236_s1/156173971/ccs,0,23,2,12,187,CAA_interrupted,60
H3,m84137_260214_004236_s1/161156061/ccs,0,23,2,12,187,CAA_interrupted,60
H3,m84137_260214_004236_s1/161548793/ccs,0,23,2,12,187,CAA_interrupted,60
H3,m84137_260214_004236_s1/161941551/ccs,0,23,2,12,187,CAA_interrupted,60
H3,m84137_260214_004236_s1/165807628/ccs,0,23,2,12,187,CAA_interrupted,60
H3,m84137_260214_004236_s1/20843207/ccs,0,23,2,12,187,CAA_interrupted,60
H3,m84137_260214_004236_s1/21366722/ccs,0,23,2,12,187,CAA_interrupted,60
H3,m84137_260214_004236_s1/35194296/ccs,0,23,2,12,187,CAA_interrupted,60
H3,m84137_260214_004236_s1/39256172/ccs,0,23,2,12,187,CAA_interrupted,60
H3,m84137_260214_004236_s1/36374758/ccs,0,23,2,12,187,CAA_interrupted,60
H3,m84137_260214_004236_s1/36569501/ccs,0,23,2,12,187,CAA_interrupted,60
H3,m84137_260214_004236_s1/36701638/ccs,0,23,2,12,187,CAA_interrupted,60
H3,m84137_260214_004236_s1/37093743/ccs,0,23,2,12,187,CAA_interrupted,60
H3,m84137_260214_004236_s1/59050242/ccs,0,23,2,12,187,CAA_interrupted,60
H3,m84137_260214_004236_s1/59181092/ccs,0,23,2,12,187,CAA_interrupted,60
H3,m84137_260214_004236_s1/46336917/ccs,0,23,2,12,187,CAA_interrupted,60
H3,m84137_260214_004236_s1/37683925/ccs,0,23,2,12,187,CAA_interrupted,60
H3,m84137_260214_004236_s1/46925310/ccs,0,23,2,12,187,CAA_interrupted,60
H3,m84137_260214_004236_s1/54003708/ccs,0,23,2,12,187,CAA_interrupted,60
H3,m84137_260214_004236_s1/43190394/ccs,0,23,2,12,187,CAA_interrupted,60
H3,m84137_260214_004236_s1/248711242/ccs,0,23,2,12,187,CAA_interrupted,60
H3,m84137_260214_004236_s1/111808313/ccs,0,23,2,12,187,CAA_interrupted,60
H3,m84137_260214_004236_s1/156634251/ccs,0,23,2,12,187,CAA_interrupted,60
H3,m84137_260214_004236_s1/138153001/ccs,0,23,2,12,187,CAA_interrupted,60
H3,m84137_260214_004236_s1/165221242/ccs,0,23,2,12,187,CAA_interrupted,60
H3,m84137_260214_004236_s1/251925614/ccs,0,23,2,12,187,CAA_interrupted,60
H3,m84137_260214_004236_s1/226823998/ccs,0,23,2,12,187,CAA_interrupted,60
H3,m84137_260214_004236_s1/247468802/ccs,0,23,2,12,187,CAA_interrupted,60
H3,m84137_260214_004236_s1/12189803/ccs,0,23,2,12,187,CAA_interrupted,60
H3,m84137_260214_004236_s1/16123858/ccs,0,23,2,12,187,CAA_interrupted,60
H3,m84137_260214_004236_s1/36637499/ccs,0,23,2,12,187,CAA_interrupted,60
H3,m84137_260214_004236_s1/58461096/ccs,0,23,2,12,187,CAA_interrupted,60
H3,m84137_260214_004236_s1/78448112/ccs,0,23,2,12,187,CAA_interrupted,60
H3,m84137_260214_004236_s1/85855093/ccs,0,23,2,12,187,CAA_interrupted,60
H3,m84137_260214_004236_s1/97323990/ccs,0,23,2,12,187,CAA_interrupted,60
H3,m84137_260214_004236_s1/98764328/ccs,0,23,2,12,187,CAA_interrupted,60
H3,m84137_260214_004236_s1/99025246/ccs,0,23,2,12,187,CAA_interrupted,60
H3,m84137_260214_004236_s1/83231474/ccs,0,23,2,12,187,CAA_interrupted,60
H3,m84137_260214_004236_s1/119408367/ccs,0,23,2,12,187,CAA_interrupted,60
H3,m84137_260214_004236_s1/234427492/ccs,0,23,2,12,187,CAA_interrupted,60
H3,m84137_260214_004236_s1/257168015/ccs,0,23,2,12,187,CAA_interrupted,60
H3,m84137_260214_004236_s1/216078017/ccs,0,23,2,12,187,CAA_interrupted,60
H3,m84137_260214_004236_s1/261165075/ccs,0,23,2,12,187,CAA_interrupted,60
H3,m84137_260214_004236_s1/264312472/ccs,0,23,2,12,187,CAA_interrupted,60
H3,m84137_260214_004236_s1/250220848/ccs,0,23,2,12,187,CAA_interrupted,60
H3,m84137_260214_004236_s1/249434194/ccs,0,23,2,12,187,CAA_interrupted,60
H3,m84137_260214_004236_s1/250418958/ccs,0,23,2,12,187,CAA_interrupted,60
H3,m84137_260214_004236_s1/250877514/ccs,0,23,2,12,187,CAA_interrupted,60
H3,m84137_260214_004236_s1/27918389/ccs,0,23,2,12,187,CAA_interrupted,60
H3,m84137_260214_004236_s1/41746544/ccs,0,23,2,12,187,CAA_interrupted,60
H3,m84137_260214_004236_s1/63374378/ccs,0,23,2,12,187,CAA_interrupted,60
H3,m84137_260214_004236_s1/85329442/ccs,0,23,2,12,187,CAA_interrupted,60
H3,m84137_260214_004236_s1/123274458/ccs,0,23,2,12,187,CAA_interrupted,60
H3,m84137_260214_004236_s1/111936507/ccs,0,23,2,12,187,CAA_interrupted,60
H3,m84137_260214_004236_s1/157878195/ccs,0,23,2,12,187,CAA_interrupted,60
H3,m84137_260214_004236_s1/116262714/ccs,0,23,2,12,187,CAA_interrupted,60
H3,m84137_260214_004236_s1/190318902/ccs,0,23,2,12,187,CAA_interrupted,60
H3,m84137_260214_004236_s1/192742594/ccs,0,23,2,12,187,CAA_interrupted,60
H3,m84137_260214_004236_s1/172099359/ccs,0,23,2,12,187,CAA_interrupted,60
H3,m84137_260214_004236_s1/219025544/ccs,0,23,2,12,187,CAA_interrupted,60
H3,m84137_260214_004236_s1/149886790/ccs,0,23,2,12,187,CAA_interrupted,60
H3,m84137_260214_004236_s1/150737643/ccs,0,23,2,12,187,CAA_interrupted,60
H3,m84137_260214_004236_s1/195366442/ccs,0,23,2,12,187,CAA_interrupted,60
H3,m84137_260214_004236_s1/220336307/ccs,0,23,2,12,187,CAA_interrupted,60
H3,m84137_260214_004236_s1/201919987/ccs,0,23,2,12,187,CAA_interrupted,60
H3,m84137_260214_004236_s1/207948862/ccs,0,23,2,12,187,CAA_interrupted,60
H3,m84137_260214_004236_s1/179508096/ccs,0,23,2,12,187,CAA_interrupted,60
H3,m84137_260214_004236_s1/202771920/ccs,0,23,2,12,187,CAA_interrupted,60
H3,m84137_260214_004236_s1/208541056/ccs,0,23,2,12,187,CAA_interrupted,60
H3,m84137_260214_004236_s1/209653980/ccs,0,23,2,12,187,CAA_interrupted,60
H3,m84137_260214_004236_s1/209719867/ccs,0,23,2,12,187,CAA_interrupted,60
H3,m84137_260214_004236_s1/209850055/ccs,0,23,2,12,187,CAA_interrupted,60
H3,m84137_260214_004236_s1/200873213/ccs,0,23,2,12,187,CAA_interrupted,60
H3,m84137_260214_004236_s1/184159692/ccs,0,23,2,12,187,CAA_interrupted,60
H3,m84137_260214_004236_s1/235670581/ccs,0,23,2,12,187,CAA_interrupted,60
H3,m84137_260214_004236_s1/230888572/ccs,0,23,2,12,187,CAA_interrupted,60
H3,m84137_260214_004236_s1/254020736/ccs,0,23,2,12,187,CAA_interrupted,60
H3,m84137_260214_004236_s1/228723925/ccs,0,23,2,12,187,CAA_interrupted,60
H3,m84137_260214_004236_s1/231478007/ccs,0,23,2,12,187,CAA_interrupted,60
H3,m84137_260214_004236_s1/254348956/ccs,0,23,2,12,187,CAA_interrupted,60
H3,m84137_260214_004236_s1/255137209/ccs,0,23,2,12,187,CAA_interrupted,60
H3,m84137_260214_004236_s1/232461515/ccs,0,23,2,12,187,CAA_interrupted,60
H3,m84137_260214_004236_s1/255135652/ccs,0,23,2,12,187,CAA_interrupted,60
H3,m84137_260214_004236_s1/242749291/ccs,0,23,2,12,187,CAA_interrupted,60
H3,m84137_260214_004236_s1/259134500/ccs,0,23,2,12,187,CAA_interrupted,60
H3,m84137_260214_004236_s1/234098115/ccs,0,23,2,12,187,CAA_interrupted,60
H3,m84137_260214_004236_s1/203426584/ccs,0,23,2,12,187,CAA_interrupted,60
H3,m84137_260214_004236_s1/221841739/ccs,0,23,2,12,187,CAA_interrupted,60
H3,m84137_260214_004236_s1/225248645/ccs,0,23,2,12,187,CAA_interrupted,60
H3,m84137_260214_004236_s1/222691395/ccs,0,23,2,12,187,CAA_interrupted,60
H3,m84137_260214_004236_s1/209977529/ccs,0,23,2,12,187,CAA_interrupted,60
H3,m84137_260214_004236_s1/230163970/ccs,0,23,2,12,187,CAA_interrupted,60
H3,m84137_260214_004236_s1/213123578/ccs,0,23,2,12,187,CAA_interrupted,60
H3,m84137_260214_004236_s1/211158260/ccs,0,23,2,12,187,CAA_interrupted,60
H3,m84137_260214_004236_s1/206176643/ccs,0,23,2,12,187,CAA_interrupted,60
H3,m84137_260214_004236_s1/227738561/ccs,0,23,2,12,187,CAA_interrupted,60
H3,m84137_260214_004236_s1/240649504/ccs,0,23,2,12,187,CAA_interrupted,60
H3,m84137_260214_004236_s1/258934879/ccs,0,23,2,12,187,CAA_interrupted,60
H3,m84137_260214_004236_s1/255920942/ccs,0,23,2,12,187,CAA_interrupted,60
H3,m84137_260214_004236_s1/259195237/ccs,0,23,2,12,187,CAA_interrupted,60
H3,m84137_260214_004236_s1/217385701/ccs,0,23,2,12,187,CAA_interrupted,60
H3,m84137_260214_004236_s1/48891240/ccs,0,23,2,12,187,CAA_interrupted,60
H3,m84137_260214_004236_s1/67962059/ccs,0,23,2,12,187,CAA_interrupted,60
H3,m84137_260214_004236_s1/83888600/ccs,0,23,2,12,187,CAA_interrupted,60
H3,m84137_260214_004236_s1/95356393/ccs,0,23,2,12,187,CAA_interrupted,60
H3,m84137_260214_004236_s1/70713831/ccs,0,23,2,12,187,CAA_interrupted,60
H3,m84137_260214_004236_s1/92473482/ccs,0,23,2,12,187,CAA_interrupted,60
H3,m84137_260214_004236_s1/79167966/ccs,0,23,2,12,187,CAA_interrupted,60
H3,m84137_260214_004236_s1/86508137/ccs,0,23,2,12,187,CAA_interrupted,60
H3,m84137_260214_004236_s1/75563441/ccs,0,23,2,12,187,CAA_interrupted,60
H3,m84137_260214_004236_s1/79561440/ccs,0,23,2,12,187,CAA_interrupted,60
H3,m84137_260214_004236_s1/96666711/ccs,0,23,2,12,187,CAA_interrupted,60
H3,m84137_260214_004236_s1/98437117/ccs,0,23,2,12,187,CAA_interrupted,60
H3,m84137_260214_004236_s1/89000728/ccs,0,23,2,12,187,CAA_interrupted,60
H3,m84137_260214_004236_s1/77989755/ccs,0,23,2,12,187,CAA_interrupted,60
H3,m84137_260214_004236_s1/82379853/ccs,0,23,2,12,187,CAA_interrupted,60
H3,m84137_260214_004236_s1/82838470/ccs,0,23,2,12,187,CAA_interrupted,60
H3,m84137_260214_004236_s1/107023151/ccs,0,23,2,12,187,CAA_interrupted,60
H3,m84137_260214_004236_s1/100599703/ccs,0,23,2,12,187,CAA_interrupted,60
H3,m84137_260214_004236_s1/119408315/ccs,0,23,2,12,187,CAA_interrupted,60
H3,m84137_260214_004236_s1/128844125/ccs,0,23,2,12,187,CAA_interrupted,60
H3,m84137_260214_004236_s1/81924534/ccs,0,23,2,12,187,CAA_interrupted,60
H3,m84137_260214_004236_s1/134354411/ccs,0,23,2,12,187,CAA_interrupted,60
H3,m84137_260214_004236_s1/110039666/ccs,0,23,2,12,187,CAA_interrupted,60
H3,m84137_260214_004236_s1/135204032/ccs,0,23,2,12,187,CAA_interrupted,60
H3,m84137_260214_004236_s1/152180076/ccs,0,23,2,12,187,CAA_interrupted,60
H3,m84137_260214_004236_s1/127997373/ccs,0,23,2,12,187,CAA_interrupted,60
H3,m84137_260214_004236_s1/111875516/ccs,0,23,2,12,187,CAA_interrupted,60
H3,m84137_260214_004236_s1/156832928/ccs,0,23,2,12,187,CAA_interrupted,60
H3,m84137_260214_004236_s1/137040562/ccs,0,23,2,12,187,CAA_interrupted,60
H3,m84137_260214_004236_s1/137433102/ccs,0,23,2,12,187,CAA_interrupted,60
H3,m84137_260214_004236_s1/113578238/ccs,0,23,2,12,187,CAA_interrupted,60
H3,m84137_260214_004236_s1/137630895/ccs,0,23,2,12,187,CAA_interrupted,60
H3,m84137_260214_004236_s1/154341101/ccs,0,23,2,12,187,CAA_interrupted,60
H3,m84137_260214_004236_s1/133566520/ccs,0,23,2,12,187,CAA_interrupted,60
H3,m84137_260214_004236_s1/138154493/ccs,0,23,2,12,187,CAA_interrupted,60
H3,m84137_260214_004236_s1/142808832/ccs,0,23,2,12,187,CAA_interrupted,60
H3,m84137_260214_004236_s1/139005216/ccs,0,23,2,12,187,CAA_interrupted,60
H3,m84137_260214_004236_s1/159127133/ccs,0,23,2,12,187,CAA_interrupted,60
H3,m84137_260214_004236_s1/156505526/ccs,0,23,2,12,187,CAA_interrupted,60
H3,m84137_260214_004236_s1/115873396/ccs,0,23,2,12,187,CAA_interrupted,60
H3,m84137_260214_004236_s1/160044677/ccs,0,23,2,12,187,CAA_interrupted,60
H3,m84137_260214_004236_s1/143724035/ccs,0,23,2,12,187,CAA_interrupted,60
H3,m84137_260214_004236_s1/143855918/ccs,0,23,2,12,187,CAA_interrupted,60
H3,m84137_260214_004236_s1/163976878/ccs,0,23,2,12,187,CAA_interrupted,60
H3,m84137_260214_004236_s1/144445148/ccs,0,23,2,12,187,CAA_interrupted,60
H3,m84137_260214_004236_s1/186387937/ccs,0,23,2,12,187,CAA_interrupted,60
H3,m84137_260214_004236_s1/170661697/ccs,0,23,2,12,187,CAA_interrupted,60
H3,m84137_260214_004236_s1/148049093/ccs,0,23,2,12,187,CAA_interrupted,60
H3,m84137_260214_004236_s1/149491191/ccs,0,23,2,12,187,CAA_interrupted,60
H3,m84137_260214_004236_s1/173216411/ccs,0,23,2,12,187,CAA_interrupted,60
H3,m84137_260214_004236_s1/169148647/ccs,0,23,2,12,187,CAA_interrupted,60
H3,m84137_260214_004236_s1/173802109/ccs,0,23,2,12,187,CAA_interrupted,60
H3,m84137_260214_004236_s1/173998277/ccs,0,23,2,12,187,CAA_interrupted,60
H3,m84137_260214_004236_s1/149161896/ccs,0,23,2,12,187,CAA_interrupted,60
H3,m84137_260214_004236_s1/167578001/ccs,0,23,2,12,187,CAA_interrupted,60
H3,m84137_260214_004236_s1/149947079/ccs,0,23,2,12,187,CAA_interrupted,60
H3,m84137_260214_004236_s1/150339901/ccs,0,23,2,12,187,CAA_interrupted,60
H3,m84137_260214_004236_s1/150801145/ccs,0,23,2,12,187,CAA_interrupted,60
H3,m84137_260214_004236_s1/189006053/ccs,0,23,2,12,187,CAA_interrupted,60
H3,m84137_260214_004236_s1/176359347/ccs,0,23,2,12,187,CAA_interrupted,60
H3,m84137_260214_004236_s1/176491042/ccs,0,23,2,12,187,CAA_interrupted,60
H3,m84137_260214_004236_s1/193333535/ccs,0,23,2,12,187,CAA_interrupted,60
H3,m84137_260214_004236_s1/218366825/ccs,0,23,2,12,187,CAA_interrupted,60
H3,m84137_260214_004236_s1/180028772/ccs,0,23,2,12,187,CAA_interrupted,60
H3,m84137_260214_004236_s1/201523435/ccs,0,23,2,12,187,CAA_interrupted,60
H3,m84137_260214_004236_s1/219087052/ccs,0,23,2,12,187,CAA_interrupted,60
H3,m84137_260214_004236_s1/178520133/ccs,0,23,2,12,187,CAA_interrupted,60
H3,m84137_260214_004236_s1/219285753/ccs,0,23,2,12,187,CAA_interrupted,60
H3,m84137_260214_004236_s1/181013161/ccs,0,23,2,12,187,CAA_interrupted,60
H3,m84137_260214_004236_s1/220725989/ccs,0,23,2,12,187,CAA_interrupted,60
H3,m84137_260214_004236_s1/200083354/ccs,0,23,2,12,187,CAA_interrupted,60
H3,m84137_260214_004236_s1/208143700/ccs,0,23,2,12,187,CAA_interrupted,60
H3,m84137_260214_004236_s1/69406997/ccs,0,23,2,12,187,CAA_interrupted,60
H3,m84137_260214_004236_s1/44373569/ccs,0,23,2,12,187,CAA_interrupted,60
H3,m84137_260214_004236_s1/72750874/ccs,0,23,2,12,187,CAA_interrupted,60
H3,m84137_260214_004236_s1/73142101/ccs,0,23,2,12,187,CAA_interrupted,60
H3,m84137_260214_004236_s1/73536435/ccs,0,23,2,12,187,CAA_interrupted,60
H3,m84137_260214_004236_s1/71177047/ccs,0,23,2,12,187,CAA_interrupted,60
H3,m84137_260214_004236_s1/66982838/ccs,0,23,2,12,187,CAA_interrupted,60
H3,m84137_260214_004236_s1/48041539/ccs,0,23,2,12,187,CAA_interrupted,60
H3,m84137_260214_004236_s1/89459866/ccs,0,23,2,12,187,CAA_interrupted,60
H3,m84137_260214_004236_s1/101389915/ccs,0,23,2,12,187,CAA_interrupted,60
H3,m84137_260214_004236_s1/117905197/ccs,0,23,2,12,187,CAA_interrupted,60
H3,m84137_260214_004236_s1/117970212/ccs,0,23,2,12,187,CAA_interrupted,60
H3,m84137_260214_004236_s1/118559005/ccs,0,23,2,12,187,CAA_interrupted,60
H3,m84137_260214_004236_s1/78187632/ccs,0,23,2,12,187,CAA_interrupted,60
H3,m84137_260214_004236_s1/103748895/ccs,0,23,2,12,187,CAA_interrupted,60
H3,m84137_260214_004236_s1/247464809/ccs,0,23,2,12,187,CAA_interrupted,60
H3,m84137_260214_004236_s1/245105344/ccs,0,23,2,12,187,CAA_interrupted,60
H3,m84137_260214_004236_s1/265292458/ccs,0,23,2,12,187,CAA_interrupted,60
H3,m84137_260214_004236_s1/18091962/ccs,0,23,2,12,187,CAA_interrupted,60
H3,m84137_260214_004236_s1/19404089/ccs,0,23,2,12,187,CAA_interrupted,60
H3,m84137_260214_004236_s1/23335362/ccs,0,23,2,12,187,CAA_interrupted,60
H3,m84137_260214_004236_s1/3542085/ccs,0,23,2,12,187,CAA_interrupted,60
H3,m84137_260214_004236_s1/19860877/ccs,0,23,2,12,187,CAA_interrupted,60
H3,m84137_260214_004236_s1/24645450/ccs,0,23,2,12,187,CAA_interrupted,60
H3,m84137_260214_004236_s1/20909748/ccs,0,23,2,12,187,CAA_interrupted,60
H3,m84137_260214_004236_s1/7605550/ccs,0,23,2,12,187,CAA_interrupted,60
H3,m84137_260214_004236_s1/22025215/ccs,0,23,2,12,187,CAA_interrupted,60
H3,m84137_260214_004236_s1/250871928/ccs,0,23,2,12,187,CAA_interrupted,60
H3,m84137_260214_004236_s1/251135448/ccs,0,23,2,12,187,CAA_interrupted,60
H3,m84137_260214_004236_s1/50925591/ccs,0,23,2,12,187,CAA_interrupted,60
H3,m84137_260214_004236_s1/29757523/ccs,0,23,2,12,187,CAA_interrupted,60
H3,m84137_260214_004236_s1/11538103/ccs,0,23,2,12,187,CAA_interrupted,60
H3,m84137_260214_004236_s1/30282302/ccs,0,23,2,12,187,CAA_interrupted,60
H3,m84137_260214_004236_s1/11800552/ccs,0,23,2,12,187,CAA_interrupted,60
H3,m84137_260214_004236_s1/52039098/ccs,0,23,2,12,187,CAA_interrupted,60
H3,m84137_260214_004236_s1/52104603/ccs,0,23,2,12,187,CAA_interrupted,60
H3,m84137_260214_004236_s1/31264218/ccs,0,23,2,12,187,CAA_interrupted,60
H3,m84137_260214_004236_s1/36180702/ccs,0,23,2,12,187,CAA_interrupted,60
H3,m84137_260214_004236_s1/36179118/ccs,0,23,2,12,187,CAA_interrupted,60
H3,m84137_260214_004236_s1/12718422/ccs,0,23,2,12,187,CAA_interrupted,60
H3,m84137_260214_004236_s1/149098527/ccs,0,23,2,12,187,CAA_interrupted,60
H3,m84137_260214_004236_s1/62130977/ccs,0,23,2,12,187,CAA_interrupted,60
H3,m84137_260214_004236_s1/230033231/ccs,0,23,2,12,187,CAA_interrupted,60
H3,m84137_260214_004236_s1/68813246/ccs,0,23,2,12,187,CAA_interrupted,60
H3,m84137_260214_004236_s1/136451143/ccs,0,23,2,12,187,CAA_interrupted,60
H3,m84137_260214_004236_s1/8917584/ccs,0,23,2,12,188,CAA_interrupted,60
H3,m84137_260214_004236_s1/259984430/ccs,0,23,2,12,188,CAA_interrupted,60
H3,m84137_260214_004236_s1/35982822/ccs,0,23,2,12,188,CAA_interrupted,60
H3,m84137_260214_004236_s1/144049209/ccs,0,23,2,12,188,CAA_interrupted,60
H3,m84137_260214_004236_s1/192348633/ccs,0,23,2,12,188,CAA_interrupted,60
H3,m84137_260214_004236_s1/179832018/ccs,0,23,2,13,188,CAA_interrupted,60
H3,m84137_260214_004236_s1/134284941/ccs,0,22,3,12,188,CAA_interrupted,60
H3,m84137_260214_004236_s1/197266255/ccs,0,24,2,11,189,CAA_interrupted,60
H3,m84137_260214_004236_s1/245957295/ccs,0,23,2,12,189,CAA_interrupted,60
H3,m84137_260214_004236_s1/74191799/ccs,0,23,2,12,189,CAA_interrupted,60
H3,m84137_260214_004236_s1/99090680/ccs,0,23,2,12,189,CAA_interrupted,60
H3,m84137_260214_004236_s1/92537278/ccs,0,24,2,12,190,CAA_interrupted,60
H3,m84137_260214_004236_s1/104599563/ccs,0,24,2,12,190,CAA_interrupted,60
H3,m84137_260214_004236_s1/157880058/ccs,0,24,2,12,190,CAA_interrupted,60
H3,m84137_260214_004236_s1/138613124/ccs,0,24,2,12,190,CAA_interrupted,60
H3,m84137_260214_004236_s1/62133506/ccs,0,24,2,12,190,CAA_interrupted,60
H3,m84137_260214_004236_s1/66457870/ccs,0,24,2,12,190,CAA_interrupted,60
H3,m84137_260214_004236_s1/122028295/ccs,0,24,2,12,190,CAA_interrupted,60
H3,m84137_260214_004236_s1/182849932/ccs,0,24,2,12,190,CAA_interrupted,60
H3,m84137_260214_004236_s1/244650507/ccs,0,23,2,13,190,CAA_interrupted,60
H3,m84137_260214_004236_s1/265492139/ccs,0,23,2,13,190,CAA_interrupted,60
H3,m84137_260214_004236_s1/225577657/ccs,0,24,2,12,190,CAA_interrupted,60
H3,m84137_260214_004236_s1/170921368/ccs,0,23,2,13,190,CAA_interrupted,60
H3,m84137_260214_004236_s1/219222670/ccs,0,24,2,12,190,CAA_interrupted,60
H3,m84137_260214_004236_s1/208278712/ccs,0,24,2,12,190,CAA_interrupted,60
H3,m84137_260214_004236_s1/208212642/ccs,0,24,2,12,190,CAA_interrupted,60
H3,m84137_260214_004236_s1/198772255/ccs,0,23,2,13,190,CAA_interrupted,60
H3,m84137_260214_004236_s1/208404616/ccs,0,23,2,13,190,CAA_interrupted,60
H3,m84137_260214_004236_s1/224724465/ccs,0,24,2,12,190,CAA_interrupted,60
H3,m84137_260214_004236_s1/18746695/ccs,0,24,2,12,190,CAA_interrupted,60
H3,m84137_260214_004236_s1/248840288/ccs,0,24,2,12,190,CAA_interrupted,60
H3,m84137_260214_004236_s1/25040182/ccs,0,24,2,12,190,CAA_interrupted,60
H3,m84137_260214_004236_s1/29295045/ccs,0,24,2,12,190,CAA_interrupted,60
H3,m84137_260214_004236_s1/8783696/ccs,0,23,2,13,190,CAA_interrupted,60
H3,m84137_260214_004236_s1/144181543/ccs,0,24,2,12,190,CAA_interrupted,60
H3,m84137_260214_004236_s1/10095641/ccs,0,24,2,12,190,CAA_interrupted,60
H3,m84137_260214_004236_s1/207886100/ccs,0,24,2,12,190,CAA_interrupted,60
H3,m84137_260214_004236_s1/261623346/ccs,0,24,2,12,190,CAA_interrupted,60
H3,m84137_260214_004236_s1/68946611/ccs,0,23,2,13,190,CAA_interrupted,60
H3,m84137_260214_004236_s1/54266090/ccs,0,24,2,12,190,CAA_interrupted,60
H3,m84137_260214_004236_s1/138152573/ccs,0,24,2,12,190,CAA_interrupted,60
H3,m84137_260214_004236_s1/20447437/ccs,0,24,2,12,190,CAA_interrupted,60
H3,m84137_260214_004236_s1/9636639/ccs,0,23,2,13,190,CAA_interrupted,60
H3,m84137_260214_004236_s1/51250378/ccs,0,24,2,12,190,CAA_interrupted,60
H3,m84137_260214_004236_s1/96536605/ccs,0,24,2,12,190,CAA_interrupted,60
H3,m84137_260214_004236_s1/32243821/ccs,0,24,2,12,190,CAA_interrupted,60
H3,m84137_260214_004236_s1/95749908/ccs,0,23,2,13,190,CAA_interrupted,60
H3,m84137_260214_004236_s1/178260473/ccs,0,24,2,12,190,CAA_interrupted,60
H3,m84137_260214_004236_s1/242095676/ccs,0,23,2,13,190,CAA_interrupted,60
H3,m84137_260214_004236_s1/82051679/ccs,0,24,2,12,190,CAA_interrupted,60
H3,m84137_260214_004236_s1/151130750/ccs,0,24,2,12,190,CAA_interrupted,60
H3,m84137_260214_004236_s1/171574379/ccs,0,24,2,12,190,CAA_interrupted,60
H3,m84137_260214_004236_s1/180093618/ccs,0,23,2,13,190,CAA_interrupted,60
H3,m84137_260214_004236_s1/238356709/ccs,0,24,2,12,190,CAA_interrupted,60
H3,m84137_260214_004236_s1/11409068/ccs,0,24,2,12,190,CAA_interrupted,60
H3,m84137_260214_004236_s1/40894521/ccs,0,24,2,12,192,CAA_interrupted,60
H3,m84137_260214_004236_s1/16455341/ccs,0,25,2,12,193,CAA_interrupted,60
H3,m84137_260214_004236_s1/126226959/ccs,0,25,2,12,193,CAA_interrupted,60
H3,m84137_260214_004236_s1/134351866/ccs,0,23,2,14,194,CAA_interrupted,60
H3,m84137_260214_004236_s1/110298915/ccs,0,37,2,12,229,CAA_interrupted,60
H3,m84137_260214_004236_s1/9702403/ccs,0,37,2,12,229,CAA_interrupted,60
H3,m84137_260214_004236_s1/247202970/ccs,0,37,2,12,229,CAA_interrupted,60
H3,m84137_260214_004236_s1/217254596/ccs,1,52,2,12,274,CAA_interrupted,60
H3,m84137_260214_004236_s1/51773497/ccs,1,53,2,12,277,CAA_interrupted,60
H3,m84137_260214_004236_s1/261095949/ccs,1,52,2,13,277,CAA_interrupted,60
H3,m84137_260214_004236_s1/24184301/ccs,1,53,2,12,277,CAA_interrupted,60
H3,m84137_260214_004236_s1/68029288/ccs,1,54,2,12,280,CAA_interrupted,60
H3,m84137_260214_004236_s1/195821875/ccs,1,54,3,12,284,CAA_interrupted,60
H3,m84137_260214_004236_s1/247727227/ccs,1,55,2,12,286,CAA_interrupted,60
H3,m84137_260214_004236_s1/30082508/ccs,1,56,2,12,286,CAA_interrupted,60
H3,m84137_260214_004236_s1/224265639/ccs,1,57,2,12,289,CAA_interrupted,60
H3,m84137_260214_004236_s1/185599331/ccs,1,57,2,12,289,CAA_interrupted,60
H3,m84137_260214_004236_s1/45613289/ccs,1,58,2,12,292,CAA_interrupted,60
H3,m84137_260214_004236_s1/266798767/ccs,1,58,2,12,292,CAA_interrupted,60
H3,m84137_260214_004236_s1/6687077/ccs,1,58,2,12,292,CAA_interrupted,60
H3,m84137_260214_004236_s1/114361072/ccs,1,58,2,12,292,CAA_interrupted,60
H3,m84137_260214_004236_s1/238751456/ccs,1,58,2,12,292,CAA_interrupted,60
H3,m84137_260214_004236_s1/232133251/ccs,1,59,2,12,295,CAA_interrupted,60
H3,m84137_260214_004236_s1/187237133/ccs,1,59,2,12,295,CAA_interrupted,60
H3,m84137_260214_004236_s1/11732585/ccs,1,59,2,12,295,CAA_interrupted,60
H3,m84137_260214_004236_s1/165086798/ccs,1,59,2,12,295,CAA_interrupted,60
H3,m84137_260214_004236_s1/89523600/ccs,1,59,2,12,295,CAA_interrupted,60
H3,m84137_260214_004236_s1/210769771/ccs,1,59,2,12,295,CAA_interrupted,60
H3,m84137_260214_004236_s1/206180510/ccs,1,59,2,12,295,CAA_interrupted,60
H3,m84137_260214_004236_s1/205195298/ccs,1,59,2,12,295,CAA_interrupted,60
H3,m84137_260214_004236_s1/215287799/ccs,1,59,2,12,295,CAA_interrupted,60
H3,m84137_260214_004236_s1/92341325/ccs,1,59,2,12,295,CAA_interrupted,60
H3,m84137_260214_004236_s1/73930144/ccs,1,59,2,12,295,CAA_interrupted,60
H3,m84137_260214_004236_s1/245172464/ccs,1,59,2,12,295,CAA_interrupted,60
H3,m84137_260214_004236_s1/87822514/ccs,1,59,2,12,296,CAA_interrupted,60
H3,m84137_260214_004236_s1/85333922/ccs,1,59,2,11,296,CAA_interrupted,60
H3,m84137_260214_004236_s1/27852949/ccs,1,58,2,13,297,CAA_interrupted,60
H3,m84137_260214_004236_s1/141431157/ccs,1,60,2,12,298,CAA_interrupted,60
H3,m84137_260214_004236_s1/39457451/ccs,1,60,2,12,298,CAA_interrupted,60
H3,m84137_260214_004236_s1/64885333/ccs,1,60,2,12,298,CAA_interrupted,60
H3,m84137_260214_004236_s1/60363441/ccs,1,60,2,12,298,CAA_interrupted,60
H3,m84137_260214_004236_s1/89986797/ccs,1,60,2,12,298,CAA_interrupted,60
H3,m84137_260214_004236_s1/89329791/ccs,1,60,2,12,298,CAA_interrupted,60
H3,m84137_260214_004236_s1/97718585/ccs,1,60,2,12,298,CAA_interrupted,60
H3,m84137_260214_004236_s1/92669949/ccs,1,60,2,12,298,CAA_interrupted,60
H3,m84137_260214_004236_s1/105255509/ccs,1,60,2,12,298,CAA_interrupted,60
H3,m84137_260214_004236_s1/156440202/ccs,1,60,2,12,298,CAA_interrupted,60
H3,m84137_260214_004236_s1/240783293/ccs,1,60,2,12,298,CAA_interrupted,60
H3,m84137_260214_004236_s1/235147206/ccs,1,60,2,12,298,CAA_interrupted,60
H3,m84137_260214_004236_s1/264506498/ccs,1,60,2,12,298,CAA_interrupted,60
H3,m84137_260214_004236_s1/262344064/ccs,1,60,2,12,298,CAA_interrupted,60
H3,m84137_260214_004236_s1/247336852/ccs,1,60,2,12,298,CAA_interrupted,60
H3,m84137_260214_004236_s1/247992649/ccs,1,60,2,12,298,CAA_interrupted,60
H3,m84137_260214_004236_s1/225249982/ccs,1,60,2,12,298,CAA_interrupted,60
H3,m84137_260214_004236_s1/184420848/ccs,1,60,2,12,298,CAA_interrupted,60
H3,m84137_260214_004236_s1/252249744/ccs,1,60,2,12,298,CAA_interrupted,60
H3,m84137_260214_004236_s1/237242579/ccs,1,60,2,12,298,CAA_interrupted,60
H3,m84137_260214_004236_s1/238420347/ccs,1,60,2,12,298,CAA_interrupted,60
H3,m84137_260214_004236_s1/238685130/ccs,1,60,2,12,298,CAA_interrupted,60
H3,m84137_260214_004236_s1/198378060/ccs,1,59,2,13,298,CAA_interrupted,60
H3,m84137_260214_004236_s1/199491970/ccs,1,60,2,12,298,CAA_interrupted,60
H3,m84137_260214_004236_s1/203489901/ccs,1,60,2,12,298,CAA_interrupted,60
H3,m84137_260214_004236_s1/266404490/ccs,1,60,2,12,298,CAA_interrupted,60
H3,m84137_260214_004236_s1/4200183/ccs,1,60,2,12,298,CAA_interrupted,60
H3,m84137_260214_004236_s1/11866030/ccs,1,60,2,12,298,CAA_interrupted,60
H3,m84137_260214_004236_s1/35917382/ccs,1,60,2,12,298,CAA_interrupted,60
H3,m84137_260214_004236_s1/36441208/ccs,1,60,2,12,298,CAA_interrupted,60
H3,m84137_260214_004236_s1/17500894/ccs,1,60,2,12,298,CAA_interrupted,60
H3,m84137_260214_004236_s1/25363739/ccs,1,60,2,12,298,CAA_interrupted,60
H3,m84137_260214_004236_s1/32311896/ccs,1,60,2,12,298,CAA_interrupted,60
H3,m84137_260214_004236_s1/139855028/ccs,1,60,2,12,298,CAA_interrupted,60
H3,m84137_260214_004236_s1/249696837/ccs,1,60,2,12,298,CAA_interrupted,60
H3,m84137_260214_004236_s1/54201934/ccs,1,60,2,12,298,CAA_interrupted,60
H3,m84137_260214_004236_s1/46859059/ccs,1,59,2,13,298,CAA_interrupted,60
H3,m84137_260214_004236_s1/17826975/ccs,1,60,2,12,298,CAA_interrupted,60
H3,m84137_260214_004236_s1/112662292/ccs,1,60,2,12,298,CAA_interrupted,60
H3,m84137_260214_004236_s1/24971444/ccs,1,60,2,12,298,CAA_interrupted,60
H3,m84137_260214_004236_s1/143983218/ccs,1,60,2,12,298,CAA_interrupted,60
H3,m84137_260214_004236_s1/20055636/ccs,1,60,2,12,298,CAA_interrupted,60
H3,m84137_260214_004236_s1/14352597/ccs,1,60,2,12,298,CAA_interrupted,60
H3,m84137_260214_004236_s1/34670597/ccs,1,60,2,12,298,CAA_interrupted,60
H3,m84137_260214_004236_s1/32115190/ccs,1,60,2,12,298,CAA_interrupted,60
H3,m84137_260214_004236_s1/61671239/ccs,1,60,2,12,298,CAA_interrupted,60
H3,m84137_260214_004236_s1/60687520/ccs,1,60,2,12,298,CAA_interrupted,60
H3,m84137_260214_004236_s1/47057563/ccs,1,60,2,12,298,CAA_interrupted,60
H3,m84137_260214_004236_s1/249304111/ccs,1,60,2,12,298,CAA_interrupted,60
H3,m84137_260214_004236_s1/151782396/ccs,1,60,2,12,298,CAA_interrupted,60
H3,m84137_260214_004236_s1/224398555/ccs,1,60,2,12,298,CAA_interrupted,60
H3,m84137_260214_004236_s1/208672517/ccs,1,60,2,12,298,CAA_interrupted,60
H3,m84137_260214_004236_s1/254874761/ccs,1,57,3,12,298,CAA_interrupted,60
H3,m84137_260214_004236_s1/225773075/ccs,1,59,3,11,298,CAA_interrupted,60
H3,m84137_260214_004236_s1/228066312/ccs,1,60,2,12,298,CAA_interrupted,60
H3,m84137_260214_004236_s1/145035739/ccs,1,60,2,12,298,CAA_interrupted,60
H3,m84137_260214_004236_s1/170987746/ccs,1,60,2,12,298,CAA_interrupted,60
H3,m84137_260214_004236_s1/32248104/ccs,1,60,2,12,298,CAA_interrupted,60
H3,m84137_260214_004236_s1/69080195/ccs,1,60,2,12,298,CAA_interrupted,60
H3,m84137_260214_004236_s1/93722451/ccs,1,60,2,12,298,CAA_interrupted,60
H3,m84137_260214_004236_s1/121639132/ccs,1,60,2,12,298,CAA_interrupted,60
H3,m84137_260214_004236_s1/246089701/ccs,1,60,2,12,298,CAA_interrupted,60
H3,m84137_260214_004236_s1/264178143/ccs,1,60,2,12,298,CAA_interrupted,60
H3,m84137_260214_004236_s1/28906067/ccs,1,60,2,12,298,CAA_interrupted,60
H3,m84137_260214_004236_s1/183895240/ccs,1,60,2,12,299,CAA_interrupted,60
H3,m84137_260214_004236_s1/99549643/ccs,1,60,2,12,299,CAA_interrupted,60
H3,m84137_260214_004236_s1/245699750/ccs,1,59,3,12,299,CAA_interrupted,60
H3,m84137_260214_004236_s1/250154048/ccs,1,60,2,12,300,CAA_interrupted,60
H3,m84137_260214_004236_s1/45220451/ccs,1,59,1,12,300,CAA_interrupted,60
H3,m84137_260214_004236_s1/253756039/ccs,1,59,2,13,300,CAA_interrupted,60
H3,m84137_260214_004236_s1/28903921/ccs,1,61,2,12,301,CAA_interrupted,60
H3,m84137_260214_004236_s1/112918972/ccs,1,61,2,12,301,CAA_interrupted,60
H3,m84137_260214_004236_s1/56885300/ccs,1,61,2,12,301,CAA_interrupted,60
H3,m84137_260214_004236_s1/51774200/ccs,1,61,2,12,301,CAA_interrupted,60
H3,m84137_260214_004236_s1/47319316/ccs,1,61,2,12,301,CAA_interrupted,60
H3,m84137_260214_004236_s1/43385542/ccs,1,61,2,12,301,CAA_interrupted,60
H3,m84137_260214_004236_s1/74122983/ccs,1,61,2,12,301,CAA_interrupted,60
H3,m84137_260214_004236_s1/85393666/ccs,1,61,2,12,301,CAA_interrupted,60
H3,m84137_260214_004236_s1/121378444/ccs,1,61,2,12,301,CAA_interrupted,60
H3,m84137_260214_004236_s1/140512981/ccs,1,61,2,12,301,CAA_interrupted,60
H3,m84137_260214_004236_s1/163908853/ccs,1,61,2,12,301,CAA_interrupted,60
H3,m84137_260214_004236_s1/54464598/ccs,1,61,2,12,301,CAA_interrupted,60
H3,m84137_260214_004236_s1/75238954/ccs,1,61,2,12,301,CAA_interrupted,60
H3,m84137_260214_004236_s1/47977374/ccs,1,61,2,12,301,CAA_interrupted,60
H3,m84137_260214_004236_s1/91886058/ccs,1,61,2,12,301,CAA_interrupted,60
H3,m84137_260214_004236_s1/48566841/ccs,1,61,2,12,301,CAA_interrupted,60
H3,m84137_260214_004236_s1/49156763/ccs,1,61,2,12,301,CAA_interrupted,60
H3,m84137_260214_004236_s1/57544573/ccs,1,61,2,12,301,CAA_interrupted,60
H3,m84137_260214_004236_s1/216402020/ccs,1,61,2,12,301,CAA_interrupted,60
H3,m84137_260214_004236_s1/237568453/ccs,1,61,2,12,301,CAA_interrupted,60
H3,m84137_260214_004236_s1/184751519/ccs,1,61,2,12,301,CAA_interrupted,60
H3,m84137_260214_004236_s1/191696344/ccs,1,61,2,12,301,CAA_interrupted,60
H3,m84137_260214_004236_s1/228265797/ccs,1,61,2,12,301,CAA_interrupted,60
H3,m84137_260214_004236_s1/218042680/ccs,1,61,2,12,301,CAA_interrupted,60
H3,m84137_260214_004236_s1/248843948/ccs,1,61,2,12,301,CAA_interrupted,60
H3,m84137_260214_004236_s1/229771163/ccs,1,61,2,12,301,CAA_interrupted,60
H3,m84137_260214_004236_s1/226100492/ccs,1,61,2,12,301,CAA_interrupted,60
H3,m84137_260214_004236_s1/237307627/ccs,1,61,2,12,301,CAA_interrupted,60
H3,m84137_260214_004236_s1/81333178/ccs,1,61,2,12,301,CAA_interrupted,60
H3,m84137_260214_004236_s1/120127603/ccs,1,61,2,12,301,CAA_interrupted,60
H3,m84137_260214_004236_s1/121310103/ccs,1,61,2,12,301,CAA_interrupted,60
H3,m84137_260214_004236_s1/126682364/ccs,1,61,2,12,301,CAA_interrupted,60
H3,m84137_260214_004236_s1/173936551/ccs,1,61,2,12,301,CAA_interrupted,60
H3,m84137_260214_004236_s1/203100135/ccs,1,61,2,12,301,CAA_interrupted,60
H3,m84137_260214_004236_s1/180622897/ccs,1,61,2,12,301,CAA_interrupted,60
H3,m84137_260214_004236_s1/204149597/ccs,1,61,2,12,301,CAA_interrupted,60
H3,m84137_260214_004236_s1/210111602/ccs,1,61,2,12,301,CAA_interrupted,60
H3,m84137_260214_004236_s1/182194812/ccs,1,61,2,12,301,CAA_interrupted,60
H3,m84137_260214_004236_s1/170330030/ccs,1,61,2,12,301,CAA_interrupted,60
H3,m84137_260214_004236_s1/189728938/ccs,1,61,2,12,301,CAA_interrupted,60
H3,m84137_260214_004236_s1/221317738/ccs,1,61,2,12,301,CAA_interrupted,60
H3,m84137_260214_004236_s1/183437325/ccs,1,61,2,12,301,CAA_interrupted,60
H3,m84137_260214_004236_s1/239011175/ccs,1,61,2,12,301,CAA_interrupted,60
H3,m84137_260214_004236_s1/8394011/ccs,1,61,2,12,301,CAA_interrupted,60
H3,m84137_260214_004236_s1/31199121/ccs,1,61,2,12,301,CAA_interrupted,60
H3,m84137_260214_004236_s1/5638423/ccs,1,61,2,12,301,CAA_interrupted,60
H3,m84137_260214_004236_s1/2425216/ccs,1,61,2,12,301,CAA_interrupted,60
H3,m84137_260214_004236_s1/50464547/ccs,1,61,2,12,301,CAA_interrupted,60
H3,m84137_260214_004236_s1/159449172/ccs,1,61,2,12,301,CAA_interrupted,60
H3,m84137_260214_004236_s1/163644139/ccs,1,61,2,12,301,CAA_interrupted,60
H3,m84137_260214_004236_s1/143720984/ccs,1,61,2,12,301,CAA_interrupted,60
H3,m84137_260214_004236_s1/223480655/ccs,1,61,2,12,301,CAA_interrupted,60
H3,m84137_260214_004236_s1/191567744/ccs,1,61,2,12,301,CAA_interrupted,60
H3,m84137_260214_004236_s1/243077047/ccs,1,61,2,12,301,CAA_interrupted,60
H3,m84137_260214_004236_s1/217584914/ccs,1,61,2,12,301,CAA_interrupted,60
H3,m84137_260214_004236_s1/135660978/ccs,1,61,2,12,301,CAA_interrupted,60
H3,m84137_260214_004236_s1/155780317/ccs,1,61,2,12,301,CAA_interrupted,60
H3,m84137_260214_004236_s1/19862810/ccs,1,57,5,12,301,CAA_interrupted,60
H3,m84137_260214_004236_s1/230557570/ccs,1,61,2,12,301,CAA_interrupted,60
H3,m84137_260214_004236_s1/77992416/ccs,1,61,2,12,301,CAA_interrupted,60
H3,m84137_260214_004236_s1/112725401/ccs,1,61,2,12,301,CAA_interrupted,60
H3,m84137_260214_004236_s1/115675037/ccs,1,61,2,12,301,CAA_interrupted,60
H3,m84137_260214_004236_s1/143593688/ccs,1,61,2,12,301,CAA_interrupted,60
H3,m84137_260214_004236_s1/226628968/ccs,1,61,2,12,301,CAA_interrupted,60
H3,m84137_260214_004236_s1/127731897/ccs,1,61,2,12,301,CAA_interrupted,60
H3,m84137_260214_004236_s1/25690201/ccs,1,61,2,12,301,CAA_interrupted,60
H3,m84137_260214_004236_s1/51446058/ccs,1,61,2,12,301,CAA_interrupted,60
H3,m84137_260214_004236_s1/46008797/ccs,1,61,2,12,301,CAA_interrupted,60
H3,m84137_260214_004236_s1/60229245/ccs,1,61,2,12,301,CAA_interrupted,60
H3,m84137_260214_004236_s1/223872119/ccs,1,61,2,12,301,CAA_interrupted,60
H3,m84137_260214_004236_s1/11342462/ccs,1,61,2,12,301,CAA_interrupted,60
H3,m84137_260214_004236_s1/158799648/ccs,1,61,2,12,301,CAA_interrupted,60
H3,m84137_260214_004236_s1/176165649/ccs,1,61,2,12,301,CAA_interrupted,60
H3,m84137_260214_004236_s1/90245014/ccs,1,61,2,12,301,CAA_interrupted,60
H3,m84137_260214_004236_s1/78318474/ccs,1,61,2,12,301,CAA_interrupted,60
H3,m84137_260214_004236_s1/264245635/ccs,1,61,2,12,301,CAA_interrupted,60
H3,m84137_260214_004236_s1/48759372/ccs,1,61,2,12,301,CAA_interrupted,60
H3,m84137_260214_004236_s1/121048046/ccs,1,61,2,12,301,CAA_interrupted,60
H3,m84137_260214_004236_s1/142345959/ccs,1,61,2,12,301,CAA_interrupted,60
H3,m84137_260214_004236_s1/173410822/ccs,1,61,2,12,301,CAA_interrupted,60
H3,m84137_260214_004236_s1/225187467/ccs,1,61,2,12,301,CAA_interrupted,60
H3,m84137_260214_004236_s1/180751472/ccs,1,61,2,12,301,CAA_interrupted,60
H3,m84137_260214_004236_s1/235018013/ccs,1,61,2,12,301,CAA_interrupted,60
H3,m84137_260214_004236_s1/209126632/ccs,1,61,2,12,301,CAA_interrupted,60
H3,m84137_260214_004236_s1/204210778/ccs,1,61,2,12,301,CAA_interrupted,60
H3,m84137_260214_004236_s1/252708142/ccs,1,61,2,12,301,CAA_interrupted,60
H3,m84137_260214_004236_s1/235735598/ccs,1,61,2,12,301,CAA_interrupted,60
H3,m84137_260214_004236_s1/217057578/ccs,1,61,2,12,301,CAA_interrupted,60
H3,m84137_260214_004236_s1/68747864/ccs,1,61,2,12,301,CAA_interrupted,60
H3,m84137_260214_004236_s1/93324906/ccs,1,61,2,12,301,CAA_interrupted,60
H3,m84137_260214_004236_s1/89261503/ccs,1,61,2,12,301,CAA_interrupted,60
H3,m84137_260214_004236_s1/89129808/ccs,1,61,2,12,301,CAA_interrupted,60
H3,m84137_260214_004236_s1/102566758/ccs,1,61,2,12,301,CAA_interrupted,60
H3,m84137_260214_004236_s1/149687737/ccs,1,61,2,12,301,CAA_interrupted,60
H3,m84137_260214_004236_s1/169019368/ccs,1,61,2,12,301,CAA_interrupted,60
H3,m84137_260214_004236_s1/171378773/ccs,1,61,2,12,301,CAA_interrupted,60
H3,m84137_260214_004236_s1/175901639/ccs,1,61,2,12,301,CAA_interrupted,60
H3,m84137_260214_004236_s1/179569167/ccs,1,61,2,12,301,CAA_interrupted,60
H3,m84137_260214_004236_s1/193987699/ccs,1,61,2,12,301,CAA_interrupted,60
H3,m84137_260214_004236_s1/53285839/ccs,1,61,2,12,301,CAA_interrupted,60
H3,m84137_260214_004236_s1/15013544/ccs,1,61,2,12,301,CAA_interrupted,60
H3,m84137_260214_004236_s1/60036661/ccs,1,61,2,12,301,CAA_interrupted,60
H3,m84137_260214_004236_s1/45092350/ccs,1,61,2,12,301,CAA_interrupted,60
H3,m84137_260214_004236_s1/46402564/ccs,1,61,2,12,301,CAA_interrupted,60
H3,m84137_260214_004236_s1/90051989/ccs,1,61,2,12,301,CAA_interrupted,60
H3,m84137_260214_004236_s1/128717403/ccs,1,61,2,12,301,CAA_interrupted,60
H3,m84137_260214_004236_s1/246153983/ccs,1,61,2,12,301,CAA_interrupted,60
H3,m84137_260214_004236_s1/21042168/ccs,1,61,2,12,301,CAA_interrupted,60
H3,m84137_260214_004236_s1/208470355/ccs,1,61,2,12,301,CAA_interrupted,60
H3,m84137_260214_004236_s1/227543207/ccs,1,61,2,12,301,CAA_interrupted,60
H3,m84137_260214_004236_s1/176098164/ccs,1,61,2,12,302,CAA_interrupted,60
H3,m84137_260214_004236_s1/25103157/ccs,1,60,3,12,302,CAA_interrupted,60
H3,m84137_260214_004236_s1/184156653/ccs,1,60,3,12,302,CAA_interrupted,60
H3,m84137_260214_004236_s1/113642496/ccs,1,60,3,12,302,CAA_interrupted,60
H3,m84137_260214_004236_s1/262016849/ccs,1,61,2,12,303,CAA_interrupted,60
H3,m84137_260214_004236_s1/79432680/ccs,1,61,2,12,303,CAA_interrupted,60
H3,m84137_260214_004236_s1/54332150/ccs,1,61,2,12,303,CAA_interrupted,60
H3,m84137_260214_004236_s1/35455540/ccs,1,62,2,12,304,CAA_interrupted,60
H3,m84137_260214_004236_s1/97980808/ccs,1,62,2,12,304,CAA_interrupted,60
H3,m84137_260214_004236_s1/107679918/ccs,1,62,2,12,304,CAA_interrupted,60
H3,m84137_260214_004236_s1/108925348/ccs,1,62,2,12,304,CAA_interrupted,60
H3,m84137_260214_004236_s1/135991679/ccs,1,62,2,12,304,CAA_interrupted,60
H3,m84137_260214_004236_s1/52695139/ccs,1,62,2,12,304,CAA_interrupted,60
H3,m84137_260214_004236_s1/69998201/ccs,1,62,2,12,304,CAA_interrupted,60
H3,m84137_260214_004236_s1/65803955/ccs,1,62,2,12,304,CAA_interrupted,60
H3,m84137_260214_004236_s1/100929839/ccs,1,62,2,12,304,CAA_interrupted,60
H3,m84137_260214_004236_s1/252056632/ccs,1,62,2,12,304,CAA_interrupted,60
H3,m84137_260214_004236_s1/240520555/ccs,1,62,2,12,304,CAA_interrupted,60
H3,m84137_260214_004236_s1/183963572/ccs,1,62,2,12,304,CAA_interrupted,60
H3,m84137_260214_004236_s1/230625115/ccs,1,62,2,12,304,CAA_interrupted,60
H3,m84137_260214_004236_s1/239867431/ccs,1,62,2,12,304,CAA_interrupted,60
H3,m84137_260214_004236_s1/231933860/ccs,1,62,2,12,304,CAA_interrupted,60
H3,m84137_260214_004236_s1/240715012/ccs,1,62,2,12,304,CAA_interrupted,60
H3,m84137_260214_004236_s1/259459094/ccs,1,62,2,12,304,CAA_interrupted,60
H3,m84137_260214_004236_s1/92932871/ccs,1,62,2,12,304,CAA_interrupted,60
H3,m84137_260214_004236_s1/93325621/ccs,1,62,2,12,304,CAA_interrupted,60
H3,m84137_260214_004236_s1/99221964/ccs,1,62,2,12,304,CAA_interrupted,60
H3,m84137_260214_004236_s1/102237854/ccs,1,62,2,12,304,CAA_interrupted,60
H3,m84137_260214_004236_s1/185931036/ccs,1,62,2,12,304,CAA_interrupted,60
H3,m84137_260214_004236_s1/199103220/ccs,1,62,2,12,304,CAA_interrupted,60
H3,m84137_260214_004236_s1/209259818/ccs,1,62,2,12,304,CAA_interrupted,60
H3,m84137_260214_004236_s1/188810166/ccs,1,62,2,12,304,CAA_interrupted,60
H3,m84137_260214_004236_s1/197723083/ccs,1,62,2,12,304,CAA_interrupted,60
H3,m84137_260214_004236_s1/246612289/ccs,1,62,2,12,304,CAA_interrupted,60
H3,m84137_260214_004236_s1/250020046/ccs,1,62,2,12,304,CAA_interrupted,60
H3,m84137_260214_004236_s1/251528512/ccs,1,62,2,12,304,CAA_interrupted,60
H3,m84137_260214_004236_s1/27858272/ccs,1,62,2,12,304,CAA_interrupted,60
H3,m84137_260214_004236_s1/52433770/ccs,1,62,2,12,304,CAA_interrupted,60
H3,m84137_260214_004236_s1/5702060/ccs,1,62,2,12,304,CAA_interrupted,60
H3,m84137_260214_004236_s1/20186068/ccs,1,62,2,12,304,CAA_interrupted,60
H3,m84137_260214_004236_s1/30475322/ccs,1,62,2,12,304,CAA_interrupted,60
H3,m84137_260214_004236_s1/56756206/ccs,1,62,2,12,304,CAA_interrupted,60
H3,m84137_260214_004236_s1/190843697/ccs,1,62,2,12,304,CAA_interrupted,60
H3,m84137_260214_004236_s1/187041453/ccs,1,62,2,12,304,CAA_interrupted,60
H3,m84137_260214_004236_s1/23265843/ccs,1,62,2,12,304,CAA_interrupted,60
H3,m84137_260214_004236_s1/94307844/ccs,1,62,2,12,304,CAA_interrupted,60
H3,m84137_260214_004236_s1/264834270/ccs,1,62,2,12,304,CAA_interrupted,60
H3,m84137_260214_004236_s1/253039935/ccs,1,62,2,12,304,CAA_interrupted,60
H3,m84137_260214_004236_s1/171708565/ccs,1,62,2,12,304,CAA_interrupted,60
H3,m84137_260214_004236_s1/102370132/ccs,1,62,2,12,304,CAA_interrupted,60
H3,m84137_260214_004236_s1/134088261/ccs,1,62,2,12,304,CAA_interrupted,60
H3,m84137_260214_004236_s1/5703351/ccs,1,62,2,12,304,CAA_interrupted,60
H3,m84137_260214_004236_s1/11273563/ccs,1,62,2,12,304,CAA_interrupted,60
H3,m84137_260214_004236_s1/12519626/ccs,1,62,2,12,304,CAA_interrupted,60
H3,m84137_260214_004236_s1/141888136/ccs,1,62,2,12,304,CAA_interrupted,60
H3,m84137_260214_004236_s1/217646338/ccs,1,62,2,12,304,CAA_interrupted,60
H3,m84137_260214_004236_s1/74779775/ccs,1,62,2,12,304,CAA_interrupted,60
H3,m84137_260214_004236_s1/50272033/ccs,1,62,2,12,304,CAA_interrupted,60
H3,m84137_260214_004236_s1/171445877/ccs,1,62,2,12,304,CAA_interrupted,60
H3,m84137_260214_004236_s1/261297224/ccs,1,62,2,12,304,CAA_interrupted,60
H3,m84137_260214_004236_s1/129892889/ccs,1,62,2,12,304,CAA_interrupted,60
H3,m84137_260214_004236_s1/127010702/ccs,1,62,2,12,304,CAA_interrupted,60
H3,m84137_260214_004236_s1/111280290/ccs,1,62,2,12,304,CAA_interrupted,60
H3,m84137_260214_004236_s1/160040455/ccs,1,62,2,12,304,CAA_interrupted,60
H3,m84137_260214_004236_s1/160629072/ccs,1,62,2,12,304,CAA_interrupted,60
H3,m84137_260214_004236_s1/156565699/ccs,1,62,2,12,304,CAA_interrupted,60
H3,m84137_260214_004236_s1/147917212/ccs,1,62,2,12,304,CAA_interrupted,60
H3,m84137_260214_004236_s1/8323455/ccs,1,62,2,12,304,CAA_interrupted,60
H3,m84137_260214_004236_s1/5310439/ccs,1,62,2,12,304,CAA_interrupted,60
H3,m84137_260214_004236_s1/56231339/ccs,1,62,2,12,304,CAA_interrupted,60
H3,m84137_260214_004236_s1/51119468/ccs,1,62,2,12,304,CAA_interrupted,60
H3,m84137_260214_004236_s1/58854107/ccs,1,62,2,12,304,CAA_interrupted,60
H3,m84137_260214_004236_s1/4590775/ccs,1,62,2,12,304,CAA_interrupted,60
H3,m84137_260214_004236_s1/8915910/ccs,1,62,2,12,304,CAA_interrupted,60
H3,m84137_260214_004236_s1/43124703/ccs,1,62,2,12,304,CAA_interrupted,60
H3,m84137_260214_004236_s1/216338099/ccs,1,62,2,12,304,CAA_interrupted,60
H3,m84137_260214_004236_s1/217190457/ccs,1,62,2,12,304,CAA_interrupted,60
H3,m84137_260214_004236_s1/51381547/ccs,1,62,2,12,304,CAA_interrupted,60
H3,m84137_260214_004236_s1/95751111/ccs,1,62,2,12,304,CAA_interrupted,60
H3,m84137_260214_004236_s1/183833413/ccs,1,62,2,12,304,CAA_interrupted,60
H3,m84137_260214_004236_s1/182716100/ccs,1,62,2,12,304,CAA_interrupted,60
H3,m84137_260214_004236_s1/237111114/ccs,1,62,2,12,304,CAA_interrupted,60
H3,m84137_260214_004236_s1/70451486/ccs,1,62,2,12,304,CAA_interrupted,60
H3,m84137_260214_004236_s1/92668080/ccs,1,62,2,12,304,CAA_interrupted,60
H3,m84137_260214_004236_s1/80807825/ccs,1,62,2,12,304,CAA_interrupted,60
H3,m84137_260214_004236_s1/98435941/ccs,1,62,2,12,304,CAA_interrupted,60
H3,m84137_260214_004236_s1/106890637/ccs,1,62,2,12,304,CAA_interrupted,60
H3,m84137_260214_004236_s1/122359796/ccs,1,62,2,12,304,CAA_interrupted,60
H3,m84137_260214_004236_s1/153686014/ccs,1,62,2,12,304,CAA_interrupted,60
H3,m84137_260214_004236_s1/114625792/ccs,1,62,2,12,304,CAA_interrupted,60
H3,m84137_260214_004236_s1/163647881/ccs,1,62,2,12,304,CAA_interrupted,60
H3,m84137_260214_004236_s1/170135352/ccs,1,62,2,12,304,CAA_interrupted,60
H3,m84137_260214_004236_s1/190317709/ccs,1,62,2,12,304,CAA_interrupted,60
H3,m84137_260214_004236_s1/170461269/ccs,1,62,2,12,304,CAA_interrupted,60
H3,m84137_260214_004236_s1/150471391/ccs,1,61,2,13,304,CAA_interrupted,60
H3,m84137_260214_004236_s1/52958925/ccs,1,62,2,12,304,CAA_interrupted,60
H3,m84137_260214_004236_s1/14553918/ccs,1,62,2,12,304,CAA_interrupted,60
H3,m84137_260214_004236_s1/15210274/ccs,1,62,2,12,304,CAA_interrupted,60
H3,m84137_260214_004236_s1/69537529/ccs,1,62,2,12,304,CAA_interrupted,60
H3,m84137_260214_004236_s1/60953100/ccs,1,62,2,12,304,CAA_interrupted,60
H3,m84137_260214_004236_s1/46533878/ccs,1,62,2,12,304,CAA_interrupted,60
H3,m84137_260214_004236_s1/71374634/ccs,1,62,2,12,304,CAA_interrupted,60
H3,m84137_260214_004236_s1/97980373/ccs,1,62,2,12,304,CAA_interrupted,60
H3,m84137_260214_004236_s1/104272635/ccs,1,62,2,12,304,CAA_interrupted,60
H3,m84137_260214_004236_s1/245629383/ccs,1,62,2,12,304,CAA_interrupted,60
H3,m84137_260214_004236_s1/24515372/ccs,1,62,2,12,304,CAA_interrupted,60
H3,m84137_260214_004236_s1/21827201/ccs,1,62,2,12,304,CAA_interrupted,60
H3,m84137_260214_004236_s1/173477782/ccs,1,62,2,12,304,CAA_interrupted,60
H3,m84137_260214_004236_s1/55576535/ccs,1,61,2,13,304,CAA_interrupted,60
H3,m84137_260214_004236_s1/99813753/ccs,1,62,2,12,304,CAA_interrupted,60
H3,m84137_260214_004236_s1/202572532/ccs,1,62,2,12,304,CAA_interrupted,60
H3,m84137_260214_004236_s1/5832890/ccs,1,60,3,12,304,CAA_interrupted,60
H3,m84137_260214_004236_s1/37554346/ccs,1,61,3,12,305,CAA_interrupted,60
H3,m84137_260214_004236_s1/237503577/ccs,1,61,2,12,305,CAA_interrupted,60
H3,m84137_260214_004236_s1/229377706/ccs,1,62,2,13,305,CAA_interrupted,60
H3,m84137_260214_004236_s1/20715056/ccs,1,63,2,11,305,CAA_interrupted,60
H3,m84137_260214_004236_s1/17696659/ccs,1,61,3,12,305,CAA_interrupted,60
H3,m84137_260214_004236_s1/163121397/ccs,1,62,2,12,305,CAA_interrupted,60
H3,m84137_260214_004236_s1/34996878/ccs,1,62,2,12,306,CAA_interrupted,60
H3,m84137_260214_004236_s1/122094743/ccs,1,63,2,12,307,CAA_interrupted,60
H3,m84137_260214_004236_s1/60424584/ccs,1,63,2,12,307,CAA_interrupted,60
H3,m84137_260214_004236_s1/90048535/ccs,1,63,2,12,307,CAA_interrupted,60
H3,m84137_260214_004236_s1/73861587/ccs,1,63,2,12,307,CAA_interrupted,60
H3,m84137_260214_004236_s1/118755722/ccs,1,63,2,12,307,CAA_interrupted,60
H3,m84137_260214_004236_s1/124719123/ccs,1,63,2,12,307,CAA_interrupted,60
H3,m84137_260214_004236_s1/82318718/ccs,1,63,2,12,307,CAA_interrupted,60
H3,m84137_260214_004236_s1/83759607/ccs,1,63,2,12,307,CAA_interrupted,60
H3,m84137_260214_004236_s1/37754058/ccs,1,63,2,12,307,CAA_interrupted,60
H3,m84137_260214_004236_s1/31199734/ccs,1,63,2,12,307,CAA_interrupted,60
H3,m84137_260214_004236_s1/259591484/ccs,1,63,2,12,307,CAA_interrupted,60
H3,m84137_260214_004236_s1/210044016/ccs,1,63,2,12,307,CAA_interrupted,60
H3,m84137_260214_004236_s1/259195100/ccs,1,63,2,12,307,CAA_interrupted,60
H3,m84137_260214_004236_s1/120588859/ccs,1,63,2,12,307,CAA_interrupted,60
H3,m84137_260214_004236_s1/191498600/ccs,1,63,2,12,307,CAA_interrupted,60
H3,m84137_260214_004236_s1/198182047/ccs,1,63,2,12,307,CAA_interrupted,60
H3,m84137_260214_004236_s1/201524674/ccs,1,63,2,12,307,CAA_interrupted,60
H3,m84137_260214_004236_s1/219875076/ccs,1,63,2,12,307,CAA_interrupted,60
H3,m84137_260214_004236_s1/195298156/ccs,1,63,2,12,307,CAA_interrupted,60
H3,m84137_260214_004236_s1/203293282/ccs,1,63,2,12,307,CAA_interrupted,60
H3,m84137_260214_004236_s1/18093556/ccs,1,63,2,12,307,CAA_interrupted,60
H3,m84137_260214_004236_s1/5637327/ccs,1,63,2,12,307,CAA_interrupted,60
H3,m84137_260214_004236_s1/18678618/ccs,1,63,2,12,307,CAA_interrupted,60
H3,m84137_260214_004236_s1/29886819/ccs,1,63,2,12,307,CAA_interrupted,60
H3,m84137_260214_004236_s1/141558878/ccs,1,63,2,12,307,CAA_interrupted,60
H3,m84137_260214_004236_s1/143656738/ccs,1,63,2,12,307,CAA_interrupted,60
H3,m84137_260214_004236_s1/141427762/ccs,1,63,2,12,307,CAA_interrupted,60
H3,m84137_260214_004236_s1/158335973/ccs,1,63,2,12,307,CAA_interrupted,60
H3,m84137_260214_004236_s1/230233120/ccs,1,63,2,12,307,CAA_interrupted,60
H3,m84137_260214_004236_s1/117378279/ccs,1,63,2,12,307,CAA_interrupted,60
H3,m84137_260214_004236_s1/27921114/ccs,1,63,2,12,307,CAA_interrupted,60
H3,m84137_260214_004236_s1/240784957/ccs,1,63,2,12,307,CAA_interrupted,60
H3,m84137_260214_004236_s1/217584199/ccs,1,63,2,12,307,CAA_interrupted,60
H3,m84137_260214_004236_s1/119080409/ccs,1,63,2,12,307,CAA_interrupted,60
H3,m84137_260214_004236_s1/108331114/ccs,1,63,2,12,307,CAA_interrupted,60
H3,m84137_260214_004236_s1/119996748/ccs,1,63,2,12,307,CAA_interrupted,60
H3,m84137_260214_004236_s1/109250873/ccs,1,63,2,12,307,CAA_interrupted,60
H3,m84137_260214_004236_s1/110824328/ccs,1,63,2,12,307,CAA_interrupted,60
H3,m84137_260214_004236_s1/134679365/ccs,1,63,2,12,307,CAA_interrupted,60
H3,m84137_260214_004236_s1/158533973/ccs,1,63,2,12,307,CAA_interrupted,60
H3,m84137_260214_004236_s1/57870011/ccs,1,63,2,12,307,CAA_interrupted,60
H3,m84137_260214_004236_s1/52627230/ccs,1,63,2,12,307,CAA_interrupted,60
H3,m84137_260214_004236_s1/231408954/ccs,1,63,2,12,307,CAA_interrupted,60
H3,m84137_260214_004236_s1/241044274/ccs,1,63,2,12,307,CAA_interrupted,60
H3,m84137_260214_004236_s1/204017279/ccs,1,62,2,13,307,CAA_interrupted,60
H3,m84137_260214_004236_s1/260837077/ccs,1,63,2,12,307,CAA_interrupted,60
H3,m84137_260214_004236_s1/216470060/ccs,1,63,2,12,307,CAA_interrupted,60
H3,m84137_260214_004236_s1/217321567/ccs,1,63,2,12,307,CAA_interrupted,60
H3,m84137_260214_004236_s1/250613810/ccs,1,63,2,12,307,CAA_interrupted,60
H3,m84137_260214_004236_s1/221384621/ccs,1,63,2,12,307,CAA_interrupted,60
H3,m84137_260214_004236_s1/221320462/ccs,1,63,2,12,307,CAA_interrupted,60
H3,m84137_260214_004236_s1/201068774/ccs,1,63,2,12,307,CAA_interrupted,60
H3,m84137_260214_004236_s1/253432797/ccs,1,63,2,12,307,CAA_interrupted,60
H3,m84137_260214_004236_s1/221381869/ccs,1,63,2,12,307,CAA_interrupted,60
H3,m84137_260214_004236_s1/182911339/ccs,1,63,2,12,307,CAA_interrupted,60
H3,m84137_260214_004236_s1/224921447/ccs,1,63,2,12,307,CAA_interrupted,60
H3,m84137_260214_004236_s1/225314206/ccs,1,63,2,12,307,CAA_interrupted,60
H3,m84137_260214_004236_s1/230032333/ccs,1,63,2,12,307,CAA_interrupted,60
H3,m84137_260214_004236_s1/211878398/ccs,1,63,2,12,307,CAA_interrupted,60
H3,m84137_260214_004236_s1/214695978/ccs,1,63,2,12,307,CAA_interrupted,60
H3,m84137_260214_004236_s1/235145714/ccs,1,63,2,12,307,CAA_interrupted,60
H3,m84137_260214_004236_s1/48497324/ccs,1,63,2,12,307,CAA_interrupted,60
H3,m84137_260214_004236_s1/73466687/ccs,1,63,2,12,307,CAA_interrupted,60
H3,m84137_260214_004236_s1/66062883/ccs,1,63,2,12,307,CAA_interrupted,60
H3,m84137_260214_004236_s1/91293275/ccs,1,63,2,12,307,CAA_interrupted,60
H3,m84137_260214_004236_s1/97192316/ccs,1,63,2,12,307,CAA_interrupted,60
H3,m84137_260214_004236_s1/118161460/ccs,1,63,2,12,307,CAA_interrupted,60
H3,m84137_260214_004236_s1/185274008/ccs,1,63,2,12,307,CAA_interrupted,60
H3,m84137_260214_004236_s1/169609050/ccs,1,63,2,12,307,CAA_interrupted,60
H3,m84137_260214_004236_s1/197722807/ccs,1,63,2,12,307,CAA_interrupted,60
H3,m84137_260214_004236_s1/193660339/ccs,1,63,2,12,307,CAA_interrupted,60
H3,m84137_260214_004236_s1/202310264/ccs,1,63,2,12,307,CAA_interrupted,60
H3,m84137_260214_004236_s1/202572925/ccs,1,63,2,12,307,CAA_interrupted,60
H3,m84137_260214_004236_s1/57807484/ccs,1,63,2,12,307,CAA_interrupted,60
H3,m84137_260214_004236_s1/15732836/ccs,1,63,2,12,307,CAA_interrupted,60
H3,m84137_260214_004236_s1/72881996/ccs,1,63,2,12,307,CAA_interrupted,60
H3,m84137_260214_004236_s1/96670811/ccs,1,63,2,12,307,CAA_interrupted,60
H3,m84137_260214_004236_s1/18355475/ccs,1,63,2,12,307,CAA_interrupted,60
H3,m84137_260214_004236_s1/265814309/ccs,1,63,2,12,307,CAA_interrupted,60
H3,m84137_260214_004236_s1/39389482/ccs,1,63,2,12,308,CAA_interrupted,60
H3,m84137_260214_004236_s1/264307431/ccs,1,63,2,12,308,CAA_interrupted,60
H3,m84137_260214_004236_s1/39650847/ccs,1,64,2,11,308,CAA_interrupted,60
H3,m84137_260214_004236_s1/39654076/ccs,1,62,2,11,308,CAA_interrupted,60
H3,m84137_260214_004236_s1/150930623/ccs,1,63,2,12,308,CAA_interrupted,60
H3,m84137_260214_004236_s1/250282363/ccs,1,63,2,12,308,CAA_interrupted,60
H3,m84137_260214_004236_s1/263260574/ccs,1,63,2,12,309,CAA_interrupted,60
H3,m84137_260214_004236_s1/60033788/ccs,1,64,2,12,310,CAA_interrupted,60
H3,m84137_260214_004236_s1/64028982/ccs,1,64,2,12,310,CAA_interrupted,60
H3,m84137_260214_004236_s1/65144054/ccs,1,64,2,12,310,CAA_interrupted,60
H3,m84137_260214_004236_s1/70124182/ccs,1,64,2,12,310,CAA_interrupted,60
H3,m84137_260214_004236_s1/120787480/ccs,1,64,2,12,310,CAA_interrupted,60
H3,m84137_260214_004236_s1/42864202/ccs,1,64,2,12,310,CAA_interrupted,60
H3,m84137_260214_004236_s1/206508202/ccs,1,64,2,12,310,CAA_interrupted,60
H3,m84137_260214_004236_s1/212667567/ccs,1,64,2,12,310,CAA_interrupted,60
H3,m84137_260214_004236_s1/232789747/ccs,1,64,2,12,310,CAA_interrupted,60
H3,m84137_260214_004236_s1/222495458/ccs,1,64,2,12,310,CAA_interrupted,60
H3,m84137_260214_004236_s1/212533415/ccs,1,64,2,12,310,CAA_interrupted,60
H3,m84137_260214_004236_s1/236784078/ccs,1,64,2,12,310,CAA_interrupted,60
H3,m84137_260214_004236_s1/71435561/ccs,1,64,2,12,310,CAA_interrupted,60
H3,m84137_260214_004236_s1/106955038/ccs,1,64,2,12,310,CAA_interrupted,60
H3,m84137_260214_004236_s1/144970601/ccs,1,64,2,12,310,CAA_interrupted,60
H3,m84137_260214_004236_s1/225056489/ccs,1,64,2,12,310,CAA_interrupted,60
H3,m84137_260214_004236_s1/191301872/ccs,1,64,2,12,310,CAA_interrupted,60
H3,m84137_260214_004236_s1/175114686/ccs,1,64,2,12,310,CAA_interrupted,60
H3,m84137_260214_004236_s1/196675084/ccs,1,64,2,12,310,CAA_interrupted,60
H3,m84137_260214_004236_s1/178847856/ccs,1,64,2,12,310,CAA_interrupted,60
H3,m84137_260214_004236_s1/208012393/ccs,1,64,2,12,310,CAA_interrupted,60
H3,m84137_260214_004236_s1/266142156/ccs,1,64,2,12,310,CAA_interrupted,60
H3,m84137_260214_004236_s1/12259361/ccs,1,64,2,12,310,CAA_interrupted,60
H3,m84137_260214_004236_s1/251073007/ccs,1,64,2,12,310,CAA_interrupted,60
H3,m84137_260214_004236_s1/23266782/ccs,1,64,2,12,310,CAA_interrupted,60
H3,m84137_260214_004236_s1/136775189/ccs,1,64,2,12,310,CAA_interrupted,60
H3,m84137_260214_004236_s1/155713618/ccs,1,64,2,12,310,CAA_interrupted,60
H3,m84137_260214_004236_s1/146868373/ccs,1,64,2,12,310,CAA_interrupted,60
H3,m84137_260214_004236_s1/158205084/ccs,1,64,2,12,310,CAA_interrupted,60
H3,m84137_260214_004236_s1/232855293/ccs,1,64,2,12,310,CAA_interrupted,60
H3,m84137_260214_004236_s1/8588260/ccs,1,64,2,12,310,CAA_interrupted,60
H3,m84137_260214_004236_s1/127206611/ccs,1,64,2,12,310,CAA_interrupted,60
H3,m84137_260214_004236_s1/188809452/ccs,1,64,2,12,310,CAA_interrupted,60
H3,m84137_260214_004236_s1/35328235/ccs,1,64,2,12,310,CAA_interrupted,60
H3,m84137_260214_004236_s1/49747841/ccs,1,64,2,12,310,CAA_interrupted,60
H3,m84137_260214_004236_s1/108265989/ccs,1,64,2,12,310,CAA_interrupted,60
H3,m84137_260214_004236_s1/137626695/ccs,1,64,2,12,310,CAA_interrupted,60
H3,m84137_260214_004236_s1/167905531/ccs,1,64,2,12,310,CAA_interrupted,60
H3,m84137_260214_004236_s1/161875234/ccs,1,64,2,12,310,CAA_interrupted,60
H3,m84137_260214_004236_s1/21367287/ccs,1,64,2,12,310,CAA_interrupted,60
H3,m84137_260214_004236_s1/54788277/ccs,1,64,2,13,310,CAA_interrupted,60
H3,m84137_260214_004236_s1/68359143/ccs,1,64,2,12,310,CAA_interrupted,60
H3,m84137_260214_004236_s1/18088468/ccs,1,64,2,12,310,CAA_interrupted,60
H3,m84137_260214_004236_s1/29559076/ccs,1,64,2,12,310,CAA_interrupted,60
H3,m84137_260214_004236_s1/100075025/ccs,1,64,2,12,310,CAA_interrupted,60
H3,m84137_260214_004236_s1/16648644/ccs,1,64,2,12,310,CAA_interrupted,60
H3,m84137_260214_004236_s1/84741104/ccs,1,64,2,12,310,CAA_interrupted,60
H3,m84137_260214_004236_s1/219611974/ccs,1,63,2,13,310,CAA_interrupted,60
H3,m84137_260214_004236_s1/213320448/ccs,1,64,2,12,310,CAA_interrupted,60
H3,m84137_260214_004236_s1/76285350/ccs,1,64,2,12,310,CAA_interrupted,60
H3,m84137_260214_004236_s1/82184204/ccs,1,64,2,12,310,CAA_interrupted,60
H3,m84137_260214_004236_s1/115018753/ccs,1,64,2,12,310,CAA_interrupted,60
H3,m84137_260214_004236_s1/116397770/ccs,1,64,2,12,310,CAA_interrupted,60
H3,m84137_260214_004236_s1/185144373/ccs,1,64,2,12,310,CAA_interrupted,60
H3,m84137_260214_004236_s1/161746201/ccs,1,64,2,12,310,CAA_interrupted,60
H3,m84137_260214_004236_s1/165613348/ccs,1,64,2,12,310,CAA_interrupted,60
H3,m84137_260214_004236_s1/149815814/ccs,1,64,2,12,310,CAA_interrupted,60
H3,m84137_260214_004236_s1/243204472/ccs,1,64,2,12,310,CAA_interrupted,60
H3,m84137_260214_004236_s1/33756858/ccs,1,64,2,12,310,CAA_interrupted,60
H3,m84137_260214_004236_s1/25890193/ccs,1,64,2,12,310,CAA_interrupted,60
H3,m84137_260214_004236_s1/31134866/ccs,1,64,2,12,310,CAA_interrupted,60
H3,m84137_260214_004236_s1/126621267/ccs,1,64,2,12,310,CAA_interrupted,60
H3,m84137_260214_004236_s1/102695411/ccs,1,64,2,12,310,CAA_interrupted,60
H3,m84137_260214_004236_s1/218562922/ccs,1,61,3,13,311,CAA_interrupted,60
H3,m84137_260214_004236_s1/210637471/ccs,1,63,2,12,311,CAA_interrupted,60
H3,m84137_260214_004236_s1/13763422/ccs,1,64,2,12,311,CAA_interrupted,60
H3,m84137_260214_004236_s1/150013122/ccs,1,63,2,12,311,CAA_interrupted,60
H3,m84137_260214_004236_s1/235999814/ccs,1,64,2,12,311,CAA_interrupted,60
H3,m84137_260214_004236_s1/148834804/ccs,1,63,3,12,311,CAA_interrupted,60
H3,m84137_260214_004236_s1/124718254/ccs,1,63,2,13,311,CAA_interrupted,60
H3,m84137_260214_004236_s1/122684957/ccs,1,64,2,12,312,CAA_interrupted,60
H3,m84137_260214_004236_s1/166201476/ccs,1,62,4,12,312,CAA_interrupted,60
H3,m84137_260214_004236_s1/96209443/ccs,1,64,2,12,312,CAA_interrupted,60
H3,m84137_260214_004236_s1/54198538/ccs,1,65,2,12,313,CAA_interrupted,60
H3,m84137_260214_004236_s1/61277888/ccs,1,65,2,12,313,CAA_interrupted,60
H3,m84137_260214_004236_s1/50071590/ccs,1,65,2,12,313,CAA_interrupted,60
H3,m84137_260214_004236_s1/78123581/ccs,1,65,2,12,313,CAA_interrupted,60
H3,m84137_260214_004236_s1/89593210/ccs,1,65,2,12,313,CAA_interrupted,60
H3,m84137_260214_004236_s1/234948245/ccs,1,65,2,12,313,CAA_interrupted,60
H3,m84137_260214_004236_s1/121835408/ccs,1,65,2,12,313,CAA_interrupted,60
H3,m84137_260214_004236_s1/212472349/ccs,1,65,2,12,313,CAA_interrupted,60
H3,m84137_260214_004236_s1/242881768/ccs,1,65,2,12,313,CAA_interrupted,60
H3,m84137_260214_004236_s1/248843878/ccs,1,65,2,12,313,CAA_interrupted,60
H3,m84137_260214_004236_s1/79300620/ccs,1,65,2,12,313,CAA_interrupted,60
H3,m84137_260214_004236_s1/86770354/ccs,1,65,2,12,313,CAA_interrupted,60
H3,m84137_260214_004236_s1/100796709/ccs,1,65,2,12,313,CAA_interrupted,60
H3,m84137_260214_004236_s1/168562679/ccs,1,65,2,12,313,CAA_interrupted,60
H3,m84137_260214_004236_s1/189666020/ccs,1,65,2,12,313,CAA_interrupted,60
H3,m84137_260214_004236_s1/172560742/ccs,1,65,2,12,313,CAA_interrupted,60
H3,m84137_260214_004236_s1/199624674/ccs,1,65,2,12,313,CAA_interrupted,60
H3,m84137_260214_004236_s1/11212208/ccs,1,65,2,12,313,CAA_interrupted,60
H3,m84137_260214_004236_s1/35197443/ccs,1,65,2,12,313,CAA_interrupted,60
H3,m84137_260214_004236_s1/25036313/ccs,1,65,2,12,313,CAA_interrupted,60
H3,m84137_260214_004236_s1/137692739/ccs,1,65,2,12,313,CAA_interrupted,60
H3,m84137_260214_004236_s1/80805934/ccs,1,65,2,12,313,CAA_interrupted,60
H3,m84137_260214_004236_s1/201785927/ccs,1,65,2,12,313,CAA_interrupted,60
H3,m84137_260214_004236_s1/60689476/ccs,1,65,2,12,313,CAA_interrupted,60
H3,m84137_260214_004236_s1/24052364/ccs,1,65,2,12,313,CAA_interrupted,60
H3,m84137_260214_004236_s1/166069676/ccs,1,65,2,12,313,CAA_interrupted,60
H3,m84137_260214_004236_s1/172950616/ccs,1,65,2,12,313,CAA_interrupted,60
H3,m84137_260214_004236_s1/133631005/ccs,1,65,2,12,313,CAA_interrupted,60
H3,m84137_260214_004236_s1/125239780/ccs,1,65,2,12,313,CAA_interrupted,60
H3,m84137_260214_004236_s1/115671585/ccs,1,65,2,12,313,CAA_interrupted,60
H3,m84137_260214_004236_s1/62325471/ccs,1,65,2,12,313,CAA_interrupted,60
H3,m84137_260214_004236_s1/48038836/ccs,1,65,2,12,313,CAA_interrupted,60
H3,m84137_260214_004236_s1/46272493/ccs,1,65,2,12,313,CAA_interrupted,60
H3,m84137_260214_004236_s1/41356252/ccs,1,65,2,12,313,CAA_interrupted,60
H3,m84137_260214_004236_s1/223352242/ccs,1,65,2,12,313,CAA_interrupted,60
H3,m84137_260214_004236_s1/183437644/ccs,1,65,2,12,313,CAA_interrupted,60
H3,m84137_260214_004236_s1/80478684/ccs,1,65,2,12,313,CAA_interrupted,60
H3,m84137_260214_004236_s1/246744346/ccs,1,65,2,12,313,CAA_interrupted,60
H3,m84137_260214_004236_s1/224003995/ccs,1,64,3,12,314,CAA_interrupted,60
H3,m84137_260214_004236_s1/29557749/ccs,1,65,2,12,315,CAA_interrupted,60
H3,m84137_260214_004236_s1/183699241/ccs,1,63,4,12,315,CAA_interrupted,60
H3,m84137_260214_004236_s1/170135144/ccs,1,61,5,12,315,CAA_interrupted,60
H3,m84137_260214_004236_s1/92735229/ccs,1,66,2,12,316,CAA_interrupted,60
H3,m84137_260214_004236_s1/43192506/ccs,1,66,2,12,316,CAA_interrupted,60
H3,m84137_260214_004236_s1/45553026/ccs,1,65,2,13,316,CAA_interrupted,60
H3,m84137_260214_004236_s1/248780223/ccs,1,66,2,12,316,CAA_interrupted,60
H3,m84137_260214_004236_s1/188223104/ccs,1,66,2,12,316,CAA_interrupted,60
H3,m84137_260214_004236_s1/207815787/ccs,1,66,2,12,316,CAA_interrupted,60
H3,m84137_260214_004236_s1/247401231/ccs,1,66,2,12,316,CAA_interrupted,60
H3,m84137_260214_004236_s1/245173170/ccs,1,65,2,13,316,CAA_interrupted,60
H3,m84137_260214_004236_s1/133958366/ccs,1,66,2,12,316,CAA_interrupted,60
H3,m84137_260214_004236_s1/169937083/ccs,1,66,2,12,316,CAA_interrupted,60
H3,m84137_260214_004236_s1/116065214/ccs,1,66,2,12,316,CAA_interrupted,60
H3,m84137_260214_004236_s1/117184014/ccs,1,66,2,12,316,CAA_interrupted,60
H3,m84137_260214_004236_s1/27984070/ccs,1,66,2,12,316,CAA_interrupted,60
H3,m84137_260214_004236_s1/18024962/ccs,1,66,2,12,316,CAA_interrupted,60
H3,m84137_260214_004236_s1/215616524/ccs,1,66,2,12,316,CAA_interrupted,60
H3,m84137_260214_004236_s1/21104029/ccs,1,66,2,12,316,CAA_interrupted,60
H3,m84137_260214_004236_s1/98567638/ccs,1,66,2,12,316,CAA_interrupted,60
H3,m84137_260214_004236_s1/265688341/ccs,1,66,2,12,316,CAA_interrupted,60
H3,m84137_260214_004236_s1/200802407/ccs,1,66,2,12,316,CAA_interrupted,60
H3,m84137_260214_004236_s1/223347070/ccs,1,66,2,12,316,CAA_interrupted,60
H3,m84137_260214_004236_s1/140646145/ccs,1,66,2,12,316,CAA_interrupted,60
H3,m84137_260214_004236_s1/197526803/ccs,1,66,2,12,316,CAA_interrupted,60
H3,m84137_260214_004236_s1/207880309/ccs,1,66,2,12,316,CAA_interrupted,60
H3,m84137_260214_004236_s1/41880590/ccs,1,66,2,12,316,CAA_interrupted,60
H3,m84137_260214_004236_s1/12653279/ccs,1,66,2,12,316,CAA_interrupted,60
H3,m84137_260214_004236_s1/135730152/ccs,1,66,2,12,316,CAA_interrupted,60
H3,m84137_260214_004236_s1/177734066/ccs,1,65,3,12,317,CAA_interrupted,60
H3,m84137_260214_004236_s1/120916783/ccs,1,66,2,12,318,CAA_interrupted,60
H3,m84137_260214_004236_s1/41948010/ccs,1,64,4,12,318,CAA_interrupted,60
H3,m84137_260214_004236_s1/40045955/ccs,1,68,1,12,319,CAA_interrupted,60
H3,m84137_260214_004236_s1/89593020/ccs,1,67,2,12,319,CAA_interrupted,60
H3,m84137_260214_004236_s1/262148911/ccs,1,67,2,12,319,CAA_interrupted,60
H3,m84137_260214_004236_s1/103416184/ccs,1,67,2,12,319,CAA_interrupted,60
H3,m84137_260214_004236_s1/134613680/ccs,1,67,2,12,319,CAA_interrupted,60
H3,m84137_260214_004236_s1/221839900/ccs,1,67,2,12,319,CAA_interrupted,60
H3,m84137_260214_004236_s1/26806695/ccs,1,67,2,12,319,CAA_interrupted,60
H3,m84137_260214_004236_s1/113052018/ccs,1,67,2,12,319,CAA_interrupted,60
H3,m84137_260214_004236_s1/207424070/ccs,1,67,2,12,319,CAA_interrupted,60
H3,m84137_260214_004236_s1/46208187/ccs,1,67,2,12,319,CAA_interrupted,60
H3,m84137_260214_004236_s1/190382432/ccs,1,67,2,12,319,CAA_interrupted,60
H3,m84137_260214_004236_s1/183632186/ccs,1,67,2,12,319,CAA_interrupted,60
H3,m84137_260214_004236_s1/79303064/ccs,1,67,2,12,319,CAA_interrupted,60
H3,m84137_260214_004236_s1/50270666/ccs,1,67,2,12,319,CAA_interrupted,60
H3,m84137_260214_004236_s1/57148721/ccs,1,68,2,12,322,CAA_interrupted,60
H3,m84137_260214_004236_s1/38405478/ccs,1,68,2,12,322,CAA_interrupted,60
H3,m84137_260214_004236_s1/138352462/ccs,1,68,2,12,322,CAA_interrupted,60
H3,m84137_260214_004236_s1/255071961/ccs,1,68,2,12,322,CAA_interrupted,60
H3,m84137_260214_004236_s1/109906901/ccs,1,68,2,12,322,CAA_interrupted,60
H3,m84137_260214_004236_s1/132581747/ccs,1,68,2,12,322,CAA_interrupted,60
H3,m84137_260214_004236_s1/132253918/ccs,1,68,2,12,322,CAA_interrupted,60
H3,m84137_260214_004236_s1/177997942/ccs,1,68,2,12,322,CAA_interrupted,60
H3,m84137_260214_004236_s1/64685173/ccs,1,68,2,12,322,CAA_interrupted,60
H3,m84137_260214_004236_s1/77728220/ccs,1,68,2,12,322,CAA_interrupted,60
H3,m84137_260214_004236_s1/196411719/ccs,1,68,2,12,322,CAA_interrupted,60
H3,m84137_260214_004236_s1/19861923/ccs,1,68,2,12,322,CAA_interrupted,60
H3,m84137_260214_004236_s1/128388647/ccs,1,68,2,12,324,CAA_interrupted,60
H3,m84137_260214_004236_s1/48498471/ccs,1,69,2,12,325,CAA_interrupted,60
H3,m84137_260214_004236_s1/100339008/ccs,1,69,2,12,325,CAA_interrupted,60
H3,m84137_260214_004236_s1/262538269/ccs,1,69,2,12,325,CAA_interrupted,60
H3,m84137_260214_004236_s1/98567840/ccs,1,69,2,12,325,CAA_interrupted,60
H3,m84137_260214_004236_s1/29753750/ccs,1,69,2,12,325,CAA_interrupted,60
H3,m84137_260214_004236_s1/216142826/ccs,1,69,2,12,325,CAA_interrupted,60
H3,m84137_260214_004236_s1/138807831/ccs,1,69,2,12,325,CAA_interrupted,60
H3,m84137_260214_004236_s1/204279003/ccs,1,69,2,12,325,CAA_interrupted,60
H3,m84137_260214_004236_s1/228396329/ccs,1,69,2,12,325,CAA_interrupted,60
H3,m84137_260214_004236_s1/218955966/ccs,1,69,2,12,325,CAA_interrupted,60
H3,m84137_260214_004236_s1/51252705/ccs,1,69,2,12,325,CAA_interrupted,60
H3,m84137_260214_004236_s1/204669053/ccs,1,69,2,12,327,CAA_interrupted,60
H3,m84137_260214_004236_s1/135006993/ccs,1,70,2,12,328,CAA_interrupted,60
H3,m84137_260214_004236_s1/160501347/ccs,1,70,2,12,328,CAA_interrupted,60
H3,m84137_260214_004236_s1/148379041/ccs,1,70,2,12,328,CAA_interrupted,60
H3,m84137_260214_004236_s1/134551144/ccs,1,71,2,12,331,CAA_interrupted,60
H3,m84137_260214_004236_s1/156304268/ccs,1,71,2,12,331,CAA_interrupted,60
H3,m84137_260214_004236_s1/97783617/ccs,1,71,2,12,331,CAA_interrupted,60
H3,m84137_260214_004236_s1/126225772/ccs,1,71,2,12,332,CAA_interrupted,60
H3,m84137_260214_004236_s1/75434731/ccs,1,71,2,12,334,CAA_interrupted,60
H3,m84137_260214_004236_s1/107677684/ccs,1,72,2,12,334,CAA_interrupted,60
H3,m84137_260214_004236_s1/45811393/ccs,1,72,2,12,334,CAA_interrupted,60
H3,m84137_260214_004236_s1/212534559/ccs,1,72,2,12,334,CAA_interrupted,60
H3,m84137_260214_004236_s1/167578569/ccs,1,72,2,12,334,CAA_interrupted,60
H3,m84137_260214_004236_s1/189335868/ccs,1,73,2,12,337,CAA_interrupted,60
H3,m84137_260214_004236_s1/127599668/ccs,1,73,2,12,337,CAA_interrupted,60
H3,m84137_260214_004236_s1/24515774/ccs,1,73,2,12,337,CAA_interrupted,60
H3,m84137_260214_004236_s1/113183505/ccs,1,73,2,12,337,CAA_interrupted,60
H3,m84137_260214_004236_s1/18354966/ccs,1,74,2,11,339,CAA_interrupted,60
H3,m84137_260214_004236_s1/212861367/ccs,1,74,2,12,340,CAA_interrupted,60
H3,m84137_260214_004236_s1/3413356/ccs,1,75,2,12,343,CAA_interrupted,60
H3,m84137_260214_004236_s1/97583242/ccs,1,75,2,12,344,CAA_interrupted,60
H3,m84137_260214_004236_s1/140116111/ccs,1,73,2,12,345,CAA_interrupted,60
H3,m84137_260214_004236_s1/156762182/ccs,1,76,2,12,346,CAA_interrupted,60
H3,m84137_260214_004236_s1/163777077/ccs,1,76,2,12,346,CAA_interrupted,60
H3,m84137_260214_004236_s1/59643371/ccs,1,76,2,12,346,CAA_interrupted,60
H3,m84137_260214_004236_s1/221386164/ccs,1,76,2,12,346,CAA_interrupted,60
H3,m84137_260214_004236_s1/58525692/ccs,1,77,2,12,349,CAA_interrupted,60
H3,m84137_260214_004236_s1/106631347/ccs,1,77,2,12,349,CAA_interrupted,60
H3,m84137_260214_004236_s1/6296187/ccs,1,77,2,12,349,CAA_interrupted,60
H3,m84137_260214_004236_s1/229904154/ccs,1,77,2,12,349,CAA_interrupted,60
H3,m84137_260214_004236_s1/240588043/ccs,1,78,1,12,349,CAA_interrupted,60
H3,m84137_260214_004236_s1/179177189/ccs,1,77,2,12,349,CAA_interrupted,60
H3,m84137_260214_004236_s1/20384177/ccs,1,79,2,12,355,CAA_interrupted,60
H3,m84137_260214_004236_s1/116197537/ccs,1,79,2,12,355,CAA_interrupted,60
H3,m84137_260214_004236_s1/234557284/ccs,1,79,2,12,355,CAA_interrupted,60
H3,m84137_260214_004236_s1/117970048/ccs,1,79,2,12,355,CAA_interrupted,60
H3,m84137_260214_004236_s1/251073170/ccs,1,79,2,12,357,CAA_interrupted,60
H3,m84137_260214_004236_s1/74452739/ccs,1,80,2,12,358,CAA_interrupted,60
H3,m84137_260214_004236_s1/133631169/ccs,1,81,2,12,361,CAA_interrupted,60
H3,m84137_260214_004236_s1/192677533/ccs,1,81,2,12,361,CAA_interrupted,60
H3,m84137_260214_004236_s1/185797610/ccs,1,81,2,12,361,CAA_interrupted,60
H3,m84137_260214_004236_s1/105452458/ccs,1,83,2,12,367,CAA_interrupted,60
H3,m84137_260214_004236_s1/127599881/ccs,1,83,2,12,367,CAA_interrupted,60
H3,m84137_260214_004236_s1/264243223/ccs,1,83,1,13,367,CAA_interrupted,60
H3,m84137_260214_004236_s1/6100355/ccs,1,83,2,12,367,CAA_interrupted,60
H3,m84137_260214_004236_s1/199823393/ccs,1,83,2,12,367,CAA_interrupted,60
H3,m84137_260214_004236_s1/152245665/ccs,1,83,2,12,367,CAA_interrupted,60
H3,m84137_260214_004236_s1/37686539/ccs,1,83,2,12,367,CAA_interrupted,60
H3,m84137_260214_004236_s1/148964628/ccs,1,84,2,12,370,CAA_interrupted,60
H3,m84137_260214_004236_s1/46929418/ccs,1,84,2,12,370,CAA_interrupted,60
H3,m84137_260214_004236_s1/54268987/ccs,1,83,3,12,371,CAA_interrupted,60
H3,m84137_260214_004236_s1/142019108/ccs,1,86,2,12,376,CAA_interrupted,60
H3,m84137_260214_004236_s1/9242481/ccs,1,86,2,12,376,CAA_interrupted,60
H3,m84137_260214_004236_s1/188481767/ccs,1,86,2,12,376,CAA_interrupted,60
H3,m84137_260214_004236_s1/116261403/ccs,1,89,2,12,385,CAA_interrupted,60
H3,m84137_260214_004236_s1/215157149/ccs,1,89,2,12,385,CAA_interrupted,60
H3,m84137_260214_004236_s1/201069480/ccs,1,90,2,12,388,CAA_interrupted,60
H3,m84137_260214_004236_s1/52301647/ccs,1,93,2,12,397,CAA_interrupted,60
H3,m84137_260214_004236_s1/227934557/ccs,1,97,2,12,409,CAA_interrupted,60
H3,m84137_260214_004236_s1/189009428/ccs,1,98,2,12,412,CAA_interrupted,60
H3,m84137_260214_004236_s1/110560463/ccs,1,102,2,12,424,CAA_interrupted,60
H3,m84137_260214_004236_s1/87819391/ccs,1,106,2,12,436,CAA_interrupted,60
H3,m84137_260214_004236_s1/65213815/ccs,1,119,2,12,475,CAA_interrupted,60
H3,m84137_260214_004236_s1/151062356/ccs,1,122,2,12,484,CAA_interrupted,60
H3,m84137_260214_004236_s1/196608667/ccs,1,132,2,12,514,CAA_interrupted,60
H3,m84137_260214_004236_s1/256970128/ccs,1,135,2,12,523,CAA_interrupted,60
H3,m84137_260214_004236_s1/254804426/ccs,1,138,2,12,532,CAA_interrupted,60
H3,m84137_260214_004236_s1/241634792/ccs,1,158,2,12,592,CAA_interrupted,60
H3,m84137_260214_004236_s1/192089354/ccs,1,181,1,12,658,CAA_interrupted,60
H3,m84137_260214_004236_s1/40372646/ccs,1,242,3,12,858,CAA_interrupted,60
H3,m84137_260214_004236_s1/83953386/ccs,1,345,1,8,1125,CAA_interrupted,60
H3,m84137_260214_004236_s1/65142949/ccs,1,564,1,9,1784,CAA_interrupted,60
H3,m84137_260214_004236_s1/114360859/ccs,1,1078,2,8,3337,CAA_interrupted,60
H3,m84137_260214_004236_s1/160438149/ccs,0,21,2,12,188,CAA_interrupted,60
H3,m84137_260214_004236_s1/61541496/ccs,0,23,2,10,188,CAA_interrupted,60
H3,m84137_260214_004236_s1/233771449/ccs,0,22,2,10,182,CAA_interrupted,60
H3,m84137_260214_004236_s1/153878978/ccs,1,52,3,11,302,CAA_interrupted,60
H3,m84137_260214_004236_s1/142869763/ccs,0,21,2,10,184,CAA_interrupted,60
H3,m84137_260214_004236_s1/20579296/ccs,1,55,4,14,314,CAA_interrupted,60
H3,m84137_260214_004236_s1/17175118/ccs,1,59,2,12,316,CAA_interrupted,60
H3,m84137_260214_004236_s1/107222728/ccs,0,21,2,12,187,CAA_interrupted,60
H3,m84137_260214_004236_s1/176358601/ccs,0,21,3,12,188,CAA_interrupted,60
H3,m84137_260214_004236_s1/50463295/ccs,0,20,2,12,182,CAA_interrupted,60
H3,m84137_260214_004236_s1/224136202/ccs,0,22,2,12,184,CAA_interrupted,60
H3,m84137_260214_004236_s1/122224686/ccs,0,22,2,12,184,CAA_interrupted,60
H3,m84137_260214_004236_s1/5180006/ccs,0,22,2,12,184,CAA_interrupted,60
H3,m84137_260214_004236_s1/46336004/ccs,0,22,2,12,184,CAA_interrupted,60
H3,m84137_260214_004236_s1/100664130/ccs,0,22,2,12,184,CAA_interrupted,60
H3,m84137_260214_004236_s1/252840854/ccs,0,22,2,12,184,CAA_interrupted,60
H3,m84137_260214_004236_s1/73535799/ccs,0,22,2,12,184,CAA_interrupted,60
H3,m84137_260214_004236_s1/131076013/ccs,0,22,2,12,184,CAA_interrupted,60
H3,m84137_260214_004236_s1/213260068/ccs,0,23,2,11,184,CAA_interrupted,60
H3,m84137_260214_004236_s1/48236850/ccs,0,22,2,12,184,CAA_interrupted,60
H3,m84137_260214_004236_s1/211552219/ccs,0,22,2,12,184,CAA_interrupted,60
H3,m84137_260214_004236_s1/235804583/ccs,0,22,2,12,184,CAA_interrupted,60
H3,m84137_260214_004236_s1/164824491/ccs,0,22,2,12,184,CAA_interrupted,60
H3,m84137_260214_004236_s1/210111031/ccs,0,22,2,12,184,CAA_interrupted,60
H3,m84137_260214_004236_s1/236459490/ccs,0,22,2,12,184,CAA_interrupted,60
H3,m84137_260214_004236_s1/264637600/ccs,0,22,2,12,184,CAA_interrupted,60
H3,m84137_260214_004236_s1/68029169/ccs,0,22,2,12,184,CAA_interrupted,60
H3,m84137_260214_004236_s1/46075946/ccs,0,21,2,12,184,CAA_interrupted,60
H3,m84137_260214_004236_s1/152437016/ccs,0,21,1,13,185,CAA_interrupted,60
H3,m84137_260214_004236_s1/135659577/ccs,0,21,3,11,185,CAA_interrupted,60
H3,m84137_260214_004236_s1/213455904/ccs,0,22,2,12,185,CAA_interrupted,60
H3,m84137_260214_004236_s1/14878583/ccs,0,22,2,12,186,CAA_interrupted,60
H3,m84137_260214_004236_s1/133041938/ccs,0,23,2,11,186,CAA_interrupted,60
H3,m84137_260214_004236_s1/8130021/ccs,0,23,2,12,187,CAA_interrupted,60
H3,m84137_260214_004236_s1/159777947/ccs,0,23,2,12,187,CAA_interrupted,60
H3,m84137_260214_004236_s1/74061122/ccs,0,23,2,12,187,CAA_interrupted,60
H3,m84137_260214_004236_s1/254476544/ccs,0,23,2,12,187,CAA_interrupted,60
H3,m84137_260214_004236_s1/144704918/ccs,0,23,2,12,187,CAA_interrupted,60
H3,m84137_260214_004236_s1/103941909/ccs,0,23,2,12,187,CAA_interrupted,60
H3,m84137_260214_004236_s1/97389332/ccs,0,23,2,12,187,CAA_interrupted,60
H3,m84137_260214_004236_s1/145754691/ccs,0,23,2,12,187,CAA_interrupted,60
H3,m84137_260214_004236_s1/165546179/ccs,0,23,2,12,187,CAA_interrupted,60
H3,m84137_260214_004236_s1/221512331/ccs,0,23,2,12,187,CAA_interrupted,60
H3,m84137_260214_004236_s1/229638756/ccs,0,23,2,12,187,CAA_interrupted,60
H3,m84137_260214_004236_s1/84020660/ccs,0,23,2,12,187,CAA_interrupted,60
H3,m84137_260214_004236_s1/89984476/ccs,0,23,2,12,187,CAA_interrupted,60
H3,m84137_260214_004236_s1/177278051/ccs,0,23,2,12,187,CAA_interrupted,60
H3,m84137_260214_004236_s1/226430840/ccs,0,23,2,12,187,CAA_interrupted,60
H3,m84137_260214_004236_s1/80283783/ccs,0,23,2,12,187,CAA_interrupted,60
H3,m84137_260214_004236_s1/143000809/ccs,0,23,2,12,187,CAA_interrupted,60
H3,m84137_260214_004236_s1/190448951/ccs,0,23,2,12,187,CAA_interrupted,60
H3,m84137_260214_004236_s1/149620919/ccs,0,23,2,12,187,CAA_interrupted,60
H3,m84137_260214_004236_s1/209454645/ccs,0,23,2,12,187,CAA_interrupted,60
H3,m84137_260214_004236_s1/211879958/ccs,0,23,2,12,187,CAA_interrupted,60
H3,m84137_260214_004236_s1/207032564/ccs,0,23,2,12,187,CAA_interrupted,60
H3,m84137_260214_004236_s1/217910597/ccs,0,23,2,12,187,CAA_interrupted,60
H3,m84137_260214_004236_s1/180487049/ccs,0,23,2,12,187,CAA_interrupted,60
H3,m84137_260214_004236_s1/178130509/ccs,0,23,2,12,187,CAA_interrupted,60
H3,m84137_260214_004236_s1/45942252/ccs,0,23,2,12,187,CAA_interrupted,60
H3,m84137_260214_004236_s1/144379481/ccs,0,23,2,12,187,CAA_interrupted,60
H3,m84137_260214_004236_s1/169940652/ccs,0,23,2,12,187,CAA_interrupted,60
H3,m84137_260214_004236_s1/193134679/ccs,0,23,2,12,187,CAA_interrupted,60
H3,m84137_260214_004236_s1/193661722/ccs,0,23,2,12,187,CAA_interrupted,60
H3,m84137_260214_004236_s1/218563636/ccs,0,23,2,12,187,CAA_interrupted,60
H3,m84137_260214_004236_s1/197987031/ccs,0,23,2,12,187,CAA_interrupted,60
H3,m84137_260214_004236_s1/193855713/ccs,0,23,2,12,187,CAA_interrupted,60
H3,m84137_260214_004236_s1/201591322/ccs,0,23,2,12,187,CAA_interrupted,60
H3,m84137_260214_004236_s1/195102159/ccs,0,23,2,12,187,CAA_interrupted,60
H3,m84137_260214_004236_s1/178849736/ccs,0,23,2,12,187,CAA_interrupted,60
H3,m84137_260214_004236_s1/202638148/ccs,0,23,2,12,187,CAA_interrupted,60
H3,m84137_260214_004236_s1/200279718/ccs,0,23,2,12,187,CAA_interrupted,60
H3,m84137_260214_004236_s1/224134369/ccs,0,23,2,12,187,CAA_interrupted,60
H3,m84137_260214_004236_s1/224723345/ccs,0,23,2,12,187,CAA_interrupted,60
H3,m84137_260214_004236_s1/208732953/ccs,0,23,2,12,187,CAA_interrupted,60
H3,m84137_260214_004236_s1/209191120/ccs,0,23,2,12,187,CAA_interrupted,60
H3,m84137_260214_004236_s1/209192396/ccs,0,23,2,12,187,CAA_interrupted,60
H3,m84137_260214_004236_s1/222823818/ccs,0,23,2,12,187,CAA_interrupted,60
H3,m84137_260214_004236_s1/204802348/ccs,0,23,2,12,187,CAA_interrupted,60
H3,m84137_260214_004236_s1/210110220/ccs,0,23,2,12,187,CAA_interrupted,60
H3,m84137_260214_004236_s1/230032329/ccs,0,23,2,12,187,CAA_interrupted,60
H3,m84137_260214_004236_s1/204997067/ccs,0,23,2,12,187,CAA_interrupted,60
H3,m84137_260214_004236_s1/223347373/ccs,0,23,2,12,187,CAA_interrupted,60
H3,m84137_260214_004236_s1/230949066/ccs,0,23,2,12,187,CAA_interrupted,60
H3,m84137_260214_004236_s1/227281652/ccs,0,23,2,12,187,CAA_interrupted,60
H3,m84137_260214_004236_s1/211683084/ccs,0,23,2,12,187,CAA_interrupted,60
H3,m84137_260214_004236_s1/227607228/ccs,0,23,2,12,187,CAA_interrupted,60
H3,m84137_260214_004236_s1/206635692/ccs,0,23,2,12,187,CAA_interrupted,60
H3,m84137_260214_004236_s1/212141857/ccs,0,23,2,12,187,CAA_interrupted,60
H3,m84137_260214_004236_s1/232390930/ccs,0,23,2,12,187,CAA_interrupted,60
H3,m84137_260214_004236_s1/235471961/ccs,0,23,2,12,187,CAA_interrupted,60
H3,m84137_260214_004236_s1/215876545/ccs,0,23,2,12,187,CAA_interrupted,60
H3,m84137_260214_004236_s1/254937242/ccs,0,23,2,12,187,CAA_interrupted,60
H3,m84137_260214_004236_s1/258474897/ccs,0,23,2,12,187,CAA_interrupted,60
H3,m84137_260214_004236_s1/259132330/ccs,0,23,2,12,187,CAA_interrupted,60
H3,m84137_260214_004236_s1/242222046/ccs,0,23,2,12,187,CAA_interrupted,60
H3,m84137_260214_004236_s1/256117600/ccs,0,23,2,12,187,CAA_interrupted,60
H3,m84137_260214_004236_s1/256445406/ccs,0,23,2,12,187,CAA_interrupted,60
H3,m84137_260214_004236_s1/259852159/ccs,0,23,2,12,187,CAA_interrupted,60
H3,m84137_260214_004236_s1/263719166/ccs,0,23,2,12,187,CAA_interrupted,60
H3,m84137_260214_004236_s1/243600089/ccs,0,23,2,12,187,CAA_interrupted,60
H3,m84137_260214_004236_s1/16847414/ccs,0,23,2,12,187,CAA_interrupted,60
H3,m84137_260214_004236_s1/243795462/ccs,0,23,2,12,187,CAA_interrupted,60
H3,m84137_260214_004236_s1/260900519/ccs,0,23,2,12,187,CAA_interrupted,60
H3,m84137_260214_004236_s1/265225445/ccs,0,23,2,12,187,CAA_interrupted,60
H3,m84137_260214_004236_s1/265356731/ccs,0,23,2,12,187,CAA_interrupted,60
H3,m84137_260214_004236_s1/248119617/ccs,0,23,2,12,187,CAA_interrupted,60
H3,m84137_260214_004236_s1/265749665/ccs,0,23,2,12,187,CAA_interrupted,60
H3,m84137_260214_004236_s1/2297535/ccs,0,23,2,12,187,CAA_interrupted,60
H3,m84137_260214_004236_s1/22745897/ccs,0,23,2,12,187,CAA_interrupted,60
H3,m84137_260214_004236_s1/23139468/ccs,0,23,2,12,187,CAA_interrupted,60
H3,m84137_260214_004236_s1/23269495/ccs,0,23,2,12,187,CAA_interrupted,60
H3,m84137_260214_004236_s1/70388356/ccs,0,23,2,12,187,CAA_interrupted,60
H3,m84137_260214_004236_s1/95554079/ccs,0,23,2,12,187,CAA_interrupted,60
H3,m84137_260214_004236_s1/79039121/ccs,0,23,2,12,187,CAA_interrupted,60
H3,m84137_260214_004236_s1/71696624/ccs,0,23,2,12,187,CAA_interrupted,60
H3,m84137_260214_004236_s1/96535700/ccs,0,23,2,12,187,CAA_interrupted,60
H3,m84137_260214_004236_s1/87295811/ccs,0,23,2,12,187,CAA_interrupted,60
H3,m84137_260214_004236_s1/97190175/ccs,0,23,2,12,187,CAA_interrupted,60
H3,m84137_260214_004236_s1/87818442/ccs,0,23,2,12,187,CAA_interrupted,60
H3,m84137_260214_004236_s1/97453501/ccs,0,23,2,12,187,CAA_interrupted,60
H3,m84137_260214_004236_s1/76680084/ccs,0,23,2,12,187,CAA_interrupted,60
H3,m84137_260214_004236_s1/87951892/ccs,0,23,2,12,187,CAA_interrupted,60
H3,m84137_260214_004236_s1/94306471/ccs,0,23,2,12,187,CAA_interrupted,60
H3,m84137_260214_004236_s1/81133966/ccs,0,23,2,12,187,CAA_interrupted,60
H3,m84137_260214_004236_s1/101254822/ccs,0,23,2,12,187,CAA_interrupted,60
H3,m84137_260214_004236_s1/123207785/ccs,0,23,2,12,187,CAA_interrupted,60
H3,m84137_260214_004236_s1/99419303/ccs,0,23,2,12,187,CAA_interrupted,60
H3,m84137_260214_004236_s1/82314487/ccs,0,23,2,12,187,CAA_interrupted,60
H3,m84137_260214_004236_s1/100598427/ccs,0,23,2,12,187,CAA_interrupted,60
H3,m84137_260214_004236_s1/125241425/ccs,0,23,2,12,187,CAA_interrupted,60
H3,m84137_260214_004236_s1/104071969/ccs,0,23,2,12,187,CAA_interrupted,60
H3,m84137_260214_004236_s1/120719886/ccs,0,23,2,12,187,CAA_interrupted,60
H3,m84137_260214_004236_s1/125896821/ccs,0,23,2,12,187,CAA_interrupted,60
H3,m84137_260214_004236_s1/104728600/ccs,0,23,2,12,187,CAA_interrupted,60
H3,m84137_260214_004236_s1/130878407/ccs,0,23,2,12,187,CAA_interrupted,60
H3,m84137_260214_004236_s1/122751534/ccs,0,23,2,12,187,CAA_interrupted,60
H3,m84137_260214_004236_s1/110889659/ccs,0,23,2,12,187,CAA_interrupted,60
H3,m84137_260214_004236_s1/114034181/ccs,0,23,2,12,187,CAA_interrupted,60
H3,m84137_260214_004236_s1/127533162/ccs,0,23,2,12,187,CAA_interrupted,60
H3,m84137_260214_004236_s1/128058398/ccs,0,23,2,12,187,CAA_interrupted,60
H3,m84137_260214_004236_s1/127992156/ccs,0,23,2,12,187,CAA_interrupted,60
H3,m84137_260214_004236_s1/135465703/ccs,0,23,2,12,187,CAA_interrupted,60
H3,m84137_260214_004236_s1/132057096/ccs,0,23,2,12,187,CAA_interrupted,60
H3,m84137_260214_004236_s1/157157518/ccs,0,23,2,12,187,CAA_interrupted,60
H3,m84137_260214_004236_s1/115869321/ccs,0,23,2,12,187,CAA_interrupted,60
H3,m84137_260214_004236_s1/133433328/ccs,0,23,2,12,187,CAA_interrupted,60
H3,m84137_260214_004236_s1/158140829/ccs,0,23,2,12,187,CAA_interrupted,60
H3,m84137_260214_004236_s1/117309724/ccs,0,23,2,12,187,CAA_interrupted,60
H3,m84137_260214_004236_s1/162463778/ccs,0,23,2,12,187,CAA_interrupted,60
H3,m84137_260214_004236_s1/143394928/ccs,0,23,2,12,187,CAA_interrupted,60
H3,m84137_260214_004236_s1/143853397/ccs,0,23,2,12,187,CAA_interrupted,60
H3,m84137_260214_004236_s1/144703712/ccs,0,23,2,12,187,CAA_interrupted,60
H3,m84137_260214_004236_s1/169083043/ccs,0,23,2,12,187,CAA_interrupted,60
H3,m84137_260214_004236_s1/185925841/ccs,0,23,2,12,187,CAA_interrupted,60
H3,m84137_260214_004236_s1/186190145/ccs,0,23,2,12,187,CAA_interrupted,60
H3,m84137_260214_004236_s1/166921802/ccs,0,23,2,12,187,CAA_interrupted,60
H3,m84137_260214_004236_s1/186977019/ccs,0,23,2,12,187,CAA_interrupted,60
H3,m84137_260214_004236_s1/170459171/ccs,0,23,2,12,187,CAA_interrupted,60
H3,m84137_260214_004236_s1/150080393/ccs,0,23,2,12,187,CAA_interrupted,60
H3,m84137_260214_004236_s1/170920101/ccs,0,23,2,12,187,CAA_interrupted,60
H3,m84137_260214_004236_s1/24511542/ccs,0,23,2,12,187,CAA_interrupted,60
H3,m84137_260214_004236_s1/8128519/ccs,0,23,2,12,187,CAA_interrupted,60
H3,m84137_260214_004236_s1/13240891/ccs,0,23,2,12,187,CAA_interrupted,60
H3,m84137_260214_004236_s1/19531093/ccs,0,23,2,12,187,CAA_interrupted,60
H3,m84137_260214_004236_s1/30279895/ccs,0,23,2,12,187,CAA_interrupted,60
H3,m84137_260214_004236_s1/4850414/ccs,0,23,2,12,187,CAA_interrupted,60
H3,m84137_260214_004236_s1/20252204/ccs,0,23,2,12,187,CAA_interrupted,60
H3,m84137_260214_004236_s1/20513120/ccs,0,23,2,12,187,CAA_interrupted,60
H3,m84137_260214_004236_s1/5507976/ccs,0,23,2,12,187,CAA_interrupted,60
H3,m84137_260214_004236_s1/31459251/ccs,0,23,2,12,187,CAA_interrupted,60
H3,m84137_260214_004236_s1/15008063/ccs,0,23,2,12,187,CAA_interrupted,60
H3,m84137_260214_004236_s1/22283349/ccs,0,23,2,12,187,CAA_interrupted,60
H3,m84137_260214_004236_s1/22282435/ccs,0,23,2,12,187,CAA_interrupted,60
H3,m84137_260214_004236_s1/32377739/ccs,0,23,2,12,187,CAA_interrupted,60
H3,m84137_260214_004236_s1/56887120/ccs,0,23,2,12,187,CAA_interrupted,60
H3,m84137_260214_004236_s1/50725995/ccs,0,23,2,12,187,CAA_interrupted,60
H3,m84137_260214_004236_s1/35521103/ccs,0,23,2,12,187,CAA_interrupted,60
H3,m84137_260214_004236_s1/57215880/ccs,0,23,2,12,187,CAA_interrupted,60
H3,m84137_260214_004236_s1/57543395/ccs,0,23,2,12,187,CAA_interrupted,60
H3,m84137_260214_004236_s1/35916068/ccs,0,23,2,12,187,CAA_interrupted,60
H3,m84137_260214_004236_s1/36110618/ccs,0,23,2,12,187,CAA_interrupted,60
H3,m84137_260214_004236_s1/40240496/ccs,0,23,2,12,187,CAA_interrupted,60
H3,m84137_260214_004236_s1/40241240/ccs,0,23,2,12,187,CAA_interrupted,60
H3,m84137_260214_004236_s1/58130524/ccs,0,23,2,12,187,CAA_interrupted,60
H3,m84137_260214_004236_s1/36504635/ccs,0,23,2,12,187,CAA_interrupted,60
H3,m84137_260214_004236_s1/52364660/ccs,0,23,2,12,187,CAA_interrupted,60
H3,m84137_260214_004236_s1/45876575/ccs,0,23,2,12,187,CAA_interrupted,60
H3,m84137_260214_004236_s1/46137585/ccs,0,23,2,12,187,CAA_interrupted,60
H3,m84137_260214_004236_s1/38078824/ccs,0,23,2,12,187,CAA_interrupted,60
H3,m84137_260214_004236_s1/62784818/ccs,0,23,2,12,187,CAA_interrupted,60
H3,m84137_260214_004236_s1/42142063/ccs,0,23,2,12,187,CAA_interrupted,60
H3,m84137_260214_004236_s1/63113574/ccs,0,23,2,12,187,CAA_interrupted,60
H3,m84137_260214_004236_s1/53479824/ccs,0,23,2,12,187,CAA_interrupted,60
H3,m84137_260214_004236_s1/60228947/ccs,0,23,2,12,187,CAA_interrupted,60
H3,m84137_260214_004236_s1/42664016/ccs,0,23,2,12,187,CAA_interrupted,60
H3,m84137_260214_004236_s1/42861709/ccs,0,23,2,12,187,CAA_interrupted,60
H3,m84137_260214_004236_s1/54198819/ccs,0,23,2,12,187,CAA_interrupted,60
H3,m84137_260214_004236_s1/63505497/ccs,0,23,2,12,187,CAA_interrupted,60
H3,m84137_260214_004236_s1/63572601/ccs,0,23,2,12,187,CAA_interrupted,60
H3,m84137_260214_004236_s1/54395849/ccs,0,23,2,12,187,CAA_interrupted,60
H3,m84137_260214_004236_s1/55249359/ccs,0,23,2,12,187,CAA_interrupted,60
H3,m84137_260214_004236_s1/65341960/ccs,0,23,2,12,187,CAA_interrupted,60
H3,m84137_260214_004236_s1/73204185/ccs,0,23,2,12,187,CAA_interrupted,60
H3,m84137_260214_004236_s1/90703660/ccs,0,23,2,12,187,CAA_interrupted,60
H3,m84137_260214_004236_s1/83953901/ccs,0,23,2,12,187,CAA_interrupted,60
H3,m84137_260214_004236_s1/69075497/ccs,0,23,2,12,187,CAA_interrupted,60
H3,m84137_260214_004236_s1/66978433/ccs,0,23,2,12,187,CAA_interrupted,60
H3,m84137_260214_004236_s1/78577848/ccs,0,23,2,12,187,CAA_interrupted,60
H3,m84137_260214_004236_s1/78448633/ccs,0,23,2,12,187,CAA_interrupted,60
H3,m84137_260214_004236_s1/196544549/ccs,0,23,2,12,187,CAA_interrupted,60
H3,m84137_260214_004236_s1/235607282/ccs,0,23,2,12,187,CAA_interrupted,60
H3,m84137_260214_004236_s1/159255207/ccs,0,23,2,12,187,CAA_interrupted,60
H3,m84137_260214_004236_s1/190120097/ccs,0,23,2,12,187,CAA_interrupted,60
H3,m84137_260214_004236_s1/224920013/ccs,0,23,2,12,187,CAA_interrupted,60
H3,m84137_260214_004236_s1/83891199/ccs,0,23,2,12,187,CAA_interrupted,60
H3,m84137_260214_004236_s1/188024282/ccs,0,23,2,12,187,CAA_interrupted,60
H3,m84137_260214_004236_s1/106959851/ccs,0,23,2,12,187,CAA_interrupted,60
H3,m84137_260214_004236_s1/19139402/ccs,0,23,2,12,187,CAA_interrupted,60
H3,m84137_260214_004236_s1/34800756/ccs,0,23,2,12,187,CAA_interrupted,60
H3,m84137_260214_004236_s1/60687768/ccs,0,23,2,12,187,CAA_interrupted,60
H3,m84137_260214_004236_s1/55774159/ccs,0,23,2,12,187,CAA_interrupted,60
H3,m84137_260214_004236_s1/243599613/ccs,0,23,2,12,187,CAA_interrupted,60
H3,m84137_260214_004236_s1/246547311/ccs,0,23,2,12,187,CAA_interrupted,60
H3,m84137_260214_004236_s1/157684919/ccs,0,23,2,12,187,CAA_interrupted,60
H3,m84137_260214_004236_s1/232658105/ccs,0,23,2,12,187,CAA_interrupted,60
H3,m84137_260214_004236_s1/5835362/ccs,0,23,2,12,187,CAA_interrupted,60
H3,m84137_260214_004236_s1/17106710/ccs,0,23,2,12,187,CAA_interrupted,60
H3,m84137_260214_004236_s1/29296037/ccs,0,23,2,12,187,CAA_interrupted,60
H3,m84137_260214_004236_s1/13370623/ccs,0,23,2,12,187,CAA_interrupted,60
H3,m84137_260214_004236_s1/15532113/ccs,0,23,2,12,187,CAA_interrupted,60
H3,m84137_260214_004236_s1/44826965/ccs,0,23,2,12,187,CAA_interrupted,60
H3,m84137_260214_004236_s1/45090632/ccs,0,23,2,12,187,CAA_interrupted,60
H3,m84137_260214_004236_s1/36438168/ccs,0,23,2,12,187,CAA_interrupted,60
H3,m84137_260214_004236_s1/41550761/ccs,0,23,2,12,187,CAA_interrupted,60
H3,m84137_260214_004236_s1/63570591/ccs,0,23,2,12,187,CAA_interrupted,60
H3,m84137_260214_004236_s1/64359376/ccs,0,23,2,12,187,CAA_interrupted,60
H3,m84137_260214_004236_s1/73531570/ccs,0,23,2,12,187,CAA_interrupted,60
H3,m84137_260214_004236_s1/78381966/ccs,0,23,2,12,187,CAA_interrupted,60
H3,m84137_260214_004236_s1/71107867/ccs,0,23,2,12,187,CAA_interrupted,60
H3,m84137_260214_004236_s1/80414032/ccs,0,23,2,12,187,CAA_interrupted,60
H3,m84137_260214_004236_s1/77268987/ccs,0,23,2,12,187,CAA_interrupted,60
H3,m84137_260214_004236_s1/99420620/ccs,0,23,2,12,187,CAA_interrupted,60
H3,m84137_260214_004236_s1/121177183/ccs,0,23,2,12,187,CAA_interrupted,60
H3,m84137_260214_004236_s1/104793000/ccs,0,23,2,12,187,CAA_interrupted,60
H3,m84137_260214_004236_s1/109906294/ccs,0,23,2,12,187,CAA_interrupted,60
H3,m84137_260214_004236_s1/145490243/ccs,0,23,2,12,187,CAA_interrupted,60
H3,m84137_260214_004236_s1/159580725/ccs,0,23,2,12,187,CAA_interrupted,60
H3,m84137_260214_004236_s1/155912094/ccs,0,23,2,12,187,CAA_interrupted,60
H3,m84137_260214_004236_s1/169214972/ccs,0,23,2,12,187,CAA_interrupted,60
H3,m84137_260214_004236_s1/191694117/ccs,0,23,2,12,187,CAA_interrupted,60
H3,m84137_260214_004236_s1/196739899/ccs,0,23,2,12,187,CAA_interrupted,60
H3,m84137_260214_004236_s1/226560005/ccs,0,23,2,12,187,CAA_interrupted,60
H3,m84137_260214_004236_s1/231147241/ccs,0,23,2,12,187,CAA_interrupted,60
H3,m84137_260214_004236_s1/52629852/ccs,0,23,2,12,187,CAA_interrupted,60
H3,m84137_260214_004236_s1/53874309/ccs,0,23,2,12,187,CAA_interrupted,60
H3,m84137_260214_004236_s1/42472210/ccs,0,23,2,12,187,CAA_interrupted,60
H3,m84137_260214_004236_s1/70913214/ccs,0,23,2,12,187,CAA_interrupted,60
H3,m84137_260214_004236_s1/46403159/ccs,0,23,2,12,187,CAA_interrupted,60
H3,m84137_260214_004236_s1/77861970/ccs,0,23,2,12,187,CAA_interrupted,60
H3,m84137_260214_004236_s1/107613704/ccs,0,23,2,12,187,CAA_interrupted,60
H3,m84137_260214_004236_s1/108596366/ccs,0,23,2,12,187,CAA_interrupted,60
H3,m84137_260214_004236_s1/115413005/ccs,0,23,2,12,187,CAA_interrupted,60
H3,m84137_260214_004236_s1/144182769/ccs,0,23,2,12,187,CAA_interrupted,60
H3,m84137_260214_004236_s1/146805143/ccs,0,23,2,12,187,CAA_interrupted,60
H3,m84137_260214_004236_s1/166727751/ccs,0,23,2,12,187,CAA_interrupted,60
H3,m84137_260214_004236_s1/219158387/ccs,0,23,2,12,187,CAA_interrupted,60
H3,m84137_260214_004236_s1/223350169/ccs,0,23,2,12,187,CAA_interrupted,60
H3,m84137_260214_004236_s1/252513907/ccs,0,23,2,12,187,CAA_interrupted,60
H3,m84137_260214_004236_s1/232526161/ccs,0,23,2,12,187,CAA_interrupted,60
H3,m84137_260214_004236_s1/213454814/ccs,0,23,2,12,187,CAA_interrupted,60
H3,m84137_260214_004236_s1/237506788/ccs,0,23,2,12,187,CAA_interrupted,60
H3,m84137_260214_004236_s1/258149749/ccs,0,23,2,12,187,CAA_interrupted,60
H3,m84137_260214_004236_s1/22873100/ccs,0,23,2,12,187,CAA_interrupted,60
H3,m84137_260214_004236_s1/6554713/ccs,0,23,2,12,187,CAA_interrupted,60
H3,m84137_260214_004236_s1/18287299/ccs,0,23,2,12,187,CAA_interrupted,60
H3,m84137_260214_004236_s1/24117491/ccs,0,23,2,12,187,CAA_interrupted,60
H3,m84137_260214_004236_s1/23533397/ccs,0,23,2,12,187,CAA_interrupted,60
H3,m84137_260214_004236_s1/266930007/ccs,0,23,2,12,187,CAA_interrupted,60
H3,m84137_260214_004236_s1/4067602/ccs,0,23,2,12,187,CAA_interrupted,60
H3,m84137_260214_004236_s1/24122379/ccs,0,23,2,12,187,CAA_interrupted,60
H3,m84137_260214_004236_s1/24122406/ccs,0,23,2,12,187,CAA_interrupted,60
H3,m84137_260214_004236_s1/21171972/ccs,0,23,2,12,187,CAA_interrupted,60
H3,m84137_260214_004236_s1/6821500/ccs,0,23,2,12,187,CAA_interrupted,60
H3,m84137_260214_004236_s1/25236778/ccs,0,23,2,12,187,CAA_interrupted,60
H3,m84137_260214_004236_s1/33886124/ccs,0,23,2,12,187,CAA_interrupted,60
H3,m84137_260214_004236_s1/7738329/ccs,0,23,2,12,187,CAA_interrupted,60
H3,m84137_260214_004236_s1/25629661/ccs,0,23,2,12,187,CAA_interrupted,60
H3,m84137_260214_004236_s1/8197358/ccs,0,23,2,12,187,CAA_interrupted,60
H3,m84137_260214_004236_s1/29888222/ccs,0,23,2,12,187,CAA_interrupted,60
H3,m84137_260214_004236_s1/11474065/ccs,0,23,2,12,187,CAA_interrupted,60
H3,m84137_260214_004236_s1/26613223/ccs,0,23,2,12,187,CAA_interrupted,60
H3,m84137_260214_004236_s1/9440330/ccs,0,23,2,12,187,CAA_interrupted,60
H3,m84137_260214_004236_s1/31067525/ccs,0,23,2,12,187,CAA_interrupted,60
H3,m84137_260214_004236_s1/52104417/ccs,0,23,2,12,187,CAA_interrupted,60
H3,m84137_260214_004236_s1/32050794/ccs,0,23,2,12,187,CAA_interrupted,60
H3,m84137_260214_004236_s1/36768822/ccs,0,23,2,12,187,CAA_interrupted,60
H3,m84137_260214_004236_s1/13374145/ccs,0,23,2,12,187,CAA_interrupted,60
H3,m84137_260214_004236_s1/53677853/ccs,0,23,2,12,187,CAA_interrupted,60
H3,m84137_260214_004236_s1/33166889/ccs,0,23,2,12,187,CAA_interrupted,60
H3,m84137_260214_004236_s1/38866274/ccs,0,23,2,12,187,CAA_interrupted,60
H3,m84137_260214_004236_s1/41291086/ccs,0,23,2,12,187,CAA_interrupted,60
H3,m84137_260214_004236_s1/62000131/ccs,0,23,2,12,187,CAA_interrupted,60
H3,m84137_260214_004236_s1/62986068/ccs,0,23,2,12,187,CAA_interrupted,60
H3,m84137_260214_004236_s1/16256586/ccs,0,23,2,12,187,CAA_interrupted,60
H3,m84137_260214_004236_s1/45028051/ccs,0,23,2,12,187,CAA_interrupted,60
H3,m84137_260214_004236_s1/45093046/ccs,0,23,2,12,187,CAA_interrupted,60
H3,m84137_260214_004236_s1/66130555/ccs,0,23,2,12,187,CAA_interrupted,60
H3,m84137_260214_004236_s1/46272178/ccs,0,23,2,12,187,CAA_interrupted,60
H3,m84137_260214_004236_s1/87035571/ccs,0,23,2,12,187,CAA_interrupted,60
H3,m84137_260214_004236_s1/90049623/ccs,0,23,2,12,187,CAA_interrupted,60
H3,m84137_260214_004236_s1/71962742/ccs,0,23,2,12,187,CAA_interrupted,60
H3,m84137_260214_004236_s1/90181040/ccs,0,23,2,12,187,CAA_interrupted,60
H3,m84137_260214_004236_s1/72552573/ccs,0,23,2,12,187,CAA_interrupted,60
H3,m84137_260214_004236_s1/91231501/ccs,0,23,2,12,187,CAA_interrupted,60
H3,m84137_260214_004236_s1/95622743/ccs,0,23,2,12,187,CAA_interrupted,60
H3,m84137_260214_004236_s1/48434496/ccs,0,23,2,12,187,CAA_interrupted,60
H3,m84137_260214_004236_s1/89199360/ccs,0,23,2,12,187,CAA_interrupted,60
H3,m84137_260214_004236_s1/96343079/ccs,0,23,2,12,187,CAA_interrupted,60
H3,m84137_260214_004236_s1/96669128/ccs,0,23,2,12,187,CAA_interrupted,60
H3,m84137_260214_004236_s1/91952215/ccs,0,23,2,12,187,CAA_interrupted,60
H3,m84137_260214_004236_s1/97063765/ccs,0,23,2,12,187,CAA_interrupted,60
H3,m84137_260214_004236_s1/118166909/ccs,0,23,2,12,187,CAA_interrupted,60
H3,m84137_260214_004236_s1/49681351/ccs,0,23,2,12,187,CAA_interrupted,60
H3,m84137_260214_004236_s1/97654694/ccs,0,23,2,12,187,CAA_interrupted,60
H3,m84137_260214_004236_s1/98243761/ccs,0,23,2,12,187,CAA_interrupted,60
H3,m84137_260214_004236_s1/103092742/ccs,0,23,2,12,187,CAA_interrupted,60
H3,m84137_260214_004236_s1/78976619/ccs,0,23,2,12,187,CAA_interrupted,60
H3,m84137_260214_004236_s1/79499460/ccs,0,23,2,12,187,CAA_interrupted,60
H3,m84137_260214_004236_s1/99225607/ccs,0,23,2,12,187,CAA_interrupted,60
H3,m84137_260214_004236_s1/107548618/ccs,0,23,2,12,187,CAA_interrupted,60
H3,m84137_260214_004236_s1/108008276/ccs,0,23,2,12,187,CAA_interrupted,60
H3,m84137_260214_004236_s1/108533683/ccs,0,23,2,12,187,CAA_interrupted,60
H3,m84137_260214_004236_s1/129503344/ccs,0,23,2,12,187,CAA_interrupted,60
H3,m84137_260214_004236_s1/109712925/ccs,0,23,2,12,187,CAA_interrupted,60
H3,m84137_260214_004236_s1/127407234/ccs,0,23,2,12,187,CAA_interrupted,60
H3,m84137_260214_004236_s1/111021530/ccs,0,23,2,12,187,CAA_interrupted,60
H3,m84137_260214_004236_s1/128257481/ccs,0,23,2,12,187,CAA_interrupted,60
H3,m84137_260214_004236_s1/135728403/ccs,0,23,2,12,187,CAA_interrupted,60
H3,m84137_260214_004236_s1/135795089/ccs,0,23,2,12,187,CAA_interrupted,60
H3,m84137_260214_004236_s1/153685307/ccs,0,23,2,12,187,CAA_interrupted,60
H3,m84137_260214_004236_s1/157749301/ccs,0,23,2,12,187,CAA_interrupted,60
H3,m84137_260214_004236_s1/113840791/ccs,0,23,2,12,187,CAA_interrupted,60
H3,m84137_260214_004236_s1/154602689/ccs,0,23,2,12,187,CAA_interrupted,60
H3,m84137_260214_004236_s1/137956841/ccs,0,23,2,12,187,CAA_interrupted,60
H3,m84137_260214_004236_s1/156176178/ccs,0,23,2,12,187,CAA_interrupted,60
H3,m84137_260214_004236_s1/159780787/ccs,0,23,2,12,187,CAA_interrupted,60
H3,m84137_260214_004236_s1/143463890/ccs,0,23,2,12,187,CAA_interrupted,60
H3,m84137_260214_004236_s1/163646514/ccs,0,23,2,12,187,CAA_interrupted,60
H3,m84137_260214_004236_s1/163583849/ccs,0,23,2,12,187,CAA_interrupted,60
H3,m84137_260214_004236_s1/144512008/ccs,0,23,2,12,187,CAA_interrupted,60
H3,m84137_260214_004236_s1/185667559/ccs,0,23,2,12,187,CAA_interrupted,60
H3,m84137_260214_004236_s1/164695406/ccs,0,23,2,12,187,CAA_interrupted,60
H3,m84137_260214_004236_s1/161943401/ccs,0,23,2,12,187,CAA_interrupted,60
H3,m84137_260214_004236_s1/169348750/ccs,0,23,2,12,187,CAA_interrupted,60
H3,m84137_260214_004236_s1/169283842/ccs,0,23,2,12,187,CAA_interrupted,60
H3,m84137_260214_004236_s1/190715229/ccs,0,23,2,12,187,CAA_interrupted,60
H3,m84137_260214_004236_s1/166333713/ccs,0,23,2,12,187,CAA_interrupted,60
H3,m84137_260214_004236_s1/174855734/ccs,0,23,2,12,187,CAA_interrupted,60
H3,m84137_260214_004236_s1/147395155/ccs,0,23,2,12,187,CAA_interrupted,60
H3,m84137_260214_004236_s1/170136821/ccs,0,23,2,12,187,CAA_interrupted,60
H3,m84137_260214_004236_s1/191761702/ccs,0,23,2,12,187,CAA_interrupted,60
H3,m84137_260214_004236_s1/177083375/ccs,0,23,2,12,187,CAA_interrupted,60
H3,m84137_260214_004236_s1/171578911/ccs,0,23,2,12,187,CAA_interrupted,60
H3,m84137_260214_004236_s1/149359770/ccs,0,23,2,12,187,CAA_interrupted,60
H3,m84137_260214_004236_s1/196218042/ccs,0,23,2,12,187,CAA_interrupted,60
H3,m84137_260214_004236_s1/172822077/ccs,0,23,2,12,187,CAA_interrupted,60
H3,m84137_260214_004236_s1/178721057/ccs,0,23,2,12,187,CAA_interrupted,60
H3,m84137_260214_004236_s1/150214529/ccs,0,23,2,12,187,CAA_interrupted,60
H3,m84137_260214_004236_s1/219354643/ccs,0,23,2,12,187,CAA_interrupted,60
H3,m84137_260214_004236_s1/194581737/ccs,0,23,2,12,187,CAA_interrupted,60
H3,m84137_260214_004236_s1/194843455/ccs,0,23,2,12,187,CAA_interrupted,60
H3,m84137_260214_004236_s1/201854866/ccs,0,23,2,12,187,CAA_interrupted,60
H3,m84137_260214_004236_s1/179378001/ccs,0,23,2,12,187,CAA_interrupted,60
H3,m84137_260214_004236_s1/180033396/ccs,0,23,2,12,187,CAA_interrupted,60
H3,m84137_260214_004236_s1/224531258/ccs,0,23,2,12,187,CAA_interrupted,60
H3,m84137_260214_004236_s1/180948804/ccs,0,23,2,12,187,CAA_interrupted,60
H3,m84137_260214_004236_s1/199825109/ccs,0,23,2,12,187,CAA_interrupted,60
H3,m84137_260214_004236_s1/200020076/ccs,0,23,2,12,187,CAA_interrupted,60
H3,m84137_260214_004236_s1/225711502/ccs,0,23,2,12,187,CAA_interrupted,60
H3,m84137_260214_004236_s1/200740872/ccs,0,23,2,12,187,CAA_interrupted,60
H3,m84137_260214_004236_s1/205461316/ccs,0,23,2,12,187,CAA_interrupted,60
H3,m84137_260214_004236_s1/182652584/ccs,0,23,2,12,187,CAA_interrupted,60
H3,m84137_260214_004236_s1/229708634/ccs,0,23,2,12,187,CAA_interrupted,60
H3,m84137_260214_004236_s1/230362222/ccs,0,23,2,12,187,CAA_interrupted,60
H3,m84137_260214_004236_s1/183440924/ccs,0,23,2,12,187,CAA_interrupted,60
H3,m84137_260214_004236_s1/240457174/ccs,0,23,2,12,187,CAA_interrupted,60
H3,m84137_260214_004236_s1/235672959/ccs,0,23,2,12,187,CAA_interrupted,60
H3,m84137_260214_004236_s1/237245360/ccs,0,23,2,12,187,CAA_interrupted,60
H3,m84137_260214_004236_s1/258282893/ccs,0,23,2,12,187,CAA_interrupted,60
H3,m84137_260214_004236_s1/233117551/ccs,0,23,2,12,187,CAA_interrupted,60
H3,m84137_260214_004236_s1/233115633/ccs,0,23,2,12,187,CAA_interrupted,60
H3,m84137_260214_004236_s1/243275668/ccs,0,23,2,12,187,CAA_interrupted,60
H3,m84137_260214_004236_s1/243929204/ccs,0,23,2,12,187,CAA_interrupted,60
H3,m84137_260214_004236_s1/214502848/ccs,0,23,2,12,187,CAA_interrupted,60
H3,m84137_260214_004236_s1/256513634/ccs,0,23,2,12,187,CAA_interrupted,60
H3,m84137_260214_004236_s1/257232604/ccs,0,23,2,12,187,CAA_interrupted,60
H3,m84137_260214_004236_s1/244781644/ccs,0,23,2,12,187,CAA_interrupted,60
H3,m84137_260214_004236_s1/240259436/ccs,0,23,2,12,187,CAA_interrupted,60
H3,m84137_260214_004236_s1/263263897/ccs,0,23,2,12,187,CAA_interrupted,60
H3,m84137_260214_004236_s1/262410097/ccs,0,23,2,12,187,CAA_interrupted,60
H3,m84137_260214_004236_s1/265361156/ccs,0,23,2,12,187,CAA_interrupted,60
H3,m84137_260214_004236_s1/247535184/ccs,0,23,2,12,187,CAA_interrupted,60
H3,m84137_260214_004236_s1/249500155/ccs,0,23,2,12,187,CAA_interrupted,60
H3,m84137_260214_004236_s1/12388249/ccs,0,23,2,12,187,CAA_interrupted,60
H3,m84137_260214_004236_s1/8850205/ccs,0,23,2,12,187,CAA_interrupted,60
H3,m84137_260214_004236_s1/50726486/ccs,0,23,2,12,187,CAA_interrupted,60
H3,m84137_260214_004236_s1/60687842/ccs,0,23,2,12,187,CAA_interrupted,60
H3,m84137_260214_004236_s1/65471307/ccs,0,23,2,12,187,CAA_interrupted,60
H3,m84137_260214_004236_s1/86706198/ccs,0,23,2,12,187,CAA_interrupted,60
H3,m84137_260214_004236_s1/103678971/ccs,0,23,2,12,187,CAA_interrupted,60
H3,m84137_260214_004236_s1/145621485/ccs,0,23,2,12,187,CAA_interrupted,60
H3,m84137_260214_004236_s1/142737559/ccs,0,23,2,12,187,CAA_interrupted,60
H3,m84137_260214_004236_s1/161483311/ccs,0,23,2,12,187,CAA_interrupted,60
H3,m84137_260214_004236_s1/254610126/ccs,0,23,2,12,187,CAA_interrupted,60
H3,m84137_260214_004236_s1/217254382/ccs,0,23,2,12,187,CAA_interrupted,60
H3,m84137_260214_004236_s1/218039148/ccs,0,23,2,12,187,CAA_interrupted,60
H3,m84137_260214_004236_s1/70324392/ccs,0,23,2,12,187,CAA_interrupted,60
H3,m84137_260214_004236_s1/96604138/ccs,0,23,2,12,187,CAA_interrupted,60
H3,m84137_260214_004236_s1/122884259/ccs,0,23,2,12,187,CAA_interrupted,60
H3,m84137_260214_004236_s1/187370934/ccs,0,23,2,12,187,CAA_interrupted,60
H3,m84137_260214_004236_s1/196021610/ccs,0,23,2,12,187,CAA_interrupted,60
H3,m84137_260214_004236_s1/237702752/ccs,0,23,2,12,187,CAA_interrupted,60
H3,m84137_260214_004236_s1/247797479/ccs,0,23,2,12,187,CAA_interrupted,60
H3,m84137_260214_004236_s1/184947633/ccs,0,23,2,12,187,CAA_interrupted,60
H3,m84137_260214_004236_s1/66457730/ccs,0,23,2,12,187,CAA_interrupted,60
H3,m84137_260214_004236_s1/55511169/ccs,0,23,2,12,187,CAA_interrupted,60
H3,m84137_260214_004236_s1/150866591/ccs,0,23,2,12,187,CAA_interrupted,60
H3,m84137_260214_004236_s1/154206815/ccs,0,23,2,12,187,CAA_interrupted,60
H3,m84137_260214_004236_s1/185272526/ccs,0,23,2,12,187,CAA_interrupted,60
H3,m84137_260214_004236_s1/195100987/ccs,0,23,2,12,187,CAA_interrupted,60
H3,m84137_260214_004236_s1/195431206/ccs,0,23,2,12,187,CAA_interrupted,60
H3,m84137_260214_004236_s1/220988051/ccs,0,23,2,12,187,CAA_interrupted,60
H3,m84137_260214_004236_s1/183436972/ccs,0,23,2,12,187,CAA_interrupted,60
H3,m84137_260214_004236_s1/251723960/ccs,0,23,2,12,187,CAA_interrupted,60
H3,m84137_260214_004236_s1/230884509/ccs,0,23,2,12,187,CAA_interrupted,60
H3,m84137_260214_004236_s1/254609249/ccs,0,23,2,12,187,CAA_interrupted,60
H3,m84137_260214_004236_s1/241240648/ccs,0,23,2,12,187,CAA_interrupted,60
H3,m84137_260214_004236_s1/242418601/ccs,0,23,2,12,187,CAA_interrupted,60
H3,m84137_260214_004236_s1/19141680/ccs,0,23,2,12,187,CAA_interrupted,60
H3,m84137_260214_004236_s1/24450611/ccs,0,23,2,12,187,CAA_interrupted,60
H3,m84137_260214_004236_s1/84874517/ccs,0,23,2,12,187,CAA_interrupted,60
H3,m84137_260214_004236_s1/65277418/ccs,0,23,2,12,187,CAA_interrupted,60
H3,m84137_260214_004236_s1/44372039/ccs,0,23,2,12,187,CAA_interrupted,60
H3,m84137_260214_004236_s1/66326885/ccs,0,23,2,12,187,CAA_interrupted,60
H3,m84137_260214_004236_s1/131666997/ccs,0,23,2,12,187,CAA_interrupted,60
H3,m84137_260214_004236_s1/154864768/ccs,0,23,2,12,187,CAA_interrupted,60
H3,m84137_260214_004236_s1/176494180/ccs,0,23,2,12,187,CAA_interrupted,60
H3,m84137_260214_004236_s1/201594170/ccs,0,23,2,12,187,CAA_interrupted,60
H3,m84137_260214_004236_s1/203101770/ccs,0,23,2,12,187,CAA_interrupted,60
H3,m84137_260214_004236_s1/211749889/ccs,0,23,2,12,187,CAA_interrupted,60
H3,m84137_260214_004236_s1/206705922/ccs,0,23,2,12,187,CAA_interrupted,60
H3,m84137_260214_004236_s1/255463706/ccs,0,23,2,12,187,CAA_interrupted,60
H3,m84137_260214_004236_s1/255922106/ccs,0,23,2,12,187,CAA_interrupted,60
H3,m84137_260214_004236_s1/244911169/ccs,0,23,2,12,187,CAA_interrupted,60
H3,m84137_260214_004236_s1/2294462/ccs,0,23,2,12,187,CAA_interrupted,60
H3,m84137_260214_004236_s1/3081911/ccs,0,23,2,12,187,CAA_interrupted,60
H3,m84137_260214_004236_s1/2885366/ccs,0,23,2,12,187,CAA_interrupted,60
H3,m84137_260214_004236_s1/7538801/ccs,0,23,2,12,187,CAA_interrupted,60
H3,m84137_260214_004236_s1/3541461/ccs,0,23,2,12,187,CAA_interrupted,60
H3,m84137_260214_004236_s1/19530975/ccs,0,23,2,12,187,CAA_interrupted,60
H3,m84137_260214_004236_s1/5376766/ccs,0,23,2,12,187,CAA_interrupted,60
H3,m84137_260214_004236_s1/27723038/ccs,0,23,2,12,187,CAA_interrupted,60
H3,m84137_260214_004236_s1/34539490/ccs,0,23,2,12,187,CAA_interrupted,60
H3,m84137_260214_004236_s1/34932598/ccs,0,23,2,12,187,CAA_interrupted,60
H3,m84137_260214_004236_s1/15664166/ccs,0,23,2,12,187,CAA_interrupted,60
H3,m84137_260214_004236_s1/35521354/ccs,0,23,2,12,187,CAA_interrupted,60
H3,m84137_260214_004236_s1/61671389/ccs,0,23,2,12,187,CAA_interrupted,60
H3,m84137_260214_004236_s1/51773787/ccs,0,23,2,12,187,CAA_interrupted,60
H3,m84137_260214_004236_s1/36703081/ccs,0,23,2,12,187,CAA_interrupted,60
H3,m84137_260214_004236_s1/37882043/ccs,0,23,2,12,187,CAA_interrupted,60
H3,m84137_260214_004236_s1/53477793/ccs,0,23,2,12,187,CAA_interrupted,60
H3,m84137_260214_004236_s1/62915164/ccs,0,23,2,12,187,CAA_interrupted,60
H3,m84137_260214_004236_s1/42860946/ccs,0,23,2,12,187,CAA_interrupted,60
H3,m84137_260214_004236_s1/63768170/ccs,0,23,2,12,187,CAA_interrupted,60
H3,m84137_260214_004236_s1/222167075/ccs,0,23,2,12,187,CAA_interrupted,60
H3,m84137_260214_004236_s1/43454889/ccs,0,23,2,12,187,CAA_interrupted,60
H3,m84137_260214_004236_s1/6882058/ccs,0,23,2,12,187,CAA_interrupted,60
H3,m84137_260214_004236_s1/60031960/ccs,0,23,2,12,187,CAA_interrupted,60
H3,m84137_260214_004236_s1/82777203/ccs,0,23,2,12,187,CAA_interrupted,60
H3,m84137_260214_004236_s1/115935001/ccs,0,23,2,12,187,CAA_interrupted,60
H3,m84137_260214_004236_s1/157747466/ccs,0,23,2,12,187,CAA_interrupted,60
H3,m84137_260214_004236_s1/153945022/ccs,0,23,2,12,187,CAA_interrupted,60
H3,m84137_260214_004236_s1/154273465/ccs,0,23,2,12,187,CAA_interrupted,60
H3,m84137_260214_004236_s1/162269045/ccs,0,23,2,12,187,CAA_interrupted,60
H3,m84137_260214_004236_s1/163120422/ccs,0,23,2,12,187,CAA_interrupted,60
H3,m84137_260214_004236_s1/156173518/ccs,0,23,2,12,187,CAA_interrupted,60
H3,m84137_260214_004236_s1/156303498/ccs,0,23,2,12,187,CAA_interrupted,60
H3,m84137_260214_004236_s1/164562644/ccs,0,23,2,12,187,CAA_interrupted,60
H3,m84137_260214_004236_s1/147063024/ccs,0,23,2,12,187,CAA_interrupted,60
H3,m84137_260214_004236_s1/168166172/ccs,0,23,2,12,187,CAA_interrupted,60
H3,m84137_260214_004236_s1/147653615/ccs,0,23,2,12,187,CAA_interrupted,60
H3,m84137_260214_004236_s1/165809066/ccs,0,23,2,12,187,CAA_interrupted,60
H3,m84137_260214_004236_s1/190122810/ccs,0,23,2,12,187,CAA_interrupted,60
H3,m84137_260214_004236_s1/169476288/ccs,0,23,2,12,187,CAA_interrupted,60
H3,m84137_260214_004236_s1/167512484/ccs,0,23,2,12,187,CAA_interrupted,60
H3,m84137_260214_004236_s1/187631869/ccs,0,23,2,12,187,CAA_interrupted,60
H3,m84137_260214_004236_s1/188024946/ccs,0,23,2,12,187,CAA_interrupted,60
H3,m84137_260214_004236_s1/188286745/ccs,0,23,2,12,187,CAA_interrupted,60
H3,m84137_260214_004236_s1/189269726/ccs,0,23,2,12,187,CAA_interrupted,60
H3,m84137_260214_004236_s1/192414871/ccs,0,23,2,12,187,CAA_interrupted,60
H3,m84137_260214_004236_s1/171966608/ccs,0,23,2,12,187,CAA_interrupted,60
H3,m84137_260214_004236_s1/172229527/ccs,0,23,2,12,187,CAA_interrupted,60
H3,m84137_260214_004236_s1/197395649/ccs,0,23,2,12,187,CAA_interrupted,60
H3,m84137_260214_004236_s1/172230889/ccs,0,23,2,12,187,CAA_interrupted,60
H3,m84137_260214_004236_s1/176753445/ccs,0,23,2,12,187,CAA_interrupted,60
H3,m84137_260214_004236_s1/197788271/ccs,0,23,2,12,187,CAA_interrupted,60
H3,m84137_260214_004236_s1/179766630/ccs,0,23,2,12,187,CAA_interrupted,60
H3,m84137_260214_004236_s1/197985064/ccs,0,23,2,12,187,CAA_interrupted,60
H3,m84137_260214_004236_s1/177341613/ccs,0,23,2,12,187,CAA_interrupted,60
H3,m84137_260214_004236_s1/194315841/ccs,0,23,2,12,187,CAA_interrupted,60
H3,m84137_260214_004236_s1/177931716/ccs,0,23,2,12,187,CAA_interrupted,60
H3,m84137_260214_004236_s1/180289948/ccs,0,23,2,12,187,CAA_interrupted,60
H3,m84137_260214_004236_s1/219021481/ccs,0,23,2,12,187,CAA_interrupted,60
H3,m84137_260214_004236_s1/180750409/ccs,0,23,2,12,187,CAA_interrupted,60
H3,m84137_260214_004236_s1/201722229/ccs,0,23,2,12,187,CAA_interrupted,60
H3,m84137_260214_004236_s1/202048485/ccs,0,23,2,12,187,CAA_interrupted,60
H3,m84137_260214_004236_s1/181734087/ccs,0,23,2,12,187,CAA_interrupted,60
H3,m84137_260214_004236_s1/221118933/ccs,0,23,2,12,187,CAA_interrupted,60
H3,m84137_260214_004236_s1/224331248/ccs,0,23,2,12,187,CAA_interrupted,60
H3,m84137_260214_004236_s1/221578117/ccs,0,23,2,12,187,CAA_interrupted,60
H3,m84137_260214_004236_s1/224789887/ccs,0,23,2,12,187,CAA_interrupted,60
H3,m84137_260214_004236_s1/183435768/ccs,0,23,2,12,187,CAA_interrupted,60
H3,m84137_260214_004236_s1/183961641/ccs,0,23,2,12,187,CAA_interrupted,60
H3,m84137_260214_004236_s1/230097777/ccs,0,23,2,12,187,CAA_interrupted,60
H3,m84137_260214_004236_s1/226232936/ccs,0,23,2,12,187,CAA_interrupted,60
H3,m84137_260214_004236_s1/230294073/ccs,0,23,2,12,187,CAA_interrupted,60
H3,m84137_260214_004236_s1/230491223/ccs,0,23,2,12,187,CAA_interrupted,60
H3,m84137_260214_004236_s1/227017869/ccs,0,23,2,12,187,CAA_interrupted,60
H3,m84137_260214_004236_s1/205981207/ccs,0,23,2,12,187,CAA_interrupted,60
H3,m84137_260214_004236_s1/213846354/ccs,0,23,2,12,187,CAA_interrupted,60
H3,m84137_260214_004236_s1/233179928/ccs,0,23,2,12,187,CAA_interrupted,60
H3,m84137_260214_004236_s1/215352545/ccs,0,23,2,12,187,CAA_interrupted,60
H3,m84137_260214_004236_s1/241042293/ccs,0,23,2,12,187,CAA_interrupted,60
H3,m84137_260214_004236_s1/254410888/ccs,0,23,2,12,187,CAA_interrupted,60
H3,m84137_260214_004236_s1/257754375/ccs,0,23,2,12,187,CAA_interrupted,60
H3,m84137_260214_004236_s1/241500450/ccs,0,23,2,12,187,CAA_interrupted,60
H3,m84137_260214_004236_s1/258671712/ccs,0,23,2,12,187,CAA_interrupted,60
H3,m84137_260214_004236_s1/258736195/ccs,0,23,2,12,187,CAA_interrupted,60
H3,m84137_260214_004236_s1/217187205/ccs,0,23,2,12,187,CAA_interrupted,60
H3,m84137_260214_004236_s1/260178114/ccs,0,23,2,12,187,CAA_interrupted,60
H3,m84137_260214_004236_s1/239208620/ccs,0,23,2,12,187,CAA_interrupted,60
H3,m84137_260214_004236_s1/239862971/ccs,0,23,2,12,187,CAA_interrupted,60
H3,m84137_260214_004236_s1/245696140/ccs,0,23,2,12,187,CAA_interrupted,60
H3,m84137_260214_004236_s1/265881692/ccs,0,23,2,12,187,CAA_interrupted,60
H3,m84137_260214_004236_s1/18550498/ccs,0,23,2,12,187,CAA_interrupted,60
H3,m84137_260214_004236_s1/19273350/ccs,0,23,2,12,187,CAA_interrupted,60
H3,m84137_260214_004236_s1/19207420/ccs,0,23,2,12,187,CAA_interrupted,60
H3,m84137_260214_004236_s1/24121564/ccs,0,23,2,12,187,CAA_interrupted,60
H3,m84137_260214_004236_s1/28447570/ccs,0,23,2,12,187,CAA_interrupted,60
H3,m84137_260214_004236_s1/28774524/ccs,0,23,2,12,187,CAA_interrupted,60
H3,m84137_260214_004236_s1/22025243/ccs,0,23,2,12,187,CAA_interrupted,60
H3,m84137_260214_004236_s1/251528017/ccs,0,23,2,12,187,CAA_interrupted,60
H3,m84137_260214_004236_s1/34608621/ccs,0,23,2,12,187,CAA_interrupted,60
H3,m84137_260214_004236_s1/27202308/ccs,0,23,2,12,187,CAA_interrupted,60
H3,m84137_260214_004236_s1/30216271/ccs,0,23,2,12,187,CAA_interrupted,60
H3,m84137_260214_004236_s1/51842087/ccs,0,23,2,12,187,CAA_interrupted,60
H3,m84137_260214_004236_s1/12194406/ccs,0,23,2,12,187,CAA_interrupted,60
H3,m84137_260214_004236_s1/10620043/ccs,0,23,2,12,187,CAA_interrupted,60
H3,m84137_260214_004236_s1/31854598/ccs,0,23,2,12,187,CAA_interrupted,60
H3,m84137_260214_004236_s1/12784875/ccs,0,23,2,12,187,CAA_interrupted,60
H3,m84137_260214_004236_s1/39326757/ccs,0,23,2,12,187,CAA_interrupted,60
H3,m84137_260214_004236_s1/53220251/ccs,0,23,2,12,187,CAA_interrupted,60
H3,m84137_260214_004236_s1/37033883/ccs,0,23,2,12,187,CAA_interrupted,60
H3,m84137_260214_004236_s1/37754452/ccs,0,23,2,12,187,CAA_interrupted,60
H3,m84137_260214_004236_s1/37754175/ccs,0,23,2,12,187,CAA_interrupted,60
H3,m84137_260214_004236_s1/38015769/ccs,0,23,2,12,187,CAA_interrupted,60
H3,m84137_260214_004236_s1/38342013/ccs,0,23,2,12,187,CAA_interrupted,60
H3,m84137_260214_004236_s1/38408797/ccs,0,23,2,12,187,CAA_interrupted,60
H3,m84137_260214_004236_s1/54399235/ccs,0,23,2,12,187,CAA_interrupted,60
H3,m84137_260214_004236_s1/54201618/ccs,0,23,2,12,187,CAA_interrupted,60
H3,m84137_260214_004236_s1/14028782/ccs,0,23,2,12,187,CAA_interrupted,60
H3,m84137_260214_004236_s1/61804003/ccs,0,23,2,12,187,CAA_interrupted,60
H3,m84137_260214_004236_s1/55119001/ccs,0,23,2,12,187,CAA_interrupted,60
H3,m84137_260214_004236_s1/41293584/ccs,0,23,2,12,187,CAA_interrupted,60
H3,m84137_260214_004236_s1/62590811/ccs,0,23,2,12,187,CAA_interrupted,60
H3,m84137_260214_004236_s1/62723744/ccs,0,23,2,12,187,CAA_interrupted,60
H3,m84137_260214_004236_s1/42602915/ccs,0,23,2,12,187,CAA_interrupted,60
H3,m84137_260214_004236_s1/59838220/ccs,0,23,2,12,187,CAA_interrupted,60
H3,m84137_260214_004236_s1/48172029/ccs,0,23,2,12,187,CAA_interrupted,60
H3,m84137_260214_004236_s1/149163462/ccs,0,23,2,12,187,CAA_interrupted,60
H3,m84137_260214_004236_s1/254018289/ccs,0,23,2,12,187,CAA_interrupted,60
H3,m84137_260214_004236_s1/237241954/ccs,0,23,2,12,187,CAA_interrupted,60
H3,m84137_260214_004236_s1/174785400/ccs,0,23,2,12,187,CAA_interrupted,60
H3,m84137_260214_004236_s1/243466426/ccs,0,23,2,12,187,CAA_interrupted,60
H3,m84137_260214_004236_s1/23073869/ccs,0,23,2,12,187,CAA_interrupted,60
H3,m84137_260214_004236_s1/16192174/ccs,0,23,2,12,187,CAA_interrupted,60
H3,m84137_260214_004236_s1/128194487/ccs,0,23,2,12,187,CAA_interrupted,60
H3,m84137_260214_004236_s1/182652049/ccs,0,23,2,12,187,CAA_interrupted,60
H3,m84137_260214_004236_s1/13895181/ccs,0,23,2,12,187,CAA_interrupted,60
H3,m84137_260214_004236_s1/10879597/ccs,0,23,2,12,187,CAA_interrupted,60
H3,m84137_260214_004236_s1/35062091/ccs,0,23,2,12,187,CAA_interrupted,60
H3,m84137_260214_004236_s1/35979846/ccs,0,23,2,12,187,CAA_interrupted,60
H3,m84137_260214_004236_s1/36833385/ccs,0,23,2,12,187,CAA_interrupted,60
H3,m84137_260214_004236_s1/46268750/ccs,0,23,2,12,187,CAA_interrupted,60
H3,m84137_260214_004236_s1/75826425/ccs,0,23,2,12,187,CAA_interrupted,60
H3,m84137_260214_004236_s1/118228198/ccs,0,23,2,12,187,CAA_interrupted,60
H3,m84137_260214_004236_s1/128713017/ccs,0,23,2,12,187,CAA_interrupted,60
H3,m84137_260214_004236_s1/105119906/ccs,0,23,2,12,187,CAA_interrupted,60
H3,m84137_260214_004236_s1/131599111/ccs,0,23,2,12,187,CAA_interrupted,60
H3,m84137_260214_004236_s1/156697376/ccs,0,23,2,12,187,CAA_interrupted,60
H3,m84137_260214_004236_s1/157288870/ccs,0,23,2,12,187,CAA_interrupted,60
H3,m84137_260214_004236_s1/48105523/ccs,0,23,2,12,187,CAA_interrupted,60
H3,m84137_260214_004236_s1/61473487/ccs,0,23,2,12,187,CAA_interrupted,60
H3,m84137_260214_004236_s1/67570594/ccs,0,23,2,12,187,CAA_interrupted,60
H3,m84137_260214_004236_s1/67634126/ccs,0,23,2,12,187,CAA_interrupted,60
H3,m84137_260214_004236_s1/48301866/ccs,0,23,2,12,187,CAA_interrupted,60
H3,m84137_260214_004236_s1/44434846/ccs,0,23,2,12,187,CAA_interrupted,60
H3,m84137_260214_004236_s1/64817299/ccs,0,23,2,12,187,CAA_interrupted,60
H3,m84137_260214_004236_s1/65077447/ccs,0,23,2,12,187,CAA_interrupted,60
H3,m84137_260214_004236_s1/90571528/ccs,0,23,2,12,187,CAA_interrupted,60
H3,m84137_260214_004236_s1/49351056/ccs,0,23,2,12,187,CAA_interrupted,60
H3,m84137_260214_004236_s1/66128028/ccs,0,23,2,12,187,CAA_interrupted,60
H3,m84137_260214_004236_s1/74516796/ccs,0,23,2,12,187,CAA_interrupted,60
H3,m84137_260214_004236_s1/74384972/ccs,0,23,2,12,187,CAA_interrupted,60
H3,m84137_260214_004236_s1/95552799/ccs,0,23,2,12,187,CAA_interrupted,60
H3,m84137_260214_004236_s1/71107395/ccs,0,23,2,12,187,CAA_interrupted,60
H3,m84137_260214_004236_s1/75498740/ccs,0,23,2,12,187,CAA_interrupted,60
H3,m84137_260214_004236_s1/76023470/ccs,0,23,2,12,187,CAA_interrupted,60
H3,m84137_260214_004236_s1/86770602/ccs,0,23,2,12,187,CAA_interrupted,60
H3,m84137_260214_004236_s1/94177135/ccs,0,23,2,12,187,CAA_interrupted,60
H3,m84137_260214_004236_s1/81593105/ccs,0,23,2,12,187,CAA_interrupted,60
H3,m84137_260214_004236_s1/123210571/ccs,0,23,2,12,187,CAA_interrupted,60
H3,m84137_260214_004236_s1/118361057/ccs,0,23,2,12,187,CAA_interrupted,60
H3,m84137_260214_004236_s1/118688536/ccs,0,23,2,12,187,CAA_interrupted,60
H3,m84137_260214_004236_s1/83625718/ccs,0,23,2,12,187,CAA_interrupted,60
H3,m84137_260214_004236_s1/119540583/ccs,0,23,2,12,187,CAA_interrupted,60
H3,m84137_260214_004236_s1/103483541/ccs,0,23,2,12,187,CAA_interrupted,60
H3,m84137_260214_004236_s1/124715458/ccs,0,23,2,12,187,CAA_interrupted,60
H3,m84137_260214_004236_s1/112528051/ccs,0,23,2,12,187,CAA_interrupted,60
H3,m84137_260214_004236_s1/112853464/ccs,0,23,2,12,187,CAA_interrupted,60
H3,m84137_260214_004236_s1/104792938/ccs,0,23,2,12,187,CAA_interrupted,60
H3,m84137_260214_004236_s1/105057105/ccs,0,23,2,12,187,CAA_interrupted,60
H3,m84137_260214_004236_s1/109903952/ccs,0,23,2,12,187,CAA_interrupted,60
H3,m84137_260214_004236_s1/110036888/ccs,0,23,2,12,187,CAA_interrupted,60
H3,m84137_260214_004236_s1/126812512/ccs,0,23,2,12,187,CAA_interrupted,60
H3,m84137_260214_004236_s1/113641892/ccs,0,23,2,12,187,CAA_interrupted,60
H3,m84137_260214_004236_s1/150997402/ccs,0,23,2,12,187,CAA_interrupted,60
H3,m84137_260214_004236_s1/114361058/ccs,0,23,2,12,187,CAA_interrupted,60
H3,m84137_260214_004236_s1/135201587/ccs,0,23,2,12,187,CAA_interrupted,60
H3,m84137_260214_004236_s1/151847075/ccs,0,23,2,12,187,CAA_interrupted,60
H3,m84137_260214_004236_s1/131925350/ccs,0,23,2,12,187,CAA_interrupted,60
H3,m84137_260214_004236_s1/131991921/ccs,0,23,2,12,187,CAA_interrupted,60
H3,m84137_260214_004236_s1/132056902/ccs,0,23,2,12,187,CAA_interrupted,60
H3,m84137_260214_004236_s1/156893389/ccs,0,23,2,12,187,CAA_interrupted,60
H3,m84137_260214_004236_s1/136578353/ccs,0,23,2,12,187,CAA_interrupted,60
H3,m84137_260214_004236_s1/136839808/ccs,0,23,2,12,187,CAA_interrupted,60
H3,m84137_260214_004236_s1/115869439/ccs,0,23,2,12,187,CAA_interrupted,60
H3,m84137_260214_004236_s1/115868656/ccs,0,23,2,12,187,CAA_interrupted,60
H3,m84137_260214_004236_s1/115935037/ccs,0,23,2,12,187,CAA_interrupted,60
H3,m84137_260214_004236_s1/45159419/ccs,0,23,2,12,187,CAA_interrupted,60
H3,m84137_260214_004236_s1/66129006/ccs,0,23,2,12,187,CAA_interrupted,60
H3,m84137_260214_004236_s1/46404101/ccs,0,23,2,12,187,CAA_interrupted,60
H3,m84137_260214_004236_s1/86380454/ccs,0,23,2,12,187,CAA_interrupted,60
H3,m84137_260214_004236_s1/90181448/ccs,0,23,2,12,187,CAA_interrupted,60
H3,m84137_260214_004236_s1/67047451/ccs,0,23,2,12,187,CAA_interrupted,60
H3,m84137_260214_004236_s1/72160663/ccs,0,23,2,12,187,CAA_interrupted,60
H3,m84137_260214_004236_s1/92344417/ccs,0,23,2,12,187,CAA_interrupted,60
H3,m84137_260214_004236_s1/117643091/ccs,0,23,2,12,187,CAA_interrupted,60
H3,m84137_260214_004236_s1/92736525/ccs,0,23,2,12,187,CAA_interrupted,60
H3,m84137_260214_004236_s1/92608387/ccs,0,23,2,12,187,CAA_interrupted,60
H3,m84137_260214_004236_s1/97587724/ccs,0,23,2,12,187,CAA_interrupted,60
H3,m84137_260214_004236_s1/118492164/ccs,0,23,2,12,187,CAA_interrupted,60
H3,m84137_260214_004236_s1/103552661/ccs,0,23,2,12,187,CAA_interrupted,60
H3,m84137_260214_004236_s1/104993125/ccs,0,23,2,12,187,CAA_interrupted,60
H3,m84137_260214_004236_s1/151065898/ccs,0,23,2,12,187,CAA_interrupted,60
H3,m84137_260214_004236_s1/135007310/ccs,0,23,2,12,187,CAA_interrupted,60
H3,m84137_260214_004236_s1/135335532/ccs,0,23,2,12,187,CAA_interrupted,60
H3,m84137_260214_004236_s1/137500370/ccs,0,23,2,12,187,CAA_interrupted,60
H3,m84137_260214_004236_s1/141104684/ccs,0,23,2,12,187,CAA_interrupted,60
H3,m84137_260214_004236_s1/141823778/ccs,0,23,2,12,187,CAA_interrupted,60
H3,m84137_260214_004236_s1/156110164/ccs,0,23,2,12,187,CAA_interrupted,60
H3,m84137_260214_004236_s1/143725346/ccs,0,23,2,12,187,CAA_interrupted,60
H3,m84137_260214_004236_s1/117052484/ccs,0,23,2,12,187,CAA_interrupted,60
H3,m84137_260214_004236_s1/185012138/ccs,0,23,2,12,187,CAA_interrupted,60
H3,m84137_260214_004236_s1/165285299/ccs,0,23,2,12,187,CAA_interrupted,60
H3,m84137_260214_004236_s1/169416466/ccs,0,23,2,12,187,CAA_interrupted,60
H3,m84137_260214_004236_s1/187306642/ccs,0,23,2,12,187,CAA_interrupted,60
H3,m84137_260214_004236_s1/174788963/ccs,0,23,2,12,187,CAA_interrupted,60
H3,m84137_260214_004236_s1/187765786/ccs,0,23,2,12,187,CAA_interrupted,60
H3,m84137_260214_004236_s1/175247831/ccs,0,23,2,12,187,CAA_interrupted,60
H3,m84137_260214_004236_s1/192157372/ccs,0,23,2,12,187,CAA_interrupted,60
H3,m84137_260214_004236_s1/189730324/ccs,0,23,2,12,187,CAA_interrupted,60
H3,m84137_260214_004236_s1/177738171/ccs,0,23,2,12,187,CAA_interrupted,60
H3,m84137_260214_004236_s1/218633669/ccs,0,23,2,12,187,CAA_interrupted,60
H3,m84137_260214_004236_s1/150409943/ccs,0,23,2,12,187,CAA_interrupted,60
H3,m84137_260214_004236_s1/198971751/ccs,0,23,2,12,187,CAA_interrupted,60
H3,m84137_260214_004236_s1/202969496/ccs,0,23,2,12,187,CAA_interrupted,60
H3,m84137_260214_004236_s1/203166839/ccs,0,23,2,12,187,CAA_interrupted,60
H3,m84137_260214_004236_s1/222237998/ccs,0,23,2,12,187,CAA_interrupted,60
H3,m84137_260214_004236_s1/200151238/ccs,0,23,2,12,187,CAA_interrupted,60
H3,m84137_260214_004236_s1/223416043/ccs,0,23,2,12,187,CAA_interrupted,60
H3,m84137_260214_004236_s1/229446495/ccs,0,23,2,12,187,CAA_interrupted,60
H3,m84137_260214_004236_s1/252580128/ccs,0,23,2,12,187,CAA_interrupted,60
H3,m84137_260214_004236_s1/183113448/ccs,0,23,2,12,187,CAA_interrupted,60
H3,m84137_260214_004236_s1/184160346/ccs,0,23,2,12,187,CAA_interrupted,60
H3,m84137_260214_004236_s1/236915924/ccs,0,23,2,12,187,CAA_interrupted,60
H3,m84137_260214_004236_s1/254611807/ccs,0,23,2,12,187,CAA_interrupted,60
H3,m84137_260214_004236_s1/255072123/ccs,0,23,2,12,187,CAA_interrupted,60
H3,m84137_260214_004236_s1/237900527/ccs,0,23,2,12,187,CAA_interrupted,60
H3,m84137_260214_004236_s1/256053555/ccs,0,23,2,12,187,CAA_interrupted,60
H3,m84137_260214_004236_s1/234033108/ccs,0,23,2,12,187,CAA_interrupted,60
H3,m84137_260214_004236_s1/234230974/ccs,0,23,2,12,187,CAA_interrupted,60
H3,m84137_260214_004236_s1/239538253/ccs,0,23,2,12,187,CAA_interrupted,60
H3,m84137_260214_004236_s1/240063773/ccs,0,23,2,12,187,CAA_interrupted,60
H3,m84137_260214_004236_s1/263721808/ccs,0,23,2,12,187,CAA_interrupted,60
H3,m84137_260214_004236_s1/266671716/ccs,0,23,2,12,187,CAA_interrupted,60
H3,m84137_260214_004236_s1/247731446/ccs,0,23,2,12,187,CAA_interrupted,60
H3,m84137_260214_004236_s1/250286536/ccs,0,23,2,12,187,CAA_interrupted,60
H3,m84137_260214_004236_s1/12913317/ccs,0,23,2,12,187,CAA_interrupted,60
H3,m84137_260214_004236_s1/10290039/ccs,0,23,2,12,187,CAA_interrupted,60
H3,m84137_260214_004236_s1/41223683/ccs,0,23,2,12,187,CAA_interrupted,60
H3,m84137_260214_004236_s1/47385494/ccs,0,23,2,12,187,CAA_interrupted,60
H3,m84137_260214_004236_s1/64292232/ccs,0,23,2,12,187,CAA_interrupted,60
H3,m84137_260214_004236_s1/93914959/ccs,0,23,2,12,187,CAA_interrupted,60
H3,m84137_260214_004236_s1/122159464/ccs,0,23,2,12,187,CAA_interrupted,60
H3,m84137_260214_004236_s1/122227432/ccs,0,23,2,12,187,CAA_interrupted,60
H3,m84137_260214_004236_s1/150996599/ccs,0,23,2,12,187,CAA_interrupted,60
H3,m84137_260214_004236_s1/131400566/ccs,0,23,2,12,187,CAA_interrupted,60
H3,m84137_260214_004236_s1/145883598/ccs,0,23,2,12,187,CAA_interrupted,60
H3,m84137_260214_004236_s1/144836085/ccs,0,23,2,12,187,CAA_interrupted,60
H3,m84137_260214_004236_s1/185991944/ccs,0,23,2,12,187,CAA_interrupted,60
H3,m84137_260214_004236_s1/185992764/ccs,0,23,2,12,187,CAA_interrupted,60
H3,m84137_260214_004236_s1/150408138/ccs,0,23,2,12,187,CAA_interrupted,60
H3,m84137_260214_004236_s1/202835827/ccs,0,23,2,12,187,CAA_interrupted,60
H3,m84137_260214_004236_s1/221185860/ccs,0,23,2,12,187,CAA_interrupted,60
H3,m84137_260214_004236_s1/226165635/ccs,0,23,2,12,187,CAA_interrupted,60
H3,m84137_260214_004236_s1/255199798/ccs,0,22,2,13,187,CAA_interrupted,60
H3,m84137_260214_004236_s1/265749315/ccs,0,23,2,12,187,CAA_interrupted,60
H3,m84137_260214_004236_s1/266930711/ccs,0,23,2,12,187,CAA_interrupted,60
H3,m84137_260214_004236_s1/250022291/ccs,0,23,2,12,187,CAA_interrupted,60
H3,m84137_260214_004236_s1/30150729/ccs,0,23,2,12,187,CAA_interrupted,60
H3,m84137_260214_004236_s1/57087566/ccs,0,23,2,12,187,CAA_interrupted,60
H3,m84137_260214_004236_s1/104796025/ccs,0,23,2,12,187,CAA_interrupted,60
H3,m84137_260214_004236_s1/116331171/ccs,0,23,2,12,187,CAA_interrupted,60
H3,m84137_260214_004236_s1/192353189/ccs,0,23,2,12,187,CAA_interrupted,60
H3,m84137_260214_004236_s1/189992235/ccs,0,23,2,12,187,CAA_interrupted,60
H3,m84137_260214_004236_s1/262868856/ccs,0,23,2,12,187,CAA_interrupted,60
H3,m84137_260214_004236_s1/2426545/ccs,0,23,2,12,187,CAA_interrupted,60
H3,m84137_260214_004236_s1/37947721/ccs,0,23,2,12,187,CAA_interrupted,60
H3,m84137_260214_004236_s1/92405988/ccs,0,23,2,12,187,CAA_interrupted,60
H3,m84137_260214_004236_s1/93520090/ccs,0,23,2,12,187,CAA_interrupted,60
H3,m84137_260214_004236_s1/86902559/ccs,0,23,2,12,187,CAA_interrupted,60
H3,m84137_260214_004236_s1/118490563/ccs,0,23,2,12,187,CAA_interrupted,60
H3,m84137_260214_004236_s1/82969284/ccs,0,23,2,12,187,CAA_interrupted,60
H3,m84137_260214_004236_s1/107808358/ccs,0,23,2,12,187,CAA_interrupted,60
H3,m84137_260214_004236_s1/245042488/ccs,0,23,2,12,187,CAA_interrupted,60
H3,m84137_260214_004236_s1/208406931/ccs,0,23,2,12,187,CAA_interrupted,60
H3,m84137_260214_004236_s1/227608563/ccs,0,23,2,12,187,CAA_interrupted,60
H3,m84137_260214_004236_s1/234095201/ccs,0,23,2,12,187,CAA_interrupted,60
H3,m84137_260214_004236_s1/234684677/ccs,0,23,2,12,187,CAA_interrupted,60
H3,m84137_260214_004236_s1/248578979/ccs,0,23,2,12,187,CAA_interrupted,60
H3,m84137_260214_004236_s1/5705227/ccs,0,23,2,12,187,CAA_interrupted,60
H3,m84137_260214_004236_s1/53743163/ccs,0,23,2,12,187,CAA_interrupted,60
H3,m84137_260214_004236_s1/119870664/ccs,0,23,2,12,187,CAA_interrupted,60
H3,m84137_260214_004236_s1/138875146/ccs,0,23,2,12,187,CAA_interrupted,60
H3,m84137_260214_004236_s1/144575929/ccs,0,23,2,12,187,CAA_interrupted,60
H3,m84137_260214_004236_s1/191238204/ccs,0,23,2,12,187,CAA_interrupted,60
H3,m84137_260214_004236_s1/171447800/ccs,0,23,2,12,187,CAA_interrupted,60
H3,m84137_260214_004236_s1/149752850/ccs,0,23,2,12,187,CAA_interrupted,60
H3,m84137_260214_004236_s1/201986512/ccs,0,23,2,12,187,CAA_interrupted,60
H3,m84137_260214_004236_s1/182326582/ccs,0,23,2,12,187,CAA_interrupted,60
H3,m84137_260214_004236_s1/227151491/ccs,0,23,2,12,187,CAA_interrupted,60
H3,m84137_260214_004236_s1/242224281/ccs,0,23,2,12,187,CAA_interrupted,60
H3,m84137_260214_004236_s1/234558740/ccs,0,23,2,12,187,CAA_interrupted,60
H3,m84137_260214_004236_s1/215421272/ccs,0,23,2,12,187,CAA_interrupted,60
H3,m84137_260214_004236_s1/215748937/ccs,0,23,2,12,187,CAA_interrupted,60
H3,m84137_260214_004236_s1/157745422/ccs,0,23,2,12,187,CAA_interrupted,60
H3,m84137_260214_004236_s1/193005368/ccs,0,23,2,12,187,CAA_interrupted,60
H3,m84137_260214_004236_s1/34739866/ccs,0,23,2,12,187,CAA_interrupted,60
H3,m84137_260214_004236_s1/99227242/ccs,0,23,2,12,187,CAA_interrupted,60
H3,m84137_260214_004236_s1/259130549/ccs,0,23,2,12,187,CAA_interrupted,60
H3,m84137_260214_004236_s1/174986336/ccs,0,23,2,12,187,CAA_interrupted,60
H3,m84137_260214_004236_s1/34145767/ccs,0,22,2,13,187,CAA_interrupted,60
H3,m84137_260214_004236_s1/90439988/ccs,0,23,2,12,187,CAA_interrupted,60
H3,m84137_260214_004236_s1/167511931/ccs,0,23,2,12,187,CAA_interrupted,60
H3,m84137_260214_004236_s1/178522504/ccs,0,23,2,12,187,CAA_interrupted,60
H3,m84137_260214_004236_s1/263587057/ccs,0,23,2,12,187,CAA_interrupted,60
H3,m84137_260214_004236_s1/30804075/ccs,0,23,2,12,187,CAA_interrupted,60
H3,m84137_260214_004236_s1/214960263/ccs,0,23,2,12,187,CAA_interrupted,60
H3,m84137_260214_004236_s1/126878742/ccs,0,23,2,12,187,CAA_interrupted,60
H3,m84137_260214_004236_s1/206636075/ccs,0,23,2,12,187,CAA_interrupted,60
H3,m84137_260214_004236_s1/87755713/ccs,0,23,2,12,187,CAA_interrupted,60
H3,m84137_260214_004236_s1/114299858/ccs,0,23,2,12,187,CAA_interrupted,60
H3,m84137_260214_004236_s1/244389198/ccs,0,23,2,12,187,CAA_interrupted,60
H3,m84137_260214_004236_s1/187960021/ccs,0,23,2,12,187,CAA_interrupted,60
H3,m84137_260214_004236_s1/107222451/ccs,0,23,2,12,187,CAA_interrupted,60
H3,m84137_260214_004236_s1/92801053/ccs,0,23,2,12,187,CAA_interrupted,60
H3,m84137_260214_004236_s1/158597600/ccs,0,22,2,12,188,CAA_interrupted,60
H3,m84137_260214_004236_s1/20583417/ccs,0,23,2,12,188,CAA_interrupted,60
H3,m84137_260214_004236_s1/63638796/ccs,0,23,2,12,188,CAA_interrupted,60
H3,m84137_260214_004236_s1/4916990/ccs,0,23,2,12,188,CAA_interrupted,60
H3,m84137_260214_004236_s1/183504666/ccs,0,23,2,12,188,CAA_interrupted,60
H3,m84137_260214_004236_s1/50465563/ccs,0,23,2,12,188,CAA_interrupted,60
H3,m84137_260214_004236_s1/62983115/ccs,0,23,2,12,188,CAA_interrupted,60
H3,m84137_260214_004236_s1/65276086/ccs,0,23,2,12,188,CAA_interrupted,60
H3,m84137_260214_004236_s1/76353710/ccs,0,23,2,12,188,CAA_interrupted,60
H3,m84137_260214_004236_s1/191366709/ccs,0,23,2,12,189,CAA_interrupted,60
H3,m84137_260214_004236_s1/185467238/ccs,0,23,2,12,189,CAA_interrupted,60
H3,m84137_260214_004236_s1/193856426/ccs,0,23,2,12,189,CAA_interrupted,60
H3,m84137_260214_004236_s1/168099933/ccs,0,24,2,12,190,CAA_interrupted,60
H3,m84137_260214_004236_s1/239995588/ccs,0,24,2,12,190,CAA_interrupted,60
H3,m84137_260214_004236_s1/3539425/ccs,0,24,2,12,190,CAA_interrupted,60
H3,m84137_260214_004236_s1/199821036/ccs,0,24,2,12,190,CAA_interrupted,60
H3,m84137_260214_004236_s1/181274104/ccs,0,24,2,12,190,CAA_interrupted,60
H3,m84137_260214_004236_s1/221774256/ccs,0,24,2,12,190,CAA_interrupted,60
H3,m84137_260214_004236_s1/242352878/ccs,0,23,2,13,190,CAA_interrupted,60
H3,m84137_260214_004236_s1/262210176/ccs,0,24,2,12,190,CAA_interrupted,60
H3,m84137_260214_004236_s1/224989944/ccs,0,24,2,12,190,CAA_interrupted,60
H3,m84137_260214_004236_s1/184225054/ccs,0,23,2,13,190,CAA_interrupted,60
H3,m84137_260214_004236_s1/260640125/ccs,0,24,2,12,190,CAA_interrupted,60
H3,m84137_260214_004236_s1/261164132/ccs,0,24,2,12,190,CAA_interrupted,60
H3,m84137_260214_004236_s1/8852736/ccs,0,24,2,12,190,CAA_interrupted,60
H3,m84137_260214_004236_s1/38736214/ccs,0,24,2,12,190,CAA_interrupted,60
H3,m84137_260214_004236_s1/131466482/ccs,0,23,2,13,190,CAA_interrupted,60
H3,m84137_260214_004236_s1/184287699/ccs,0,24,2,12,190,CAA_interrupted,60
H3,m84137_260214_004236_s1/166857951/ccs,0,24,2,12,190,CAA_interrupted,60
H3,m84137_260214_004236_s1/217318899/ccs,0,24,2,12,190,CAA_interrupted,60
H3,m84137_260214_004236_s1/5772686/ccs,0,24,2,12,190,CAA_interrupted,60
H3,m84137_260214_004236_s1/107351986/ccs,0,24,2,12,190,CAA_interrupted,60
H3,m84137_260214_004236_s1/225186857/ccs,0,24,2,12,190,CAA_interrupted,60
H3,m84137_260214_004236_s1/200349594/ccs,0,24,2,12,190,CAA_interrupted,60
H3,m84137_260214_004236_s1/43974722/ccs,0,24,2,12,190,CAA_interrupted,60
H3,m84137_260214_004236_s1/99158183/ccs,0,24,2,12,190,CAA_interrupted,60
H3,m84137_260214_004236_s1/118163795/ccs,0,24,2,12,190,CAA_interrupted,60
H3,m84137_260214_004236_s1/130154668/ccs,0,24,2,12,190,CAA_interrupted,60
H3,m84137_260214_004236_s1/197200457/ccs,0,24,2,12,190,CAA_interrupted,60
H3,m84137_260214_004236_s1/12390069/ccs,0,24,2,12,190,CAA_interrupted,60
H3,m84137_260214_004236_s1/106632746/ccs,0,24,2,12,190,CAA_interrupted,60
H3,m84137_260214_004236_s1/79891594/ccs,0,24,2,12,190,CAA_interrupted,60
H3,m84137_260214_004236_s1/81139252/ccs,0,24,2,12,190,CAA_interrupted,60
H3,m84137_260214_004236_s1/116725690/ccs,0,24,2,12,190,CAA_interrupted,60
H3,m84137_260214_004236_s1/148508943/ccs,0,24,2,12,190,CAA_interrupted,60
H3,m84137_260214_004236_s1/214897944/ccs,0,24,2,12,190,CAA_interrupted,60
H3,m84137_260214_004236_s1/251399644/ccs,0,24,2,12,190,CAA_interrupted,60
H3,m84137_260214_004236_s1/54463361/ccs,0,24,2,12,190,CAA_interrupted,60
H3,m84137_260214_004236_s1/99878954/ccs,0,24,2,12,190,CAA_interrupted,60
H3,m84137_260214_004236_s1/203164622/ccs,0,24,2,12,190,CAA_interrupted,60
H3,m84137_260214_004236_s1/249431655/ccs,0,24,2,12,190,CAA_interrupted,60
H3,m84137_260214_004236_s1/44040597/ccs,0,24,2,12,190,CAA_interrupted,60
H3,m84137_260214_004236_s1/128257659/ccs,0,19,5,13,191,CAA_interrupted,60
H3,m84137_260214_004236_s1/266081191/ccs,0,24,2,12,191,CAA_interrupted,60
H3,m84137_260214_004236_s1/33427632/ccs,0,24,2,12,191,CAA_interrupted,60
H3,m84137_260214_004236_s1/211424078/ccs,0,24,2,12,191,CAA_interrupted,60
H3,m84137_260214_004236_s1/153288896/ccs,0,23,2,13,192,CAA_interrupted,60
H3,m84137_260214_004236_s1/243996167/ccs,0,25,2,12,193,CAA_interrupted,60
H3,m84137_260214_004236_s1/186189627/ccs,0,25,2,12,193,CAA_interrupted,60
H3,m84137_260214_004236_s1/148836716/ccs,0,24,2,13,193,CAA_interrupted,60
H3,m84137_260214_004236_s1/208408378/ccs,0,24,2,12,193,CAA_interrupted,60
H3,m84137_260214_004236_s1/106631169/ccs,0,25,2,12,194,CAA_interrupted,60
H3,m84137_260214_004236_s1/41882806/ccs,0,37,2,12,229,CAA_interrupted,60
H3,m84137_260214_004236_s1/13439814/ccs,0,37,2,12,229,CAA_interrupted,60
H3,m84137_260214_004236_s1/261951455/ccs,0,37,2,12,229,CAA_interrupted,60
H3,m84137_260214_004236_s1/203161758/ccs,0,38,2,12,232,CAA_interrupted,60
H3,m84137_260214_004236_s1/93653989/ccs,0,39,2,12,235,CAA_interrupted,60
H3,m84137_260214_004236_s1/104403178/ccs,1,54,2,12,280,CAA_interrupted,60
H3,m84137_260214_004236_s1/40963177/ccs,1,55,2,12,283,CAA_interrupted,60
H3,m84137_260214_004236_s1/92868675/ccs,1,55,2,12,283,CAA_interrupted,60
H3,m84137_260214_004236_s1/239081164/ccs,1,55,2,12,283,CAA_interrupted,60
H3,m84137_260214_004236_s1/51448297/ccs,1,55,2,12,286,CAA_interrupted,60
H3,m84137_260214_004236_s1/29819964/ccs,1,56,2,12,286,CAA_interrupted,60
H3,m84137_260214_004236_s1/85721411/ccs,1,57,2,12,289,CAA_interrupted,60
H3,m84137_260214_004236_s1/120194744/ccs,1,58,2,12,292,CAA_interrupted,60
H3,m84137_260214_004236_s1/250549630/ccs,1,58,2,12,292,CAA_interrupted,60
H3,m84137_260214_004236_s1/29362581/ccs,1,58,2,12,292,CAA_interrupted,60
H3,m84137_260214_004236_s1/137104882/ccs,1,58,2,12,292,CAA_interrupted,60
H3,m84137_260214_004236_s1/96540593/ccs,1,58,1,10,295,CAA_interrupted,60
H3,m84137_260214_004236_s1/198247231/ccs,1,59,2,12,295,CAA_interrupted,60
H3,m84137_260214_004236_s1/119149569/ccs,1,59,2,12,295,CAA_interrupted,60
H3,m84137_260214_004236_s1/133370706/ccs,1,59,2,12,295,CAA_interrupted,60
H3,m84137_260214_004236_s1/173740034/ccs,1,59,2,12,295,CAA_interrupted,60
H3,m84137_260214_004236_s1/246681936/ccs,1,59,2,12,295,CAA_interrupted,60
H3,m84137_260214_004236_s1/261161625/ccs,1,59,2,12,295,CAA_interrupted,60
H3,m84137_260214_004236_s1/245498727/ccs,1,59,2,12,295,CAA_interrupted,60
H3,m84137_260214_004236_s1/168367505/ccs,1,59,2,12,295,CAA_interrupted,60
H3,m84137_260214_004236_s1/53872846/ccs,1,59,2,12,295,CAA_interrupted,60
H3,m84137_260214_004236_s1/208864378/ccs,1,59,2,12,295,CAA_interrupted,60
H3,m84137_260214_004236_s1/104991813/ccs,1,59,2,12,295,CAA_interrupted,60
H3,m84137_260214_004236_s1/239666621/ccs,1,59,2,12,296,CAA_interrupted,60
H3,m84137_260214_004236_s1/159584607/ccs,1,59,2,12,296,CAA_interrupted,60
H3,m84137_260214_004236_s1/55248880/ccs,1,58,3,12,297,CAA_interrupted,60
H3,m84137_260214_004236_s1/208340909/ccs,1,60,2,12,298,CAA_interrupted,60
H3,m84137_260214_004236_s1/76742916/ccs,1,60,2,12,298,CAA_interrupted,60
H3,m84137_260214_004236_s1/238489142/ccs,1,60,2,12,298,CAA_interrupted,60
H3,m84137_260214_004236_s1/11995052/ccs,1,60,2,12,298,CAA_interrupted,60
H3,m84137_260214_004236_s1/8063210/ccs,1,60,2,12,298,CAA_interrupted,60
H3,m84137_260214_004236_s1/8719306/ccs,1,60,2,12,298,CAA_interrupted,60
H3,m84137_260214_004236_s1/50464937/ccs,1,60,2,12,298,CAA_interrupted,60
H3,m84137_260214_004236_s1/62324842/ccs,1,60,2,12,298,CAA_interrupted,60
H3,m84137_260214_004236_s1/41223703/ccs,1,60,2,12,298,CAA_interrupted,60
H3,m84137_260214_004236_s1/59967306/ccs,1,60,2,12,298,CAA_interrupted,60
H3,m84137_260214_004236_s1/42795053/ccs,1,60,2,12,298,CAA_interrupted,60
H3,m84137_260214_004236_s1/66192284/ccs,1,60,2,12,298,CAA_interrupted,60
H3,m84137_260214_004236_s1/66388946/ccs,1,60,2,12,298,CAA_interrupted,60
H3,m84137_260214_004236_s1/91949946/ccs,1,60,2,12,298,CAA_interrupted,60
H3,m84137_260214_004236_s1/74711094/ccs,1,60,2,12,298,CAA_interrupted,60
H3,m84137_260214_004236_s1/123210096/ccs,1,60,2,12,298,CAA_interrupted,60
H3,m84137_260214_004236_s1/117770975/ccs,1,60,2,12,298,CAA_interrupted,60
H3,m84137_260214_004236_s1/130353464/ccs,1,60,2,12,298,CAA_interrupted,60
H3,m84137_260214_004236_s1/105579414/ccs,1,60,2,12,298,CAA_interrupted,60
H3,m84137_260214_004236_s1/122553781/ccs,1,60,2,12,298,CAA_interrupted,60
H3,m84137_260214_004236_s1/137167264/ccs,1,60,2,12,298,CAA_interrupted,60
H3,m84137_260214_004236_s1/163056592/ccs,1,60,2,12,298,CAA_interrupted,60
H3,m84137_260214_004236_s1/154863668/ccs,1,60,2,12,298,CAA_interrupted,60
H3,m84137_260214_004236_s1/185993209/ccs,1,60,2,12,298,CAA_interrupted,60
H3,m84137_260214_004236_s1/176095961/ccs,1,60,2,12,298,CAA_interrupted,60
H3,m84137_260214_004236_s1/178717714/ccs,1,60,2,12,298,CAA_interrupted,60
H3,m84137_260214_004236_s1/225771740/ccs,1,60,2,12,298,CAA_interrupted,60
H3,m84137_260214_004236_s1/205786021/ccs,1,60,2,12,298,CAA_interrupted,60
H3,m84137_260214_004236_s1/11015950/ccs,1,60,2,12,298,CAA_interrupted,60
H3,m84137_260214_004236_s1/59118415/ccs,1,60,2,12,298,CAA_interrupted,60
H3,m84137_260214_004236_s1/110235444/ccs,1,60,2,12,298,CAA_interrupted,60
H3,m84137_260214_004236_s1/111415959/ccs,1,60,2,12,298,CAA_interrupted,60
H3,m84137_260214_004236_s1/234755659/ccs,1,60,2,12,298,CAA_interrupted,60
H3,m84137_260214_004236_s1/216732954/ccs,1,60,2,12,298,CAA_interrupted,60
H3,m84137_260214_004236_s1/217911782/ccs,1,60,2,12,298,CAA_interrupted,60
H3,m84137_260214_004236_s1/1966770/ccs,1,60,2,12,298,CAA_interrupted,60
H3,m84137_260214_004236_s1/131991022/ccs,1,60,2,12,298,CAA_interrupted,60
H3,m84137_260214_004236_s1/190058049/ccs,1,60,2,12,298,CAA_interrupted,60
H3,m84137_260214_004236_s1/256641536/ccs,1,60,2,12,298,CAA_interrupted,60
H3,m84137_260214_004236_s1/209519009/ccs,1,60,2,12,298,CAA_interrupted,60
H3,m84137_260214_004236_s1/28706544/ccs,1,60,2,12,298,CAA_interrupted,60
H3,m84137_260214_004236_s1/143987338/ccs,1,60,2,12,298,CAA_interrupted,60
H3,m84137_260214_004236_s1/6553743/ccs,1,60,2,12,298,CAA_interrupted,60
H3,m84137_260214_004236_s1/12323039/ccs,1,60,2,12,298,CAA_interrupted,60
H3,m84137_260214_004236_s1/30212574/ccs,1,60,2,12,298,CAA_interrupted,60
H3,m84137_260214_004236_s1/33819570/ccs,1,60,2,12,298,CAA_interrupted,60
H3,m84137_260214_004236_s1/42731563/ccs,1,59,2,13,298,CAA_interrupted,60
H3,m84137_260214_004236_s1/94896979/ccs,1,60,2,12,298,CAA_interrupted,60
H3,m84137_260214_004236_s1/125962956/ccs,1,60,2,12,298,CAA_interrupted,60
H3,m84137_260214_004236_s1/121439755/ccs,1,60,2,12,298,CAA_interrupted,60
H3,m84137_260214_004236_s1/111282642/ccs,1,60,2,12,298,CAA_interrupted,60
H3,m84137_260214_004236_s1/190449001/ccs,1,60,2,12,298,CAA_interrupted,60
H3,m84137_260214_004236_s1/173673140/ccs,1,60,2,12,298,CAA_interrupted,60
H3,m84137_260214_004236_s1/176357485/ccs,1,60,2,12,298,CAA_interrupted,60
H3,m84137_260214_004236_s1/184289946/ccs,1,60,2,12,298,CAA_interrupted,60
H3,m84137_260214_004236_s1/234357774/ccs,1,60,2,12,298,CAA_interrupted,60
H3,m84137_260214_004236_s1/266208409/ccs,1,60,2,12,298,CAA_interrupted,60
H3,m84137_260214_004236_s1/4133159/ccs,1,60,2,12,298,CAA_interrupted,60
H3,m84137_260214_004236_s1/6098763/ccs,1,60,2,12,298,CAA_interrupted,60
H3,m84137_260214_004236_s1/7148043/ccs,1,60,2,12,298,CAA_interrupted,60
H3,m84137_260214_004236_s1/35065025/ccs,1,60,2,12,298,CAA_interrupted,60
H3,m84137_260214_004236_s1/31199707/ccs,1,60,2,12,298,CAA_interrupted,60
H3,m84137_260214_004236_s1/62394459/ccs,1,60,2,12,298,CAA_interrupted,60
H3,m84137_260214_004236_s1/46599939/ccs,1,60,2,12,298,CAA_interrupted,60
H3,m84137_260214_004236_s1/92409685/ccs,1,60,2,12,298,CAA_interrupted,60
H3,m84137_260214_004236_s1/93916423/ccs,1,60,2,12,298,CAA_interrupted,60
H3,m84137_260214_004236_s1/118952465/ccs,1,60,2,12,298,CAA_interrupted,60
H3,m84137_260214_004236_s1/177147700/ccs,1,60,2,12,298,CAA_interrupted,60
H3,m84137_260214_004236_s1/177934104/ccs,1,60,2,12,298,CAA_interrupted,60
H3,m84137_260214_004236_s1/203493907/ccs,1,60,2,12,298,CAA_interrupted,60
H3,m84137_260214_004236_s1/181737392/ccs,1,60,2,12,298,CAA_interrupted,60
H3,m84137_260214_004236_s1/237769739/ccs,1,60,2,12,298,CAA_interrupted,60
H3,m84137_260214_004236_s1/243470522/ccs,1,60,2,12,298,CAA_interrupted,60
H3,m84137_260214_004236_s1/147719005/ccs,1,60,2,12,298,CAA_interrupted,60
H3,m84137_260214_004236_s1/19404247/ccs,1,60,2,12,298,CAA_interrupted,60
H3,m84137_260214_004236_s1/266929061/ccs,1,60,2,12,298,CAA_interrupted,60
H3,m84137_260214_004236_s1/221189122/ccs,1,60,2,12,298,CAA_interrupted,60
H3,m84137_260214_004236_s1/105776674/ccs,1,60,2,12,298,CAA_interrupted,60
H3,m84137_260214_004236_s1/135662008/ccs,1,60,2,12,298,CAA_interrupted,60
H3,m84137_260214_004236_s1/108598240/ccs,1,60,2,12,298,CAA_interrupted,60
H3,m84137_260214_004236_s1/174654245/ccs,1,60,2,12,298,CAA_interrupted,60
H3,m84137_260214_004236_s1/35719052/ccs,1,60,2,12,298,CAA_interrupted,60
H3,m84137_260214_004236_s1/124721028/ccs,1,60,2,12,298,CAA_interrupted,60
H3,m84137_260214_004236_s1/35590920/ccs,1,60,2,12,298,CAA_interrupted,60
H3,m84137_260214_004236_s1/137038643/ccs,1,60,2,12,298,CAA_interrupted,60
H3,m84137_260214_004236_s1/245303393/ccs,1,60,2,12,299,CAA_interrupted,60
H3,m84137_260214_004236_s1/206571163/ccs,1,59,3,12,299,CAA_interrupted,60
H3,m84137_260214_004236_s1/9241287/ccs,1,60,1,11,300,CAA_interrupted,60
H3,m84137_260214_004236_s1/39063667/ccs,1,60,2,12,300,CAA_interrupted,60
H3,m84137_260214_004236_s1/11605208/ccs,1,60,2,12,300,CAA_interrupted,60
H3,m84137_260214_004236_s1/101387795/ccs,1,61,2,12,301,CAA_interrupted,60
H3,m84137_260214_004236_s1/61014672/ccs,1,61,2,12,301,CAA_interrupted,60
H3,m84137_260214_004236_s1/49218146/ccs,1,61,2,12,301,CAA_interrupted,60
H3,m84137_260214_004236_s1/182060327/ccs,1,61,2,12,301,CAA_interrupted,60
H3,m84137_260214_004236_s1/258739134/ccs,1,61,2,12,301,CAA_interrupted,60
H3,m84137_260214_004236_s1/204805146/ccs,1,61,2,12,301,CAA_interrupted,60
H3,m84137_260214_004236_s1/34866722/ccs,1,61,2,12,301,CAA_interrupted,60
H3,m84137_260214_004236_s1/58525630/ccs,1,61,2,12,301,CAA_interrupted,60
H3,m84137_260214_004236_s1/46467991/ccs,1,61,2,12,301,CAA_interrupted,60
H3,m84137_260214_004236_s1/46795274/ccs,1,61,2,12,301,CAA_interrupted,60
H3,m84137_260214_004236_s1/91621794/ccs,1,61,2,12,301,CAA_interrupted,60
H3,m84137_260214_004236_s1/99748696/ccs,1,61,2,12,301,CAA_interrupted,60
H3,m84137_260214_004236_s1/240194285/ccs,1,61,2,12,301,CAA_interrupted,60
H3,m84137_260214_004236_s1/128974986/ccs,1,61,2,12,301,CAA_interrupted,60
H3,m84137_260214_004236_s1/141165303/ccs,1,61,2,12,301,CAA_interrupted,60
H3,m84137_260214_004236_s1/161942256/ccs,1,61,2,12,301,CAA_interrupted,60
H3,m84137_260214_004236_s1/188219443/ccs,1,61,2,12,301,CAA_interrupted,60
H3,m84137_260214_004236_s1/191955118/ccs,1,61,2,12,301,CAA_interrupted,60
H3,m84137_260214_004236_s1/197918876/ccs,1,61,2,12,301,CAA_interrupted,60
H3,m84137_260214_004236_s1/177408124/ccs,1,61,2,12,301,CAA_interrupted,60
H3,m84137_260214_004236_s1/198313326/ccs,1,61,2,12,301,CAA_interrupted,60
H3,m84137_260214_004236_s1/207555176/ccs,1,61,2,12,301,CAA_interrupted,60
H3,m84137_260214_004236_s1/208669587/ccs,1,61,2,12,301,CAA_interrupted,60
H3,m84137_260214_004236_s1/209126825/ccs,1,61,2,12,301,CAA_interrupted,60
H3,m84137_260214_004236_s1/230820423/ccs,1,61,2,12,301,CAA_interrupted,60
H3,m84137_260214_004236_s1/252577592/ccs,1,61,2,12,301,CAA_interrupted,60
H3,m84137_260214_004236_s1/236980126/ccs,1,61,2,12,301,CAA_interrupted,60
H3,m84137_260214_004236_s1/239076144/ccs,1,61,2,12,301,CAA_interrupted,60
H3,m84137_260214_004236_s1/246220495/ccs,1,61,2,12,301,CAA_interrupted,60
H3,m84137_260214_004236_s1/12063961/ccs,1,61,2,12,301,CAA_interrupted,60
H3,m84137_260214_004236_s1/53613755/ccs,1,61,2,12,301,CAA_interrupted,60
H3,m84137_260214_004236_s1/45946094/ccs,1,61,2,12,301,CAA_interrupted,60
H3,m84137_260214_004236_s1/96996872/ccs,1,61,2,12,301,CAA_interrupted,60
H3,m84137_260214_004236_s1/111874529/ccs,1,61,2,12,301,CAA_interrupted,60
H3,m84137_260214_004236_s1/113383297/ccs,1,61,2,12,301,CAA_interrupted,60
H3,m84137_260214_004236_s1/137434470/ccs,1,61,2,12,301,CAA_interrupted,60
H3,m84137_260214_004236_s1/226430040/ccs,1,61,2,12,301,CAA_interrupted,60
H3,m84137_260214_004236_s1/183112346/ccs,1,61,2,12,301,CAA_interrupted,60
H3,m84137_260214_004236_s1/183243612/ccs,1,61,2,12,301,CAA_interrupted,60
H3,m84137_260214_004236_s1/228396738/ccs,1,61,2,12,301,CAA_interrupted,60
H3,m84137_260214_004236_s1/230887872/ccs,1,61,2,12,301,CAA_interrupted,60
H3,m84137_260214_004236_s1/231478789/ccs,1,61,2,12,301,CAA_interrupted,60
H3,m84137_260214_004236_s1/244845892/ccs,1,61,2,12,301,CAA_interrupted,60
H3,m84137_260214_004236_s1/248190641/ccs,1,61,2,12,301,CAA_interrupted,60
H3,m84137_260214_004236_s1/249893694/ccs,1,61,2,12,301,CAA_interrupted,60
H3,m84137_260214_004236_s1/74516161/ccs,1,61,2,12,301,CAA_interrupted,60
H3,m84137_260214_004236_s1/85395624/ccs,1,61,2,12,301,CAA_interrupted,60
H3,m84137_260214_004236_s1/75696202/ccs,1,61,2,12,301,CAA_interrupted,60
H3,m84137_260214_004236_s1/179438909/ccs,1,61,2,12,301,CAA_interrupted,60
H3,m84137_260214_004236_s1/72748226/ccs,1,61,2,12,301,CAA_interrupted,60
H3,m84137_260214_004236_s1/168301844/ccs,1,61,2,12,301,CAA_interrupted,60
H3,m84137_260214_004236_s1/207230057/ccs,1,61,2,12,301,CAA_interrupted,60
H3,m84137_260214_004236_s1/214110615/ccs,1,61,2,12,301,CAA_interrupted,60
H3,m84137_260214_004236_s1/88346624/ccs,1,61,2,12,301,CAA_interrupted,60
H3,m84137_260214_004236_s1/137561439/ccs,1,61,2,12,301,CAA_interrupted,60
H3,m84137_260214_004236_s1/144774814/ccs,1,61,2,12,301,CAA_interrupted,60
H3,m84137_260214_004236_s1/92344121/ccs,1,61,2,12,301,CAA_interrupted,60
H3,m84137_260214_004236_s1/134746391/ccs,1,61,2,12,301,CAA_interrupted,60
H3,m84137_260214_004236_s1/238229184/ccs,1,61,2,12,301,CAA_interrupted,60
H3,m84137_260214_004236_s1/142279923/ccs,1,60,2,12,301,CAA_interrupted,60
H3,m84137_260214_004236_s1/196806554/ccs,1,61,2,12,301,CAA_interrupted,60
H3,m84137_260214_004236_s1/195429818/ccs,1,61,2,12,301,CAA_interrupted,60
H3,m84137_260214_004236_s1/21173168/ccs,1,61,2,12,301,CAA_interrupted,60
H3,m84137_260214_004236_s1/14816379/ccs,1,61,2,12,301,CAA_interrupted,60
H3,m84137_260214_004236_s1/78122151/ccs,1,61,2,12,301,CAA_interrupted,60
H3,m84137_260214_004236_s1/18220557/ccs,1,61,2,12,301,CAA_interrupted,60
H3,m84137_260214_004236_s1/29230213/ccs,1,61,2,12,301,CAA_interrupted,60
H3,m84137_260214_004236_s1/13697340/ccs,1,61,2,12,301,CAA_interrupted,60
H3,m84137_260214_004236_s1/8981106/ccs,1,61,2,12,301,CAA_interrupted,60
H3,m84137_260214_004236_s1/66718450/ccs,1,61,2,12,301,CAA_interrupted,60
H3,m84137_260214_004236_s1/85918283/ccs,1,61,2,12,301,CAA_interrupted,60
H3,m84137_260214_004236_s1/78643515/ccs,1,61,2,12,301,CAA_interrupted,60
H3,m84137_260214_004236_s1/93652830/ccs,1,61,2,12,301,CAA_interrupted,60
H3,m84137_260214_004236_s1/108857600/ccs,1,61,2,12,301,CAA_interrupted,60
H3,m84137_260214_004236_s1/115081421/ccs,1,61,2,12,301,CAA_interrupted,60
H3,m84137_260214_004236_s1/115869254/ccs,1,61,2,12,301,CAA_interrupted,60
H3,m84137_260214_004236_s1/168167950/ccs,1,61,2,12,301,CAA_interrupted,60
H3,m84137_260214_004236_s1/218302460/ccs,1,61,2,12,301,CAA_interrupted,60
H3,m84137_260214_004236_s1/220398392/ccs,1,61,2,12,301,CAA_interrupted,60
H3,m84137_260214_004236_s1/221447608/ccs,1,61,2,12,301,CAA_interrupted,60
H3,m84137_260214_004236_s1/264111250/ccs,1,61,2,12,301,CAA_interrupted,60
H3,m84137_260214_004236_s1/246285223/ccs,1,61,2,12,301,CAA_interrupted,60
H3,m84137_260214_004236_s1/264963614/ccs,1,61,2,12,301,CAA_interrupted,60
H3,m84137_260214_004236_s1/24975125/ccs,1,61,2,12,301,CAA_interrupted,60
H3,m84137_260214_004236_s1/9245169/ccs,1,61,2,12,301,CAA_interrupted,60
H3,m84137_260214_004236_s1/72882047/ccs,1,61,2,12,301,CAA_interrupted,60
H3,m84137_260214_004236_s1/76223213/ccs,1,61,2,12,301,CAA_interrupted,60
H3,m84137_260214_004236_s1/96604863/ccs,1,61,2,12,301,CAA_interrupted,60
H3,m84137_260214_004236_s1/125702498/ccs,1,61,2,12,301,CAA_interrupted,60
H3,m84137_260214_004236_s1/126029736/ccs,1,61,2,12,301,CAA_interrupted,60
H3,m84137_260214_004236_s1/141955557/ccs,1,61,2,12,301,CAA_interrupted,60
H3,m84137_260214_004236_s1/143397354/ccs,1,61,2,12,301,CAA_interrupted,60
H3,m84137_260214_004236_s1/143199557/ccs,1,61,2,12,301,CAA_interrupted,60
H3,m84137_260214_004236_s1/220665136/ccs,1,61,2,12,301,CAA_interrupted,60
H3,m84137_260214_004236_s1/224072303/ccs,1,61,2,12,301,CAA_interrupted,60
H3,m84137_260214_004236_s1/224727302/ccs,1,61,2,12,301,CAA_interrupted,60
H3,m84137_260214_004236_s1/181932328/ccs,1,61,2,12,301,CAA_interrupted,60
H3,m84137_260214_004236_s1/243077455/ccs,1,61,2,12,301,CAA_interrupted,60
H3,m84137_260214_004236_s1/99224524/ccs,1,61,2,12,301,CAA_interrupted,60
H3,m84137_260214_004236_s1/169739575/ccs,1,61,2,12,301,CAA_interrupted,60
H3,m84137_260214_004236_s1/129504081/ccs,1,61,2,12,301,CAA_interrupted,60
H3,m84137_260214_004236_s1/201330678/ccs,1,61,2,12,301,CAA_interrupted,60
H3,m84137_260214_004236_s1/211422977/ccs,1,61,2,12,301,CAA_interrupted,60
H3,m84137_260214_004236_s1/209652480/ccs,1,61,2,12,301,CAA_interrupted,60
H3,m84137_260214_004236_s1/253428658/ccs,1,59,2,12,301,CAA_interrupted,60
H3,m84137_260214_004236_s1/170919652/ccs,1,61,2,12,301,CAA_interrupted,60
H3,m84137_260214_004236_s1/133104628/ccs,1,61,2,12,301,CAA_interrupted,60
H3,m84137_260214_004236_s1/66849233/ccs,1,61,2,12,301,CAA_interrupted,60
H3,m84137_260214_004236_s1/77793647/ccs,1,61,2,12,301,CAA_interrupted,60
H3,m84137_260214_004236_s1/253952346/ccs,1,61,2,12,301,CAA_interrupted,60
H3,m84137_260214_004236_s1/178128936/ccs,1,61,2,12,301,CAA_interrupted,60
H3,m84137_260214_004236_s1/228331482/ccs,1,61,2,12,301,CAA_interrupted,60
H3,m84137_260214_004236_s1/73139697/ccs,1,61,2,12,302,CAA_interrupted,60
H3,m84137_260214_004236_s1/66127677/ccs,1,60,3,12,302,CAA_interrupted,60
H3,m84137_260214_004236_s1/33361263/ccs,1,60,3,12,302,CAA_interrupted,60
H3,m84137_260214_004236_s1/52102251/ccs,1,60,2,12,302,CAA_interrupted,60
H3,m84137_260214_004236_s1/155520328/ccs,1,61,2,12,302,CAA_interrupted,60
H3,m84137_260214_004236_s1/267256524/ccs,1,61,2,12,303,CAA_interrupted,60
H3,m84137_260214_004236_s1/120853670/ccs,1,61,2,12,303,CAA_interrupted,60
H3,m84137_260214_004236_s1/131928063/ccs,1,62,2,12,304,CAA_interrupted,60
H3,m84137_260214_004236_s1/83629820/ccs,1,62,2,12,304,CAA_interrupted,60
H3,m84137_260214_004236_s1/70714020/ccs,1,62,2,12,304,CAA_interrupted,60
H3,m84137_260214_004236_s1/89129790/ccs,1,62,2,12,304,CAA_interrupted,60
H3,m84137_260214_004236_s1/102433371/ccs,1,62,2,12,304,CAA_interrupted,60
H3,m84137_260214_004236_s1/109250625/ccs,1,62,2,12,304,CAA_interrupted,60
H3,m84137_260214_004236_s1/105579940/ccs,1,62,2,12,304,CAA_interrupted,60
H3,m84137_260214_004236_s1/113444533/ccs,1,62,2,12,304,CAA_interrupted,60
H3,m84137_260214_004236_s1/151849857/ccs,1,62,2,12,304,CAA_interrupted,60
H3,m84137_260214_004236_s1/140575530/ccs,1,62,2,12,304,CAA_interrupted,60
H3,m84137_260214_004236_s1/162595348/ccs,1,62,2,12,304,CAA_interrupted,60
H3,m84137_260214_004236_s1/222625999/ccs,1,62,2,12,304,CAA_interrupted,60
H3,m84137_260214_004236_s1/213778685/ccs,1,62,2,12,304,CAA_interrupted,60
H3,m84137_260214_004236_s1/244713401/ccs,1,62,2,12,304,CAA_interrupted,60
H3,m84137_260214_004236_s1/3477617/ccs,1,62,2,12,304,CAA_interrupted,60
H3,m84137_260214_004236_s1/249365034/ccs,1,62,2,12,304,CAA_interrupted,60
H3,m84137_260214_004236_s1/250743647/ccs,1,62,2,12,304,CAA_interrupted,60
H3,m84137_260214_004236_s1/11408685/ccs,1,62,2,12,304,CAA_interrupted,60
H3,m84137_260214_004236_s1/68294507/ccs,1,62,2,12,304,CAA_interrupted,60
H3,m84137_260214_004236_s1/73470875/ccs,1,62,2,12,304,CAA_interrupted,60
H3,m84137_260214_004236_s1/125703539/ccs,1,62,2,12,304,CAA_interrupted,60
H3,m84137_260214_004236_s1/110236700/ccs,1,62,2,12,304,CAA_interrupted,60
H3,m84137_260214_004236_s1/137169964/ccs,1,62,2,12,304,CAA_interrupted,60
H3,m84137_260214_004236_s1/144643218/ccs,1,62,2,12,304,CAA_interrupted,60
H3,m84137_260214_004236_s1/174789944/ccs,1,62,2,12,304,CAA_interrupted,60
H3,m84137_260214_004236_s1/178523241/ccs,1,62,2,12,304,CAA_interrupted,60
H3,m84137_260214_004236_s1/220859829/ccs,1,62,2,12,304,CAA_interrupted,60
H3,m84137_260214_004236_s1/206114347/ccs,1,62,2,12,304,CAA_interrupted,60
H3,m84137_260214_004236_s1/253891911/ccs,1,62,2,12,304,CAA_interrupted,60
H3,m84137_260214_004236_s1/215487321/ccs,1,62,2,12,304,CAA_interrupted,60
H3,m84137_260214_004236_s1/210763869/ccs,1,62,2,12,304,CAA_interrupted,60
H3,m84137_260214_004236_s1/246418003/ccs,1,62,2,12,304,CAA_interrupted,60
H3,m84137_260214_004236_s1/152768599/ccs,1,62,2,12,304,CAA_interrupted,60
H3,m84137_260214_004236_s1/47321151/ccs,1,62,2,12,304,CAA_interrupted,60
H3,m84137_260214_004236_s1/77533705/ccs,1,62,2,12,304,CAA_interrupted,60
H3,m84137_260214_004236_s1/265815010/ccs,1,63,2,11,304,CAA_interrupted,60
H3,m84137_260214_004236_s1/63444072/ccs,1,62,2,12,304,CAA_interrupted,60
H3,m84137_260214_004236_s1/25690722/ccs,1,62,2,12,304,CAA_interrupted,60
H3,m84137_260214_004236_s1/57082055/ccs,1,62,2,12,304,CAA_interrupted,60
H3,m84137_260214_004236_s1/44173289/ccs,1,62,2,12,304,CAA_interrupted,60
H3,m84137_260214_004236_s1/75432748/ccs,1,62,2,12,304,CAA_interrupted,60
H3,m84137_260214_004236_s1/197395930/ccs,1,62,2,12,304,CAA_interrupted,60
H3,m84137_260214_004236_s1/162928083/ccs,1,62,2,12,304,CAA_interrupted,60
H3,m84137_260214_004236_s1/23790099/ccs,1,62,2,12,304,CAA_interrupted,60
H3,m84137_260214_004236_s1/24053802/ccs,1,62,2,12,304,CAA_interrupted,60
H3,m84137_260214_004236_s1/50397737/ccs,1,61,2,13,304,CAA_interrupted,60
H3,m84137_260214_004236_s1/59769514/ccs,1,62,2,12,304,CAA_interrupted,60
H3,m84137_260214_004236_s1/44368322/ccs,1,62,2,12,304,CAA_interrupted,60
H3,m84137_260214_004236_s1/73662647/ccs,1,62,2,12,304,CAA_interrupted,60
H3,m84137_260214_004236_s1/83165595/ccs,1,62,2,12,304,CAA_interrupted,60
H3,m84137_260214_004236_s1/202115982/ccs,1,62,2,12,304,CAA_interrupted,60
H3,m84137_260214_004236_s1/12521611/ccs,1,61,2,12,304,CAA_interrupted,60
H3,m84137_260214_004236_s1/235280173/ccs,1,62,2,12,304,CAA_interrupted,60
H3,m84137_260214_004236_s1/151851683/ccs,1,62,2,12,304,CAA_interrupted,60
H3,m84137_260214_004236_s1/115150992/ccs,1,62,2,12,304,CAA_interrupted,60
H3,m84137_260214_004236_s1/166203175/ccs,1,62,2,12,304,CAA_interrupted,60
H3,m84137_260214_004236_s1/237572508/ccs,1,62,2,12,304,CAA_interrupted,60
H3,m84137_260214_004236_s1/237769504/ccs,1,62,2,12,304,CAA_interrupted,60
H3,m84137_260214_004236_s1/233116119/ccs,1,62,2,12,304,CAA_interrupted,60
H3,m84137_260214_004236_s1/234163790/ccs,1,62,2,12,304,CAA_interrupted,60
H3,m84137_260214_004236_s1/217519902/ccs,1,62,2,12,304,CAA_interrupted,60
H3,m84137_260214_004236_s1/159321981/ccs,1,62,2,12,304,CAA_interrupted,60
H3,m84137_260214_004236_s1/166924015/ccs,1,62,2,12,304,CAA_interrupted,60
H3,m84137_260214_004236_s1/148900728/ccs,1,62,2,12,304,CAA_interrupted,60
H3,m84137_260214_004236_s1/249038310/ccs,1,62,2,12,304,CAA_interrupted,60
H3,m84137_260214_004236_s1/253627492/ccs,1,62,2,12,304,CAA_interrupted,60
H3,m84137_260214_004236_s1/224002635/ccs,1,62,2,12,304,CAA_interrupted,60
H3,m84137_260214_004236_s1/246879617/ccs,1,62,2,12,304,CAA_interrupted,60
H3,m84137_260214_004236_s1/14615532/ccs,1,62,2,12,304,CAA_interrupted,60
H3,m84137_260214_004236_s1/68616481/ccs,1,62,2,12,304,CAA_interrupted,60
H3,m84137_260214_004236_s1/97651186/ccs,1,62,2,12,304,CAA_interrupted,60
H3,m84137_260214_004236_s1/190449792/ccs,1,62,2,12,304,CAA_interrupted,60
H3,m84137_260214_004236_s1/207095814/ccs,1,62,2,12,304,CAA_interrupted,60
H3,m84137_260214_004236_s1/237964250/ccs,1,62,2,12,304,CAA_interrupted,60
H3,m84137_260214_004236_s1/105647659/ccs,1,62,2,12,304,CAA_interrupted,60
H3,m84137_260214_004236_s1/225121335/ccs,1,62,2,12,304,CAA_interrupted,60
H3,m84137_260214_004236_s1/266145484/ccs,1,62,2,12,304,CAA_interrupted,60
H3,m84137_260214_004236_s1/22940192/ccs,1,62,2,12,304,CAA_interrupted,60
H3,m84137_260214_004236_s1/26871481/ccs,1,62,2,12,304,CAA_interrupted,60
H3,m84137_260214_004236_s1/34997219/ccs,1,62,2,12,304,CAA_interrupted,60
H3,m84137_260214_004236_s1/33161889/ccs,1,62,2,12,304,CAA_interrupted,60
H3,m84137_260214_004236_s1/57805427/ccs,1,62,2,12,304,CAA_interrupted,60
H3,m84137_260214_004236_s1/85789095/ccs,1,62,2,12,304,CAA_interrupted,60
H3,m84137_260214_004236_s1/109054587/ccs,1,62,2,12,304,CAA_interrupted,60
H3,m84137_260214_004236_s1/110364148/ccs,1,62,2,12,304,CAA_interrupted,60
H3,m84137_260214_004236_s1/158598698/ccs,1,62,2,12,304,CAA_interrupted,60
H3,m84137_260214_004236_s1/154600198/ccs,1,62,2,12,304,CAA_interrupted,60
H3,m84137_260214_004236_s1/190186193/ccs,1,62,2,12,304,CAA_interrupted,60
H3,m84137_260214_004236_s1/150143533/ccs,1,62,2,12,304,CAA_interrupted,60
H3,m84137_260214_004236_s1/209519873/ccs,1,62,2,12,304,CAA_interrupted,60
H3,m84137_260214_004236_s1/227476204/ccs,1,62,2,12,304,CAA_interrupted,60
H3,m84137_260214_004236_s1/243532218/ccs,1,62,2,12,304,CAA_interrupted,60
H3,m84137_260214_004236_s1/5640660/ccs,1,62,2,12,304,CAA_interrupted,60
H3,m84137_260214_004236_s1/20255036/ccs,1,62,2,12,304,CAA_interrupted,60
H3,m84137_260214_004236_s1/250282078/ccs,1,62,2,12,304,CAA_interrupted,60
H3,m84137_260214_004236_s1/21958407/ccs,1,62,2,12,304,CAA_interrupted,60
H3,m84137_260214_004236_s1/11078980/ccs,1,62,2,12,304,CAA_interrupted,60
H3,m84137_260214_004236_s1/55448456/ccs,1,62,2,12,304,CAA_interrupted,60
H3,m84137_260214_004236_s1/90180677/ccs,1,62,2,12,304,CAA_interrupted,60
H3,m84137_260214_004236_s1/78777898/ccs,1,62,2,12,304,CAA_interrupted,60
H3,m84137_260214_004236_s1/121639165/ccs,1,62,2,12,304,CAA_interrupted,60
H3,m84137_260214_004236_s1/159057336/ccs,1,60,2,13,304,CAA_interrupted,60
H3,m84137_260214_004236_s1/136319382/ccs,1,62,2,12,305,CAA_interrupted,60
H3,m84137_260214_004236_s1/65601626/ccs,1,62,2,12,305,CAA_interrupted,60
H3,m84137_260214_004236_s1/106890583/ccs,1,63,2,10,305,CAA_interrupted,60
H3,m84137_260214_004236_s1/94177653/ccs,1,61,3,12,305,CAA_interrupted,60
H3,m84137_260214_004236_s1/220201284/ccs,1,62,2,12,305,CAA_interrupted,60
H3,m84137_260214_004236_s1/72419124/ccs,1,62,2,12,305,CAA_interrupted,60
H3,m84137_260214_004236_s1/68751211/ccs,1,62,2,12,306,CAA_interrupted,60
H3,m84137_260214_004236_s1/218172527/ccs,1,62,2,12,306,CAA_interrupted,60
H3,m84137_260214_004236_s1/147195519/ccs,1,63,2,12,307,CAA_interrupted,60
H3,m84137_260214_004236_s1/217189933/ccs,1,64,2,11,307,CAA_interrupted,60
H3,m84137_260214_004236_s1/42468910/ccs,1,63,2,12,307,CAA_interrupted,60
H3,m84137_260214_004236_s1/258084312/ccs,1,63,2,12,307,CAA_interrupted,60
H3,m84137_260214_004236_s1/202704595/ccs,1,63,2,12,307,CAA_interrupted,60
H3,m84137_260214_004236_s1/229771790/ccs,1,63,2,12,307,CAA_interrupted,60
H3,m84137_260214_004236_s1/231211394/ccs,1,63,2,12,307,CAA_interrupted,60
H3,m84137_260214_004236_s1/216468442/ccs,1,63,2,12,307,CAA_interrupted,60
H3,m84137_260214_004236_s1/265226476/ccs,1,63,2,12,307,CAA_interrupted,60
H3,m84137_260214_004236_s1/18945360/ccs,1,63,2,12,307,CAA_interrupted,60
H3,m84137_260214_004236_s1/5640016/ccs,1,63,2,12,307,CAA_interrupted,60
H3,m84137_260214_004236_s1/8394369/ccs,1,63,2,12,307,CAA_interrupted,60
H3,m84137_260214_004236_s1/26415487/ccs,1,63,2,12,307,CAA_interrupted,60
H3,m84137_260214_004236_s1/27137011/ccs,1,63,2,12,307,CAA_interrupted,60
H3,m84137_260214_004236_s1/52761593/ccs,1,63,2,12,307,CAA_interrupted,60
H3,m84137_260214_004236_s1/38210713/ccs,1,63,2,12,307,CAA_interrupted,60
H3,m84137_260214_004236_s1/109974937/ccs,1,63,2,12,307,CAA_interrupted,60
H3,m84137_260214_004236_s1/134876971/ccs,1,63,2,12,307,CAA_interrupted,60
H3,m84137_260214_004236_s1/136908233/ccs,1,63,2,12,307,CAA_interrupted,60
H3,m84137_260214_004236_s1/173807386/ccs,1,63,2,12,307,CAA_interrupted,60
H3,m84137_260214_004236_s1/189862247/ccs,1,63,2,12,307,CAA_interrupted,60
H3,m84137_260214_004236_s1/172953526/ccs,1,63,2,12,307,CAA_interrupted,60
H3,m84137_260214_004236_s1/203361898/ccs,1,63,2,12,307,CAA_interrupted,60
H3,m84137_260214_004236_s1/201134123/ccs,1,63,2,12,307,CAA_interrupted,60
H3,m84137_260214_004236_s1/182521595/ccs,1,63,2,12,307,CAA_interrupted,60
H3,m84137_260214_004236_s1/254021213/ccs,1,63,2,12,307,CAA_interrupted,60
H3,m84137_260214_004236_s1/262017007/ccs,1,63,2,12,307,CAA_interrupted,60
H3,m84137_260214_004236_s1/264965451/ccs,1,63,2,12,307,CAA_interrupted,60
H3,m84137_260214_004236_s1/111477960/ccs,1,63,2,12,307,CAA_interrupted,60
H3,m84137_260214_004236_s1/133169740/ccs,1,63,2,12,307,CAA_interrupted,60
H3,m84137_260214_004236_s1/233114266/ccs,1,63,2,12,307,CAA_interrupted,60
H3,m84137_260214_004236_s1/252841093/ccs,1,63,2,12,307,CAA_interrupted,60
H3,m84137_260214_004236_s1/136251559/ccs,1,63,2,12,307,CAA_interrupted,60
H3,m84137_260214_004236_s1/180683035/ccs,1,63,2,12,307,CAA_interrupted,60
H3,m84137_260214_004236_s1/116130984/ccs,1,63,2,12,307,CAA_interrupted,60
H3,m84137_260214_004236_s1/212469820/ccs,1,63,2,12,307,CAA_interrupted,60
H3,m84137_260214_004236_s1/266012388/ccs,1,63,2,12,307,CAA_interrupted,60
H3,m84137_260214_004236_s1/51187189/ccs,1,63,2,12,307,CAA_interrupted,60
H3,m84137_260214_004236_s1/69799830/ccs,1,63,2,12,307,CAA_interrupted,60
H3,m84137_260214_004236_s1/61150492/ccs,1,63,2,12,307,CAA_interrupted,60
H3,m84137_260214_004236_s1/11207414/ccs,1,63,2,12,307,CAA_interrupted,60
H3,m84137_260214_004236_s1/12255356/ccs,1,63,2,12,307,CAA_interrupted,60
H3,m84137_260214_004236_s1/29492721/ccs,1,63,2,12,307,CAA_interrupted,60
H3,m84137_260214_004236_s1/21038837/ccs,1,63,2,12,307,CAA_interrupted,60
H3,m84137_260214_004236_s1/10946814/ccs,1,63,2,12,307,CAA_interrupted,60
H3,m84137_260214_004236_s1/15663643/ccs,1,63,2,12,307,CAA_interrupted,60
H3,m84137_260214_004236_s1/16580804/ccs,1,62,2,13,307,CAA_interrupted,60
H3,m84137_260214_004236_s1/57999647/ccs,1,63,2,12,307,CAA_interrupted,60
H3,m84137_260214_004236_s1/63112922/ccs,1,63,2,12,307,CAA_interrupted,60
H3,m84137_260214_004236_s1/84806407/ccs,1,63,2,12,307,CAA_interrupted,60
H3,m84137_260214_004236_s1/92800931/ccs,1,63,2,12,307,CAA_interrupted,60
H3,m84137_260214_004236_s1/101058713/ccs,1,63,2,12,307,CAA_interrupted,60
H3,m84137_260214_004236_s1/88801417/ccs,1,63,2,12,307,CAA_interrupted,60
H3,m84137_260214_004236_s1/117834430/ccs,1,63,2,12,307,CAA_interrupted,60
H3,m84137_260214_004236_s1/83297377/ccs,1,63,2,12,307,CAA_interrupted,60
H3,m84137_260214_004236_s1/107282631/ccs,1,63,2,12,307,CAA_interrupted,60
H3,m84137_260214_004236_s1/113771717/ccs,1,63,2,12,307,CAA_interrupted,60
H3,m84137_260214_004236_s1/132055458/ccs,1,63,2,12,307,CAA_interrupted,60
H3,m84137_260214_004236_s1/167773301/ccs,1,63,2,12,307,CAA_interrupted,60
H3,m84137_260214_004236_s1/165349883/ccs,1,63,2,12,307,CAA_interrupted,60
H3,m84137_260214_004236_s1/190121133/ccs,1,63,2,12,307,CAA_interrupted,60
H3,m84137_260214_004236_s1/169148804/ccs,1,63,2,12,307,CAA_interrupted,60
H3,m84137_260214_004236_s1/188744229/ccs,1,63,2,12,307,CAA_interrupted,60
H3,m84137_260214_004236_s1/18153680/ccs,1,63,2,12,307,CAA_interrupted,60
H3,m84137_260214_004236_s1/48891676/ccs,1,63,2,12,307,CAA_interrupted,60
H3,m84137_260214_004236_s1/98765689/ccs,1,63,2,12,307,CAA_interrupted,60
H3,m84137_260214_004236_s1/167576450/ccs,1,63,2,12,307,CAA_interrupted,60
H3,m84137_260214_004236_s1/208013983/ccs,1,63,2,12,307,CAA_interrupted,60
H3,m84137_260214_004236_s1/52826035/ccs,1,63,2,12,307,CAA_interrupted,60
H3,m84137_260214_004236_s1/156241188/ccs,1,63,2,12,307,CAA_interrupted,60
H3,m84137_260214_004236_s1/194581134/ccs,1,63,2,12,307,CAA_interrupted,60
H3,m84137_260214_004236_s1/266275999/ccs,1,63,2,12,307,CAA_interrupted,60
H3,m84137_260214_004236_s1/17369550/ccs,1,63,2,12,307,CAA_interrupted,60
H3,m84137_260214_004236_s1/36046756/ccs,1,63,2,12,307,CAA_interrupted,60
H3,m84137_260214_004236_s1/61407744/ccs,1,63,2,12,307,CAA_interrupted,60
H3,m84137_260214_004236_s1/76547133/ccs,1,63,2,12,307,CAA_interrupted,60
H3,m84137_260214_004236_s1/102501046/ccs,1,63,2,12,307,CAA_interrupted,60
H3,m84137_260214_004236_s1/105121051/ccs,1,63,2,12,307,CAA_interrupted,60
H3,m84137_260214_004236_s1/156633846/ccs,1,63,2,12,307,CAA_interrupted,60
H3,m84137_260214_004236_s1/117050119/ccs,1,63,2,12,307,CAA_interrupted,60
H3,m84137_260214_004236_s1/143526568/ccs,1,63,2,12,307,CAA_interrupted,60
H3,m84137_260214_004236_s1/192086737/ccs,1,63,2,12,307,CAA_interrupted,60
H3,m84137_260214_004236_s1/193463868/ccs,1,63,2,12,307,CAA_interrupted,60
H3,m84137_260214_004236_s1/197853414/ccs,1,63,2,12,307,CAA_interrupted,60
H3,m84137_260214_004236_s1/182845793/ccs,1,63,2,12,307,CAA_interrupted,60
H3,m84137_260214_004236_s1/226822933/ccs,1,63,2,13,307,CAA_interrupted,60
H3,m84137_260214_004236_s1/211289962/ccs,1,63,2,12,307,CAA_interrupted,60
H3,m84137_260214_004236_s1/257558759/ccs,1,63,2,12,307,CAA_interrupted,60
H3,m84137_260214_004236_s1/248054921/ccs,1,63,2,12,307,CAA_interrupted,60
H3,m84137_260214_004236_s1/9440969/ccs,1,61,2,13,307,CAA_interrupted,60
H3,m84137_260214_004236_s1/212080047/ccs,1,63,2,12,307,CAA_interrupted,60
H3,m84137_260214_004236_s1/248186735/ccs,1,63,2,12,307,CAA_interrupted,60
H3,m84137_260214_004236_s1/201720604/ccs,1,63,2,12,307,CAA_interrupted,60
H3,m84137_260214_004236_s1/92015823/ccs,1,63,2,12,307,CAA_interrupted,60
H3,m84137_260214_004236_s1/79564869/ccs,1,63,2,12,307,CAA_interrupted,60
H3,m84137_260214_004236_s1/127012267/ccs,1,63,2,12,307,CAA_interrupted,60
H3,m84137_260214_004236_s1/154538284/ccs,1,63,2,12,307,CAA_interrupted,60
H3,m84137_260214_004236_s1/160044701/ccs,1,63,2,12,307,CAA_interrupted,60
H3,m84137_260214_004236_s1/146280939/ccs,1,63,2,12,307,CAA_interrupted,60
H3,m84137_260214_004236_s1/177344114/ccs,1,63,2,12,307,CAA_interrupted,60
H3,m84137_260214_004236_s1/255792082/ccs,1,63,2,12,307,CAA_interrupted,60
H3,m84137_260214_004236_s1/259987287/ccs,1,63,2,12,307,CAA_interrupted,60
H3,m84137_260214_004236_s1/242946763/ccs,1,62,2,13,307,CAA_interrupted,60
H3,m84137_260214_004236_s1/30475403/ccs,1,63,2,12,307,CAA_interrupted,60
H3,m84137_260214_004236_s1/254546574/ccs,1,63,2,12,307,CAA_interrupted,60
H3,m84137_260214_004236_s1/114361671/ccs,1,63,2,12,307,CAA_interrupted,60
H3,m84137_260214_004236_s1/60428197/ccs,1,63,2,12,307,CAA_interrupted,60
H3,m84137_260214_004236_s1/234230203/ccs,1,62,3,12,308,CAA_interrupted,60
H3,m84137_260214_004236_s1/266145193/ccs,1,62,3,12,308,CAA_interrupted,60
H3,m84137_260214_004236_s1/103946042/ccs,1,63,2,12,308,CAA_interrupted,60
H3,m84137_260214_004236_s1/61079987/ccs,1,64,2,11,308,CAA_interrupted,60
H3,m84137_260214_004236_s1/239472432/ccs,1,64,2,11,308,CAA_interrupted,60
H3,m84137_260214_004236_s1/241566692/ccs,1,63,2,12,309,CAA_interrupted,60
H3,m84137_260214_004236_s1/126421802/ccs,1,61,4,12,309,CAA_interrupted,60
H3,m84137_260214_004236_s1/5244971/ccs,1,64,2,12,310,CAA_interrupted,60
H3,m84137_260214_004236_s1/217909657/ccs,1,64,2,12,310,CAA_interrupted,60
H3,m84137_260214_004236_s1/148112388/ccs,1,64,2,12,310,CAA_interrupted,60
H3,m84137_260214_004236_s1/262805243/ccs,1,62,3,12,310,CAA_interrupted,60
H3,m84137_260214_004236_s1/265356549/ccs,1,64,2,12,310,CAA_interrupted,60
H3,m84137_260214_004236_s1/27333164/ccs,1,64,2,12,310,CAA_interrupted,60
H3,m84137_260214_004236_s1/153161290/ccs,1,64,2,12,310,CAA_interrupted,60
H3,m84137_260214_004236_s1/191370619/ccs,1,64,2,12,310,CAA_interrupted,60
H3,m84137_260214_004236_s1/23003217/ccs,1,64,2,12,310,CAA_interrupted,60
H3,m84137_260214_004236_s1/56754633/ccs,1,64,2,12,310,CAA_interrupted,60
H3,m84137_260214_004236_s1/51119737/ccs,1,64,2,12,310,CAA_interrupted,60
H3,m84137_260214_004236_s1/35914803/ccs,1,64,2,12,310,CAA_interrupted,60
H3,m84137_260214_004236_s1/43516991/ccs,1,64,2,12,310,CAA_interrupted,60
H3,m84137_260214_004236_s1/93586587/ccs,1,64,2,12,310,CAA_interrupted,60
H3,m84137_260214_004236_s1/82708444/ccs,1,64,2,12,310,CAA_interrupted,60
H3,m84137_260214_004236_s1/136119960/ccs,1,64,2,12,310,CAA_interrupted,60
H3,m84137_260214_004236_s1/136841824/ccs,1,64,2,12,310,CAA_interrupted,60
H3,m84137_260214_004236_s1/141494721/ccs,1,63,2,13,310,CAA_interrupted,60
H3,m84137_260214_004236_s1/150339922/ccs,1,64,2,12,310,CAA_interrupted,60
H3,m84137_260214_004236_s1/179505506/ccs,1,64,2,12,310,CAA_interrupted,60
H3,m84137_260214_004236_s1/207291044/ccs,1,64,2,12,310,CAA_interrupted,60
H3,m84137_260214_004236_s1/221447583/ccs,1,64,2,12,310,CAA_interrupted,60
H3,m84137_260214_004236_s1/183961510/ccs,1,64,2,12,310,CAA_interrupted,60
H3,m84137_260214_004236_s1/226559511/ccs,1,64,2,12,310,CAA_interrupted,60
H3,m84137_260214_004236_s1/211879388/ccs,1,64,2,12,310,CAA_interrupted,60
H3,m84137_260214_004236_s1/244843036/ccs,1,64,2,12,310,CAA_interrupted,60
H3,m84137_260214_004236_s1/23203838/ccs,1,64,2,12,310,CAA_interrupted,60
H3,m84137_260214_004236_s1/11408841/ccs,1,64,2,12,310,CAA_interrupted,60
H3,m84137_260214_004236_s1/68162403/ccs,1,64,2,12,310,CAA_interrupted,60
H3,m84137_260214_004236_s1/191760254/ccs,1,64,2,12,310,CAA_interrupted,60
H3,m84137_260214_004236_s1/62263779/ccs,1,64,2,12,310,CAA_interrupted,60
H3,m84137_260214_004236_s1/245170319/ccs,1,63,2,12,310,CAA_interrupted,60
H3,m84137_260214_004236_s1/223545251/ccs,1,64,2,12,310,CAA_interrupted,60
H3,m84137_260214_004236_s1/224526641/ccs,1,64,2,12,310,CAA_interrupted,60
H3,m84137_260214_004236_s1/43715746/ccs,1,64,2,12,310,CAA_interrupted,60
H3,m84137_260214_004236_s1/127013402/ccs,1,64,2,12,310,CAA_interrupted,60
H3,m84137_260214_004236_s1/135597423/ccs,1,64,2,12,310,CAA_interrupted,60
H3,m84137_260214_004236_s1/187569014/ccs,1,64,2,12,310,CAA_interrupted,60
H3,m84137_260214_004236_s1/149164876/ccs,1,64,2,12,310,CAA_interrupted,60
H3,m84137_260214_004236_s1/220007594/ccs,1,64,2,12,310,CAA_interrupted,60
H3,m84137_260214_004236_s1/235017925/ccs,1,64,2,12,310,CAA_interrupted,60
H3,m84137_260214_004236_s1/213586409/ccs,1,64,2,12,310,CAA_interrupted,60
H3,m84137_260214_004236_s1/248778855/ccs,1,64,2,12,310,CAA_interrupted,60
H3,m84137_260214_004236_s1/34669779/ccs,1,64,2,12,310,CAA_interrupted,60
H3,m84137_260214_004236_s1/161810441/ccs,1,64,2,12,310,CAA_interrupted,60
H3,m84137_260214_004236_s1/18420049/ccs,1,64,2,12,310,CAA_interrupted,60
H3,m84137_260214_004236_s1/21039579/ccs,1,64,2,12,310,CAA_interrupted,60
H3,m84137_260214_004236_s1/23332266/ccs,1,64,2,12,310,CAA_interrupted,60
H3,m84137_260214_004236_s1/15532833/ccs,1,64,2,12,310,CAA_interrupted,60
H3,m84137_260214_004236_s1/126422099/ccs,1,64,2,12,310,CAA_interrupted,60
H3,m84137_260214_004236_s1/16714278/ccs,1,64,2,12,310,CAA_interrupted,60
H3,m84137_260214_004236_s1/18284717/ccs,1,64,2,12,310,CAA_interrupted,60
H3,m84137_260214_004236_s1/19401281/ccs,1,64,2,12,310,CAA_interrupted,60
H3,m84137_260214_004236_s1/27002620/ccs,1,64,2,12,310,CAA_interrupted,60
H3,m84137_260214_004236_s1/120653770/ccs,1,64,2,12,310,CAA_interrupted,60
H3,m84137_260214_004236_s1/131794520/ccs,1,64,2,12,310,CAA_interrupted,60
H3,m84137_260214_004236_s1/155059399/ccs,1,64,2,12,310,CAA_interrupted,60
H3,m84137_260214_004236_s1/143460761/ccs,1,64,2,12,310,CAA_interrupted,60
H3,m84137_260214_004236_s1/173867794/ccs,1,64,2,13,310,CAA_interrupted,60
H3,m84137_260214_004236_s1/191104917/ccs,1,64,2,12,310,CAA_interrupted,60
H3,m84137_260214_004236_s1/180815569/ccs,1,64,2,12,310,CAA_interrupted,60
H3,m84137_260214_004236_s1/234031421/ccs,1,64,2,12,310,CAA_interrupted,60
H3,m84137_260214_004236_s1/22156239/ccs,1,64,2,12,310,CAA_interrupted,60
H3,m84137_260214_004236_s1/32641855/ccs,1,64,2,12,310,CAA_interrupted,60
H3,m84137_260214_004236_s1/40572110/ccs,1,64,2,12,310,CAA_interrupted,60
H3,m84137_260214_004236_s1/68685388/ccs,1,64,2,12,310,CAA_interrupted,60
H3,m84137_260214_004236_s1/65080804/ccs,1,64,2,12,310,CAA_interrupted,60
H3,m84137_260214_004236_s1/96604004/ccs,1,64,2,12,310,CAA_interrupted,60
H3,m84137_260214_004236_s1/102108762/ccs,1,64,2,12,310,CAA_interrupted,60
H3,m84137_260214_004236_s1/108926550/ccs,1,64,2,12,310,CAA_interrupted,60
H3,m84137_260214_004236_s1/159651749/ccs,1,64,2,12,310,CAA_interrupted,60
H3,m84137_260214_004236_s1/55968683/ccs,1,64,2,12,310,CAA_interrupted,60
H3,m84137_260214_004236_s1/22480023/ccs,1,64,2,12,310,CAA_interrupted,60
H3,m84137_260214_004236_s1/117376175/ccs,1,64,2,12,310,CAA_interrupted,60
H3,m84137_260214_004236_s1/249105181/ccs,1,64,2,12,310,CAA_interrupted,60
H3,m84137_260214_004236_s1/11472381/ccs,1,64,2,12,310,CAA_interrupted,60
H3,m84137_260214_004236_s1/12522489/ccs,1,64,2,12,310,CAA_interrupted,60
H3,m84137_260214_004236_s1/134222316/ccs,1,64,2,12,310,CAA_interrupted,60
H3,m84137_260214_004236_s1/154998618/ccs,1,64,2,12,310,CAA_interrupted,60
H3,m84137_260214_004236_s1/44501009/ccs,1,64,2,12,310,CAA_interrupted,60
H3,m84137_260214_004236_s1/62591823/ccs,1,64,2,12,310,CAA_interrupted,60
H3,m84137_260214_004236_s1/14815624/ccs,1,64,2,12,310,CAA_interrupted,60
H3,m84137_260214_004236_s1/51249233/ccs,1,64,2,12,310,CAA_interrupted,60
H3,m84137_260214_004236_s1/14812041/ccs,1,63,3,12,311,CAA_interrupted,60
H3,m84137_260214_004236_s1/72878342/ccs,1,63,3,12,311,CAA_interrupted,60
H3,m84137_260214_004236_s1/38274281/ccs,1,64,2,12,311,CAA_interrupted,60
H3,m84137_260214_004236_s1/21433032/ccs,1,64,2,12,312,CAA_interrupted,60
H3,m84137_260214_004236_s1/251071208/ccs,1,63,2,13,312,CAA_interrupted,60
H3,m84137_260214_004236_s1/188025622/ccs,1,65,2,11,312,CAA_interrupted,60
H3,m84137_260214_004236_s1/224726416/ccs,1,64,2,12,312,CAA_interrupted,60
H3,m84137_260214_004236_s1/146148112/ccs,1,61,4,12,313,CAA_interrupted,60
H3,m84137_260214_004236_s1/23333273/ccs,1,65,2,12,313,CAA_interrupted,60
H3,m84137_260214_004236_s1/162662894/ccs,1,65,2,12,313,CAA_interrupted,60
H3,m84137_260214_004236_s1/143330363/ccs,1,65,2,12,313,CAA_interrupted,60
H3,m84137_260214_004236_s1/217058809/ccs,1,65,2,12,313,CAA_interrupted,60
H3,m84137_260214_004236_s1/19267672/ccs,1,65,2,12,313,CAA_interrupted,60
H3,m84137_260214_004236_s1/38082304/ccs,1,65,2,12,313,CAA_interrupted,60
H3,m84137_260214_004236_s1/26084431/ccs,1,65,2,12,313,CAA_interrupted,60
H3,m84137_260214_004236_s1/5310681/ccs,1,65,2,12,313,CAA_interrupted,60
H3,m84137_260214_004236_s1/36113131/ccs,1,65,2,12,313,CAA_interrupted,60
H3,m84137_260214_004236_s1/96733747/ccs,1,65,2,12,313,CAA_interrupted,60
H3,m84137_260214_004236_s1/135858962/ccs,1,65,2,12,313,CAA_interrupted,60
H3,m84137_260214_004236_s1/159449331/ccs,1,65,2,12,313,CAA_interrupted,60
H3,m84137_260214_004236_s1/144771502/ccs,1,65,2,12,313,CAA_interrupted,60
H3,m84137_260214_004236_s1/148964733/ccs,1,65,2,12,313,CAA_interrupted,60
H3,m84137_260214_004236_s1/193200245/ccs,1,65,2,12,313,CAA_interrupted,60
H3,m84137_260214_004236_s1/242876585/ccs,1,65,2,12,313,CAA_interrupted,60
H3,m84137_260214_004236_s1/75829409/ccs,1,65,2,12,313,CAA_interrupted,60
H3,m84137_260214_004236_s1/154998178/ccs,1,65,2,12,313,CAA_interrupted,60
H3,m84137_260214_004236_s1/216798585/ccs,1,65,2,12,313,CAA_interrupted,60
H3,m84137_260214_004236_s1/14484610/ccs,1,65,2,12,313,CAA_interrupted,60
H3,m84137_260214_004236_s1/63178883/ccs,1,65,2,12,313,CAA_interrupted,60
H3,m84137_260214_004236_s1/37098965/ccs,1,65,2,12,313,CAA_interrupted,60
H3,m84137_260214_004236_s1/180555793/ccs,1,65,2,12,313,CAA_interrupted,60
H3,m84137_260214_004236_s1/227673029/ccs,1,65,2,12,313,CAA_interrupted,60
H3,m84137_260214_004236_s1/8849429/ccs,1,65,2,12,313,CAA_interrupted,60
H3,m84137_260214_004236_s1/63635995/ccs,1,65,2,12,313,CAA_interrupted,60
H3,m84137_260214_004236_s1/165611382/ccs,1,65,2,12,313,CAA_interrupted,60
H3,m84137_260214_004236_s1/219222855/ccs,1,65,2,12,313,CAA_interrupted,60
H3,m84137_260214_004236_s1/265622255/ccs,1,65,2,12,313,CAA_interrupted,60
H3,m84137_260214_004236_s1/61473830/ccs,1,65,2,12,313,CAA_interrupted,60
H3,m84137_260214_004236_s1/84675419/ccs,1,65,2,12,313,CAA_interrupted,60
H3,m84137_260214_004236_s1/119931687/ccs,1,65,2,12,313,CAA_interrupted,60
H3,m84137_260214_004236_s1/162663312/ccs,1,65,2,12,313,CAA_interrupted,60
H3,m84137_260214_004236_s1/163774657/ccs,1,65,2,12,313,CAA_interrupted,60
H3,m84137_260214_004236_s1/147325189/ccs,1,65,2,12,313,CAA_interrupted,60
H3,m84137_260214_004236_s1/182125434/ccs,1,65,2,12,313,CAA_interrupted,60
H3,m84137_260214_004236_s1/225576074/ccs,1,65,2,12,313,CAA_interrupted,60
H3,m84137_260214_004236_s1/229900829/ccs,1,65,2,12,313,CAA_interrupted,60
H3,m84137_260214_004236_s1/258408881/ccs,1,65,2,12,313,CAA_interrupted,60
H3,m84137_260214_004236_s1/262932357/ccs,1,65,2,12,313,CAA_interrupted,60
H3,m84137_260214_004236_s1/127538234/ccs,1,65,2,12,313,CAA_interrupted,60
H3,m84137_260214_004236_s1/186322344/ccs,1,65,2,12,313,CAA_interrupted,60
H3,m84137_260214_004236_s1/226104804/ccs,1,65,2,12,313,CAA_interrupted,60
H3,m84137_260214_004236_s1/246615175/ccs,1,65,2,12,313,CAA_interrupted,60
H3,m84137_260214_004236_s1/17569222/ccs,1,65,2,12,313,CAA_interrupted,60
H3,m84137_260214_004236_s1/15142507/ccs,1,65,2,12,313,CAA_interrupted,60
H3,m84137_260214_004236_s1/98441074/ccs,1,65,2,12,313,CAA_interrupted,60
H3,m84137_260214_004236_s1/228395109/ccs,1,65,2,12,313,CAA_interrupted,60
H3,m84137_260214_004236_s1/216732432/ccs,1,64,2,13,313,CAA_interrupted,60
H3,m84137_260214_004236_s1/35525426/ccs,1,65,2,12,313,CAA_interrupted,60
H3,m84137_260214_004236_s1/94636808/ccs,1,65,2,12,314,CAA_interrupted,60
H3,m84137_260214_004236_s1/75435054/ccs,1,64,3,12,314,CAA_interrupted,60
H3,m84137_260214_004236_s1/199431951/ccs,1,66,2,12,316,CAA_interrupted,60
H3,m84137_260214_004236_s1/190910477/ccs,1,66,2,12,316,CAA_interrupted,60
H3,m84137_260214_004236_s1/222757056/ccs,1,66,2,12,316,CAA_interrupted,60
H3,m84137_260214_004236_s1/27198040/ccs,1,66,2,12,316,CAA_interrupted,60
H3,m84137_260214_004236_s1/56164717/ccs,1,66,2,12,316,CAA_interrupted,60
H3,m84137_260214_004236_s1/56033736/ccs,1,66,2,12,316,CAA_interrupted,60
H3,m84137_260214_004236_s1/77465094/ccs,1,66,2,12,316,CAA_interrupted,60
H3,m84137_260214_004236_s1/168363375/ccs,1,66,2,12,316,CAA_interrupted,60
H3,m84137_260214_004236_s1/216533655/ccs,1,66,2,12,316,CAA_interrupted,60
H3,m84137_260214_004236_s1/246416036/ccs,1,66,2,12,316,CAA_interrupted,60
H3,m84137_260214_004236_s1/4067169/ccs,1,66,2,12,316,CAA_interrupted,60
H3,m84137_260214_004236_s1/4853442/ccs,1,66,2,12,316,CAA_interrupted,60
H3,m84137_260214_004236_s1/35655286/ccs,1,66,2,12,316,CAA_interrupted,60
H3,m84137_260214_004236_s1/56234377/ccs,1,66,2,12,316,CAA_interrupted,60
H3,m84137_260214_004236_s1/198251173/ccs,1,66,2,12,316,CAA_interrupted,60
H3,m84137_260214_004236_s1/243340342/ccs,1,66,2,12,316,CAA_interrupted,60
H3,m84137_260214_004236_s1/231342264/ccs,1,66,2,12,316,CAA_interrupted,60
H3,m84137_260214_004236_s1/17371646/ccs,1,66,2,12,316,CAA_interrupted,60
H3,m84137_260214_004236_s1/40637391/ccs,1,66,2,12,316,CAA_interrupted,60
H3,m84137_260214_004236_s1/139464282/ccs,1,66,2,12,316,CAA_interrupted,60
H3,m84137_260214_004236_s1/149164497/ccs,1,66,2,12,316,CAA_interrupted,60
H3,m84137_260214_004236_s1/178458052/ccs,1,66,2,12,316,CAA_interrupted,60
H3,m84137_260214_004236_s1/208344686/ccs,1,66,2,12,316,CAA_interrupted,60
H3,m84137_260214_004236_s1/260445404/ccs,1,66,2,12,316,CAA_interrupted,60
H3,m84137_260214_004236_s1/249041579/ccs,1,66,2,12,316,CAA_interrupted,60
H3,m84137_260214_004236_s1/215942388/ccs,1,66,2,12,316,CAA_interrupted,60
H3,m84137_260214_004236_s1/7410649/ccs,1,66,2,12,316,CAA_interrupted,60
H3,m84137_260214_004236_s1/24446870/ccs,1,66,2,12,316,CAA_interrupted,60
H3,m84137_260214_004236_s1/205390081/ccs,1,66,2,12,316,CAA_interrupted,60
H3,m84137_260214_004236_s1/29166205/ccs,1,66,2,12,316,CAA_interrupted,60
H3,m84137_260214_004236_s1/25692468/ccs,1,66,2,12,316,CAA_interrupted,60
H3,m84137_260214_004236_s1/56033958/ccs,1,66,2,12,316,CAA_interrupted,60
H3,m84137_260214_004236_s1/151127178/ccs,1,66,2,12,316,CAA_interrupted,60
H3,m84137_260214_004236_s1/138216948/ccs,1,65,2,12,316,CAA_interrupted,60
H3,m84137_260214_004236_s1/219415971/ccs,1,66,2,12,316,CAA_interrupted,60
H3,m84137_260214_004236_s1/198968169/ccs,1,66,2,12,316,CAA_interrupted,60
H3,m84137_260214_004236_s1/78252938/ccs,1,65,3,12,317,CAA_interrupted,60
H3,m84137_260214_004236_s1/231016930/ccs,1,66,2,12,317,CAA_interrupted,60
H3,m84137_260214_004236_s1/57215776/ccs,1,66,2,12,318,CAA_interrupted,60
H3,m84137_260214_004236_s1/243532547/ccs,1,66,2,12,318,CAA_interrupted,60
H3,m84137_260214_004236_s1/102957688/ccs,1,67,2,12,319,CAA_interrupted,60
H3,m84137_260214_004236_s1/95491734/ccs,1,67,2,12,319,CAA_interrupted,60
H3,m84137_260214_004236_s1/27265232/ccs,1,67,2,12,319,CAA_interrupted,60
H3,m84137_260214_004236_s1/85789388/ccs,1,67,2,12,319,CAA_interrupted,60
H3,m84137_260214_004236_s1/116458633/ccs,1,67,2,12,319,CAA_interrupted,60
H3,m84137_260214_004236_s1/255396252/ccs,1,67,2,12,319,CAA_interrupted,60
H3,m84137_260214_004236_s1/4591426/ccs,1,67,2,12,319,CAA_interrupted,60
H3,m84137_260214_004236_s1/87626359/ccs,1,67,2,12,319,CAA_interrupted,60
H3,m84137_260214_004236_s1/7343619/ccs,1,67,2,12,319,CAA_interrupted,60
H3,m84137_260214_004236_s1/259329274/ccs,1,67,2,12,319,CAA_interrupted,60
H3,m84137_260214_004236_s1/121049240/ccs,1,67,2,12,319,CAA_interrupted,60
H3,m84137_260214_004236_s1/19204086/ccs,1,67,2,12,319,CAA_interrupted,60
H3,m84137_260214_004236_s1/15925676/ccs,1,67,2,12,319,CAA_interrupted,60
H3,m84137_260214_004236_s1/64226028/ccs,1,67,2,12,319,CAA_interrupted,60
H3,m84137_260214_004236_s1/75040885/ccs,1,67,2,12,319,CAA_interrupted,60
H3,m84137_260214_004236_s1/77267283/ccs,1,67,2,12,319,CAA_interrupted,60
H3,m84137_260214_004236_s1/140378669/ccs,1,67,2,12,319,CAA_interrupted,60
H3,m84137_260214_004236_s1/137691290/ccs,1,67,2,12,319,CAA_interrupted,60
H3,m84137_260214_004236_s1/26744344/ccs,1,67,2,12,319,CAA_interrupted,60
H3,m84137_260214_004236_s1/130814429/ccs,1,67,2,12,319,CAA_interrupted,60
H3,m84137_260214_004236_s1/220141349/ccs,1,67,2,12,319,CAA_interrupted,60
H3,m84137_260214_004236_s1/248711085/ccs,1,67,2,12,319,CAA_interrupted,60
H3,m84137_260214_004236_s1/231216011/ccs,1,67,2,12,319,CAA_interrupted,60
H3,m84137_260214_004236_s1/104858596/ccs,1,67,2,12,319,CAA_interrupted,60
H3,m84137_260214_004236_s1/241830857/ccs,1,67,2,12,319,CAA_interrupted,60
H3,m84137_260214_004236_s1/245238028/ccs,1,67,2,12,319,CAA_interrupted,60
H3,m84137_260214_004236_s1/31920446/ccs,1,68,2,12,322,CAA_interrupted,60
H3,m84137_260214_004236_s1/100734285/ccs,1,68,2,12,322,CAA_interrupted,60
H3,m84137_260214_004236_s1/74976021/ccs,1,68,2,12,322,CAA_interrupted,60
H3,m84137_260214_004236_s1/176357418/ccs,1,68,2,12,322,CAA_interrupted,60
H3,m84137_260214_004236_s1/19270902/ccs,1,68,2,12,322,CAA_interrupted,60
H3,m84137_260214_004236_s1/49549153/ccs,1,68,2,12,322,CAA_interrupted,60
H3,m84137_260214_004236_s1/184357911/ccs,1,68,2,12,322,CAA_interrupted,60
H3,m84137_260214_004236_s1/159320747/ccs,1,68,2,12,322,CAA_interrupted,60
H3,m84137_260214_004236_s1/196347666/ccs,1,68,2,12,322,CAA_interrupted,60
H3,m84137_260214_004236_s1/205261181/ccs,1,67,2,13,322,CAA_interrupted,60
H3,m84137_260214_004236_s1/162862705/ccs,1,68,2,12,322,CAA_interrupted,60
H3,m84137_260214_004236_s1/109052071/ccs,1,68,2,12,322,CAA_interrupted,60
H3,m84137_260214_004236_s1/254804342/ccs,1,68,2,12,324,CAA_interrupted,60
H3,m84137_260214_004236_s1/39327259/ccs,1,69,2,12,325,CAA_interrupted,60
H3,m84137_260214_004236_s1/50664076/ccs,1,69,2,12,325,CAA_interrupted,60
H3,m84137_260214_004236_s1/113444613/ccs,1,69,2,12,325,CAA_interrupted,60
H3,m84137_260214_004236_s1/163842574/ccs,1,69,2,12,325,CAA_interrupted,60
H3,m84137_260214_004236_s1/194055625/ccs,1,69,2,12,325,CAA_interrupted,60
H3,m84137_260214_004236_s1/182255827/ccs,1,69,2,12,325,CAA_interrupted,60
H3,m84137_260214_004236_s1/17895588/ccs,1,69,2,12,325,CAA_interrupted,60
H3,m84137_260214_004236_s1/244978811/ccs,1,69,2,12,325,CAA_interrupted,60
H3,m84137_260214_004236_s1/133894264/ccs,1,70,2,12,328,CAA_interrupted,60
H3,m84137_260214_004236_s1/187764094/ccs,1,70,2,12,328,CAA_interrupted,60
H3,m84137_260214_004236_s1/211157874/ccs,1,70,2,12,328,CAA_interrupted,60
H3,m84137_260214_004236_s1/17499563/ccs,1,70,2,12,328,CAA_interrupted,60
H3,m84137_260214_004236_s1/227935609/ccs,1,70,2,12,328,CAA_interrupted,60
H3,m84137_260214_004236_s1/206113943/ccs,1,70,2,12,328,CAA_interrupted,60
H3,m84137_260214_004236_s1/40307265/ccs,1,70,2,12,328,CAA_interrupted,60
H3,m84137_260214_004236_s1/62068222/ccs,1,70,2,12,328,CAA_interrupted,60
H3,m84137_260214_004236_s1/138283156/ccs,1,70,2,12,329,CAA_interrupted,60
H3,m84137_260214_004236_s1/208864850/ccs,1,71,2,12,331,CAA_interrupted,60
H3,m84137_260214_004236_s1/138875953/ccs,1,71,2,12,331,CAA_interrupted,60
H3,m84137_260214_004236_s1/247401642/ccs,1,71,2,12,331,CAA_interrupted,60
H3,m84137_260214_004236_s1/200867925/ccs,1,71,2,12,331,CAA_interrupted,60
H3,m84137_260214_004236_s1/192417475/ccs,1,71,2,12,331,CAA_interrupted,60
H3,m84137_260214_004236_s1/221055859/ccs,1,70,2,12,332,CAA_interrupted,60
H3,m84137_260214_004236_s1/140247326/ccs,1,72,2,12,334,CAA_interrupted,60
H3,m84137_260214_004236_s1/154796731/ccs,1,72,2,12,334,CAA_interrupted,60
H3,m84137_260214_004236_s1/139532194/ccs,1,71,3,12,335,CAA_interrupted,60
H3,m84137_260214_004236_s1/265947573/ccs,1,76,2,9,336,CAA_interrupted,60
H3,m84137_260214_004236_s1/188154622/ccs,1,73,2,12,337,CAA_interrupted,60
H3,m84137_260214_004236_s1/49615639/ccs,1,73,2,12,337,CAA_interrupted,60
H3,m84137_260214_004236_s1/162598205/ccs,1,73,2,12,337,CAA_interrupted,60
H3,m84137_260214_004236_s1/249631417/ccs,1,72,2,12,337,CAA_interrupted,60
H3,m84137_260214_004236_s1/85328247/ccs,1,72,3,12,338,CAA_interrupted,60
H3,m84137_260214_004236_s1/93717506/ccs,1,74,2,12,340,CAA_interrupted,60
H3,m84137_260214_004236_s1/181669799/ccs,1,74,2,12,340,CAA_interrupted,60
H3,m84137_260214_004236_s1/125176432/ccs,1,74,2,12,340,CAA_interrupted,60
H3,m84137_260214_004236_s1/239010234/ccs,1,74,2,12,340,CAA_interrupted,60
H3,m84137_260214_004236_s1/145690109/ccs,1,69,6,12,342,CAA_interrupted,60
H3,m84137_260214_004236_s1/241635108/ccs,1,75,2,12,343,CAA_interrupted,60
H3,m84137_260214_004236_s1/223872103/ccs,1,76,2,12,346,CAA_interrupted,60
H3,m84137_260214_004236_s1/172758307/ccs,1,77,2,12,349,CAA_interrupted,60
H3,m84137_260214_004236_s1/56493843/ccs,1,77,2,12,349,CAA_interrupted,60
H3,m84137_260214_004236_s1/237897542/ccs,1,77,2,12,349,CAA_interrupted,60
H3,m84137_260214_004236_s1/230427364/ccs,1,77,2,12,349,CAA_interrupted,60
H3,m84137_260214_004236_s1/72617644/ccs,1,77,2,12,350,CAA_interrupted,60
H3,m84137_260214_004236_s1/137299290/ccs,1,78,2,12,352,CAA_interrupted,60
H3,m84137_260214_004236_s1/183568928/ccs,1,78,2,12,354,CAA_interrupted,60
H3,m84137_260214_004236_s1/121507921/ccs,1,79,2,12,355,CAA_interrupted,60
H3,m84137_260214_004236_s1/79758998/ccs,1,81,1,12,358,CAA_interrupted,60
H3,m84137_260214_004236_s1/144246212/ccs,1,80,2,12,358,CAA_interrupted,60
H3,m84137_260214_004236_s1/2167627/ccs,1,80,2,12,358,CAA_interrupted,60
H3,m84137_260214_004236_s1/244844443/ccs,1,82,2,12,364,CAA_interrupted,60
H3,m84137_260214_004236_s1/21956594/ccs,1,83,2,12,367,CAA_interrupted,60
H3,m84137_260214_004236_s1/266143159/ccs,1,81,3,12,367,CAA_interrupted,60
H3,m84137_260214_004236_s1/93257919/ccs,1,84,2,12,370,CAA_interrupted,60
H3,m84137_260214_004236_s1/255263426/ccs,1,84,2,12,370,CAA_interrupted,60
H3,m84137_260214_004236_s1/78840334/ccs,1,85,2,12,373,CAA_interrupted,60
H3,m84137_260214_004236_s1/171381322/ccs,1,87,2,12,379,CAA_interrupted,60
H3,m84137_260214_004236_s1/42667354/ccs,1,86,4,12,384,CAA_interrupted,60
H3,m84137_260214_004236_s1/206048291/ccs,1,89,2,12,385,CAA_interrupted,60
H3,m84137_260214_004236_s1/166003128/ccs,1,90,1,12,385,CAA_interrupted,60
H3,m84137_260214_004236_s1/122423258/ccs,1,90,2,12,388,CAA_interrupted,60
H3,m84137_260214_004236_s1/125372765/ccs,1,91,2,12,391,CAA_interrupted,60
H3,m84137_260214_004236_s1/161153616/ccs,1,91,2,12,391,CAA_interrupted,60
H3,m84137_260214_004236_s1/171508622/ccs,1,93,2,12,398,CAA_interrupted,60
H3,m84137_260214_004236_s1/83891473/ccs,1,95,2,12,405,CAA_interrupted,60
H3,m84137_260214_004236_s1/235340827/ccs,1,98,2,12,413,CAA_interrupted,60
H3,m84137_260214_004236_s1/219351965/ccs,1,100,2,12,418,CAA_interrupted,60
H3,m84137_260214_004236_s1/38536812/ccs,1,115,2,12,463,CAA_interrupted,60
H3,m84137_260214_004236_s1/183178679/ccs,1,117,2,12,469,CAA_interrupted,60
H3,m84137_260214_004236_s1/81199936/ccs,1,119,2,12,475,CAA_interrupted,60
H3,m84137_260214_004236_s1/9962720/ccs,1,139,2,12,535,CAA_interrupted,60
H3,m84137_260214_004236_s1/17828471/ccs,1,232,2,13,818,CAA_interrupted,60
H3,m84137_260214_004236_s1/47579691/ccs,0,19,1,11,186,CAA_interrupted,60
H3,m84137_260214_004236_s1/247596557/ccs,1,53,5,12,303,CAA_interrupted,60
H3,m84137_260214_004236_s1/221054463/ccs,1,57,5,13,313,CAA_interrupted,60
H3,m84137_260214_004236_s1/227150282/ccs,1,60,4,16,326,CAA_interrupted,60
H3,m84137_260214_004236_s1/267649433/ccs,0,24,2,10,187,CAA_interrupted,60
H3,m84137_260214_004236_s1/105058616/ccs,0,20,3,12,188,CAA_interrupted,60
H3,m84137_260214_004236_s1/248254640/ccs,1,55,3,12,304,CAA_interrupted,60
H3,m84137_260214_004236_s1/2557275/ccs,0,21,2,11,186,CAA_interrupted,60
H3,m84137_260214_004236_s1/47321882/ccs,0,22,2,12,185,CAA_interrupted,60
H3,m84137_260214_004236_s1/148507406/ccs,0,23,2,12,187,CAA_interrupted,60
H3,m84137_260214_004236_s1/169018797/ccs,0,23,2,12,187,CAA_interrupted,60
H3,m84137_260214_004236_s1/52366985/ccs,0,23,2,12,187,CAA_interrupted,60
H3,m84137_260214_004236_s1/204212654/ccs,0,22,3,12,188,CAA_interrupted,60
H3,m84137_260214_004236_s1/197984359/ccs,0,23,2,12,188,CAA_interrupted,60
H3,m84137_260214_004236_s1/266474511/ccs,0,23,2,13,191,CAA_interrupted,60
H3,m84137_260214_004236_s1/133171230/ccs,1,58,2,12,293,CAA_interrupted,60
H3,m84137_260214_004236_s1/240718566/ccs,1,63,2,12,307,CAA_interrupted,60
H3,m84137_260214_004236_s1/239142069/ccs,1,63,2,12,307,CAA_interrupted,60
H3,m84137_260214_004236_s1/126161763/ccs,1,65,2,12,314,CAA_interrupted,60
H3,m84137_260214_004236_s1/108793603/ccs,1,85,2,12,373,CAA_interrupted,60
H3,m84137_260214_004236_s1/140314226/ccs,0,20,3,12,188,CAA_interrupted,60
H3,m84137_260214_004236_s1/228327559/ccs,0,20,3,11,189,CAA_interrupted,60
H3,m84137_260214_004236_s1/237900931/ccs,1,66,2,7,332,CAA_interrupted,60
H3,m84137_260214_004236_s1/120390364/ccs,0,24,2,11,187,CAA_interrupted,60
H3,m84137_260214_004236_s1/17173394/ccs,0,23,2,12,187,CAA_interrupted,60
H3,m84137_260214_004236_s1/262669043/ccs,0,23,2,12,187,CAA_interrupted,60
H3,m84137_260214_004236_s1/238817818/ccs,0,23,2,12,187,CAA_interrupted,60
H3,m84137_260214_004236_s1/188157851/ccs,0,23,2,13,190,CAA_interrupted,60
H3,m84137_260214_004236_s1/83366220/ccs,1,55,3,13,295,CAA_interrupted,60
H3,m84137_260214_004236_s1/175377855/ccs,1,60,2,12,298,CAA_interrupted,60
H3,m84137_260214_004236_s1/179308480/ccs,1,61,2,12,301,CAA_interrupted,60
H3,m84137_260214_004236_s1/106236253/ccs,1,59,3,12,307,CAA_interrupted,60
H3,m84137_260214_004236_s1/131007270/ccs,1,62,4,12,313,CAA_interrupted,60
H3,m84137_260214_004236_s1/229511567/ccs,1,63,4,12,315,CAA_interrupted,60
H3,m84137_260214_004236_s1/37164372/ccs,1,59,8,13,352,CAA_interrupted,60
H3,m84137_260214_004236_s1/240780529/ccs,0,21,2,11,184,CAA_interrupted,60
H3,m84137_260214_004236_s1/187568543/ccs,0,21,2,12,186,CAA_interrupted,60
H3,m84137_260214_004236_s1/39063316/ccs,1,54,1,13,303,CAA_interrupted,60
H3,m84137_260214_004236_s1/197526954/ccs,1,54,4,12,313,CAA_interrupted,60
H3,m84137_260214_004236_s1/103941966/ccs,0,20,2,15,186,CAA_interrupted,60
H3,m84137_260214_004236_s1/236191908/ccs,1,52,10,12,310,CAA_interrupted,60
H3,m84137_260214_004236_s1/256775240/ccs,1,64,2,12,321,CAA_interrupted,60
H3,m84137_260214_004236_s1/94897451/ccs,1,47,6,16,308,CAA_interrupted,60
H3,m84137_260214_004236_s1/112987334/ccs,0,20,5,13,193,CAA_interrupted,60
H3,m84137_260214_004236_s1/120458125/ccs,0,20,2,13,186,CAA_interrupted,60
H3,m84137_260214_004236_s1/185272993/ccs,1,59,2,12,311,CAA_interrupted,60
H3,m84137_260214_004236_s1/198509662/ccs,1,66,3,9,329,CAA_interrupted,60
H3,m84137_260214_004236_s1/61871305/ccs,1,63,4,12,318,CAA_interrupted,60
H3,m84137_260214_004236_s1/202310876/ccs,1,51,5,13,302,CAA_interrupted,60
H3,m84137_260214_004236_s1/59966251/ccs,1,56,2,13,310,CAA_interrupted,60
H3,m84137_260214_004236_s1/212338731/ccs,0,21,2,12,184,CAA_interrupted,60
H3,m84137_260214_004236_s1/81137636/ccs,1,60,4,12,307,CAA_interrupted,60
H3,m84137_260214_004236_s1/156833228/ccs,1,83,3,12,384,CAA_interrupted,60
H3,m84137_260214_004236_s1/171114763/ccs,0,21,2,14,188,CAA_interrupted,60
H3,m84137_260214_004236_s1/233048092/ccs,0,19,2,12,187,CAA_interrupted,60
